Facility_Id,Sector
1000001,Power Plants
1000002,Minerals
1000003,Minerals
1000004,Minerals
1000005,Minerals
1000006,Minerals
1000007,Minerals
1000010,Waste
1000011,Petroleum and Natural Gas Systems
1000015,Other
1000016,Other
1000017,Chemicals
1000019,Minerals
1000020,Minerals
1000021,Minerals
1000022,Chemicals
1000023,Minerals
1000024,Minerals
1000025,Petroleum Product Suppliers
1000025,Refineries
1000026,Minerals
1000027,Other
1000028,Minerals
1000029,Metals
1000030,Metals
1000031,Waste
1000032,Other
1000033,Power Plants
1000034,Other
1000035,Other
1000035,Suppliers of CO2
1000036,Other
1000037,Other
1000037,Waste
1000038,Other
1000038,Waste
1000039,Import and Export of Equipment Containing Fluorinated GHGs
1000039,Other
1000040,Other
1000041,Pulp and Paper
1000042,Chemicals
1000043,Chemicals
1000044,Chemicals
1000045,Other
1000045,Waste
1000046,Waste
1000047,Waste
1000048,Other
1000049,Power Plants
1000050,Power Plants
1000051,Power Plants
1000052,Power Plants
1000053,Power Plants
1000054,Petroleum and Natural Gas Systems
1000056,Minerals
1000057,Power Plants
1000058,Power Plants
1000059,Power Plants
1000060,Power Plants
1000061,Power Plants
1000062,Minerals
1000063,Other
1000064,Petroleum and Natural Gas Systems
1000065,Power Plants
1000066,Other
1000067,Power Plants
1000068,Power Plants
1000069,Power Plants
1000070,Power Plants
1000071,Power Plants
1000072,Other
1000074,Power Plants
1000075,Power Plants
1000076,Power Plants
1000077,Metals
1000078,Power Plants
1000079,Other
1000080,Power Plants
1000081,Power Plants
1000082,Power Plants
1000084,Power Plants
1000084,Waste
1000085,Power Plants
1000086,Chemicals
1000087,Power Plants
1000088,Power Plants
1000089,Chemicals
1000090,Waste
1000091,Petroleum and Natural Gas Systems
1000092,Power Plants
1000093,Other
1000093,Waste
1000095,Power Plants
1000096,Power Plants
1000097,Power Plants
1000098,Power Plants
1000099,Petroleum Product Suppliers
1000099,Refineries
1000100,Power Plants
1000101,Power Plants
1000102,Power Plants
1000103,Petroleum and Natural Gas Systems
1000104,Other
1000105,Minerals
1000106,Power Plants
1000107,Power Plants
1000108,Power Plants
1000109,Power Plants
1000110,Power Plants
1000111,Power Plants
1000112,Power Plants
1000113,Power Plants
1000114,Power Plants
1000115,Power Plants
1000116,Power Plants
1000117,Power Plants
1000118,Power Plants
1000119,Power Plants
1000120,Power Plants
1000121,Power Plants
1000122,Power Plants
1000123,Power Plants
1000124,Metals
1000125,Power Plants
1000127,Power Plants
1000128,Power Plants
1000129,Power Plants
1000130,Power Plants
1000131,Power Plants
1000132,Power Plants
1000133,Power Plants
1000134,Minerals
1000135,Power Plants
1000136,Power Plants
1000138,Power Plants
1000139,Petroleum and Natural Gas Systems
1000140,Petroleum and Natural Gas Systems
1000141,Power Plants
1000143,Other
1000144,Power Plants
1000145,Power Plants
1000146,Power Plants
1000147,Power Plants
1000148,Power Plants
1000149,Power Plants
1000150,Power Plants
1000151,Power Plants
1000152,Power Plants
1000153,Power Plants
1000155,Power Plants
1000156,Metals
1000156,Minerals
1000157,Power Plants
1000158,Chemicals
1000158,Suppliers of CO2
1000159,Metals
1000159,Waste
1000161,Power Plants
1000162,Power Plants
1000163,Power Plants
1000165,Other
1000166,Pulp and Paper
1000166,Waste
1000168,Power Plants
1000169,Power Plants
1000170,Power Plants
1000171,Power Plants
1000172,Power Plants
1000173,Power Plants
1000174,Power Plants
1000175,Power Plants
1000176,Waste
1000177,Metals
1000178,Petroleum and Natural Gas Systems
1000179,Petroleum and Natural Gas Systems
1000180,Petroleum and Natural Gas Systems
1000181,Power Plants
1000182,Power Plants
1000183,Pulp and Paper
1000184,Other
1000185,Power Plants
1000186,Chemicals
1000188,Power Plants
1000190,Power Plants
1000191,Waste
1000192,Power Plants
1000193,Petroleum and Natural Gas Systems
1000194,Petroleum and Natural Gas Systems
1000196,Pulp and Paper
1000197,Other
1000198,Minerals
1000199,Power Plants
1000200,Power Plants
1000201,Other
1000202,Petroleum and Natural Gas Systems
1000203,Power Plants
1000204,Petroleum and Natural Gas Systems
1000205,Petroleum and Natural Gas Systems
1000206,Petroleum and Natural Gas Systems
1000207,Power Plants
1000208,Power Plants
1000209,Power Plants
1000211,Power Plants
1000214,Metals
1000215,Waste
1000216,Waste
1000217,Waste
1000218,Waste
1000219,Power Plants
1000221,Power Plants
1000222,Power Plants
1000223,Power Plants
1000224,Power Plants
1000225,Power Plants
1000226,Power Plants
1000227,Power Plants
1000228,Pulp and Paper
1000228,Waste
1000229,Pulp and Paper
1000229,Waste
1000230,Pulp and Paper
1000230,Waste
1000231,Power Plants
1000232,Chemicals
1000232,Waste
1000233,Metals
1000234,Other
1000235,Metals
1000236,Power Plants
1000237,Power Plants
1000240,Pulp and Paper
1000240,Waste
1000241,Power Plants
1000242,Petroleum and Natural Gas Systems
1000243,Minerals
1000244,Power Plants
1000245,Petroleum and Natural Gas Systems
1000246,Power Plants
1000247,Minerals
1000248,Pulp and Paper
1000249,Power Plants
1000250,Power Plants
1000251,Power Plants
1000252,Power Plants
1000253,Power Plants
1000254,Chemicals
1000255,Power Plants
1000256,Pulp and Paper
1000256,Waste
1000257,Power Plants
1000258,Pulp and Paper
1000258,Waste
1000259,Power Plants
1000260,Metals
1000261,Other
1000262,Pulp and Paper
1000262,Waste
1000263,Power Plants
1000264,Power Plants
1000265,Power Plants
1000266,Power Plants
1000267,Power Plants
1000268,Power Plants
1000269,Power Plants
1000270,Power Plants
1000271,Power Plants
1000272,Chemicals
1000273,Pulp and Paper
1000273,Waste
1000274,Metals
1000275,Chemicals
1000276,Other
1000277,Power Plants
1000278,Power Plants
1000279,Power Plants
1000280,Power Plants
1000281,Power Plants
1000282,Power Plants
1000283,Power Plants
1000284,Power Plants
1000285,Power Plants
1000286,Other
1000287,Waste
1000288,Power Plants
1000289,Petroleum and Natural Gas Systems
1000290,Minerals
1000291,Waste
1000293,Waste
1000294,Power Plants
1000295,Power Plants
1000296,Other
1000297,Chemicals
1000298,Power Plants
1000300,Power Plants
1000301,Power Plants
1000302,Power Plants
1000303,Power Plants
1000304,Other
1000305,Pulp and Paper
1000305,Waste
1000306,Other
1000310,Power Plants
1000311,Pulp and Paper
1000311,Waste
1000312,Power Plants
1000314,Power Plants
1000315,Petroleum and Natural Gas Systems
1000316,Petroleum and Natural Gas Systems
1000317,Power Plants
1000318,Power Plants
1000319,Pulp and Paper
1000319,Waste
1000320,Power Plants
1000321,Power Plants
1000322,Power Plants
1000323,Power Plants
1000324,Pulp and Paper
1000325,Chemicals
1000325,Suppliers of CO2
1000328,Other
1000329,Minerals
1000330,Metals
1000331,Waste
1000333,Power Plants
1000334,Other
1000334,Waste
1000336,Chemicals
1000338,Other
1000339,Waste
1000340,Power Plants
1000341,Power Plants
1000342,Chemicals
1000343,Chemicals
1000343,Petroleum Product Suppliers
1000343,Refineries
1000344,Other
1000345,Pulp and Paper
1000345,Waste
1000346,Chemicals
1000347,Power Plants
1000348,Pulp and Paper
1000348,Waste
1000349,Waste
1000350,Petroleum and Natural Gas Systems
1000351,Minerals
1000352,Other
1000353,Pulp and Paper
1000353,Waste
1000354,Other
1000355,Petroleum and Natural Gas Systems
1000356,Chemicals
1000357,Other
1000357,Waste
1000360,Other
1000362,Waste
1000363,Other
1000364,Power Plants
1000365,Waste
1000366,Waste
1000367,Waste
1000368,Waste
1000369,Waste
1000370,Waste
1000371,Waste
1000372,Waste
1000373,Power Plants
1000374,Waste
1000375,Power Plants
1000376,Other
1000377,Waste
1000378,Other
1000379,Minerals
1000380,Other
1000382,Waste
1000383,Chemicals
1000386,Other
1000387,Petroleum and Natural Gas Systems
1000388,Petroleum and Natural Gas Systems
1000390,Petroleum and Natural Gas Systems
1000391,Waste
1000392,Other
1000394,Metals
1000395,Power Plants
1000396,Other
1000397,Waste
1000398,Power Plants
1000399,Metals
1000401,Other
1000401,Suppliers of CO2
1000401,Waste
1000402,Power Plants
1000403,Minerals
1000404,Power Plants
1000405,Other
1000407,Other
1000408,Other
1000409,Pulp and Paper
1000410,Power Plants
1000411,Petroleum Product Suppliers
1000411,Refineries
1000412,Power Plants
1000413,Other
1000413,Suppliers of CO2
1000413,Waste
1000414,Power Plants
1000415,Other
1000415,Suppliers of CO2
1000417,Power Plants
1000418,Metals
1000418,Waste
1000419,Power Plants
1000420,Power Plants
1000421,Power Plants
1000422,Power Plants
1000423,Power Plants
1000424,Power Plants
1000425,Waste
1000426,Pulp and Paper
1000426,Waste
1000427,Pulp and Paper
1000428,Pulp and Paper
1000429,Waste
1000431,Power Plants
1000432,Power Plants
1000433,Power Plants
1000434,Pulp and Paper
1000434,Waste
1000435,Petroleum and Natural Gas Systems
1000436,Power Plants
1000437,Power Plants
1000438,Power Plants
1000439,Petroleum and Natural Gas Systems
1000440,Other
1000441,Other
1000442,Other
1000442,Waste
1000444,Power Plants
1000445,Power Plants
1000446,Power Plants
1000447,Power Plants
1000448,Power Plants
1000449,Power Plants
1000450,Power Plants
1000451,Power Plants
1000452,Chemicals
1000453,Power Plants
1000454,Power Plants
1000455,Power Plants
1000456,Power Plants
1000457,Power Plants
1000458,Power Plants
1000459,Power Plants
1000460,Power Plants
1000461,Other
1000462,Power Plants
1000463,Power Plants
1000464,Power Plants
1000465,Power Plants
1000466,Other
1000467,Power Plants
1000468,Power Plants
1000469,Power Plants
1000470,Power Plants
1000471,Power Plants
1000472,Power Plants
1000473,Waste
1000475,Power Plants
1000477,Waste
1000478,Waste
1000480,Other
1000481,Power Plants
1000482,Power Plants
1000483,Power Plants
1000484,Power Plants
1000485,Power Plants
1000486,Power Plants
1000487,Power Plants
1000488,Power Plants
1000489,Power Plants
1000490,Power Plants
1000491,Power Plants
1000492,Power Plants
1000493,Power Plants
1000496,Power Plants
1000498,Power Plants
1000499,Power Plants
1000501,Power Plants
1000502,Power Plants
1000503,Power Plants
1000504,Power Plants
1000505,Power Plants
1000506,Other
1000506,Power Plants
1000507,Other
1000507,Power Plants
1000510,Power Plants
1000511,Power Plants
1000512,Power Plants
1000513,Power Plants
1000514,Power Plants
1000515,Power Plants
1000516,Power Plants
1000517,Power Plants
1000518,Power Plants
1000519,Power Plants
1000520,Power Plants
1000521,Power Plants
1000522,Waste
1000523,Pulp and Paper
1000528,Power Plants
1000529,Power Plants
1000530,Power Plants
1000531,Power Plants
1000532,Power Plants
1000533,Minerals
1000534,Power Plants
1000535,Power Plants
1000536,Waste
1000538,Power Plants
1000539,Power Plants
1000540,Power Plants
1000541,Power Plants
1000542,Power Plants
1000544,Power Plants
1000545,Power Plants
1000546,Power Plants
1000547,Power Plants
1000548,Power Plants
1000549,Power Plants
1000550,Power Plants
1000551,Power Plants
1000552,Power Plants
1000553,Metals
1000554,Waste
1000555,Power Plants
1000557,Other
1000558,Power Plants
1000559,Power Plants
1000560,Power Plants
1000561,Power Plants
1000562,Power Plants
1000563,Power Plants
1000564,Power Plants
1000565,Power Plants
1000566,Power Plants
1000567,Power Plants
1000570,Power Plants
1000572,Power Plants
1000573,Power Plants
1000574,Power Plants
1000576,Power Plants
1000577,Power Plants
1000578,Power Plants
1000579,Power Plants
1000580,Power Plants
1000581,Power Plants
1000582,Power Plants
1000583,Power Plants
1000584,Power Plants
1000585,Power Plants
1000586,Power Plants
1000588,Metals
1000589,Pulp and Paper
1000590,Pulp and Paper
1000590,Waste
1000591,Power Plants
1000592,Chemicals
1000593,Pulp and Paper
1000593,Waste
1000594,Power Plants
1000595,Power Plants
1000596,Power Plants
1000597,Power Plants
1000598,Power Plants
1000600,Petroleum and Natural Gas Systems
1000601,Metals
1000602,Pulp and Paper
1000603,Chemicals
1000604,Chemicals
1000605,Chemicals
1000606,Other
1000606,Waste
1000607,Other
1000608,Other
1000608,Waste
1000609,Other
1000610,Other
1000610,Waste
1000611,Other
1000613,Other
1000614,Other
1000614,Waste
1000615,Other
1000615,Waste
1000618,Chemicals
1000619,Chemicals
1000620,Chemicals
1000622,Minerals
1000623,Waste
1000624,Pulp and Paper
1000625,Chemicals
1000625,Industrial Gas Suppliers
1000627,Other
1000628,Chemicals
1000629,Chemicals
1000630,Chemicals
1000630,Suppliers of CO2
1000631,Chemicals
1000633,Minerals
1000634,Other
1000635,Metals
1000637,Other
1000638,Other
1000639,Other
1000640,Other
1000643,Power Plants
1000644,Power Plants
1000645,Power Plants
1000646,Power Plants
1000647,Power Plants
1000648,Power Plants
1000649,Power Plants
1000650,Power Plants
1000651,Power Plants
1000653,Power Plants
1000655,Power Plants
1000656,Other
1000657,Power Plants
1000658,Power Plants
1000659,Power Plants
1000661,Power Plants
1000663,Power Plants
1000665,Power Plants
1000666,Power Plants
1000667,Power Plants
1000668,Power Plants
1000669,Power Plants
1000670,Power Plants
1000672,Power Plants
1000673,Power Plants
1000674,Power Plants
1000676,Power Plants
1000677,Power Plants
1000678,Power Plants
1000679,Power Plants
1000680,Power Plants
1000681,Power Plants
1000682,Power Plants
1000683,Power Plants
1000684,Power Plants
1000685,Power Plants
1000686,Power Plants
1000687,Power Plants
1000688,Power Plants
1000689,Power Plants
1000690,Power Plants
1000691,Power Plants
1000693,Power Plants
1000694,Power Plants
1000695,Power Plants
1000696,Power Plants
1000697,Power Plants
1000698,Power Plants
1000699,Power Plants
1000700,Power Plants
1000701,Power Plants
1000702,Power Plants
1000703,Power Plants
1000704,Chemicals
1000705,Power Plants
1000706,Power Plants
1000707,Power Plants
1000708,Chemicals
1000709,Power Plants
1000711,Petroleum and Natural Gas Systems
1000712,Petroleum and Natural Gas Systems
1000713,Power Plants
1000714,Metals
1000715,Power Plants
1000716,Power Plants
1000717,Power Plants
1000718,Power Plants
1000720,Power Plants
1000722,Power Plants
1000725,Power Plants
1000726,Power Plants
1000727,Power Plants
1000729,Power Plants
1000730,Power Plants
1000732,Power Plants
1000733,Power Plants
1000734,Power Plants
1000735,Power Plants
1000737,Power Plants
1000738,Power Plants
1000739,Power Plants
1000740,Power Plants
1000741,Power Plants
1000742,Power Plants
1000743,Power Plants
1000744,Power Plants
1000745,Power Plants
1000746,Power Plants
1000747,Power Plants
1000748,Power Plants
1000750,Power Plants
1000751,Power Plants
1000752,Power Plants
1000753,Power Plants
1000754,Power Plants
1000755,Power Plants
1000756,Other
1000758,Power Plants
1000759,Power Plants
1000761,Power Plants
1000762,Power Plants
1000763,Power Plants
1000764,Power Plants
1000766,Power Plants
1000767,Power Plants
1000768,Power Plants
1000770,Power Plants
1000771,Power Plants
1000772,Power Plants
1000773,Power Plants
1000774,Power Plants
1000777,Power Plants
1000778,Power Plants
1000779,Power Plants
1000780,Power Plants
1000781,Power Plants
1000782,Power Plants
1000783,Waste
1000784,Power Plants
1000785,Power Plants
1000786,Power Plants
1000787,Power Plants
1000787,Waste
1000788,Power Plants
1000789,Minerals
1000790,Power Plants
1000791,Power Plants
1000792,Power Plants
1000793,Other
1000794,Power Plants
1000795,Power Plants
1000796,Power Plants
1000798,Power Plants
1000799,Power Plants
1000800,Power Plants
1000801,Power Plants
1000802,Metals
1000803,Natural Gas and Natural Gas Liquids Suppliers
1000803,Petroleum and Natural Gas Systems
1000805,Power Plants
1000806,Power Plants
1000807,Other
1000808,Power Plants
1000809,Power Plants
1000811,Power Plants
1000812,Power Plants
1000813,Power Plants
1000814,Power Plants
1000815,Power Plants
1000816,Power Plants
1000817,Power Plants
1000818,Power Plants
1000819,Power Plants
1000820,Power Plants
1000821,Power Plants
1000822,Power Plants
1000823,Power Plants
1000824,Power Plants
1000825,Power Plants
1000826,Power Plants
1000827,Power Plants
1000828,Power Plants
1000829,Power Plants
1000830,Power Plants
1000831,Power Plants
1000832,Power Plants
1000833,Power Plants
1000834,Power Plants
1000835,Power Plants
1000836,Power Plants
1000837,Power Plants
1000838,Power Plants
1000839,Power Plants
1000840,Power Plants
1000841,Power Plants
1000842,Other
1000843,Power Plants
1000844,Power Plants
1000845,Power Plants
1000846,Power Plants
1000848,Power Plants
1000849,Power Plants
1000850,Power Plants
1000852,Power Plants
1000853,Power Plants
1000855,Other
1000855,Waste
1000856,Power Plants
1000857,Other
1000857,Suppliers of CO2
1000859,Power Plants
1000860,Power Plants
1000861,Power Plants
1000862,Power Plants
1000863,Power Plants
1000864,Power Plants
1000865,Power Plants
1000866,Power Plants
1000867,Power Plants
1000868,Other
1000869,Pulp and Paper
1000870,Power Plants
1000872,Other
1000873,Power Plants
1000875,Power Plants
1000877,Power Plants
1000878,Other
1000879,Power Plants
1000880,Power Plants
1000881,Waste
1000883,Power Plants
1000884,Power Plants
1000886,Power Plants
1000890,Petroleum and Natural Gas Systems
1000891,Other
1000892,Power Plants
1000893,Power Plants
1000895,Metals
1000896,Power Plants
1000898,Power Plants
1000900,Power Plants
1000901,Power Plants
1000902,Power Plants
1000903,Other
1000904,Other
1000905,Power Plants
1000906,Power Plants
1000907,Other
1000908,Power Plants
1000909,Power Plants
1000910,Power Plants
1000911,Power Plants
1000912,Petroleum and Natural Gas Systems
1000912,Power Plants
1000913,Power Plants
1000914,Power Plants
1000916,Power Plants
1000917,Power Plants
1000918,Power Plants
1000919,Power Plants
1000922,Power Plants
1000924,Power Plants
1000926,Power Plants
1000928,Power Plants
1000929,Power Plants
1000932,Power Plants
1000934,Power Plants
1000935,Power Plants
1000936,Power Plants
1000937,Power Plants
1000938,Power Plants
1000939,Power Plants
1000941,Power Plants
1000942,Power Plants
1000947,Power Plants
1000948,Power Plants
1000952,Power Plants
1000953,Power Plants
1000954,Power Plants
1000955,Power Plants
1000956,Power Plants
1000959,Power Plants
1000960,Power Plants
1000961,Pulp and Paper
1000961,Waste
1000962,Power Plants
1000963,Power Plants
1000964,Power Plants
1000965,Power Plants
1000966,Power Plants
1000967,Power Plants
1000968,Power Plants
1000969,Power Plants
1000970,Power Plants
1000971,Power Plants
1000972,Power Plants
1000973,Power Plants
1000974,Power Plants
1000975,Power Plants
1000976,Power Plants
1000977,Power Plants
1000978,Power Plants
1000979,Power Plants
1000982,Power Plants
1000983,Power Plants
1000984,Power Plants
1000985,Power Plants
1000986,Power Plants
1000987,Power Plants
1000988,Power Plants
1000989,Power Plants
1000990,Power Plants
1000991,Power Plants
1000992,Power Plants
1000993,Power Plants
1000994,Power Plants
1000995,Power Plants
1000996,Power Plants
1000997,Power Plants
1000998,Power Plants
1000999,Power Plants
1001000,Power Plants
1001001,Power Plants
1001002,Power Plants
1001003,Power Plants
1001004,Power Plants
1001005,Power Plants
1001006,Power Plants
1001007,Power Plants
1001008,Power Plants
1001010,Power Plants
1001011,Power Plants
1001012,Power Plants
1001013,Power Plants
1001014,Power Plants
1001015,Power Plants
1001016,Power Plants
1001017,Power Plants
1001018,Power Plants
1001020,Power Plants
1001021,Power Plants
1001022,Power Plants
1001023,Power Plants
1001024,Power Plants
1001025,Power Plants
1001026,Power Plants
1001027,Power Plants
1001028,Power Plants
1001029,Power Plants
1001030,Power Plants
1001031,Power Plants
1001032,Other
1001032,Power Plants
1001033,Power Plants
1001034,Power Plants
1001035,Power Plants
1001036,Power Plants
1001037,Power Plants
1001038,Power Plants
1001039,Power Plants
1001040,Power Plants
1001041,Power Plants
1001042,Power Plants
1001043,Power Plants
1001044,Power Plants
1001045,Power Plants
1001046,Power Plants
1001047,Power Plants
1001048,Power Plants
1001049,Power Plants
1001050,Power Plants
1001051,Power Plants
1001052,Power Plants
1001053,Power Plants
1001054,Power Plants
1001055,Power Plants
1001056,Petroleum Product Suppliers
1001056,Refineries
1001057,Other
1001058,Power Plants
1001059,Power Plants
1001060,Power Plants
1001062,Power Plants
1001063,Power Plants
1001064,Power Plants
1001065,Power Plants
1001066,Power Plants
1001067,Petroleum and Natural Gas Systems
1001068,Chemicals
1001069,Pulp and Paper
1001070,Power Plants
1001071,Other
1001072,Chemicals
1001073,Other
1001074,Power Plants
1001076,Power Plants
1001078,Power Plants
1001079,Power Plants
1001080,Power Plants
1001082,Power Plants
1001083,Power Plants
1001085,Power Plants
1001086,Power Plants
1001087,Pulp and Paper
1001088,Petroleum and Natural Gas Systems
1001090,Other
1001091,Power Plants
1001092,Power Plants
1001093,Power Plants
1001097,Power Plants
1001098,Power Plants
1001100,Power Plants
1001101,Waste
1001102,Waste
1001103,Metals
1001104,Power Plants
1001105,Other
1001106,Power Plants
1001107,Power Plants
1001108,Power Plants
1001109,Power Plants
1001110,Power Plants
1001111,Power Plants
1001112,Power Plants
1001113,Power Plants
1001114,Power Plants
1001115,Power Plants
1001116,Power Plants
1001117,Power Plants
1001118,Power Plants
1001119,Power Plants
1001120,Power Plants
1001121,Other
1001122,Power Plants
1001123,Petroleum and Natural Gas Systems
1001124,Power Plants
1001125,Power Plants
1001126,Power Plants
1001127,Power Plants
1001129,Power Plants
1001130,Power Plants
1001132,Petroleum and Natural Gas Systems
1001133,Power Plants
1001134,Power Plants
1001135,Power Plants
1001136,Power Plants
1001137,Power Plants
1001140,Power Plants
1001141,Power Plants
1001142,Power Plants
1001143,Other
1001144,Power Plants
1001145,Power Plants
1001146,Power Plants
1001147,Power Plants
1001148,Power Plants
1001149,Power Plants
1001150,Power Plants
1001151,Power Plants
1001152,Power Plants
1001153,Power Plants
1001154,Chemicals
1001155,Chemicals
1001156,Power Plants
1001157,Injection of CO2
1001157,Other
1001157,Suppliers of CO2
1001158,Power Plants
1001159,Power Plants
1001160,Power Plants
1001161,Power Plants
1001162,Power Plants
1001163,Power Plants
1001164,Power Plants
1001165,Power Plants
1001166,Power Plants
1001167,Power Plants
1001168,Power Plants
1001169,Power Plants
1001170,Power Plants
1001171,Power Plants
1001172,Power Plants
1001174,Power Plants
1001175,Power Plants
1001176,Power Plants
1001177,Power Plants
1001178,Power Plants
1001179,Power Plants
1001180,Power Plants
1001181,Power Plants
1001182,Power Plants
1001183,Power Plants
1001184,Power Plants
1001186,Power Plants
1001187,Power Plants
1001188,Power Plants
1001189,Power Plants
1001190,Power Plants
1001191,Power Plants
1001192,Power Plants
1001193,Power Plants
1001194,Power Plants
1001195,Power Plants
1001196,Power Plants
1001197,Power Plants
1001198,Power Plants
1001199,Other
1001200,Other
1001201,Power Plants
1001202,Power Plants
1001203,Power Plants
1001204,Power Plants
1001205,Power Plants
1001206,Power Plants
1001207,Power Plants
1001208,Power Plants
1001209,Power Plants
1001210,Power Plants
1001211,Power Plants
1001212,Power Plants
1001214,Other
1001215,Other
1001216,Power Plants
1001217,Power Plants
1001218,Power Plants
1001219,Power Plants
1001220,Power Plants
1001222,Power Plants
1001223,Power Plants
1001223,Suppliers of CO2
1001224,Power Plants
1001225,Power Plants
1001226,Power Plants
1001227,Power Plants
1001228,Power Plants
1001229,Power Plants
1001230,Power Plants
1001231,Power Plants
1001232,Power Plants
1001233,Power Plants
1001234,Power Plants
1001235,Power Plants
1001236,Power Plants
1001237,Pulp and Paper
1001238,Power Plants
1001239,Power Plants
1001240,Power Plants
1001241,Power Plants
1001242,Power Plants
1001243,Power Plants
1001244,Pulp and Paper
1001244,Waste
1001245,Power Plants
1001246,Power Plants
1001247,Power Plants
1001248,Power Plants
1001249,Power Plants
1001250,Other
1001251,Petroleum and Natural Gas Systems
1001252,Power Plants
1001253,Power Plants
1001254,Power Plants
1001255,Power Plants
1001256,Power Plants
1001257,Power Plants
1001258,Power Plants
1001259,Power Plants
1001260,Power Plants
1001261,Petroleum Product Suppliers
1001261,Refineries
1001262,Chemicals
1001263,Power Plants
1001264,Power Plants
1001265,Power Plants
1001266,Power Plants
1001267,Other
1001268,Power Plants
1001269,Power Plants
1001270,Power Plants
1001271,Power Plants
1001272,Power Plants
1001273,Power Plants
1001274,Power Plants
1001275,Power Plants
1001276,Power Plants
1001277,Petroleum and Natural Gas Systems
1001278,Power Plants
1001279,Power Plants
1001280,Power Plants
1001281,Power Plants
1001282,Power Plants
1001283,Power Plants
1001285,Power Plants
1001286,Petroleum and Natural Gas Systems
1001287,Power Plants
1001288,Power Plants
1001289,Other
1001290,Other
1001291,Power Plants
1001292,Power Plants
1001293,Other
1001294,Power Plants
1001295,Power Plants
1001296,Power Plants
1001297,Waste
1001298,Power Plants
1001299,Power Plants
1001300,Power Plants
1001301,Power Plants
1001302,Power Plants
1001303,Power Plants
1001305,Power Plants
1001306,Power Plants
1001307,Power Plants
1001308,Power Plants
1001309,Power Plants
1001310,Power Plants
1001311,Power Plants
1001312,Power Plants
1001313,Power Plants
1001314,Power Plants
1001315,Power Plants
1001316,Power Plants
1001317,Power Plants
1001318,Power Plants
1001319,Power Plants
1001320,Power Plants
1001321,Other
1001322,Power Plants
1001324,Power Plants
1001325,Power Plants
1001326,Power Plants
1001327,Power Plants
1001328,Power Plants
1001329,Power Plants
1001330,Power Plants
1001331,Power Plants
1001332,Power Plants
1001333,Power Plants
1001334,Power Plants
1001335,Power Plants
1001336,Chemicals
1001337,Power Plants
1001338,Power Plants
1001339,Power Plants
1001340,Power Plants
1001341,Power Plants
1001342,Power Plants
1001343,Power Plants
1001344,Power Plants
1001345,Power Plants
1001346,Minerals
1001347,Power Plants
1001348,Metals
1001350,Power Plants
1001351,Power Plants
1001352,Power Plants
1001353,Power Plants
1001354,Power Plants
1001355,Petroleum and Natural Gas Systems
1001356,Power Plants
1001357,Power Plants
1001358,Power Plants
1001359,Power Plants
1001360,Power Plants
1001361,Power Plants
1001362,Power Plants
1001363,Power Plants
1001364,Power Plants
1001365,Power Plants
1001366,Power Plants
1001367,Power Plants
1001368,Power Plants
1001369,Power Plants
1001370,Power Plants
1001371,Power Plants
1001372,Power Plants
1001373,Power Plants
1001374,Power Plants
1001375,Power Plants
1001376,Power Plants
1001377,Power Plants
1001378,Power Plants
1001379,Power Plants
1001380,Power Plants
1001381,Power Plants
1001382,Power Plants
1001383,Power Plants
1001384,Power Plants
1001386,Petroleum and Natural Gas Systems
1001388,Petroleum and Natural Gas Systems
1001389,Petroleum and Natural Gas Systems
1001390,Petroleum and Natural Gas Systems
1001391,Petroleum and Natural Gas Systems
1001392,Power Plants
1001393,Power Plants
1001394,Power Plants
1001396,Power Plants
1001397,Power Plants
1001398,Petroleum and Natural Gas Systems
1001399,Power Plants
1001400,Power Plants
1001401,Power Plants
1001402,Petroleum and Natural Gas Systems
1001403,Power Plants
1001404,Power Plants
1001405,Power Plants
1001406,Power Plants
1001407,Power Plants
1001408,Power Plants
1001409,Power Plants
1001410,Power Plants
1001411,Power Plants
1001412,Power Plants
1001413,Power Plants
1001414,Power Plants
1001415,Power Plants
1001416,Power Plants
1001417,Power Plants
1001418,Power Plants
1001419,Power Plants
1001420,Power Plants
1001421,Power Plants
1001422,Power Plants
1001423,Power Plants
1001424,Power Plants
1001425,Power Plants
1001426,Power Plants
1001427,Power Plants
1001428,Power Plants
1001429,Power Plants
1001430,Power Plants
1001431,Power Plants
1001432,Power Plants
1001433,Power Plants
1001434,Power Plants
1001435,Power Plants
1001436,Power Plants
1001437,Power Plants
1001438,Power Plants
1001439,Power Plants
1001440,Power Plants
1001441,Power Plants
1001444,Power Plants
1001445,Power Plants
1001446,Power Plants
1001447,Power Plants
1001448,Power Plants
1001449,Power Plants
1001450,Power Plants
1001451,Power Plants
1001453,Power Plants
1001454,Power Plants
1001455,Power Plants
1001456,Power Plants
1001457,Power Plants
1001458,Power Plants
1001459,Power Plants
1001460,Power Plants
1001462,Power Plants
1001463,Power Plants
1001464,Power Plants
1001465,Power Plants
1001466,Power Plants
1001469,Power Plants
1001470,Power Plants
1001472,Power Plants
1001474,Power Plants
1001475,Power Plants
1001477,Power Plants
1001478,Power Plants
1001480,Power Plants
1001481,Power Plants
1001482,Power Plants
1001483,Power Plants
1001484,Power Plants
1001485,Power Plants
1001487,Power Plants
1001487,Waste
1001489,Power Plants
1001490,Power Plants
1001491,Power Plants
1001492,Power Plants
1001495,Power Plants
1001496,Power Plants
1001497,Power Plants
1001498,Power Plants
1001499,Power Plants
1001500,Power Plants
1001501,Power Plants
1001502,Power Plants
1001505,Power Plants
1001506,Power Plants
1001507,Power Plants
1001508,Power Plants
1001509,Power Plants
1001510,Power Plants
1001511,Power Plants
1001513,Power Plants
1001514,Power Plants
1001515,Power Plants
1001516,Power Plants
1001517,Power Plants
1001518,Power Plants
1001519,Power Plants
1001520,Power Plants
1001521,Power Plants
1001522,Power Plants
1001523,Power Plants
1001524,Power Plants
1001525,Power Plants
1001526,Power Plants
1001527,Power Plants
1001528,Power Plants
1001529,Power Plants
1001530,Power Plants
1001531,Power Plants
1001532,Power Plants
1001533,Power Plants
1001534,Power Plants
1001535,Power Plants
1001536,Power Plants
1001537,Power Plants
1001539,Power Plants
1001540,Power Plants
1001541,Power Plants
1001542,Power Plants
1001543,Power Plants
1001544,Power Plants
1001545,Power Plants
1001546,Power Plants
1001548,Power Plants
1001549,Power Plants
1001550,Power Plants
1001551,Power Plants
1001552,Power Plants
1001553,Power Plants
1001555,Power Plants
1001556,Power Plants
1001557,Power Plants
1001558,Petroleum and Natural Gas Systems
1001559,Petroleum and Natural Gas Systems
1001560,Petroleum and Natural Gas Systems
1001561,Waste
1001562,Other
1001563,Metals
1001564,Other
1001564,Power Plants
1001567,Power Plants
1001568,Waste
1001569,Petroleum and Natural Gas Systems
1001570,Power Plants
1001571,Power Plants
1001572,Power Plants
1001573,Power Plants
1001574,Power Plants
1001575,Power Plants
1001576,Petroleum and Natural Gas Systems
1001577,Petroleum and Natural Gas Systems
1001578,Petroleum and Natural Gas Systems
1001579,Power Plants
1001580,Power Plants
1001581,Waste
1001582,Petroleum and Natural Gas Systems
1001583,Petroleum and Natural Gas Systems
1001584,Power Plants
1001585,Power Plants
1001586,Power Plants
1001587,Power Plants
1001588,Metals
1001589,Petroleum and Natural Gas Systems
1001590,Petroleum and Natural Gas Systems
1001595,Waste
1001597,Power Plants
1001598,Power Plants
1001599,Power Plants
1001600,Power Plants
1001601,Power Plants
1001602,Power Plants
1001603,Power Plants
1001604,Power Plants
1001605,Power Plants
1001606,Power Plants
1001608,Power Plants
1001609,Power Plants
1001610,Power Plants
1001612,Power Plants
1001613,Power Plants
1001614,Waste
1001615,Power Plants
1001616,Power Plants
1001617,Power Plants
1001618,Metals
1001619,Metals
1001620,Metals
1001621,Metals
1001622,Other
1001623,Other
1001624,Chemicals
1001625,Power Plants
1001626,Petroleum and Natural Gas Systems
1001627,Waste
1001628,Petroleum and Natural Gas Systems
1001629,Power Plants
1001630,Other
1001631,Chemicals
1001632,Chemicals
1001633,Waste
1001634,Other
1001635,Petroleum and Natural Gas Systems
1001636,Waste
1001637,Waste
1001638,Petroleum and Natural Gas Systems
1001639,Waste
1001640,Petroleum and Natural Gas Systems
1001641,Petroleum and Natural Gas Systems
1001642,Waste
1001643,Waste
1001644,Other
1001645,Petroleum and Natural Gas Systems
1001646,Waste
1001649,Petroleum and Natural Gas Systems
1001650,Petroleum and Natural Gas Systems
1001651,Petroleum and Natural Gas Systems
1001652,Petroleum and Natural Gas Systems
1001653,Petroleum and Natural Gas Systems
1001654,Petroleum and Natural Gas Systems
1001655,Petroleum and Natural Gas Systems
1001656,Petroleum and Natural Gas Systems
1001657,Petroleum and Natural Gas Systems
1001658,Petroleum and Natural Gas Systems
1001659,Petroleum and Natural Gas Systems
1001660,Petroleum and Natural Gas Systems
1001661,Petroleum and Natural Gas Systems
1001662,Metals
1001662,Waste
1001663,Other
1001664,Metals
1001664,Waste
1001665,Metals
1001665,Waste
1001666,Chemicals
1001667,Other
1001668,Waste
1001669,Metals
1001670,Petroleum and Natural Gas Systems
1001671,Pulp and Paper
1001671,Waste
1001672,Other
1001673,Metals
1001674,Power Plants
1001675,Other
1001676,Petroleum and Natural Gas Systems
1001677,Other
1001677,Waste
1001678,Other
1001678,Suppliers of CO2
1001680,Other
1001680,Waste
1001681,Other
1001682,Other
1001683,Other
1001684,Other
1001685,Other
1001686,Other
1001687,Other
1001688,Petroleum and Natural Gas Systems
1001689,Minerals
1001691,Power Plants
1001696,Power Plants
1001697,Pulp and Paper
1001698,Power Plants
1001699,Metals
1001700,Power Plants
1001701,Minerals
1001703,Other
1001703,Waste
1001704,Chemicals
1001705,Chemicals
1001706,Chemicals
1001707,Chemicals
1001708,Chemicals
1001709,Power Plants
1001710,Other
1001711,Chemicals
1001712,Other
1001713,Chemicals
1001714,Other
1001715,Chemicals
1001716,Petroleum and Natural Gas Systems
1001717,Other
1001718,Minerals
1001719,Petroleum and Natural Gas Systems
1001720,Other
1001721,Metals
1001721,Waste
1001722,Other
1001723,Other
1001724,Other
1001726,Other
1001727,Petroleum and Natural Gas Systems
1001728,Petroleum and Natural Gas Systems
1001729,Petroleum and Natural Gas Systems
1001731,Petroleum and Natural Gas Systems
1001732,Other
1001733,Pulp and Paper
1001733,Waste
1001735,Other
1001736,Other
1001737,Petroleum and Natural Gas Systems
1001738,Petroleum and Natural Gas Systems
1001739,Minerals
1001740,Chemicals
1001741,Chemicals
1001742,Petroleum and Natural Gas Systems
1001746,Petroleum and Natural Gas Systems
1001747,Petroleum and Natural Gas Systems
1001748,Other
1001750,Petroleum and Natural Gas Systems
1001751,Other
1001755,Metals
1001756,Petroleum and Natural Gas Systems
1001757,Other
1001759,Petroleum and Natural Gas Systems
1001760,Petroleum and Natural Gas Systems
1001761,Petroleum and Natural Gas Systems
1001762,Power Plants
1001762,Waste
1001763,Petroleum and Natural Gas Systems
1001765,Power Plants
1001766,Waste
1001767,Petroleum and Natural Gas Systems
1001768,Power Plants
1001769,Petroleum and Natural Gas Systems
1001770,Waste
1001771,Chemicals
1001772,Other
1001775,Waste
1001776,Petroleum and Natural Gas Systems
1001777,Petroleum and Natural Gas Systems
1001778,Petroleum and Natural Gas Systems
1001779,Petroleum and Natural Gas Systems
1001780,Other
1001781,Chemicals
1001783,Minerals
1001786,Petroleum and Natural Gas Systems
1001787,Petroleum and Natural Gas Systems
1001788,Petroleum and Natural Gas Systems
1001790,Natural Gas and Natural Gas Liquids Suppliers
1001790,Petroleum and Natural Gas Systems
1001791,Petroleum and Natural Gas Systems
1001792,Petroleum and Natural Gas Systems
1001793,Petroleum and Natural Gas Systems
1001794,Petroleum and Natural Gas Systems
1001795,Petroleum and Natural Gas Systems
1001796,Petroleum and Natural Gas Systems
1001797,Petroleum and Natural Gas Systems
1001799,Petroleum and Natural Gas Systems
1001800,Petroleum and Natural Gas Systems
1001801,Petroleum and Natural Gas Systems
1001802,Power Plants
1001803,Other
1001804,Petroleum Product Suppliers
1001804,Refineries
1001805,Petroleum and Natural Gas Systems
1001806,Petroleum and Natural Gas Systems
1001807,Pulp and Paper
1001809,Other
1001810,Power Plants
1001811,Other
1001812,Injection of CO2
1001812,Petroleum and Natural Gas Systems
1001813,Waste
1001814,Petroleum and Natural Gas Systems
1001815,Petroleum and Natural Gas Systems
1001816,Other
1001817,Other
1001818,Other
1001819,Waste
1001821,Other
1001822,Minerals
1001822,Waste
1001823,Minerals
1001824,Petroleum Product Suppliers
1001824,Refineries
1001825,Pulp and Paper
1001826,Other
1001826,Waste
1001827,Other
1001828,Other
1001829,Petroleum and Natural Gas Systems
1001831,Other
1001832,Metals
1001833,Metals
1001834,Metals
1001835,Minerals
1001836,Other
1001837,Other
1001837,Waste
1001838,Other
1001838,Waste
1001839,Chemicals
1001840,Metals
1001841,Other
1001842,Other
1001843,Waste
1001844,Waste
1001845,Waste
1001846,Petroleum and Natural Gas Systems
1001847,Waste
1001848,Petroleum and Natural Gas Systems
1001849,Petroleum and Natural Gas Systems
1001850,Petroleum and Natural Gas Systems
1001851,Other
1001851,Waste
1001852,Petroleum and Natural Gas Systems
1001853,Petroleum and Natural Gas Systems
1001855,Petroleum and Natural Gas Systems
1001856,Petroleum and Natural Gas Systems
1001857,Petroleum and Natural Gas Systems
1001858,Waste
1001859,Other
1001860,Other
1001861,Other
1001862,Other
1001863,Metals
1001864,Chemicals
1001865,Other
1001866,Natural Gas and Natural Gas Liquids Suppliers
1001866,Petroleum and Natural Gas Systems
1001867,Other
1001868,Other
1001869,Waste
1001870,Chemicals
1001871,Natural Gas and Natural Gas Liquids Suppliers
1001871,Petroleum and Natural Gas Systems
1001872,Petroleum and Natural Gas Systems
1001873,Petroleum and Natural Gas Systems
1001874,Petroleum and Natural Gas Systems
1001875,Petroleum and Natural Gas Systems
1001876,Other
1001877,Metals
1001877,Power Plants
1001878,Metals
1001879,Metals
1001881,Metals
1001882,Other
1001883,Metals
1001883,Waste
1001884,Waste
1001885,Metals
1001886,Other
1001887,Other
1001887,Power Plants
1001888,Other
1001889,Pulp and Paper
1001889,Waste
1001890,Other
1001891,Metals
1001892,Pulp and Paper
1001892,Waste
1001893,Other
1001894,Natural Gas and Natural Gas Liquids Suppliers
1001894,Petroleum and Natural Gas Systems
1001896,Petroleum and Natural Gas Systems
1001897,Waste
1001899,Other
1001901,Minerals
1001902,Other
1001905,Chemicals
1001905,Petroleum Product Suppliers
1001906,Pulp and Paper
1001907,Power Plants
1001908,Chemicals
1001909,Waste
1001910,Pulp and Paper
1001911,Other
1001912,Other
1001913,Pulp and Paper
1001913,Waste
1001915,Waste
1001917,Petroleum and Natural Gas Systems
1001918,Chemicals
1001919,Other
1001920,Chemicals
1001920,Petroleum Product Suppliers
1001920,Refineries
1001921,Power Plants
1001922,Other
1001923,Other
1001923,Waste
1001924,Other
1001925,Waste
1001926,Petroleum and Natural Gas Systems
1001927,Petroleum and Natural Gas Systems
1001928,Petroleum and Natural Gas Systems
1001929,Other
1001932,Petroleum and Natural Gas Systems
1001934,Chemicals
1001935,Waste
1001936,Chemicals
1001938,Petroleum and Natural Gas Systems
1001940,Petroleum and Natural Gas Systems
1001941,Petroleum and Natural Gas Systems
1001942,Petroleum and Natural Gas Systems
1001943,Waste
1001944,Petroleum and Natural Gas Systems
1001945,Other
1001945,Suppliers of CO2
1001945,Waste
1001946,Petroleum and Natural Gas Systems
1001947,Petroleum and Natural Gas Systems
1001948,Petroleum and Natural Gas Systems
1001949,Waste
1001951,Petroleum and Natural Gas Systems
1001952,Waste
1001953,Waste
1001954,Petroleum and Natural Gas Systems
1001957,Other
1001958,Metals
1001959,Other
1001960,Waste
1001961,Minerals
1001962,Chemicals
1001963,Other
1001964,Chemicals
1001964,Petroleum Product Suppliers
1001964,Refineries
1001964,Suppliers of CO2
1001965,Petroleum and Natural Gas Systems
1001966,Petroleum and Natural Gas Systems
1001967,Other
1001970,Other
1001971,Power Plants
1001972,Petroleum and Natural Gas Systems
1001973,Other
1001974,Minerals
1001975,Minerals
1001976,Petroleum and Natural Gas Systems
1001977,Natural Gas and Natural Gas Liquids Suppliers
1001977,Petroleum and Natural Gas Systems
1001978,Minerals
1001980,Minerals
1001981,Petroleum and Natural Gas Systems
1001982,Petroleum and Natural Gas Systems
1001983,Minerals
1001984,Other
1001985,Other
1001985,Waste
1001986,Petroleum and Natural Gas Systems
1001987,Minerals
1001988,Petroleum and Natural Gas Systems
1001989,Chemicals
1001990,Petroleum and Natural Gas Systems
1001991,Waste
1001992,Petroleum and Natural Gas Systems
1001993,Waste
1001994,Petroleum and Natural Gas Systems
1001995,Pulp and Paper
1001995,Waste
1001996,Petroleum and Natural Gas Systems
1001997,Petroleum and Natural Gas Systems
1001998,Minerals
1001999,Minerals
1002000,Minerals
1002002,Waste
1002003,Chemicals
1002003,Suppliers of CO2
1002004,Waste
1002006,Petroleum and Natural Gas Systems
1002007,Minerals
1002008,Waste
1002009,Minerals
1002010,Waste
1002011,Pulp and Paper
1002012,Minerals
1002013,Pulp and Paper
1002014,Other
1002015,Petroleum and Natural Gas Systems
1002016,Pulp and Paper
1002017,Other
1002018,Petroleum and Natural Gas Systems
1002019,Minerals
1002020,Chemicals
1002021,Chemicals
1002023,Chemicals
1002024,Pulp and Paper
1002025,Petroleum and Natural Gas Systems
1002026,Petroleum Product Suppliers
1002026,Refineries
1002027,Chemicals
1002027,Petroleum Product Suppliers
1002027,Refineries
1002028,Petroleum Product Suppliers
1002028,Refineries
1002029,Natural Gas and Natural Gas Liquids Suppliers
1002029,Petroleum and Natural Gas Systems
1002030,Petroleum and Natural Gas Systems
1002031,Petroleum and Natural Gas Systems
1002032,Other
1002032,Suppliers of CO2
1002032,Waste
1002033,Other
1002034,Metals
1002035,Waste
1002036,Pulp and Paper
1002037,Other
1002037,Suppliers of CO2
1002038,Waste
1002039,Petroleum and Natural Gas Systems
1002040,Chemicals
1002040,Other
1002040,Petroleum and Natural Gas Systems
1002040,Waste
1002041,Chemicals
1002042,Chemicals
1002043,Chemicals
1002044,Chemicals
1002045,Other
1002046,Chemicals
1002047,Other
1002049,Minerals
1002050,Petroleum and Natural Gas Systems
1002052,Minerals
1002053,Petroleum and Natural Gas Systems
1002054,Other
1002054,Waste
1002055,Minerals
1002056,Metals
1002057,Other
1002058,Petroleum and Natural Gas Systems
1002059,Waste
1002060,Petroleum and Natural Gas Systems
1002061,Petroleum and Natural Gas Systems
1002062,Petroleum and Natural Gas Systems
1002064,Petroleum and Natural Gas Systems
1002065,Waste
1002066,Petroleum and Natural Gas Systems
1002067,Other
1002068,Natural Gas and Natural Gas Liquids Suppliers
1002068,Petroleum and Natural Gas Systems
1002069,Other
1002070,Other
1002072,Chemicals
1002073,Other
1002074,Other
1002075,Petroleum and Natural Gas Systems
1002076,Chemicals
1002076,Waste
1002077,Petroleum and Natural Gas Systems
1002078,Natural Gas and Natural Gas Liquids Suppliers
1002078,Petroleum and Natural Gas Systems
1002079,Petroleum and Natural Gas Systems
1002080,Petroleum and Natural Gas Systems
1002081,Waste
1002082,Other
1002082,Suppliers of CO2
1002082,Waste
1002083,Other
1002085,Waste
1002086,Waste
1002087,Petroleum and Natural Gas Systems
1002088,Waste
1002089,Petroleum and Natural Gas Systems
1002090,Waste
1002091,Waste
1002092,Petroleum and Natural Gas Systems
1002093,Petroleum and Natural Gas Systems
1002094,Waste
1002095,Petroleum and Natural Gas Systems
1002096,Waste
1002097,Petroleum and Natural Gas Systems
1002098,Pulp and Paper
1002098,Waste
1002099,Other
1002100,Waste
1002101,Power Plants
1002102,Minerals
1002103,Petroleum Product Suppliers
1002103,Refineries
1002104,Waste
1002105,Other
1002106,Waste
1002107,Waste
1002108,Other
1002109,Other
1002110,Waste
1002111,Pulp and Paper
1002112,Metals
1002113,Pulp and Paper
1002113,Waste
1002114,Other
1002115,Minerals
1002116,Petroleum and Natural Gas Systems
1002117,Petroleum and Natural Gas Systems
1002118,Petroleum and Natural Gas Systems
1002119,Chemicals
1002119,Suppliers of CO2
1002120,Chemicals
1002121,Chemicals
1002122,Chemicals
1002123,Chemicals
1002124,Other
1002125,Waste
1002126,Power Plants
1002127,Petroleum and Natural Gas Systems
1002128,Petroleum and Natural Gas Systems
1002129,Minerals
1002130,Other
1002131,Petroleum and Natural Gas Systems
1002132,Waste
1002133,Petroleum and Natural Gas Systems
1002134,Waste
1002138,Other
1002139,Petroleum and Natural Gas Systems
1002140,Waste
1002141,Waste
1002142,Other
1002143,Minerals
1002144,Other
1002145,Minerals
1002146,Chemicals
1002147,Metals
1002148,Other
1002149,Pulp and Paper
1002150,Injection of CO2
1002150,Petroleum and Natural Gas Systems
1002150,Suppliers of CO2
1002151,Petroleum and Natural Gas Systems
1002152,Pulp and Paper
1002153,Minerals
1002154,Other
1002155,Petroleum and Natural Gas Systems
1002156,Petroleum and Natural Gas Systems
1002157,Petroleum and Natural Gas Systems
1002158,Waste
1002159,Waste
1002160,Minerals
1002161,Natural Gas and Natural Gas Liquids Suppliers
1002161,Petroleum and Natural Gas Systems
1002163,Other
1002165,Other
1002166,Chemicals
1002167,Waste
1002168,Waste
1002169,Petroleum and Natural Gas Systems
1002170,Chemicals
1002170,Suppliers of CO2
1002172,Petroleum and Natural Gas Systems
1002173,Other
1002174,Petroleum and Natural Gas Systems
1002175,Petroleum and Natural Gas Systems
1002176,Chemicals
1002176,Industrial Gas Suppliers
1002177,Other
1002177,Waste
1002178,Minerals
1002179,Pulp and Paper
1002180,Minerals
1002181,Minerals
1002182,Waste
1002183,Waste
1002184,Other
1002185,Pulp and Paper
1002186,Minerals
1002187,Pulp and Paper
1002188,Chemicals
1002189,Minerals
1002190,Chemicals
1002191,Petroleum and Natural Gas Systems
1002192,Petroleum and Natural Gas Systems
1002193,Petroleum and Natural Gas Systems
1002194,Other
1002195,Petroleum and Natural Gas Systems
1002196,Petroleum and Natural Gas Systems
1002197,Metals
1002199,Petroleum and Natural Gas Systems
1002200,Metals
1002201,Petroleum and Natural Gas Systems
1002202,Power Plants
1002203,Chemicals
1002204,Minerals
1002205,Other
1002206,Petroleum and Natural Gas Systems
1002208,Waste
1002209,Minerals
1002210,Power Plants
1002211,Other
1002212,Chemicals
1002213,Other
1002214,Petroleum and Natural Gas Systems
1002215,Other
1002216,Metals
1002217,Minerals
1002218,Petroleum and Natural Gas Systems
1002219,Petroleum and Natural Gas Systems
1002220,Petroleum and Natural Gas Systems
1002221,Minerals
1002222,Waste
1002223,Waste
1002224,Waste
1002226,Minerals
1002227,Other
1002228,Other
1002229,Chemicals
1002229,Suppliers of CO2
1002230,Other
1002231,Metals
1002232,Waste
1002233,Petroleum and Natural Gas Systems
1002234,Waste
1002235,Natural Gas and Natural Gas Liquids Suppliers
1002235,Petroleum and Natural Gas Systems
1002236,Waste
1002237,Other
1002238,Petroleum and Natural Gas Systems
1002239,Petroleum and Natural Gas Systems
1002240,Petroleum and Natural Gas Systems
1002241,Other
1002242,Waste
1002243,Other
1002244,Waste
1002245,Minerals
1002246,Chemicals
1002247,Other
1002248,Chemicals
1002249,Waste
1002250,Petroleum and Natural Gas Systems
1002251,Natural Gas and Natural Gas Liquids Suppliers
1002251,Petroleum and Natural Gas Systems
1002252,Petroleum and Natural Gas Systems
1002253,Pulp and Paper
1002255,Natural Gas and Natural Gas Liquids Suppliers
1002255,Petroleum and Natural Gas Systems
1002256,Petroleum and Natural Gas Systems
1002257,Chemicals
1002258,Other
1002259,Petroleum and Natural Gas Systems
1002260,Other
1002261,Refineries
1002262,Minerals
1002263,Chemicals
1002264,Petroleum and Natural Gas Systems
1002265,Petroleum and Natural Gas Systems
1002265,Suppliers of CO2
1002266,Metals
1002267,Petroleum and Natural Gas Systems
1002268,Waste
1002269,Waste
1002270,Other
1002271,Other
1002272,Pulp and Paper
1002273,Petroleum and Natural Gas Systems
1002274,Other
1002275,Chemicals
1002275,Suppliers of CO2
1002276,Waste
1002277,Waste
1002278,Petroleum and Natural Gas Systems
1002283,Other
1002283,Waste
1002284,Other
1002284,Waste
1002285,Other
1002285,Waste
1002286,Petroleum Product Suppliers
1002286,Refineries
1002287,Other
1002287,Waste
1002288,Metals
1002289,Petroleum and Natural Gas Systems
1002290,Natural Gas and Natural Gas Liquids Suppliers
1002290,Petroleum and Natural Gas Systems
1002291,Other
1002292,Waste
1002293,Petroleum and Natural Gas Systems
1002294,Petroleum and Natural Gas Systems
1002295,Petroleum and Natural Gas Systems
1002297,Petroleum and Natural Gas Systems
1002298,Petroleum and Natural Gas Systems
1002299,Other
1002300,Minerals
1002301,Chemicals
1002303,Minerals
1002304,Other
1002305,Pulp and Paper
1002305,Waste
1002306,Minerals
1002307,Waste
1002308,Minerals
1002309,Pulp and Paper
1002310,Chemicals
1002310,Petroleum Product Suppliers
1002310,Refineries
1002311,Other
1002312,Minerals
1002313,Minerals
1002314,Minerals
1002315,Petroleum and Natural Gas Systems
1002316,Petroleum and Natural Gas Systems
1002317,Other
1002318,Waste
1002319,Petroleum and Natural Gas Systems
1002320,Waste
1002321,Waste
1002322,Minerals
1002323,Waste
1002324,Metals
1002325,Petroleum and Natural Gas Systems
1002326,Petroleum and Natural Gas Systems
1002327,Other
1002328,Power Plants
1002330,Petroleum and Natural Gas Systems
1002333,Other
1002334,Natural Gas and Natural Gas Liquids Suppliers
1002334,Petroleum and Natural Gas Systems
1002338,Chemicals
1002338,Refineries
1002339,Pulp and Paper
1002339,Waste
1002340,Waste
1002341,Waste
1002342,Other
1002343,Petroleum and Natural Gas Systems
1002344,Petroleum and Natural Gas Systems
1002345,Petroleum and Natural Gas Systems
1002346,Other
1002346,Waste
1002347,Metals
1002347,Waste
1002348,Petroleum and Natural Gas Systems
1002349,Other
1002350,Chemicals
1002351,Waste
1002352,Chemicals
1002353,Petroleum and Natural Gas Systems
1002354,Petroleum and Natural Gas Systems
1002355,Petroleum and Natural Gas Systems
1002356,Other
1002357,Other
1002358,Metals
1002359,Waste
1002362,Petroleum and Natural Gas Systems
1002365,Other
1002368,Other
1002371,Power Plants
1002374,Power Plants
1002375,Petroleum and Natural Gas Systems
1002376,Petroleum and Natural Gas Systems
1002377,Natural Gas and Natural Gas Liquids Suppliers
1002377,Petroleum and Natural Gas Systems
1002378,Petroleum and Natural Gas Systems
1002379,Other
1002380,Chemicals
1002380,Suppliers of CO2
1002381,Petroleum and Natural Gas Systems
1002384,Natural Gas and Natural Gas Liquids Suppliers
1002384,Petroleum and Natural Gas Systems
1002385,Petroleum and Natural Gas Systems
1002386,Petroleum and Natural Gas Systems
1002387,Other
1002388,Petroleum and Natural Gas Systems
1002389,Petroleum Product Suppliers
1002389,Refineries
1002390,Minerals
1002391,Waste
1002392,Minerals
1002393,Metals
1002394,Other
1002395,Minerals
1002396,Petroleum and Natural Gas Systems
1002397,Minerals
1002398,Waste
1002399,Other
1002400,Waste
1002401,Waste
1002402,Petroleum and Natural Gas Systems
1002403,Minerals
1002404,Power Plants
1002405,Minerals
1002406,Petroleum and Natural Gas Systems
1002407,Chemicals
1002407,Suppliers of CO2
1002408,Other
1002409,Petroleum and Natural Gas Systems
1002412,Petroleum and Natural Gas Systems
1002413,Petroleum and Natural Gas Systems
1002414,Natural Gas and Natural Gas Liquids Suppliers
1002414,Petroleum and Natural Gas Systems
1002415,Natural Gas and Natural Gas Liquids Suppliers
1002415,Petroleum and Natural Gas Systems
1002416,Petroleum and Natural Gas Systems
1002419,Petroleum and Natural Gas Systems
1002420,Petroleum and Natural Gas Systems
1002421,Minerals
1002422,Natural Gas and Natural Gas Liquids Suppliers
1002422,Petroleum and Natural Gas Systems
1002424,Petroleum and Natural Gas Systems
1002425,Waste
1002426,Other
1002427,Petroleum and Natural Gas Systems
1002429,Petroleum and Natural Gas Systems
1002430,Chemicals
1002431,Minerals
1002432,Minerals
1002433,Other
1002434,Pulp and Paper
1002435,Chemicals
1002436,Waste
1002437,Other
1002438,Pulp and Paper
1002438,Waste
1002439,Minerals
1002440,Chemicals
1002440,Coal-based Liquid Fuel Supply
1002440,Suppliers of CO2
1002441,Waste
1002442,Other
1002443,Other
1002444,Petroleum and Natural Gas Systems
1002446,Waste
1002447,Petroleum and Natural Gas Systems
1002448,Minerals
1002450,Waste
1002451,Petroleum and Natural Gas Systems
1002452,Power Plants
1002453,Petroleum and Natural Gas Systems
1002454,Petroleum and Natural Gas Systems
1002455,Minerals
1002456,Petroleum and Natural Gas Systems
1002457,Waste
1002458,Other
1002459,Power Plants
1002460,Chemicals
1002461,Petroleum Product Suppliers
1002461,Refineries
1002462,Minerals
1002463,Minerals
1002464,Waste
1002465,Petroleum and Natural Gas Systems
1002466,Waste
1002467,Petroleum and Natural Gas Systems
1002468,Waste
1002469,Waste
1002470,Natural Gas and Natural Gas Liquids Suppliers
1002470,Petroleum and Natural Gas Systems
1002471,Waste
1002472,Natural Gas and Natural Gas Liquids Suppliers
1002472,Petroleum and Natural Gas Systems
1002473,Waste
1002474,Natural Gas and Natural Gas Liquids Suppliers
1002474,Petroleum and Natural Gas Systems
1002475,Waste
1002476,Waste
1002477,Waste
1002478,Waste
1002479,Petroleum and Natural Gas Systems
1002480,Waste
1002481,Petroleum and Natural Gas Systems
1002482,Petroleum and Natural Gas Systems
1002483,Metals
1002483,Waste
1002484,Natural Gas and Natural Gas Liquids Suppliers
1002484,Power Plants
1002485,Metals
1002485,Waste
1002486,Metals
1002487,Petroleum and Natural Gas Systems
1002488,Power Plants
1002489,Waste
1002490,Waste
1002491,Waste
1002492,Power Plants
1002493,Waste
1002494,Metals
1002495,Petroleum and Natural Gas Systems
1002497,Other
1002499,Minerals
1002500,Power Plants
1002501,Power Plants
1002502,Petroleum and Natural Gas Systems
1002504,Minerals
1002505,Other
1002506,Petroleum and Natural Gas Systems
1002507,Petroleum and Natural Gas Systems
1002508,Petroleum and Natural Gas Systems
1002509,Waste
1002510,Waste
1002511,Waste
1002512,Waste
1002513,Waste
1002514,Waste
1002515,Injection of CO2
1002515,Petroleum and Natural Gas Systems
1002515,Suppliers of CO2
1002516,Minerals
1002517,Minerals
1002519,Petroleum and Natural Gas Systems
1002521,Natural Gas and Natural Gas Liquids Suppliers
1002521,Petroleum and Natural Gas Systems
1002522,Petroleum and Natural Gas Systems
1002523,Power Plants
1002526,Other
1002527,Minerals
1002528,Petroleum and Natural Gas Systems
1002529,Chemicals
1002530,Minerals
1002531,Minerals
1002532,Natural Gas and Natural Gas Liquids Suppliers
1002532,Petroleum and Natural Gas Systems
1002533,Petroleum and Natural Gas Systems
1002534,Petroleum and Natural Gas Systems
1002535,Petroleum and Natural Gas Systems
1002537,Minerals
1002538,Waste
1002541,Power Plants
1002542,Chemicals
1002543,Power Plants
1002544,Petroleum and Natural Gas Systems
1002545,Power Plants
1002546,Waste
1002547,Waste
1002548,Chemicals
1002548,Waste
1002549,Minerals
1002550,Waste
1002551,Minerals
1002552,Waste
1002553,Minerals
1002554,Waste
1002555,Waste
1002556,Waste
1002557,Waste
1002558,Waste
1002559,Other
1002559,Waste
1002560,Other
1002560,Waste
1002561,Waste
1002563,Petroleum and Natural Gas Systems
1002564,Waste
1002565,Chemicals
1002565,Petroleum Product Suppliers
1002565,Refineries
1002566,Minerals
1002567,Waste
1002568,Petroleum and Natural Gas Systems
1002569,Petroleum and Natural Gas Systems
1002570,Other
1002571,Other
1002572,Other
1002575,Other
1002576,Other
1002576,Suppliers of CO2
1002577,Petroleum and Natural Gas Systems
1002579,Minerals
1002580,Petroleum and Natural Gas Systems
1002581,Waste
1002582,Petroleum and Natural Gas Systems
1002583,Metals
1002584,Other
1002585,Other
1002586,Petroleum and Natural Gas Systems
1002587,Waste
1002588,Waste
1002589,Chemicals
1002590,Petroleum and Natural Gas Systems
1002591,Power Plants
1002593,Waste
1002594,Other
1002596,Pulp and Paper
1002597,Other
1002598,Minerals
1002599,Waste
1002600,Other
1002601,Minerals
1002602,Petroleum and Natural Gas Systems
1002603,Petroleum and Natural Gas Systems
1002604,Petroleum and Natural Gas Systems
1002605,Petroleum and Natural Gas Systems
1002606,Chemicals
1002607,Other
1002608,Chemicals
1002609,Waste
1002610,Waste
1002611,Petroleum and Natural Gas Systems
1002612,Other
1002613,Chemicals
1002614,Other
1002615,Other
1002616,Chemicals
1002617,Petroleum and Natural Gas Systems
1002618,Chemicals
1002618,Industrial Gas Suppliers
1002618,Waste
1002620,Minerals
1002621,Metals
1002622,Minerals
1002623,Natural Gas and Natural Gas Liquids Suppliers
1002623,Petroleum and Natural Gas Systems
1002624,Petroleum and Natural Gas Systems
1002625,Natural Gas and Natural Gas Liquids Suppliers
1002625,Petroleum and Natural Gas Systems
1002626,Other
1002627,Other
1002628,Petroleum and Natural Gas Systems
1002629,Petroleum and Natural Gas Systems
1002630,Petroleum and Natural Gas Systems
1002631,Petroleum and Natural Gas Systems
1002632,Other
1002633,Other
1002634,Waste
1002635,Other
1002636,Minerals
1002637,Other
1002639,Waste
1002640,Minerals
1002641,Other
1002642,Petroleum and Natural Gas Systems
1002643,Waste
1002644,Waste
1002645,Waste
1002646,Waste
1002647,Waste
1002648,Waste
1002649,Waste
1002650,Waste
1002651,Petroleum and Natural Gas Systems
1002652,Other
1002654,Other
1002655,Waste
1002656,Waste
1002657,Petroleum Product Suppliers
1002657,Refineries
1002659,Power Plants
1002661,Petroleum and Natural Gas Systems
1002662,Other
1002663,Petroleum and Natural Gas Systems
1002664,Petroleum and Natural Gas Systems
1002665,Minerals
1002666,Petroleum and Natural Gas Systems
1002667,Waste
1002668,Petroleum and Natural Gas Systems
1002670,Petroleum and Natural Gas Systems
1002671,Petroleum and Natural Gas Systems
1002672,Petroleum and Natural Gas Systems
1002673,Petroleum and Natural Gas Systems
1002674,Pulp and Paper
1002675,Petroleum and Natural Gas Systems
1002676,Petroleum and Natural Gas Systems
1002677,Power Plants
1002678,Petroleum and Natural Gas Systems
1002679,Petroleum and Natural Gas Systems
1002680,Petroleum and Natural Gas Systems
1002681,Petroleum and Natural Gas Systems
1002682,Other
1002683,Waste
1002684,Waste
1002685,Petroleum and Natural Gas Systems
1002687,Petroleum and Natural Gas Systems
1002689,Waste
1002690,Other
1002691,Waste
1002692,Chemicals
1002693,Power Plants
1002694,Other
1002696,Other
1002696,Waste
1002697,Power Plants
1002698,Chemicals
1002698,Suppliers of CO2
1002699,Waste
1002700,Waste
1002701,Petroleum and Natural Gas Systems
1002702,Waste
1002703,Other
1002705,Waste
1002706,Minerals
1002707,Petroleum and Natural Gas Systems
1002708,Pulp and Paper
1002708,Waste
1002709,Chemicals
1002710,Other
1002710,Waste
1002711,Petroleum and Natural Gas Systems
1002712,Other
1002713,Other
1002714,Metals
1002715,Other
1002716,Waste
1002717,Minerals
1002718,Petroleum and Natural Gas Systems
1002719,Petroleum and Natural Gas Systems
1002720,Waste
1002721,Petroleum and Natural Gas Systems
1002722,Minerals
1002723,Other
1002724,Minerals
1002725,Minerals
1002726,Other
1002727,Chemicals
1002728,Power Plants
1002729,Waste
1002730,Waste
1002731,Power Plants
1002732,Waste
1002733,Pulp and Paper
1002733,Waste
1002734,Other
1002735,Petroleum and Natural Gas Systems
1002736,Chemicals
1002737,Other
1002737,Waste
1002738,Petroleum and Natural Gas Systems
1002739,Petroleum and Natural Gas Systems
1002741,Minerals
1002742,Petroleum and Natural Gas Systems
1002743,Petroleum and Natural Gas Systems
1002744,Waste
1002745,Petroleum and Natural Gas Systems
1002746,Waste
1002747,Other
1002748,Minerals
1002749,Chemicals
1002750,Minerals
1002751,Metals
1002752,Other
1002753,Other
1002754,Chemicals
1002755,Other
1002756,Metals
1002757,Waste
1002758,Chemicals
1002759,Power Plants
1002760,Petroleum and Natural Gas Systems
1002761,Petroleum and Natural Gas Systems
1002762,Petroleum and Natural Gas Systems
1002763,Petroleum and Natural Gas Systems
1002764,Petroleum and Natural Gas Systems
1002765,Waste
1002766,Waste
1002767,Minerals
1002768,Metals
1002769,Other
1002770,Minerals
1002771,Metals
1002772,Petroleum and Natural Gas Systems
1002773,Minerals
1002774,Petroleum and Natural Gas Systems
1002775,Other
1002776,Petroleum and Natural Gas Systems
1002777,Metals
1002778,Petroleum and Natural Gas Systems
1002779,Petroleum and Natural Gas Systems
1002780,Petroleum and Natural Gas Systems
1002781,Petroleum and Natural Gas Systems
1002784,Petroleum and Natural Gas Systems
1002785,Other
1002786,Waste
1002787,Minerals
1002788,Waste
1002789,Chemicals
1002790,Chemicals
1002791,Petroleum and Natural Gas Systems
1002792,Other
1002795,Metals
1002796,Waste
1002798,Petroleum Product Suppliers
1002798,Refineries
1002799,Waste
1002800,Minerals
1002802,Power Plants
1002803,Other
1002804,Other
1002804,Waste
1002805,Petroleum and Natural Gas Systems
1002806,Petroleum and Natural Gas Systems
1002807,Minerals
1002808,Petroleum and Natural Gas Systems
1002809,Other
1002811,Petroleum and Natural Gas Systems
1002812,Petroleum and Natural Gas Systems
1002813,Waste
1002814,Other
1002815,Petroleum and Natural Gas Systems
1002816,Natural Gas and Natural Gas Liquids Suppliers
1002816,Petroleum and Natural Gas Systems
1002817,Power Plants
1002818,Power Plants
1002819,Other
1002820,Power Plants
1002821,Power Plants
1002822,Other
1002823,Pulp and Paper
1002823,Waste
1002825,Petroleum and Natural Gas Systems
1002826,Petroleum and Natural Gas Systems
1002827,Petroleum and Natural Gas Systems
1002828,Other
1002830,Chemicals
1002831,Waste
1002832,Other
1002832,Waste
1002833,Petroleum and Natural Gas Systems
1002834,Pulp and Paper
1002837,Petroleum and Natural Gas Systems
1002838,Petroleum and Natural Gas Systems
1002839,Petroleum and Natural Gas Systems
1002841,Petroleum and Natural Gas Systems
1002842,Petroleum and Natural Gas Systems
1002843,Waste
1002844,Petroleum and Natural Gas Systems
1002846,Pulp and Paper
1002847,Petroleum and Natural Gas Systems
1002848,Petroleum and Natural Gas Systems
1002849,Petroleum and Natural Gas Systems
1002851,Petroleum and Natural Gas Systems
1002852,Petroleum and Natural Gas Systems
1002853,Other
1002854,Other
1002854,Waste
1002855,Waste
1002857,Chemicals
1002858,Petroleum and Natural Gas Systems
1002859,Chemicals
1002859,Petroleum Product Suppliers
1002861,Pulp and Paper
1002862,Pulp and Paper
1002863,Waste
1002864,Minerals
1002865,Other
1002865,Waste
1002866,Other
1002867,Other
1002868,Petroleum and Natural Gas Systems
1002869,Other
1002871,Pulp and Paper
1002873,Petroleum and Natural Gas Systems
1002874,Other
1002875,Metals
1002875,Waste
1002876,Other
1002877,Other
1002878,Chemicals
1002879,Other
1002880,Power Plants
1002881,Other
1002881,Waste
1002882,Other
1002882,Suppliers of CO2
1002882,Waste
1002883,Other
1002883,Waste
1002884,Chemicals
1002885,Petroleum and Natural Gas Systems
1002886,Waste
1002887,Minerals
1002888,Minerals
1002889,Minerals
1002890,Waste
1002893,Pulp and Paper
1002893,Waste
1002894,Other
1002895,Petroleum and Natural Gas Systems
1002896,Waste
1002897,Waste
1002898,Waste
1002899,Waste
1002900,Other
1002901,Waste
1002902,Waste
1002903,Metals
1002903,Waste
1002904,Other
1002905,Minerals
1002906,Waste
1002907,Minerals
1002909,Other
1002910,Minerals
1002911,Minerals
1002912,Petroleum and Natural Gas Systems
1002915,Other
1002915,Suppliers of CO2
1002916,Other
1002916,Waste
1002917,Petroleum and Natural Gas Systems
1002918,Petroleum and Natural Gas Systems
1002919,Minerals
1002920,Minerals
1002921,Minerals
1002922,Minerals
1002923,Petroleum and Natural Gas Systems
1002924,Minerals
1002925,Industrial Gas Suppliers
1002925,Other
1002926,Other
1002927,Chemicals
1002928,Minerals
1002929,Minerals
1002930,Petroleum and Natural Gas Systems
1002931,Petroleum and Natural Gas Systems
1002932,Metals
1002933,Metals
1002934,Petroleum and Natural Gas Systems
1002935,Metals
1002936,Petroleum and Natural Gas Systems
1002937,Petroleum and Natural Gas Systems
1002941,Petroleum and Natural Gas Systems
1002943,Petroleum and Natural Gas Systems
1002943,Suppliers of CO2
1002944,Petroleum and Natural Gas Systems
1002945,Petroleum and Natural Gas Systems
1002946,Petroleum and Natural Gas Systems
1002950,Other
1002951,Waste
1002952,Petroleum and Natural Gas Systems
1002953,Other
1002954,Other
1002955,Chemicals
1002956,Power Plants
1002958,Metals
1002960,Other
1002960,Waste
1002961,Minerals
1002962,Other
1002962,Suppliers of CO2
1002963,Pulp and Paper
1002963,Waste
1002964,Waste
1002965,Other
1002966,Power Plants
1002967,Chemicals
1002967,Waste
1002968,Other
1002969,Metals
1002970,Petroleum Product Suppliers
1002970,Refineries
1002971,Metals
1002972,Petroleum and Natural Gas Systems
1002974,Petroleum and Natural Gas Systems
1002975,Chemicals
1002976,Other
1002977,Metals
1002978,Petroleum and Natural Gas Systems
1002979,Petroleum and Natural Gas Systems
1002980,Petroleum and Natural Gas Systems
1002981,Petroleum and Natural Gas Systems
1002982,Natural Gas and Natural Gas Liquids Suppliers
1002982,Petroleum and Natural Gas Systems
1002983,Other
1002984,Petroleum and Natural Gas Systems
1002985,Petroleum and Natural Gas Systems
1002986,Petroleum and Natural Gas Systems
1002987,Other
1002988,Other
1002989,Other
1002990,Waste
1002991,Chemicals
1002992,Waste
1002993,Chemicals
1002994,Minerals
1002995,Other
1002996,Waste
1002997,Other
1002999,Petroleum and Natural Gas Systems
1003000,Petroleum and Natural Gas Systems
1003001,Waste
1003002,Minerals
1003003,Chemicals
1003005,Minerals
1003006,Petroleum and Natural Gas Systems
1003007,Other
1003008,Minerals
1003009,Chemicals
1003011,Petroleum and Natural Gas Systems
1003013,Chemicals
1003014,Petroleum and Natural Gas Systems
1003016,Power Plants
1003022,Petroleum and Natural Gas Systems
1003023,Petroleum and Natural Gas Systems
1003024,Petroleum and Natural Gas Systems
1003025,Petroleum and Natural Gas Systems
1003026,Petroleum and Natural Gas Systems
1003028,Waste
1003029,Waste
1003031,Waste
1003032,Waste
1003033,Waste
1003034,Waste
1003035,Waste
1003036,Waste
1003037,Minerals
1003038,Waste
1003039,Waste
1003040,Chemicals
1003041,Chemicals
1003042,Minerals
1003043,Petroleum Product Suppliers
1003043,Refineries
1003044,Waste
1003045,Natural Gas and Natural Gas Liquids Suppliers
1003045,Petroleum and Natural Gas Systems
1003046,Waste
1003047,Petroleum and Natural Gas Systems
1003048,Pulp and Paper
1003048,Waste
1003049,Chemicals
1003050,Petroleum and Natural Gas Systems
1003051,Power Plants
1003052,Metals
1003054,Petroleum and Natural Gas Systems
1003055,Petroleum and Natural Gas Systems
1003056,Petroleum and Natural Gas Systems
1003058,Other
1003059,Metals
1003061,Other
1003062,Petroleum and Natural Gas Systems
1003063,Other
1003064,Petroleum and Natural Gas Systems
1003066,Petroleum and Natural Gas Systems
1003067,Minerals
1003068,Petroleum and Natural Gas Systems
1003069,Petroleum and Natural Gas Systems
1003070,Petroleum and Natural Gas Systems
1003071,Petroleum and Natural Gas Systems
1003072,Petroleum and Natural Gas Systems
1003074,Petroleum and Natural Gas Systems
1003076,Petroleum and Natural Gas Systems
1003077,Petroleum and Natural Gas Systems
1003078,Petroleum and Natural Gas Systems
1003079,Petroleum and Natural Gas Systems
1003080,Petroleum and Natural Gas Systems
1003081,Other
1003082,Petroleum and Natural Gas Systems
1003083,Petroleum and Natural Gas Systems
1003084,Power Plants
1003085,Petroleum and Natural Gas Systems
1003086,Other
1003087,Chemicals
1003088,Petroleum and Natural Gas Systems
1003090,Petroleum and Natural Gas Systems
1003091,Petroleum and Natural Gas Systems
1003092,Petroleum and Natural Gas Systems
1003093,Metals
1003094,Petroleum and Natural Gas Systems
1003095,Chemicals
1003096,Other
1003096,Waste
1003097,Petroleum and Natural Gas Systems
1003098,Chemicals
1003099,Waste
1003100,Waste
1003101,Waste
1003102,Waste
1003103,Waste
1003104,Waste
1003105,Waste
1003106,Petroleum and Natural Gas Systems
1003108,Petroleum and Natural Gas Systems
1003109,Petroleum and Natural Gas Systems
1003110,Waste
1003111,Petroleum and Natural Gas Systems
1003113,Petroleum and Natural Gas Systems
1003115,Petroleum and Natural Gas Systems
1003116,Petroleum and Natural Gas Systems
1003118,Petroleum and Natural Gas Systems
1003120,Petroleum and Natural Gas Systems
1003121,Petroleum and Natural Gas Systems
1003122,Petroleum and Natural Gas Systems
1003124,Petroleum and Natural Gas Systems
1003126,Petroleum and Natural Gas Systems
1003127,Petroleum and Natural Gas Systems
1003128,Petroleum and Natural Gas Systems
1003128,Suppliers of CO2
1003129,Petroleum and Natural Gas Systems
1003129,Suppliers of CO2
1003130,Petroleum and Natural Gas Systems
1003130,Suppliers of CO2
1003131,Petroleum and Natural Gas Systems
1003132,Power Plants
1003133,Waste
1003134,Chemicals
1003135,Other
1003135,Waste
1003136,Other
1003137,Waste
1003138,Power Plants
1003140,Petroleum and Natural Gas Systems
1003141,Metals
1003142,Petroleum and Natural Gas Systems
1003143,Petroleum and Natural Gas Systems
1003145,Other
1003146,Other
1003147,Waste
1003148,Petroleum and Natural Gas Systems
1003149,Petroleum and Natural Gas Systems
1003150,Other
1003151,Other
1003152,Petroleum and Natural Gas Systems
1003153,Petroleum and Natural Gas Systems
1003154,Petroleum and Natural Gas Systems
1003155,Petroleum and Natural Gas Systems
1003156,Other
1003157,Chemicals
1003158,Natural Gas and Natural Gas Liquids Suppliers
1003158,Petroleum and Natural Gas Systems
1003160,Chemicals
1003163,Waste
1003164,Pulp and Paper
1003164,Waste
1003165,Petroleum and Natural Gas Systems
1003170,Petroleum and Natural Gas Systems
1003171,Petroleum and Natural Gas Systems
1003172,Petroleum and Natural Gas Systems
1003173,Petroleum and Natural Gas Systems
1003174,Petroleum and Natural Gas Systems
1003175,Power Plants
1003176,Other
1003177,Petroleum and Natural Gas Systems
1003178,Petroleum and Natural Gas Systems
1003181,Petroleum and Natural Gas Systems
1003182,Waste
1003185,Petroleum and Natural Gas Systems
1003186,Chemicals
1003187,Other
1003188,Minerals
1003189,Petroleum and Natural Gas Systems
1003190,Power Plants
1003191,Petroleum and Natural Gas Systems
1003192,Petroleum and Natural Gas Systems
1003193,Petroleum and Natural Gas Systems
1003194,Petroleum and Natural Gas Systems
1003195,Power Plants
1003198,Waste
1003199,Waste
1003200,Waste
1003201,Metals
1003201,Waste
1003202,Waste
1003203,Petroleum and Natural Gas Systems
1003204,Metals
1003205,Other
1003206,Other
1003207,Waste
1003208,Other
1003209,Petroleum and Natural Gas Systems
1003211,Petroleum and Natural Gas Systems
1003212,Metals
1003213,Metals
1003214,Petroleum and Natural Gas Systems
1003215,Other
1003216,Waste
1003217,Petroleum and Natural Gas Systems
1003218,Petroleum and Natural Gas Systems
1003219,Petroleum and Natural Gas Systems
1003220,Petroleum and Natural Gas Systems
1003221,Petroleum and Natural Gas Systems
1003223,Petroleum and Natural Gas Systems
1003224,Other
1003225,Other
1003226,Other
1003227,Waste
1003228,Natural Gas and Natural Gas Liquids Suppliers
1003228,Power Plants
1003229,Waste
1003230,Petroleum and Natural Gas Systems
1003231,Waste
1003232,Waste
1003234,Petroleum and Natural Gas Systems
1003235,Other
1003237,Petroleum and Natural Gas Systems
1003238,Petroleum and Natural Gas Systems
1003239,Other
1003240,Waste
1003241,Other
1003242,Waste
1003243,Waste
1003244,Waste
1003245,Petroleum and Natural Gas Systems
1003246,Petroleum and Natural Gas Systems
1003247,Other
1003248,Chemicals
1003250,Petroleum and Natural Gas Systems
1003252,Petroleum and Natural Gas Systems
1003254,Natural Gas and Natural Gas Liquids Suppliers
1003254,Petroleum and Natural Gas Systems
1003255,Chemicals
1003257,Waste
1003258,Minerals
1003259,Waste
1003260,Waste
1003261,Chemicals
1003262,Other
1003263,Power Plants
1003264,Other
1003265,Waste
1003266,Petroleum and Natural Gas Systems
1003267,Petroleum and Natural Gas Systems
1003268,Metals
1003269,Waste
1003270,Metals
1003272,Petroleum and Natural Gas Systems
1003273,Petroleum and Natural Gas Systems
1003274,Other
1003275,Waste
1003276,Petroleum and Natural Gas Systems
1003277,Petroleum and Natural Gas Systems
1003279,Petroleum and Natural Gas Systems
1003280,Pulp and Paper
1003280,Waste
1003281,Waste
1003282,Other
1003283,Waste
1003284,Waste
1003285,Petroleum and Natural Gas Systems
1003286,Chemicals
1003286,Refineries
1003286,Waste
1003287,Petroleum and Natural Gas Systems
1003288,Other
1003289,Metals
1003290,Metals
1003292,Petroleum and Natural Gas Systems
1003293,Other
1003295,Petroleum and Natural Gas Systems
1003296,Metals
1003297,Other
1003298,Petroleum and Natural Gas Systems
1003299,Waste
1003300,Other
1003300,Waste
1003303,Minerals
1003304,Other
1003306,Petroleum Product Suppliers
1003306,Refineries
1003308,Petroleum and Natural Gas Systems
1003313,Petroleum and Natural Gas Systems
1003315,Petroleum and Natural Gas Systems
1003316,Petroleum and Natural Gas Systems
1003317,Petroleum and Natural Gas Systems
1003318,Petroleum and Natural Gas Systems
1003319,Natural Gas and Natural Gas Liquids Suppliers
1003319,Petroleum and Natural Gas Systems
1003320,Pulp and Paper
1003320,Suppliers of CO2
1003320,Waste
1003322,Waste
1003323,Petroleum and Natural Gas Systems
1003324,Petroleum and Natural Gas Systems
1003325,Other
1003326,Petroleum and Natural Gas Systems
1003327,Pulp and Paper
1003328,Waste
1003330,Petroleum and Natural Gas Systems
1003332,Petroleum and Natural Gas Systems
1003333,Waste
1003334,Power Plants
1003335,Waste
1003336,Petroleum and Natural Gas Systems
1003337,Waste
1003338,Other
1003339,Waste
1003340,Waste
1003341,Metals
1003342,Petroleum and Natural Gas Systems
1003344,Power Plants
1003345,Petroleum and Natural Gas Systems
1003346,Petroleum and Natural Gas Systems
1003347,Petroleum and Natural Gas Systems
1003348,Minerals
1003349,Minerals
1003352,Other
1003354,Petroleum and Natural Gas Systems
1003355,Petroleum Product Suppliers
1003355,Refineries
1003356,Waste
1003357,Waste
1003360,Petroleum and Natural Gas Systems
1003361,Waste
1003362,Waste
1003369,Petroleum and Natural Gas Systems
1003370,Chemicals
1003374,Waste
1003375,Petroleum and Natural Gas Systems
1003377,Other
1003378,Waste
1003379,Metals
1003380,Metals
1003381,Petroleum and Natural Gas Systems
1003382,Chemicals
1003383,Other
1003385,Other
1003386,Waste
1003387,Waste
1003390,Waste
1003391,Power Plants
1003392,Waste
1003393,Waste
1003394,Waste
1003395,Waste
1003398,Power Plants
1003399,Waste
1003402,Chemicals
1003403,Metals
1003405,Other
1003406,Waste
1003407,Other
1003408,Minerals
1003409,Power Plants
1003410,Power Plants
1003411,Waste
1003412,Waste
1003413,Waste
1003416,Other
1003417,Metals
1003418,Metals
1003419,Pulp and Paper
1003420,Other
1003422,Other
1003424,Metals
1003426,Other
1003427,Other
1003429,Chemicals
1003432,Waste
1003433,Petroleum and Natural Gas Systems
1003434,Metals
1003435,Petroleum and Natural Gas Systems
1003436,Petroleum and Natural Gas Systems
1003439,Waste
1003440,Waste
1003441,Petroleum and Natural Gas Systems
1003443,Petroleum and Natural Gas Systems
1003444,Other
1003446,Waste
1003447,Natural Gas and Natural Gas Liquids Suppliers
1003447,Petroleum and Natural Gas Systems
1003448,Chemicals
1003449,Other
1003450,Waste
1003451,Other
1003452,Petroleum and Natural Gas Systems
1003453,Metals
1003454,Waste
1003455,Petroleum and Natural Gas Systems
1003456,Waste
1003457,Metals
1003458,Petroleum and Natural Gas Systems
1003459,Minerals
1003460,Waste
1003461,Petroleum and Natural Gas Systems
1003462,Petroleum and Natural Gas Systems
1003464,Waste
1003465,Minerals
1003466,Waste
1003467,Waste
1003469,Waste
1003470,Pulp and Paper
1003470,Waste
1003471,Waste
1003472,Petroleum Product Suppliers
1003472,Refineries
1003473,Other
1003474,Metals
1003475,Petroleum and Natural Gas Systems
1003476,Other
1003478,Waste
1003479,Minerals
1003480,Petroleum and Natural Gas Systems
1003481,Waste
1003482,Minerals
1003483,Petroleum and Natural Gas Systems
1003484,Other
1003486,Other
1003487,Minerals
1003488,Pulp and Paper
1003489,Chemicals
1003489,Suppliers of CO2
1003490,Other
1003491,Petroleum and Natural Gas Systems
1003492,Power Plants
1003493,Power Plants
1003494,Metals
1003495,Other
1003496,Power Plants
1003497,Other
1003497,Suppliers of CO2
1003498,Other
1003501,Pulp and Paper
1003501,Waste
1003503,Waste
1003504,Waste
1003505,Waste
1003506,Other
1003507,Metals
1003508,Metals
1003509,Waste
1003510,Metals
1003511,Petroleum and Natural Gas Systems
1003512,Petroleum and Natural Gas Systems
1003513,Other
1003514,Waste
1003516,Waste
1003518,Chemicals
1003520,Minerals
1003521,Waste
1003523,Metals
1003525,Other
1003526,Other
1003527,Other
1003528,Waste
1003530,Natural Gas and Natural Gas Liquids Suppliers
1003530,Petroleum and Natural Gas Systems
1003531,Petroleum and Natural Gas Systems
1003532,Waste
1003533,Chemicals
1003535,Natural Gas and Natural Gas Liquids Suppliers
1003535,Petroleum and Natural Gas Systems
1003536,Waste
1003537,Petroleum and Natural Gas Systems
1003539,Petroleum and Natural Gas Systems
1003540,Waste
1003541,Petroleum and Natural Gas Systems
1003542,Power Plants
1003543,Waste
1003544,Waste
1003545,Petroleum and Natural Gas Systems
1003546,Waste
1003548,Waste
1003549,Waste
1003550,Other
1003551,Chemicals
1003552,Petroleum and Natural Gas Systems
1003553,Petroleum and Natural Gas Systems
1003554,Petroleum and Natural Gas Systems
1003555,Petroleum and Natural Gas Systems
1003556,Waste
1003557,Petroleum and Natural Gas Systems
1003558,Petroleum and Natural Gas Systems
1003559,Petroleum and Natural Gas Systems
1003560,Waste
1003562,Metals
1003562,Waste
1003564,Chemicals
1003564,Petroleum Product Suppliers
1003564,Refineries
1003565,Waste
1003566,Waste
1003567,Other
1003568,Other
1003569,Waste
1003570,Chemicals
1003571,Waste
1003573,Other
1003574,Petroleum and Natural Gas Systems
1003576,Petroleum and Natural Gas Systems
1003577,Metals
1003578,Petroleum and Natural Gas Systems
1003579,Natural Gas and Natural Gas Liquids Suppliers
1003579,Petroleum and Natural Gas Systems
1003580,Metals
1003581,Metals
1003582,Waste
1003583,Waste
1003585,Other
1003586,Waste
1003587,Waste
1003588,Waste
1003589,Petroleum Product Suppliers
1003589,Refineries
1003590,Metals
1003591,Power Plants
1003592,Waste
1003593,Other
1003594,Minerals
1003595,Chemicals
1003596,Petroleum and Natural Gas Systems
1003597,Other
1003599,Waste
1003600,Petroleum and Natural Gas Systems
1003601,Waste
1003602,Pulp and Paper
1003605,Waste
1003607,Pulp and Paper
1003608,Petroleum and Natural Gas Systems
1003609,Other
1003610,Chemicals
1003610,Refineries
1003611,Waste
1003612,Waste
1003614,Waste
1003615,Waste
1003616,Waste
1003617,Power Plants
1003618,Power Plants
1003619,Waste
1003620,Waste
1003621,Waste
1003622,Waste
1003623,Waste
1003624,Waste
1003625,Waste
1003626,Waste
1003627,Waste
1003628,Waste
1003629,Petroleum and Natural Gas Systems
1003630,Petroleum and Natural Gas Systems
1003631,Other
1003632,Power Plants
1003633,Pulp and Paper
1003635,Pulp and Paper
1003636,Chemicals
1003637,Other
1003638,Waste
1003639,Waste
1003641,Power Plants
1003642,Petroleum and Natural Gas Systems
1003643,Minerals
1003644,Power Plants
1003645,Power Plants
1003646,Waste
1003647,Power Plants
1003649,Power Plants
1003650,Power Plants
1003651,Power Plants
1003652,Power Plants
1003654,Other
1003655,Chemicals
1003656,Petroleum and Natural Gas Systems
1003657,Petroleum and Natural Gas Systems
1003658,Minerals
1003661,Waste
1003662,Power Plants
1003663,Power Plants
1003664,Power Plants
1003665,Chemicals
1003666,Waste
1003667,Waste
1003668,Metals
1003669,Metals
1003670,Petroleum Product Suppliers
1003670,Refineries
1003671,Petroleum and Natural Gas Systems
1003676,Waste
1003677,Petroleum and Natural Gas Systems
1003679,Waste
1003680,Waste
1003681,Petroleum and Natural Gas Systems
1003682,Petroleum and Natural Gas Systems
1003683,Waste
1003686,Waste
1003687,Waste
1003688,Metals
1003689,Petroleum and Natural Gas Systems
1003690,Petroleum and Natural Gas Systems
1003691,Waste
1003692,Waste
1003693,Waste
1003694,Waste
1003695,Waste
1003696,Waste
1003697,Waste
1003701,Other
1003702,Petroleum and Natural Gas Systems
1003703,Other
1003706,Other
1003707,Other
1003709,Chemicals
1003710,Waste
1003711,Waste
1003712,Chemicals
1003713,Other
1003714,Other
1003714,Waste
1003716,Metals
1003717,Petroleum and Natural Gas Systems
1003718,Other
1003720,Petroleum and Natural Gas Systems
1003721,Petroleum and Natural Gas Systems
1003722,Other
1003723,Waste
1003724,Chemicals
1003725,Petroleum and Natural Gas Systems
1003726,Other
1003727,Petroleum and Natural Gas Systems
1003729,Petroleum and Natural Gas Systems
1003730,Chemicals
1003731,Power Plants
1003732,Waste
1003733,Power Plants
1003734,Petroleum and Natural Gas Systems
1003735,Petroleum and Natural Gas Systems
1003736,Petroleum and Natural Gas Systems
1003737,Other
1003738,Petroleum and Natural Gas Systems
1003739,Minerals
1003740,Waste
1003741,Pulp and Paper
1003742,Waste
1003743,Waste
1003744,Waste
1003745,Pulp and Paper
1003748,Chemicals
1003749,Chemicals
1003750,Natural Gas and Natural Gas Liquids Suppliers
1003750,Petroleum and Natural Gas Systems
1003751,Other
1003752,Chemicals
1003753,Other
1003753,Waste
1003754,Petroleum and Natural Gas Systems
1003756,Other
1003757,Metals
1003758,Other
1003759,Other
1003762,Natural Gas and Natural Gas Liquids Suppliers
1003762,Other
1003763,Other
1003764,Petroleum and Natural Gas Systems
1003765,Petroleum and Natural Gas Systems
1003766,Petroleum and Natural Gas Systems
1003767,Injection of CO2
1003767,Petroleum and Natural Gas Systems
1003767,Suppliers of CO2
1003769,Petroleum and Natural Gas Systems
1003770,Minerals
1003771,Other
1003772,Other
1003773,Waste
1003774,Petroleum and Natural Gas Systems
1003775,Metals
1003776,Petroleum and Natural Gas Systems
1003777,Metals
1003779,Other
1003780,Chemicals
1003781,Chemicals
1003787,Waste
1003788,Waste
1003790,Chemicals
1003794,Metals
1003795,Waste
1003798,Waste
1003799,Metals
1003800,Waste
1003804,Waste
1003806,Waste
1003812,Waste
1003813,Waste
1003814,Waste
1003815,Petroleum and Natural Gas Systems
1003816,Petroleum and Natural Gas Systems
1003817,Petroleum and Natural Gas Systems
1003818,Waste
1003819,Other
1003820,Petroleum and Natural Gas Systems
1003821,Petroleum and Natural Gas Systems
1003822,Petroleum and Natural Gas Systems
1003823,Petroleum and Natural Gas Systems
1003824,Other
1003826,Waste
1003827,Petroleum and Natural Gas Systems
1003828,Waste
1003829,Chemicals
1003830,Petroleum and Natural Gas Systems
1003831,Power Plants
1003832,Petroleum and Natural Gas Systems
1003833,Metals
1003834,Other
1003837,Other
1003839,Petroleum and Natural Gas Systems
1003840,Petroleum and Natural Gas Systems
1003842,Other
1003843,Metals
1003846,Other
1003847,Other
1003848,Petroleum and Natural Gas Systems
1003849,Minerals
1003850,Other
1003853,Petroleum and Natural Gas Systems
1003854,Waste
1003855,Other
1003856,Pulp and Paper
1003857,Chemicals
1003859,Other
1003860,Metals
1003861,Other
1003863,Waste
1003864,Waste
1003865,Waste
1003867,Waste
1003871,Waste
1003872,Minerals
1003873,Natural Gas and Natural Gas Liquids Suppliers
1003873,Petroleum and Natural Gas Systems
1003880,Waste
1003883,Minerals
1003884,Pulp and Paper
1003884,Waste
1003885,Petroleum and Natural Gas Systems
1003886,Petroleum and Natural Gas Systems
1003887,Waste
1003888,Petroleum and Natural Gas Systems
1003889,Waste
1003890,Chemicals
1003890,Industrial Gas Suppliers
1003891,Minerals
1003892,Petroleum and Natural Gas Systems
1003893,Waste
1003894,Petroleum and Natural Gas Systems
1003895,Petroleum and Natural Gas Systems
1003897,Petroleum and Natural Gas Systems
1003898,Other
1003899,Chemicals
1003901,Other
1003901,Waste
1003902,Metals
1003902,Waste
1003903,Other
1003904,Petroleum Product Suppliers
1003904,Refineries
1003907,Other
1003910,Chemicals
1003911,Waste
1003913,Other
1003915,Petroleum and Natural Gas Systems
1003916,Petroleum and Natural Gas Systems
1003917,Petroleum and Natural Gas Systems
1003918,Waste
1003921,Waste
1003922,Petroleum and Natural Gas Systems
1003923,Power Plants
1003924,Chemicals
1003925,Power Plants
1003926,Petroleum and Natural Gas Systems
1003927,Petroleum and Natural Gas Systems
1003928,Petroleum and Natural Gas Systems
1003929,Petroleum and Natural Gas Systems
1003930,Other
1003931,Petroleum and Natural Gas Systems
1003932,Petroleum and Natural Gas Systems
1003933,Waste
1003936,Petroleum and Natural Gas Systems
1003937,Waste
1003938,Petroleum and Natural Gas Systems
1003939,Petroleum and Natural Gas Systems
1003940,Chemicals
1003942,Petroleum and Natural Gas Systems
1003943,Pulp and Paper
1003943,Waste
1003944,Other
1003945,Other
1003947,Other
1003948,Petroleum and Natural Gas Systems
1003949,Waste
1003951,Metals
1003953,Pulp and Paper
1003954,Other
1003955,Petroleum and Natural Gas Systems
1003956,Chemicals
1003957,Waste
1003959,Waste
1003960,Waste
1003962,Metals
1003963,Waste
1003965,Metals
1003966,Other
1003967,Minerals
1003968,Minerals
1003969,Waste
1003970,Other
1003972,Waste
1003973,Petroleum and Natural Gas Systems
1003975,Other
1003976,Other
1003978,Power Plants
1003979,Waste
1003980,Power Plants
1003981,Metals
1003983,Waste
1003985,Other
1003986,Waste
1003987,Waste
1003990,Waste
1003991,Chemicals
1003992,Petroleum and Natural Gas Systems
1003993,Chemicals
1003993,Suppliers of CO2
1003994,Waste
1003995,Petroleum and Natural Gas Systems
1003997,Other
1003998,Other
1003998,Power Plants
1003999,Petroleum and Natural Gas Systems
1004000,Petroleum and Natural Gas Systems
1004001,Other
1004001,Power Plants
1004002,Petroleum and Natural Gas Systems
1004003,Waste
1004004,Power Plants
1004006,Other
1004008,Other
1004009,Petroleum and Natural Gas Systems
1004010,Waste
1004011,Waste
1004012,Petroleum and Natural Gas Systems
1004013,Waste
1004014,Waste
1004015,Other
1004016,Other
1004017,Pulp and Paper
1004018,Chemicals
1004019,Other
1004020,Minerals
1004021,Waste
1004022,Other
1004024,Pulp and Paper
1004025,Waste
1004026,Waste
1004027,Waste
1004028,Waste
1004029,Other
1004031,Petroleum and Natural Gas Systems
1004032,Petroleum and Natural Gas Systems
1004033,Other
1004034,Petroleum and Natural Gas Systems
1004035,Petroleum and Natural Gas Systems
1004036,Metals
1004037,Waste
1004038,Metals
1004039,Other
1004040,Other
1004041,Waste
1004042,Waste
1004044,Waste
1004045,Pulp and Paper
1004046,Petroleum and Natural Gas Systems
1004047,Petroleum and Natural Gas Systems
1004048,Petroleum and Natural Gas Systems
1004049,Petroleum and Natural Gas Systems
1004050,Petroleum and Natural Gas Systems
1004051,Power Plants
1004052,Waste
1004053,Waste
1004054,Petroleum and Natural Gas Systems
1004055,Pulp and Paper
1004055,Waste
1004056,Waste
1004057,Waste
1004058,Chemicals
1004059,Waste
1004060,Waste
1004062,Waste
1004063,Petroleum and Natural Gas Systems
1004065,Waste
1004066,Power Plants
1004067,Other
1004068,Petroleum and Natural Gas Systems
1004069,Petroleum and Natural Gas Systems
1004071,Chemicals
1004072,Minerals
1004073,Waste
1004074,Waste
1004075,Minerals
1004078,Minerals
1004079,Other
1004080,Petroleum and Natural Gas Systems
1004081,Minerals
1004082,Waste
1004083,Pulp and Paper
1004084,Waste
1004085,Minerals
1004086,Petroleum and Natural Gas Systems
1004087,Natural Gas and Natural Gas Liquids Suppliers
1004087,Petroleum and Natural Gas Systems
1004088,Petroleum and Natural Gas Systems
1004089,Petroleum and Natural Gas Systems
1004090,Petroleum and Natural Gas Systems
1004091,Other
1004091,Suppliers of CO2
1004093,Waste
1004094,Waste
1004095,Waste
1004097,Minerals
1004098,Pulp and Paper
1004099,Waste
1004100,Metals
1004101,Waste
1004102,Other
1004103,Other
1004103,Suppliers of CO2
1004104,Power Plants
1004105,Other
1004107,Petroleum and Natural Gas Systems
1004108,Petroleum and Natural Gas Systems
1004109,Petroleum and Natural Gas Systems
1004110,Petroleum and Natural Gas Systems
1004111,Petroleum and Natural Gas Systems
1004112,Petroleum and Natural Gas Systems
1004113,Pulp and Paper
1004114,Other
1004114,Suppliers of CO2
1004114,Waste
1004115,Petroleum and Natural Gas Systems
1004116,Other
1004116,Waste
1004117,Waste
1004118,Waste
1004119,Waste
1004120,Petroleum and Natural Gas Systems
1004121,Waste
1004123,Waste
1004124,Other
1004125,Waste
1004127,Chemicals
1004128,Waste
1004130,Petroleum Product Suppliers
1004130,Refineries
1004131,Minerals
1004132,Waste
1004133,Chemicals
1004133,Waste
1004134,Petroleum and Natural Gas Systems
1004135,Petroleum and Natural Gas Systems
1004136,Other
1004137,Petroleum and Natural Gas Systems
1004137,Suppliers of CO2
1004139,Petroleum and Natural Gas Systems
1004141,Petroleum and Natural Gas Systems
1004142,Petroleum and Natural Gas Systems
1004143,Petroleum and Natural Gas Systems
1004143,Suppliers of CO2
1004144,Petroleum and Natural Gas Systems
1004146,Petroleum and Natural Gas Systems
1004148,Petroleum and Natural Gas Systems
1004149,Waste
1004150,Chemicals
1004151,Metals
1004152,Metals
1004153,Petroleum and Natural Gas Systems
1004154,Petroleum and Natural Gas Systems
1004155,Other
1004156,Waste
1004157,Waste
1004159,Waste
1004160,Petroleum and Natural Gas Systems
1004161,Petroleum and Natural Gas Systems
1004162,Waste
1004163,Petroleum and Natural Gas Systems
1004164,Waste
1004165,Petroleum and Natural Gas Systems
1004166,Petroleum and Natural Gas Systems
1004167,Petroleum and Natural Gas Systems
1004168,Petroleum and Natural Gas Systems
1004169,Petroleum and Natural Gas Systems
1004170,Petroleum and Natural Gas Systems
1004171,Other
1004173,Waste
1004174,Minerals
1004175,Power Plants
1004176,Power Plants
1004177,Other
1004178,Other
1004179,Petroleum and Natural Gas Systems
1004180,Petroleum and Natural Gas Systems
1004181,Minerals
1004183,Chemicals
1004184,Waste
1004185,Waste
1004186,Petroleum and Natural Gas Systems
1004187,Minerals
1004189,Power Plants
1004190,Other
1004191,Metals
1004192,Petroleum and Natural Gas Systems
1004193,Petroleum and Natural Gas Systems
1004194,Other
1004194,Waste
1004195,Petroleum and Natural Gas Systems
1004196,Petroleum and Natural Gas Systems
1004197,Petroleum and Natural Gas Systems
1004198,Petroleum and Natural Gas Systems
1004199,Pulp and Paper
1004200,Waste
1004202,Power Plants
1004203,Power Plants
1004204,Waste
1004205,Other
1004206,Chemicals
1004206,Industrial Gas Suppliers
1004208,Chemicals
1004210,Petroleum and Natural Gas Systems
1004211,Petroleum Product Suppliers
1004211,Refineries
1004212,Other
1004213,Petroleum Product Suppliers
1004213,Petroleum and Natural Gas Systems
1004214,Petroleum and Natural Gas Systems
1004215,Metals
1004216,Waste
1004217,Petroleum and Natural Gas Systems
1004218,Waste
1004219,Other
1004220,Other
1004221,Other
1004222,Pulp and Paper
1004223,Waste
1004224,Waste
1004225,Minerals
1004226,Other
1004227,Other
1004228,Other
1004228,Suppliers of CO2
1004229,Petroleum and Natural Gas Systems
1004230,Other
1004230,Suppliers of CO2
1004231,Chemicals
1004231,Waste
1004232,Waste
1004233,Petroleum and Natural Gas Systems
1004234,Chemicals
1004235,Waste
1004236,Chemicals
1004237,Petroleum and Natural Gas Systems
1004239,Power Plants
1004240,Waste
1004242,Waste
1004243,Waste
1004244,Waste
1004245,Waste
1004247,Waste
1004248,Petroleum and Natural Gas Systems
1004249,Other
1004250,Petroleum and Natural Gas Systems
1004251,Waste
1004252,Waste
1004253,Power Plants
1004254,Other
1004254,Waste
1004255,Waste
1004256,Waste
1004257,Other
1004257,Waste
1004258,Petroleum and Natural Gas Systems
1004259,Metals
1004260,Other
1004261,Waste
1004262,Other
1004263,Other
1004265,Power Plants
1004266,Other
1004267,Petroleum Product Suppliers
1004267,Refineries
1004269,Petroleum and Natural Gas Systems
1004270,Minerals
1004271,Other
1004272,Petroleum and Natural Gas Systems
1004273,Minerals
1004274,Chemicals
1004275,Chemicals
1004275,Industrial Gas Suppliers
1004276,Other
1004276,Waste
1004277,Pulp and Paper
1004278,Waste
1004279,Waste
1004280,Petroleum and Natural Gas Systems
1004281,Petroleum and Natural Gas Systems
1004282,Other
1004283,Waste
1004286,Other
1004287,Waste
1004288,Other
1004289,Minerals
1004291,Chemicals
1004291,Petroleum Product Suppliers
1004291,Refineries
1004292,Other
1004293,Petroleum and Natural Gas Systems
1004294,Petroleum and Natural Gas Systems
1004294,Suppliers of CO2
1004295,Other
1004296,Petroleum and Natural Gas Systems
1004297,Other
1004298,Waste
1004299,Petroleum and Natural Gas Systems
1004299,Suppliers of CO2
1004300,Other
1004301,Petroleum and Natural Gas Systems
1004301,Suppliers of CO2
1004302,Petroleum and Natural Gas Systems
1004304,Other
1004305,Chemicals
1004305,Petroleum Product Suppliers
1004305,Refineries
1004306,Petroleum and Natural Gas Systems
1004307,Chemicals
1004308,Waste
1004309,Waste
1004310,Waste
1004311,Waste
1004312,Waste
1004313,Waste
1004314,Chemicals
1004314,Waste
1004315,Other
1004316,Chemicals
1004317,Other
1004319,Petroleum and Natural Gas Systems
1004320,Waste
1004321,Waste
1004322,Petroleum and Natural Gas Systems
1004323,Petroleum and Natural Gas Systems
1004324,Other
1004325,Other
1004326,Petroleum and Natural Gas Systems
1004327,Metals
1004328,Waste
1004329,Chemicals
1004330,Waste
1004331,Other
1004332,Other
1004333,Power Plants
1004334,Minerals
1004335,Waste
1004336,Petroleum and Natural Gas Systems
1004338,Petroleum and Natural Gas Systems
1004339,Chemicals
1004340,Chemicals
1004340,Suppliers of CO2
1004341,Waste
1004343,Chemicals
1004345,Metals
1004346,Power Plants
1004347,Waste
1004348,Power Plants
1004350,Waste
1004351,Waste
1004352,Waste
1004353,Waste
1004354,Waste
1004355,Waste
1004356,Petroleum and Natural Gas Systems
1004357,Petroleum and Natural Gas Systems
1004358,Petroleum and Natural Gas Systems
1004359,Petroleum and Natural Gas Systems
1004360,Petroleum and Natural Gas Systems
1004361,Petroleum and Natural Gas Systems
1004362,Refineries
1004363,Petroleum and Natural Gas Systems
1004364,Waste
1004365,Other
1004365,Waste
1004366,Other
1004367,Power Plants
1004368,Chemicals
1004369,Other
1004370,Petroleum Product Suppliers
1004370,Refineries
1004371,Other
1004373,Other
1004374,Minerals
1004375,Minerals
1004376,Metals
1004377,Waste
1004379,Minerals
1004380,Waste
1004381,Chemicals
1004381,Petroleum Product Suppliers
1004381,Refineries
1004382,Petroleum and Natural Gas Systems
1004383,Petroleum and Natural Gas Systems
1004384,Waste
1004385,Minerals
1004386,Minerals
1004388,Other
1004389,Natural Gas and Natural Gas Liquids Suppliers
1004389,Petroleum and Natural Gas Systems
1004390,Petroleum and Natural Gas Systems
1004392,Petroleum and Natural Gas Systems
1004393,Chemicals
1004394,Petroleum and Natural Gas Systems
1004396,Pulp and Paper
1004396,Waste
1004397,Other
1004398,Petroleum and Natural Gas Systems
1004399,Waste
1004400,Petroleum and Natural Gas Systems
1004401,Petroleum and Natural Gas Systems
1004402,Waste
1004403,Waste
1004404,Petroleum and Natural Gas Systems
1004405,Waste
1004406,Waste
1004408,Waste
1004410,Chemicals
1004411,Metals
1004412,Other
1004413,Waste
1004415,Waste
1004416,Other
1004416,Waste
1004417,Waste
1004418,Natural Gas and Natural Gas Liquids Suppliers
1004418,Petroleum and Natural Gas Systems
1004419,Waste
1004420,Power Plants
1004421,Other
1004422,Petroleum and Natural Gas Systems
1004423,Waste
1004424,Metals
1004425,Natural Gas and Natural Gas Liquids Suppliers
1004425,Petroleum and Natural Gas Systems
1004427,Metals
1004428,Power Plants
1004429,Petroleum and Natural Gas Systems
1004430,Natural Gas and Natural Gas Liquids Suppliers
1004430,Petroleum and Natural Gas Systems
1004432,Petroleum and Natural Gas Systems
1004433,Metals
1004434,Metals
1004435,Petroleum and Natural Gas Systems
1004438,Power Plants
1004439,Waste
1004441,Other
1004442,Chemicals
1004444,Petroleum and Natural Gas Systems
1004446,Waste
1004447,Petroleum and Natural Gas Systems
1004448,Petroleum and Natural Gas Systems
1004449,Waste
1004450,Petroleum and Natural Gas Systems
1004452,Other
1004453,Metals
1004454,Petroleum Product Suppliers
1004454,Petroleum and Natural Gas Systems
1004458,Metals
1004459,Petroleum Product Suppliers
1004459,Refineries
1004460,Waste
1004462,Petroleum and Natural Gas Systems
1004465,Waste
1004466,Petroleum and Natural Gas Systems
1004467,Waste
1004468,Petroleum and Natural Gas Systems
1004469,Chemicals
1004470,Other
1004472,Minerals
1004473,Waste
1004474,Waste
1004475,Waste
1004476,Waste
1004477,Minerals
1004478,Metals
1004479,Waste
1004480,Waste
1004481,Metals
1004482,Petroleum and Natural Gas Systems
1004483,Waste
1004484,Waste
1004485,Waste
1004486,Waste
1004487,Waste
1004490,Other
1004491,Waste
1004492,Other
1004493,Metals
1004494,Waste
1004496,Other
1004497,Waste
1004498,Petroleum and Natural Gas Systems
1004499,Petroleum and Natural Gas Systems
1004500,Pulp and Paper
1004501,Waste
1004502,Petroleum and Natural Gas Systems
1004503,Other
1004504,Chemicals
1004508,Minerals
1004509,Metals
1004510,Petroleum and Natural Gas Systems
1004511,Metals
1004512,Other
1004513,Petroleum and Natural Gas Systems
1004514,Petroleum and Natural Gas Systems
1004515,Waste
1004516,Waste
1004517,Minerals
1004518,Waste
1004520,Other
1004521,Petroleum and Natural Gas Systems
1004522,Other
1004524,Natural Gas and Natural Gas Liquids Suppliers
1004524,Petroleum and Natural Gas Systems
1004526,Other
1004527,Petroleum and Natural Gas Systems
1004528,Other
1004529,Other
1004530,Other
1004530,Suppliers of CO2
1004531,Waste
1004533,Waste
1004534,Petroleum and Natural Gas Systems
1004535,Petroleum and Natural Gas Systems
1004536,Pulp and Paper
1004537,Petroleum and Natural Gas Systems
1004538,Waste
1004539,Minerals
1004540,Waste
1004541,Waste
1004542,Metals
1004543,Waste
1004544,Waste
1004545,Petroleum and Natural Gas Systems
1004546,Petroleum and Natural Gas Systems
1004547,Petroleum and Natural Gas Systems
1004548,Waste
1004549,Minerals
1004550,Waste
1004551,Natural Gas and Natural Gas Liquids Suppliers
1004551,Petroleum and Natural Gas Systems
1004552,Petroleum and Natural Gas Systems
1004553,Pulp and Paper
1004554,Pulp and Paper
1004556,Waste
1004557,Waste
1004558,Waste
1004559,Waste
1004560,Waste
1004561,Waste
1004562,Waste
1004563,Waste
1004564,Petroleum and Natural Gas Systems
1004565,Waste
1004567,Petroleum and Natural Gas Systems
1004569,Minerals
1004570,Chemicals
1004571,Minerals
1004572,Waste
1004576,Power Plants
1004577,Power Plants
1004578,Chemicals
1004579,Other
1004580,Other
1004581,Other
1004584,Other
1004585,Minerals
1004586,Chemicals
1004587,Waste
1004588,Minerals
1004589,Petroleum and Natural Gas Systems
1004590,Power Plants
1004591,Petroleum and Natural Gas Systems
1004593,Petroleum and Natural Gas Systems
1004594,Other
1004595,Petroleum and Natural Gas Systems
1004596,Chemicals
1004597,Other
1004598,Petroleum and Natural Gas Systems
1004599,Other
1004600,Waste
1004601,Waste
1004603,Petroleum and Natural Gas Systems
1004604,Waste
1004605,Other
1004607,Petroleum and Natural Gas Systems
1004608,Other
1004608,Suppliers of CO2
1004609,Minerals
1004610,Other
1004611,Power Plants
1004612,Minerals
1004613,Petroleum and Natural Gas Systems
1004614,Natural Gas and Natural Gas Liquids Suppliers
1004614,Petroleum and Natural Gas Systems
1004615,Other
1004616,Metals
1004618,Waste
1004619,Petroleum and Natural Gas Systems
1004620,Natural Gas and Natural Gas Liquids Suppliers
1004620,Petroleum and Natural Gas Systems
1004621,Other
1004623,Other
1004624,Petroleum and Natural Gas Systems
1004626,Pulp and Paper
1004627,Waste
1004628,Petroleum and Natural Gas Systems
1004629,Other
1004630,Petroleum Product Suppliers
1004630,Refineries
1004631,Minerals
1004632,Minerals
1004632,Waste
1004633,Other
1004634,Petroleum and Natural Gas Systems
1004635,Petroleum and Natural Gas Systems
1004636,Refineries
1004637,Waste
1004639,Petroleum and Natural Gas Systems
1004640,Other
1004640,Suppliers of CO2
1004640,Waste
1004641,Other
1004642,Petroleum and Natural Gas Systems
1004644,Waste
1004645,Waste
1004646,Waste
1004647,Petroleum and Natural Gas Systems
1004649,Metals
1004651,Petroleum and Natural Gas Systems
1004653,Waste
1004654,Petroleum and Natural Gas Systems
1004655,Waste
1004656,Other
1004657,Other
1004658,Other
1004659,Other
1004660,Minerals
1004663,Waste
1004666,Petroleum and Natural Gas Systems
1004667,Waste
1004668,Other
1004669,Chemicals
1004671,Other
1004672,Pulp and Paper
1004673,Waste
1004674,Petroleum and Natural Gas Systems
1004675,Petroleum and Natural Gas Systems
1004676,Waste
1004677,Other
1004679,Waste
1004680,Waste
1004681,Petroleum and Natural Gas Systems
1004682,Waste
1004683,Petroleum and Natural Gas Systems
1004685,Power Plants
1004686,Petroleum and Natural Gas Systems
1004687,Other
1004688,Petroleum and Natural Gas Systems
1004689,Petroleum and Natural Gas Systems
1004690,Petroleum and Natural Gas Systems
1004691,Waste
1004692,Waste
1004695,Other
1004696,Waste
1004697,Other
1004698,Other
1004699,Power Plants
1004700,Other
1004701,Chemicals
1004702,Other
1004703,Petroleum and Natural Gas Systems
1004704,Petroleum and Natural Gas Systems
1004705,Pulp and Paper
1004705,Waste
1004706,Petroleum and Natural Gas Systems
1004707,Waste
1004708,Other
1004709,Natural Gas and Natural Gas Liquids Suppliers
1004709,Petroleum and Natural Gas Systems
1004710,Waste
1004711,Waste
1004712,Petroleum and Natural Gas Systems
1004713,Other
1004714,Petroleum and Natural Gas Systems
1004715,Natural Gas and Natural Gas Liquids Suppliers
1004715,Petroleum and Natural Gas Systems
1004716,Waste
1004717,Minerals
1004718,Other
1004719,Power Plants
1004720,Other
1004721,Minerals
1004723,Metals
1004724,Minerals
1004725,Chemicals
1004725,Industrial Gas Suppliers
1004727,Petroleum and Natural Gas Systems
1004729,Metals
1004730,Metals
1004731,Other
1004732,Chemicals
1004734,Petroleum and Natural Gas Systems
1004735,Metals
1004735,Waste
1004736,Petroleum and Natural Gas Systems
1004737,Other
1004738,Other
1004740,Other
1004741,Waste
1004742,Waste
1004743,Waste
1004744,Natural Gas and Natural Gas Liquids Suppliers
1004744,Petroleum and Natural Gas Systems
1004745,Waste
1004746,Other
1004747,Other
1004748,Power Plants
1004749,Petroleum and Natural Gas Systems
1004750,Waste
1004751,Waste
1004752,Waste
1004753,Other
1004754,Metals
1004756,Other
1004757,Chemicals
1004758,Minerals
1004759,Waste
1004760,Power Plants
1004761,Other
1004761,Suppliers of CO2
1004762,Waste
1004764,Petroleum and Natural Gas Systems
1004765,Other
1004767,Other
1004769,Petroleum and Natural Gas Systems
1004770,Petroleum and Natural Gas Systems
1004771,Petroleum and Natural Gas Systems
1004772,Waste
1004773,Petroleum and Natural Gas Systems
1004774,Waste
1004775,Petroleum and Natural Gas Systems
1004776,Petroleum and Natural Gas Systems
1004777,Petroleum and Natural Gas Systems
1004778,Petroleum and Natural Gas Systems
1004779,Petroleum and Natural Gas Systems
1004780,Petroleum and Natural Gas Systems
1004781,Petroleum and Natural Gas Systems
1004782,Petroleum and Natural Gas Systems
1004783,Petroleum and Natural Gas Systems
1004784,Petroleum and Natural Gas Systems
1004785,Petroleum and Natural Gas Systems
1004786,Petroleum and Natural Gas Systems
1004787,Petroleum and Natural Gas Systems
1004788,Petroleum and Natural Gas Systems
1004789,Petroleum and Natural Gas Systems
1004790,Other
1004791,Chemicals
1004792,Other
1004793,Other
1004794,Petroleum and Natural Gas Systems
1004795,Waste
1004796,Other
1004797,Waste
1004798,Chemicals
1004799,Other
1004800,Other
1004801,Other
1004802,Petroleum and Natural Gas Systems
1004803,Waste
1004804,Other
1004806,Waste
1004807,Chemicals
1004808,Waste
1004809,Other
1004810,Minerals
1004811,Metals
1004812,Waste
1004813,Petroleum and Natural Gas Systems
1004814,Petroleum and Natural Gas Systems
1004815,Waste
1004816,Pulp and Paper
1004817,Other
1004818,Other
1004818,Suppliers of CO2
1004819,Minerals
1004820,Petroleum and Natural Gas Systems
1004821,Other
1004822,Petroleum and Natural Gas Systems
1004823,Waste
1004824,Petroleum and Natural Gas Systems
1004827,Injection of CO2
1004827,Petroleum and Natural Gas Systems
1004827,Suppliers of CO2
1004828,Waste
1004829,Chemicals
1004830,Power Plants
1004831,Waste
1004832,Other
1004833,Chemicals
1004834,Other
1004835,Other
1004836,Chemicals
1004836,Industrial Gas Suppliers
1004836,Minerals
1004837,Petroleum and Natural Gas Systems
1004840,Waste
1004841,Petroleum and Natural Gas Systems
1004842,Petroleum and Natural Gas Systems
1004843,Petroleum and Natural Gas Systems
1004844,Petroleum and Natural Gas Systems
1004845,Minerals
1004846,Petroleum and Natural Gas Systems
1004847,Waste
1004848,Waste
1004849,Petroleum and Natural Gas Systems
1004850,Waste
1004851,Petroleum and Natural Gas Systems
1004852,Minerals
1004853,Other
1004854,Other
1004856,Waste
1004858,Petroleum and Natural Gas Systems
1004859,Power Plants
1004860,Waste
1004861,Other
1004861,Suppliers of CO2
1004861,Waste
1004863,Waste
1004865,Waste
1004867,Chemicals
1004868,Waste
1004869,Chemicals
1004870,Minerals
1004873,Petroleum Product Suppliers
1004873,Petroleum and Natural Gas Systems
1004874,Pulp and Paper
1004874,Suppliers of CO2
1004874,Waste
1004876,Waste
1004877,Other
1004880,Chemicals
1004881,Waste
1004882,Waste
1004883,Other
1004884,Waste
1004885,Metals
1004886,Pulp and Paper
1004886,Waste
1004887,Waste
1004891,Refineries
1004893,Injection of CO2
1004893,Natural Gas and Natural Gas Liquids Suppliers
1004893,Petroleum and Natural Gas Systems
1004893,Suppliers of CO2
1004894,Waste
1004895,Pulp and Paper
1004897,Waste
1004898,Other
1004899,Minerals
1004900,Chemicals
1004901,Pulp and Paper
1004902,Other
1004902,Suppliers of CO2
1004903,Petroleum and Natural Gas Systems
1004904,Refineries
1004905,Petroleum and Natural Gas Systems
1004906,Petroleum and Natural Gas Systems
1004907,Metals
1004908,Petroleum and Natural Gas Systems
1004909,Pulp and Paper
1004911,Metals
1004912,Petroleum and Natural Gas Systems
1004913,Waste
1004914,Other
1004915,Other
1004916,Waste
1004917,Petroleum and Natural Gas Systems
1004918,Waste
1004919,Petroleum and Natural Gas Systems
1004922,Petroleum and Natural Gas Systems
1004923,Petroleum and Natural Gas Systems
1004924,Injection of CO2
1004924,Natural Gas and Natural Gas Liquids Suppliers
1004924,Petroleum and Natural Gas Systems
1004925,Petroleum and Natural Gas Systems
1004926,Petroleum and Natural Gas Systems
1004927,Petroleum and Natural Gas Systems
1004928,Petroleum and Natural Gas Systems
1004929,Petroleum and Natural Gas Systems
1004930,Petroleum and Natural Gas Systems
1004931,Waste
1004932,Petroleum and Natural Gas Systems
1004933,Petroleum and Natural Gas Systems
1004934,Petroleum and Natural Gas Systems
1004935,Petroleum and Natural Gas Systems
1004936,Waste
1004937,Petroleum and Natural Gas Systems
1004938,Petroleum and Natural Gas Systems
1004940,Petroleum and Natural Gas Systems
1004941,Minerals
1004942,Minerals
1004943,Minerals
1004944,Metals
1004945,Petroleum and Natural Gas Systems
1004946,Petroleum and Natural Gas Systems
1004947,Waste
1004948,Power Plants
1004949,Other
1004950,Other
1004951,Other
1004952,Other
1004952,Waste
1004953,Power Plants
1004956,Other
1004957,Chemicals
1004958,Waste
1004959,Waste
1004960,Other
1004961,Pulp and Paper
1004962,Chemicals
1004962,Waste
1004963,Waste
1004964,Power Plants
1004965,Metals
1004966,Injection of CO2
1004966,Petroleum and Natural Gas Systems
1004968,Waste
1004969,Waste
1004970,Natural Gas and Natural Gas Liquids Suppliers
1004970,Petroleum and Natural Gas Systems
1004972,Metals
1004973,Natural Gas and Natural Gas Liquids Suppliers
1004973,Petroleum and Natural Gas Systems
1004974,Power Plants
1004975,Petroleum and Natural Gas Systems
1004976,Waste
1004977,Petroleum and Natural Gas Systems
1004980,Waste
1004982,Pulp and Paper
1004983,Other
1004984,Other
1004984,Suppliers of CO2
1004985,Chemicals
1004987,Other
1004987,Waste
1004988,Other
1004989,Metals
1004990,Other
1004992,Petroleum and Natural Gas Systems
1004993,Waste
1004995,Petroleum and Natural Gas Systems
1004996,Other
1004997,Metals
1004998,Petroleum and Natural Gas Systems
1005000,Metals
1005001,Petroleum and Natural Gas Systems
1005002,Natural Gas and Natural Gas Liquids Suppliers
1005002,Petroleum and Natural Gas Systems
1005003,Metals
1005004,Petroleum and Natural Gas Systems
1005005,Metals
1005006,Metals
1005008,Petroleum and Natural Gas Systems
1005009,Pulp and Paper
1005010,Petroleum and Natural Gas Systems
1005011,Petroleum and Natural Gas Systems
1005012,Pulp and Paper
1005013,Petroleum and Natural Gas Systems
1005014,Petroleum and Natural Gas Systems
1005015,Petroleum and Natural Gas Systems
1005016,Petroleum and Natural Gas Systems
1005017,Petroleum and Natural Gas Systems
1005018,Petroleum and Natural Gas Systems
1005019,Other
1005020,Other
1005020,Suppliers of CO2
1005021,Metals
1005022,Other
1005023,Waste
1005024,Other
1005025,Metals
1005026,Waste
1005027,Petroleum and Natural Gas Systems
1005028,Petroleum and Natural Gas Systems
1005029,Petroleum and Natural Gas Systems
1005030,Minerals
1005031,Natural Gas and Natural Gas Liquids Suppliers
1005031,Petroleum and Natural Gas Systems
1005032,Waste
1005033,Other
1005034,Waste
1005035,Chemicals
1005036,Petroleum and Natural Gas Systems
1005037,Pulp and Paper
1005038,Pulp and Paper
1005038,Waste
1005039,Waste
1005040,Minerals
1005041,Waste
1005042,Waste
1005043,Other
1005044,Power Plants
1005045,Natural Gas and Natural Gas Liquids Suppliers
1005045,Petroleum and Natural Gas Systems
1005046,Minerals
1005048,Petroleum and Natural Gas Systems
1005050,Pulp and Paper
1005051,Other
1005052,Minerals
1005053,Other
1005054,Waste
1005055,Other
1005056,Waste
1005058,Petroleum and Natural Gas Systems
1005059,Minerals
1005060,Petroleum and Natural Gas Systems
1005061,Waste
1005062,Chemicals
1005062,Industrial Gas Suppliers
1005063,Petroleum and Natural Gas Systems
1005064,Waste
1005065,Waste
1005067,Petroleum and Natural Gas Systems
1005068,Other
1005069,Petroleum and Natural Gas Systems
1005070,Natural Gas and Natural Gas Liquids Suppliers
1005070,Petroleum and Natural Gas Systems
1005071,Petroleum and Natural Gas Systems
1005072,Chemicals
1005073,Pulp and Paper
1005074,Minerals
1005075,Other
1005076,Other
1005077,Chemicals
1005078,Petroleum and Natural Gas Systems
1005079,Petroleum and Natural Gas Systems
1005080,Natural Gas and Natural Gas Liquids Suppliers
1005080,Petroleum and Natural Gas Systems
1005081,Power Plants
1005083,Power Plants
1005084,Petroleum and Natural Gas Systems
1005086,Other
1005087,Power Plants
1005088,Power Plants
1005089,Waste
1005090,Waste
1005091,Other
1005092,Waste
1005094,Other
1005095,Other
1005096,Waste
1005097,Waste
1005103,Waste
1005105,Other
1005106,Minerals
1005107,Waste
1005108,Petroleum and Natural Gas Systems
1005109,Petroleum and Natural Gas Systems
1005110,Power Plants
1005111,Power Plants
1005112,Petroleum and Natural Gas Systems
1005114,Chemicals
1005115,Other
1005116,Metals
1005117,Waste
1005118,Power Plants
1005119,Other
1005121,Minerals
1005122,Minerals
1005123,Pulp and Paper
1005124,Other
1005125,Chemicals
1005125,Petroleum Product Suppliers
1005125,Refineries
1005126,Chemicals
1005127,Chemicals
1005128,Chemicals
1005130,Petroleum and Natural Gas Systems
1005131,Petroleum and Natural Gas Systems
1005132,Petroleum and Natural Gas Systems
1005133,Power Plants
1005136,Other
1005137,Waste
1005138,Waste
1005140,Petroleum and Natural Gas Systems
1005141,Other
1005144,Metals
1005146,Other
1005149,Other
1005150,Other
1005151,Petroleum and Natural Gas Systems
1005155,Waste
1005156,Chemicals
1005158,Waste
1005159,Petroleum and Natural Gas Systems
1005159,Suppliers of CO2
1005161,Waste
1005163,Metals
1005164,Natural Gas and Natural Gas Liquids Suppliers
1005164,Petroleum and Natural Gas Systems
1005164,Power Plants
1005165,Waste
1005166,Waste
1005167,Power Plants
1005170,Other
1005171,Waste
1005172,Waste
1005175,Minerals
1005177,Other
1005179,Waste
1005181,Petroleum and Natural Gas Systems
1005184,Other
1005185,Other
1005187,Other
1005190,Metals
1005195,Waste
1005196,Waste
1005197,Other
1005198,Chemicals
1005200,Other
1005202,Chemicals
1005202,Industrial Gas Suppliers
1005207,Other
1005208,Other
1005209,Petroleum and Natural Gas Systems
1005210,Power Plants
1005211,Other
1005213,Waste
1005214,Waste
1005215,Petroleum and Natural Gas Systems
1005217,Other
1005217,Suppliers of CO2
1005220,Other
1005224,Chemicals
1005225,Waste
1005229,Chemicals
1005231,Chemicals
1005233,Minerals
1005234,Other
1005234,Waste
1005235,Petroleum and Natural Gas Systems
1005236,Petroleum and Natural Gas Systems
1005238,Petroleum and Natural Gas Systems
1005240,Petroleum and Natural Gas Systems
1005241,Power Plants
1005242,Petroleum and Natural Gas Systems
1005243,Petroleum and Natural Gas Systems
1005244,Petroleum and Natural Gas Systems
1005245,Petroleum and Natural Gas Systems
1005248,Petroleum and Natural Gas Systems
1005249,Petroleum and Natural Gas Systems
1005251,Petroleum and Natural Gas Systems
1005252,Waste
1005253,Waste
1005254,Waste
1005255,Waste
1005256,Petroleum and Natural Gas Systems
1005257,Waste
1005258,Waste
1005259,Waste
1005260,Waste
1005261,Waste
1005263,Minerals
1005264,Other
1005265,Waste
1005266,Waste
1005267,Power Plants
1005268,Power Plants
1005269,Waste
1005270,Waste
1005271,Waste
1005274,Waste
1005275,Petroleum and Natural Gas Systems
1005276,Metals
1005277,Other
1005278,Other
1005280,Waste
1005281,Waste
1005282,Waste
1005283,Metals
1005284,Chemicals
1005285,Petroleum and Natural Gas Systems
1005286,Other
1005286,Waste
1005287,Other
1005288,Minerals
1005292,Chemicals
1005293,Pulp and Paper
1005294,Metals
1005295,Waste
1005297,Other
1005298,Other
1005299,Minerals
1005300,Waste
1005302,Minerals
1005303,Metals
1005305,Other
1005306,Other
1005306,Suppliers of CO2
1005307,Other
1005308,Other
1005310,Power Plants
1005311,Other
1005312,Chemicals
1005313,Waste
1005314,Waste
1005315,Petroleum and Natural Gas Systems
1005316,Waste
1005317,Petroleum and Natural Gas Systems
1005318,Waste
1005319,Waste
1005321,Natural Gas and Natural Gas Liquids Suppliers
1005321,Petroleum and Natural Gas Systems
1005322,Other
1005323,Minerals
1005325,Petroleum and Natural Gas Systems
1005326,Other
1005327,Metals
1005328,Waste
1005329,Petroleum and Natural Gas Systems
1005331,Minerals
1005332,Petroleum and Natural Gas Systems
1005335,Waste
1005337,Other
1005338,Metals
1005339,Other
1005340,Chemicals
1005341,Other
1005342,Chemicals
1005344,Metals
1005345,Pulp and Paper
1005346,Metals
1005347,Waste
1005348,Chemicals
1005349,Waste
1005350,Other
1005351,Other
1005352,Minerals
1005353,Other
1005354,Minerals
1005355,Power Plants
1005356,Waste
1005357,Petroleum and Natural Gas Systems
1005358,Minerals
1005360,Minerals
1005361,Other
1005362,Power Plants
1005363,Petroleum and Natural Gas Systems
1005365,Waste
1005366,Power Plants
1005367,Other
1005368,Waste
1005369,Other
1005371,Waste
1005372,Petroleum and Natural Gas Systems
1005373,Petroleum and Natural Gas Systems
1005374,Other
1005378,Chemicals
1005379,Waste
1005382,Other
1005383,Other
1005383,Waste
1005384,Waste
1005385,Metals
1005386,Other
1005387,Petroleum and Natural Gas Systems
1005388,Petroleum and Natural Gas Systems
1005389,Minerals
1005390,Petroleum Product Suppliers
1005390,Refineries
1005391,Petroleum and Natural Gas Systems
1005392,Waste
1005393,Petroleum and Natural Gas Systems
1005395,Power Plants
1005397,Waste
1005399,Power Plants
1005401,Petroleum and Natural Gas Systems
1005402,Petroleum and Natural Gas Systems
1005404,Petroleum and Natural Gas Systems
1005405,Petroleum and Natural Gas Systems
1005406,Petroleum and Natural Gas Systems
1005409,Petroleum and Natural Gas Systems
1005410,Petroleum and Natural Gas Systems
1005412,Waste
1005413,Chemicals
1005415,Other
1005415,Waste
1005416,Other
1005417,Other
1005418,Other
1005419,Waste
1005420,Petroleum and Natural Gas Systems
1005420,Power Plants
1005422,Pulp and Paper
1005423,Metals
1005424,Other
1005425,Other
1005429,Petroleum and Natural Gas Systems
1005430,Petroleum and Natural Gas Systems
1005431,Petroleum and Natural Gas Systems
1005431,Suppliers of CO2
1005432,Other
1005434,Other
1005435,Petroleum and Natural Gas Systems
1005438,Other
1005439,Other
1005440,Waste
1005442,Other
1005443,Other
1005445,Other
1005446,Natural Gas and Natural Gas Liquids Suppliers
1005446,Petroleum and Natural Gas Systems
1005447,Other
1005448,Other
1005449,Power Plants
1005450,Petroleum and Natural Gas Systems
1005451,Petroleum and Natural Gas Systems
1005453,Petroleum and Natural Gas Systems
1005455,Other
1005457,Other
1005458,Minerals
1005459,Import and Export of Equipment Containing Fluorinated GHGs
1005459,Industrial Gas Suppliers
1005459,Other
1005461,Waste
1005462,Waste
1005463,Other
1005464,Other
1005465,Chemicals
1005466,Waste
1005467,Chemicals
1005469,Power Plants
1005470,Power Plants
1005471,Other
1005472,Petroleum and Natural Gas Systems
1005473,Minerals
1005476,Other
1005477,Petroleum and Natural Gas Systems
1005478,Waste
1005479,Other
1005480,Waste
1005481,Petroleum and Natural Gas Systems
1005482,Waste
1005483,Import and Export of Equipment Containing Fluorinated GHGs
1005483,Other
1005484,Other
1005485,Other
1005488,Waste
1005489,Petroleum and Natural Gas Systems
1005490,Power Plants
1005491,Metals
1005492,Other
1005493,Waste
1005494,Other
1005495,Other
1005496,Refineries
1005501,Other
1005502,Chemicals
1005502,Suppliers of CO2
1005503,Chemicals
1005504,Power Plants
1005505,Other
1005506,Chemicals
1005507,Minerals
1005508,Other
1005509,Other
1005510,Power Plants
1005512,Other
1005513,Other
1005515,Metals
1005516,Metals
1005517,Other
1005518,Waste
1005520,Other
1005520,Waste
1005521,Other
1005522,Other
1005523,Chemicals
1005524,Waste
1005525,Power Plants
1005526,Other
1005527,Metals
1005528,Waste
1005529,Other
1005530,Waste
1005531,Petroleum and Natural Gas Systems
1005533,Petroleum and Natural Gas Systems
1005534,Metals
1005535,Waste
1005536,Metals
1005537,Metals
1005539,Power Plants
1005540,Power Plants
1005541,Power Plants
1005544,Other
1005545,Waste
1005546,Other
1005547,Metals
1005548,Other
1005549,Waste
1005550,Petroleum and Natural Gas Systems
1005551,Other
1005552,Metals
1005553,Other
1005554,Other
1005556,Other
1005558,Minerals
1005559,Metals
1005560,Other
1005561,Other
1005564,Chemicals
1005565,Power Plants
1005566,Power Plants
1005567,Other
1005569,Petroleum and Natural Gas Systems
1005570,Petroleum and Natural Gas Systems
1005572,Petroleum and Natural Gas Systems
1005573,Chemicals
1005574,Other
1005577,Chemicals
1005578,Other
1005579,Pulp and Paper
1005579,Waste
1005580,Other
1005583,Waste
1005584,Metals
1005585,Other
1005585,Petroleum Product Suppliers
1005585,Power Plants
1005585,Refineries
1005586,Other
1005586,Waste
1005587,Other
1005588,Metals
1005589,Power Plants
1005590,Petroleum Product Suppliers
1005590,Refineries
1005592,Minerals
1005594,Waste
1005598,Metals
1005599,Other
1005601,Minerals
1005602,Metals
1005604,Chemicals
1005604,Waste
1005608,Chemicals
1005614,Metals
1005615,Metals
1005619,Waste
1005620,Power Plants
1005621,Minerals
1005622,Minerals
1005623,Other
1005624,Other
1005625,Power Plants
1005626,Other
1005628,Power Plants
1005629,Minerals
1005630,Waste
1005631,Petroleum and Natural Gas Systems
1005633,Waste
1005635,Petroleum and Natural Gas Systems
1005636,Other
1005637,Power Plants
1005638,Waste
1005639,Minerals
1005640,Chemicals
1005641,Injection of CO2
1005641,Petroleum and Natural Gas Systems
1005641,Suppliers of CO2
1005644,Other
1005645,Petroleum and Natural Gas Systems
1005646,Petroleum and Natural Gas Systems
1005648,Other
1005649,Petroleum and Natural Gas Systems
1005650,Petroleum and Natural Gas Systems
1005651,Other
1005652,Waste
1005653,Pulp and Paper
1005654,Waste
1005655,Other
1005656,Waste
1005657,Other
1005658,Other
1005659,Other
1005660,Other
1005661,Injection of CO2
1005661,Other
1005661,Suppliers of CO2
1005661,Waste
1005662,Minerals
1005663,Petroleum and Natural Gas Systems
1005665,Waste
1005666,Waste
1005667,Power Plants
1005668,Other
1005669,Pulp and Paper
1005671,Power Plants
1005672,Power Plants
1005673,Waste
1005674,Petroleum and Natural Gas Systems
1005675,Chemicals
1005677,Other
1005678,Petroleum and Natural Gas Systems
1005679,Other
1005680,Waste
1005683,Other
1005684,Petroleum and Natural Gas Systems
1005686,Other
1005686,Waste
1005687,Petroleum and Natural Gas Systems
1005688,Petroleum and Natural Gas Systems
1005691,Injection of CO2
1005691,Petroleum and Natural Gas Systems
1005692,Petroleum and Natural Gas Systems
1005693,Petroleum and Natural Gas Systems
1005694,Other
1005695,Waste
1005696,Petroleum and Natural Gas Systems
1005697,Waste
1005699,Other
1005700,Metals
1005702,Power Plants
1005703,Petroleum and Natural Gas Systems
1005704,Other
1005705,Petroleum and Natural Gas Systems
1005706,Pulp and Paper
1005707,Minerals
1005707,Waste
1005709,Power Plants
1005710,Waste
1005711,Power Plants
1005712,Minerals
1005713,Power Plants
1005714,Power Plants
1005715,Waste
1005716,Petroleum and Natural Gas Systems
1005717,Waste
1005718,Waste
1005719,Waste
1005720,Minerals
1005721,Chemicals
1005721,Industrial Gas Suppliers
1005722,Petroleum and Natural Gas Systems
1005723,Petroleum and Natural Gas Systems
1005725,Minerals
1005726,Petroleum and Natural Gas Systems
1005727,Other
1005728,Petroleum and Natural Gas Systems
1005729,Waste
1005730,Waste
1005731,Power Plants
1005732,Pulp and Paper
1005732,Waste
1005733,Waste
1005734,Other
1005736,Petroleum and Natural Gas Systems
1005737,Power Plants
1005738,Pulp and Paper
1005738,Waste
1005739,Petroleum and Natural Gas Systems
1005740,Petroleum and Natural Gas Systems
1005742,Minerals
1005743,Petroleum Product Suppliers
1005743,Refineries
1005744,Chemicals
1005745,Minerals
1005746,Other
1005746,Waste
1005749,Petroleum and Natural Gas Systems
1005751,Minerals
1005751,Waste
1005752,Metals
1005753,Minerals
1005753,Waste
1005754,Other
1005755,Metals
1005756,Power Plants
1005757,Petroleum and Natural Gas Systems
1005758,Minerals
1005759,Other
1005761,Other
1005764,Other
1005766,Chemicals
1005766,Suppliers of CO2
1005767,Waste
1005768,Pulp and Paper
1005769,Petroleum Product Suppliers
1005769,Refineries
1005770,Natural Gas and Natural Gas Liquids Suppliers
1005770,Petroleum and Natural Gas Systems
1005771,Petroleum and Natural Gas Systems
1005772,Minerals
1005773,Minerals
1005774,Power Plants
1005775,Power Plants
1005777,Metals
1005777,Waste
1005778,Power Plants
1005779,Natural Gas and Natural Gas Liquids Suppliers
1005779,Petroleum and Natural Gas Systems
1005780,Other
1005781,Other
1005782,Waste
1005783,Waste
1005784,Power Plants
1005785,Other
1005786,Waste
1005788,Chemicals
1005788,Suppliers of CO2
1005789,Petroleum Product Suppliers
1005789,Refineries
1005790,Petroleum and Natural Gas Systems
1005791,Other
1005793,Petroleum and Natural Gas Systems
1005794,Petroleum and Natural Gas Systems
1005795,Waste
1005797,Other
1005798,Power Plants
1005799,Power Plants
1005800,Metals
1005801,Metals
1005802,Power Plants
1005803,Petroleum Product Suppliers
1005803,Refineries
1005804,Petroleum and Natural Gas Systems
1005805,Petroleum and Natural Gas Systems
1005806,Petroleum and Natural Gas Systems
1005807,Power Plants
1005808,Other
1005809,Chemicals
1005810,Waste
1005811,Petroleum and Natural Gas Systems
1005812,Other
1005813,Other
1005814,Metals
1005815,Petroleum and Natural Gas Systems
1005816,Petroleum and Natural Gas Systems
1005817,Chemicals
1005818,Petroleum and Natural Gas Systems
1005820,Waste
1005821,Waste
1005822,Power Plants
1005823,Chemicals
1005824,Minerals
1005825,Waste
1005826,Other
1005827,Waste
1005828,Minerals
1005830,Power Plants
1005831,Power Plants
1005832,Metals
1005833,Minerals
1005834,Waste
1005835,Minerals
1005837,Power Plants
1005838,Pulp and Paper
1005839,Waste
1005840,Waste
1005841,Other
1005842,Power Plants
1005843,Power Plants
1005844,Waste
1005845,Petroleum and Natural Gas Systems
1005846,Petroleum and Natural Gas Systems
1005847,Petroleum and Natural Gas Systems
1005848,Petroleum and Natural Gas Systems
1005849,Other
1005850,Chemicals
1005851,Other
1005852,Chemicals
1005853,Other
1005853,Suppliers of CO2
1005855,Minerals
1005856,Natural Gas and Natural Gas Liquids Suppliers
1005856,Petroleum and Natural Gas Systems
1005857,Petroleum and Natural Gas Systems
1005858,Petroleum and Natural Gas Systems
1005859,Power Plants
1005860,Waste
1005861,Petroleum and Natural Gas Systems
1005862,Other
1005863,Power Plants
1005864,Minerals
1005865,Waste
1005866,Chemicals
1005867,Chemicals
1005867,Suppliers of CO2
1005868,Other
1005870,Waste
1005871,Power Plants
1005872,Chemicals
1005873,Waste
1005874,Minerals
1005877,Power Plants
1005878,Waste
1005879,Chemicals
1005879,Petroleum Product Suppliers
1005879,Refineries
1005880,Other
1005881,Petroleum and Natural Gas Systems
1005882,Petroleum and Natural Gas Systems
1005883,Petroleum and Natural Gas Systems
1005885,Petroleum and Natural Gas Systems
1005886,Power Plants
1005887,Petroleum and Natural Gas Systems
1005888,Petroleum and Natural Gas Systems
1005889,Petroleum and Natural Gas Systems
1005890,Petroleum and Natural Gas Systems
1005891,Waste
1005892,Waste
1005893,Waste
1005894,Waste
1005895,Waste
1005896,Waste
1005897,Injection of CO2
1005897,Petroleum and Natural Gas Systems
1005898,Waste
1005899,Petroleum Product Suppliers
1005899,Refineries
1005900,Waste
1005901,Waste
1005902,Power Plants
1005903,Petroleum Product Suppliers
1005903,Refineries
1005905,Power Plants
1005906,Minerals
1005907,Metals
1005909,Pulp and Paper
1005909,Waste
1005910,Waste
1005911,Chemicals
1005911,Petroleum Product Suppliers
1005911,Refineries
1005912,Waste
1005913,Power Plants
1005915,Minerals
1005916,Waste
1005917,Power Plants
1005918,Metals
1005919,Minerals
1005920,Waste
1005921,Power Plants
1005922,Waste
1005923,Power Plants
1005924,Chemicals
1005924,Suppliers of CO2
1005925,Petroleum and Natural Gas Systems
1005927,Other
1005928,Waste
1005929,Other
1005930,Other
1005931,Petroleum and Natural Gas Systems
1005932,Petroleum and Natural Gas Systems
1005933,Petroleum and Natural Gas Systems
1005934,Petroleum and Natural Gas Systems
1005935,Other
1005936,Petroleum and Natural Gas Systems
1005937,Other
1005938,Pulp and Paper
1005939,Petroleum and Natural Gas Systems
1005940,Other
1005941,Chemicals
1005942,Waste
1005944,Chemicals
1005945,Power Plants
1005946,Minerals
1005947,Chemicals
1005948,Pulp and Paper
1005948,Waste
1005949,Power Plants
1005950,Waste
1005951,Petroleum and Natural Gas Systems
1005953,Petroleum and Natural Gas Systems
1005954,Other
1005955,Waste
1005956,Minerals
1005957,Petroleum and Natural Gas Systems
1005958,Petroleum and Natural Gas Systems
1005959,Pulp and Paper
1005960,Other
1005960,Suppliers of CO2
1005963,Petroleum and Natural Gas Systems
1005964,Waste
1005965,Natural Gas and Natural Gas Liquids Suppliers
1005965,Petroleum and Natural Gas Systems
1005966,Petroleum Product Suppliers
1005966,Refineries
1005967,Petroleum and Natural Gas Systems
1005968,Metals
1005969,Other
1005970,Pulp and Paper
1005971,Petroleum and Natural Gas Systems
1005972,Power Plants
1005973,Waste
1005974,Power Plants
1005975,Power Plants
1005976,Metals
1005977,Minerals
1005978,Minerals
1005979,Pulp and Paper
1005980,Pulp and Paper
1005981,Other
1005983,Petroleum and Natural Gas Systems
1005984,Minerals
1005985,Waste
1005986,Petroleum and Natural Gas Systems
1005987,Minerals
1005988,Other
1005989,Petroleum and Natural Gas Systems
1005990,Metals
1005990,Waste
1005991,Pulp and Paper
1005992,Petroleum Product Suppliers
1005992,Refineries
1005993,Waste
1005994,Pulp and Paper
1005994,Waste
1005995,Power Plants
1005996,Power Plants
1005997,Chemicals
1005997,Petroleum Product Suppliers
1005997,Refineries
1005998,Pulp and Paper
1005998,Waste
1005999,Metals
1006000,Other
1006001,Petroleum and Natural Gas Systems
1006002,Other
1006003,Petroleum and Natural Gas Systems
1006004,Petroleum and Natural Gas Systems
1006005,Chemicals
1006005,Suppliers of CO2
1006006,Other
1006007,Other
1006008,Other
1006009,Other
1006010,Chemicals
1006011,Other
1006012,Petroleum Product Suppliers
1006012,Refineries
1006013,Metals
1006014,Power Plants
1006015,Metals
1006016,Petroleum and Natural Gas Systems
1006018,Other
1006019,Minerals
1006021,Waste
1006022,Other
1006022,Suppliers of CO2
1006023,Chemicals
1006024,Power Plants
1006025,Waste
1006026,Waste
1006027,Other
1006028,Waste
1006029,Petroleum and Natural Gas Systems
1006030,Other
1006030,Suppliers of CO2
1006031,Petroleum and Natural Gas Systems
1006032,Petroleum Product Suppliers
1006032,Refineries
1006033,Waste
1006035,Power Plants
1006036,Waste
1006037,Chemicals
1006037,Suppliers of CO2
1006038,Waste
1006039,Refineries
1006040,Power Plants
1006041,Metals
1006041,Waste
1006042,Petroleum and Natural Gas Systems
1006044,Waste
1006045,Metals
1006046,Chemicals
1006047,Other
1006047,Waste
1006048,Pulp and Paper
1006049,Waste
1006050,Minerals
1006051,Minerals
1006052,Pulp and Paper
1006053,Minerals
1006054,Other
1006055,Other
1006056,Waste
1006057,Waste
1006058,Minerals
1006059,Petroleum and Natural Gas Systems
1006060,Minerals
1006061,Pulp and Paper
1006062,Petroleum Product Suppliers
1006062,Refineries
1006063,Other
1006064,Waste
1006065,Pulp and Paper
1006066,Other
1006067,Chemicals
1006068,Petroleum Product Suppliers
1006068,Refineries
1006069,Power Plants
1006070,Chemicals
1006070,Industrial Gas Suppliers
1006071,Waste
1006072,Power Plants
1006073,Other
1006074,Petroleum and Natural Gas Systems
1006075,Other
1006077,Minerals
1006078,Petroleum Product Suppliers
1006078,Refineries
1006079,Waste
1006080,Pulp and Paper
1006081,Other
1006081,Waste
1006082,Minerals
1006083,Other
1006083,Suppliers of CO2
1006084,Other
1006085,Power Plants
1006086,Other
1006087,Natural Gas and Natural Gas Liquids Suppliers
1006087,Petroleum and Natural Gas Systems
1006088,Waste
1006089,Waste
1006090,Waste
1006093,Other
1006095,Pulp and Paper
1006095,Suppliers of CO2
1006095,Waste
1006096,Waste
1006097,Power Plants
1006098,Power Plants
1006099,Petroleum Product Suppliers
1006099,Refineries
1006100,Chemicals
1006101,Power Plants
1006102,Pulp and Paper
1006103,Waste
1006104,Other
1006105,Power Plants
1006107,Waste
1006108,Minerals
1006109,Petroleum and Natural Gas Systems
1006110,Minerals
1006111,Other
1006112,Minerals
1006113,Power Plants
1006114,Other
1006115,Chemicals
1006116,Power Plants
1006117,Waste
1006118,Waste
1006119,Waste
1006120,Other
1006121,Other
1006121,Waste
1006122,Petroleum and Natural Gas Systems
1006123,Minerals
1006124,Petroleum and Natural Gas Systems
1006125,Petroleum and Natural Gas Systems
1006126,Other
1006128,Chemicals
1006129,Pulp and Paper
1006130,Petroleum and Natural Gas Systems
1006131,Petroleum and Natural Gas Systems
1006132,Waste
1006133,Chemicals
1006135,Waste
1006136,Minerals
1006137,Minerals
1006138,Other
1006139,Power Plants
1006140,Waste
1006141,Other
1006142,Chemicals
1006143,Petroleum and Natural Gas Systems
1006144,Metals
1006145,Chemicals
1006145,Industrial Gas Suppliers
1006146,Other
1006147,Other
1006147,Suppliers of CO2
1006148,Petroleum and Natural Gas Systems
1006149,Waste
1006150,Other
1006151,Petroleum and Natural Gas Systems
1006152,Petroleum and Natural Gas Systems
1006153,Waste
1006154,Petroleum and Natural Gas Systems
1006155,Other
1006155,Waste
1006156,Petroleum and Natural Gas Systems
1006159,Metals
1006160,Petroleum and Natural Gas Systems
1006161,Metals
1006162,Other
1006163,Other
1006164,Minerals
1006165,Petroleum and Natural Gas Systems
1006166,Petroleum and Natural Gas Systems
1006167,Petroleum and Natural Gas Systems
1006168,Petroleum and Natural Gas Systems
1006172,Power Plants
1006173,Waste
1006174,Power Plants
1006175,Power Plants
1006176,Waste
1006177,Waste
1006178,Waste
1006179,Waste
1006182,Waste
1006183,Waste
1006184,Petroleum and Natural Gas Systems
1006185,Minerals
1006186,Waste
1006187,Other
1006189,Refineries
1006189,Waste
1006190,Other
1006191,Waste
1006193,Pulp and Paper
1006194,Power Plants
1006196,Waste
1006197,Waste
1006199,Other
1006201,Waste
1006202,Minerals
1006203,Other
1006203,Suppliers of CO2
1006204,Waste
1006205,Power Plants
1006206,Other
1006207,Waste
1006208,Other
1006208,Waste
1006209,Pulp and Paper
1006209,Waste
1006210,Power Plants
1006211,Minerals
1006212,Minerals
1006213,Other
1006214,Other
1006215,Waste
1006216,Waste
1006217,Power Plants
1006218,Waste
1006219,Waste
1006220,Power Plants
1006221,Waste
1006223,Waste
1006224,Waste
1006225,Injection of CO2
1006225,Petroleum and Natural Gas Systems
1006226,Petroleum and Natural Gas Systems
1006227,Waste
1006228,Waste
1006229,Waste
1006231,Minerals
1006232,Petroleum and Natural Gas Systems
1006233,Other
1006234,Minerals
1006235,Other
1006236,Other
1006238,Waste
1006239,Other
1006242,Chemicals
1006243,Minerals
1006244,Petroleum and Natural Gas Systems
1006245,Other
1006246,Other
1006247,Minerals
1006248,Minerals
1006249,Petroleum and Natural Gas Systems
1006250,Petroleum and Natural Gas Systems
1006251,Waste
1006252,Waste
1006253,Metals
1006255,Petroleum and Natural Gas Systems
1006256,Pulp and Paper
1006256,Waste
1006257,Waste
1006258,Other
1006259,Other
1006260,Waste
1006261,Waste
1006262,Pulp and Paper
1006262,Waste
1006263,Minerals
1006264,Other
1006265,Petroleum and Natural Gas Systems
1006267,Waste
1006268,Other
1006269,Metals
1006270,Natural Gas and Natural Gas Liquids Suppliers
1006270,Petroleum and Natural Gas Systems
1006272,Other
1006273,Other
1006274,Other
1006275,Chemicals
1006276,Waste
1006277,Waste
1006279,Waste
1006280,Waste
1006281,Other
1006282,Waste
1006283,Waste
1006285,Waste
1006286,Waste
1006287,Chemicals
1006288,Power Plants
1006289,Waste
1006290,Power Plants
1006291,Waste
1006292,Waste
1006293,Waste
1006294,Waste
1006296,Other
1006297,Petroleum and Natural Gas Systems
1006298,Power Plants
1006300,Waste
1006301,Chemicals
1006301,Petroleum Product Suppliers
1006301,Refineries
1006301,Waste
1006302,Waste
1006303,Waste
1006304,Waste
1006306,Waste
1006307,Petroleum Product Suppliers
1006307,Refineries
1006308,Petroleum and Natural Gas Systems
1006309,Petroleum and Natural Gas Systems
1006310,Natural Gas and Natural Gas Liquids Suppliers
1006310,Petroleum and Natural Gas Systems
1006311,Natural Gas and Natural Gas Liquids Suppliers
1006311,Petroleum and Natural Gas Systems
1006312,Minerals
1006313,Other
1006314,Chemicals
1006314,Industrial Gas Suppliers
1006316,Petroleum and Natural Gas Systems
1006317,Petroleum and Natural Gas Systems
1006318,Power Plants
1006319,Minerals
1006319,Waste
1006321,Petroleum and Natural Gas Systems
1006322,Waste
1006323,Petroleum and Natural Gas Systems
1006324,Minerals
1006325,Metals
1006328,Waste
1006330,Other
1006331,Petroleum and Natural Gas Systems
1006332,Petroleum and Natural Gas Systems
1006335,Waste
1006336,Minerals
1006338,Chemicals
1006339,Waste
1006340,Waste
1006341,Metals
1006342,Petroleum and Natural Gas Systems
1006343,Minerals
1006344,Waste
1006345,Waste
1006346,Other
1006347,Other
1006348,Waste
1006349,Waste
1006350,Waste
1006351,Waste
1006354,Minerals
1006354,Waste
1006355,Other
1006356,Other
1006357,Power Plants
1006358,Waste
1006359,Petroleum and Natural Gas Systems
1006360,Pulp and Paper
1006361,Chemicals
1006362,Minerals
1006363,Minerals
1006364,Other
1006366,Pulp and Paper
1006367,Pulp and Paper
1006367,Waste
1006368,Petroleum and Natural Gas Systems
1006369,Waste
1006370,Minerals
1006371,Other
1006372,Petroleum and Natural Gas Systems
1006373,Natural Gas and Natural Gas Liquids Suppliers
1006373,Petroleum and Natural Gas Systems
1006374,Petroleum and Natural Gas Systems
1006375,Petroleum and Natural Gas Systems
1006376,Petroleum and Natural Gas Systems
1006377,Pulp and Paper
1006378,Other
1006379,Petroleum and Natural Gas Systems
1006381,Petroleum and Natural Gas Systems
1006383,Waste
1006384,Power Plants
1006385,Petroleum and Natural Gas Systems
1006386,Petroleum and Natural Gas Systems
1006387,Petroleum and Natural Gas Systems
1006388,Petroleum Product Suppliers
1006388,Refineries
1006389,Waste
1006390,Waste
1006391,Metals
1006392,Petroleum and Natural Gas Systems
1006393,Power Plants
1006394,Petroleum and Natural Gas Systems
1006395,Chemicals
1006395,Petroleum Product Suppliers
1006395,Refineries
1006396,Petroleum and Natural Gas Systems
1006397,Minerals
1006398,Petroleum and Natural Gas Systems
1006401,Minerals
1006402,Chemicals
1006402,Suppliers of CO2
1006403,Power Plants
1006404,Petroleum and Natural Gas Systems
1006405,Petroleum and Natural Gas Systems
1006406,Waste
1006407,Natural Gas and Natural Gas Liquids Suppliers
1006407,Petroleum and Natural Gas Systems
1006408,Power Plants
1006409,Power Plants
1006411,Other
1006412,Minerals
1006412,Waste
1006413,Power Plants
1006414,Other
1006415,Chemicals
1006415,Suppliers of CO2
1006416,Other
1006417,Waste
1006418,Waste
1006420,Petroleum and Natural Gas Systems
1006421,Waste
1006422,Power Plants
1006423,Pulp and Paper
1006425,Other
1006425,Waste
1006426,Power Plants
1006427,Metals
1006428,Chemicals
1006430,Chemicals
1006431,Petroleum and Natural Gas Systems
1006432,Petroleum and Natural Gas Systems
1006433,Petroleum and Natural Gas Systems
1006434,Petroleum and Natural Gas Systems
1006435,Chemicals
1006436,Metals
1006440,Petroleum and Natural Gas Systems
1006442,Other
1006443,Power Plants
1006444,Petroleum Product Suppliers
1006444,Refineries
1006445,Other
1006446,Other
1006447,Other
1006448,Petroleum Product Suppliers
1006448,Refineries
1006449,Minerals
1006450,Minerals
1006451,Petroleum Product Suppliers
1006451,Refineries
1006452,Other
1006453,Other
1006454,Pulp and Paper
1006455,Other
1006459,Waste
1006461,Natural Gas and Natural Gas Liquids Suppliers
1006461,Petroleum and Natural Gas Systems
1006462,Waste
1006463,Other
1006464,Waste
1006465,Waste
1006466,Pulp and Paper
1006467,Chemicals
1006468,Chemicals
1006468,Petroleum Product Suppliers
1006468,Refineries
1006468,Suppliers of CO2
1006469,Other
1006469,Waste
1006470,Waste
1006472,Petroleum and Natural Gas Systems
1006473,Metals
1006474,Other
1006475,Petroleum and Natural Gas Systems
1006479,Other
1006481,Petroleum and Natural Gas Systems
1006482,Other
1006483,Petroleum and Natural Gas Systems
1006485,Waste
1006486,Natural Gas and Natural Gas Liquids Suppliers
1006486,Power Plants
1006487,Metals
1006488,Metals
1006489,Other
1006490,Other
1006491,Other
1006493,Power Plants
1006494,Petroleum and Natural Gas Systems
1006495,Petroleum and Natural Gas Systems
1006496,Petroleum and Natural Gas Systems
1006497,Petroleum and Natural Gas Systems
1006499,Chemicals
1006499,Petroleum Product Suppliers
1006499,Refineries
1006500,Chemicals
1006500,Petroleum Product Suppliers
1006500,Refineries
1006501,Waste
1006502,Power Plants
1006503,Petroleum and Natural Gas Systems
1006504,Other
1006505,Petroleum and Natural Gas Systems
1006506,Power Plants
1006507,Power Plants
1006508,Petroleum Product Suppliers
1006508,Refineries
1006509,Power Plants
1006510,Power Plants
1006511,Power Plants
1006512,Power Plants
1006513,Waste
1006514,Waste
1006516,Power Plants
1006517,Petroleum and Natural Gas Systems
1006519,Petroleum and Natural Gas Systems
1006520,Pulp and Paper
1006521,Waste
1006522,Waste
1006523,Petroleum and Natural Gas Systems
1006525,Other
1006528,Petroleum and Natural Gas Systems
1006529,Waste
1006530,Metals
1006531,Petroleum Product Suppliers
1006531,Refineries
1006532,Waste
1006533,Power Plants
1006534,Other
1006535,Metals
1006536,Metals
1006538,Waste
1006539,Power Plants
1006540,Other
1006541,Other
1006542,Power Plants
1006543,Chemicals
1006544,Waste
1006545,Waste
1006548,Petroleum and Natural Gas Systems
1006549,Power Plants
1006550,Waste
1006551,Minerals
1006552,Other
1006552,Waste
1006553,Power Plants
1006554,Power Plants
1006555,Petroleum and Natural Gas Systems
1006556,Power Plants
1006557,Waste
1006558,Pulp and Paper
1006559,Petroleum and Natural Gas Systems
1006560,Power Plants
1006561,Waste
1006562,Chemicals
1006563,Power Plants
1006564,Petroleum and Natural Gas Systems
1006565,Chemicals
1006566,Power Plants
1006568,Other
1006569,Petroleum and Natural Gas Systems
1006570,Other
1006571,Other
1006572,Minerals
1006573,Other
1006574,Power Plants
1006575,Chemicals
1006575,Suppliers of CO2
1006577,Power Plants
1006578,Petroleum and Natural Gas Systems
1006580,Other
1006581,Other
1006582,Other
1006585,Metals
1006586,Petroleum and Natural Gas Systems
1006587,Power Plants
1006589,Power Plants
1006590,Petroleum and Natural Gas Systems
1006591,Power Plants
1006592,Petroleum and Natural Gas Systems
1006593,Power Plants
1006594,Other
1006597,Waste
1006599,Natural Gas and Natural Gas Liquids Suppliers
1006599,Petroleum and Natural Gas Systems
1006602,Power Plants
1006603,Petroleum and Natural Gas Systems
1006604,Petroleum and Natural Gas Systems
1006605,Petroleum and Natural Gas Systems
1006606,Other
1006608,Pulp and Paper
1006609,Other
1006610,Petroleum and Natural Gas Systems
1006611,Other
1006614,Other
1006617,Other
1006619,Waste
1006621,Chemicals
1006623,Other
1006625,Other
1006626,Pulp and Paper
1006627,Chemicals
1006627,Other
1006627,Refineries
1006627,Suppliers of CO2
1006628,Power Plants
1006629,Petroleum and Natural Gas Systems
1006630,Power Plants
1006631,Power Plants
1006632,Power Plants
1006633,Power Plants
1006634,Waste
1006636,Petroleum and Natural Gas Systems
1006637,Other
1006638,Petroleum and Natural Gas Systems
1006639,Petroleum and Natural Gas Systems
1006640,Petroleum and Natural Gas Systems
1006642,Minerals
1006643,Minerals
1006644,Chemicals
1006645,Power Plants
1006646,Other
1006647,Waste
1006649,Power Plants
1006649,Waste
1006650,Power Plants
1006651,Other
1006652,Power Plants
1006653,Minerals
1006654,Power Plants
1006655,Other
1006656,Chemicals
1006656,Suppliers of CO2
1006657,Power Plants
1006659,Minerals
1006660,Power Plants
1006661,Waste
1006662,Other
1006663,Power Plants
1006664,Chemicals
1006665,Chemicals
1006665,Industrial Gas Suppliers
1006666,Metals
1006667,Other
1006668,Pulp and Paper
1006668,Waste
1006669,Minerals
1006670,Power Plants
1006671,Chemicals
1006671,Petroleum Product Suppliers
1006671,Refineries
1006672,Other
1006673,Chemicals
1006674,Petroleum and Natural Gas Systems
1006675,Chemicals
1006675,Industrial Gas Suppliers
1006677,Petroleum and Natural Gas Systems
1006678,Power Plants
1006679,Waste
1006680,Power Plants
1006681,Other
1006682,Petroleum and Natural Gas Systems
1006683,Other
1006684,Waste
1006685,Other
1006686,Other
1006687,Petroleum and Natural Gas Systems
1006688,Natural Gas and Natural Gas Liquids Suppliers
1006688,Other
1006690,Other
1006691,Chemicals
1006693,Waste
1006694,Other
1006695,Power Plants
1006696,Petroleum and Natural Gas Systems
1006697,Petroleum and Natural Gas Systems
1006698,Petroleum and Natural Gas Systems
1006699,Other
1006700,Other
1006702,Power Plants
1006703,Pulp and Paper
1006703,Waste
1006704,Minerals
1006705,Power Plants
1006706,Power Plants
1006707,Power Plants
1006708,Metals
1006709,Petroleum and Natural Gas Systems
1006710,Other
1006711,Chemicals
1006714,Power Plants
1006715,Power Plants
1006720,Petroleum and Natural Gas Systems
1006721,Power Plants
1006722,Other
1006722,Waste
1006724,Waste
1006725,Power Plants
1006726,Petroleum and Natural Gas Systems
1006727,Power Plants
1006728,Power Plants
1006729,Petroleum and Natural Gas Systems
1006730,Petroleum and Natural Gas Systems
1006731,Pulp and Paper
1006731,Waste
1006732,Chemicals
1006733,Power Plants
1006734,Pulp and Paper
1006735,Power Plants
1006736,Power Plants
1006737,Waste
1006738,Minerals
1006741,Other
1006743,Chemicals
1006744,Waste
1006745,Power Plants
1006746,Waste
1006747,Waste
1006748,Waste
1006749,Waste
1006750,Petroleum and Natural Gas Systems
1006751,Power Plants
1006752,Other
1006754,Other
1006755,Petroleum and Natural Gas Systems
1006756,Metals
1006757,Petroleum and Natural Gas Systems
1006758,Waste
1006759,Other
1006760,Pulp and Paper
1006760,Waste
1006761,Metals
1006762,Petroleum and Natural Gas Systems
1006763,Waste
1006764,Other
1006765,Other
1006766,Waste
1006767,Other
1006768,Power Plants
1006770,Petroleum and Natural Gas Systems
1006771,Petroleum and Natural Gas Systems
1006772,Waste
1006774,Power Plants
1006775,Power Plants
1006776,Pulp and Paper
1006776,Waste
1006777,Waste
1006778,Metals
1006780,Other
1006781,Petroleum and Natural Gas Systems
1006782,Petroleum and Natural Gas Systems
1006783,Other
1006783,Waste
1006784,Metals
1006785,Minerals
1006786,Petroleum and Natural Gas Systems
1006787,Other
1006788,Pulp and Paper
1006788,Waste
1006790,Waste
1006791,Power Plants
1006792,Other
1006794,Power Plants
1006795,Petroleum and Natural Gas Systems
1006796,Waste
1006797,Chemicals
1006798,Petroleum and Natural Gas Systems
1006799,Petroleum and Natural Gas Systems
1006800,Petroleum and Natural Gas Systems
1006801,Other
1006802,Power Plants
1006803,Pulp and Paper
1006804,Power Plants
1006805,Waste
1006806,Waste
1006807,Waste
1006808,Power Plants
1006809,Other
1006809,Waste
1006810,Minerals
1006811,Power Plants
1006812,Power Plants
1006813,Minerals
1006814,Other
1006815,Minerals
1006816,Waste
1006817,Waste
1006818,Metals
1006819,Other
1006824,Petroleum and Natural Gas Systems
1006825,Other
1006827,Chemicals
1006828,Chemicals
1006829,Other
1006832,Power Plants
1006833,Petroleum and Natural Gas Systems
1006834,Waste
1006835,Petroleum and Natural Gas Systems
1006836,Other
1006838,Petroleum Product Suppliers
1006838,Refineries
1006839,Pulp and Paper
1006840,Minerals
1006841,Petroleum and Natural Gas Systems
1006842,Minerals
1006843,Chemicals
1006843,Refineries
1006843,Suppliers of CO2
1006844,Petroleum and Natural Gas Systems
1006845,Petroleum and Natural Gas Systems
1006846,Petroleum and Natural Gas Systems
1006847,Other
1006848,Minerals
1006849,Other
1006851,Waste
1006852,Power Plants
1006853,Metals
1006856,Other
1006857,Power Plants
1006858,Waste
1006859,Waste
1006860,Power Plants
1006861,Petroleum and Natural Gas Systems
1006862,Power Plants
1006863,Other
1006863,Suppliers of CO2
1006863,Waste
1006864,Power Plants
1006865,Other
1006866,Chemicals
1006867,Chemicals
1006868,Power Plants
1006868,Suppliers of CO2
1006869,Power Plants
1006870,Power Plants
1006871,Other
1006872,Other
1006873,Other
1006874,Other
1006875,Metals
1006876,Waste
1006877,Minerals
1006877,Waste
1006878,Minerals
1006878,Waste
1006880,Natural Gas and Natural Gas Liquids Suppliers
1006880,Petroleum and Natural Gas Systems
1006881,Waste
1006882,Power Plants
1006883,Other
1006884,Petroleum and Natural Gas Systems
1006885,Pulp and Paper
1006885,Waste
1006886,Petroleum and Natural Gas Systems
1006887,Petroleum and Natural Gas Systems
1006889,Power Plants
1006890,Chemicals
1006891,Chemicals
1006892,Pulp and Paper
1006892,Waste
1006896,Other
1006897,Power Plants
1006898,Petroleum and Natural Gas Systems
1006899,Waste
1006900,Metals
1006901,Metals
1006902,Other
1006903,Petroleum and Natural Gas Systems
1006904,Other
1006905,Petroleum and Natural Gas Systems
1006906,Metals
1006907,Other
1006908,Petroleum and Natural Gas Systems
1006909,Power Plants
1006910,Waste
1006911,Minerals
1006912,Other
1006912,Suppliers of CO2
1006913,Power Plants
1006914,Petroleum and Natural Gas Systems
1006915,Power Plants
1006917,Other
1006918,Petroleum and Natural Gas Systems
1006919,Other
1006920,Power Plants
1006921,Petroleum and Natural Gas Systems
1006922,Petroleum and Natural Gas Systems
1006923,Petroleum and Natural Gas Systems
1006926,Petroleum and Natural Gas Systems
1006927,Power Plants
1006928,Petroleum and Natural Gas Systems
1006929,Petroleum and Natural Gas Systems
1006931,Petroleum and Natural Gas Systems
1006932,Chemicals
1006932,Refineries
1006933,Power Plants
1006935,Power Plants
1006936,Other
1006937,Other
1006938,Power Plants
1006939,Power Plants
1006940,Petroleum and Natural Gas Systems
1006941,Other
1006942,Other
1006942,Suppliers of CO2
1006943,Chemicals
1006946,Other
1006947,Metals
1006948,Other
1006949,Power Plants
1006950,Power Plants
1006951,Other
1006952,Power Plants
1006953,Petroleum and Natural Gas Systems
1006954,Petroleum and Natural Gas Systems
1006955,Other
1006956,Petroleum and Natural Gas Systems
1006957,Waste
1006958,Waste
1006959,Chemicals
1006959,Petroleum Product Suppliers
1006959,Refineries
1006960,Waste
1006961,Petroleum Product Suppliers
1006961,Refineries
1006961,Waste
1006962,Pulp and Paper
1006962,Waste
1006963,Waste
1006964,Waste
1006965,Minerals
1006966,Power Plants
1006967,Chemicals
1006968,Chemicals
1006969,Waste
1006970,Other
1006971,Other
1006972,Metals
1006973,Petroleum and Natural Gas Systems
1006975,Pulp and Paper
1006975,Waste
1006977,Waste
1006978,Waste
1006979,Waste
1006980,Metals
1006981,Power Plants
1006983,Power Plants
1006984,Petroleum and Natural Gas Systems
1006985,Chemicals
1006985,Refineries
1006988,Pulp and Paper
1006989,Waste
1006990,Waste
1006991,Waste
1006993,Waste
1006994,Pulp and Paper
1006996,Waste
1006997,Petroleum and Natural Gas Systems
1006998,Petroleum and Natural Gas Systems
1006999,Power Plants
1007000,Chemicals
1007000,Petroleum Product Suppliers
1007000,Refineries
1007001,Waste
1007002,Chemicals
1007003,Petroleum and Natural Gas Systems
1007004,Petroleum and Natural Gas Systems
1007005,Petroleum and Natural Gas Systems
1007006,Petroleum and Natural Gas Systems
1007007,Waste
1007008,Chemicals
1007008,Refineries
1007011,Petroleum and Natural Gas Systems
1007012,Petroleum and Natural Gas Systems
1007013,Petroleum and Natural Gas Systems
1007014,Other
1007015,Waste
1007016,Petroleum and Natural Gas Systems
1007017,Power Plants
1007018,Waste
1007019,Power Plants
1007020,Petroleum and Natural Gas Systems
1007021,Petroleum and Natural Gas Systems
1007023,Waste
1007024,Waste
1007025,Power Plants
1007026,Waste
1007027,Waste
1007028,Waste
1007029,Waste
1007030,Other
1007030,Waste
1007031,Chemicals
1007033,Minerals
1007037,Petroleum and Natural Gas Systems
1007038,Waste
1007039,Petroleum and Natural Gas Systems
1007040,Waste
1007041,Chemicals
1007042,Petroleum and Natural Gas Systems
1007043,Petroleum and Natural Gas Systems
1007044,Waste
1007045,Chemicals
1007046,Chemicals
1007046,Suppliers of CO2
1007047,Waste
1007048,Petroleum and Natural Gas Systems
1007049,Petroleum and Natural Gas Systems
1007050,Other
1007052,Minerals
1007053,Power Plants
1007054,Waste
1007055,Minerals
1007056,Metals
1007057,Waste
1007058,Power Plants
1007059,Petroleum Product Suppliers
1007059,Refineries
1007060,Waste
1007061,Waste
1007062,Waste
1007063,Other
1007064,Chemicals
1007065,Waste
1007068,Power Plants
1007069,Pulp and Paper
1007070,Petroleum and Natural Gas Systems
1007071,Petroleum and Natural Gas Systems
1007072,Waste
1007073,Waste
1007074,Chemicals
1007075,Waste
1007076,Other
1007077,Other
1007078,Waste
1007080,Petroleum and Natural Gas Systems
1007081,Petroleum and Natural Gas Systems
1007082,Waste
1007083,Waste
1007084,Waste
1007086,Other
1007087,Other
1007088,Waste
1007089,Minerals
1007090,Waste
1007091,Waste
1007092,Petroleum and Natural Gas Systems
1007093,Other
1007093,Suppliers of CO2
1007094,Waste
1007095,Pulp and Paper
1007096,Waste
1007098,Minerals
1007100,Power Plants
1007101,Petroleum and Natural Gas Systems
1007102,Petroleum and Natural Gas Systems
1007103,Power Plants
1007103,Waste
1007104,Petroleum and Natural Gas Systems
1007105,Power Plants
1007106,Petroleum and Natural Gas Systems
1007107,Petroleum and Natural Gas Systems
1007109,Petroleum and Natural Gas Systems
1007110,Other
1007111,Power Plants
1007112,Waste
1007114,Other
1007116,Chemicals
1007121,Waste
1007124,Waste
1007125,Petroleum and Natural Gas Systems
1007126,Power Plants
1007127,Petroleum and Natural Gas Systems
1007128,Waste
1007129,Other
1007132,Petroleum and Natural Gas Systems
1007133,Petroleum and Natural Gas Systems
1007134,Petroleum and Natural Gas Systems
1007135,Pulp and Paper
1007135,Waste
1007137,Other
1007139,Waste
1007141,Other
1007142,Other
1007144,Power Plants
1007147,Power Plants
1007148,Other
1007149,Other
1007151,Petroleum and Natural Gas Systems
1007152,Power Plants
1007153,Power Plants
1007154,Waste
1007155,Power Plants
1007156,Power Plants
1007157,Power Plants
1007158,Other
1007159,Power Plants
1007160,Waste
1007161,Power Plants
1007163,Other
1007164,Chemicals
1007166,Other
1007167,Other
1007168,Other
1007169,Petroleum and Natural Gas Systems
1007171,Power Plants
1007173,Power Plants
1007174,Other
1007176,Pulp and Paper
1007176,Waste
1007177,Metals
1007178,Power Plants
1007179,Power Plants
1007180,Power Plants
1007183,Power Plants
1007184,Power Plants
1007187,Power Plants
1007188,Power Plants
1007189,Power Plants
1007190,Power Plants
1007191,Petroleum and Natural Gas Systems
1007192,Waste
1007193,Metals
1007194,Waste
1007195,Waste
1007196,Pulp and Paper
1007196,Suppliers of CO2
1007196,Waste
1007197,Waste
1007198,Waste
1007200,Metals
1007201,Power Plants
1007202,Power Plants
1007203,Power Plants
1007204,Other
1007204,Power Plants
1007205,Power Plants
1007206,Power Plants
1007207,Power Plants
1007208,Minerals
1007209,Power Plants
1007210,Petroleum and Natural Gas Systems
1007212,Waste
1007214,Pulp and Paper
1007214,Waste
1007215,Other
1007216,Minerals
1007217,Chemicals
1007217,Petroleum Product Suppliers
1007217,Refineries
1007218,Petroleum Product Suppliers
1007218,Refineries
1007219,Waste
1007220,Other
1007220,Waste
1007221,Power Plants
1007223,Metals
1007224,Waste
1007225,Waste
1007226,Pulp and Paper
1007226,Waste
1007227,Power Plants
1007229,Petroleum and Natural Gas Systems
1007230,Chemicals
1007232,Other
1007233,Power Plants
1007234,Petroleum and Natural Gas Systems
1007236,Power Plants
1007237,Petroleum and Natural Gas Systems
1007238,Petroleum and Natural Gas Systems
1007239,Power Plants
1007240,Waste
1007242,Power Plants
1007243,Power Plants
1007245,Power Plants
1007246,Power Plants
1007247,Power Plants
1007248,Power Plants
1007253,Chemicals
1007255,Power Plants
1007258,Waste
1007261,Waste
1007262,Other
1007262,Suppliers of CO2
1007263,Other
1007263,Suppliers of CO2
1007264,Other
1007266,Waste
1007268,Other
1007270,Chemicals
1007271,Chemicals
1007272,Other
1007273,Pulp and Paper
1007273,Waste
1007274,Waste
1007276,Waste
1007277,Other
1007279,Waste
1007282,Waste
1007283,Petroleum Product Suppliers
1007283,Petroleum and Natural Gas Systems
1007284,Waste
1007287,Metals
1007288,Petroleum and Natural Gas Systems
1007289,Minerals
1007290,Waste
1007291,Waste
1007293,Power Plants
1007294,Power Plants
1007295,Power Plants
1007296,Other
1007297,Power Plants
1007298,Waste
1007299,Power Plants
1007300,Power Plants
1007301,Power Plants
1007302,Power Plants
1007303,Power Plants
1007304,Petroleum and Natural Gas Systems
1007305,Power Plants
1007306,Power Plants
1007307,Power Plants
1007308,Power Plants
1007309,Power Plants
1007310,Power Plants
1007311,Power Plants
1007312,Power Plants
1007313,Power Plants
1007314,Power Plants
1007315,Power Plants
1007316,Power Plants
1007317,Power Plants
1007318,Power Plants
1007319,Petroleum and Natural Gas Systems
1007321,Petroleum and Natural Gas Systems
1007322,Petroleum Product Suppliers
1007322,Power Plants
1007322,Refineries
1007322,Suppliers of CO2
1007323,Power Plants
1007324,Power Plants
1007325,Chemicals
1007326,Petroleum and Natural Gas Systems
1007327,Power Plants
1007328,Power Plants
1007329,Petroleum Product Suppliers
1007329,Refineries
1007330,Power Plants
1007331,Power Plants
1007332,Waste
1007333,Minerals
1007339,Chemicals
1007339,Other
1007339,Petroleum Product Suppliers
1007339,Power Plants
1007339,Refineries
1007341,Waste
1007342,Petroleum and Natural Gas Systems
1007343,Chemicals
1007345,Waste
1007346,Minerals
1007347,Petroleum and Natural Gas Systems
1007348,Metals
1007349,Waste
1007351,Petroleum and Natural Gas Systems
1007352,Petroleum and Natural Gas Systems
1007353,Power Plants
1007354,Waste
1007355,Power Plants
1007356,Petroleum and Natural Gas Systems
1007357,Waste
1007358,Power Plants
1007359,Power Plants
1007360,Power Plants
1007361,Petroleum and Natural Gas Systems
1007362,Petroleum and Natural Gas Systems
1007365,Power Plants
1007367,Injection of CO2
1007367,Natural Gas and Natural Gas Liquids Suppliers
1007367,Petroleum and Natural Gas Systems
1007367,Suppliers of CO2
1007368,Petroleum and Natural Gas Systems
1007369,Power Plants
1007370,Power Plants
1007371,Petroleum and Natural Gas Systems
1007373,Power Plants
1007374,Power Plants
1007375,Petroleum and Natural Gas Systems
1007376,Power Plants
1007377,Petroleum and Natural Gas Systems
1007378,Power Plants
1007379,Power Plants
1007381,Petroleum and Natural Gas Systems
1007382,Waste
1007383,Power Plants
1007385,Other
1007388,Power Plants
1007390,Chemicals
1007390,Suppliers of CO2
1007391,Waste
1007392,Metals
1007393,Import and Export of Equipment Containing Fluorinated GHGs
1007393,Other
1007394,Petroleum and Natural Gas Systems
1007395,Petroleum and Natural Gas Systems
1007396,Petroleum and Natural Gas Systems
1007397,Waste
1007398,Petroleum and Natural Gas Systems
1007399,Natural Gas and Natural Gas Liquids Suppliers
1007399,Petroleum and Natural Gas Systems
1007400,Pulp and Paper
1007400,Waste
1007401,Chemicals
1007402,Other
1007403,Petroleum and Natural Gas Systems
1007404,Minerals
1007405,Other
1007406,Petroleum and Natural Gas Systems
1007408,Other
1007410,Natural Gas and Natural Gas Liquids Suppliers
1007410,Petroleum and Natural Gas Systems
1007411,Power Plants
1007414,Petroleum and Natural Gas Systems
1007415,Chemicals
1007418,Power Plants
1007419,Power Plants
1007420,Power Plants
1007421,Power Plants
1007422,Power Plants
1007423,Power Plants
1007424,Waste
1007425,Chemicals
1007426,Pulp and Paper
1007427,Power Plants
1007428,Power Plants
1007429,Power Plants
1007430,Petroleum and Natural Gas Systems
1007432,Power Plants
1007434,Power Plants
1007435,Power Plants
1007436,Power Plants
1007437,Petroleum and Natural Gas Systems
1007438,Chemicals
1007438,Power Plants
1007438,Waste
1007439,Power Plants
1007440,Waste
1007441,Injection of CO2
1007441,Petroleum and Natural Gas Systems
1007441,Suppliers of CO2
1007442,Power Plants
1007443,Waste
1007445,Power Plants
1007447,Waste
1007448,Petroleum and Natural Gas Systems
1007449,Petroleum and Natural Gas Systems
1007450,Petroleum and Natural Gas Systems
1007451,Petroleum and Natural Gas Systems
1007452,Power Plants
1007453,Pulp and Paper
1007453,Waste
1007454,Power Plants
1007455,Power Plants
1007456,Waste
1007457,Power Plants
1007458,Petroleum Product Suppliers
1007458,Refineries
1007459,Petroleum and Natural Gas Systems
1007460,Waste
1007461,Other
1007462,Petroleum and Natural Gas Systems
1007463,Petroleum and Natural Gas Systems
1007466,Petroleum Product Suppliers
1007466,Refineries
1007467,Waste
1007468,Petroleum and Natural Gas Systems
1007469,Power Plants
1007470,Waste
1007471,Power Plants
1007472,Other
1007473,Other
1007475,Petroleum and Natural Gas Systems
1007476,Petroleum and Natural Gas Systems
1007479,Petroleum and Natural Gas Systems
1007481,Petroleum and Natural Gas Systems
1007482,Petroleum and Natural Gas Systems
1007483,Petroleum and Natural Gas Systems
1007484,Petroleum and Natural Gas Systems
1007485,Petroleum and Natural Gas Systems
1007486,Petroleum and Natural Gas Systems
1007487,Petroleum and Natural Gas Systems
1007489,Petroleum and Natural Gas Systems
1007490,Petroleum and Natural Gas Systems
1007491,Refineries
1007496,Petroleum and Natural Gas Systems
1007499,Minerals
1007500,Power Plants
1007501,Power Plants
1007502,Waste
1007503,Power Plants
1007504,Power Plants
1007505,Power Plants
1007506,Chemicals
1007506,Petroleum Product Suppliers
1007506,Refineries
1007507,Petroleum and Natural Gas Systems
1007508,Petroleum and Natural Gas Systems
1007509,Petroleum and Natural Gas Systems
1007510,Power Plants
1007511,Other
1007512,Chemicals
1007513,Petroleum and Natural Gas Systems
1007514,Chemicals
1007515,Other
1007518,Chemicals
1007518,Petroleum Product Suppliers
1007518,Refineries
1007518,Suppliers of CO2
1007518,Waste
1007520,Waste
1007521,Waste
1007522,Other
1007523,Other
1007525,Other
1007526,Other
1007527,Other
1007528,Other
1007529,Other
1007530,Petroleum and Natural Gas Systems
1007532,Other
1007534,Other
1007535,Petroleum and Natural Gas Systems
1007536,Petroleum and Natural Gas Systems
1007537,Petroleum and Natural Gas Systems
1007538,Power Plants
1007539,Chemicals
1007540,Other
1007541,Waste
1007542,Chemicals
1007542,Petroleum Product Suppliers
1007542,Refineries
1007543,Waste
1007544,Other
1007545,Petroleum and Natural Gas Systems
1007546,Waste
1007547,Waste
1007548,Other
1007549,Power Plants
1007550,Waste
1007551,Power Plants
1007552,Minerals
1007553,Other
1007554,Waste
1007555,Other
1007556,Other
1007557,Waste
1007558,Waste
1007559,Other
1007560,Petroleum and Natural Gas Systems
1007561,Minerals
1007562,Chemicals
1007562,Petroleum Product Suppliers
1007563,Minerals
1007564,Petroleum and Natural Gas Systems
1007565,Other
1007565,Suppliers of CO2
1007566,Minerals
1007567,Petroleum and Natural Gas Systems
1007568,Natural Gas and Natural Gas Liquids Suppliers
1007568,Petroleum and Natural Gas Systems
1007569,Petroleum and Natural Gas Systems
1007570,Power Plants
1007571,Other
1007572,Petroleum and Natural Gas Systems
1007573,Waste
1007574,Other
1007575,Waste
1007576,Power Plants
1007577,Metals
1007578,Waste
1007579,Waste
1007580,Waste
1007581,Waste
1007582,Waste
1007583,Waste
1007584,Waste
1007585,Waste
1007586,Waste
1007587,Waste
1007588,Waste
1007589,Waste
1007590,Waste
1007591,Waste
1007592,Waste
1007593,Metals
1007595,Other
1007596,Power Plants
1007597,Power Plants
1007598,Power Plants
1007599,Petroleum and Natural Gas Systems
1007600,Waste
1007601,Metals
1007602,Petroleum and Natural Gas Systems
1007603,Pulp and Paper
1007604,Petroleum and Natural Gas Systems
1007605,Waste
1007606,Minerals
1007607,Waste
1007608,Petroleum and Natural Gas Systems
1007609,Power Plants
1007610,Waste
1007611,Waste
1007613,Waste
1007614,Waste
1007615,Waste
1007616,Waste
1007617,Waste
1007618,Waste
1007619,Power Plants
1007620,Metals
1007621,Minerals
1007622,Petroleum Product Suppliers
1007622,Refineries
1007623,Pulp and Paper
1007624,Waste
1007625,Petroleum Product Suppliers
1007625,Refineries
1007626,Chemicals
1007627,Pulp and Paper
1007627,Waste
1007629,Petroleum and Natural Gas Systems
1007630,Waste
1007631,Waste
1007632,Waste
1007633,Waste
1007634,Waste
1007635,Waste
1007636,Waste
1007638,Waste
1007639,Power Plants
1007640,Power Plants
1007641,Other
1007642,Metals
1007643,Chemicals
1007643,Petroleum Product Suppliers
1007643,Refineries
1007644,Pulp and Paper
1007645,Waste
1007646,Waste
1007647,Waste
1007648,Waste
1007649,Waste
1007650,Power Plants
1007651,Other
1007652,Waste
1007653,Waste
1007654,Waste
1007657,Natural Gas and Natural Gas Liquids Suppliers
1007657,Petroleum and Natural Gas Systems
1007658,Petroleum Product Suppliers
1007658,Refineries
1007659,Power Plants
1007660,Power Plants
1007661,Chemicals
1007661,Petroleum Product Suppliers
1007661,Refineries
1007662,Waste
1007663,Minerals
1007665,Waste
1007666,Waste
1007667,Waste
1007668,Waste
1007669,Waste
1007670,Waste
1007671,Waste
1007672,Waste
1007673,Waste
1007674,Waste
1007675,Petroleum and Natural Gas Systems
1007676,Power Plants
1007677,Waste
1007678,Other
1007680,Waste
1007681,Waste
1007682,Waste
1007683,Waste
1007684,Waste
1007685,Waste
1007686,Waste
1007687,Waste
1007688,Waste
1007689,Waste
1007690,Waste
1007691,Waste
1007692,Waste
1007693,Waste
1007694,Chemicals
1007695,Metals
1007697,Minerals
1007698,Other
1007699,Waste
1007700,Waste
1007701,Waste
1007702,Waste
1007703,Waste
1007704,Waste
1007705,Waste
1007706,Waste
1007707,Waste
1007708,Waste
1007709,Waste
1007710,Waste
1007711,Waste
1007712,Waste
1007713,Waste
1007714,Natural Gas and Natural Gas Liquids Suppliers
1007714,Petroleum and Natural Gas Systems
1007715,Chemicals
1007715,Suppliers of CO2
1007716,Other
1007717,Chemicals
1007718,Waste
1007719,Other
1007720,Waste
1007721,Waste
1007722,Waste
1007723,Waste
1007724,Waste
1007725,Waste
1007726,Waste
1007727,Waste
1007728,Waste
1007729,Waste
1007730,Other
1007731,Metals
1007732,Power Plants
1007733,Other
1007734,Other
1007735,Chemicals
1007736,Waste
1007738,Other
1007739,Chemicals
1007739,Petroleum Product Suppliers
1007739,Refineries
1007740,Power Plants
1007741,Chemicals
1007741,Petroleum and Natural Gas Systems
1007741,Refineries
1007742,Waste
1007743,Waste
1007744,Waste
1007745,Waste
1007746,Power Plants
1007748,Waste
1007749,Power Plants
1007750,Chemicals
1007751,Waste
1007752,Power Plants
1007753,Waste
1007754,Waste
1007755,Waste
1007756,Waste
1007758,Power Plants
1007759,Power Plants
1007760,Power Plants
1007761,Power Plants
1007762,Minerals
1007764,Other
1007765,Other
1007766,Minerals
1007767,Chemicals
1007768,Power Plants
1007769,Waste
1007770,Chemicals
1007770,Suppliers of CO2
1007771,Petroleum Product Suppliers
1007771,Refineries
1007772,Power Plants
1007773,Power Plants
1007775,Petroleum and Natural Gas Systems
1007776,Petroleum and Natural Gas Systems
1007777,Petroleum and Natural Gas Systems
1007779,Petroleum and Natural Gas Systems
1007780,Waste
1007781,Power Plants
1007782,Chemicals
1007784,Power Plants
1007785,Waste
1007786,Chemicals
1007786,Petroleum Product Suppliers
1007786,Refineries
1007787,Petroleum and Natural Gas Systems
1007788,Power Plants
1007790,Power Plants
1007791,Power Plants
1007792,Minerals
1007793,Power Plants
1007794,Waste
1007795,Waste
1007796,Waste
1007797,Waste
1007798,Waste
1007799,Waste
1007800,Waste
1007801,Waste
1007802,Waste
1007803,Power Plants
1007804,Pulp and Paper
1007805,Chemicals
1007806,Metals
1007807,Petroleum and Natural Gas Systems
1007808,Waste
1007809,Other
1007809,Suppliers of CO2
1007810,Waste
1007811,Waste
1007812,Waste
1007813,Waste
1007814,Waste
1007815,Waste
1007816,Waste
1007817,Waste
1007818,Waste
1007819,Other
1007820,Waste
1007821,Petroleum and Natural Gas Systems
1007822,Waste
1007823,Minerals
1007824,Other
1007824,Waste
1007825,Power Plants
1007826,Waste
1007828,Petroleum and Natural Gas Systems
1007829,Power Plants
1007830,Other
1007830,Suppliers of CO2
1007831,Waste
1007832,Waste
1007833,Waste
1007834,Waste
1007835,Waste
1007836,Waste
1007837,Waste
1007838,Waste
1007839,Waste
1007840,Waste
1007841,Waste
1007842,Power Plants
1007843,Power Plants
1007844,Chemicals
1007844,Petroleum Product Suppliers
1007844,Refineries
1007845,Power Plants
1007846,Pulp and Paper
1007846,Waste
1007847,Other
1007847,Suppliers of CO2
1007848,Power Plants
1007849,Petroleum and Natural Gas Systems
1007850,Petroleum and Natural Gas Systems
1007851,Waste
1007852,Waste
1007853,Waste
1007854,Waste
1007855,Waste
1007856,Waste
1007857,Waste
1007858,Waste
1007859,Waste
1007861,Chemicals
1007861,Petroleum Product Suppliers
1007861,Refineries
1007862,Waste
1007863,Waste
1007864,Power Plants
1007865,Petroleum and Natural Gas Systems
1007866,Metals
1007867,Pulp and Paper
1007867,Waste
1007868,Chemicals
1007869,Metals
1007870,Natural Gas and Natural Gas Liquids Suppliers
1007870,Power Plants
1007871,Pulp and Paper
1007872,Petroleum and Natural Gas Systems
1007874,Power Plants
1007875,Waste
1007876,Other
1007877,Minerals
1007878,Waste
1007879,Waste
1007880,Waste
1007881,Other
1007882,Chemicals
1007882,Petroleum Product Suppliers
1007882,Refineries
1007883,Minerals
1007884,Waste
1007885,Minerals
1007886,Waste
1007887,Power Plants
1007888,Waste
1007889,Waste
1007890,Waste
1007891,Waste
1007892,Waste
1007893,Waste
1007894,Waste
1007895,Waste
1007896,Waste
1007897,Waste
1007898,Waste
1007899,Waste
1007900,Waste
1007901,Waste
1007902,Waste
1007903,Petroleum and Natural Gas Systems
1007904,Minerals
1007905,Waste
1007906,Waste
1007907,Waste
1007908,Power Plants
1007909,Chemicals
1007910,Other
1007911,Waste
1007912,Pulp and Paper
1007912,Waste
1007913,Petroleum Product Suppliers
1007913,Refineries
1007914,Waste
1007915,Other
1007915,Waste
1007916,Chemicals
1007916,Waste
1007917,Pulp and Paper
1007917,Waste
1007918,Other
1007919,Power Plants
1007920,Power Plants
1007921,Metals
1007922,Chemicals
1007922,Refineries
1007923,Chemicals
1007923,Petroleum Product Suppliers
1007923,Refineries
1007924,Petroleum and Natural Gas Systems
1007925,Waste
1007926,Petroleum and Natural Gas Systems
1007927,Minerals
1007928,Other
1007929,Metals
1007930,Power Plants
1007931,Power Plants
1007932,Waste
1007933,Other
1007933,Suppliers of CO2
1007935,Waste
1007936,Chemicals
1007936,Petroleum Product Suppliers
1007936,Refineries
1007937,Metals
1007938,Petroleum and Natural Gas Systems
1007940,Power Plants
1007941,Petroleum and Natural Gas Systems
1007942,Chemicals
1007942,Petroleum Product Suppliers
1007942,Refineries
1007943,Chemicals
1007944,Waste
1007945,Waste
1007946,Metals
1007947,Waste
1007948,Waste
1007951,Waste
1007952,Minerals
1007953,Waste
1007954,Waste
1007955,Natural Gas and Natural Gas Liquids Suppliers
1007955,Petroleum and Natural Gas Systems
1007956,Chemicals
1007957,Metals
1007958,Other
1007959,Chemicals
1007959,Petroleum Product Suppliers
1007959,Power Plants
1007959,Refineries
1007960,Waste
1007962,Power Plants
1007963,Waste
1007964,Pulp and Paper
1007964,Waste
1007965,Petroleum Product Suppliers
1007965,Refineries
1007966,Minerals
1007967,Power Plants
1007968,Minerals
1007969,Waste
1007970,Waste
1007971,Other
1007972,Chemicals
1007972,Petroleum Product Suppliers
1007972,Refineries
1007973,Power Plants
1007975,Waste
1007976,Waste
1007977,Pulp and Paper
1007978,Chemicals
1007978,Refineries
1007978,Suppliers of CO2
1007979,Power Plants
1007980,Metals
1007981,Minerals
1007982,Power Plants
1007983,Waste
1007984,Waste
1007985,Minerals
1007986,Petroleum and Natural Gas Systems
1007987,Waste
1007988,Waste
1007989,Waste
1007990,Waste
1007991,Waste
1007992,Waste
1007993,Waste
1007994,Pulp and Paper
1007994,Suppliers of CO2
1007995,Refineries
1007997,Minerals
1007998,Chemicals
1007998,Industrial Gas Suppliers
1008000,Waste
1008001,Power Plants
1008002,Chemicals
1008002,Suppliers of CO2
1008003,Waste
1008004,Waste
1008006,Other
1008007,Petroleum and Natural Gas Systems
1008009,Petroleum and Natural Gas Systems
1008010,Waste
1008011,Waste
1008012,Waste
1008013,Power Plants
1008014,Chemicals
1008014,Petroleum Product Suppliers
1008014,Refineries
1008017,Petroleum and Natural Gas Systems
1008018,Petroleum Product Suppliers
1008018,Refineries
1008019,Waste
1008020,Power Plants
1008021,Other
1008022,Waste
1008023,Chemicals
1008024,Waste
1008025,Pulp and Paper
1008025,Waste
1008026,Petroleum and Natural Gas Systems
1008027,Other
1008028,Power Plants
1008029,Petroleum and Natural Gas Systems
1008030,Waste
1008031,Petroleum and Natural Gas Systems
1008032,Other
1008032,Waste
1008033,Minerals
1008034,Waste
1008036,Chemicals
1008037,Petroleum and Natural Gas Systems
1008038,Chemicals
1008041,Other
1008042,Pulp and Paper
1008042,Waste
1008043,Petroleum and Natural Gas Systems
1008044,Chemicals
1008045,Petroleum and Natural Gas Systems
1008046,Petroleum and Natural Gas Systems
1008051,Petroleum and Natural Gas Systems
1008052,Petroleum and Natural Gas Systems
1008053,Petroleum and Natural Gas Systems
1008054,Other
1008055,Petroleum and Natural Gas Systems
1008057,Waste
1008059,Other
1008060,Power Plants
1008062,Natural Gas and Natural Gas Liquids Suppliers
1008062,Petroleum and Natural Gas Systems
1008063,Other
1008064,Petroleum and Natural Gas Systems
1008065,Petroleum and Natural Gas Systems
1008066,Petroleum and Natural Gas Systems
1008069,Waste
1008071,Petroleum and Natural Gas Systems
1008072,Petroleum and Natural Gas Systems
1008078,Petroleum and Natural Gas Systems
1008079,Petroleum and Natural Gas Systems
1008080,Petroleum and Natural Gas Systems
1008081,Petroleum and Natural Gas Systems
1008083,Petroleum and Natural Gas Systems
1008086,Petroleum and Natural Gas Systems
1008087,Petroleum and Natural Gas Systems
1008089,Petroleum and Natural Gas Systems
1008090,Petroleum and Natural Gas Systems
1008092,Petroleum and Natural Gas Systems
1008093,Petroleum and Natural Gas Systems
1008094,Petroleum and Natural Gas Systems
1008098,Petroleum and Natural Gas Systems
1008099,Petroleum and Natural Gas Systems
1008102,Petroleum and Natural Gas Systems
1008109,Petroleum and Natural Gas Systems
1008110,Chemicals
1008110,Petroleum Product Suppliers
1008110,Refineries
1008111,Petroleum and Natural Gas Systems
1008113,Petroleum and Natural Gas Systems
1008114,Petroleum and Natural Gas Systems
1008115,Waste
1008116,Petroleum and Natural Gas Systems
1008119,Petroleum and Natural Gas Systems
1008121,Petroleum and Natural Gas Systems
1008122,Petroleum and Natural Gas Systems
1008123,Petroleum and Natural Gas Systems
1008124,Petroleum and Natural Gas Systems
1008126,Petroleum and Natural Gas Systems
1008128,Petroleum and Natural Gas Systems
1008130,Natural Gas and Natural Gas Liquids Suppliers
1008130,Petroleum and Natural Gas Systems
1008132,Petroleum and Natural Gas Systems
1008134,Petroleum and Natural Gas Systems
1008136,Petroleum and Natural Gas Systems
1008138,Petroleum and Natural Gas Systems
1008139,Petroleum and Natural Gas Systems
1008141,Petroleum and Natural Gas Systems
1008143,Petroleum and Natural Gas Systems
1008146,Petroleum and Natural Gas Systems
1008148,Petroleum and Natural Gas Systems
1008149,Petroleum and Natural Gas Systems
1008150,Petroleum and Natural Gas Systems
1008151,Petroleum and Natural Gas Systems
1008155,Petroleum and Natural Gas Systems
1008158,Petroleum and Natural Gas Systems
1008160,Petroleum and Natural Gas Systems
1008162,Petroleum and Natural Gas Systems
1008163,Petroleum and Natural Gas Systems
1008164,Petroleum and Natural Gas Systems
1008165,Petroleum and Natural Gas Systems
1008166,Petroleum and Natural Gas Systems
1008167,Petroleum and Natural Gas Systems
1008168,Power Plants
1008169,Petroleum and Natural Gas Systems
1008170,Petroleum and Natural Gas Systems
1008172,Petroleum and Natural Gas Systems
1008173,Petroleum and Natural Gas Systems
1008180,Waste
1008185,Other
1008187,Other
1008188,Petroleum and Natural Gas Systems
1008190,Petroleum and Natural Gas Systems
1008199,Petroleum and Natural Gas Systems
1008200,Petroleum and Natural Gas Systems
1008202,Petroleum and Natural Gas Systems
1008203,Petroleum and Natural Gas Systems
1008204,Petroleum and Natural Gas Systems
1008205,Petroleum and Natural Gas Systems
1008206,Petroleum and Natural Gas Systems
1008207,Petroleum and Natural Gas Systems
1008208,Petroleum and Natural Gas Systems
1008209,Petroleum and Natural Gas Systems
1008212,Petroleum and Natural Gas Systems
1008213,Petroleum and Natural Gas Systems
1008215,Waste
1008216,Petroleum and Natural Gas Systems
1008217,Petroleum and Natural Gas Systems
1008219,Petroleum and Natural Gas Systems
1008220,Petroleum and Natural Gas Systems
1008221,Petroleum and Natural Gas Systems
1008224,Petroleum and Natural Gas Systems
1008226,Petroleum and Natural Gas Systems
1008227,Petroleum and Natural Gas Systems
1008229,Petroleum and Natural Gas Systems
1008230,Petroleum and Natural Gas Systems
1008232,Petroleum and Natural Gas Systems
1008233,Petroleum and Natural Gas Systems
1008234,Petroleum and Natural Gas Systems
1008235,Petroleum and Natural Gas Systems
1008238,Petroleum and Natural Gas Systems
1008239,Petroleum and Natural Gas Systems
1008240,Petroleum and Natural Gas Systems
1008241,Petroleum and Natural Gas Systems
1008242,Petroleum and Natural Gas Systems
1008243,Petroleum and Natural Gas Systems
1008244,Petroleum and Natural Gas Systems
1008245,Petroleum and Natural Gas Systems
1008247,Petroleum and Natural Gas Systems
1008248,Petroleum and Natural Gas Systems
1008249,Petroleum and Natural Gas Systems
1008250,Petroleum and Natural Gas Systems
1008252,Waste
1008253,Waste
1008257,Petroleum and Natural Gas Systems
1008262,Other
1008263,Metals
1008264,Petroleum and Natural Gas Systems
1008266,Petroleum and Natural Gas Systems
1008268,Petroleum and Natural Gas Systems
1008269,Waste
1008270,Petroleum and Natural Gas Systems
1008271,Chemicals
1008271,Petroleum Product Suppliers
1008271,Refineries
1008273,Petroleum and Natural Gas Systems
1008275,Petroleum and Natural Gas Systems
1008277,Petroleum and Natural Gas Systems
1008278,Petroleum and Natural Gas Systems
1008279,Petroleum and Natural Gas Systems
1008280,Petroleum and Natural Gas Systems
1008281,Petroleum and Natural Gas Systems
1008282,Petroleum and Natural Gas Systems
1008284,Petroleum and Natural Gas Systems
1008285,Petroleum and Natural Gas Systems
1008286,Petroleum and Natural Gas Systems
1008287,Petroleum and Natural Gas Systems
1008289,Petroleum and Natural Gas Systems
1008290,Petroleum and Natural Gas Systems
1008292,Petroleum and Natural Gas Systems
1008293,Petroleum and Natural Gas Systems
1008294,Petroleum and Natural Gas Systems
1008295,Petroleum and Natural Gas Systems
1008296,Petroleum and Natural Gas Systems
1008298,Petroleum and Natural Gas Systems
1008299,Petroleum and Natural Gas Systems
1008303,Petroleum and Natural Gas Systems
1008304,Petroleum and Natural Gas Systems
1008306,Petroleum and Natural Gas Systems
1008308,Petroleum and Natural Gas Systems
1008310,Petroleum Product Suppliers
1008310,Refineries
1008315,Petroleum and Natural Gas Systems
1008321,Petroleum and Natural Gas Systems
1008323,Petroleum and Natural Gas Systems
1008327,Petroleum and Natural Gas Systems
1008328,Petroleum and Natural Gas Systems
1008329,Petroleum and Natural Gas Systems
1008330,Petroleum and Natural Gas Systems
1008331,Petroleum and Natural Gas Systems
1008332,Petroleum and Natural Gas Systems
1008341,Petroleum and Natural Gas Systems
1008346,Petroleum and Natural Gas Systems
1008348,Petroleum and Natural Gas Systems
1008349,Petroleum and Natural Gas Systems
1008350,Petroleum and Natural Gas Systems
1008351,Petroleum and Natural Gas Systems
1008352,Petroleum and Natural Gas Systems
1008353,Petroleum and Natural Gas Systems
1008354,Petroleum and Natural Gas Systems
1008355,Petroleum and Natural Gas Systems
1008356,Petroleum and Natural Gas Systems
1008358,Injection of CO2
1008358,Petroleum and Natural Gas Systems
1008358,Suppliers of CO2
1008360,Petroleum and Natural Gas Systems
1008363,Petroleum and Natural Gas Systems
1008364,Petroleum and Natural Gas Systems
1008365,Petroleum and Natural Gas Systems
1008367,Petroleum and Natural Gas Systems
1008368,Petroleum and Natural Gas Systems
1008370,Petroleum and Natural Gas Systems
1008371,Petroleum and Natural Gas Systems
1008373,Petroleum and Natural Gas Systems
1008374,Petroleum and Natural Gas Systems
1008375,Petroleum and Natural Gas Systems
1008378,Petroleum and Natural Gas Systems
1008383,Petroleum and Natural Gas Systems
1008387,Other
1008388,Other
1008392,Petroleum and Natural Gas Systems
1008394,Petroleum and Natural Gas Systems
1008395,Petroleum and Natural Gas Systems
1008396,Petroleum and Natural Gas Systems
1008401,Petroleum and Natural Gas Systems
1008402,Petroleum and Natural Gas Systems
1008405,Petroleum and Natural Gas Systems
1008406,Petroleum and Natural Gas Systems
1008407,Petroleum and Natural Gas Systems
1008408,Petroleum and Natural Gas Systems
1008409,Petroleum and Natural Gas Systems
1008411,Petroleum and Natural Gas Systems
1008412,Injection of CO2
1008412,Petroleum and Natural Gas Systems
1008412,Suppliers of CO2
1008416,Petroleum and Natural Gas Systems
1008418,Petroleum and Natural Gas Systems
1008419,Petroleum and Natural Gas Systems
1008429,Petroleum and Natural Gas Systems
1008430,Petroleum and Natural Gas Systems
1008431,Petroleum and Natural Gas Systems
1008432,Injection of CO2
1008432,Petroleum and Natural Gas Systems
1008433,Petroleum and Natural Gas Systems
1008434,Power Plants
1008439,Petroleum and Natural Gas Systems
1008440,Petroleum and Natural Gas Systems
1008442,Petroleum and Natural Gas Systems
1008445,Petroleum and Natural Gas Systems
1008446,Petroleum and Natural Gas Systems
1008449,Petroleum and Natural Gas Systems
1008451,Petroleum and Natural Gas Systems
1008454,Petroleum and Natural Gas Systems
1008455,Petroleum and Natural Gas Systems
1008456,Petroleum and Natural Gas Systems
1008458,Petroleum and Natural Gas Systems
1008459,Chemicals
1008459,Power Plants
1008460,Petroleum and Natural Gas Systems
1008469,Petroleum and Natural Gas Systems
1008471,Petroleum and Natural Gas Systems
1008472,Petroleum and Natural Gas Systems
1008474,Petroleum and Natural Gas Systems
1008475,Petroleum and Natural Gas Systems
1008476,Petroleum and Natural Gas Systems
1008479,Petroleum and Natural Gas Systems
1008480,Petroleum and Natural Gas Systems
1008481,Petroleum and Natural Gas Systems
1008482,Petroleum and Natural Gas Systems
1008483,Petroleum and Natural Gas Systems
1008490,Petroleum and Natural Gas Systems
1008492,Petroleum and Natural Gas Systems
1008498,Petroleum and Natural Gas Systems
1008499,Petroleum and Natural Gas Systems
1008501,Petroleum and Natural Gas Systems
1008502,Petroleum and Natural Gas Systems
1008503,Petroleum and Natural Gas Systems
1008504,Chemicals
1008504,Petroleum Product Suppliers
1008504,Refineries
1008504,Suppliers of CO2
1008506,Petroleum and Natural Gas Systems
1008509,Petroleum and Natural Gas Systems
1008517,Petroleum and Natural Gas Systems
1008518,Petroleum and Natural Gas Systems
1008519,Petroleum and Natural Gas Systems
1008521,Petroleum and Natural Gas Systems
1008523,Petroleum and Natural Gas Systems
1008524,Petroleum and Natural Gas Systems
1008526,Petroleum and Natural Gas Systems
1008527,Petroleum and Natural Gas Systems
1008528,Petroleum and Natural Gas Systems
1008529,Petroleum and Natural Gas Systems
1008530,Petroleum and Natural Gas Systems
1008534,Petroleum and Natural Gas Systems
1008536,Petroleum and Natural Gas Systems
1008538,Petroleum and Natural Gas Systems
1008539,Petroleum and Natural Gas Systems
1008540,Petroleum and Natural Gas Systems
1008541,Petroleum and Natural Gas Systems
1008544,Petroleum and Natural Gas Systems
1008545,Petroleum and Natural Gas Systems
1008548,Petroleum and Natural Gas Systems
1008553,Pulp and Paper
1008553,Waste
1008558,Petroleum and Natural Gas Systems
1008569,Petroleum and Natural Gas Systems
1008574,Petroleum and Natural Gas Systems
1008576,Petroleum and Natural Gas Systems
1008577,Petroleum and Natural Gas Systems
1008579,Petroleum and Natural Gas Systems
1008587,Petroleum and Natural Gas Systems
1008588,Petroleum and Natural Gas Systems
1008589,Petroleum and Natural Gas Systems
1008590,Petroleum and Natural Gas Systems
1008594,Petroleum and Natural Gas Systems
1008595,Petroleum and Natural Gas Systems
1008598,Petroleum and Natural Gas Systems
1008604,Petroleum and Natural Gas Systems
1008605,Petroleum and Natural Gas Systems
1008607,Petroleum and Natural Gas Systems
1008608,Petroleum and Natural Gas Systems
1008611,Petroleum and Natural Gas Systems
1008614,Petroleum and Natural Gas Systems
1008616,Petroleum and Natural Gas Systems
1008617,Petroleum and Natural Gas Systems
1008621,Petroleum and Natural Gas Systems
1008622,Petroleum and Natural Gas Systems
1008625,Petroleum and Natural Gas Systems
1008626,Petroleum and Natural Gas Systems
1008630,Petroleum and Natural Gas Systems
1008632,Petroleum and Natural Gas Systems
1008634,Petroleum and Natural Gas Systems
1008639,Petroleum and Natural Gas Systems
1008640,Petroleum and Natural Gas Systems
1008642,Petroleum and Natural Gas Systems
1008652,Petroleum and Natural Gas Systems
1008653,Petroleum and Natural Gas Systems
1008667,Petroleum and Natural Gas Systems
1008670,Petroleum and Natural Gas Systems
1008673,Petroleum and Natural Gas Systems
1008674,Petroleum and Natural Gas Systems
1008675,Petroleum and Natural Gas Systems
1008677,Petroleum and Natural Gas Systems
1008679,Petroleum and Natural Gas Systems
1008680,Petroleum and Natural Gas Systems
1008681,Petroleum and Natural Gas Systems
1008682,Petroleum and Natural Gas Systems
1008684,Petroleum and Natural Gas Systems
1008685,Petroleum and Natural Gas Systems
1008686,Petroleum and Natural Gas Systems
1008687,Petroleum and Natural Gas Systems
1008688,Petroleum and Natural Gas Systems
1008689,Petroleum and Natural Gas Systems
1008690,Petroleum and Natural Gas Systems
1008691,Petroleum and Natural Gas Systems
1008692,Petroleum and Natural Gas Systems
1008693,Petroleum and Natural Gas Systems
1008694,Petroleum and Natural Gas Systems
1008695,Petroleum and Natural Gas Systems
1008696,Petroleum and Natural Gas Systems
1008697,Petroleum and Natural Gas Systems
1008698,Petroleum and Natural Gas Systems
1008700,Petroleum and Natural Gas Systems
1008702,Petroleum and Natural Gas Systems
1008703,Petroleum and Natural Gas Systems
1008708,Pulp and Paper
1008712,Petroleum and Natural Gas Systems
1008713,Petroleum and Natural Gas Systems
1008714,Petroleum and Natural Gas Systems
1008715,Petroleum and Natural Gas Systems
1008716,Petroleum and Natural Gas Systems
1008724,Petroleum and Natural Gas Systems
1008725,Petroleum and Natural Gas Systems
1008730,Power Plants
1008731,Petroleum and Natural Gas Systems
1008734,Other
1008735,Metals
1008740,Petroleum and Natural Gas Systems
1008744,Petroleum and Natural Gas Systems
1008750,Other
1008751,Petroleum and Natural Gas Systems
1008752,Other
1008753,Petroleum and Natural Gas Systems
1008755,Petroleum and Natural Gas Systems
1008756,Other
1008757,Other
1008760,Other
1008761,Other
1008762,Other
1008764,Other
1008766,Other
1008767,Pulp and Paper
1008768,Other
1008774,Petroleum and Natural Gas Systems
1008775,Petroleum and Natural Gas Systems
1008776,Petroleum and Natural Gas Systems
1008777,Petroleum and Natural Gas Systems
1008778,Petroleum and Natural Gas Systems
1008779,Petroleum and Natural Gas Systems
1008780,Waste
1008781,Petroleum and Natural Gas Systems
1008782,Petroleum and Natural Gas Systems
1008783,Petroleum and Natural Gas Systems
1008784,Petroleum and Natural Gas Systems
1008786,Other
1008787,Power Plants
1008788,Petroleum and Natural Gas Systems
1008794,Petroleum and Natural Gas Systems
1008795,Petroleum and Natural Gas Systems
1008802,Petroleum and Natural Gas Systems
1008803,Petroleum and Natural Gas Systems
1008806,Petroleum and Natural Gas Systems
1008807,Petroleum and Natural Gas Systems
1008809,Petroleum and Natural Gas Systems
1008826,Natural Gas and Natural Gas Liquids Suppliers
1008826,Petroleum and Natural Gas Systems
1008827,Natural Gas and Natural Gas Liquids Suppliers
1008827,Petroleum and Natural Gas Systems
1008829,Natural Gas and Natural Gas Liquids Suppliers
1008829,Petroleum and Natural Gas Systems
1008830,Petroleum and Natural Gas Systems
1008831,Petroleum and Natural Gas Systems
1008831,Suppliers of CO2
1008835,Natural Gas and Natural Gas Liquids Suppliers
1008835,Petroleum and Natural Gas Systems
1008836,Petroleum and Natural Gas Systems
1008850,Petroleum and Natural Gas Systems
1008852,Petroleum and Natural Gas Systems
1008857,Petroleum and Natural Gas Systems
1008859,Petroleum and Natural Gas Systems
1008881,Petroleum and Natural Gas Systems
1008882,Petroleum and Natural Gas Systems
1008883,Petroleum and Natural Gas Systems
1008884,Petroleum and Natural Gas Systems
1008885,Petroleum and Natural Gas Systems
1008888,Petroleum and Natural Gas Systems
1008890,Petroleum and Natural Gas Systems
1008897,Metals
1008914,Petroleum and Natural Gas Systems
1008918,Petroleum and Natural Gas Systems
1008920,Petroleum and Natural Gas Systems
1008921,Petroleum and Natural Gas Systems
1008924,Petroleum and Natural Gas Systems
1008928,Other
1008929,Other
1008930,Other
1008931,Petroleum and Natural Gas Systems
1008934,Petroleum and Natural Gas Systems
1008936,Petroleum and Natural Gas Systems
1008937,Petroleum and Natural Gas Systems
1008938,Petroleum Product Suppliers
1008938,Refineries
1008941,Petroleum and Natural Gas Systems
1008942,Petroleum and Natural Gas Systems
1008943,Petroleum and Natural Gas Systems
1008949,Petroleum and Natural Gas Systems
1008952,Petroleum and Natural Gas Systems
1008954,Petroleum and Natural Gas Systems
1008956,Petroleum and Natural Gas Systems
1008957,Petroleum and Natural Gas Systems
1008958,Petroleum and Natural Gas Systems
1008959,Petroleum and Natural Gas Systems
1008961,Petroleum and Natural Gas Systems
1008964,Petroleum and Natural Gas Systems
1008965,Petroleum and Natural Gas Systems
1008968,Petroleum and Natural Gas Systems
1008969,Petroleum and Natural Gas Systems
1008970,Petroleum and Natural Gas Systems
1008972,Petroleum and Natural Gas Systems
1008973,Petroleum and Natural Gas Systems
1008974,Petroleum and Natural Gas Systems
1008976,Petroleum and Natural Gas Systems
1008977,Petroleum and Natural Gas Systems
1008978,Petroleum and Natural Gas Systems
1008979,Petroleum and Natural Gas Systems
1008980,Petroleum and Natural Gas Systems
1008982,Petroleum and Natural Gas Systems
1008984,Petroleum and Natural Gas Systems
1008986,Metals
1008988,Other
1008990,Other
1008991,Chemicals
1008992,Minerals
1008993,Petroleum and Natural Gas Systems
1008994,Metals
1008996,Power Plants
1008997,Power Plants
1008998,Petroleum and Natural Gas Systems
1008999,Pulp and Paper
1008999,Waste
1009006,Petroleum and Natural Gas Systems
1009007,Petroleum and Natural Gas Systems
1009008,Petroleum and Natural Gas Systems
1009015,Petroleum and Natural Gas Systems
1009016,Petroleum and Natural Gas Systems
1009017,Petroleum and Natural Gas Systems
1009018,Minerals
1009019,Petroleum and Natural Gas Systems
1009030,Petroleum and Natural Gas Systems
1009033,Petroleum and Natural Gas Systems
1009039,Petroleum and Natural Gas Systems
1009051,Petroleum and Natural Gas Systems
1009052,Petroleum and Natural Gas Systems
1009053,Petroleum and Natural Gas Systems
1009054,Petroleum and Natural Gas Systems
1009055,Petroleum and Natural Gas Systems
1009056,Petroleum and Natural Gas Systems
1009062,Petroleum and Natural Gas Systems
1009064,Chemicals
1009066,Refineries
1009067,Refineries
1009068,Petroleum Product Suppliers
1009068,Refineries
1009069,Petroleum and Natural Gas Systems
1009071,Petroleum and Natural Gas Systems
1009076,Petroleum and Natural Gas Systems
1009077,Waste
1009079,Petroleum and Natural Gas Systems
1009080,Chemicals
1009080,Petroleum Product Suppliers
1009080,Refineries
1009082,Petroleum and Natural Gas Systems
1009085,Petroleum and Natural Gas Systems
1009087,Petroleum and Natural Gas Systems
1009090,Petroleum and Natural Gas Systems
1009091,Petroleum and Natural Gas Systems
1009093,Petroleum and Natural Gas Systems
1009094,Petroleum and Natural Gas Systems
1009095,Petroleum and Natural Gas Systems
1009096,Petroleum and Natural Gas Systems
1009098,Petroleum and Natural Gas Systems
1009101,Petroleum and Natural Gas Systems
1009103,Petroleum and Natural Gas Systems
1009106,Petroleum and Natural Gas Systems
1009112,Petroleum and Natural Gas Systems
1009113,Petroleum and Natural Gas Systems
1009115,Petroleum and Natural Gas Systems
1009117,Petroleum and Natural Gas Systems
1009119,Petroleum and Natural Gas Systems
1009125,Petroleum and Natural Gas Systems
1009126,Petroleum and Natural Gas Systems
1009130,Petroleum and Natural Gas Systems
1009135,Petroleum and Natural Gas Systems
1009136,Waste
1009137,Waste
1009139,Petroleum and Natural Gas Systems
1009141,Petroleum and Natural Gas Systems
1009142,Petroleum and Natural Gas Systems
1009143,Petroleum and Natural Gas Systems
1009148,Petroleum and Natural Gas Systems
1009149,Petroleum and Natural Gas Systems
1009151,Petroleum and Natural Gas Systems
1009152,Petroleum and Natural Gas Systems
1009154,Petroleum and Natural Gas Systems
1009159,Petroleum and Natural Gas Systems
1009161,Petroleum and Natural Gas Systems
1009162,Petroleum and Natural Gas Systems
1009163,Petroleum and Natural Gas Systems
1009165,Petroleum and Natural Gas Systems
1009167,Power Plants
1009168,Power Plants
1009169,Petroleum and Natural Gas Systems
1009170,Petroleum and Natural Gas Systems
1009179,Petroleum and Natural Gas Systems
1009181,Petroleum and Natural Gas Systems
1009183,Petroleum and Natural Gas Systems
1009185,Petroleum and Natural Gas Systems
1009189,Petroleum and Natural Gas Systems
1009192,Petroleum and Natural Gas Systems
1009193,Petroleum and Natural Gas Systems
1009197,Petroleum and Natural Gas Systems
1009199,Petroleum and Natural Gas Systems
1009202,Petroleum and Natural Gas Systems
1009203,Petroleum and Natural Gas Systems
1009204,Petroleum and Natural Gas Systems
1009205,Petroleum and Natural Gas Systems
1009206,Petroleum and Natural Gas Systems
1009207,Petroleum and Natural Gas Systems
1009213,Petroleum and Natural Gas Systems
1009214,Petroleum and Natural Gas Systems
1009215,Petroleum and Natural Gas Systems
1009221,Other
1009233,Petroleum and Natural Gas Systems
1009234,Petroleum and Natural Gas Systems
1009236,Petroleum and Natural Gas Systems
1009238,Petroleum and Natural Gas Systems
1009239,Petroleum and Natural Gas Systems
1009240,Petroleum and Natural Gas Systems
1009241,Petroleum and Natural Gas Systems
1009242,Petroleum and Natural Gas Systems
1009244,Petroleum and Natural Gas Systems
1009245,Petroleum and Natural Gas Systems
1009246,Petroleum and Natural Gas Systems
1009252,Petroleum and Natural Gas Systems
1009253,Petroleum and Natural Gas Systems
1009258,Petroleum and Natural Gas Systems
1009260,Petroleum and Natural Gas Systems
1009261,Petroleum and Natural Gas Systems
1009263,Petroleum and Natural Gas Systems
1009264,Petroleum and Natural Gas Systems
1009265,Petroleum and Natural Gas Systems
1009269,Petroleum and Natural Gas Systems
1009270,Petroleum and Natural Gas Systems
1009273,Petroleum and Natural Gas Systems
1009274,Petroleum and Natural Gas Systems
1009276,Petroleum and Natural Gas Systems
1009278,Petroleum and Natural Gas Systems
1009281,Petroleum and Natural Gas Systems
1009282,Petroleum and Natural Gas Systems
1009283,Petroleum and Natural Gas Systems
1009284,Petroleum and Natural Gas Systems
1009285,Petroleum and Natural Gas Systems
1009286,Petroleum and Natural Gas Systems
1009289,Petroleum and Natural Gas Systems
1009291,Petroleum Product Suppliers
1009291,Refineries
1009293,Petroleum and Natural Gas Systems
1009300,Petroleum and Natural Gas Systems
1009301,Petroleum and Natural Gas Systems
1009306,Petroleum and Natural Gas Systems
1009308,Petroleum and Natural Gas Systems
1009310,Petroleum and Natural Gas Systems
1009313,Petroleum and Natural Gas Systems
1009317,Petroleum and Natural Gas Systems
1009318,Petroleum and Natural Gas Systems
1009319,Petroleum and Natural Gas Systems
1009320,Petroleum and Natural Gas Systems
1009327,Petroleum and Natural Gas Systems
1009328,Petroleum and Natural Gas Systems
1009330,Petroleum and Natural Gas Systems
1009331,Petroleum and Natural Gas Systems
1009332,Petroleum and Natural Gas Systems
1009333,Petroleum and Natural Gas Systems
1009335,Petroleum and Natural Gas Systems
1009337,Petroleum and Natural Gas Systems
1009338,Petroleum and Natural Gas Systems
1009339,Petroleum and Natural Gas Systems
1009340,Petroleum and Natural Gas Systems
1009341,Petroleum and Natural Gas Systems
1009342,Other
1009343,Petroleum and Natural Gas Systems
1009350,Petroleum and Natural Gas Systems
1009353,Petroleum and Natural Gas Systems
1009354,Petroleum and Natural Gas Systems
1009356,Petroleum and Natural Gas Systems
1009357,Petroleum and Natural Gas Systems
1009358,Petroleum and Natural Gas Systems
1009360,Petroleum and Natural Gas Systems
1009361,Other
1009362,Petroleum and Natural Gas Systems
1009370,Petroleum and Natural Gas Systems
1009383,Petroleum and Natural Gas Systems
1009384,Petroleum and Natural Gas Systems
1009386,Petroleum and Natural Gas Systems
1009387,Petroleum and Natural Gas Systems
1009388,Petroleum and Natural Gas Systems
1009389,Petroleum and Natural Gas Systems
1009390,Petroleum and Natural Gas Systems
1009391,Petroleum and Natural Gas Systems
1009392,Petroleum and Natural Gas Systems
1009400,Petroleum and Natural Gas Systems
1009413,Petroleum and Natural Gas Systems
1009414,Petroleum and Natural Gas Systems
1009427,Petroleum and Natural Gas Systems
1009428,Petroleum and Natural Gas Systems
1009429,Petroleum and Natural Gas Systems
1009430,Petroleum and Natural Gas Systems
1009431,Petroleum and Natural Gas Systems
1009432,Petroleum and Natural Gas Systems
1009434,Petroleum and Natural Gas Systems
1009435,Petroleum and Natural Gas Systems
1009436,Petroleum and Natural Gas Systems
1009437,Metals
1009441,Petroleum and Natural Gas Systems
1009442,Other
1009462,Petroleum and Natural Gas Systems
1009463,Petroleum and Natural Gas Systems
1009464,Petroleum and Natural Gas Systems
1009465,Petroleum and Natural Gas Systems
1009466,Petroleum and Natural Gas Systems
1009467,Petroleum and Natural Gas Systems
1009469,Petroleum and Natural Gas Systems
1009470,Petroleum and Natural Gas Systems
1009471,Petroleum and Natural Gas Systems
1009472,Petroleum and Natural Gas Systems
1009485,Petroleum and Natural Gas Systems
1009487,Chemicals
1009488,Petroleum and Natural Gas Systems
1009490,Petroleum and Natural Gas Systems
1009491,Minerals
1009496,Power Plants
1009497,Petroleum and Natural Gas Systems
1009505,Chemicals
1009508,Petroleum and Natural Gas Systems
1009509,Petroleum and Natural Gas Systems
1009511,Petroleum and Natural Gas Systems
1009512,Other
1009512,Waste
1009519,Petroleum and Natural Gas Systems
1009520,Natural Gas and Natural Gas Liquids Suppliers
1009520,Petroleum and Natural Gas Systems
1009523,Other
1009524,Petroleum and Natural Gas Systems
1009526,Other
1009526,Waste
1009527,Other
1009527,Waste
1009528,Pulp and Paper
1009529,Other
1009530,Minerals
1009538,Petroleum and Natural Gas Systems
1009539,Other
1009539,Waste
1009541,Waste
1009545,Petroleum and Natural Gas Systems
1009547,Petroleum and Natural Gas Systems
1009552,Petroleum and Natural Gas Systems
1009556,Other
1009558,Other
1009560,Other
1009561,Other
1009562,Petroleum and Natural Gas Systems
1009564,Petroleum and Natural Gas Systems
1009571,Petroleum and Natural Gas Systems
1009572,Petroleum and Natural Gas Systems
1009574,Petroleum and Natural Gas Systems
1009577,Import and Export of Equipment Containing Fluorinated GHGs
1009577,Other
1009579,Other
1009580,Other
1009581,Other
1009582,Petroleum and Natural Gas Systems
1009584,Petroleum and Natural Gas Systems
1009586,Petroleum and Natural Gas Systems
1009587,Petroleum and Natural Gas Systems
1009588,Petroleum and Natural Gas Systems
1009589,Petroleum and Natural Gas Systems
1009590,Petroleum and Natural Gas Systems
1009593,Petroleum and Natural Gas Systems
1009595,Petroleum and Natural Gas Systems
1009599,Other
1009599,Waste
1009600,Other
1009604,Other
1009606,Other
1009607,Petroleum and Natural Gas Systems
1009608,Petroleum and Natural Gas Systems
1009609,Petroleum and Natural Gas Systems
1009613,Import and Export of Equipment Containing Fluorinated GHGs
1009613,Other
1009615,Import and Export of Equipment Containing Fluorinated GHGs
1009615,Other
1009616,Minerals
1009621,Metals
1009622,Metals
1009623,Other
1009624,Petroleum and Natural Gas Systems
1009625,Petroleum and Natural Gas Systems
1009626,Other
1009629,Petroleum and Natural Gas Systems
1009649,Petroleum and Natural Gas Systems
1009650,Petroleum and Natural Gas Systems
1009652,Petroleum and Natural Gas Systems
1009653,Petroleum and Natural Gas Systems
1009657,Petroleum and Natural Gas Systems
1009659,Petroleum and Natural Gas Systems
1009660,Petroleum and Natural Gas Systems
1009663,Petroleum and Natural Gas Systems
1009665,Petroleum and Natural Gas Systems
1009666,Petroleum and Natural Gas Systems
1009669,Waste
1009673,Petroleum and Natural Gas Systems
1009674,Petroleum and Natural Gas Systems
1009676,Petroleum and Natural Gas Systems
1009677,Petroleum and Natural Gas Systems
1009678,Petroleum and Natural Gas Systems
1009679,Petroleum and Natural Gas Systems
1009680,Petroleum and Natural Gas Systems
1009681,Petroleum and Natural Gas Systems
1009683,Petroleum and Natural Gas Systems
1009686,Petroleum and Natural Gas Systems
1009687,Petroleum and Natural Gas Systems
1009689,Petroleum and Natural Gas Systems
1009691,Petroleum and Natural Gas Systems
1009694,Petroleum and Natural Gas Systems
1009696,Other
1009700,Other
1009701,Other
1009702,Other
1009706,Petroleum and Natural Gas Systems
1009707,Petroleum and Natural Gas Systems
1009708,Chemicals
1009709,Chemicals
1009710,Chemicals
1009711,Chemicals
1009714,Petroleum and Natural Gas Systems
1009715,Petroleum and Natural Gas Systems
1009716,Other
1009717,Petroleum and Natural Gas Systems
1009718,Petroleum and Natural Gas Systems
1009720,Petroleum and Natural Gas Systems
1009724,Petroleum and Natural Gas Systems
1009727,Petroleum and Natural Gas Systems
1009728,Petroleum and Natural Gas Systems
1009731,Petroleum and Natural Gas Systems
1009732,Petroleum and Natural Gas Systems
1009733,Petroleum and Natural Gas Systems
1009735,Other
1009738,Other
1009742,Petroleum and Natural Gas Systems
1009746,Other
1009748,Other
1009749,Other
1009750,Petroleum and Natural Gas Systems
1009754,Petroleum and Natural Gas Systems
1009755,Other
1009757,Other
1009758,Other
1009759,Other
1009760,Other
1009761,Other
1009762,Petroleum and Natural Gas Systems
1009764,Other
1009767,Petroleum and Natural Gas Systems
1009769,Petroleum and Natural Gas Systems
1009770,Petroleum and Natural Gas Systems
1009772,Petroleum and Natural Gas Systems
1009774,Petroleum and Natural Gas Systems
1009775,Petroleum and Natural Gas Systems
1009776,Petroleum and Natural Gas Systems
1009777,Petroleum and Natural Gas Systems
1009778,Petroleum and Natural Gas Systems
1009779,Petroleum and Natural Gas Systems
1009781,Petroleum and Natural Gas Systems
1009783,Petroleum and Natural Gas Systems
1009785,Petroleum and Natural Gas Systems
1009786,Petroleum and Natural Gas Systems
1009788,Petroleum and Natural Gas Systems
1009790,Petroleum and Natural Gas Systems
1009792,Other
1009793,Petroleum and Natural Gas Systems
1009794,Chemicals
1009795,Chemicals
1009796,Petroleum and Natural Gas Systems
1009797,Petroleum and Natural Gas Systems
1009798,Petroleum and Natural Gas Systems
1009802,Petroleum and Natural Gas Systems
1009803,Petroleum and Natural Gas Systems
1009805,Other
1009807,Other
1009810,Petroleum and Natural Gas Systems
1009811,Petroleum and Natural Gas Systems
1009813,Petroleum and Natural Gas Systems
1009819,Other
1009820,Other
1009821,Other
1009823,Other
1009824,Waste
1009825,Other
1009828,Other
1009829,Other
1009830,Petroleum and Natural Gas Systems
1009832,Chemicals
1009833,Petroleum and Natural Gas Systems
1009837,Petroleum and Natural Gas Systems
1009838,Other
1009838,Waste
1009839,Petroleum and Natural Gas Systems
1009840,Petroleum and Natural Gas Systems
1009841,Petroleum and Natural Gas Systems
1009845,Petroleum and Natural Gas Systems
1009846,Petroleum and Natural Gas Systems
1009848,Petroleum and Natural Gas Systems
1009849,Petroleum and Natural Gas Systems
1009850,Other
1009851,Natural Gas and Natural Gas Liquids Suppliers
1009851,Petroleum and Natural Gas Systems
1009856,Other
1009859,Petroleum and Natural Gas Systems
1009860,Petroleum and Natural Gas Systems
1009862,Petroleum and Natural Gas Systems
1009864,Metals
1009871,Petroleum and Natural Gas Systems
1009872,Other
1009877,Other
1009878,Petroleum and Natural Gas Systems
1009879,Metals
1009885,Petroleum and Natural Gas Systems
1009887,Other
1009889,Petroleum and Natural Gas Systems
1009890,Petroleum and Natural Gas Systems
1009891,Petroleum and Natural Gas Systems
1009892,Petroleum and Natural Gas Systems
1009895,Other
1009896,Petroleum and Natural Gas Systems
1009898,Petroleum and Natural Gas Systems
1009901,Petroleum and Natural Gas Systems
1009903,Petroleum and Natural Gas Systems
1009905,Petroleum and Natural Gas Systems
1009906,Petroleum and Natural Gas Systems
1009907,Petroleum and Natural Gas Systems
1009914,Petroleum and Natural Gas Systems
1009916,Petroleum and Natural Gas Systems
1009919,Other
1009920,Other
1009922,Petroleum and Natural Gas Systems
1009923,Other
1009925,Waste
1009927,Metals
1009928,Other
1009930,Waste
1009932,Petroleum and Natural Gas Systems
1009939,Petroleum and Natural Gas Systems
1009941,Petroleum and Natural Gas Systems
1009944,Petroleum and Natural Gas Systems
1009948,Other
1009949,Petroleum and Natural Gas Systems
1009951,Other
1009954,Petroleum and Natural Gas Systems
1009955,Petroleum and Natural Gas Systems
1009956,Petroleum and Natural Gas Systems
1009957,Petroleum and Natural Gas Systems
1009961,Petroleum and Natural Gas Systems
1009962,Other
1009964,Petroleum and Natural Gas Systems
1009967,Petroleum and Natural Gas Systems
1009968,Petroleum and Natural Gas Systems
1009980,Petroleum and Natural Gas Systems
1009982,Other
1009983,Other
1009986,Petroleum and Natural Gas Systems
1009988,Petroleum and Natural Gas Systems
1009991,Petroleum and Natural Gas Systems
1009993,Other
1010002,Petroleum and Natural Gas Systems
1010003,Other
1010005,Other
1010020,Petroleum and Natural Gas Systems
1010026,Other
1010026,Waste
1010030,Petroleum and Natural Gas Systems
1010032,Injection of CO2
1010032,Petroleum and Natural Gas Systems
1010033,Other
1010034,Metals
1010040,Other
1010045,Petroleum and Natural Gas Systems
1010046,Other
1010046,Waste
1010047,Petroleum and Natural Gas Systems
1010048,Other
1010050,Other
1010051,Other
1010056,Other
1010057,Other
1010058,Other
1010059,Petroleum and Natural Gas Systems
1010060,Petroleum and Natural Gas Systems
1010062,Other
1010063,Other
1010064,Petroleum and Natural Gas Systems
1010066,Other
1010067,Other
1010083,Other
1010084,Petroleum and Natural Gas Systems
1010085,Other
1010090,Other
1010091,Other
1010092,Other
1010096,Other
1010104,Other
1010104,Waste
1010106,Other
1010107,Other
1010108,Other
1010109,Power Plants
1010110,Waste
1010111,Other
1010112,Waste
1010114,Waste
1010117,Petroleum and Natural Gas Systems
1010118,Petroleum and Natural Gas Systems
1010119,Petroleum and Natural Gas Systems
1010120,Petroleum and Natural Gas Systems
1010123,Petroleum and Natural Gas Systems
1010124,Other
1010125,Other
1010126,Other
1010127,Waste
1010128,Waste
1010129,Other
1010130,Other
1010131,Other
1010132,Other
1010133,Other
1010134,Other
1010138,Petroleum and Natural Gas Systems
1010139,Other
1010141,Other
1010142,Petroleum and Natural Gas Systems
1010145,Metals
1010147,Petroleum and Natural Gas Systems
1010150,Petroleum and Natural Gas Systems
1010152,Natural Gas and Natural Gas Liquids Suppliers
1010152,Petroleum and Natural Gas Systems
1010154,Petroleum and Natural Gas Systems
1010155,Other
1010155,Waste
1010157,Petroleum and Natural Gas Systems
1010158,Other
1010159,Petroleum and Natural Gas Systems
1010164,Petroleum and Natural Gas Systems
1010165,Petroleum and Natural Gas Systems
1010166,Other
1010166,Waste
1010170,Petroleum and Natural Gas Systems
1010172,Petroleum and Natural Gas Systems
1010173,Other
1010174,Other
1010176,Petroleum and Natural Gas Systems
1010177,Natural Gas and Natural Gas Liquids Suppliers
1010177,Petroleum and Natural Gas Systems
1010181,Petroleum and Natural Gas Systems
1010182,Petroleum and Natural Gas Systems
1010183,Petroleum and Natural Gas Systems
1010184,Waste
1010185,Metals
1010186,Petroleum and Natural Gas Systems
1010187,Other
1010187,Waste
1010190,Petroleum and Natural Gas Systems
1010193,Other
1010194,Petroleum and Natural Gas Systems
1010197,Petroleum and Natural Gas Systems
1010198,Other
1010205,Petroleum and Natural Gas Systems
1010207,Waste
1010208,Other
1010209,Petroleum and Natural Gas Systems
1010213,Other
1010214,Other
1010215,Metals
1010220,Petroleum and Natural Gas Systems
1010221,Petroleum and Natural Gas Systems
1010222,Petroleum and Natural Gas Systems
1010223,Petroleum and Natural Gas Systems
1010224,Petroleum and Natural Gas Systems
1010233,Petroleum and Natural Gas Systems
1010234,Petroleum and Natural Gas Systems
1010235,Petroleum and Natural Gas Systems
1010237,Petroleum and Natural Gas Systems
1010241,Other
1010242,Other
1010244,Petroleum and Natural Gas Systems
1010245,Petroleum and Natural Gas Systems
1010249,Other
1010251,Petroleum and Natural Gas Systems
1010254,Other
1010256,Petroleum and Natural Gas Systems
1010258,Petroleum and Natural Gas Systems
1010263,Other
1010264,Other
1010265,Other
1010266,Waste
1010268,Petroleum and Natural Gas Systems
1010269,Other
1010269,Waste
1010271,Petroleum and Natural Gas Systems
1010272,Petroleum and Natural Gas Systems
1010278,Other
1010280,Other
1010281,Petroleum and Natural Gas Systems
1010282,Petroleum and Natural Gas Systems
1010287,Waste
1010288,Waste
1010289,Petroleum and Natural Gas Systems
1010291,Petroleum and Natural Gas Systems
1010294,Petroleum and Natural Gas Systems
1010296,Other
1010297,Petroleum and Natural Gas Systems
1010298,Petroleum and Natural Gas Systems
1010299,Waste
1010300,Petroleum and Natural Gas Systems
1010302,Natural Gas and Natural Gas Liquids Suppliers
1010302,Petroleum and Natural Gas Systems
1010305,Other
1010306,Petroleum and Natural Gas Systems
1010309,Waste
1010310,Other
1010311,Petroleum and Natural Gas Systems
1010312,Petroleum and Natural Gas Systems
1010313,Petroleum and Natural Gas Systems
1010314,Petroleum and Natural Gas Systems
1010315,Other
1010317,Other
1010318,Petroleum and Natural Gas Systems
1010319,Petroleum and Natural Gas Systems
1010320,Petroleum and Natural Gas Systems
1010323,Other
1010325,Petroleum and Natural Gas Systems
1010327,Other
1010327,Waste
1010328,Other
1010330,Petroleum and Natural Gas Systems
1010331,Petroleum and Natural Gas Systems
1010333,Petroleum and Natural Gas Systems
1010335,Petroleum and Natural Gas Systems
1010337,Petroleum and Natural Gas Systems
1010340,Petroleum and Natural Gas Systems
1010341,Other
1010343,Power Plants
1010345,Other
1010346,Other
1010347,Petroleum and Natural Gas Systems
1010349,Other
1010350,Petroleum and Natural Gas Systems
1010351,Petroleum and Natural Gas Systems
1010353,Petroleum and Natural Gas Systems
1010356,Other
1010356,Waste
1010358,Petroleum and Natural Gas Systems
1010360,Petroleum and Natural Gas Systems
1010362,Other
1010363,Pulp and Paper
1010366,Petroleum and Natural Gas Systems
1010367,Petroleum and Natural Gas Systems
1010369,Petroleum and Natural Gas Systems
1010370,Petroleum and Natural Gas Systems
1010372,Petroleum and Natural Gas Systems
1010376,Petroleum and Natural Gas Systems
1010378,Waste
1010379,Waste
1010381,Petroleum and Natural Gas Systems
1010386,Other
1010389,Waste
1010391,Waste
1010392,Waste
1010395,Petroleum and Natural Gas Systems
1010396,Petroleum and Natural Gas Systems
1010397,Petroleum and Natural Gas Systems
1010398,Petroleum and Natural Gas Systems
1010413,Petroleum and Natural Gas Systems
1010414,Petroleum and Natural Gas Systems
1010417,Power Plants
1010424,Other
1010447,Chemicals
1010455,Petroleum and Natural Gas Systems
1010471,Petroleum and Natural Gas Systems
1010472,Petroleum and Natural Gas Systems
1010473,Petroleum and Natural Gas Systems
1010475,Petroleum and Natural Gas Systems
1010477,Petroleum and Natural Gas Systems
1010480,Petroleum and Natural Gas Systems
1010481,Petroleum and Natural Gas Systems
1010483,Petroleum and Natural Gas Systems
1010484,Petroleum and Natural Gas Systems
1010485,Petroleum and Natural Gas Systems
1010486,Petroleum and Natural Gas Systems
1010488,Petroleum and Natural Gas Systems
1010489,Petroleum and Natural Gas Systems
1010491,Petroleum and Natural Gas Systems
1010492,Petroleum and Natural Gas Systems
1010495,Petroleum and Natural Gas Systems
1010496,Petroleum and Natural Gas Systems
1010497,Petroleum and Natural Gas Systems
1010498,Petroleum and Natural Gas Systems
1010499,Petroleum and Natural Gas Systems
1010500,Petroleum and Natural Gas Systems
1010505,Petroleum and Natural Gas Systems
1010506,Chemicals
1010509,Petroleum and Natural Gas Systems
1010510,Natural Gas and Natural Gas Liquids Suppliers
1010510,Petroleum and Natural Gas Systems
1010512,Other
1010520,Petroleum and Natural Gas Systems
1010521,Petroleum and Natural Gas Systems
1010524,Waste
1010529,Petroleum and Natural Gas Systems
1010530,Minerals
1010531,Metals
1010535,Petroleum and Natural Gas Systems
1010538,Chemicals
1010540,Power Plants
1010544,Petroleum and Natural Gas Systems
1010545,Petroleum and Natural Gas Systems
1010546,Petroleum and Natural Gas Systems
1010547,Petroleum and Natural Gas Systems
1010548,Petroleum and Natural Gas Systems
1010549,Other
1010550,Other
1010551,Petroleum and Natural Gas Systems
1010553,Petroleum and Natural Gas Systems
1010554,Other
1010555,Petroleum and Natural Gas Systems
1010556,Petroleum and Natural Gas Systems
1010558,Petroleum and Natural Gas Systems
1010559,Petroleum and Natural Gas Systems
1010561,Waste
1010563,Petroleum and Natural Gas Systems
1010565,Petroleum and Natural Gas Systems
1010566,Power Plants
1010567,Petroleum and Natural Gas Systems
1010570,Power Plants
1010571,Petroleum and Natural Gas Systems
1010572,Petroleum and Natural Gas Systems
1010573,Petroleum and Natural Gas Systems
1010575,Power Plants
1010576,Other
1010577,Petroleum and Natural Gas Systems
1010578,Power Plants
1010579,Other
1010581,Petroleum and Natural Gas Systems
1010583,Petroleum and Natural Gas Systems
1010584,Petroleum and Natural Gas Systems
1010586,Other
1010587,Other
1010588,Petroleum and Natural Gas Systems
1010589,Chemicals
1010590,Other
1010591,Petroleum and Natural Gas Systems
1010592,Petroleum and Natural Gas Systems
1010593,Chemicals
1010596,Waste
1010598,Petroleum and Natural Gas Systems
1010601,Waste
1010603,Petroleum and Natural Gas Systems
1010604,Power Plants
1010605,Refineries
1010606,Power Plants
1010607,Other
1010609,Petroleum and Natural Gas Systems
1010610,Other
1010611,Minerals
1010612,Power Plants
1010613,Petroleum and Natural Gas Systems
1010615,Petroleum and Natural Gas Systems
1010616,Petroleum and Natural Gas Systems
1010618,Petroleum and Natural Gas Systems
1010619,Metals
1010621,Petroleum and Natural Gas Systems
1010623,Petroleum and Natural Gas Systems
1010624,Other
1010625,Chemicals
1010630,Power Plants
1010632,Minerals
1010633,Petroleum and Natural Gas Systems
1010634,Petroleum and Natural Gas Systems
1010636,Chemicals
1010637,Power Plants
1010641,Petroleum and Natural Gas Systems
1010642,Other
1010643,Petroleum and Natural Gas Systems
1010644,Petroleum and Natural Gas Systems
1010646,Other
1010648,Other
1010654,Other
1010655,Petroleum and Natural Gas Systems
1010656,Other
1010658,Other
1010659,Metals
1010660,Petroleum and Natural Gas Systems
1010661,Waste
1010662,Petroleum and Natural Gas Systems
1010663,Other
1010664,Petroleum and Natural Gas Systems
1010667,Petroleum and Natural Gas Systems
1010668,Waste
1010669,Other
1010671,Waste
1010672,Petroleum and Natural Gas Systems
1010673,Petroleum and Natural Gas Systems
1010674,Other
1010674,Waste
1010676,Metals
1010679,Other
1010680,Power Plants
1010682,Other
1010684,Petroleum and Natural Gas Systems
1010686,Petroleum and Natural Gas Systems
1010687,Other
1010687,Waste
1010688,Other
1010690,Petroleum and Natural Gas Systems
1010691,Petroleum and Natural Gas Systems
1010692,Power Plants
1010693,Waste
1010694,Other
1010696,Other
1010699,Minerals
1010700,Other
1010700,Waste
1010701,Petroleum and Natural Gas Systems
1010702,Chemicals
1010703,Other
1010704,Chemicals
1010705,Petroleum and Natural Gas Systems
1010707,Petroleum and Natural Gas Systems
1010714,Petroleum and Natural Gas Systems
1010715,Petroleum and Natural Gas Systems
1010716,Petroleum and Natural Gas Systems
1010717,Petroleum and Natural Gas Systems
1010718,Petroleum and Natural Gas Systems
1010719,Petroleum and Natural Gas Systems
1010721,Petroleum and Natural Gas Systems
1010722,Other
1010723,Power Plants
1010724,Petroleum and Natural Gas Systems
1010725,Minerals
1010730,Petroleum and Natural Gas Systems
1010732,Petroleum and Natural Gas Systems
1010735,Petroleum and Natural Gas Systems
1010738,Petroleum and Natural Gas Systems
1010743,Pulp and Paper
1010745,Other
1010746,Petroleum and Natural Gas Systems
1010748,Natural Gas and Natural Gas Liquids Suppliers
1010748,Petroleum and Natural Gas Systems
1010750,Petroleum and Natural Gas Systems
1010751,Petroleum and Natural Gas Systems
1010752,Petroleum and Natural Gas Systems
1010755,Chemicals
1010756,Petroleum and Natural Gas Systems
1010759,Pulp and Paper
1010760,Waste
1010761,Chemicals
1010763,Metals
1010764,Other
1010765,Petroleum and Natural Gas Systems
1010766,Metals
1010767,Power Plants
1010768,Petroleum and Natural Gas Systems
1010769,Waste
1010771,Natural Gas and Natural Gas Liquids Suppliers
1010771,Petroleum and Natural Gas Systems
1010772,Petroleum and Natural Gas Systems
1010773,Waste
1010774,Petroleum Product Suppliers
1010774,Refineries
1010777,Petroleum and Natural Gas Systems
1010780,Petroleum and Natural Gas Systems
1010782,Petroleum and Natural Gas Systems
1010784,Petroleum and Natural Gas Systems
1010789,Petroleum and Natural Gas Systems
1010792,Chemicals
1010794,Power Plants
1010795,Petroleum and Natural Gas Systems
1010807,Petroleum and Natural Gas Systems
1010808,Petroleum and Natural Gas Systems
1010809,Petroleum and Natural Gas Systems
1010825,Other
1010830,Other
1010830,Waste
1010832,Petroleum and Natural Gas Systems
1010833,Petroleum and Natural Gas Systems
1010836,Minerals
1010837,Petroleum and Natural Gas Systems
1010839,Petroleum and Natural Gas Systems
1010843,Other
1010844,Minerals
1010845,Waste
1010858,Power Plants
1010860,Power Plants
1010865,Other
1010870,Chemicals
1010871,Other
1010877,Chemicals
1010879,Chemicals
1010881,Petroleum and Natural Gas Systems
1010891,Other
1010893,Other
1010895,Other
1010897,Other
1010898,Other
1010899,Minerals
1010901,Other
1010902,Other
1010907,Petroleum and Natural Gas Systems
1010908,Petroleum and Natural Gas Systems
1010911,Petroleum and Natural Gas Systems
1010913,Petroleum and Natural Gas Systems
1010914,Petroleum and Natural Gas Systems
1010917,Natural Gas and Natural Gas Liquids Suppliers
1010917,Petroleum and Natural Gas Systems
1010925,Metals
1010927,Petroleum and Natural Gas Systems
1010932,Petroleum and Natural Gas Systems
1010937,Power Plants
1010943,Petroleum and Natural Gas Systems
1010945,Petroleum and Natural Gas Systems
1010949,Power Plants
1010953,Petroleum and Natural Gas Systems
1010955,Petroleum and Natural Gas Systems
1010957,Waste
1010959,Petroleum and Natural Gas Systems
1010962,Power Plants
1010963,Other
1010968,Other
1010969,Chemicals
1010973,Power Plants
1010974,Pulp and Paper
1010977,Other
1010979,Waste
1010980,Petroleum and Natural Gas Systems
1010981,Petroleum and Natural Gas Systems
1010982,Waste
1010983,Waste
1010987,Waste
1010988,Petroleum and Natural Gas Systems
1010989,Petroleum and Natural Gas Systems
1010990,Minerals
1010991,Other
1010992,Petroleum and Natural Gas Systems
1010993,Petroleum and Natural Gas Systems
1010994,Waste
1010995,Petroleum and Natural Gas Systems
1010996,Petroleum and Natural Gas Systems
1010999,Petroleum and Natural Gas Systems
1011000,Petroleum and Natural Gas Systems
1011001,Petroleum and Natural Gas Systems
1011002,Petroleum and Natural Gas Systems
1011003,Petroleum and Natural Gas Systems
1011005,Petroleum and Natural Gas Systems
1011006,Petroleum and Natural Gas Systems
1011007,Petroleum and Natural Gas Systems
1011008,Waste
1011009,Waste
1011011,Petroleum and Natural Gas Systems
1011012,Petroleum and Natural Gas Systems
1011017,Natural Gas and Natural Gas Liquids Suppliers
1011017,Petroleum and Natural Gas Systems
1011018,Natural Gas and Natural Gas Liquids Suppliers
1011018,Petroleum and Natural Gas Systems
1011019,Petroleum and Natural Gas Systems
1011020,Petroleum and Natural Gas Systems
1011026,Waste
1011029,Power Plants
1011030,Power Plants
1011032,Waste
1011034,Metals
1011036,Waste
1011037,Waste
1011038,Pulp and Paper
1011040,Petroleum and Natural Gas Systems
1011041,Petroleum and Natural Gas Systems
1011047,Petroleum and Natural Gas Systems
1011048,Pulp and Paper
1011050,Petroleum and Natural Gas Systems
1011051,Pulp and Paper
1011052,Petroleum and Natural Gas Systems
1011053,Petroleum and Natural Gas Systems
1011054,Petroleum and Natural Gas Systems
1011055,Petroleum and Natural Gas Systems
1011056,Petroleum and Natural Gas Systems
1011058,Petroleum and Natural Gas Systems
1011062,Other
1011063,Power Plants
1011064,Injection of CO2
1011064,Petroleum and Natural Gas Systems
1011064,Suppliers of CO2
1011065,Other
1011066,Waste
1011069,Petroleum and Natural Gas Systems
1011070,Petroleum and Natural Gas Systems
1011071,Petroleum and Natural Gas Systems
1011072,Petroleum and Natural Gas Systems
1011077,Petroleum and Natural Gas Systems
1011080,Chemicals
1011081,Petroleum and Natural Gas Systems
1011082,Power Plants
1011083,Power Plants
1011087,Petroleum and Natural Gas Systems
1011088,Petroleum and Natural Gas Systems
1011090,Minerals
1011091,Petroleum and Natural Gas Systems
1011093,Petroleum and Natural Gas Systems
1011099,Petroleum and Natural Gas Systems
1011100,Petroleum and Natural Gas Systems
1011101,Other
1011102,Metals
1011105,Petroleum and Natural Gas Systems
1011110,Petroleum and Natural Gas Systems
1011111,Chemicals
1011112,Petroleum and Natural Gas Systems
1011113,Other
1011114,Petroleum and Natural Gas Systems
1011115,Petroleum and Natural Gas Systems
1011118,Other
1011119,Other
1011123,Injection of CO2
1011123,Petroleum and Natural Gas Systems
1011123,Suppliers of CO2
1011124,Other
1011127,Petroleum and Natural Gas Systems
1011129,Petroleum and Natural Gas Systems
1011130,Petroleum and Natural Gas Systems
1011137,Petroleum and Natural Gas Systems
1011138,Petroleum and Natural Gas Systems
1011155,Petroleum and Natural Gas Systems
1011156,Petroleum and Natural Gas Systems
1011160,Natural Gas and Natural Gas Liquids Suppliers
1011160,Petroleum and Natural Gas Systems
1011161,Petroleum and Natural Gas Systems
1011165,Petroleum and Natural Gas Systems
1011167,Petroleum and Natural Gas Systems
1011168,Petroleum and Natural Gas Systems
1011173,Petroleum and Natural Gas Systems
1011174,Petroleum and Natural Gas Systems
1011175,Pulp and Paper
1011178,Petroleum and Natural Gas Systems
1011179,Waste
1011181,Petroleum and Natural Gas Systems
1011183,Petroleum and Natural Gas Systems
1011185,Petroleum and Natural Gas Systems
1011187,Petroleum and Natural Gas Systems
1011189,Petroleum and Natural Gas Systems
1011190,Power Plants
1011191,Petroleum and Natural Gas Systems
1011192,Pulp and Paper
1011193,Petroleum and Natural Gas Systems
1011194,Petroleum and Natural Gas Systems
1011198,Chemicals
1011199,Import and Export of Equipment Containing Fluorinated GHGs
1011199,Other
1011200,Other
1011201,Petroleum and Natural Gas Systems
1011202,Petroleum and Natural Gas Systems
1011203,Power Plants
1011204,Power Plants
1011205,Petroleum and Natural Gas Systems
1011206,Other
1011207,Minerals
1011208,Petroleum and Natural Gas Systems
1011209,Petroleum and Natural Gas Systems
1011210,Petroleum and Natural Gas Systems
1011211,Power Plants
1011212,Other
1011213,Minerals
1011214,Power Plants
1011215,Waste
1011216,Other
1011217,Waste
1011219,Petroleum and Natural Gas Systems
1011220,Other
1011221,Petroleum and Natural Gas Systems
1011222,Other
1011223,Petroleum and Natural Gas Systems
1011224,Other
1011225,Power Plants
1011226,Petroleum and Natural Gas Systems
1011227,Waste
1011229,Waste
1011231,Petroleum and Natural Gas Systems
1011232,Petroleum and Natural Gas Systems
1011233,Waste
1011234,Petroleum and Natural Gas Systems
1011235,Petroleum and Natural Gas Systems
1011237,Other
1011239,Petroleum and Natural Gas Systems
1011240,Other
1011241,Chemicals
1011242,Metals
1011243,Metals
1011244,Petroleum and Natural Gas Systems
1011245,Petroleum and Natural Gas Systems
1011246,Petroleum and Natural Gas Systems
1011247,Petroleum and Natural Gas Systems
1011248,Petroleum and Natural Gas Systems
1011249,Other
1011250,Petroleum and Natural Gas Systems
1011251,Other
1011252,Pulp and Paper
1011253,Petroleum and Natural Gas Systems
1011256,Waste
1011257,Waste
1011259,Metals
1011260,Petroleum and Natural Gas Systems
1011261,Petroleum and Natural Gas Systems
1011262,Petroleum and Natural Gas Systems
1011263,Other
1011265,Petroleum and Natural Gas Systems
1011267,Waste
1011268,Petroleum and Natural Gas Systems
1011269,Petroleum and Natural Gas Systems
1011270,Natural Gas and Natural Gas Liquids Suppliers
1011270,Petroleum and Natural Gas Systems
1011271,Waste
1011274,Petroleum and Natural Gas Systems
1011275,Petroleum and Natural Gas Systems
1011276,Petroleum and Natural Gas Systems
1011277,Other
1011278,Petroleum and Natural Gas Systems
1011279,Petroleum and Natural Gas Systems
1011281,Petroleum and Natural Gas Systems
1011282,Petroleum and Natural Gas Systems
1011285,Petroleum and Natural Gas Systems
1011287,Petroleum and Natural Gas Systems
1011289,Petroleum and Natural Gas Systems
1011290,Petroleum and Natural Gas Systems
1011291,Petroleum and Natural Gas Systems
1011293,Other
1011295,Petroleum and Natural Gas Systems
1011297,Petroleum and Natural Gas Systems
1011298,Petroleum and Natural Gas Systems
1011302,Waste
1011303,Power Plants
1011304,Petroleum and Natural Gas Systems
1011305,Other
1011308,Petroleum and Natural Gas Systems
1011309,Other
1011311,Petroleum and Natural Gas Systems
1011313,Petroleum and Natural Gas Systems
1011314,Other
1011314,Waste
1011315,Power Plants
1011316,Minerals
1011317,Waste
1011318,Petroleum and Natural Gas Systems
1011322,Minerals
1011323,Power Plants
1011325,Minerals
1011329,Petroleum and Natural Gas Systems
1011331,Petroleum and Natural Gas Systems
1011332,Petroleum and Natural Gas Systems
1011339,Waste
1011341,Petroleum and Natural Gas Systems
1011345,Petroleum Product Suppliers
1011345,Refineries
1011351,Petroleum and Natural Gas Systems
1011353,Petroleum and Natural Gas Systems
1011356,Injection of CO2
1011356,Petroleum and Natural Gas Systems
1011356,Suppliers of CO2
1011357,Petroleum and Natural Gas Systems
1011361,Petroleum and Natural Gas Systems
1011365,Petroleum and Natural Gas Systems
1011369,Petroleum and Natural Gas Systems
1011371,Waste
1011373,Petroleum and Natural Gas Systems
1011379,Petroleum and Natural Gas Systems
1011381,Waste
1011384,Other
1011387,Petroleum and Natural Gas Systems
1011389,Other
1011391,Waste
1011392,Metals
1011393,Petroleum and Natural Gas Systems
1011394,Petroleum and Natural Gas Systems
1011395,Petroleum and Natural Gas Systems
1011398,Petroleum and Natural Gas Systems
1011400,Petroleum and Natural Gas Systems
1011401,Petroleum and Natural Gas Systems
1011402,Petroleum and Natural Gas Systems
1011405,Petroleum and Natural Gas Systems
1011407,Petroleum and Natural Gas Systems
1011413,Petroleum and Natural Gas Systems
1011418,Petroleum and Natural Gas Systems
1011419,Petroleum and Natural Gas Systems
1011420,Petroleum and Natural Gas Systems
1011421,Petroleum and Natural Gas Systems
1011425,Petroleum and Natural Gas Systems
1011427,Pulp and Paper
1011435,Petroleum and Natural Gas Systems
1011436,Petroleum and Natural Gas Systems
1011437,Petroleum and Natural Gas Systems
1011438,Petroleum and Natural Gas Systems
1011439,Petroleum and Natural Gas Systems
1011440,Petroleum and Natural Gas Systems
1011442,Petroleum and Natural Gas Systems
1011444,Petroleum and Natural Gas Systems
1011445,Other
1011446,Petroleum and Natural Gas Systems
1011447,Other
1011448,Waste
1011449,Waste
1011450,Petroleum and Natural Gas Systems
1011451,Power Plants
1011452,Petroleum and Natural Gas Systems
1011453,Power Plants
1011454,Petroleum and Natural Gas Systems
1011455,Waste
1011456,Other
1011457,Petroleum and Natural Gas Systems
1011458,Petroleum and Natural Gas Systems
1011459,Petroleum and Natural Gas Systems
1011460,Chemicals
1011462,Chemicals
1011463,Petroleum and Natural Gas Systems
1011464,Waste
1011465,Power Plants
1011466,Waste
1011469,Other
1011470,Petroleum and Natural Gas Systems
1011471,Other
1011472,Other
1011474,Petroleum and Natural Gas Systems
1011475,Other
1011487,Waste
1011497,Natural Gas and Natural Gas Liquids Suppliers
1011497,Petroleum and Natural Gas Systems
1011498,Petroleum and Natural Gas Systems
1011499,Waste
1011500,Minerals
1011501,Other
1011501,Waste
1011502,Petroleum and Natural Gas Systems
1011503,Other
1011504,Petroleum and Natural Gas Systems
1011505,Petroleum and Natural Gas Systems
1011506,Petroleum and Natural Gas Systems
1011508,Petroleum and Natural Gas Systems
1011509,Petroleum and Natural Gas Systems
1011510,Petroleum and Natural Gas Systems
1011512,Petroleum and Natural Gas Systems
1011513,Petroleum and Natural Gas Systems
1011516,Other
1011518,Petroleum and Natural Gas Systems
1011519,Petroleum and Natural Gas Systems
1011523,Petroleum and Natural Gas Systems
1011524,Petroleum and Natural Gas Systems
1011525,Petroleum and Natural Gas Systems
1011526,Petroleum and Natural Gas Systems
1011527,Petroleum and Natural Gas Systems
1011528,Other
1011529,Other
1011530,Petroleum and Natural Gas Systems
1011531,Petroleum and Natural Gas Systems
1011532,Power Plants
1011533,Petroleum and Natural Gas Systems
1011534,Petroleum and Natural Gas Systems
1011535,Petroleum and Natural Gas Systems
1011538,Petroleum and Natural Gas Systems
1011539,Petroleum and Natural Gas Systems
1011540,Petroleum and Natural Gas Systems
1011541,Chemicals
1011543,Power Plants
1011544,Petroleum and Natural Gas Systems
1011546,Petroleum and Natural Gas Systems
1011547,Petroleum and Natural Gas Systems
1011548,Other
1011549,Chemicals
1011551,Other
1011551,Waste
1011552,Petroleum and Natural Gas Systems
1011553,Minerals
1011554,Power Plants
1011555,Petroleum and Natural Gas Systems
1011556,Petroleum and Natural Gas Systems
1011557,Petroleum and Natural Gas Systems
1011558,Petroleum and Natural Gas Systems
1011559,Other
1011561,Petroleum and Natural Gas Systems
1011576,Petroleum and Natural Gas Systems
1011577,Petroleum and Natural Gas Systems
1011578,Power Plants
1011579,Minerals
1011580,Minerals
1011582,Other
1011595,Waste
1011596,Petroleum and Natural Gas Systems
1011597,Petroleum and Natural Gas Systems
1011598,Petroleum and Natural Gas Systems
1011599,Petroleum and Natural Gas Systems
1011600,Petroleum and Natural Gas Systems
1011601,Petroleum and Natural Gas Systems
1011602,Petroleum and Natural Gas Systems
1011611,Petroleum and Natural Gas Systems
1011612,Waste
1011613,Petroleum and Natural Gas Systems
1011614,Petroleum and Natural Gas Systems
1011615,Petroleum and Natural Gas Systems
1011616,Petroleum and Natural Gas Systems
1011617,Petroleum and Natural Gas Systems
1011626,Other
1011627,Other
1011628,Petroleum and Natural Gas Systems
1011629,Petroleum and Natural Gas Systems
1011630,Petroleum and Natural Gas Systems
1011631,Waste
1011632,Other
1011633,Other
1011634,Petroleum and Natural Gas Systems
1011635,Petroleum and Natural Gas Systems
1011636,Petroleum and Natural Gas Systems
1011637,Petroleum and Natural Gas Systems
1011638,Petroleum and Natural Gas Systems
1011639,Petroleum and Natural Gas Systems
1011640,Other
1011641,Petroleum and Natural Gas Systems
1011642,Petroleum and Natural Gas Systems
1011643,Petroleum and Natural Gas Systems
1011644,Petroleum and Natural Gas Systems
1011645,Minerals
1011647,Petroleum and Natural Gas Systems
1011648,Petroleum and Natural Gas Systems
1011650,Petroleum and Natural Gas Systems
1011652,Petroleum and Natural Gas Systems
1011653,Petroleum and Natural Gas Systems
1011654,Petroleum and Natural Gas Systems
1011655,Petroleum and Natural Gas Systems
1011656,Other
1011657,Petroleum and Natural Gas Systems
1011658,Petroleum and Natural Gas Systems
1011659,Petroleum and Natural Gas Systems
1011660,Petroleum and Natural Gas Systems
1011661,Other
1011662,Petroleum and Natural Gas Systems
1011663,Waste
1011664,Other
1011665,Other
1011666,Petroleum and Natural Gas Systems
1011667,Petroleum and Natural Gas Systems
1011668,Petroleum and Natural Gas Systems
1011669,Waste
1011670,Petroleum and Natural Gas Systems
1011671,Other
1011672,Power Plants
1011673,Petroleum and Natural Gas Systems
1011674,Petroleum and Natural Gas Systems
1011675,Petroleum and Natural Gas Systems
1011676,Waste
1011677,Petroleum and Natural Gas Systems
1011678,Petroleum and Natural Gas Systems
1011679,Other
1011680,Petroleum and Natural Gas Systems
1011681,Power Plants
1011682,Other
1011683,Other
1011684,Petroleum and Natural Gas Systems
1011685,Power Plants
1011688,Petroleum and Natural Gas Systems
1011689,Petroleum and Natural Gas Systems
1011690,Petroleum and Natural Gas Systems
1011691,Minerals
1011692,Petroleum and Natural Gas Systems
1011694,Other
1011695,Petroleum and Natural Gas Systems
1011696,Waste
1011697,Metals
1011698,Petroleum and Natural Gas Systems
1011699,Petroleum and Natural Gas Systems
1011700,Petroleum and Natural Gas Systems
1011701,Petroleum and Natural Gas Systems
1011702,Petroleum and Natural Gas Systems
1011703,Petroleum and Natural Gas Systems
1011705,Natural Gas and Natural Gas Liquids Suppliers
1011705,Petroleum and Natural Gas Systems
1011706,Petroleum and Natural Gas Systems
1011707,Petroleum and Natural Gas Systems
1011708,Other
1011710,Other
1011710,Waste
1011713,Waste
1011714,Other
1011715,Petroleum and Natural Gas Systems
1011716,Waste
1011717,Petroleum and Natural Gas Systems
1011718,Other
1011719,Petroleum Product Suppliers
1011719,Refineries
1011720,Petroleum and Natural Gas Systems
1011721,Petroleum and Natural Gas Systems
1011722,Petroleum and Natural Gas Systems
1011723,Other
1011724,Petroleum and Natural Gas Systems
1011725,Other
1011725,Waste
1011726,Metals
1011727,Petroleum and Natural Gas Systems
1011728,Petroleum and Natural Gas Systems
1011729,Pulp and Paper
1011732,Other
1011733,Petroleum and Natural Gas Systems
1011735,Petroleum and Natural Gas Systems
1011736,Petroleum and Natural Gas Systems
1011737,Petroleum and Natural Gas Systems
1011739,Other
1011740,Chemicals
1011740,Waste
1011742,Other
1011743,Petroleum and Natural Gas Systems
1011745,Petroleum and Natural Gas Systems
1011746,Other
1011747,Petroleum and Natural Gas Systems
1011749,Petroleum and Natural Gas Systems
1011750,Other
1011751,Other
1011752,Petroleum and Natural Gas Systems
1011754,Petroleum and Natural Gas Systems
1011755,Petroleum and Natural Gas Systems
1011756,Petroleum and Natural Gas Systems
1011757,Petroleum and Natural Gas Systems
1011758,Petroleum and Natural Gas Systems
1011759,Petroleum and Natural Gas Systems
1011761,Petroleum and Natural Gas Systems
1011762,Petroleum and Natural Gas Systems
1011763,Petroleum and Natural Gas Systems
1011765,Petroleum and Natural Gas Systems
1011772,Other
1011773,Petroleum and Natural Gas Systems
1011778,Petroleum and Natural Gas Systems
1011782,Petroleum and Natural Gas Systems
1011783,Other
1011785,Waste
1011787,Other
1011789,Other
1011793,Waste
1011795,Other
1011798,Other
1011799,Chemicals
1011801,Petroleum and Natural Gas Systems
1011803,Petroleum and Natural Gas Systems
1011804,Petroleum and Natural Gas Systems
1011809,Petroleum and Natural Gas Systems
1011811,Petroleum and Natural Gas Systems
1011812,Petroleum and Natural Gas Systems
1011813,Other
1011817,Other
1011818,Petroleum and Natural Gas Systems
1011819,Other
1011820,Petroleum and Natural Gas Systems
1011823,Chemicals
1011826,Other
1011828,Petroleum and Natural Gas Systems
1011829,Power Plants
1011831,Petroleum and Natural Gas Systems
1011833,Petroleum and Natural Gas Systems
1011834,Chemicals
1011837,Chemicals
1011838,Power Plants
1011839,Petroleum and Natural Gas Systems
1011846,Petroleum and Natural Gas Systems
1011847,Petroleum and Natural Gas Systems
1011848,Petroleum and Natural Gas Systems
1011849,Other
1011850,Power Plants
1011854,Petroleum and Natural Gas Systems
1011855,Other
1011859,Other
1011861,Petroleum and Natural Gas Systems
1011862,Petroleum and Natural Gas Systems
1011863,Other
1011863,Waste
1011870,Petroleum and Natural Gas Systems
1011873,Petroleum and Natural Gas Systems
1011877,Petroleum and Natural Gas Systems
1011878,Petroleum and Natural Gas Systems
1011879,Petroleum and Natural Gas Systems
1011881,Petroleum and Natural Gas Systems
1011883,Petroleum and Natural Gas Systems
1011884,Petroleum and Natural Gas Systems
1011885,Power Plants
1011886,Other
1011887,Other
1011888,Petroleum and Natural Gas Systems
1011889,Other
1011890,Petroleum and Natural Gas Systems
1011891,Petroleum and Natural Gas Systems
1011892,Petroleum and Natural Gas Systems
1011893,Petroleum and Natural Gas Systems
1011894,Petroleum and Natural Gas Systems
1011895,Petroleum and Natural Gas Systems
1011896,Power Plants
1011897,Petroleum and Natural Gas Systems
1011898,Petroleum and Natural Gas Systems
1011900,Chemicals
1011904,Petroleum and Natural Gas Systems
1011905,Other
1011907,Chemicals
1011909,Other
1011910,Petroleum and Natural Gas Systems
1011913,Petroleum and Natural Gas Systems
1011915,Other
1011916,Waste
1011917,Petroleum and Natural Gas Systems
1011918,Petroleum and Natural Gas Systems
1011919,Petroleum and Natural Gas Systems
1011920,Petroleum Product Suppliers
1011920,Refineries
1011921,Petroleum and Natural Gas Systems
1011922,Petroleum and Natural Gas Systems
1011923,Petroleum and Natural Gas Systems
1011924,Petroleum and Natural Gas Systems
1011925,Petroleum and Natural Gas Systems
1011926,Petroleum and Natural Gas Systems
1011927,Petroleum and Natural Gas Systems
1011928,Petroleum and Natural Gas Systems
1011929,Petroleum and Natural Gas Systems
1011930,Petroleum and Natural Gas Systems
1011931,Injection of CO2
1011931,Petroleum and Natural Gas Systems
1011931,Suppliers of CO2
1011932,Petroleum and Natural Gas Systems
1011935,Petroleum and Natural Gas Systems
1011936,Petroleum and Natural Gas Systems
1011937,Petroleum and Natural Gas Systems
1011938,Petroleum and Natural Gas Systems
1011939,Petroleum and Natural Gas Systems
1011940,Petroleum and Natural Gas Systems
1011941,Petroleum and Natural Gas Systems
1011942,Petroleum and Natural Gas Systems
1011946,Petroleum and Natural Gas Systems
1011947,Petroleum and Natural Gas Systems
1011948,Petroleum and Natural Gas Systems
1011949,Petroleum and Natural Gas Systems
1011952,Minerals
1011953,Petroleum and Natural Gas Systems
1011955,Petroleum and Natural Gas Systems
1011956,Waste
1011957,Petroleum and Natural Gas Systems
1011959,Waste
1011960,Petroleum and Natural Gas Systems
1011961,Other
1011962,Petroleum and Natural Gas Systems
1011963,Petroleum and Natural Gas Systems
1011964,Other
1011965,Petroleum and Natural Gas Systems
1011966,Other
1011967,Natural Gas and Natural Gas Liquids Suppliers
1011967,Petroleum and Natural Gas Systems
1011969,Petroleum and Natural Gas Systems
1011970,Petroleum and Natural Gas Systems
1011973,Other
1011973,Waste
1011974,Other
1011975,Petroleum and Natural Gas Systems
1011976,Petroleum and Natural Gas Systems
1011978,Petroleum and Natural Gas Systems
1011979,Pulp and Paper
1011980,Other
1011981,Petroleum and Natural Gas Systems
1011983,Petroleum and Natural Gas Systems
1011986,Petroleum and Natural Gas Systems
1011988,Petroleum and Natural Gas Systems
1011989,Petroleum and Natural Gas Systems
1011994,Waste
1011995,Petroleum and Natural Gas Systems
1011998,Petroleum and Natural Gas Systems
1011999,Power Plants
1012000,Power Plants
1012001,Petroleum and Natural Gas Systems
1012002,Pulp and Paper
1012007,Petroleum and Natural Gas Systems
1012008,Power Plants
1012009,Other
1012009,Waste
1012011,Petroleum and Natural Gas Systems
1012012,Petroleum and Natural Gas Systems
1012013,Petroleum and Natural Gas Systems
1012014,Petroleum and Natural Gas Systems
1012015,Other
1012015,Petroleum and Natural Gas Systems
1012016,Power Plants
1012017,Power Plants
1012018,Petroleum and Natural Gas Systems
1012019,Pulp and Paper
1012021,Petroleum and Natural Gas Systems
1012022,Petroleum and Natural Gas Systems
1012023,Petroleum and Natural Gas Systems
1012024,Petroleum and Natural Gas Systems
1012027,Petroleum and Natural Gas Systems
1012028,Petroleum and Natural Gas Systems
1012030,Petroleum and Natural Gas Systems
1012032,Power Plants
1012033,Other
1012033,Petroleum and Natural Gas Systems
1012034,Other
1012035,Power Plants
1012036,Other
1012037,Petroleum and Natural Gas Systems
1012038,Petroleum and Natural Gas Systems
1012039,Other
1012040,Petroleum and Natural Gas Systems
1012041,Petroleum and Natural Gas Systems
1012042,Other
1012042,Waste
1012043,Power Plants
1012044,Petroleum and Natural Gas Systems
1012045,Power Plants
1012046,Petroleum and Natural Gas Systems
1012048,Petroleum and Natural Gas Systems
1012049,Petroleum and Natural Gas Systems
1012051,Minerals
1012052,Petroleum and Natural Gas Systems
1012053,Metals
1012054,Power Plants
1012058,Waste
1012059,Petroleum and Natural Gas Systems
1012060,Petroleum and Natural Gas Systems
1012062,Petroleum and Natural Gas Systems
1012065,Power Plants
1012068,Petroleum and Natural Gas Systems
1012070,Petroleum and Natural Gas Systems
1012074,Power Plants
1012077,Petroleum and Natural Gas Systems
1012081,Metals
1012083,Other
1012085,Other
1012086,Other
1012089,Other
1012089,Suppliers of CO2
1012093,Other
1012094,Other
1012095,Power Plants
1012097,Other
1012100,Petroleum and Natural Gas Systems
1012109,Other
1012110,Other
1012111,Other
1012114,Petroleum and Natural Gas Systems
1012115,Petroleum and Natural Gas Systems
1012122,Power Plants
1012125,Other
1012128,Other
1012129,Petroleum and Natural Gas Systems
1012131,Natural Gas and Natural Gas Liquids Suppliers
1012131,Petroleum and Natural Gas Systems
1012133,Waste
1012135,Petroleum and Natural Gas Systems
1012138,Petroleum and Natural Gas Systems
1012139,Petroleum and Natural Gas Systems
1012140,Petroleum and Natural Gas Systems
1012141,Petroleum and Natural Gas Systems
1012142,Petroleum and Natural Gas Systems
1012143,Petroleum and Natural Gas Systems
1012145,Petroleum and Natural Gas Systems
1012146,Petroleum and Natural Gas Systems
1012147,Natural Gas and Natural Gas Liquids Suppliers
1012147,Petroleum and Natural Gas Systems
1012150,Petroleum and Natural Gas Systems
1012151,Petroleum and Natural Gas Systems
1012152,Power Plants
1012153,Petroleum and Natural Gas Systems
1012154,Petroleum and Natural Gas Systems
1012155,Petroleum and Natural Gas Systems
1012156,Petroleum and Natural Gas Systems
1012157,Petroleum and Natural Gas Systems
1012158,Petroleum and Natural Gas Systems
1012159,Petroleum and Natural Gas Systems
1012160,Power Plants
1012161,Petroleum and Natural Gas Systems
1012164,Petroleum and Natural Gas Systems
1012165,Petroleum and Natural Gas Systems
1012167,Metals
1012168,Petroleum and Natural Gas Systems
1012170,Metals
1012177,Petroleum and Natural Gas Systems
1012181,Pulp and Paper
1012184,Petroleum and Natural Gas Systems
1012186,Petroleum and Natural Gas Systems
1012189,Petroleum and Natural Gas Systems
1012192,Petroleum and Natural Gas Systems
1012193,Petroleum and Natural Gas Systems
1012194,Petroleum and Natural Gas Systems
1012195,Petroleum and Natural Gas Systems
1012196,Power Plants
1012198,Petroleum and Natural Gas Systems
1012200,Petroleum and Natural Gas Systems
1012201,Petroleum and Natural Gas Systems
1012202,Petroleum and Natural Gas Systems
1012204,Petroleum and Natural Gas Systems
1012205,Petroleum and Natural Gas Systems
1012207,Petroleum and Natural Gas Systems
1012208,Petroleum and Natural Gas Systems
1012209,Petroleum and Natural Gas Systems
1012211,Petroleum and Natural Gas Systems
1012213,Petroleum and Natural Gas Systems
1012214,Petroleum and Natural Gas Systems
1012218,Petroleum and Natural Gas Systems
1012219,Petroleum and Natural Gas Systems
1012230,Petroleum and Natural Gas Systems
1012231,Petroleum and Natural Gas Systems
1012232,Petroleum and Natural Gas Systems
1012233,Petroleum and Natural Gas Systems
1012236,Petroleum and Natural Gas Systems
1012238,Petroleum and Natural Gas Systems
1012239,Petroleum and Natural Gas Systems
1012240,Petroleum and Natural Gas Systems
1012241,Petroleum and Natural Gas Systems
1012244,Petroleum and Natural Gas Systems
1012245,Petroleum and Natural Gas Systems
1012248,Petroleum and Natural Gas Systems
1012251,Petroleum and Natural Gas Systems
1012255,Petroleum and Natural Gas Systems
1012256,Petroleum and Natural Gas Systems
1012257,Petroleum and Natural Gas Systems
1012259,Petroleum and Natural Gas Systems
1012260,Petroleum and Natural Gas Systems
1012269,Petroleum and Natural Gas Systems
1012270,Petroleum and Natural Gas Systems
1012272,Petroleum and Natural Gas Systems
1012276,Petroleum and Natural Gas Systems
1012277,Petroleum and Natural Gas Systems
1012281,Petroleum and Natural Gas Systems
1012282,Petroleum and Natural Gas Systems
1012284,Petroleum and Natural Gas Systems
1012285,Petroleum and Natural Gas Systems
1012286,Petroleum and Natural Gas Systems
1012289,Other
1012290,Petroleum and Natural Gas Systems
1012291,Petroleum and Natural Gas Systems
1012293,Petroleum and Natural Gas Systems
1012294,Petroleum and Natural Gas Systems
1012297,Petroleum and Natural Gas Systems
1012298,Petroleum and Natural Gas Systems
1012300,Petroleum and Natural Gas Systems
1012301,Petroleum and Natural Gas Systems
1012305,Petroleum and Natural Gas Systems
1012310,Petroleum and Natural Gas Systems
1012311,Petroleum and Natural Gas Systems
1012317,Petroleum and Natural Gas Systems
1012318,Other
1012321,Petroleum and Natural Gas Systems
1012322,Petroleum and Natural Gas Systems
1012323,Petroleum and Natural Gas Systems
1012324,Petroleum and Natural Gas Systems
1012325,Petroleum and Natural Gas Systems
1012328,Other
1012329,Petroleum and Natural Gas Systems
1012332,Petroleum and Natural Gas Systems
1012334,Chemicals
1012334,Industrial Gas Suppliers
1012335,Petroleum and Natural Gas Systems
1012336,Petroleum and Natural Gas Systems
1012340,Petroleum and Natural Gas Systems
1012341,Petroleum and Natural Gas Systems
1012342,Petroleum and Natural Gas Systems
1012347,Petroleum and Natural Gas Systems
1012348,Petroleum and Natural Gas Systems
1012351,Petroleum and Natural Gas Systems
1012352,Metals
1012353,Petroleum and Natural Gas Systems
1012355,Petroleum and Natural Gas Systems
1012357,Petroleum and Natural Gas Systems
1012358,Petroleum and Natural Gas Systems
1012359,Petroleum and Natural Gas Systems
1012360,Petroleum and Natural Gas Systems
1012361,Petroleum and Natural Gas Systems
1012364,Petroleum and Natural Gas Systems
1012365,Petroleum and Natural Gas Systems
1012373,Other
1012373,Power Plants
1012374,Metals
1012375,Metals
1012376,Petroleum and Natural Gas Systems
1012377,Petroleum and Natural Gas Systems
1012378,Petroleum and Natural Gas Systems
1012380,Other
1012381,Petroleum and Natural Gas Systems
1012382,Petroleum and Natural Gas Systems
1012383,Petroleum and Natural Gas Systems
1012385,Petroleum and Natural Gas Systems
1012386,Petroleum and Natural Gas Systems
1012387,Petroleum and Natural Gas Systems
1012388,Petroleum and Natural Gas Systems
1012390,Petroleum and Natural Gas Systems
1012392,Petroleum and Natural Gas Systems
1012393,Petroleum and Natural Gas Systems
1012394,Waste
1012395,Petroleum and Natural Gas Systems
1012396,Petroleum and Natural Gas Systems
1012397,Petroleum and Natural Gas Systems
1012398,Petroleum and Natural Gas Systems
1012401,Petroleum and Natural Gas Systems
1012402,Minerals
1012403,Petroleum and Natural Gas Systems
1012405,Petroleum and Natural Gas Systems
1012406,Petroleum and Natural Gas Systems
1012407,Other
1012409,Petroleum and Natural Gas Systems
1012411,Other
1012412,Petroleum and Natural Gas Systems
1012413,Petroleum and Natural Gas Systems
1012414,Power Plants
1012416,Petroleum and Natural Gas Systems
1012418,Petroleum and Natural Gas Systems
1012420,Petroleum and Natural Gas Systems
1012421,Petroleum and Natural Gas Systems
1012422,Waste
1012424,Other
1012427,Petroleum and Natural Gas Systems
1012432,Petroleum and Natural Gas Systems
1012433,Petroleum and Natural Gas Systems
1012435,Natural Gas and Natural Gas Liquids Suppliers
1012435,Petroleum and Natural Gas Systems
1012436,Other
1012436,Waste
1012437,Petroleum and Natural Gas Systems
1012438,Petroleum and Natural Gas Systems
1012439,Petroleum and Natural Gas Systems
1012440,Petroleum and Natural Gas Systems
1012445,Petroleum and Natural Gas Systems
1012446,Petroleum and Natural Gas Systems
1012447,Power Plants
1012448,Other
1012449,Petroleum and Natural Gas Systems
1012450,Petroleum and Natural Gas Systems
1012451,Petroleum and Natural Gas Systems
1012452,Petroleum and Natural Gas Systems
1012453,Petroleum and Natural Gas Systems
1012454,Petroleum and Natural Gas Systems
1012455,Petroleum and Natural Gas Systems
1012457,Petroleum and Natural Gas Systems
1012459,Petroleum and Natural Gas Systems
1012460,Petroleum and Natural Gas Systems
1012461,Petroleum and Natural Gas Systems
1012462,Petroleum and Natural Gas Systems
1012463,Petroleum and Natural Gas Systems
1012464,Petroleum and Natural Gas Systems
1012465,Petroleum and Natural Gas Systems
1012466,Petroleum and Natural Gas Systems
1012467,Petroleum and Natural Gas Systems
1012468,Petroleum and Natural Gas Systems
1012469,Natural Gas and Natural Gas Liquids Suppliers
1012469,Petroleum and Natural Gas Systems
1012470,Petroleum and Natural Gas Systems
1012471,Petroleum and Natural Gas Systems
1012472,Petroleum and Natural Gas Systems
1012473,Petroleum and Natural Gas Systems
1012474,Petroleum and Natural Gas Systems
1012475,Petroleum and Natural Gas Systems
1012477,Petroleum and Natural Gas Systems
1012478,Petroleum and Natural Gas Systems
1012479,Petroleum and Natural Gas Systems
1012480,Petroleum and Natural Gas Systems
1012481,Metals
1012482,Petroleum and Natural Gas Systems
1012483,Petroleum and Natural Gas Systems
1012484,Petroleum and Natural Gas Systems
1012486,Petroleum and Natural Gas Systems
1012487,Petroleum and Natural Gas Systems
1012491,Petroleum and Natural Gas Systems
1012492,Petroleum and Natural Gas Systems
1012493,Minerals
1012494,Petroleum and Natural Gas Systems
1012495,Petroleum and Natural Gas Systems
1012496,Petroleum and Natural Gas Systems
1012497,Petroleum and Natural Gas Systems
1012498,Petroleum and Natural Gas Systems
1012500,Petroleum and Natural Gas Systems
1012501,Petroleum and Natural Gas Systems
1012503,Petroleum and Natural Gas Systems
1012504,Petroleum and Natural Gas Systems
1012506,Petroleum Product Suppliers
1012506,Refineries
1012507,Petroleum and Natural Gas Systems
1012508,Petroleum and Natural Gas Systems
1012509,Petroleum and Natural Gas Systems
1012510,Petroleum and Natural Gas Systems
1012511,Petroleum and Natural Gas Systems
1012512,Petroleum and Natural Gas Systems
1012514,Petroleum and Natural Gas Systems
1012515,Petroleum and Natural Gas Systems
1012516,Other
1012517,Metals
1012518,Petroleum and Natural Gas Systems
1012519,Injection of CO2
1012519,Petroleum and Natural Gas Systems
1012519,Suppliers of CO2
1012520,Petroleum and Natural Gas Systems
1012522,Petroleum and Natural Gas Systems
1012523,Petroleum and Natural Gas Systems
1012524,Petroleum and Natural Gas Systems
1012526,Petroleum and Natural Gas Systems
1012527,Other
1012528,Petroleum and Natural Gas Systems
1012529,Petroleum and Natural Gas Systems
1012530,Petroleum and Natural Gas Systems
1012532,Petroleum and Natural Gas Systems
1012533,Petroleum and Natural Gas Systems
1012534,Petroleum and Natural Gas Systems
1012535,Petroleum and Natural Gas Systems
1012536,Petroleum and Natural Gas Systems
1012537,Petroleum and Natural Gas Systems
1012538,Petroleum and Natural Gas Systems
1012539,Petroleum and Natural Gas Systems
1012541,Petroleum and Natural Gas Systems
1012542,Petroleum and Natural Gas Systems
1012544,Petroleum and Natural Gas Systems
1012545,Petroleum and Natural Gas Systems
1012546,Petroleum and Natural Gas Systems
1012547,Petroleum and Natural Gas Systems
1012548,Minerals
1012551,Petroleum and Natural Gas Systems
1012552,Petroleum and Natural Gas Systems
1012554,Other
1012555,Petroleum and Natural Gas Systems
1012556,Petroleum and Natural Gas Systems
1012557,Petroleum and Natural Gas Systems
1012558,Petroleum and Natural Gas Systems
1012559,Petroleum and Natural Gas Systems
1012560,Petroleum and Natural Gas Systems
1012562,Petroleum and Natural Gas Systems
1012563,Petroleum and Natural Gas Systems
1012564,Metals
1012565,Petroleum and Natural Gas Systems
1012566,Petroleum and Natural Gas Systems
1012567,Power Plants
1012568,Petroleum and Natural Gas Systems
1012569,Petroleum and Natural Gas Systems
1012570,Petroleum and Natural Gas Systems
1012571,Petroleum and Natural Gas Systems
1012572,Petroleum and Natural Gas Systems
1012573,Other
1012574,Petroleum and Natural Gas Systems
1012576,Petroleum and Natural Gas Systems
1012577,Petroleum and Natural Gas Systems
1012579,Petroleum and Natural Gas Systems
1012581,Petroleum and Natural Gas Systems
1012582,Petroleum and Natural Gas Systems
1012583,Petroleum and Natural Gas Systems
1012584,Petroleum and Natural Gas Systems
1012585,Petroleum and Natural Gas Systems
1012586,Petroleum and Natural Gas Systems
1012587,Petroleum and Natural Gas Systems
1012588,Petroleum and Natural Gas Systems
1012589,Petroleum and Natural Gas Systems
1012590,Petroleum and Natural Gas Systems
1012591,Petroleum and Natural Gas Systems
1012592,Petroleum and Natural Gas Systems
1012594,Petroleum and Natural Gas Systems
1012595,Petroleum and Natural Gas Systems
1012596,Petroleum and Natural Gas Systems
1012597,Petroleum and Natural Gas Systems
1012598,Petroleum and Natural Gas Systems
1012599,Power Plants
1012600,Petroleum and Natural Gas Systems
1012601,Petroleum and Natural Gas Systems
1012602,Petroleum and Natural Gas Systems
1012603,Petroleum and Natural Gas Systems
1012605,Petroleum and Natural Gas Systems
1012606,Power Plants
1012607,Petroleum and Natural Gas Systems
1012608,Petroleum and Natural Gas Systems
1012611,Petroleum and Natural Gas Systems
1012612,Petroleum and Natural Gas Systems
1012614,Petroleum and Natural Gas Systems
1012615,Petroleum and Natural Gas Systems
1012616,Petroleum and Natural Gas Systems
1012617,Petroleum and Natural Gas Systems
1012618,Petroleum and Natural Gas Systems
1012619,Petroleum and Natural Gas Systems
1012620,Petroleum and Natural Gas Systems
1012621,Petroleum and Natural Gas Systems
1012622,Petroleum and Natural Gas Systems
1012623,Petroleum and Natural Gas Systems
1012624,Petroleum and Natural Gas Systems
1012625,Metals
1012626,Petroleum and Natural Gas Systems
1012628,Petroleum and Natural Gas Systems
1012630,Petroleum and Natural Gas Systems
1012631,Petroleum and Natural Gas Systems
1012632,Petroleum and Natural Gas Systems
1012633,Petroleum and Natural Gas Systems
1012634,Petroleum and Natural Gas Systems
1012635,Petroleum and Natural Gas Systems
1012637,Petroleum and Natural Gas Systems
1012638,Petroleum and Natural Gas Systems
1012641,Petroleum and Natural Gas Systems
1012645,Other
1012646,Other
1012647,Petroleum and Natural Gas Systems
1012650,Petroleum and Natural Gas Systems
1012651,Petroleum and Natural Gas Systems
1012652,Petroleum and Natural Gas Systems
1012653,Petroleum and Natural Gas Systems
1012654,Petroleum and Natural Gas Systems
1012656,Petroleum and Natural Gas Systems
1012658,Petroleum and Natural Gas Systems
1012659,Petroleum and Natural Gas Systems
1012661,Petroleum and Natural Gas Systems
1012662,Petroleum and Natural Gas Systems
1012663,Petroleum and Natural Gas Systems
1012664,Petroleum and Natural Gas Systems
1012665,Petroleum and Natural Gas Systems
1012666,Petroleum and Natural Gas Systems
1012667,Petroleum and Natural Gas Systems
1012668,Petroleum and Natural Gas Systems
1012669,Petroleum and Natural Gas Systems
1012671,Minerals
1012672,Petroleum and Natural Gas Systems
1012675,Petroleum and Natural Gas Systems
1012676,Petroleum and Natural Gas Systems
1012678,Other
1012680,Petroleum and Natural Gas Systems
1012681,Petroleum and Natural Gas Systems
1012682,Petroleum and Natural Gas Systems
1012684,Petroleum and Natural Gas Systems
1012685,Petroleum and Natural Gas Systems
1012686,Petroleum and Natural Gas Systems
1012687,Petroleum and Natural Gas Systems
1012689,Petroleum and Natural Gas Systems
1012690,Petroleum and Natural Gas Systems
1012691,Petroleum and Natural Gas Systems
1012693,Minerals
1012694,Minerals
1012696,Petroleum and Natural Gas Systems
1012697,Petroleum and Natural Gas Systems
1012698,Chemicals
1012698,Suppliers of CO2
1012699,Petroleum and Natural Gas Systems
1012700,Petroleum and Natural Gas Systems
1012701,Petroleum and Natural Gas Systems
1012702,Petroleum and Natural Gas Systems
1012704,Petroleum and Natural Gas Systems
1012705,Petroleum and Natural Gas Systems
1012706,Petroleum and Natural Gas Systems
1012707,Petroleum and Natural Gas Systems
1012708,Petroleum and Natural Gas Systems
1012709,Petroleum and Natural Gas Systems
1012710,Petroleum and Natural Gas Systems
1012711,Petroleum and Natural Gas Systems
1012712,Petroleum and Natural Gas Systems
1012713,Petroleum and Natural Gas Systems
1012714,Petroleum and Natural Gas Systems
1012715,Petroleum and Natural Gas Systems
1012716,Power Plants
1012717,Petroleum and Natural Gas Systems
1012718,Petroleum and Natural Gas Systems
1012720,Petroleum and Natural Gas Systems
1012721,Petroleum and Natural Gas Systems
1012722,Petroleum and Natural Gas Systems
1012723,Petroleum and Natural Gas Systems
1012724,Petroleum and Natural Gas Systems
1012725,Petroleum and Natural Gas Systems
1012726,Petroleum and Natural Gas Systems
1012727,Petroleum and Natural Gas Systems
1012728,Petroleum and Natural Gas Systems
1012729,Petroleum and Natural Gas Systems
1012731,Petroleum and Natural Gas Systems
1012732,Petroleum and Natural Gas Systems
1012733,Petroleum and Natural Gas Systems
1012734,Petroleum and Natural Gas Systems
1012735,Petroleum and Natural Gas Systems
1012736,Petroleum and Natural Gas Systems
1012737,Petroleum and Natural Gas Systems
1012740,Petroleum and Natural Gas Systems
1012742,Petroleum and Natural Gas Systems
1012744,Petroleum and Natural Gas Systems
1012746,Petroleum and Natural Gas Systems
1012747,Petroleum and Natural Gas Systems
1012748,Petroleum and Natural Gas Systems
1012749,Power Plants
1012750,Petroleum and Natural Gas Systems
1012752,Petroleum and Natural Gas Systems
1012753,Petroleum and Natural Gas Systems
1012755,Petroleum and Natural Gas Systems
1012757,Petroleum and Natural Gas Systems
1012759,Petroleum and Natural Gas Systems
1012760,Petroleum and Natural Gas Systems
1012761,Petroleum and Natural Gas Systems
1012762,Petroleum and Natural Gas Systems
1012763,Petroleum and Natural Gas Systems
1012764,Petroleum and Natural Gas Systems
1012765,Other
1012768,Petroleum and Natural Gas Systems
1012769,Petroleum and Natural Gas Systems
1012773,Petroleum and Natural Gas Systems
1012774,Petroleum and Natural Gas Systems
1012775,Petroleum and Natural Gas Systems
1012777,Petroleum and Natural Gas Systems
1012778,Petroleum and Natural Gas Systems
1012779,Petroleum and Natural Gas Systems
1012780,Petroleum and Natural Gas Systems
1012781,Petroleum and Natural Gas Systems
1012782,Petroleum and Natural Gas Systems
1012783,Petroleum and Natural Gas Systems
1012784,Petroleum and Natural Gas Systems
1012785,Petroleum and Natural Gas Systems
1012787,Petroleum and Natural Gas Systems
1012788,Petroleum and Natural Gas Systems
1012789,Chemicals
1012789,Suppliers of CO2
1012790,Petroleum and Natural Gas Systems
1012793,Petroleum and Natural Gas Systems
1012794,Petroleum and Natural Gas Systems
1012796,Petroleum and Natural Gas Systems
1012797,Petroleum and Natural Gas Systems
1012800,Petroleum and Natural Gas Systems
1012804,Petroleum and Natural Gas Systems
1012806,Petroleum and Natural Gas Systems
1012807,Petroleum and Natural Gas Systems
1012808,Other
1012809,Petroleum and Natural Gas Systems
1012810,Petroleum and Natural Gas Systems
1012811,Petroleum and Natural Gas Systems
1012812,Petroleum and Natural Gas Systems
1012814,Petroleum and Natural Gas Systems
1012815,Petroleum and Natural Gas Systems
1012816,Petroleum and Natural Gas Systems
1012817,Petroleum and Natural Gas Systems
1012818,Petroleum and Natural Gas Systems
1012819,Petroleum and Natural Gas Systems
1012820,Petroleum and Natural Gas Systems
1012821,Petroleum and Natural Gas Systems
1012822,Petroleum and Natural Gas Systems
1012823,Petroleum and Natural Gas Systems
1012825,Petroleum and Natural Gas Systems
1012826,Petroleum and Natural Gas Systems
1012828,Petroleum and Natural Gas Systems
1012829,Petroleum and Natural Gas Systems
1012831,Petroleum and Natural Gas Systems
1012833,Petroleum and Natural Gas Systems
1012835,Petroleum and Natural Gas Systems
1012839,Other
1012840,Power Plants
1012841,Petroleum and Natural Gas Systems
1012844,Power Plants
1012845,Petroleum and Natural Gas Systems
1012846,Petroleum and Natural Gas Systems
1012847,Petroleum and Natural Gas Systems
1012849,Other
1012851,Waste
1012853,Power Plants
1012857,Other
1012861,Petroleum and Natural Gas Systems
1012864,Other
1012867,Chemicals
1012869,Power Plants
1012873,Petroleum and Natural Gas Systems
1012878,Petroleum and Natural Gas Systems
1012885,Power Plants
1012891,Waste
1012893,Petroleum and Natural Gas Systems
1012895,Chemicals
1012897,Petroleum and Natural Gas Systems
1012898,Petroleum and Natural Gas Systems
1012899,Petroleum and Natural Gas Systems
1012900,Petroleum and Natural Gas Systems
1012901,Petroleum and Natural Gas Systems
1012903,Waste
1012904,Chemicals
1012905,Petroleum and Natural Gas Systems
1012906,Petroleum and Natural Gas Systems
1012907,Petroleum and Natural Gas Systems
1012908,Petroleum and Natural Gas Systems
1012909,Petroleum and Natural Gas Systems
1012910,Power Plants
1012911,Power Plants
1012913,Petroleum and Natural Gas Systems
1012914,Petroleum and Natural Gas Systems
1012915,Petroleum and Natural Gas Systems
1012916,Petroleum and Natural Gas Systems
1012918,Chemicals
1012919,Natural Gas and Natural Gas Liquids Suppliers
1012919,Petroleum and Natural Gas Systems
1012920,Petroleum and Natural Gas Systems
1012921,Petroleum and Natural Gas Systems
1012922,Petroleum and Natural Gas Systems
1012923,Petroleum and Natural Gas Systems
1012924,Other
1012929,Petroleum and Natural Gas Systems
1012930,Other
1012930,Waste
1012931,Petroleum and Natural Gas Systems
1012932,Power Plants
1012936,Petroleum and Natural Gas Systems
1012940,Petroleum and Natural Gas Systems
1012942,Power Plants
1012943,Petroleum and Natural Gas Systems
1012944,Petroleum and Natural Gas Systems
1012945,Petroleum and Natural Gas Systems
1012947,Petroleum and Natural Gas Systems
1012948,Other
1012952,Petroleum and Natural Gas Systems
1012953,Petroleum and Natural Gas Systems
1012955,Waste
1012957,Other
1012961,Petroleum and Natural Gas Systems
1012963,Petroleum and Natural Gas Systems
1012964,Petroleum and Natural Gas Systems
1012965,Minerals
1012966,Metals
1012967,Power Plants
1012969,Petroleum and Natural Gas Systems
1012970,Petroleum and Natural Gas Systems
1012971,Petroleum and Natural Gas Systems
1012972,Petroleum and Natural Gas Systems
1012975,Petroleum and Natural Gas Systems
1012976,Petroleum and Natural Gas Systems
1012977,Minerals
1012978,Other
1012979,Petroleum and Natural Gas Systems
1012981,Power Plants
1012982,Petroleum and Natural Gas Systems
1012983,Petroleum and Natural Gas Systems
1012984,Petroleum and Natural Gas Systems
1012985,Petroleum and Natural Gas Systems
1012986,Petroleum and Natural Gas Systems
1012987,Chemicals
1012988,Petroleum and Natural Gas Systems
1012989,Petroleum and Natural Gas Systems
1012990,Other
1012992,Other
1012993,Other
1012996,Petroleum and Natural Gas Systems
1012997,Metals
1012999,Petroleum and Natural Gas Systems
1013001,Other
1013001,Waste
1013002,Other
1013003,Petroleum and Natural Gas Systems
1013004,Petroleum and Natural Gas Systems
1013006,Power Plants
1013007,Petroleum and Natural Gas Systems
1013009,Petroleum and Natural Gas Systems
1013010,Petroleum and Natural Gas Systems
1013011,Petroleum and Natural Gas Systems
1013012,Petroleum and Natural Gas Systems
1013016,Other
1013018,Other
1013019,Petroleum and Natural Gas Systems
1013021,Petroleum and Natural Gas Systems
1013022,Metals
1013023,Petroleum and Natural Gas Systems
1013024,Power Plants
1013026,Petroleum and Natural Gas Systems
1013030,Waste
1013033,Petroleum and Natural Gas Systems
1013034,Petroleum and Natural Gas Systems
1013035,Petroleum and Natural Gas Systems
1013036,Petroleum and Natural Gas Systems
1013038,Petroleum and Natural Gas Systems
1013039,Power Plants
1013040,Petroleum and Natural Gas Systems
1013041,Petroleum and Natural Gas Systems
1013042,Other
1013044,Petroleum and Natural Gas Systems
1013045,Petroleum and Natural Gas Systems
1013046,Power Plants
1013048,Petroleum and Natural Gas Systems
1013049,Petroleum and Natural Gas Systems
1013050,Petroleum and Natural Gas Systems
1013051,Metals
1013052,Petroleum and Natural Gas Systems
1013053,Petroleum and Natural Gas Systems
1013054,Power Plants
1013055,Other
1013057,Petroleum and Natural Gas Systems
1013058,Petroleum and Natural Gas Systems
1013059,Petroleum and Natural Gas Systems
1013060,Minerals
1013061,Petroleum and Natural Gas Systems
1013062,Petroleum and Natural Gas Systems
1013063,Power Plants
1013064,Petroleum and Natural Gas Systems
1013065,Petroleum and Natural Gas Systems
1013066,Chemicals
1013067,Petroleum and Natural Gas Systems
1013070,Power Plants
1013071,Other
1013072,Petroleum and Natural Gas Systems
1013075,Petroleum and Natural Gas Systems
1013076,Petroleum and Natural Gas Systems
1013077,Petroleum and Natural Gas Systems
1013078,Petroleum and Natural Gas Systems
1013079,Petroleum and Natural Gas Systems
1013080,Petroleum and Natural Gas Systems
1013081,Waste
1013085,Petroleum and Natural Gas Systems
1013086,Petroleum and Natural Gas Systems
1013087,Petroleum and Natural Gas Systems
1013088,Chemicals
1013089,Petroleum and Natural Gas Systems
1013091,Petroleum and Natural Gas Systems
1013092,Petroleum and Natural Gas Systems
1013093,Petroleum and Natural Gas Systems
1013095,Petroleum and Natural Gas Systems
1013096,Petroleum and Natural Gas Systems
1013099,Petroleum and Natural Gas Systems
1013100,Petroleum and Natural Gas Systems
1013101,Petroleum and Natural Gas Systems
1013103,Petroleum and Natural Gas Systems
1013104,Petroleum and Natural Gas Systems
1013105,Petroleum and Natural Gas Systems
1013106,Petroleum and Natural Gas Systems
1013109,Petroleum and Natural Gas Systems
1013111,Petroleum and Natural Gas Systems
1013112,Petroleum and Natural Gas Systems
1013113,Petroleum and Natural Gas Systems
1013115,Petroleum and Natural Gas Systems
1013116,Petroleum and Natural Gas Systems
1013117,Other
1013117,Waste
1013118,Petroleum and Natural Gas Systems
1013121,Petroleum and Natural Gas Systems
1013123,Petroleum and Natural Gas Systems
1013124,Petroleum and Natural Gas Systems
1013125,Metals
1013127,Petroleum and Natural Gas Systems
1013128,Petroleum and Natural Gas Systems
1013129,Petroleum and Natural Gas Systems
1013130,Metals
1013134,Petroleum and Natural Gas Systems
1013135,Petroleum and Natural Gas Systems
1013136,Power Plants
1013138,Chemicals
1013144,Petroleum and Natural Gas Systems
1013147,Waste
1013151,Other
1013153,Other
1013155,Petroleum and Natural Gas Systems
1013159,Waste
1013164,Chemicals
1013165,Other
1013166,Petroleum and Natural Gas Systems
1013167,Petroleum and Natural Gas Systems
1013168,Chemicals
1013171,Power Plants
1013173,Power Plants
1013179,Petroleum and Natural Gas Systems
1013183,Injection of CO2
1013183,Petroleum and Natural Gas Systems
1013183,Suppliers of CO2
1013184,Petroleum and Natural Gas Systems
1013185,Petroleum and Natural Gas Systems
1013186,Petroleum Product Suppliers
1013186,Refineries
1013187,Power Plants
1013188,Other
1013189,Petroleum and Natural Gas Systems
1013192,Petroleum and Natural Gas Systems
1013193,Petroleum and Natural Gas Systems
1013194,Petroleum and Natural Gas Systems
1013196,Petroleum and Natural Gas Systems
1013197,Petroleum and Natural Gas Systems
1013198,Petroleum and Natural Gas Systems
1013200,Petroleum and Natural Gas Systems
1013201,Petroleum and Natural Gas Systems
1013203,Petroleum and Natural Gas Systems
1013204,Petroleum and Natural Gas Systems
1013205,Chemicals
1013214,Petroleum and Natural Gas Systems
1013215,Metals
1013216,Petroleum and Natural Gas Systems
1013217,Petroleum and Natural Gas Systems
1013218,Waste
1013219,Power Plants
1013221,Petroleum and Natural Gas Systems
1013222,Petroleum and Natural Gas Systems
1013223,Power Plants
1013225,Other
1013226,Petroleum and Natural Gas Systems
1013227,Petroleum and Natural Gas Systems
1013229,Petroleum and Natural Gas Systems
1013230,Petroleum and Natural Gas Systems
1013231,Petroleum and Natural Gas Systems
1013233,Power Plants
1013236,Petroleum and Natural Gas Systems
1013237,Petroleum and Natural Gas Systems
1013241,Petroleum and Natural Gas Systems
1013243,Power Plants
1013244,Petroleum and Natural Gas Systems
1013245,Petroleum and Natural Gas Systems
1013246,Other
1013247,Other
1013248,Power Plants
1013253,Chemicals
1013257,Power Plants
1013259,Power Plants
1013261,Petroleum and Natural Gas Systems
1013262,Petroleum and Natural Gas Systems
1013263,Metals
1013264,Petroleum and Natural Gas Systems
1013265,Chemicals
1013266,Petroleum and Natural Gas Systems
1013267,Metals
1013268,Petroleum and Natural Gas Systems
1013269,Other
1013270,Other
1013271,Minerals
1013272,Petroleum and Natural Gas Systems
1013273,Petroleum and Natural Gas Systems
1013274,Other
1013276,Metals
1013277,Power Plants
1013278,Chemicals
1013278,Industrial Gas Suppliers
1013279,Pulp and Paper
1013280,Petroleum and Natural Gas Systems
1013281,Chemicals
1013281,Refineries
1013282,Minerals
1013283,Petroleum and Natural Gas Systems
1013284,Power Plants
1013285,Petroleum and Natural Gas Systems
1013286,Other
1013286,Power Plants
1013287,Other
1013288,Petroleum and Natural Gas Systems
1013289,Petroleum and Natural Gas Systems
1013291,Petroleum and Natural Gas Systems
1013293,Metals
1013294,Minerals
1013295,Petroleum and Natural Gas Systems
1013296,Petroleum and Natural Gas Systems
1013297,Petroleum and Natural Gas Systems
1013298,Petroleum and Natural Gas Systems
1013299,Petroleum and Natural Gas Systems
1013300,Power Plants
1013301,Petroleum and Natural Gas Systems
1013302,Petroleum and Natural Gas Systems
1013303,Petroleum and Natural Gas Systems
1013304,Petroleum and Natural Gas Systems
1013305,Petroleum and Natural Gas Systems
1013306,Petroleum and Natural Gas Systems
1013307,Petroleum and Natural Gas Systems
1013310,Petroleum and Natural Gas Systems
1013311,Petroleum and Natural Gas Systems
1013312,Petroleum and Natural Gas Systems
1013313,Petroleum and Natural Gas Systems
1013314,Petroleum and Natural Gas Systems
1013315,Waste
1013316,Other
1013317,Chemicals
1013318,Petroleum and Natural Gas Systems
1013320,Petroleum and Natural Gas Systems
1013321,Petroleum and Natural Gas Systems
1013322,Petroleum and Natural Gas Systems
1013323,Other
1013324,Petroleum and Natural Gas Systems
1013325,Petroleum and Natural Gas Systems
1013328,Power Plants
1013329,Petroleum and Natural Gas Systems
1013330,Power Plants
1013331,Petroleum and Natural Gas Systems
1013333,Minerals
1013334,Petroleum and Natural Gas Systems
1013335,Petroleum and Natural Gas Systems
1013336,Metals
1013337,Petroleum and Natural Gas Systems
1013338,Petroleum and Natural Gas Systems
1013339,Petroleum and Natural Gas Systems
1013340,Petroleum and Natural Gas Systems
1013342,Petroleum and Natural Gas Systems
1013344,Petroleum and Natural Gas Systems
1013345,Power Plants
1013346,Petroleum and Natural Gas Systems
1013348,Minerals
1013349,Other
1013350,Petroleum and Natural Gas Systems
1013352,Minerals
1013353,Chemicals
1013354,Petroleum and Natural Gas Systems
1013355,Petroleum and Natural Gas Systems
1013356,Petroleum and Natural Gas Systems
1013357,Petroleum and Natural Gas Systems
1013358,Petroleum and Natural Gas Systems
1013359,Metals
1013360,Power Plants
1013361,Petroleum and Natural Gas Systems
1013362,Minerals
1013363,Other
1013364,Petroleum and Natural Gas Systems
1013365,Petroleum and Natural Gas Systems
1013367,Petroleum and Natural Gas Systems
1013368,Petroleum and Natural Gas Systems
1013369,Petroleum and Natural Gas Systems
1013370,Petroleum and Natural Gas Systems
1013373,Petroleum and Natural Gas Systems
1013374,Power Plants
1013375,Metals
1013376,Pulp and Paper
1013376,Waste
1013377,Petroleum and Natural Gas Systems
1013378,Petroleum and Natural Gas Systems
1013379,Petroleum and Natural Gas Systems
1013380,Petroleum and Natural Gas Systems
1013381,Petroleum and Natural Gas Systems
1013382,Chemicals
1013383,Petroleum and Natural Gas Systems
1013384,Other
1013385,Petroleum and Natural Gas Systems
1013386,Petroleum and Natural Gas Systems
1013388,Petroleum and Natural Gas Systems
1013390,Petroleum and Natural Gas Systems
1013391,Petroleum and Natural Gas Systems
1013392,Petroleum and Natural Gas Systems
1013393,Petroleum and Natural Gas Systems
1013394,Minerals
1013395,Petroleum and Natural Gas Systems
1013396,Petroleum and Natural Gas Systems
1013397,Petroleum and Natural Gas Systems
1013398,Petroleum and Natural Gas Systems
1013399,Other
1013400,Petroleum and Natural Gas Systems
1013401,Petroleum and Natural Gas Systems
1013402,Petroleum and Natural Gas Systems
1013403,Petroleum and Natural Gas Systems
1013404,Petroleum and Natural Gas Systems
1013405,Petroleum and Natural Gas Systems
1013406,Petroleum and Natural Gas Systems
1013407,Petroleum and Natural Gas Systems
1013408,Petroleum and Natural Gas Systems
1013409,Petroleum and Natural Gas Systems
1013411,Petroleum and Natural Gas Systems
1013412,Petroleum and Natural Gas Systems
1013413,Petroleum and Natural Gas Systems
1013414,Petroleum and Natural Gas Systems
1013415,Petroleum and Natural Gas Systems
1013416,Petroleum and Natural Gas Systems
1013417,Petroleum and Natural Gas Systems
1013418,Petroleum and Natural Gas Systems
1013481,Other
1013483,Petroleum and Natural Gas Systems
1013487,Metals
1013489,Other
1013491,Minerals
1013493,Other
1013497,Metals
1013511,Petroleum and Natural Gas Systems
1013513,Other
1013515,Natural Gas and Natural Gas Liquids Suppliers
1013515,Petroleum and Natural Gas Systems
1013517,Petroleum and Natural Gas Systems
1013518,Petroleum and Natural Gas Systems
1013519,Metals
1013523,Power Plants
1013524,Power Plants
1013525,Other
1013526,Power Plants
1013527,Power Plants
1013529,Petroleum and Natural Gas Systems
1013530,Power Plants
1013536,Petroleum and Natural Gas Systems
1013537,Other
1013538,Other
1013539,Other
1013540,Power Plants
1013541,Power Plants
1013542,Power Plants
1013544,Petroleum and Natural Gas Systems
1013545,Petroleum and Natural Gas Systems
1013547,Petroleum and Natural Gas Systems
1013549,Petroleum and Natural Gas Systems
1013550,Petroleum and Natural Gas Systems
1013552,Petroleum and Natural Gas Systems
1013553,Petroleum and Natural Gas Systems
1013556,Petroleum and Natural Gas Systems
1013557,Petroleum and Natural Gas Systems
1013558,Petroleum and Natural Gas Systems
1013559,Power Plants
1013560,Petroleum and Natural Gas Systems
1013561,Petroleum and Natural Gas Systems
1013562,Petroleum and Natural Gas Systems
1013564,Petroleum and Natural Gas Systems
1013565,Petroleum and Natural Gas Systems
1013566,Petroleum and Natural Gas Systems
1013567,Petroleum and Natural Gas Systems
1013568,Petroleum and Natural Gas Systems
1013569,Petroleum and Natural Gas Systems
1013570,Petroleum and Natural Gas Systems
1013571,Petroleum and Natural Gas Systems
1013572,Petroleum and Natural Gas Systems
1013573,Petroleum and Natural Gas Systems
1013575,Petroleum and Natural Gas Systems
1013577,Power Plants
1013578,Power Plants
1013579,Petroleum and Natural Gas Systems
1013580,Petroleum and Natural Gas Systems
1013581,Petroleum and Natural Gas Systems
1013582,Petroleum and Natural Gas Systems
1013584,Other
1013585,Petroleum and Natural Gas Systems
1013586,Other
1013587,Waste
1013588,Petroleum and Natural Gas Systems
1013589,Petroleum and Natural Gas Systems
1013591,Petroleum and Natural Gas Systems
1013593,Petroleum and Natural Gas Systems
1013594,Petroleum and Natural Gas Systems
1013595,Petroleum and Natural Gas Systems
1013597,Other
1013598,Power Plants
1013599,Petroleum and Natural Gas Systems
1013600,Petroleum and Natural Gas Systems
1013601,Petroleum and Natural Gas Systems
1013603,Petroleum and Natural Gas Systems
1013604,Petroleum and Natural Gas Systems
1013606,Petroleum and Natural Gas Systems
1013607,Petroleum and Natural Gas Systems
1013608,Petroleum and Natural Gas Systems
1013609,Injection of CO2
1013609,Petroleum and Natural Gas Systems
1013609,Suppliers of CO2
1013611,Chemicals
1013612,Petroleum and Natural Gas Systems
1013613,Petroleum and Natural Gas Systems
1013614,Petroleum and Natural Gas Systems
1013615,Petroleum and Natural Gas Systems
1013616,Other
1013618,Petroleum and Natural Gas Systems
1013620,Power Plants
1013621,Petroleum and Natural Gas Systems
1013622,Other
1013623,Minerals
1013624,Other
1013625,Other
1013626,Petroleum and Natural Gas Systems
1013627,Other
1013630,Waste
1013632,Other
1013633,Waste
1013634,Petroleum and Natural Gas Systems
1013635,Waste
1013637,Other
1013637,Waste
1013638,Petroleum and Natural Gas Systems
1013639,Natural Gas and Natural Gas Liquids Suppliers
1013639,Petroleum and Natural Gas Systems
1013640,Power Plants
1013641,Petroleum and Natural Gas Systems
1013642,Petroleum and Natural Gas Systems
1013643,Other
1013646,Chemicals
1013647,Petroleum and Natural Gas Systems
1013651,Other
1013655,Petroleum and Natural Gas Systems
1013656,Other
1013656,Waste
1013657,Petroleum and Natural Gas Systems
1013659,Waste
1013660,Petroleum and Natural Gas Systems
1013662,Petroleum and Natural Gas Systems
1013663,Petroleum and Natural Gas Systems
1013664,Petroleum and Natural Gas Systems
1013665,Petroleum and Natural Gas Systems
1013667,Petroleum and Natural Gas Systems
1013668,Petroleum and Natural Gas Systems
1013669,Other
1013670,Chemicals
1013671,Petroleum and Natural Gas Systems
1013672,Petroleum and Natural Gas Systems
1013673,Other
1013674,Petroleum and Natural Gas Systems
1013675,Petroleum and Natural Gas Systems
1013676,Petroleum and Natural Gas Systems
1013677,Petroleum and Natural Gas Systems
1013678,Petroleum and Natural Gas Systems
1013679,Petroleum and Natural Gas Systems
1013681,Petroleum and Natural Gas Systems
1013682,Petroleum and Natural Gas Systems
1013683,Pulp and Paper
1013685,Petroleum and Natural Gas Systems
1013686,Other
1013688,Petroleum and Natural Gas Systems
1013689,Petroleum and Natural Gas Systems
1013690,Petroleum and Natural Gas Systems
1013691,Petroleum and Natural Gas Systems
1013692,Petroleum and Natural Gas Systems
1013693,Petroleum and Natural Gas Systems
1013694,Other
1013695,Other
1013696,Waste
1013697,Petroleum and Natural Gas Systems
1013698,Petroleum and Natural Gas Systems
1013699,Petroleum and Natural Gas Systems
1013701,Injection of CO2
1013701,Petroleum and Natural Gas Systems
1013701,Suppliers of CO2
1013702,Petroleum and Natural Gas Systems
1013703,Petroleum and Natural Gas Systems
1013704,Petroleum and Natural Gas Systems
1013705,Petroleum and Natural Gas Systems
1013706,Petroleum and Natural Gas Systems
1013707,Petroleum and Natural Gas Systems
1013708,Power Plants
1013709,Petroleum and Natural Gas Systems
1013710,Petroleum and Natural Gas Systems
1013712,Petroleum and Natural Gas Systems
1013714,Petroleum and Natural Gas Systems
1013715,Other
1013716,Power Plants
1013717,Petroleum and Natural Gas Systems
1013718,Chemicals
1013719,Metals
1013720,Petroleum and Natural Gas Systems
1013721,Other
1013722,Petroleum and Natural Gas Systems
1013723,Petroleum and Natural Gas Systems
1013724,Petroleum and Natural Gas Systems
1013726,Petroleum and Natural Gas Systems
1013727,Natural Gas and Natural Gas Liquids Suppliers
1013727,Petroleum and Natural Gas Systems
1013728,Petroleum and Natural Gas Systems
1013729,Other
1013730,Petroleum and Natural Gas Systems
1013731,Petroleum and Natural Gas Systems
1013732,Petroleum and Natural Gas Systems
1013733,Chemicals
1013733,Other
1013733,Power Plants
1013734,Petroleum and Natural Gas Systems
1013735,Petroleum and Natural Gas Systems
1013736,Petroleum and Natural Gas Systems
1013737,Petroleum and Natural Gas Systems
1013738,Petroleum and Natural Gas Systems
1013739,Petroleum and Natural Gas Systems
1013740,Other
1013741,Other
1013742,Petroleum and Natural Gas Systems
1013743,Petroleum and Natural Gas Systems
1013745,Petroleum and Natural Gas Systems
1013748,Petroleum and Natural Gas Systems
1013749,Other
1013749,Waste
1013751,Petroleum and Natural Gas Systems
1013753,Petroleum and Natural Gas Systems
1013754,Other
1013755,Metals
1013757,Petroleum and Natural Gas Systems
1013771,Petroleum and Natural Gas Systems
1013772,Petroleum and Natural Gas Systems
1013773,Petroleum and Natural Gas Systems
1013774,Petroleum and Natural Gas Systems
1013779,Other
1013783,Other
1013785,Petroleum and Natural Gas Systems
1013786,Petroleum and Natural Gas Systems
1013787,Petroleum and Natural Gas Systems
1013788,Petroleum and Natural Gas Systems
1013789,Petroleum and Natural Gas Systems
1013801,Petroleum and Natural Gas Systems
1013803,Other
1013805,Power Plants
1013807,Waste
1013809,Petroleum and Natural Gas Systems
1013813,Chemicals
1013814,Petroleum and Natural Gas Systems
1013815,Petroleum and Natural Gas Systems
1013816,Chemicals
1013816,Suppliers of CO2
1013817,Other
1013818,Petroleum and Natural Gas Systems
1013819,Metals
1013820,Other
1013821,Pulp and Paper
1013823,Petroleum and Natural Gas Systems
1013825,Petroleum and Natural Gas Systems
1013826,Petroleum and Natural Gas Systems
1013827,Petroleum and Natural Gas Systems
1013828,Petroleum and Natural Gas Systems
1013833,Petroleum and Natural Gas Systems
1013834,Petroleum and Natural Gas Systems
1013836,Other
1013838,Petroleum and Natural Gas Systems
1013840,Petroleum and Natural Gas Systems
1013841,Petroleum and Natural Gas Systems
1013842,Petroleum and Natural Gas Systems
1013843,Petroleum and Natural Gas Systems
1013844,Petroleum and Natural Gas Systems
1013845,Petroleum and Natural Gas Systems
1013847,Petroleum and Natural Gas Systems
1013848,Petroleum and Natural Gas Systems
1013849,Petroleum and Natural Gas Systems
1013850,Petroleum and Natural Gas Systems
1013851,Petroleum and Natural Gas Systems
1013853,Petroleum and Natural Gas Systems
1013855,Other
1013856,Petroleum and Natural Gas Systems
1013861,Petroleum and Natural Gas Systems
1013863,Power Plants
1013864,Power Plants
1013867,Petroleum and Natural Gas Systems
1013870,Petroleum and Natural Gas Systems
1013875,Power Plants
1013876,Petroleum and Natural Gas Systems
1013877,Power Plants
1013878,Power Plants
1013880,Pulp and Paper
1013881,Other
1013882,Natural Gas and Natural Gas Liquids Suppliers
1013882,Petroleum and Natural Gas Systems
1013883,Petroleum and Natural Gas Systems
1013886,Petroleum and Natural Gas Systems
1013887,Petroleum and Natural Gas Systems
1013891,Other
1013892,Petroleum and Natural Gas Systems
1013893,Petroleum and Natural Gas Systems
1013896,Petroleum and Natural Gas Systems
1013897,Petroleum and Natural Gas Systems
1013898,Other
1013899,Other
1013900,Other
1013901,Petroleum and Natural Gas Systems
1013902,Pulp and Paper
1013903,Petroleum and Natural Gas Systems
1013904,Petroleum and Natural Gas Systems
1013905,Waste
1013907,Petroleum and Natural Gas Systems
1013910,Petroleum and Natural Gas Systems
1013912,Petroleum and Natural Gas Systems
1013913,Petroleum and Natural Gas Systems
1013914,Petroleum and Natural Gas Systems
1013916,Petroleum and Natural Gas Systems
1013917,Chemicals
1013918,Petroleum and Natural Gas Systems
1013919,Petroleum and Natural Gas Systems
1013922,Petroleum and Natural Gas Systems
1013923,Other
1013924,Petroleum and Natural Gas Systems
1013925,Petroleum and Natural Gas Systems
1013926,Metals
1013927,Petroleum and Natural Gas Systems
1013929,Natural Gas and Natural Gas Liquids Suppliers
1013929,Petroleum and Natural Gas Systems
1013930,Petroleum and Natural Gas Systems
1013931,Petroleum and Natural Gas Systems
1013932,Petroleum and Natural Gas Systems
1013933,Other
1013934,Chemicals
1013935,Petroleum and Natural Gas Systems
1013936,Petroleum and Natural Gas Systems
1013937,Petroleum and Natural Gas Systems
1013938,Petroleum and Natural Gas Systems
1013939,Power Plants
1013940,Waste
1013941,Petroleum and Natural Gas Systems
1013942,Petroleum and Natural Gas Systems
1013945,Power Plants
1013945,Waste
1013946,Petroleum and Natural Gas Systems
1013947,Petroleum and Natural Gas Systems
1013948,Petroleum and Natural Gas Systems
1013949,Petroleum and Natural Gas Systems
1013951,Power Plants
1013952,Petroleum and Natural Gas Systems
1013953,Petroleum and Natural Gas Systems
1013954,Other
1013955,Petroleum and Natural Gas Systems
1013957,Petroleum and Natural Gas Systems
1013958,Chemicals
1013959,Petroleum and Natural Gas Systems
1013961,Other
1013962,Petroleum and Natural Gas Systems
1013964,Petroleum and Natural Gas Systems
1013965,Petroleum and Natural Gas Systems
1013966,Petroleum and Natural Gas Systems
1013967,Other
1013968,Petroleum and Natural Gas Systems
1013969,Petroleum and Natural Gas Systems
1013970,Other
1013971,Other
1013973,Petroleum and Natural Gas Systems
1013974,Chemicals
1013975,Petroleum and Natural Gas Systems
1013977,Chemicals
1013978,Waste
1013979,Petroleum and Natural Gas Systems
1013980,Other
1013981,Petroleum and Natural Gas Systems
1013982,Other
1013983,Petroleum and Natural Gas Systems
1013984,Other
1013984,Suppliers of CO2
1013986,Petroleum and Natural Gas Systems
1013988,Petroleum and Natural Gas Systems
1013989,Petroleum and Natural Gas Systems
1013991,Petroleum and Natural Gas Systems
1013992,Petroleum and Natural Gas Systems
1013993,Petroleum and Natural Gas Systems
1013994,Other
1013995,Other
1014015,Other
1014021,Other
1014021,Waste
1014023,Metals
1014024,Petroleum and Natural Gas Systems
1014028,Industrial Gas Suppliers
1014028,Other
1014032,Industrial Gas Suppliers
1014032,Other
1014061,Waste
1014063,Industrial Gas Suppliers
1014063,Other
1014070,Power Plants
1014071,Petroleum and Natural Gas Systems
1014085,Petroleum and Natural Gas Systems
1014089,Petroleum and Natural Gas Systems
1014090,Petroleum and Natural Gas Systems
1014091,Petroleum and Natural Gas Systems
1014093,Petroleum and Natural Gas Systems
1014094,Petroleum and Natural Gas Systems
1014096,Waste
1014099,Minerals
1014100,Petroleum and Natural Gas Systems
1014107,Petroleum and Natural Gas Systems
1014108,Petroleum and Natural Gas Systems
1014109,Other
1014129,Petroleum and Natural Gas Systems
1014133,Metals
1014135,Petroleum and Natural Gas Systems
1014136,Other
1014137,Petroleum and Natural Gas Systems
1014138,Petroleum and Natural Gas Systems
1014155,Metals
1014156,Other
1014177,Other
1014201,Other
1014202,Petroleum and Natural Gas Systems
1014208,Petroleum and Natural Gas Systems
1014209,Other
1014210,Chemicals
1014225,Petroleum and Natural Gas Systems
1014226,Petroleum and Natural Gas Systems
1014227,Petroleum and Natural Gas Systems
1014229,Petroleum and Natural Gas Systems
1014231,Chemicals
1014233,Petroleum and Natural Gas Systems
1014234,Chemicals
1014236,Chemicals
1014238,Petroleum and Natural Gas Systems
1014239,Petroleum and Natural Gas Systems
1014240,Petroleum and Natural Gas Systems
1014241,Petroleum and Natural Gas Systems
1014247,Chemicals
1014249,Other
1014271,Petroleum and Natural Gas Systems
1014274,Power Plants
1014275,Power Plants
1014278,Other
1014279,Power Plants
1014280,Minerals
1014281,Other
1014282,Petroleum and Natural Gas Systems
1014284,Power Plants
1014285,Waste
1014295,Petroleum and Natural Gas Systems
1014297,Power Plants
1014301,Petroleum and Natural Gas Systems
1014303,Power Plants
1014304,Waste
1014305,Petroleum and Natural Gas Systems
1014306,Petroleum and Natural Gas Systems
1014307,Petroleum and Natural Gas Systems
1014309,Petroleum and Natural Gas Systems
1014315,Petroleum and Natural Gas Systems
1014316,Petroleum and Natural Gas Systems
1014317,Petroleum and Natural Gas Systems
1014320,Petroleum and Natural Gas Systems
1014321,Petroleum and Natural Gas Systems
1014323,Chemicals
1014324,Chemicals
1014325,Petroleum and Natural Gas Systems
1014326,Petroleum and Natural Gas Systems
1014327,Petroleum and Natural Gas Systems
1014328,Petroleum and Natural Gas Systems
1014329,Power Plants
1014330,Other
1014333,Petroleum and Natural Gas Systems
1014335,Petroleum and Natural Gas Systems
1014336,Other
1014339,Petroleum and Natural Gas Systems
1014341,Petroleum and Natural Gas Systems
1014343,Chemicals
1014344,Petroleum and Natural Gas Systems
1014345,Power Plants
1014346,Petroleum and Natural Gas Systems
1014347,Petroleum and Natural Gas Systems
1014349,Petroleum and Natural Gas Systems
1014351,Petroleum and Natural Gas Systems
1014352,Metals
1014353,Petroleum and Natural Gas Systems
1014354,Petroleum and Natural Gas Systems
1014355,Petroleum and Natural Gas Systems
1014356,Petroleum and Natural Gas Systems
1014357,Petroleum and Natural Gas Systems
1014358,Petroleum and Natural Gas Systems
1014359,Petroleum and Natural Gas Systems
1014360,Petroleum and Natural Gas Systems
1014361,Petroleum and Natural Gas Systems
1014362,Petroleum and Natural Gas Systems
1014363,Petroleum and Natural Gas Systems
1014364,Metals
1014366,Petroleum and Natural Gas Systems
1014367,Other
1014368,Petroleum and Natural Gas Systems
1014369,Petroleum and Natural Gas Systems
1014370,Petroleum and Natural Gas Systems
1014371,Petroleum and Natural Gas Systems
1014374,Power Plants
1014375,Petroleum and Natural Gas Systems
1014376,Petroleum and Natural Gas Systems
1014377,Petroleum and Natural Gas Systems
1014379,Petroleum and Natural Gas Systems
1014380,Petroleum and Natural Gas Systems
1014382,Petroleum and Natural Gas Systems
1014383,Petroleum and Natural Gas Systems
1014384,Petroleum and Natural Gas Systems
1014388,Petroleum and Natural Gas Systems
1014389,Petroleum and Natural Gas Systems
1014390,Petroleum and Natural Gas Systems
1014391,Waste
1014393,Petroleum and Natural Gas Systems
1014394,Petroleum and Natural Gas Systems
1014395,Petroleum and Natural Gas Systems
1014396,Petroleum and Natural Gas Systems
1014397,Other
1014398,Other
1014399,Petroleum and Natural Gas Systems
1014400,Chemicals
1014401,Petroleum and Natural Gas Systems
1014402,Petroleum and Natural Gas Systems
1014404,Petroleum and Natural Gas Systems
1014405,Petroleum and Natural Gas Systems
1014406,Petroleum and Natural Gas Systems
1014407,Petroleum and Natural Gas Systems
1014409,Petroleum and Natural Gas Systems
1014410,Petroleum and Natural Gas Systems
1014411,Petroleum and Natural Gas Systems
1014412,Petroleum and Natural Gas Systems
1014413,Petroleum and Natural Gas Systems
1014414,Petroleum and Natural Gas Systems
1014415,Petroleum and Natural Gas Systems
1014416,Petroleum and Natural Gas Systems
1014417,Petroleum and Natural Gas Systems
1014418,Petroleum and Natural Gas Systems
1014419,Petroleum and Natural Gas Systems
1014420,Petroleum and Natural Gas Systems
1014422,Petroleum and Natural Gas Systems
1014425,Petroleum and Natural Gas Systems
1014426,Petroleum and Natural Gas Systems
1014428,Petroleum and Natural Gas Systems
1014429,Other
1014431,Petroleum and Natural Gas Systems
1014433,Power Plants
1014434,Power Plants
1014438,Petroleum and Natural Gas Systems
1014439,Petroleum and Natural Gas Systems
1014443,Power Plants
1014463,Other
1014465,Petroleum and Natural Gas Systems
1014467,Injection of CO2
1014467,Petroleum and Natural Gas Systems
1014470,Petroleum and Natural Gas Systems
1014471,Other
1014475,Waste
1014485,Petroleum and Natural Gas Systems
1014489,Petroleum and Natural Gas Systems
1014503,Petroleum and Natural Gas Systems
1014504,Petroleum and Natural Gas Systems
1014512,Petroleum and Natural Gas Systems
1014513,Chemicals
1014515,Petroleum and Natural Gas Systems
1014517,Petroleum and Natural Gas Systems
1014519,Other
1014520,Waste
1014521,Other
1014530,Other
1014537,Chemicals
1014540,Chemicals
1014541,Other
1014541,Petroleum and Natural Gas Systems
1014544,Petroleum and Natural Gas Systems
1014545,Petroleum and Natural Gas Systems
1014548,Other
1014553,Minerals
1014555,Petroleum and Natural Gas Systems
1014557,Other
1014558,Petroleum and Natural Gas Systems
1014559,Petroleum Product Suppliers
1014559,Refineries
1014560,Injection of CO2
1014560,Petroleum and Natural Gas Systems
1014561,Other
1014562,Chemicals
1014564,Power Plants
1014565,Petroleum and Natural Gas Systems
1014566,Petroleum and Natural Gas Systems
1014567,Other
1014569,Petroleum and Natural Gas Systems
1014570,Petroleum and Natural Gas Systems
1014571,Other
1014572,Power Plants
1014573,Petroleum and Natural Gas Systems
1014575,Other
1014577,Other
1014580,Other
1014581,Other
1014582,Metals
1014583,Other
1014584,Petroleum and Natural Gas Systems
1014586,Minerals
1014589,Petroleum and Natural Gas Systems
1014590,Petroleum and Natural Gas Systems
1014592,Petroleum and Natural Gas Systems
1014593,Petroleum Product Suppliers
1014593,Refineries
1014594,Chemicals
1014595,Petroleum and Natural Gas Systems
1014598,Petroleum and Natural Gas Systems
1014600,Petroleum and Natural Gas Systems
1014601,Petroleum and Natural Gas Systems
1014602,Petroleum and Natural Gas Systems
1014603,Other
1014605,Power Plants
1014608,Petroleum and Natural Gas Systems
1014610,Chemicals
1014611,Other
1014612,Chemicals
1014612,Suppliers of CO2
1014613,Petroleum and Natural Gas Systems
1014615,Power Plants
1014616,Petroleum and Natural Gas Systems
1014617,Petroleum and Natural Gas Systems
1014618,Petroleum and Natural Gas Systems
1014621,Petroleum and Natural Gas Systems
1014622,Petroleum and Natural Gas Systems
1014624,Petroleum and Natural Gas Systems
1014625,Petroleum and Natural Gas Systems
1014626,Pulp and Paper
1014627,Other
1014628,Metals
1014631,Other
1014632,Other
1014634,Petroleum and Natural Gas Systems
1014635,Petroleum and Natural Gas Systems
1014636,Other
1014637,Other
1014638,Other
1014639,Petroleum and Natural Gas Systems
1014640,Petroleum and Natural Gas Systems
1014642,Petroleum and Natural Gas Systems
1014643,Petroleum and Natural Gas Systems
1014644,Other
1014646,Other
1014647,Other
1014648,Petroleum and Natural Gas Systems
1014650,Petroleum and Natural Gas Systems
1014651,Other
1014653,Other
1014657,Other
1014658,Power Plants
1014659,Power Plants
1014660,Other
1014661,Petroleum and Natural Gas Systems
1014663,Other
1014664,Petroleum and Natural Gas Systems
1014665,Petroleum and Natural Gas Systems
1014667,Petroleum and Natural Gas Systems
1014668,Petroleum and Natural Gas Systems
1014669,Petroleum and Natural Gas Systems
1014671,Petroleum and Natural Gas Systems
1014673,Petroleum and Natural Gas Systems
1014674,Other
1014675,Other
1014676,Power Plants
1014677,Minerals
1014678,Petroleum and Natural Gas Systems
1014679,Petroleum and Natural Gas Systems
1014680,Petroleum and Natural Gas Systems
1014681,Other
1014682,Petroleum and Natural Gas Systems
1014683,Petroleum and Natural Gas Systems
1014684,Petroleum and Natural Gas Systems
1014686,Metals
1014687,Petroleum and Natural Gas Systems
1014688,Petroleum and Natural Gas Systems
1014689,Minerals
1014690,Petroleum and Natural Gas Systems
1014691,Other
1014691,Petroleum and Natural Gas Systems
1014692,Petroleum and Natural Gas Systems
1014693,Petroleum and Natural Gas Systems
1014695,Petroleum and Natural Gas Systems
1014696,Petroleum and Natural Gas Systems
1014698,Other
1014699,Petroleum and Natural Gas Systems
1014701,Petroleum and Natural Gas Systems
1014702,Petroleum and Natural Gas Systems
1014703,Waste
1014704,Petroleum and Natural Gas Systems
1014705,Petroleum and Natural Gas Systems
1014706,Petroleum and Natural Gas Systems
1014707,Petroleum and Natural Gas Systems
1014710,Other
1014713,Petroleum and Natural Gas Systems
1014714,Petroleum and Natural Gas Systems
1014715,Waste
1014717,Other
1014718,Petroleum and Natural Gas Systems
1014724,Other
1014725,Petroleum and Natural Gas Systems
1014726,Petroleum and Natural Gas Systems
1014727,Petroleum and Natural Gas Systems
1014728,Petroleum and Natural Gas Systems
1014729,Petroleum and Natural Gas Systems
1014730,Petroleum and Natural Gas Systems
1014737,Petroleum and Natural Gas Systems
1014749,Metals
1014772,Petroleum and Natural Gas Systems
1014785,Petroleum and Natural Gas Systems
1014787,Other
1014790,Chemicals
1014791,Other
1014794,Petroleum and Natural Gas Systems
1014796,Chemicals
1014800,Petroleum and Natural Gas Systems
1014802,Petroleum and Natural Gas Systems
1014807,Chemicals
1014808,Petroleum and Natural Gas Systems
1014809,Petroleum and Natural Gas Systems
1014810,Power Plants
1014811,Petroleum and Natural Gas Systems
1014812,Petroleum and Natural Gas Systems
1014813,Petroleum and Natural Gas Systems
1014815,Injection of CO2
1014815,Petroleum and Natural Gas Systems
1014816,Petroleum and Natural Gas Systems
1014817,Petroleum and Natural Gas Systems
1014818,Petroleum and Natural Gas Systems
1014819,Other
1014820,Petroleum and Natural Gas Systems
1014822,Petroleum and Natural Gas Systems
1014824,Power Plants
1014825,Petroleum and Natural Gas Systems
1014826,Injection of CO2
1014826,Petroleum and Natural Gas Systems
1014826,Suppliers of CO2
1014827,Petroleum and Natural Gas Systems
1014829,Petroleum and Natural Gas Systems
1014832,Other
1014833,Petroleum and Natural Gas Systems
1014834,Power Plants
1014837,Petroleum and Natural Gas Systems
1014838,Other
1014839,Petroleum and Natural Gas Systems
1014840,Petroleum and Natural Gas Systems
1014841,Petroleum and Natural Gas Systems
1014843,Waste
1014845,Pulp and Paper
1014846,Minerals
1014847,Chemicals
1014849,Petroleum and Natural Gas Systems
1014851,Petroleum and Natural Gas Systems
1014852,Other
1014852,Waste
1014854,Petroleum and Natural Gas Systems
1014855,Petroleum and Natural Gas Systems
1014856,Petroleum and Natural Gas Systems
1014858,Petroleum and Natural Gas Systems
1014859,Minerals
1014861,Power Plants
1014865,Petroleum and Natural Gas Systems
1014866,Chemicals
1014868,Petroleum and Natural Gas Systems
1014869,Petroleum and Natural Gas Systems
1014872,Petroleum and Natural Gas Systems
1014873,Petroleum and Natural Gas Systems
1014874,Petroleum and Natural Gas Systems
1014875,Petroleum and Natural Gas Systems
1014877,Petroleum and Natural Gas Systems
1014878,Petroleum and Natural Gas Systems
1014879,Metals
1014881,Petroleum and Natural Gas Systems
1014883,Other
1014885,Petroleum and Natural Gas Systems
1014886,Metals
1014887,Petroleum and Natural Gas Systems
1014889,Petroleum and Natural Gas Systems
1014890,Petroleum and Natural Gas Systems
1014891,Petroleum and Natural Gas Systems
1014893,Petroleum and Natural Gas Systems
1014894,Petroleum and Natural Gas Systems
1014896,Petroleum and Natural Gas Systems
1014898,Petroleum and Natural Gas Systems
1014899,Petroleum and Natural Gas Systems
1014901,Waste
1014902,Power Plants
1014903,Petroleum and Natural Gas Systems
1014905,Petroleum and Natural Gas Systems
1014906,Petroleum and Natural Gas Systems
1014908,Petroleum and Natural Gas Systems
1014909,Petroleum and Natural Gas Systems
1014910,Petroleum and Natural Gas Systems
1014911,Waste
1014912,Other
1014914,Petroleum and Natural Gas Systems
1014915,Petroleum and Natural Gas Systems
1014916,Natural Gas and Natural Gas Liquids Suppliers
1014916,Petroleum and Natural Gas Systems
1014917,Other
1014920,Petroleum and Natural Gas Systems
1014921,Waste
1015119,Metals
1015127,Other
1015132,Petroleum and Natural Gas Systems
