Year,Mode,Destination,Destination_Is_EU27,Is_Total_Row,Volume_bcm,Series_Code,Series_Name,Price_USD_per_MMBtu
1973,All exports,All destinations,False,True,2.185179139,N9130US2,U.S. Natural Gas Exports (MMcf),
1974,All exports,All destinations,False,True,2.174418755,N9130US2,U.S. Natural Gas Exports (MMcf),
1975,All exports,All destinations,False,True,2.05792344,N9130US2,U.S. Natural Gas Exports (MMcf),
1976,All exports,All destinations,False,True,1.832380128,N9130US2,U.S. Natural Gas Exports (MMcf),
1977,All exports,All destinations,False,True,1.575122,N9130US2,U.S. Natural Gas Exports (MMcf),
1978,All exports,All destinations,False,True,1.487538138,N9130US2,U.S. Natural Gas Exports (MMcf),
1979,All exports,All destinations,False,True,1.576481206,N9130US2,U.S. Natural Gas Exports (MMcf),
1980,All exports,All destinations,False,True,1.379905981,N9130US2,U.S. Natural Gas Exports (MMcf),
1981,All exports,All destinations,False,True,1.68122505,N9130US2,U.S. Natural Gas Exports (MMcf),
1982,All exports,All destinations,False,True,1.46477143,N9130US2,U.S. Natural Gas Exports (MMcf),
1983,All exports,All destinations,False,True,1.547201635,N9130US2,U.S. Natural Gas Exports (MMcf),
1984,All exports,All destinations,False,True,1.55042975,N9130US2,U.S. Natural Gas Exports (MMcf),
1985,All exports,All destinations,False,True,1.565012902,N9130US2,U.S. Natural Gas Exports (MMcf),4.604
1986,All exports,All destinations,False,True,1.734998653,N9130US2,U.S. Natural Gas Exports (MMcf),2.712
1987,All exports,All destinations,False,True,1.529673536,N9130US2,U.S. Natural Gas Exports (MMcf),2.963
1988,All exports,All destinations,False,True,2.085192518,N9130US2,U.S. Natural Gas Exports (MMcf),2.645
1989,All exports,All destinations,False,True,3.026244733,N9130US2,U.S. Natural Gas Exports (MMcf),2.423
1990,All exports,All destinations,False,True,2.422926992,N9130US2,U.S. Natural Gas Exports (MMcf),2.992
1991,All exports,All destinations,False,True,3.659776499,N9130US2,U.S. Natural Gas Exports (MMcf),2.5
1992,All exports,All destinations,False,True,6.124414138,N9130US2,U.S. Natural Gas Exports (MMcf),2.172
1993,All exports,All destinations,False,True,3.969533974,N9130US2,U.S. Natural Gas Exports (MMcf),2.5
1994,All exports,All destinations,False,True,4.579902598,N9130US2,U.S. Natural Gas Exports (MMcf),2.413
1995,All exports,All destinations,False,True,4.364156899,N9130US2,U.S. Natural Gas Exports (MMcf),2.307
1996,All exports,All destinations,False,True,4.343598902,N9130US2,U.S. Natural Gas Exports (MMcf),2.867
1997,All exports,All destinations,False,True,4.445907501,N9130US2,U.S. Natural Gas Exports (MMcf),2.915
1998,All exports,All destinations,False,True,4.502569418,N9130US2,U.S. Natural Gas Exports (MMcf),2.365
1999,All exports,All destinations,False,True,4.627389872,N9130US2,U.S. Natural Gas Exports (MMcf),2.519
2000,All exports,All destinations,False,True,6.901257229,N9130US2,U.S. Natural Gas Exports (MMcf),3.958
2001,All exports,All destinations,False,True,10.57003847,N9130US2,U.S. Natural Gas Exports (MMcf),4.044
2002,All exports,All destinations,False,True,14.618066614,N9130US2,U.S. Natural Gas Exports (MMcf),3.292
2003,All exports,All destinations,False,True,19.25321529,N9130US2,U.S. Natural Gas Exports (MMcf),5.347
2004,All exports,All destinations,False,True,24.186454918,N9130US2,U.S. Natural Gas Exports (MMcf),5.878
2005,All exports,All destinations,False,True,20.631648797,N9130US2,U.S. Natural Gas Exports (MMcf),7.326
2006,All exports,All destinations,False,True,20.500173894,N9130US2,U.S. Natural Gas Exports (MMcf),6.593
2007,All exports,All destinations,False,True,23.289265427,N9130US2,U.S. Natural Gas Exports (MMcf),6.68
2008,All exports,All destinations,False,True,27.276525718,N9130US2,U.S. Natural Gas Exports (MMcf),8.282
2009,All exports,All destinations,False,True,30.365718698,N9130US2,U.S. Natural Gas Exports (MMcf),4.315
2010,All exports,All destinations,False,True,32.190226755,N9130US2,U.S. Natural Gas Exports (MMcf),4.846
2011,All exports,All destinations,False,True,42.63518992,N9130US2,U.S. Natural Gas Exports (MMcf),4.479
2012,All exports,All destinations,False,True,45.84002871,N9130US2,U.S. Natural Gas Exports (MMcf),3.137
2013,All exports,All destinations,False,True,44.525704438,N9130US2,U.S. Natural Gas Exports (MMcf),3.938
2014,All exports,All destinations,False,True,42.878487866,N9130US2,U.S. Natural Gas Exports (MMcf),5.319
2015,All exports,All destinations,False,True,50.503352602,N9130US2,U.S. Natural Gas Exports (MMcf),2.963
2016,All exports,All destinations,False,True,66.132413926,N9130US2,U.S. Natural Gas Exports (MMcf),2.693
2017,All exports,All destinations,False,True,89.305637107,N9130US2,U.S. Natural Gas Exports (MMcf),3.417
2018,All exports,All destinations,False,True,102.162512029,N9130US2,U.S. Natural Gas Exports (MMcf),3.755
2019,All exports,All destinations,False,True,131.889941738,N9130US2,U.S. Natural Gas Exports (MMcf),3.514
2020,All exports,All destinations,False,True,149.64516999,N9130US2,U.S. Natural Gas Exports (MMcf),3.571
2021,All exports,All destinations,False,True,188.380598531,N9130US2,U.S. Natural Gas Exports (MMcf),6.158
2022,All exports,All destinations,False,True,195.568053658,N9130US2,U.S. Natural Gas Exports (MMcf),9.305
2023,All exports,All destinations,False,True,215.491810771,N9130US2,U.S. Natural Gas Exports (MMcf),5.261
2024,All exports,All destinations,False,True,218.225344742,N9130US2,U.S. Natural Gas Exports (MMcf),4.324
2025,All exports,All destinations,False,True,253.87206169,N9130US2,U.S. Natural Gas Exports (MMcf),5.82
2012,CNG,All destinations,False,True,0.0,NGM_EPG0_ENC_NUS-Z00_MMCF,Compressed U.S. Natural Gas Exports (Million Cubic Feet),
2013,CNG,All destinations,False,True,0.003256432,NGM_EPG0_ENC_NUS-Z00_MMCF,Compressed U.S. Natural Gas Exports (Million Cubic Feet),
2014,CNG,All destinations,False,True,0.006144746,NGM_EPG0_ENC_NUS-Z00_MMCF,Compressed U.S. Natural Gas Exports (Million Cubic Feet),
2015,CNG,All destinations,False,True,0.006059795,NGM_EPG0_ENC_NUS-Z00_MMCF,Compressed U.S. Natural Gas Exports (Million Cubic Feet),
2016,CNG,All destinations,False,True,0.005889894,NGM_EPG0_ENC_NUS-Z00_MMCF,Compressed U.S. Natural Gas Exports (Million Cubic Feet),
2017,CNG,All destinations,False,True,0.004842173,NGM_EPG0_ENC_NUS-Z00_MMCF,Compressed U.S. Natural Gas Exports (Million Cubic Feet),
2018,CNG,All destinations,False,True,0.006314646,NGM_EPG0_ENC_NUS-Z00_MMCF,Compressed U.S. Natural Gas Exports (Million Cubic Feet),
2019,CNG,All destinations,False,True,0.007447318,NGM_EPG0_ENC_NUS-Z00_MMCF,Compressed U.S. Natural Gas Exports (Million Cubic Feet),
2020,CNG,All destinations,False,True,0.010930285,NGM_EPG0_ENC_NUS-Z00_MMCF,Compressed U.S. Natural Gas Exports (Million Cubic Feet),
2021,CNG,All destinations,False,True,0.005974845,NGM_EPG0_ENC_NUS-Z00_MMCF,Compressed U.S. Natural Gas Exports (Million Cubic Feet),
2022,CNG,All destinations,False,True,5.6634e-05,NGM_EPG0_ENC_NUS-Z00_MMCF,Compressed U.S. Natural Gas Exports (Million Cubic Feet),
2023,CNG,All destinations,False,True,0.012629293,NGM_EPG0_ENC_NUS-Z00_MMCF,Compressed U.S. Natural Gas Exports (Million Cubic Feet),
2024,CNG,All destinations,False,True,0.022341955,NGM_EPG0_ENC_NUS-Z00_MMCF,Compressed U.S. Natural Gas Exports (Million Cubic Feet),
2025,CNG,All destinations,False,True,0.003171482,NGM_EPG0_ENC_NUS-Z00_MMCF,Compressed U.S. Natural Gas Exports (Million Cubic Feet),
2011,CNG,Canada,False,False,0.0,NGM_EPG0_ENC_NUS-NCA_MMCF,U.S. Compressed Natural Gas Exports to Canada (Million Cubic Feet),
2012,CNG,Canada,False,False,0.0,NGM_EPG0_ENC_NUS-NCA_MMCF,U.S. Compressed Natural Gas Exports to Canada (Million Cubic Feet),
2013,CNG,Canada,False,False,0.003256432,NGM_EPG0_ENC_NUS-NCA_MMCF,U.S. Compressed Natural Gas Exports to Canada (Million Cubic Feet),
2014,CNG,Canada,False,False,0.006144746,NGM_EPG0_ENC_NUS-NCA_MMCF,U.S. Compressed Natural Gas Exports to Canada (Million Cubic Feet),
2015,CNG,Canada,False,False,0.006059795,NGM_EPG0_ENC_NUS-NCA_MMCF,U.S. Compressed Natural Gas Exports to Canada (Million Cubic Feet),
2016,CNG,Canada,False,False,0.005889894,NGM_EPG0_ENC_NUS-NCA_MMCF,U.S. Compressed Natural Gas Exports to Canada (Million Cubic Feet),
2017,CNG,Canada,False,False,0.004842173,NGM_EPG0_ENC_NUS-NCA_MMCF,U.S. Compressed Natural Gas Exports to Canada (Million Cubic Feet),
2018,CNG,Canada,False,False,0.006314646,NGM_EPG0_ENC_NUS-NCA_MMCF,U.S. Compressed Natural Gas Exports to Canada (Million Cubic Feet),
2019,CNG,Canada,False,False,0.007447318,NGM_EPG0_ENC_NUS-NCA_MMCF,U.S. Compressed Natural Gas Exports to Canada (Million Cubic Feet),
2020,CNG,Canada,False,False,0.010930285,NGM_EPG0_ENC_NUS-NCA_MMCF,U.S. Compressed Natural Gas Exports to Canada (Million Cubic Feet),
2021,CNG,Canada,False,False,0.005974845,NGM_EPG0_ENC_NUS-NCA_MMCF,U.S. Compressed Natural Gas Exports to Canada (Million Cubic Feet),
2022,CNG,Canada,False,False,5.6634e-05,NGM_EPG0_ENC_NUS-NCA_MMCF,U.S. Compressed Natural Gas Exports to Canada (Million Cubic Feet),
2023,CNG,Canada,False,False,0.012629293,NGM_EPG0_ENC_NUS-NCA_MMCF,U.S. Compressed Natural Gas Exports to Canada (Million Cubic Feet),
2024,CNG,Canada,False,False,0.022341955,NGM_EPG0_ENC_NUS-NCA_MMCF,U.S. Compressed Natural Gas Exports to Canada (Million Cubic Feet),
2025,CNG,Canada,False,False,0.003171482,NGM_EPG0_ENC_NUS-NCA_MMCF,U.S. Compressed Natural Gas Exports to Canada (Million Cubic Feet),
1985,LNG (all),All destinations,False,True,1.497477334,N9133US2,Liquefied U.S. Natural Gas Exports (MMcf),4.643
1986,LNG (all),All destinations,False,True,1.42071049,N9133US2,Liquefied U.S. Natural Gas Exports (MMcf),2.809
1987,LNG (all),All destinations,False,True,1.376168163,N9133US2,Liquefied U.S. Natural Gas Exports (MMcf),3.041
1988,LNG (all),All destinations,False,True,1.460382326,N9133US2,Liquefied U.S. Natural Gas Exports (MMcf),2.876
1989,LNG (all),All destinations,False,True,1.456163123,N9133US2,Liquefied U.S. Natural Gas Exports (MMcf),2.905
1990,LNG (all),All destinations,False,True,1.487934573,N9133US2,Liquefied U.S. Natural Gas Exports (MMcf),3.465
1991,LNG (all),All destinations,False,True,1.529248784,N9133US2,Liquefied U.S. Natural Gas Exports (MMcf),3.581
1992,LNG (all),All destinations,False,True,1.487538138,N9133US2,Liquefied U.S. Natural Gas Exports (MMcf),3.311
1993,LNG (all),All destinations,False,True,1.585429315,N9133US2,Liquefied U.S. Natural Gas Exports (MMcf),3.224
1994,LNG (all),All destinations,False,True,1.774953658,N9133US2,Liquefied U.S. Natural Gas Exports (MMcf),3.069
1995,LNG (all),All destinations,False,True,1.848605654,N9133US2,Liquefied U.S. Natural Gas Exports (MMcf),3.292
1996,LNG (all),All destinations,False,True,1.915574886,N9133US2,Liquefied U.S. Natural Gas Exports (MMcf),3.523
1997,LNG (all),All destinations,False,True,1.760936842,N9133US2,Liquefied U.S. Natural Gas Exports (MMcf),3.697
1998,LNG (all),All destinations,False,True,1.868455731,N9133US2,Liquefied U.S. Natural Gas Exports (MMcf),2.809
1999,LNG (all),All destinations,False,True,1.808933818,N9133US2,Liquefied U.S. Natural Gas Exports (MMcf),2.992
2000,LNG (all),All destinations,False,True,1.86970167,N9133US2,Liquefied U.S. Natural Gas Exports (MMcf),4.17
2001,LNG (all),All destinations,False,True,1.875081862,N9133US2,Liquefied U.S. Natural Gas Exports (MMcf),4.247
2002,LNG (all),All destinations,False,True,1.807801146,N9133US2,Liquefied U.S. Natural Gas Exports (MMcf),3.938
2003,LNG (all),All destinations,False,True,1.87103256,N9133US2,Liquefied U.S. Natural Gas Exports (MMcf),4.315
2004,LNG (all),All destinations,False,True,1.768865546,N9133US2,Liquefied U.S. Natural Gas Exports (MMcf),4.788
2005,LNG (all),All destinations,False,True,1.850984266,N9133US2,Liquefied U.S. Natural Gas Exports (MMcf),5.589
2006,LNG (all),All destinations,False,True,1.725569158,N9133US2,Liquefied U.S. Natural Gas Exports (MMcf),5.811
2007,LNG (all),All destinations,False,True,1.372940048,N9133US2,Liquefied U.S. Natural Gas Exports (MMcf),6.014
2008,LNG (all),All destinations,False,True,1.110499946,N9133US2,Liquefied U.S. Natural Gas Exports (MMcf),7.423
2009,LNG (all),All destinations,False,True,0.944506864,N9133US2,Liquefied U.S. Natural Gas Exports (MMcf),8.108
2010,LNG (all),All destinations,False,True,1.834730422,N9133US2,Liquefied U.S. Natural Gas Exports (MMcf),9.199
2011,LNG (all),All destinations,False,True,1.982204317,N9133US2,Liquefied U.S. Natural Gas Exports (MMcf),10.174
2012,LNG (all),All destinations,False,True,0.801308806,N9133US2,Liquefied U.S. Natural Gas Exports (MMcf),12.375
2013,LNG (all),All destinations,False,True,0.082798323,N9133US2,Liquefied U.S. Natural Gas Exports (MMcf),12.896
2014,LNG (all),All destinations,False,True,0.460289584,N9133US2,Liquefied U.S. Natural Gas Exports (MMcf),15.116
2015,LNG (all),All destinations,False,True,0.803659101,N9133US2,Liquefied U.S. Natural Gas Exports (MMcf),10.541
2016,LNG (all),All destinations,False,True,5.290739229,N9133US2,Liquefied U.S. Natural Gas Exports (MMcf),4.546
2017,LNG (all),All destinations,False,True,20.035325306,N9133US2,Liquefied U.S. Natural Gas Exports (MMcf),4.527
2018,LNG (all),All destinations,False,True,30.670435782,N9133US2,Liquefied U.S. Natural Gas Exports (MMcf),5.019
2019,LNG (all),All destinations,False,True,51.52374849,N9133US2,Liquefied U.S. Natural Gas Exports (MMcf),5.029
2020,LNG (all),All destinations,False,True,67.676104278,N9133US2,Liquefied U.S. Natural Gas Exports (MMcf),5.444
2021,LNG (all),All destinations,False,True,100.830971142,N9133US2,Liquefied U.S. Natural Gas Exports (MMcf),7.355
2022,LNG (all),All destinations,False,True,109.462639702,N9133US2,Liquefied U.S. Natural Gas Exports (MMcf),11.815
2023,LNG (all),All destinations,False,True,122.980626954,N9133US2,Liquefied U.S. Natural Gas Exports (MMcf),7.307
2024,LNG (all),All destinations,False,True,123.664279456,N9133US2,Liquefied U.S. Natural Gas Exports (MMcf),6.187
2025,LNG (all),All destinations,False,True,155.996798131,N9133US2,Liquefied U.S. Natural Gas Exports (MMcf),7.645
2012,LNG by truck,All destinations,False,True,0.0,NGM_EPG0_ETR_NUS-Z00_MMCF,Liquefied U.S. Natural Gas Exports by Truck (MMcf),
2013,LNG by truck,All destinations,False,True,0.005635043,NGM_EPG0_ETR_NUS-Z00_MMCF,Liquefied U.S. Natural Gas Exports by Truck (MMcf),11.68
2014,LNG by truck,All destinations,False,True,0.007928704,NGM_EPG0_ETR_NUS-Z00_MMCF,Liquefied U.S. Natural Gas Exports by Truck (MMcf),12.741
2015,LNG by truck,All destinations,False,True,0.006711082,NGM_EPG0_ETR_NUS-Z00_MMCF,Liquefied U.S. Natural Gas Exports by Truck (MMcf),10.396
2016,LNG by truck,All destinations,False,True,0.010675434,NGM_EPG0_ETR_NUS-Z00_MMCF,Liquefied U.S. Natural Gas Exports by Truck (MMcf),9.459
2017,LNG by truck,All destinations,False,True,0.019708493,NGM_EPG0_ETR_NUS-Z00_MMCF,Liquefied U.S. Natural Gas Exports by Truck (MMcf),8.436
2018,LNG by truck,All destinations,False,True,0.017188298,NGM_EPG0_ETR_NUS-Z00_MMCF,Liquefied U.S. Natural Gas Exports by Truck (MMcf),8.349
2019,LNG by truck,All destinations,False,True,0.032026301,NGM_EPG0_ETR_NUS-Z00_MMCF,Liquefied U.S. Natural Gas Exports by Truck (MMcf),8.813
2020,LNG by truck,All destinations,False,True,0.023559578,NGM_EPG0_ETR_NUS-Z00_MMCF,Liquefied U.S. Natural Gas Exports by Truck (MMcf),7.934
2021,LNG by truck,All destinations,False,True,0.03902055,NGM_EPG0_ETR_NUS-Z00_MMCF,Liquefied U.S. Natural Gas Exports by Truck (MMcf),11.12
2022,LNG by truck,All destinations,False,True,0.04609975,NGM_EPG0_ETR_NUS-Z00_MMCF,Liquefied U.S. Natural Gas Exports by Truck (MMcf),12.973
2023,LNG by truck,All destinations,False,True,0.019510275,NGM_EPG0_ETR_NUS-Z00_MMCF,Liquefied U.S. Natural Gas Exports by Truck (MMcf),8.948
2024,LNG by truck,All destinations,False,True,0.005606726,NGM_EPG0_ETR_NUS-Z00_MMCF,Liquefied U.S. Natural Gas Exports by Truck (MMcf),8.736
2025,LNG by truck,All destinations,False,True,0.004615638,NGM_EPG0_ETR_NUS-Z00_MMCF,Liquefied U.S. Natural Gas Exports by Truck (MMcf),12.741
2007,LNG by truck,Canada,False,False,5.6634e-05,NGM_EPG0_ETR_NUS-NCA_MMCF,Liquefied U.S. Natural Gas Exports by Truck to Canada (Million Cubic Feet),11.651
2008,LNG by truck,Canada,False,False,0.0,NGM_EPG0_ETR_NUS-NCA_MMCF,Liquefied U.S. Natural Gas Exports by Truck to Canada (Million Cubic Feet),
2009,LNG by truck,Canada,False,False,0.0,NGM_EPG0_ETR_NUS-NCA_MMCF,Liquefied U.S. Natural Gas Exports by Truck to Canada (Million Cubic Feet),
2010,LNG by truck,Canada,False,False,0.0,NGM_EPG0_ETR_NUS-NCA_MMCF,Liquefied U.S. Natural Gas Exports by Truck to Canada (Million Cubic Feet),
2011,LNG by truck,Canada,False,False,0.0,NGM_EPG0_ETR_NUS-NCA_MMCF,Liquefied U.S. Natural Gas Exports by Truck to Canada (Million Cubic Feet),
2012,LNG by truck,Canada,False,False,5.6634e-05,NGM_EPG0_ETR_NUS-NCA_MMCF,Liquefied U.S. Natural Gas Exports by Truck to Canada (Million Cubic Feet),12.828
2013,LNG by truck,Canada,False,False,0.002010493,NGM_EPG0_ETR_NUS-NCA_MMCF,Liquefied U.S. Natural Gas Exports by Truck to Canada (Million Cubic Feet),13.851
2014,LNG by truck,Canada,False,False,0.002803363,NGM_EPG0_ETR_NUS-NCA_MMCF,Liquefied U.S. Natural Gas Exports by Truck to Canada (Million Cubic Feet),13.977
2015,LNG by truck,Canada,False,False,0.001160989,NGM_EPG0_ETR_NUS-NCA_MMCF,Liquefied U.S. Natural Gas Exports by Truck to Canada (Million Cubic Feet),11.931
2016,LNG by truck,Canada,False,False,5.6634e-05,NGM_EPG0_ETR_NUS-NCA_MMCF,Liquefied U.S. Natural Gas Exports by Truck to Canada (Million Cubic Feet),7.239
2017,LNG by truck,Canada,False,False,0.000141584,NGM_EPG0_ETR_NUS-NCA_MMCF,Liquefied U.S. Natural Gas Exports by Truck to Canada (Million Cubic Feet),7.77
2018,LNG by truck,Canada,False,False,0.000538019,NGM_EPG0_ETR_NUS-NCA_MMCF,Liquefied U.S. Natural Gas Exports by Truck to Canada (Million Cubic Feet),12.268
2019,LNG by truck,Canada,False,False,0.00070792,NGM_EPG0_ETR_NUS-NCA_MMCF,Liquefied U.S. Natural Gas Exports by Truck to Canada (Million Cubic Feet),9.025
2020,LNG by truck,Canada,False,False,0.000283168,NGM_EPG0_ETR_NUS-NCA_MMCF,Liquefied U.S. Natural Gas Exports by Truck to Canada (Million Cubic Feet),9.122
2021,LNG by truck,Canada,False,False,0.00362455,NGM_EPG0_ETR_NUS-NCA_MMCF,Liquefied U.S. Natural Gas Exports by Truck to Canada (Million Cubic Feet),12.037
2022,LNG by truck,Canada,False,False,0.002152077,NGM_EPG0_ETR_NUS-NCA_MMCF,Liquefied U.S. Natural Gas Exports by Truck to Canada (Million Cubic Feet),16.361
2023,LNG by truck,Canada,False,False,0.002406928,NGM_EPG0_ETR_NUS-NCA_MMCF,Liquefied U.S. Natural Gas Exports by Truck to Canada (Million Cubic Feet),14.035
2024,LNG by truck,Canada,False,False,0.002406928,NGM_EPG0_ETR_NUS-NCA_MMCF,Liquefied U.S. Natural Gas Exports by Truck to Canada (Million Cubic Feet),12.423
2025,LNG by truck,Canada,False,False,0.004615638,NGM_EPG0_ETR_NUS-NCA_MMCF,Liquefied U.S. Natural Gas Exports by Truck to Canada (Million Cubic Feet),12.741
1997,LNG by truck,Mexico,False,False,0.0,NGM_EPG0_ETR_NUS-NMX_MMCF,Liquefied U.S. Natural Gas Exports by Truck to Mexico (Million Cubic Feet),
1998,LNG by truck,Mexico,False,False,0.000934454,NGM_EPG0_ETR_NUS-NMX_MMCF,Liquefied U.S. Natural Gas Exports by Truck to Mexico (Million Cubic Feet),5.492
1999,LNG by truck,Mexico,False,False,0.00778712,NGM_EPG0_ETR_NUS-NMX_MMCF,Liquefied U.S. Natural Gas Exports by Truck to Mexico (Million Cubic Feet),6.708
2000,LNG by truck,Mexico,False,False,0.011836422,NGM_EPG0_ETR_NUS-NMX_MMCF,Liquefied U.S. Natural Gas Exports by Truck to Mexico (Million Cubic Feet),5.618
2001,LNG by truck,Mexico,False,False,0.013167312,NGM_EPG0_ETR_NUS-NMX_MMCF,Liquefied U.S. Natural Gas Exports by Truck to Mexico (Million Cubic Feet),5.618
2002,LNG by truck,Mexico,False,False,0.01141167,NGM_EPG0_ETR_NUS-NMX_MMCF,Liquefied U.S. Natural Gas Exports by Truck to Mexico (Million Cubic Feet),5.618
2003,LNG by truck,Mexico,False,False,0.010647117,NGM_EPG0_ETR_NUS-NMX_MMCF,Liquefied U.S. Natural Gas Exports by Truck to Mexico (Million Cubic Feet),5.618
2004,LNG by truck,Mexico,False,False,0.010420582,NGM_EPG0_ETR_NUS-NMX_MMCF,Liquefied U.S. Natural Gas Exports by Truck to Mexico (Million Cubic Feet),7.905
2005,LNG by truck,Mexico,False,False,0.006852666,NGM_EPG0_ETR_NUS-NMX_MMCF,Liquefied U.S. Natural Gas Exports by Truck to Mexico (Million Cubic Feet),11.458
2006,LNG by truck,Mexico,False,False,0.004898806,NGM_EPG0_ETR_NUS-NMX_MMCF,Liquefied U.S. Natural Gas Exports by Truck to Mexico (Million Cubic Feet),12.934
2007,LNG by truck,Mexico,False,False,0.002463562,NGM_EPG0_ETR_NUS-NMX_MMCF,Liquefied U.S. Natural Gas Exports by Truck to Mexico (Million Cubic Feet),12.838
2008,LNG by truck,Mexico,False,False,0.00150079,NGM_EPG0_ETR_NUS-NMX_MMCF,Liquefied U.S. Natural Gas Exports by Truck to Mexico (Million Cubic Feet),12.317
2009,LNG by truck,Mexico,False,False,0.002378611,NGM_EPG0_ETR_NUS-NMX_MMCF,Liquefied U.S. Natural Gas Exports by Truck to Mexico (Million Cubic Feet),7.693
2010,LNG by truck,Mexico,False,False,0.005889894,NGM_EPG0_ETR_NUS-NMX_MMCF,Liquefied U.S. Natural Gas Exports by Truck to Mexico (Million Cubic Feet),8.282
2011,LNG by truck,Mexico,False,False,0.006682765,NGM_EPG0_ETR_NUS-NMX_MMCF,Liquefied U.S. Natural Gas Exports by Truck to Mexico (Million Cubic Feet),8.986
2012,LNG by truck,Mexico,False,False,0.00433247,NGM_EPG0_ETR_NUS-NMX_MMCF,Liquefied U.S. Natural Gas Exports by Truck to Mexico (Million Cubic Feet),8.774
2013,LNG by truck,Mexico,False,False,0.00362455,NGM_EPG0_ETR_NUS-NMX_MMCF,Liquefied U.S. Natural Gas Exports by Truck to Mexico (Million Cubic Feet),10.463
2014,LNG by truck,Mexico,False,False,0.005125341,NGM_EPG0_ETR_NUS-NMX_MMCF,Liquefied U.S. Natural Gas Exports by Truck to Mexico (Million Cubic Feet),12.066
2015,LNG by truck,Mexico,False,False,0.005521776,NGM_EPG0_ETR_NUS-NMX_MMCF,Liquefied U.S. Natural Gas Exports by Truck to Mexico (Million Cubic Feet),10.077
2016,LNG by truck,Mexico,False,False,0.0106188,NGM_EPG0_ETR_NUS-NMX_MMCF,Liquefied U.S. Natural Gas Exports by Truck to Mexico (Million Cubic Feet),4.469
2017,LNG by truck,Mexico,False,False,0.019566909,NGM_EPG0_ETR_NUS-NMX_MMCF,Liquefied U.S. Natural Gas Exports by Truck to Mexico (Million Cubic Feet),8.436
2018,LNG by truck,Mexico,False,False,0.016621962,NGM_EPG0_ETR_NUS-NMX_MMCF,Liquefied U.S. Natural Gas Exports by Truck to Mexico (Million Cubic Feet),8.224
2019,LNG by truck,Mexico,False,False,0.031290064,NGM_EPG0_ETR_NUS-NMX_MMCF,Liquefied U.S. Natural Gas Exports by Truck to Mexico (Million Cubic Feet),8.813
2020,LNG by truck,Mexico,False,False,0.02327641,NGM_EPG0_ETR_NUS-NMX_MMCF,Liquefied U.S. Natural Gas Exports by Truck to Mexico (Million Cubic Feet),7.915
2021,LNG by truck,Mexico,False,False,0.035396,NGM_EPG0_ETR_NUS-NMX_MMCF,Liquefied U.S. Natural Gas Exports by Truck to Mexico (Million Cubic Feet),11.023
2022,LNG by truck,Mexico,False,False,0.043947674,NGM_EPG0_ETR_NUS-NMX_MMCF,Liquefied U.S. Natural Gas Exports by Truck to Mexico (Million Cubic Feet),12.809
2023,LNG by truck,Mexico,False,False,0.017103347,NGM_EPG0_ETR_NUS-NMX_MMCF,Liquefied U.S. Natural Gas Exports by Truck to Mexico (Million Cubic Feet),8.234
2024,LNG by truck,Mexico,False,False,0.003199798,NGM_EPG0_ETR_NUS-NMX_MMCF,Liquefied U.S. Natural Gas Exports by Truck to Mexico (Million Cubic Feet),5.985
2025,LNG by truck,Mexico,False,False,0.0,NGM_EPG0_ETR_NUS-NMX_MMCF,Liquefied U.S. Natural Gas Exports by Truck to Mexico (Million Cubic Feet),
2012,LNG by vessel,All destinations,False,True,0.0,NGM_EPG0_EVE_NUS-Z00_MMCF,Liquefied U.S. Natural Gas Exports by Vessel (MMcf),
2013,LNG by vessel,All destinations,False,True,0.0,NGM_EPG0_EVE_NUS-Z00_MMCF,Liquefied U.S. Natural Gas Exports by Vessel (MMcf),
2014,LNG by vessel,All destinations,False,True,0.376896608,NGM_EPG0_EVE_NUS-Z00_MMCF,Liquefied U.S. Natural Gas Exports by Vessel (MMcf),15.193
2015,LNG by vessel,All destinations,False,True,0.467765219,NGM_EPG0_EVE_NUS-Z00_MMCF,Liquefied U.S. Natural Gas Exports by Vessel (MMcf),7.23
2016,LNG by vessel,All destinations,False,True,5.206694966,NGM_EPG0_EVE_NUS-Z00_MMCF,Liquefied U.S. Natural Gas Exports by Vessel (MMcf),4.546
2017,LNG by vessel,All destinations,False,True,20.003667123,NGM_EPG0_EVE_NUS-Z00_MMCF,Liquefied U.S. Natural Gas Exports by Vessel (MMcf),4.527
2018,LNG by vessel,All destinations,False,True,30.653247485,NGM_EPG0_EVE_NUS-Z00_MMCF,Liquefied U.S. Natural Gas Exports by Vessel (MMcf),5.019
2019,LNG by vessel,All destinations,False,True,51.476827552,NGM_EPG0_EVE_NUS-Z00_MMCF,Liquefied U.S. Natural Gas Exports by Vessel (MMcf),5.01
2020,LNG by vessel,All destinations,False,True,67.567056282,NGM_EPG0_EVE_NUS-Z00_MMCF,Liquefied U.S. Natural Gas Exports by Vessel (MMcf),5.444
2021,LNG by vessel,All destinations,False,True,100.791950592,NGM_EPG0_EVE_NUS-Z00_MMCF,Liquefied U.S. Natural Gas Exports by Vessel (MMcf),7.355
2022,LNG by vessel,All destinations,False,True,109.416568269,NGM_EPG0_EVE_NUS-Z00_MMCF,Liquefied U.S. Natural Gas Exports by Vessel (MMcf),11.815
2023,LNG by vessel,All destinations,False,True,122.961116678,NGM_EPG0_EVE_NUS-Z00_MMCF,Liquefied U.S. Natural Gas Exports by Vessel (MMcf),7.307
2024,LNG by vessel,All destinations,False,True,123.641484432,NGM_EPG0_EVE_NUS-Z00_MMCF,Liquefied U.S. Natural Gas Exports by Vessel (MMcf),6.187
2025,LNG by vessel,All destinations,False,True,155.992154176,NGM_EPG0_EVE_NUS-Z00_MMCF,Liquefied U.S. Natural Gas Exports by Vessel (MMcf),7.645
2020,LNG by vessel,Antigua and Barbuda,False,False,0.0,NGM_EPG0_EVE_NUS-NAC_MMCF,U.S. Liquefied Natural Gas Exports by Vessel to Antigua and Barbuda (Million Cubic Feet),
2021,LNG by vessel,Antigua and Barbuda,False,False,0.000226534,NGM_EPG0_EVE_NUS-NAC_MMCF,U.S. Liquefied Natural Gas Exports by Vessel to Antigua and Barbuda (Million Cubic Feet),10.425
2022,LNG by vessel,Antigua and Barbuda,False,False,0.00062297,NGM_EPG0_EVE_NUS-NAC_MMCF,U.S. Liquefied Natural Gas Exports by Vessel to Antigua and Barbuda (Million Cubic Feet),10.425
2023,LNG by vessel,Antigua and Barbuda,False,False,0.00133089,NGM_EPG0_EVE_NUS-NAC_MMCF,U.S. Liquefied Natural Gas Exports by Vessel to Antigua and Barbuda (Million Cubic Feet),10.425
2024,LNG by vessel,Antigua and Barbuda,False,False,0.002010493,NGM_EPG0_EVE_NUS-NAC_MMCF,U.S. Liquefied Natural Gas Exports by Vessel to Antigua and Barbuda (Million Cubic Feet),10.425
2025,LNG by vessel,Antigua and Barbuda,False,False,0.001189306,NGM_EPG0_EVE_NUS-NAC_MMCF,U.S. Liquefied Natural Gas Exports by Vessel to Antigua and Barbuda (Million Cubic Feet),10.425
2015,LNG by vessel,Argentina,False,False,0.0,NGM_EPG0_EVE_NUS-NAT_MMCF,Liquefied U.S. Natural Gas Exports by Vessel to Argentina (Million Cubic Feet),
2016,LNG by vessel,Argentina,False,False,0.471786205,NGM_EPG0_EVE_NUS-NAT_MMCF,Liquefied U.S. Natural Gas Exports by Vessel to Argentina (Million Cubic Feet),4.315
2017,LNG by vessel,Argentina,False,False,0.460884237,NGM_EPG0_EVE_NUS-NAT_MMCF,Liquefied U.S. Natural Gas Exports by Vessel to Argentina (Million Cubic Feet),4.479
2018,LNG by vessel,Argentina,False,False,0.780411008,NGM_EPG0_EVE_NUS-NAT_MMCF,Liquefied U.S. Natural Gas Exports by Vessel to Argentina (Million Cubic Feet),5.801
2019,LNG by vessel,Argentina,False,False,1.112652022,NGM_EPG0_EVE_NUS-NAT_MMCF,Liquefied U.S. Natural Gas Exports by Vessel to Argentina (Million Cubic Feet),4.961
2020,LNG by vessel,Argentina,False,False,0.426677542,NGM_EPG0_EVE_NUS-NAT_MMCF,Liquefied U.S. Natural Gas Exports by Vessel to Argentina (Million Cubic Feet),4.865
2021,LNG by vessel,Argentina,False,False,2.363008643,NGM_EPG0_EVE_NUS-NAT_MMCF,Liquefied U.S. Natural Gas Exports by Vessel to Argentina (Million Cubic Feet),6.593
2022,LNG by vessel,Argentina,False,False,1.895498275,NGM_EPG0_EVE_NUS-NAT_MMCF,Liquefied U.S. Natural Gas Exports by Vessel to Argentina (Million Cubic Feet),13.407
2023,LNG by vessel,Argentina,False,False,2.178156573,NGM_EPG0_EVE_NUS-NAT_MMCF,Liquefied U.S. Natural Gas Exports by Vessel to Argentina (Million Cubic Feet),11.168
2024,LNG by vessel,Argentina,False,False,1.467886278,NGM_EPG0_EVE_NUS-NAT_MMCF,Liquefied U.S. Natural Gas Exports by Vessel to Argentina (Million Cubic Feet),6.023
2025,LNG by vessel,Argentina,False,False,0.718340582,NGM_EPG0_EVE_NUS-NAT_MMCF,Liquefied U.S. Natural Gas Exports by Vessel to Argentina (Million Cubic Feet),6.554
2016,LNG by vessel,Bahamas,False,False,0.0,NGM_EPG0_EVE_NUS-NBF_MMCF,Liquefied U.S. Natural Gas Exports by Vessel to Bahamas (Million Cubic Feet),
2017,LNG by vessel,Bahamas,False,False,5.6634e-05,NGM_EPG0_EVE_NUS-NBF_MMCF,Liquefied U.S. Natural Gas Exports by Vessel to Bahamas (Million Cubic Feet),10.039
2018,LNG by vessel,Bahamas,False,False,0.003879402,NGM_EPG0_EVE_NUS-NBF_MMCF,Liquefied U.S. Natural Gas Exports by Vessel to Bahamas (Million Cubic Feet),10.029
2019,LNG by vessel,Bahamas,False,False,0.004417421,NGM_EPG0_EVE_NUS-NBF_MMCF,Liquefied U.S. Natural Gas Exports by Vessel to Bahamas (Million Cubic Feet),10.029
2020,LNG by vessel,Bahamas,False,False,0.007277418,NGM_EPG0_EVE_NUS-NBF_MMCF,Liquefied U.S. Natural Gas Exports by Vessel to Bahamas (Million Cubic Feet),10.029
2021,LNG by vessel,Bahamas,False,False,0.013761965,NGM_EPG0_EVE_NUS-NBF_MMCF,Liquefied U.S. Natural Gas Exports by Vessel to Bahamas (Million Cubic Feet),10.029
2022,LNG by vessel,Bahamas,False,False,0.013846915,NGM_EPG0_EVE_NUS-NBF_MMCF,Liquefied U.S. Natural Gas Exports by Vessel to Bahamas (Million Cubic Feet),10.029
2023,LNG by vessel,Bahamas,False,False,0.014130083,NGM_EPG0_EVE_NUS-NBF_MMCF,Liquefied U.S. Natural Gas Exports by Vessel to Bahamas (Million Cubic Feet),10.029
2024,LNG by vessel,Bahamas,False,False,0.014045133,NGM_EPG0_EVE_NUS-NBF_MMCF,Liquefied U.S. Natural Gas Exports by Vessel to Bahamas (Million Cubic Feet),10.029
2025,LNG by vessel,Bahamas,False,False,0.022087104,NGM_EPG0_EVE_NUS-NBF_MMCF,Liquefied U.S. Natural Gas Exports by Vessel to Bahamas (Million Cubic Feet),8.996
2024,LNG by vessel,Bahrain,False,False,0.0,NGM_EPG0_EVE_NUS-NBA_MMCF,U.S. Liquefied Natural Gas Exports by Vessel to Bahrain (Million Cubic Feet),
2025,LNG by vessel,Bahrain,False,False,0.496676672,NGM_EPG0_EVE_NUS-NBA_MMCF,U.S. Liquefied Natural Gas Exports by Vessel to Bahrain (Million Cubic Feet),10.328
2017,LNG by vessel,Bangladesh,False,False,0.0,NGM_EPG0_EVE_NUS-NBG_MMCF,U.S. Liquefied Natural Gas Exports by Vessel to Bangladesh (Million Cubic Feet),
2018,LNG by vessel,Bangladesh,False,False,0.0,NGM_EPG0_EVE_NUS-NBG_MMCF,U.S. Liquefied Natural Gas Exports by Vessel to Bangladesh (Million Cubic Feet),
2019,LNG by vessel,Bangladesh,False,False,0.096815139,NGM_EPG0_EVE_NUS-NBG_MMCF,U.S. Liquefied Natural Gas Exports by Vessel to Bangladesh (Million Cubic Feet),
2020,LNG by vessel,Bangladesh,False,False,0.301857088,NGM_EPG0_EVE_NUS-NBG_MMCF,U.S. Liquefied Natural Gas Exports by Vessel to Bangladesh (Million Cubic Feet),4.99
2021,LNG by vessel,Bangladesh,False,False,1.068506131,NGM_EPG0_EVE_NUS-NBG_MMCF,U.S. Liquefied Natural Gas Exports by Vessel to Bangladesh (Million Cubic Feet),5.84
2022,LNG by vessel,Bangladesh,False,False,0.358575638,NGM_EPG0_EVE_NUS-NBG_MMCF,U.S. Liquefied Natural Gas Exports by Vessel to Bangladesh (Million Cubic Feet),9.701
2023,LNG by vessel,Bangladesh,False,False,0.68376577,NGM_EPG0_EVE_NUS-NBG_MMCF,U.S. Liquefied Natural Gas Exports by Vessel to Bangladesh (Million Cubic Feet),10.347
2024,LNG by vessel,Bangladesh,False,False,1.13762744,NGM_EPG0_EVE_NUS-NBG_MMCF,U.S. Liquefied Natural Gas Exports by Vessel to Bangladesh (Million Cubic Feet),5.55
2025,LNG by vessel,Bangladesh,False,False,1.655173594,NGM_EPG0_EVE_NUS-NBG_MMCF,U.S. Liquefied Natural Gas Exports by Vessel to Bangladesh (Million Cubic Feet),7.471
2015,LNG by vessel,Barbados,False,False,0.0,NGM_EPG0_EVE_NUS-NBB_MMCF,Liquefied U.S. Natural Gas Exports by Vessel to Barbados (Million Cubic Feet),
2016,LNG by vessel,Barbados,False,False,0.00283168,NGM_EPG0_EVE_NUS-NBB_MMCF,Liquefied U.S. Natural Gas Exports by Vessel to Barbados (Million Cubic Feet),9.768
2017,LNG by vessel,Barbados,False,False,0.00566336,NGM_EPG0_EVE_NUS-NBB_MMCF,Liquefied U.S. Natural Gas Exports by Vessel to Barbados (Million Cubic Feet),10.039
2018,LNG by vessel,Barbados,False,False,0.004927123,NGM_EPG0_EVE_NUS-NBB_MMCF,Liquefied U.S. Natural Gas Exports by Vessel to Barbados (Million Cubic Feet),10.029
2019,LNG by vessel,Barbados,False,False,0.005974845,NGM_EPG0_EVE_NUS-NBB_MMCF,Liquefied U.S. Natural Gas Exports by Vessel to Barbados (Million Cubic Feet),10.029
2020,LNG by vessel,Barbados,False,False,0.006824349,NGM_EPG0_EVE_NUS-NBB_MMCF,Liquefied U.S. Natural Gas Exports by Vessel to Barbados (Million Cubic Feet),10.029
2021,LNG by vessel,Barbados,False,False,0.00841009,NGM_EPG0_EVE_NUS-NBB_MMCF,Liquefied U.S. Natural Gas Exports by Vessel to Barbados (Million Cubic Feet),10.029
2022,LNG by vessel,Barbados,False,False,0.002633462,NGM_EPG0_EVE_NUS-NBB_MMCF,Liquefied U.S. Natural Gas Exports by Vessel to Barbados (Million Cubic Feet),10.116
2023,LNG by vessel,Barbados,False,False,0.000311485,NGM_EPG0_EVE_NUS-NBB_MMCF,Liquefied U.S. Natural Gas Exports by Vessel to Barbados (Million Cubic Feet),10.029
2024,LNG by vessel,Barbados,False,False,0.007957021,NGM_EPG0_EVE_NUS-NBB_MMCF,Liquefied U.S. Natural Gas Exports by Vessel to Barbados (Million Cubic Feet),10.029
2025,LNG by vessel,Barbados,False,False,0.015885725,NGM_EPG0_EVE_NUS-NBB_MMCF,Liquefied U.S. Natural Gas Exports by Vessel to Barbados (Million Cubic Feet),10.029
2017,LNG by vessel,Belgium,True,False,0.0,NGM_EPG0_EVE_NUS-NBE_MMCF,Liquefied U.S. Natural Gas Exports by Vessel to Belgium (Million Cubic Feet),
2018,LNG by vessel,Belgium,True,False,0.0,NGM_EPG0_EVE_NUS-NBE_MMCF,Liquefied U.S. Natural Gas Exports by Vessel to Belgium (Million Cubic Feet),
2019,LNG by vessel,Belgium,True,False,0.67668657,NGM_EPG0_EVE_NUS-NBE_MMCF,Liquefied U.S. Natural Gas Exports by Vessel to Belgium (Million Cubic Feet),4.797
2020,LNG by vessel,Belgium,True,False,0.904608493,NGM_EPG0_EVE_NUS-NBE_MMCF,Liquefied U.S. Natural Gas Exports by Vessel to Belgium (Million Cubic Feet),4.122
2021,LNG by vessel,Belgium,True,False,0.158121011,NGM_EPG0_EVE_NUS-NBE_MMCF,Liquefied U.S. Natural Gas Exports by Vessel to Belgium (Million Cubic Feet),5.473
2022,LNG by vessel,Belgium,True,False,2.272281616,NGM_EPG0_EVE_NUS-NBE_MMCF,Liquefied U.S. Natural Gas Exports by Vessel to Belgium (Million Cubic Feet),12.153
2023,LNG by vessel,Belgium,True,False,2.747210986,NGM_EPG0_EVE_NUS-NBE_MMCF,Liquefied U.S. Natural Gas Exports by Vessel to Belgium (Million Cubic Feet),6.448
2024,LNG by vessel,Belgium,True,False,1.156486429,NGM_EPG0_EVE_NUS-NBE_MMCF,Liquefied U.S. Natural Gas Exports by Vessel to Belgium (Million Cubic Feet),6.245
2025,LNG by vessel,Belgium,True,False,5.595626214,NGM_EPG0_EVE_NUS-NBE_MMCF,Liquefied U.S. Natural Gas Exports by Vessel to Belgium (Million Cubic Feet),8.986
2015,LNG by vessel,Brazil,False,False,0.0,NGM_EPG0_EVE_NUS-NBR_MMCF,Liquefied U.S. Natural Gas Exports by Vessel to Brazil (Million Cubic Feet),
2016,LNG by vessel,Brazil,False,False,0.260401293,NGM_EPG0_EVE_NUS-NBR_MMCF,Liquefied U.S. Natural Gas Exports by Vessel to Brazil (Million Cubic Feet),4.237
2017,LNG by vessel,Brazil,False,False,0.499734886,NGM_EPG0_EVE_NUS-NBR_MMCF,Liquefied U.S. Natural Gas Exports by Vessel to Brazil (Million Cubic Feet),4.006
2018,LNG by vessel,Brazil,False,False,1.009352336,NGM_EPG0_EVE_NUS-NBR_MMCF,Liquefied U.S. Natural Gas Exports by Vessel to Brazil (Million Cubic Feet),5.84
2019,LNG by vessel,Brazil,False,False,1.537545606,NGM_EPG0_EVE_NUS-NBR_MMCF,Liquefied U.S. Natural Gas Exports by Vessel to Brazil (Million Cubic Feet),5.0
2020,LNG by vessel,Brazil,False,False,3.166554477,NGM_EPG0_EVE_NUS-NBR_MMCF,Liquefied U.S. Natural Gas Exports by Vessel to Brazil (Million Cubic Feet),6.062
2021,LNG by vessel,Brazil,False,False,8.713475795,NGM_EPG0_EVE_NUS-NBR_MMCF,Liquefied U.S. Natural Gas Exports by Vessel to Brazil (Million Cubic Feet),7.625
2022,LNG by vessel,Brazil,False,False,2.038752966,NGM_EPG0_EVE_NUS-NBR_MMCF,Liquefied U.S. Natural Gas Exports by Vessel to Brazil (Million Cubic Feet),11.236
2023,LNG by vessel,Brazil,False,False,1.092886896,NGM_EPG0_EVE_NUS-NBR_MMCF,Liquefied U.S. Natural Gas Exports by Vessel to Brazil (Million Cubic Feet),8.929
2024,LNG by vessel,Brazil,False,False,2.997220013,NGM_EPG0_EVE_NUS-NBR_MMCF,Liquefied U.S. Natural Gas Exports by Vessel to Brazil (Million Cubic Feet),5.888
2025,LNG by vessel,Brazil,False,False,2.494908298,NGM_EPG0_EVE_NUS-NBR_MMCF,Liquefied U.S. Natural Gas Exports by Vessel to Brazil (Million Cubic Feet),7.23
2015,LNG by vessel,Chile,False,False,0.0,NGM_EPG0_EVE_NUS-NCI_MMCF,Liquefied U.S. Natural Gas Exports by Vessel to Chile (Million Cubic Feet),
2016,LNG by vessel,Chile,False,False,0.832655504,NGM_EPG0_EVE_NUS-NCI_MMCF,Liquefied U.S. Natural Gas Exports by Vessel to Chile (Million Cubic Feet),5.116
2017,LNG by vessel,Chile,False,False,0.729044333,NGM_EPG0_EVE_NUS-NCI_MMCF,Liquefied U.S. Natural Gas Exports by Vessel to Chile (Million Cubic Feet),5.241
2018,LNG by vessel,Chile,False,False,1.166255725,NGM_EPG0_EVE_NUS-NCI_MMCF,Liquefied U.S. Natural Gas Exports by Vessel to Chile (Million Cubic Feet),4.18
2019,LNG by vessel,Chile,False,False,2.558621098,NGM_EPG0_EVE_NUS-NCI_MMCF,Liquefied U.S. Natural Gas Exports by Vessel to Chile (Million Cubic Feet),4.517
2020,LNG by vessel,Chile,False,False,2.282758832,NGM_EPG0_EVE_NUS-NCI_MMCF,Liquefied U.S. Natural Gas Exports by Vessel to Chile (Million Cubic Feet),5.299
2021,LNG by vessel,Chile,False,False,3.451279901,NGM_EPG0_EVE_NUS-NCI_MMCF,Liquefied U.S. Natural Gas Exports by Vessel to Chile (Million Cubic Feet),6.786
2022,LNG by vessel,Chile,False,False,0.853213501,NGM_EPG0_EVE_NUS-NCI_MMCF,Liquefied U.S. Natural Gas Exports by Vessel to Chile (Million Cubic Feet),10.164
2023,LNG by vessel,Chile,False,False,0.883965546,NGM_EPG0_EVE_NUS-NCI_MMCF,Liquefied U.S. Natural Gas Exports by Vessel to Chile (Million Cubic Feet),6.515
2024,LNG by vessel,Chile,False,False,1.596812669,NGM_EPG0_EVE_NUS-NCI_MMCF,Liquefied U.S. Natural Gas Exports by Vessel to Chile (Million Cubic Feet),6.158
2025,LNG by vessel,Chile,False,False,1.171409382,NGM_EPG0_EVE_NUS-NCI_MMCF,Liquefied U.S. Natural Gas Exports by Vessel to Chile (Million Cubic Feet),6.651
2015,LNG by vessel,China,False,False,0.0,NGM_EPG0_EVE_NUS-NCH_MMCF,U.S. Liquefied Natural Gas Exports by Vessel to China (Million Cubic Feet),
2016,LNG by vessel,China,False,False,0.487643613,NGM_EPG0_EVE_NUS-NCH_MMCF,U.S. Liquefied Natural Gas Exports by Vessel to China (Million Cubic Feet),4.015
2017,LNG by vessel,China,False,False,2.928240288,NGM_EPG0_EVE_NUS-NCH_MMCF,U.S. Liquefied Natural Gas Exports by Vessel to China (Million Cubic Feet),4.17
2018,LNG by vessel,China,False,False,2.561905846,NGM_EPG0_EVE_NUS-NCH_MMCF,U.S. Liquefied Natural Gas Exports by Vessel to China (Million Cubic Feet),4.257
2019,LNG by vessel,China,False,False,0.193998397,NGM_EPG0_EVE_NUS-NCH_MMCF,U.S. Liquefied Natural Gas Exports by Vessel to China (Million Cubic Feet),
2020,LNG by vessel,China,False,False,6.071150237,NGM_EPG0_EVE_NUS-NCH_MMCF,U.S. Liquefied Natural Gas Exports by Vessel to China (Million Cubic Feet),5.618
2021,LNG by vessel,China,False,False,12.836118707,NGM_EPG0_EVE_NUS-NCH_MMCF,U.S. Liquefied Natural Gas Exports by Vessel to China (Million Cubic Feet),7.23
2022,LNG by vessel,China,False,False,2.737073571,NGM_EPG0_EVE_NUS-NCH_MMCF,U.S. Liquefied Natural Gas Exports by Vessel to China (Million Cubic Feet),11.332
2023,LNG by vessel,China,False,False,4.90580065,NGM_EPG0_EVE_NUS-NCH_MMCF,U.S. Liquefied Natural Gas Exports by Vessel to China (Million Cubic Feet),8.127
2024,LNG by vessel,China,False,False,6.026862762,NGM_EPG0_EVE_NUS-NCH_MMCF,U.S. Liquefied Natural Gas Exports by Vessel to China (Million Cubic Feet),5.705
2025,LNG by vessel,China,False,False,0.015460973,NGM_EPG0_EVE_NUS-NCH_MMCF,U.S. Liquefied Natural Gas Exports by Vessel to China (Million Cubic Feet),5.637
2017,LNG by vessel,Colombia,False,False,0.0,NGM_EPG0_EVE_NUS-NCO_MMCF,Liquefied U.S. Natural Gas Exports by Vessel to Colombia (Million Cubic Feet),
2018,LNG by vessel,Colombia,False,False,0.144443997,NGM_EPG0_EVE_NUS-NCO_MMCF,Liquefied U.S. Natural Gas Exports by Vessel to Colombia (Million Cubic Feet),4.691
2019,LNG by vessel,Colombia,False,False,0.184568902,NGM_EPG0_EVE_NUS-NCO_MMCF,Liquefied U.S. Natural Gas Exports by Vessel to Colombia (Million Cubic Feet),3.919
2020,LNG by vessel,Colombia,False,False,0.130993517,NGM_EPG0_EVE_NUS-NCO_MMCF,Liquefied U.S. Natural Gas Exports by Vessel to Colombia (Million Cubic Feet),5.627
2021,LNG by vessel,Colombia,False,False,0.06362785,NGM_EPG0_EVE_NUS-NCO_MMCF,Liquefied U.S. Natural Gas Exports by Vessel to Colombia (Million Cubic Feet),7.124
2022,LNG by vessel,Colombia,False,False,0.16149071,NGM_EPG0_EVE_NUS-NCO_MMCF,Liquefied U.S. Natural Gas Exports by Vessel to Colombia (Million Cubic Feet),12.278
2023,LNG by vessel,Colombia,False,False,0.906534035,NGM_EPG0_EVE_NUS-NCO_MMCF,Liquefied U.S. Natural Gas Exports by Vessel to Colombia (Million Cubic Feet),6.583
2024,LNG by vessel,Colombia,False,False,1.399246355,NGM_EPG0_EVE_NUS-NCO_MMCF,Liquefied U.S. Natural Gas Exports by Vessel to Colombia (Million Cubic Feet),6.158
2025,LNG by vessel,Colombia,False,False,1.129500518,NGM_EPG0_EVE_NUS-NCO_MMCF,Liquefied U.S. Natural Gas Exports by Vessel to Colombia (Million Cubic Feet),6.544
2019,LNG by vessel,Croatia,True,False,0.0,NGM_EPG0_EVE_NUS-NHR_MMCF,U.S. Liquefied Natural Gas Exports by Vessel to Croatia (Million Cubic Feet),
2020,LNG by vessel,Croatia,True,False,0.09273752,NGM_EPG0_EVE_NUS-NHR_MMCF,U.S. Liquefied Natural Gas Exports by Vessel to Croatia (Million Cubic Feet),6.515
2021,LNG by vessel,Croatia,True,False,1.023170934,NGM_EPG0_EVE_NUS-NHR_MMCF,U.S. Liquefied Natural Gas Exports by Vessel to Croatia (Million Cubic Feet),7.635
2022,LNG by vessel,Croatia,True,False,2.188492205,NGM_EPG0_EVE_NUS-NHR_MMCF,U.S. Liquefied Natural Gas Exports by Vessel to Croatia (Million Cubic Feet),11.351
2023,LNG by vessel,Croatia,True,False,1.569855075,NGM_EPG0_EVE_NUS-NHR_MMCF,U.S. Liquefied Natural Gas Exports by Vessel to Croatia (Million Cubic Feet),6.419
2024,LNG by vessel,Croatia,True,False,1.51432583,NGM_EPG0_EVE_NUS-NHR_MMCF,U.S. Liquefied Natural Gas Exports by Vessel to Croatia (Million Cubic Feet),5.763
2025,LNG by vessel,Croatia,True,False,1.635833219,NGM_EPG0_EVE_NUS-NHR_MMCF,U.S. Liquefied Natural Gas Exports by Vessel to Croatia (Million Cubic Feet),7.017
2016,LNG by vessel,Dominican Republic,False,False,0.083392976,NGM_EPG0_EVE_NUS-NDR_MMCF,Liquefied U.S. Natural Gas Exports by Vessel to Dominican Republic (Million Cubic Feet),5.222
2017,LNG by vessel,Dominican Republic,False,False,0.246101309,NGM_EPG0_EVE_NUS-NDR_MMCF,Liquefied U.S. Natural Gas Exports by Vessel to Dominican Republic (Million Cubic Feet),4.006
2018,LNG by vessel,Dominican Republic,False,False,0.165228528,NGM_EPG0_EVE_NUS-NDR_MMCF,Liquefied U.S. Natural Gas Exports by Vessel to Dominican Republic (Million Cubic Feet),3.774
2019,LNG by vessel,Dominican Republic,False,False,0.292625811,NGM_EPG0_EVE_NUS-NDR_MMCF,Liquefied U.S. Natural Gas Exports by Vessel to Dominican Republic (Million Cubic Feet),4.353
2020,LNG by vessel,Dominican Republic,False,False,0.73765264,NGM_EPG0_EVE_NUS-NDR_MMCF,Liquefied U.S. Natural Gas Exports by Vessel to Dominican Republic (Million Cubic Feet),5.579
2021,LNG by vessel,Dominican Republic,False,False,1.503480496,NGM_EPG0_EVE_NUS-NDR_MMCF,Liquefied U.S. Natural Gas Exports by Vessel to Dominican Republic (Million Cubic Feet),7.481
2022,LNG by vessel,Dominican Republic,False,False,1.439173043,NGM_EPG0_EVE_NUS-NDR_MMCF,Liquefied U.S. Natural Gas Exports by Vessel to Dominican Republic (Million Cubic Feet),12.124
2023,LNG by vessel,Dominican Republic,False,False,2.088675485,NGM_EPG0_EVE_NUS-NDR_MMCF,Liquefied U.S. Natural Gas Exports by Vessel to Dominican Republic (Million Cubic Feet),10.0
2024,LNG by vessel,Dominican Republic,False,False,2.565332179,NGM_EPG0_EVE_NUS-NDR_MMCF,Liquefied U.S. Natural Gas Exports by Vessel to Dominican Republic (Million Cubic Feet),6.409
2025,LNG by vessel,Dominican Republic,False,False,2.533957165,NGM_EPG0_EVE_NUS-NDR_MMCF,Liquefied U.S. Natural Gas Exports by Vessel to Dominican Republic (Million Cubic Feet),7.654
2016,LNG by vessel,Egypt,False,False,0.102110381,NGM_EPG0_EVE_NUS-NEG_MMCF,Liquefied U.S. Natural Gas Exports by Vessels to Egypt (Million Cubic Feet),6.236
2017,LNG by vessel,Egypt,False,False,0.192016221,NGM_EPG0_EVE_NUS-NEG_MMCF,Liquefied U.S. Natural Gas Exports by Vessels to Egypt (Million Cubic Feet),4.759
2018,LNG by vessel,Egypt,False,False,0.185588307,NGM_EPG0_EVE_NUS-NEG_MMCF,Liquefied U.S. Natural Gas Exports by Vessels to Egypt (Million Cubic Feet),3.156
2019,LNG by vessel,Egypt,False,False,0.0,NGM_EPG0_EVE_NUS-NEG_MMCF,Liquefied U.S. Natural Gas Exports by Vessels to Egypt (Million Cubic Feet),
2020,LNG by vessel,Egypt,False,False,0.0,NGM_EPG0_EVE_NUS-NEG_MMCF,Liquefied U.S. Natural Gas Exports by Vessels to Egypt (Million Cubic Feet),
2021,LNG by vessel,Egypt,False,False,0.0,NGM_EPG0_EVE_NUS-NEG_MMCF,Liquefied U.S. Natural Gas Exports by Vessels to Egypt (Million Cubic Feet),
2022,LNG by vessel,Egypt,False,False,0.0,NGM_EPG0_EVE_NUS-NEG_MMCF,Liquefied U.S. Natural Gas Exports by Vessels to Egypt (Million Cubic Feet),
2023,LNG by vessel,Egypt,False,False,0.0,NGM_EPG0_EVE_NUS-NEG_MMCF,Liquefied U.S. Natural Gas Exports by Vessels to Egypt (Million Cubic Feet),
2024,LNG by vessel,Egypt,False,False,3.450203862,NGM_EPG0_EVE_NUS-NEG_MMCF,Liquefied U.S. Natural Gas Exports by Vessels to Egypt (Million Cubic Feet),6.322
2025,LNG by vessel,Egypt,False,False,12.326699475,NGM_EPG0_EVE_NUS-NEG_MMCF,Liquefied U.S. Natural Gas Exports by Vessels to Egypt (Million Cubic Feet),7.124
2022,LNG by vessel,El Salvador,False,False,0.0,NGM_EPG0_EVE_NUS-NES_MMCF,U.S. Liquefied Natural Gas Exports by Vessel to El Salvador (Million Cubic Feet),
2023,LNG by vessel,El Salvador,False,False,2.8317e-05,NGM_EPG0_EVE_NUS-NES_MMCF,U.S. Liquefied Natural Gas Exports by Vessel to El Salvador (Million Cubic Feet),5.647
2024,LNG by vessel,El Salvador,False,False,0.033045706,NGM_EPG0_EVE_NUS-NES_MMCF,U.S. Liquefied Natural Gas Exports by Vessel to El Salvador (Million Cubic Feet),5.338
2025,LNG by vessel,El Salvador,False,False,0.196773443,NGM_EPG0_EVE_NUS-NES_MMCF,U.S. Liquefied Natural Gas Exports by Vessel to El Salvador (Million Cubic Feet),6.236
2020,LNG by vessel,Finland,True,False,0.0,NGM_EPG0_EVE_NUS-NFI_MMCF,U.S. Liquefied Natural Gas Exports by Vessel to Finland (Million Cubic Feet),
2021,LNG by vessel,Finland,True,False,0.0,NGM_EPG0_EVE_NUS-NFI_MMCF,U.S. Liquefied Natural Gas Exports by Vessel to Finland (Million Cubic Feet),
2022,LNG by vessel,Finland,True,False,0.009316227,NGM_EPG0_EVE_NUS-NFI_MMCF,U.S. Liquefied Natural Gas Exports by Vessel to Finland (Million Cubic Feet),10.309
2023,LNG by vessel,Finland,True,False,1.089318979,NGM_EPG0_EVE_NUS-NFI_MMCF,U.S. Liquefied Natural Gas Exports by Vessel to Finland (Million Cubic Feet),9.913
2024,LNG by vessel,Finland,True,False,0.476741645,NGM_EPG0_EVE_NUS-NFI_MMCF,U.S. Liquefied Natural Gas Exports by Vessel to Finland (Million Cubic Feet),6.467
2025,LNG by vessel,Finland,True,False,0.969397331,NGM_EPG0_EVE_NUS-NFI_MMCF,U.S. Liquefied Natural Gas Exports by Vessel to Finland (Million Cubic Feet),6.641
2017,LNG by vessel,France,True,False,0.0,NGM_EPG0_EVE_NUS-NFR_MMCF,U.S. Liquefied Natural Gas Exports by Vessel to France (Million Cubic Feet),
2018,LNG by vessel,France,True,False,0.517942589,NGM_EPG0_EVE_NUS-NFR_MMCF,U.S. Liquefied Natural Gas Exports by Vessel to France (Million Cubic Feet),6.786
2019,LNG by vessel,France,True,False,3.335464189,NGM_EPG0_EVE_NUS-NFR_MMCF,U.S. Liquefied Natural Gas Exports by Vessel to France (Million Cubic Feet),5.145
2020,LNG by vessel,France,True,False,2.555223082,NGM_EPG0_EVE_NUS-NFR_MMCF,U.S. Liquefied Natural Gas Exports by Vessel to France (Million Cubic Feet),4.99
2021,LNG by vessel,France,True,False,4.835943104,NGM_EPG0_EVE_NUS-NFR_MMCF,U.S. Liquefied Natural Gas Exports by Vessel to France (Million Cubic Feet),7.085
2022,LNG by vessel,France,True,False,16.180191203,NGM_EPG0_EVE_NUS-NFR_MMCF,U.S. Liquefied Natural Gas Exports by Vessel to France (Million Cubic Feet),12.046
2023,LNG by vessel,France,True,False,13.957520621,NGM_EPG0_EVE_NUS-NFR_MMCF,U.S. Liquefied Natural Gas Exports by Vessel to France (Million Cubic Feet),7.317
2024,LNG by vessel,France,True,False,10.047480243,NGM_EPG0_EVE_NUS-NFR_MMCF,U.S. Liquefied Natural Gas Exports by Vessel to France (Million Cubic Feet),6.255
2025,LNG by vessel,France,True,False,15.094383507,NGM_EPG0_EVE_NUS-NFR_MMCF,U.S. Liquefied Natural Gas Exports by Vessel to France (Million Cubic Feet),7.674
2020,LNG by vessel,Germany,True,False,0.0,NGM_EPG0_EVE_NUS-NGM_MMCF,U.S. Liquefied Natural Gas Exports by Vessel to Germany (Million Cubic Feet),
2021,LNG by vessel,Germany,True,False,0.0,NGM_EPG0_EVE_NUS-NGM_MMCF,U.S. Liquefied Natural Gas Exports by Vessel to Germany (Million Cubic Feet),
2022,LNG by vessel,Germany,True,False,0.201417398,NGM_EPG0_EVE_NUS-NGM_MMCF,U.S. Liquefied Natural Gas Exports by Vessel to Germany (Million Cubic Feet),19.324
2023,LNG by vessel,Germany,True,False,5.793758864,NGM_EPG0_EVE_NUS-NGM_MMCF,U.S. Liquefied Natural Gas Exports by Vessel to Germany (Million Cubic Feet),8.871
2024,LNG by vessel,Germany,True,False,6.010580602,NGM_EPG0_EVE_NUS-NGM_MMCF,U.S. Liquefied Natural Gas Exports by Vessel to Germany (Million Cubic Feet),8.687
2025,LNG by vessel,Germany,True,False,10.076193478,NGM_EPG0_EVE_NUS-NGM_MMCF,U.S. Liquefied Natural Gas Exports by Vessel to Germany (Million Cubic Feet),9.006
2017,LNG by vessel,Greece,True,False,0.0,NGM_EPG0_EVE_NUS-NGR_MMCF,Liquefied U.S. Natural Gas Exports by Vessels to Greece (Million Cubic Feet),
2018,LNG by vessel,Greece,True,False,0.10539513,NGM_EPG0_EVE_NUS-NGR_MMCF,Liquefied U.S. Natural Gas Exports by Vessels to Greece (Million Cubic Feet),7.355
2019,LNG by vessel,Greece,True,False,0.414642902,NGM_EPG0_EVE_NUS-NGR_MMCF,Liquefied U.S. Natural Gas Exports by Vessels to Greece (Million Cubic Feet),5.695
2020,LNG by vessel,Greece,True,False,1.37061807,NGM_EPG0_EVE_NUS-NGR_MMCF,Liquefied U.S. Natural Gas Exports by Vessels to Greece (Million Cubic Feet),5.656
2021,LNG by vessel,Greece,True,False,1.124403494,NGM_EPG0_EVE_NUS-NGR_MMCF,Liquefied U.S. Natural Gas Exports by Vessels to Greece (Million Cubic Feet),7.346
2022,LNG by vessel,Greece,True,False,1.954737021,NGM_EPG0_EVE_NUS-NGR_MMCF,Liquefied U.S. Natural Gas Exports by Vessels to Greece (Million Cubic Feet),14.015
2023,LNG by vessel,Greece,True,False,1.116418157,NGM_EPG0_EVE_NUS-NGR_MMCF,Liquefied U.S. Natural Gas Exports by Vessels to Greece (Million Cubic Feet),5.647
2024,LNG by vessel,Greece,True,False,1.66352705,NGM_EPG0_EVE_NUS-NGR_MMCF,Liquefied U.S. Natural Gas Exports by Vessels to Greece (Million Cubic Feet),6.844
2025,LNG by vessel,Greece,True,False,2.824317632,NGM_EPG0_EVE_NUS-NGR_MMCF,Liquefied U.S. Natural Gas Exports by Vessels to Greece (Million Cubic Feet),7.77
2017,LNG by vessel,Haiti,False,False,0.0,NGM_EPG0_EVE_NUS-NHA_MMCF,Liquefied U.S. Natural Gas Exports by Vessel to Haiti (Million Cubic Feet),
2018,LNG by vessel,Haiti,False,False,0.0,NGM_EPG0_EVE_NUS-NHA_MMCF,Liquefied U.S. Natural Gas Exports by Vessel to Haiti (Million Cubic Feet),
2019,LNG by vessel,Haiti,False,False,0.001189306,NGM_EPG0_EVE_NUS-NHA_MMCF,Liquefied U.S. Natural Gas Exports by Vessel to Haiti (Million Cubic Feet),10.029
2020,LNG by vessel,Haiti,False,False,0.003341382,NGM_EPG0_EVE_NUS-NHA_MMCF,Liquefied U.S. Natural Gas Exports by Vessel to Haiti (Million Cubic Feet),10.029
2021,LNG by vessel,Haiti,False,False,0.003879402,NGM_EPG0_EVE_NUS-NHA_MMCF,Liquefied U.S. Natural Gas Exports by Vessel to Haiti (Million Cubic Feet),10.029
2022,LNG by vessel,Haiti,False,False,0.003256432,NGM_EPG0_EVE_NUS-NHA_MMCF,Liquefied U.S. Natural Gas Exports by Vessel to Haiti (Million Cubic Feet),10.029
2023,LNG by vessel,Haiti,False,False,0.003199798,NGM_EPG0_EVE_NUS-NHA_MMCF,Liquefied U.S. Natural Gas Exports by Vessel to Haiti (Million Cubic Feet),10.029
2024,LNG by vessel,Haiti,False,False,0.002180394,NGM_EPG0_EVE_NUS-NHA_MMCF,Liquefied U.S. Natural Gas Exports by Vessel to Haiti (Million Cubic Feet),10.029
2025,LNG by vessel,Haiti,False,False,0.002661779,NGM_EPG0_EVE_NUS-NHA_MMCF,Liquefied U.S. Natural Gas Exports by Vessel to Haiti (Million Cubic Feet),10.029
2015,LNG by vessel,India,False,False,0.0,NGM_EPG0_EVE_NUS-NIN_MMCF,Liquefied U.S. Natural Gas Exports by Vessel to India (Million Cubic Feet),
2016,LNG by vessel,India,False,False,0.478978672,NGM_EPG0_EVE_NUS-NIN_MMCF,Liquefied U.S. Natural Gas Exports by Vessel to India (Million Cubic Feet),4.749
2017,LNG by vessel,India,False,False,0.592359139,NGM_EPG0_EVE_NUS-NIN_MMCF,Liquefied U.S. Natural Gas Exports by Vessel to India (Million Cubic Feet),4.672
2018,LNG by vessel,India,False,False,1.632010451,NGM_EPG0_EVE_NUS-NIN_MMCF,Liquefied U.S. Natural Gas Exports by Vessel to India (Million Cubic Feet),4.846
2019,LNG by vessel,India,False,False,2.590449181,NGM_EPG0_EVE_NUS-NIN_MMCF,Liquefied U.S. Natural Gas Exports by Vessel to India (Million Cubic Feet),4.797
2020,LNG by vessel,India,False,False,3.522666554,NGM_EPG0_EVE_NUS-NIN_MMCF,Liquefied U.S. Natural Gas Exports by Vessel to India (Million Cubic Feet),5.203
2021,LNG by vessel,India,False,False,5.556265862,NGM_EPG0_EVE_NUS-NIN_MMCF,Liquefied U.S. Natural Gas Exports by Vessel to India (Million Cubic Feet),7.008
2022,LNG by vessel,India,False,False,3.469317702,NGM_EPG0_EVE_NUS-NIN_MMCF,Liquefied U.S. Natural Gas Exports by Vessel to India (Million Cubic Feet),10.483
2023,LNG by vessel,India,False,False,4.65315816,NGM_EPG0_EVE_NUS-NIN_MMCF,Liquefied U.S. Natural Gas Exports by Vessel to India (Million Cubic Feet),6.168
2024,LNG by vessel,India,False,False,7.250375056,NGM_EPG0_EVE_NUS-NIN_MMCF,Liquefied U.S. Natural Gas Exports by Vessel to India (Million Cubic Feet),5.483
2025,LNG by vessel,India,False,False,4.35804047,NGM_EPG0_EVE_NUS-NIN_MMCF,Liquefied U.S. Natural Gas Exports by Vessel to India (Million Cubic Feet),6.824
2020,LNG by vessel,Indonesia,False,False,0.0,NGM_EPG0_EVE_NUS-NID_MMCF,U.S. Liquefied Natural Gas Exports by Vessel to Indonesia (Million Cubic Feet),
2021,LNG by vessel,Indonesia,False,False,0.092567619,NGM_EPG0_EVE_NUS-NID_MMCF,U.S. Liquefied Natural Gas Exports by Vessel to Indonesia (Million Cubic Feet),8.533
2022,LNG by vessel,Indonesia,False,False,0.186296227,NGM_EPG0_EVE_NUS-NID_MMCF,U.S. Liquefied Natural Gas Exports by Vessel to Indonesia (Million Cubic Feet),11.004
2023,LNG by vessel,Indonesia,False,False,0.089396138,NGM_EPG0_EVE_NUS-NID_MMCF,U.S. Liquefied Natural Gas Exports by Vessel to Indonesia (Million Cubic Feet),6.67
2024,LNG by vessel,Indonesia,False,False,0.219228666,NGM_EPG0_EVE_NUS-NID_MMCF,U.S. Liquefied Natural Gas Exports by Vessel to Indonesia (Million Cubic Feet),5.097
2017,LNG by vessel,Israel,False,False,0.0,NGM_EPG0_EVE_NUS-NIS_MMCF,Liquefied U.S. Natural Gas Exports by Vessel to Israel (Million Cubic Feet),
2018,LNG by vessel,Israel,False,False,0.092595936,NGM_EPG0_EVE_NUS-NIS_MMCF,Liquefied U.S. Natural Gas Exports by Vessel to Israel (Million Cubic Feet),6.255
2019,LNG by vessel,Israel,False,False,0.0,NGM_EPG0_EVE_NUS-NIS_MMCF,Liquefied U.S. Natural Gas Exports by Vessel to Israel (Million Cubic Feet),
2020,LNG by vessel,Israel,False,False,0.448368211,NGM_EPG0_EVE_NUS-NIS_MMCF,Liquefied U.S. Natural Gas Exports by Vessel to Israel (Million Cubic Feet),4.99
2021,LNG by vessel,Israel,False,False,0.252189421,NGM_EPG0_EVE_NUS-NIS_MMCF,Liquefied U.S. Natural Gas Exports by Vessel to Israel (Million Cubic Feet),6.361
2022,LNG by vessel,Israel,False,False,0.0,NGM_EPG0_EVE_NUS-NIS_MMCF,Liquefied U.S. Natural Gas Exports by Vessel to Israel (Million Cubic Feet),
2023,LNG by vessel,Israel,False,False,0.0,NGM_EPG0_EVE_NUS-NIS_MMCF,Liquefied U.S. Natural Gas Exports by Vessel to Israel (Million Cubic Feet),
2024,LNG by vessel,Israel,False,False,0.0,NGM_EPG0_EVE_NUS-NIS_MMCF,Liquefied U.S. Natural Gas Exports by Vessel to Israel (Million Cubic Feet),
2025,LNG by vessel,Israel,False,False,0.0,NGM_EPG0_EVE_NUS-NIS_MMCF,Liquefied U.S. Natural Gas Exports by Vessel to Israel (Million Cubic Feet),
2016,LNG by vessel,Italy,True,False,0.09423831,NGM_EPG0_EVE_NUS-NIT_MMCF,Liquefied U.S. Natural Gas Exports by Vessel to Italy (MMcf),6.1
2017,LNG by vessel,Italy,True,False,0.183860982,NGM_EPG0_EVE_NUS-NIT_MMCF,Liquefied U.S. Natural Gas Exports by Vessel to Italy (MMcf),3.813
2018,LNG by vessel,Italy,True,False,0.492429152,NGM_EPG0_EVE_NUS-NIT_MMCF,Liquefied U.S. Natural Gas Exports by Vessel to Italy (MMcf),6.236
2019,LNG by vessel,Italy,True,False,1.944089904,NGM_EPG0_EVE_NUS-NIT_MMCF,Liquefied U.S. Natural Gas Exports by Vessel to Italy (MMcf),4.817
2020,LNG by vessel,Italy,True,False,1.93836991,NGM_EPG0_EVE_NUS-NIT_MMCF,Liquefied U.S. Natural Gas Exports by Vessel to Italy (MMcf),5.087
2021,LNG by vessel,Italy,True,False,0.968717728,NGM_EPG0_EVE_NUS-NIT_MMCF,Liquefied U.S. Natural Gas Exports by Vessel to Italy (MMcf),6.409
2022,LNG by vessel,Italy,True,False,3.285711571,NGM_EPG0_EVE_NUS-NIT_MMCF,Liquefied U.S. Natural Gas Exports by Vessel to Italy (MMcf),11.062
2023,LNG by vessel,Italy,True,False,5.601516109,NGM_EPG0_EVE_NUS-NIT_MMCF,Liquefied U.S. Natural Gas Exports by Vessel to Italy (MMcf),7.239
2024,LNG by vessel,Italy,True,False,5.260496886,NGM_EPG0_EVE_NUS-NIT_MMCF,Liquefied U.S. Natural Gas Exports by Vessel to Italy (MMcf),5.985
2025,LNG by vessel,Italy,True,False,9.982040118,NGM_EPG0_EVE_NUS-NIT_MMCF,Liquefied U.S. Natural Gas Exports by Vessel to Italy (MMcf),7.925
2017,LNG by vessel,Jamaica,False,False,0.0,NGM_EPG0_EVE_NUS-NJM_MMCF,Liquefied U.S. Natural Gas Exports by Vessel to Jamaica (Million Cubic Feet),
2018,LNG by vessel,Jamaica,False,False,0.03689679,NGM_EPG0_EVE_NUS-NJM_MMCF,Liquefied U.S. Natural Gas Exports by Vessel to Jamaica (Million Cubic Feet),6.68
2019,LNG by vessel,Jamaica,False,False,0.393376986,NGM_EPG0_EVE_NUS-NJM_MMCF,Liquefied U.S. Natural Gas Exports by Vessel to Jamaica (Million Cubic Feet),5.106
2020,LNG by vessel,Jamaica,False,False,0.482858074,NGM_EPG0_EVE_NUS-NJM_MMCF,Liquefied U.S. Natural Gas Exports by Vessel to Jamaica (Million Cubic Feet),4.749
2021,LNG by vessel,Jamaica,False,False,0.715735437,NGM_EPG0_EVE_NUS-NJM_MMCF,Liquefied U.S. Natural Gas Exports by Vessel to Jamaica (Million Cubic Feet),6.979
2022,LNG by vessel,Jamaica,False,False,0.042928269,NGM_EPG0_EVE_NUS-NJM_MMCF,Liquefied U.S. Natural Gas Exports by Vessel to Jamaica (Million Cubic Feet),10.367
2023,LNG by vessel,Jamaica,False,False,0.256210406,NGM_EPG0_EVE_NUS-NJM_MMCF,Liquefied U.S. Natural Gas Exports by Vessel to Jamaica (Million Cubic Feet),6.979
2024,LNG by vessel,Jamaica,False,False,0.373810077,NGM_EPG0_EVE_NUS-NJM_MMCF,Liquefied U.S. Natural Gas Exports by Vessel to Jamaica (Million Cubic Feet),5.357
2025,LNG by vessel,Jamaica,False,False,0.099278701,NGM_EPG0_EVE_NUS-NJM_MMCF,Liquefied U.S. Natural Gas Exports by Vessel to Jamaica (Million Cubic Feet),6.293
1973,LNG by vessel,Japan,False,False,1.369004013,NGM_EPG0_EVE_NUS-NJA_MMCF,Liquefied U.S. Natural Gas Exports by Vessel to Japan (Million Cubic Feet),
1974,LNG by vessel,Japan,False,False,1.423145734,NGM_EPG0_EVE_NUS-NJA_MMCF,Liquefied U.S. Natural Gas Exports by Vessel to Japan (Million Cubic Feet),
1975,LNG by vessel,Japan,False,False,1.500847034,NGM_EPG0_EVE_NUS-NJA_MMCF,Liquefied U.S. Natural Gas Exports by Vessel to Japan (Million Cubic Feet),
1976,LNG by vessel,Japan,False,False,1.409581987,NGM_EPG0_EVE_NUS-NJA_MMCF,Liquefied U.S. Natural Gas Exports by Vessel to Japan (Million Cubic Feet),
1977,LNG by vessel,Japan,False,False,1.462704304,NGM_EPG0_EVE_NUS-NJA_MMCF,Liquefied U.S. Natural Gas Exports by Vessel to Japan (Million Cubic Feet),
1978,LNG by vessel,Japan,False,False,1.371495891,NGM_EPG0_EVE_NUS-NJA_MMCF,Liquefied U.S. Natural Gas Exports by Vessel to Japan (Million Cubic Feet),
1979,LNG by vessel,Japan,False,False,1.452340355,NGM_EPG0_EVE_NUS-NJA_MMCF,Liquefied U.S. Natural Gas Exports by Vessel to Japan (Million Cubic Feet),
1980,LNG by vessel,Japan,False,False,1.266667098,NGM_EPG0_EVE_NUS-NJA_MMCF,Liquefied U.S. Natural Gas Exports by Vessel to Japan (Million Cubic Feet),
1981,LNG by vessel,Japan,False,False,1.583730307,NGM_EPG0_EVE_NUS-NJA_MMCF,Liquefied U.S. Natural Gas Exports by Vessel to Japan (Million Cubic Feet),
1982,LNG by vessel,Japan,False,False,1.411903965,NGM_EPG0_EVE_NUS-NJA_MMCF,Liquefied U.S. Natural Gas Exports by Vessel to Japan (Million Cubic Feet),
1983,LNG by vessel,Japan,False,False,1.496741098,NGM_EPG0_EVE_NUS-NJA_MMCF,Liquefied U.S. Natural Gas Exports by Vessel to Japan (Million Cubic Feet),
1984,LNG by vessel,Japan,False,False,1.496259712,NGM_EPG0_EVE_NUS-NJA_MMCF,Liquefied U.S. Natural Gas Exports by Vessel to Japan (Million Cubic Feet),
1985,LNG by vessel,Japan,False,False,1.497477334,NGM_EPG0_EVE_NUS-NJA_MMCF,Liquefied U.S. Natural Gas Exports by Vessel to Japan (Million Cubic Feet),4.643
1986,LNG by vessel,Japan,False,False,1.42071049,NGM_EPG0_EVE_NUS-NJA_MMCF,Liquefied U.S. Natural Gas Exports by Vessel to Japan (Million Cubic Feet),2.809
1987,LNG by vessel,Japan,False,False,1.376168163,NGM_EPG0_EVE_NUS-NJA_MMCF,Liquefied U.S. Natural Gas Exports by Vessel to Japan (Million Cubic Feet),3.041
1988,LNG by vessel,Japan,False,False,1.460382326,NGM_EPG0_EVE_NUS-NJA_MMCF,Liquefied U.S. Natural Gas Exports by Vessel to Japan (Million Cubic Feet),2.876
1989,LNG by vessel,Japan,False,False,1.456163123,NGM_EPG0_EVE_NUS-NJA_MMCF,Liquefied U.S. Natural Gas Exports by Vessel to Japan (Million Cubic Feet),2.905
1990,LNG by vessel,Japan,False,False,1.487934573,NGM_EPG0_EVE_NUS-NJA_MMCF,Liquefied U.S. Natural Gas Exports by Vessel to Japan (Million Cubic Feet),3.465
1991,LNG by vessel,Japan,False,False,1.529248784,NGM_EPG0_EVE_NUS-NJA_MMCF,Liquefied U.S. Natural Gas Exports by Vessel to Japan (Million Cubic Feet),3.581
1992,LNG by vessel,Japan,False,False,1.487538138,NGM_EPG0_EVE_NUS-NJA_MMCF,Liquefied U.S. Natural Gas Exports by Vessel to Japan (Million Cubic Feet),3.311
1993,LNG by vessel,Japan,False,False,1.585429315,NGM_EPG0_EVE_NUS-NJA_MMCF,Liquefied U.S. Natural Gas Exports by Vessel to Japan (Million Cubic Feet),3.224
1994,LNG by vessel,Japan,False,False,1.774953658,NGM_EPG0_EVE_NUS-NJA_MMCF,Liquefied U.S. Natural Gas Exports by Vessel to Japan (Million Cubic Feet),3.069
1995,LNG by vessel,Japan,False,False,1.848605654,NGM_EPG0_EVE_NUS-NJA_MMCF,Liquefied U.S. Natural Gas Exports by Vessel to Japan (Million Cubic Feet),3.292
1996,LNG by vessel,Japan,False,False,1.915574886,NGM_EPG0_EVE_NUS-NJA_MMCF,Liquefied U.S. Natural Gas Exports by Vessel to Japan (Million Cubic Feet),3.523
1997,LNG by vessel,Japan,False,False,1.760936842,NGM_EPG0_EVE_NUS-NJA_MMCF,Liquefied U.S. Natural Gas Exports by Vessel to Japan (Million Cubic Feet),3.697
1998,LNG by vessel,Japan,False,False,1.867521277,NGM_EPG0_EVE_NUS-NJA_MMCF,Liquefied U.S. Natural Gas Exports by Vessel to Japan (Million Cubic Feet),2.809
1999,LNG by vessel,Japan,False,False,1.801146698,NGM_EPG0_EVE_NUS-NJA_MMCF,Liquefied U.S. Natural Gas Exports by Vessel to Japan (Million Cubic Feet),2.973
2000,LNG by vessel,Japan,False,False,1.857865248,NGM_EPG0_EVE_NUS-NJA_MMCF,Liquefied U.S. Natural Gas Exports by Vessel to Japan (Million Cubic Feet),4.16
2001,LNG by vessel,Japan,False,False,1.86191455,NGM_EPG0_EVE_NUS-NJA_MMCF,Liquefied U.S. Natural Gas Exports by Vessel to Japan (Million Cubic Feet),4.237
2002,LNG by vessel,Japan,False,False,1.796389475,NGM_EPG0_EVE_NUS-NJA_MMCF,Liquefied U.S. Natural Gas Exports by Vessel to Japan (Million Cubic Feet),3.929
2003,LNG by vessel,Japan,False,False,1.860357126,NGM_EPG0_EVE_NUS-NJA_MMCF,Liquefied U.S. Natural Gas Exports by Vessel to Japan (Million Cubic Feet),4.315
2004,LNG by vessel,Japan,False,False,1.758444963,NGM_EPG0_EVE_NUS-NJA_MMCF,Liquefied U.S. Natural Gas Exports by Vessel to Japan (Million Cubic Feet),4.768
2005,LNG by vessel,Japan,False,False,1.844103283,NGM_EPG0_EVE_NUS-NJA_MMCF,Liquefied U.S. Natural Gas Exports by Vessel to Japan (Million Cubic Feet),5.569
2006,LNG by vessel,Japan,False,False,1.720670352,NGM_EPG0_EVE_NUS-NJA_MMCF,Liquefied U.S. Natural Gas Exports by Vessel to Japan (Million Cubic Feet),5.792
2007,LNG by vessel,Japan,False,False,1.316759517,NGM_EPG0_EVE_NUS-NJA_MMCF,Liquefied U.S. Natural Gas Exports by Vessel to Japan (Million Cubic Feet),5.763
2008,LNG by vessel,Japan,False,False,1.108999155,NGM_EPG0_EVE_NUS-NJA_MMCF,Liquefied U.S. Natural Gas Exports by Vessel to Japan (Million Cubic Feet),7.423
2009,LNG by vessel,Japan,False,False,0.864681805,NGM_EPG0_EVE_NUS-NJA_MMCF,Liquefied U.S. Natural Gas Exports by Vessel to Japan (Million Cubic Feet),8.292
2010,LNG by vessel,Japan,False,False,0.85233568,NGM_EPG0_EVE_NUS-NJA_MMCF,Liquefied U.S. Natural Gas Exports by Vessel to Japan (Million Cubic Feet),11.766
2011,LNG by vessel,Japan,False,False,0.432425853,NGM_EPG0_EVE_NUS-NJA_MMCF,Liquefied U.S. Natural Gas Exports by Vessel to Japan (Million Cubic Feet),12.597
2012,LNG by vessel,Japan,False,False,0.264535546,NGM_EPG0_EVE_NUS-NJA_MMCF,Liquefied U.S. Natural Gas Exports by Vessel to Japan (Million Cubic Feet),15.164
2014,LNG by vessel,Japan,False,False,0.376896608,NGM_EPG0_EVE_NUS-NJA_MMCF,Liquefied U.S. Natural Gas Exports by Vessel to Japan (Million Cubic Feet),15.193
2015,LNG by vessel,Japan,False,False,0.233953402,NGM_EPG0_EVE_NUS-NJA_MMCF,Liquefied U.S. Natural Gas Exports by Vessel to Japan (Million Cubic Feet),7.239
2016,LNG by vessel,Japan,False,False,0.315364202,NGM_EPG0_EVE_NUS-NJA_MMCF,Liquefied U.S. Natural Gas Exports by Vessel to Japan (Million Cubic Feet),3.629
2017,LNG by vessel,Japan,False,False,1.506963462,NGM_EPG0_EVE_NUS-NJA_MMCF,Liquefied U.S. Natural Gas Exports by Vessel to Japan (Million Cubic Feet),5.917
2018,LNG by vessel,Japan,False,False,3.554721171,NGM_EPG0_EVE_NUS-NJA_MMCF,Liquefied U.S. Natural Gas Exports by Vessel to Japan (Million Cubic Feet),6.622
2019,LNG by vessel,Japan,False,False,5.687825715,NGM_EPG0_EVE_NUS-NJA_MMCF,Liquefied U.S. Natural Gas Exports by Vessel to Japan (Million Cubic Feet),6.322
2020,LNG by vessel,Japan,False,False,8.14595049,NGM_EPG0_EVE_NUS-NJA_MMCF,Liquefied U.S. Natural Gas Exports by Vessel to Japan (Million Cubic Feet),6.158
2021,LNG by vessel,Japan,False,False,10.050991526,NGM_EPG0_EVE_NUS-NJA_MMCF,Liquefied U.S. Natural Gas Exports by Vessel to Japan (Million Cubic Feet),7.529
2022,LNG by vessel,Japan,False,False,5.924440896,NGM_EPG0_EVE_NUS-NJA_MMCF,Liquefied U.S. Natural Gas Exports by Vessel to Japan (Million Cubic Feet),10.357
2023,LNG by vessel,Japan,False,False,8.783588192,NGM_EPG0_EVE_NUS-NJA_MMCF,Liquefied U.S. Natural Gas Exports by Vessel to Japan (Million Cubic Feet),6.728
2024,LNG by vessel,Japan,False,False,9.512859059,NGM_EPG0_EVE_NUS-NJA_MMCF,Liquefied U.S. Natural Gas Exports by Vessel to Japan (Million Cubic Feet),6.11
2025,LNG by vessel,Japan,False,False,6.312466006,NGM_EPG0_EVE_NUS-NJA_MMCF,Liquefied U.S. Natural Gas Exports by Vessel to Japan (Million Cubic Feet),7.201
2016,LNG by vessel,Jordan,False,False,0.279486816,NGM_EPG0_EVE_NUS-NJO_MMCF,Liquefied U.S. Natural Gas Exports by Vessel to Jordan (Million Cubic Feet),4.932
2017,LNG by vessel,Jordan,False,False,1.028494493,NGM_EPG0_EVE_NUS-NJO_MMCF,Liquefied U.S. Natural Gas Exports by Vessel to Jordan (Million Cubic Feet),4.247
2018,LNG by vessel,Jordan,False,False,1.098521939,NGM_EPG0_EVE_NUS-NJO_MMCF,Liquefied U.S. Natural Gas Exports by Vessel to Jordan (Million Cubic Feet),3.958
2019,LNG by vessel,Jordan,False,False,0.915538778,NGM_EPG0_EVE_NUS-NJO_MMCF,Liquefied U.S. Natural Gas Exports by Vessel to Jordan (Million Cubic Feet),3.851
2020,LNG by vessel,Jordan,False,False,0.19459305,NGM_EPG0_EVE_NUS-NJO_MMCF,Liquefied U.S. Natural Gas Exports by Vessel to Jordan (Million Cubic Feet),5.097
2021,LNG by vessel,Jordan,False,False,0.0,NGM_EPG0_EVE_NUS-NJO_MMCF,Liquefied U.S. Natural Gas Exports by Vessel to Jordan (Million Cubic Feet),
2022,LNG by vessel,Jordan,False,False,0.0,NGM_EPG0_EVE_NUS-NJO_MMCF,Liquefied U.S. Natural Gas Exports by Vessel to Jordan (Million Cubic Feet),
2023,LNG by vessel,Jordan,False,False,0.092935738,NGM_EPG0_EVE_NUS-NJO_MMCF,Liquefied U.S. Natural Gas Exports by Vessel to Jordan (Million Cubic Feet),6.091
2024,LNG by vessel,Jordan,False,False,1.205417859,NGM_EPG0_EVE_NUS-NJO_MMCF,Liquefied U.S. Natural Gas Exports by Vessel to Jordan (Million Cubic Feet),5.203
2025,LNG by vessel,Jordan,False,False,0.87224239,NGM_EPG0_EVE_NUS-NJO_MMCF,Liquefied U.S. Natural Gas Exports by Vessel to Jordan (Million Cubic Feet),9.295
2016,LNG by vessel,Kuwait,False,False,0.200143142,NGM_EPG0_EVE_NUS-NKU_MMCF,Liquefied U.S. Natural Gas Exports by Vessel to Kuwait (Million Cubic Feet),4.247
2017,LNG by vessel,Kuwait,False,False,0.572367478,NGM_EPG0_EVE_NUS-NKU_MMCF,Liquefied U.S. Natural Gas Exports by Vessel to Kuwait (Million Cubic Feet),4.228
2018,LNG by vessel,Kuwait,False,False,0.282629981,NGM_EPG0_EVE_NUS-NKU_MMCF,Liquefied U.S. Natural Gas Exports by Vessel to Kuwait (Million Cubic Feet),6.438
2019,LNG by vessel,Kuwait,False,False,0.291889574,NGM_EPG0_EVE_NUS-NKU_MMCF,Liquefied U.S. Natural Gas Exports by Vessel to Kuwait (Million Cubic Feet),4.749
2020,LNG by vessel,Kuwait,False,False,0.489682422,NGM_EPG0_EVE_NUS-NKU_MMCF,Liquefied U.S. Natural Gas Exports by Vessel to Kuwait (Million Cubic Feet),5.415
2021,LNG by vessel,Kuwait,False,False,0.976249997,NGM_EPG0_EVE_NUS-NKU_MMCF,Liquefied U.S. Natural Gas Exports by Vessel to Kuwait (Million Cubic Feet),7.635
2022,LNG by vessel,Kuwait,False,False,1.614567302,NGM_EPG0_EVE_NUS-NKU_MMCF,Liquefied U.S. Natural Gas Exports by Vessel to Kuwait (Million Cubic Feet),12.867
2023,LNG by vessel,Kuwait,False,False,0.996326608,NGM_EPG0_EVE_NUS-NKU_MMCF,Liquefied U.S. Natural Gas Exports by Vessel to Kuwait (Million Cubic Feet),5.647
2024,LNG by vessel,Kuwait,False,False,0.980695734,NGM_EPG0_EVE_NUS-NKU_MMCF,Liquefied U.S. Natural Gas Exports by Vessel to Kuwait (Million Cubic Feet),5.56
2025,LNG by vessel,Kuwait,False,False,0.220644506,NGM_EPG0_EVE_NUS-NKU_MMCF,Liquefied U.S. Natural Gas Exports by Vessel to Kuwait (Million Cubic Feet),5.656
2016,LNG by vessel,Lithuania,True,False,0.0,NGM_EPG0_EVE_NUS-NLH_MMCF,Liquefied U.S. Natural Gas Exports by Vessel to Lithuania (Million Cubic Feet),
2017,LNG by vessel,Lithuania,True,False,0.193800179,NGM_EPG0_EVE_NUS-NLH_MMCF,Liquefied U.S. Natural Gas Exports by Vessel to Lithuania (Million Cubic Feet),3.707
2018,LNG by vessel,Lithuania,True,False,0.0,NGM_EPG0_EVE_NUS-NLH_MMCF,Liquefied U.S. Natural Gas Exports by Vessel to Lithuania (Million Cubic Feet),
2019,LNG by vessel,Lithuania,True,False,0.097834544,NGM_EPG0_EVE_NUS-NLH_MMCF,Liquefied U.S. Natural Gas Exports by Vessel to Lithuania (Million Cubic Feet),
2020,LNG by vessel,Lithuania,True,False,0.817760867,NGM_EPG0_EVE_NUS-NLH_MMCF,Liquefied U.S. Natural Gas Exports by Vessel to Lithuania (Million Cubic Feet),4.99
2021,LNG by vessel,Lithuania,True,False,0.875527139,NGM_EPG0_EVE_NUS-NLH_MMCF,Liquefied U.S. Natural Gas Exports by Vessel to Lithuania (Million Cubic Feet),6.747
2022,LNG by vessel,Lithuania,True,False,2.186396762,NGM_EPG0_EVE_NUS-NLH_MMCF,Liquefied U.S. Natural Gas Exports by Vessel to Lithuania (Million Cubic Feet),10.753
2023,LNG by vessel,Lithuania,True,False,1.566825178,NGM_EPG0_EVE_NUS-NLH_MMCF,Liquefied U.S. Natural Gas Exports by Vessel to Lithuania (Million Cubic Feet),6.322
2024,LNG by vessel,Lithuania,True,False,1.396301408,NGM_EPG0_EVE_NUS-NLH_MMCF,Liquefied U.S. Natural Gas Exports by Vessel to Lithuania (Million Cubic Feet),5.888
2025,LNG by vessel,Lithuania,True,False,2.260162026,NGM_EPG0_EVE_NUS-NLH_MMCF,Liquefied U.S. Natural Gas Exports by Vessel to Lithuania (Million Cubic Feet),7.625
2017,LNG by vessel,Malaysia,False,False,0.0,NGM_EPG0_EVE_NUS-NMY_MMCF,Liquefied U.S. Natural Gas Exports by Vessel to Malaysia (Million Cubic Feet),
2018,LNG by vessel,Malaysia,False,False,0.0,NGM_EPG0_EVE_NUS-NMY_MMCF,Liquefied U.S. Natural Gas Exports by Vessel to Malaysia (Million Cubic Feet),
2019,LNG by vessel,Malaysia,False,False,0.104715526,NGM_EPG0_EVE_NUS-NMY_MMCF,Liquefied U.S. Natural Gas Exports by Vessel to Malaysia (Million Cubic Feet),
2020,LNG by vessel,Malaysia,False,False,0.0,NGM_EPG0_EVE_NUS-NMY_MMCF,Liquefied U.S. Natural Gas Exports by Vessel to Malaysia (Million Cubic Feet),
2021,LNG by vessel,Malaysia,False,False,0.0,NGM_EPG0_EVE_NUS-NMY_MMCF,Liquefied U.S. Natural Gas Exports by Vessel to Malaysia (Million Cubic Feet),
2022,LNG by vessel,Malaysia,False,False,0.0,NGM_EPG0_EVE_NUS-NMY_MMCF,Liquefied U.S. Natural Gas Exports by Vessel to Malaysia (Million Cubic Feet),
2023,LNG by vessel,Malaysia,False,False,0.0,NGM_EPG0_EVE_NUS-NMY_MMCF,Liquefied U.S. Natural Gas Exports by Vessel to Malaysia (Million Cubic Feet),
2024,LNG by vessel,Malaysia,False,False,0.516101997,NGM_EPG0_EVE_NUS-NMY_MMCF,Liquefied U.S. Natural Gas Exports by Vessel to Malaysia (Million Cubic Feet),5.84
2025,LNG by vessel,Malaysia,False,False,0.0,NGM_EPG0_EVE_NUS-NMY_MMCF,Liquefied U.S. Natural Gas Exports by Vessel to Malaysia (Million Cubic Feet),
2016,LNG by vessel,Malta,True,False,0.0,NGM_EPG0_EVE_NUS-NM6_MMCF,Liquefied U.S. Natural Gas Exports by Vessel to Malta (Million Cubic Feet),
2017,LNG by vessel,Malta,True,False,0.024550666,NGM_EPG0_EVE_NUS-NM6_MMCF,Liquefied U.S. Natural Gas Exports by Vessel to Malta (Million Cubic Feet),4.537
2018,LNG by vessel,Malta,True,False,0.082883274,NGM_EPG0_EVE_NUS-NM6_MMCF,Liquefied U.S. Natural Gas Exports by Vessel to Malta (Million Cubic Feet),6.467
2019,LNG by vessel,Malta,True,False,0.011694838,NGM_EPG0_EVE_NUS-NM6_MMCF,Liquefied U.S. Natural Gas Exports by Vessel to Malta (Million Cubic Feet),
2020,LNG by vessel,Malta,True,False,0.074982886,NGM_EPG0_EVE_NUS-NM6_MMCF,Liquefied U.S. Natural Gas Exports by Vessel to Malta (Million Cubic Feet),5.145
2021,LNG by vessel,Malta,True,False,0.153675274,NGM_EPG0_EVE_NUS-NM6_MMCF,Liquefied U.S. Natural Gas Exports by Vessel to Malta (Million Cubic Feet),6.844
2022,LNG by vessel,Malta,True,False,0.149314486,NGM_EPG0_EVE_NUS-NM6_MMCF,Liquefied U.S. Natural Gas Exports by Vessel to Malta (Million Cubic Feet),8.562
2023,LNG by vessel,Malta,True,False,0.073397146,NGM_EPG0_EVE_NUS-NM6_MMCF,Liquefied U.S. Natural Gas Exports by Vessel to Malta (Million Cubic Feet),7.944
2024,LNG by vessel,Malta,True,False,0.131135101,NGM_EPG0_EVE_NUS-NM6_MMCF,Liquefied U.S. Natural Gas Exports by Vessel to Malta (Million Cubic Feet),4.305
2025,LNG by vessel,Malta,True,False,0.186069693,NGM_EPG0_EVE_NUS-NM6_MMCF,Liquefied U.S. Natural Gas Exports by Vessel to Malta (Million Cubic Feet),4.054
2023,LNG by vessel,Mauritania,False,False,0.0,NGM_EPG0_EVE_NUS-NMR_MMCF,Liquefied U.S. Natural Gas Exports by Vessel to Mauritania (Million Cubic Feet),
2024,LNG by vessel,Mauritania,False,False,0.014639786,NGM_EPG0_EVE_NUS-NMR_MMCF,Liquefied U.S. Natural Gas Exports by Vessel to Mauritania (Million Cubic Feet),6.66
2025,LNG by vessel,Mauritania,False,False,0.0,NGM_EPG0_EVE_NUS-NMR_MMCF,Liquefied U.S. Natural Gas Exports by Vessel to Mauritania (Million Cubic Feet),
2016,LNG by vessel,Mexico,False,False,0.777862496,NGM_EPG0_EVE_NUS-NMX_MMCF,Liquefied U.S. Natural Gas Exports by Vessel to Mexico (Million Cubic Feet),4.469
2017,LNG by vessel,Mexico,False,False,3.985391382,NGM_EPG0_EVE_NUS-NMX_MMCF,Liquefied U.S. Natural Gas Exports by Vessel to Mexico (Million Cubic Feet),4.759
2018,LNG by vessel,Mexico,False,False,5.160623533,NGM_EPG0_EVE_NUS-NMX_MMCF,Liquefied U.S. Natural Gas Exports by Vessel to Mexico (Million Cubic Feet),4.537
2019,LNG by vessel,Mexico,False,False,4.059807933,NGM_EPG0_EVE_NUS-NMX_MMCF,Liquefied U.S. Natural Gas Exports by Vessel to Mexico (Million Cubic Feet),4.373
2020,LNG by vessel,Mexico,False,False,0.974324454,NGM_EPG0_EVE_NUS-NMX_MMCF,Liquefied U.S. Natural Gas Exports by Vessel to Mexico (Million Cubic Feet),4.846
2021,LNG by vessel,Mexico,False,False,0.43041536,NGM_EPG0_EVE_NUS-NMX_MMCF,Liquefied U.S. Natural Gas Exports by Vessel to Mexico (Million Cubic Feet),5.869
2022,LNG by vessel,Mexico,False,False,0.108509978,NGM_EPG0_EVE_NUS-NMX_MMCF,Liquefied U.S. Natural Gas Exports by Vessel to Mexico (Million Cubic Feet),12.963
2023,LNG by vessel,Mexico,False,False,0.386835805,NGM_EPG0_EVE_NUS-NMX_MMCF,Liquefied U.S. Natural Gas Exports by Vessel to Mexico (Million Cubic Feet),8.311
2024,LNG by vessel,Mexico,False,False,0.317119843,NGM_EPG0_EVE_NUS-NMX_MMCF,Liquefied U.S. Natural Gas Exports by Vessel to Mexico (Million Cubic Feet),5.598
2025,LNG by vessel,Mexico,False,False,0.307208963,NGM_EPG0_EVE_NUS-NMX_MMCF,Liquefied U.S. Natural Gas Exports by Vessel to Mexico (Million Cubic Feet),6.496
2016,LNG by vessel,Netherlands,True,False,0.0,NGM_EPG0_EVE_NUS-NNL_MMCF,Liquefied U.S. Natural Gas Exports by Vessel to Netherlands (Million Cubic Feet),
2017,LNG by vessel,Netherlands,True,False,0.086139706,NGM_EPG0_EVE_NUS-NNL_MMCF,Liquefied U.S. Natural Gas Exports by Vessel to Netherlands (Million Cubic Feet),6.129
2018,LNG by vessel,Netherlands,True,False,0.345125158,NGM_EPG0_EVE_NUS-NNL_MMCF,Liquefied U.S. Natural Gas Exports by Vessel to Netherlands (Million Cubic Feet),6.38
2019,LNG by vessel,Netherlands,True,False,2.303883165,NGM_EPG0_EVE_NUS-NNL_MMCF,Liquefied U.S. Natural Gas Exports by Vessel to Netherlands (Million Cubic Feet),4.614
2020,LNG by vessel,Netherlands,True,False,2.423153526,NGM_EPG0_EVE_NUS-NNL_MMCF,Liquefied U.S. Natural Gas Exports by Vessel to Netherlands (Million Cubic Feet),5.319
2021,LNG by vessel,Netherlands,True,False,4.936722595,NGM_EPG0_EVE_NUS-NNL_MMCF,Liquefied U.S. Natural Gas Exports by Vessel to Netherlands (Million Cubic Feet),6.988
2022,LNG by vessel,Netherlands,True,False,10.713066627,NGM_EPG0_EVE_NUS-NNL_MMCF,Liquefied U.S. Natural Gas Exports by Vessel to Netherlands (Million Cubic Feet),12.066
2023,LNG by vessel,Netherlands,True,False,16.666050858,NGM_EPG0_EVE_NUS-NNL_MMCF,Liquefied U.S. Natural Gas Exports by Vessel to Netherlands (Million Cubic Feet),7.346
2024,LNG by vessel,Netherlands,True,False,13.132454019,NGM_EPG0_EVE_NUS-NNL_MMCF,Liquefied U.S. Natural Gas Exports by Vessel to Netherlands (Million Cubic Feet),5.936
2025,LNG by vessel,Netherlands,True,False,18.288065478,NGM_EPG0_EVE_NUS-NNL_MMCF,Liquefied U.S. Natural Gas Exports by Vessel to Netherlands (Million Cubic Feet),7.616
2020,LNG by vessel,Nicaragua,False,False,0.0,NGM_EPG0_EVE_NUS-NNU_MMCF,U.S. Liquefied Natural Gas Exports by Vessel to Nicaragua (Million Cubic Feet),
2021,LNG by vessel,Nicaragua,False,False,2.8317e-05,NGM_EPG0_EVE_NUS-NNU_MMCF,U.S. Liquefied Natural Gas Exports by Vessel to Nicaragua (Million Cubic Feet),10.029
2022,LNG by vessel,Nicaragua,False,False,0.0,NGM_EPG0_EVE_NUS-NNU_MMCF,U.S. Liquefied Natural Gas Exports by Vessel to Nicaragua (Million Cubic Feet),
2023,LNG by vessel,Nicaragua,False,False,0.0,NGM_EPG0_EVE_NUS-NNU_MMCF,U.S. Liquefied Natural Gas Exports by Vessel to Nicaragua (Million Cubic Feet),
2024,LNG by vessel,Nicaragua,False,False,0.0,NGM_EPG0_EVE_NUS-NNU_MMCF,U.S. Liquefied Natural Gas Exports by Vessel to Nicaragua (Million Cubic Feet),
2025,LNG by vessel,Nicaragua,False,False,0.0,NGM_EPG0_EVE_NUS-NNU_MMCF,U.S. Liquefied Natural Gas Exports by Vessel to Nicaragua (Million Cubic Feet),
2016,LNG by vessel,Pakistan,False,False,0.0,NGM_EPG0_EVE_NUS-NPK_MMCF,Liquefied U.S. Natural Gas Exports by Vessel to Pakistan (Million Cubic Feet),
2017,LNG by vessel,Pakistan,False,False,0.089650989,NGM_EPG0_EVE_NUS-NPK_MMCF,Liquefied U.S. Natural Gas Exports by Vessel to Pakistan (Million Cubic Feet),3.031
2018,LNG by vessel,Pakistan,False,False,0.366872461,NGM_EPG0_EVE_NUS-NPK_MMCF,Liquefied U.S. Natural Gas Exports by Vessel to Pakistan (Million Cubic Feet),5.405
2019,LNG by vessel,Pakistan,False,False,0.762713008,NGM_EPG0_EVE_NUS-NPK_MMCF,Liquefied U.S. Natural Gas Exports by Vessel to Pakistan (Million Cubic Feet),6.042
2020,LNG by vessel,Pakistan,False,False,1.045852691,NGM_EPG0_EVE_NUS-NPK_MMCF,Liquefied U.S. Natural Gas Exports by Vessel to Pakistan (Million Cubic Feet),4.537
2021,LNG by vessel,Pakistan,False,False,1.297419142,NGM_EPG0_EVE_NUS-NPK_MMCF,Liquefied U.S. Natural Gas Exports by Vessel to Pakistan (Million Cubic Feet),6.979
2022,LNG by vessel,Pakistan,False,False,0.087045843,NGM_EPG0_EVE_NUS-NPK_MMCF,Liquefied U.S. Natural Gas Exports by Vessel to Pakistan (Million Cubic Feet),9.199
2023,LNG by vessel,Pakistan,False,False,0.088943069,NGM_EPG0_EVE_NUS-NPK_MMCF,Liquefied U.S. Natural Gas Exports by Vessel to Pakistan (Million Cubic Feet),11.795
2024,LNG by vessel,Pakistan,False,False,0.0,NGM_EPG0_EVE_NUS-NPK_MMCF,Liquefied U.S. Natural Gas Exports by Vessel to Pakistan (Million Cubic Feet),
2025,LNG by vessel,Pakistan,False,False,0.0,NGM_EPG0_EVE_NUS-NPK_MMCF,Liquefied U.S. Natural Gas Exports by Vessel to Pakistan (Million Cubic Feet),
2017,LNG by vessel,Panama,False,False,0.0,NGM_EPG0_EVE_NUS-NPM_MMCF,Liquefied U.S. Natural Gas Exports by Vessel to Panama (Million Cubic Feet),
2018,LNG by vessel,Panama,False,False,0.192157805,NGM_EPG0_EVE_NUS-NPM_MMCF,Liquefied U.S. Natural Gas Exports by Vessel to Panama (Million Cubic Feet),5.27
2019,LNG by vessel,Panama,False,False,0.289426013,NGM_EPG0_EVE_NUS-NPM_MMCF,Liquefied U.S. Natural Gas Exports by Vessel to Panama (Million Cubic Feet),7.355
2020,LNG by vessel,Panama,False,False,0.361435635,NGM_EPG0_EVE_NUS-NPM_MMCF,Liquefied U.S. Natural Gas Exports by Vessel to Panama (Million Cubic Feet),6.737
2021,LNG by vessel,Panama,False,False,0.238880525,NGM_EPG0_EVE_NUS-NPM_MMCF,Liquefied U.S. Natural Gas Exports by Vessel to Panama (Million Cubic Feet),6.863
2022,LNG by vessel,Panama,False,False,0.389610851,NGM_EPG0_EVE_NUS-NPM_MMCF,Liquefied U.S. Natural Gas Exports by Vessel to Panama (Million Cubic Feet),10.521
2023,LNG by vessel,Panama,False,False,0.554018192,NGM_EPG0_EVE_NUS-NPM_MMCF,Liquefied U.S. Natural Gas Exports by Vessel to Panama (Million Cubic Feet),6.467
2024,LNG by vessel,Panama,False,False,0.555292448,NGM_EPG0_EVE_NUS-NPM_MMCF,Liquefied U.S. Natural Gas Exports by Vessel to Panama (Million Cubic Feet),6.959
2025,LNG by vessel,Panama,False,False,0.669748954,NGM_EPG0_EVE_NUS-NPM_MMCF,Liquefied U.S. Natural Gas Exports by Vessel to Panama (Million Cubic Feet),8.089
2022,LNG by vessel,Philippines,False,False,0.0,NGM_EPG0_EVE_NUS-NRP_MMCF,U.S. Liquefied Natural Gas Exports by Vessel to Philippines (Million Cubic Feet),
2023,LNG by vessel,Philippines,False,False,0.193205526,NGM_EPG0_EVE_NUS-NRP_MMCF,U.S. Liquefied Natural Gas Exports by Vessel to Philippines (Million Cubic Feet),10.512
2024,LNG by vessel,Philippines,False,False,0.103214736,NGM_EPG0_EVE_NUS-NRP_MMCF,U.S. Liquefied Natural Gas Exports by Vessel to Philippines (Million Cubic Feet),5.039
2025,LNG by vessel,Philippines,False,False,0.296590163,NGM_EPG0_EVE_NUS-NRP_MMCF,U.S. Liquefied Natural Gas Exports by Vessel to Philippines (Million Cubic Feet),7.886
2016,LNG by vessel,Poland,True,False,0.0,NGM_EPG0_EVE_NUS-NPL_MMCF,Liquefied U.S. Natural Gas Exports by Vessel to Poland (Million Cubic Feet),
2017,LNG by vessel,Poland,True,False,0.097409792,NGM_EPG0_EVE_NUS-NPL_MMCF,Liquefied U.S. Natural Gas Exports by Vessel to Poland (Million Cubic Feet),4.112
2018,LNG by vessel,Poland,True,False,0.091491581,NGM_EPG0_EVE_NUS-NPL_MMCF,Liquefied U.S. Natural Gas Exports by Vessel to Poland (Million Cubic Feet),6.873
2019,LNG by vessel,Poland,True,False,1.077227706,NGM_EPG0_EVE_NUS-NPL_MMCF,Liquefied U.S. Natural Gas Exports by Vessel to Poland (Million Cubic Feet),5.521
2020,LNG by vessel,Poland,True,False,1.04488992,NGM_EPG0_EVE_NUS-NPL_MMCF,Liquefied U.S. Natural Gas Exports by Vessel to Poland (Million Cubic Feet),4.952
2021,LNG by vessel,Poland,True,False,1.594802176,NGM_EPG0_EVE_NUS-NPL_MMCF,Liquefied U.S. Natural Gas Exports by Vessel to Poland (Million Cubic Feet),7.819
2022,LNG by vessel,Poland,True,False,3.607673587,NGM_EPG0_EVE_NUS-NPL_MMCF,Liquefied U.S. Natural Gas Exports by Vessel to Poland (Million Cubic Feet),19.054
2023,LNG by vessel,Poland,True,False,3.954016368,NGM_EPG0_EVE_NUS-NPL_MMCF,Liquefied U.S. Natural Gas Exports by Vessel to Poland (Million Cubic Feet),6.187
2024,LNG by vessel,Poland,True,False,3.753901542,NGM_EPG0_EVE_NUS-NPL_MMCF,Liquefied U.S. Natural Gas Exports by Vessel to Poland (Million Cubic Feet),6.39
2025,LNG by vessel,Poland,True,False,6.497063226,NGM_EPG0_EVE_NUS-NPL_MMCF,Liquefied U.S. Natural Gas Exports by Vessel to Poland (Million Cubic Feet),7.162
2015,LNG by vessel,Portugal,True,False,0.0,NGM_EPG0_EVE_NUS-NPO_MMCF,Liquefied U.S. Natural Gas Exports by Vessel to Portugal (Million Cubic Feet),
2016,LNG by vessel,Portugal,True,False,0.10477216,NGM_EPG0_EVE_NUS-NPO_MMCF,Liquefied U.S. Natural Gas Exports by Vessel to Portugal (Million Cubic Feet),3.456
2017,LNG by vessel,Portugal,True,False,0.552828886,NGM_EPG0_EVE_NUS-NPO_MMCF,Liquefied U.S. Natural Gas Exports by Vessel to Portugal (Million Cubic Feet),5.454
2018,LNG by vessel,Portugal,True,False,0.354299802,NGM_EPG0_EVE_NUS-NPO_MMCF,Liquefied U.S. Natural Gas Exports by Vessel to Portugal (Million Cubic Feet),5.261
2019,LNG by vessel,Portugal,True,False,1.510474746,NGM_EPG0_EVE_NUS-NPO_MMCF,Liquefied U.S. Natural Gas Exports by Vessel to Portugal (Million Cubic Feet),4.981
2020,LNG by vessel,Portugal,True,False,1.04551289,NGM_EPG0_EVE_NUS-NPO_MMCF,Liquefied U.S. Natural Gas Exports by Vessel to Portugal (Million Cubic Feet),5.058
2021,LNG by vessel,Portugal,True,False,1.865086032,NGM_EPG0_EVE_NUS-NPO_MMCF,Liquefied U.S. Natural Gas Exports by Vessel to Portugal (Million Cubic Feet),8.282
2022,LNG by vessel,Portugal,True,False,1.970367894,NGM_EPG0_EVE_NUS-NPO_MMCF,Liquefied U.S. Natural Gas Exports by Vessel to Portugal (Million Cubic Feet),9.99
2023,LNG by vessel,Portugal,True,False,2.063048781,NGM_EPG0_EVE_NUS-NPO_MMCF,Liquefied U.S. Natural Gas Exports by Vessel to Portugal (Million Cubic Feet),5.666
2024,LNG by vessel,Portugal,True,False,1.917868547,NGM_EPG0_EVE_NUS-NPO_MMCF,Liquefied U.S. Natural Gas Exports by Vessel to Portugal (Million Cubic Feet),5.116
2025,LNG by vessel,Portugal,True,False,1.892156893,NGM_EPG0_EVE_NUS-NPO_MMCF,Liquefied U.S. Natural Gas Exports by Vessel to Portugal (Million Cubic Feet),6.236
2016,LNG by vessel,Russia,False,False,0.0,NGM_EPG0_EVE_NUS-NRS_MMCF,Liquefied U.S. Natural Gas Exports by Vessel to Russia (Million Cubic Feet),
2017,LNG by vessel,Russia,False,False,0.0,NGM_EPG0_EVE_NUS-NRS_MMCF,Liquefied U.S. Natural Gas Exports by Vessel to Russia (Million Cubic Feet),
2018,LNG by vessel,Russia,False,False,0.0,NGM_EPG0_EVE_NUS-NRS_MMCF,Liquefied U.S. Natural Gas Exports by Vessel to Russia (Million Cubic Feet),
2019,LNG by vessel,Russia,False,False,0.0,NGM_EPG0_EVE_NUS-NRS_MMCF,Liquefied U.S. Natural Gas Exports by Vessel to Russia (Million Cubic Feet),
2020,LNG by vessel,Russia,False,False,0.0,NGM_EPG0_EVE_NUS-NRS_MMCF,Liquefied U.S. Natural Gas Exports by Vessel to Russia (Million Cubic Feet),
2021,LNG by vessel,Russia,False,False,0.0,NGM_EPG0_EVE_NUS-NRS_MMCF,Liquefied U.S. Natural Gas Exports by Vessel to Russia (Million Cubic Feet),
2022,LNG by vessel,Russia,False,False,0.0,NGM_EPG0_EVE_NUS-NRS_MMCF,Liquefied U.S. Natural Gas Exports by Vessel to Russia (Million Cubic Feet),
2023,LNG by vessel,Russia,False,False,0.0,NGM_EPG0_EVE_NUS-NRS_MMCF,Liquefied U.S. Natural Gas Exports by Vessel to Russia (Million Cubic Feet),
2024,LNG by vessel,Russia,False,False,0.0,NGM_EPG0_EVE_NUS-NRS_MMCF,Liquefied U.S. Natural Gas Exports by Vessel to Russia (Million Cubic Feet),
2025,LNG by vessel,Russia,False,False,0.0,NGM_EPG0_EVE_NUS-NRS_MMCF,Liquefied U.S. Natural Gas Exports by Vessel to Russia (Million Cubic Feet),
2023,LNG by vessel,Senegal,False,False,0.0,NGM_EPG0_EVE_NUS-NSG_MMCF,Liquefied U.S. Natural Gas Exports by Vessel to Senegal (Million Cubic Feet),
2024,LNG by vessel,Senegal,False,False,0.014639786,NGM_EPG0_EVE_NUS-NSG_MMCF,Liquefied U.S. Natural Gas Exports by Vessel to Senegal (Million Cubic Feet),6.66
2025,LNG by vessel,Senegal,False,False,0.305283421,NGM_EPG0_EVE_NUS-NSG_MMCF,Liquefied U.S. Natural Gas Exports by Vessel to Senegal (Million Cubic Feet),7.172
2017,LNG by vessel,Singapore,False,False,0.0,NGM_EPG0_EVE_NUS-NSN_MMCF,Liquefied U.S. Natural Gas Exports by Vessels to Singapore (Million Cubic Feet),
2018,LNG by vessel,Singapore,False,False,0.104177507,NGM_EPG0_EVE_NUS-NSN_MMCF,Liquefied U.S. Natural Gas Exports by Vessels to Singapore (Million Cubic Feet),5.434
2019,LNG by vessel,Singapore,False,False,0.890280192,NGM_EPG0_EVE_NUS-NSN_MMCF,Liquefied U.S. Natural Gas Exports by Vessels to Singapore (Million Cubic Feet),5.068
2020,LNG by vessel,Singapore,False,False,0.802526429,NGM_EPG0_EVE_NUS-NSN_MMCF,Liquefied U.S. Natural Gas Exports by Vessels to Singapore (Million Cubic Feet),5.116
2021,LNG by vessel,Singapore,False,False,0.592330822,NGM_EPG0_EVE_NUS-NSN_MMCF,Liquefied U.S. Natural Gas Exports by Vessels to Singapore (Million Cubic Feet),6.264
2022,LNG by vessel,Singapore,False,False,0.650720064,NGM_EPG0_EVE_NUS-NSN_MMCF,Liquefied U.S. Natural Gas Exports by Vessels to Singapore (Million Cubic Feet),14.431
2023,LNG by vessel,Singapore,False,False,0.660347776,NGM_EPG0_EVE_NUS-NSN_MMCF,Liquefied U.S. Natural Gas Exports by Vessels to Singapore (Million Cubic Feet),6.448
2024,LNG by vessel,Singapore,False,False,1.632321936,NGM_EPG0_EVE_NUS-NSN_MMCF,Liquefied U.S. Natural Gas Exports by Vessels to Singapore (Million Cubic Feet),5.647
2025,LNG by vessel,Singapore,False,False,0.220729456,NGM_EPG0_EVE_NUS-NSN_MMCF,Liquefied U.S. Natural Gas Exports by Vessels to Singapore (Million Cubic Feet),6.873
2016,LNG by vessel,South Korea,False,False,0.287868589,NGM_EPG0_EVE_NUS-NKS_MMCF,Liquefied U.S. Natural Gas Exports by Vessels to South Korea (Million Cubic Feet),5.55
2017,LNG by vessel,South Korea,False,False,3.686422608,NGM_EPG0_EVE_NUS-NKS_MMCF,Liquefied U.S. Natural Gas Exports by Vessels to South Korea (Million Cubic Feet),4.035
2018,LNG by vessel,South Korea,False,False,7.142148246,NGM_EPG0_EVE_NUS-NKS_MMCF,Liquefied U.S. Natural Gas Exports by Vessels to South Korea (Million Cubic Feet),4.402
2019,LNG by vessel,South Korea,False,False,7.64624392,NGM_EPG0_EVE_NUS-NKS_MMCF,Liquefied U.S. Natural Gas Exports by Vessels to South Korea (Million Cubic Feet),4.595
2020,LNG by vessel,South Korea,False,False,8.954536714,NGM_EPG0_EVE_NUS-NKS_MMCF,Liquefied U.S. Natural Gas Exports by Vessels to South Korea (Million Cubic Feet),5.463
2021,LNG by vessel,South Korea,False,False,12.841187414,NGM_EPG0_EVE_NUS-NKS_MMCF,Liquefied U.S. Natural Gas Exports by Vessels to South Korea (Million Cubic Feet),7.201
2022,LNG by vessel,South Korea,False,False,8.289233498,NGM_EPG0_EVE_NUS-NKS_MMCF,Liquefied U.S. Natural Gas Exports by Vessels to South Korea (Million Cubic Feet),12.017
2023,LNG by vessel,South Korea,False,False,7.809178787,NGM_EPG0_EVE_NUS-NKS_MMCF,Liquefied U.S. Natural Gas Exports by Vessels to South Korea (Million Cubic Feet),6.959
2024,LNG by vessel,South Korea,False,False,8.190124698,NGM_EPG0_EVE_NUS-NKS_MMCF,Liquefied U.S. Natural Gas Exports by Vessels to South Korea (Million Cubic Feet),5.792
2025,LNG by vessel,South Korea,False,False,7.092254045,NGM_EPG0_EVE_NUS-NKS_MMCF,Liquefied U.S. Natural Gas Exports by Vessels to South Korea (Million Cubic Feet),7.249
2016,LNG by vessel,Spain,True,False,0.082968224,NGM_EPG0_EVE_NUS-NSP_MMCF,U.S. Liquefied Natural Gas Exports by Vessel to Spain (Million Cubic Feet),4.749
2017,LNG by vessel,Spain,True,False,0.830503427,NGM_EPG0_EVE_NUS-NSP_MMCF,U.S. Liquefied Natural Gas Exports by Vessel to Spain (Million Cubic Feet),4.768
2018,LNG by vessel,Spain,True,False,0.291946208,NGM_EPG0_EVE_NUS-NSP_MMCF,U.S. Liquefied Natural Gas Exports by Vessel to Spain (Million Cubic Feet),4.431
2019,LNG by vessel,Spain,True,False,4.719957491,NGM_EPG0_EVE_NUS-NSP_MMCF,U.S. Liquefied Natural Gas Exports by Vessel to Spain (Million Cubic Feet),5.203
2020,LNG by vessel,Spain,True,False,5.662397229,NGM_EPG0_EVE_NUS-NSP_MMCF,U.S. Liquefied Natural Gas Exports by Vessel to Spain (Million Cubic Feet),5.405
2021,LNG by vessel,Spain,True,False,6.089867642,NGM_EPG0_EVE_NUS-NSP_MMCF,U.S. Liquefied Natural Gas Exports by Vessel to Spain (Million Cubic Feet),7.983
2022,LNG by vessel,Spain,True,False,12.081560938,NGM_EPG0_EVE_NUS-NSP_MMCF,U.S. Liquefied Natural Gas Exports by Vessel to Spain (Million Cubic Feet),11.062
2023,LNG by vessel,Spain,True,False,7.631490867,NGM_EPG0_EVE_NUS-NSP_MMCF,U.S. Liquefied Natural Gas Exports by Vessel to Spain (Million Cubic Feet),7.288
2024,LNG by vessel,Spain,True,False,5.965755107,NGM_EPG0_EVE_NUS-NSP_MMCF,U.S. Liquefied Natural Gas Exports by Vessel to Spain (Million Cubic Feet),6.014
2025,LNG by vessel,Spain,True,False,10.565479466,NGM_EPG0_EVE_NUS-NSP_MMCF,U.S. Liquefied Natural Gas Exports by Vessel to Spain (Million Cubic Feet),7.471
2015,LNG by vessel,Taiwan,False,False,0.233811818,NGM_EPG0_EVE_NUS-NTW_MMCF,Liquefied U.S. Natural Gas Exports by Vessel to Taiwan (Million Cubic Feet),7.23
2016,LNG by vessel,Taiwan,False,False,0.0,NGM_EPG0_EVE_NUS-NTW_MMCF,Liquefied U.S. Natural Gas Exports by Vessel to Taiwan (Million Cubic Feet),
2017,LNG by vessel,Taiwan,False,False,0.254964467,NGM_EPG0_EVE_NUS-NTW_MMCF,Liquefied U.S. Natural Gas Exports by Vessel to Taiwan (Million Cubic Feet),4.604
2018,LNG by vessel,Taiwan,False,False,0.473768381,NGM_EPG0_EVE_NUS-NTW_MMCF,Liquefied U.S. Natural Gas Exports by Vessel to Taiwan (Million Cubic Feet),6.284
2019,LNG by vessel,Taiwan,False,False,0.77579537,NGM_EPG0_EVE_NUS-NTW_MMCF,Liquefied U.S. Natural Gas Exports by Vessel to Taiwan (Million Cubic Feet),4.99
2020,LNG by vessel,Taiwan,False,False,1.822554198,NGM_EPG0_EVE_NUS-NTW_MMCF,Liquefied U.S. Natural Gas Exports by Vessel to Taiwan (Million Cubic Feet),5.154
2021,LNG by vessel,Taiwan,False,False,2.81327408,NGM_EPG0_EVE_NUS-NTW_MMCF,Liquefied U.S. Natural Gas Exports by Vessel to Taiwan (Million Cubic Feet),7.403
2022,LNG by vessel,Taiwan,False,False,3.022478598,NGM_EPG0_EVE_NUS-NTW_MMCF,Liquefied U.S. Natural Gas Exports by Vessel to Taiwan (Million Cubic Feet),10.521
2023,LNG by vessel,Taiwan,False,False,2.94707096,NGM_EPG0_EVE_NUS-NTW_MMCF,Liquefied U.S. Natural Gas Exports by Vessel to Taiwan (Million Cubic Feet),6.236
2024,LNG by vessel,Taiwan,False,False,3.345969722,NGM_EPG0_EVE_NUS-NTW_MMCF,Liquefied U.S. Natural Gas Exports by Vessel to Taiwan (Million Cubic Feet),5.656
2025,LNG by vessel,Taiwan,False,False,3.618575555,NGM_EPG0_EVE_NUS-NTW_MMCF,Liquefied U.S. Natural Gas Exports by Vessel to Taiwan (Million Cubic Feet),7.046
2016,LNG by vessel,Thailand,False,False,0.0,NGM_EPG0_EVE_NUS-NTH_MMCF,U.S. Liquefied Natural Gas Exports by Vessel to Thailand (Million Cubic Feet),
2017,LNG by vessel,Thailand,False,False,0.088150198,NGM_EPG0_EVE_NUS-NTH_MMCF,U.S. Liquefied Natural Gas Exports by Vessel to Thailand (Million Cubic Feet),3.031
2018,LNG by vessel,Thailand,False,False,0.0,NGM_EPG0_EVE_NUS-NTH_MMCF,U.S. Liquefied Natural Gas Exports by Vessel to Thailand (Million Cubic Feet),
2019,LNG by vessel,Thailand,False,False,0.187881968,NGM_EPG0_EVE_NUS-NTH_MMCF,U.S. Liquefied Natural Gas Exports by Vessel to Thailand (Million Cubic Feet),
2020,LNG by vessel,Thailand,False,False,0.92375065,NGM_EPG0_EVE_NUS-NTH_MMCF,U.S. Liquefied Natural Gas Exports by Vessel to Thailand (Million Cubic Feet),4.643
2021,LNG by vessel,Thailand,False,False,0.411952806,NGM_EPG0_EVE_NUS-NTH_MMCF,U.S. Liquefied Natural Gas Exports by Vessel to Thailand (Million Cubic Feet),5.492
2022,LNG by vessel,Thailand,False,False,0.735896998,NGM_EPG0_EVE_NUS-NTH_MMCF,U.S. Liquefied Natural Gas Exports by Vessel to Thailand (Million Cubic Feet),15.386
2023,LNG by vessel,Thailand,False,False,1.684198314,NGM_EPG0_EVE_NUS-NTH_MMCF,U.S. Liquefied Natural Gas Exports by Vessel to Thailand (Million Cubic Feet),6.197
2024,LNG by vessel,Thailand,False,False,3.061867267,NGM_EPG0_EVE_NUS-NTH_MMCF,U.S. Liquefied Natural Gas Exports by Vessel to Thailand (Million Cubic Feet),5.849
2025,LNG by vessel,Thailand,False,False,1.888985411,NGM_EPG0_EVE_NUS-NTH_MMCF,U.S. Liquefied Natural Gas Exports by Vessel to Thailand (Million Cubic Feet),6.95
2016,LNG by vessel,Turkiye,False,False,0.248111802,NGM_EPG0_EVE_NUS-NTU_MMCF,Liquefied U.S. Natural Gas Exports by Vessel to Turkiye (MMcf),3.407
2017,LNG by vessel,Turkiye,False,False,0.703814064,NGM_EPG0_EVE_NUS-NTU_MMCF,Liquefied U.S. Natural Gas Exports by Vessel to Turkiye (MMcf),4.672
2018,LNG by vessel,Turkiye,False,False,0.657091344,NGM_EPG0_EVE_NUS-NTU_MMCF,Liquefied U.S. Natural Gas Exports by Vessel to Turkiye (MMcf),5.193
2019,LNG by vessel,Turkiye,False,False,0.866805565,NGM_EPG0_EVE_NUS-NTU_MMCF,Liquefied U.S. Natural Gas Exports by Vessel to Turkiye (MMcf),4.952
2020,LNG by vessel,Turkiye,False,False,3.510065578,NGM_EPG0_EVE_NUS-NTU_MMCF,Liquefied U.S. Natural Gas Exports by Vessel to Turkiye (MMcf),5.29
2021,LNG by vessel,Turkiye,False,False,5.347599363,NGM_EPG0_EVE_NUS-NTU_MMCF,Liquefied U.S. Natural Gas Exports by Vessel to Turkiye (MMcf),8.668
2022,LNG by vessel,Turkiye,False,False,5.438722826,NGM_EPG0_EVE_NUS-NTU_MMCF,Liquefied U.S. Natural Gas Exports by Vessel to Turkiye (MMcf),10.705
2023,LNG by vessel,Turkiye,False,False,4.42883247,NGM_EPG0_EVE_NUS-NTU_MMCF,Liquefied U.S. Natural Gas Exports by Vessel to Turkiye (MMcf),7.442
2024,LNG by vessel,Turkiye,False,False,6.095700902,NGM_EPG0_EVE_NUS-NTU_MMCF,Liquefied U.S. Natural Gas Exports by Vessel to Turkiye (MMcf),6.882
2025,LNG by vessel,Turkiye,False,False,10.276761373,NGM_EPG0_EVE_NUS-NTU_MMCF,Liquefied U.S. Natural Gas Exports by Vessel to Turkiye (MMcf),8.041
2015,LNG by vessel,United Arab Emirates,False,False,0.0,NGM_EPG0_EVE_NUS-NTC_MMCF,Liquefied U.S. Natural Gas Exports by Vessel to United Arab Emirates (Million Cubic Feet),
2016,LNG by vessel,United Arab Emirates,False,False,0.096022269,NGM_EPG0_EVE_NUS-NTC_MMCF,Liquefied U.S. Natural Gas Exports by Vessel to United Arab Emirates (Million Cubic Feet),4.035
2017,LNG by vessel,United Arab Emirates,False,False,0.379671654,NGM_EPG0_EVE_NUS-NTC_MMCF,Liquefied U.S. Natural Gas Exports by Vessel to United Arab Emirates (Million Cubic Feet),3.736
2018,LNG by vessel,United Arab Emirates,False,False,0.103016518,NGM_EPG0_EVE_NUS-NTC_MMCF,Liquefied U.S. Natural Gas Exports by Vessel to United Arab Emirates (Million Cubic Feet),3.34
2019,LNG by vessel,United Arab Emirates,False,False,0.582221725,NGM_EPG0_EVE_NUS-NTC_MMCF,Liquefied U.S. Natural Gas Exports by Vessel to United Arab Emirates (Million Cubic Feet),3.851
2020,LNG by vessel,United Arab Emirates,False,False,0.286282848,NGM_EPG0_EVE_NUS-NTC_MMCF,Liquefied U.S. Natural Gas Exports by Vessel to United Arab Emirates (Million Cubic Feet),5.705
2021,LNG by vessel,United Arab Emirates,False,False,0.0,NGM_EPG0_EVE_NUS-NTC_MMCF,Liquefied U.S. Natural Gas Exports by Vessel to United Arab Emirates (Million Cubic Feet),
2022,LNG by vessel,United Arab Emirates,False,False,0.0,NGM_EPG0_EVE_NUS-NTC_MMCF,Liquefied U.S. Natural Gas Exports by Vessel to United Arab Emirates (Million Cubic Feet),
2023,LNG by vessel,United Arab Emirates,False,False,0.0,NGM_EPG0_EVE_NUS-NTC_MMCF,Liquefied U.S. Natural Gas Exports by Vessel to United Arab Emirates (Million Cubic Feet),
2024,LNG by vessel,United Arab Emirates,False,False,0.086762675,NGM_EPG0_EVE_NUS-NTC_MMCF,Liquefied U.S. Natural Gas Exports by Vessel to United Arab Emirates (Million Cubic Feet),4.952
2025,LNG by vessel,United Arab Emirates,False,False,0.265979702,NGM_EPG0_EVE_NUS-NTC_MMCF,Liquefied U.S. Natural Gas Exports by Vessel to United Arab Emirates (Million Cubic Feet),6.535
2016,LNG by vessel,United Kingdom,False,False,0.0,NGM_EPG0_EVE_NUS-NUK_MMCF,Liquefied U.S. Natural Gas Exports by Vessel to United Kingdom (MMcf),
2017,LNG by vessel,United Kingdom,False,False,0.096560288,NGM_EPG0_EVE_NUS-NUK_MMCF,Liquefied U.S. Natural Gas Exports by Vessel to United Kingdom (MMcf),3.736
2018,LNG by vessel,United Kingdom,False,False,1.45256689,NGM_EPG0_EVE_NUS-NUK_MMCF,Liquefied U.S. Natural Gas Exports by Vessel to United Kingdom (MMcf),5.569
2019,LNG by vessel,United Kingdom,False,False,3.351491498,NGM_EPG0_EVE_NUS-NUK_MMCF,Liquefied U.S. Natural Gas Exports by Vessel to United Kingdom (MMcf),5.135
2020,LNG by vessel,United Kingdom,False,False,4.536323043,NGM_EPG0_EVE_NUS-NUK_MMCF,Liquefied U.S. Natural Gas Exports by Vessel to United Kingdom (MMcf),5.579
2021,LNG by vessel,United Kingdom,False,False,5.523078573,NGM_EPG0_EVE_NUS-NUK_MMCF,Liquefied U.S. Natural Gas Exports by Vessel to United Kingdom (MMcf),7.519
2022,LNG by vessel,United Kingdom,False,False,13.152077562,NGM_EPG0_EVE_NUS-NUK_MMCF,Liquefied U.S. Natural Gas Exports by Vessel to United Kingdom (MMcf),11.641
2023,LNG by vessel,United Kingdom,False,False,12.747685341,NGM_EPG0_EVE_NUS-NUK_MMCF,Liquefied U.S. Natural Gas Exports by Vessel to United Kingdom (MMcf),7.394
2024,LNG by vessel,United Kingdom,False,False,7.05504577,NGM_EPG0_EVE_NUS-NUK_MMCF,Liquefied U.S. Natural Gas Exports by Vessel to United Kingdom (MMcf),7.046
2025,LNG by vessel,United Kingdom,False,False,10.539909395,NGM_EPG0_EVE_NUS-NUK_MMCF,Liquefied U.S. Natural Gas Exports by Vessel to United Kingdom (MMcf),8.041
2012,LNG by vessel and truck,All destinations,False,True,0.0,NGM_EPG0_EVT_NUS-Z00_MMCF,Liquefied U.S. Natural Gas Exports by Vessel and Truck (MMcf),
2014,LNG by vessel and truck,All destinations,False,True,0.384825312,NGM_EPG0_EVT_NUS-Z00_MMCF,Liquefied U.S. Natural Gas Exports by Vessel and Truck (MMcf),15.145
2015,LNG by vessel and truck,All destinations,False,True,0.474476301,NGM_EPG0_EVT_NUS-Z00_MMCF,Liquefied U.S. Natural Gas Exports by Vessel and Truck (MMcf),7.278
2016,LNG by vessel and truck,All destinations,False,True,5.2173704,NGM_EPG0_EVT_NUS-Z00_MMCF,Liquefied U.S. Natural Gas Exports by Vessel and Truck (MMcf),4.556
2017,LNG by vessel and truck,All destinations,False,True,20.023375616,NGM_EPG0_EVT_NUS-Z00_MMCF,Liquefied U.S. Natural Gas Exports by Vessel and Truck (MMcf),4.527
2018,LNG by vessel and truck,All destinations,False,True,30.670435782,NGM_EPG0_EVT_NUS-Z00_MMCF,Liquefied U.S. Natural Gas Exports by Vessel and Truck (MMcf),5.019
2019,LNG by vessel and truck,All destinations,False,True,51.519557603,NGM_EPG0_EVT_NUS-Z00_MMCF,Liquefied U.S. Natural Gas Exports by Vessel and Truck (MMcf),5.019
2020,LNG by vessel and truck,All destinations,False,True,67.590615859,NGM_EPG0_EVT_NUS-Z00_MMCF,Liquefied U.S. Natural Gas Exports by Vessel and Truck (MMcf),5.444
2021,LNG by vessel and truck,All destinations,False,True,100.830971142,NGM_EPG0_EVT_NUS-Z00_MMCF,Liquefied U.S. Natural Gas Exports by Vessel and Truck (MMcf),7.355
2022,LNG by vessel and truck,All destinations,False,True,109.462639702,NGM_EPG0_EVT_NUS-Z00_MMCF,Liquefied U.S. Natural Gas Exports by Vessel and Truck (MMcf),11.815
2023,LNG by vessel and truck,All destinations,False,True,122.980626954,NGM_EPG0_EVT_NUS-Z00_MMCF,Liquefied U.S. Natural Gas Exports by Vessel and Truck (MMcf),7.307
2024,LNG by vessel and truck,All destinations,False,True,123.647091158,NGM_EPG0_EVT_NUS-Z00_MMCF,Liquefied U.S. Natural Gas Exports by Vessel and Truck (MMcf),6.187
2025,LNG by vessel and truck,All destinations,False,True,155.996798131,NGM_EPG0_EVT_NUS-Z00_MMCF,Liquefied U.S. Natural Gas Exports by Vessel and Truck (MMcf),7.645
2012,LNG re-export,All destinations,False,True,0.0,NGM_EPG0_ERE_NUS-Z00_MMCF,Liquefied U.S. Natural Gas Re-Exports (MMcf),
2013,LNG re-export,All destinations,False,True,0.07716328,NGM_EPG0_ERE_NUS-Z00_MMCF,Liquefied U.S. Natural Gas Re-Exports (MMcf),12.983
2014,LNG re-export,All destinations,False,True,0.075435955,NGM_EPG0_ERE_NUS-Z00_MMCF,Liquefied U.S. Natural Gas Re-Exports (MMcf),14.971
2015,LNG re-export,All destinations,False,True,0.3291828,NGM_EPG0_ERE_NUS-Z00_MMCF,Liquefied U.S. Natural Gas Re-Exports (MMcf),15.241
2016,LNG re-export,All destinations,False,True,0.073368829,NGM_EPG0_ERE_NUS-Z00_MMCF,Liquefied U.S. Natural Gas Re-Exports (MMcf),3.784
2017,LNG re-export,All destinations,False,True,0.01194969,NGM_EPG0_ERE_NUS-Z00_MMCF,Liquefied U.S. Natural Gas Re-Exports (MMcf),4.826
2018,LNG re-export,All destinations,False,True,0.0,NGM_EPG0_ERE_NUS-Z00_MMCF,Liquefied U.S. Natural Gas Re-Exports (MMcf),
2019,LNG re-export,All destinations,False,True,0.014894637,NGM_EPG0_ERE_NUS-Z00_MMCF,Liquefied U.S. Natural Gas Re-Exports (MMcf),
2020,LNG re-export,All destinations,False,True,0.085488419,NGM_EPG0_ERE_NUS-Z00_MMCF,Liquefied U.S. Natural Gas Re-Exports (MMcf),3.764
2021,LNG re-export,All destinations,False,True,0.0,NGM_EPG0_ERE_NUS-Z00_MMCF,Liquefied U.S. Natural Gas Re-Exports (MMcf),
2022,LNG re-export,All destinations,False,True,0.0,NGM_EPG0_ERE_NUS-Z00_MMCF,Liquefied U.S. Natural Gas Re-Exports (MMcf),
2023,LNG re-export,All destinations,False,True,0.0,NGM_EPG0_ERE_NUS-Z00_MMCF,Liquefied U.S. Natural Gas Re-Exports (MMcf),
2024,LNG re-export,All destinations,False,True,0.017188298,NGM_EPG0_ERE_NUS-Z00_MMCF,Liquefied U.S. Natural Gas Re-Exports (MMcf),6.593
2025,LNG re-export,All destinations,False,True,0.0,NGM_EPG0_ERE_NUS-Z00_MMCF,Liquefied U.S. Natural Gas Re-Exports (MMcf),
2016,LNG re-export,Argentina,False,False,0.017329882,NGM_EPG0_ERE_NUS-NAT_MMCF,Liquefied U.S. Natural Gas Re-Exports to Argentina (Million Cubic Feet),4.353
2017,LNG re-export,Argentina,False,False,0.0,NGM_EPG0_ERE_NUS-NAT_MMCF,Liquefied U.S. Natural Gas Re-Exports to Argentina (Million Cubic Feet),
2018,LNG re-export,Argentina,False,False,0.0,NGM_EPG0_ERE_NUS-NAT_MMCF,Liquefied U.S. Natural Gas Re-Exports to Argentina (Million Cubic Feet),
2019,LNG re-export,Argentina,False,False,0.0,NGM_EPG0_ERE_NUS-NAT_MMCF,Liquefied U.S. Natural Gas Re-Exports to Argentina (Million Cubic Feet),
2020,LNG re-export,Argentina,False,False,0.061277555,NGM_EPG0_ERE_NUS-NAT_MMCF,Liquefied U.S. Natural Gas Re-Exports to Argentina (Million Cubic Feet),1.795
2021,LNG re-export,Argentina,False,False,0.0,NGM_EPG0_ERE_NUS-NAT_MMCF,Liquefied U.S. Natural Gas Re-Exports to Argentina (Million Cubic Feet),
2022,LNG re-export,Argentina,False,False,0.0,NGM_EPG0_ERE_NUS-NAT_MMCF,Liquefied U.S. Natural Gas Re-Exports to Argentina (Million Cubic Feet),
2023,LNG re-export,Argentina,False,False,0.0,NGM_EPG0_ERE_NUS-NAT_MMCF,Liquefied U.S. Natural Gas Re-Exports to Argentina (Million Cubic Feet),
2024,LNG re-export,Argentina,False,False,0.0,NGM_EPG0_ERE_NUS-NAT_MMCF,Liquefied U.S. Natural Gas Re-Exports to Argentina (Million Cubic Feet),
2025,LNG re-export,Argentina,False,False,0.0,NGM_EPG0_ERE_NUS-NAT_MMCF,Liquefied U.S. Natural Gas Re-Exports to Argentina (Million Cubic Feet),
2007,LNG re-export,Brazil,False,False,0.0,NGM_EPG0_ERE_NUS-NBR_MMCF,Liquefied U.S. Natural Gas Re-Exports to Brazil (Million Cubic Feet),
2008,LNG re-export,Brazil,False,False,0.0,NGM_EPG0_ERE_NUS-NBR_MMCF,Liquefied U.S. Natural Gas Re-Exports to Brazil (Million Cubic Feet),
2009,LNG re-export,Brazil,False,False,0.0,NGM_EPG0_ERE_NUS-NBR_MMCF,Liquefied U.S. Natural Gas Re-Exports to Brazil (Million Cubic Feet),
2010,LNG re-export,Brazil,False,False,0.092850787,NGM_EPG0_ERE_NUS-NBR_MMCF,Liquefied U.S. Natural Gas Re-Exports to Brazil (Million Cubic Feet),7.239
2011,LNG re-export,Brazil,False,False,0.312872323,NGM_EPG0_ERE_NUS-NBR_MMCF,Liquefied U.S. Natural Gas Re-Exports to Brazil (Million Cubic Feet),11.004
2012,LNG re-export,Brazil,False,False,0.230555386,NGM_EPG0_ERE_NUS-NBR_MMCF,Liquefied U.S. Natural Gas Re-Exports to Brazil (Million Cubic Feet),10.801
2013,LNG re-export,Brazil,False,False,0.0,NGM_EPG0_ERE_NUS-NBR_MMCF,Liquefied U.S. Natural Gas Re-Exports to Brazil (Million Cubic Feet),
2014,LNG re-export,Brazil,False,False,0.075435955,NGM_EPG0_ERE_NUS-NBR_MMCF,Liquefied U.S. Natural Gas Re-Exports to Brazil (Million Cubic Feet),14.971
2015,LNG re-export,Brazil,False,False,0.156676854,NGM_EPG0_ERE_NUS-NBR_MMCF,Liquefied U.S. Natural Gas Re-Exports to Brazil (Million Cubic Feet),14.662
2016,LNG re-export,Brazil,False,False,0.040577974,NGM_EPG0_ERE_NUS-NBR_MMCF,Liquefied U.S. Natural Gas Re-Exports to Brazil (Million Cubic Feet),3.514
2017,LNG re-export,Brazil,False,False,0.0,NGM_EPG0_ERE_NUS-NBR_MMCF,Liquefied U.S. Natural Gas Re-Exports to Brazil (Million Cubic Feet),
2018,LNG re-export,Brazil,False,False,0.0,NGM_EPG0_ERE_NUS-NBR_MMCF,Liquefied U.S. Natural Gas Re-Exports to Brazil (Million Cubic Feet),
2019,LNG re-export,Brazil,False,False,0.0,NGM_EPG0_ERE_NUS-NBR_MMCF,Liquefied U.S. Natural Gas Re-Exports to Brazil (Million Cubic Feet),
2020,LNG re-export,Brazil,False,False,0.002321978,NGM_EPG0_ERE_NUS-NBR_MMCF,Liquefied U.S. Natural Gas Re-Exports to Brazil (Million Cubic Feet),8.755
2021,LNG re-export,Brazil,False,False,0.0,NGM_EPG0_ERE_NUS-NBR_MMCF,Liquefied U.S. Natural Gas Re-Exports to Brazil (Million Cubic Feet),
2022,LNG re-export,Brazil,False,False,0.0,NGM_EPG0_ERE_NUS-NBR_MMCF,Liquefied U.S. Natural Gas Re-Exports to Brazil (Million Cubic Feet),
2023,LNG re-export,Brazil,False,False,0.0,NGM_EPG0_ERE_NUS-NBR_MMCF,Liquefied U.S. Natural Gas Re-Exports to Brazil (Million Cubic Feet),
2024,LNG re-export,Brazil,False,False,0.0,NGM_EPG0_ERE_NUS-NBR_MMCF,Liquefied U.S. Natural Gas Re-Exports to Brazil (Million Cubic Feet),
2025,LNG re-export,Brazil,False,False,0.0,NGM_EPG0_ERE_NUS-NBR_MMCF,Liquefied U.S. Natural Gas Re-Exports to Brazil (Million Cubic Feet),
2007,LNG re-export,Chile,False,False,0.0,NGM_EPG0_ERE_NUS-NCI_MMCF,Liquefied U.S. Natural Gas Re-Exports to Chile (Million Cubic Feet),
2008,LNG re-export,Chile,False,False,0.0,NGM_EPG0_ERE_NUS-NCI_MMCF,Liquefied U.S. Natural Gas Re-Exports to Chile (Million Cubic Feet),
2009,LNG re-export,Chile,False,False,0.0,NGM_EPG0_ERE_NUS-NCI_MMCF,Liquefied U.S. Natural Gas Re-Exports to Chile (Million Cubic Feet),
2010,LNG re-export,Chile,False,False,0.0,NGM_EPG0_ERE_NUS-NCI_MMCF,Liquefied U.S. Natural Gas Re-Exports to Chile (Million Cubic Feet),
2011,LNG re-export,Chile,False,False,0.082401888,NGM_EPG0_ERE_NUS-NCI_MMCF,Liquefied U.S. Natural Gas Re-Exports to Chile (Million Cubic Feet),13.427
2012,LNG re-export,Chile,False,False,0.0,NGM_EPG0_ERE_NUS-NCI_MMCF,Liquefied U.S. Natural Gas Re-Exports to Chile (Million Cubic Feet),
2013,LNG re-export,Chile,False,False,0.0,NGM_EPG0_ERE_NUS-NCI_MMCF,Liquefied U.S. Natural Gas Re-Exports to Chile (Million Cubic Feet),
2014,LNG re-export,Chile,False,False,0.0,NGM_EPG0_ERE_NUS-NCI_MMCF,Liquefied U.S. Natural Gas Re-Exports to Chile (Million Cubic Feet),
2015,LNG re-export,Chile,False,False,0.0,NGM_EPG0_ERE_NUS-NCI_MMCF,Liquefied U.S. Natural Gas Re-Exports to Chile (Million Cubic Feet),
2016,LNG re-export,Chile,False,False,0.0,NGM_EPG0_ERE_NUS-NCI_MMCF,Liquefied U.S. Natural Gas Re-Exports to Chile (Million Cubic Feet),
2007,LNG re-export,China,False,False,0.0,NGM_EPG0_ERE_NUS-NCH_MMCF,U.S. Liquefied Natural Gas Re-Exports to China (Million Cubic Feet),
2008,LNG re-export,China,False,False,0.0,NGM_EPG0_ERE_NUS-NCH_MMCF,U.S. Liquefied Natural Gas Re-Exports to China (Million Cubic Feet),
2009,LNG re-export,China,False,False,0.0,NGM_EPG0_ERE_NUS-NCH_MMCF,U.S. Liquefied Natural Gas Re-Exports to China (Million Cubic Feet),
2010,LNG re-export,China,False,False,0.0,NGM_EPG0_ERE_NUS-NCH_MMCF,U.S. Liquefied Natural Gas Re-Exports to China (Million Cubic Feet),
2011,LNG re-export,China,False,False,0.175592477,NGM_EPG0_ERE_NUS-NCH_MMCF,U.S. Liquefied Natural Gas Re-Exports to China (Million Cubic Feet),11.824
2012,LNG re-export,China,False,False,0.0,NGM_EPG0_ERE_NUS-NCH_MMCF,U.S. Liquefied Natural Gas Re-Exports to China (Million Cubic Feet),
2013,LNG re-export,China,False,False,0.0,NGM_EPG0_ERE_NUS-NCH_MMCF,U.S. Liquefied Natural Gas Re-Exports to China (Million Cubic Feet),
2014,LNG re-export,China,False,False,0.0,NGM_EPG0_ERE_NUS-NCH_MMCF,U.S. Liquefied Natural Gas Re-Exports to China (Million Cubic Feet),
2015,LNG re-export,China,False,False,0.0,NGM_EPG0_ERE_NUS-NCH_MMCF,U.S. Liquefied Natural Gas Re-Exports to China (Million Cubic Feet),
2016,LNG re-export,China,False,False,0.0,NGM_EPG0_ERE_NUS-NCH_MMCF,U.S. Liquefied Natural Gas Re-Exports to China (Million Cubic Feet),
2017,LNG re-export,China,False,False,0.0,NGM_EPG0_ERE_NUS-NCH_MMCF,U.S. Liquefied Natural Gas Re-Exports to China (Million Cubic Feet),
2018,LNG re-export,China,False,False,0.0,NGM_EPG0_ERE_NUS-NCH_MMCF,U.S. Liquefied Natural Gas Re-Exports to China (Million Cubic Feet),
2019,LNG re-export,China,False,False,0.0,NGM_EPG0_ERE_NUS-NCH_MMCF,U.S. Liquefied Natural Gas Re-Exports to China (Million Cubic Feet),
2020,LNG re-export,China,False,False,0.0,NGM_EPG0_ERE_NUS-NCH_MMCF,U.S. Liquefied Natural Gas Re-Exports to China (Million Cubic Feet),
2021,LNG re-export,China,False,False,0.0,NGM_EPG0_ERE_NUS-NCH_MMCF,U.S. Liquefied Natural Gas Re-Exports to China (Million Cubic Feet),
2022,LNG re-export,China,False,False,0.0,NGM_EPG0_ERE_NUS-NCH_MMCF,U.S. Liquefied Natural Gas Re-Exports to China (Million Cubic Feet),
2023,LNG re-export,China,False,False,0.0,NGM_EPG0_ERE_NUS-NCH_MMCF,U.S. Liquefied Natural Gas Re-Exports to China (Million Cubic Feet),
2024,LNG re-export,China,False,False,0.0,NGM_EPG0_ERE_NUS-NCH_MMCF,U.S. Liquefied Natural Gas Re-Exports to China (Million Cubic Feet),
2025,LNG re-export,China,False,False,0.0,NGM_EPG0_ERE_NUS-NCH_MMCF,U.S. Liquefied Natural Gas Re-Exports to China (Million Cubic Feet),
2015,LNG re-export,Egypt,False,False,0.08344961,NGM_EPG0_ERE_NUS-NEG_MMCF,Liquefied U.S. Natural Gas Re-Exports to Egypt (Million Cubic Feet),16.129
2016,LNG re-export,Egypt,False,False,0.0,NGM_EPG0_ERE_NUS-NEG_MMCF,Liquefied U.S. Natural Gas Re-Exports to Egypt (Million Cubic Feet),
2017,LNG re-export,Egypt,False,False,0.0,NGM_EPG0_ERE_NUS-NEG_MMCF,Liquefied U.S. Natural Gas Re-Exports to Egypt (Million Cubic Feet),
2018,LNG re-export,Egypt,False,False,0.0,NGM_EPG0_ERE_NUS-NEG_MMCF,Liquefied U.S. Natural Gas Re-Exports to Egypt (Million Cubic Feet),
2019,LNG re-export,Egypt,False,False,0.0,NGM_EPG0_ERE_NUS-NEG_MMCF,Liquefied U.S. Natural Gas Re-Exports to Egypt (Million Cubic Feet),
2020,LNG re-export,Egypt,False,False,0.0,NGM_EPG0_ERE_NUS-NEG_MMCF,Liquefied U.S. Natural Gas Re-Exports to Egypt (Million Cubic Feet),
2021,LNG re-export,Egypt,False,False,0.0,NGM_EPG0_ERE_NUS-NEG_MMCF,Liquefied U.S. Natural Gas Re-Exports to Egypt (Million Cubic Feet),
2022,LNG re-export,Egypt,False,False,0.0,NGM_EPG0_ERE_NUS-NEG_MMCF,Liquefied U.S. Natural Gas Re-Exports to Egypt (Million Cubic Feet),
2023,LNG re-export,Egypt,False,False,0.0,NGM_EPG0_ERE_NUS-NEG_MMCF,Liquefied U.S. Natural Gas Re-Exports to Egypt (Million Cubic Feet),
2024,LNG re-export,Egypt,False,False,0.0,NGM_EPG0_ERE_NUS-NEG_MMCF,Liquefied U.S. Natural Gas Re-Exports to Egypt (Million Cubic Feet),
2025,LNG re-export,Egypt,False,False,0.0,NGM_EPG0_ERE_NUS-NEG_MMCF,Liquefied U.S. Natural Gas Re-Exports to Egypt (Million Cubic Feet),
2007,LNG re-export,India,False,False,0.0,NGM_EPG0_ERE_NUS-NIN_MMCF,Liquefied U.S. Natural Gas Re-Exports to India (Million Cubic Feet),
2008,LNG re-export,India,False,False,0.0,NGM_EPG0_ERE_NUS-NIN_MMCF,Liquefied U.S. Natural Gas Re-Exports to India (Million Cubic Feet),
2009,LNG re-export,India,False,False,0.0,NGM_EPG0_ERE_NUS-NIN_MMCF,Liquefied U.S. Natural Gas Re-Exports to India (Million Cubic Feet),
2010,LNG re-export,India,False,False,0.081354166,NGM_EPG0_ERE_NUS-NIN_MMCF,Liquefied U.S. Natural Gas Re-Exports to India (Million Cubic Feet),7.297
2011,LNG re-export,India,False,False,0.355149306,NGM_EPG0_ERE_NUS-NIN_MMCF,Liquefied U.S. Natural Gas Re-Exports to India (Million Cubic Feet),7.944
2012,LNG re-export,India,False,False,0.085063667,NGM_EPG0_ERE_NUS-NIN_MMCF,Liquefied U.S. Natural Gas Re-Exports to India (Million Cubic Feet),10.714
2013,LNG re-export,India,False,False,0.0,NGM_EPG0_ERE_NUS-NIN_MMCF,Liquefied U.S. Natural Gas Re-Exports to India (Million Cubic Feet),
2014,LNG re-export,India,False,False,0.0,NGM_EPG0_ERE_NUS-NIN_MMCF,Liquefied U.S. Natural Gas Re-Exports to India (Million Cubic Feet),
2015,LNG re-export,India,False,False,0.0,NGM_EPG0_ERE_NUS-NIN_MMCF,Liquefied U.S. Natural Gas Re-Exports to India (Million Cubic Feet),
2016,LNG re-export,India,False,False,0.01548929,NGM_EPG0_ERE_NUS-NIN_MMCF,Liquefied U.S. Natural Gas Re-Exports to India (Million Cubic Feet),3.842
2017,LNG re-export,India,False,False,0.0,NGM_EPG0_ERE_NUS-NIN_MMCF,Liquefied U.S. Natural Gas Re-Exports to India (Million Cubic Feet),
2018,LNG re-export,India,False,False,0.0,NGM_EPG0_ERE_NUS-NIN_MMCF,Liquefied U.S. Natural Gas Re-Exports to India (Million Cubic Feet),
2019,LNG re-export,India,False,False,0.0,NGM_EPG0_ERE_NUS-NIN_MMCF,Liquefied U.S. Natural Gas Re-Exports to India (Million Cubic Feet),
2020,LNG re-export,India,False,False,0.0,NGM_EPG0_ERE_NUS-NIN_MMCF,Liquefied U.S. Natural Gas Re-Exports to India (Million Cubic Feet),
2021,LNG re-export,India,False,False,0.0,NGM_EPG0_ERE_NUS-NIN_MMCF,Liquefied U.S. Natural Gas Re-Exports to India (Million Cubic Feet),
2022,LNG re-export,India,False,False,0.0,NGM_EPG0_ERE_NUS-NIN_MMCF,Liquefied U.S. Natural Gas Re-Exports to India (Million Cubic Feet),
2023,LNG re-export,India,False,False,0.0,NGM_EPG0_ERE_NUS-NIN_MMCF,Liquefied U.S. Natural Gas Re-Exports to India (Million Cubic Feet),
2024,LNG re-export,India,False,False,0.0,NGM_EPG0_ERE_NUS-NIN_MMCF,Liquefied U.S. Natural Gas Re-Exports to India (Million Cubic Feet),
2025,LNG re-export,India,False,False,0.0,NGM_EPG0_ERE_NUS-NIN_MMCF,Liquefied U.S. Natural Gas Re-Exports to India (Million Cubic Feet),
2010,LNG re-export,Japan,False,False,0.07991001,NGM_EPG0_ERE_NUS-NJA_MMCF,Liquefied U.S. Natural Gas Re-Exports to Japan (Million Cubic Feet),6.467
2011,LNG re-export,Japan,False,False,0.077616349,NGM_EPG0_ERE_NUS-NJA_MMCF,Liquefied U.S. Natural Gas Re-Exports to Japan (Million Cubic Feet),6.776
2012,LNG re-export,Japan,False,False,0.142631722,NGM_EPG0_ERE_NUS-NJA_MMCF,Liquefied U.S. Natural Gas Re-Exports to Japan (Million Cubic Feet),11.651
2013,LNG re-export,Japan,False,False,0.0,NGM_EPG0_ERE_NUS-NJA_MMCF,Liquefied U.S. Natural Gas Re-Exports to Japan (Million Cubic Feet),
2014,LNG re-export,Japan,False,False,0.0,NGM_EPG0_ERE_NUS-NJA_MMCF,Liquefied U.S. Natural Gas Re-Exports to Japan (Million Cubic Feet),
2015,LNG re-export,Japan,False,False,0.0,NGM_EPG0_ERE_NUS-NJA_MMCF,Liquefied U.S. Natural Gas Re-Exports to Japan (Million Cubic Feet),
2016,LNG re-export,Japan,False,False,0.0,NGM_EPG0_ERE_NUS-NJA_MMCF,Liquefied U.S. Natural Gas Re-Exports to Japan (Million Cubic Feet),
2017,LNG re-export,Japan,False,False,0.0,NGM_EPG0_ERE_NUS-NJA_MMCF,Liquefied U.S. Natural Gas Re-Exports to Japan (Million Cubic Feet),
2018,LNG re-export,Japan,False,False,0.0,NGM_EPG0_ERE_NUS-NJA_MMCF,Liquefied U.S. Natural Gas Re-Exports to Japan (Million Cubic Feet),
2019,LNG re-export,Japan,False,False,0.006258013,NGM_EPG0_ERE_NUS-NJA_MMCF,Liquefied U.S. Natural Gas Re-Exports to Japan (Million Cubic Feet),4.286
2020,LNG re-export,Japan,False,False,0.010958602,NGM_EPG0_ERE_NUS-NJA_MMCF,Liquefied U.S. Natural Gas Re-Exports to Japan (Million Cubic Feet),8.755
2021,LNG re-export,Japan,False,False,0.0,NGM_EPG0_ERE_NUS-NJA_MMCF,Liquefied U.S. Natural Gas Re-Exports to Japan (Million Cubic Feet),
2022,LNG re-export,Japan,False,False,0.0,NGM_EPG0_ERE_NUS-NJA_MMCF,Liquefied U.S. Natural Gas Re-Exports to Japan (Million Cubic Feet),
2023,LNG re-export,Japan,False,False,0.0,NGM_EPG0_ERE_NUS-NJA_MMCF,Liquefied U.S. Natural Gas Re-Exports to Japan (Million Cubic Feet),
2024,LNG re-export,Japan,False,False,0.0,NGM_EPG0_ERE_NUS-NJA_MMCF,Liquefied U.S. Natural Gas Re-Exports to Japan (Million Cubic Feet),
2025,LNG re-export,Japan,False,False,0.0,NGM_EPG0_ERE_NUS-NJA_MMCF,Liquefied U.S. Natural Gas Re-Exports to Japan (Million Cubic Feet),
2012,LNG re-export,Mexico,False,False,0.0,NGM_EPG0_ERE_NUS-NMX_MMCF,Liquefied U.S. Natural Gas Re-Exports to Mexico (Million Cubic Feet),
2013,LNG re-export,Mexico,False,False,0.07716328,NGM_EPG0_ERE_NUS-NMX_MMCF,Liquefied U.S. Natural Gas Re-Exports to Mexico (Million Cubic Feet),12.983
2014,LNG re-export,Mexico,False,False,0.0,NGM_EPG0_ERE_NUS-NMX_MMCF,Liquefied U.S. Natural Gas Re-Exports to Mexico (Million Cubic Feet),
2015,LNG re-export,Mexico,False,False,0.0,NGM_EPG0_ERE_NUS-NMX_MMCF,Liquefied U.S. Natural Gas Re-Exports to Mexico (Million Cubic Feet),
2016,LNG re-export,Mexico,False,False,0.0,NGM_EPG0_ERE_NUS-NMX_MMCF,Liquefied U.S. Natural Gas Re-Exports to Mexico (Million Cubic Feet),
2017,LNG re-export,Mexico,False,False,0.0,NGM_EPG0_ERE_NUS-NMX_MMCF,Liquefied U.S. Natural Gas Re-Exports to Mexico (Million Cubic Feet),4.826
2018,LNG re-export,Mexico,False,False,0.0,NGM_EPG0_ERE_NUS-NMX_MMCF,Liquefied U.S. Natural Gas Re-Exports to Mexico (Million Cubic Feet),
2019,LNG re-export,Mexico,False,False,0.0,NGM_EPG0_ERE_NUS-NMX_MMCF,Liquefied U.S. Natural Gas Re-Exports to Mexico (Million Cubic Feet),
2020,LNG re-export,Mexico,False,False,0.0,NGM_EPG0_ERE_NUS-NMX_MMCF,Liquefied U.S. Natural Gas Re-Exports to Mexico (Million Cubic Feet),
2021,LNG re-export,Mexico,False,False,0.0,NGM_EPG0_ERE_NUS-NMX_MMCF,Liquefied U.S. Natural Gas Re-Exports to Mexico (Million Cubic Feet),
2022,LNG re-export,Mexico,False,False,0.0,NGM_EPG0_ERE_NUS-NMX_MMCF,Liquefied U.S. Natural Gas Re-Exports to Mexico (Million Cubic Feet),
2023,LNG re-export,Mexico,False,False,0.0,NGM_EPG0_ERE_NUS-NMX_MMCF,Liquefied U.S. Natural Gas Re-Exports to Mexico (Million Cubic Feet),
2024,LNG re-export,Mexico,False,False,0.0,NGM_EPG0_ERE_NUS-NMX_MMCF,Liquefied U.S. Natural Gas Re-Exports to Mexico (Million Cubic Feet),
2025,LNG re-export,Mexico,False,False,0.0,NGM_EPG0_ERE_NUS-NMX_MMCF,Liquefied U.S. Natural Gas Re-Exports to Mexico (Million Cubic Feet),
2011,LNG re-export,Portugal,True,False,0.0,NGM_EPG0_ERE_NUS-NPO_MMCF,Liquefied U.S. Natural Gas Re-Exports to Portugal (Million Cubic Feet),
2012,LNG re-export,Portugal,True,False,0.074133382,NGM_EPG0_ERE_NUS-NPO_MMCF,Liquefied U.S. Natural Gas Re-Exports to Portugal (Million Cubic Feet),10.878
2015,LNG re-export,Portugal,True,False,0.0,NGM_EPG0_ERE_NUS-NPO_MMCF,Liquefied U.S. Natural Gas Re-Exports to Portugal (Million Cubic Feet),
2016,LNG re-export,Portugal,True,False,0.0,NGM_EPG0_ERE_NUS-NPO_MMCF,Liquefied U.S. Natural Gas Re-Exports to Portugal (Million Cubic Feet),
2007,LNG re-export,South Korea,False,False,0.0,NGM_EPG0_ERE_NUS-NKS_MMCF,Liquefied U.S. Natural Gas Re-Exports to South Korea (Million Cubic Feet),
2008,LNG re-export,South Korea,False,False,0.0,NGM_EPG0_ERE_NUS-NKS_MMCF,Liquefied U.S. Natural Gas Re-Exports to South Korea (Million Cubic Feet),
2009,LNG re-export,South Korea,False,False,0.077446448,NGM_EPG0_ERE_NUS-NKS_MMCF,Liquefied U.S. Natural Gas Re-Exports to South Korea (Million Cubic Feet),6.081
2010,LNG re-export,South Korea,False,False,0.334393091,NGM_EPG0_ERE_NUS-NKS_MMCF,Liquefied U.S. Natural Gas Re-Exports to South Korea (Million Cubic Feet),7.278
2011,LNG re-export,South Korea,False,False,0.258900502,NGM_EPG0_ERE_NUS-NKS_MMCF,Liquefied U.S. Natural Gas Re-Exports to South Korea (Million Cubic Feet),9.633
2012,LNG re-export,South Korea,False,False,0.0,NGM_EPG0_ERE_NUS-NKS_MMCF,Liquefied U.S. Natural Gas Re-Exports to South Korea (Million Cubic Feet),
2013,LNG re-export,South Korea,False,False,0.0,NGM_EPG0_ERE_NUS-NKS_MMCF,Liquefied U.S. Natural Gas Re-Exports to South Korea (Million Cubic Feet),
2014,LNG re-export,South Korea,False,False,0.0,NGM_EPG0_ERE_NUS-NKS_MMCF,Liquefied U.S. Natural Gas Re-Exports to South Korea (Million Cubic Feet),
2015,LNG re-export,South Korea,False,False,0.0,NGM_EPG0_ERE_NUS-NKS_MMCF,Liquefied U.S. Natural Gas Re-Exports to South Korea (Million Cubic Feet),
2016,LNG re-export,South Korea,False,False,0.0,NGM_EPG0_ERE_NUS-NKS_MMCF,Liquefied U.S. Natural Gas Re-Exports to South Korea (Million Cubic Feet),
2017,LNG re-export,South Korea,False,False,0.0,NGM_EPG0_ERE_NUS-NKS_MMCF,Liquefied U.S. Natural Gas Re-Exports to South Korea (Million Cubic Feet),
2018,LNG re-export,South Korea,False,False,0.0,NGM_EPG0_ERE_NUS-NKS_MMCF,Liquefied U.S. Natural Gas Re-Exports to South Korea (Million Cubic Feet),
2019,LNG re-export,South Korea,False,False,0.0,NGM_EPG0_ERE_NUS-NKS_MMCF,Liquefied U.S. Natural Gas Re-Exports to South Korea (Million Cubic Feet),
2020,LNG re-export,South Korea,False,False,0.010958602,NGM_EPG0_ERE_NUS-NKS_MMCF,Liquefied U.S. Natural Gas Re-Exports to South Korea (Million Cubic Feet),8.755
2021,LNG re-export,South Korea,False,False,0.0,NGM_EPG0_ERE_NUS-NKS_MMCF,Liquefied U.S. Natural Gas Re-Exports to South Korea (Million Cubic Feet),
2022,LNG re-export,South Korea,False,False,0.0,NGM_EPG0_ERE_NUS-NKS_MMCF,Liquefied U.S. Natural Gas Re-Exports to South Korea (Million Cubic Feet),
2023,LNG re-export,South Korea,False,False,0.0,NGM_EPG0_ERE_NUS-NKS_MMCF,Liquefied U.S. Natural Gas Re-Exports to South Korea (Million Cubic Feet),
2024,LNG re-export,South Korea,False,False,0.0,NGM_EPG0_ERE_NUS-NKS_MMCF,Liquefied U.S. Natural Gas Re-Exports to South Korea (Million Cubic Feet),
2025,LNG re-export,South Korea,False,False,0.0,NGM_EPG0_ERE_NUS-NKS_MMCF,Liquefied U.S. Natural Gas Re-Exports to South Korea (Million Cubic Feet),
2007,LNG re-export,Spain,True,False,0.0,NGM_EPG0_ERE_NUS-NSP_MMCF,U.S. Liquefied Natural Gas Re-Exports to Spain (Million Cubic Feet),
2008,LNG re-export,Spain,True,False,0.0,NGM_EPG0_ERE_NUS-NSP_MMCF,U.S. Liquefied Natural Gas Re-Exports to Spain (Million Cubic Feet),
2009,LNG re-export,Spain,True,False,0.0,NGM_EPG0_ERE_NUS-NSP_MMCF,U.S. Liquefied Natural Gas Re-Exports to Spain (Million Cubic Feet),
2010,LNG re-export,Spain,True,False,0.116580266,NGM_EPG0_ERE_NUS-NSP_MMCF,U.S. Liquefied Natural Gas Re-Exports to Spain (Million Cubic Feet),6.1
2011,LNG re-export,Spain,True,False,0.167578822,NGM_EPG0_ERE_NUS-NSP_MMCF,U.S. Liquefied Natural Gas Re-Exports to Spain (Million Cubic Feet),7.5
2012,LNG re-export,Spain,True,False,0.0,NGM_EPG0_ERE_NUS-NSP_MMCF,U.S. Liquefied Natural Gas Re-Exports to Spain (Million Cubic Feet),
2013,LNG re-export,Spain,True,False,0.0,NGM_EPG0_ERE_NUS-NSP_MMCF,U.S. Liquefied Natural Gas Re-Exports to Spain (Million Cubic Feet),
2014,LNG re-export,Spain,True,False,0.0,NGM_EPG0_ERE_NUS-NSP_MMCF,U.S. Liquefied Natural Gas Re-Exports to Spain (Million Cubic Feet),
2015,LNG re-export,Spain,True,False,0.0,NGM_EPG0_ERE_NUS-NSP_MMCF,U.S. Liquefied Natural Gas Re-Exports to Spain (Million Cubic Feet),
2016,LNG re-export,Spain,True,False,0.0,NGM_EPG0_ERE_NUS-NSP_MMCF,U.S. Liquefied Natural Gas Re-Exports to Spain (Million Cubic Feet),
2017,LNG re-export,Spain,True,False,0.0,NGM_EPG0_ERE_NUS-NSP_MMCF,U.S. Liquefied Natural Gas Re-Exports to Spain (Million Cubic Feet),
2018,LNG re-export,Spain,True,False,0.0,NGM_EPG0_ERE_NUS-NSP_MMCF,U.S. Liquefied Natural Gas Re-Exports to Spain (Million Cubic Feet),
2019,LNG re-export,Spain,True,False,0.0,NGM_EPG0_ERE_NUS-NSP_MMCF,U.S. Liquefied Natural Gas Re-Exports to Spain (Million Cubic Feet),
2020,LNG re-export,Spain,True,False,0.0,NGM_EPG0_ERE_NUS-NSP_MMCF,U.S. Liquefied Natural Gas Re-Exports to Spain (Million Cubic Feet),
2021,LNG re-export,Spain,True,False,0.0,NGM_EPG0_ERE_NUS-NSP_MMCF,U.S. Liquefied Natural Gas Re-Exports to Spain (Million Cubic Feet),
2022,LNG re-export,Spain,True,False,0.0,NGM_EPG0_ERE_NUS-NSP_MMCF,U.S. Liquefied Natural Gas Re-Exports to Spain (Million Cubic Feet),
2023,LNG re-export,Spain,True,False,0.0,NGM_EPG0_ERE_NUS-NSP_MMCF,U.S. Liquefied Natural Gas Re-Exports to Spain (Million Cubic Feet),
2024,LNG re-export,Spain,True,False,0.0,NGM_EPG0_ERE_NUS-NSP_MMCF,U.S. Liquefied Natural Gas Re-Exports to Spain (Million Cubic Feet),
2025,LNG re-export,Spain,True,False,0.0,NGM_EPG0_ERE_NUS-NSP_MMCF,U.S. Liquefied Natural Gas Re-Exports to Spain (Million Cubic Feet),
2015,LNG re-export,Turkiye,False,False,0.089056336,NGM_EPG0_ERE_NUS-NTU_MMCF,Liquefied U.S. Natural Gas Re-Exports to Turkiye (Million Cubic Feet),15.434
2016,LNG re-export,Turkiye,False,False,0.0,NGM_EPG0_ERE_NUS-NTU_MMCF,Liquefied U.S. Natural Gas Re-Exports to Turkiye (Million Cubic Feet),
2017,LNG re-export,Turkiye,False,False,0.0,NGM_EPG0_ERE_NUS-NTU_MMCF,Liquefied U.S. Natural Gas Re-Exports to Turkiye (Million Cubic Feet),
2018,LNG re-export,Turkiye,False,False,0.0,NGM_EPG0_ERE_NUS-NTU_MMCF,Liquefied U.S. Natural Gas Re-Exports to Turkiye (Million Cubic Feet),
2019,LNG re-export,Turkiye,False,False,0.0,NGM_EPG0_ERE_NUS-NTU_MMCF,Liquefied U.S. Natural Gas Re-Exports to Turkiye (Million Cubic Feet),
2020,LNG re-export,Turkiye,False,False,0.0,NGM_EPG0_ERE_NUS-NTU_MMCF,Liquefied U.S. Natural Gas Re-Exports to Turkiye (Million Cubic Feet),
2021,LNG re-export,Turkiye,False,False,0.0,NGM_EPG0_ERE_NUS-NTU_MMCF,Liquefied U.S. Natural Gas Re-Exports to Turkiye (Million Cubic Feet),
2022,LNG re-export,Turkiye,False,False,0.0,NGM_EPG0_ERE_NUS-NTU_MMCF,Liquefied U.S. Natural Gas Re-Exports to Turkiye (Million Cubic Feet),
2023,LNG re-export,Turkiye,False,False,0.0,NGM_EPG0_ERE_NUS-NTU_MMCF,Liquefied U.S. Natural Gas Re-Exports to Turkiye (Million Cubic Feet),
2024,LNG re-export,Turkiye,False,False,0.0,NGM_EPG0_ERE_NUS-NTU_MMCF,Liquefied U.S. Natural Gas Re-Exports to Turkiye (Million Cubic Feet),
2025,LNG re-export,Turkiye,False,False,0.0,NGM_EPG0_ERE_NUS-NTU_MMCF,Liquefied U.S. Natural Gas Re-Exports to Turkiye (Million Cubic Feet),
2007,LNG re-export,United Kingdom,False,False,0.0,NGM_EPG0_ERE_NUS-NUK_MMCF,Liquefied U.S. Natural Gas Re-Exports to United Kingdom (Million Cubic Feet),
2008,LNG re-export,United Kingdom,False,False,0.0,NGM_EPG0_ERE_NUS-NUK_MMCF,Liquefied U.S. Natural Gas Re-Exports to United Kingdom (Million Cubic Feet),
2009,LNG re-export,United Kingdom,False,False,0.0,NGM_EPG0_ERE_NUS-NUK_MMCF,Liquefied U.S. Natural Gas Re-Exports to United Kingdom (Million Cubic Feet),
2010,LNG re-export,United Kingdom,False,False,0.271388211,NGM_EPG0_ERE_NUS-NUK_MMCF,Liquefied U.S. Natural Gas Re-Exports to United Kingdom (Million Cubic Feet),6.882
2011,LNG re-export,United Kingdom,False,False,0.081042682,NGM_EPG0_ERE_NUS-NUK_MMCF,Liquefied U.S. Natural Gas Re-Exports to United Kingdom (Million Cubic Feet),7.394
2012,LNG re-export,United Kingdom,False,False,0.0,NGM_EPG0_ERE_NUS-NUK_MMCF,Liquefied U.S. Natural Gas Re-Exports to United Kingdom (Million Cubic Feet),
2013,LNG re-export,United Kingdom,False,False,0.0,NGM_EPG0_ERE_NUS-NUK_MMCF,Liquefied U.S. Natural Gas Re-Exports to United Kingdom (Million Cubic Feet),
2014,LNG re-export,United Kingdom,False,False,0.0,NGM_EPG0_ERE_NUS-NUK_MMCF,Liquefied U.S. Natural Gas Re-Exports to United Kingdom (Million Cubic Feet),
2015,LNG re-export,United Kingdom,False,False,0.0,NGM_EPG0_ERE_NUS-NUK_MMCF,Liquefied U.S. Natural Gas Re-Exports to United Kingdom (Million Cubic Feet),
2016,LNG re-export,United Kingdom,False,False,0.0,NGM_EPG0_ERE_NUS-NUK_MMCF,Liquefied U.S. Natural Gas Re-Exports to United Kingdom (Million Cubic Feet),
2017,LNG re-export,United Kingdom,False,False,0.0,NGM_EPG0_ERE_NUS-NUK_MMCF,Liquefied U.S. Natural Gas Re-Exports to United Kingdom (Million Cubic Feet),
2018,LNG re-export,United Kingdom,False,False,0.0,NGM_EPG0_ERE_NUS-NUK_MMCF,Liquefied U.S. Natural Gas Re-Exports to United Kingdom (Million Cubic Feet),
2019,LNG re-export,United Kingdom,False,False,0.008636624,NGM_EPG0_ERE_NUS-NUK_MMCF,Liquefied U.S. Natural Gas Re-Exports to United Kingdom (Million Cubic Feet),8.755
2020,LNG re-export,United Kingdom,False,False,0.0,NGM_EPG0_ERE_NUS-NUK_MMCF,Liquefied U.S. Natural Gas Re-Exports to United Kingdom (Million Cubic Feet),
2021,LNG re-export,United Kingdom,False,False,0.0,NGM_EPG0_ERE_NUS-NUK_MMCF,Liquefied U.S. Natural Gas Re-Exports to United Kingdom (Million Cubic Feet),
2022,LNG re-export,United Kingdom,False,False,0.0,NGM_EPG0_ERE_NUS-NUK_MMCF,Liquefied U.S. Natural Gas Re-Exports to United Kingdom (Million Cubic Feet),
2023,LNG re-export,United Kingdom,False,False,0.0,NGM_EPG0_ERE_NUS-NUK_MMCF,Liquefied U.S. Natural Gas Re-Exports to United Kingdom (Million Cubic Feet),
2024,LNG re-export,United Kingdom,False,False,0.017188298,NGM_EPG0_ERE_NUS-NUK_MMCF,Liquefied U.S. Natural Gas Re-Exports to United Kingdom (Million Cubic Feet),6.593
2025,LNG re-export,United Kingdom,False,False,0.0,NGM_EPG0_ERE_NUS-NUK_MMCF,Liquefied U.S. Natural Gas Re-Exports to United Kingdom (Million Cubic Feet),
1985,Pipeline,All destinations,False,True,0.067535568,N9132US2,U.S. Natural Gas Pipeline Exports (MMcf),3.784
1986,Pipeline,All destinations,False,True,0.314288163,N9132US2,U.S. Natural Gas Pipeline Exports (MMcf),2.268
1987,Pipeline,All destinations,False,True,0.153505373,N9132US2,U.S. Natural Gas Pipeline Exports (MMcf),2.268
1988,Pipeline,All destinations,False,True,0.624810192,N9132US2,U.S. Natural Gas Pipeline Exports (MMcf),2.066
1989,Pipeline,All destinations,False,True,1.57008161,N9132US2,U.S. Natural Gas Pipeline Exports (MMcf),1.979
1990,Pipeline,All destinations,False,True,0.934964102,N9132US2,U.S. Natural Gas Pipeline Exports (MMcf),2.23
1991,Pipeline,All destinations,False,True,2.130527715,N9132US2,U.S. Natural Gas Pipeline Exports (MMcf),1.728
1992,Pipeline,All destinations,False,True,4.636876,N9132US2,U.S. Natural Gas Pipeline Exports (MMcf),1.815
1993,Pipeline,All destinations,False,True,2.384132976,N9132US2,U.S. Natural Gas Pipeline Exports (MMcf),2.008
1994,Pipeline,All destinations,False,True,2.804977258,N9132US2,U.S. Natural Gas Pipeline Exports (MMcf),2.008
1995,Pipeline,All destinations,False,True,2.515551245,N9132US2,U.S. Natural Gas Pipeline Exports (MMcf),1.583
1996,Pipeline,All destinations,False,True,2.428024016,N9132US2,U.S. Natural Gas Pipeline Exports (MMcf),2.365
1997,Pipeline,All destinations,False,True,2.684942342,N9132US2,U.S. Natural Gas Pipeline Exports (MMcf),2.403
1998,Pipeline,All destinations,False,True,2.634113686,N9132US2,U.S. Natural Gas Pipeline Exports (MMcf),2.056
1999,Pipeline,All destinations,False,True,2.818456054,N9132US2,U.S. Natural Gas Pipeline Exports (MMcf),2.22
2000,Pipeline,All destinations,False,True,5.031555558,N9132US2,U.S. Natural Gas Pipeline Exports (MMcf),3.88
2001,Pipeline,All destinations,False,True,8.694956608,N9132US2,U.S. Natural Gas Pipeline Exports (MMcf),3.996
2002,Pipeline,All destinations,False,True,12.810265469,N9132US2,U.S. Natural Gas Pipeline Exports (MMcf),3.205
2003,Pipeline,All destinations,False,True,17.382211046,N9132US2,U.S. Natural Gas Pipeline Exports (MMcf),5.463
2004,Pipeline,All destinations,False,True,22.417589373,N9132US2,U.S. Natural Gas Pipeline Exports (MMcf),5.965
2005,Pipeline,All destinations,False,True,18.780664531,N9132US2,U.S. Natural Gas Pipeline Exports (MMcf),7.5
2006,Pipeline,All destinations,False,True,18.774604736,N9132US2,U.S. Natural Gas Pipeline Exports (MMcf),6.66
2007,Pipeline,All destinations,False,True,21.916325379,N9132US2,U.S. Natural Gas Pipeline Exports (MMcf),6.718
2008,Pipeline,All destinations,False,True,26.166025773,N9132US2,U.S. Natural Gas Pipeline Exports (MMcf),8.32
2009,Pipeline,All destinations,False,True,29.421211834,N9132US2,U.S. Natural Gas Pipeline Exports (MMcf),4.189
2010,Pipeline,All destinations,False,True,30.35552465,N9132US2,U.S. Natural Gas Pipeline Exports (MMcf),4.585
2011,Pipeline,All destinations,False,True,40.652985603,N9132US2,U.S. Natural Gas Pipeline Exports (MMcf),4.199
2012,Pipeline,All destinations,False,True,45.038748221,N9132US2,U.S. Natural Gas Pipeline Exports (MMcf),2.973
2013,Pipeline,All destinations,False,True,44.439678,N9132US2,U.S. Natural Gas Pipeline Exports (MMcf),3.919
2014,Pipeline,All destinations,False,True,42.412081853,N9132US2,U.S. Natural Gas Pipeline Exports (MMcf),5.212
2015,Pipeline,All destinations,False,True,49.693662022,N9132US2,U.S. Natural Gas Pipeline Exports (MMcf),2.847
2016,Pipeline,All destinations,False,True,60.835784803,N9132US2,U.S. Natural Gas Pipeline Exports (MMcf),2.539
2017,Pipeline,All destinations,False,True,69.265469629,N9132US2,U.S. Natural Gas Pipeline Exports (MMcf),3.089
2018,Pipeline,All destinations,False,True,71.485789917,N9132US2,U.S. Natural Gas Pipeline Exports (MMcf),3.224
2019,Pipeline,All destinations,False,True,80.358774246,N9132US2,U.S. Natural Gas Pipeline Exports (MMcf),2.548
2020,Pipeline,All destinations,False,True,81.958135427,N9132US2,U.S. Natural Gas Pipeline Exports (MMcf),2.027
2021,Pipeline,All destinations,False,True,87.543652544,N9132US2,U.S. Natural Gas Pipeline Exports (MMcf),4.768
2022,Pipeline,All destinations,False,True,86.105357322,N9132US2,U.S. Natural Gas Pipeline Exports (MMcf),6.12
2023,Pipeline,All destinations,False,True,92.498554525,N9132US2,U.S. Natural Gas Pipeline Exports (MMcf),2.558
2024,Pipeline,All destinations,False,True,94.538751648,N9132US2,U.S. Natural Gas Pipeline Exports (MMcf),1.882
2025,Pipeline,All destinations,False,True,97.872092077,N9132US2,U.S. Natural Gas Pipeline Exports (MMcf),2.915
1973,Pipeline,Canada,False,False,0.419739926,N9132CN2,U.S. Natural Gas Pipeline Exports to Canada (MMcf),
1974,Pipeline,Canada,False,False,0.375565718,N9132CN2,U.S. Natural Gas Pipeline Exports to Canada (MMcf),
1975,Pipeline,Canada,False,False,0.289369379,N9132CN2,U.S. Natural Gas Pipeline Exports to Canada (MMcf),
1976,Pipeline,Canada,False,False,0.212545901,N9132CN2,U.S. Natural Gas Pipeline Exports to Canada (MMcf),
1977,Pipeline,Canada,False,False,0.000877821,N9132CN2,U.S. Natural Gas Pipeline Exports to Canada (MMcf),
1978,Pipeline,Canada,False,False,0.001868909,N9132CN2,U.S. Natural Gas Pipeline Exports to Canada (MMcf),
1979,Pipeline,Canada,False,False,0.002152077,N9132CN2,U.S. Natural Gas Pipeline Exports to Canada (MMcf),
1980,Pipeline,Canada,False,False,0.003199798,N9132CN2,U.S. Natural Gas Pipeline Exports to Canada (MMcf),
1981,Pipeline,Canada,False,False,0.003001581,N9132CN2,U.S. Natural Gas Pipeline Exports to Canada (MMcf),
1982,Pipeline,Canada,False,False,0.004587322,N9132CN2,U.S. Natural Gas Pipeline Exports to Canada (MMcf),
1983,Pipeline,Canada,False,False,0.003851085,N9132CN2,U.S. Natural Gas Pipeline Exports to Canada (MMcf),
1984,Pipeline,Canada,False,False,0.003596234,N9132CN2,U.S. Natural Gas Pipeline Exports to Canada (MMcf),
1985,Pipeline,Canada,False,False,0.00504039,N9132CN2,U.S. Natural Gas Pipeline Exports to Canada (MMcf),2.954
1986,Pipeline,Canada,False,False,0.26059951,N9132CN2,U.S. Natural Gas Pipeline Exports to Canada (MMcf),2.046
1987,Pipeline,Canada,False,False,0.09336049,N9132CN2,U.S. Natural Gas Pipeline Exports to Canada (MMcf),1.747
1988,Pipeline,Canada,False,False,0.558916998,N9132CN2,U.S. Natural Gas Pipeline Exports to Canada (MMcf),1.95
1989,Pipeline,Canada,False,False,1.088582742,N9132CN2,U.S. Natural Gas Pipeline Exports to Canada (MMcf),1.931
1990,Pipeline,Canada,False,False,0.491551331,N9132CN2,U.S. Natural Gas Pipeline Exports to Canada (MMcf),2.606
1991,Pipeline,Canada,False,False,0.418833789,N9132CN2,U.S. Natural Gas Pipeline Exports to Canada (MMcf),1.844
1992,Pipeline,Canada,False,False,1.919227754,N9132CN2,U.S. Natural Gas Pipeline Exports to Canada (MMcf),1.766
1993,Pipeline,Canada,False,False,1.260607302,N9132CN2,U.S. Natural Gas Pipeline Exports to Canada (MMcf),2.066
1994,Pipeline,Canada,False,False,1.488217741,N9132CN2,U.S. Natural Gas Pipeline Exports to Canada (MMcf),2.336
1995,Pipeline,Canada,False,False,0.780241107,N9132CN2,U.S. Natural Gas Pipeline Exports to Canada (MMcf),1.892
1996,Pipeline,Canada,False,False,1.469783504,N9132CN2,U.S. Natural Gas Pipeline Exports to Canada (MMcf),2.577
1997,Pipeline,Canada,False,False,1.59839841,N9132CN2,U.S. Natural Gas Pipeline Exports to Canada (MMcf),2.432
1998,Pipeline,Canada,False,False,1.129585469,N9132CN2,U.S. Natural Gas Pipeline Exports to Canada (MMcf),2.172
1999,Pipeline,Canada,False,False,1.090423334,N9132CN2,U.S. Natural Gas Pipeline Exports to Canada (MMcf),2.268
2000,Pipeline,Canada,False,False,2.055403245,N9132CN2,U.S. Natural Gas Pipeline Exports to Canada (MMcf),3.533
2001,Pipeline,Canada,False,False,4.720127392,N9132CN2,U.S. Natural Gas Pipeline Exports to Canada (MMcf),3.832
2002,Pipeline,Canada,False,False,5.360738358,N9132CN2,U.S. Natural Gas Pipeline Exports to Canada (MMcf),3.234
2003,Pipeline,Canada,False,False,7.673512998,N9132CN2,U.S. Natural Gas Pipeline Exports to Canada (MMcf),5.82
2004,Pipeline,Canada,False,False,11.173384528,N9132CN2,U.S. Natural Gas Pipeline Exports to Canada (MMcf),6.245
2005,Pipeline,Canada,False,False,10.145343104,N9132CN2,U.S. Natural Gas Pipeline Exports to Canada (MMcf),7.529
2006,Pipeline,Canada,False,False,9.657869392,N9132CN2,U.S. Natural Gas Pipeline Exports to Canada (MMcf),7.066
2007,Pipeline,Canada,False,False,13.654247693,N9132CN2,U.S. Natural Gas Pipeline Exports to Canada (MMcf),6.921
2008,Pipeline,Canada,False,False,15.81918032,N9132CN2,U.S. Natural Gas Pipeline Exports to Canada (MMcf),8.552
2009,Pipeline,Canada,False,False,19.838636813,N9132CN2,U.S. Natural Gas Pipeline Exports to Canada (MMcf),4.431
2010,Pipeline,Canada,False,False,20.918894416,N9132CN2,U.S. Natural Gas Pipeline Exports to Canada (MMcf),4.672
2011,Pipeline,Canada,False,False,26.532643382,N9132CN2,U.S. Natural Gas Pipeline Exports to Canada (MMcf),4.295
2012,Pipeline,Canada,False,False,27.487938947,N9132CN2,U.S. Natural Gas Pipeline Exports to Canada (MMcf),3.06
2013,Pipeline,Canada,False,False,25.796803018,N9132CN2,U.S. Natural Gas Pipeline Exports to Canada (MMcf),4.025
2014,Pipeline,Canada,False,False,21.782924934,N9132CN2,U.S. Natural Gas Pipeline Exports to Canada (MMcf),5.888
2015,Pipeline,Canada,False,False,19.84008097,N9132CN2,U.S. Natural Gas Pipeline Exports to Canada (MMcf),3.041
2016,Pipeline,Canada,False,False,21.834914579,N9132CN2,U.S. Natural Gas Pipeline Exports to Canada (MMcf),2.51
2017,Pipeline,Canada,False,False,25.948949184,N9132CN2,U.S. Natural Gas Pipeline Exports to Canada (MMcf),3.012
2018,Pipeline,Canada,False,False,23.672335098,N9132CN2,U.S. Natural Gas Pipeline Exports to Canada (MMcf),3.292
2019,Pipeline,Canada,False,False,27.538626019,N9132CN2,U.S. Natural Gas Pipeline Exports to Canada (MMcf),2.683
2020,Pipeline,Canada,False,False,25.584795136,N9132CN2,U.S. Natural Gas Pipeline Exports to Canada (MMcf),1.988
2021,Pipeline,Canada,False,False,26.536352883,N9132CN2,U.S. Natural Gas Pipeline Exports to Canada (MMcf),3.736
2022,Pipeline,Canada,False,False,27.245292288,N9132CN2,U.S. Natural Gas Pipeline Exports to Canada (MMcf),6.264
2023,Pipeline,Canada,False,False,29.024946534,N9132CN2,U.S. Natural Gas Pipeline Exports to Canada (MMcf),2.548
2024,Pipeline,Canada,False,False,28.217634566,N9132CN2,U.S. Natural Gas Pipeline Exports to Canada (MMcf),2.191
2025,Pipeline,Canada,False,False,29.265044682,N9132CN2,U.S. Natural Gas Pipeline Exports to Canada (MMcf),3.542
1973,Pipeline,Mexico,False,False,0.396406883,N9132MX2,U.S. Natural Gas Pipeline Exports to Mexico (MMcf),
1974,Pipeline,Mexico,False,False,0.375707302,N9132MX2,U.S. Natural Gas Pipeline Exports to Mexico (MMcf),
1975,Pipeline,Mexico,False,False,0.26767871,N9132MX2,U.S. Natural Gas Pipeline Exports to Mexico (MMcf),
1976,Pipeline,Mexico,False,False,0.21025224,N9132MX2,U.S. Natural Gas Pipeline Exports to Mexico (MMcf),
1977,Pipeline,Mexico,False,False,0.111568192,N9132MX2,U.S. Natural Gas Pipeline Exports to Mexico (MMcf),
1978,Pipeline,Mexico,False,False,0.114201654,N9132MX2,U.S. Natural Gas Pipeline Exports to Mexico (MMcf),
1979,Pipeline,Mexico,False,False,0.121988774,N9132MX2,U.S. Natural Gas Pipeline Exports to Mexico (MMcf),
1980,Pipeline,Mexico,False,False,0.110039085,N9132MX2,U.S. Natural Gas Pipeline Exports to Mexico (MMcf),
1981,Pipeline,Mexico,False,False,0.094493162,N9132MX2,U.S. Natural Gas Pipeline Exports to Mexico (MMcf),
1982,Pipeline,Mexico,False,False,0.048280144,N9132MX2,U.S. Natural Gas Pipeline Exports to Mexico (MMcf),
1983,Pipeline,Mexico,False,False,0.046609453,N9132MX2,U.S. Natural Gas Pipeline Exports to Mexico (MMcf),
1984,Pipeline,Mexico,False,False,0.050573805,N9132MX2,U.S. Natural Gas Pipeline Exports to Mexico (MMcf),
1985,Pipeline,Mexico,False,False,0.062495178,N9132MX2,U.S. Natural Gas Pipeline Exports to Mexico (MMcf),3.851
1986,Pipeline,Mexico,False,False,0.053688653,N9132MX2,U.S. Natural Gas Pipeline Exports to Mexico (MMcf),3.369
1987,Pipeline,Mexico,False,False,0.0601732,N9132MX2,U.S. Natural Gas Pipeline Exports to Mexico (MMcf),3.069
1988,Pipeline,Mexico,False,False,0.065893194,N9132MX2,U.S. Natural Gas Pipeline Exports to Mexico (MMcf),3.098
1989,Pipeline,Mexico,False,False,0.481498867,N9132MX2,U.S. Natural Gas Pipeline Exports to Mexico (MMcf),2.066
1990,Pipeline,Mexico,False,False,0.443412771,N9132MX2,U.S. Natural Gas Pipeline Exports to Mexico (MMcf),1.815
1991,Pipeline,Mexico,False,False,1.711693926,N9132MX2,U.S. Natural Gas Pipeline Exports to Mexico (MMcf),1.699
1992,Pipeline,Mexico,False,False,2.717648246,N9132MX2,U.S. Natural Gas Pipeline Exports to Mexico (MMcf),1.834
1993,Pipeline,Mexico,False,False,1.123497357,N9132MX2,U.S. Natural Gas Pipeline Exports to Mexico (MMcf),1.95
1994,Pipeline,Mexico,False,False,1.3167312,N9132MX2,U.S. Natural Gas Pipeline Exports to Mexico (MMcf),1.622
1995,Pipeline,Mexico,False,False,1.735338454,N9132MX2,U.S. Natural Gas Pipeline Exports to Mexico (MMcf),1.448
1996,Pipeline,Mexico,False,False,0.958240512,N9132MX2,U.S. Natural Gas Pipeline Exports to Mexico (MMcf),2.037
1997,Pipeline,Mexico,False,False,1.08657225,N9132MX2,U.S. Natural Gas Pipeline Exports to Mexico (MMcf),2.375
1998,Pipeline,Mexico,False,False,1.504556534,N9132MX2,U.S. Natural Gas Pipeline Exports to Mexico (MMcf),1.969
1999,Pipeline,Mexico,False,False,1.72803272,N9132MX2,U.S. Natural Gas Pipeline Exports to Mexico (MMcf),2.191
2000,Pipeline,Mexico,False,False,2.976152314,N9132MX2,U.S. Natural Gas Pipeline Exports to Mexico (MMcf),4.112
2001,Pipeline,Mexico,False,False,3.974829216,N9132MX2,U.S. Natural Gas Pipeline Exports to Mexico (MMcf),4.189
2002,Pipeline,Mexico,False,False,7.44952711,N9132MX2,U.S. Natural Gas Pipeline Exports to Mexico (MMcf),3.185
2003,Pipeline,Mexico,False,False,9.708669731,N9132MX2,U.S. Natural Gas Pipeline Exports to Mexico (MMcf),5.174
2004,Pipeline,Mexico,False,False,11.244204845,N9132MX2,U.S. Natural Gas Pipeline Exports to Mexico (MMcf),5.685
2005,Pipeline,Mexico,False,False,8.635321427,N9132MX2,U.S. Natural Gas Pipeline Exports to Mexico (MMcf),7.471
2006,Pipeline,Mexico,False,False,9.116735344,N9132MX2,U.S. Natural Gas Pipeline Exports to Mexico (MMcf),6.236
2007,Pipeline,Mexico,False,False,8.262077686,N9132MX2,U.S. Natural Gas Pipeline Exports to Mexico (MMcf),6.371
2008,Pipeline,Mexico,False,False,10.346845453,N9132MX2,U.S. Natural Gas Pipeline Exports to Mexico (MMcf),7.963
2009,Pipeline,Mexico,False,False,9.582575021,N9132MX2,U.S. Natural Gas Pipeline Exports to Mexico (MMcf),3.697
2010,Pipeline,Mexico,False,False,9.436601917,N9132MX2,U.S. Natural Gas Pipeline Exports to Mexico (MMcf),4.382
2011,Pipeline,Mexico,False,False,14.120370538,N9132MX2,U.S. Natural Gas Pipeline Exports to Mexico (MMcf),4.035
2012,Pipeline,Mexico,False,False,17.550809274,N9132MX2,U.S. Natural Gas Pipeline Exports to Mexico (MMcf),2.838
2013,Pipeline,Mexico,False,False,18.642874982,N9132MX2,U.S. Natural Gas Pipeline Exports to Mexico (MMcf),3.774
2014,Pipeline,Mexico,False,False,20.629156918,N9132MX2,U.S. Natural Gas Pipeline Exports to Mexico (MMcf),4.498
2015,Pipeline,Mexico,False,False,29.853581053,N9132MX2,U.S. Natural Gas Pipeline Exports to Mexico (MMcf),2.712
2016,Pipeline,Mexico,False,False,39.000870224,N9132MX2,U.S. Natural Gas Pipeline Exports to Mexico (MMcf),2.548
2017,Pipeline,Mexico,False,False,43.316520445,N9132MX2,U.S. Natural Gas Pipeline Exports to Mexico (MMcf),3.147
2018,Pipeline,Mexico,False,False,47.813454819,N9132MX2,U.S. Natural Gas Pipeline Exports to Mexico (MMcf),3.185
2019,Pipeline,Mexico,False,False,52.820148227,N9132MX2,U.S. Natural Gas Pipeline Exports to Mexico (MMcf),2.481
2020,Pipeline,Mexico,False,False,56.373340291,N9132MX2,U.S. Natural Gas Pipeline Exports to Mexico (MMcf),2.046
2021,Pipeline,Mexico,False,False,61.007327978,N9132MX2,U.S. Natural Gas Pipeline Exports to Mexico (MMcf),5.222
2022,Pipeline,Mexico,False,False,58.860065034,N9132MX2,U.S. Natural Gas Pipeline Exports to Mexico (MMcf),6.042
2023,Pipeline,Mexico,False,False,63.47360799,N9132MX2,U.S. Natural Gas Pipeline Exports to Mexico (MMcf),2.558
2024,Pipeline,Mexico,False,False,66.334595878,N9132MX2,U.S. Natural Gas Pipeline Exports to Mexico (MMcf),1.747
2025,Pipeline,Mexico,False,False,68.607047395,N9132MX2,U.S. Natural Gas Pipeline Exports to Mexico (MMcf),2.654
