Year,State,Sub_Area,Level,Other_States_Group,Volume_bcm,Series_Code,Series_Name
1967,Alabama,,State or federal offshore area,True,0.007022566,N9050AL2,Alabama Natural Gas Marketed Production (MMcf)
1968,Alabama,,State or federal offshore area,True,0.006512864,N9050AL2,Alabama Natural Gas Marketed Production (MMcf)
1969,Alabama,,State or federal offshore area,True,0.005097024,N9050AL2,Alabama Natural Gas Marketed Production (MMcf)
1970,Alabama,,State or federal offshore area,True,0.017754634,N9050AL2,Alabama Natural Gas Marketed Production (MMcf)
1971,Alabama,,State or federal offshore area,True,0.010052464,N9050AL2,Alabama Natural Gas Marketed Production (MMcf)
1972,Alabama,,State or federal offshore area,True,0.103186419,N9050AL2,Alabama Natural Gas Marketed Production (MMcf)
1973,Alabama,,State or federal offshore area,True,0.319158653,N9050AL2,Alabama Natural Gas Marketed Production (MMcf)
1974,Alabama,,State or federal offshore area,True,0.789047632,N9050AL2,Alabama Natural Gas Marketed Production (MMcf)
1975,Alabama,,State or federal offshore area,True,1.070771475,N9050AL2,Alabama Natural Gas Marketed Production (MMcf)
1976,Alabama,,State or federal offshore area,True,1.173080074,N9050AL2,Alabama Natural Gas Marketed Production (MMcf)
1977,Alabama,,State or federal offshore area,True,1.620485514,N9050AL2,Alabama Natural Gas Marketed Production (MMcf)
1978,Alabama,,State or federal offshore area,True,2.423889763,N9050AL2,Alabama Natural Gas Marketed Production (MMcf)
1979,Alabama,,State or federal offshore area,True,2.430006192,N9050AL2,Alabama Natural Gas Marketed Production (MMcf)
1980,Alabama,,State or federal offshore area,True,1.848917139,N9050AL2,Alabama Natural Gas Marketed Production (MMcf)
1981,Alabama,,State or federal offshore area,True,2.243936499,N9050AL2,Alabama Natural Gas Marketed Production (MMcf)
1982,Alabama,,State or federal offshore area,True,2.12384495,N9050AL2,Alabama Natural Gas Marketed Production (MMcf)
1983,Alabama,,State or federal offshore area,True,2.571193757,N9050AL2,Alabama Natural Gas Marketed Production (MMcf)
1984,Alabama,,State or federal offshore area,True,2.883244893,N9050AL2,Alabama Natural Gas Marketed Production (MMcf)
1985,Alabama,,State or federal offshore area,True,3.039581946,N9050AL2,Alabama Natural Gas Marketed Production (MMcf)
1986,Alabama,,State or federal offshore area,True,3.035107891,N9050AL2,Alabama Natural Gas Marketed Production (MMcf)
1987,Alabama,,State or federal offshore area,True,3.319889949,N9050AL2,Alabama Natural Gas Marketed Production (MMcf)
1988,Alabama,,State or federal offshore area,True,3.667705203,N9050AL2,Alabama Natural Gas Marketed Production (MMcf)
1989,Alabama,,State or federal offshore area,True,3.636188605,N9050AL2,Alabama Natural Gas Marketed Production (MMcf)
1990,Alabama,,State or federal offshore area,True,3.830583437,N9050AL2,Alabama Natural Gas Marketed Production (MMcf)
1991,Alabama,,State or federal offshore area,True,4.83784033,N9050AL2,Alabama Natural Gas Marketed Production (MMcf)
1992,Alabama,,State or federal offshore area,True,10.055267363,N9050AL2,Alabama Natural Gas Marketed Production (MMcf)
1992,Alabama,Onshore,Component,True,4.791768896,NA1140_RALO_2,Alabama--onshore Natural Gas Marketed Production (MMcf)
1992,Alabama,State Offshore,Component,True,3.018174445,NA1140_RALSF_2,Alabama--State Offshore Natural Gas Marketed Production (MMcf)
1993,Alabama,,State or federal offshore area,True,10.987598003,N9050AL2,Alabama Natural Gas Marketed Production (MMcf)
1993,Alabama,Onshore,Component,True,4.989646694,NA1140_RALO_2,Alabama--onshore Natural Gas Marketed Production (MMcf)
1993,Alabama,State Offshore,Component,True,3.548151674,NA1140_RALSF_2,Alabama--State Offshore Natural Gas Marketed Production (MMcf)
1994,Alabama,,State or federal offshore area,True,14.59085417,N9050AL2,Alabama Natural Gas Marketed Production (MMcf)
1994,Alabama,Onshore,Component,True,4.942329322,NA1140_RALO_2,Alabama--onshore Natural Gas Marketed Production (MMcf)
1994,Alabama,State Offshore,Component,True,6.236293814,NA1140_RALSF_2,Alabama--State Offshore Natural Gas Marketed Production (MMcf)
1995,Alabama,,State or federal offshore area,True,14.715136605,N9050AL2,Alabama Natural Gas Marketed Production (MMcf)
1995,Alabama,Onshore,Component,True,4.910104803,NA1140_RALO_2,Alabama--onshore Natural Gas Marketed Production (MMcf)
1995,Alabama,State Offshore,Component,True,5.735822691,NA1140_RALSF_2,Alabama--State Offshore Natural Gas Marketed Production (MMcf)
1996,Alabama,,State or federal offshore area,True,15.031718429,N9050AL2,Alabama Natural Gas Marketed Production (MMcf)
1996,Alabama,Onshore,Component,True,5.104867754,NA1140_RALO_2,Alabama--onshore Natural Gas Marketed Production (MMcf)
1996,Alabama,State Offshore,Component,True,5.621139651,NA1140_RALSF_2,Alabama--State Offshore Natural Gas Marketed Production (MMcf)
1997,Alabama,,State or federal offshore area,True,11.003795213,N9050AL2,Alabama Natural Gas Marketed Production (MMcf)
1997,Alabama,Onshore,Component,True,5.254861843,NA1140_RALO_2,Alabama--onshore Natural Gas Marketed Production (MMcf)
1997,Alabama,State Offshore,Component,True,5.748905053,NA1140_RALSF_2,Alabama--State Offshore Natural Gas Marketed Production (MMcf)
1998,Alabama,,State or federal offshore area,True,11.111342419,N9050AL2,Alabama Natural Gas Marketed Production (MMcf)
1998,Alabama,Onshore,Component,True,5.171808669,NA1140_RALO_2,Alabama--onshore Natural Gas Marketed Production (MMcf)
1998,Alabama,State Offshore,Component,True,5.939505434,NA1140_RALSF_2,Alabama--State Offshore Natural Gas Marketed Production (MMcf)
1999,Alabama,,State or federal offshore area,True,10.808550877,N9050AL2,Alabama Natural Gas Marketed Production (MMcf)
1999,Alabama,Onshore,Component,True,5.075135114,NA1140_RALO_2,Alabama--onshore Natural Gas Marketed Production (MMcf)
1999,Alabama,State Offshore,Component,True,5.73344408,NA1140_RALSF_2,Alabama--State Offshore Natural Gas Marketed Production (MMcf)
2000,Alabama,,State or federal offshore area,True,10.292222346,N9050AL2,Alabama Natural Gas Marketed Production (MMcf)
2000,Alabama,Onshore,Component,True,4.868139306,NA1140_RALO_2,Alabama--onshore Natural Gas Marketed Production (MMcf)
2000,Alabama,State Offshore,Component,True,5.42408304,NA1140_RALSF_2,Alabama--State Offshore Natural Gas Marketed Production (MMcf)
2001,Alabama,,State or federal offshore area,True,10.103717408,N9050AL2,Alabama Natural Gas Marketed Production (MMcf)
2001,Alabama,Onshore,Component,True,4.68988505,NA1140_RALO_2,Alabama--onshore Natural Gas Marketed Production (MMcf)
2001,Alabama,State Offshore,Component,True,5.413832358,NA1140_RALSF_2,Alabama--State Offshore Natural Gas Marketed Production (MMcf)
2002,Alabama,,State or federal offshore area,True,10.082508125,N9050AL2,Alabama Natural Gas Marketed Production (MMcf)
2002,Alabama,Onshore,Component,True,4.604679798,NA1140_RALO_2,Alabama--onshore Natural Gas Marketed Production (MMcf)
2002,Alabama,State Offshore,Component,True,5.477828326,NA1140_RALSF_2,Alabama--State Offshore Natural Gas Marketed Production (MMcf)
2003,Alabama,,State or federal offshore area,True,9.801718736,N9050AL2,Alabama Natural Gas Marketed Production (MMcf)
2003,Alabama,Onshore,Component,True,4.602159603,NA1140_RALO_2,Alabama--onshore Natural Gas Marketed Production (MMcf)
2003,Alabama,State Offshore,Component,True,5.199559133,NA1140_RALSF_2,Alabama--State Offshore Natural Gas Marketed Production (MMcf)
2004,Alabama,,State or federal offshore area,True,8.948703453,N9050AL2,Alabama Natural Gas Marketed Production (MMcf)
2004,Alabama,Onshore,Component,True,4.528535923,NA1140_RALO_2,Alabama--onshore Natural Gas Marketed Production (MMcf)
2004,Alabama,State Offshore,Component,True,4.42016753,NA1140_RALSF_2,Alabama--State Offshore Natural Gas Marketed Production (MMcf)
2005,Alabama,,State or federal offshore area,True,8.39672407,N9050AL2,Alabama Natural Gas Marketed Production (MMcf)
2005,Alabama,Onshore,Component,True,4.337539107,NA1140_RALO_2,Alabama--onshore Natural Gas Marketed Production (MMcf)
2005,Alabama,State Offshore,Component,True,4.059184963,NA1140_RALSF_2,Alabama--State Offshore Natural Gas Marketed Production (MMcf)
2006,Alabama,,State or federal offshore area,True,8.104834496,N9050AL2,Alabama Natural Gas Marketed Production (MMcf)
2006,Alabama,Onshore,Component,True,4.230954672,NA1140_RALO_2,Alabama--onshore Natural Gas Marketed Production (MMcf)
2006,Alabama,State Offshore,Component,True,3.873879824,NA1140_RALSF_2,Alabama--State Offshore Natural Gas Marketed Production (MMcf)
2007,Alabama,,State or federal offshore area,True,7.657060938,N9050AL2,Alabama Natural Gas Marketed Production (MMcf)
2007,Alabama,Onshore,Component,True,4.094014627,NA1140_RALO_2,Alabama--onshore Natural Gas Marketed Production (MMcf)
2007,Alabama,State Offshore,Component,True,3.56304631,NA1140_RALSF_2,Alabama--State Offshore Natural Gas Marketed Production (MMcf)
2008,Alabama,,State or federal offshore area,True,7.302449651,N9050AL2,Alabama Natural Gas Marketed Production (MMcf)
2008,Alabama,Onshore,Component,True,3.975707037,NA1140_RALO_2,Alabama--onshore Natural Gas Marketed Production (MMcf)
2008,Alabama,State Offshore,Component,True,3.326742614,NA1140_RALSF_2,Alabama--State Offshore Natural Gas Marketed Production (MMcf)
2009,Alabama,,State or federal offshore area,True,6.683585987,N9050AL2,Alabama Natural Gas Marketed Production (MMcf)
2009,Alabama,Onshore,Component,True,3.815887018,NA1140_RALO_2,Alabama--onshore Natural Gas Marketed Production (MMcf)
2009,Alabama,State Offshore,Component,True,2.86769897,NA1140_RALSF_2,Alabama--State Offshore Natural Gas Marketed Production (MMcf)
2010,Alabama,,State or federal offshore area,True,6.312720858,N9050AL2,Alabama Natural Gas Marketed Production (MMcf)
2010,Alabama,Onshore,Component,True,3.630043859,NA1140_RALO_2,Alabama--onshore Natural Gas Marketed Production (MMcf)
2010,Alabama,State Offshore,Component,True,2.682676998,NA1140_RALSF_2,Alabama--State Offshore Natural Gas Marketed Production (MMcf)
2011,Alabama,,State or federal offshore area,True,5.538228061,N9050AL2,Alabama Natural Gas Marketed Production (MMcf)
2011,Alabama,Onshore,Component,True,3.311140058,NA1140_RALO_2,Alabama--onshore Natural Gas Marketed Production (MMcf)
2011,Alabama,State Offshore,Component,True,2.227088003,NA1140_RALSF_2,Alabama--State Offshore Natural Gas Marketed Production (MMcf)
2012,Alabama,,State or federal offshore area,True,6.108216928,N9050AL2,Alabama Natural Gas Marketed Production (MMcf)
2012,Alabama,Onshore,Component,True,3.633385242,NA1140_RALO_2,Alabama--onshore Natural Gas Marketed Production (MMcf)
2012,Alabama,State Offshore,Component,True,2.474831686,NA1140_RALSF_2,Alabama--State Offshore Natural Gas Marketed Production (MMcf)
2013,Alabama,,State or federal offshore area,True,5.559324077,N9050AL2,Alabama Natural Gas Marketed Production (MMcf)
2013,Alabama,Onshore,Component,True,3.416874989,NA1140_RALO_2,Alabama--onshore Natural Gas Marketed Production (MMcf)
2013,Alabama,State Offshore,Component,True,2.142449088,NA1140_RALSF_2,Alabama--State Offshore Natural Gas Marketed Production (MMcf)
2014,Alabama,,State or federal offshore area,True,5.127039808,N9050AL2,Alabama Natural Gas Marketed Production (MMcf)
2014,Alabama,Onshore,Component,True,3.121417498,NA1140_RALO_2,Alabama--onshore Natural Gas Marketed Production (MMcf)
2014,Alabama,State Offshore,Component,True,2.005650627,NA1140_RALSF_2,Alabama--State Offshore Natural Gas Marketed Production (MMcf)
2015,Alabama,,State or federal offshore area,True,4.764188333,N9050AL2,Alabama Natural Gas Marketed Production (MMcf)
2015,Alabama,Onshore,Component,True,2.946702842,NA1140_RALO_2,Alabama--onshore Natural Gas Marketed Production (MMcf)
2015,Alabama,State Offshore,Component,True,1.817485491,NA1140_RALSF_2,Alabama--State Offshore Natural Gas Marketed Production (MMcf)
2016,Alabama,,State or federal offshore area,True,4.667033392,N9050AL2,Alabama Natural Gas Marketed Production (MMcf)
2016,Alabama,Onshore,Component,True,2.826186541,NA1140_RALO_2,Alabama--onshore Natural Gas Marketed Production (MMcf)
2016,Alabama,State Offshore,Component,True,1.840846851,NA1140_RALSF_2,Alabama--State Offshore Natural Gas Marketed Production (MMcf)
2017,Alabama,,State or federal offshore area,True,4.248596038,N9050AL2,Alabama Natural Gas Marketed Production (MMcf)
2017,Alabama,Onshore,Component,True,2.523225098,NA1140_RALO_2,Alabama--onshore Natural Gas Marketed Production (MMcf)
2017,Alabama,State Offshore,Component,True,1.725370941,NA1140_RALSF_2,Alabama--State Offshore Natural Gas Marketed Production (MMcf)
2018,Alabama,,State or federal offshore area,True,3.949542314,N9050AL2,Alabama Natural Gas Marketed Production (MMcf)
2018,Alabama,Onshore,Component,True,2.333644122,NA1140_RALO_2,Alabama--onshore Natural Gas Marketed Production (MMcf)
2018,Alabama,State Offshore,Component,True,1.615926509,NA1140_RALSF_2,Alabama--State Offshore Natural Gas Marketed Production (MMcf)
2019,Alabama,,State or federal offshore area,True,3.683137859,N9050AL2,Alabama Natural Gas Marketed Production (MMcf)
2019,Alabama,Onshore,Component,True,2.14420473,NA1140_RALO_2,Alabama--onshore Natural Gas Marketed Production (MMcf)
2019,Alabama,State Offshore,Component,True,1.53893313,NA1140_RALSF_2,Alabama--State Offshore Natural Gas Marketed Production (MMcf)
2020,Alabama,,State or federal offshore area,True,3.313915104,N9050AL2,Alabama Natural Gas Marketed Production (MMcf)
2020,Alabama,Onshore,Component,True,1.946241981,NA1140_RALO_2,Alabama--onshore Natural Gas Marketed Production (MMcf)
2020,Alabama,State Offshore,Component,True,1.367673123,NA1140_RALSF_2,Alabama--State Offshore Natural Gas Marketed Production (MMcf)
2021,Alabama,,State or federal offshore area,True,3.036495414,N9050AL2,Alabama Natural Gas Marketed Production (MMcf)
2021,Alabama,Onshore,Component,True,1.748052698,NA1140_RALO_2,Alabama--onshore Natural Gas Marketed Production (MMcf)
2021,Alabama,State Offshore,Component,True,1.288442717,NA1140_RALSF_2,Alabama--State Offshore Natural Gas Marketed Production (MMcf)
2022,Alabama,,State or federal offshore area,True,2.712607856,N9050AL2,Alabama Natural Gas Marketed Production (MMcf)
2022,Alabama,Onshore,Component,True,1.544936291,NA1140_RALO_2,Alabama--onshore Natural Gas Marketed Production (MMcf)
2022,Alabama,State Offshore,Component,True,1.167671565,NA1140_RALSF_2,Alabama--State Offshore Natural Gas Marketed Production (MMcf)
2023,Alabama,,State or federal offshore area,True,2.474633469,N9050AL2,Alabama Natural Gas Marketed Production (MMcf)
2023,Alabama,Onshore,Component,True,1.457635597,NA1140_RALO_2,Alabama--onshore Natural Gas Marketed Production (MMcf)
2023,Alabama,State Offshore,Component,True,1.016997872,NA1140_RALSF_2,Alabama--State Offshore Natural Gas Marketed Production (MMcf)
2024,Alabama,,State or federal offshore area,True,2.14641344,N9050AL2,Alabama Natural Gas Marketed Production (MMcf)
2024,Alabama,Onshore,Component,True,1.281476784,NA1140_RALO_2,Alabama--onshore Natural Gas Marketed Production (MMcf)
2024,Alabama,State Offshore,Component,True,0.864936656,NA1140_RALSF_2,Alabama--State Offshore Natural Gas Marketed Production (MMcf)
1967,Alaska,,State or federal offshore area,False,0.408837958,N9050AK2,Alaska Natural Gas Marketed Production (MMcf)
1968,Alaska,,State or federal offshore area,False,0.491098262,N9050AK2,Alaska Natural Gas Marketed Production (MMcf)
1969,Alaska,,State or federal offshore area,False,1.440305715,N9050AK2,Alaska Natural Gas Marketed Production (MMcf)
1970,Alaska,,State or federal offshore area,False,3.159475277,N9050AK2,Alaska Natural Gas Marketed Production (MMcf)
1971,Alaska,,State or federal offshore area,False,3.443832582,N9050AK2,Alaska Natural Gas Marketed Production (MMcf)
1972,Alaska,,State or federal offshore area,False,3.556476813,N9050AK2,Alaska Natural Gas Marketed Production (MMcf)
1973,Alaska,,State or federal offshore area,False,3.709699018,N9050AK2,Alaska Natural Gas Marketed Production (MMcf)
1974,Alaska,,State or federal offshore area,False,3.651026608,N9050AK2,Alaska Natural Gas Marketed Production (MMcf)
1975,Alaska,,State or federal offshore area,False,4.538333536,N9050AK2,Alaska Natural Gas Marketed Production (MMcf)
1976,Alaska,,State or federal offshore area,False,4.70262761,N9050AK2,Alaska Natural Gas Marketed Production (MMcf)
1977,Alaska,,State or federal offshore area,False,5.320415235,N9050AK2,Alaska Natural Gas Marketed Production (MMcf)
1978,Alaska,,State or federal offshore area,False,5.750802278,N9050AK2,Alaska Natural Gas Marketed Production (MMcf)
1979,Alaska,,State or federal offshore area,False,6.251046867,N9050AK2,Alaska Natural Gas Marketed Production (MMcf)
1980,Alaska,,State or federal offshore area,False,6.529514278,N9050AK2,Alaska Natural Gas Marketed Production (MMcf)
1981,Alaska,,State or federal offshore area,False,6.868636275,N9050AK2,Alaska Natural Gas Marketed Production (MMcf)
1982,Alaska,,State or federal offshore area,False,7.485942515,N9050AK2,Alaska Natural Gas Marketed Production (MMcf)
1983,Alaska,,State or federal offshore area,False,7.835003709,N9050AK2,Alaska Natural Gas Marketed Production (MMcf)
1984,Alaska,,State or federal offshore area,False,8.187208067,N9050AK2,Alaska Natural Gas Marketed Production (MMcf)
1985,Alaska,,State or federal offshore area,False,9.099490413,N9050AK2,Alaska Natural Gas Marketed Production (MMcf)
1986,Alaska,,State or federal offshore area,False,8.632121629,N9050AK2,Alaska Natural Gas Marketed Production (MMcf)
1987,Alaska,,State or federal offshore area,False,10.189432362,N9050AK2,Alaska Natural Gas Marketed Production (MMcf)
1988,Alaska,,State or federal offshore area,False,10.721816518,N9050AK2,Alaska Natural Gas Marketed Production (MMcf)
1989,Alaska,,State or federal offshore area,False,11.149145347,N9050AK2,Alaska Natural Gas Marketed Production (MMcf)
1990,Alaska,,State or federal offshore area,False,11.409036938,N9050AK2,Alaska Natural Gas Marketed Production (MMcf)
1991,Alaska,,State or federal offshore area,False,12.39771801,N9050AK2,Alaska Natural Gas Marketed Production (MMcf)
1992,Alaska,,State or federal offshore area,False,12.56124753,N9050AK2,Alaska Natural Gas Marketed Production (MMcf)
1992,Alaska,Onshore,Component,False,8.961021261,NA1140_RAKO_2,Alaska--onshore Natural Gas Marketed Production (MMcf)
1992,Alaska,State Offshore,Component,False,3.600254586,NA1140_RAKSF_2,Alaska--State Offshore Natural Gas Marketed Production (MMcf)
1993,Alaska,,State or federal offshore area,False,12.18613488,N9050AK2,Alaska Natural Gas Marketed Production (MMcf)
1993,Alaska,Onshore,Component,False,8.736072602,NA1140_RAKO_2,Alaska--onshore Natural Gas Marketed Production (MMcf)
1993,Alaska,State Offshore,Component,False,3.450062278,NA1140_RAKSF_2,Alaska--State Offshore Natural Gas Marketed Production (MMcf)
1994,Alaska,,State or federal offshore area,False,15.727207354,N9050AK2,Alaska Natural Gas Marketed Production (MMcf)
1994,Alaska,Onshore,Component,False,9.503344614,NA1140_RAKO_2,Alaska--onshore Natural Gas Marketed Production (MMcf)
1994,Alaska,State Offshore,Component,False,6.223862739,NA1140_RAKSF_2,Alaska--State Offshore Natural Gas Marketed Production (MMcf)
1995,Alaska,,State or federal offshore area,False,13.29615344,N9050AK2,Alaska Natural Gas Marketed Production (MMcf)
1995,Alaska,Onshore,Component,False,10.126908867,NA1140_RAKO_2,Alaska--onshore Natural Gas Marketed Production (MMcf)
1995,Alaska,State Offshore,Component,False,3.169216256,NA1140_RAKSF_2,Alaska--State Offshore Natural Gas Marketed Production (MMcf)
1996,Alaska,,State or federal offshore area,False,13.61551031,N9050AK2,Alaska Natural Gas Marketed Production (MMcf)
1996,Alaska,Onshore,Component,False,10.078090704,NA1140_RAKO_2,Alaska--onshore Natural Gas Marketed Production (MMcf)
1996,Alaska,State Offshore,Component,False,3.53739129,NA1140_RAKSF_2,Alaska--State Offshore Natural Gas Marketed Production (MMcf)
1997,Alaska,,State or federal offshore area,False,13.261068925,N9050AK2,Alaska Natural Gas Marketed Production (MMcf)
1997,Alaska,Onshore,Component,False,9.80681576,NA1140_RAKO_2,Alaska--onshore Natural Gas Marketed Production (MMcf)
1997,Alaska,State Offshore,Component,False,3.454253165,NA1140_RAKSF_2,Alaska--State Offshore Natural Gas Marketed Production (MMcf)
1998,Alaska,,State or federal offshore area,False,13.213978086,N9050AK2,Alaska Natural Gas Marketed Production (MMcf)
1998,Alaska,Onshore,Component,False,9.498190957,NA1140_RAKO_2,Alaska--onshore Natural Gas Marketed Production (MMcf)
1998,Alaska,State Offshore,Component,False,3.71578713,NA1140_RAKSF_2,Alaska--State Offshore Natural Gas Marketed Production (MMcf)
1999,Alaska,,State or federal offshore area,False,13.109743946,N9050AK2,Alaska Natural Gas Marketed Production (MMcf)
1999,Alaska,Onshore,Component,False,9.593901741,NA1140_RAKO_2,Alaska--onshore Natural Gas Marketed Production (MMcf)
1999,Alaska,State Offshore,Component,False,3.515842205,NA1140_RAKSF_2,Alaska--State Offshore Natural Gas Marketed Production (MMcf)
2000,Alaska,,State or federal offshore area,False,12.997269616,N9050AK2,Alaska Natural Gas Marketed Production (MMcf)
2000,Alaska,Onshore,Component,False,9.190981994,NA1140_RAKO_2,Alaska--onshore Natural Gas Marketed Production (MMcf)
2000,Alaska,State Offshore,Component,False,3.806287622,NA1140_RAKSF_2,Alaska--State Offshore Natural Gas Marketed Production (MMcf)
2001,Alaska,,State or federal offshore area,False,13.349672192,N9050AK2,Alaska Natural Gas Marketed Production (MMcf)
2001,Alaska,Onshore,Component,False,9.608201725,NA1140_RAKO_2,Alaska--onshore Natural Gas Marketed Production (MMcf)
2001,Alaska,State Offshore,Component,False,3.741498784,NA1140_RAKSF_2,Alaska--State Offshore Natural Gas Marketed Production (MMcf)
2002,Alaska,,State or federal offshore area,False,13.119201757,N9050AK2,Alaska Natural Gas Marketed Production (MMcf)
2002,Alaska,Onshore,Component,False,10.163918925,NA1140_RAKO_2,Alaska--onshore Natural Gas Marketed Production (MMcf)
2002,Alaska,State Offshore,Component,False,2.955311149,NA1140_RAKSF_2,Alaska--State Offshore Natural Gas Marketed Production (MMcf)
2003,Alaska,,State or federal offshore area,False,13.868351018,N9050AK2,Alaska Natural Gas Marketed Production (MMcf)
2003,Alaska,Onshore,Component,False,11.988370349,NA1140_RAKO_2,Alaska--onshore Natural Gas Marketed Production (MMcf)
2003,Alaska,State Offshore,Component,False,1.879980669,NA1140_RAKSF_2,Alaska--State Offshore Natural Gas Marketed Production (MMcf)
2004,Alaska,,State or federal offshore area,False,13.362669603,N9050AK2,Alaska Natural Gas Marketed Production (MMcf)
2004,Alaska,Onshore,Component,False,10.33846368,NA1140_RAKO_2,Alaska--onshore Natural Gas Marketed Production (MMcf)
2004,Alaska,State Offshore,Component,False,3.024205923,NA1140_RAKSF_2,Alaska--State Offshore Natural Gas Marketed Production (MMcf)
2005,Alaska,,State or federal offshore area,False,13.798266938,N9050AK2,Alaska Natural Gas Marketed Production (MMcf)
2005,Alaska,Onshore,Component,False,10.672375386,NA1140_RAKO_2,Alaska--onshore Natural Gas Marketed Production (MMcf)
2005,Alaska,State Offshore,Component,False,3.125891552,NA1140_RAKSF_2,Alaska--State Offshore Natural Gas Marketed Production (MMcf)
2006,Alaska,,State or federal offshore area,False,12.593160563,N9050AK2,Alaska Natural Gas Marketed Production (MMcf)
2006,Alaska,Onshore,Component,False,10.766642013,NA1140_RAKO_2,Alaska--onshore Natural Gas Marketed Production (MMcf)
2006,Alaska,State Offshore,Component,False,1.82651855,NA1140_RAKSF_2,Alaska--State Offshore Natural Gas Marketed Production (MMcf)
2007,Alaska,,State or federal offshore area,False,12.274908048,N9050AK2,Alaska Natural Gas Marketed Production (MMcf)
2007,Alaska,Onshore,Component,False,10.430323379,NA1140_RAKO_2,Alaska--onshore Natural Gas Marketed Production (MMcf)
2007,Alaska,State Offshore,Component,False,1.844584669,NA1140_RAKSF_2,Alaska--State Offshore Natural Gas Marketed Production (MMcf)
2008,Alaska,,State or federal offshore area,False,11.282602426,N9050AK2,Alaska Natural Gas Marketed Production (MMcf)
2008,Alaska,Onshore,Component,False,9.552927331,NA1140_RAKO_2,Alaska--onshore Natural Gas Marketed Production (MMcf)
2008,Alaska,State Offshore,Component,False,1.729703411,NA1140_RAKSF_2,Alaska--State Offshore Natural Gas Marketed Production (MMcf)
2009,Alaska,,State or federal offshore area,False,11.243949994,N9050AK2,Alaska Natural Gas Marketed Production (MMcf)
2009,Alaska,Onshore,Component,False,9.895503978,NA1140_RAKO_2,Alaska--onshore Natural Gas Marketed Production (MMcf)
2009,Alaska,State Offshore,Component,False,1.348446016,NA1140_RAKSF_2,Alaska--State Offshore Natural Gas Marketed Production (MMcf)
2010,Alaska,,State or federal offshore area,False,10.596882797,N9050AK2,Alaska Natural Gas Marketed Production (MMcf)
2010,Alaska,Onshore,Component,False,8.963569773,NA1140_RAKO_2,Alaska--onshore Natural Gas Marketed Production (MMcf)
2010,Alaska,State Offshore,Component,False,1.633313024,NA1140_RAKSF_2,Alaska--State Offshore Natural Gas Marketed Production (MMcf)
2011,Alaska,,State or federal offshore area,False,10.08715208,N9050AK2,Alaska Natural Gas Marketed Production (MMcf)
2011,Alaska,Onshore,Component,False,8.34575383,NA1140_RAKO_2,Alaska--onshore Natural Gas Marketed Production (MMcf)
2011,Alaska,State Offshore,Component,False,1.741369933,NA1140_RAKSF_2,Alaska--State Offshore Natural Gas Marketed Production (MMcf)
2012,Alaska,,State or federal offshore area,False,9.946530851,N9050AK2,Alaska Natural Gas Marketed Production (MMcf)
2012,Alaska,Onshore,Component,False,8.939104058,NA1140_RAKO_2,Alaska--onshore Natural Gas Marketed Production (MMcf)
2012,Alaska,State Offshore,Component,False,1.007426794,NA1140_RAKSF_2,Alaska--State Offshore Natural Gas Marketed Production (MMcf)
2013,Alaska,,State or federal offshore area,False,9.576232058,N9050AK2,Alaska Natural Gas Marketed Production (MMcf)
2013,Alaska,Onshore,Component,False,7.931563997,NA1140_RAKO_2,Alaska--onshore Natural Gas Marketed Production (MMcf)
2013,Alaska,State Offshore,Component,False,1.644668061,NA1140_RAKSF_2,Alaska--State Offshore Natural Gas Marketed Production (MMcf)
2014,Alaska,,State or federal offshore area,False,9.778074208,N9050AK2,Alaska Natural Gas Marketed Production (MMcf)
2014,Alaska,Onshore,Component,False,8.637841622,NA1140_RAKO_2,Alaska--onshore Natural Gas Marketed Production (MMcf)
2014,Alaska,State Offshore,Component,False,1.140232586,NA1140_RAKSF_2,Alaska--State Offshore Natural Gas Marketed Production (MMcf)
2015,Alaska,,State or federal offshore area,False,9.7303604,N9050AK2,Alaska Natural Gas Marketed Production (MMcf)
2015,Alaska,Onshore,Component,False,8.591826822,NA1140_RAKO_2,Alaska--onshore Natural Gas Marketed Production (MMcf)
2015,Alaska,State Offshore,Component,False,1.138533578,NA1140_RAKSF_2,Alaska--State Offshore Natural Gas Marketed Production (MMcf)
2016,Alaska,,State or federal offshore area,False,9.422386883,N9050AK2,Alaska Natural Gas Marketed Production (MMcf)
2016,Alaska,Onshore,Component,False,8.366594995,NA1140_RAKO_2,Alaska--onshore Natural Gas Marketed Production (MMcf)
2016,Alaska,State Offshore,Component,False,1.055791888,NA1140_RAKSF_2,Alaska--State Offshore Natural Gas Marketed Production (MMcf)
2017,Alaska,,State or federal offshore area,False,9.751881168,N9050AK2,Alaska Natural Gas Marketed Production (MMcf)
2017,Alaska,Onshore,Component,False,8.64378815,NA1140_RAKO_2,Alaska--onshore Natural Gas Marketed Production (MMcf)
2017,Alaska,State Offshore,Component,False,1.108121334,NA1140_RAKSF_2,Alaska--State Offshore Natural Gas Marketed Production (MMcf)
2018,Alaska,,State or federal offshore area,False,9.664948592,N9050AK2,Alaska Natural Gas Marketed Production (MMcf)
2018,Alaska,Onshore,Component,False,8.557308643,NA1140_RAKO_2,Alaska--onshore Natural Gas Marketed Production (MMcf)
2018,Alaska,State Offshore,Component,False,1.107639949,NA1140_RAKSF_2,Alaska--State Offshore Natural Gas Marketed Production (MMcf)
2019,Alaska,,State or federal offshore area,False,9.326449565,N9050AK2,Alaska Natural Gas Marketed Production (MMcf)
2019,Alaska,Onshore,Component,False,8.269779856,NA1140_RAKO_2,Alaska--onshore Natural Gas Marketed Production (MMcf)
2019,Alaska,State Offshore,Component,False,1.056698026,NA1140_RAKSF_2,Alaska--State Offshore Natural Gas Marketed Production (MMcf)
2020,Alaska,,State or federal offshore area,False,9.608937962,N9050AK2,Alaska Natural Gas Marketed Production (MMcf)
2020,Alaska,Onshore,Component,False,8.517665123,NA1140_RAKO_2,Alaska--onshore Natural Gas Marketed Production (MMcf)
2020,Alaska,State Offshore,Component,False,1.091272838,NA1140_RAKSF_2,Alaska--State Offshore Natural Gas Marketed Production (MMcf)
2021,Alaska,,State or federal offshore area,False,10.042836288,N9050AK2,Alaska Natural Gas Marketed Production (MMcf)
2021,Alaska,Onshore,Component,False,8.896855392,NA1140_RAKO_2,Alaska--onshore Natural Gas Marketed Production (MMcf)
2021,Alaska,State Offshore,Component,False,1.145980896,NA1140_RAKSF_2,Alaska--State Offshore Natural Gas Marketed Production (MMcf)
2022,Alaska,,State or federal offshore area,False,10.566272336,N9050AK2,Alaska Natural Gas Marketed Production (MMcf)
2022,Alaska,Onshore,Component,False,9.39976176,NA1140_RAKO_2,Alaska--onshore Natural Gas Marketed Production (MMcf)
2022,Alaska,State Offshore,Component,False,1.166510576,NA1140_RAKSF_2,Alaska--State Offshore Natural Gas Marketed Production (MMcf)
2023,Alaska,,State or federal offshore area,False,10.412908547,N9050AK2,Alaska Natural Gas Marketed Production (MMcf)
2023,Alaska,Onshore,Component,False,9.210973654,NA1140_RAKO_2,Alaska--onshore Natural Gas Marketed Production (MMcf)
2023,Alaska,State Offshore,Component,False,1.201934893,NA1140_RAKSF_2,Alaska--State Offshore Natural Gas Marketed Production (MMcf)
2024,Alaska,,State or federal offshore area,False,10.530338317,N9050AK2,Alaska Natural Gas Marketed Production (MMcf)
2024,Alaska,Onshore,Component,False,9.28216209,NA1140_RAKO_2,Alaska--onshore Natural Gas Marketed Production (MMcf)
2024,Alaska,State Offshore,Component,False,1.248176227,NA1140_RAKSF_2,Alaska--State Offshore Natural Gas Marketed Production (MMcf)
2025,Alaska,,State or federal offshore area,False,10.447653261,N9050AK2,Alaska Natural Gas Marketed Production (MMcf)
1967,Arizona,,State or federal offshore area,True,0.035537584,N9050AZ2,Arizona Natural Gas Marketed Production (MMcf)
1968,Arizona,,State or federal offshore area,True,0.024947101,N9050AZ2,Arizona Natural Gas Marketed Production (MMcf)
1969,Arizona,,State or federal offshore area,True,0.032167885,N9050AZ2,Arizona Natural Gas Marketed Production (MMcf)
1970,Arizona,,State or federal offshore area,True,0.031176797,N9050AZ2,Arizona Natural Gas Marketed Production (MMcf)
1971,Arizona,,State or federal offshore area,True,0.024578982,N9050AZ2,Arizona Natural Gas Marketed Production (MMcf)
1972,Arizona,,State or federal offshore area,True,0.012516026,N9050AZ2,Arizona Natural Gas Marketed Production (MMcf)
1973,Arizona,,State or federal offshore area,True,0.0035396,N9050AZ2,Arizona Natural Gas Marketed Production (MMcf)
1974,Arizona,,State or federal offshore area,True,0.006342963,N9050AZ2,Arizona Natural Gas Marketed Production (MMcf)
1975,Arizona,,State or federal offshore area,True,0.005889894,N9050AZ2,Arizona Natural Gas Marketed Production (MMcf)
1976,Arizona,,State or federal offshore area,True,0.007419002,N9050AZ2,Arizona Natural Gas Marketed Production (MMcf)
1977,Arizona,,State or federal offshore area,True,0.006796032,N9050AZ2,Arizona Natural Gas Marketed Production (MMcf)
1978,Arizona,,State or federal offshore area,True,0.008098605,N9050AZ2,Arizona Natural Gas Marketed Production (MMcf)
1979,Arizona,,State or federal offshore area,True,0.00699425,N9050AZ2,Arizona Natural Gas Marketed Production (MMcf)
1980,Arizona,,State or federal offshore area,True,0.006059795,N9050AZ2,Arizona Natural Gas Marketed Production (MMcf)
1981,Arizona,,State or federal offshore area,True,0.005295242,N9050AZ2,Arizona Natural Gas Marketed Production (MMcf)
1982,Arizona,,State or federal offshore area,True,0.002803363,N9050AZ2,Arizona Natural Gas Marketed Production (MMcf)
1983,Arizona,,State or federal offshore area,True,0.003737818,N9050AZ2,Arizona Natural Gas Marketed Production (MMcf)
1984,Arizona,,State or federal offshore area,True,0.001274256,N9050AZ2,Arizona Natural Gas Marketed Production (MMcf)
1985,Arizona,,State or federal offshore area,True,0.002406928,N9050AZ2,Arizona Natural Gas Marketed Production (MMcf)
1986,Arizona,,State or federal offshore area,True,0.001783958,N9050AZ2,Arizona Natural Gas Marketed Production (MMcf)
1987,Arizona,,State or federal offshore area,True,0.001699008,N9050AZ2,Arizona Natural Gas Marketed Production (MMcf)
1988,Arizona,,State or federal offshore area,True,0.001585741,N9050AZ2,Arizona Natural Gas Marketed Production (MMcf)
1989,Arizona,,State or federal offshore area,True,0.038510848,N9050AZ2,Arizona Natural Gas Marketed Production (MMcf)
1990,Arizona,,State or federal offshore area,True,0.0601732,N9050AZ2,Arizona Natural Gas Marketed Production (MMcf)
1991,Arizona,,State or federal offshore area,True,0.03468808,N9050AZ2,Arizona Natural Gas Marketed Production (MMcf)
1992,Arizona,,State or federal offshore area,True,0.021832253,N9050AZ2,Arizona Natural Gas Marketed Production (MMcf)
1993,Arizona,,State or federal offshore area,True,0.01690513,N9050AZ2,Arizona Natural Gas Marketed Production (MMcf)
1994,Arizona,,State or federal offshore area,True,0.021294234,N9050AZ2,Arizona Natural Gas Marketed Production (MMcf)
1995,Arizona,,State or federal offshore area,True,0.015800774,N9050AZ2,Arizona Natural Gas Marketed Production (MMcf)
1996,Arizona,,State or federal offshore area,True,0.013110678,N9050AZ2,Arizona Natural Gas Marketed Production (MMcf)
1997,Arizona,,State or federal offshore area,True,0.012799194,N9050AZ2,Arizona Natural Gas Marketed Production (MMcf)
1998,Arizona,,State or federal offshore area,True,0.012940778,N9050AZ2,Arizona Natural Gas Marketed Production (MMcf)
1999,Arizona,,State or federal offshore area,True,0.013422163,N9050AZ2,Arizona Natural Gas Marketed Production (MMcf)
2000,Arizona,,State or federal offshore area,True,0.010420582,N9050AZ2,Arizona Natural Gas Marketed Production (MMcf)
2001,Arizona,,State or federal offshore area,True,0.008693258,N9050AZ2,Arizona Natural Gas Marketed Production (MMcf)
2002,Arizona,,State or federal offshore area,True,0.008523357,N9050AZ2,Arizona Natural Gas Marketed Production (MMcf)
2003,Arizona,,State or federal offshore area,True,0.012544342,N9050AZ2,Arizona Natural Gas Marketed Production (MMcf)
2004,Arizona,,State or federal offshore area,True,0.009372861,N9050AZ2,Arizona Natural Gas Marketed Production (MMcf)
2005,Arizona,,State or federal offshore area,True,0.006597814,N9050AZ2,Arizona Natural Gas Marketed Production (MMcf)
2006,Arizona,,State or federal offshore area,True,0.017301565,N9050AZ2,Arizona Natural Gas Marketed Production (MMcf)
2007,Arizona,,State or federal offshore area,True,0.018547504,N9050AZ2,Arizona Natural Gas Marketed Production (MMcf)
2008,Arizona,,State or federal offshore area,True,0.014809686,N9050AZ2,Arizona Natural Gas Marketed Production (MMcf)
2009,Arizona,,State or federal offshore area,True,0.020161562,N9050AZ2,Arizona Natural Gas Marketed Production (MMcf)
2010,Arizona,,State or federal offshore area,True,0.005181974,N9050AZ2,Arizona Natural Gas Marketed Production (MMcf)
2011,Arizona,,State or federal offshore area,True,0.004757222,N9050AZ2,Arizona Natural Gas Marketed Production (MMcf)
2012,Arizona,,State or federal offshore area,True,0.003313066,N9050AZ2,Arizona Natural Gas Marketed Production (MMcf)
2013,Arizona,,State or federal offshore area,True,0.00203881,N9050AZ2,Arizona Natural Gas Marketed Production (MMcf)
2014,Arizona,,State or federal offshore area,True,0.003001581,N9050AZ2,Arizona Natural Gas Marketed Production (MMcf)
2015,Arizona,,State or federal offshore area,True,0.002690096,N9050AZ2,Arizona Natural Gas Marketed Production (MMcf)
2016,Arizona,,State or federal offshore area,True,0.00133089,N9050AZ2,Arizona Natural Gas Marketed Production (MMcf)
2017,Arizona,,State or federal offshore area,True,0.001585741,N9050AZ2,Arizona Natural Gas Marketed Production (MMcf)
2018,Arizona,,State or federal offshore area,True,0.001189306,N9050AZ2,Arizona Natural Gas Marketed Production (MMcf)
2019,Arizona,,State or federal offshore area,True,0.001868909,N9050AZ2,Arizona Natural Gas Marketed Production (MMcf)
2020,Arizona,,State or federal offshore area,True,0.002463562,N9050AZ2,Arizona Natural Gas Marketed Production (MMcf)
2021,Arizona,,State or federal offshore area,True,0.006484547,N9050AZ2,Arizona Natural Gas Marketed Production (MMcf)
2022,Arizona,,State or federal offshore area,True,0.005181974,N9050AZ2,Arizona Natural Gas Marketed Production (MMcf)
2023,Arizona,,State or federal offshore area,True,0.00487049,N9050AZ2,Arizona Natural Gas Marketed Production (MMcf)
2024,Arizona,,State or federal offshore area,True,0.003936035,N9050AZ2,Arizona Natural Gas Marketed Production (MMcf)
1967,Arkansas,,State or federal offshore area,False,3.29953017,N9050AR2,Arkansas Natural Gas Marketed Production (MMcf)
1968,Arkansas,,State or federal offshore area,False,4.435175434,N9050AR2,Arkansas Natural Gas Marketed Production (MMcf)
1969,Arkansas,,State or federal offshore area,False,4.792816618,N9050AR2,Arkansas Natural Gas Marketed Production (MMcf)
1970,Arkansas,,State or federal offshore area,False,5.135279997,N9050AR2,Arkansas Natural Gas Marketed Production (MMcf)
1971,Arkansas,,State or federal offshore area,False,4.874850387,N9050AR2,Arkansas Natural Gas Marketed Production (MMcf)
1972,Arkansas,,State or federal offshore area,False,4.71537017,N9050AR2,Arkansas Natural Gas Marketed Production (MMcf)
1973,Arkansas,,State or federal offshore area,False,4.460717187,N9050AR2,Arkansas Natural Gas Marketed Production (MMcf)
1974,Arkansas,,State or federal offshore area,False,3.51057528,N9050AR2,Arkansas Natural Gas Marketed Production (MMcf)
1975,Arkansas,,State or federal offshore area,False,3.291459882,N9050AR2,Arkansas Natural Gas Marketed Production (MMcf)
1976,Arkansas,,State or federal offshore area,False,3.101624054,N9050AR2,Arkansas Natural Gas Marketed Production (MMcf)
1977,Arkansas,,State or federal offshore area,False,2.947665613,N9050AR2,Arkansas Natural Gas Marketed Production (MMcf)
1978,Arkansas,,State or federal offshore area,False,3.024007706,N9050AR2,Arkansas Natural Gas Marketed Production (MMcf)
1979,Arkansas,,State or federal offshore area,False,3.099330394,N9050AR2,Arkansas Natural Gas Marketed Production (MMcf)
1980,Arkansas,,State or federal offshore area,False,3.166044774,N9050AR2,Arkansas Natural Gas Marketed Production (MMcf)
1981,Arkansas,,State or federal offshore area,False,2.633065965,N9050AR2,Arkansas Natural Gas Marketed Production (MMcf)
1982,Arkansas,,State or federal offshore area,False,3.528584765,N9050AR2,Arkansas Natural Gas Marketed Production (MMcf)
1983,Arkansas,,State or federal offshore area,False,3.612119325,N9050AR2,Arkansas Natural Gas Marketed Production (MMcf)
1984,Arkansas,,State or federal offshore area,False,3.827327005,N9050AR2,Arkansas Natural Gas Marketed Production (MMcf)
1985,Arkansas,,State or federal offshore area,False,4.391907363,N9050AR2,Arkansas Natural Gas Marketed Production (MMcf)
1986,Arkansas,,State or federal offshore area,False,3.71162456,N9050AR2,Arkansas Natural Gas Marketed Production (MMcf)
1987,Arkansas,,State or federal offshore area,False,3.996944637,N9050AR2,Arkansas Natural Gas Marketed Production (MMcf)
1988,Arkansas,,State or federal offshore area,False,4.716814326,N9050AR2,Arkansas Natural Gas Marketed Production (MMcf)
1989,Arkansas,,State or federal offshore area,False,4.931597254,N9050AR2,Arkansas Natural Gas Marketed Production (MMcf)
1990,Arkansas,,State or federal offshore area,False,4.954194061,N9050AR2,Arkansas Natural Gas Marketed Production (MMcf)
1991,Arkansas,,State or federal offshore area,False,4.663833594,N9050AR2,Arkansas Natural Gas Marketed Production (MMcf)
1992,Arkansas,,State or federal offshore area,False,5.733557347,N9050AR2,Arkansas Natural Gas Marketed Production (MMcf)
1993,Arkansas,,State or federal offshore area,False,5.560570016,N9050AR2,Arkansas Natural Gas Marketed Production (MMcf)
1994,Arkansas,,State or federal offshore area,False,5.314298806,N9050AR2,Arkansas Natural Gas Marketed Production (MMcf)
1995,Arkansas,,State or federal offshore area,False,5.302094266,N9050AR2,Arkansas Natural Gas Marketed Production (MMcf)
1996,Arkansas,,State or federal offshore area,False,6.28128921,N9050AR2,Arkansas Natural Gas Marketed Production (MMcf)
1997,Arkansas,,State or federal offshore area,False,5.904449235,N9050AR2,Arkansas Natural Gas Marketed Production (MMcf)
1998,Arkansas,,State or federal offshore area,False,5.33409225,N9050AR2,Arkansas Natural Gas Marketed Production (MMcf)
1999,Arkansas,,State or federal offshore area,False,4.814025901,N9050AR2,Arkansas Natural Gas Marketed Production (MMcf)
2000,Arkansas,,State or federal offshore area,False,4.860352186,N9050AR2,Arkansas Natural Gas Marketed Production (MMcf)
2001,Arkansas,,State or federal offshore area,False,4.723355507,N9050AR2,Arkansas Natural Gas Marketed Production (MMcf)
2002,Arkansas,,State or federal offshore area,False,4.583668733,N9050AR2,Arkansas Natural Gas Marketed Production (MMcf)
2003,Arkansas,,State or federal offshore area,False,4.802500963,N9050AR2,Arkansas Natural Gas Marketed Production (MMcf)
2004,Arkansas,,State or federal offshore area,False,5.297195459,N9050AR2,Arkansas Natural Gas Marketed Production (MMcf)
2005,Arkansas,,State or federal offshore area,False,5.395284854,N9050AR2,Arkansas Natural Gas Marketed Production (MMcf)
2006,Arkansas,,State or federal offshore area,False,7.653832822,N9050AR2,Arkansas Natural Gas Marketed Production (MMcf)
2007,Arkansas,,State or federal offshore area,False,7.642307885,N9050AR2,Arkansas Natural Gas Marketed Production (MMcf)
2008,Arkansas,,State or federal offshore area,False,12.642233578,N9050AR2,Arkansas Natural Gas Marketed Production (MMcf)
2009,Arkansas,,State or federal offshore area,False,19.254064794,N9050AR2,Arkansas Natural Gas Marketed Production (MMcf)
2010,Arkansas,,State or federal offshore area,False,26.239451235,N9050AR2,Arkansas Natural Gas Marketed Production (MMcf)
2011,Arkansas,,State or federal offshore area,False,30.361612762,N9050AR2,Arkansas Natural Gas Marketed Production (MMcf)
2012,Arkansas,,State or federal offshore area,False,32.455810022,N9050AR2,Arkansas Natural Gas Marketed Production (MMcf)
2013,Arkansas,,State or federal offshore area,False,32.271354387,N9050AR2,Arkansas Natural Gas Marketed Production (MMcf)
2014,Arkansas,,State or federal offshore area,False,31.792205814,N9050AR2,Arkansas Natural Gas Marketed Production (MMcf)
2015,Arkansas,,State or federal offshore area,False,28.610785018,N9050AR2,Arkansas Natural Gas Marketed Production (MMcf)
2016,Arkansas,,State or federal offshore area,False,23.310276493,N9050AR2,Arkansas Natural Gas Marketed Production (MMcf)
2017,Arkansas,,State or federal offshore area,False,19.671001357,N9050AR2,Arkansas Natural Gas Marketed Production (MMcf)
2018,Arkansas,,State or federal offshore area,False,16.706487248,N9050AR2,Arkansas Natural Gas Marketed Production (MMcf)
2019,Arkansas,,State or federal offshore area,False,14.859439018,N9050AR2,Arkansas Natural Gas Marketed Production (MMcf)
2020,Arkansas,,State or federal offshore area,False,13.626185744,N9050AR2,Arkansas Natural Gas Marketed Production (MMcf)
2021,Arkansas,,State or federal offshore area,False,12.693940054,N9050AR2,Arkansas Natural Gas Marketed Production (MMcf)
2022,Arkansas,,State or federal offshore area,False,11.78616008,N9050AR2,Arkansas Natural Gas Marketed Production (MMcf)
2023,Arkansas,,State or federal offshore area,False,11.030214787,N9050AR2,Arkansas Natural Gas Marketed Production (MMcf)
2024,Arkansas,,State or federal offshore area,False,10.061185574,N9050AR2,Arkansas Natural Gas Marketed Production (MMcf)
2025,Arkansas,,State or federal offshore area,False,9.155472726,N9050AR2,Arkansas Natural Gas Marketed Production (MMcf)
1967,California,,State or federal offshore area,False,19.286006144,N9050CA2,California Natural Gas Marketed Production (MMcf)
1968,California,,State or federal offshore area,False,20.243482102,N9050CA2,California Natural Gas Marketed Production (MMcf)
1969,California,,State or federal offshore area,False,19.189983875,N9050CA2,California Natural Gas Marketed Production (MMcf)
1970,California,,State or federal offshore area,False,18.380916266,N9050CA2,California Natural Gas Marketed Production (MMcf)
1971,California,,State or federal offshore area,False,17.347692867,N9050CA2,California Natural Gas Marketed Production (MMcf)
1972,California,,State or federal offshore area,False,13.79815367,N9050CA2,California Natural Gas Marketed Production (MMcf)
1973,California,,State or federal offshore area,False,12.724692099,N9050CA2,California Natural Gas Marketed Production (MMcf)
1974,California,,State or federal offshore area,False,10.345656147,N9050CA2,California Natural Gas Marketed Production (MMcf)
1975,California,,State or federal offshore area,False,9.013463974,N9050CA2,California Natural Gas Marketed Production (MMcf)
1976,California,,State or federal offshore area,False,10.033605011,N9050CA2,California Natural Gas Marketed Production (MMcf)
1977,California,,State or federal offshore area,False,8.819607162,N9050CA2,California Natural Gas Marketed Production (MMcf)
1978,California,,State or federal offshore area,False,8.808903411,N9050CA2,California Natural Gas Marketed Production (MMcf)
1979,California,,State or federal offshore area,False,7.028399661,N9050CA2,California Natural Gas Marketed Production (MMcf)
1980,California,,State or federal offshore area,False,8.762180691,N9050CA2,California Natural Gas Marketed Production (MMcf)
1981,California,,State or federal offshore area,False,10.770549731,N9050CA2,California Natural Gas Marketed Production (MMcf)
1982,California,,State or federal offshore area,False,10.872999914,N9050CA2,California Natural Gas Marketed Production (MMcf)
1983,California,,State or federal offshore area,False,11.760646643,N9050CA2,California Natural Gas Marketed Production (MMcf)
1984,California,,State or federal offshore area,False,13.488226294,N9050CA2,California Natural Gas Marketed Production (MMcf)
1985,California,,State or federal offshore area,False,13.911562454,N9050CA2,California Natural Gas Marketed Production (MMcf)
1986,California,,State or federal offshore area,False,13.088534662,N9050CA2,California Natural Gas Marketed Production (MMcf)
1987,California,,State or federal offshore area,False,12.023907933,N9050CA2,California Natural Gas Marketed Production (MMcf)
1988,California,,State or federal offshore area,False,11.317177238,N9050CA2,California Natural Gas Marketed Production (MMcf)
1989,California,,State or federal offshore area,False,10.275034048,N9050CA2,California Natural Gas Marketed Production (MMcf)
1990,California,,State or federal offshore area,False,10.271862566,N9050CA2,California Natural Gas Marketed Production (MMcf)
1991,California,,State or federal offshore area,False,10.714624051,N9050CA2,California Natural Gas Marketed Production (MMcf)
1992,California,,State or federal offshore area,False,10.353528218,N9050CA2,California Natural Gas Marketed Production (MMcf)
1992,California,Onshore,Component,False,8.688415427,NA1140_RCAO_2,Calif--onshore Natural Gas Marketed Production (MMcf)
1992,California,State Offshore,Component,False,0.204192445,NA1140_RCASF_2,California--State Offshore Natural Gas Marketed Production (MMcf)
1992,California,Federal Offshore,Component,False,1.460920346,NA1140_R5F_2,Federal Offshore California Natural Gas Marketed Production (MMcf)
1993,California,,State or federal offshore area,False,8.943889597,N9050CA2,California Natural Gas Marketed Production (MMcf)
1993,California,Onshore,Component,False,7.378225408,NA1140_RCAO_2,Calif--onshore Natural Gas Marketed Production (MMcf)
1993,California,State Offshore,Component,False,0.183124746,NA1140_RCASF_2,California--State Offshore Natural Gas Marketed Production (MMcf)
1993,California,Federal Offshore,Component,False,1.38256776,NA1140_R5F_2,Federal Offshore California Natural Gas Marketed Production (MMcf)
1994,California,,State or federal offshore area,False,8.761982474,N9050CA2,California Natural Gas Marketed Production (MMcf)
1994,California,Onshore,Component,False,7.118560352,NA1140_RCAO_2,Calif--onshore Natural Gas Marketed Production (MMcf)
1994,California,State Offshore,Component,False,0.203994227,NA1140_RCASF_2,California--State Offshore Natural Gas Marketed Production (MMcf)
1994,California,Federal Offshore,Component,False,1.439427894,NA1140_R5F_2,Federal Offshore California Natural Gas Marketed Production (MMcf)
1995,California,,State or federal offshore area,False,7.916103024,N9050CA2,California Natural Gas Marketed Production (MMcf)
1995,California,Onshore,Component,False,6.569639184,NA1140_RCAO_2,Calif--onshore Natural Gas Marketed Production (MMcf)
1995,California,State Offshore,Component,False,0.160386355,NA1140_RCASF_2,California--State Offshore Natural Gas Marketed Production (MMcf)
1995,California,Federal Offshore,Component,False,1.186077485,NA1140_R5F_2,Federal Offshore California Natural Gas Marketed Production (MMcf)
1996,California,,State or federal offshore area,False,8.112593299,N9050CA2,California Natural Gas Marketed Production (MMcf)
1996,California,Onshore,Component,False,6.559303552,NA1140_RCAO_2,Calif--onshore Natural Gas Marketed Production (MMcf)
1996,California,State Offshore,Component,False,0.16919288,NA1140_RCASF_2,California--State Offshore Natural Gas Marketed Production (MMcf)
1996,California,Federal Offshore,Component,False,1.384096867,NA1140_R5F_2,Federal Offshore California Natural Gas Marketed Production (MMcf)
1997,California,,State or federal offshore area,False,8.089826592,N9050CA2,California Natural Gas Marketed Production (MMcf)
1997,California,Onshore,Component,False,6.70329448,NA1140_RCAO_2,Calif--onshore Natural Gas Marketed Production (MMcf)
1997,California,State Offshore,Component,False,0.19671681,NA1140_RCASF_2,California--State Offshore Natural Gas Marketed Production (MMcf)
1997,California,Federal Offshore,Component,False,1.189815302,NA1140_R5F_2,Federal Offshore California Natural Gas Marketed Production (MMcf)
1998,California,,State or federal offshore area,False,8.927635754,N9050CA2,California Natural Gas Marketed Production (MMcf)
1998,California,Onshore,Component,False,7.492908448,NA1140_RCAO_2,Calif--onshore Natural Gas Marketed Production (MMcf)
1998,California,State Offshore,Component,False,0.191506518,NA1140_RCASF_2,California--State Offshore Natural Gas Marketed Production (MMcf)
1998,California,Federal Offshore,Component,False,1.243220787,NA1140_R5F_2,Federal Offshore California Natural Gas Marketed Production (MMcf)
1999,California,,State or federal offshore area,False,10.837264112,N9050CA2,California Natural Gas Marketed Production (MMcf)
1999,California,Onshore,Component,False,9.355021216,NA1140_RCAO_2,Calif--onshore Natural Gas Marketed Production (MMcf)
1999,California,State Offshore,Component,False,0.1840592,NA1140_RCASF_2,California--State Offshore Natural Gas Marketed Production (MMcf)
1999,California,Federal Offshore,Component,False,1.298155379,NA1140_R5F_2,Federal Offshore California Natural Gas Marketed Production (MMcf)
2000,California,,State or federal offshore area,False,10.663540544,N9050CA2,California Natural Gas Marketed Production (MMcf)
2000,California,Onshore,Component,False,9.170792115,NA1140_RCAO_2,Calif--onshore Natural Gas Marketed Production (MMcf)
2000,California,State Offshore,Component,False,0.194961168,NA1140_RCASF_2,California--State Offshore Natural Gas Marketed Production (MMcf)
2000,California,Federal Offshore,Component,False,1.297787261,NA1140_R5F_2,Federal Offshore California Natural Gas Marketed Production (MMcf)
2001,California,,State or federal offshore area,False,10.698766643,N9050CA2,California Natural Gas Marketed Production (MMcf)
2001,California,Onshore,Component,False,9.30994087,NA1140_RCAO_2,Calif--onshore Natural Gas Marketed Production (MMcf)
2001,California,State Offshore,Component,False,0.193205526,NA1140_RCASF_2,California--State Offshore Natural Gas Marketed Production (MMcf)
2001,California,Federal Offshore,Component,False,1.195620246,NA1140_R5F_2,Federal Offshore California Natural Gas Marketed Production (MMcf)
2002,California,,State or federal offshore area,False,10.199852944,N9050CA2,California Natural Gas Marketed Production (MMcf)
2002,California,Onshore,Component,False,8.761189603,NA1140_RCAO_2,Calif--onshore Natural Gas Marketed Production (MMcf)
2002,California,State Offshore,Component,False,0.195640771,NA1140_RCASF_2,California--State Offshore Natural Gas Marketed Production (MMcf)
2002,California,Federal Offshore,Component,False,1.242994253,NA1140_R5F_2,Federal Offshore California Natural Gas Marketed Production (MMcf)
2003,California,,State or federal offshore area,False,9.548878029,N9050CA2,California Natural Gas Marketed Production (MMcf)
2003,California,Onshore,Component,False,8.217875162,NA1140_RCAO_2,Calif--onshore Natural Gas Marketed Production (MMcf)
2003,California,State Offshore,Component,False,0.172364362,NA1140_RCASF_2,California--State Offshore Natural Gas Marketed Production (MMcf)
2003,California,Federal Offshore,Component,False,1.158638506,NA1140_R5F_2,Federal Offshore California Natural Gas Marketed Production (MMcf)
2004,California,,State or federal offshore area,False,9.059082339,N9050CA2,California Natural Gas Marketed Production (MMcf)
2004,California,Onshore,Component,False,7.737055898,NA1140_RCAO_2,Calif--onshore Natural Gas Marketed Production (MMcf)
2004,California,State Offshore,Component,False,0.19263919,NA1140_RCASF_2,California--State Offshore Natural Gas Marketed Production (MMcf)
2004,California,Federal Offshore,Component,False,1.129387251,NA1140_R5F_2,Federal Offshore California Natural Gas Marketed Production (MMcf)
2005,California,,State or federal offshore area,False,8.994463402,N9050CA2,California Natural Gas Marketed Production (MMcf)
2005,California,Onshore,Component,False,7.781938026,NA1140_RCAO_2,Calif--onshore Natural Gas Marketed Production (MMcf)
2005,California,State Offshore,Component,False,0.187372266,NA1140_RCASF_2,California--State Offshore Natural Gas Marketed Production (MMcf)
2005,California,Federal Offshore,Component,False,1.025181427,NA1140_R5F_2,Federal Offshore California Natural Gas Marketed Production (MMcf)
2006,California,,State or federal offshore area,False,8.925710211,N9050CA2,California Natural Gas Marketed Production (MMcf)
2006,California,Onshore,Component,False,7.898489974,NA1140_RCAO_2,Calif--onshore Natural Gas Marketed Production (MMcf)
2006,California,State Offshore,Component,False,0.188363354,NA1140_RCASF_2,California--State Offshore Natural Gas Marketed Production (MMcf)
2006,California,Federal Offshore,Component,False,0.838856883,NA1140_R5F_2,Federal Offshore California Natural Gas Marketed Production (MMcf)
2007,California,,State or federal offshore area,False,8.697788288,N9050CA2,California Natural Gas Marketed Production (MMcf)
2007,California,Onshore,Component,False,7.499364678,NA1140_RCAO_2,Calif--onshore Natural Gas Marketed Production (MMcf)
2007,California,State Offshore,Component,False,0.20388096,NA1140_RCASF_2,California--State Offshore Natural Gas Marketed Production (MMcf)
2007,California,Federal Offshore,Component,False,0.994514333,NA1140_R5F_2,Federal Offshore California Natural Gas Marketed Production (MMcf)
2008,California,,State or federal offshore area,False,8.395053379,N9050CA2,California Natural Gas Marketed Production (MMcf)
2008,California,Onshore,Component,False,7.362028198,NA1140_RCAO_2,Calif--onshore Natural Gas Marketed Production (MMcf)
2008,California,State Offshore,Component,False,0.19750968,NA1140_RCASF_2,California--State Offshore Natural Gas Marketed Production (MMcf)
2008,California,Federal Offshore,Component,False,0.835515501,NA1140_R5F_2,Federal Offshore California Natural Gas Marketed Production (MMcf)
2009,California,,State or federal offshore area,False,7.83171896,N9050CA2,California Natural Gas Marketed Production (MMcf)
2009,California,Onshore,Component,False,6.768762922,NA1140_RCAO_2,Calif--onshore Natural Gas Marketed Production (MMcf)
2009,California,State Offshore,Component,False,0.165143578,NA1140_RCASF_2,California--State Offshore Natural Gas Marketed Production (MMcf)
2009,California,Federal Offshore,Component,False,0.897812461,NA1140_R5F_2,Federal Offshore California Natural Gas Marketed Production (MMcf)
2010,California,,State or federal offshore area,False,8.122419229,N9050CA2,California Natural Gas Marketed Production (MMcf)
2010,California,Onshore,Component,False,7.123345891,NA1140_RCAO_2,Calif--onshore Natural Gas Marketed Production (MMcf)
2010,California,State Offshore,Component,False,0.144982016,NA1140_RCASF_2,California--State Offshore Natural Gas Marketed Production (MMcf)
2010,California,Federal Offshore,Component,False,0.854091322,NA1140_R5F_2,Federal Offshore California Natural Gas Marketed Production (MMcf)
2011,California,,State or federal offshore area,False,7.084212074,N9050CA2,California Natural Gas Marketed Production (MMcf)
2011,California,Onshore,Component,False,6.191128518,NA1140_RCAO_2,Calif--onshore Natural Gas Marketed Production (MMcf)
2011,California,State Offshore,Component,False,0.134787968,NA1140_RCASF_2,California--State Offshore Natural Gas Marketed Production (MMcf)
2011,California,Federal Offshore,Component,False,0.758295587,NA1140_R5F_2,Federal Offshore California Natural Gas Marketed Production (MMcf)
2012,California,,State or federal offshore area,False,6.98920921,N9050CA2,California Natural Gas Marketed Production (MMcf)
2012,California,Onshore,Component,False,6.074208451,NA1140_RCAO_2,Calif--onshore Natural Gas Marketed Production (MMcf)
2012,California,State Offshore,Component,False,0.143028157,NA1140_RCASF_2,California--State Offshore Natural Gas Marketed Production (MMcf)
2012,California,Federal Offshore,Component,False,0.771972602,NA1140_R5F_2,Federal Offshore California Natural Gas Marketed Production (MMcf)
2013,California,,State or federal offshore area,False,7.144611808,N9050CA2,California Natural Gas Marketed Production (MMcf)
2013,California,Onshore,Component,False,6.212309485,NA1140_RCAO_2,Calif--onshore Natural Gas Marketed Production (MMcf)
2013,California,State Offshore,Component,False,0.154892896,NA1140_RCASF_2,California--State Offshore Natural Gas Marketed Production (MMcf)
2013,California,Federal Offshore,Component,False,0.777409427,NA1140_R5F_2,Federal Offshore California Natural Gas Marketed Production (MMcf)
2014,California,,State or federal offshore area,False,6.767375398,N9050CA2,California Natural Gas Marketed Production (MMcf)
2014,California,Onshore,Component,False,6.191978022,NA1140_RCAO_2,Calif--onshore Natural Gas Marketed Production (MMcf)
2014,California,State Offshore,Component,False,0.164379024,NA1140_RCASF_2,California--State Offshore Natural Gas Marketed Production (MMcf)
2014,California,Federal Offshore,Component,False,0.411018352,NA1140_R5F_2,Federal Offshore California Natural Gas Marketed Production (MMcf)
2015,California,,State or federal offshore area,False,6.701114086,N9050CA2,California Natural Gas Marketed Production (MMcf)
2015,California,Onshore,Component,False,6.13828937,NA1140_RCAO_2,Calif--onshore Natural Gas Marketed Production (MMcf)
2015,California,State Offshore,Component,False,0.145236867,NA1140_RCASF_2,California--State Offshore Natural Gas Marketed Production (MMcf)
2015,California,Federal Offshore,Component,False,0.417616166,NA1140_R5F_2,Federal Offshore California Natural Gas Marketed Production (MMcf)
2016,California,,State or federal offshore area,False,5.80565192,N9050CA2,California Natural Gas Marketed Production (MMcf)
2016,California,Onshore,Component,False,5.551253789,NA1140_RCAO_2,Calif--onshore Natural Gas Marketed Production (MMcf)
2016,California,State Offshore,Component,False,0.127000848,NA1140_RCASF_2,California--State Offshore Natural Gas Marketed Production (MMcf)
2016,California,Federal Offshore,Component,False,0.127397283,NA1140_R5F_2,Federal Offshore California Natural Gas Marketed Production (MMcf)
2017,California,,State or federal offshore area,False,6.016130694,N9050CA2,California Natural Gas Marketed Production (MMcf)
2017,California,Onshore,Component,False,5.776032547,NA1140_RCAO_2,Calif--onshore Natural Gas Marketed Production (MMcf)
2017,California,State Offshore,Component,False,0.128275104,NA1140_RCASF_2,California--State Offshore Natural Gas Marketed Production (MMcf)
2017,California,Federal Offshore,Component,False,0.11185136,NA1140_R5F_2,Federal Offshore California Natural Gas Marketed Production (MMcf)
2018,California,,State or federal offshore area,False,5.737465066,N9050CA2,California Natural Gas Marketed Production (MMcf)
2018,California,Onshore,Component,False,5.600779872,NA1140_RCAO_2,Calif--onshore Natural Gas Marketed Production (MMcf)
2018,California,State Offshore,Component,False,0.039615203,NA1140_RCASF_2,California--State Offshore Natural Gas Marketed Production (MMcf)
2018,California,Federal Offshore,Component,False,0.097041674,NA1140_R5F_2,Federal Offshore California Natural Gas Marketed Production (MMcf)
2019,California,,State or federal offshore area,False,5.573397526,N9050CA2,California Natural Gas Marketed Production (MMcf)
2019,California,Onshore,Component,False,5.375293194,NA1140_RCAO_2,Calif--onshore Natural Gas Marketed Production (MMcf)
2019,California,State Offshore,Component,False,0.116636899,NA1140_RCASF_2,California--State Offshore Natural Gas Marketed Production (MMcf)
2019,California,Federal Offshore,Component,False,0.081439117,NA1140_R5F_2,Federal Offshore California Natural Gas Marketed Production (MMcf)
2020,California,,State or federal offshore area,False,4.416826147,N9050CA2,California Natural Gas Marketed Production (MMcf)
2020,California,Onshore,Component,False,4.242677827,NA1140_RCAO_2,Calif--onshore Natural Gas Marketed Production (MMcf)
2020,California,State Offshore,Component,False,0.097466426,NA1140_RCASF_2,California--State Offshore Natural Gas Marketed Production (MMcf)
2020,California,Federal Offshore,Component,False,0.077927834,NA1140_R5F_2,Federal Offshore California Natural Gas Marketed Production (MMcf)
2021,California,,State or federal offshore area,False,3.852047571,N9050CA2,California Natural Gas Marketed Production (MMcf)
2021,California,Onshore,Component,False,3.657369571,NA1140_RCAO_2,Calif--onshore Natural Gas Marketed Production (MMcf)
2021,California,State Offshore,Component,False,0.117316502,NA1140_RCASF_2,California--State Offshore Natural Gas Marketed Production (MMcf)
2021,California,Federal Offshore,Component,False,0.078833971,NA1140_R5F_2,Federal Offshore California Natural Gas Marketed Production (MMcf)
2022,California,,State or federal offshore area,False,3.807165443,N9050CA2,California Natural Gas Marketed Production (MMcf)
2022,California,Onshore,Component,False,3.629194355,NA1140_RCAO_2,Calif--onshore Natural Gas Marketed Production (MMcf)
2022,California,State Offshore,Component,False,0.108594928,NA1140_RCASF_2,California--State Offshore Natural Gas Marketed Production (MMcf)
2022,California,Federal Offshore,Component,False,0.06937616,NA1140_R5F_2,Federal Offshore California Natural Gas Marketed Production (MMcf)
2023,California,,State or federal offshore area,False,3.73348513,N9050CA2,California Natural Gas Marketed Production (MMcf)
2023,California,Onshore,Component,False,3.567463731,NA1140_RCAO_2,Calif--onshore Natural Gas Marketed Production (MMcf)
2023,California,State Offshore,Component,False,0.084355747,NA1140_RCASF_2,California--State Offshore Natural Gas Marketed Production (MMcf)
2023,California,Federal Offshore,Component,False,0.081665651,NA1140_R5F_2,Federal Offshore California Natural Gas Marketed Production (MMcf)
2024,California,,State or federal offshore area,False,3.522355069,N9050CA2,California Natural Gas Marketed Production (MMcf)
2024,California,Onshore,Component,False,3.340646163,NA1140_RCAO_2,Calif--onshore Natural Gas Marketed Production (MMcf)
2024,California,State Offshore,Component,False,0.07070705,NA1140_RCASF_2,California--State Offshore Natural Gas Marketed Production (MMcf)
2024,California,Federal Offshore,Component,False,0.111001856,NA1140_R5F_2,Federal Offshore California Natural Gas Marketed Production (MMcf)
2025,California,,State or federal offshore area,False,3.170207344,N9050CA2,California Natural Gas Marketed Production (MMcf)
1967,Colorado,,State or federal offshore area,False,3.309016298,N9050CO2,Colorado Natural Gas Marketed Production (MMcf)
1968,Colorado,,State or federal offshore area,False,3.438339123,N9050CO2,Colorado Natural Gas Marketed Production (MMcf)
1969,Colorado,,State or federal offshore area,False,3.362733267,N9050CO2,Colorado Natural Gas Marketed Production (MMcf)
1970,Colorado,,State or federal offshore area,False,2.996030707,N9050CO2,Colorado Natural Gas Marketed Production (MMcf)
1971,Colorado,,State or federal offshore area,False,3.073420522,N9050CO2,Colorado Natural Gas Marketed Production (MMcf)
1972,Colorado,,State or federal offshore area,False,3.311621443,N9050CO2,Colorado Natural Gas Marketed Production (MMcf)
1973,Colorado,,State or federal offshore area,False,3.89993128,N9050CO2,Colorado Natural Gas Marketed Production (MMcf)
1974,Colorado,,State or federal offshore area,False,4.095430467,N9050CO2,Colorado Natural Gas Marketed Production (MMcf)
1975,Colorado,,State or federal offshore area,False,4.859984067,N9050CO2,Colorado Natural Gas Marketed Production (MMcf)
1976,Colorado,,State or federal offshore area,False,5.20949833,N9050CO2,Colorado Natural Gas Marketed Production (MMcf)
1977,Colorado,,State or federal offshore area,False,5.345985306,N9050CO2,Colorado Natural Gas Marketed Production (MMcf)
1978,Colorado,,State or federal offshore area,False,5.201597942,N9050CO2,Colorado Natural Gas Marketed Production (MMcf)
1979,Colorado,,State or federal offshore area,False,5.415276515,N9050CO2,Colorado Natural Gas Marketed Production (MMcf)
1980,Colorado,,State or federal offshore area,False,5.323586717,N9050CO2,Colorado Natural Gas Marketed Production (MMcf)
1981,Colorado,,State or federal offshore area,False,5.541767661,N9050CO2,Colorado Natural Gas Marketed Production (MMcf)
1982,Colorado,,State or federal offshore area,False,5.943469786,N9050CO2,Colorado Natural Gas Marketed Production (MMcf)
1983,Colorado,,State or federal offshore area,False,4.631071056,N9050CO2,Colorado Natural Gas Marketed Production (MMcf)
1984,Colorado,,State or federal offshore area,False,4.906083818,N9050CO2,Colorado Natural Gas Marketed Production (MMcf)
1985,Colorado,,State or federal offshore area,False,5.046988214,N9050CO2,Colorado Natural Gas Marketed Production (MMcf)
1986,Colorado,,State or federal offshore area,False,4.635007091,N9050CO2,Colorado Natural Gas Marketed Production (MMcf)
1987,Colorado,,State or federal offshore area,False,4.659727658,N9050CO2,Colorado Natural Gas Marketed Production (MMcf)
1988,Colorado,,State or federal offshore area,False,5.423913139,N9050CO2,Colorado Natural Gas Marketed Production (MMcf)
1989,Colorado,,State or federal offshore area,False,6.137298282,N9050CO2,Colorado Natural Gas Marketed Production (MMcf)
1990,Colorado,,State or federal offshore area,False,6.88089745,N9050CO2,Colorado Natural Gas Marketed Production (MMcf)
1991,Colorado,,State or federal offshore area,False,8.097500445,N9050CO2,Colorado Natural Gas Marketed Production (MMcf)
1992,Colorado,,State or federal offshore area,False,9.147487389,N9050CO2,Colorado Natural Gas Marketed Production (MMcf)
1993,Colorado,,State or federal offshore area,False,11.354612048,N9050CO2,Colorado Natural Gas Marketed Production (MMcf)
1994,Colorado,,State or federal offshore area,False,12.833371978,N9050CO2,Colorado Natural Gas Marketed Production (MMcf)
1995,Colorado,,State or federal offshore area,False,14.812065011,N9050CO2,Colorado Natural Gas Marketed Production (MMcf)
1996,Colorado,,State or federal offshore area,False,16.199220093,N9050CO2,Colorado Natural Gas Marketed Production (MMcf)
1997,Colorado,,State or federal offshore area,False,18.0484204,N9050CO2,Colorado Natural Gas Marketed Production (MMcf)
1998,Colorado,,State or federal offshore area,False,19.717582493,N9050CO2,Colorado Natural Gas Marketed Production (MMcf)
1999,Colorado,,State or federal offshore area,False,20.465627398,N9050CO2,Colorado Natural Gas Marketed Production (MMcf)
2000,Colorado,,State or federal offshore area,False,21.322125648,N9050CO2,Colorado Natural Gas Marketed Production (MMcf)
2001,Colorado,,State or federal offshore area,False,23.140658861,N9050CO2,Colorado Natural Gas Marketed Production (MMcf)
2002,Colorado,,State or federal offshore area,False,26.539779216,N9050CO2,Colorado Natural Gas Marketed Production (MMcf)
2003,Colorado,,State or federal offshore area,False,28.636355088,N9050CO2,Colorado Natural Gas Marketed Production (MMcf)
2004,Colorado,,State or federal offshore area,False,30.560481648,N9050CO2,Colorado Natural Gas Marketed Production (MMcf)
2005,Colorado,,State or federal offshore area,False,32.085369645,N9050CO2,Colorado Natural Gas Marketed Production (MMcf)
2006,Colorado,,State or federal offshore area,False,34.060041693,N9050CO2,Colorado Natural Gas Marketed Production (MMcf)
2007,Colorado,,State or federal offshore area,False,35.185634493,N9050CO2,Colorado Natural Gas Marketed Production (MMcf)
2008,Colorado,,State or federal offshore area,False,39.343333603,N9050CO2,Colorado Natural Gas Marketed Production (MMcf)
2009,Colorado,,State or federal offshore area,False,42.448865376,N9050CO2,Colorado Natural Gas Marketed Production (MMcf)
2010,Colorado,,State or federal offshore area,False,44.694642467,N9050CO2,Colorado Natural Gas Marketed Production (MMcf)
2011,Colorado,,State or federal offshore area,False,46.370912077,N9050CO2,Colorado Natural Gas Marketed Production (MMcf)
2012,Colorado,,State or federal offshore area,False,48.404058317,N9050CO2,Colorado Natural Gas Marketed Production (MMcf)
2013,Colorado,,State or federal offshore area,False,45.444499648,N9050CO2,Colorado Natural Gas Marketed Production (MMcf)
2014,Colorado,,State or federal offshore area,False,46.538292682,N9050CO2,Colorado Natural Gas Marketed Production (MMcf)
2015,Colorado,,State or federal offshore area,False,47.819514614,N9050CO2,Colorado Natural Gas Marketed Production (MMcf)
2016,Colorado,,State or federal offshore area,False,47.735187184,N9050CO2,Colorado Natural Gas Marketed Production (MMcf)
2017,Colorado,,State or federal offshore area,False,48.318768115,N9050CO2,Colorado Natural Gas Marketed Production (MMcf)
2018,Colorado,,State or federal offshore area,False,52.312512954,N9050CO2,Colorado Natural Gas Marketed Production (MMcf)
2019,Colorado,,State or federal offshore area,False,56.263102989,N9050CO2,Colorado Natural Gas Marketed Production (MMcf)
2020,Colorado,,State or federal offshore area,False,56.541287232,N9050CO2,Colorado Natural Gas Marketed Production (MMcf)
2021,Colorado,,State or federal offshore area,False,53.526114368,N9050CO2,Colorado Natural Gas Marketed Production (MMcf)
2022,Colorado,,State or federal offshore area,False,51.900588464,N9050CO2,Colorado Natural Gas Marketed Production (MMcf)
2023,Colorado,,State or federal offshore area,False,51.710299568,N9050CO2,Colorado Natural Gas Marketed Production (MMcf)
2024,Colorado,,State or federal offshore area,False,52.289859514,N9050CO2,Colorado Natural Gas Marketed Production (MMcf)
2025,Colorado,,State or federal offshore area,False,52.941627299,N9050CO2,Colorado Natural Gas Marketed Production (MMcf)
1992,Federal Offshore--Gulf of America,Alabama,Component,False,2.245352339,NA1140_RALF_2,Federal Offshore--Alabama Natural Gas Marketed Production (MMcf)
1992,Federal Offshore--Gulf of America,Louisiana,Component,False,92.452341507,NA1140_R19F_2,Federal Offshore--Louisiana Natural Gas Marketed Production (MMcf)
1992,Federal Offshore--Gulf of America,Texas,Component,False,37.742981334,NA1140_R44F_2,Federal Offshore--Texas Natural Gas Marketed Production (MMcf)
1993,Federal Offshore--Gulf of America,Alabama,Component,False,2.449827952,NA1140_RALF_2,Federal Offshore--Alabama Natural Gas Marketed Production (MMcf)
1993,Federal Offshore--Gulf of America,Louisiana,Component,False,93.918698678,NA1140_R19F_2,Federal Offshore--Louisiana Natural Gas Marketed Production (MMcf)
1993,Federal Offshore--Gulf of America,Texas,Component,False,36.135040163,NA1140_R44F_2,Federal Offshore--Texas Natural Gas Marketed Production (MMcf)
1994,Federal Offshore--Gulf of America,Alabama,Component,False,3.412231034,NA1140_RALF_2,Federal Offshore--Alabama Natural Gas Marketed Production (MMcf)
1994,Federal Offshore--Gulf of America,Louisiana,Component,False,98.505623843,NA1140_R19F_2,Federal Offshore--Louisiana Natural Gas Marketed Production (MMcf)
1994,Federal Offshore--Gulf of America,Texas,Component,False,37.042735187,NA1140_R44F_2,Federal Offshore--Texas Natural Gas Marketed Production (MMcf)
1995,Federal Offshore--Gulf of America,Alabama,Component,False,4.06920911,NA1140_RALF_2,Federal Offshore--Alabama Natural Gas Marketed Production (MMcf)
1995,Federal Offshore--Gulf of America,Louisiana,Component,False,96.993648307,NA1140_R19F_2,Federal Offshore--Louisiana Natural Gas Marketed Production (MMcf)
1995,Federal Offshore--Gulf of America,Texas,Component,False,36.344414582,NA1140_R44F_2,Federal Offshore--Texas Natural Gas Marketed Production (MMcf)
1996,Federal Offshore--Gulf of America,Alabama,Component,False,4.305711024,NA1140_RALF_2,Federal Offshore--Alabama Natural Gas Marketed Production (MMcf)
1996,Federal Offshore--Gulf of America,Louisiana,Component,False,103.685162998,NA1140_R19F_2,Federal Offshore--Louisiana Natural Gas Marketed Production (MMcf)
1996,Federal Offshore--Gulf of America,Texas,Component,False,37.899573238,NA1140_R44F_2,Federal Offshore--Texas Natural Gas Marketed Production (MMcf)
1997,Federal Offshore--Gulf of America,,State or federal offshore area,False,147.417912086,N9050FX2,Federal Offshore--Gulf of America Natural Gas Marketed Production (MMcf)
1997,Federal Offshore--Gulf of America,Alabama,Component,False,5.512629674,NA1140_RALF_2,Federal Offshore--Alabama Natural Gas Marketed Production (MMcf)
1997,Federal Offshore--Gulf of America,Louisiana,Component,False,105.474614858,NA1140_R19F_2,Federal Offshore--Louisiana Natural Gas Marketed Production (MMcf)
1997,Federal Offshore--Gulf of America,Texas,Component,False,36.430667555,NA1140_R44F_2,Federal Offshore--Texas Natural Gas Marketed Production (MMcf)
1998,Federal Offshore--Gulf of America,,State or federal offshore area,False,143.750121933,N9050FX2,Federal Offshore--Gulf of America Natural Gas Marketed Production (MMcf)
1998,Federal Offshore--Gulf of America,Alabama,Component,False,4.822917376,NA1140_RALF_2,Federal Offshore--Alabama Natural Gas Marketed Production (MMcf)
1998,Federal Offshore--Gulf of America,Louisiana,Component,False,105.485998211,NA1140_R19F_2,Federal Offshore--Louisiana Natural Gas Marketed Production (MMcf)
1998,Federal Offshore--Gulf of America,Texas,Component,False,33.441206346,NA1140_R44F_2,Federal Offshore--Texas Natural Gas Marketed Production (MMcf)
1999,Federal Offshore--Gulf of America,,State or federal offshore area,False,142.425122227,N9050FX2,Federal Offshore--Gulf of America Natural Gas Marketed Production (MMcf)
2000,Federal Offshore--Gulf of America,,State or federal offshore area,False,139.726049802,N9050FX2,Federal Offshore--Gulf of America Natural Gas Marketed Production (MMcf)
2001,Federal Offshore--Gulf of America,,State or federal offshore area,False,142.366194966,N9050FX2,Federal Offshore--Gulf of America Natural Gas Marketed Production (MMcf)
2002,Federal Offshore--Gulf of America,,State or federal offshore area,False,127.763759226,N9050FX2,Federal Offshore--Gulf of America Natural Gas Marketed Production (MMcf)
2003,Federal Offshore--Gulf of America,,State or federal offshore area,False,124.77656336,N9050FX2,Federal Offshore--Gulf of America Natural Gas Marketed Production (MMcf)
2004,Federal Offshore--Gulf of America,,State or federal offshore area,False,112.40212176,N9050FX2,Federal Offshore--Gulf of America Natural Gas Marketed Production (MMcf)
2005,Federal Offshore--Gulf of America,,State or federal offshore area,False,88.690737795,N9050FX2,Federal Offshore--Gulf of America Natural Gas Marketed Production (MMcf)
2006,Federal Offshore--Gulf of America,,State or federal offshore area,False,82.174475779,N9050FX2,Federal Offshore--Gulf of America Natural Gas Marketed Production (MMcf)
2007,Federal Offshore--Gulf of America,,State or federal offshore area,False,79.250737862,N9050FX2,Federal Offshore--Gulf of America Natural Gas Marketed Production (MMcf)
2008,Federal Offshore--Gulf of America,,State or federal offshore area,False,65.534759546,N9050FX2,Federal Offshore--Gulf of America Natural Gas Marketed Production (MMcf)
2009,Federal Offshore--Gulf of America,,State or federal offshore area,False,68.779128589,N9050FX2,Federal Offshore--Gulf of America Natural Gas Marketed Production (MMcf)
2010,Federal Offshore--Gulf of America,,State or federal offshore area,False,63.572971642,N9050FX2,Federal Offshore--Gulf of America Natural Gas Marketed Production (MMcf)
2011,Federal Offshore--Gulf of America,,State or federal offshore area,False,51.31932951,N9050FX2,Federal Offshore--Gulf of America Natural Gas Marketed Production (MMcf)
2012,Federal Offshore--Gulf of America,,State or federal offshore area,False,42.689388275,N9050FX2,Federal Offshore--Gulf of America Natural Gas Marketed Production (MMcf)
2013,Federal Offshore--Gulf of America,,State or federal offshore area,False,37.073657133,N9050FX2,Federal Offshore--Gulf of America Natural Gas Marketed Production (MMcf)
2014,Federal Offshore--Gulf of America,,State or federal offshore area,False,35.50014919,N9050FX2,Federal Offshore--Gulf of America Natural Gas Marketed Production (MMcf)
2015,Federal Offshore--Gulf of America,,State or federal offshore area,False,36.583748176,N9050FX2,Federal Offshore--Gulf of America Natural Gas Marketed Production (MMcf)
2016,Federal Offshore--Gulf of America,,State or federal offshore area,False,33.999103939,N9050FX2,Federal Offshore--Gulf of America Natural Gas Marketed Production (MMcf)
2017,Federal Offshore--Gulf of America,,State or federal offshore area,False,30.028607194,N9050FX2,Federal Offshore--Gulf of America Natural Gas Marketed Production (MMcf)
2018,Federal Offshore--Gulf of America,,State or federal offshore area,False,27.605000598,N9050FX2,Federal Offshore--Gulf of America Natural Gas Marketed Production (MMcf)
2019,Federal Offshore--Gulf of America,,State or federal offshore area,False,28.751264662,N9050FX2,Federal Offshore--Gulf of America Natural Gas Marketed Production (MMcf)
2020,Federal Offshore--Gulf of America,,State or federal offshore area,False,22.412492349,N9050FX2,Federal Offshore--Gulf of America Natural Gas Marketed Production (MMcf)
2021,Federal Offshore--Gulf of America,,State or federal offshore area,False,22.105000218,N9050FX2,Federal Offshore--Gulf of America Natural Gas Marketed Production (MMcf)
2022,Federal Offshore--Gulf of America,,State or federal offshore area,False,21.817443114,N9050FX2,Federal Offshore--Gulf of America Natural Gas Marketed Production (MMcf)
2023,Federal Offshore--Gulf of America,,State or federal offshore area,False,20.849858058,N9050FX2,Federal Offshore--Gulf of America Natural Gas Marketed Production (MMcf)
2024,Federal Offshore--Gulf of America,,State or federal offshore area,False,18.977409658,N9050FX2,Federal Offshore--Gulf of America Natural Gas Marketed Production (MMcf)
2025,Federal Offshore--Gulf of America,,State or federal offshore area,False,19.998258614,N9050FX2,Federal Offshore--Gulf of America Natural Gas Marketed Production (MMcf)
1967,Florida,,State or federal offshore area,True,0.003482966,N9050FL2,Florida Natural Gas Marketed Production (MMcf)
1968,Florida,,State or federal offshore area,True,0.003058214,N9050FL2,Florida Natural Gas Marketed Production (MMcf)
1969,Florida,,State or federal offshore area,True,0.00141584,N9050FL2,Florida Natural Gas Marketed Production (MMcf)
1971,Florida,,State or federal offshore area,True,0.02557007,N9050FL2,Florida Natural Gas Marketed Production (MMcf)
1972,Florida,,State or federal offshore area,True,0.439505053,N9050FL2,Florida Natural Gas Marketed Production (MMcf)
1973,Florida,,State or federal offshore area,True,0.958721898,N9050FL2,Florida Natural Gas Marketed Production (MMcf)
1974,Florida,,State or federal offshore area,True,1.079917802,N9050FL2,Florida Natural Gas Marketed Production (MMcf)
1975,Florida,,State or federal offshore area,True,1.256784534,N9050FL2,Florida Natural Gas Marketed Production (MMcf)
1976,Florida,,State or federal offshore area,True,1.222294672,N9050FL2,Florida Natural Gas Marketed Production (MMcf)
1977,Florida,,State or federal offshore area,True,1.364048573,N9050FL2,Florida Natural Gas Marketed Production (MMcf)
1978,Florida,,State or federal offshore area,True,1.461005296,N9050FL2,Florida Natural Gas Marketed Production (MMcf)
1979,Florida,,State or federal offshore area,True,1.421220192,N9050FL2,Florida Natural Gas Marketed Production (MMcf)
1980,Florida,,State or federal offshore area,True,1.150738118,N9050FL2,Florida Natural Gas Marketed Production (MMcf)
1981,Florida,,State or federal offshore area,True,0.919446496,N9050FL2,Florida Natural Gas Marketed Production (MMcf)
1982,Florida,,State or federal offshore area,True,0.637552752,N9050FL2,Florida Natural Gas Marketed Production (MMcf)
1983,Florida,,State or federal offshore area,True,0.596238541,N9050FL2,Florida Natural Gas Marketed Production (MMcf)
1984,Florida,,State or federal offshore area,True,0.356366928,N9050FL2,Florida Natural Gas Marketed Production (MMcf)
1985,Florida,,State or federal offshore area,True,0.298600656,N9050FL2,Florida Natural Gas Marketed Production (MMcf)
1986,Florida,,State or federal offshore area,True,0.250122294,N9050FL2,Florida Natural Gas Marketed Production (MMcf)
1987,Florida,,State or federal offshore area,True,0.234491421,N9050FL2,Florida Natural Gas Marketed Production (MMcf)
1988,Florida,,State or federal offshore area,True,0.211922931,N9050FL2,Florida Natural Gas Marketed Production (MMcf)
1989,Florida,,State or federal offshore area,True,0.213338771,N9050FL2,Florida Natural Gas Marketed Production (MMcf)
1990,Florida,,State or federal offshore area,True,0.183577814,N9050FL2,Florida Natural Gas Marketed Production (MMcf)
1991,Florida,,State or federal offshore area,True,0.138299251,N9050FL2,Florida Natural Gas Marketed Production (MMcf)
1992,Florida,,State or federal offshore area,True,0.188504938,N9050FL2,Florida Natural Gas Marketed Production (MMcf)
1993,Florida,,State or federal offshore area,True,0.200624528,N9050FL2,Florida Natural Gas Marketed Production (MMcf)
1994,Florida,,State or federal offshore area,True,0.211979565,N9050FL2,Florida Natural Gas Marketed Production (MMcf)
1995,Florida,,State or federal offshore area,True,0.183011478,N9050FL2,Florida Natural Gas Marketed Production (MMcf)
1996,Florida,,State or federal offshore area,True,0.170070701,N9050FL2,Florida Natural Gas Marketed Production (MMcf)
1997,Florida,,State or federal offshore area,True,0.173128915,N9050FL2,Florida Natural Gas Marketed Production (MMcf)
1998,Florida,,State or federal offshore area,True,0.164124173,N9050FL2,Florida Natural Gas Marketed Production (MMcf)
1999,Florida,,State or federal offshore area,True,0.168003574,N9050FL2,Florida Natural Gas Marketed Production (MMcf)
2000,Florida,,State or federal offshore area,True,0.183804349,N9050FL2,Florida Natural Gas Marketed Production (MMcf)
2001,Florida,,State or federal offshore area,True,0.161688928,N9050FL2,Florida Natural Gas Marketed Production (MMcf)
2002,Florida,,State or federal offshore area,True,0.09494623,N9050FL2,Florida Natural Gas Marketed Production (MMcf)
2003,Florida,,State or federal offshore area,True,0.087413962,N9050FL2,Florida Natural Gas Marketed Production (MMcf)
2004,Florida,,State or federal offshore area,True,0.088433366,N9050FL2,Florida Natural Gas Marketed Production (MMcf)
2005,Florida,,State or federal offshore area,True,0.074076749,N9050FL2,Florida Natural Gas Marketed Production (MMcf)
2006,Florida,,State or federal offshore area,True,0.071924672,N9050FL2,Florida Natural Gas Marketed Production (MMcf)
2007,Florida,,State or federal offshore area,True,0.05034727,N9050FL2,Florida Natural Gas Marketed Production (MMcf)
2008,Florida,,State or federal offshore area,True,0.068979725,N9050FL2,Florida Natural Gas Marketed Production (MMcf)
2009,Florida,,State or federal offshore area,True,0.007277418,N9050FL2,Florida Natural Gas Marketed Production (MMcf)
2010,Florida,,State or federal offshore area,True,0.351383171,N9050FL2,Florida Natural Gas Marketed Production (MMcf)
2011,Florida,,State or federal offshore area,True,0.4282916,N9050FL2,Florida Natural Gas Marketed Production (MMcf)
2012,Florida,,State or federal offshore area,True,0.021888886,N9050FL2,Florida Natural Gas Marketed Production (MMcf)
2013,Florida,,State or federal offshore area,True,0.008268506,N9050FL2,Florida Natural Gas Marketed Production (MMcf)
2014,Florida,,State or federal offshore area,True,0.014045133,N9050FL2,Florida Natural Gas Marketed Production (MMcf)
2015,Florida,,State or federal offshore area,True,0.021634035,N9050FL2,Florida Natural Gas Marketed Production (MMcf)
2016,Florida,,State or federal offshore area,True,0.020274829,N9050FL2,Florida Natural Gas Marketed Production (MMcf)
2017,Florida,,State or federal offshore area,True,0.020048294,N9050FL2,Florida Natural Gas Marketed Production (MMcf)
2018,Florida,,State or federal offshore area,True,0.022313638,N9050FL2,Florida Natural Gas Marketed Production (MMcf)
2019,Florida,,State or federal offshore area,True,0.024182547,N9050FL2,Florida Natural Gas Marketed Production (MMcf)
2020,Florida,,State or federal offshore area,True,0.01982176,N9050FL2,Florida Natural Gas Marketed Production (MMcf)
2021,Florida,,State or federal offshore area,True,0.025145318,N9050FL2,Florida Natural Gas Marketed Production (MMcf)
2022,Florida,,State or federal offshore area,True,0.020926115,N9050FL2,Florida Natural Gas Marketed Production (MMcf)
2023,Florida,,State or federal offshore area,True,0.015092854,N9050FL2,Florida Natural Gas Marketed Production (MMcf)
2024,Florida,,State or federal offshore area,True,0.010080781,N9050FL2,Florida Natural Gas Marketed Production (MMcf)
2015,Idaho,,State or federal offshore area,True,0.03052551,NGM_EPG0_VGM_SID_MMCF,Idaho Marketed Production of Natural Gas (Million Cubic Feet)
2016,Idaho,,State or federal offshore area,True,0.131305002,NGM_EPG0_VGM_SID_MMCF,Idaho Marketed Production of Natural Gas (Million Cubic Feet)
2017,Idaho,,State or federal offshore area,True,0.107348989,NGM_EPG0_VGM_SID_MMCF,Idaho Marketed Production of Natural Gas (Million Cubic Feet)
2018,Idaho,,State or federal offshore area,True,0.052669248,NGM_EPG0_VGM_SID_MMCF,Idaho Marketed Production of Natural Gas (Million Cubic Feet)
2019,Idaho,,State or federal offshore area,True,0.029251254,NGM_EPG0_VGM_SID_MMCF,Idaho Marketed Production of Natural Gas (Million Cubic Feet)
2020,Idaho,,State or federal offshore area,True,0.003058214,NGM_EPG0_VGM_SID_MMCF,Idaho Marketed Production of Natural Gas (Million Cubic Feet)
2021,Idaho,,State or federal offshore area,True,0.038907283,NGM_EPG0_VGM_SID_MMCF,Idaho Marketed Production of Natural Gas (Million Cubic Feet)
2022,Idaho,,State or federal offshore area,True,0.073057344,NGM_EPG0_VGM_SID_MMCF,Idaho Marketed Production of Natural Gas (Million Cubic Feet)
2023,Idaho,,State or federal offshore area,True,0.068215171,NGM_EPG0_VGM_SID_MMCF,Idaho Marketed Production of Natural Gas (Million Cubic Feet)
2024,Idaho,,State or federal offshore area,True,0.032451053,NGM_EPG0_VGM_SID_MMCF,Idaho Marketed Production of Natural Gas (Million Cubic Feet)
1967,Illinois,,State or federal offshore area,True,0.145661619,N9050IL2,Illinois Natural Gas Marketed Production (MMcf)
1968,Illinois,,State or federal offshore area,True,0.124027584,N9050IL2,Illinois Natural Gas Marketed Production (MMcf)
1969,Illinois,,State or federal offshore area,True,0.10760384,N9050IL2,Illinois Natural Gas Marketed Production (MMcf)
1970,Illinois,,State or federal offshore area,True,0.13733648,N9050IL2,Illinois Natural Gas Marketed Production (MMcf)
1971,Illinois,,State or federal offshore area,True,0.014101766,N9050IL2,Illinois Natural Gas Marketed Production (MMcf)
1972,Illinois,,State or federal offshore area,True,0.033810259,N9050IL2,Illinois Natural Gas Marketed Production (MMcf)
1973,Illinois,,State or federal offshore area,True,0.046382918,N9050IL2,Illinois Natural Gas Marketed Production (MMcf)
1974,Illinois,,State or federal offshore area,True,0.040662925,N9050IL2,Illinois Natural Gas Marketed Production (MMcf)
1975,Illinois,,State or federal offshore area,True,0.040776192,N9050IL2,Illinois Natural Gas Marketed Production (MMcf)
1976,Illinois,,State or federal offshore area,True,0.044060941,N9050IL2,Illinois Natural Gas Marketed Production (MMcf)
1977,Illinois,,State or federal offshore area,True,0.02840175,N9050IL2,Illinois Natural Gas Marketed Production (MMcf)
1978,Illinois,,State or federal offshore area,True,0.032819171,N9050IL2,Illinois Natural Gas Marketed Production (MMcf)
1979,Illinois,,State or federal offshore area,True,0.044882128,N9050IL2,Illinois Natural Gas Marketed Production (MMcf)
1980,Illinois,,State or federal offshore area,True,0.044570643,N9050IL2,Illinois Natural Gas Marketed Production (MMcf)
1981,Illinois,,State or federal offshore area,True,0.036670256,N9050IL2,Illinois Natural Gas Marketed Production (MMcf)
1982,Illinois,,State or federal offshore area,True,0.032904122,N9050IL2,Illinois Natural Gas Marketed Production (MMcf)
1983,Illinois,,State or federal offshore area,True,0.029166304,N9050IL2,Illinois Natural Gas Marketed Production (MMcf)
1984,Illinois,,State or federal offshore area,True,0.043324704,N9050IL2,Illinois Natural Gas Marketed Production (MMcf)
1985,Illinois,,State or federal offshore area,True,0.037491443,N9050IL2,Illinois Natural Gas Marketed Production (MMcf)
1986,Illinois,,State or federal offshore area,True,0.053433802,N9050IL2,Illinois Natural Gas Marketed Production (MMcf)
1987,Illinois,,State or federal offshore area,True,0.038822333,N9050IL2,Illinois Natural Gas Marketed Production (MMcf)
1988,Illinois,,State or federal offshore area,True,0.037887878,N9050IL2,Illinois Natural Gas Marketed Production (MMcf)
1989,Illinois,,State or federal offshore area,True,0.041823914,N9050IL2,Illinois Natural Gas Marketed Production (MMcf)
1990,Illinois,,State or federal offshore area,True,0.019170474,N9050IL2,Illinois Natural Gas Marketed Production (MMcf)
1991,Illinois,,State or federal offshore area,True,0.013195629,N9050IL2,Illinois Natural Gas Marketed Production (MMcf)
1992,Illinois,,State or federal offshore area,True,0.00982593,N9050IL2,Illinois Natural Gas Marketed Production (MMcf)
1993,Illinois,,State or federal offshore area,True,0.009627712,N9050IL2,Illinois Natural Gas Marketed Production (MMcf)
1994,Illinois,,State or federal offshore area,True,0.009429494,N9050IL2,Illinois Natural Gas Marketed Production (MMcf)
1995,Illinois,,State or federal offshore area,True,0.009486128,N9050IL2,Illinois Natural Gas Marketed Production (MMcf)
1996,Illinois,,State or federal offshore area,True,0.008438406,N9050IL2,Illinois Natural Gas Marketed Production (MMcf)
1997,Illinois,,State or federal offshore area,True,0.006541181,N9050IL2,Illinois Natural Gas Marketed Production (MMcf)
1998,Illinois,,State or federal offshore area,True,0.005918211,N9050IL2,Illinois Natural Gas Marketed Production (MMcf)
1999,Illinois,,State or federal offshore area,True,0.005521776,N9050IL2,Illinois Natural Gas Marketed Production (MMcf)
2000,Illinois,,State or federal offshore area,True,0.005351875,N9050IL2,Illinois Natural Gas Marketed Production (MMcf)
2001,Illinois,,State or federal offshore area,True,0.005238608,N9050IL2,Illinois Natural Gas Marketed Production (MMcf)
2002,Illinois,,State or federal offshore area,True,0.005097024,N9050IL2,Illinois Natural Gas Marketed Production (MMcf)
2003,Illinois,,State or federal offshore area,True,0.004927123,N9050IL2,Illinois Natural Gas Marketed Production (MMcf)
2004,Illinois,,State or federal offshore area,True,0.004813856,N9050IL2,Illinois Natural Gas Marketed Production (MMcf)
2005,Illinois,,State or federal offshore area,True,0.004700589,N9050IL2,Illinois Natural Gas Marketed Production (MMcf)
2006,Illinois,,State or federal offshore area,True,0.004813856,N9050IL2,Illinois Natural Gas Marketed Production (MMcf)
2007,Illinois,,State or federal offshore area,True,0.039473619,N9050IL2,Illinois Natural Gas Marketed Production (MMcf)
2008,Illinois,,State or federal offshore area,True,0.033781942,N9050IL2,Illinois Natural Gas Marketed Production (MMcf)
2009,Illinois,,State or federal offshore area,True,0.040861142,N9050IL2,Illinois Natural Gas Marketed Production (MMcf)
2010,Illinois,,State or federal offshore area,True,0.048195194,N9050IL2,Illinois Natural Gas Marketed Production (MMcf)
2011,Illinois,,State or federal offshore area,True,0.060059933,N9050IL2,Illinois Natural Gas Marketed Production (MMcf)
2012,Illinois,,State or federal offshore area,True,0.0601732,N9050IL2,Illinois Natural Gas Marketed Production (MMcf)
2013,Illinois,,State or federal offshore area,True,0.081750602,N9050IL2,Illinois Natural Gas Marketed Production (MMcf)
2014,Illinois,,State or federal offshore area,True,0.054623107,N9050IL2,Illinois Natural Gas Marketed Production (MMcf)
2015,Illinois,,State or federal offshore area,True,0.058898944,N9050IL2,Illinois Natural Gas Marketed Production (MMcf)
2016,Illinois,,State or federal offshore area,True,0.061815574,N9050IL2,Illinois Natural Gas Marketed Production (MMcf)
2017,Illinois,,State or federal offshore area,True,0.060343101,N9050IL2,Illinois Natural Gas Marketed Production (MMcf)
2018,Illinois,,State or federal offshore area,True,0.069772595,N9050IL2,Illinois Natural Gas Marketed Production (MMcf)
2019,Illinois,,State or federal offshore area,True,0.06088112,N9050IL2,Illinois Natural Gas Marketed Production (MMcf)
2020,Illinois,,State or federal offshore area,True,0.052102912,N9050IL2,Illinois Natural Gas Marketed Production (MMcf)
2021,Illinois,,State or federal offshore area,True,0.046354602,N9050IL2,Illinois Natural Gas Marketed Production (MMcf)
2022,Illinois,,State or federal offshore area,True,0.05671855,N9050IL2,Illinois Natural Gas Marketed Production (MMcf)
2023,Illinois,,State or federal offshore area,True,0.073283878,N9050IL2,Illinois Natural Gas Marketed Production (MMcf)
2024,Illinois,,State or federal offshore area,True,0.090358909,N9050IL2,Illinois Natural Gas Marketed Production (MMcf)
1967,Indiana,,State or federal offshore area,True,0.005606726,N9050IN2,Indiana Natural Gas Marketed Production (MMcf)
1968,Indiana,,State or federal offshore area,True,0.006626131,N9050IN2,Indiana Natural Gas Marketed Production (MMcf)
1969,Indiana,,State or federal offshore area,True,0.004842173,N9050IN2,Indiana Natural Gas Marketed Production (MMcf)
1970,Indiana,,State or federal offshore area,True,0.00433247,N9050IN2,Indiana Natural Gas Marketed Production (MMcf)
1971,Indiana,,State or federal offshore area,True,0.015206122,N9050IN2,Indiana Natural Gas Marketed Production (MMcf)
1972,Indiana,,State or federal offshore area,True,0.010052464,N9050IN2,Indiana Natural Gas Marketed Production (MMcf)
1973,Indiana,,State or federal offshore area,True,0.007815437,N9050IN2,Indiana Natural Gas Marketed Production (MMcf)
1974,Indiana,,State or federal offshore area,True,0.004983757,N9050IN2,Indiana Natural Gas Marketed Production (MMcf)
1975,Indiana,,State or federal offshore area,True,0.009797613,N9050IN2,Indiana Natural Gas Marketed Production (MMcf)
1976,Indiana,,State or federal offshore area,True,0.005436826,N9050IN2,Indiana Natural Gas Marketed Production (MMcf)
1977,Indiana,,State or federal offshore area,True,0.005181974,N9050IN2,Indiana Natural Gas Marketed Production (MMcf)
1978,Indiana,,State or federal offshore area,True,0.004615638,N9050IN2,Indiana Natural Gas Marketed Production (MMcf)
1979,Indiana,,State or federal offshore area,True,0.00991088,N9050IN2,Indiana Natural Gas Marketed Production (MMcf)
1980,Indiana,,State or federal offshore area,True,0.013110678,N9050IN2,Indiana Natural Gas Marketed Production (MMcf)
1981,Indiana,,State or federal offshore area,True,0.009344544,N9050IN2,Indiana Natural Gas Marketed Production (MMcf)
1982,Indiana,,State or federal offshore area,True,0.006597814,N9050IN2,Indiana Natural Gas Marketed Production (MMcf)
1983,Indiana,,State or federal offshore area,True,0.003822768,N9050IN2,Indiana Natural Gas Marketed Production (MMcf)
1984,Indiana,,State or federal offshore area,True,0.011156819,N9050IN2,Indiana Natural Gas Marketed Production (MMcf)
1985,Indiana,,State or federal offshore area,True,0.010392266,N9050IN2,Indiana Natural Gas Marketed Production (MMcf)
1986,Indiana,,State or federal offshore area,True,0.010335632,N9050IN2,Indiana Natural Gas Marketed Production (MMcf)
1987,Indiana,,State or federal offshore area,True,0.006144746,N9050IN2,Indiana Natural Gas Marketed Production (MMcf)
1988,Indiana,,State or federal offshore area,True,0.011666522,N9050IN2,Indiana Natural Gas Marketed Production (MMcf)
1989,Indiana,,State or federal offshore area,True,0.011779789,N9050IN2,Indiana Natural Gas Marketed Production (MMcf)
1990,Indiana,,State or federal offshore area,True,0.011298403,N9050IN2,Indiana Natural Gas Marketed Production (MMcf)
1991,Indiana,,State or federal offshore area,True,0.006569498,N9050IN2,Indiana Natural Gas Marketed Production (MMcf)
1992,Indiana,,State or federal offshore area,True,0.004927123,N9050IN2,Indiana Natural Gas Marketed Production (MMcf)
1993,Indiana,,State or federal offshore area,True,0.005436826,N9050IN2,Indiana Natural Gas Marketed Production (MMcf)
1994,Indiana,,State or federal offshore area,True,0.003029898,N9050IN2,Indiana Natural Gas Marketed Production (MMcf)
1995,Indiana,,State or federal offshore area,True,0.007050883,N9050IN2,Indiana Natural Gas Marketed Production (MMcf)
1996,Indiana,,State or federal offshore area,True,0.010194048,N9050IN2,Indiana Natural Gas Marketed Production (MMcf)
1997,Indiana,,State or federal offshore area,True,0.014894637,N9050IN2,Indiana Natural Gas Marketed Production (MMcf)
1998,Indiana,,State or federal offshore area,True,0.017414832,N9050IN2,Indiana Natural Gas Marketed Production (MMcf)
1999,Indiana,,State or federal offshore area,True,0.024210864,N9050IN2,Indiana Natural Gas Marketed Production (MMcf)
2000,Indiana,,State or federal offshore area,True,0.025456803,N9050IN2,Indiana Natural Gas Marketed Production (MMcf)
2001,Indiana,,State or federal offshore area,True,0.030129075,N9050IN2,Indiana Natural Gas Marketed Production (MMcf)
2002,Indiana,,State or federal offshore area,True,0.037066691,N9050IN2,Indiana Natural Gas Marketed Production (MMcf)
2003,Indiana,,State or federal offshore area,True,0.041455795,N9050IN2,Indiana Natural Gas Marketed Production (MMcf)
2004,Indiana,,State or federal offshore area,True,0.096305437,N9050IN2,Indiana Natural Gas Marketed Production (MMcf)
2005,Indiana,,State or federal offshore area,True,0.088773168,N9050IN2,Indiana Natural Gas Marketed Production (MMcf)
2006,Indiana,,State or federal offshore area,True,0.082713373,N9050IN2,Indiana Natural Gas Marketed Production (MMcf)
2007,Indiana,,State or federal offshore area,True,0.102110381,N9050IN2,Indiana Natural Gas Marketed Production (MMcf)
2008,Indiana,,State or federal offshore area,True,0.133117277,N9050IN2,Indiana Natural Gas Marketed Production (MMcf)
2009,Indiana,,State or federal offshore area,True,0.139516874,N9050IN2,Indiana Natural Gas Marketed Production (MMcf)
2010,Indiana,,State or federal offshore area,True,0.192610874,N9050IN2,Indiana Natural Gas Marketed Production (MMcf)
2011,Indiana,,State or federal offshore area,True,0.25697496,N9050IN2,Indiana Natural Gas Marketed Production (MMcf)
2012,Indiana,,State or federal offshore area,True,0.249584275,N9050IN2,Indiana Natural Gas Marketed Production (MMcf)
2013,Indiana,,State or federal offshore area,True,0.224778758,N9050IN2,Indiana Natural Gas Marketed Production (MMcf)
2014,Indiana,,State or federal offshore area,True,0.187343949,N9050IN2,Indiana Natural Gas Marketed Production (MMcf)
2015,Indiana,,State or federal offshore area,True,0.2052968,N9050IN2,Indiana Natural Gas Marketed Production (MMcf)
2016,Indiana,,State or federal offshore area,True,0.175705744,N9050IN2,Indiana Natural Gas Marketed Production (MMcf)
2017,Indiana,,State or federal offshore area,True,0.167465555,N9050IN2,Indiana Natural Gas Marketed Production (MMcf)
2018,Indiana,,State or federal offshore area,True,0.143113107,N9050IN2,Indiana Natural Gas Marketed Production (MMcf)
2019,Indiana,,State or federal offshore area,True,0.142829939,N9050IN2,Indiana Natural Gas Marketed Production (MMcf)
2020,Indiana,,State or federal offshore area,True,0.11884561,N9050IN2,Indiana Natural Gas Marketed Production (MMcf)
2021,Indiana,,State or federal offshore area,True,0.115051158,N9050IN2,Indiana Natural Gas Marketed Production (MMcf)
2022,Indiana,,State or federal offshore area,True,0.108623245,N9050IN2,Indiana Natural Gas Marketed Production (MMcf)
2023,Indiana,,State or federal offshore area,True,0.108340077,N9050IN2,Indiana Natural Gas Marketed Production (MMcf)
2024,Indiana,,State or federal offshore area,True,0.092057917,N9050IN2,Indiana Natural Gas Marketed Production (MMcf)
1967,Kansas,,State or federal offshore area,False,24.691428413,N9050KS2,Kansas Natural Gas Marketed Production (MMcf)
1968,Kansas,,State or federal offshore area,False,23.660243824,N9050KS2,Kansas Natural Gas Marketed Production (MMcf)
1969,Kansas,,State or federal offshore area,False,25.008151821,N9050KS2,Kansas Natural Gas Marketed Production (MMcf)
1970,Kansas,,State or federal offshore area,False,25.483845744,N9050KS2,Kansas Natural Gas Marketed Production (MMcf)
1971,Kansas,,State or federal offshore area,False,25.064445619,N9050KS2,Kansas Natural Gas Marketed Production (MMcf)
1972,Kansas,,State or federal offshore area,False,25.181224102,N9050KS2,Kansas Natural Gas Marketed Production (MMcf)
1973,Kansas,,State or federal offshore area,False,25.290243782,N9050KS2,Kansas Natural Gas Marketed Production (MMcf)
1974,Kansas,,State or federal offshore area,False,25.110828538,N9050KS2,Kansas Natural Gas Marketed Production (MMcf)
1975,Kansas,,State or federal offshore area,False,23.8887604,N9050KS2,Kansas Natural Gas Marketed Production (MMcf)
1976,Kansas,,State or federal offshore area,False,23.479441056,N9050KS2,Kansas Natural Gas Marketed Production (MMcf)
1977,Kansas,,State or federal offshore area,False,22.123604355,N9050KS2,Kansas Natural Gas Marketed Production (MMcf)
1978,Kansas,,State or federal offshore area,False,24.196252531,N9050KS2,Kansas Natural Gas Marketed Production (MMcf)
1979,Kansas,,State or federal offshore area,False,22.590067002,N9050KS2,Kansas Natural Gas Marketed Production (MMcf)
1980,Kansas,,State or federal offshore area,False,20.813839088,N9050KS2,Kansas Natural Gas Marketed Production (MMcf)
1981,Kansas,,State or federal offshore area,False,18.125980115,N9050KS2,Kansas Natural Gas Marketed Production (MMcf)
1982,Kansas,,State or federal offshore area,False,12.486321277,N9050KS2,Kansas Natural Gas Marketed Production (MMcf)
1983,Kansas,,State or federal offshore area,False,12.663471178,N9050KS2,Kansas Natural Gas Marketed Production (MMcf)
1984,Kansas,,State or federal offshore area,False,13.598038845,N9050KS2,Kansas Natural Gas Marketed Production (MMcf)
1985,Kansas,,State or federal offshore area,False,14.952176538,N9050KS2,Kansas Natural Gas Marketed Production (MMcf)
1986,Kansas,,State or federal offshore area,False,13.562699478,N9050KS2,Kansas Natural Gas Marketed Production (MMcf)
1987,Kansas,,State or federal offshore area,False,13.386823834,N9050KS2,Kansas Natural Gas Marketed Production (MMcf)
1988,Kansas,,State or federal offshore area,False,16.787473296,N9050KS2,Kansas Natural Gas Marketed Production (MMcf)
1989,Kansas,,State or federal offshore area,False,17.023946893,N9050KS2,Kansas Natural Gas Marketed Production (MMcf)
1990,Kansas,,State or federal offshore area,False,16.24260143,N9050KS2,Kansas Natural Gas Marketed Production (MMcf)
1991,Kansas,,State or federal offshore area,False,17.795947811,N9050KS2,Kansas Natural Gas Marketed Production (MMcf)
1992,Kansas,,State or federal offshore area,False,18.632652618,N9050KS2,Kansas Natural Gas Marketed Production (MMcf)
1993,Kansas,,State or federal offshore area,False,19.43515073,N9050KS2,Kansas Natural Gas Marketed Production (MMcf)
1994,Kansas,,State or federal offshore area,False,20.182232864,N9050KS2,Kansas Natural Gas Marketed Production (MMcf)
1995,Kansas,,State or federal offshore area,False,20.428758925,N9050KS2,Kansas Natural Gas Marketed Production (MMcf)
1996,Kansas,,State or federal offshore area,False,20.184101773,N9050KS2,Kansas Natural Gas Marketed Production (MMcf)
1997,Kansas,,State or federal offshore area,False,19.459729712,N9050KS2,Kansas Natural Gas Marketed Production (MMcf)
1998,Kansas,,State or federal offshore area,False,17.091624045,N9050KS2,Kansas Natural Gas Marketed Production (MMcf)
1999,Kansas,,State or federal offshore area,False,15.671055139,N9050KS2,Kansas Natural Gas Marketed Production (MMcf)
2000,Kansas,,State or federal offshore area,False,14.886962947,N9050KS2,Kansas Natural Gas Marketed Production (MMcf)
2001,Kansas,,State or federal offshore area,False,13.596169936,N9050KS2,Kansas Natural Gas Marketed Production (MMcf)
2002,Kansas,,State or federal offshore area,False,12.881340637,N9050KS2,Kansas Natural Gas Marketed Production (MMcf)
2003,Kansas,,State or federal offshore area,False,11.861709302,N9050KS2,Kansas Natural Gas Marketed Production (MMcf)
2004,Kansas,,State or federal offshore area,False,11.245195933,N9050KS2,Kansas Natural Gas Marketed Production (MMcf)
2005,Kansas,,State or federal offshore area,False,10.681918147,N9050KS2,Kansas Natural Gas Marketed Production (MMcf)
2006,Kansas,,State or federal offshore area,False,10.506778739,N9050KS2,Kansas Natural Gas Marketed Production (MMcf)
2007,Kansas,,State or federal offshore area,False,10.360465834,N9050KS2,Kansas Natural Gas Marketed Production (MMcf)
2008,Kansas,,State or federal offshore area,False,10.599261408,N9050KS2,Kansas Natural Gas Marketed Production (MMcf)
2009,Kansas,,State or federal offshore area,False,10.036606592,N9050KS2,Kansas Natural Gas Marketed Production (MMcf)
2010,Kansas,,State or federal offshore area,False,9.195031296,N9050KS2,Kansas Natural Gas Marketed Production (MMcf)
2011,Kansas,,State or federal offshore area,False,8.753402483,N9050KS2,Kansas Natural Gas Marketed Production (MMcf)
2012,Kansas,,State or federal offshore area,False,8.390239523,N9050KS2,Kansas Natural Gas Marketed Production (MMcf)
2013,Kansas,,State or federal offshore area,False,8.281729546,N9050KS2,Kansas Natural Gas Marketed Production (MMcf)
2014,Kansas,,State or federal offshore area,False,8.112196864,N9050KS2,Kansas Natural Gas Marketed Production (MMcf)
2015,Kansas,,State or federal offshore area,False,8.047181491,N9050KS2,Kansas Natural Gas Marketed Production (MMcf)
2016,Kansas,,State or federal offshore area,False,6.931811056,N9050KS2,Kansas Natural Gas Marketed Production (MMcf)
2017,Kansas,,State or federal offshore area,False,6.219473635,N9050KS2,Kansas Natural Gas Marketed Production (MMcf)
2018,Kansas,,State or federal offshore area,False,5.702748669,N9050KS2,Kansas Natural Gas Marketed Production (MMcf)
2019,Kansas,,State or federal offshore area,False,5.184437962,N9050KS2,Kansas Natural Gas Marketed Production (MMcf)
2020,Kansas,,State or federal offshore area,False,4.625889082,N9050KS2,Kansas Natural Gas Marketed Production (MMcf)
2021,Kansas,,State or federal offshore area,False,4.332073965,N9050KS2,Kansas Natural Gas Marketed Production (MMcf)
2022,Kansas,,State or federal offshore area,False,4.18947056,N9050KS2,Kansas Natural Gas Marketed Production (MMcf)
2023,Kansas,,State or federal offshore area,False,3.87648497,N9050KS2,Kansas Natural Gas Marketed Production (MMcf)
2024,Kansas,,State or federal offshore area,False,3.566302742,N9050KS2,Kansas Natural Gas Marketed Production (MMcf)
2025,Kansas,,State or federal offshore area,False,3.462380086,N9050KS2,Kansas Natural Gas Marketed Production (MMcf)
1967,Kentucky,,State or federal offshore area,True,2.524952422,N9050KY2,Kentucky Natural Gas Marketed Production (MMcf)
1968,Kentucky,,State or federal offshore area,True,2.520874803,N9050KY2,Kentucky Natural Gas Marketed Production (MMcf)
1969,Kentucky,,State or federal offshore area,True,2.302269107,N9050KY2,Kentucky Natural Gas Marketed Production (MMcf)
1970,Kentucky,,State or federal offshore area,True,2.205652186,N9050KY2,Kentucky Natural Gas Marketed Production (MMcf)
1971,Kentucky,,State or federal offshore area,True,2.059282646,N9050KY2,Kentucky Natural Gas Marketed Production (MMcf)
1972,Kentucky,,State or federal offshore area,True,1.802307686,N9050KY2,Kentucky Natural Gas Marketed Production (MMcf)
1973,Kentucky,,State or federal offshore area,True,1.766855053,N9050KY2,Kentucky Natural Gas Marketed Production (MMcf)
1974,Kentucky,,State or federal offshore area,True,2.035298317,N9050KY2,Kentucky Natural Gas Marketed Production (MMcf)
1975,Kentucky,,State or federal offshore area,True,1.713477885,N9050KY2,Kentucky Natural Gas Marketed Production (MMcf)
1976,Kentucky,,State or federal offshore area,True,1.872788202,N9050KY2,Kentucky Natural Gas Marketed Production (MMcf)
1977,Kentucky,,State or federal offshore area,True,1.724549754,N9050KY2,Kentucky Natural Gas Marketed Production (MMcf)
1978,Kentucky,,State or federal offshore area,True,1.983421939,N9050KY2,Kentucky Natural Gas Marketed Production (MMcf)
1979,Kentucky,,State or federal offshore area,True,1.685415936,N9050KY2,Kentucky Natural Gas Marketed Production (MMcf)
1980,Kentucky,,State or federal offshore area,True,1.619154624,N9050KY2,Kentucky Natural Gas Marketed Production (MMcf)
1981,Kentucky,,State or federal offshore area,True,1.736159642,N9050KY2,Kentucky Natural Gas Marketed Production (MMcf)
1982,Kentucky,,State or federal offshore area,True,1.470321523,N9050KY2,Kentucky Natural Gas Marketed Production (MMcf)
1983,Kentucky,,State or federal offshore area,True,1.322960896,N9050KY2,Kentucky Natural Gas Marketed Production (MMcf)
1984,Kentucky,,State or federal offshore area,True,1.741992902,N9050KY2,Kentucky Natural Gas Marketed Production (MMcf)
1985,Kentucky,,State or federal offshore area,True,2.070694317,N9050KY2,Kentucky Natural Gas Marketed Production (MMcf)
1986,Kentucky,,State or federal offshore area,True,2.270865776,N9050KY2,Kentucky Natural Gas Marketed Production (MMcf)
1987,Kentucky,,State or federal offshore area,True,1.9857156,N9050KY2,Kentucky Natural Gas Marketed Production (MMcf)
1988,Kentucky,,State or federal offshore area,True,2.084937667,N9050KY2,Kentucky Natural Gas Marketed Production (MMcf)
1989,Kentucky,,State or federal offshore area,True,2.050617706,N9050KY2,Kentucky Natural Gas Marketed Production (MMcf)
1990,Kentucky,,State or federal offshore area,True,2.133189494,N9050KY2,Kentucky Natural Gas Marketed Production (MMcf)
1991,Kentucky,,State or federal offshore area,True,2.234308787,N9050KY2,Kentucky Natural Gas Marketed Production (MMcf)
1992,Kentucky,,State or federal offshore area,True,2.256565792,N9050KY2,Kentucky Natural Gas Marketed Production (MMcf)
1993,Kentucky,,State or federal offshore area,True,2.462598829,N9050KY2,Kentucky Natural Gas Marketed Production (MMcf)
1994,Kentucky,,State or federal offshore area,True,2.069420061,N9050KY2,Kentucky Natural Gas Marketed Production (MMcf)
1995,Kentucky,,State or federal offshore area,True,2.116794067,N9050KY2,Kentucky Natural Gas Marketed Production (MMcf)
1996,Kentucky,,State or federal offshore area,True,2.305978608,N9050KY2,Kentucky Natural Gas Marketed Production (MMcf)
1997,Kentucky,,State or federal offshore area,True,2.25251649,N9050KY2,Kentucky Natural Gas Marketed Production (MMcf)
1998,Kentucky,,State or federal offshore area,True,2.318268099,N9050KY2,Kentucky Natural Gas Marketed Production (MMcf)
1999,Kentucky,,State or federal offshore area,True,2.173880736,N9050KY2,Kentucky Natural Gas Marketed Production (MMcf)
2000,Kentucky,,State or federal offshore area,True,2.309093456,N9050KY2,Kentucky Natural Gas Marketed Production (MMcf)
2001,Kentucky,,State or federal offshore area,True,2.314133846,N9050KY2,Kentucky Natural Gas Marketed Production (MMcf)
2002,Kentucky,,State or federal offshore area,True,2.499212451,N9050KY2,Kentucky Natural Gas Marketed Production (MMcf)
2003,Kentucky,,State or federal offshore area,True,2.480778214,N9050KY2,Kentucky Natural Gas Marketed Production (MMcf)
2004,Kentucky,,State or federal offshore area,True,2.669113251,N9050KY2,Kentucky Natural Gas Marketed Production (MMcf)
2005,Kentucky,,State or federal offshore area,True,2.627657456,N9050KY2,Kentucky Natural Gas Marketed Production (MMcf)
2006,Kentucky,,State or federal offshore area,True,2.699157376,N9050KY2,Kentucky Natural Gas Marketed Production (MMcf)
2007,Kentucky,,State or federal offshore area,True,2.702470442,N9050KY2,Kentucky Natural Gas Marketed Production (MMcf)
2008,Kentucky,,State or federal offshore area,True,3.231399949,N9050KY2,Kentucky Natural Gas Marketed Production (MMcf)
2009,Kentucky,,State or federal offshore area,True,3.20829344,N9050KY2,Kentucky Natural Gas Marketed Production (MMcf)
2010,Kentucky,,State or federal offshore area,True,3.832112544,N9050KY2,Kentucky Natural Gas Marketed Production (MMcf)
2011,Kentucky,,State or federal offshore area,True,3.518164182,N9050KY2,Kentucky Natural Gas Marketed Production (MMcf)
2012,Kentucky,,State or federal offshore area,True,3.00503545,N9050KY2,Kentucky Natural Gas Marketed Production (MMcf)
2013,Kentucky,,State or federal offshore area,True,2.680609872,N9050KY2,Kentucky Natural Gas Marketed Production (MMcf)
2014,Kentucky,,State or federal offshore area,True,2.636039229,N9050KY2,Kentucky Natural Gas Marketed Production (MMcf)
2015,Kentucky,,State or federal offshore area,True,2.715779338,N9050KY2,Kentucky Natural Gas Marketed Production (MMcf)
2016,Kentucky,,State or federal offshore area,True,2.594951552,N9050KY2,Kentucky Natural Gas Marketed Production (MMcf)
2017,Kentucky,,State or federal offshore area,True,2.512124912,N9050KY2,Kentucky Natural Gas Marketed Production (MMcf)
2018,Kentucky,,State or federal offshore area,True,2.37994209,N9050KY2,Kentucky Natural Gas Marketed Production (MMcf)
2019,Kentucky,,State or federal offshore area,True,2.205369018,N9050KY2,Kentucky Natural Gas Marketed Production (MMcf)
2020,Kentucky,,State or federal offshore area,True,2.537043696,N9050KY2,Kentucky Natural Gas Marketed Production (MMcf)
2021,Kentucky,,State or federal offshore area,True,2.134322166,N9050KY2,Kentucky Natural Gas Marketed Production (MMcf)
2022,Kentucky,,State or federal offshore area,True,2.421454518,N9050KY2,Kentucky Natural Gas Marketed Production (MMcf)
2023,Kentucky,,State or federal offshore area,True,1.712430163,N9050KY2,Kentucky Natural Gas Marketed Production (MMcf)
2024,Kentucky,,State or federal offshore area,True,1.665480909,N9050KY2,Kentucky Natural Gas Marketed Production (MMcf)
1967,Louisiana,,State or federal offshore area,False,161.883096298,N9050LA2,Louisiana Natural Gas Marketed Production (MMcf)
1968,Louisiana,,State or federal offshore area,False,181.681013552,N9050LA2,Louisiana Natural Gas Marketed Production (MMcf)
1969,Louisiana,,State or federal offshore area,False,204.668903277,N9050LA2,Louisiana Natural Gas Marketed Production (MMcf)
1970,Louisiana,,State or federal offshore area,False,220.539053837,N9050LA2,Louisiana Natural Gas Marketed Production (MMcf)
1971,Louisiana,,State or federal offshore area,False,228.853744138,N9050LA2,Louisiana Natural Gas Marketed Production (MMcf)
1972,Louisiana,,State or federal offshore area,False,225.76072839,N9050LA2,Louisiana Natural Gas Marketed Production (MMcf)
1973,Louisiana,,State or federal offshore area,False,233.399043606,N9050LA2,Louisiana Natural Gas Marketed Production (MMcf)
1974,Louisiana,,State or federal offshore area,False,219.558018301,N9050LA2,Louisiana Natural Gas Marketed Production (MMcf)
1975,Louisiana,,State or federal offshore area,False,200.784376336,N9050LA2,Louisiana Natural Gas Marketed Production (MMcf)
1976,Louisiana,,State or federal offshore area,False,198.404377613,N9050LA2,Louisiana Natural Gas Marketed Production (MMcf)
1977,Louisiana,,State or federal offshore area,False,204.305881901,N9050LA2,Louisiana Natural Gas Marketed Production (MMcf)
1978,Louisiana,,State or federal offshore area,False,211.71047025,N9050LA2,Louisiana Natural Gas Marketed Production (MMcf)
1979,Louisiana,,State or federal offshore area,False,205.756013546,N9050LA2,Louisiana Natural Gas Marketed Production (MMcf)
1980,Louisiana,,State or federal offshore area,False,196.516439923,N9050LA2,Louisiana Natural Gas Marketed Production (MMcf)
1981,Louisiana,,State or federal offshore area,False,191.993114291,N9050LA2,Louisiana Natural Gas Marketed Production (MMcf)
1982,Louisiana,,State or federal offshore area,False,174.760727434,N9050LA2,Louisiana Natural Gas Marketed Production (MMcf)
1983,Louisiana,,State or federal offshore area,False,150.988377398,N9050LA2,Louisiana Natural Gas Marketed Production (MMcf)
1984,Louisiana,,State or federal offshore area,False,164.946917424,N9050LA2,Louisiana Natural Gas Marketed Production (MMcf)
1985,Louisiana,,State or federal offshore area,False,141.971996794,N9050LA2,Louisiana Natural Gas Marketed Production (MMcf)
1986,Louisiana,,State or federal offshore area,False,138.621892819,N9050LA2,Louisiana Natural Gas Marketed Production (MMcf)
1987,Louisiana,,State or federal offshore area,False,145.053062851,N9050LA2,Louisiana Natural Gas Marketed Production (MMcf)
1988,Louisiana,,State or federal offshore area,False,146.688584586,N9050LA2,Louisiana Natural Gas Marketed Production (MMcf)
1989,Louisiana,,State or federal offshore area,False,143.79625,N9050LA2,Louisiana Natural Gas Marketed Production (MMcf)
1990,Louisiana,,State or federal offshore area,False,148.436354115,N9050LA2,Louisiana Natural Gas Marketed Production (MMcf)
1991,Louisiana,,State or federal offshore area,False,142.556993565,N9050LA2,Louisiana Natural Gas Marketed Production (MMcf)
1992,Louisiana,,State or federal offshore area,False,139.15725024,N9050LA2,Louisiana Natural Gas Marketed Production (MMcf)
1992,Louisiana,Onshore,Component,False,42.794358653,NA1140_RLAO_2,Louisiana--onshore Natural Gas Marketed Production (MMcf)
1992,Louisiana,State Offshore,Component,False,3.910578397,NA1140_RLASF_2,Louisiana--State Offshore Natural Gas Marketed Production (MMcf)
1993,Louisiana,,State or federal offshore area,False,141.333056518,N9050LA2,Louisiana Natural Gas Marketed Production (MMcf)
1993,Louisiana,Onshore,Component,False,42.968337072,NA1140_RLAO_2,Louisiana--onshore Natural Gas Marketed Production (MMcf)
1993,Louisiana,State Offshore,Component,False,4.446049085,NA1140_RLASF_2,Louisiana--State Offshore Natural Gas Marketed Production (MMcf)
1994,Louisiana,,State or federal offshore area,False,146.389502544,N9050LA2,Louisiana Natural Gas Marketed Production (MMcf)
1994,Louisiana,Onshore,Component,False,43.366980982,NA1140_RLAO_2,Louisiana--onshore Natural Gas Marketed Production (MMcf)
1994,Louisiana,State Offshore,Component,False,4.516897718,NA1140_RLASF_2,Louisiana--State Offshore Natural Gas Marketed Production (MMcf)
1995,Louisiana,,State or federal offshore area,False,144.652578349,N9050LA2,Louisiana Natural Gas Marketed Production (MMcf)
1995,Louisiana,Onshore,Component,False,44.995933219,NA1140_RLAO_2,Louisiana--onshore Natural Gas Marketed Production (MMcf)
1995,Louisiana,State Offshore,Component,False,2.663025139,NA1140_RLASF_2,Louisiana--State Offshore Natural Gas Marketed Production (MMcf)
1996,Louisiana,,State or federal offshore area,False,149.788566266,N9050LA2,Louisiana Natural Gas Marketed Production (MMcf)
1996,Louisiana,Onshore,Component,False,40.692289322,NA1140_RLAO_2,Louisiana--onshore Natural Gas Marketed Production (MMcf)
1996,Louisiana,State Offshore,Component,False,5.411113946,NA1140_RLASF_2,Louisiana--State Offshore Natural Gas Marketed Production (MMcf)
1997,Louisiana,,State or federal offshore area,False,42.617180435,N9050LA2,Louisiana Natural Gas Marketed Production (MMcf)
1997,Louisiana,Onshore,Component,False,37.532360976,NA1140_RLAO_2,Louisiana--onshore Natural Gas Marketed Production (MMcf)
1997,Louisiana,State Offshore,Component,False,5.084819459,NA1140_RLASF_2,Louisiana--State Offshore Natural Gas Marketed Production (MMcf)
1998,Louisiana,,State or federal offshore area,False,43.947078947,N9050LA2,Louisiana Natural Gas Marketed Production (MMcf)
1998,Louisiana,Onshore,Component,False,38.514840669,NA1140_RLAO_2,Louisiana--onshore Natural Gas Marketed Production (MMcf)
1998,Louisiana,State Offshore,Component,False,5.432209962,NA1140_RLASF_2,Louisiana--State Offshore Natural Gas Marketed Production (MMcf)
1999,Louisiana,,State or federal offshore area,False,44.370046989,N9050LA2,Louisiana Natural Gas Marketed Production (MMcf)
1999,Louisiana,Onshore,Component,False,39.742911968,NA1140_RLAO_2,Louisiana--onshore Natural Gas Marketed Production (MMcf)
1999,Louisiana,State Offshore,Component,False,4.627135021,NA1140_RLASF_2,Louisiana--State Offshore Natural Gas Marketed Production (MMcf)
2000,Louisiana,,State or federal offshore area,False,41.201340435,N9050LA2,Louisiana Natural Gas Marketed Production (MMcf)
2000,Louisiana,Onshore,Component,False,37.218894,NA1140_RLAO_2,Louisiana--onshore Natural Gas Marketed Production (MMcf)
2000,Louisiana,State Offshore,Component,False,3.982446435,NA1140_RLASF_2,Louisiana--State Offshore Natural Gas Marketed Production (MMcf)
2001,Louisiana,,State or federal offshore area,False,42.534268845,N9050LA2,Louisiana Natural Gas Marketed Production (MMcf)
2001,Louisiana,Onshore,Component,False,38.241668499,NA1140_RLAO_2,Louisiana--onshore Natural Gas Marketed Production (MMcf)
2001,Louisiana,State Offshore,Component,False,4.292600346,NA1140_RLASF_2,Louisiana--State Offshore Natural Gas Marketed Production (MMcf)
2002,Louisiana,,State or federal offshore area,False,38.560430717,N9050LA2,Louisiana Natural Gas Marketed Production (MMcf)
2002,Louisiana,Onshore,Component,False,34.733754998,NA1140_RLAO_2,Louisiana--onshore Natural Gas Marketed Production (MMcf)
2002,Louisiana,State Offshore,Component,False,3.826647402,NA1140_RLASF_2,Louisiana--State Offshore Natural Gas Marketed Production (MMcf)
2003,Louisiana,,State or federal offshore area,False,38.238978403,N9050LA2,Louisiana Natural Gas Marketed Production (MMcf)
2003,Louisiana,Onshore,Component,False,34.535933834,NA1140_RLAO_2,Louisiana--onshore Natural Gas Marketed Production (MMcf)
2003,Louisiana,State Offshore,Component,False,3.70304457,NA1140_RLASF_2,Louisiana--State Offshore Natural Gas Marketed Production (MMcf)
2004,Louisiana,,State or federal offshore area,False,38.319681283,N9050LA2,Louisiana Natural Gas Marketed Production (MMcf)
2004,Louisiana,Onshore,Component,False,34.723985702,NA1140_RLAO_2,Louisiana--onshore Natural Gas Marketed Production (MMcf)
2004,Louisiana,State Offshore,Component,False,3.595667264,NA1140_RLASF_2,Louisiana--State Offshore Natural Gas Marketed Production (MMcf)
2005,Louisiana,,State or federal offshore area,False,36.699932006,N9050LA2,Louisiana Natural Gas Marketed Production (MMcf)
2005,Louisiana,Onshore,Component,False,33.685976765,NA1140_RLAO_2,Louisiana--onshore Natural Gas Marketed Production (MMcf)
2005,Louisiana,State Offshore,Component,False,3.013955242,NA1140_RLASF_2,Louisiana--State Offshore Natural Gas Marketed Production (MMcf)
2006,Louisiana,,State or federal offshore area,False,38.542534499,N9050LA2,Louisiana Natural Gas Marketed Production (MMcf)
2006,Louisiana,Onshore,Component,False,35.81650448,NA1140_RLAO_2,Louisiana--onshore Natural Gas Marketed Production (MMcf)
2006,Louisiana,State Offshore,Component,False,2.726030019,NA1140_RLASF_2,Louisiana--State Offshore Natural Gas Marketed Production (MMcf)
2007,Louisiana,,State or federal offshore area,False,38.661861494,N9050LA2,Louisiana Natural Gas Marketed Production (MMcf)
2007,Louisiana,Onshore,Component,False,36.630329312,NA1140_RLAO_2,Louisiana--onshore Natural Gas Marketed Production (MMcf)
2007,Louisiana,State Offshore,Component,False,2.031532182,NA1140_RLASF_2,Louisiana--State Offshore Natural Gas Marketed Production (MMcf)
2008,Louisiana,,State or federal offshore area,False,39.019672579,N9050LA2,Louisiana Natural Gas Marketed Production (MMcf)
2008,Louisiana,Onshore,Component,False,36.595669549,NA1140_RLAO_2,Louisiana--onshore Natural Gas Marketed Production (MMcf)
2008,Louisiana,State Offshore,Component,False,2.42400303,NA1140_RLASF_2,Louisiana--State Offshore Natural Gas Marketed Production (MMcf)
2009,Louisiana,,State or federal offshore area,False,43.851594698,N9050LA2,Louisiana Natural Gas Marketed Production (MMcf)
2009,Louisiana,Onshore,Component,False,41.70277433,NA1140_RLAO_2,Louisiana--onshore Natural Gas Marketed Production (MMcf)
2009,Louisiana,State Offshore,Component,False,2.148820368,NA1140_RLASF_2,Louisiana--State Offshore Natural Gas Marketed Production (MMcf)
2010,Louisiana,,State or federal offshore area,False,62.582931363,N9050LA2,Louisiana Natural Gas Marketed Production (MMcf)
2010,Louisiana,Onshore,Component,False,60.61281832,NA1140_RLAO_2,Louisiana--onshore Natural Gas Marketed Production (MMcf)
2010,Louisiana,State Offshore,Component,False,1.970113043,NA1140_RLASF_2,Louisiana--State Offshore Natural Gas Marketed Production (MMcf)
2011,Louisiana,,State or federal offshore area,False,85.777420461,N9050LA2,Louisiana Natural Gas Marketed Production (MMcf)
2011,Louisiana,Onshore,Component,False,83.768145283,NA1140_RLAO_2,Louisiana--onshore Natural Gas Marketed Production (MMcf)
2011,Louisiana,State Offshore,Component,False,2.009275178,NA1140_RLASF_2,Louisiana--State Offshore Natural Gas Marketed Production (MMcf)
2012,Louisiana,,State or federal offshore area,False,83.688518442,N9050LA2,Louisiana Natural Gas Marketed Production (MMcf)
2012,Louisiana,Onshore,Component,False,81.614482742,NA1140_RLAO_2,Louisiana--onshore Natural Gas Marketed Production (MMcf)
2012,Louisiana,State Offshore,Component,False,2.074035699,NA1140_RLASF_2,Louisiana--State Offshore Natural Gas Marketed Production (MMcf)
2013,Louisiana,,State or federal offshore area,False,66.833367994,N9050LA2,Louisiana Natural Gas Marketed Production (MMcf)
2013,Louisiana,Onshore,Component,False,64.631736794,NA1140_RLAO_2,Louisiana--onshore Natural Gas Marketed Production (MMcf)
2013,Louisiana,State Offshore,Component,False,2.2016312,NA1140_RLASF_2,Louisiana--State Offshore Natural Gas Marketed Production (MMcf)
2014,Louisiana,,State or federal offshore area,False,55.523949558,N9050LA2,Louisiana Natural Gas Marketed Production (MMcf)
2014,Louisiana,Onshore,Component,False,53.787506749,NA1140_RLAO_2,Louisiana--onshore Natural Gas Marketed Production (MMcf)
2014,Louisiana,State Offshore,Component,False,1.73644281,NA1140_RLASF_2,Louisiana--State Offshore Natural Gas Marketed Production (MMcf)
2015,Louisiana,,State or federal offshore area,False,51.11740241,N9050LA2,Louisiana Natural Gas Marketed Production (MMcf)
2015,Louisiana,Onshore,Component,False,49.597441536,NA1140_RLAO_2,Louisiana--onshore Natural Gas Marketed Production (MMcf)
2015,Louisiana,State Offshore,Component,False,1.519932557,NA1140_RLASF_2,Louisiana--State Offshore Natural Gas Marketed Production (MMcf)
2016,Louisiana,,State or federal offshore area,False,50.528384653,N9050LA2,Louisiana Natural Gas Marketed Production (MMcf)
2016,Louisiana,Onshore,Component,False,49.248861728,NA1140_RLAO_2,Louisiana--onshore Natural Gas Marketed Production (MMcf)
2016,Louisiana,State Offshore,Component,False,1.279522925,NA1140_RLASF_2,Louisiana--State Offshore Natural Gas Marketed Production (MMcf)
2017,Louisiana,,State or federal offshore area,False,60.593138144,N9050LA2,Louisiana Natural Gas Marketed Production (MMcf)
2017,Louisiana,Onshore,Component,False,59.600436086,NA1140_RLAO_2,Louisiana--onshore Natural Gas Marketed Production (MMcf)
2017,Louisiana,State Offshore,Component,False,0.992673741,NA1140_RLASF_2,Louisiana--State Offshore Natural Gas Marketed Production (MMcf)
2018,Louisiana,,State or federal offshore area,False,80.204617587,N9050LA2,Louisiana Natural Gas Marketed Production (MMcf)
2018,Louisiana,Onshore,Component,False,79.468692272,NA1140_RLAO_2,Louisiana--onshore Natural Gas Marketed Production (MMcf)
2018,Louisiana,State Offshore,Component,False,0.735925315,NA1140_RLASF_2,Louisiana--State Offshore Natural Gas Marketed Production (MMcf)
2019,Louisiana,,State or federal offshore area,False,90.962566342,N9050LA2,Louisiana Natural Gas Marketed Production (MMcf)
2019,Louisiana,Onshore,Component,False,90.16414585,NA1140_RLAO_2,Louisiana--onshore Natural Gas Marketed Production (MMcf)
2019,Louisiana,State Offshore,Component,False,0.798420493,NA1140_RLASF_2,Louisiana--State Offshore Natural Gas Marketed Production (MMcf)
2020,Louisiana,,State or federal offshore area,False,90.771597843,N9050LA2,Louisiana Natural Gas Marketed Production (MMcf)
2020,Louisiana,Onshore,Component,False,90.127872029,NA1140_RLAO_2,Louisiana--onshore Natural Gas Marketed Production (MMcf)
2020,Louisiana,State Offshore,Component,False,0.643725814,NA1140_RLASF_2,Louisiana--State Offshore Natural Gas Marketed Production (MMcf)
2021,Louisiana,,State or federal offshore area,False,97.516461386,N9050LA2,Louisiana Natural Gas Marketed Production (MMcf)
2021,Louisiana,Onshore,Component,False,97.029525693,NA1140_RLAO_2,Louisiana--onshore Natural Gas Marketed Production (MMcf)
2021,Louisiana,State Offshore,Component,False,0.486935693,NA1140_RLASF_2,Louisiana--State Offshore Natural Gas Marketed Production (MMcf)
2022,Louisiana,,State or federal offshore area,False,116.734337309,N9050LA2,Louisiana Natural Gas Marketed Production (MMcf)
2022,Louisiana,Onshore,Component,False,116.364944653,NA1140_RLAO_2,Louisiana--onshore Natural Gas Marketed Production (MMcf)
2022,Louisiana,State Offshore,Component,False,0.369392656,NA1140_RLASF_2,Louisiana--State Offshore Natural Gas Marketed Production (MMcf)
2023,Louisiana,,State or federal offshore area,False,123.253685856,N9050LA2,Louisiana Natural Gas Marketed Production (MMcf)
2023,Louisiana,Onshore,Component,False,123.003790096,NA1140_RLAO_2,Louisiana--onshore Natural Gas Marketed Production (MMcf)
2023,Louisiana,State Offshore,Component,False,0.24989576,NA1140_RLASF_2,Louisiana--State Offshore Natural Gas Marketed Production (MMcf)
2024,Louisiana,,State or federal offshore area,False,102.342918362,N9050LA2,Louisiana Natural Gas Marketed Production (MMcf)
2024,Louisiana,Onshore,Component,False,102.098487744,NA1140_RLAO_2,Louisiana--onshore Natural Gas Marketed Production (MMcf)
2024,Louisiana,State Offshore,Component,False,0.244430618,NA1140_RLASF_2,Louisiana--State Offshore Natural Gas Marketed Production (MMcf)
2025,Louisiana,,State or federal offshore area,False,107.999992032,N9050LA2,Louisiana Natural Gas Marketed Production (MMcf)
1967,Maryland,,State or federal offshore area,True,0.017584733,N9050MD2,Maryland Natural Gas Marketed Production (MMcf)
1968,Maryland,,State or federal offshore area,True,0.024465715,N9050MD2,Maryland Natural Gas Marketed Production (MMcf)
1969,Maryland,,State or federal offshore area,True,0.02769383,N9050MD2,Maryland Natural Gas Marketed Production (MMcf)
1970,Maryland,,State or federal offshore area,True,0.023021558,N9050MD2,Maryland Natural Gas Marketed Production (MMcf)
1971,Maryland,,State or federal offshore area,True,0.006059795,N9050MD2,Maryland Natural Gas Marketed Production (MMcf)
1972,Maryland,,State or federal offshore area,True,0.006909299,N9050MD2,Maryland Natural Gas Marketed Production (MMcf)
1973,Maryland,,State or federal offshore area,True,0.008438406,N9050MD2,Maryland Natural Gas Marketed Production (MMcf)
1974,Maryland,,State or federal offshore area,True,0.003766134,N9050MD2,Maryland Natural Gas Marketed Production (MMcf)
1975,Maryland,,State or federal offshore area,True,0.002633462,N9050MD2,Maryland Natural Gas Marketed Production (MMcf)
1976,Maryland,,State or federal offshore area,True,0.00212376,N9050MD2,Maryland Natural Gas Marketed Production (MMcf)
1977,Maryland,,State or federal offshore area,True,0.002321978,N9050MD2,Maryland Natural Gas Marketed Production (MMcf)
1978,Maryland,,State or federal offshore area,True,0.002491878,N9050MD2,Maryland Natural Gas Marketed Production (MMcf)
1979,Maryland,,State or federal offshore area,True,0.00079287,N9050MD2,Maryland Natural Gas Marketed Production (MMcf)
1980,Maryland,,State or federal offshore area,True,0.001925542,N9050MD2,Maryland Natural Gas Marketed Production (MMcf)
1981,Maryland,,State or federal offshore area,True,0.001585741,N9050MD2,Maryland Natural Gas Marketed Production (MMcf)
1982,Maryland,,State or federal offshore area,True,0.001019405,N9050MD2,Maryland Natural Gas Marketed Production (MMcf)
1983,Maryland,,State or federal offshore area,True,0.000877821,N9050MD2,Maryland Natural Gas Marketed Production (MMcf)
1984,Maryland,,State or federal offshore area,True,0.001699008,N9050MD2,Maryland Natural Gas Marketed Production (MMcf)
1985,Maryland,,State or federal offshore area,True,0.001104355,N9050MD2,Maryland Natural Gas Marketed Production (MMcf)
1986,Maryland,,State or federal offshore area,True,0.000566336,N9050MD2,Maryland Natural Gas Marketed Production (MMcf)
1987,Maryland,,State or federal offshore area,True,0.001245939,N9050MD2,Maryland Natural Gas Marketed Production (MMcf)
1988,Maryland,,State or federal offshore area,True,0.000821187,N9050MD2,Maryland Natural Gas Marketed Production (MMcf)
1989,Maryland,,State or federal offshore area,True,0.000962771,N9050MD2,Maryland Natural Gas Marketed Production (MMcf)
1990,Maryland,,State or federal offshore area,True,0.00062297,N9050MD2,Maryland Natural Gas Marketed Production (MMcf)
1991,Maryland,,State or federal offshore area,True,0.000821187,N9050MD2,Maryland Natural Gas Marketed Production (MMcf)
1992,Maryland,,State or federal offshore area,True,0.000934454,N9050MD2,Maryland Natural Gas Marketed Production (MMcf)
1993,Maryland,,State or federal offshore area,True,0.00079287,N9050MD2,Maryland Natural Gas Marketed Production (MMcf)
1994,Maryland,,State or federal offshore area,True,0.000736237,N9050MD2,Maryland Natural Gas Marketed Production (MMcf)
1995,Maryland,,State or federal offshore area,True,0.00062297,N9050MD2,Maryland Natural Gas Marketed Production (MMcf)
1996,Maryland,,State or federal offshore area,True,0.003822768,N9050MD2,Maryland Natural Gas Marketed Production (MMcf)
1997,Maryland,,State or federal offshore area,True,0.003341382,N9050MD2,Maryland Natural Gas Marketed Production (MMcf)
1998,Maryland,,State or federal offshore area,True,0.001783958,N9050MD2,Maryland Natural Gas Marketed Production (MMcf)
1999,Maryland,,State or federal offshore area,True,0.000509702,N9050MD2,Maryland Natural Gas Marketed Production (MMcf)
2000,Maryland,,State or federal offshore area,True,0.000962771,N9050MD2,Maryland Natural Gas Marketed Production (MMcf)
2001,Maryland,,State or federal offshore area,True,0.000906138,N9050MD2,Maryland Natural Gas Marketed Production (MMcf)
2002,Maryland,,State or federal offshore area,True,0.00062297,N9050MD2,Maryland Natural Gas Marketed Production (MMcf)
2003,Maryland,,State or federal offshore area,True,0.001359206,N9050MD2,Maryland Natural Gas Marketed Production (MMcf)
2004,Maryland,,State or federal offshore area,True,0.000962771,N9050MD2,Maryland Natural Gas Marketed Production (MMcf)
2005,Maryland,,State or federal offshore area,True,0.001302573,N9050MD2,Maryland Natural Gas Marketed Production (MMcf)
2006,Maryland,,State or federal offshore area,True,0.001359206,N9050MD2,Maryland Natural Gas Marketed Production (MMcf)
2007,Maryland,,State or federal offshore area,True,0.000991088,N9050MD2,Maryland Natural Gas Marketed Production (MMcf)
2008,Maryland,,State or federal offshore area,True,0.00079287,N9050MD2,Maryland Natural Gas Marketed Production (MMcf)
2009,Maryland,,State or federal offshore area,True,0.001217622,N9050MD2,Maryland Natural Gas Marketed Production (MMcf)
2010,Maryland,,State or federal offshore area,True,0.001217622,N9050MD2,Maryland Natural Gas Marketed Production (MMcf)
2011,Maryland,,State or federal offshore area,True,0.000962771,N9050MD2,Maryland Natural Gas Marketed Production (MMcf)
2012,Maryland,,State or federal offshore area,True,0.001245939,N9050MD2,Maryland Natural Gas Marketed Production (MMcf)
2013,Maryland,,State or federal offshore area,True,0.000906138,N9050MD2,Maryland Natural Gas Marketed Production (MMcf)
2014,Maryland,,State or federal offshore area,True,0.000566336,N9050MD2,Maryland Natural Gas Marketed Production (MMcf)
2015,Maryland,,State or federal offshore area,True,0.001076038,N9050MD2,Maryland Natural Gas Marketed Production (MMcf)
2016,Maryland,,State or federal offshore area,True,0.000962771,N9050MD2,Maryland Natural Gas Marketed Production (MMcf)
2017,Maryland,,State or federal offshore area,True,0.000906138,N9050MD2,Maryland Natural Gas Marketed Production (MMcf)
2018,Maryland,,State or federal offshore area,True,0.000368118,N9050MD2,Maryland Natural Gas Marketed Production (MMcf)
2019,Maryland,,State or federal offshore area,True,0.000368118,N9050MD2,Maryland Natural Gas Marketed Production (MMcf)
2020,Maryland,,State or federal offshore area,True,0.000283168,N9050MD2,Maryland Natural Gas Marketed Production (MMcf)
2021,Maryland,,State or federal offshore area,True,0.000141584,N9050MD2,Maryland Natural Gas Marketed Production (MMcf)
2022,Maryland,,State or federal offshore area,True,0.000141584,N9050MD2,Maryland Natural Gas Marketed Production (MMcf)
2023,Maryland,,State or federal offshore area,True,8.495e-05,N9050MD2,Maryland Natural Gas Marketed Production (MMcf)
2024,Maryland,,State or federal offshore area,True,0.000141584,N9050MD2,Maryland Natural Gas Marketed Production (MMcf)
1967,Michigan,,State or federal offshore area,True,0.951132995,N9050MI2,Michigan Natural Gas Marketed Production (MMcf)
1968,Michigan,,State or federal offshore area,True,1.146264064,N9050MI2,Michigan Natural Gas Marketed Production (MMcf)
1969,Michigan,,State or federal offshore area,True,1.024020438,N9050MI2,Michigan Natural Gas Marketed Production (MMcf)
1970,Michigan,,State or federal offshore area,True,1.100135997,N9050MI2,Michigan Natural Gas Marketed Production (MMcf)
1971,Michigan,,State or federal offshore area,True,0.726665722,N9050MI2,Michigan Natural Gas Marketed Production (MMcf)
1972,Michigan,,State or federal offshore area,True,0.969029213,N9050MI2,Michigan Natural Gas Marketed Production (MMcf)
1973,Michigan,,State or federal offshore area,True,1.262334627,N9050MI2,Michigan Natural Gas Marketed Production (MMcf)
1974,Michigan,,State or federal offshore area,True,1.957625334,N9050MI2,Michigan Natural Gas Marketed Production (MMcf)
1975,Michigan,,State or federal offshore area,True,2.891513398,N9050MI2,Michigan Natural Gas Marketed Production (MMcf)
1976,Michigan,,State or federal offshore area,True,3.377118202,N9050MI2,Michigan Natural Gas Marketed Production (MMcf)
1977,Michigan,,State or federal offshore area,True,3.679881427,N9050MI2,Michigan Natural Gas Marketed Production (MMcf)
1978,Michigan,,State or federal offshore area,True,4.19221729,N9050MI2,Michigan Natural Gas Marketed Production (MMcf)
1979,Michigan,,State or federal offshore area,True,4.523070781,N9050MI2,Michigan Natural Gas Marketed Production (MMcf)
1980,Michigan,,State or federal offshore area,True,4.482606074,N9050MI2,Michigan Natural Gas Marketed Production (MMcf)
1981,Michigan,,State or federal offshore area,True,4.320945462,N9050MI2,Michigan Natural Gas Marketed Production (MMcf)
1982,Michigan,,State or federal offshore area,True,4.333914557,N9050MI2,Michigan Natural Gas Marketed Production (MMcf)
1983,Michigan,,State or federal offshore area,True,3.933486688,N9050MI2,Michigan Natural Gas Marketed Production (MMcf)
1984,Michigan,,State or federal offshore area,True,4.092825322,N9050MI2,Michigan Natural Gas Marketed Production (MMcf)
1985,Michigan,,State or federal offshore area,True,3.733711664,N9050MI2,Michigan Natural Gas Marketed Production (MMcf)
1986,Michigan,,State or federal offshore area,True,3.604360522,N9050MI2,Michigan Natural Gas Marketed Production (MMcf)
1987,Michigan,,State or federal offshore area,True,4.162456333,N9050MI2,Michigan Natural Gas Marketed Production (MMcf)
1988,Michigan,,State or federal offshore area,True,4.138358736,N9050MI2,Michigan Natural Gas Marketed Production (MMcf)
1989,Michigan,,State or federal offshore area,True,4.417080998,N9050MI2,Michigan Natural Gas Marketed Production (MMcf)
1990,Michigan,,State or federal offshore area,True,4.874765437,N9050MI2,Michigan Natural Gas Marketed Production (MMcf)
1991,Michigan,,State or federal offshore area,True,5.542985283,N9050MI2,Michigan Natural Gas Marketed Production (MMcf)
1992,Michigan,,State or federal offshore area,True,5.516537392,N9050MI2,Michigan Natural Gas Marketed Production (MMcf)
1993,Michigan,,State or federal offshore area,True,5.794608368,N9050MI2,Michigan Natural Gas Marketed Production (MMcf)
1994,Michigan,,State or federal offshore area,True,6.304933738,N9050MI2,Michigan Natural Gas Marketed Production (MMcf)
1995,Michigan,,State or federal offshore area,True,6.74514671,N9050MI2,Michigan Natural Gas Marketed Production (MMcf)
1996,Michigan,,State or federal offshore area,True,6.958570432,N9050MI2,Michigan Natural Gas Marketed Production (MMcf)
1997,Michigan,,State or federal offshore area,True,8.66352496,N9050MI2,Michigan Natural Gas Marketed Production (MMcf)
1998,Michigan,,State or federal offshore area,True,7.874222477,N9050MI2,Michigan Natural Gas Marketed Production (MMcf)
1999,Michigan,,State or federal offshore area,True,7.854060915,N9050MI2,Michigan Natural Gas Marketed Production (MMcf)
2000,Michigan,,State or federal offshore area,True,8.397516941,N9050MI2,Michigan Natural Gas Marketed Production (MMcf)
2001,Michigan,,State or federal offshore area,True,7.788139405,N9050MI2,Michigan Natural Gas Marketed Production (MMcf)
2002,Michigan,,State or federal offshore area,True,7.772281997,N9050MI2,Michigan Natural Gas Marketed Production (MMcf)
2003,Michigan,,State or federal offshore area,True,6.710713482,N9050MI2,Michigan Natural Gas Marketed Production (MMcf)
2004,Michigan,,State or federal offshore area,True,7.353334941,N9050MI2,Michigan Natural Gas Marketed Production (MMcf)
2005,Michigan,,State or federal offshore area,True,7.393856282,N9050MI2,Michigan Natural Gas Marketed Production (MMcf)
2006,Michigan,,State or federal offshore area,True,7.447573251,N9050MI2,Michigan Natural Gas Marketed Production (MMcf)
2007,Michigan,,State or federal offshore area,True,7.501318538,N9050MI2,Michigan Natural Gas Marketed Production (MMcf)
2008,Michigan,,State or federal offshore area,True,4.336151584,N9050MI2,Michigan Natural Gas Marketed Production (MMcf)
2009,Michigan,,State or federal offshore area,True,4.353311565,N9050MI2,Michigan Natural Gas Marketed Production (MMcf)
2010,Michigan,,State or federal offshore area,True,3.712842182,N9050MI2,Michigan Natural Gas Marketed Production (MMcf)
2011,Michigan,,State or federal offshore area,True,3.912305722,N9050MI2,Michigan Natural Gas Marketed Production (MMcf)
2012,Michigan,,State or federal offshore area,True,3.662296694,N9050MI2,Michigan Natural Gas Marketed Production (MMcf)
2013,Michigan,,State or federal offshore area,True,3.50057945,N9050MI2,Michigan Natural Gas Marketed Production (MMcf)
2014,Michigan,,State or federal offshore area,True,3.258272592,N9050MI2,Michigan Natural Gas Marketed Production (MMcf)
2015,Michigan,,State or federal offshore area,True,3.048699955,N9050MI2,Michigan Natural Gas Marketed Production (MMcf)
2016,Michigan,,State or federal offshore area,True,2.88839855,N9050MI2,Michigan Natural Gas Marketed Production (MMcf)
2017,Michigan,,State or federal offshore area,True,2.731183677,N9050MI2,Michigan Natural Gas Marketed Production (MMcf)
2018,Michigan,,State or federal offshore area,True,2.53639241,N9050MI2,Michigan Natural Gas Marketed Production (MMcf)
2019,Michigan,,State or federal offshore area,True,2.377733379,N9050MI2,Michigan Natural Gas Marketed Production (MMcf)
2020,Michigan,,State or federal offshore area,True,2.150236208,N9050MI2,Michigan Natural Gas Marketed Production (MMcf)
2021,Michigan,,State or federal offshore area,True,2.097057258,N9050MI2,Michigan Natural Gas Marketed Production (MMcf)
2022,Michigan,,State or federal offshore area,True,1.979882339,N9050MI2,Michigan Natural Gas Marketed Production (MMcf)
2023,Michigan,,State or federal offshore area,True,1.934490509,N9050MI2,Michigan Natural Gas Marketed Production (MMcf)
2024,Michigan,,State or federal offshore area,True,1.815928067,N9050MI2,Michigan Natural Gas Marketed Production (MMcf)
1967,Mississippi,,State or federal offshore area,True,3.95010865,N9050MS2,Mississippi Natural Gas Marketed Production (MMcf)
1968,Mississippi,,State or federal offshore area,True,3.824212157,N9050MS2,Mississippi Natural Gas Marketed Production (MMcf)
1969,Mississippi,,State or federal offshore area,True,3.716126931,N9050MS2,Mississippi Natural Gas Marketed Production (MMcf)
1970,Mississippi,,State or federal offshore area,True,3.568794621,N9050MS2,Mississippi Natural Gas Marketed Production (MMcf)
1971,Mississippi,,State or federal offshore area,True,3.364177424,N9050MS2,Mississippi Natural Gas Marketed Production (MMcf)
1972,Mississippi,,State or federal offshore area,True,2.944635715,N9050MS2,Mississippi Natural Gas Marketed Production (MMcf)
1973,Mississippi,,State or federal offshore area,True,2.823354861,N9050MS2,Mississippi Natural Gas Marketed Production (MMcf)
1974,Mississippi,,State or federal offshore area,True,2.230995722,N9050MS2,Mississippi Natural Gas Marketed Production (MMcf)
1975,Mississippi,,State or federal offshore area,True,2.105212496,N9050MS2,Mississippi Natural Gas Marketed Production (MMcf)
1976,Mississippi,,State or federal offshore area,True,2.003753402,N9050MS2,Mississippi Natural Gas Marketed Production (MMcf)
1977,Mississippi,,State or federal offshore area,True,2.350152816,N9050MS2,Mississippi Natural Gas Marketed Production (MMcf)
1978,Mississippi,,State or federal offshore area,True,3.017976227,N9050MS2,Mississippi Natural Gas Marketed Production (MMcf)
1979,Mississippi,,State or federal offshore area,True,4.079799594,N9050MS2,Mississippi Natural Gas Marketed Production (MMcf)
1980,Mississippi,,State or federal offshore area,True,4.957167325,N9050MS2,Mississippi Natural Gas Marketed Production (MMcf)
1981,Mississippi,,State or federal offshore area,True,5.132080198,N9050MS2,Mississippi Natural Gas Marketed Production (MMcf)
1982,Mississippi,,State or federal offshore area,True,4.735446781,N9050MS2,Mississippi Natural Gas Marketed Production (MMcf)
1983,Mississippi,,State or federal offshore area,True,4.281613427,N9050MS2,Mississippi Natural Gas Marketed Production (MMcf)
1984,Mississippi,,State or federal offshore area,True,4.471534205,N9050MS2,Mississippi Natural Gas Marketed Production (MMcf)
1985,Mississippi,,State or federal offshore area,True,4.08248969,N9050MS2,Mississippi Natural Gas Marketed Production (MMcf)
1986,Mississippi,,State or federal offshore area,True,3.987939894,N9050MS2,Mississippi Natural Gas Marketed Production (MMcf)
1987,Mississippi,,State or federal offshore area,True,3.956621514,N9050MS2,Mississippi Natural Gas Marketed Production (MMcf)
1988,Mississippi,,State or federal offshore area,True,3.51278399,N9050MS2,Mississippi Natural Gas Marketed Production (MMcf)
1989,Mississippi,,State or federal offshore area,True,2.906577936,N9050MS2,Mississippi Natural Gas Marketed Production (MMcf)
1990,Mississippi,,State or federal offshore area,True,2.679222349,N9050MS2,Mississippi Natural Gas Marketed Production (MMcf)
1991,Mississippi,,State or federal offshore area,True,3.059092221,N9050MS2,Mississippi Natural Gas Marketed Production (MMcf)
1992,Mississippi,,State or federal offshore area,True,2.59656561,N9050MS2,Mississippi Natural Gas Marketed Production (MMcf)
1993,Mississippi,,State or federal offshore area,True,2.285024176,N9050MS2,Mississippi Natural Gas Marketed Production (MMcf)
1994,Mississippi,,State or federal offshore area,True,1.796644326,N9050MS2,Mississippi Natural Gas Marketed Production (MMcf)
1995,Mississippi,,State or federal offshore area,True,2.705188854,N9050MS2,Mississippi Natural Gas Marketed Production (MMcf)
1996,Mississippi,,State or federal offshore area,True,2.924077718,N9050MS2,Mississippi Natural Gas Marketed Production (MMcf)
1997,Mississippi,,State or federal offshore area,True,3.03839264,N9050MS2,Mississippi Natural Gas Marketed Production (MMcf)
1998,Mississippi,,State or federal offshore area,True,3.060139942,N9050MS2,Mississippi Natural Gas Marketed Production (MMcf)
1999,Mississippi,,State or federal offshore area,True,3.143759453,N9050MS2,Mississippi Natural Gas Marketed Production (MMcf)
2000,Mississippi,,State or federal offshore area,True,2.507679174,N9050MS2,Mississippi Natural Gas Marketed Production (MMcf)
2001,Mississippi,,State or federal offshore area,True,3.045216989,N9050MS2,Mississippi Natural Gas Marketed Production (MMcf)
2002,Mississippi,,State or federal offshore area,True,3.199232064,N9050MS2,Mississippi Natural Gas Marketed Production (MMcf)
2003,Mississippi,,State or federal offshore area,True,3.791647837,N9050MS2,Mississippi Natural Gas Marketed Production (MMcf)
2004,Mississippi,,State or federal offshore area,True,1.79395423,N9050MS2,Mississippi Natural Gas Marketed Production (MMcf)
2005,Mississippi,,State or federal offshore area,True,1.498610006,N9050MS2,Mississippi Natural Gas Marketed Production (MMcf)
2006,Mississippi,,State or federal offshore area,True,1.714044221,N9050MS2,Mississippi Natural Gas Marketed Production (MMcf)
2007,Mississippi,,State or federal offshore area,True,2.080152128,N9050MS2,Mississippi Natural Gas Marketed Production (MMcf)
2008,Mississippi,,State or federal offshore area,True,2.736563869,N9050MS2,Mississippi Natural Gas Marketed Production (MMcf)
2009,Mississippi,,State or federal offshore area,True,2.496324138,N9050MS2,Mississippi Natural Gas Marketed Production (MMcf)
2010,Mississippi,,State or federal offshore area,True,2.087542813,N9050MS2,Mississippi Natural Gas Marketed Production (MMcf)
2011,Mississippi,,State or federal offshore area,True,2.307451082,N9050MS2,Mississippi Natural Gas Marketed Production (MMcf)
2012,Mississippi,,State or federal offshore area,True,1.807829462,N9050MS2,Mississippi Natural Gas Marketed Production (MMcf)
2013,Mississippi,,State or federal offshore area,True,1.67839337,N9050MS2,Mississippi Natural Gas Marketed Production (MMcf)
2014,Mississippi,,State or federal offshore area,True,1.541736493,N9050MS2,Mississippi Natural Gas Marketed Production (MMcf)
2015,Mississippi,,State or federal offshore area,True,1.647499741,N9050MS2,Mississippi Natural Gas Marketed Production (MMcf)
2016,Mississippi,,State or federal offshore area,True,1.373478067,N9050MS2,Mississippi Natural Gas Marketed Production (MMcf)
2017,Mississippi,,State or federal offshore area,True,1.088441158,N9050MS2,Mississippi Natural Gas Marketed Production (MMcf)
2018,Mississippi,,State or federal offshore area,True,1.007058675,N9050MS2,Mississippi Natural Gas Marketed Production (MMcf)
2019,Mississippi,,State or federal offshore area,True,0.943147658,N9050MS2,Mississippi Natural Gas Marketed Production (MMcf)
2020,Mississippi,,State or federal offshore area,True,0.81260721,N9050MS2,Mississippi Natural Gas Marketed Production (MMcf)
2021,Mississippi,,State or federal offshore area,True,0.780665859,N9050MS2,Mississippi Natural Gas Marketed Production (MMcf)
2022,Mississippi,,State or federal offshore area,True,0.807227018,N9050MS2,Mississippi Natural Gas Marketed Production (MMcf)
2023,Mississippi,,State or federal offshore area,True,0.770245277,N9050MS2,Mississippi Natural Gas Marketed Production (MMcf)
2024,Mississippi,,State or federal offshore area,True,0.729214234,N9050MS2,Mississippi Natural Gas Marketed Production (MMcf)
1967,Missouri,,State or federal offshore area,True,0.003426333,N9050MO2,Missouri Natural Gas Marketed Production (MMcf)
1968,Missouri,,State or federal offshore area,True,0.000396435,N9050MO2,Missouri Natural Gas Marketed Production (MMcf)
1969,Missouri,,State or federal offshore area,True,0.003567917,N9050MO2,Missouri Natural Gas Marketed Production (MMcf)
1970,Missouri,,State or federal offshore area,True,0.002463562,N9050MO2,Missouri Natural Gas Marketed Production (MMcf)
1971,Missouri,,State or federal offshore area,True,0.00062297,N9050MO2,Missouri Natural Gas Marketed Production (MMcf)
1972,Missouri,,State or federal offshore area,True,0.000254851,N9050MO2,Missouri Natural Gas Marketed Production (MMcf)
1973,Missouri,,State or federal offshore area,True,0.000934454,N9050MO2,Missouri Natural Gas Marketed Production (MMcf)
1974,Missouri,,State or federal offshore area,True,0.000934454,N9050MO2,Missouri Natural Gas Marketed Production (MMcf)
1975,Missouri,,State or federal offshore area,True,0.000849504,N9050MO2,Missouri Natural Gas Marketed Production (MMcf)
1976,Missouri,,State or federal offshore area,True,0.000821187,N9050MO2,Missouri Natural Gas Marketed Production (MMcf)
1977,Missouri,,State or federal offshore area,True,0.000566336,N9050MO2,Missouri Natural Gas Marketed Production (MMcf)
1984,Missouri,,State or federal offshore area,True,0.000113267,N9050MO2,Missouri Natural Gas Marketed Production (MMcf)
1985,Missouri,,State or federal offshore area,True,0.000113267,N9050MO2,Missouri Natural Gas Marketed Production (MMcf)
1986,Missouri,,State or federal offshore area,True,0.000113267,N9050MO2,Missouri Natural Gas Marketed Production (MMcf)
1987,Missouri,,State or federal offshore area,True,0.000113267,N9050MO2,Missouri Natural Gas Marketed Production (MMcf)
1988,Missouri,,State or federal offshore area,True,0.000113267,N9050MO2,Missouri Natural Gas Marketed Production (MMcf)
1989,Missouri,,State or federal offshore area,True,0.000113267,N9050MO2,Missouri Natural Gas Marketed Production (MMcf)
1990,Missouri,,State or federal offshore area,True,0.000198218,N9050MO2,Missouri Natural Gas Marketed Production (MMcf)
1991,Missouri,,State or federal offshore area,True,0.000424752,N9050MO2,Missouri Natural Gas Marketed Production (MMcf)
1992,Missouri,,State or federal offshore area,True,0.000764554,N9050MO2,Missouri Natural Gas Marketed Production (MMcf)
1993,Missouri,,State or federal offshore area,True,0.000396435,N9050MO2,Missouri Natural Gas Marketed Production (MMcf)
1994,Missouri,,State or federal offshore area,True,0.000226534,N9050MO2,Missouri Natural Gas Marketed Production (MMcf)
1995,Missouri,,State or federal offshore area,True,0.000453069,N9050MO2,Missouri Natural Gas Marketed Production (MMcf)
1996,Missouri,,State or federal offshore area,True,0.00070792,N9050MO2,Missouri Natural Gas Marketed Production (MMcf)
1997,Missouri,,State or federal offshore area,True,0.000141584,N9050MO2,Missouri Natural Gas Marketed Production (MMcf)
2005,Missouri,,State or federal offshore area,True,0.0,N9050MO2,Missouri Natural Gas Marketed Production (MMcf)
2007,Missouri,,State or federal offshore area,True,0.0,N9050MO2,Missouri Natural Gas Marketed Production (MMcf)
2013,Missouri,,State or federal offshore area,True,0.000254851,N9050MO2,Missouri Natural Gas Marketed Production (MMcf)
2014,Missouri,,State or federal offshore area,True,8.495e-05,N9050MO2,Missouri Natural Gas Marketed Production (MMcf)
2015,Missouri,,State or federal offshore area,True,2.8317e-05,N9050MO2,Missouri Natural Gas Marketed Production (MMcf)
2016,Missouri,,State or federal offshore area,True,2.8317e-05,N9050MO2,Missouri Natural Gas Marketed Production (MMcf)
2017,Missouri,,State or federal offshore area,True,2.8317e-05,N9050MO2,Missouri Natural Gas Marketed Production (MMcf)
2018,Missouri,,State or federal offshore area,True,2.8317e-05,N9050MO2,Missouri Natural Gas Marketed Production (MMcf)
2019,Missouri,,State or federal offshore area,True,2.8317e-05,N9050MO2,Missouri Natural Gas Marketed Production (MMcf)
2020,Missouri,,State or federal offshore area,True,2.8317e-05,N9050MO2,Missouri Natural Gas Marketed Production (MMcf)
2021,Missouri,,State or federal offshore area,True,0.0,N9050MO2,Missouri Natural Gas Marketed Production (MMcf)
2022,Missouri,,State or federal offshore area,True,2.8317e-05,N9050MO2,Missouri Natural Gas Marketed Production (MMcf)
2023,Missouri,,State or federal offshore area,True,2.8317e-05,N9050MO2,Missouri Natural Gas Marketed Production (MMcf)
2024,Missouri,,State or federal offshore area,True,2.8317e-05,N9050MO2,Missouri Natural Gas Marketed Production (MMcf)
1967,Montana,,State or federal offshore area,False,0.732442349,N9050MT2,Montana Natural Gas Marketed Production (MMcf)
1968,Montana,,State or federal offshore area,False,0.546882358,N9050MT2,Montana Natural Gas Marketed Production (MMcf)
1969,Montana,,State or federal offshore area,False,1.167473347,N9050MT2,Montana Natural Gas Marketed Production (MMcf)
1970,Montana,,State or federal offshore area,False,1.209268944,N9050MT2,Montana Natural Gas Marketed Production (MMcf)
1971,Montana,,State or federal offshore area,False,0.926525696,N9050MT2,Montana Natural Gas Marketed Production (MMcf)
1972,Montana,,State or federal offshore area,False,0.947876563,N9050MT2,Montana Natural Gas Marketed Production (MMcf)
1973,Montana,,State or federal offshore area,False,1.59069624,N9050MT2,Montana Natural Gas Marketed Production (MMcf)
1974,Montana,,State or federal offshore area,False,1.553827766,N9050MT2,Montana Natural Gas Marketed Production (MMcf)
1975,Montana,,State or federal offshore area,False,1.153456531,N9050MT2,Montana Natural Gas Marketed Production (MMcf)
1976,Montana,,State or federal offshore area,False,1.205247958,N9050MT2,Montana Natural Gas Marketed Production (MMcf)
1977,Montana,,State or federal offshore area,False,1.325764259,N9050MT2,Montana Natural Gas Marketed Production (MMcf)
1978,Montana,,State or federal offshore area,False,1.31735417,N9050MT2,Montana Natural Gas Marketed Production (MMcf)
1979,Montana,,State or federal offshore area,False,1.525935718,N9050MT2,Montana Natural Gas Marketed Production (MMcf)
1980,Montana,,State or federal offshore area,False,1.468707466,N9050MT2,Montana Natural Gas Marketed Production (MMcf)
1981,Montana,,State or federal offshore area,False,1.601739792,N9050MT2,Montana Natural Gas Marketed Production (MMcf)
1982,Montana,,State or federal offshore area,False,1.600380586,N9050MT2,Montana Natural Gas Marketed Production (MMcf)
1983,Montana,,State or federal offshore area,False,1.471539146,N9050MT2,Montana Natural Gas Marketed Production (MMcf)
1984,Montana,,State or federal offshore area,False,1.457578963,N9050MT2,Montana Natural Gas Marketed Production (MMcf)
1985,Montana,,State or federal offshore area,False,1.486462099,N9050MT2,Montana Natural Gas Marketed Production (MMcf)
1986,Montana,,State or federal offshore area,False,1.319336346,N9050MT2,Montana Natural Gas Marketed Production (MMcf)
1987,Montana,,State or federal offshore area,False,1.315485261,N9050MT2,Montana Natural Gas Marketed Production (MMcf)
1988,Montana,,State or federal offshore area,False,1.462675987,N9050MT2,Montana Natural Gas Marketed Production (MMcf)
1989,Montana,,State or federal offshore area,False,1.452850058,N9050MT2,Montana Natural Gas Marketed Production (MMcf)
1990,Montana,,State or federal offshore area,False,1.427987907,N9050MT2,Montana Natural Gas Marketed Production (MMcf)
1991,Montana,,State or federal offshore area,False,1.472445283,N9050MT2,Montana Natural Gas Marketed Production (MMcf)
1992,Montana,,State or federal offshore area,False,1.525341066,N9050MT2,Montana Natural Gas Marketed Production (MMcf)
1993,Montana,,State or federal offshore area,False,1.54405847,N9050MT2,Montana Natural Gas Marketed Production (MMcf)
1994,Montana,,State or federal offshore area,False,1.427619789,N9050MT2,Montana Natural Gas Marketed Production (MMcf)
1995,Montana,,State or federal offshore area,False,1.423315635,N9050MT2,Montana Natural Gas Marketed Production (MMcf)
1996,Montana,,State or federal offshore area,False,1.444043533,N9050MT2,Montana Natural Gas Marketed Production (MMcf)
1997,Montana,,State or federal offshore area,False,1.484848042,N9050MT2,Montana Natural Gas Marketed Production (MMcf)
1998,Montana,,State or federal offshore area,False,1.632321936,N9050MT2,Montana Natural Gas Marketed Production (MMcf)
1999,Montana,,State or federal offshore area,False,1.731940438,N9050MT2,Montana Natural Gas Marketed Production (MMcf)
2000,Montana,,State or federal offshore area,False,1.980363725,N9050MT2,Montana Natural Gas Marketed Production (MMcf)
2001,Montana,,State or federal offshore area,False,2.30490257,N9050MT2,Montana Natural Gas Marketed Production (MMcf)
2002,Montana,,State or federal offshore area,False,2.43736856,N9050MT2,Montana Natural Gas Marketed Production (MMcf)
2003,Montana,,State or federal offshore area,False,2.436009354,N9050MT2,Montana Natural Gas Marketed Production (MMcf)
2004,Montana,,State or federal offshore area,False,2.739990202,N9050MT2,Montana Natural Gas Marketed Production (MMcf)
2005,Montana,,State or federal offshore area,False,3.055892422,N9050MT2,Montana Natural Gas Marketed Production (MMcf)
2006,Montana,,State or federal offshore area,False,3.195409296,N9050MT2,Montana Natural Gas Marketed Production (MMcf)
2007,Montana,,State or federal offshore area,False,3.308761446,N9050MT2,Montana Natural Gas Marketed Production (MMcf)
2008,Montana,,State or federal offshore area,False,3.186461187,N9050MT2,Montana Natural Gas Marketed Production (MMcf)
2009,Montana,,State or federal offshore area,False,2.781984016,N9050MT2,Montana Natural Gas Marketed Production (MMcf)
2010,Montana,,State or federal offshore area,False,2.478824355,N9050MT2,Montana Natural Gas Marketed Production (MMcf)
2011,Montana,,State or federal offshore area,False,2.113112883,N9050MT2,Montana Natural Gas Marketed Production (MMcf)
2012,Montana,,State or federal offshore area,False,1.895923027,N9050MT2,Montana Natural Gas Marketed Production (MMcf)
2013,Montana,,State or federal offshore area,False,1.790811066,N9050MT2,Montana Natural Gas Marketed Production (MMcf)
2014,Montana,,State or federal offshore area,False,1.675221888,N9050MT2,Montana Natural Gas Marketed Production (MMcf)
2015,Montana,,State or federal offshore area,False,1.454237581,N9050MT2,Montana Natural Gas Marketed Production (MMcf)
2016,Montana,,State or federal offshore area,False,1.356969373,N9050MT2,Montana Natural Gas Marketed Production (MMcf)
2017,Montana,,State or federal offshore area,False,1.311379325,N9050MT2,Montana Natural Gas Marketed Production (MMcf)
2018,Montana,,State or federal offshore area,False,1.232630304,N9050MT2,Montana Natural Gas Marketed Production (MMcf)
2019,Montana,,State or federal offshore area,False,1.232743571,N9050MT2,Montana Natural Gas Marketed Production (MMcf)
2020,Montana,,State or federal offshore area,False,1.081446909,N9050MT2,Montana Natural Gas Marketed Production (MMcf)
2021,Montana,,State or federal offshore area,False,1.096398179,N9050MT2,Montana Natural Gas Marketed Production (MMcf)
2022,Montana,,State or federal offshore area,False,1.12638567,N9050MT2,Montana Natural Gas Marketed Production (MMcf)
2023,Montana,,State or federal offshore area,False,1.180668976,N9050MT2,Montana Natural Gas Marketed Production (MMcf)
2024,Montana,,State or federal offshore area,False,1.167246813,N9050MT2,Montana Natural Gas Marketed Production (MMcf)
2025,Montana,,State or federal offshore area,False,1.237953862,N9050MT2,Montana Natural Gas Marketed Production (MMcf)
1967,Nebraska,,State or federal offshore area,True,0.23936191,N9050NE2,Nebraska Natural Gas Marketed Production (MMcf)
1968,Nebraska,,State or federal offshore area,True,0.230187267,N9050NE2,Nebraska Natural Gas Marketed Production (MMcf)
1969,Nebraska,,State or federal offshore area,True,0.197906115,N9050NE2,Nebraska Natural Gas Marketed Production (MMcf)
1970,Nebraska,,State or federal offshore area,True,0.169645949,N9050NE2,Nebraska Natural Gas Marketed Production (MMcf)
1971,Nebraska,,State or federal offshore area,True,0.098995533,N9050NE2,Nebraska Natural Gas Marketed Production (MMcf)
1972,Nebraska,,State or federal offshore area,True,0.09848583,N9050NE2,Nebraska Natural Gas Marketed Production (MMcf)
1973,Nebraska,,State or federal offshore area,True,0.108623245,N9050NE2,Nebraska Natural Gas Marketed Production (MMcf)
1974,Nebraska,,State or federal offshore area,True,0.071868038,N9050NE2,Nebraska Natural Gas Marketed Production (MMcf)
1975,Nebraska,,State or federal offshore area,True,0.072632592,N9050NE2,Nebraska Natural Gas Marketed Production (MMcf)
1976,Nebraska,,State or federal offshore area,True,0.071103485,N9050NE2,Nebraska Natural Gas Marketed Production (MMcf)
1977,Nebraska,,State or federal offshore area,True,0.078975555,N9050NE2,Nebraska Natural Gas Marketed Production (MMcf)
1978,Nebraska,,State or federal offshore area,True,0.081609018,N9050NE2,Nebraska Natural Gas Marketed Production (MMcf)
1979,Nebraska,,State or federal offshore area,True,0.090840294,N9050NE2,Nebraska Natural Gas Marketed Production (MMcf)
1980,Nebraska,,State or federal offshore area,True,0.07220784,N9050NE2,Nebraska Natural Gas Marketed Production (MMcf)
1981,Nebraska,,State or federal offshore area,True,0.071330019,N9050NE2,Nebraska Natural Gas Marketed Production (MMcf)
1982,Nebraska,,State or federal offshore area,True,0.064562304,N9050NE2,Nebraska Natural Gas Marketed Production (MMcf)
1983,Nebraska,,State or federal offshore area,True,0.059210429,N9050NE2,Nebraska Natural Gas Marketed Production (MMcf)
1984,Nebraska,,State or federal offshore area,True,0.06512864,N9050NE2,Nebraska Natural Gas Marketed Production (MMcf)
1985,Nebraska,,State or federal offshore area,True,0.055047859,N9050NE2,Nebraska Natural Gas Marketed Production (MMcf)
1986,Nebraska,,State or federal offshore area,True,0.03972847,N9050NE2,Nebraska Natural Gas Marketed Production (MMcf)
1987,Nebraska,,State or federal offshore area,True,0.035707485,N9050NE2,Nebraska Natural Gas Marketed Production (MMcf)
1988,Nebraska,,State or federal offshore area,True,0.025768288,N9050NE2,Nebraska Natural Gas Marketed Production (MMcf)
1989,Nebraska,,State or federal offshore area,True,0.02486215,N9050NE2,Nebraska Natural Gas Marketed Production (MMcf)
1990,Nebraska,,State or federal offshore area,True,0.022455222,N9050NE2,Nebraska Natural Gas Marketed Production (MMcf)
1991,Nebraska,,State or federal offshore area,True,0.022200371,N9050NE2,Nebraska Natural Gas Marketed Production (MMcf)
1992,Nebraska,,State or federal offshore area,True,0.033328874,N9050NE2,Nebraska Natural Gas Marketed Production (MMcf)
1993,Nebraska,,State or federal offshore area,True,0.059861715,N9050NE2,Nebraska Natural Gas Marketed Production (MMcf)
1994,Nebraska,,State or federal offshore area,True,0.082062086,N9050NE2,Nebraska Natural Gas Marketed Production (MMcf)
1995,Nebraska,,State or federal offshore area,True,0.063429632,N9050NE2,Nebraska Natural Gas Marketed Production (MMcf)
1996,Nebraska,,State or federal offshore area,True,0.053122317,N9050NE2,Nebraska Natural Gas Marketed Production (MMcf)
1997,Nebraska,,State or federal offshore area,True,0.047289056,N9050NE2,Nebraska Natural Gas Marketed Production (MMcf)
1998,Nebraska,,State or federal offshore area,True,0.047996976,N9050NE2,Nebraska Natural Gas Marketed Production (MMcf)
1999,Nebraska,,State or federal offshore area,True,0.039501936,N9050NE2,Nebraska Natural Gas Marketed Production (MMcf)
2000,Nebraska,,State or federal offshore area,True,0.034489862,N9050NE2,Nebraska Natural Gas Marketed Production (MMcf)
2001,Nebraska,,State or federal offshore area,True,0.034206694,N9050NE2,Nebraska Natural Gas Marketed Production (MMcf)
2002,Nebraska,,State or federal offshore area,True,0.033640358,N9050NE2,Nebraska Natural Gas Marketed Production (MMcf)
2003,Nebraska,,State or federal offshore area,True,0.041172627,N9050NE2,Nebraska Natural Gas Marketed Production (MMcf)
2004,Nebraska,,State or federal offshore area,True,0.041795597,N9050NE2,Nebraska Natural Gas Marketed Production (MMcf)
2005,Nebraska,,State or federal offshore area,True,0.03318729,N9050NE2,Nebraska Natural Gas Marketed Production (MMcf)
2006,Nebraska,,State or federal offshore area,True,0.03398016,N9050NE2,Nebraska Natural Gas Marketed Production (MMcf)
2007,Nebraska,,State or federal offshore area,True,0.044032624,N9050NE2,Nebraska Natural Gas Marketed Production (MMcf)
2008,Nebraska,,State or federal offshore area,True,0.087272378,N9050NE2,Nebraska Natural Gas Marketed Production (MMcf)
2009,Nebraska,,State or federal offshore area,True,0.082345254,N9050NE2,Nebraska Natural Gas Marketed Production (MMcf)
2010,Nebraska,,State or federal offshore area,True,0.063174781,N9050NE2,Nebraska Natural Gas Marketed Production (MMcf)
2011,Nebraska,,State or federal offshore area,True,0.055472611,N9050NE2,Nebraska Natural Gas Marketed Production (MMcf)
2012,Nebraska,,State or federal offshore area,True,0.03760471,N9050NE2,Nebraska Natural Gas Marketed Production (MMcf)
2013,Nebraska,,State or federal offshore area,True,0.029222938,N9050NE2,Nebraska Natural Gas Marketed Production (MMcf)
2014,Nebraska,,State or federal offshore area,True,0.011808106,N9050NE2,Nebraska Natural Gas Marketed Production (MMcf)
2015,Nebraska,,State or federal offshore area,True,0.013507114,N9050NE2,Nebraska Natural Gas Marketed Production (MMcf)
2016,Nebraska,,State or federal offshore area,True,0.014894637,N9050NE2,Nebraska Natural Gas Marketed Production (MMcf)
2017,Nebraska,,State or federal offshore area,True,0.012884144,N9050NE2,Nebraska Natural Gas Marketed Production (MMcf)
2018,Nebraska,,State or federal offshore area,True,0.012261174,N9050NE2,Nebraska Natural Gas Marketed Production (MMcf)
2019,Nebraska,,State or federal offshore area,True,0.010873651,N9050NE2,Nebraska Natural Gas Marketed Production (MMcf)
2020,Nebraska,,State or federal offshore area,True,0.009939197,N9050NE2,Nebraska Natural Gas Marketed Production (MMcf)
2021,Nebraska,,State or federal offshore area,True,0.009259594,N9050NE2,Nebraska Natural Gas Marketed Production (MMcf)
2022,Nebraska,,State or federal offshore area,True,0.009061376,N9050NE2,Nebraska Natural Gas Marketed Production (MMcf)
2023,Nebraska,,State or federal offshore area,True,0.007503952,N9050NE2,Nebraska Natural Gas Marketed Production (MMcf)
2024,Nebraska,,State or federal offshore area,True,0.007390685,N9050NE2,Nebraska Natural Gas Marketed Production (MMcf)
1991,Nevada,,State or federal offshore area,True,0.00150079,N9050NV2,Nevada Natural Gas Marketed Production (MMcf)
1992,Nevada,,State or federal offshore area,True,0.000849504,N9050NV2,Nevada Natural Gas Marketed Production (MMcf)
1993,Nevada,,State or federal offshore area,True,0.000594653,N9050NV2,Nevada Natural Gas Marketed Production (MMcf)
1994,Nevada,,State or federal offshore area,True,0.000453069,N9050NV2,Nevada Natural Gas Marketed Production (MMcf)
1995,Nevada,,State or federal offshore area,True,0.000368118,N9050NV2,Nevada Natural Gas Marketed Production (MMcf)
1996,Nevada,,State or federal offshore area,True,0.000311485,N9050NV2,Nevada Natural Gas Marketed Production (MMcf)
1997,Nevada,,State or federal offshore area,True,0.000254851,N9050NV2,Nevada Natural Gas Marketed Production (MMcf)
1998,Nevada,,State or federal offshore area,True,0.000254851,N9050NV2,Nevada Natural Gas Marketed Production (MMcf)
1999,Nevada,,State or federal offshore area,True,0.000226534,N9050NV2,Nevada Natural Gas Marketed Production (MMcf)
2000,Nevada,,State or federal offshore area,True,0.000198218,N9050NV2,Nevada Natural Gas Marketed Production (MMcf)
2001,Nevada,,State or federal offshore area,True,0.000198218,N9050NV2,Nevada Natural Gas Marketed Production (MMcf)
2002,Nevada,,State or federal offshore area,True,0.000169901,N9050NV2,Nevada Natural Gas Marketed Production (MMcf)
2003,Nevada,,State or federal offshore area,True,0.000169901,N9050NV2,Nevada Natural Gas Marketed Production (MMcf)
2004,Nevada,,State or federal offshore area,True,0.000141584,N9050NV2,Nevada Natural Gas Marketed Production (MMcf)
2005,Nevada,,State or federal offshore area,True,0.000141584,N9050NV2,Nevada Natural Gas Marketed Production (MMcf)
2006,Nevada,,State or federal offshore area,True,0.000141584,N9050NV2,Nevada Natural Gas Marketed Production (MMcf)
2007,Nevada,,State or federal offshore area,True,0.000141584,N9050NV2,Nevada Natural Gas Marketed Production (MMcf)
2008,Nevada,,State or federal offshore area,True,0.000113267,N9050NV2,Nevada Natural Gas Marketed Production (MMcf)
2009,Nevada,,State or federal offshore area,True,0.000113267,N9050NV2,Nevada Natural Gas Marketed Production (MMcf)
2010,Nevada,,State or federal offshore area,True,0.000113267,N9050NV2,Nevada Natural Gas Marketed Production (MMcf)
2011,Nevada,,State or federal offshore area,True,8.495e-05,N9050NV2,Nevada Natural Gas Marketed Production (MMcf)
2012,Nevada,,State or federal offshore area,True,0.000113267,N9050NV2,Nevada Natural Gas Marketed Production (MMcf)
2013,Nevada,,State or federal offshore area,True,8.495e-05,N9050NV2,Nevada Natural Gas Marketed Production (MMcf)
2014,Nevada,,State or federal offshore area,True,8.495e-05,N9050NV2,Nevada Natural Gas Marketed Production (MMcf)
2015,Nevada,,State or federal offshore area,True,0.000113267,N9050NV2,Nevada Natural Gas Marketed Production (MMcf)
2016,Nevada,,State or federal offshore area,True,8.495e-05,N9050NV2,Nevada Natural Gas Marketed Production (MMcf)
2017,Nevada,,State or federal offshore area,True,8.495e-05,N9050NV2,Nevada Natural Gas Marketed Production (MMcf)
2018,Nevada,,State or federal offshore area,True,8.495e-05,N9050NV2,Nevada Natural Gas Marketed Production (MMcf)
2019,Nevada,,State or federal offshore area,True,0.000141584,N9050NV2,Nevada Natural Gas Marketed Production (MMcf)
2020,Nevada,,State or federal offshore area,True,0.000339802,N9050NV2,Nevada Natural Gas Marketed Production (MMcf)
2021,Nevada,,State or federal offshore area,True,0.000113267,N9050NV2,Nevada Natural Gas Marketed Production (MMcf)
2022,Nevada,,State or federal offshore area,True,0.000113267,N9050NV2,Nevada Natural Gas Marketed Production (MMcf)
2023,Nevada,,State or federal offshore area,True,0.000113267,N9050NV2,Nevada Natural Gas Marketed Production (MMcf)
2024,Nevada,,State or federal offshore area,True,0.000113267,N9050NV2,Nevada Natural Gas Marketed Production (MMcf)
1967,New Mexico,,State or federal offshore area,False,30.228467168,N9050NM2,New Mexico Natural Gas Marketed Production (MMcf)
1968,New Mexico,,State or federal offshore area,False,32.965908858,N9050NM2,New Mexico Natural Gas Marketed Production (MMcf)
1969,New Mexico,,State or federal offshore area,False,32.228284534,N9050NM2,New Mexico Natural Gas Marketed Production (MMcf)
1970,New Mexico,,State or federal offshore area,False,32.252268864,N9050NM2,New Mexico Natural Gas Marketed Production (MMcf)
1971,New Mexico,,State or federal offshore area,False,33.062044394,N9050NM2,New Mexico Natural Gas Marketed Production (MMcf)
1972,New Mexico,,State or federal offshore area,False,34.434956125,N9050NM2,New Mexico Natural Gas Marketed Production (MMcf)
1973,New Mexico,,State or federal offshore area,False,34.511071683,N9050NM2,New Mexico Natural Gas Marketed Production (MMcf)
1974,New Mexico,,State or federal offshore area,False,35.248157987,N9050NM2,New Mexico Natural Gas Marketed Production (MMcf)
1975,New Mexico,,State or federal offshore area,False,34.473721824,N9050NM2,New Mexico Natural Gas Marketed Production (MMcf)
1976,New Mexico,,State or federal offshore area,False,34.857301197,N9050NM2,New Mexico Natural Gas Marketed Production (MMcf)
1977,New Mexico,,State or federal offshore area,False,34.064345846,N9050NM2,New Mexico Natural Gas Marketed Production (MMcf)
1978,New Mexico,,State or federal offshore area,False,33.249529926,N9050NM2,New Mexico Natural Gas Marketed Production (MMcf)
1979,New Mexico,,State or federal offshore area,False,33.452419798,N9050NM2,New Mexico Natural Gas Marketed Production (MMcf)
1980,New Mexico,,State or federal offshore area,False,32.510121645,N9050NM2,New Mexico Natural Gas Marketed Production (MMcf)
1981,New Mexico,,State or federal offshore area,False,32.056486509,N9050NM2,New Mexico Natural Gas Marketed Production (MMcf)
1982,New Mexico,,State or federal offshore area,False,28.06698919,N9050NM2,New Mexico Natural Gas Marketed Production (MMcf)
1983,New Mexico,,State or federal offshore area,False,25.351436387,N9050NM2,New Mexico Natural Gas Marketed Production (MMcf)
1984,New Mexico,,State or federal offshore area,False,27.109541549,N9050NM2,New Mexico Natural Gas Marketed Production (MMcf)
1985,New Mexico,,State or federal offshore area,False,25.63440617,N9050NM2,New Mexico Natural Gas Marketed Production (MMcf)
1986,New Mexico,,State or federal offshore area,False,19.895780115,N9050NM2,New Mexico Natural Gas Marketed Production (MMcf)
1987,New Mexico,,State or federal offshore area,False,23.326615286,N9050NM2,New Mexico Natural Gas Marketed Production (MMcf)
1988,New Mexico,,State or federal offshore area,False,22.421780259,N9050NM2,New Mexico Natural Gas Marketed Production (MMcf)
1989,New Mexico,,State or federal offshore area,False,24.199962032,N9050NM2,New Mexico Natural Gas Marketed Production (MMcf)
1990,New Mexico,,State or federal offshore area,False,27.328656947,N9050NM2,New Mexico Natural Gas Marketed Production (MMcf)
1991,New Mexico,,State or federal offshore area,False,29.400880371,N9050NM2,New Mexico Natural Gas Marketed Production (MMcf)
1992,New Mexico,,State or federal offshore area,False,35.930139798,N9050NM2,New Mexico Natural Gas Marketed Production (MMcf)
1993,New Mexico,,State or federal offshore area,False,39.910519107,N9050NM2,New Mexico Natural Gas Marketed Production (MMcf)
1994,New Mexico,,State or federal offshore area,False,44.108767875,N9050NM2,New Mexico Natural Gas Marketed Production (MMcf)
1995,New Mexico,,State or federal offshore area,False,46.038501162,N9050NM2,New Mexico Natural Gas Marketed Production (MMcf)
1996,New Mexico,,State or federal offshore area,False,44.006770762,N9050NM2,New Mexico Natural Gas Marketed Production (MMcf)
1997,New Mexico,,State or federal offshore area,False,44.135498934,N9050NM2,New Mexico Natural Gas Marketed Production (MMcf)
1998,New Mexico,,State or federal offshore area,False,42.506291846,N9050NM2,New Mexico Natural Gas Marketed Production (MMcf)
1999,New Mexico,,State or federal offshore area,False,42.805685373,N9050NM2,New Mexico Natural Gas Marketed Production (MMcf)
2000,New Mexico,,State or federal offshore area,False,48.005329456,N9050NM2,New Mexico Natural Gas Marketed Production (MMcf)
2001,New Mexico,,State or federal offshore area,False,47.8306148,N9050NM2,New Mexico Natural Gas Marketed Production (MMcf)
2002,New Mexico,,State or federal offshore area,False,46.215282944,N9050NM2,New Mexico Natural Gas Marketed Production (MMcf)
2003,New Mexico,,State or federal offshore area,False,45.420571952,N9050NM2,New Mexico Natural Gas Marketed Production (MMcf)
2004,New Mexico,,State or federal offshore area,False,46.228280355,N9050NM2,New Mexico Natural Gas Marketed Production (MMcf)
2005,New Mexico,,State or federal offshore area,False,46.585836589,N9050NM2,New Mexico Natural Gas Marketed Production (MMcf)
2006,New Mexico,,State or federal offshore area,False,45.568045846,N9050NM2,New Mexico Natural Gas Marketed Production (MMcf)
2007,New Mexico,,State or federal offshore area,False,42.98269369,N9050NM2,New Mexico Natural Gas Marketed Production (MMcf)
2008,New Mexico,,State or federal offshore area,False,40.951869427,N9050NM2,New Mexico Natural Gas Marketed Production (MMcf)
2009,New Mexico,,State or federal offshore area,False,39.162247667,N9050NM2,New Mexico Natural Gas Marketed Production (MMcf)
2010,New Mexico,,State or federal offshore area,False,36.590544208,N9050NM2,New Mexico Natural Gas Marketed Production (MMcf)
2011,New Mexico,,State or federal offshore area,False,35.03646159,N9050NM2,New Mexico Natural Gas Marketed Production (MMcf)
2012,New Mexico,,State or federal offshore area,False,34.426800886,N9050NM2,New Mexico Natural Gas Marketed Production (MMcf)
2013,New Mexico,,State or federal offshore area,False,33.177095552,N9050NM2,New Mexico Natural Gas Marketed Production (MMcf)
2014,New Mexico,,State or federal offshore area,False,34.816043619,N9050NM2,New Mexico Natural Gas Marketed Production (MMcf)
2015,New Mexico,,State or federal offshore area,False,35.258521936,N9050NM2,New Mexico Natural Gas Marketed Production (MMcf)
2016,New Mexico,,State or federal offshore area,False,34.81966817,N9050NM2,New Mexico Natural Gas Marketed Production (MMcf)
2017,New Mexico,,State or federal offshore area,False,36.804251098,N9050NM2,New Mexico Natural Gas Marketed Production (MMcf)
2018,New Mexico,,State or federal offshore area,False,42.279304378,N9050NM2,New Mexico Natural Gas Marketed Production (MMcf)
2019,New Mexico,,State or federal offshore area,False,50.094854445,N9050NM2,New Mexico Natural Gas Marketed Production (MMcf)
2020,New Mexico,,State or federal offshore area,False,55.657604854,N9050NM2,New Mexico Natural Gas Marketed Production (MMcf)
2021,New Mexico,,State or federal offshore area,False,63.349353872,N9050NM2,New Mexico Natural Gas Marketed Production (MMcf)
2022,New Mexico,,State or federal offshore area,False,77.568606675,N9050NM2,New Mexico Natural Gas Marketed Production (MMcf)
2023,New Mexico,,State or federal offshore area,False,89.748172058,N9050NM2,New Mexico Natural Gas Marketed Production (MMcf)
2024,New Mexico,,State or federal offshore area,False,101.934250304,N9050NM2,New Mexico Natural Gas Marketed Production (MMcf)
2025,New Mexico,,State or federal offshore area,False,116.975879613,N9050NM2,New Mexico Natural Gas Marketed Production (MMcf)
1967,New York,,State or federal offshore area,True,0.108651562,N9050NY2,New York Natural Gas Marketed Production (MMcf)
1968,New York,,State or federal offshore area,True,0.131163418,N9050NY2,New York Natural Gas Marketed Production (MMcf)
1969,New York,,State or federal offshore area,True,0.137647965,N9050NY2,New York Natural Gas Marketed Production (MMcf)
1970,New York,,State or federal offshore area,True,0.095087814,N9050NY2,New York Natural Gas Marketed Production (MMcf)
1971,New York,,State or federal offshore area,True,0.062353594,N9050NY2,New York Natural Gas Marketed Production (MMcf)
1972,New York,,State or federal offshore area,True,0.104177507,N9050NY2,New York Natural Gas Marketed Production (MMcf)
1973,New York,,State or federal offshore area,True,0.128529955,N9050NY2,New York Natural Gas Marketed Production (MMcf)
1974,New York,,State or federal offshore area,True,0.141300832,N9050NY2,New York Natural Gas Marketed Production (MMcf)
1975,New York,,State or federal offshore area,True,0.21600055,N9050NY2,New York Natural Gas Marketed Production (MMcf)
1976,New York,,State or federal offshore area,True,0.261505648,N9050NY2,New York Natural Gas Marketed Production (MMcf)
1977,New York,,State or federal offshore area,True,0.302480058,N9050NY2,New York Natural Gas Marketed Production (MMcf)
1978,New York,,State or federal offshore area,True,0.39360352,N9050NY2,New York Natural Gas Marketed Production (MMcf)
1979,New York,,State or federal offshore area,True,0.4389104,N9050NY2,New York Natural Gas Marketed Production (MMcf)
1980,New York,,State or federal offshore area,True,0.442959702,N9050NY2,New York Natural Gas Marketed Production (MMcf)
1981,New York,,State or federal offshore area,True,0.455164243,N9050NY2,New York Natural Gas Marketed Production (MMcf)
1982,New York,,State or federal offshore area,True,0.449585834,N9050NY2,New York Natural Gas Marketed Production (MMcf)
1983,New York,,State or federal offshore area,True,0.505058445,N9050NY2,New York Natural Gas Marketed Production (MMcf)
1984,New York,,State or federal offshore area,True,0.71358336,N9050NY2,New York Natural Gas Marketed Production (MMcf)
1985,New York,,State or federal offshore area,True,0.893706525,N9050NY2,New York Natural Gas Marketed Production (MMcf)
1986,New York,,State or federal offshore area,True,0.848484595,N9050NY2,New York Natural Gas Marketed Production (MMcf)
1987,New York,,State or federal offshore area,True,0.727062157,N9050NY2,New York Natural Gas Marketed Production (MMcf)
1988,New York,,State or federal offshore area,True,0.664170544,N9050NY2,New York Natural Gas Marketed Production (MMcf)
1989,New York,,State or federal offshore area,True,0.578597174,N9050NY2,New York Natural Gas Marketed Production (MMcf)
1990,New York,,State or federal offshore area,True,0.708571286,N9050NY2,New York Natural Gas Marketed Production (MMcf)
1991,New York,,State or federal offshore area,True,0.644971754,N9050NY2,New York Natural Gas Marketed Production (MMcf)
1992,New York,,State or federal offshore area,True,0.665671334,N9050NY2,New York Natural Gas Marketed Production (MMcf)
1993,New York,,State or federal offshore area,True,0.599834774,N9050NY2,New York Natural Gas Marketed Production (MMcf)
1994,New York,,State or federal offshore area,True,0.579503312,N9050NY2,New York Natural Gas Marketed Production (MMcf)
1995,New York,,State or federal offshore area,True,0.52102912,N9050NY2,New York Natural Gas Marketed Production (MMcf)
1996,New York,,State or federal offshore area,True,0.513411901,N9050NY2,New York Natural Gas Marketed Production (MMcf)
1997,New York,,State or federal offshore area,True,0.458392358,N9050NY2,New York Natural Gas Marketed Production (MMcf)
1998,New York,,State or federal offshore area,True,0.472862243,N9050NY2,New York Natural Gas Marketed Production (MMcf)
1999,New York,,State or federal offshore area,True,0.45652345,N9050NY2,New York Natural Gas Marketed Production (MMcf)
2000,New York,,State or federal offshore area,True,0.502821418,N9050NY2,New York Natural Gas Marketed Production (MMcf)
2001,New York,,State or federal offshore area,True,0.786838922,N9050NY2,New York Natural Gas Marketed Production (MMcf)
2002,New York,,State or federal offshore area,True,1.042511309,N9050NY2,New York Natural Gas Marketed Production (MMcf)
2003,New York,,State or federal offshore area,True,1.023284202,N9050NY2,New York Natural Gas Marketed Production (MMcf)
2004,New York,,State or federal offshore area,True,1.30398864,N9050NY2,New York Natural Gas Marketed Production (MMcf)
2005,New York,,State or federal offshore area,True,1.562521024,N9050NY2,New York Natural Gas Marketed Production (MMcf)
2006,New York,,State or federal offshore area,True,1.585174464,N9050NY2,New York Natural Gas Marketed Production (MMcf)
2007,New York,,State or federal offshore area,True,1.555781626,N9050NY2,New York Natural Gas Marketed Production (MMcf)
2008,New York,,State or federal offshore area,True,1.424901376,N9050NY2,New York Natural Gas Marketed Production (MMcf)
2009,New York,,State or federal offshore area,True,1.269980163,N9050NY2,New York Natural Gas Marketed Production (MMcf)
2010,New York,,State or federal offshore area,True,1.014109558,N9050NY2,New York Natural Gas Marketed Production (MMcf)
2011,New York,,State or federal offshore area,True,0.881332083,N9050NY2,New York Natural Gas Marketed Production (MMcf)
2012,New York,,State or federal offshore area,True,0.748243123,N9050NY2,New York Natural Gas Marketed Production (MMcf)
2013,New York,,State or federal offshore area,True,0.664255494,N9050NY2,New York Natural Gas Marketed Production (MMcf)
2014,New York,,State or federal offshore area,True,0.572027677,N9050NY2,New York Natural Gas Marketed Production (MMcf)
2015,New York,,State or federal offshore area,True,0.49058856,N9050NY2,New York Natural Gas Marketed Production (MMcf)
2016,New York,,State or federal offshore area,True,0.382928086,N9050NY2,New York Natural Gas Marketed Production (MMcf)
2017,New York,,State or federal offshore area,True,0.322669936,N9050NY2,New York Natural Gas Marketed Production (MMcf)
2018,New York,,State or federal offshore area,True,0.30165887,N9050NY2,New York Natural Gas Marketed Production (MMcf)
2019,New York,,State or federal offshore area,True,0.310408762,N9050NY2,New York Natural Gas Marketed Production (MMcf)
2020,New York,,State or federal offshore area,True,0.273455338,N9050NY2,New York Natural Gas Marketed Production (MMcf)
2021,New York,,State or federal offshore area,True,0.274899494,N9050NY2,New York Natural Gas Marketed Production (MMcf)
2022,New York,,State or federal offshore area,True,0.267338909,N9050NY2,New York Natural Gas Marketed Production (MMcf)
2023,New York,,State or federal offshore area,True,0.236048845,N9050NY2,New York Natural Gas Marketed Production (MMcf)
2024,New York,,State or federal offshore area,True,0.250207245,N9050NY2,New York Natural Gas Marketed Production (MMcf)
1967,North Dakota,,State or federal offshore area,False,1.145754362,N9050ND2,North Dakota Natural Gas Marketed Production (MMcf)
1968,North Dakota,,State or federal offshore area,False,1.161640086,N9050ND2,North Dakota Natural Gas Marketed Production (MMcf)
1969,North Dakota,,State or federal offshore area,False,0.951076362,N9050ND2,North Dakota Natural Gas Marketed Production (MMcf)
1970,North Dakota,,State or federal offshore area,False,0.987944835,N9050ND2,North Dakota Natural Gas Marketed Production (MMcf)
1971,North Dakota,,State or federal offshore area,False,0.958920115,N9050ND2,North Dakota Natural Gas Marketed Production (MMcf)
1972,North Dakota,,State or federal offshore area,False,0.91950313,N9050ND2,North Dakota Natural Gas Marketed Production (MMcf)
1973,North Dakota,,State or federal offshore area,False,0.78446031,N9050ND2,North Dakota Natural Gas Marketed Production (MMcf)
1974,North Dakota,,State or federal offshore area,False,0.883654061,N9050ND2,North Dakota Natural Gas Marketed Production (MMcf)
1975,North Dakota,,State or federal offshore area,False,0.701860205,N9050ND2,North Dakota Natural Gas Marketed Production (MMcf)
1976,North Dakota,,State or federal offshore area,False,0.891129696,N9050ND2,North Dakota Natural Gas Marketed Production (MMcf)
1977,North Dakota,,State or federal offshore area,False,0.826086006,N9050ND2,North Dakota Natural Gas Marketed Production (MMcf)
1978,North Dakota,,State or federal offshore area,False,0.863634083,N9050ND2,North Dakota Natural Gas Marketed Production (MMcf)
1979,North Dakota,,State or federal offshore area,False,0.522954662,N9050ND2,North Dakota Natural Gas Marketed Production (MMcf)
1980,North Dakota,,State or federal offshore area,False,1.199103213,N9050ND2,North Dakota Natural Gas Marketed Production (MMcf)
1981,North Dakota,,State or federal offshore area,False,1.205531126,N9050ND2,North Dakota Natural Gas Marketed Production (MMcf)
1982,North Dakota,,State or federal offshore area,False,1.523953542,N9050ND2,North Dakota Natural Gas Marketed Production (MMcf)
1983,North Dakota,,State or federal offshore area,False,1.962892259,N9050ND2,North Dakota Natural Gas Marketed Production (MMcf)
1984,North Dakota,,State or federal offshore area,False,1.996221133,N9050ND2,North Dakota Natural Gas Marketed Production (MMcf)
1985,North Dakota,,State or federal offshore area,False,2.056734134,N9050ND2,North Dakota Natural Gas Marketed Production (MMcf)
1986,North Dakota,,State or federal offshore area,False,1.560199046,N9050ND2,North Dakota Natural Gas Marketed Production (MMcf)
1987,North Dakota,,State or federal offshore area,False,1.762947334,N9050ND2,North Dakota Natural Gas Marketed Production (MMcf)
1988,North Dakota,,State or federal offshore area,False,1.63521025,N9050ND2,North Dakota Natural Gas Marketed Production (MMcf)
1989,North Dakota,,State or federal offshore area,False,1.449083923,N9050ND2,North Dakota Natural Gas Marketed Production (MMcf)
1990,North Dakota,,State or federal offshore area,False,1.477259139,N9050ND2,North Dakota Natural Gas Marketed Production (MMcf)
1991,North Dakota,,State or federal offshore area,False,1.514354147,N9050ND2,North Dakota Natural Gas Marketed Production (MMcf)
1992,North Dakota,,State or federal offshore area,False,1.554110934,N9050ND2,North Dakota Natural Gas Marketed Production (MMcf)
1993,North Dakota,,State or federal offshore area,False,1.694788797,N9050ND2,North Dakota Natural Gas Marketed Production (MMcf)
1994,North Dakota,,State or federal offshore area,False,1.636852624,N9050ND2,North Dakota Natural Gas Marketed Production (MMcf)
1995,North Dakota,,State or federal offshore area,False,1.400775462,N9050ND2,North Dakota Natural Gas Marketed Production (MMcf)
1996,North Dakota,,State or federal offshore area,False,1.406608723,N9050ND2,North Dakota Natural Gas Marketed Production (MMcf)
1997,North Dakota,,State or federal offshore area,False,1.483828637,N9050ND2,North Dakota Natural Gas Marketed Production (MMcf)
1998,North Dakota,,State or federal offshore area,False,1.506029008,N9050ND2,North Dakota Natural Gas Marketed Production (MMcf)
1999,North Dakota,,State or federal offshore area,False,1.496882682,N9050ND2,North Dakota Natural Gas Marketed Production (MMcf)
2000,North Dakota,,State or federal offshore area,False,1.484536557,N9050ND2,North Dakota Natural Gas Marketed Production (MMcf)
2001,North Dakota,,State or federal offshore area,False,1.549835098,N9050ND2,North Dakota Natural Gas Marketed Production (MMcf)
2002,North Dakota,,State or federal offshore area,False,1.615416806,N9050ND2,North Dakota Natural Gas Marketed Production (MMcf)
2003,North Dakota,,State or federal offshore area,False,1.577047542,N9050ND2,North Dakota Natural Gas Marketed Production (MMcf)
2004,North Dakota,,State or federal offshore area,False,1.557678851,N9050ND2,North Dakota Natural Gas Marketed Production (MMcf)
2005,North Dakota,,State or federal offshore area,False,1.488246058,N9050ND2,North Dakota Natural Gas Marketed Production (MMcf)
2006,North Dakota,,State or federal offshore area,False,1.565154486,N9050ND2,North Dakota Natural Gas Marketed Production (MMcf)
2007,North Dakota,,State or federal offshore area,False,1.706228784,N9050ND2,North Dakota Natural Gas Marketed Production (MMcf)
2008,North Dakota,,State or federal offshore area,False,1.485046259,N9050ND2,North Dakota Natural Gas Marketed Production (MMcf)
2009,North Dakota,,State or federal offshore area,False,1.681140099,N9050ND2,North Dakota Natural Gas Marketed Production (MMcf)
2010,North Dakota,,State or federal offshore area,False,2.317361962,N9050ND2,North Dakota Natural Gas Marketed Production (MMcf)
2011,North Dakota,,State or federal offshore area,False,2.749617914,N9050ND2,North Dakota Natural Gas Marketed Production (MMcf)
2012,North Dakota,,State or federal offshore area,False,4.877342266,N9050ND2,North Dakota Natural Gas Marketed Production (MMcf)
2013,North Dakota,,State or federal offshore area,False,6.674581245,N9050ND2,North Dakota Natural Gas Marketed Production (MMcf)
2014,North Dakota,,State or federal offshore area,False,9.245180349,N9050ND2,North Dakota Natural Gas Marketed Production (MMcf)
2015,North Dakota,,State or federal offshore area,False,13.347406848,N9050ND2,North Dakota Natural Gas Marketed Production (MMcf)
2016,North Dakota,,State or federal offshore area,False,15.06445265,N9050ND2,North Dakota Natural Gas Marketed Production (MMcf)
2017,North Dakota,,State or federal offshore area,False,16.820122566,N9050ND2,North Dakota Natural Gas Marketed Production (MMcf)
2018,North Dakota,,State or federal offshore area,False,20.007291674,N9050ND2,North Dakota Natural Gas Marketed Production (MMcf)
2019,North Dakota,,State or federal offshore area,False,24.092669677,N9050ND2,North Dakota Natural Gas Marketed Production (MMcf)
2020,North Dakota,,State or federal offshore area,False,25.129602576,N9050ND2,North Dakota Natural Gas Marketed Production (MMcf)
2021,North Dakota,,State or federal offshore area,False,28.291144979,N9050ND2,North Dakota Natural Gas Marketed Production (MMcf)
2022,North Dakota,,State or federal offshore area,False,28.548742909,N9050ND2,North Dakota Natural Gas Marketed Production (MMcf)
2023,North Dakota,,State or federal offshore area,False,31.876873046,N9050ND2,North Dakota Natural Gas Marketed Production (MMcf)
2024,North Dakota,,State or federal offshore area,False,33.574210355,N9050ND2,North Dakota Natural Gas Marketed Production (MMcf)
2025,North Dakota,,State or federal offshore area,False,33.92131769,N9050ND2,North Dakota Natural Gas Marketed Production (MMcf)
1967,Ohio,,State or federal offshore area,False,1.169908592,N9050OH2,Ohio Natural Gas Marketed Production (MMcf)
1968,Ohio,,State or federal offshore area,False,1.208362806,N9050OH2,Ohio Natural Gas Marketed Production (MMcf)
1969,Ohio,,State or federal offshore area,False,1.409978422,N9050OH2,Ohio Natural Gas Marketed Production (MMcf)
1970,Ohio,,State or federal offshore area,False,1.475673398,N9050OH2,Ohio Natural Gas Marketed Production (MMcf)
1971,Ohio,,State or federal offshore area,False,2.26259727,N9050OH2,Ohio Natural Gas Marketed Production (MMcf)
1972,Ohio,,State or federal offshore area,False,2.548370416,N9050OH2,Ohio Natural Gas Marketed Production (MMcf)
1973,Ohio,,State or federal offshore area,False,2.650735648,N9050OH2,Ohio Natural Gas Marketed Production (MMcf)
1974,Ohio,,State or federal offshore area,False,2.606703024,N9050OH2,Ohio Natural Gas Marketed Production (MMcf)
1975,Ohio,,State or federal offshore area,False,2.405795328,N9050OH2,Ohio Natural Gas Marketed Production (MMcf)
1976,Ohio,,State or federal offshore area,False,2.517108669,N9050OH2,Ohio Natural Gas Marketed Production (MMcf)
1977,Ohio,,State or federal offshore area,False,2.812622794,N9050OH2,Ohio Natural Gas Marketed Production (MMcf)
1978,Ohio,,State or federal offshore area,False,3.230890246,N9050OH2,Ohio Natural Gas Marketed Production (MMcf)
1979,Ohio,,State or federal offshore area,False,3.495170941,N9050OH2,Ohio Natural Gas Marketed Production (MMcf)
1980,Ohio,,State or federal offshore area,False,3.931957581,N9050OH2,Ohio Natural Gas Marketed Production (MMcf)
1981,Ohio,,State or federal offshore area,False,3.996463251,N9050OH2,Ohio Natural Gas Marketed Production (MMcf)
1982,Ohio,,State or federal offshore area,False,3.918790269,N9050OH2,Ohio Natural Gas Marketed Production (MMcf)
1983,Ohio,,State or federal offshore area,False,4.28433184,N9050OH2,Ohio Natural Gas Marketed Production (MMcf)
1984,Ohio,,State or federal offshore area,False,5.280516864,N9050OH2,Ohio Natural Gas Marketed Production (MMcf)
1985,Ohio,,State or federal offshore area,False,5.160595216,N9050OH2,Ohio Natural Gas Marketed Production (MMcf)
1986,Ohio,,State or federal offshore area,False,5.15569641,N9050OH2,Ohio Natural Gas Marketed Production (MMcf)
1987,Ohio,,State or federal offshore area,False,4.717380662,N9050OH2,Ohio Natural Gas Marketed Production (MMcf)
1988,Ohio,,State or federal offshore area,False,4.720127392,N9050OH2,Ohio Natural Gas Marketed Production (MMcf)
1989,Ohio,,State or federal offshore area,False,4.523042464,N9050OH2,Ohio Natural Gas Marketed Production (MMcf)
1990,Ohio,,State or federal offshore area,False,4.378315299,N9050OH2,Ohio Natural Gas Marketed Production (MMcf)
1991,Ohio,,State or federal offshore area,False,4.181003837,N9050OH2,Ohio Natural Gas Marketed Production (MMcf)
1992,Ohio,,State or federal offshore area,False,4.100697392,N9050OH2,Ohio Natural Gas Marketed Production (MMcf)
1993,Ohio,,State or federal offshore area,False,3.887471888,N9050OH2,Ohio Natural Gas Marketed Production (MMcf)
1994,Ohio,,State or federal offshore area,False,3.742093437,N9050OH2,Ohio Natural Gas Marketed Production (MMcf)
1995,Ohio,,State or federal offshore area,False,3.577431245,N9050OH2,Ohio Natural Gas Marketed Production (MMcf)
1996,Ohio,,State or federal offshore area,False,3.376806717,N9050OH2,Ohio Natural Gas Marketed Production (MMcf)
1997,Ohio,,State or federal offshore area,False,3.291714733,N9050OH2,Ohio Natural Gas Marketed Production (MMcf)
1998,Ohio,,State or federal offshore area,False,3.258782294,N9050OH2,Ohio Natural Gas Marketed Production (MMcf)
1999,Ohio,,State or federal offshore area,False,3.100944451,N9050OH2,Ohio Natural Gas Marketed Production (MMcf)
2000,Ohio,,State or federal offshore area,False,2.9768036,N9050OH2,Ohio Natural Gas Marketed Production (MMcf)
2001,Ohio,,State or federal offshore area,False,2.834709898,N9050OH2,Ohio Natural Gas Marketed Production (MMcf)
2002,Ohio,,State or federal offshore area,False,2.921104454,N9050OH2,Ohio Natural Gas Marketed Production (MMcf)
2003,Ohio,,State or federal offshore area,False,2.651613469,N9050OH2,Ohio Natural Gas Marketed Production (MMcf)
2004,Ohio,,State or federal offshore area,False,2.561990797,N9050OH2,Ohio Natural Gas Marketed Production (MMcf)
2005,Ohio,,State or federal offshore area,False,2.365104086,N9050OH2,Ohio Natural Gas Marketed Production (MMcf)
2006,Ohio,,State or federal offshore area,False,2.444164592,N9050OH2,Ohio Natural Gas Marketed Production (MMcf)
2007,Ohio,,State or federal offshore area,False,2.494568496,N9050OH2,Ohio Natural Gas Marketed Production (MMcf)
2008,Ohio,,State or federal offshore area,False,2.402907014,N9050OH2,Ohio Natural Gas Marketed Production (MMcf)
2009,Ohio,,State or federal offshore area,False,2.515211443,N9050OH2,Ohio Natural Gas Marketed Production (MMcf)
2010,Ohio,,State or federal offshore area,False,2.21216505,N9050OH2,Ohio Natural Gas Marketed Production (MMcf)
2011,Ohio,,State or federal offshore area,False,2.233006214,N9050OH2,Ohio Natural Gas Marketed Production (MMcf)
2012,Ohio,,State or federal offshore area,False,2.392259898,N9050OH2,Ohio Natural Gas Marketed Production (MMcf)
2013,Ohio,,State or federal offshore area,False,4.701070186,N9050OH2,Ohio Natural Gas Marketed Production (MMcf)
2014,Ohio,,State or federal offshore area,False,14.508707133,N9050OH2,Ohio Natural Gas Marketed Production (MMcf)
2015,Ohio,,State or federal offshore area,False,28.522663136,N9050OH2,Ohio Natural Gas Marketed Production (MMcf)
2016,Ohio,,State or federal offshore area,False,40.699311888,N9050OH2,Ohio Natural Gas Marketed Production (MMcf)
2017,Ohio,,State or federal offshore area,False,50.725554531,N9050OH2,Ohio Natural Gas Marketed Production (MMcf)
2018,Ohio,,State or federal offshore area,False,68.056087418,N9050OH2,Ohio Natural Gas Marketed Production (MMcf)
2019,Ohio,,State or federal offshore area,False,75.085704701,N9050OH2,Ohio Natural Gas Marketed Production (MMcf)
2020,Ohio,,State or federal offshore area,False,67.666646467,N9050OH2,Ohio Natural Gas Marketed Production (MMcf)
2021,Ohio,,State or federal offshore area,False,64.526369981,N9050OH2,Ohio Natural Gas Marketed Production (MMcf)
2022,Ohio,,State or federal offshore area,False,64.420436832,N9050OH2,Ohio Natural Gas Marketed Production (MMcf)
2023,Ohio,,State or federal offshore area,False,63.051489453,N9050OH2,Ohio Natural Gas Marketed Production (MMcf)
2024,Ohio,,State or federal offshore area,False,61.049010307,N9050OH2,Ohio Natural Gas Marketed Production (MMcf)
2025,Ohio,,State or federal offshore area,False,59.485837997,N9050OH2,Ohio Natural Gas Marketed Production (MMcf)
1967,Oklahoma,,State or federal offshore area,False,40.010279194,N9050OK2,Oklahoma Natural Gas Marketed Production (MMcf)
1968,Oklahoma,,State or federal offshore area,False,39.385384051,N9050OK2,Oklahoma Natural Gas Marketed Production (MMcf)
1969,Oklahoma,,State or federal offshore area,False,43.146732912,N9050OK2,Oklahoma Natural Gas Marketed Production (MMcf)
1970,Oklahoma,,State or federal offshore area,False,45.163681942,N9050OK2,Oklahoma Natural Gas Marketed Production (MMcf)
1971,Oklahoma,,State or federal offshore area,False,47.692853568,N9050OK2,Oklahoma Natural Gas Marketed Production (MMcf)
1972,Oklahoma,,State or federal offshore area,False,51.165257802,N9050OK2,Oklahoma Natural Gas Marketed Production (MMcf)
1973,Oklahoma,,State or federal offshore area,False,50.148486464,N9050OK2,Oklahoma Natural Gas Marketed Production (MMcf)
1974,Oklahoma,,State or federal offshore area,False,46.409592826,N9050OK2,Oklahoma Natural Gas Marketed Production (MMcf)
1975,Oklahoma,,State or federal offshore area,False,45.460073888,N9050OK2,Oklahoma Natural Gas Marketed Production (MMcf)
1976,Oklahoma,,State or federal offshore area,False,48.889323318,N9050OK2,Oklahoma Natural Gas Marketed Production (MMcf)
1977,Oklahoma,,State or federal offshore area,False,50.107115619,N9050OK2,Oklahoma Natural Gas Marketed Production (MMcf)
1978,Oklahoma,,State or federal offshore area,False,50.222166778,N9050OK2,Oklahoma Natural Gas Marketed Production (MMcf)
1979,Oklahoma,,State or federal offshore area,False,51.971691949,N9050OK2,Oklahoma Natural Gas Marketed Production (MMcf)
1980,Oklahoma,,State or federal offshore area,False,53.570401843,N9050OK2,Oklahoma Natural Gas Marketed Production (MMcf)
1981,Oklahoma,,State or federal offshore area,False,57.177254243,N9050OK2,Oklahoma Natural Gas Marketed Production (MMcf)
1982,Oklahoma,,State or federal offshore area,False,56.219721651,N9050OK2,Oklahoma Natural Gas Marketed Production (MMcf)
1983,Oklahoma,,State or federal offshore area,False,50.390906589,N9050OK2,Oklahoma Natural Gas Marketed Production (MMcf)
1984,Oklahoma,,State or federal offshore area,False,57.945772195,N9050OK2,Oklahoma Natural Gas Marketed Production (MMcf)
1985,Oklahoma,,State or federal offshore area,False,56.446850704,N9050OK2,Oklahoma Natural Gas Marketed Production (MMcf)
1986,Oklahoma,,State or federal offshore area,False,55.840389798,N9050OK2,Oklahoma Natural Gas Marketed Production (MMcf)
1987,Oklahoma,,State or federal offshore area,False,58.713780445,N9050OK2,Oklahoma Natural Gas Marketed Production (MMcf)
1988,Oklahoma,,State or federal offshore area,False,61.36392144,N9050OK2,Oklahoma Natural Gas Marketed Production (MMcf)
1989,Oklahoma,,State or federal offshore area,False,63.345729322,N9050OK2,Oklahoma Natural Gas Marketed Production (MMcf)
1990,Oklahoma,,State or federal offshore area,False,63.952671613,N9050OK2,Oklahoma Natural Gas Marketed Production (MMcf)
1991,Oklahoma,,State or federal offshore area,False,60.990196314,N9050OK2,Oklahoma Natural Gas Marketed Production (MMcf)
1992,Oklahoma,,State or federal offshore area,False,57.125066381,N9050OK2,Oklahoma Natural Gas Marketed Production (MMcf)
1993,Oklahoma,,State or federal offshore area,False,58.047797626,N9050OK2,Oklahoma Natural Gas Marketed Production (MMcf)
1994,Oklahoma,,State or federal offshore area,False,54.789156915,N9050OK2,Oklahoma Natural Gas Marketed Production (MMcf)
1995,Oklahoma,,State or federal offshore area,False,51.302509331,N9050OK2,Oklahoma Natural Gas Marketed Production (MMcf)
1996,Oklahoma,,State or federal offshore area,False,49.126448202,N9050OK2,Oklahoma Natural Gas Marketed Production (MMcf)
1997,Oklahoma,,State or federal offshore area,False,48.248655718,N9050OK2,Oklahoma Natural Gas Marketed Production (MMcf)
1998,Oklahoma,,State or federal offshore area,False,47.271131466,N9050OK2,Oklahoma Natural Gas Marketed Production (MMcf)
1999,Oklahoma,,State or federal offshore area,False,45.137035834,N9050OK2,Oklahoma Natural Gas Marketed Production (MMcf)
2000,Oklahoma,,State or federal offshore area,False,45.671883552,N9050OK2,Oklahoma Natural Gas Marketed Production (MMcf)
2001,Oklahoma,,State or federal offshore area,False,45.742505651,N9050OK2,Oklahoma Natural Gas Marketed Production (MMcf)
2002,Oklahoma,,State or federal offshore area,False,44.786020781,N9050OK2,Oklahoma Natural Gas Marketed Production (MMcf)
2003,Oklahoma,,State or federal offshore area,False,44.121963504,N9050OK2,Oklahoma Natural Gas Marketed Production (MMcf)
2004,Oklahoma,,State or federal offshore area,False,46.886079619,N9050OK2,Oklahoma Natural Gas Marketed Production (MMcf)
2005,Oklahoma,,State or federal offshore area,False,46.420013408,N9050OK2,Oklahoma Natural Gas Marketed Production (MMcf)
2006,Oklahoma,,State or federal offshore area,False,47.826650448,N9050OK2,Oklahoma Natural Gas Marketed Production (MMcf)
2007,Oklahoma,,State or federal offshore area,False,50.508166458,N9050OK2,Oklahoma Natural Gas Marketed Production (MMcf)
2008,Oklahoma,,State or federal offshore area,False,53.425589728,N9050OK2,Oklahoma Natural Gas Marketed Production (MMcf)
2009,Oklahoma,,State or federal offshore area,False,53.845980941,N9050OK2,Oklahoma Natural Gas Marketed Production (MMcf)
2010,Oklahoma,,State or federal offshore area,False,51.74408151,N9050OK2,Oklahoma Natural Gas Marketed Production (MMcf)
2011,Oklahoma,,State or federal offshore area,False,53.486754016,N9050OK2,Oklahoma Natural Gas Marketed Production (MMcf)
2012,Oklahoma,,State or federal offshore area,False,57.297940445,N9050OK2,Oklahoma Natural Gas Marketed Production (MMcf)
2013,Oklahoma,,State or federal offshore area,False,56.456733267,N9050OK2,Oklahoma Natural Gas Marketed Production (MMcf)
2014,Oklahoma,,State or federal offshore area,False,66.008896045,N9050OK2,Oklahoma Natural Gas Marketed Production (MMcf)
2015,Oklahoma,,State or federal offshore area,False,70.780644963,N9050OK2,Oklahoma Natural Gas Marketed Production (MMcf)
2016,Oklahoma,,State or federal offshore area,False,69.894697242,N9050OK2,Oklahoma Natural Gas Marketed Production (MMcf)
2017,Oklahoma,,State or federal offshore area,False,71.18551857,N9050OK2,Oklahoma Natural Gas Marketed Production (MMcf)
2018,Oklahoma,,State or federal offshore area,False,81.433085322,N9050OK2,Oklahoma Natural Gas Marketed Production (MMcf)
2019,Oklahoma,,State or federal offshore area,False,85.971277274,N9050OK2,Oklahoma Natural Gas Marketed Production (MMcf)
2020,Oklahoma,,State or federal offshore area,False,75.696667978,N9050OK2,Oklahoma Natural Gas Marketed Production (MMcf)
2021,Oklahoma,,State or federal offshore area,False,72.361600224,N9050OK2,Oklahoma Natural Gas Marketed Production (MMcf)
2022,Oklahoma,,State or federal offshore area,False,78.241272259,N9050OK2,Oklahoma Natural Gas Marketed Production (MMcf)
2023,Oklahoma,,State or federal offshore area,False,78.140266234,N9050OK2,Oklahoma Natural Gas Marketed Production (MMcf)
2024,Oklahoma,,State or federal offshore area,False,77.888388298,N9050OK2,Oklahoma Natural Gas Marketed Production (MMcf)
2025,Oklahoma,,State or federal offshore area,False,81.488331398,N9050OK2,Oklahoma Natural Gas Marketed Production (MMcf)
1979,Oregon,,State or federal offshore area,True,5.6634e-05,N9050OR2,Oregon Natural Gas Marketed Production (MMcf)
1980,Oregon,,State or federal offshore area,True,0.000141584,N9050OR2,Oregon Natural Gas Marketed Production (MMcf)
1981,Oregon,,State or federal offshore area,True,0.000141584,N9050OR2,Oregon Natural Gas Marketed Production (MMcf)
1982,Oregon,,State or federal offshore area,True,8.495e-05,N9050OR2,Oregon Natural Gas Marketed Production (MMcf)
1983,Oregon,,State or federal offshore area,True,8.495e-05,N9050OR2,Oregon Natural Gas Marketed Production (MMcf)
1984,Oregon,,State or federal offshore area,True,0.079003872,N9050OR2,Oregon Natural Gas Marketed Production (MMcf)
1985,Oregon,,State or federal offshore area,True,0.115532544,N9050OR2,Oregon Natural Gas Marketed Production (MMcf)
1986,Oregon,,State or federal offshore area,True,0.13025728,N9050OR2,Oregon Natural Gas Marketed Production (MMcf)
1987,Oregon,,State or federal offshore area,True,0.10760384,N9050OR2,Oregon Natural Gas Marketed Production (MMcf)
1988,Oregon,,State or federal offshore area,True,0.1132672,N9050OR2,Oregon Natural Gas Marketed Production (MMcf)
1989,Oregon,,State or federal offshore area,True,0.070792,N9050OR2,Oregon Natural Gas Marketed Production (MMcf)
1990,Oregon,,State or federal offshore area,True,0.079711792,N9050OR2,Oregon Natural Gas Marketed Production (MMcf)
1991,Oregon,,State or federal offshore area,True,0.077616349,N9050OR2,Oregon Natural Gas Marketed Production (MMcf)
1992,Oregon,,State or federal offshore area,True,0.073057344,N9050OR2,Oregon Natural Gas Marketed Production (MMcf)
1993,Oregon,,State or federal offshore area,True,0.11335215,N9050OR2,Oregon Natural Gas Marketed Production (MMcf)
1994,Oregon,,State or federal offshore area,True,0.091208413,N9050OR2,Oregon Natural Gas Marketed Production (MMcf)
1995,Oregon,,State or federal offshore area,True,0.054453206,N9050OR2,Oregon Natural Gas Marketed Production (MMcf)
1996,Oregon,,State or federal offshore area,True,0.040747875,N9050OR2,Oregon Natural Gas Marketed Production (MMcf)
1997,Oregon,,State or federal offshore area,True,0.033215606,N9050OR2,Oregon Natural Gas Marketed Production (MMcf)
1998,Oregon,,State or federal offshore area,True,0.030214026,N9050OR2,Oregon Natural Gas Marketed Production (MMcf)
1999,Oregon,,State or federal offshore area,True,0.036556989,N9050OR2,Oregon Natural Gas Marketed Production (MMcf)
2000,Oregon,,State or federal offshore area,True,0.034376595,N9050OR2,Oregon Natural Gas Marketed Production (MMcf)
2001,Oregon,,State or federal offshore area,True,0.031431648,N9050OR2,Oregon Natural Gas Marketed Production (MMcf)
2002,Oregon,,State or federal offshore area,True,0.023701162,N9050OR2,Oregon Natural Gas Marketed Production (MMcf)
2003,Oregon,,State or federal offshore area,True,0.020699581,N9050OR2,Oregon Natural Gas Marketed Production (MMcf)
2004,Oregon,,State or federal offshore area,True,0.013223946,N9050OR2,Oregon Natural Gas Marketed Production (MMcf)
2005,Oregon,,State or federal offshore area,True,0.012855827,N9050OR2,Oregon Natural Gas Marketed Production (MMcf)
2006,Oregon,,State or federal offshore area,True,0.017584733,N9050OR2,Oregon Natural Gas Marketed Production (MMcf)
2007,Oregon,,State or federal offshore area,True,0.011581571,N9050OR2,Oregon Natural Gas Marketed Production (MMcf)
2008,Oregon,,State or federal offshore area,True,0.02203047,N9050OR2,Oregon Natural Gas Marketed Production (MMcf)
2009,Oregon,,State or federal offshore area,True,0.023248093,N9050OR2,Oregon Natural Gas Marketed Production (MMcf)
2010,Oregon,,State or federal offshore area,True,0.039841738,N9050OR2,Oregon Natural Gas Marketed Production (MMcf)
2011,Oregon,,State or federal offshore area,True,0.038057779,N9050OR2,Oregon Natural Gas Marketed Production (MMcf)
2012,Oregon,,State or federal offshore area,True,0.021803936,N9050OR2,Oregon Natural Gas Marketed Production (MMcf)
2013,Oregon,,State or federal offshore area,True,0.021803936,N9050OR2,Oregon Natural Gas Marketed Production (MMcf)
2014,Oregon,,State or federal offshore area,True,0.032337786,N9050OR2,Oregon Natural Gas Marketed Production (MMcf)
2015,Oregon,,State or federal offshore area,True,0.024012646,N9050OR2,Oregon Natural Gas Marketed Production (MMcf)
2016,Oregon,,State or federal offshore area,True,0.022681757,N9050OR2,Oregon Natural Gas Marketed Production (MMcf)
2017,Oregon,,State or federal offshore area,True,0.018660771,N9050OR2,Oregon Natural Gas Marketed Production (MMcf)
2018,Oregon,,State or federal offshore area,True,0.014130083,N9050OR2,Oregon Natural Gas Marketed Production (MMcf)
2019,Oregon,,State or federal offshore area,True,0.011298403,N9050OR2,Oregon Natural Gas Marketed Production (MMcf)
2020,Oregon,,State or federal offshore area,True,0.009061376,N9050OR2,Oregon Natural Gas Marketed Production (MMcf)
2021,Oregon,,State or federal offshore area,True,0.005804944,N9050OR2,Oregon Natural Gas Marketed Production (MMcf)
2022,Oregon,,State or federal offshore area,True,0.000368118,N9050OR2,Oregon Natural Gas Marketed Production (MMcf)
2023,Oregon,,State or federal offshore area,True,0.002576829,N9050OR2,Oregon Natural Gas Marketed Production (MMcf)
2024,Oregon,,State or federal offshore area,True,0.002378611,N9050OR2,Oregon Natural Gas Marketed Production (MMcf)
1989,Other States,,Other States total,True,23.405987277,N9050982,Other States Natural Gas Marketed Production (MMcf)
1990,Other States,,Other States total,True,22.93943968,N9050982,Other States Natural Gas Marketed Production (MMcf)
1991,Other States,,Other States total,True,22.210621882,N9050982,Other States Natural Gas Marketed Production (MMcf)
1992,Other States,,Other States total,True,22.679293238,N9050982,Other States Natural Gas Marketed Production (MMcf)
1993,Other States,,Other States total,True,22.32700393,N9050982,Other States Natural Gas Marketed Production (MMcf)
1994,Other States,,Other States total,True,21.937704563,N9050982,Other States Natural Gas Marketed Production (MMcf)
1995,Other States,,Other States total,True,21.51306583,N9050982,Other States Natural Gas Marketed Production (MMcf)
1996,Other States,,Other States total,True,22.808927549,N9050982,Other States Natural Gas Marketed Production (MMcf)
1997,Other States,,Other States total,True,20.860391907,N9050982,Other States Natural Gas Marketed Production (MMcf)
1998,Other States,,Other States total,True,21.952174448,N9050982,Other States Natural Gas Marketed Production (MMcf)
1999,Other States,,Other States total,True,22.669835427,N9050982,Other States Natural Gas Marketed Production (MMcf)
2000,Other States,,Other States total,True,24.547890554,N9050982,Other States Natural Gas Marketed Production (MMcf)
2001,Other States,,Other States total,True,21.98241679,N9050982,Other States Natural Gas Marketed Production (MMcf)
2002,Other States,,Other States total,True,23.243816963,N9050982,Other States Natural Gas Marketed Production (MMcf)
2003,Other States,,Other States total,True,25.038620698,N9050982,Other States Natural Gas Marketed Production (MMcf)
2004,Other States,,Other States total,True,25.65714456,N9050982,Other States Natural Gas Marketed Production (MMcf)
2005,Other States,,Other States total,True,25.710663312,N9050982,Other States Natural Gas Marketed Production (MMcf)
2006,Other States,,Other States total,True,24.800702944,N9050982,Other States Natural Gas Marketed Production (MMcf)
2007,Other States,,Other States total,True,25.076848378,N9050982,Other States Natural Gas Marketed Production (MMcf)
2008,Other States,,Other States total,True,23.209440368,N9050982,Other States Natural Gas Marketed Production (MMcf)
2009,Other States,,Other States total,True,22.526892221,N9050982,Other States Natural Gas Marketed Production (MMcf)
2010,Other States,,Other States total,True,22.029252778,N9050982,Other States Natural Gas Marketed Production (MMcf)
2011,Other States,,Other States total,True,21.470335779,N9050982,Other States Natural Gas Marketed Production (MMcf)
2012,Other States,,Other States total,True,20.465146013,N9050982,Other States Natural Gas Marketed Production (MMcf)
2013,Other States,,Other States total,True,19.010880115,N9050982,Other States Natural Gas Marketed Production (MMcf)
2014,Other States,,Other States total,True,17.807132947,N9050982,Other States Natural Gas Marketed Production (MMcf)
2015,Other States,,Other States total,True,16.357482688,N9050982,Other States Natural Gas Marketed Production (MMcf)
2016,Other States,,Other States total,True,15.856983248,N9050982,Other States Natural Gas Marketed Production (MMcf)
2017,Other States,,Other States total,True,14.659550726,N9050982,Other States Natural Gas Marketed Production (MMcf)
2018,Other States,,Other States total,True,13.75276184,N9050982,Other States Natural Gas Marketed Production (MMcf)
2019,Other States,,Other States total,True,12.913140403,N9050982,Other States Natural Gas Marketed Production (MMcf)
2020,Other States,,Other States total,True,12.321121066,N9050982,Other States Natural Gas Marketed Production (MMcf)
2021,Other States,,Other States total,True,11.380295386,N9050982,Other States Natural Gas Marketed Production (MMcf)
2022,Other States,,Other States total,True,11.055841491,N9050982,Other States Natural Gas Marketed Production (MMcf)
2023,Other States,,Other States total,True,9.852887194,N9050982,Other States Natural Gas Marketed Production (MMcf)
2024,Other States,,Other States total,True,9.216240579,N9050982,Other States Natural Gas Marketed Production (MMcf)
2025,Other States,,Other States total,True,10.043572525,N9050982,Other States Natural Gas Marketed Production (MMcf)
1967,Pennsylvania,,State or federal offshore area,False,2.547549229,N9050PA2,Pennsylvania Natural Gas Marketed Production (MMcf)
1968,Pennsylvania,,State or federal offshore area,False,2.491510282,N9050PA2,Pennsylvania Natural Gas Marketed Production (MMcf)
1969,Pennsylvania,,State or federal offshore area,False,2.240821651,N9050PA2,Pennsylvania Natural Gas Marketed Production (MMcf)
1970,Pennsylvania,,State or federal offshore area,False,2.175891229,N9050PA2,Pennsylvania Natural Gas Marketed Production (MMcf)
1971,Pennsylvania,,State or federal offshore area,False,2.164847677,N9050PA2,Pennsylvania Natural Gas Marketed Production (MMcf)
1972,Pennsylvania,,State or federal offshore area,False,2.094253894,N9050PA2,Pennsylvania Natural Gas Marketed Production (MMcf)
1973,Pennsylvania,,State or federal offshore area,False,2.223265235,N9050PA2,Pennsylvania Natural Gas Marketed Production (MMcf)
1974,Pennsylvania,,State or federal offshore area,False,2.340015402,N9050PA2,Pennsylvania Natural Gas Marketed Production (MMcf)
1975,Pennsylvania,,State or federal offshore area,False,2.397753357,N9050PA2,Pennsylvania Natural Gas Marketed Production (MMcf)
1976,Pennsylvania,,State or federal offshore area,False,2.531125485,N9050PA2,Pennsylvania Natural Gas Marketed Production (MMcf)
1977,Pennsylvania,,State or federal offshore area,False,2.597131946,N9050PA2,Pennsylvania Natural Gas Marketed Production (MMcf)
1978,Pennsylvania,,State or federal offshore area,False,2.768335318,N9050PA2,Pennsylvania Natural Gas Marketed Production (MMcf)
1979,Pennsylvania,,State or federal offshore area,False,2.727275958,N9050PA2,Pennsylvania Natural Gas Marketed Production (MMcf)
1980,Pennsylvania,,State or federal offshore area,False,2.759160675,N9050PA2,Pennsylvania Natural Gas Marketed Production (MMcf)
1981,Pennsylvania,,State or federal offshore area,False,3.467505427,N9050PA2,Pennsylvania Natural Gas Marketed Production (MMcf)
1982,Pennsylvania,,State or federal offshore area,False,3.429475965,N9050PA2,Pennsylvania Natural Gas Marketed Production (MMcf)
1983,Pennsylvania,,State or federal offshore area,False,3.35191625,N9050PA2,Pennsylvania Natural Gas Marketed Production (MMcf)
1984,Pennsylvania,,State or federal offshore area,False,4.710273146,N9050PA2,Pennsylvania Natural Gas Marketed Production (MMcf)
1985,Pennsylvania,,State or federal offshore area,False,4.254146131,N9050PA2,Pennsylvania Natural Gas Marketed Production (MMcf)
1986,Pennsylvania,,State or federal offshore area,False,4.527544835,N9050PA2,Pennsylvania Natural Gas Marketed Production (MMcf)
1987,Pennsylvania,,State or federal offshore area,False,4.624643142,N9050PA2,Pennsylvania Natural Gas Marketed Production (MMcf)
1988,Pennsylvania,,State or federal offshore area,False,4.731425795,N9050PA2,Pennsylvania Natural Gas Marketed Production (MMcf)
1989,Pennsylvania,,State or federal offshore area,False,5.430426003,N9050PA2,Pennsylvania Natural Gas Marketed Production (MMcf)
1990,Pennsylvania,,State or federal offshore area,False,5.029318531,N9050PA2,Pennsylvania Natural Gas Marketed Production (MMcf)
1991,Pennsylvania,,State or federal offshore area,False,4.318312,N9050PA2,Pennsylvania Natural Gas Marketed Production (MMcf)
1992,Pennsylvania,,State or federal offshore area,False,3.92683224,N9050PA2,Pennsylvania Natural Gas Marketed Production (MMcf)
1993,Pennsylvania,,State or federal offshore area,False,3.741498784,N9050PA2,Pennsylvania Natural Gas Marketed Production (MMcf)
1994,Pennsylvania,,State or federal offshore area,False,3.412344301,N9050PA2,Pennsylvania Natural Gas Marketed Production (MMcf)
1995,Pennsylvania,,State or federal offshore area,False,3.1431648,N9050PA2,Pennsylvania Natural Gas Marketed Production (MMcf)
1996,Pennsylvania,,State or federal offshore area,False,3.822768,N9050PA2,Pennsylvania Natural Gas Marketed Production (MMcf)
1997,Pennsylvania,,State or federal offshore area,False,2.265344,N9050PA2,Pennsylvania Natural Gas Marketed Production (MMcf)
1998,Pennsylvania,,State or federal offshore area,False,3.690160426,N9050PA2,Pennsylvania Natural Gas Marketed Production (MMcf)
1999,Pennsylvania,,State or federal offshore area,False,4.946973277,N9050PA2,Pennsylvania Natural Gas Marketed Production (MMcf)
2000,Pennsylvania,,State or federal offshore area,False,4.24752,N9050PA2,Pennsylvania Natural Gas Marketed Production (MMcf)
2001,Pennsylvania,,State or federal offshore area,False,3.70533823,N9050PA2,Pennsylvania Natural Gas Marketed Production (MMcf)
2002,Pennsylvania,,State or federal offshore area,False,4.46839104,N9050PA2,Pennsylvania Natural Gas Marketed Production (MMcf)
2003,Pennsylvania,,State or federal offshore area,False,4.525789194,N9050PA2,Pennsylvania Natural Gas Marketed Production (MMcf)
2004,Pennsylvania,,State or federal offshore area,False,5.584554346,N9050PA2,Pennsylvania Natural Gas Marketed Production (MMcf)
2005,Pennsylvania,,State or federal offshore area,False,4.771409117,N9050PA2,Pennsylvania Natural Gas Marketed Production (MMcf)
2006,Pennsylvania,,State or federal offshore area,False,4.98234096,N9050PA2,Pennsylvania Natural Gas Marketed Production (MMcf)
2007,Pennsylvania,,State or federal offshore area,False,5.161501354,N9050PA2,Pennsylvania Natural Gas Marketed Production (MMcf)
2008,Pennsylvania,,State or federal offshore area,False,5.615079856,N9050PA2,Pennsylvania Natural Gas Marketed Production (MMcf)
2009,Pennsylvania,,State or federal offshore area,False,7.755093699,N9050PA2,Pennsylvania Natural Gas Marketed Production (MMcf)
2010,Pennsylvania,,State or federal offshore area,False,16.222751354,N9050PA2,Pennsylvania Natural Gas Marketed Production (MMcf)
2011,Pennsylvania,,State or federal offshore area,False,37.111771546,N9050PA2,Pennsylvania Natural Gas Marketed Production (MMcf)
2012,Pennsylvania,,State or federal offshore area,False,63.902409293,N9050PA2,Pennsylvania Natural Gas Marketed Production (MMcf)
2013,Pennsylvania,,State or federal offshore area,False,92.285640506,N9050PA2,Pennsylvania Natural Gas Marketed Production (MMcf)
2014,Pennsylvania,,State or federal offshore area,False,120.564241142,N9050PA2,Pennsylvania Natural Gas Marketed Production (MMcf)
2015,Pennsylvania,,State or federal offshore area,False,136.288277014,N9050PA2,Pennsylvania Natural Gas Marketed Production (MMcf)
2016,Pennsylvania,,State or federal offshore area,False,147.536446211,N9050PA2,Pennsylvania Natural Gas Marketed Production (MMcf)
2017,Pennsylvania,,State or federal offshore area,False,154.429576518,N9050PA2,Pennsylvania Natural Gas Marketed Production (MMcf)
2018,Pennsylvania,,State or federal offshore area,False,177.399994778,N9050PA2,Pennsylvania Natural Gas Marketed Production (MMcf)
2019,Pennsylvania,,State or federal offshore area,False,195.295079706,N9050PA2,Pennsylvania Natural Gas Marketed Production (MMcf)
2020,Pennsylvania,,State or federal offshore area,False,203.000364154,N9050PA2,Pennsylvania Natural Gas Marketed Production (MMcf)
2021,Pennsylvania,,State or federal offshore area,False,216.540495142,N9050PA2,Pennsylvania Natural Gas Marketed Production (MMcf)
2022,Pennsylvania,,State or federal offshore area,False,212.760174026,N9050PA2,Pennsylvania Natural Gas Marketed Production (MMcf)
2023,Pennsylvania,,State or federal offshore area,False,214.234544851,N9050PA2,Pennsylvania Natural Gas Marketed Production (MMcf)
2024,Pennsylvania,,State or federal offshore area,False,210.17586959,N9050PA2,Pennsylvania Natural Gas Marketed Production (MMcf)
2025,Pennsylvania,,State or federal offshore area,False,217.353866906,N9050PA2,Pennsylvania Natural Gas Marketed Production (MMcf)
1970,South Dakota,,State or federal offshore area,True,0.0,N9050SD2,South Dakota Natural Gas Marketed Production (MMcf)
1975,South Dakota,,State or federal offshore area,True,0.0,N9050SD2,South Dakota Natural Gas Marketed Production (MMcf)
1976,South Dakota,,State or federal offshore area,True,0.0,N9050SD2,South Dakota Natural Gas Marketed Production (MMcf)
1977,South Dakota,,State or federal offshore area,True,0.0,N9050SD2,South Dakota Natural Gas Marketed Production (MMcf)
1979,South Dakota,,State or federal offshore area,True,0.025881555,N9050SD2,South Dakota Natural Gas Marketed Production (MMcf)
1980,South Dakota,,State or federal offshore area,True,0.033781942,N9050SD2,South Dakota Natural Gas Marketed Production (MMcf)
1981,South Dakota,,State or federal offshore area,True,0.032705904,N9050SD2,South Dakota Natural Gas Marketed Production (MMcf)
1982,South Dakota,,State or federal offshore area,True,0.066006461,N9050SD2,South Dakota Natural Gas Marketed Production (MMcf)
1983,South Dakota,,State or federal offshore area,True,0.052272813,N9050SD2,South Dakota Natural Gas Marketed Production (MMcf)
1984,South Dakota,,State or federal offshore area,True,0.05513281,N9050SD2,South Dakota Natural Gas Marketed Production (MMcf)
1985,South Dakota,,State or federal offshore area,True,0.072434374,N9050SD2,South Dakota Natural Gas Marketed Production (MMcf)
1986,South Dakota,,State or federal offshore area,True,0.063174781,N9050SD2,South Dakota Natural Gas Marketed Production (MMcf)
1987,South Dakota,,State or federal offshore area,True,0.097154941,N9050SD2,South Dakota Natural Gas Marketed Production (MMcf)
1988,South Dakota,,State or federal offshore area,True,0.111001856,N9050SD2,South Dakota Natural Gas Marketed Production (MMcf)
1989,South Dakota,,State or federal offshore area,True,0.123716099,N9050SD2,South Dakota Natural Gas Marketed Production (MMcf)
1990,South Dakota,,State or federal offshore area,True,0.024947101,N9050SD2,South Dakota Natural Gas Marketed Production (MMcf)
1991,South Dakota,,State or federal offshore area,True,0.024975418,N9050SD2,South Dakota Natural Gas Marketed Production (MMcf)
1992,South Dakota,,State or federal offshore area,True,0.041229261,N9050SD2,South Dakota Natural Gas Marketed Production (MMcf)
1993,South Dakota,,State or federal offshore area,True,0.036981741,N9050SD2,South Dakota Natural Gas Marketed Production (MMcf)
1994,South Dakota,,State or federal offshore area,True,0.040691242,N9050SD2,South Dakota Natural Gas Marketed Production (MMcf)
1995,South Dakota,,State or federal offshore area,True,0.035452634,N9050SD2,South Dakota Natural Gas Marketed Production (MMcf)
1996,South Dakota,,State or federal offshore area,True,0.037633027,N9050SD2,South Dakota Natural Gas Marketed Production (MMcf)
1997,South Dakota,,State or federal offshore area,True,0.045250246,N9050SD2,South Dakota Natural Gas Marketed Production (MMcf)
1998,South Dakota,,State or federal offshore area,True,0.045873216,N9050SD2,South Dakota Natural Gas Marketed Production (MMcf)
1999,South Dakota,,State or federal offshore area,True,0.044344109,N9050SD2,South Dakota Natural Gas Marketed Production (MMcf)
2000,South Dakota,,State or federal offshore area,True,0.046779354,N9050SD2,South Dakota Natural Gas Marketed Production (MMcf)
2001,South Dakota,,State or federal offshore area,True,0.03114848,N9050SD2,South Dakota Natural Gas Marketed Production (MMcf)
2002,South Dakota,,State or federal offshore area,True,0.02902472,N9050SD2,South Dakota Natural Gas Marketed Production (MMcf)
2003,South Dakota,,State or federal offshore area,True,0.03123343,N9050SD2,South Dakota Natural Gas Marketed Production (MMcf)
2004,South Dakota,,State or federal offshore area,True,0.030950262,N9050SD2,South Dakota Natural Gas Marketed Production (MMcf)
2005,South Dakota,,State or federal offshore area,True,0.028090266,N9050SD2,South Dakota Natural Gas Marketed Production (MMcf)
2006,South Dakota,,State or federal offshore area,True,0.027269078,N9050SD2,South Dakota Natural Gas Marketed Production (MMcf)
2007,South Dakota,,State or federal offshore area,True,0.028175216,N9050SD2,South Dakota Natural Gas Marketed Production (MMcf)
2008,South Dakota,,State or federal offshore area,True,0.046552819,N9050SD2,South Dakota Natural Gas Marketed Production (MMcf)
2009,South Dakota,,State or federal offshore area,True,0.060286467,N9050SD2,South Dakota Natural Gas Marketed Production (MMcf)
2010,South Dakota,,State or federal offshore area,True,0.052725882,N9050SD2,South Dakota Natural Gas Marketed Production (MMcf)
2011,South Dakota,,State or federal offshore area,True,0.052329446,N9050SD2,South Dakota Natural Gas Marketed Production (MMcf)
2012,South Dakota,,State or federal offshore area,True,0.427158928,N9050SD2,South Dakota Natural Gas Marketed Production (MMcf)
2013,South Dakota,,State or federal offshore area,True,0.458873744,N9050SD2,South Dakota Natural Gas Marketed Production (MMcf)
2014,South Dakota,,State or federal offshore area,True,0.433388624,N9050SD2,South Dakota Natural Gas Marketed Production (MMcf)
2015,South Dakota,,State or federal offshore area,True,0.01565919,N9050SD2,South Dakota Natural Gas Marketed Production (MMcf)
2016,South Dakota,,State or federal offshore area,True,0.012884144,N9050SD2,South Dakota Natural Gas Marketed Production (MMcf)
2017,South Dakota,,State or federal offshore area,True,0.013478797,N9050SD2,South Dakota Natural Gas Marketed Production (MMcf)
2018,South Dakota,,State or federal offshore area,True,0.01265761,N9050SD2,South Dakota Natural Gas Marketed Production (MMcf)
2019,South Dakota,,State or federal offshore area,True,0.011723155,N9050SD2,South Dakota Natural Gas Marketed Production (MMcf)
2020,South Dakota,,State or federal offshore area,True,0.004530688,N9050SD2,South Dakota Natural Gas Marketed Production (MMcf)
2021,South Dakota,,State or federal offshore area,True,0.004559005,N9050SD2,South Dakota Natural Gas Marketed Production (MMcf)
2022,South Dakota,,State or federal offshore area,True,0.004672272,N9050SD2,South Dakota Natural Gas Marketed Production (MMcf)
2023,South Dakota,,State or federal offshore area,True,0.0035396,N9050SD2,South Dakota Natural Gas Marketed Production (MMcf)
2024,South Dakota,,State or federal offshore area,True,0.003822768,N9050SD2,South Dakota Natural Gas Marketed Production (MMcf)
1967,Tennessee,,State or federal offshore area,True,0.001642374,N9050TN2,Tennessee Natural Gas Marketed Production (MMcf)
1968,Tennessee,,State or federal offshore area,True,0.001359206,N9050TN2,Tennessee Natural Gas Marketed Production (MMcf)
1969,Tennessee,,State or federal offshore area,True,0.001614058,N9050TN2,Tennessee Natural Gas Marketed Production (MMcf)
1970,Tennessee,,State or federal offshore area,True,0.001812275,N9050TN2,Tennessee Natural Gas Marketed Production (MMcf)
1971,Tennessee,,State or federal offshore area,True,0.002520195,N9050TN2,Tennessee Natural Gas Marketed Production (MMcf)
1972,Tennessee,,State or federal offshore area,True,0.00070792,N9050TN2,Tennessee Natural Gas Marketed Production (MMcf)
1973,Tennessee,,State or federal offshore area,True,0.000566336,N9050TN2,Tennessee Natural Gas Marketed Production (MMcf)
1974,Tennessee,,State or federal offshore area,True,0.000481386,N9050TN2,Tennessee Natural Gas Marketed Production (MMcf)
1975,Tennessee,,State or federal offshore area,True,0.000764554,N9050TN2,Tennessee Natural Gas Marketed Production (MMcf)
1976,Tennessee,,State or federal offshore area,True,0.00133089,N9050TN2,Tennessee Natural Gas Marketed Production (MMcf)
1977,Tennessee,,State or federal offshore area,True,0.007447318,N9050TN2,Tennessee Natural Gas Marketed Production (MMcf)
1978,Tennessee,,State or federal offshore area,True,0.013252262,N9050TN2,Tennessee Natural Gas Marketed Production (MMcf)
1979,Tennessee,,State or federal offshore area,True,0.026646109,N9050TN2,Tennessee Natural Gas Marketed Production (MMcf)
1980,Tennessee,,State or federal offshore area,True,0.035141149,N9050TN2,Tennessee Natural Gas Marketed Production (MMcf)
1981,Tennessee,,State or federal offshore area,True,0.048676579,N9050TN2,Tennessee Natural Gas Marketed Production (MMcf)
1982,Tennessee,,State or federal offshore area,True,0.084270797,N9050TN2,Tennessee Natural Gas Marketed Production (MMcf)
1983,Tennessee,,State or federal offshore area,True,0.11185136,N9050TN2,Tennessee Natural Gas Marketed Production (MMcf)
1984,Tennessee,,State or federal offshore area,True,0.14220697,N9050TN2,Tennessee Natural Gas Marketed Production (MMcf)
1985,Tennessee,,State or federal offshore area,True,0.132692525,N9050TN2,Tennessee Natural Gas Marketed Production (MMcf)
1986,Tennessee,,State or federal offshore area,True,0.098089395,N9050TN2,Tennessee Natural Gas Marketed Production (MMcf)
1987,Tennessee,,State or federal offshore area,True,0.076653578,N9050TN2,Tennessee Natural Gas Marketed Production (MMcf)
1988,Tennessee,,State or federal offshore area,True,0.05946528,N9050TN2,Tennessee Natural Gas Marketed Production (MMcf)
1989,Tennessee,,State or federal offshore area,True,0.05380192,N9050TN2,Tennessee Natural Gas Marketed Production (MMcf)
1990,Tennessee,,State or federal offshore area,True,0.058530826,N9050TN2,Tennessee Natural Gas Marketed Production (MMcf)
1991,Tennessee,,State or federal offshore area,True,0.052555981,N9050TN2,Tennessee Natural Gas Marketed Production (MMcf)
1992,Tennessee,,State or federal offshore area,True,0.050120736,N9050TN2,Tennessee Natural Gas Marketed Production (MMcf)
1993,Tennessee,,State or federal offshore area,True,0.047005888,N9050TN2,Tennessee Natural Gas Marketed Production (MMcf)
1994,Tennessee,,State or federal offshore area,True,0.056350432,N9050TN2,Tennessee Natural Gas Marketed Production (MMcf)
1995,Tennessee,,State or federal offshore area,True,0.051536576,N9050TN2,Tennessee Natural Gas Marketed Production (MMcf)
1996,Tennessee,,State or federal offshore area,True,0.047855392,N9050TN2,Tennessee Natural Gas Marketed Production (MMcf)
1997,Tennessee,,State or federal offshore area,True,0.042758368,N9050TN2,Tennessee Natural Gas Marketed Production (MMcf)
1998,Tennessee,,State or federal offshore area,True,0.040209856,N9050TN2,Tennessee Natural Gas Marketed Production (MMcf)
1999,Tennessee,,State or federal offshore area,True,0.034829664,N9050TN2,Tennessee Natural Gas Marketed Production (MMcf)
2000,Tennessee,,State or federal offshore area,True,0.03256432,N9050TN2,Tennessee Natural Gas Marketed Production (MMcf)
2001,Tennessee,,State or federal offshore area,True,0.0566336,N9050TN2,Tennessee Natural Gas Marketed Production (MMcf)
2002,Tennessee,,State or federal offshore area,True,0.05804944,N9050TN2,Tennessee Natural Gas Marketed Production (MMcf)
2003,Tennessee,,State or federal offshore area,True,0.05105519,N9050TN2,Tennessee Natural Gas Marketed Production (MMcf)
2004,Tennessee,,State or federal offshore area,True,0.05946528,N9050TN2,Tennessee Natural Gas Marketed Production (MMcf)
2005,Tennessee,,State or federal offshore area,True,0.06229696,N9050TN2,Tennessee Natural Gas Marketed Production (MMcf)
2006,Tennessee,,State or federal offshore area,True,0.075407638,N9050TN2,Tennessee Natural Gas Marketed Production (MMcf)
2007,Tennessee,,State or federal offshore area,True,0.111624826,N9050TN2,Tennessee Natural Gas Marketed Production (MMcf)
2008,Tennessee,,State or federal offshore area,True,0.13308896,N9050TN2,Tennessee Natural Gas Marketed Production (MMcf)
2009,Tennessee,,State or federal offshore area,True,0.15511943,N9050TN2,Tennessee Natural Gas Marketed Production (MMcf)
2010,Tennessee,,State or federal offshore area,True,0.145661619,N9050TN2,Tennessee Natural Gas Marketed Production (MMcf)
2011,Tennessee,,State or federal offshore area,True,0.137364797,N9050TN2,Tennessee Natural Gas Marketed Production (MMcf)
2012,Tennessee,,State or federal offshore area,True,0.16494536,N9050TN2,Tennessee Natural Gas Marketed Production (MMcf)
2013,Tennessee,,State or federal offshore area,True,0.15291072,N9050TN2,Tennessee Natural Gas Marketed Production (MMcf)
2014,Tennessee,,State or federal offshore area,True,0.149909139,N9050TN2,Tennessee Natural Gas Marketed Production (MMcf)
2015,Tennessee,,State or federal offshore area,True,0.121082637,N9050TN2,Tennessee Natural Gas Marketed Production (MMcf)
2016,Tennessee,,State or federal offshore area,True,0.10202543,N9050TN2,Tennessee Natural Gas Marketed Production (MMcf)
2017,Tennessee,,State or federal offshore area,True,0.084440698,N9050TN2,Tennessee Natural Gas Marketed Production (MMcf)
2018,Tennessee,,State or federal offshore area,True,0.092964054,N9050TN2,Tennessee Natural Gas Marketed Production (MMcf)
2019,Tennessee,,State or federal offshore area,True,0.087980298,N9050TN2,Tennessee Natural Gas Marketed Production (MMcf)
2020,Tennessee,,State or federal offshore area,True,0.101997114,N9050TN2,Tennessee Natural Gas Marketed Production (MMcf)
2021,Tennessee,,State or federal offshore area,True,0.085403469,N9050TN2,Tennessee Natural Gas Marketed Production (MMcf)
2022,Tennessee,,State or federal offshore area,True,0.084978717,N9050TN2,Tennessee Natural Gas Marketed Production (MMcf)
2023,Tennessee,,State or federal offshore area,True,0.075322688,N9050TN2,Tennessee Natural Gas Marketed Production (MMcf)
2024,Tennessee,,State or federal offshore area,True,0.075520906,N9050TN2,Tennessee Natural Gas Marketed Production (MMcf)
1967,Texas,,State or federal offshore area,False,203.56664352,N9050TX2,Texas Natural Gas Marketed Production (MMcf)
1968,Texas,,State or federal offshore area,False,212.246139155,N9050TX2,Texas Natural Gas Marketed Production (MMcf)
1969,Texas,,State or federal offshore area,False,222.377465443,N9050TX2,Texas Natural Gas Marketed Production (MMcf)
1970,Texas,,State or federal offshore area,False,236.663772429,N9050TX2,Texas Natural Gas Marketed Production (MMcf)
1971,Texas,,State or federal offshore area,False,242.128603344,N9050TX2,Texas Natural Gas Marketed Production (MMcf)
1972,Texas,,State or federal offshore area,False,245.162323712,N9050TX2,Texas Natural Gas Marketed Production (MMcf)
1973,Texas,,State or federal offshore area,False,241.08498768,N9050TX2,Texas Natural Gas Marketed Production (MMcf)
1974,Texas,,State or federal offshore area,False,231.370852806,N9050TX2,Texas Natural Gas Marketed Production (MMcf)
1975,Texas,,State or federal offshore area,False,211.972882035,N9050TX2,Texas Natural Gas Marketed Production (MMcf)
1976,Texas,,State or federal offshore area,False,203.650432931,N9050TX2,Texas Natural Gas Marketed Production (MMcf)
1977,Texas,,State or federal offshore area,False,199.662521354,N9050TX2,Texas Natural Gas Marketed Production (MMcf)
1978,Texas,,State or federal offshore area,False,185.423616691,N9050TX2,Texas Natural Gas Marketed Production (MMcf)
1979,Texas,,State or federal offshore area,False,203.162364566,N9050TX2,Texas Natural Gas Marketed Production (MMcf)
1980,Texas,,State or federal offshore area,False,201.499205635,N9050TX2,Texas Natural Gas Marketed Production (MMcf)
1981,Texas,,State or federal offshore area,False,195.669682653,N9050TX2,Texas Natural Gas Marketed Production (MMcf)
1982,Texas,,State or federal offshore area,False,183.176197226,N9050TX2,Texas Natural Gas Marketed Production (MMcf)
1983,Texas,,State or federal offshore area,False,168.161044125,N9050TX2,Texas Natural Gas Marketed Production (MMcf)
1984,Texas,,State or federal offshore area,False,175.140002653,N9050TX2,Texas Natural Gas Marketed Production (MMcf)
1985,Texas,,State or federal offshore area,False,171.392047638,N9050TX2,Texas Natural Gas Marketed Production (MMcf)
1986,Texas,,State or federal offshore area,False,174.19858232,N9050TX2,Texas Natural Gas Marketed Production (MMcf)
1987,Texas,,State or federal offshore area,False,173.477636592,N9050TX2,Texas Natural Gas Marketed Production (MMcf)
1988,Texas,,State or federal offshore area,False,178.000225987,N9050TX2,Texas Natural Gas Marketed Production (MMcf)
1989,Texas,,State or federal offshore area,False,176.73718344,N9050TX2,Texas Natural Gas Marketed Production (MMcf)
1990,Texas,,State or federal offshore area,False,179.617596653,N9050TX2,Texas Natural Gas Marketed Production (MMcf)
1991,Texas,,State or federal offshore area,False,177.848023187,N9050TX2,Texas Natural Gas Marketed Production (MMcf)
1992,Texas,,State or federal offshore area,False,174.031145082,N9050TX2,Texas Natural Gas Marketed Production (MMcf)
1992,Texas,Onshore,Component,False,134.071977712,NA1140_RTXO_2,Texas--onshore Natural Gas Marketed Production (MMcf)
1992,Texas,State Offshore,Component,False,2.216157718,NA1140_RTXSF_2,Texas--State Offshore Natural Gas Marketed Production (MMcf)
1993,Texas,,State or federal offshore area,False,176.969352883,N9050TX2,Texas Natural Gas Marketed Production (MMcf)
1993,Texas,Onshore,Component,False,138.590659389,NA1140_RTXO_2,Texas--onshore Natural Gas Marketed Production (MMcf)
1993,Texas,State Offshore,Component,False,2.243653331,NA1140_RTXSF_2,Texas--State Offshore Natural Gas Marketed Production (MMcf)
1994,Texas,,State or federal offshore area,False,179.920529779,N9050TX2,Texas Natural Gas Marketed Production (MMcf)
1994,Texas,Onshore,Component,False,140.482957866,NA1140_RTXO_2,Texas--onshore Natural Gas Marketed Production (MMcf)
1994,Texas,State Offshore,Component,False,2.394836726,NA1140_RTXSF_2,Texas--State Offshore Natural Gas Marketed Production (MMcf)
1995,Texas,,State or federal offshore area,False,179.246703206,N9050TX2,Texas Natural Gas Marketed Production (MMcf)
1995,Texas,Onshore,Component,False,141.113176566,NA1140_RTXO_2,Texas--onshore Natural Gas Marketed Production (MMcf)
1995,Texas,State Offshore,Component,False,1.789083741,NA1140_RTXSF_2,Texas--State Offshore Natural Gas Marketed Production (MMcf)
1996,Texas,,State or federal offshore area,False,183.227252416,N9050TX2,Texas Natural Gas Marketed Production (MMcf)
1996,Texas,Onshore,Component,False,143.534121382,NA1140_RTXO_2,Texas--onshore Natural Gas Marketed Production (MMcf)
1996,Texas,State Offshore,Component,False,1.793586112,NA1140_RTXSF_2,Texas--State Offshore Natural Gas Marketed Production (MMcf)
1997,Texas,,State or federal offshore area,False,146.322363411,N9050TX2,Texas Natural Gas Marketed Production (MMcf)
1997,Texas,Onshore,Component,False,144.495136941,NA1140_RTXO_2,Texas--onshore Natural Gas Marketed Production (MMcf)
1997,Texas,State Offshore,Component,False,1.82722647,NA1140_RTXSF_2,Texas--State Offshore Natural Gas Marketed Production (MMcf)
1998,Texas,,State or federal offshore area,False,148.025420714,N9050TX2,Texas Natural Gas Marketed Production (MMcf)
1998,Texas,Onshore,Component,False,146.318002624,NA1140_RTXO_2,Texas--onshore Natural Gas Marketed Production (MMcf)
1998,Texas,State Offshore,Component,False,1.707446406,NA1140_RTXSF_2,Texas--State Offshore Natural Gas Marketed Production (MMcf)
1999,Texas,,State or federal offshore area,False,143.126869165,N9050TX2,Texas Natural Gas Marketed Production (MMcf)
1999,Texas,Onshore,Component,False,141.741667942,NA1140_RTXO_2,Texas--onshore Natural Gas Marketed Production (MMcf)
1999,Texas,State Offshore,Component,False,1.385201222,NA1140_RTXSF_2,Texas--State Offshore Natural Gas Marketed Production (MMcf)
2000,Texas,,State or federal offshore area,False,149.572282547,N9050TX2,Texas Natural Gas Marketed Production (MMcf)
2000,Texas,Onshore,Component,False,148.405771971,NA1140_RTXO_2,Texas--onshore Natural Gas Marketed Production (MMcf)
2000,Texas,State Offshore,Component,False,1.166510576,NA1140_RTXSF_2,Texas--State Offshore Natural Gas Marketed Production (MMcf)
2001,Texas,,State or federal offshore area,False,149.589810646,N9050TX2,Texas Natural Gas Marketed Production (MMcf)
2001,Texas,Onshore,Component,False,148.07067096,NA1140_RTXO_2,Texas--onshore Natural Gas Marketed Production (MMcf)
2001,Texas,State Offshore,Component,False,1.519168003,NA1140_RTXSF_2,Texas--State Offshore Natural Gas Marketed Production (MMcf)
2002,Texas,,State or federal offshore area,False,145.57879256,N9050TX2,Texas Natural Gas Marketed Production (MMcf)
2002,Texas,Onshore,Component,False,143.962951002,NA1140_RTXO_2,Texas--onshore Natural Gas Marketed Production (MMcf)
2002,Texas,State Offshore,Component,False,1.615841558,NA1140_RTXSF_2,Texas--State Offshore Natural Gas Marketed Production (MMcf)
2003,Texas,,State or federal offshore area,False,148.481038026,N9050TX2,Texas Natural Gas Marketed Production (MMcf)
2003,Texas,Onshore,Component,False,146.964135366,NA1140_RTXO_2,Texas--onshore Natural Gas Marketed Production (MMcf)
2003,Texas,State Offshore,Component,False,1.516902659,NA1140_RTXSF_2,Texas--State Offshore Natural Gas Marketed Production (MMcf)
2004,Texas,,State or federal offshore area,False,143.490145392,N9050TX2,Texas Natural Gas Marketed Production (MMcf)
2004,Texas,Onshore,Component,False,142.217418499,NA1140_RTXO_2,Texas--onshore Natural Gas Marketed Production (MMcf)
2004,Texas,State Offshore,Component,False,1.272726893,NA1140_RTXSF_2,Texas--State Offshore Natural Gas Marketed Production (MMcf)
2005,Texas,,State or federal offshore area,False,149.410791837,N9050TX2,Texas Natural Gas Marketed Production (MMcf)
2005,Texas,Onshore,Component,False,148.364995779,NA1140_RTXO_2,Texas--onshore Natural Gas Marketed Production (MMcf)
2005,Texas,State Offshore,Component,False,1.045796058,NA1140_RTXSF_2,Texas--State Offshore Natural Gas Marketed Production (MMcf)
2006,Texas,,State or federal offshore area,False,157.10222937,N9050TX2,Texas Natural Gas Marketed Production (MMcf)
2006,Texas,Onshore,Component,False,156.400397482,NA1140_RTXO_2,Texas--onshore Natural Gas Marketed Production (MMcf)
2006,Texas,State Offshore,Component,False,0.701831888,NA1140_RTXSF_2,Texas--State Offshore Natural Gas Marketed Production (MMcf)
2007,Texas,,State or federal offshore area,False,173.388863424,N9050TX2,Texas Natural Gas Marketed Production (MMcf)
2007,Texas,Onshore,Component,False,172.561191677,NA1140_RTXO_2,Texas--onshore Natural Gas Marketed Production (MMcf)
2007,Texas,State Offshore,Component,False,0.827671747,NA1140_RTXSF_2,Texas--State Offshore Natural Gas Marketed Production (MMcf)
2008,Texas,,State or federal offshore area,False,197.104551542,N9050TX2,Texas Natural Gas Marketed Production (MMcf)
2008,Texas,Onshore,Component,False,195.779693421,NA1140_RTXO_2,Texas--onshore Natural Gas Marketed Production (MMcf)
2008,Texas,State Offshore,Component,False,1.324829805,NA1140_RTXSF_2,Texas--State Offshore Natural Gas Marketed Production (MMcf)
2009,Texas,,State or federal offshore area,False,193.091494646,N9050TX2,Texas Natural Gas Marketed Production (MMcf)
2009,Texas,Onshore,Component,False,192.020808122,NA1140_RTXO_2,Texas--onshore Natural Gas Marketed Production (MMcf)
2009,Texas,State Offshore,Component,False,1.070686525,NA1140_RTXSF_2,Texas--State Offshore Natural Gas Marketed Production (MMcf)
2010,Texas,,State or federal offshore area,False,190.155637139,N9050TX2,Texas Natural Gas Marketed Production (MMcf)
2010,Texas,Onshore,Component,False,189.346484579,NA1140_RTXO_2,Texas--onshore Natural Gas Marketed Production (MMcf)
2010,Texas,State Offshore,Component,False,0.809124243,NA1140_RTXSF_2,Texas--State Offshore Natural Gas Marketed Production (MMcf)
2011,Texas,,State or federal offshore area,False,201.413518998,N9050TX2,Texas Natural Gas Marketed Production (MMcf)
2011,Texas,Onshore,Component,False,200.73983401,NA1140_RTXO_2,Texas--onshore Natural Gas Marketed Production (MMcf)
2011,Texas,State Offshore,Component,False,0.673684989,NA1140_RTXSF_2,Texas--State Offshore Natural Gas Marketed Production (MMcf)
2012,Texas,,State or federal offshore area,False,211.682096816,N9050TX2,Texas Natural Gas Marketed Production (MMcf)
2012,Texas,Onshore,Component,False,211.214699715,NA1140_RTXO_2,Texas--onshore Natural Gas Marketed Production (MMcf)
2012,Texas,State Offshore,Component,False,0.467397101,NA1140_RTXSF_2,Texas--State Offshore Natural Gas Marketed Production (MMcf)
2013,Texas,,State or federal offshore area,False,216.159634182,N9050TX2,Texas Natural Gas Marketed Production (MMcf)
2013,Texas,Onshore,Component,False,215.762179578,NA1140_RTXO_2,Texas--onshore Natural Gas Marketed Production (MMcf)
2013,Texas,State Offshore,Component,False,0.397454605,NA1140_RTXSF_2,Texas--State Offshore Natural Gas Marketed Production (MMcf)
2014,Texas,,State or federal offshore area,False,226.110186019,N9050TX2,Texas Natural Gas Marketed Production (MMcf)
2014,Texas,Onshore,Component,False,225.793009542,NA1140_RTXO_2,Texas--onshore Natural Gas Marketed Production (MMcf)
2014,Texas,State Offshore,Component,False,0.31714816,NA1140_RTXSF_2,Texas--State Offshore Natural Gas Marketed Production (MMcf)
2015,Texas,,State or federal offshore area,False,223.432549411,N9050TX2,Texas Natural Gas Marketed Production (MMcf)
2015,Texas,Onshore,Component,False,223.169146538,NA1140_RTXO_2,Texas--onshore Natural Gas Marketed Production (MMcf)
2015,Texas,State Offshore,Component,False,0.263402874,NA1140_RTXSF_2,Texas--State Offshore Natural Gas Marketed Production (MMcf)
2016,Texas,,State or federal offshore area,False,204.60224553,N9050TX2,Texas Natural Gas Marketed Production (MMcf)
2016,Texas,Onshore,Component,False,204.388680224,NA1140_RTXO_2,Texas--onshore Natural Gas Marketed Production (MMcf)
2016,Texas,State Offshore,Component,False,0.213565306,NA1140_RTXSF_2,Texas--State Offshore Natural Gas Marketed Production (MMcf)
2017,Texas,,State or federal offshore area,False,204.556060829,N9050TX2,Texas Natural Gas Marketed Production (MMcf)
2017,Texas,Onshore,Component,False,204.415099798,NA1140_RTXO_2,Texas--onshore Natural Gas Marketed Production (MMcf)
2017,Texas,State Offshore,Component,False,0.14096103,NA1140_RTXSF_2,Texas--State Offshore Natural Gas Marketed Production (MMcf)
2018,Texas,,State or federal offshore area,False,227.695671968,N9050TX2,Texas Natural Gas Marketed Production (MMcf)
2018,Texas,Onshore,Component,False,227.597384355,NA1140_RTXO_2,Texas--onshore Natural Gas Marketed Production (MMcf)
2018,Texas,State Offshore,Component,False,0.098287613,NA1140_RTXSF_2,Texas--State Offshore Natural Gas Marketed Production (MMcf)
2019,Texas,,State or federal offshore area,False,265.568797315,N9050TX2,Texas Natural Gas Marketed Production (MMcf)
2019,Texas,Onshore,Component,False,265.485007904,NA1140_RTXO_2,Texas--onshore Natural Gas Marketed Production (MMcf)
2019,Texas,State Offshore,Component,False,0.083761094,NA1140_RTXSF_2,Texas--State Offshore Natural Gas Marketed Production (MMcf)
2020,Texas,,State or federal offshore area,False,277.873749488,N9050TX2,Texas Natural Gas Marketed Production (MMcf)
2020,Texas,Onshore,Component,False,277.807658077,NA1140_RTXO_2,Texas--onshore Natural Gas Marketed Production (MMcf)
2020,Texas,State Offshore,Component,False,0.066091411,NA1140_RTXSF_2,Texas--State Offshore Natural Gas Marketed Production (MMcf)
2021,Texas,,State or federal offshore area,False,281.728260621,N9050TX2,Texas Natural Gas Marketed Production (MMcf)
2021,Texas,Onshore,Component,False,281.691477098,NA1140_RTXO_2,Texas--onshore Natural Gas Marketed Production (MMcf)
2021,Texas,State Offshore,Component,False,0.036783523,NA1140_RTXSF_2,Texas--State Offshore Natural Gas Marketed Production (MMcf)
2022,Texas,,State or federal offshore area,False,301.986920528,N9050TX2,Texas Natural Gas Marketed Production (MMcf)
2022,Texas,Onshore,Component,False,301.934053062,NA1140_RTXO_2,Texas--onshore Natural Gas Marketed Production (MMcf)
2022,Texas,State Offshore,Component,False,0.052867466,NA1140_RTXSF_2,Texas--State Offshore Natural Gas Marketed Production (MMcf)
2023,Texas,,State or federal offshore area,False,322.935689168,N9050TX2,Texas Natural Gas Marketed Production (MMcf)
2023,Texas,Onshore,Component,False,322.90629633,NA1140_RTXO_2,Texas--onshore Natural Gas Marketed Production (MMcf)
2023,Texas,State Offshore,Component,False,0.029392838,NA1140_RTXSF_2,Texas--State Offshore Natural Gas Marketed Production (MMcf)
2024,Texas,,State or federal offshore area,False,340.359554227,N9050TX2,Texas Natural Gas Marketed Production (MMcf)
2024,Texas,Onshore,Component,False,340.331577229,NA1140_RTXO_2,Texas--onshore Natural Gas Marketed Production (MMcf)
2024,Texas,State Offshore,Component,False,0.027976998,NA1140_RTXSF_2,Texas--State Offshore Natural Gas Marketed Production (MMcf)
2025,Texas,,State or federal offshore area,False,358.393164941,N9050TX2,Texas Natural Gas Marketed Production (MMcf)
1900,U.S.,,U.S. total,False,3.6245504,N9050US2,U.S. Natural Gas Marketed Production (MMcf)
1901,U.S.,,U.S. total,False,5.097024,N9050US2,U.S. Natural Gas Marketed Production (MMcf)
1902,U.S.,,U.S. total,False,5.8332608,N9050US2,U.S. Natural Gas Marketed Production (MMcf)
1903,U.S.,,U.S. total,False,6.7677152,N9050US2,U.S. Natural Gas Marketed Production (MMcf)
1904,U.S.,,U.S. total,False,7.2774176,N9050US2,U.S. Natural Gas Marketed Production (MMcf)
1905,U.S.,,U.S. total,False,9.061376,N9050US2,U.S. Natural Gas Marketed Production (MMcf)
1906,U.S.,,U.S. total,False,11.0152352,N9050US2,U.S. Natural Gas Marketed Production (MMcf)
1907,U.S.,,U.S. total,False,11.5249376,N9050US2,U.S. Natural Gas Marketed Production (MMcf)
1908,U.S.,,U.S. total,False,11.3833536,N9050US2,U.S. Natural Gas Marketed Production (MMcf)
1909,U.S.,,U.S. total,False,13.6203808,N9050US2,U.S. Natural Gas Marketed Production (MMcf)
1910,U.S.,,U.S. total,False,14.4132512,N9050US2,U.S. Natural Gas Marketed Production (MMcf)
1911,U.S.,,U.S. total,False,14.5265184,N9050US2,U.S. Natural Gas Marketed Production (MMcf)
1912,U.S.,,U.S. total,False,15.9140416,N9050US2,U.S. Natural Gas Marketed Production (MMcf)
1913,U.S.,,U.S. total,False,16.4803776,N9050US2,U.S. Natural Gas Marketed Production (MMcf)
1914,U.S.,,U.S. total,False,16.7635456,N9050US2,U.S. Natural Gas Marketed Production (MMcf)
1915,U.S.,,U.S. total,False,17.8112672,N9050US2,U.S. Natural Gas Marketed Production (MMcf)
1916,U.S.,,U.S. total,False,21.3225504,N9050US2,U.S. Natural Gas Marketed Production (MMcf)
1917,U.S.,,U.S. total,False,22.511856,N9050US2,U.S. Natural Gas Marketed Production (MMcf)
1918,U.S.,,U.S. total,False,20.4164128,N9050US2,U.S. Natural Gas Marketed Production (MMcf)
1919,U.S.,,U.S. total,False,21.1243328,N9050US2,U.S. Natural Gas Marketed Production (MMcf)
1920,U.S.,,U.S. total,False,22.9932416,N9050US2,U.S. Natural Gas Marketed Production (MMcf)
1921,U.S.,,U.S. total,False,19.0855232,N9050US2,U.S. Natural Gas Marketed Production (MMcf)
1922,U.S.,,U.S. total,False,21.9738368,N9050US2,U.S. Natural Gas Marketed Production (MMcf)
1923,U.S.,,U.S. total,False,29.02472,N9050US2,U.S. Natural Gas Marketed Production (MMcf)
1924,U.S.,,U.S. total,False,32.9041216,N9050US2,U.S. Natural Gas Marketed Production (MMcf)
1925,U.S.,,U.S. total,False,34.263328,N9050US2,U.S. Natural Gas Marketed Production (MMcf)
1926,U.S.,,U.S. total,False,37.8312448,N9050US2,U.S. Natural Gas Marketed Production (MMcf)
1927,U.S.,,U.S. total,False,41.6540128,N9050US2,U.S. Natural Gas Marketed Production (MMcf)
1928,U.S.,,U.S. total,False,45.1936128,N9050US2,U.S. Natural Gas Marketed Production (MMcf)
1929,U.S.,,U.S. total,False,55.2743936,N9050US2,U.S. Natural Gas Marketed Production (MMcf)
1930,U.S.,,U.S. total,False,56.036427005,N9050US2,U.S. Natural Gas Marketed Production (MMcf)
1931,U.S.,,U.S. total,False,48.758754554,N9050US2,U.S. Natural Gas Marketed Production (MMcf)
1932,U.S.,,U.S. total,False,45.131259206,N9050US2,U.S. Natural Gas Marketed Production (MMcf)
1933,U.S.,,U.S. total,False,45.212670006,N9050US2,U.S. Natural Gas Marketed Production (MMcf)
1934,U.S.,,U.S. total,False,51.417532173,N9050US2,U.S. Natural Gas Marketed Production (MMcf)
1935,U.S.,,U.S. total,False,55.754731478,N9050US2,U.S. Natural Gas Marketed Production (MMcf)
1936,U.S.,,U.S. total,False,63.018387114,N9050US2,U.S. Natural Gas Marketed Production (MMcf)
1937,U.S.,,U.S. total,False,70.041123414,N9050US2,U.S. Natural Gas Marketed Production (MMcf)
1938,U.S.,,U.S. total,False,66.776706077,N9050US2,U.S. Natural Gas Marketed Production (MMcf)
1939,U.S.,,U.S. total,False,71.878883734,N9050US2,U.S. Natural Gas Marketed Production (MMcf)
1940,U.S.,,U.S. total,False,77.413005859,N9050US2,U.S. Natural Gas Marketed Production (MMcf)
1941,U.S.,,U.S. total,False,81.93536872,N9050US2,U.S. Natural Gas Marketed Production (MMcf)
1942,U.S.,,U.S. total,False,89.075987859,N9050US2,U.S. Natural Gas Marketed Production (MMcf)
1943,U.S.,,U.S. total,False,99.548588221,N9050US2,U.S. Natural Gas Marketed Production (MMcf)
1944,U.S.,,U.S. total,False,108.029271603,N9050US2,U.S. Natural Gas Marketed Production (MMcf)
1945,U.S.,,U.S. total,False,114.456562234,N9050US2,U.S. Natural Gas Marketed Production (MMcf)
1946,U.S.,,U.S. total,False,117.592931002,N9050US2,U.S. Natural Gas Marketed Production (MMcf)
1947,U.S.,,U.S. total,False,129.752476406,N9050US2,U.S. Natural Gas Marketed Production (MMcf)
1948,U.S.,,U.S. total,False,145.775452736,N9050US2,U.S. Natural Gas Marketed Production (MMcf)
1949,U.S.,,U.S. total,False,153.469580365,N9050US2,U.S. Natural Gas Marketed Production (MMcf)
1950,U.S.,,U.S. total,False,177.887836608,N9050US2,U.S. Natural Gas Marketed Production (MMcf)
1951,U.S.,,U.S. total,False,211.168543331,N9050US2,U.S. Natural Gas Marketed Production (MMcf)
1952,U.S.,,U.S. total,False,226.915459178,N9050US2,U.S. Natural Gas Marketed Production (MMcf)
1953,U.S.,,U.S. total,False,237.773790989,N9050US2,U.S. Natural Gas Marketed Production (MMcf)
1954,U.S.,,U.S. total,False,247.560926573,N9050US2,U.S. Natural Gas Marketed Production (MMcf)
1955,U.S.,,U.S. total,False,266.329443197,N9050US2,U.S. Natural Gas Marketed Production (MMcf)
1956,U.S.,,U.S. total,False,285.487797206,N9050US2,U.S. Natural Gas Marketed Production (MMcf)
1957,U.S.,,U.S. total,False,302.430729734,N9050US2,U.S. Natural Gas Marketed Production (MMcf)
1958,U.S.,,U.S. total,False,312.341326566,N9050US2,U.S. Natural Gas Marketed Production (MMcf)
1959,U.S.,,U.S. total,False,341.107429232,N9050US2,U.S. Natural Gas Marketed Production (MMcf)
1960,U.S.,,U.S. total,False,361.634928838,N9050US2,U.S. Natural Gas Marketed Production (MMcf)
1961,U.S.,,U.S. total,False,375.31157512,N9050US2,U.S. Natural Gas Marketed Production (MMcf)
1962,U.S.,,U.S. total,False,392.94152985,N9050US2,U.S. Natural Gas Marketed Production (MMcf)
1963,U.S.,,U.S. total,False,417.578306838,N9050US2,U.S. Natural Gas Marketed Production (MMcf)
1964,U.S.,,U.S. total,False,440.229736346,N9050US2,U.S. Natural Gas Marketed Production (MMcf)
1965,U.S.,,U.S. total,False,454.19447775,N9050US2,U.S. Natural Gas Marketed Production (MMcf)
1966,U.S.,,U.S. total,False,487.23664375,N9050US2,U.S. Natural Gas Marketed Production (MMcf)
1967,U.S.,,U.S. total,False,514.55377576,N9050US2,U.S. Natural Gas Marketed Production (MMcf)
1968,U.S.,,U.S. total,False,547.14853632,N9050US2,U.S. Natural Gas Marketed Production (MMcf)
1969,U.S.,,U.S. total,False,586.107922432,N9050US2,U.S. Natural Gas Marketed Production (MMcf)
1970,U.S.,,U.S. total,False,620.722435386,N9050US2,U.S. Natural Gas Marketed Production (MMcf)
1971,U.S.,,U.S. total,False,636.930122202,N9050US2,U.S. Natural Gas Marketed Production (MMcf)
1972,U.S.,,U.S. total,False,638.025585926,N9050US2,U.S. Natural Gas Marketed Production (MMcf)
1973,U.S.,,U.S. total,False,641.306115523,N9050US2,U.S. Natural Gas Marketed Production (MMcf)
1974,U.S.,,U.S. total,False,611.65766137,N9050US2,U.S. Natural Gas Marketed Production (MMcf)
1975,U.S.,,U.S. total,False,569.412931805,N9050US2,U.S. Natural Gas Marketed Production (MMcf)
1976,U.S.,,U.S. total,False,564.989196358,N9050US2,U.S. Natural Gas Marketed Production (MMcf)
1977,U.S.,,U.S. total,False,567.057030678,N9050US2,U.S. Natural Gas Marketed Production (MMcf)
1978,U.S.,,U.S. total,False,565.600697654,N9050US2,U.S. Natural Gas Marketed Production (MMcf)
1979,U.S.,,U.S. total,False,579.680575168,N9050US2,U.S. Natural Gas Marketed Production (MMcf)
1980,U.S.,,U.S. total,False,571.425208563,N9050US2,U.S. Natural Gas Marketed Production (MMcf)
1981,U.S.,,U.S. total,False,565.085048726,N9050US2,U.S. Natural Gas Marketed Production (MMcf)
1982,U.S.,,U.S. total,False,526.182805917,N9050US2,U.S. Natural Gas Marketed Production (MMcf)
1983,U.S.,,U.S. total,False,478.103541296,N9050US2,U.S. Natural Gas Marketed Production (MMcf)
1984,U.S.,,U.S. total,False,518.320334912,N9050US2,U.S. Natural Gas Marketed Production (MMcf)
1985,U.S.,,U.S. total,False,489.037450646,N9050US2,U.S. Natural Gas Marketed Production (MMcf)
1986,U.S.,,U.S. total,False,477.38372824,N9050US2,U.S. Natural Gas Marketed Production (MMcf)
1987,U.S.,,U.S. total,False,493.643971037,N9050US2,U.S. Natural Gas Marketed Production (MMcf)
1988,U.S.,,U.S. total,False,507.393589712,N9050US2,U.S. Natural Gas Marketed Production (MMcf)
1989,U.S.,,U.S. total,False,512.39665857,N9050US2,U.S. Natural Gas Marketed Production (MMcf)
1990,U.S.,,U.S. total,False,526.516689306,N9050US2,U.S. Natural Gas Marketed Production (MMcf)
1991,U.S.,,U.S. total,False,524.779368675,N9050US2,U.S. Natural Gas Marketed Production (MMcf)
1992,U.S.,,U.S. total,False,529.858524774,N9050US2,U.S. Natural Gas Marketed Production (MMcf)
1993,U.S.,,U.S. total,False,537.507090672,N9050US2,U.S. Natural Gas Marketed Production (MMcf)
1994,U.S.,,U.S. total,False,558.11067752,N9050US2,U.S. Natural Gas Marketed Production (MMcf)
1995,U.S.,,U.S. total,False,552.360922963,N9050US2,U.S. Natural Gas Marketed Production (MMcf)
1996,U.S.,,U.S. total,False,561.019265949,N9050US2,U.S. Natural Gas Marketed Production (MMcf)
1997,U.S.,,U.S. total,False,562.544182262,N9050US2,U.S. Natural Gas Marketed Production (MMcf)
1998,U.S.,,U.S. total,False,565.241499046,N9050US2,U.S. Natural Gas Marketed Production (MMcf)
1999,U.S.,,U.S. total,False,560.809919846,N9050US2,U.S. Natural Gas Marketed Production (MMcf)
2000,U.S.,,U.S. total,False,571.928879485,N9050US2,U.S. Natural Gas Marketed Production (MMcf)
2001,U.S.,,U.S. total,False,582.484929456,N9050US2,U.S. Natural Gas Marketed Production (MMcf)
2002,U.S.,,U.S. total,False,563.073338304,N9050US2,U.S. Natural Gas Marketed Production (MMcf)
2003,U.S.,,U.S. total,False,565.609957248,N9050US2,U.S. Natural Gas Marketed Production (MMcf)
2004,U.S.,,U.S. total,False,552.672889149,N9050US2,U.S. Natural Gas Marketed Production (MMcf)
2005,U.S.,,U.S. total,False,535.954763696,N9050US2,U.S. Natural Gas Marketed Production (MMcf)
2006,U.S.,,U.S. total,False,549.619856723,N9050US2,U.S. Natural Gas Marketed Production (MMcf)
2007,U.S.,,U.S. total,False,571.895890413,N9050US2,U.S. Natural Gas Marketed Production (MMcf)
2008,U.S.,,U.S. total,False,597.82578239,N9050US2,U.S. Natural Gas Marketed Production (MMcf)
2009,U.S.,,U.S. total,False,613.000274125,N9050US2,U.S. Natural Gas Marketed Production (MMcf)
2010,U.S.,,U.S. total,False,633.783021366,N9050US2,U.S. Natural Gas Marketed Production (MMcf)
2011,U.S.,,U.S. total,False,680.632572314,N9050US2,U.S. Natural Gas Marketed Production (MMcf)
2012,U.S.,,U.S. total,False,715.94152647,N9050US2,U.S. Natural Gas Marketed Production (MMcf)
2013,U.S.,,U.S. total,False,723.840611098,N9050US2,U.S. Natural Gas Marketed Production (MMcf)
2014,U.S.,,U.S. total,False,778.648400467,N9050US2,U.S. Natural Gas Marketed Production (MMcf)
2015,U.S.,,U.S. total,False,814.732215539,N9050US2,U.S. Natural Gas Marketed Production (MMcf)
2016,U.S.,,U.S. total,False,804.198507523,N9050US2,U.S. Natural Gas Marketed Production (MMcf)
2017,U.S.,,U.S. total,False,827.92164296,N9050US2,U.S. Natural Gas Marketed Production (MMcf)
2018,U.S.,,U.S. total,False,934.705485066,N9050US2,U.S. Natural Gas Marketed Production (MMcf)
2019,U.S.,,U.S. total,False,1032.060087622,N9050US2,U.S. Natural Gas Marketed Production (MMcf)
2020,U.S.,,U.S. total,False,1034.152925677,N9050US2,U.S. Natural Gas Marketed Production (MMcf)
2021,U.S.,,U.S. total,False,1057.288714048,N9050US2,U.S. Natural Gas Marketed Production (MMcf)
2022,U.S.,,U.S. total,False,1113.684367978,N9050US2,U.S. Natural Gas Marketed Production (MMcf)
2023,U.S.,,U.S. total,False,1162.057334448,N9050US2,U.S. Natural Gas Marketed Production (MMcf)
2024,U.S.,,U.S. total,False,1171.859421302,N9050US2,U.S. Natural Gas Marketed Production (MMcf)
2025,U.S.,,U.S. total,False,1224.110062048,N9050US2,U.S. Natural Gas Marketed Production (MMcf)
1967,Utah,,State or federal offshore area,False,1.386532112,N9050UT2,Utah Natural Gas Marketed Production (MMcf)
1968,Utah,,State or federal offshore area,False,1.306848637,N9050UT2,Utah Natural Gas Marketed Production (MMcf)
1969,Utah,,State or federal offshore area,False,1.323329014,N9050UT2,Utah Natural Gas Marketed Production (MMcf)
1970,Utah,,State or federal offshore area,False,1.211421021,N9050UT2,Utah Natural Gas Marketed Production (MMcf)
1971,Utah,,State or federal offshore area,False,1.201142022,N9050UT2,Utah Natural Gas Marketed Production (MMcf)
1972,Utah,,State or federal offshore area,False,1.117777363,N9050UT2,Utah Natural Gas Marketed Production (MMcf)
1973,Utah,,State or federal offshore area,False,1.209552112,N9050UT2,Utah Natural Gas Marketed Production (MMcf)
1974,Utah,,State or federal offshore area,False,1.43062137,N9050UT2,Utah Natural Gas Marketed Production (MMcf)
1975,Utah,,State or federal offshore area,False,1.567448147,N9050UT2,Utah Natural Gas Marketed Production (MMcf)
1976,Utah,,State or federal offshore area,False,1.625837389,N9050UT2,Utah Natural Gas Marketed Production (MMcf)
1977,Utah,,State or federal offshore area,False,1.718716493,N9050UT2,Utah Natural Gas Marketed Production (MMcf)
1978,Utah,,State or federal offshore area,False,1.654154189,N9050UT2,Utah Natural Gas Marketed Production (MMcf)
1979,Utah,,State or federal offshore area,False,1.659506064,N9050UT2,Utah Natural Gas Marketed Production (MMcf)
1980,Utah,,State or federal offshore area,False,2.485252269,N9050UT2,Utah Natural Gas Marketed Production (MMcf)
1981,Utah,,State or federal offshore area,False,2.582237309,N9050UT2,Utah Natural Gas Marketed Production (MMcf)
1982,Utah,,State or federal offshore area,False,2.668999984,N9050UT2,Utah Natural Gas Marketed Production (MMcf)
1983,Utah,,State or federal offshore area,False,1.788432454,N9050UT2,Utah Natural Gas Marketed Production (MMcf)
1984,Utah,,State or federal offshore area,False,2.115208326,N9050UT2,Utah Natural Gas Marketed Production (MMcf)
1985,Utah,,State or federal offshore area,False,2.361762704,N9050UT2,Utah Natural Gas Marketed Production (MMcf)
1986,Utah,,State or federal offshore area,False,2.548880118,N9050UT2,Utah Natural Gas Marketed Production (MMcf)
1987,Utah,,State or federal offshore area,False,2.468035654,N9050UT2,Utah Natural Gas Marketed Production (MMcf)
1988,Utah,,State or federal offshore area,False,2.87053065,N9050UT2,Utah Natural Gas Marketed Production (MMcf)
1989,Utah,,State or federal offshore area,False,3.400536195,N9050UT2,Utah Natural Gas Marketed Production (MMcf)
1990,Utah,,State or federal offshore area,False,4.1307132,N9050UT2,Utah Natural Gas Marketed Production (MMcf)
1991,Utah,,State or federal offshore area,False,4.100754026,N9050UT2,Utah Natural Gas Marketed Production (MMcf)
1992,Utah,,State or federal offshore area,False,4.850469622,N9050UT2,Utah Natural Gas Marketed Production (MMcf)
1993,Utah,,State or federal offshore area,False,6.382635037,N9050UT2,Utah Natural Gas Marketed Production (MMcf)
1994,Utah,,State or federal offshore area,False,7.669831814,N9050UT2,Utah Natural Gas Marketed Production (MMcf)
1995,Utah,,State or federal offshore area,False,6.832560672,N9050UT2,Utah Natural Gas Marketed Production (MMcf)
1996,Utah,,State or federal offshore area,False,7.100918986,N9050UT2,Utah Natural Gas Marketed Production (MMcf)
1997,Utah,,State or federal offshore area,False,7.281353635,N9050UT2,Utah Natural Gas Marketed Production (MMcf)
1998,Utah,,State or federal offshore area,False,7.853381312,N9050UT2,Utah Natural Gas Marketed Production (MMcf)
1999,Utah,,State or federal offshore area,False,7.436388115,N9050UT2,Utah Natural Gas Marketed Production (MMcf)
2000,Utah,,State or federal offshore area,False,7.625289488,N9050UT2,Utah Natural Gas Marketed Production (MMcf)
2001,Utah,,State or federal offshore area,False,8.039507638,N9050UT2,Utah Natural Gas Marketed Production (MMcf)
2002,Utah,,State or federal offshore area,False,7.779729315,N9050UT2,Utah Natural Gas Marketed Production (MMcf)
2003,Utah,,State or federal offshore area,False,7.590544774,N9050UT2,Utah Natural Gas Marketed Production (MMcf)
2004,Utah,,State or federal offshore area,False,7.871192579,N9050UT2,Utah Natural Gas Marketed Production (MMcf)
2005,Utah,,State or federal offshore area,False,8.529671446,N9050UT2,Utah Natural Gas Marketed Production (MMcf)
2006,Utah,,State or federal offshore area,False,9.863307776,N9050UT2,Utah Natural Gas Marketed Production (MMcf)
2007,Utah,,State or federal offshore area,False,10.658698371,N9050UT2,Utah Natural Gas Marketed Production (MMcf)
2008,Utah,,State or federal offshore area,False,12.277201709,N9050UT2,Utah Natural Gas Marketed Production (MMcf)
2009,Utah,,State or federal offshore area,False,12.577246522,N9050UT2,Utah Natural Gas Marketed Production (MMcf)
2010,Utah,,State or federal offshore area,False,12.234131856,N9050UT2,Utah Natural Gas Marketed Production (MMcf)
2011,Utah,,State or federal offshore area,False,12.95564392,N9050UT2,Utah Natural Gas Marketed Production (MMcf)
2012,Utah,,State or federal offshore area,False,13.886360502,N9050UT2,Utah Natural Gas Marketed Production (MMcf)
2013,Utah,,State or federal offshore area,False,13.333333398,N9050UT2,Utah Natural Gas Marketed Production (MMcf)
2014,Utah,,State or federal offshore area,False,12.871259856,N9050UT2,Utah Natural Gas Marketed Production (MMcf)
2015,Utah,,State or federal offshore area,False,11.808671936,N9050UT2,Utah Natural Gas Marketed Production (MMcf)
2016,Utah,,State or federal offshore area,False,10.343220902,N9050UT2,Utah Natural Gas Marketed Production (MMcf)
2017,Utah,,State or federal offshore area,False,8.925766845,N9050UT2,Utah Natural Gas Marketed Production (MMcf)
2018,Utah,,State or federal offshore area,False,8.376845677,N9050UT2,Utah Natural Gas Marketed Production (MMcf)
2019,Utah,,State or federal offshore area,False,7.696732774,N9050UT2,Utah Natural Gas Marketed Production (MMcf)
2020,Utah,,State or federal offshore area,False,6.851674512,N9050UT2,Utah Natural Gas Marketed Production (MMcf)
2021,Utah,,State or federal offshore area,False,6.77966489,N9050UT2,Utah Natural Gas Marketed Production (MMcf)
2022,Utah,,State or federal offshore area,False,7.348662669,N9050UT2,Utah Natural Gas Marketed Production (MMcf)
2023,Utah,,State or federal offshore area,False,8.154105728,N9050UT2,Utah Natural Gas Marketed Production (MMcf)
2024,Utah,,State or federal offshore area,False,8.619294118,N9050UT2,Utah Natural Gas Marketed Production (MMcf)
2025,Utah,,State or federal offshore area,False,9.529537654,N9050UT2,Utah Natural Gas Marketed Production (MMcf)
1967,Virginia,,State or federal offshore area,True,0.108113542,N9050VA2,Virginia Natural Gas Marketed Production (MMcf)
1968,Virginia,,State or federal offshore area,True,0.095965635,N9050VA2,Virginia Natural Gas Marketed Production (MMcf)
1969,Virginia,,State or federal offshore area,True,0.080589613,N9050VA2,Virginia Natural Gas Marketed Production (MMcf)
1970,Virginia,,State or federal offshore area,True,0.079428624,N9050VA2,Virginia Natural Gas Marketed Production (MMcf)
1971,Virginia,,State or federal offshore area,True,0.074161699,N9050VA2,Virginia Natural Gas Marketed Production (MMcf)
1972,Virginia,,State or federal offshore area,True,0.078918922,N9050VA2,Virginia Natural Gas Marketed Production (MMcf)
1973,Virginia,,State or federal offshore area,True,0.144443997,N9050VA2,Virginia Natural Gas Marketed Production (MMcf)
1974,Virginia,,State or federal offshore area,True,0.200936013,N9050VA2,Virginia Natural Gas Marketed Production (MMcf)
1975,Virginia,,State or federal offshore area,True,0.190373846,N9050VA2,Virginia Natural Gas Marketed Production (MMcf)
1976,Virginia,,State or federal offshore area,True,0.196433642,N9050VA2,Virginia Natural Gas Marketed Production (MMcf)
1977,Virginia,,State or federal offshore area,True,0.232764096,N9050VA2,Virginia Natural Gas Marketed Production (MMcf)
1978,Virginia,,State or federal offshore area,True,0.240466266,N9050VA2,Virginia Natural Gas Marketed Production (MMcf)
1979,Virginia,,State or federal offshore area,True,0.241938739,N9050VA2,Virginia Natural Gas Marketed Production (MMcf)
1980,Virginia,,State or federal offshore area,True,0.221210842,N9050VA2,Virginia Natural Gas Marketed Production (MMcf)
1981,Virginia,,State or federal offshore area,True,0.25210447,N9050VA2,Virginia Natural Gas Marketed Production (MMcf)
1982,Virginia,,State or federal offshore area,True,0.194819584,N9050VA2,Virginia Natural Gas Marketed Production (MMcf)
1983,Virginia,,State or federal offshore area,True,0.123064813,N9050VA2,Virginia Natural Gas Marketed Production (MMcf)
1984,Virginia,,State or federal offshore area,True,0.252047837,N9050VA2,Virginia Natural Gas Marketed Production (MMcf)
1985,Virginia,,State or federal offshore area,True,0.425912989,N9050VA2,Virginia Natural Gas Marketed Production (MMcf)
1986,Virginia,,State or federal offshore area,True,0.436843274,N9050VA2,Virginia Natural Gas Marketed Production (MMcf)
1987,Virginia,,State or federal offshore area,True,0.544333846,N9050VA2,Virginia Natural Gas Marketed Production (MMcf)
1988,Virginia,,State or federal offshore area,True,0.521708723,N9050VA2,Virginia Natural Gas Marketed Production (MMcf)
1989,Virginia,,State or federal offshore area,True,0.507861808,N9050VA2,Virginia Natural Gas Marketed Production (MMcf)
1990,Virginia,,State or federal offshore area,True,0.418352403,N9050VA2,Virginia Natural Gas Marketed Production (MMcf)
1991,Virginia,,State or federal offshore area,True,0.422090221,N9050VA2,Virginia Natural Gas Marketed Production (MMcf)
1992,Virginia,,State or federal offshore area,True,0.700359414,N9050VA2,Virginia Natural Gas Marketed Production (MMcf)
1993,Virginia,,State or federal offshore area,True,1.071507712,N9050VA2,Virginia Natural Gas Marketed Production (MMcf)
1994,Virginia,,State or federal offshore area,True,1.423174051,N9050VA2,Virginia Natural Gas Marketed Production (MMcf)
1995,Virginia,,State or federal offshore area,True,1.410686342,N9050VA2,Virginia Natural Gas Marketed Production (MMcf)
1996,Virginia,,State or federal offshore area,True,1.537319072,N9050VA2,Virginia Natural Gas Marketed Production (MMcf)
1997,Virginia,,State or federal offshore area,True,1.649425283,N9050VA2,Virginia Natural Gas Marketed Production (MMcf)
1998,Virginia,,State or federal offshore area,True,1.621504918,N9050VA2,Virginia Natural Gas Marketed Production (MMcf)
1999,Virginia,,State or federal offshore area,True,2.044161475,N9050VA2,Virginia Natural Gas Marketed Production (MMcf)
2000,Virginia,,State or federal offshore area,True,2.025925456,N9050VA2,Virginia Natural Gas Marketed Production (MMcf)
2001,Virginia,,State or federal offshore area,True,2.025868822,N9050VA2,Virginia Natural Gas Marketed Production (MMcf)
2002,Virginia,,State or federal offshore area,True,2.177986672,N9050VA2,Virginia Natural Gas Marketed Production (MMcf)
2003,Virginia,,State or federal offshore area,True,4.067538419,N9050VA2,Virginia Natural Gas Marketed Production (MMcf)
2004,Virginia,,State or federal offshore area,True,2.421312934,N9050VA2,Virginia Natural Gas Marketed Production (MMcf)
2005,Virginia,,State or federal offshore area,True,2.509151648,N9050VA2,Virginia Natural Gas Marketed Production (MMcf)
2006,Virginia,,State or federal offshore area,True,2.917394954,N9050VA2,Virginia Natural Gas Marketed Production (MMcf)
2007,Virginia,,State or federal offshore area,True,3.173095658,N9050VA2,Virginia Natural Gas Marketed Production (MMcf)
2008,Virginia,,State or federal offshore area,True,3.637406227,N9050VA2,Virginia Natural Gas Marketed Production (MMcf)
2009,Virginia,,State or federal offshore area,True,3.985249798,N9050VA2,Virginia Natural Gas Marketed Production (MMcf)
2010,Virginia,,State or federal offshore area,True,4.169790384,N9050VA2,Virginia Natural Gas Marketed Production (MMcf)
2011,Virginia,,State or federal offshore area,True,4.278498579,N9050VA2,Virginia Natural Gas Marketed Production (MMcf)
2012,Virginia,,State or federal offshore area,True,4.145721104,N9050VA2,Virginia Natural Gas Marketed Production (MMcf)
2013,Virginia,,State or federal offshore area,True,3.946852218,N9050VA2,Virginia Natural Gas Marketed Production (MMcf)
2014,Virginia,,State or federal offshore area,True,3.784851805,N9050VA2,Virginia Natural Gas Marketed Production (MMcf)
2015,Virginia,,State or federal offshore area,True,3.612827245,N9050VA2,Virginia Natural Gas Marketed Production (MMcf)
2016,Virginia,,State or federal offshore area,True,3.406171238,N9050VA2,Virginia Natural Gas Marketed Production (MMcf)
2017,Virginia,,State or federal offshore area,True,3.269231194,N9050VA2,Virginia Natural Gas Marketed Production (MMcf)
2018,Virginia,,State or federal offshore area,True,3.156643597,N9050VA2,Virginia Natural Gas Marketed Production (MMcf)
2019,Virginia,,State or federal offshore area,True,3.011944749,N9050VA2,Virginia Natural Gas Marketed Production (MMcf)
2020,Virginia,,State or federal offshore area,True,2.911391792,N9050VA2,Virginia Natural Gas Marketed Production (MMcf)
2021,Virginia,,State or federal offshore area,True,2.719658739,N9050VA2,Virginia Natural Gas Marketed Production (MMcf)
2022,Virginia,,State or federal offshore area,True,2.503516605,N9050VA2,Virginia Natural Gas Marketed Production (MMcf)
2023,Virginia,,State or federal offshore area,True,2.366095174,N9050VA2,Virginia Natural Gas Marketed Production (MMcf)
2024,Virginia,,State or federal offshore area,True,2.290715853,N9050VA2,Virginia Natural Gas Marketed Production (MMcf)
1967,West Virginia,,State or federal offshore area,False,5.987870528,N9050WV2,West Virginia Natural Gas Marketed Production (MMcf)
1968,West Virginia,,State or federal offshore area,False,6.710260413,N9050WV2,West Virginia Natural Gas Marketed Production (MMcf)
1969,West Virginia,,State or federal offshore area,False,6.562673251,N9050WV2,West Virginia Natural Gas Marketed Production (MMcf)
1970,West Virginia,,State or federal offshore area,False,6.865464794,N9050WV2,West Virginia Natural Gas Marketed Production (MMcf)
1971,West Virginia,,State or federal offshore area,False,6.626895754,N9050WV2,West Virginia Natural Gas Marketed Production (MMcf)
1972,West Virginia,,State or federal offshore area,False,6.086724477,N9050WV2,West Virginia Natural Gas Marketed Production (MMcf)
1973,West Virginia,,State or federal offshore area,False,5.909036557,N9050WV2,West Virginia Natural Gas Marketed Production (MMcf)
1974,West Virginia,,State or federal offshore area,False,5.728658541,N9050WV2,West Virginia Natural Gas Marketed Production (MMcf)
1975,West Virginia,,State or federal offshore area,False,4.374492531,N9050WV2,West Virginia Natural Gas Marketed Production (MMcf)
1976,West Virginia,,State or federal offshore area,False,4.34158841,N9050WV2,West Virginia Natural Gas Marketed Production (MMcf)
1977,West Virginia,,State or federal offshore area,False,4.325872586,N9050WV2,West Virginia Natural Gas Marketed Production (MMcf)
1978,West Virginia,,State or federal offshore area,False,4.206857075,N9050WV2,West Virginia Natural Gas Marketed Production (MMcf)
1979,West Virginia,,State or federal offshore area,False,4.261819984,N9050WV2,West Virginia Natural Gas Marketed Production (MMcf)
1980,West Virginia,,State or federal offshore area,False,4.433023357,N9050WV2,West Virginia Natural Gas Marketed Production (MMcf)
1981,West Virginia,,State or federal offshore area,False,4.566112317,N9050WV2,West Virginia Natural Gas Marketed Production (MMcf)
1982,West Virginia,,State or federal offshore area,False,4.27158928,N9050WV2,West Virginia Natural Gas Marketed Production (MMcf)
1983,West Virginia,,State or federal offshore area,False,3.68339271,N9050WV2,West Virginia Natural Gas Marketed Production (MMcf)
1984,West Virginia,,State or federal offshore area,False,4.069973664,N9050WV2,West Virginia Natural Gas Marketed Production (MMcf)
1985,West Virginia,,State or federal offshore area,False,4.102622934,N9050WV2,West Virginia Natural Gas Marketed Production (MMcf)
1986,West Virginia,,State or federal offshore area,False,3.834972541,N9050WV2,West Virginia Natural Gas Marketed Production (MMcf)
1987,West Virginia,,State or federal offshore area,False,4.530688,N9050WV2,West Virginia Natural Gas Marketed Production (MMcf)
1988,West Virginia,,State or federal offshore area,False,4.953797626,N9050WV2,West Virginia Natural Gas Marketed Production (MMcf)
1989,West Virginia,,State or federal offshore area,False,5.017510426,N9050WV2,West Virginia Natural Gas Marketed Production (MMcf)
1990,West Virginia,,State or federal offshore area,False,5.0403904,N9050WV2,West Virginia Natural Gas Marketed Production (MMcf)
1991,West Virginia,,State or federal offshore area,False,5.623858064,N9050WV2,West Virginia Natural Gas Marketed Production (MMcf)
1992,West Virginia,,State or federal offshore area,False,5.1536576,N9050WV2,West Virginia Natural Gas Marketed Production (MMcf)
1993,West Virginia,,State or federal offshore area,False,4.842852403,N9050WV2,West Virginia Natural Gas Marketed Production (MMcf)
1994,West Virginia,,State or federal offshore area,False,5.203863286,N9050WV2,West Virginia Natural Gas Marketed Production (MMcf)
1995,West Virginia,,State or federal offshore area,False,5.273465981,N9050WV2,West Virginia Natural Gas Marketed Production (MMcf)
1996,West Virginia,,State or federal offshore area,False,4.809296995,N9050WV2,West Virginia Natural Gas Marketed Production (MMcf)
1997,West Virginia,,State or federal offshore area,False,4.878078502,N9050WV2,West Virginia Natural Gas Marketed Production (MMcf)
1998,West Virginia,,State or federal offshore area,False,5.097024,N9050WV2,West Virginia Natural Gas Marketed Production (MMcf)
1999,West Virginia,,State or federal offshore area,False,4.984181552,N9050WV2,West Virginia Natural Gas Marketed Production (MMcf)
2000,West Virginia,,State or federal offshore area,False,7.479571235,N9050WV2,West Virginia Natural Gas Marketed Production (MMcf)
2001,West Virginia,,State or federal offshore area,False,5.433682435,N9050WV2,West Virginia Natural Gas Marketed Production (MMcf)
2002,West Virginia,,State or federal offshore area,False,5.387242883,N9050WV2,West Virginia Natural Gas Marketed Production (MMcf)
2003,West Virginia,,State or federal offshore area,False,5.315714646,N9050WV2,West Virginia Natural Gas Marketed Production (MMcf)
2004,West Virginia,,State or federal offshore area,False,5.584554346,N9050WV2,West Virginia Natural Gas Marketed Production (MMcf)
2005,West Virginia,,State or federal offshore area,False,6.261071014,N9050WV2,West Virginia Natural Gas Marketed Production (MMcf)
2006,West Virginia,,State or federal offshore area,False,6.386287904,N9050WV2,West Virginia Natural Gas Marketed Production (MMcf)
2007,West Virginia,,State or federal offshore area,False,6.546391091,N9050WV2,West Virginia Natural Gas Marketed Production (MMcf)
2008,West Virginia,,State or federal offshore area,False,6.934217984,N9050WV2,West Virginia Natural Gas Marketed Production (MMcf)
2009,West Virginia,,State or federal offshore area,False,7.487981325,N9050WV2,West Virginia Natural Gas Marketed Production (MMcf)
2010,West Virginia,,State or federal offshore area,False,7.508879123,N9050WV2,West Virginia Natural Gas Marketed Production (MMcf)
2011,West Virginia,,State or federal offshore area,False,11.1603588,N9050WV2,West Virginia Natural Gas Marketed Production (MMcf)
2012,West Virginia,,State or federal offshore area,False,15.287107648,N9050WV2,West Virginia Natural Gas Marketed Production (MMcf)
2013,West Virginia,,State or federal offshore area,False,21.00690303,N9050WV2,West Virginia Natural Gas Marketed Production (MMcf)
2014,West Virginia,,State or federal offshore area,False,30.217253715,N9050WV2,West Virginia Natural Gas Marketed Production (MMcf)
2015,West Virginia,,State or federal offshore area,False,37.243614566,N9050WV2,West Virginia Natural Gas Marketed Production (MMcf)
2016,West Virginia,,State or federal offshore area,False,39.203420294,N9050WV2,West Virginia Natural Gas Marketed Production (MMcf)
2017,West Virginia,,State or federal offshore area,False,42.87950727,N9050WV2,West Virginia Natural Gas Marketed Production (MMcf)
2018,West Virginia,,State or federal offshore area,False,50.168817926,N9050WV2,West Virginia Natural Gas Marketed Production (MMcf)
2019,West Virginia,,State or federal offshore area,False,61.028763795,N9050WV2,West Virginia Natural Gas Marketed Production (MMcf)
2020,West Virginia,,State or federal offshore area,False,72.717259232,N9050WV2,West Virginia Natural Gas Marketed Production (MMcf)
2021,West Virginia,,State or federal offshore area,False,75.751545936,N9050WV2,West Virginia Natural Gas Marketed Production (MMcf)
2022,West Virginia,,State or federal offshore area,False,80.563617978,N9050WV2,West Virginia Natural Gas Marketed Production (MMcf)
2023,West Virginia,,State or federal offshore area,False,88.914865267,N9050WV2,West Virginia Natural Gas Marketed Production (MMcf)
2024,West Virginia,,State or federal offshore area,False,96.786680816,N9050WV2,West Virginia Natural Gas Marketed Production (MMcf)
2025,West Virginia,,State or federal offshore area,False,101.940168515,N9050WV2,West Virginia Natural Gas Marketed Production (MMcf)
1967,Wyoming,,State or federal offshore area,False,6.798127443,N9050WY2,Wyoming Natural Gas Marketed Production (MMcf)
1968,Wyoming,,State or federal offshore area,False,7.036186781,N9050WY2,Wyoming Natural Gas Marketed Production (MMcf)
1969,Wyoming,,State or federal offshore area,False,8.594630186,N9050WY2,Wyoming Natural Gas Marketed Production (MMcf)
1970,Wyoming,,State or federal offshore area,False,9.585803136,N9050WY2,Wyoming Natural Gas Marketed Production (MMcf)
1971,Wyoming,,State or federal offshore area,False,10.763357264,N9050WY2,Wyoming Natural Gas Marketed Production (MMcf)
1972,Wyoming,,State or federal offshore area,False,10.620470691,N9050WY2,Wyoming Natural Gas Marketed Production (MMcf)
1973,Wyoming,,State or federal offshore area,False,10.129797181,N9050WY2,Wyoming Natural Gas Marketed Production (MMcf)
1974,Wyoming,,State or federal offshore area,False,9.249880938,N9050WY2,Wyoming Natural Gas Marketed Production (MMcf)
1975,Wyoming,,State or federal offshore area,False,8.951591766,N9050WY2,Wyoming Natural Gas Marketed Production (MMcf)
1976,Wyoming,,State or federal offshore area,False,9.309657702,N9050WY2,Wyoming Natural Gas Marketed Production (MMcf)
1977,Wyoming,,State or federal offshore area,False,9.349641024,N9050WY2,Wyoming Natural Gas Marketed Production (MMcf)
1978,Wyoming,,State or federal offshore area,False,10.116658186,N9050WY2,Wyoming Natural Gas Marketed Production (MMcf)
1979,Wyoming,,State or federal offshore area,False,11.734934989,N9050WY2,Wyoming Natural Gas Marketed Production (MMcf)
1980,Wyoming,,State or federal offshore area,False,11.52697641,N9050WY2,Wyoming Natural Gas Marketed Production (MMcf)
1981,Wyoming,,State or federal offshore area,False,11.563335181,N9050WY2,Wyoming Natural Gas Marketed Production (MMcf)
1982,Wyoming,,State or federal offshore area,False,12.024927338,N9050WY2,Wyoming Natural Gas Marketed Production (MMcf)
1983,Wyoming,,State or federal offshore area,False,12.572319398,N9050WY2,Wyoming Natural Gas Marketed Production (MMcf)
1984,Wyoming,,State or federal offshore area,False,14.630809174,N9050WY2,Wyoming Natural Gas Marketed Production (MMcf)
1985,Wyoming,,State or federal offshore area,False,11.795787792,N9050WY2,Wyoming Natural Gas Marketed Production (MMcf)
1986,Wyoming,,State or federal offshore area,False,11.419202669,N9050WY2,Wyoming Natural Gas Marketed Production (MMcf)
1987,Wyoming,,State or federal offshore area,False,14.101200064,N9050WY2,Wyoming Natural Gas Marketed Production (MMcf)
1988,Wyoming,,State or federal offshore area,False,14.414893574,N9050WY2,Wyoming Natural Gas Marketed Production (MMcf)
1989,Wyoming,,State or federal offshore area,False,18.850465443,N9050WY2,Wyoming Natural Gas Marketed Production (MMcf)
1990,Wyoming,,State or federal offshore area,False,20.83346263,N9050WY2,Wyoming Natural Gas Marketed Production (MMcf)
1991,Wyoming,,State or federal offshore area,False,21.98878807,N9050WY2,Wyoming Natural Gas Marketed Production (MMcf)
1992,Wyoming,,State or federal offshore area,False,23.859056077,N9050WY2,Wyoming Natural Gas Marketed Production (MMcf)
1993,Wyoming,,State or federal offshore area,False,17.979950378,N9050WY2,Wyoming Natural Gas Marketed Production (MMcf)
1994,Wyoming,,State or federal offshore area,False,19.709002502,N9050WY2,Wyoming Natural Gas Marketed Production (MMcf)
1995,Wyoming,,State or federal offshore area,False,19.07915192,N9050WY2,Wyoming Natural Gas Marketed Production (MMcf)
1996,Wyoming,,State or federal offshore area,False,18.860008205,N9050WY2,Wyoming Natural Gas Marketed Production (MMcf)
1997,Wyoming,,State or federal offshore area,False,20.908218982,N9050WY2,Wyoming Natural Gas Marketed Production (MMcf)
1998,Wyoming,,State or federal offshore area,False,25.593743245,N9050WY2,Wyoming Natural Gas Marketed Production (MMcf)
1999,Wyoming,,State or federal offshore area,False,27.502125664,N9050WY2,Wyoming Natural Gas Marketed Production (MMcf)
2000,Wyoming,,State or federal offshore area,False,30.81796631,N9050WY2,Wyoming Natural Gas Marketed Production (MMcf)
2001,Wyoming,,State or federal offshore area,False,38.620688867,N9050WY2,Wyoming Natural Gas Marketed Production (MMcf)
2002,Wyoming,,State or federal offshore area,False,41.171409578,N9050WY2,Wyoming Natural Gas Marketed Production (MMcf)
2003,Wyoming,,State or federal offshore area,False,43.588559942,N9050WY2,Wyoming Natural Gas Marketed Production (MMcf)
2004,Wyoming,,State or federal offshore area,False,45.08609391,N9050WY2,Wyoming Natural Gas Marketed Production (MMcf)
2005,Wyoming,,State or federal offshore area,False,46.420211626,N9050WY2,Wyoming Natural Gas Marketed Production (MMcf)
2006,Wyoming,,State or federal offshore area,False,51.429000477,N9050WY2,Wyoming Natural Gas Marketed Production (MMcf)
2007,Wyoming,,State or federal offshore area,False,57.989465018,N9050WY2,Wyoming Natural Gas Marketed Production (MMcf)
2008,Wyoming,,State or federal offshore area,False,64.41647248,N9050WY2,Wyoming Natural Gas Marketed Production (MMcf)
2009,Wyoming,,State or federal offshore area,False,66.12901591,N9050WY2,Wyoming Natural Gas Marketed Production (MMcf)
2010,Wyoming,,State or federal offshore area,False,65.28509032,N9050WY2,Wyoming Natural Gas Marketed Production (MMcf)
2011,Wyoming,,State or federal offshore area,False,61.14792089,N9050WY2,Wyoming Natural Gas Marketed Production (MMcf)
2012,Wyoming,,State or federal offshore area,False,57.26435672,N9050WY2,Wyoming Natural Gas Marketed Production (MMcf)
2013,Wyoming,,State or federal offshore area,False,52.618475978,N9050WY2,Wyoming Natural Gas Marketed Production (MMcf)
2014,Wyoming,,State or federal offshore area,False,50.812034038,N9050WY2,Wyoming Natural Gas Marketed Production (MMcf)
2015,Wyoming,,State or federal offshore area,False,51.211470819,N9050WY2,Wyoming Natural Gas Marketed Production (MMcf)
2016,Wyoming,,State or federal offshore area,False,47.088261571,N9050WY2,Wyoming Natural Gas Marketed Production (MMcf)
2017,Wyoming,,State or federal offshore area,False,45.025382691,N9050WY2,Wyoming Natural Gas Marketed Production (MMcf)
2018,Wyoming,,State or federal offshore area,False,46.369241386,N9050WY2,Wyoming Natural Gas Marketed Production (MMcf)
2019,Wyoming,,State or federal offshore area,False,42.159580947,N9050WY2,Wyoming Natural Gas Marketed Production (MMcf)
2020,Wyoming,,State or federal offshore area,False,34.15351545,N9050WY2,Wyoming Natural Gas Marketed Production (MMcf)
2021,Wyoming,,State or federal offshore area,False,31.415110989,N9050WY2,Wyoming Natural Gas Marketed Production (MMcf)
2022,Wyoming,,State or federal offshore area,False,29.262326269,N9050WY2,Wyoming Natural Gas Marketed Production (MMcf)
2023,Wyoming,,State or federal offshore area,False,29.100892192,N9050WY2,Wyoming Natural Gas Marketed Production (MMcf)
2024,Wyoming,,State or federal offshore area,False,29.798334976,N9050WY2,Wyoming Natural Gas Marketed Production (MMcf)
2025,Wyoming,,State or federal offshore area,False,26.564867901,N9050WY2,Wyoming Natural Gas Marketed Production (MMcf)
