Country,Region_Type,Is_EU27,Year,Hydrocarbon,Sector,Production_Source,Reason,Is_Satellite,CH4_t,CO2e_AR5_tCO2e,CO2e_AR6_100_tCO2e,CO2e_AR6_20_tCO2e
Algeria,Country,False,2025,Gas,Conventional,Onshore conventional gas,Abandoned facilities,False,17632.1,493699.0,525437.0,1454649.0
Algeria,Country,False,2025,Gas,Conventional,Onshore conventional gas,Fugitive,False,97818.7,2738923.0,2914996.0,8070040.0
Algeria,Country,False,2025,Gas,Conventional,Onshore conventional gas,Vented,False,244180.0,6837040.0,7276564.0,20144850.0
Algeria,Country,False,2025,Gas,Downstream,Downstream gas,Fugitive,False,46642.7,1305995.0,1389951.0,3848020.0
Algeria,Country,False,2025,Gas,Downstream,Downstream gas,Vented,False,62673.3,1754853.0,1867665.0,5170550.0
Algeria,Country,False,2025,Gas,Unconventional,Unconventional gas,Fugitive,False,1915.6,53636.0,57084.0,158036.0
Algeria,Country,False,2025,Gas,Unconventional,Unconventional gas,Vented,False,4781.9,133892.0,142500.0,394504.0
Algeria,Country,False,2025,Oil,Conventional,Onshore conventional oil,Abandoned facilities,False,16418.0,459705.0,489258.0,1354488.0
Algeria,Country,False,2025,Oil,Conventional,Onshore conventional oil,Fugitive,False,170416.7,4771667.0,5078417.0,14059375.0
Algeria,Country,False,2025,Oil,Conventional,Onshore conventional oil,Incomplete-flare,False,508306.7,14232587.0,15147539.0,41935300.0
Algeria,Country,False,2025,Oil,Conventional,Onshore conventional oil,Vented,False,681660.0,19086480.0,20313468.0,56236950.0
Algeria,Country,False,2025,Oil,Downstream,Downstream oil,Fugitive,False,1333.8,37347.0,39748.0,110039.0
Algeria,Country,False,2025,Oil,Downstream,Downstream oil,Vented,False,5754.7,161132.0,171490.0,474763.0
Algeria,Country,False,2025,Satellite-detected large emitters,Satellite - downstream,Satellite - downstream,Fugitive,True,19000.0,532000.0,566200.0,1567500.0
Algeria,Country,False,2025,Satellite-detected large emitters,Satellite - upstream,Satellite - upstream,Fugitive,True,55300.0,1548400.0,1647940.0,4562250.0
Angola,Country,False,2025,Gas,Conventional,Onshore conventional gas,Abandoned facilities,False,49.1,1374.0,1463.0,4049.0
Angola,Country,False,2025,Gas,Conventional,Onshore conventional gas,Fugitive,False,1402.3,39265.0,41789.0,115691.0
Angola,Country,False,2025,Gas,Conventional,Onshore conventional gas,Vented,False,3501.1,98030.0,104332.0,288838.0
Angola,Country,False,2025,Gas,Downstream,Downstream gas,Fugitive,False,544.9,15258.0,16238.0,44955.0
Angola,Country,False,2025,Gas,Downstream,Downstream gas,Vented,False,732.2,20500.0,21818.0,60403.0
Angola,Country,False,2025,Gas,Offshore,Offshore gas,Fugitive,False,111.9,3133.0,3334.0,9230.0
Angola,Country,False,2025,Gas,Offshore,Offshore gas,Vented,False,279.3,7821.0,8324.0,23045.0
Angola,Country,False,2025,Oil,Conventional,Onshore conventional oil,Abandoned facilities,False,283.2,7930.0,8439.0,23364.0
Angola,Country,False,2025,Oil,Conventional,Onshore conventional oil,Fugitive,False,759.9,21278.0,22646.0,62693.0
Angola,Country,False,2025,Oil,Conventional,Onshore conventional oil,Incomplete-flare,False,167.2,4681.0,4981.0,13791.0
Angola,Country,False,2025,Oil,Conventional,Onshore conventional oil,Vented,False,3039.9,85117.0,90589.0,250792.0
Angola,Country,False,2025,Oil,Downstream,Downstream oil,Fugitive,False,177.9,4981.0,5302.0,14677.0
Angola,Country,False,2025,Oil,Downstream,Downstream oil,Vented,False,767.5,21491.0,22872.0,63321.0
Angola,Country,False,2025,Oil,Offshore,Offshore oil,Fugitive,False,35141.7,983967.0,1047222.0,2899188.0
Angola,Country,False,2025,Oil,Offshore,Offshore oil,Incomplete-flare,False,10589.3,296500.0,315561.0,873617.0
Angola,Country,False,2025,Oil,Offshore,Offshore oil,Vented,False,140576.7,3936147.0,4189185.0,11597575.0
Angola,Country,False,2025,Satellite-detected large emitters,Satellite - upstream,Satellite - upstream,Fugitive,True,12500.0,350000.0,372500.0,1031250.0
Argentina,Country,False,2025,Gas,Conventional,Onshore conventional gas,Abandoned facilities,False,8461.1,236911.0,252141.0,698042.0
Argentina,Country,False,2025,Gas,Conventional,Onshore conventional gas,Fugitive,False,11927.7,333975.0,355444.0,984032.0
Argentina,Country,False,2025,Gas,Conventional,Onshore conventional gas,Vented,False,29774.1,833676.0,887269.0,2456366.0
Argentina,Country,False,2025,Gas,Downstream,Downstream gas,Fugitive,False,48848.7,1367763.0,1455690.0,4030015.0
Argentina,Country,False,2025,Gas,Downstream,Downstream gas,Vented,False,65636.3,1837817.0,1955963.0,5414997.0
Argentina,Country,False,2025,Gas,Offshore,Offshore gas,Fugitive,False,10636.5,297823.0,316969.0,877514.0
Argentina,Country,False,2025,Gas,Offshore,Offshore gas,Vented,False,26551.2,743435.0,791227.0,2190477.0
Argentina,Country,False,2025,Gas,Unconventional,Unconventional gas,Abandoned facilities,False,2640.9,73945.0,78699.0,217874.0
Argentina,Country,False,2025,Gas,Unconventional,Unconventional gas,Fugitive,False,79710.7,2231899.0,2375378.0,6576130.0
Argentina,Country,False,2025,Gas,Unconventional,Unconventional gas,Vented,False,198980.7,5571459.0,5929624.0,16415905.0
Argentina,Country,False,2025,Oil,Conventional,Onshore conventional oil,Abandoned facilities,False,8966.3,251055.0,267194.0,739716.0
Argentina,Country,False,2025,Oil,Conventional,Onshore conventional oil,Fugitive,False,29133.8,815745.0,868186.0,2403536.0
Argentina,Country,False,2025,Oil,Conventional,Onshore conventional oil,Incomplete-flare,False,11775.5,329715.0,350911.0,971482.0
Argentina,Country,False,2025,Oil,Conventional,Onshore conventional oil,Vented,False,116533.3,3262933.0,3472693.0,9614000.0
Argentina,Country,False,2025,Oil,Downstream,Downstream oil,Fugitive,False,1742.4,48786.0,51923.0,143746.0
Argentina,Country,False,2025,Oil,Downstream,Downstream oil,Vented,False,7529.2,210818.0,224370.0,621159.0
Argentina,Country,False,2025,Oil,Offshore,Offshore oil,Fugitive,False,2613.6,73180.0,77885.0,215620.0
Argentina,Country,False,2025,Oil,Offshore,Offshore oil,Incomplete-flare,False,100.0,2800.0,2980.0,8251.0
Argentina,Country,False,2025,Oil,Offshore,Offshore oil,Vented,False,10454.2,292717.0,311534.0,862469.0
Argentina,Country,False,2025,Oil,Unconventional,Unconventional oil,Abandoned facilities,False,1963.1,54966.0,58500.0,161955.0
Argentina,Country,False,2025,Oil,Unconventional,Unconventional oil,Fugitive,False,91337.7,2557455.0,2721862.0,7535358.0
Argentina,Country,False,2025,Oil,Unconventional,Unconventional oil,Incomplete-flare,False,50525.7,1414719.0,1505665.0,4168368.0
Argentina,Country,False,2025,Oil,Unconventional,Unconventional oil,Vented,False,365356.7,10229987.0,10887629.0,30141925.0
Argentina,Country,False,2025,Satellite-detected large emitters,Satellite - downstream,Satellite - downstream,Fugitive,True,9600.0,268800.0,286080.0,792000.0
Argentina,Country,False,2025,Satellite-detected large emitters,Satellite - upstream,Satellite - upstream,Fugitive,True,3600.0,100800.0,107280.0,297000.0
Australia,Country,False,2025,Gas,Conventional,Onshore conventional gas,Abandoned facilities,False,3169.8,88756.0,94461.0,261512.0
Australia,Country,False,2025,Gas,Conventional,Onshore conventional gas,Fugitive,False,1582.6,44313.0,47162.0,130566.0
Australia,Country,False,2025,Gas,Conventional,Onshore conventional gas,Vented,False,3950.3,110609.0,117720.0,325903.0
Australia,Country,False,2025,Gas,Downstream,Downstream gas,Fugitive,False,18853.1,527887.0,561822.0,1555381.0
Australia,Country,False,2025,Gas,Downstream,Downstream gas,Vented,False,25335.2,709385.0,754988.0,2090151.0
Australia,Country,False,2025,Gas,Offshore,Offshore gas,Fugitive,False,36959.3,1034861.0,1101388.0,3049145.0
Australia,Country,False,2025,Gas,Offshore,Offshore gas,Vented,False,92253.3,2583093.0,2749149.0,7610900.0
Australia,Country,False,2025,Gas,Unconventional,Unconventional gas,Abandoned facilities,False,11.5,323.0,343.0,951.0
Australia,Country,False,2025,Gas,Unconventional,Unconventional gas,Fugitive,False,31207.8,873818.0,929992.0,2574644.0
Australia,Country,False,2025,Gas,Unconventional,Unconventional gas,Vented,False,77906.0,2181368.0,2321599.0,6427245.0
Australia,Country,False,2025,Oil,Conventional,Onshore conventional oil,Abandoned facilities,False,1210.1,33884.0,36062.0,99837.0
Australia,Country,False,2025,Oil,Conventional,Onshore conventional oil,Fugitive,False,1135.7,31800.0,33844.0,93696.0
Australia,Country,False,2025,Oil,Conventional,Onshore conventional oil,Incomplete-flare,False,3956.9,110792.0,117915.0,326442.0
Australia,Country,False,2025,Oil,Conventional,Onshore conventional oil,Vented,False,4542.6,127194.0,135370.0,374767.0
Australia,Country,False,2025,Oil,Downstream,Downstream oil,Fugitive,False,690.1,19323.0,20565.0,56933.0
Australia,Country,False,2025,Oil,Downstream,Downstream oil,Vented,False,2980.0,83440.0,88804.0,245849.0
Australia,Country,False,2025,Oil,Offshore,Offshore oil,Fugitive,False,4507.9,126222.0,134336.0,371904.0
Australia,Country,False,2025,Oil,Offshore,Offshore oil,Incomplete-flare,False,1879.0,52613.0,55995.0,155021.0
Australia,Country,False,2025,Oil,Offshore,Offshore oil,Vented,False,18030.8,504862.0,537318.0,1487541.0
Australia,Country,False,2025,Satellite-detected large emitters,Satellite - downstream,Satellite - downstream,Fugitive,True,200.0,5600.0,5960.0,16500.0
Australia,Country,False,2025,Satellite-detected large emitters,Satellite - upstream,Satellite - upstream,Fugitive,True,1400.0,39200.0,41720.0,115500.0
Azerbaijan,Country,False,2025,Gas,Conventional,Onshore conventional gas,Abandoned facilities,False,1801.6,50444.0,53687.0,148631.0
Azerbaijan,Country,False,2025,Gas,Conventional,Onshore conventional gas,Fugitive,False,2.4,67.0,71.0,197.0
Azerbaijan,Country,False,2025,Gas,Conventional,Onshore conventional gas,Vented,False,5.9,167.0,177.0,491.0
Azerbaijan,Country,False,2025,Gas,Downstream,Downstream gas,Fugitive,False,11037.7,309057.0,328924.0,910613.0
Azerbaijan,Country,False,2025,Gas,Downstream,Downstream gas,Vented,False,14830.1,415244.0,441938.0,1223486.0
Azerbaijan,Country,False,2025,Gas,Offshore,Offshore gas,Fugitive,False,26391.1,738952.0,786456.0,2177268.0
Azerbaijan,Country,False,2025,Gas,Offshore,Offshore gas,Vented,False,65879.0,1844612.0,1963194.0,5435017.0
Azerbaijan,Country,False,2025,Oil,Conventional,Onshore conventional oil,Abandoned facilities,False,12006.9,336192.0,357804.0,990566.0
Azerbaijan,Country,False,2025,Oil,Conventional,Onshore conventional oil,Fugitive,False,1722.7,48236.0,51337.0,142124.0
Azerbaijan,Country,False,2025,Oil,Conventional,Onshore conventional oil,Incomplete-flare,False,1169.3,32740.0,34845.0,96467.0
Azerbaijan,Country,False,2025,Oil,Conventional,Onshore conventional oil,Vented,False,6890.7,192940.0,205343.0,568483.0
Azerbaijan,Country,False,2025,Oil,Downstream,Downstream oil,Fugitive,False,344.1,9634.0,10253.0,28386.0
Azerbaijan,Country,False,2025,Oil,Downstream,Downstream oil,Vented,False,1485.4,41591.0,44264.0,122544.0
Azerbaijan,Country,False,2025,Oil,Offshore,Offshore oil,Fugitive,False,27589.3,772501.0,822162.0,2276120.0
Azerbaijan,Country,False,2025,Oil,Offshore,Offshore oil,Incomplete-flare,False,6200.7,173621.0,184782.0,511560.0
Azerbaijan,Country,False,2025,Oil,Offshore,Offshore oil,Vented,False,110354.7,3089931.0,3288569.0,9104260.0
Azerbaijan,Country,False,2025,Satellite-detected large emitters,Satellite - downstream,Satellite - downstream,Fugitive,True,8300.0,232400.0,247340.0,684750.0
Azerbaijan,Country,False,2025,Satellite-detected large emitters,Satellite - upstream,Satellite - upstream,Fugitive,True,8300.0,232400.0,247340.0,684750.0
Bahrain,Country,False,2025,Gas,Conventional,Onshore conventional gas,Abandoned facilities,False,1598.5,44758.0,47636.0,131877.0
Bahrain,Country,False,2025,Gas,Conventional,Onshore conventional gas,Fugitive,False,24956.2,698775.0,743696.0,2058889.0
Bahrain,Country,False,2025,Gas,Conventional,Onshore conventional gas,Vented,False,62300.0,1744400.0,1856540.0,5139750.0
Bahrain,Country,False,2025,Gas,Downstream,Downstream gas,Fugitive,False,13390.0,374920.0,399022.0,1104675.0
Bahrain,Country,False,2025,Gas,Downstream,Downstream gas,Vented,False,17992.0,503777.0,536163.0,1484343.0
Bahrain,Country,False,2025,Oil,Conventional,Onshore conventional oil,Abandoned facilities,False,2383.9,66750.0,71041.0,196673.0
Bahrain,Country,False,2025,Oil,Conventional,Onshore conventional oil,Fugitive,False,15531.0,434868.0,462824.0,1281308.0
Bahrain,Country,False,2025,Oil,Conventional,Onshore conventional oil,Incomplete-flare,False,2492.3,69784.0,74270.0,205614.0
Bahrain,Country,False,2025,Oil,Conventional,Onshore conventional oil,Vented,False,62123.0,1739444.0,1851265.0,5125148.0
Bahrain,Country,False,2025,Oil,Downstream,Downstream oil,Fugitive,False,73.5,2058.0,2190.0,6063.0
Bahrain,Country,False,2025,Oil,Downstream,Downstream oil,Vented,False,317.7,8896.0,9468.0,26212.0
Bahrain,Country,False,2025,Satellite-detected large emitters,Satellite - downstream,Satellite - downstream,Fugitive,True,8800.0,246400.0,262240.0,726000.0
Bahrain,Country,False,2025,Satellite-detected large emitters,Satellite - upstream,Satellite - upstream,Fugitive,True,2200.0,61600.0,65560.0,181500.0
Bangladesh,Country,False,2025,Gas,Conventional,Onshore conventional gas,Abandoned facilities,False,6473.2,181248.0,192900.0,534035.0
Bangladesh,Country,False,2025,Gas,Conventional,Onshore conventional gas,Fugitive,False,21912.4,613548.0,652991.0,1807776.0
Bangladesh,Country,False,2025,Gas,Conventional,Onshore conventional gas,Vented,False,54699.7,1531591.0,1630050.0,4512722.0
Bangladesh,Country,False,2025,Gas,Downstream,Downstream gas,Fugitive,False,28627.2,801562.0,853091.0,2361744.0
Bangladesh,Country,False,2025,Gas,Downstream,Downstream gas,Vented,False,38468.7,1077123.0,1146366.0,3173665.0
Bangladesh,Country,False,2025,Oil,Conventional,Onshore conventional oil,Abandoned facilities,False,109.8,3075.0,3272.0,9060.0
Bangladesh,Country,False,2025,Oil,Conventional,Onshore conventional oil,Fugitive,False,259.0,7251.0,7717.0,21365.0
Bangladesh,Country,False,2025,Oil,Conventional,Onshore conventional oil,Vented,False,1036.0,29007.0,30871.0,85466.0
Bangladesh,Country,False,2025,Oil,Downstream,Downstream oil,Fugitive,False,452.8,12679.0,13494.0,37359.0
Bangladesh,Country,False,2025,Oil,Downstream,Downstream oil,Vented,False,1954.0,54713.0,58231.0,161209.0
Bangladesh,Country,False,2025,Satellite-detected large emitters,Satellite - downstream,Satellite - downstream,Fugitive,True,32200.0,901600.0,959560.0,2656500.0
Bangladesh,Country,False,2025,Satellite-detected large emitters,Satellite - upstream,Satellite - upstream,Fugitive,True,36100.0,1010800.0,1075780.0,2978250.0
Benin,Country,False,2025,Gas,Downstream,Downstream gas,Fugitive,False,157.9,4422.0,4706.0,13029.0
Benin,Country,False,2025,Gas,Downstream,Downstream gas,Vented,False,212.2,5941.0,6323.0,17506.0
Benin,Country,False,2025,Oil,Conventional,Onshore conventional oil,Abandoned facilities,False,4.5,125.0,134.0,370.0
Benin,Country,False,2025,Oil,Downstream,Downstream oil,Fugitive,False,144.9,4059.0,4319.0,11958.0
Benin,Country,False,2025,Oil,Downstream,Downstream oil,Vented,False,625.9,17525.0,18652.0,51636.0
Bolivia,Country,False,2025,Gas,Conventional,Onshore conventional gas,Abandoned facilities,False,1347.8,37739.0,40165.0,111196.0
Bolivia,Country,False,2025,Gas,Conventional,Onshore conventional gas,Fugitive,False,9165.6,256636.0,273134.0,756159.0
Bolivia,Country,False,2025,Gas,Conventional,Onshore conventional gas,Vented,False,22879.8,640634.0,681818.0,1887584.0
Bolivia,Country,False,2025,Gas,Downstream,Downstream gas,Fugitive,False,9170.9,256784.0,273292.0,756596.0
Bolivia,Country,False,2025,Gas,Downstream,Downstream gas,Vented,False,12322.7,345037.0,367217.0,1016626.0
Bolivia,Country,False,2025,Oil,Conventional,Onshore conventional oil,Abandoned facilities,False,711.6,19924.0,21205.0,58706.0
Bolivia,Country,False,2025,Oil,Conventional,Onshore conventional oil,Fugitive,False,4142.4,115988.0,123445.0,341751.0
Bolivia,Country,False,2025,Oil,Conventional,Onshore conventional oil,Incomplete-flare,False,1146.0,32088.0,34151.0,94544.0
Bolivia,Country,False,2025,Oil,Conventional,Onshore conventional oil,Vented,False,16569.7,463953.0,493778.0,1367003.0
Bolivia,Country,False,2025,Oil,Downstream,Downstream oil,Fugitive,False,751.5,21041.0,22394.0,61997.0
Bolivia,Country,False,2025,Oil,Downstream,Downstream oil,Vented,False,3243.4,90816.0,96654.0,267582.0
Botswana,Country,False,2025,Gas,Unconventional,Unconventional gas,Fugitive,False,504.3,14120.0,15028.0,41604.0
Botswana,Country,False,2025,Gas,Unconventional,Unconventional gas,Vented,False,1258.9,35249.0,37515.0,103858.0
Botswana,Country,False,2025,Oil,Downstream,Downstream oil,Fugitive,False,23.9,668.0,711.0,1969.0
Botswana,Country,False,2025,Oil,Downstream,Downstream oil,Vented,False,102.8,2880.0,3065.0,8485.0
Brazil,Country,False,2025,Gas,Conventional,Onshore conventional gas,Abandoned facilities,False,1780.6,49857.0,53062.0,146899.0
Brazil,Country,False,2025,Gas,Conventional,Onshore conventional gas,Fugitive,False,7375.6,206516.0,219792.0,608484.0
Brazil,Country,False,2025,Gas,Conventional,Onshore conventional gas,Vented,False,18411.0,515508.0,548648.0,1518908.0
Brazil,Country,False,2025,Gas,Downstream,Downstream gas,Fugitive,False,37001.7,1036047.0,1102650.0,3052638.0
Brazil,Country,False,2025,Gas,Downstream,Downstream gas,Vented,False,49717.3,1392085.0,1481577.0,4101680.0
Brazil,Country,False,2025,Gas,Offshore,Offshore gas,Fugitive,False,18190.0,509320.0,542062.0,1500675.0
Brazil,Country,False,2025,Gas,Offshore,Offshore gas,Vented,False,45406.0,1271368.0,1353099.0,3745995.0
Brazil,Country,False,2025,Oil,Conventional,Onshore conventional oil,Abandoned facilities,False,5406.1,151372.0,161103.0,446006.0
Brazil,Country,False,2025,Oil,Conventional,Onshore conventional oil,Fugitive,False,14183.4,397134.0,422664.0,1170128.0
Brazil,Country,False,2025,Oil,Conventional,Onshore conventional oil,Incomplete-flare,False,2247.9,62941.0,66987.0,185450.0
Brazil,Country,False,2025,Oil,Conventional,Onshore conventional oil,Vented,False,56730.7,1588459.0,1690574.0,4680280.0
Brazil,Country,False,2025,Oil,Downstream,Downstream oil,Fugitive,False,4514.7,126413.0,134539.0,372466.0
Brazil,Country,False,2025,Oil,Downstream,Downstream oil,Vented,False,19491.6,545766.0,580851.0,1608060.0
Brazil,Country,False,2025,Oil,Offshore,Offshore oil,Fugitive,False,186298.7,5216363.0,5551700.0,15369640.0
Brazil,Country,False,2025,Oil,Offshore,Offshore oil,Incomplete-flare,False,27944.7,782453.0,832753.0,2305440.0
Brazil,Country,False,2025,Oil,Offshore,Offshore oil,Vented,False,745160.0,20864480.0,22205768.0,61475700.0
Brazil,Country,False,2025,Oil,Unconventional,Unconventional oil,Incomplete-flare,False,9.7,273.0,290.0,803.0
Brunei,Country,False,2025,Gas,Conventional,Onshore conventional gas,Abandoned facilities,False,714.4,20002.0,21288.0,58935.0
Brunei,Country,False,2025,Gas,Conventional,Onshore conventional gas,Fugitive,False,758.6,21241.0,22607.0,62585.0
Brunei,Country,False,2025,Gas,Conventional,Onshore conventional gas,Vented,False,1893.8,53026.0,56435.0,156237.0
Brunei,Country,False,2025,Gas,Downstream,Downstream gas,Fugitive,False,1933.6,54140.0,57621.0,159520.0
Brunei,Country,False,2025,Gas,Downstream,Downstream gas,Vented,False,2598.4,72755.0,77432.0,214366.0
Brunei,Country,False,2025,Gas,Offshore,Offshore gas,Fugitive,False,5914.1,165596.0,176241.0,487916.0
Brunei,Country,False,2025,Gas,Offshore,Offshore gas,Vented,False,14764.0,413391.0,439966.0,1218027.0
Brunei,Country,False,2025,Oil,Conventional,Onshore conventional oil,Abandoned facilities,False,2323.2,65050.0,69232.0,191665.0
Brunei,Country,False,2025,Oil,Conventional,Onshore conventional oil,Fugitive,False,450.7,12619.0,13430.0,37182.0
Brunei,Country,False,2025,Oil,Conventional,Onshore conventional oil,Incomplete-flare,False,417.0,11677.0,12428.0,34407.0
Brunei,Country,False,2025,Oil,Conventional,Onshore conventional oil,Vented,False,1802.8,50478.0,53724.0,148731.0
Brunei,Country,False,2025,Oil,Downstream,Downstream oil,Fugitive,False,35.7,999.0,1064.0,2945.0
Brunei,Country,False,2025,Oil,Downstream,Downstream oil,Vented,False,154.2,4318.0,4596.0,12723.0
Brunei,Country,False,2025,Oil,Offshore,Offshore oil,Fugitive,False,3433.6,96142.0,102322.0,283275.0
Brunei,Country,False,2025,Oil,Offshore,Offshore oil,Incomplete-flare,False,2248.6,62960.0,67007.0,185507.0
Brunei,Country,False,2025,Oil,Offshore,Offshore oil,Vented,False,13735.0,384581.0,409304.0,1133140.0
Cameroon,Country,False,2025,Gas,Conventional,Onshore conventional gas,Fugitive,False,51.7,1448.0,1541.0,4265.0
Cameroon,Country,False,2025,Gas,Conventional,Onshore conventional gas,Vented,False,129.1,3614.0,3846.0,10648.0
Cameroon,Country,False,2025,Gas,Downstream,Downstream gas,Fugitive,False,651.0,18227.0,19399.0,53706.0
Cameroon,Country,False,2025,Gas,Downstream,Downstream gas,Vented,False,874.7,24491.0,26065.0,72160.0
Cameroon,Country,False,2025,Gas,Offshore,Offshore gas,Fugitive,False,3012.5,84349.0,89772.0,248529.0
Cameroon,Country,False,2025,Gas,Offshore,Offshore gas,Vented,False,7520.1,210562.0,224098.0,620406.0
Cameroon,Country,False,2025,Oil,Conventional,Onshore conventional oil,Fugitive,False,6.7,188.0,200.0,554.0
Cameroon,Country,False,2025,Oil,Conventional,Onshore conventional oil,Incomplete-flare,False,0.6,16.0,17.0,47.0
Cameroon,Country,False,2025,Oil,Conventional,Onshore conventional oil,Vented,False,26.9,752.0,801.0,2216.0
Cameroon,Country,False,2025,Oil,Downstream,Downstream oil,Fugitive,False,222.0,6216.0,6616.0,18316.0
Cameroon,Country,False,2025,Oil,Downstream,Downstream oil,Vented,False,958.9,26849.0,28575.0,79109.0
Cameroon,Country,False,2025,Oil,Offshore,Offshore oil,Fugitive,False,13062.7,365757.0,389269.0,1077676.0
Cameroon,Country,False,2025,Oil,Offshore,Offshore oil,Incomplete-flare,False,1117.7,31295.0,33307.0,92209.0
Cameroon,Country,False,2025,Oil,Offshore,Offshore oil,Vented,False,52251.0,1463028.0,1557080.0,4310707.0
Canada,Country,False,2025,Gas,Conventional,Onshore conventional gas,Abandoned facilities,False,81212.0,2273936.0,2420118.0,6699991.0
Canada,Country,False,2025,Gas,Conventional,Onshore conventional gas,Fugitive,False,60368.0,1690304.0,1798966.0,4980360.0
Canada,Country,False,2025,Gas,Conventional,Onshore conventional gas,Vented,False,150699.3,4219581.0,4490840.0,12432695.0
Canada,Country,False,2025,Gas,Downstream,Downstream gas,Fugitive,False,98090.3,2746529.0,2923092.0,8092452.0
Canada,Country,False,2025,Gas,Downstream,Downstream gas,Vented,False,131813.3,3690773.0,3928037.0,10874600.0
Canada,Country,False,2025,Gas,Unconventional,Unconventional gas,Abandoned facilities,False,6590.2,184526.0,196388.0,543692.0
Canada,Country,False,2025,Gas,Unconventional,Unconventional gas,Fugitive,False,207190.0,5801320.0,6174262.0,17093175.0
Canada,Country,False,2025,Gas,Unconventional,Unconventional gas,Vented,False,517210.0,14481880.0,15412858.0,42669825.0
Canada,Country,False,2025,Oil,Conventional,Onshore conventional oil,Abandoned facilities,False,48779.9,1365837.0,1453640.0,4024340.0
Canada,Country,False,2025,Oil,Conventional,Onshore conventional oil,Fugitive,False,205083.0,5742324.0,6111473.0,16919348.0
Canada,Country,False,2025,Oil,Conventional,Onshore conventional oil,Incomplete-flare,False,7912.0,221536.0,235778.0,652740.0
Canada,Country,False,2025,Oil,Conventional,Onshore conventional oil,Vented,False,820360.0,22970080.0,24446728.0,67679700.0
Canada,Country,False,2025,Oil,Downstream,Downstream oil,Fugitive,False,2590.7,72538.0,77201.0,213729.0
Canada,Country,False,2025,Oil,Downstream,Downstream oil,Vented,False,11186.5,313221.0,333357.0,922883.0
Canada,Country,False,2025,Oil,Unconventional,Unconventional oil,Abandoned facilities,False,14770.9,413585.0,440172.0,1218598.0
Canada,Country,False,2025,Oil,Unconventional,Unconventional oil,Fugitive,False,26735.5,748594.0,796718.0,2205679.0
Canada,Country,False,2025,Oil,Unconventional,Unconventional oil,Incomplete-flare,False,8561.4,239720.0,255131.0,706318.0
Canada,Country,False,2025,Oil,Unconventional,Unconventional oil,Vented,False,106945.7,2994479.0,3186981.0,8823018.0
Chad,Country,False,2025,Oil,Conventional,Onshore conventional oil,Fugitive,False,11132.2,311702.0,331740.0,918406.0
Chad,Country,False,2025,Oil,Conventional,Onshore conventional oil,Incomplete-flare,False,5133.7,143744.0,152984.0,423530.0
Chad,Country,False,2025,Oil,Conventional,Onshore conventional oil,Vented,False,44529.3,1246821.0,1326974.0,3673670.0
China,Country,False,2025,Gas,Conventional,Onshore conventional gas,Abandoned facilities,False,5282.4,147908.0,157416.0,435799.0
China,Country,False,2025,Gas,Conventional,Onshore conventional gas,Fugitive,False,102016.0,2856448.0,3040077.0,8416320.0
China,Country,False,2025,Gas,Conventional,Onshore conventional gas,Vented,False,254652.7,7130275.0,7588649.0,21008845.0
China,Country,False,2025,Gas,Downstream,Downstream gas,Fugitive,False,364703.3,10211693.0,10868159.0,30088025.0
China,Country,False,2025,Gas,Downstream,Downstream gas,Vented,False,490040.0,13721120.0,14603192.0,40428300.0
China,Country,False,2025,Gas,Offshore,Offshore gas,Fugitive,False,25392.9,711002.0,756709.0,2094917.0
China,Country,False,2025,Gas,Offshore,Offshore gas,Vented,False,63386.0,1774808.0,1888903.0,5229345.0
China,Country,False,2025,Gas,Unconventional,Unconventional gas,Abandoned facilities,False,6035.0,168979.0,179842.0,497884.0
China,Country,False,2025,Gas,Unconventional,Unconventional gas,Fugitive,False,251877.3,7052565.0,7505945.0,20779880.0
China,Country,False,2025,Gas,Unconventional,Unconventional gas,Vented,False,628766.7,17605467.0,18737247.0,51873250.0
China,Country,False,2025,Oil,Conventional,Onshore conventional oil,Abandoned facilities,False,26490.1,741722.0,789404.0,2185431.0
China,Country,False,2025,Oil,Conventional,Onshore conventional oil,Fugitive,False,200436.7,5612227.0,5973013.0,16536025.0
China,Country,False,2025,Oil,Conventional,Onshore conventional oil,Incomplete-flare,False,35944.0,1006432.0,1071131.0,2965380.0
China,Country,False,2025,Oil,Conventional,Onshore conventional oil,Vented,False,801746.7,22448907.0,23892051.0,66144100.0
China,Country,False,2025,Oil,Downstream,Downstream oil,Fugitive,False,21865.2,612226.0,651583.0,1803879.0
China,Country,False,2025,Oil,Downstream,Downstream oil,Vented,False,94489.0,2645692.0,2815772.0,7795343.0
China,Country,False,2025,Oil,Offshore,Offshore oil,Fugitive,False,70582.0,1976296.0,2103344.0,5823015.0
China,Country,False,2025,Oil,Offshore,Offshore oil,Incomplete-flare,False,13787.4,386046.0,410864.0,1137458.0
China,Country,False,2025,Oil,Offshore,Offshore oil,Vented,False,282328.3,7905193.0,8413384.0,23292087.0
China,Country,False,2025,Oil,Unconventional,Unconventional oil,Abandoned facilities,False,10.4,291.0,309.0,857.0
China,Country,False,2025,Oil,Unconventional,Unconventional oil,Incomplete-flare,False,55.7,1560.0,1660.0,4595.0
Colombia,Country,False,2025,Gas,Conventional,Onshore conventional gas,Abandoned facilities,False,1569.5,43945.0,46770.0,129481.0
Colombia,Country,False,2025,Gas,Conventional,Onshore conventional gas,Fugitive,False,13287.9,372061.0,395979.0,1096252.0
Colombia,Country,False,2025,Gas,Conventional,Onshore conventional gas,Vented,False,33171.3,928796.0,988505.0,2736632.0
Colombia,Country,False,2025,Gas,Downstream,Downstream gas,Fugitive,False,26470.1,741163.0,788809.0,2183783.0
Colombia,Country,False,2025,Gas,Downstream,Downstream gas,Vented,False,35567.0,995876.0,1059897.0,2934278.0
Colombia,Country,False,2025,Gas,Offshore,Offshore gas,Fugitive,False,766.3,21456.0,22835.0,63217.0
Colombia,Country,False,2025,Gas,Offshore,Offshore gas,Vented,False,1912.9,53561.0,57004.0,157812.0
Colombia,Country,False,2025,Oil,Conventional,Onshore conventional oil,Abandoned facilities,False,8069.0,225933.0,240457.0,665696.0
Colombia,Country,False,2025,Oil,Conventional,Onshore conventional oil,Fugitive,False,67848.0,1899744.0,2021870.0,5597460.0
Colombia,Country,False,2025,Oil,Conventional,Onshore conventional oil,Incomplete-flare,False,8006.9,224193.0,238606.0,660569.0
Colombia,Country,False,2025,Oil,Conventional,Onshore conventional oil,Vented,False,271396.0,7599088.0,8087601.0,22390170.0
Colombia,Country,False,2025,Oil,Downstream,Downstream oil,Fugitive,False,2251.5,63042.0,67095.0,185748.0
Colombia,Country,False,2025,Oil,Downstream,Downstream oil,Vented,False,9717.0,272076.0,289567.0,801652.0
Congo,Country,False,2025,Gas,Conventional,Onshore conventional gas,Abandoned facilities,False,0.8,23.0,25.0,68.0
Congo,Country,False,2025,Gas,Conventional,Onshore conventional gas,Fugitive,False,391.3,10958.0,11662.0,32286.0
Congo,Country,False,2025,Gas,Conventional,Onshore conventional gas,Vented,False,976.9,27353.0,29111.0,80593.0
Congo,Country,False,2025,Gas,Downstream,Downstream gas,Fugitive,False,1522.6,42634.0,45374.0,125617.0
Congo,Country,False,2025,Gas,Downstream,Downstream gas,Vented,False,2045.9,57286.0,60968.0,168788.0
Congo,Country,False,2025,Gas,Offshore,Offshore gas,Fugitive,False,653.2,18289.0,19465.0,53888.0
Congo,Country,False,2025,Gas,Offshore,Offshore gas,Vented,False,1630.5,45653.0,48588.0,134515.0
Congo,Country,False,2025,Oil,Conventional,Onshore conventional oil,Abandoned facilities,False,57.3,1604.0,1707.0,4726.0
Congo,Country,False,2025,Oil,Conventional,Onshore conventional oil,Fugitive,False,12975.5,363315.0,386671.0,1070482.0
Congo,Country,False,2025,Oil,Conventional,Onshore conventional oil,Incomplete-flare,False,17299.4,484382.0,515521.0,1427198.0
Congo,Country,False,2025,Oil,Conventional,Onshore conventional oil,Vented,False,51901.7,1453247.0,1546670.0,4281887.0
Congo,Country,False,2025,Oil,Downstream,Downstream oil,Fugitive,False,323.8,9068.0,9651.0,26717.0
Congo,Country,False,2025,Oil,Downstream,Downstream oil,Vented,False,1398.1,39148.0,41665.0,115347.0
Congo,Country,False,2025,Oil,Offshore,Offshore oil,Fugitive,False,47198.0,1321544.0,1406500.0,3893835.0
Congo,Country,False,2025,Oil,Offshore,Offshore oil,Incomplete-flare,False,59616.3,1669257.0,1776567.0,4918348.0
Congo,Country,False,2025,Oil,Offshore,Offshore oil,Vented,False,188790.3,5286129.0,5625952.0,15575202.0
Cuba,Country,False,2025,Gas,Conventional,Onshore conventional gas,Abandoned facilities,False,80.9,2264.0,2410.0,6671.0
Cuba,Country,False,2025,Gas,Conventional,Onshore conventional gas,Fugitive,False,999.0,27972.0,29770.0,82417.0
Cuba,Country,False,2025,Gas,Conventional,Onshore conventional gas,Vented,False,2493.8,69826.0,74315.0,205738.0
Cuba,Country,False,2025,Gas,Downstream,Downstream gas,Fugitive,False,1078.8,30206.0,32148.0,89000.0
Cuba,Country,False,2025,Gas,Downstream,Downstream gas,Vented,False,1449.6,40588.0,43197.0,119589.0
Cuba,Country,False,2025,Oil,Conventional,Onshore conventional oil,Abandoned facilities,False,361.1,10110.0,10760.0,29788.0
Cuba,Country,False,2025,Oil,Conventional,Onshore conventional oil,Fugitive,False,717.5,20089.0,21380.0,59190.0
Cuba,Country,False,2025,Oil,Conventional,Onshore conventional oil,Incomplete-flare,False,20.4,570.0,607.0,1680.0
Cuba,Country,False,2025,Oil,Conventional,Onshore conventional oil,Vented,False,2869.9,80357.0,85523.0,236766.0
Cuba,Country,False,2025,Oil,Downstream,Downstream oil,Fugitive,False,238.6,6682.0,7112.0,19688.0
Cuba,Country,False,2025,Oil,Downstream,Downstream oil,Vented,False,1030.8,28862.0,30718.0,85040.0
Cuba,Country,False,2025,Oil,Offshore,Offshore oil,Fugitive,False,1270.4,35570.0,37857.0,104805.0
Cuba,Country,False,2025,Oil,Offshore,Offshore oil,Incomplete-flare,False,40.9,1144.0,1218.0,3371.0
Cuba,Country,False,2025,Oil,Offshore,Offshore oil,Vented,False,5081.5,142283.0,151430.0,419227.0
Côte Ivoire,Country,False,2025,Gas,Downstream,Downstream gas,Fugitive,False,2203.0,61683.0,65648.0,181744.0
Côte Ivoire,Country,False,2025,Gas,Downstream,Downstream gas,Vented,False,2960.2,82884.0,88213.0,244213.0
Côte Ivoire,Country,False,2025,Gas,Offshore,Offshore gas,Fugitive,False,2504.2,70119.0,74626.0,206600.0
Côte Ivoire,Country,False,2025,Gas,Offshore,Offshore gas,Vented,False,6251.2,175035.0,186287.0,515727.0
Côte Ivoire,Country,False,2025,Oil,Downstream,Downstream oil,Fugitive,False,147.1,4120.0,4384.0,12138.0
Côte Ivoire,Country,False,2025,Oil,Downstream,Downstream oil,Vented,False,634.6,17770.0,18912.0,52358.0
Côte Ivoire,Country,False,2025,Oil,Offshore,Offshore oil,Fugitive,False,1772.7,49634.0,52825.0,146244.0
Côte Ivoire,Country,False,2025,Oil,Offshore,Offshore oil,Incomplete-flare,False,1044.5,29247.0,31127.0,86175.0
Côte Ivoire,Country,False,2025,Oil,Offshore,Offshore oil,Vented,False,7090.1,198523.0,211285.0,584933.0
Democratic Republic of Congo,Country,False,2025,Oil,Conventional,Onshore conventional oil,Abandoned facilities,False,116.5,3263.0,3472.0,9613.0
Democratic Republic of Congo,Country,False,2025,Oil,Conventional,Onshore conventional oil,Fugitive,False,1171.6,32804.0,34912.0,96654.0
Democratic Republic of Congo,Country,False,2025,Oil,Conventional,Onshore conventional oil,Incomplete-flare,False,1809.7,50673.0,53930.0,149303.0
Democratic Republic of Congo,Country,False,2025,Oil,Conventional,Onshore conventional oil,Vented,False,4686.2,131215.0,139650.0,386614.0
Democratic Republic of Congo,Country,False,2025,Oil,Downstream,Downstream oil,Fugitive,False,58.4,1635.0,1740.0,4817.0
Democratic Republic of Congo,Country,False,2025,Oil,Downstream,Downstream oil,Vented,False,252.3,7064.0,7518.0,20814.0
Democratic Republic of Congo,Country,False,2025,Oil,Offshore,Offshore oil,Fugitive,False,2191.5,61361.0,65306.0,180797.0
Democratic Republic of Congo,Country,False,2025,Oil,Offshore,Offshore oil,Incomplete-flare,False,3385.2,94787.0,100880.0,279282.0
Democratic Republic of Congo,Country,False,2025,Oil,Offshore,Offshore oil,Vented,False,8765.9,245445.0,261224.0,723187.0
Denmark,Country,True,2025,Gas,Conventional,Onshore conventional gas,Abandoned facilities,False,2.1,59.0,63.0,173.0
Denmark,Country,True,2025,Gas,Downstream,Downstream gas,Fugitive,False,1913.6,53582.0,57026.0,157874.0
Denmark,Country,True,2025,Gas,Downstream,Downstream gas,Vented,False,2571.3,71997.0,76626.0,212135.0
Denmark,Country,True,2025,Gas,Offshore,Offshore gas,Fugitive,False,802.0,22455.0,23899.0,66163.0
Denmark,Country,True,2025,Gas,Offshore,Offshore gas,Vented,False,2001.8,56050.0,59653.0,165147.0
Denmark,Country,True,2025,Oil,Conventional,Onshore conventional oil,Abandoned facilities,False,29.3,821.0,874.0,2418.0
Denmark,Country,True,2025,Oil,Conventional,Onshore conventional oil,Incomplete-flare,False,83.3,2332.0,2482.0,6872.0
Denmark,Country,True,2025,Oil,Downstream,Downstream oil,Fugitive,False,135.4,3790.0,4034.0,11168.0
Denmark,Country,True,2025,Oil,Downstream,Downstream oil,Vented,False,585.1,16382.0,17435.0,48269.0
Denmark,Country,True,2025,Oil,Offshore,Offshore oil,Fugitive,False,1219.4,34142.0,36337.0,100598.0
Denmark,Country,True,2025,Oil,Offshore,Offshore oil,Incomplete-flare,False,496.4,13898.0,14792.0,40950.0
Denmark,Country,True,2025,Oil,Offshore,Offshore oil,Vented,False,4877.8,136578.0,145358.0,402418.0
Ecuador,Country,False,2025,Gas,Conventional,Onshore conventional gas,Fugitive,False,213.6,5981.0,6365.0,17622.0
Ecuador,Country,False,2025,Gas,Conventional,Onshore conventional gas,Vented,False,533.2,14930.0,15890.0,43990.0
Ecuador,Country,False,2025,Gas,Downstream,Downstream gas,Fugitive,False,473.7,13264.0,14116.0,39080.0
Ecuador,Country,False,2025,Gas,Downstream,Downstream gas,Vented,False,636.5,17822.0,18968.0,52512.0
Ecuador,Country,False,2025,Gas,Offshore,Offshore gas,Fugitive,False,515.1,14423.0,15350.0,42496.0
Ecuador,Country,False,2025,Gas,Offshore,Offshore gas,Vented,False,1285.9,36004.0,38319.0,106084.0
Ecuador,Country,False,2025,Oil,Conventional,Onshore conventional oil,Abandoned facilities,False,8862.8,248160.0,264113.0,731185.0
Ecuador,Country,False,2025,Oil,Conventional,Onshore conventional oil,Fugitive,False,50833.7,1423343.0,1514843.0,4193778.0
Ecuador,Country,False,2025,Oil,Conventional,Onshore conventional oil,Incomplete-flare,False,22225.2,622306.0,662311.0,1833579.0
Ecuador,Country,False,2025,Oil,Conventional,Onshore conventional oil,Vented,False,203336.3,5693417.0,6059423.0,16775248.0
Ecuador,Country,False,2025,Oil,Downstream,Downstream oil,Fugitive,False,951.0,26628.0,28340.0,78457.0
Ecuador,Country,False,2025,Oil,Downstream,Downstream oil,Vented,False,4107.8,115019.0,122413.0,338896.0
Ecuador,Country,False,2025,Oil,Offshore,Offshore oil,Fugitive,False,527.0,14756.0,15704.0,43477.0
Ecuador,Country,False,2025,Oil,Offshore,Offshore oil,Incomplete-flare,False,16.2,454.0,484.0,1339.0
Ecuador,Country,False,2025,Oil,Offshore,Offshore oil,Vented,False,2108.0,59024.0,62818.0,173910.0
Egypt,Country,False,2025,Gas,Conventional,Onshore conventional gas,Abandoned facilities,False,1993.8,55826.0,59415.0,164488.0
Egypt,Country,False,2025,Gas,Conventional,Onshore conventional gas,Fugitive,False,9421.3,263795.0,280754.0,777254.0
Egypt,Country,False,2025,Gas,Conventional,Onshore conventional gas,Vented,False,23518.5,658519.0,700852.0,1940279.0
Egypt,Country,False,2025,Gas,Downstream,Downstream gas,Fugitive,False,60774.3,1701681.0,1811075.0,5013882.0
Egypt,Country,False,2025,Gas,Downstream,Downstream gas,Vented,False,81665.3,2286629.0,2433627.0,6737390.0
Egypt,Country,False,2025,Gas,Offshore,Offshore gas,Fugitive,False,39195.7,1097479.0,1168031.0,3233642.0
Egypt,Country,False,2025,Gas,Offshore,Offshore gas,Vented,False,97845.3,2739669.0,2915791.0,8072240.0
Egypt,Country,False,2025,Gas,Unconventional,Unconventional gas,Fugitive,False,1595.7,44679.0,47551.0,131642.0
Egypt,Country,False,2025,Gas,Unconventional,Unconventional gas,Vented,False,3983.3,111532.0,118702.0,328622.0
Egypt,Country,False,2025,Oil,Conventional,Onshore conventional oil,Abandoned facilities,False,4280.8,119863.0,127569.0,353168.0
Egypt,Country,False,2025,Oil,Conventional,Onshore conventional oil,Fugitive,False,31870.6,892376.0,949743.0,2629322.0
Egypt,Country,False,2025,Oil,Conventional,Onshore conventional oil,Incomplete-flare,False,36694.3,1027441.0,1093491.0,3027282.0
Egypt,Country,False,2025,Oil,Conventional,Onshore conventional oil,Vented,False,127482.3,3569505.0,3798974.0,10517292.0
Egypt,Country,False,2025,Oil,Downstream,Downstream oil,Fugitive,False,2368.3,66314.0,70577.0,195388.0
Egypt,Country,False,2025,Oil,Downstream,Downstream oil,Vented,False,10223.1,286247.0,304648.0,843406.0
Egypt,Country,False,2025,Oil,Offshore,Offshore oil,Fugitive,False,18678.4,522994.0,556615.0,1540965.0
Egypt,Country,False,2025,Oil,Offshore,Offshore oil,Incomplete-flare,False,15570.3,435969.0,463996.0,1284552.0
Egypt,Country,False,2025,Oil,Offshore,Offshore oil,Vented,False,74713.7,2091983.0,2226467.0,6163878.0
Equatorial Guinea,Country,False,2025,Gas,Conventional,Onshore conventional gas,Abandoned facilities,False,4.5,125.0,133.0,369.0
Equatorial Guinea,Country,False,2025,Gas,Downstream,Downstream gas,Fugitive,False,2903.9,81310.0,86537.0,239574.0
Equatorial Guinea,Country,False,2025,Gas,Downstream,Downstream gas,Vented,False,3902.1,109258.0,116282.0,321920.0
Equatorial Guinea,Country,False,2025,Gas,Offshore,Offshore gas,Fugitive,False,15419.6,431749.0,459504.0,1272117.0
Equatorial Guinea,Country,False,2025,Gas,Offshore,Offshore gas,Vented,False,38492.7,1077795.0,1147081.0,3175645.0
Equatorial Guinea,Country,False,2025,Oil,Conventional,Onshore conventional oil,Abandoned facilities,False,0.0,0.0,0.0,0.0
Equatorial Guinea,Country,False,2025,Oil,Conventional,Onshore conventional oil,Incomplete-flare,False,2246.1,62892.0,66935.0,185307.0
Equatorial Guinea,Country,False,2025,Oil,Downstream,Downstream oil,Fugitive,False,28.2,790.0,840.0,2327.0
Equatorial Guinea,Country,False,2025,Oil,Downstream,Downstream oil,Vented,False,121.8,3411.0,3630.0,10049.0
Equatorial Guinea,Country,False,2025,Oil,Offshore,Offshore oil,Fugitive,False,10386.1,290810.0,309505.0,856850.0
Equatorial Guinea,Country,False,2025,Oil,Offshore,Offshore oil,Incomplete-flare,False,7172.2,200822.0,213732.0,591706.0
Equatorial Guinea,Country,False,2025,Oil,Offshore,Offshore oil,Vented,False,41544.3,1163241.0,1238021.0,3427407.0
Eritrea,Country,False,2025,Oil,Downstream,Downstream oil,Fugitive,False,22.9,642.0,683.0,1892.0
Eritrea,Country,False,2025,Oil,Downstream,Downstream oil,Vented,False,99.0,2773.0,2951.0,8170.0
Estonia,Country,True,2025,Gas,Downstream,Downstream gas,Fugitive,False,339.3,9500.0,10111.0,27993.0
Estonia,Country,True,2025,Gas,Downstream,Downstream gas,Vented,False,455.9,12766.0,13587.0,37615.0
Estonia,Country,True,2025,Oil,Conventional,Onshore conventional oil,Abandoned facilities,False,143.4,4016.0,4274.0,11833.0
Estonia,Country,True,2025,Oil,Conventional,Onshore conventional oil,Fugitive,False,563.7,15783.0,16798.0,46504.0
Estonia,Country,True,2025,Oil,Conventional,Onshore conventional oil,Vented,False,2254.6,63129.0,67188.0,186006.0
Estonia,Country,True,2025,Oil,Downstream,Downstream oil,Fugitive,False,20.7,579.0,617.0,1707.0
Estonia,Country,True,2025,Oil,Downstream,Downstream oil,Vented,False,89.4,2504.0,2665.0,7377.0
Ethiopia,Country,False,2025,Oil,Downstream,Downstream oil,Fugitive,False,196.3,5496.0,5850.0,16194.0
Ethiopia,Country,False,2025,Oil,Downstream,Downstream oil,Vented,False,847.2,23721.0,25246.0,69891.0
France,Country,True,2025,Gas,Conventional,Onshore conventional gas,Abandoned facilities,False,1470.0,41159.0,43805.0,121272.0
France,Country,True,2025,Gas,Downstream,Downstream gas,Fugitive,False,24108.6,675042.0,718437.0,1988962.0
France,Country,True,2025,Gas,Downstream,Downstream gas,Vented,False,32394.3,907041.0,965351.0,2672533.0
France,Country,True,2025,Gas,Unconventional,Unconventional gas,Fugitive,False,40.9,1144.0,1217.0,3370.0
France,Country,True,2025,Gas,Unconventional,Unconventional gas,Vented,False,102.0,2856.0,3039.0,8414.0
France,Country,True,2025,Oil,Conventional,Onshore conventional oil,Abandoned facilities,False,572.1,16020.0,17049.0,47201.0
France,Country,True,2025,Oil,Conventional,Onshore conventional oil,Fugitive,False,548.0,15344.0,16331.0,45211.0
France,Country,True,2025,Oil,Conventional,Onshore conventional oil,Incomplete-flare,False,23.5,659.0,701.0,1941.0
France,Country,True,2025,Oil,Conventional,Onshore conventional oil,Vented,False,2192.0,61377.0,65322.0,180842.0
France,Country,True,2025,Oil,Downstream,Downstream oil,Fugitive,False,1598.3,44752.0,47629.0,131859.0
France,Country,True,2025,Oil,Downstream,Downstream oil,Vented,False,6888.1,192866.0,205264.0,568266.0
Gabon,Country,False,2025,Gas,Conventional,Onshore conventional gas,Fugitive,False,457.4,12808.0,13632.0,37739.0
Gabon,Country,False,2025,Gas,Conventional,Onshore conventional gas,Vented,False,1141.9,31974.0,34029.0,94208.0
Gabon,Country,False,2025,Gas,Downstream,Downstream gas,Fugitive,False,860.8,24103.0,25652.0,71017.0
Gabon,Country,False,2025,Gas,Downstream,Downstream gas,Vented,False,1156.7,32387.0,34469.0,95425.0
Gabon,Country,False,2025,Gas,Offshore,Offshore gas,Fugitive,False,250.9,7025.0,7477.0,20698.0
Gabon,Country,False,2025,Gas,Offshore,Offshore gas,Vented,False,626.3,17536.0,18664.0,51670.0
Gabon,Country,False,2025,Oil,Conventional,Onshore conventional oil,Fugitive,False,16027.0,448756.0,477605.0,1322228.0
Gabon,Country,False,2025,Oil,Conventional,Onshore conventional oil,Incomplete-flare,False,14293.5,400218.0,425946.0,1179214.0
Gabon,Country,False,2025,Oil,Conventional,Onshore conventional oil,Vented,False,64108.7,1795043.0,1910438.0,5288965.0
Gabon,Country,False,2025,Oil,Downstream,Downstream oil,Fugitive,False,261.1,7311.0,7781.0,21540.0
Gabon,Country,False,2025,Oil,Downstream,Downstream oil,Vented,False,1127.2,31561.0,33590.0,92993.0
Gabon,Country,False,2025,Oil,Offshore,Offshore oil,Fugitive,False,19287.0,540035.0,574752.0,1591175.0
Gabon,Country,False,2025,Oil,Offshore,Offshore oil,Incomplete-flare,False,17200.9,481624.0,512586.0,1419072.0
Gabon,Country,False,2025,Oil,Offshore,Offshore oil,Vented,False,77148.7,2160163.0,2299030.0,6364765.0
Germany,Country,True,2025,Gas,Conventional,Onshore conventional gas,Abandoned facilities,False,3157.8,88420.0,94104.0,260522.0
Germany,Country,True,2025,Gas,Conventional,Onshore conventional gas,Fugitive,False,1919.7,53752.0,57208.0,158378.0
Germany,Country,True,2025,Gas,Conventional,Onshore conventional gas,Vented,False,4792.1,134180.0,142806.0,395351.0
Germany,Country,True,2025,Gas,Downstream,Downstream gas,Fugitive,False,30957.7,866816.0,922539.0,2554010.0
Germany,Country,True,2025,Gas,Downstream,Downstream gas,Vented,False,41595.0,1164660.0,1239531.0,3431588.0
Germany,Country,True,2025,Gas,Offshore,Offshore gas,Fugitive,False,7.5,210.0,223.0,618.0
Germany,Country,True,2025,Gas,Offshore,Offshore gas,Vented,False,18.7,524.0,557.0,1542.0
Germany,Country,True,2025,Gas,Unconventional,Unconventional gas,Fugitive,False,471.7,13206.0,14055.0,38912.0
Germany,Country,True,2025,Gas,Unconventional,Unconventional gas,Vented,False,1177.4,32968.0,35087.0,97138.0
Germany,Country,True,2025,Oil,Conventional,Onshore conventional oil,Abandoned facilities,False,744.0,20833.0,22172.0,61382.0
Germany,Country,True,2025,Oil,Conventional,Onshore conventional oil,Fugitive,False,524.5,14687.0,15631.0,43273.0
Germany,Country,True,2025,Oil,Conventional,Onshore conventional oil,Incomplete-flare,False,1.4,39.0,41.0,115.0
Germany,Country,True,2025,Oil,Conventional,Onshore conventional oil,Vented,False,2098.0,58745.0,62521.0,173087.0
Germany,Country,True,2025,Oil,Downstream,Downstream oil,Fugitive,False,1172.5,32830.0,34941.0,96733.0
Germany,Country,True,2025,Oil,Downstream,Downstream oil,Vented,False,5065.6,141838.0,150956.0,417915.0
Germany,Country,True,2025,Oil,Offshore,Offshore oil,Fugitive,False,551.2,15434.0,16426.0,45474.0
Germany,Country,True,2025,Oil,Offshore,Offshore oil,Incomplete-flare,False,1.5,41.0,44.0,120.0
Germany,Country,True,2025,Oil,Offshore,Offshore oil,Vented,False,2204.7,61733.0,65701.0,181891.0
Ghana,Country,False,2025,Gas,Downstream,Downstream gas,Fugitive,False,3676.2,102935.0,109552.0,303289.0
Ghana,Country,False,2025,Gas,Downstream,Downstream gas,Vented,False,4939.7,138311.0,147202.0,407522.0
Ghana,Country,False,2025,Gas,Offshore,Offshore gas,Fugitive,False,2061.4,57718.0,61428.0,170061.0
Ghana,Country,False,2025,Gas,Offshore,Offshore gas,Vented,False,5146.1,144092.0,153355.0,424556.0
Ghana,Country,False,2025,Oil,Conventional,Onshore conventional oil,Fugitive,False,2632.9,73721.0,78461.0,217215.0
Ghana,Country,False,2025,Oil,Conventional,Onshore conventional oil,Incomplete-flare,False,1533.3,42932.0,45692.0,126496.0
Ghana,Country,False,2025,Oil,Conventional,Onshore conventional oil,Vented,False,10531.8,294890.0,313848.0,868874.0
Ghana,Country,False,2025,Oil,Downstream,Downstream oil,Fugitive,False,168.1,4706.0,5009.0,13867.0
Ghana,Country,False,2025,Oil,Downstream,Downstream oil,Vented,False,726.1,20330.0,21637.0,59900.0
Ghana,Country,False,2025,Oil,Offshore,Offshore oil,Fugitive,False,8729.7,244432.0,260145.0,720200.0
Ghana,Country,False,2025,Oil,Offshore,Offshore oil,Incomplete-flare,False,10167.6,284692.0,302993.0,838824.0
Ghana,Country,False,2025,Oil,Offshore,Offshore oil,Vented,False,34919.3,977741.0,1040596.0,2880845.0
Guyana,Country,False,2025,Oil,Downstream,Downstream oil,Fugitive,False,37.9,1061.0,1129.0,3127.0
Guyana,Country,False,2025,Oil,Downstream,Downstream oil,Vented,False,163.5,4577.0,4871.0,13486.0
Guyana,Country,False,2025,Oil,Offshore,Offshore oil,Fugitive,False,21093.7,590624.0,628592.0,1740230.0
Guyana,Country,False,2025,Oil,Offshore,Offshore oil,Incomplete-flare,False,385.3,10788.0,11482.0,31788.0
Guyana,Country,False,2025,Oil,Offshore,Offshore oil,Vented,False,84374.7,2362491.0,2514365.0,6960910.0
India,Country,False,2025,Gas,Conventional,Onshore conventional gas,Abandoned facilities,False,9690.2,271327.0,288769.0,799445.0
India,Country,False,2025,Gas,Conventional,Onshore conventional gas,Fugitive,False,20995.9,587886.0,625679.0,1732164.0
India,Country,False,2025,Gas,Conventional,Onshore conventional gas,Vented,False,52412.3,1467545.0,1561888.0,4324018.0
India,Country,False,2025,Gas,Downstream,Downstream gas,Fugitive,False,196183.0,5493124.0,5846253.0,16185098.0
India,Country,False,2025,Gas,Downstream,Downstream gas,Vented,False,263609.0,7381052.0,7855548.0,21747743.0
India,Country,False,2025,Gas,Offshore,Offshore gas,Fugitive,False,70745.3,1980869.0,2108211.0,5836490.0
India,Country,False,2025,Gas,Offshore,Offshore gas,Vented,False,176601.3,4944837.0,5262720.0,14569610.0
India,Country,False,2025,Gas,Unconventional,Unconventional gas,Fugitive,False,11674.6,326890.0,347904.0,963157.0
India,Country,False,2025,Gas,Unconventional,Unconventional gas,Vented,False,29143.6,816022.0,868480.0,2404350.0
India,Country,False,2025,Oil,Conventional,Onshore conventional oil,Abandoned facilities,False,29671.1,830790.0,884198.0,2447864.0
India,Country,False,2025,Oil,Conventional,Onshore conventional oil,Fugitive,False,50448.3,1412553.0,1503360.0,4161988.0
India,Country,False,2025,Oil,Conventional,Onshore conventional oil,Incomplete-flare,False,30289.8,848115.0,902637.0,2498911.0
India,Country,False,2025,Oil,Conventional,Onshore conventional oil,Vented,False,201792.3,5650185.0,6013412.0,16647867.0
India,Country,False,2025,Oil,Downstream,Downstream oil,Fugitive,False,26486.2,741613.0,789288.0,2185109.0
India,Country,False,2025,Oil,Downstream,Downstream oil,Vented,False,114291.7,3200167.0,3405892.0,9429063.0
India,Country,False,2025,Oil,Offshore,Offshore oil,Fugitive,False,78664.0,2202592.0,2344187.0,6489780.0
India,Country,False,2025,Oil,Offshore,Offshore oil,Incomplete-flare,False,33149.5,928187.0,987856.0,2734836.0
India,Country,False,2025,Oil,Offshore,Offshore oil,Vented,False,314654.3,8810321.0,9376699.0,25958982.0
Indonesia,Country,False,2025,Gas,Conventional,Onshore conventional gas,Abandoned facilities,False,47083.5,1318339.0,1403089.0,3884391.0
Indonesia,Country,False,2025,Gas,Conventional,Onshore conventional gas,Fugitive,False,36016.7,1008467.0,1073297.0,2971375.0
Indonesia,Country,False,2025,Gas,Conventional,Onshore conventional gas,Vented,False,89908.0,2517424.0,2679258.0,7417410.0
Indonesia,Country,False,2025,Gas,Downstream,Downstream gas,Fugitive,False,64733.0,1812524.0,1929043.0,5340473.0
Indonesia,Country,False,2025,Gas,Downstream,Downstream gas,Vented,False,86981.7,2435487.0,2592054.0,7175987.0
Indonesia,Country,False,2025,Gas,Offshore,Offshore gas,Fugitive,False,54256.0,1519168.0,1616829.0,4476120.0
Indonesia,Country,False,2025,Gas,Offshore,Offshore gas,Vented,False,135439.0,3792292.0,4036082.0,11173717.0
Indonesia,Country,False,2025,Gas,Unconventional,Unconventional gas,Fugitive,False,15.8,441.0,470.0,1300.0
Indonesia,Country,False,2025,Gas,Unconventional,Unconventional gas,Vented,False,39.3,1102.0,1172.0,3246.0
Indonesia,Country,False,2025,Oil,Conventional,Onshore conventional oil,Abandoned facilities,False,70878.8,1984607.0,2112189.0,5847504.0
Indonesia,Country,False,2025,Oil,Conventional,Onshore conventional oil,Fugitive,False,46101.3,1290837.0,1373820.0,3803360.0
Indonesia,Country,False,2025,Oil,Conventional,Onshore conventional oil,Incomplete-flare,False,34680.7,971059.0,1033484.0,2861155.0
Indonesia,Country,False,2025,Oil,Conventional,Onshore conventional oil,Vented,False,184409.7,5163471.0,5495408.0,15213797.0
Indonesia,Country,False,2025,Oil,Downstream,Downstream oil,Fugitive,False,3639.5,101907.0,108458.0,300262.0
Indonesia,Country,False,2025,Oil,Downstream,Downstream oil,Vented,False,15722.1,440220.0,468520.0,1297076.0
Indonesia,Country,False,2025,Oil,Offshore,Offshore oil,Fugitive,False,11028.2,308791.0,328641.0,909829.0
Indonesia,Country,False,2025,Oil,Offshore,Offshore oil,Incomplete-flare,False,6162.4,172548.0,183641.0,508401.0
Indonesia,Country,False,2025,Oil,Offshore,Offshore oil,Vented,False,44114.0,1235192.0,1314597.0,3639405.0
Iran,Country,False,2025,Gas,Conventional,Onshore conventional gas,Abandoned facilities,False,8353.7,233903.0,248940.0,689179.0
Iran,Country,False,2025,Gas,Conventional,Onshore conventional gas,Fugitive,False,45405.0,1271340.0,1353069.0,3745912.0
Iran,Country,False,2025,Gas,Conventional,Onshore conventional gas,Vented,False,113340.0,3173520.0,3377532.0,9350550.0
Iran,Country,False,2025,Gas,Downstream,Downstream gas,Fugitive,False,176502.3,4942065.0,5259770.0,14561442.0
Iran,Country,False,2025,Gas,Downstream,Downstream gas,Vented,False,237152.7,6640275.0,7067149.0,19565095.0
Iran,Country,False,2025,Gas,Offshore,Offshore gas,Fugitive,False,230184.7,6445171.0,6859503.0,18990235.0
Iran,Country,False,2025,Gas,Offshore,Offshore gas,Vented,False,574586.7,16088427.0,17122683.0,47403400.0
Iran,Country,False,2025,Oil,Conventional,Onshore conventional oil,Abandoned facilities,False,42470.3,1189170.0,1265616.0,3503804.0
Iran,Country,False,2025,Oil,Conventional,Onshore conventional oil,Fugitive,False,360390.0,10090920.0,10739622.0,29732175.0
Iran,Country,False,2025,Oil,Conventional,Onshore conventional oil,Incomplete-flare,False,1589333.3,44501333.0,47362133.0,131120000.0
Iran,Country,False,2025,Oil,Conventional,Onshore conventional oil,Vented,False,1441563.3,40363773.0,42958587.0,118928975.0
Iran,Country,False,2025,Oil,Downstream,Downstream oil,Fugitive,False,3084.9,86376.0,91929.0,254502.0
Iran,Country,False,2025,Oil,Downstream,Downstream oil,Vented,False,13329.1,373215.0,397207.0,1099651.0
Iran,Country,False,2025,Oil,Offshore,Offshore oil,Fugitive,False,166564.3,4663801.0,4963617.0,13741558.0
Iran,Country,False,2025,Oil,Offshore,Offshore oil,Incomplete-flare,False,210456.3,5892777.0,6271599.0,17362648.0
Iran,Country,False,2025,Oil,Offshore,Offshore oil,Vented,False,666256.7,18655187.0,19854449.0,54966175.0
Iran,Country,False,2025,Satellite-detected large emitters,Satellite - downstream,Satellite - downstream,Fugitive,True,209500.0,5866000.0,6243100.0,17283750.0
Iran,Country,False,2025,Satellite-detected large emitters,Satellite - upstream,Satellite - upstream,Fugitive,True,52300.0,1464400.0,1558540.0,4314750.0
Iraq,Country,False,2025,Gas,Conventional,Onshore conventional gas,Abandoned facilities,False,809.4,22664.0,24121.0,66779.0
Iraq,Country,False,2025,Gas,Conventional,Onshore conventional gas,Fugitive,False,6671.7,186809.0,198818.0,550418.0
Iraq,Country,False,2025,Gas,Conventional,Onshore conventional gas,Vented,False,16655.1,466342.0,496321.0,1374043.0
Iraq,Country,False,2025,Gas,Downstream,Downstream gas,Fugitive,False,9371.6,262404.0,279273.0,773154.0
Iraq,Country,False,2025,Gas,Downstream,Downstream gas,Vented,False,12591.9,352573.0,375239.0,1038832.0
Iraq,Country,False,2025,Oil,Conventional,Onshore conventional oil,Abandoned facilities,False,20945.9,586484.0,624187.0,1728034.0
Iraq,Country,False,2025,Oil,Conventional,Onshore conventional oil,Fugitive,False,294297.7,8240335.0,8770070.0,24279558.0
Iraq,Country,False,2025,Oil,Conventional,Onshore conventional oil,Incomplete-flare,False,1164816.7,32614867.0,34711537.0,96097375.0
Iraq,Country,False,2025,Oil,Conventional,Onshore conventional oil,Vented,False,1177190.0,32961320.0,35080262.0,97118175.0
Iraq,Country,False,2025,Oil,Downstream,Downstream oil,Fugitive,False,1156.4,32379.0,34460.0,95402.0
Iraq,Country,False,2025,Oil,Downstream,Downstream oil,Vented,False,4985.5,139594.0,148568.0,411304.0
Iraq,Country,False,2025,Satellite-detected large emitters,Satellite - downstream,Satellite - downstream,Fugitive,True,3800.0,106400.0,113240.0,313500.0
Iraq,Country,False,2025,Satellite-detected large emitters,Satellite - upstream,Satellite - upstream,Fugitive,True,33800.0,946400.0,1007240.0,2788500.0
Israel,Country,False,2025,Gas,Downstream,Downstream gas,Fugitive,False,5386.4,150820.0,160516.0,444381.0
Israel,Country,False,2025,Gas,Downstream,Downstream gas,Vented,False,7238.2,202669.0,215697.0,597149.0
Israel,Country,False,2025,Gas,Offshore,Offshore gas,Fugitive,False,8315.3,232829.0,247797.0,686015.0
Israel,Country,False,2025,Gas,Offshore,Offshore gas,Vented,False,20758.4,581236.0,618601.0,1712571.0
Israel,Country,False,2025,Oil,Conventional,Onshore conventional oil,Fugitive,False,367.8,10298.0,10960.0,30344.0
Israel,Country,False,2025,Oil,Conventional,Onshore conventional oil,Incomplete-flare,False,104.4,2924.0,3112.0,8615.0
Israel,Country,False,2025,Oil,Conventional,Onshore conventional oil,Vented,False,1471.2,41193.0,43841.0,121371.0
Israel,Country,False,2025,Oil,Downstream,Downstream oil,Fugitive,False,165.6,4637.0,4935.0,13662.0
Israel,Country,False,2025,Oil,Downstream,Downstream oil,Vented,False,713.2,19971.0,21255.0,58843.0
Italy,Country,True,2025,Gas,Conventional,Onshore conventional gas,Abandoned facilities,False,1412.6,39551.0,42094.0,116535.0
Italy,Country,True,2025,Gas,Conventional,Onshore conventional gas,Fugitive,False,253.1,7087.0,7542.0,20880.0
Italy,Country,True,2025,Gas,Conventional,Onshore conventional gas,Vented,False,631.8,17689.0,18826.0,52119.0
Italy,Country,True,2025,Gas,Downstream,Downstream gas,Fugitive,False,32667.0,914675.0,973476.0,2695025.0
Italy,Country,True,2025,Gas,Downstream,Downstream gas,Vented,False,43894.3,1229041.0,1308051.0,3621282.0
Italy,Country,True,2025,Gas,Offshore,Offshore gas,Fugitive,False,343.7,9624.0,10242.0,28356.0
Italy,Country,True,2025,Gas,Offshore,Offshore gas,Vented,False,857.9,24022.0,25566.0,70779.0
Italy,Country,True,2025,Oil,Conventional,Onshore conventional oil,Abandoned facilities,False,367.3,10286.0,10947.0,30306.0
Italy,Country,True,2025,Oil,Conventional,Onshore conventional oil,Fugitive,False,1558.1,43628.0,46433.0,128547.0
Italy,Country,True,2025,Oil,Conventional,Onshore conventional oil,Incomplete-flare,False,6.6,185.0,197.0,546.0
Italy,Country,True,2025,Oil,Conventional,Onshore conventional oil,Vented,False,6232.6,174512.0,185730.0,514187.0
Italy,Country,True,2025,Oil,Downstream,Downstream oil,Fugitive,False,1023.6,28661.0,30503.0,84448.0
Italy,Country,True,2025,Oil,Downstream,Downstream oil,Vented,False,4411.1,123512.0,131452.0,363919.0
Italy,Country,True,2025,Oil,Offshore,Offshore oil,Fugitive,False,134.7,3771.0,4014.0,11112.0
Italy,Country,True,2025,Oil,Offshore,Offshore oil,Incomplete-flare,False,0.6,16.0,17.0,47.0
Italy,Country,True,2025,Oil,Offshore,Offshore oil,Vented,False,538.7,15085.0,16055.0,44447.0
Japan,Country,False,2025,Gas,Conventional,Onshore conventional gas,Fugitive,False,2031.0,56869.0,60525.0,167560.0
Japan,Country,False,2025,Gas,Conventional,Onshore conventional gas,Vented,False,5070.0,141960.0,151086.0,418275.0
Japan,Country,False,2025,Gas,Downstream,Downstream gas,Fugitive,False,46078.7,1290203.0,1373144.0,3801490.0
Japan,Country,False,2025,Gas,Downstream,Downstream gas,Vented,False,61909.3,1733461.0,1844898.0,5107520.0
Japan,Country,False,2025,Gas,Offshore,Offshore gas,Fugitive,False,90.9,2546.0,2710.0,7502.0
Japan,Country,False,2025,Gas,Offshore,Offshore gas,Vented,False,227.0,6356.0,6765.0,18727.0
Japan,Country,False,2025,Oil,Conventional,Onshore conventional oil,Fugitive,False,268.2,7510.0,7993.0,22129.0
Japan,Country,False,2025,Oil,Conventional,Onshore conventional oil,Incomplete-flare,False,3.7,105.0,111.0,308.0
Japan,Country,False,2025,Oil,Conventional,Onshore conventional oil,Vented,False,1072.9,30041.0,31972.0,88513.0
Japan,Country,False,2025,Oil,Downstream,Downstream oil,Fugitive,False,2211.3,61917.0,65897.0,182433.0
Japan,Country,False,2025,Oil,Downstream,Downstream oil,Vented,False,9539.0,267091.0,284261.0,786965.0
Japan,Country,False,2025,Oil,Offshore,Offshore oil,Fugitive,False,15.2,425.0,452.0,1251.0
Japan,Country,False,2025,Oil,Offshore,Offshore oil,Incomplete-flare,False,0.3,8.0,9.0,24.0
Japan,Country,False,2025,Oil,Offshore,Offshore oil,Vented,False,60.6,1698.0,1807.0,5003.0
Jordan,Country,False,2025,Gas,Conventional,Onshore conventional gas,Abandoned facilities,False,63.7,1784.0,1899.0,5256.0
Jordan,Country,False,2025,Gas,Conventional,Onshore conventional gas,Fugitive,False,105.3,2949.0,3138.0,8688.0
Jordan,Country,False,2025,Gas,Conventional,Onshore conventional gas,Vented,False,262.9,7361.0,7834.0,21688.0
Jordan,Country,False,2025,Gas,Downstream,Downstream gas,Fugitive,False,5206.4,145779.0,155151.0,429528.0
Jordan,Country,False,2025,Gas,Downstream,Downstream gas,Vented,False,6995.8,195883.0,208476.0,577156.0
Jordan,Country,False,2025,Gas,Unconventional,Unconventional gas,Fugitive,False,40.9,1146.0,1220.0,3377.0
Jordan,Country,False,2025,Gas,Unconventional,Unconventional gas,Vented,False,102.2,2862.0,3046.0,8432.0
Jordan,Country,False,2025,Oil,Conventional,Onshore conventional oil,Fugitive,False,739.7,20711.0,22043.0,61024.0
Jordan,Country,False,2025,Oil,Conventional,Onshore conventional oil,Vented,False,2958.8,82847.0,88172.0,244102.0
Jordan,Country,False,2025,Oil,Downstream,Downstream oil,Fugitive,False,160.9,4504.0,4794.0,13271.0
Jordan,Country,False,2025,Oil,Downstream,Downstream oil,Vented,False,694.3,19441.0,20690.0,57280.0
Jordan,Country,False,2025,Satellite-detected large emitters,Satellite - downstream,Satellite - downstream,Fugitive,True,3400.0,95200.0,101320.0,280500.0
Jordan,Country,False,2025,Satellite-detected large emitters,Satellite - upstream,Satellite - upstream,Fugitive,True,1100.0,30800.0,32780.0,90750.0
Kazakhstan,Country,False,2025,Gas,Conventional,Onshore conventional gas,Abandoned facilities,False,4362.2,122143.0,129995.0,359885.0
Kazakhstan,Country,False,2025,Gas,Conventional,Onshore conventional gas,Fugitive,False,23942.8,670398.0,713495.0,1975281.0
Kazakhstan,Country,False,2025,Gas,Conventional,Onshore conventional gas,Vented,False,59768.3,1673513.0,1781096.0,4930888.0
Kazakhstan,Country,False,2025,Gas,Downstream,Downstream gas,Fugitive,False,15969.9,447156.0,475902.0,1317514.0
Kazakhstan,Country,False,2025,Gas,Downstream,Downstream gas,Vented,False,21459.1,600856.0,639482.0,1770378.0
Kazakhstan,Country,False,2025,Gas,Offshore,Offshore gas,Fugitive,False,3173.0,88844.0,94555.0,261773.0
Kazakhstan,Country,False,2025,Gas,Offshore,Offshore gas,Vented,False,7920.8,221781.0,236039.0,653463.0
Kazakhstan,Country,False,2025,Oil,Conventional,Onshore conventional oil,Abandoned facilities,False,9383.4,262735.0,279626.0,774131.0
Kazakhstan,Country,False,2025,Oil,Conventional,Onshore conventional oil,Fugitive,False,77265.7,2163439.0,2302517.0,6374418.0
Kazakhstan,Country,False,2025,Oil,Conventional,Onshore conventional oil,Incomplete-flare,False,33577.7,940175.0,1000614.0,2770158.0
Kazakhstan,Country,False,2025,Oil,Conventional,Onshore conventional oil,Vented,False,309079.7,8654231.0,9210574.0,25499072.0
Kazakhstan,Country,False,2025,Oil,Downstream,Downstream oil,Fugitive,False,998.5,27957.0,29755.0,82375.0
Kazakhstan,Country,False,2025,Oil,Downstream,Downstream oil,Vented,False,4310.1,120684.0,128442.0,355586.0
Kazakhstan,Country,False,2025,Oil,Offshore,Offshore oil,Fugitive,False,17218.5,482119.0,513112.0,1420529.0
Kazakhstan,Country,False,2025,Oil,Offshore,Offshore oil,Incomplete-flare,False,8041.4,225158.0,239633.0,663413.0
Kazakhstan,Country,False,2025,Oil,Offshore,Offshore oil,Vented,False,68878.0,1928584.0,2052564.0,5682435.0
Kazakhstan,Country,False,2025,Satellite-detected large emitters,Satellite - downstream,Satellite - downstream,Fugitive,True,110900.0,3105200.0,3304820.0,9149250.0
Kazakhstan,Country,False,2025,Satellite-detected large emitters,Satellite - upstream,Satellite - upstream,Fugitive,True,110800.0,3102400.0,3301840.0,9141000.0
Kenya,Country,False,2025,Oil,Downstream,Downstream oil,Fugitive,False,252.0,7057.0,7511.0,20793.0
Kenya,Country,False,2025,Oil,Downstream,Downstream oil,Vented,False,1088.3,30471.0,32430.0,89781.0
Korea,Country,False,2025,Gas,Downstream,Downstream gas,Fugitive,False,34473.0,965244.0,1027295.0,2844022.0
Korea,Country,False,2025,Gas,Downstream,Downstream gas,Vented,False,46326.7,1297147.0,1380535.0,3821950.0
Korea,Country,False,2025,Oil,Downstream,Downstream oil,Fugitive,False,2016.9,56472.0,60103.0,166392.0
Korea,Country,False,2025,Oil,Downstream,Downstream oil,Vented,False,8727.8,244377.0,260087.0,720041.0
Kuwait,Country,False,2025,Gas,Conventional,Onshore conventional gas,Abandoned facilities,False,2247.4,62928.0,66973.0,185412.0
Kuwait,Country,False,2025,Gas,Conventional,Onshore conventional gas,Fugitive,False,13599.3,380780.0,405259.0,1121942.0
Kuwait,Country,False,2025,Gas,Conventional,Onshore conventional gas,Vented,False,33950.3,950609.0,1011720.0,2800902.0
Kuwait,Country,False,2025,Gas,Downstream,Downstream gas,Fugitive,False,15965.0,447021.0,475758.0,1317115.0
Kuwait,Country,False,2025,Gas,Downstream,Downstream gas,Vented,False,21450.9,600625.0,639237.0,1769699.0
Kuwait,Country,False,2025,Gas,Offshore,Offshore gas,Fugitive,False,113.8,3185.0,3390.0,9385.0
Kuwait,Country,False,2025,Gas,Offshore,Offshore gas,Vented,False,284.0,7952.0,8463.0,23429.0
Kuwait,Country,False,2025,Oil,Conventional,Onshore conventional oil,Abandoned facilities,False,26700.5,747615.0,795676.0,2202794.0
Kuwait,Country,False,2025,Oil,Conventional,Onshore conventional oil,Fugitive,False,127759.7,3577271.0,3807238.0,10540172.0
Kuwait,Country,False,2025,Oil,Conventional,Onshore conventional oil,Incomplete-flare,False,30052.2,841461.0,895555.0,2479304.0
Kuwait,Country,False,2025,Oil,Conventional,Onshore conventional oil,Vented,False,511053.3,14309493.0,15229389.0,42161900.0
Kuwait,Country,False,2025,Oil,Downstream,Downstream oil,Fugitive,False,546.1,15291.0,16274.0,45054.0
Kuwait,Country,False,2025,Oil,Downstream,Downstream oil,Vented,False,2353.6,65901.0,70137.0,194172.0
Kuwait,Country,False,2025,Oil,Offshore,Offshore oil,Fugitive,False,6436.7,180228.0,191814.0,531028.0
Kuwait,Country,False,2025,Oil,Offshore,Offshore oil,Incomplete-flare,False,1586.0,44409.0,47264.0,130849.0
Kuwait,Country,False,2025,Oil,Offshore,Offshore oil,Vented,False,25747.5,720929.0,767275.0,2124166.0
Kuwait,Country,False,2025,Satellite-detected large emitters,Satellite - downstream,Satellite - downstream,Fugitive,True,700.0,19600.0,20860.0,57750.0
Kuwait,Country,False,2025,Satellite-detected large emitters,Satellite - upstream,Satellite - upstream,Fugitive,True,5900.0,165200.0,175820.0,486750.0
Lebanon,Country,False,2025,Oil,Downstream,Downstream oil,Fugitive,False,151.5,4242.0,4514.0,12498.0
Lebanon,Country,False,2025,Oil,Downstream,Downstream oil,Vented,False,654.3,18321.0,19498.0,53981.0
Libya,Country,False,2025,Gas,Conventional,Onshore conventional gas,Abandoned facilities,False,1039.0,29091.0,30961.0,85715.0
Libya,Country,False,2025,Gas,Conventional,Onshore conventional gas,Fugitive,False,4902.7,137276.0,146100.0,404473.0
Libya,Country,False,2025,Gas,Conventional,Onshore conventional gas,Vented,False,12238.1,342668.0,364696.0,1009646.0
Libya,Country,False,2025,Gas,Downstream,Downstream gas,Fugitive,False,6734.3,188560.0,200682.0,555580.0
Libya,Country,False,2025,Gas,Downstream,Downstream gas,Vented,False,9049.2,253379.0,269667.0,746562.0
Libya,Country,False,2025,Gas,Offshore,Offshore gas,Fugitive,False,3605.9,100965.0,107456.0,297487.0
Libya,Country,False,2025,Gas,Offshore,Offshore gas,Vented,False,9001.0,252029.0,268231.0,742585.0
Libya,Country,False,2025,Oil,Conventional,Onshore conventional oil,Abandoned facilities,False,12544.1,351235.0,373814.0,1034888.0
Libya,Country,False,2025,Oil,Conventional,Onshore conventional oil,Fugitive,False,110651.3,3098237.0,3297410.0,9128735.0
Libya,Country,False,2025,Oil,Conventional,Onshore conventional oil,Incomplete-flare,False,618616.7,17321267.0,18434777.0,51035875.0
Libya,Country,False,2025,Oil,Conventional,Onshore conventional oil,Vented,False,442613.3,12393173.0,13189877.0,36515600.0
Libya,Country,False,2025,Oil,Downstream,Downstream oil,Fugitive,False,544.7,15251.0,16232.0,44936.0
Libya,Country,False,2025,Oil,Downstream,Downstream oil,Vented,False,2352.5,65869.0,70103.0,194077.0
Libya,Country,False,2025,Oil,Offshore,Offshore oil,Fugitive,False,3055.6,85556.0,91056.0,252085.0
Libya,Country,False,2025,Oil,Offshore,Offshore oil,Incomplete-flare,False,12229.1,342416.0,364428.0,1008903.0
Libya,Country,False,2025,Oil,Offshore,Offshore oil,Vented,False,12222.5,342230.0,364230.0,1008356.0
Libya,Country,False,2025,Satellite-detected large emitters,Satellite - downstream,Satellite - downstream,Fugitive,True,13600.0,380800.0,405280.0,1122000.0
Libya,Country,False,2025,Satellite-detected large emitters,Satellite - upstream,Satellite - upstream,Fugitive,True,13600.0,380800.0,405280.0,1122000.0
Madagascar,Country,False,2025,Oil,Downstream,Downstream oil,Fugitive,False,46.3,1296.0,1379.0,3818.0
Madagascar,Country,False,2025,Oil,Downstream,Downstream oil,Vented,False,199.7,5592.0,5951.0,16476.0
Malaysia,Country,False,2025,Gas,Downstream,Downstream gas,Fugitive,False,58341.7,1633567.0,1738582.0,4813188.0
Malaysia,Country,False,2025,Gas,Downstream,Downstream gas,Vented,False,78393.3,2195013.0,2336121.0,6467450.0
Malaysia,Country,False,2025,Gas,Offshore,Offshore gas,Fugitive,False,92635.3,2593789.0,2760533.0,7642415.0
Malaysia,Country,False,2025,Gas,Offshore,Offshore gas,Vented,False,231257.0,6475196.0,6891459.0,19078702.0
Malaysia,Country,False,2025,Oil,Conventional,Onshore conventional oil,Abandoned facilities,False,827.0,23157.0,24646.0,68232.0
Malaysia,Country,False,2025,Oil,Conventional,Onshore conventional oil,Fugitive,False,2117.8,59297.0,63109.0,174715.0
Malaysia,Country,False,2025,Oil,Conventional,Onshore conventional oil,Incomplete-flare,False,10720.9,300185.0,319483.0,884474.0
Malaysia,Country,False,2025,Oil,Conventional,Onshore conventional oil,Vented,False,8470.8,237183.0,252431.0,698844.0
Malaysia,Country,False,2025,Oil,Downstream,Downstream oil,Fugitive,False,1472.5,41231.0,43881.0,121483.0
Malaysia,Country,False,2025,Oil,Downstream,Downstream oil,Vented,False,6353.4,177895.0,189331.0,524155.0
Malaysia,Country,False,2025,Oil,Offshore,Offshore oil,Fugitive,False,44204.0,1237712.0,1317279.0,3646830.0
Malaysia,Country,False,2025,Oil,Offshore,Offshore oil,Incomplete-flare,False,56112.7,1571155.0,1672157.0,4629295.0
Malaysia,Country,False,2025,Oil,Offshore,Offshore oil,Vented,False,176811.3,4950717.0,5268978.0,14586935.0
Mauritania,Country,False,2025,Oil,Offshore,Offshore oil,Fugitive,False,85.4,2391.0,2545.0,7045.0
Mauritania,Country,False,2025,Oil,Offshore,Offshore oil,Vented,False,341.6,9565.0,10180.0,28184.0
Mexico,Country,False,2025,Gas,Conventional,Onshore conventional gas,Abandoned facilities,False,5995.5,167873.0,178665.0,494626.0
Mexico,Country,False,2025,Gas,Conventional,Onshore conventional gas,Fugitive,False,19879.8,556633.0,592417.0,1640081.0
Mexico,Country,False,2025,Gas,Conventional,Onshore conventional gas,Vented,False,49626.7,1389547.0,1478875.0,4094200.0
Mexico,Country,False,2025,Gas,Downstream,Downstream gas,Fugitive,False,63262.3,1771345.0,1885218.0,5219142.0
Mexico,Country,False,2025,Gas,Downstream,Downstream gas,Vented,False,85000.3,2380009.0,2533010.0,7012528.0
Mexico,Country,False,2025,Gas,Offshore,Offshore gas,Fugitive,False,10608.6,297042.0,316137.0,875212.0
Mexico,Country,False,2025,Gas,Offshore,Offshore gas,Vented,False,26482.7,741516.0,789184.0,2184823.0
Mexico,Country,False,2025,Gas,Unconventional,Unconventional gas,Fugitive,False,472.5,13231.0,14082.0,38985.0
Mexico,Country,False,2025,Gas,Unconventional,Unconventional gas,Vented,False,1179.6,33028.0,35151.0,97315.0
Mexico,Country,False,2025,Oil,Conventional,Onshore conventional oil,Abandoned facilities,False,9420.9,263785.0,280743.0,777224.0
Mexico,Country,False,2025,Oil,Conventional,Onshore conventional oil,Fugitive,False,43024.3,1204681.0,1282125.0,3549507.0
Mexico,Country,False,2025,Oil,Conventional,Onshore conventional oil,Incomplete-flare,False,90629.7,2537631.0,2700764.0,7476948.0
Mexico,Country,False,2025,Oil,Conventional,Onshore conventional oil,Vented,False,172095.3,4818669.0,5128441.0,14197865.0
Mexico,Country,False,2025,Oil,Downstream,Downstream oil,Fugitive,False,3054.2,85518.0,91015.0,251971.0
Mexico,Country,False,2025,Oil,Downstream,Downstream oil,Vented,False,13183.9,369150.0,392881.0,1087674.0
Mexico,Country,False,2025,Oil,Offshore,Offshore oil,Fugitive,False,90038.3,2521073.0,2683142.0,7428162.0
Mexico,Country,False,2025,Oil,Offshore,Offshore oil,Incomplete-flare,False,203601.3,5700837.0,6067320.0,16797110.0
Mexico,Country,False,2025,Oil,Offshore,Offshore oil,Vented,False,360146.7,10084107.0,10732371.0,29712100.0
Mexico,Country,False,2025,Satellite-detected large emitters,Satellite - downstream,Satellite - downstream,Fugitive,True,14200.0,397600.0,423160.0,1171500.0
Mexico,Country,False,2025,Satellite-detected large emitters,Satellite - upstream,Satellite - upstream,Fugitive,True,69700.0,1951600.0,2077060.0,5750250.0
Morocco,Country,False,2025,Gas,Conventional,Onshore conventional gas,Abandoned facilities,False,13.8,387.0,412.0,1141.0
Morocco,Country,False,2025,Gas,Conventional,Onshore conventional gas,Fugitive,False,29.4,823.0,876.0,2425.0
Morocco,Country,False,2025,Gas,Conventional,Onshore conventional gas,Vented,False,73.4,2055.0,2187.0,6054.0
Morocco,Country,False,2025,Gas,Downstream,Downstream gas,Fugitive,False,636.6,17825.0,18971.0,52520.0
Morocco,Country,False,2025,Gas,Downstream,Downstream gas,Vented,False,855.5,23953.0,25493.0,70575.0
Morocco,Country,False,2025,Oil,Conventional,Onshore conventional oil,Abandoned facilities,False,28.3,793.0,844.0,2338.0
Morocco,Country,False,2025,Oil,Conventional,Onshore conventional oil,Fugitive,False,3.7,105.0,112.0,309.0
Morocco,Country,False,2025,Oil,Conventional,Onshore conventional oil,Vented,False,15.0,419.0,446.0,1236.0
Morocco,Country,False,2025,Oil,Downstream,Downstream oil,Fugitive,False,257.5,7211.0,7674.0,21246.0
Morocco,Country,False,2025,Oil,Downstream,Downstream oil,Vented,False,1114.3,31202.0,33207.0,91933.0
Mozambique,Country,False,2025,Gas,Conventional,Onshore conventional gas,Abandoned facilities,False,0.5,15.0,16.0,45.0
Mozambique,Country,False,2025,Gas,Conventional,Onshore conventional gas,Fugitive,False,8838.7,247484.0,263393.0,729193.0
Mozambique,Country,False,2025,Gas,Conventional,Onshore conventional gas,Vented,False,22064.5,617806.0,657522.0,1820321.0
Mozambique,Country,False,2025,Gas,Downstream,Downstream gas,Fugitive,False,1758.3,49233.0,52398.0,145061.0
Mozambique,Country,False,2025,Gas,Downstream,Downstream gas,Vented,False,2362.6,66153.0,70406.0,194915.0
Mozambique,Country,False,2025,Gas,Offshore,Offshore gas,Fugitive,False,10337.6,289452.0,308059.0,852849.0
Mozambique,Country,False,2025,Gas,Offshore,Offshore gas,Vented,False,25806.2,722574.0,769025.0,2129012.0
Mozambique,Country,False,2025,Oil,Conventional,Onshore conventional oil,Fugitive,False,4047.0,113315.0,120600.0,333875.0
Mozambique,Country,False,2025,Oil,Conventional,Onshore conventional oil,Incomplete-flare,False,12674.7,354893.0,377707.0,1045666.0
Mozambique,Country,False,2025,Oil,Conventional,Onshore conventional oil,Vented,False,16187.8,453259.0,482397.0,1335496.0
Mozambique,Country,False,2025,Oil,Downstream,Downstream oil,Fugitive,False,110.8,3101.0,3300.0,9137.0
Mozambique,Country,False,2025,Oil,Downstream,Downstream oil,Vented,False,477.7,13376.0,14236.0,39412.0
Mozambique,Country,False,2025,Oil,Offshore,Offshore oil,Fugitive,False,4138.1,115868.0,123316.0,341396.0
Mozambique,Country,False,2025,Oil,Offshore,Offshore oil,Vented,False,16552.4,463468.0,493263.0,1365576.0
Namibia,Country,False,2025,Oil,Downstream,Downstream oil,Fugitive,False,33.0,923.0,983.0,2721.0
Namibia,Country,False,2025,Oil,Downstream,Downstream oil,Vented,False,142.3,3985.0,4241.0,11742.0
Netherlands,Country,True,2025,Gas,Conventional,Onshore conventional gas,Abandoned facilities,False,2422.5,67830.0,72190.0,199856.0
Netherlands,Country,True,2025,Gas,Conventional,Onshore conventional gas,Fugitive,False,299.3,8379.0,8918.0,24689.0
Netherlands,Country,True,2025,Gas,Conventional,Onshore conventional gas,Vented,False,747.0,20916.0,22261.0,61628.0
Netherlands,Country,True,2025,Gas,Downstream,Downstream gas,Fugitive,False,3910.1,109482.0,116520.0,322580.0
Netherlands,Country,True,2025,Gas,Downstream,Downstream gas,Vented,False,5256.2,147174.0,156635.0,433637.0
Netherlands,Country,True,2025,Gas,Offshore,Offshore gas,Fugitive,False,1030.0,28841.0,30695.0,84978.0
Netherlands,Country,True,2025,Gas,Offshore,Offshore gas,Vented,False,2571.2,71992.0,76620.0,212120.0
Netherlands,Country,True,2025,Oil,Conventional,Onshore conventional oil,Abandoned facilities,False,51.2,1432.0,1525.0,4221.0
Netherlands,Country,True,2025,Oil,Conventional,Onshore conventional oil,Fugitive,False,18.5,517.0,550.0,1524.0
Netherlands,Country,True,2025,Oil,Conventional,Onshore conventional oil,Incomplete-flare,False,1.9,54.0,57.0,159.0
Netherlands,Country,True,2025,Oil,Conventional,Onshore conventional oil,Vented,False,73.9,2069.0,2202.0,6096.0
Netherlands,Country,True,2025,Oil,Downstream,Downstream oil,Fugitive,False,166.2,4653.0,4952.0,13711.0
Netherlands,Country,True,2025,Oil,Downstream,Downstream oil,Vented,False,720.2,20164.0,21461.0,59413.0
Netherlands,Country,True,2025,Oil,Offshore,Offshore oil,Fugitive,False,50.2,1405.0,1496.0,4141.0
Netherlands,Country,True,2025,Oil,Offshore,Offshore oil,Incomplete-flare,False,3.6,102.0,108.0,300.0
Netherlands,Country,True,2025,Oil,Offshore,Offshore oil,Vented,False,200.8,5622.0,5983.0,16564.0
New Zealand,Country,False,2025,Gas,Conventional,Onshore conventional gas,Abandoned facilities,False,204.1,5716.0,6083.0,16841.0
New Zealand,Country,False,2025,Gas,Conventional,Onshore conventional gas,Fugitive,False,982.6,27513.0,29281.0,81064.0
New Zealand,Country,False,2025,Gas,Conventional,Onshore conventional gas,Vented,False,2452.8,68679.0,73094.0,202358.0
New Zealand,Country,False,2025,Gas,Downstream,Downstream gas,Fugitive,False,1703.8,47708.0,50775.0,140568.0
New Zealand,Country,False,2025,Gas,Downstream,Downstream gas,Vented,False,2289.4,64102.0,68223.0,188872.0
New Zealand,Country,False,2025,Gas,Offshore,Offshore gas,Fugitive,False,972.8,27237.0,28988.0,80253.0
New Zealand,Country,False,2025,Gas,Offshore,Offshore gas,Vented,False,2428.3,67992.0,72363.0,200334.0
New Zealand,Country,False,2025,Oil,Conventional,Onshore conventional oil,Abandoned facilities,False,93.5,2617.0,2785.0,7710.0
New Zealand,Country,False,2025,Oil,Conventional,Onshore conventional oil,Fugitive,False,156.5,4382.0,4664.0,12913.0
New Zealand,Country,False,2025,Oil,Conventional,Onshore conventional oil,Incomplete-flare,False,9.4,263.0,280.0,775.0
New Zealand,Country,False,2025,Oil,Conventional,Onshore conventional oil,Vented,False,626.1,17530.0,18657.0,51652.0
New Zealand,Country,False,2025,Oil,Downstream,Downstream oil,Fugitive,False,162.0,4536.0,4828.0,13365.0
New Zealand,Country,False,2025,Oil,Downstream,Downstream oil,Vented,False,698.9,19571.0,20829.0,57663.0
New Zealand,Country,False,2025,Oil,Offshore,Offshore oil,Fugitive,False,399.2,11178.0,11896.0,32934.0
New Zealand,Country,False,2025,Oil,Offshore,Offshore oil,Incomplete-flare,False,11.0,309.0,329.0,911.0
New Zealand,Country,False,2025,Oil,Offshore,Offshore oil,Vented,False,1596.9,44712.0,47586.0,131740.0
Niger,Country,False,2025,Gas,Downstream,Downstream gas,Fugitive,False,58.6,1640.0,1745.0,4831.0
Niger,Country,False,2025,Gas,Downstream,Downstream gas,Vented,False,78.7,2203.0,2345.0,6491.0
Niger,Country,False,2025,Oil,Conventional,Onshore conventional oil,Fugitive,False,4482.9,125520.0,133589.0,369836.0
Niger,Country,False,2025,Oil,Conventional,Onshore conventional oil,Incomplete-flare,False,1141.5,31963.0,34017.0,94176.0
Niger,Country,False,2025,Oil,Conventional,Onshore conventional oil,Vented,False,17931.0,502069.0,534345.0,1479310.0
Niger,Country,False,2025,Oil,Downstream,Downstream oil,Fugitive,False,229.6,6429.0,6842.0,18942.0
Niger,Country,False,2025,Oil,Downstream,Downstream oil,Vented,False,990.9,27746.0,29530.0,81752.0
Nigeria,Country,False,2025,Gas,Conventional,Onshore conventional gas,Fugitive,False,52167.7,1460695.0,1554596.0,4303832.0
Nigeria,Country,False,2025,Gas,Conventional,Onshore conventional gas,Vented,False,130228.7,3646403.0,3880814.0,10743865.0
Nigeria,Country,False,2025,Gas,Downstream,Downstream gas,Fugitive,False,23266.6,651465.0,693345.0,1919494.0
Nigeria,Country,False,2025,Gas,Downstream,Downstream gas,Vented,False,31262.9,875361.0,931634.0,2579189.0
Nigeria,Country,False,2025,Gas,Offshore,Offshore gas,Fugitive,False,18347.4,513727.0,546753.0,1513660.0
Nigeria,Country,False,2025,Gas,Offshore,Offshore gas,Vented,False,45801.3,1282437.0,1364880.0,3778610.0
Nigeria,Country,False,2025,Oil,Conventional,Onshore conventional oil,Fugitive,False,119447.3,3344525.0,3559531.0,9854405.0
Nigeria,Country,False,2025,Oil,Conventional,Onshore conventional oil,Incomplete-flare,False,65623.3,1837453.0,1955575.0,5413925.0
Nigeria,Country,False,2025,Oil,Conventional,Onshore conventional oil,Vented,False,477796.7,13378307.0,14238341.0,39418225.0
Nigeria,Country,False,2025,Oil,Downstream,Downstream oil,Fugitive,False,2001.8,56049.0,59652.0,165144.0
Nigeria,Country,False,2025,Oil,Downstream,Downstream oil,Vented,False,8643.4,242014.0,257572.0,713078.0
Nigeria,Country,False,2025,Oil,Offshore,Offshore oil,Fugitive,False,131979.0,3695412.0,3932974.0,10888267.0
Nigeria,Country,False,2025,Oil,Offshore,Offshore oil,Incomplete-flare,False,58988.0,1651664.0,1757842.0,4866510.0
Nigeria,Country,False,2025,Oil,Offshore,Offshore oil,Vented,False,527926.7,14781947.0,15732215.0,43553950.0
Nigeria,Country,False,2025,Satellite-detected large emitters,Satellite - downstream,Satellite - downstream,Fugitive,True,600.0,16800.0,17880.0,49500.0
Nigeria,Country,False,2025,Satellite-detected large emitters,Satellite - upstream,Satellite - upstream,Fugitive,True,13600.0,380800.0,405280.0,1122000.0
Norway,Country,False,2025,Gas,Downstream,Downstream gas,Fugitive,False,144.1,4034.0,4294.0,11887.0
Norway,Country,False,2025,Gas,Downstream,Downstream gas,Vented,False,193.5,5419.0,5767.0,15967.0
Norway,Country,False,2025,Gas,Offshore,Offshore gas,Fugitive,False,2909.4,81463.0,86700.0,240026.0
Norway,Country,False,2025,Gas,Offshore,Offshore gas,Vented,False,7252.6,203073.0,216127.0,598340.0
Norway,Country,False,2025,Oil,Conventional,Onshore conventional oil,Fugitive,False,177.1,4960.0,5278.0,14613.0
Norway,Country,False,2025,Oil,Conventional,Onshore conventional oil,Incomplete-flare,False,4.1,114.0,122.0,337.0
Norway,Country,False,2025,Oil,Conventional,Onshore conventional oil,Vented,False,709.3,19861.0,21138.0,58519.0
Norway,Country,False,2025,Oil,Downstream,Downstream oil,Fugitive,False,14.0,391.0,416.0,1152.0
Norway,Country,False,2025,Oil,Downstream,Downstream oil,Vented,False,62.3,1744.0,1856.0,5139.0
Norway,Country,False,2025,Oil,Offshore,Offshore oil,Fugitive,False,2057.8,57620.0,61324.0,169773.0
Norway,Country,False,2025,Oil,Offshore,Offshore oil,Incomplete-flare,False,74.7,2092.0,2227.0,6165.0
Norway,Country,False,2025,Oil,Offshore,Offshore oil,Vented,False,8240.7,230740.0,245573.0,679858.0
Oman,Country,False,2025,Gas,Conventional,Onshore conventional gas,Abandoned facilities,False,1150.4,32210.0,34281.0,94905.0
Oman,Country,False,2025,Gas,Conventional,Onshore conventional gas,Fugitive,False,27992.3,783785.0,834172.0,2309368.0
Oman,Country,False,2025,Gas,Conventional,Onshore conventional gas,Vented,False,69880.0,1956640.0,2082424.0,5765100.0
Oman,Country,False,2025,Gas,Downstream,Downstream gas,Fugitive,False,22420.8,627783.0,668141.0,1849719.0
Oman,Country,False,2025,Gas,Downstream,Downstream gas,Vented,False,30127.5,843569.0,897799.0,2485516.0
Oman,Country,False,2025,Gas,Offshore,Offshore gas,Fugitive,False,68.8,1927.0,2051.0,5678.0
Oman,Country,False,2025,Gas,Offshore,Offshore gas,Vented,False,171.8,4811.0,5120.0,14175.0
Oman,Country,False,2025,Gas,Unconventional,Unconventional gas,Fugitive,False,22623.3,633451.0,674173.0,1866419.0
Oman,Country,False,2025,Gas,Unconventional,Unconventional gas,Vented,False,56473.0,1581244.0,1682895.0,4659022.0
Oman,Country,False,2025,Oil,Conventional,Onshore conventional oil,Abandoned facilities,False,6067.1,169880.0,180801.0,500539.0
Oman,Country,False,2025,Oil,Conventional,Onshore conventional oil,Fugitive,False,69464.3,1945001.0,2070037.0,5730808.0
Oman,Country,False,2025,Oil,Conventional,Onshore conventional oil,Incomplete-flare,False,75090.0,2102520.0,2237682.0,6194925.0
Oman,Country,False,2025,Oil,Conventional,Onshore conventional oil,Vented,False,277857.0,7779996.0,8280139.0,22923203.0
Oman,Country,False,2025,Oil,Downstream,Downstream oil,Fugitive,False,532.2,14903.0,15861.0,43910.0
Oman,Country,False,2025,Oil,Downstream,Downstream oil,Vented,False,2295.6,64277.0,68409.0,189388.0
Oman,Country,False,2025,Oil,Offshore,Offshore oil,Fugitive,False,138.9,3888.0,4138.0,11456.0
Oman,Country,False,2025,Oil,Offshore,Offshore oil,Incomplete-flare,False,149.8,4195.0,4465.0,12360.0
Oman,Country,False,2025,Oil,Offshore,Offshore oil,Vented,False,555.5,15553.0,16553.0,45825.0
Oman,Country,False,2025,Satellite-detected large emitters,Satellite - downstream,Satellite - downstream,Fugitive,True,600.0,16800.0,17880.0,49500.0
Oman,Country,False,2025,Satellite-detected large emitters,Satellite - upstream,Satellite - upstream,Fugitive,True,600.0,16800.0,17880.0,49500.0
Pakistan,Country,False,2025,Gas,Conventional,Onshore conventional gas,Abandoned facilities,False,33950.0,950600.0,1011710.0,2800874.0
Pakistan,Country,False,2025,Gas,Conventional,Onshore conventional gas,Fugitive,False,44692.0,1251376.0,1331822.0,3687090.0
Pakistan,Country,False,2025,Gas,Conventional,Onshore conventional gas,Vented,False,111564.3,3123801.0,3324617.0,9204057.0
Pakistan,Country,False,2025,Gas,Downstream,Downstream gas,Fugitive,False,67380.0,1886640.0,2007924.0,5558850.0
Pakistan,Country,False,2025,Gas,Downstream,Downstream gas,Vented,False,90538.3,2535073.0,2698042.0,7469412.0
Pakistan,Country,False,2025,Gas,Unconventional,Unconventional gas,Fugitive,False,2201.4,61638.0,65600.0,181612.0
Pakistan,Country,False,2025,Gas,Unconventional,Unconventional gas,Vented,False,5495.3,153867.0,163759.0,453360.0
Pakistan,Country,False,2025,Oil,Conventional,Onshore conventional oil,Abandoned facilities,False,3849.9,107796.0,114726.0,317614.0
Pakistan,Country,False,2025,Oil,Conventional,Onshore conventional oil,Fugitive,False,11373.9,318470.0,338943.0,938349.0
Pakistan,Country,False,2025,Oil,Conventional,Onshore conventional oil,Incomplete-flare,False,8698.6,243562.0,259219.0,717637.0
Pakistan,Country,False,2025,Oil,Conventional,Onshore conventional oil,Vented,False,45496.0,1273888.0,1355781.0,3753420.0
Pakistan,Country,False,2025,Oil,Downstream,Downstream oil,Fugitive,False,1770.5,49573.0,52760.0,146064.0
Pakistan,Country,False,2025,Oil,Downstream,Downstream oil,Vented,False,7648.0,214143.0,227909.0,630957.0
Pakistan,Country,False,2025,Satellite-detected large emitters,Satellite - downstream,Satellite - downstream,Fugitive,True,54600.0,1528800.0,1627080.0,4504500.0
Pakistan,Country,False,2025,Satellite-detected large emitters,Satellite - upstream,Satellite - upstream,Fugitive,True,17300.0,484400.0,515540.0,1427250.0
Paraguay,Country,False,2025,Oil,Downstream,Downstream oil,Fugitive,False,48.9,1368.0,1456.0,4031.0
Paraguay,Country,False,2025,Oil,Downstream,Downstream oil,Vented,False,211.4,5920.0,6300.0,17442.0
Peru,Country,False,2025,Gas,Conventional,Onshore conventional gas,Abandoned facilities,False,46.2,1293.0,1377.0,3811.0
Peru,Country,False,2025,Gas,Conventional,Onshore conventional gas,Fugitive,False,21418.0,599705.0,638257.0,1766988.0
Peru,Country,False,2025,Gas,Conventional,Onshore conventional gas,Vented,False,53466.7,1497067.0,1593307.0,4411000.0
Peru,Country,False,2025,Gas,Downstream,Downstream gas,Fugitive,False,8745.7,244880.0,260622.0,721520.0
Peru,Country,False,2025,Gas,Downstream,Downstream gas,Vented,False,11752.1,329059.0,350213.0,969548.0
Peru,Country,False,2025,Gas,Offshore,Offshore gas,Fugitive,False,399.0,11172.0,11890.0,32918.0
Peru,Country,False,2025,Gas,Offshore,Offshore gas,Vented,False,996.0,27889.0,29682.0,82174.0
Peru,Country,False,2025,Oil,Conventional,Onshore conventional oil,Abandoned facilities,False,5189.1,145294.0,154635.0,428099.0
Peru,Country,False,2025,Oil,Conventional,Onshore conventional oil,Fugitive,False,7480.2,209445.0,222909.0,617114.0
Peru,Country,False,2025,Oil,Conventional,Onshore conventional oil,Incomplete-flare,False,2884.5,80766.0,85958.0,237970.0
Peru,Country,False,2025,Oil,Conventional,Onshore conventional oil,Vented,False,29921.2,837795.0,891653.0,2468502.0
Peru,Country,False,2025,Oil,Downstream,Downstream oil,Fugitive,False,615.7,17241.0,18349.0,50799.0
Peru,Country,False,2025,Oil,Downstream,Downstream oil,Vented,False,2656.0,74367.0,79148.0,219118.0
Peru,Country,False,2025,Oil,Offshore,Offshore oil,Fugitive,False,362.5,10150.0,10803.0,29908.0
Peru,Country,False,2025,Oil,Offshore,Offshore oil,Incomplete-flare,False,175.2,4906.0,5222.0,14456.0
Peru,Country,False,2025,Oil,Offshore,Offshore oil,Vented,False,1450.1,40603.0,43213.0,119632.0
Philippines,Country,False,2025,Gas,Conventional,Onshore conventional gas,Abandoned facilities,False,5.7,160.0,171.0,473.0
Philippines,Country,False,2025,Gas,Downstream,Downstream gas,Fugitive,False,2664.3,74600.0,79395.0,219803.0
Philippines,Country,False,2025,Gas,Downstream,Downstream gas,Vented,False,3579.9,100237.0,106681.0,295342.0
Philippines,Country,False,2025,Gas,Offshore,Offshore gas,Fugitive,False,1818.6,50922.0,54195.0,150037.0
Philippines,Country,False,2025,Gas,Offshore,Offshore gas,Vented,False,4539.9,127118.0,135290.0,374544.0
Philippines,Country,False,2025,Oil,Conventional,Onshore conventional oil,Incomplete-flare,False,1663.6,46581.0,49575.0,137247.0
Philippines,Country,False,2025,Oil,Downstream,Downstream oil,Fugitive,False,644.1,18033.0,19193.0,53134.0
Philippines,Country,False,2025,Oil,Downstream,Downstream oil,Vented,False,2783.5,77938.0,82948.0,229639.0
Philippines,Country,False,2025,Oil,Offshore,Offshore oil,Fugitive,False,755.4,21152.0,22512.0,62322.0
Philippines,Country,False,2025,Oil,Offshore,Offshore oil,Incomplete-flare,False,288.6,8080.0,8599.0,23806.0
Philippines,Country,False,2025,Oil,Offshore,Offshore oil,Vented,False,3021.7,84608.0,90047.0,249291.0
Poland,Country,True,2025,Gas,Conventional,Onshore conventional gas,Abandoned facilities,False,2701.1,75630.0,80492.0,222839.0
Poland,Country,True,2025,Gas,Conventional,Onshore conventional gas,Fugitive,False,2930.9,82066.0,87342.0,241802.0
Poland,Country,True,2025,Gas,Conventional,Onshore conventional gas,Vented,False,7316.3,204856.0,218026.0,603595.0
Poland,Country,True,2025,Gas,Downstream,Downstream gas,Fugitive,False,13600.0,380800.0,405280.0,1122000.0
Poland,Country,True,2025,Gas,Downstream,Downstream gas,Vented,False,18274.4,511684.0,544578.0,1507641.0
Poland,Country,True,2025,Gas,Offshore,Offshore gas,Fugitive,False,19.8,555.0,591.0,1636.0
Poland,Country,True,2025,Gas,Offshore,Offshore gas,Vented,False,49.5,1386.0,1475.0,4084.0
Poland,Country,True,2025,Gas,Unconventional,Unconventional gas,Fugitive,False,912.5,25549.0,27192.0,75278.0
Poland,Country,True,2025,Gas,Unconventional,Unconventional gas,Vented,False,2277.8,63779.0,67879.0,187919.0
Poland,Country,True,2025,Oil,Conventional,Onshore conventional oil,Abandoned facilities,False,157.0,4397.0,4679.0,12955.0
Poland,Country,True,2025,Oil,Conventional,Onshore conventional oil,Fugitive,False,431.5,12082.0,12858.0,35598.0
Poland,Country,True,2025,Oil,Conventional,Onshore conventional oil,Incomplete-flare,False,7.7,217.0,231.0,639.0
Poland,Country,True,2025,Oil,Conventional,Onshore conventional oil,Vented,False,1726.0,48327.0,51433.0,142391.0
Poland,Country,True,2025,Oil,Downstream,Downstream oil,Fugitive,False,615.0,17220.0,18327.0,50738.0
Poland,Country,True,2025,Oil,Downstream,Downstream oil,Vented,False,2648.8,74166.0,78934.0,218524.0
Poland,Country,True,2025,Oil,Offshore,Offshore oil,Fugitive,False,240.3,6730.0,7162.0,19828.0
Poland,Country,True,2025,Oil,Offshore,Offshore oil,Incomplete-flare,False,4.3,121.0,129.0,356.0
Poland,Country,True,2025,Oil,Offshore,Offshore oil,Vented,False,961.4,26918.0,28649.0,79313.0
Qatar,Country,False,2025,Gas,Conventional,Onshore conventional gas,Abandoned facilities,False,602.0,16855.0,17939.0,49663.0
Qatar,Country,False,2025,Gas,Conventional,Onshore conventional gas,Fugitive,False,2215.5,62035.0,66023.0,182781.0
Qatar,Country,False,2025,Gas,Conventional,Onshore conventional gas,Vented,False,5530.5,154854.0,164809.0,456266.0
Qatar,Country,False,2025,Gas,Downstream,Downstream gas,Fugitive,False,25819.2,722939.0,769413.0,2130087.0
Qatar,Country,False,2025,Gas,Downstream,Downstream gas,Vented,False,34696.0,971488.0,1033941.0,2862420.0
Qatar,Country,False,2025,Gas,Offshore,Offshore gas,Fugitive,False,156592.7,4384595.0,4666461.0,12918895.0
Qatar,Country,False,2025,Gas,Offshore,Offshore gas,Vented,False,390893.3,10945013.0,11648621.0,32248700.0
Qatar,Country,False,2025,Oil,Conventional,Onshore conventional oil,Abandoned facilities,False,2908.3,81432.0,86667.0,239933.0
Qatar,Country,False,2025,Oil,Conventional,Onshore conventional oil,Fugitive,False,18639.0,521892.0,555442.0,1537718.0
Qatar,Country,False,2025,Oil,Conventional,Onshore conventional oil,Incomplete-flare,False,33577.3,940165.0,1000605.0,2770130.0
Qatar,Country,False,2025,Oil,Conventional,Onshore conventional oil,Vented,False,74556.0,2087568.0,2221769.0,6150870.0
Qatar,Country,False,2025,Oil,Downstream,Downstream oil,Fugitive,False,342.0,9575.0,10191.0,28212.0
Qatar,Country,False,2025,Oil,Downstream,Downstream oil,Vented,False,1477.4,41366.0,44025.0,121882.0
Qatar,Country,False,2025,Oil,Offshore,Offshore oil,Fugitive,False,62533.0,1750924.0,1863483.0,5158972.0
Qatar,Country,False,2025,Oil,Offshore,Offshore oil,Incomplete-flare,False,23420.6,655778.0,697935.0,1932202.0
Qatar,Country,False,2025,Oil,Offshore,Offshore oil,Vented,False,250131.7,7003687.0,7453924.0,20635862.0
ROE5,IEA residual group,False,2025,Gas,Conventional,Onshore conventional gas,Abandoned facilities,False,126.0,3527.0,3753.0,10391.0
ROE5,IEA residual group,False,2025,Gas,Conventional,Onshore conventional gas,Fugitive,False,82.0,2297.0,2445.0,6768.0
ROE5,IEA residual group,False,2025,Gas,Conventional,Onshore conventional gas,Vented,False,204.8,5734.0,6102.0,16894.0
ROE5,IEA residual group,False,2025,Gas,Downstream,Downstream gas,Fugitive,False,33480.7,937459.0,997724.0,2762155.0
ROE5,IEA residual group,False,2025,Gas,Downstream,Downstream gas,Vented,False,44987.0,1259636.0,1340613.0,3711428.0
ROE5,IEA residual group,False,2025,Gas,Offshore,Offshore gas,Fugitive,False,1672.0,46816.0,49826.0,137941.0
ROE5,IEA residual group,False,2025,Gas,Offshore,Offshore gas,Vented,False,4173.7,116864.0,124376.0,344330.0
ROE5,IEA residual group,False,2025,Oil,Conventional,Onshore conventional oil,Abandoned facilities,False,1855.6,51958.0,55298.0,153090.0
ROE5,IEA residual group,False,2025,Oil,Conventional,Onshore conventional oil,Fugitive,False,4187.6,117254.0,124791.0,345480.0
ROE5,IEA residual group,False,2025,Oil,Conventional,Onshore conventional oil,Incomplete-flare,False,80.8,2264.0,2409.0,6670.0
ROE5,IEA residual group,False,2025,Oil,Conventional,Onshore conventional oil,Vented,False,16751.2,469033.0,499185.0,1381971.0
ROE5,IEA residual group,False,2025,Oil,Downstream,Downstream oil,Fugitive,False,1593.6,44620.0,47488.0,131468.0
ROE5,IEA residual group,False,2025,Oil,Downstream,Downstream oil,Vented,False,6868.8,192325.0,204689.0,566673.0
Rest of Caspian,IEA residual group,False,2025,Gas,Conventional,Onshore conventional gas,Abandoned facilities,False,243.3,6812.0,7250.0,20071.0
Rest of Caspian,IEA residual group,False,2025,Gas,Conventional,Onshore conventional gas,Fugitive,False,49.6,1388.0,1478.0,4090.0
Rest of Caspian,IEA residual group,False,2025,Gas,Conventional,Onshore conventional gas,Vented,False,123.8,3466.0,3688.0,10211.0
Rest of Caspian,IEA residual group,False,2025,Gas,Downstream,Downstream gas,Fugitive,False,9291.7,260169.0,276894.0,766568.0
Rest of Caspian,IEA residual group,False,2025,Gas,Downstream,Downstream gas,Vented,False,12485.5,349593.0,372067.0,1030051.0
Rest of Caspian,IEA residual group,False,2025,Oil,Conventional,Onshore conventional oil,Abandoned facilities,False,656.3,18377.0,19558.0,54146.0
Rest of Caspian,IEA residual group,False,2025,Oil,Conventional,Onshore conventional oil,Fugitive,False,619.2,17336.0,18451.0,51081.0
Rest of Caspian,IEA residual group,False,2025,Oil,Conventional,Onshore conventional oil,Incomplete-flare,False,288.9,8088.0,8608.0,23831.0
Rest of Caspian,IEA residual group,False,2025,Oil,Conventional,Onshore conventional oil,Vented,False,2476.6,69346.0,73804.0,204323.0
Rest of Caspian,IEA residual group,False,2025,Oil,Downstream,Downstream oil,Fugitive,False,803.1,22488.0,23934.0,66259.0
Rest of Caspian,IEA residual group,False,2025,Oil,Downstream,Downstream oil,Vented,False,3467.3,97084.0,103326.0,286052.0
Rest of Central and South America A,IEA residual group,False,2025,Gas,Conventional,Onshore conventional gas,Abandoned facilities,False,295.2,8266.0,8798.0,24356.0
Rest of Central and South America A,IEA residual group,False,2025,Gas,Conventional,Onshore conventional gas,Fugitive,False,656.2,18373.0,19554.0,54134.0
Rest of Central and South America A,IEA residual group,False,2025,Gas,Conventional,Onshore conventional gas,Vented,False,1638.0,45863.0,48811.0,135131.0
Rest of Central and South America A,IEA residual group,False,2025,Gas,Downstream,Downstream gas,Fugitive,False,13148.0,368143.0,391809.0,1084707.0
Rest of Central and South America A,IEA residual group,False,2025,Gas,Downstream,Downstream gas,Vented,False,17666.6,494665.0,526465.0,1457495.0
Rest of Central and South America A,IEA residual group,False,2025,Gas,Offshore,Offshore gas,Fugitive,False,550.2,15404.0,16395.0,45388.0
Rest of Central and South America A,IEA residual group,False,2025,Gas,Offshore,Offshore gas,Vented,False,1373.3,38453.0,40925.0,113299.0
Rest of Central and South America A,IEA residual group,False,2025,Oil,Conventional,Onshore conventional oil,Abandoned facilities,False,209.9,5878.0,6256.0,17319.0
Rest of Central and South America A,IEA residual group,False,2025,Oil,Conventional,Onshore conventional oil,Fugitive,False,525.8,14723.0,15669.0,43379.0
Rest of Central and South America A,IEA residual group,False,2025,Oil,Conventional,Onshore conventional oil,Incomplete-flare,False,11.0,308.0,328.0,907.0
Rest of Central and South America A,IEA residual group,False,2025,Oil,Conventional,Onshore conventional oil,Vented,False,2103.1,58888.0,62674.0,173509.0
Rest of Central and South America A,IEA residual group,False,2025,Oil,Downstream,Downstream oil,Fugitive,False,585.5,16393.0,17447.0,48301.0
Rest of Central and South America A,IEA residual group,False,2025,Oil,Downstream,Downstream oil,Vented,False,2525.8,70723.0,75270.0,208381.0
Rest of Central and South America A,IEA residual group,False,2025,Oil,Offshore,Offshore oil,Fugitive,False,18.4,515.0,548.0,1517.0
Rest of Central and South America A,IEA residual group,False,2025,Oil,Offshore,Offshore oil,Incomplete-flare,False,0.6,18.0,19.0,53.0
Rest of Central and South America A,IEA residual group,False,2025,Oil,Offshore,Offshore oil,Vented,False,73.5,2059.0,2191.0,6066.0
Rest of Central and South America B,IEA residual group,False,2025,Gas,Conventional,Onshore conventional gas,Abandoned facilities,False,6.1,172.0,183.0,507.0
Rest of Central and South America B,IEA residual group,False,2025,Gas,Conventional,Onshore conventional gas,Fugitive,False,22.0,617.0,656.0,1817.0
Rest of Central and South America B,IEA residual group,False,2025,Gas,Conventional,Onshore conventional gas,Vented,False,55.0,1540.0,1639.0,4537.0
Rest of Central and South America B,IEA residual group,False,2025,Gas,Downstream,Downstream gas,Fugitive,False,4563.3,127771.0,135985.0,376470.0
Rest of Central and South America B,IEA residual group,False,2025,Gas,Downstream,Downstream gas,Vented,False,6131.8,171690.0,182728.0,505874.0
Rest of Central and South America B,IEA residual group,False,2025,Oil,Conventional,Onshore conventional oil,Abandoned facilities,False,214.6,6009.0,6396.0,17706.0
Rest of Central and South America B,IEA residual group,False,2025,Oil,Conventional,Onshore conventional oil,Fugitive,False,1745.5,48873.0,52015.0,144001.0
Rest of Central and South America B,IEA residual group,False,2025,Oil,Conventional,Onshore conventional oil,Incomplete-flare,False,2356.2,65974.0,70215.0,194386.0
Rest of Central and South America B,IEA residual group,False,2025,Oil,Conventional,Onshore conventional oil,Vented,False,6981.9,195494.0,208062.0,576010.0
Rest of Central and South America B,IEA residual group,False,2025,Oil,Downstream,Downstream oil,Fugitive,False,1219.4,34143.0,36338.0,100601.0
Rest of Central and South America B,IEA residual group,False,2025,Oil,Downstream,Downstream oil,Vented,False,5257.2,147202.0,156665.0,433719.0
Rest of Eastern Africa Power Pool,IEA residual group,False,2025,Oil,Downstream,Downstream oil,Fugitive,False,531.1,14871.0,15827.0,43817.0
Rest of Eastern Africa Power Pool,IEA residual group,False,2025,Oil,Downstream,Downstream oil,Vented,False,2291.1,64150.0,68274.0,189013.0
Rest of European Union B,IEA residual group,True,2025,Gas,Conventional,Onshore conventional gas,Abandoned facilities,False,3649.5,102185.0,108754.0,301082.0
Rest of European Union B,IEA residual group,True,2025,Gas,Conventional,Onshore conventional gas,Fugitive,False,1620.4,45372.0,48289.0,133686.0
Rest of European Union B,IEA residual group,True,2025,Gas,Conventional,Onshore conventional gas,Vented,False,4045.2,113267.0,120548.0,333732.0
Rest of European Union B,IEA residual group,True,2025,Gas,Downstream,Downstream gas,Fugitive,False,46898.3,1313153.0,1397570.0,3869112.0
Rest of European Union B,IEA residual group,True,2025,Gas,Downstream,Downstream gas,Vented,False,63013.0,1764364.0,1877787.0,5198572.0
Rest of European Union B,IEA residual group,True,2025,Gas,Offshore,Offshore gas,Fugitive,False,614.6,17208.0,18314.0,50701.0
Rest of European Union B,IEA residual group,True,2025,Gas,Offshore,Offshore gas,Vented,False,1534.2,42957.0,45719.0,126570.0
Rest of European Union B,IEA residual group,True,2025,Gas,Unconventional,Unconventional gas,Fugitive,False,342.8,9597.0,10214.0,28277.0
Rest of European Union B,IEA residual group,True,2025,Gas,Unconventional,Unconventional gas,Vented,False,855.6,23957.0,25497.0,70586.0
Rest of European Union B,IEA residual group,True,2025,Oil,Conventional,Onshore conventional oil,Abandoned facilities,False,1688.3,47273.0,50312.0,139287.0
Rest of European Union B,IEA residual group,True,2025,Oil,Conventional,Onshore conventional oil,Fugitive,False,1477.3,41365.0,44024.0,121878.0
Rest of European Union B,IEA residual group,True,2025,Oil,Conventional,Onshore conventional oil,Incomplete-flare,False,934.1,26154.0,27835.0,77060.0
Rest of European Union B,IEA residual group,True,2025,Oil,Conventional,Onshore conventional oil,Vented,False,5908.9,165448.0,176084.0,487482.0
Rest of European Union B,IEA residual group,True,2025,Oil,Downstream,Downstream oil,Fugitive,False,2694.8,75454.0,80305.0,222321.0
Rest of European Union B,IEA residual group,True,2025,Oil,Downstream,Downstream oil,Vented,False,11610.9,325106.0,346006.0,957902.0
Rest of European Union B,IEA residual group,True,2025,Oil,Offshore,Offshore oil,Fugitive,False,97.8,2739.0,2915.0,8071.0
Rest of European Union B,IEA residual group,True,2025,Oil,Offshore,Offshore oil,Incomplete-flare,False,66.4,1858.0,1978.0,5476.0
Rest of European Union B,IEA residual group,True,2025,Oil,Offshore,Offshore oil,Vented,False,391.3,10956.0,11660.0,32281.0
Rest of European Union C,IEA residual group,True,2025,Gas,Conventional,Onshore conventional gas,Abandoned facilities,False,485.7,13600.0,14474.0,40070.0
Rest of European Union C,IEA residual group,True,2025,Gas,Conventional,Onshore conventional gas,Fugitive,False,486.9,13632.0,14509.0,40167.0
Rest of European Union C,IEA residual group,True,2025,Gas,Conventional,Onshore conventional gas,Vented,False,1215.4,34032.0,36220.0,100273.0
Rest of European Union C,IEA residual group,True,2025,Gas,Downstream,Downstream gas,Fugitive,False,5031.3,140875.0,149932.0,415080.0
Rest of European Union C,IEA residual group,True,2025,Gas,Downstream,Downstream gas,Vented,False,6760.8,189302.0,201472.0,557766.0
Rest of European Union C,IEA residual group,True,2025,Gas,Offshore,Offshore gas,Fugitive,False,151.9,4254.0,4528.0,12535.0
Rest of European Union C,IEA residual group,True,2025,Gas,Offshore,Offshore gas,Vented,False,379.3,10621.0,11304.0,31294.0
Rest of European Union C,IEA residual group,True,2025,Oil,Conventional,Onshore conventional oil,Abandoned facilities,False,883.3,24732.0,26322.0,72872.0
Rest of European Union C,IEA residual group,True,2025,Oil,Conventional,Onshore conventional oil,Fugitive,False,535.3,14987.0,15951.0,44159.0
Rest of European Union C,IEA residual group,True,2025,Oil,Conventional,Onshore conventional oil,Incomplete-flare,False,93.7,2623.0,2792.0,7728.0
Rest of European Union C,IEA residual group,True,2025,Oil,Conventional,Onshore conventional oil,Vented,False,2141.1,59951.0,63805.0,176641.0
Rest of European Union C,IEA residual group,True,2025,Oil,Downstream,Downstream oil,Fugitive,False,351.9,9854.0,10488.0,29034.0
Rest of European Union C,IEA residual group,True,2025,Oil,Downstream,Downstream oil,Vented,False,1519.9,42557.0,45293.0,125392.0
Rest of Other Asia,IEA residual group,False,2025,Gas,Conventional,Onshore conventional gas,Abandoned facilities,False,4693.8,131427.0,139876.0,387240.0
Rest of Other Asia,IEA residual group,False,2025,Gas,Conventional,Onshore conventional gas,Fugitive,False,11926.5,333942.0,355410.0,983936.0
Rest of Other Asia,IEA residual group,False,2025,Gas,Conventional,Onshore conventional gas,Vented,False,29773.9,833668.0,887261.0,2456344.0
Rest of Other Asia,IEA residual group,False,2025,Gas,Downstream,Downstream gas,Fugitive,False,26783.8,749947.0,798158.0,2209666.0
Rest of Other Asia,IEA residual group,False,2025,Gas,Downstream,Downstream gas,Vented,False,35987.0,1007636.0,1072413.0,2968928.0
Rest of Other Asia,IEA residual group,False,2025,Gas,Offshore,Offshore gas,Fugitive,False,55.1,1541.0,1641.0,4542.0
Rest of Other Asia,IEA residual group,False,2025,Gas,Offshore,Offshore gas,Vented,False,137.4,3848.0,4096.0,11338.0
Rest of Other Asia,IEA residual group,False,2025,Oil,Conventional,Onshore conventional oil,Abandoned facilities,False,2386.9,66833.0,71130.0,196919.0
Rest of Other Asia,IEA residual group,False,2025,Oil,Conventional,Onshore conventional oil,Fugitive,False,3310.2,92684.0,98643.0,273088.0
Rest of Other Asia,IEA residual group,False,2025,Oil,Conventional,Onshore conventional oil,Incomplete-flare,False,3453.7,96704.0,102920.0,284930.0
Rest of Other Asia,IEA residual group,False,2025,Oil,Conventional,Onshore conventional oil,Vented,False,13240.8,370743.0,394577.0,1092369.0
Rest of Other Asia,IEA residual group,False,2025,Oil,Downstream,Downstream oil,Fugitive,False,1810.7,50698.0,53957.0,149379.0
Rest of Other Asia,IEA residual group,False,2025,Oil,Downstream,Downstream oil,Vented,False,7823.3,219051.0,233133.0,645420.0
Rest of Other Asia,IEA residual group,False,2025,Oil,Offshore,Offshore oil,Fugitive,False,47.1,1319.0,1404.0,3887.0
Rest of Other Asia,IEA residual group,False,2025,Oil,Offshore,Offshore oil,Vented,False,188.4,5276.0,5616.0,15546.0
Rest of Other Europe B,IEA residual group,False,2025,Gas,Conventional,Onshore conventional gas,Abandoned facilities,False,1490.3,41727.0,44410.0,122946.0
Rest of Other Europe B,IEA residual group,False,2025,Gas,Conventional,Onshore conventional gas,Fugitive,False,1316.4,36859.0,39229.0,108604.0
Rest of Other Europe B,IEA residual group,False,2025,Gas,Conventional,Onshore conventional gas,Vented,False,3286.2,92014.0,97929.0,271112.0
Rest of Other Europe B,IEA residual group,False,2025,Gas,Downstream,Downstream gas,Fugitive,False,43482.7,1217515.0,1295783.0,3587320.0
Rest of Other Europe B,IEA residual group,False,2025,Gas,Downstream,Downstream gas,Vented,False,58426.7,1635947.0,1741115.0,4820200.0
Rest of Other Europe B,IEA residual group,False,2025,Oil,Conventional,Onshore conventional oil,Abandoned facilities,False,5092.5,142590.0,151757.0,420132.0
Rest of Other Europe B,IEA residual group,False,2025,Oil,Conventional,Onshore conventional oil,Fugitive,False,7555.8,211562.0,225163.0,623353.0
Rest of Other Europe B,IEA residual group,False,2025,Oil,Conventional,Onshore conventional oil,Incomplete-flare,False,402.8,11279.0,12004.0,33232.0
Rest of Other Europe B,IEA residual group,False,2025,Oil,Conventional,Onshore conventional oil,Vented,False,30222.7,846236.0,900636.0,2493373.0
Rest of Other Europe B,IEA residual group,False,2025,Oil,Downstream,Downstream oil,Fugitive,False,2042.9,57202.0,60879.0,168540.0
Rest of Other Europe B,IEA residual group,False,2025,Oil,Downstream,Downstream oil,Vented,False,8823.5,247057.0,262939.0,727936.0
Rest of Other Southeast Asia,IEA residual group,False,2025,Gas,Conventional,Onshore conventional gas,Abandoned facilities,False,3019.0,84533.0,89967.0,249070.0
Rest of Other Southeast Asia,IEA residual group,False,2025,Gas,Conventional,Onshore conventional gas,Fugitive,False,513.9,14389.0,15314.0,42395.0
Rest of Other Southeast Asia,IEA residual group,False,2025,Gas,Conventional,Onshore conventional gas,Vented,False,1282.8,35919.0,38228.0,105833.0
Rest of Other Southeast Asia,IEA residual group,False,2025,Gas,Downstream,Downstream gas,Fugitive,False,17783.9,497948.0,529959.0,1467169.0
Rest of Other Southeast Asia,IEA residual group,False,2025,Gas,Downstream,Downstream gas,Vented,False,23896.1,669092.0,712105.0,1971431.0
Rest of Other Southeast Asia,IEA residual group,False,2025,Gas,Offshore,Offshore gas,Fugitive,False,16664.2,466597.0,496592.0,1374794.0
Rest of Other Southeast Asia,IEA residual group,False,2025,Gas,Offshore,Offshore gas,Vented,False,41599.3,1164781.0,1239660.0,3431945.0
Rest of Other Southeast Asia,IEA residual group,False,2025,Oil,Conventional,Onshore conventional oil,Abandoned facilities,False,1741.8,48772.0,51907.0,143702.0
Rest of Other Southeast Asia,IEA residual group,False,2025,Oil,Conventional,Onshore conventional oil,Fugitive,False,633.0,17723.0,18862.0,52219.0
Rest of Other Southeast Asia,IEA residual group,False,2025,Oil,Conventional,Onshore conventional oil,Incomplete-flare,False,315.0,8821.0,9388.0,25990.0
Rest of Other Southeast Asia,IEA residual group,False,2025,Oil,Conventional,Onshore conventional oil,Vented,False,2531.9,70893.0,75450.0,208880.0
Rest of Other Southeast Asia,IEA residual group,False,2025,Oil,Downstream,Downstream oil,Fugitive,False,2741.5,76762.0,81697.0,226174.0
Rest of Other Southeast Asia,IEA residual group,False,2025,Oil,Downstream,Downstream oil,Vented,False,11827.4,331167.0,352457.0,975761.0
Rest of Southern African Power Pool,IEA residual group,False,2025,Oil,Downstream,Downstream oil,Fugitive,False,198.2,5551.0,5907.0,16355.0
Rest of Southern African Power Pool,IEA residual group,False,2025,Oil,Downstream,Downstream oil,Vented,False,856.3,23978.0,25519.0,70648.0
Romania,Country,True,2025,Gas,Conventional,Onshore conventional gas,Abandoned facilities,False,41393.5,1159019.0,1233528.0,3414968.0
Romania,Country,True,2025,Gas,Conventional,Onshore conventional gas,Fugitive,False,18313.6,512782.0,545746.0,1510875.0
Romania,Country,True,2025,Gas,Conventional,Onshore conventional gas,Vented,False,45716.3,1280057.0,1362347.0,3771598.0
Romania,Country,True,2025,Gas,Downstream,Downstream gas,Fugitive,False,19607.5,549011.0,584304.0,1617622.0
Romania,Country,True,2025,Gas,Downstream,Downstream gas,Vented,False,26346.2,737695.0,785118.0,2173564.0
Romania,Country,True,2025,Gas,Offshore,Offshore gas,Fugitive,False,4118.1,115307.0,122719.0,339743.0
Romania,Country,True,2025,Gas,Offshore,Offshore gas,Vented,False,10280.0,287841.0,306345.0,848103.0
Romania,Country,True,2025,Gas,Unconventional,Unconventional gas,Fugitive,False,2.2,61.0,65.0,180.0
Romania,Country,True,2025,Gas,Unconventional,Unconventional gas,Vented,False,5.5,153.0,163.0,450.0
Romania,Country,True,2025,Oil,Conventional,Onshore conventional oil,Abandoned facilities,False,19439.2,544299.0,579289.0,1603737.0
Romania,Country,True,2025,Oil,Conventional,Onshore conventional oil,Fugitive,False,6698.5,187559.0,199616.0,552629.0
Romania,Country,True,2025,Oil,Conventional,Onshore conventional oil,Incomplete-flare,False,476.8,13351.0,14209.0,39338.0
Romania,Country,True,2025,Oil,Conventional,Onshore conventional oil,Vented,False,26794.3,750241.0,798471.0,2210532.0
Romania,Country,True,2025,Oil,Downstream,Downstream oil,Fugitive,False,3816.5,106861.0,113731.0,314858.0
Romania,Country,True,2025,Oil,Downstream,Downstream oil,Vented,False,16474.4,461282.0,490936.0,1359135.0
Romania,Country,True,2025,Oil,Offshore,Offshore oil,Fugitive,False,1031.5,28882.0,30738.0,85097.0
Romania,Country,True,2025,Oil,Offshore,Offshore oil,Incomplete-flare,False,73.1,2048.0,2179.0,6033.0
Romania,Country,True,2025,Oil,Offshore,Offshore oil,Vented,False,4126.0,115527.0,122954.0,340392.0
Russia,Country,False,2025,Gas,Conventional,Onshore conventional gas,Abandoned facilities,False,312444.8,8748454.0,9310855.0,25776696.0
Russia,Country,False,2025,Gas,Conventional,Onshore conventional gas,Fugitive,False,573906.7,16069387.0,17102419.0,47347300.0
Russia,Country,False,2025,Gas,Conventional,Onshore conventional gas,Vented,False,1432683.3,40115133.0,42693963.0,118196375.0
Russia,Country,False,2025,Gas,Downstream,Downstream gas,Fugitive,False,367230.0,10282440.0,10943454.0,30296475.0
Russia,Country,False,2025,Gas,Downstream,Downstream gas,Vented,False,493456.7,13816787.0,14705009.0,40710175.0
Russia,Country,False,2025,Gas,Offshore,Offshore gas,Fugitive,False,23737.7,664657.0,707384.0,1958363.0
Russia,Country,False,2025,Gas,Offshore,Offshore gas,Vented,False,59258.3,1659233.0,1765898.0,4888812.0
Russia,Country,False,2025,Gas,Unconventional,Unconventional gas,Fugitive,False,71547.3,2003325.0,2132111.0,5902655.0
Russia,Country,False,2025,Gas,Unconventional,Unconventional gas,Vented,False,178600.0,5000800.0,5322280.0,14734500.0
Russia,Country,False,2025,Oil,Conventional,Onshore conventional oil,Abandoned facilities,False,216184.0,6053152.0,6442283.0,17835180.0
Russia,Country,False,2025,Oil,Conventional,Onshore conventional oil,Fugitive,False,804030.0,22512840.0,23960094.0,66332475.0
Russia,Country,False,2025,Oil,Conventional,Onshore conventional oil,Incomplete-flare,False,1481153.3,41472293.0,44138369.0,122195150.0
Russia,Country,False,2025,Oil,Conventional,Onshore conventional oil,Vented,False,3216016.7,90048467.0,95837297.0,265321375.0
Russia,Country,False,2025,Oil,Downstream,Downstream oil,Fugitive,False,8586.7,240429.0,255885.0,708406.0
Russia,Country,False,2025,Oil,Downstream,Downstream oil,Vented,False,37072.7,1038035.0,1104765.0,3058495.0
Russia,Country,False,2025,Oil,Offshore,Offshore oil,Fugitive,False,33713.0,943964.0,1004647.0,2781322.0
Russia,Country,False,2025,Oil,Offshore,Offshore oil,Incomplete-flare,False,58937.3,1650245.0,1756333.0,4862330.0
Russia,Country,False,2025,Oil,Offshore,Offshore oil,Vented,False,134848.0,3775744.0,4018470.0,11124960.0
Russia,Country,False,2025,Satellite-detected large emitters,Satellite - downstream,Satellite - downstream,Fugitive,True,224100.0,6274800.0,6678180.0,18488250.0
Russia,Country,False,2025,Satellite-detected large emitters,Satellite - upstream,Satellite - upstream,Fugitive,True,96000.0,2688000.0,2860800.0,7920000.0
Saudi Arabia,Country,False,2025,Gas,Conventional,Onshore conventional gas,Abandoned facilities,False,2370.7,66380.0,70647.0,195584.0
Saudi Arabia,Country,False,2025,Gas,Conventional,Onshore conventional gas,Fugitive,False,21015.0,588419.0,626246.0,1733735.0
Saudi Arabia,Country,False,2025,Gas,Conventional,Onshore conventional gas,Vented,False,52461.3,1468917.0,1563348.0,4328060.0
Saudi Arabia,Country,False,2025,Gas,Downstream,Downstream gas,Fugitive,False,33382.0,934696.0,994784.0,2754015.0
Saudi Arabia,Country,False,2025,Gas,Downstream,Downstream gas,Vented,False,44856.3,1255977.0,1336719.0,3700648.0
Saudi Arabia,Country,False,2025,Gas,Offshore,Offshore gas,Fugitive,False,17589.4,492504.0,524165.0,1451128.0
Saudi Arabia,Country,False,2025,Gas,Offshore,Offshore gas,Vented,False,43910.0,1229480.0,1308518.0,3622575.0
Saudi Arabia,Country,False,2025,Gas,Unconventional,Unconventional gas,Abandoned facilities,False,77.6,2172.0,2312.0,6400.0
Saudi Arabia,Country,False,2025,Gas,Unconventional,Unconventional gas,Fugitive,False,6763.8,189385.0,201560.0,558011.0
Saudi Arabia,Country,False,2025,Gas,Unconventional,Unconventional gas,Vented,False,16883.4,472736.0,503126.0,1392883.0
Saudi Arabia,Country,False,2025,Oil,Conventional,Onshore conventional oil,Abandoned facilities,False,32892.0,920977.0,980183.0,2713593.0
Saudi Arabia,Country,False,2025,Oil,Conventional,Onshore conventional oil,Fugitive,False,187560.0,5251680.0,5589288.0,15473700.0
Saudi Arabia,Country,False,2025,Oil,Conventional,Onshore conventional oil,Incomplete-flare,False,16296.4,456299.0,485633.0,1344453.0
Saudi Arabia,Country,False,2025,Oil,Conventional,Onshore conventional oil,Vented,False,750313.3,21008773.0,22359337.0,61900850.0
Saudi Arabia,Country,False,2025,Oil,Downstream,Downstream oil,Fugitive,False,1845.5,51674.0,54996.0,152253.0
Saudi Arabia,Country,False,2025,Oil,Downstream,Downstream oil,Vented,False,7986.2,223615.0,237990.0,658864.0
Saudi Arabia,Country,False,2025,Oil,Offshore,Offshore oil,Fugitive,False,92381.0,2586668.0,2752954.0,7621432.0
Saudi Arabia,Country,False,2025,Oil,Offshore,Offshore oil,Incomplete-flare,False,7458.9,208848.0,222274.0,615356.0
Saudi Arabia,Country,False,2025,Oil,Offshore,Offshore oil,Vented,False,369560.0,10347680.0,11012888.0,30488700.0
Saudi Arabia,Country,False,2025,Satellite-detected large emitters,Satellite - downstream,Satellite - downstream,Fugitive,True,2400.0,67200.0,71520.0,198000.0
Saudi Arabia,Country,False,2025,Satellite-detected large emitters,Satellite - upstream,Satellite - upstream,Fugitive,True,600.0,16800.0,17880.0,49500.0
Senegal,Country,False,2025,Gas,Conventional,Onshore conventional gas,Fugitive,False,2391.8,66969.0,71275.0,197320.0
Senegal,Country,False,2025,Gas,Conventional,Onshore conventional gas,Vented,False,5970.7,167181.0,177928.0,492585.0
Senegal,Country,False,2025,Oil,Downstream,Downstream oil,Fugitive,False,102.4,2868.0,3053.0,8452.0
Senegal,Country,False,2025,Oil,Downstream,Downstream oil,Vented,False,443.0,12405.0,13202.0,36551.0
Senegal,Country,False,2025,Oil,Offshore,Offshore oil,Fugitive,False,6385.9,178804.0,190299.0,526834.0
Senegal,Country,False,2025,Oil,Offshore,Offshore oil,Incomplete-flare,False,4372.7,122437.0,130307.0,360750.0
Senegal,Country,False,2025,Oil,Offshore,Offshore oil,Vented,False,25543.9,715230.0,761209.0,2107374.0
Slovenia,Country,True,2025,Gas,Conventional,Onshore conventional gas,Abandoned facilities,False,9.3,261.0,278.0,769.0
Slovenia,Country,True,2025,Gas,Downstream,Downstream gas,Fugitive,False,729.5,20426.0,21739.0,60183.0
Slovenia,Country,True,2025,Gas,Downstream,Downstream gas,Vented,False,980.2,27445.0,29209.0,80865.0
Slovenia,Country,True,2025,Oil,Conventional,Onshore conventional oil,Abandoned facilities,False,4.5,125.0,134.0,370.0
Slovenia,Country,True,2025,Oil,Downstream,Downstream oil,Fugitive,False,37.9,1061.0,1130.0,3127.0
Slovenia,Country,True,2025,Oil,Downstream,Downstream oil,Vented,False,163.3,4572.0,4866.0,13470.0
South Africa,Country,False,2025,Gas,Conventional,Onshore conventional gas,Fugitive,False,2.2,61.0,65.0,179.0
South Africa,Country,False,2025,Gas,Conventional,Onshore conventional gas,Vented,False,5.4,152.0,161.0,447.0
South Africa,Country,False,2025,Gas,Downstream,Downstream gas,Fugitive,False,3050.2,85404.0,90894.0,251637.0
South Africa,Country,False,2025,Gas,Downstream,Downstream gas,Vented,False,4098.7,114763.0,122140.0,338140.0
South Africa,Country,False,2025,Oil,Conventional,Onshore conventional oil,Fugitive,False,5111.9,143133.0,152335.0,421732.0
South Africa,Country,False,2025,Oil,Conventional,Onshore conventional oil,Incomplete-flare,False,5.4,152.0,161.0,447.0
South Africa,Country,False,2025,Oil,Conventional,Onshore conventional oil,Vented,False,20446.9,572512.0,609317.0,1686866.0
South Africa,Country,False,2025,Oil,Downstream,Downstream oil,Fugitive,False,760.5,21294.0,22663.0,62742.0
South Africa,Country,False,2025,Oil,Downstream,Downstream oil,Vented,False,3289.0,92093.0,98014.0,271347.0
South Sudan,Country,False,2025,Oil,Conventional,Onshore conventional oil,Abandoned facilities,False,762.7,21357.0,22730.0,62926.0
South Sudan,Country,False,2025,Oil,Conventional,Onshore conventional oil,Fugitive,False,11121.9,311413.0,331433.0,917557.0
South Sudan,Country,False,2025,Oil,Conventional,Onshore conventional oil,Vented,False,44488.7,1245683.0,1325762.0,3670315.0
South Sudan,Country,False,2025,Oil,Downstream,Downstream oil,Fugitive,False,40.0,1121.0,1193.0,3304.0
South Sudan,Country,False,2025,Oil,Downstream,Downstream oil,Vented,False,172.9,4841.0,5152.0,14263.0
Sudan,Country,False,2025,Oil,Conventional,Onshore conventional oil,Abandoned facilities,False,204.9,5736.0,6105.0,16901.0
Sudan,Country,False,2025,Oil,Conventional,Onshore conventional oil,Fugitive,False,3819.6,106950.0,113825.0,315120.0
Sudan,Country,False,2025,Oil,Conventional,Onshore conventional oil,Incomplete-flare,False,1926.8,53949.0,57417.0,158957.0
Sudan,Country,False,2025,Oil,Conventional,Onshore conventional oil,Vented,False,15278.3,427793.0,455294.0,1260462.0
Sudan,Country,False,2025,Oil,Downstream,Downstream oil,Fugitive,False,650.8,18223.0,19394.0,53693.0
Sudan,Country,False,2025,Oil,Downstream,Downstream oil,Vented,False,2809.4,78663.0,83720.0,231776.0
Sweden,Country,True,2025,Gas,Downstream,Downstream gas,Fugitive,False,809.8,22674.0,24132.0,66808.0
Sweden,Country,True,2025,Gas,Downstream,Downstream gas,Vented,False,1088.1,30468.0,32427.0,89772.0
Sweden,Country,True,2025,Oil,Conventional,Onshore conventional oil,Abandoned facilities,False,0.7,21.0,22.0,61.0
Sweden,Country,True,2025,Oil,Downstream,Downstream oil,Fugitive,False,174.5,4887.0,5201.0,14400.0
Sweden,Country,True,2025,Oil,Downstream,Downstream oil,Vented,False,753.2,21091.0,22447.0,62143.0
Syria,Country,False,2025,Gas,Conventional,Onshore conventional gas,Abandoned facilities,False,3886.3,108818.0,115813.0,320623.0
Syria,Country,False,2025,Gas,Conventional,Onshore conventional gas,Fugitive,False,22402.8,627279.0,667604.0,1848234.0
Syria,Country,False,2025,Gas,Conventional,Onshore conventional gas,Vented,False,55924.0,1565872.0,1666535.0,4613730.0
Syria,Country,False,2025,Gas,Downstream,Downstream gas,Fugitive,False,20150.6,564218.0,600489.0,1662427.0
Syria,Country,False,2025,Gas,Downstream,Downstream gas,Vented,False,27076.2,758134.0,806871.0,2233786.0
Syria,Country,False,2025,Oil,Conventional,Onshore conventional oil,Abandoned facilities,False,20864.7,584212.0,621768.0,1721339.0
Syria,Country,False,2025,Oil,Conventional,Onshore conventional oil,Fugitive,False,55018.3,1540513.0,1639546.0,4539012.0
Syria,Country,False,2025,Oil,Conventional,Onshore conventional oil,Incomplete-flare,False,89029.7,2492831.0,2653084.0,7344947.0
Syria,Country,False,2025,Oil,Conventional,Onshore conventional oil,Vented,False,220073.3,6162053.0,6558185.0,18156050.0
Syria,Country,False,2025,Oil,Downstream,Downstream oil,Fugitive,False,1681.6,47084.0,50111.0,138731.0
Syria,Country,False,2025,Oil,Downstream,Downstream oil,Vented,False,7260.6,203298.0,216367.0,599002.0
Syria,Country,False,2025,Satellite-detected large emitters,Satellite - downstream,Satellite - downstream,Fugitive,True,28300.0,792400.0,843340.0,2334750.0
Syria,Country,False,2025,Satellite-detected large emitters,Satellite - upstream,Satellite - upstream,Fugitive,True,113300.0,3172400.0,3376340.0,9347250.0
Tanzania,Country,False,2025,Gas,Conventional,Onshore conventional gas,Fugitive,False,1453.6,40700.0,43316.0,119919.0
Tanzania,Country,False,2025,Gas,Conventional,Onshore conventional gas,Vented,False,3628.7,101603.0,108134.0,299365.0
Tanzania,Country,False,2025,Gas,Downstream,Downstream gas,Fugitive,False,2567.7,71895.0,76517.0,211833.0
Tanzania,Country,False,2025,Gas,Downstream,Downstream gas,Vented,False,3450.2,96605.0,102815.0,284639.0
Tanzania,Country,False,2025,Gas,Offshore,Offshore gas,Fugitive,False,1038.0,29064.0,30932.0,85634.0
Tanzania,Country,False,2025,Gas,Offshore,Offshore gas,Vented,False,2591.2,72554.0,77219.0,213776.0
Tanzania,Country,False,2025,Oil,Downstream,Downstream oil,Fugitive,False,225.6,6318.0,6724.0,18615.0
Tanzania,Country,False,2025,Oil,Downstream,Downstream oil,Vented,False,974.6,27288.0,29042.0,80402.0
Thailand,Country,False,2025,Gas,Conventional,Onshore conventional gas,Abandoned facilities,False,1482.3,41505.0,44173.0,122291.0
Thailand,Country,False,2025,Gas,Conventional,Onshore conventional gas,Fugitive,False,2392.8,66998.0,71305.0,197404.0
Thailand,Country,False,2025,Gas,Conventional,Onshore conventional gas,Vented,False,5973.1,167248.0,177999.0,492784.0
Thailand,Country,False,2025,Gas,Downstream,Downstream gas,Fugitive,False,75200.0,2105600.0,2240960.0,6204000.0
Thailand,Country,False,2025,Gas,Downstream,Downstream gas,Vented,False,101045.3,2829269.0,3011151.0,8336240.0
Thailand,Country,False,2025,Gas,Offshore,Offshore gas,Fugitive,False,48396.7,1355107.0,1442221.0,3992725.0
Thailand,Country,False,2025,Gas,Offshore,Offshore gas,Vented,False,120813.0,3382764.0,3600227.0,9967072.0
Thailand,Country,False,2025,Oil,Conventional,Onshore conventional oil,Abandoned facilities,False,1469.1,41134.0,43779.0,121200.0
Thailand,Country,False,2025,Oil,Conventional,Onshore conventional oil,Fugitive,False,3934.4,110162.0,117244.0,324585.0
Thailand,Country,False,2025,Oil,Conventional,Onshore conventional oil,Incomplete-flare,False,5008.2,140230.0,149244.0,413177.0
Thailand,Country,False,2025,Oil,Conventional,Onshore conventional oil,Vented,False,15737.7,440657.0,468984.0,1298363.0
Thailand,Country,False,2025,Oil,Downstream,Downstream oil,Fugitive,False,3658.0,102425.0,109009.0,301788.0
Thailand,Country,False,2025,Oil,Downstream,Downstream oil,Vented,False,15777.6,441772.0,470171.0,1301649.0
Thailand,Country,False,2025,Oil,Offshore,Offshore oil,Fugitive,False,25090.2,702527.0,747689.0,2069944.0
Thailand,Country,False,2025,Oil,Offshore,Offshore oil,Incomplete-flare,False,2783.0,77924.0,82933.0,229596.0
Thailand,Country,False,2025,Oil,Offshore,Offshore oil,Vented,False,100363.0,2810164.0,2990817.0,8279948.0
Togo,Country,False,2025,Gas,Downstream,Downstream gas,Fugitive,False,173.3,4853.0,5165.0,14298.0
Togo,Country,False,2025,Gas,Downstream,Downstream gas,Vented,False,232.9,6521.0,6940.0,19212.0
Togo,Country,False,2025,Oil,Downstream,Downstream oil,Fugitive,False,33.1,926.0,985.0,2727.0
Togo,Country,False,2025,Oil,Downstream,Downstream oil,Vented,False,142.8,3999.0,4256.0,11783.0
Trinidad and Tobago,Country,False,2025,Gas,Conventional,Onshore conventional gas,Abandoned facilities,False,478.6,13400.0,14262.0,39483.0
Trinidad and Tobago,Country,False,2025,Gas,Conventional,Onshore conventional gas,Fugitive,False,1259.9,35277.0,37545.0,103942.0
Trinidad and Tobago,Country,False,2025,Gas,Conventional,Onshore conventional gas,Vented,False,3145.1,88064.0,93725.0,259474.0
Trinidad and Tobago,Country,False,2025,Gas,Downstream,Downstream gas,Fugitive,False,13191.6,369366.0,393111.0,1088310.0
Trinidad and Tobago,Country,False,2025,Gas,Downstream,Downstream gas,Vented,False,17725.7,496321.0,528227.0,1462373.0
Trinidad and Tobago,Country,False,2025,Gas,Offshore,Offshore gas,Fugitive,False,26413.0,739564.0,787107.0,2179072.0
Trinidad and Tobago,Country,False,2025,Gas,Offshore,Offshore gas,Vented,False,65935.7,1846199.0,1964883.0,5439692.0
Trinidad and Tobago,Country,False,2025,Oil,Conventional,Onshore conventional oil,Abandoned facilities,False,999.6,27989.0,29788.0,82467.0
Trinidad and Tobago,Country,False,2025,Oil,Conventional,Onshore conventional oil,Fugitive,False,2307.4,64608.0,68762.0,190364.0
Trinidad and Tobago,Country,False,2025,Oil,Conventional,Onshore conventional oil,Incomplete-flare,False,2927.6,81973.0,87243.0,241529.0
Trinidad and Tobago,Country,False,2025,Oil,Conventional,Onshore conventional oil,Vented,False,9229.5,258425.0,275038.0,761431.0
Trinidad and Tobago,Country,False,2025,Oil,Downstream,Downstream oil,Fugitive,False,106.6,2985.0,3177.0,8795.0
Trinidad and Tobago,Country,False,2025,Oil,Downstream,Downstream oil,Vented,False,460.0,12880.0,13708.0,37951.0
Trinidad and Tobago,Country,False,2025,Oil,Offshore,Offshore oil,Fugitive,False,3117.9,87301.0,92914.0,257228.0
Trinidad and Tobago,Country,False,2025,Oil,Offshore,Offshore oil,Incomplete-flare,False,2457.3,68805.0,73228.0,202728.0
Trinidad and Tobago,Country,False,2025,Oil,Offshore,Offshore oil,Vented,False,12471.3,349195.0,371644.0,1028880.0
Tunisia,Country,False,2025,Gas,Conventional,Onshore conventional gas,Abandoned facilities,False,179.9,5037.0,5361.0,14842.0
Tunisia,Country,False,2025,Gas,Conventional,Onshore conventional gas,Fugitive,False,1445.8,40483.0,43086.0,119280.0
Tunisia,Country,False,2025,Gas,Conventional,Onshore conventional gas,Vented,False,3609.3,101059.0,107556.0,297765.0
Tunisia,Country,False,2025,Gas,Downstream,Downstream gas,Fugitive,False,6636.4,185819.0,197765.0,547503.0
Tunisia,Country,False,2025,Gas,Downstream,Downstream gas,Vented,False,8917.2,249681.0,265732.0,735666.0
Tunisia,Country,False,2025,Gas,Offshore,Offshore gas,Fugitive,False,931.1,26070.0,27746.0,76814.0
Tunisia,Country,False,2025,Gas,Offshore,Offshore gas,Vented,False,2324.3,65080.0,69264.0,191755.0
Tunisia,Country,False,2025,Oil,Conventional,Onshore conventional oil,Abandoned facilities,False,995.7,27880.0,29673.0,82148.0
Tunisia,Country,False,2025,Oil,Conventional,Onshore conventional oil,Fugitive,False,2098.8,58768.0,62545.0,173154.0
Tunisia,Country,False,2025,Oil,Conventional,Onshore conventional oil,Incomplete-flare,False,2999.7,83990.0,89390.0,247471.0
Tunisia,Country,False,2025,Oil,Conventional,Onshore conventional oil,Vented,False,8395.2,235067.0,250178.0,692607.0
Tunisia,Country,False,2025,Oil,Downstream,Downstream oil,Fugitive,False,336.6,9423.0,10029.0,27765.0
Tunisia,Country,False,2025,Oil,Downstream,Downstream oil,Vented,False,1453.6,40700.0,43316.0,119919.0
Tunisia,Country,False,2025,Oil,Offshore,Offshore oil,Fugitive,False,874.2,24479.0,26052.0,72125.0
Tunisia,Country,False,2025,Oil,Offshore,Offshore oil,Incomplete-flare,False,1073.2,30049.0,31981.0,88538.0
Tunisia,Country,False,2025,Oil,Offshore,Offshore oil,Vented,False,3496.9,97914.0,104209.0,288497.0
Turkmenistan,Country,False,2025,Gas,Conventional,Onshore conventional gas,Abandoned facilities,False,240650.3,6738208.0,7171378.0,19853648.0
Turkmenistan,Country,False,2025,Gas,Conventional,Onshore conventional gas,Fugitive,False,362086.7,10138427.0,10790183.0,29872150.0
Turkmenistan,Country,False,2025,Gas,Conventional,Onshore conventional gas,Vented,False,903880.0,25308640.0,26935624.0,74570100.0
Turkmenistan,Country,False,2025,Gas,Downstream,Downstream gas,Fugitive,False,159669.3,4470741.0,4758146.0,13172720.0
Turkmenistan,Country,False,2025,Gas,Downstream,Downstream gas,Vented,False,214546.7,6007307.0,6393491.0,17700100.0
Turkmenistan,Country,False,2025,Gas,Offshore,Offshore gas,Fugitive,False,22815.4,638831.0,679899.0,1882270.0
Turkmenistan,Country,False,2025,Gas,Offshore,Offshore gas,Vented,False,56954.3,1594721.0,1697239.0,4698732.0
Turkmenistan,Country,False,2025,Oil,Conventional,Onshore conventional oil,Abandoned facilities,False,30799.5,862385.0,917824.0,2540955.0
Turkmenistan,Country,False,2025,Oil,Conventional,Onshore conventional oil,Fugitive,False,76756.3,2149177.0,2287339.0,6332398.0
Turkmenistan,Country,False,2025,Oil,Conventional,Onshore conventional oil,Incomplete-flare,False,75705.7,2119759.0,2256029.0,6245718.0
Turkmenistan,Country,False,2025,Oil,Conventional,Onshore conventional oil,Vented,False,307025.3,8596709.0,9149355.0,25329590.0
Turkmenistan,Country,False,2025,Oil,Downstream,Downstream oil,Fugitive,False,1426.9,39954.0,42523.0,117723.0
Turkmenistan,Country,False,2025,Oil,Downstream,Downstream oil,Vented,False,6160.4,172492.0,183581.0,508236.0
Turkmenistan,Country,False,2025,Oil,Offshore,Offshore oil,Fugitive,False,60976.3,1707337.0,1817095.0,5030548.0
Turkmenistan,Country,False,2025,Oil,Offshore,Offshore oil,Incomplete-flare,False,68800.3,1926409.0,2050250.0,5676028.0
Turkmenistan,Country,False,2025,Oil,Offshore,Offshore oil,Vented,False,243905.7,6829359.0,7268389.0,20122218.0
Turkmenistan,Country,False,2025,Satellite-detected large emitters,Satellite - downstream,Satellite - downstream,Fugitive,True,1168800.0,32726400.0,34830240.0,96426000.0
Turkmenistan,Country,False,2025,Satellite-detected large emitters,Satellite - upstream,Satellite - upstream,Fugitive,True,1804400.0,50523200.0,53771120.0,148863000.0
Uganda,Country,False,2025,Oil,Downstream,Downstream oil,Fugitive,False,79.4,2222.0,2365.0,6548.0
Uganda,Country,False,2025,Oil,Downstream,Downstream oil,Vented,False,342.4,9587.0,10204.0,28249.0
Ukraine,Country,False,2025,Gas,Conventional,Onshore conventional gas,Abandoned facilities,False,90549.6,2535388.0,2698377.0,7470340.0
Ukraine,Country,False,2025,Gas,Conventional,Onshore conventional gas,Fugitive,False,50189.3,1405301.0,1495642.0,4140620.0
Ukraine,Country,False,2025,Gas,Conventional,Onshore conventional gas,Vented,False,125288.0,3508064.0,3733582.0,10336260.0
Ukraine,Country,False,2025,Gas,Downstream,Downstream gas,Fugitive,False,82525.7,2310719.0,2459265.0,6808368.0
Ukraine,Country,False,2025,Gas,Downstream,Downstream gas,Vented,False,110889.3,3104901.0,3304502.0,9148370.0
Ukraine,Country,False,2025,Gas,Offshore,Offshore gas,Fugitive,False,2086.4,58419.0,62175.0,172128.0
Ukraine,Country,False,2025,Gas,Offshore,Offshore gas,Vented,False,5208.3,145832.0,155207.0,429685.0
Ukraine,Country,False,2025,Oil,Conventional,Onshore conventional oil,Abandoned facilities,False,15941.0,446348.0,475042.0,1315132.0
Ukraine,Country,False,2025,Oil,Downstream,Downstream oil,Fugitive,False,2384.5,66765.0,71057.0,196718.0
Ukraine,Country,False,2025,Oil,Downstream,Downstream oil,Vented,False,10294.9,288257.0,306788.0,849329.0
Ukraine,Country,False,2025,Satellite-detected large emitters,Satellite - downstream,Satellite - downstream,Fugitive,True,2200.0,61600.0,65560.0,181500.0
United Arab Emirates,Country,False,2025,Gas,Conventional,Onshore conventional gas,Abandoned facilities,False,2731.0,76469.0,81384.0,225309.0
United Arab Emirates,Country,False,2025,Gas,Conventional,Onshore conventional gas,Fugitive,False,19977.9,559380.0,595340.0,1648174.0
United Arab Emirates,Country,False,2025,Gas,Conventional,Onshore conventional gas,Vented,False,49867.0,1396276.0,1486037.0,4114028.0
United Arab Emirates,Country,False,2025,Gas,Downstream,Downstream gas,Fugitive,False,27935.6,782196.0,832480.0,2304684.0
United Arab Emirates,Country,False,2025,Gas,Downstream,Downstream gas,Vented,False,37533.3,1050933.0,1118493.0,3096500.0
United Arab Emirates,Country,False,2025,Gas,Offshore,Offshore gas,Fugitive,False,14494.8,405854.0,431945.0,1195821.0
United Arab Emirates,Country,False,2025,Gas,Offshore,Offshore gas,Vented,False,36180.7,1013059.0,1078184.0,2984905.0
United Arab Emirates,Country,False,2025,Oil,Conventional,Onshore conventional oil,Abandoned facilities,False,6109.2,171058.0,182055.0,504010.0
United Arab Emirates,Country,False,2025,Oil,Conventional,Onshore conventional oil,Fugitive,False,71525.3,2002709.0,2131455.0,5900840.0
United Arab Emirates,Country,False,2025,Oil,Conventional,Onshore conventional oil,Incomplete-flare,False,16277.8,455779.0,485079.0,1342921.0
United Arab Emirates,Country,False,2025,Oil,Conventional,Onshore conventional oil,Vented,False,286091.3,8010557.0,8525522.0,23602535.0
United Arab Emirates,Country,False,2025,Oil,Downstream,Downstream oil,Fugitive,False,774.2,21677.0,23070.0,63869.0
United Arab Emirates,Country,False,2025,Oil,Downstream,Downstream oil,Vented,False,3338.9,93490.0,99500.0,275462.0
United Arab Emirates,Country,False,2025,Oil,Offshore,Offshore oil,Fugitive,False,83423.3,2335853.0,2486015.0,6882425.0
United Arab Emirates,Country,False,2025,Oil,Offshore,Offshore oil,Incomplete-flare,False,19009.3,532260.0,566477.0,1568267.0
United Arab Emirates,Country,False,2025,Oil,Offshore,Offshore oil,Vented,False,333680.0,9343040.0,9943664.0,27528600.0
United Arab Emirates,Country,False,2025,Satellite-detected large emitters,Satellite - downstream,Satellite - downstream,Fugitive,True,4200.0,117600.0,125160.0,346500.0
United Arab Emirates,Country,False,2025,Satellite-detected large emitters,Satellite - upstream,Satellite - upstream,Fugitive,True,1100.0,30800.0,32780.0,90750.0
United Kingdom,Country,False,2025,Gas,Conventional,Onshore conventional gas,Abandoned facilities,False,46.3,1297.0,1380.0,3820.0
United Kingdom,Country,False,2025,Gas,Conventional,Onshore conventional gas,Fugitive,False,24.6,689.0,733.0,2029.0
United Kingdom,Country,False,2025,Gas,Conventional,Onshore conventional gas,Vented,False,61.4,1719.0,1829.0,5065.0
United Kingdom,Country,False,2025,Gas,Downstream,Downstream gas,Fugitive,False,28577.1,800160.0,851599.0,2357613.0
United Kingdom,Country,False,2025,Gas,Downstream,Downstream gas,Vented,False,38395.0,1075060.0,1144171.0,3167588.0
United Kingdom,Country,False,2025,Gas,Offshore,Offshore gas,Fugitive,False,9597.2,268723.0,285998.0,791772.0
United Kingdom,Country,False,2025,Gas,Offshore,Offshore gas,Vented,False,23956.3,670776.0,713898.0,1976395.0
United Kingdom,Country,False,2025,Gas,Unconventional,Unconventional gas,Fugitive,False,195.1,5463.0,5815.0,16098.0
United Kingdom,Country,False,2025,Gas,Unconventional,Unconventional gas,Vented,False,487.1,13639.0,14516.0,40186.0
United Kingdom,Country,False,2025,Oil,Conventional,Onshore conventional oil,Abandoned facilities,False,322.4,9026.0,9606.0,26595.0
United Kingdom,Country,False,2025,Oil,Conventional,Onshore conventional oil,Fugitive,False,498.4,13956.0,14854.0,41121.0
United Kingdom,Country,False,2025,Oil,Conventional,Onshore conventional oil,Incomplete-flare,False,413.8,11587.0,12332.0,34140.0
United Kingdom,Country,False,2025,Oil,Conventional,Onshore conventional oil,Vented,False,1994.0,55832.0,59421.0,164504.0
United Kingdom,Country,False,2025,Oil,Downstream,Downstream oil,Fugitive,False,1219.7,34152.0,36348.0,100627.0
United Kingdom,Country,False,2025,Oil,Downstream,Downstream oil,Vented,False,5255.1,147144.0,156603.0,433548.0
United Kingdom,Country,False,2025,Oil,Offshore,Offshore oil,Fugitive,False,14356.5,401983.0,427825.0,1184414.0
United Kingdom,Country,False,2025,Oil,Offshore,Offshore oil,Incomplete-flare,False,5459.0,152851.0,162677.0,450365.0
United Kingdom,Country,False,2025,Oil,Offshore,Offshore oil,Vented,False,57432.3,1608105.0,1711484.0,4738168.0
United States,Country,False,2025,Gas,Conventional,Onshore conventional gas,Abandoned facilities,False,349782.0,9793897.0,10423505.0,28857019.0
United States,Country,False,2025,Gas,Conventional,Onshore conventional gas,Fugitive,False,82102.7,2298875.0,2446659.0,6773470.0
United States,Country,False,2025,Gas,Conventional,Onshore conventional gas,Vented,False,204953.3,5738693.0,6107609.0,16908650.0
United States,Country,False,2025,Gas,Downstream,Downstream gas,Fugitive,False,910833.3,25503333.0,27142833.0,75143750.0
United States,Country,False,2025,Gas,Downstream,Downstream gas,Vented,False,1223866.7,34268267.0,36471227.0,100969000.0
United States,Country,False,2025,Gas,Offshore,Offshore gas,Fugitive,False,17937.1,502239.0,534526.0,1479811.0
United States,Country,False,2025,Gas,Offshore,Offshore gas,Vented,False,44776.3,1253737.0,1334335.0,3694048.0
United States,Country,False,2025,Gas,Unconventional,Unconventional gas,Abandoned facilities,False,586404.6,16419330.0,17474858.0,48378382.0
United States,Country,False,2025,Gas,Unconventional,Unconventional gas,Fugitive,False,1963663.3,54982573.0,58517167.0,162002225.0
United States,Country,False,2025,Gas,Unconventional,Unconventional gas,Vented,False,4902033.3,137256933.0,146080593.0,404417750.0
United States,Country,False,2025,Oil,Conventional,Onshore conventional oil,Abandoned facilities,False,249221.6,6978205.0,7426804.0,20560782.0
United States,Country,False,2025,Oil,Conventional,Onshore conventional oil,Fugitive,False,298968.0,8371104.0,8909246.0,24664860.0
United States,Country,False,2025,Oil,Conventional,Onshore conventional oil,Incomplete-flare,False,46594.0,1304632.0,1388501.0,3844005.0
United States,Country,False,2025,Oil,Conventional,Onshore conventional oil,Vented,False,1195836.7,33483427.0,35635933.0,98656525.0
United States,Country,False,2025,Oil,Downstream,Downstream oil,Fugitive,False,26194.5,733445.0,780595.0,2161044.0
United States,Country,False,2025,Oil,Downstream,Downstream oil,Vented,False,113212.0,3169936.0,3373718.0,9339990.0
United States,Country,False,2025,Oil,Offshore,Offshore oil,Fugitive,False,69790.0,1954120.0,2079742.0,5757675.0
United States,Country,False,2025,Oil,Offshore,Offshore oil,Incomplete-flare,False,13147.5,368131.0,391796.0,1084672.0
United States,Country,False,2025,Oil,Offshore,Offshore oil,Vented,False,279152.0,7816256.0,8318730.0,23030040.0
United States,Country,False,2025,Oil,Unconventional,Unconventional oil,Abandoned facilities,False,188848.3,5287753.0,5627680.0,15579986.0
United States,Country,False,2025,Oil,Unconventional,Unconventional oil,Fugitive,False,794460.0,22244880.0,23674908.0,65542950.0
United States,Country,False,2025,Oil,Unconventional,Unconventional oil,Incomplete-flare,False,238376.0,6674528.0,7103605.0,19666020.0
United States,Country,False,2025,Oil,Unconventional,Unconventional oil,Vented,False,3177796.7,88978307.0,94698341.0,262168225.0
United States,Country,False,2025,Satellite-detected large emitters,Satellite - downstream,Satellite - downstream,Fugitive,True,542400.0,15187200.0,16163520.0,44748000.0
United States,Country,False,2025,Satellite-detected large emitters,Satellite - upstream,Satellite - upstream,Fugitive,True,232500.0,6510000.0,6928500.0,19181250.0
Uruguay,Country,False,2025,Gas,Downstream,Downstream gas,Fugitive,False,163.2,4569.0,4863.0,13463.0
Uruguay,Country,False,2025,Gas,Downstream,Downstream gas,Vented,False,219.3,6140.0,6534.0,18090.0
Uruguay,Country,False,2025,Oil,Downstream,Downstream oil,Fugitive,False,60.2,1687.0,1795.0,4969.0
Uruguay,Country,False,2025,Oil,Downstream,Downstream oil,Vented,False,259.9,7276.0,7744.0,21438.0
Uzbekistan,Country,False,2025,Gas,Conventional,Onshore conventional gas,Abandoned facilities,False,89613.6,2509180.0,2670484.0,7393118.0
Uzbekistan,Country,False,2025,Gas,Conventional,Onshore conventional gas,Fugitive,False,198257.7,5551215.0,5908078.0,16356258.0
Uzbekistan,Country,False,2025,Gas,Conventional,Onshore conventional gas,Vented,False,494913.3,13857573.0,14748417.0,40830350.0
Uzbekistan,Country,False,2025,Gas,Downstream,Downstream gas,Fugitive,False,168553.0,4719484.0,5022879.0,13905622.0
Uzbekistan,Country,False,2025,Gas,Downstream,Downstream gas,Vented,False,226482.3,6341505.0,6749174.0,18684792.0
Uzbekistan,Country,False,2025,Oil,Conventional,Onshore conventional oil,Abandoned facilities,False,7424.2,207877.0,221241.0,612496.0
Uzbekistan,Country,False,2025,Oil,Conventional,Onshore conventional oil,Fugitive,False,26588.2,744470.0,792328.0,2193526.0
Uzbekistan,Country,False,2025,Oil,Conventional,Onshore conventional oil,Incomplete-flare,False,29937.7,838255.0,892142.0,2469858.0
Uzbekistan,Country,False,2025,Oil,Conventional,Onshore conventional oil,Vented,False,106353.3,2977893.0,3169329.0,8774150.0
Uzbekistan,Country,False,2025,Oil,Downstream,Downstream oil,Fugitive,False,942.5,26390.0,28087.0,77758.0
Uzbekistan,Country,False,2025,Oil,Downstream,Downstream oil,Vented,False,4069.6,113948.0,121273.0,335739.0
Uzbekistan,Country,False,2025,Satellite-detected large emitters,Satellite - downstream,Satellite - downstream,Fugitive,True,38500.0,1078000.0,1147300.0,3176250.0
Uzbekistan,Country,False,2025,Satellite-detected large emitters,Satellite - upstream,Satellite - upstream,Fugitive,True,86600.0,2424800.0,2580680.0,7144500.0
Venezuela,Country,False,2025,Gas,Conventional,Onshore conventional gas,Abandoned facilities,False,14931.2,418074.0,444951.0,1231826.0
Venezuela,Country,False,2025,Gas,Conventional,Onshore conventional gas,Fugitive,False,46748.3,1308953.0,1393100.0,3856738.0
Venezuela,Country,False,2025,Gas,Conventional,Onshore conventional gas,Vented,False,116699.7,3267591.0,3477650.0,9627722.0
Venezuela,Country,False,2025,Gas,Downstream,Downstream gas,Fugitive,False,37972.7,1063235.0,1131585.0,3132745.0
Venezuela,Country,False,2025,Gas,Downstream,Downstream gas,Vented,False,51024.0,1428672.0,1520515.0,4209480.0
Venezuela,Country,False,2025,Gas,Offshore,Offshore gas,Fugitive,False,17602.2,492862.0,524546.0,1452182.0
Venezuela,Country,False,2025,Gas,Offshore,Offshore gas,Vented,False,43941.0,1230348.0,1309442.0,3625132.0
Venezuela,Country,False,2025,Oil,Conventional,Onshore conventional oil,Abandoned facilities,False,67138.4,1879876.0,2000725.0,5538919.0
Venezuela,Country,False,2025,Oil,Conventional,Onshore conventional oil,Fugitive,False,411386.7,11518827.0,12259323.0,33939400.0
Venezuela,Country,False,2025,Oil,Conventional,Onshore conventional oil,Incomplete-flare,False,495203.3,13865693.0,14757059.0,40854275.0
Venezuela,Country,False,2025,Oil,Conventional,Onshore conventional oil,Vented,False,1645543.3,46075213.0,49037191.0,135757325.0
Venezuela,Country,False,2025,Oil,Downstream,Downstream oil,Fugitive,False,2769.3,77540.0,82524.0,228465.0
Venezuela,Country,False,2025,Oil,Downstream,Downstream oil,Vented,False,11957.4,334808.0,356332.0,986488.0
Venezuela,Country,False,2025,Oil,Offshore,Offshore oil,Fugitive,False,22700.8,635622.0,676484.0,1872816.0
Venezuela,Country,False,2025,Oil,Offshore,Offshore oil,Incomplete-flare,False,88012.7,2464355.0,2622777.0,7261045.0
Venezuela,Country,False,2025,Oil,Offshore,Offshore oil,Vented,False,90803.3,2542493.0,2705939.0,7491275.0
Venezuela,Country,False,2025,Oil,Unconventional,Unconventional oil,Incomplete-flare,False,330220.7,9246179.0,9840576.0,27243205.0
Venezuela,Country,False,2025,Satellite-detected large emitters,Satellite - downstream,Satellite - downstream,Fugitive,True,90900.0,2545200.0,2708820.0,7499250.0
Venezuela,Country,False,2025,Satellite-detected large emitters,Satellite - upstream,Satellite - upstream,Fugitive,True,22700.0,635600.0,676460.0,1872750.0
Viet Nam,Country,False,2025,Gas,Conventional,Onshore conventional gas,Abandoned facilities,False,114.6,3209.0,3416.0,9456.0
Viet Nam,Country,False,2025,Gas,Conventional,Onshore conventional gas,Fugitive,False,30.5,855.0,909.0,2518.0
Viet Nam,Country,False,2025,Gas,Conventional,Onshore conventional gas,Vented,False,76.2,2133.0,2270.0,6285.0
Viet Nam,Country,False,2025,Gas,Downstream,Downstream gas,Fugitive,False,6215.4,174032.0,185220.0,512773.0
Viet Nam,Country,False,2025,Gas,Downstream,Downstream gas,Vented,False,8351.7,233849.0,248882.0,689018.0
Viet Nam,Country,False,2025,Gas,Offshore,Offshore gas,Fugitive,False,5094.9,142658.0,151829.0,420332.0
Viet Nam,Country,False,2025,Gas,Offshore,Offshore gas,Vented,False,12718.9,356129.0,379023.0,1049309.0
Viet Nam,Country,False,2025,Oil,Conventional,Onshore conventional oil,Abandoned facilities,False,67.2,1882.0,2003.0,5546.0
Viet Nam,Country,False,2025,Oil,Conventional,Onshore conventional oil,Incomplete-flare,False,110.6,3098.0,3297.0,9128.0
Viet Nam,Country,False,2025,Oil,Downstream,Downstream oil,Fugitive,False,743.2,20810.0,22148.0,61316.0
Viet Nam,Country,False,2025,Oil,Downstream,Downstream oil,Vented,False,3210.2,89884.0,95663.0,264838.0
Viet Nam,Country,False,2025,Oil,Offshore,Offshore oil,Fugitive,False,15539.6,435108.0,463079.0,1282014.0
Viet Nam,Country,False,2025,Oil,Offshore,Offshore oil,Incomplete-flare,False,1137.3,31843.0,33891.0,93824.0
Viet Nam,Country,False,2025,Oil,Offshore,Offshore oil,Vented,False,62156.7,1740387.0,1852269.0,5127925.0
Yemen,Country,False,2025,Gas,Conventional,Onshore conventional gas,Fugitive,False,81.5,2281.0,2427.0,6720.0
Yemen,Country,False,2025,Gas,Conventional,Onshore conventional gas,Vented,False,203.3,5693.0,6059.0,16775.0
Yemen,Country,False,2025,Oil,Conventional,Onshore conventional oil,Abandoned facilities,False,27844.8,779654.0,829774.0,2297194.0
Yemen,Country,False,2025,Oil,Conventional,Onshore conventional oil,Fugitive,False,23484.4,657562.0,699834.0,1937460.0
Yemen,Country,False,2025,Oil,Conventional,Onshore conventional oil,Incomplete-flare,False,29079.5,814226.0,866569.0,2399059.0
Yemen,Country,False,2025,Oil,Conventional,Onshore conventional oil,Vented,False,93937.7,2630255.0,2799342.0,7749858.0
Yemen,Country,False,2025,Oil,Downstream,Downstream oil,Fugitive,False,1591.6,44566.0,47431.0,131310.0
Yemen,Country,False,2025,Oil,Downstream,Downstream oil,Vented,False,6871.6,192404.0,204773.0,566904.0
Yemen,Country,False,2025,Satellite-detected large emitters,Satellite - downstream,Satellite - downstream,Fugitive,True,12100.0,338800.0,360580.0,998250.0
Yemen,Country,False,2025,Satellite-detected large emitters,Satellite - upstream,Satellite - upstream,Fugitive,True,3000.0,84000.0,89400.0,247500.0
