Year,Partner_Code,Partner_Name,Partner_Is_EU27,Flow_Type,HS6,Product,Product_Group,Regulation,Quantity_t,Value_EUR,Value_USD,USD_per_EUR,Unit_Value_USD_per_t
2015,AE,United Arab Emirates,False,Extra-EU,270900,Crude oil,Oil & gas,EU Methane Regulation,1094556.968,368946433.0,409346067.0,1.1095,373.98
2015,AE,United Arab Emirates,False,Extra-EU,271111,LNG,Oil & gas,EU Methane Regulation,61468.425,16335632.0,18124384.0,1.1095,294.86
2015,AE,United Arab Emirates,False,Extra-EU,290339,"Fluorinated hydrocarbons (pre-2022 code, incl. HFCs)",F-gases (HFCs),F-gas Regulation,9.35,32292.0,35828.0,1.1095,3831.87
2015,AE,United Arab Emirates,False,Extra-EU,390461,PTFE,Fluoropolymers,PFAS restriction (proposed),0.314,4182.0,4640.0,1.1095,14777.07
2015,AE,United Arab Emirates,False,Extra-EU,390469,Other fluoropolymers,Fluoropolymers,PFAS restriction (proposed),7.075,13205.0,14651.0,1.1095,2070.81
2015,AL,Albania,False,Extra-EU,270900,Crude oil,Oil & gas,EU Methane Regulation,483867.2,117464676.0,130327058.0,1.1095,269.34
2015,AO,Angola,False,Extra-EU,270900,Crude oil,Oil & gas,EU Methane Regulation,18784014.946,6522797368.0,7237043680.0,1.1095,385.28
2015,AR,Argentina,False,Extra-EU,270900,Crude oil,Oil & gas,EU Methane Regulation,0.002,31.0,34.0,1.1095,17000.0
2015,AR,Argentina,False,Extra-EU,271111,LNG,Oil & gas,EU Methane Regulation,43801.424,13510221.0,14989590.0,1.1095,342.22
2015,AR,Argentina,False,Extra-EU,390461,PTFE,Fluoropolymers,PFAS restriction (proposed),0.009,654.0,726.0,1.1095,80666.67
2015,AT,Austria,True,Intra-EU,270900,Crude oil,Oil & gas,EU Methane Regulation,814.958,356952.0,396038.0,1.1095,485.96
2015,AT,Austria,True,Intra-EU,271111,LNG,Oil & gas,EU Methane Regulation,2233.53,974379.0,1081074.0,1.1095,484.02
2015,AT,Austria,True,Intra-EU,271121,Pipeline natural gas,Oil & gas,EU Methane Regulation,3702983.608,1257619476.0,1395328809.0,1.1095,376.81
2015,AT,Austria,True,Intra-EU,290339,"Fluorinated hydrocarbons (pre-2022 code, incl. HFCs)",F-gases (HFCs),F-gas Regulation,79.932,331477.0,367774.0,1.1095,4601.09
2015,AT,Austria,True,Intra-EU,390461,PTFE,Fluoropolymers,PFAS restriction (proposed),45.771,372724.0,413537.0,1.1095,9034.91
2015,AT,Austria,True,Intra-EU,390469,Other fluoropolymers,Fluoropolymers,PFAS restriction (proposed),67.562,481188.0,533878.0,1.1095,7902.05
2015,AU,Australia,False,Extra-EU,270900,Crude oil,Oil & gas,EU Methane Regulation,0.133,325.0,361.0,1.1095,2714.29
2015,AU,Australia,False,Extra-EU,271111,LNG,Oil & gas,EU Methane Regulation,0.001,3975.0,4410.0,1.1095,4410000.0
2015,AU,Australia,False,Extra-EU,290339,"Fluorinated hydrocarbons (pre-2022 code, incl. HFCs)",F-gases (HFCs),F-gas Regulation,0.021,517.0,574.0,1.1095,27333.33
2015,AU,Australia,False,Extra-EU,390461,PTFE,Fluoropolymers,PFAS restriction (proposed),0.041,5810.0,6446.0,1.1095,157219.51
2015,AZ,Azerbaijan,False,Extra-EU,270900,Crude oil,Oil & gas,EU Methane Regulation,27073855.19,10262682807.0,11386446574.0,1.1095,420.57
2015,BB,Barbados,False,Extra-EU,270900,Crude oil,Oil & gas,EU Methane Regulation,0.009,135.0,150.0,1.1095,16666.67
2015,BD,Bangladesh,False,Extra-EU,270900,Crude oil,Oil & gas,EU Methane Regulation,0.001,101.0,112.0,1.1095,112000.0
2015,BE,Belgium,True,Intra-EU,270900,Crude oil,Oil & gas,EU Methane Regulation,2535788.801,1042180303.0,1156299046.0,1.1095,455.99
2015,BE,Belgium,True,Intra-EU,271111,LNG,Oil & gas,EU Methane Regulation,970.88,9942358.0,11031046.0,1.1095,11361.9
2015,BE,Belgium,True,Intra-EU,271121,Pipeline natural gas,Oil & gas,EU Methane Regulation,147033.713,8374235322.0,9291214090.0,1.1095,63191.05
2015,BE,Belgium,True,Intra-EU,290339,"Fluorinated hydrocarbons (pre-2022 code, incl. HFCs)",F-gases (HFCs),F-gas Regulation,4939.699,17677305.0,19612970.0,1.1095,3970.48
2015,BE,Belgium,True,Intra-EU,390461,PTFE,Fluoropolymers,PFAS restriction (proposed),2349.734,24806063.0,27522327.0,1.1095,11712.95
2015,BE,Belgium,True,Intra-EU,390469,Other fluoropolymers,Fluoropolymers,PFAS restriction (proposed),4859.415,90478665.0,100386079.0,1.1095,20658.06
2015,BG,Bulgaria,True,Intra-EU,290339,"Fluorinated hydrocarbons (pre-2022 code, incl. HFCs)",F-gases (HFCs),F-gas Regulation,0.968,4025.0,4466.0,1.1095,4613.64
2015,BG,Bulgaria,True,Intra-EU,390461,PTFE,Fluoropolymers,PFAS restriction (proposed),5.171,64416.0,71470.0,1.1095,13821.31
2015,BG,Bulgaria,True,Intra-EU,390469,Other fluoropolymers,Fluoropolymers,PFAS restriction (proposed),144.047,78846.0,87480.0,1.1095,607.3
2015,BH,Bahrain,False,Extra-EU,270900,Crude oil,Oil & gas,EU Methane Regulation,0.006,331.0,367.0,1.1095,61166.67
2015,BN,Brunei Darussalam,False,Extra-EU,270900,Crude oil,Oil & gas,EU Methane Regulation,0.018,7.0,8.0,1.1095,444.44
2015,BO,Bolivia,False,Extra-EU,270900,Crude oil,Oil & gas,EU Methane Regulation,0.008,1464.0,1624.0,1.1095,203000.0
2015,BR,Brazil,False,Extra-EU,270900,Crude oil,Oil & gas,EU Methane Regulation,2880943.892,749797653.0,831900496.0,1.1095,288.76
2015,BR,Brazil,False,Extra-EU,271111,LNG,Oil & gas,EU Methane Regulation,0.0,695.0,771.0,1.1095,
2015,BR,Brazil,False,Extra-EU,390461,PTFE,Fluoropolymers,PFAS restriction (proposed),0.006,130.0,144.0,1.1095,24000.0
2015,BR,Brazil,False,Extra-EU,390469,Other fluoropolymers,Fluoropolymers,PFAS restriction (proposed),120.0,2054500.0,2279468.0,1.1095,18995.57
2015,CA,Canada,False,Extra-EU,270900,Crude oil,Oil & gas,EU Methane Regulation,1138534.231,408554386.0,453291091.0,1.1095,398.14
2015,CA,Canada,False,Extra-EU,290339,"Fluorinated hydrocarbons (pre-2022 code, incl. HFCs)",F-gases (HFCs),F-gas Regulation,0.161,11590.0,12859.0,1.1095,79869.57
2015,CA,Canada,False,Extra-EU,390461,PTFE,Fluoropolymers,PFAS restriction (proposed),13.092,109873.0,121904.0,1.1095,9311.34
2015,CA,Canada,False,Extra-EU,390469,Other fluoropolymers,Fluoropolymers,PFAS restriction (proposed),22.78,333904.0,370466.0,1.1095,16262.77
2015,CD,"Congo, The Democratic Republic of the",False,Extra-EU,270900,Crude oil,Oil & gas,EU Methane Regulation,0.01,290.0,322.0,1.1095,32200.0
2015,CG,Congo,False,Extra-EU,270900,Crude oil,Oil & gas,EU Methane Regulation,3269737.91,1133919197.0,1258083349.0,1.1095,384.77
2015,CH,Switzerland,False,Extra-EU,270900,Crude oil,Oil & gas,EU Methane Regulation,4.981,6816.0,7562.0,1.1095,1518.17
2015,CH,Switzerland,False,Extra-EU,271121,Pipeline natural gas,Oil & gas,EU Methane Regulation,153976.425,67889498.0,75323398.0,1.1095,489.19
2015,CH,Switzerland,False,Extra-EU,290339,"Fluorinated hydrocarbons (pre-2022 code, incl. HFCs)",F-gases (HFCs),F-gas Regulation,17.815,378625.0,420084.0,1.1095,23580.35
2015,CH,Switzerland,False,Extra-EU,390461,PTFE,Fluoropolymers,PFAS restriction (proposed),566.497,4392660.0,4873656.0,1.1095,8603.15
2015,CH,Switzerland,False,Extra-EU,390469,Other fluoropolymers,Fluoropolymers,PFAS restriction (proposed),655.625,5512209.0,6115796.0,1.1095,9328.19
2015,CI,Côte d'Ivoire,False,Extra-EU,270900,Crude oil,Oil & gas,EU Methane Regulation,1160106.693,412912605.0,458126535.0,1.1095,394.9
2015,CM,Cameroon,False,Extra-EU,270900,Crude oil,Oil & gas,EU Methane Regulation,1689374.956,564210110.0,625991117.0,1.1095,370.55
2015,CN,China,False,Extra-EU,270900,Crude oil,Oil & gas,EU Methane Regulation,4.0,1564.0,1735.0,1.1095,433.75
2015,CN,China,False,Extra-EU,290339,"Fluorinated hydrocarbons (pre-2022 code, incl. HFCs)",F-gases (HFCs),F-gas Regulation,42255.752,159175467.0,176605181.0,1.1095,4179.44
2015,CN,China,False,Extra-EU,390461,PTFE,Fluoropolymers,PFAS restriction (proposed),6018.017,37096372.0,41158425.0,1.1095,6839.2
2015,CN,China,False,Extra-EU,390469,Other fluoropolymers,Fluoropolymers,PFAS restriction (proposed),2190.051,19761970.0,21925906.0,1.1095,10011.6
2015,CO,Colombia,False,Extra-EU,270900,Crude oil,Oil & gas,EU Methane Regulation,5015006.383,1462391861.0,1622523770.0,1.1095,323.53
2015,CO,Colombia,False,Extra-EU,390469,Other fluoropolymers,Fluoropolymers,PFAS restriction (proposed),0.012,516.0,573.0,1.1095,47750.0
2015,CR,Costa Rica,False,Extra-EU,270900,Crude oil,Oil & gas,EU Methane Regulation,0.003,221.0,245.0,1.1095,81666.67
2015,CY,Cyprus,True,Intra-EU,290339,"Fluorinated hydrocarbons (pre-2022 code, incl. HFCs)",F-gases (HFCs),F-gas Regulation,12.329,105405.0,116947.0,1.1095,9485.52
2015,CY,Cyprus,True,Intra-EU,390469,Other fluoropolymers,Fluoropolymers,PFAS restriction (proposed),72.0,33498.0,37166.0,1.1095,516.19
2015,CZ,Czechia,True,Intra-EU,270900,Crude oil,Oil & gas,EU Methane Regulation,28165.081,9397713.0,10426763.0,1.1095,370.2
2015,CZ,Czechia,True,Intra-EU,271111,LNG,Oil & gas,EU Methane Regulation,3.749,194753.0,216078.0,1.1095,57636.17
2015,CZ,Czechia,True,Intra-EU,271121,Pipeline natural gas,Oil & gas,EU Methane Regulation,0.0,0.0,0.0,1.1095,
2015,CZ,Czechia,True,Intra-EU,290339,"Fluorinated hydrocarbons (pre-2022 code, incl. HFCs)",F-gases (HFCs),F-gas Regulation,410.115,1862147.0,2066052.0,1.1095,5037.74
2015,CZ,Czechia,True,Intra-EU,390461,PTFE,Fluoropolymers,PFAS restriction (proposed),4.055,110784.0,122915.0,1.1095,30311.96
2015,CZ,Czechia,True,Intra-EU,390469,Other fluoropolymers,Fluoropolymers,PFAS restriction (proposed),16.575,442981.0,491487.0,1.1095,29652.31
2015,DE,Germany,True,Intra-EU,270900,Crude oil,Oil & gas,EU Methane Regulation,204435.658,80737957.0,89578763.0,1.1095,438.18
2015,DE,Germany,True,Intra-EU,271111,LNG,Oil & gas,EU Methane Regulation,5634.581,2406972.0,2670535.0,1.1095,473.95
2015,DE,Germany,True,Intra-EU,271121,Pipeline natural gas,Oil & gas,EU Methane Regulation,5225889.857,3184620913.0,3533336903.0,1.1095,676.12
2015,DE,Germany,True,Intra-EU,290339,"Fluorinated hydrocarbons (pre-2022 code, incl. HFCs)",F-gases (HFCs),F-gas Regulation,10513.362,56656082.0,62859923.0,1.1095,5979.05
2015,DE,Germany,True,Intra-EU,390461,PTFE,Fluoropolymers,PFAS restriction (proposed),4689.062,59684930.0,66220430.0,1.1095,14122.32
2015,DE,Germany,True,Intra-EU,390469,Other fluoropolymers,Fluoropolymers,PFAS restriction (proposed),4358.237,73356325.0,81388843.0,1.1095,18674.72
2015,DK,Denmark,True,Intra-EU,270900,Crude oil,Oil & gas,EU Methane Regulation,3878393.167,1188413666.0,1318544962.0,1.1095,339.97
2015,DK,Denmark,True,Intra-EU,271121,Pipeline natural gas,Oil & gas,EU Methane Regulation,520020.514,175334194.0,194533288.0,1.1095,374.09
2015,DK,Denmark,True,Intra-EU,290339,"Fluorinated hydrocarbons (pre-2022 code, incl. HFCs)",F-gases (HFCs),F-gas Regulation,16.38,196175.0,217656.0,1.1095,13287.91
2015,DK,Denmark,True,Intra-EU,390461,PTFE,Fluoropolymers,PFAS restriction (proposed),10.469,202788.0,224993.0,1.1095,21491.36
2015,DK,Denmark,True,Intra-EU,390469,Other fluoropolymers,Fluoropolymers,PFAS restriction (proposed),5.662,143029.0,158691.0,1.1095,28027.38
2015,DZ,Algeria,False,Extra-EU,270900,Crude oil,Oil & gas,EU Methane Regulation,24992005.913,9899231088.0,10983196892.0,1.1095,439.47
2015,DZ,Algeria,False,Extra-EU,271111,LNG,Oil & gas,EU Methane Regulation,3412175.414,2271008800.0,2519684264.0,1.1095,738.44
2015,DZ,Algeria,False,Extra-EU,271121,Pipeline natural gas,Oil & gas,EU Methane Regulation,16701613.298,5513410542.0,6117128996.0,1.1095,366.26
2015,EC,Ecuador,False,Extra-EU,270900,Crude oil,Oil & gas,EU Methane Regulation,0.015,750.0,832.0,1.1095,55466.67
2015,EE,Estonia,True,Intra-EU,270900,Crude oil,Oil & gas,EU Methane Regulation,147178.293,49168061.0,54551964.0,1.1095,370.65
2015,EE,Estonia,True,Intra-EU,290339,"Fluorinated hydrocarbons (pre-2022 code, incl. HFCs)",F-gases (HFCs),F-gas Regulation,0.122,635.0,705.0,1.1095,5778.69
2015,EE,Estonia,True,Intra-EU,390461,PTFE,Fluoropolymers,PFAS restriction (proposed),2.215,20661.0,22923.0,1.1095,10348.98
2015,EE,Estonia,True,Intra-EU,390469,Other fluoropolymers,Fluoropolymers,PFAS restriction (proposed),0.003,9.0,10.0,1.1095,3333.33
2015,EG,Egypt,False,Extra-EU,270900,Crude oil,Oil & gas,EU Methane Regulation,7947906.41,2880399830.0,3195803611.0,1.1095,402.09
2015,ES,Spain,True,Intra-EU,270900,Crude oil,Oil & gas,EU Methane Regulation,758.69,345937.0,383817.0,1.1095,505.89
2015,ES,Spain,True,Intra-EU,271111,LNG,Oil & gas,EU Methane Regulation,59245.83,27257886.0,30242625.0,1.1095,510.46
2015,ES,Spain,True,Intra-EU,271121,Pipeline natural gas,Oil & gas,EU Methane Regulation,2363631.078,837933414.0,929687123.0,1.1095,393.33
2015,ES,Spain,True,Intra-EU,290339,"Fluorinated hydrocarbons (pre-2022 code, incl. HFCs)",F-gases (HFCs),F-gas Regulation,1740.621,6905578.0,7661739.0,1.1095,4401.73
2015,ES,Spain,True,Intra-EU,390461,PTFE,Fluoropolymers,PFAS restriction (proposed),295.412,800614.0,888281.0,1.1095,3006.92
2015,ES,Spain,True,Intra-EU,390469,Other fluoropolymers,Fluoropolymers,PFAS restriction (proposed),148.518,1161834.0,1289055.0,1.1095,8679.45
2015,ET,Ethiopia,False,Extra-EU,271111,LNG,Oil & gas,EU Methane Regulation,116909.635,37807232.0,41947124.0,1.1095,358.8
2015,FI,Finland,True,Intra-EU,270900,Crude oil,Oil & gas,EU Methane Regulation,460.014,230547.0,255792.0,1.1095,556.05
2015,FI,Finland,True,Intra-EU,290339,"Fluorinated hydrocarbons (pre-2022 code, incl. HFCs)",F-gases (HFCs),F-gas Regulation,128.866,461426.0,511952.0,1.1095,3972.75
2015,FI,Finland,True,Intra-EU,390461,PTFE,Fluoropolymers,PFAS restriction (proposed),29.888,305707.0,339182.0,1.1095,11348.43
2015,FI,Finland,True,Intra-EU,390469,Other fluoropolymers,Fluoropolymers,PFAS restriction (proposed),48.556,1995129.0,2213596.0,1.1095,45588.52
2015,FR,France,True,Intra-EU,270900,Crude oil,Oil & gas,EU Methane Regulation,121234.716,54000166.0,59913184.0,1.1095,494.19
2015,FR,France,True,Intra-EU,271111,LNG,Oil & gas,EU Methane Regulation,7744.628,988133.0,1096334.0,1.1095,141.56
2015,FR,France,True,Intra-EU,271121,Pipeline natural gas,Oil & gas,EU Methane Regulation,118960.966,44256416.0,49102494.0,1.1095,412.76
2015,FR,France,True,Intra-EU,290339,"Fluorinated hydrocarbons (pre-2022 code, incl. HFCs)",F-gases (HFCs),F-gas Regulation,11821.397,60243435.0,66840091.0,1.1095,5654.16
2015,FR,France,True,Intra-EU,390461,PTFE,Fluoropolymers,PFAS restriction (proposed),119.552,2443002.0,2710511.0,1.1095,22672.23
2015,FR,France,True,Intra-EU,390469,Other fluoropolymers,Fluoropolymers,PFAS restriction (proposed),8157.167,110655445.0,122772216.0,1.1095,15050.84
2015,GA,Gabon,False,Extra-EU,270900,Crude oil,Oil & gas,EU Methane Regulation,3731271.204,1285005493.0,1425713594.0,1.1095,382.1
2015,GB,United Kingdom,False,Extra-EU,270900,Crude oil,Oil & gas,EU Methane Regulation,23345655.83,8326776353.0,9238558364.0,1.1095,395.73
2015,GB,United Kingdom,False,Extra-EU,271111,LNG,Oil & gas,EU Methane Regulation,90120.805,34729180.0,38532025.0,1.1095,427.56
2015,GB,United Kingdom,False,Extra-EU,271121,Pipeline natural gas,Oil & gas,EU Methane Regulation,9898232.874,2734414783.0,3033833202.0,1.1095,306.5
2015,GB,United Kingdom,False,Extra-EU,290339,"Fluorinated hydrocarbons (pre-2022 code, incl. HFCs)",F-gases (HFCs),F-gas Regulation,8218.451,43848433.0,48649836.0,1.1095,5919.59
2015,GB,United Kingdom,False,Extra-EU,390461,PTFE,Fluoropolymers,PFAS restriction (proposed),1437.568,19090488.0,21180896.0,1.1095,14733.84
2015,GB,United Kingdom,False,Extra-EU,390469,Other fluoropolymers,Fluoropolymers,PFAS restriction (proposed),1148.93,13511023.0,14990480.0,1.1095,13047.34
2015,GE,Georgia,False,Extra-EU,270900,Crude oil,Oil & gas,EU Methane Regulation,254833.944,87728242.0,97334484.0,1.1095,381.95
2015,GH,Ghana,False,Extra-EU,270900,Crude oil,Oil & gas,EU Methane Regulation,2077678.098,759295753.0,842438638.0,1.1095,405.47
2015,GI,Gibraltar,False,Extra-EU,270900,Crude oil,Oil & gas,EU Methane Regulation,0.003,125.0,139.0,1.1095,46333.33
2015,GL,Greenland,False,Extra-EU,270900,Crude oil,Oil & gas,EU Methane Regulation,0.005,60.0,67.0,1.1095,13400.0
2015,GQ,Equatorial Guinea,False,Extra-EU,270900,Crude oil,Oil & gas,EU Methane Regulation,4752084.926,1717560143.0,1905632979.0,1.1095,401.01
2015,GR,Greece,True,Intra-EU,290339,"Fluorinated hydrocarbons (pre-2022 code, incl. HFCs)",F-gases (HFCs),F-gas Regulation,34.521,138002.0,153113.0,1.1095,4435.36
2015,GR,Greece,True,Intra-EU,390461,PTFE,Fluoropolymers,PFAS restriction (proposed),1.591,42322.0,46956.0,1.1095,29513.51
2015,GR,Greece,True,Intra-EU,390469,Other fluoropolymers,Fluoropolymers,PFAS restriction (proposed),0.085,2394.0,2656.0,1.1095,31247.06
2015,GT,Guatemala,False,Extra-EU,270900,Crude oil,Oil & gas,EU Methane Regulation,39679.0,10993464.0,12197248.0,1.1095,307.4
2015,HK,Hong Kong,False,Extra-EU,290339,"Fluorinated hydrocarbons (pre-2022 code, incl. HFCs)",F-gases (HFCs),F-gas Regulation,93.501,580946.0,644560.0,1.1095,6893.62
2015,HK,Hong Kong,False,Extra-EU,390461,PTFE,Fluoropolymers,PFAS restriction (proposed),23.214,134366.0,149079.0,1.1095,6421.94
2015,HK,Hong Kong,False,Extra-EU,390469,Other fluoropolymers,Fluoropolymers,PFAS restriction (proposed),0.083,8594.0,9535.0,1.1095,114879.52
2015,HR,Croatia,True,Intra-EU,271121,Pipeline natural gas,Oil & gas,EU Methane Regulation,169894.885,50445418.0,55969191.0,1.1095,329.43
2015,HR,Croatia,True,Intra-EU,290339,"Fluorinated hydrocarbons (pre-2022 code, incl. HFCs)",F-gases (HFCs),F-gas Regulation,0.714,5899.0,6545.0,1.1095,9166.67
2015,HU,Hungary,True,Intra-EU,270900,Crude oil,Oil & gas,EU Methane Regulation,81413.86,27773947.0,30815194.0,1.1095,378.5
2015,HU,Hungary,True,Intra-EU,271111,LNG,Oil & gas,EU Methane Regulation,923.269,360652.0,400143.0,1.1095,433.4
2015,HU,Hungary,True,Intra-EU,271121,Pipeline natural gas,Oil & gas,EU Methane Regulation,288249.799,111818193.0,124062285.0,1.1095,430.4
2015,HU,Hungary,True,Intra-EU,290339,"Fluorinated hydrocarbons (pre-2022 code, incl. HFCs)",F-gases (HFCs),F-gas Regulation,94.896,1293110.0,1434706.0,1.1095,15118.72
2015,HU,Hungary,True,Intra-EU,390461,PTFE,Fluoropolymers,PFAS restriction (proposed),9.881,132344.0,146836.0,1.1095,14860.44
2015,HU,Hungary,True,Intra-EU,390469,Other fluoropolymers,Fluoropolymers,PFAS restriction (proposed),10.4,131551.0,145956.0,1.1095,14034.23
2015,ID,Indonesia,False,Extra-EU,390461,PTFE,Fluoropolymers,PFAS restriction (proposed),6.0,43513.0,48278.0,1.1095,8046.33
2015,IE,Ireland,True,Intra-EU,270900,Crude oil,Oil & gas,EU Methane Regulation,0.001,376.0,417.0,1.1095,417000.0
2015,IE,Ireland,True,Intra-EU,290339,"Fluorinated hydrocarbons (pre-2022 code, incl. HFCs)",F-gases (HFCs),F-gas Regulation,79.467,231813.0,257197.0,1.1095,3236.53
2015,IE,Ireland,True,Intra-EU,390461,PTFE,Fluoropolymers,PFAS restriction (proposed),40.829,488692.0,542204.0,1.1095,13279.87
2015,IE,Ireland,True,Intra-EU,390469,Other fluoropolymers,Fluoropolymers,PFAS restriction (proposed),78.583,708788.0,786400.0,1.1095,10007.25
2015,IL,Israel,False,Extra-EU,290339,"Fluorinated hydrocarbons (pre-2022 code, incl. HFCs)",F-gases (HFCs),F-gas Regulation,1464.961,4666804.0,5177819.0,1.1095,3534.44
2015,IL,Israel,False,Extra-EU,390461,PTFE,Fluoropolymers,PFAS restriction (proposed),0.004,722.0,801.0,1.1095,200250.0
2015,IL,Israel,False,Extra-EU,390469,Other fluoropolymers,Fluoropolymers,PFAS restriction (proposed),1.369,29876.0,33147.0,1.1095,24212.56
2015,IN,India,False,Extra-EU,270900,Crude oil,Oil & gas,EU Methane Regulation,0.454,454.0,504.0,1.1095,1110.13
2015,IN,India,False,Extra-EU,290339,"Fluorinated hydrocarbons (pre-2022 code, incl. HFCs)",F-gases (HFCs),F-gas Regulation,88.507,1197227.0,1328323.0,1.1095,15008.11
2015,IN,India,False,Extra-EU,390461,PTFE,Fluoropolymers,PFAS restriction (proposed),3761.583,24427317.0,27102108.0,1.1095,7204.97
2015,IN,India,False,Extra-EU,390469,Other fluoropolymers,Fluoropolymers,PFAS restriction (proposed),0.752,34193.0,37937.0,1.1095,50448.14
2015,IQ,Iraq,False,Extra-EU,270900,Crude oil,Oil & gas,EU Methane Regulation,39716808.333,12021803603.0,13338191098.0,1.1095,335.83
2015,IQ,Iraq,False,Extra-EU,271121,Pipeline natural gas,Oil & gas,EU Methane Regulation,10.0,6404.0,7105.0,1.1095,710.5
2015,IR,Iran,False,Extra-EU,270900,Crude oil,Oil & gas,EU Methane Regulation,73457.363,28297397.0,31395962.0,1.1095,427.4
2015,IS,Iceland,False,Extra-EU,270900,Crude oil,Oil & gas,EU Methane Regulation,0.391,149.0,165.0,1.1095,421.99
2015,IT,Italy,True,Intra-EU,270900,Crude oil,Oil & gas,EU Methane Regulation,699442.244,221080487.0,245288800.0,1.1095,350.69
2015,IT,Italy,True,Intra-EU,271111,LNG,Oil & gas,EU Methane Regulation,27881.672,9264909.0,10279417.0,1.1095,368.68
2015,IT,Italy,True,Intra-EU,271121,Pipeline natural gas,Oil & gas,EU Methane Regulation,56955.926,22221715.0,24654993.0,1.1095,432.88
2015,IT,Italy,True,Intra-EU,290339,"Fluorinated hydrocarbons (pre-2022 code, incl. HFCs)",F-gases (HFCs),F-gas Regulation,2457.373,11211190.0,12438815.0,1.1095,5061.83
2015,IT,Italy,True,Intra-EU,390461,PTFE,Fluoropolymers,PFAS restriction (proposed),3308.729,42572248.0,47233909.0,1.1095,14275.54
2015,IT,Italy,True,Intra-EU,390469,Other fluoropolymers,Fluoropolymers,PFAS restriction (proposed),3338.832,84358544.0,93595805.0,1.1095,28032.5
2015,JM,Jamaica,False,Extra-EU,270900,Crude oil,Oil & gas,EU Methane Regulation,25752.0,9205409.0,10213401.0,1.1095,396.61
2015,JP,Japan,False,Extra-EU,290339,"Fluorinated hydrocarbons (pre-2022 code, incl. HFCs)",F-gases (HFCs),F-gas Regulation,6790.279,38738025.0,42979839.0,1.1095,6329.61
2015,JP,Japan,False,Extra-EU,390461,PTFE,Fluoropolymers,PFAS restriction (proposed),1025.995,9844062.0,10921987.0,1.1095,10645.26
2015,JP,Japan,False,Extra-EU,390469,Other fluoropolymers,Fluoropolymers,PFAS restriction (proposed),3065.796,58490855.0,64895604.0,1.1095,21167.62
2015,KR,South Korea,False,Extra-EU,270900,Crude oil,Oil & gas,EU Methane Regulation,1.043,437.0,485.0,1.1095,465.0
2015,KR,South Korea,False,Extra-EU,290339,"Fluorinated hydrocarbons (pre-2022 code, incl. HFCs)",F-gases (HFCs),F-gas Regulation,2.718,248594.0,275815.0,1.1095,101477.19
2015,KR,South Korea,False,Extra-EU,390461,PTFE,Fluoropolymers,PFAS restriction (proposed),86.538,679968.0,754424.0,1.1095,8717.83
2015,KR,South Korea,False,Extra-EU,390469,Other fluoropolymers,Fluoropolymers,PFAS restriction (proposed),151.971,1576006.0,1748579.0,1.1095,11506.0
2015,KW,Kuwait,False,Extra-EU,270900,Crude oil,Oil & gas,EU Methane Regulation,6902597.586,2167372832.0,2404700157.0,1.1095,348.38
2015,KZ,Kazakhstan,False,Extra-EU,270900,Crude oil,Oil & gas,EU Methane Regulation,36106397.369,13603635480.0,15093233565.0,1.1095,418.02
2015,LB,Lebanon,False,Extra-EU,270900,Crude oil,Oil & gas,EU Methane Regulation,0.03,10.0,11.0,1.1095,366.67
2015,LI,Liechtenstein,False,Extra-EU,290339,"Fluorinated hydrocarbons (pre-2022 code, incl. HFCs)",F-gases (HFCs),F-gas Regulation,0.002,289.0,321.0,1.1095,160500.0
2015,LK,Sri Lanka,False,Extra-EU,270900,Crude oil,Oil & gas,EU Methane Regulation,0.002,1.0,1.0,1.1095,500.0
2015,LT,Lithuania,True,Intra-EU,270900,Crude oil,Oil & gas,EU Methane Regulation,32723.838,11817758.0,13111803.0,1.1095,400.68
2015,LT,Lithuania,True,Intra-EU,271121,Pipeline natural gas,Oil & gas,EU Methane Regulation,69235.526,21617221.0,23984307.0,1.1095,346.42
2015,LT,Lithuania,True,Intra-EU,290339,"Fluorinated hydrocarbons (pre-2022 code, incl. HFCs)",F-gases (HFCs),F-gas Regulation,233.82,644522.0,715097.0,1.1095,3058.32
2015,LT,Lithuania,True,Intra-EU,390461,PTFE,Fluoropolymers,PFAS restriction (proposed),1.554,14498.0,16086.0,1.1095,10351.35
2015,LT,Lithuania,True,Intra-EU,390469,Other fluoropolymers,Fluoropolymers,PFAS restriction (proposed),1.843,48116.0,53385.0,1.1095,28966.36
2015,LU,Luxembourg,True,Intra-EU,270900,Crude oil,Oil & gas,EU Methane Regulation,1.991,955.0,1060.0,1.1095,532.4
2015,LU,Luxembourg,True,Intra-EU,271111,LNG,Oil & gas,EU Methane Regulation,344.58,3537860.0,3925256.0,1.1095,11391.42
2015,LU,Luxembourg,True,Intra-EU,271121,Pipeline natural gas,Oil & gas,EU Methane Regulation,77695.578,22984297.0,25501078.0,1.1095,328.22
2015,LU,Luxembourg,True,Intra-EU,290339,"Fluorinated hydrocarbons (pre-2022 code, incl. HFCs)",F-gases (HFCs),F-gas Regulation,0.546,13646.0,15140.0,1.1095,27728.94
2015,LU,Luxembourg,True,Intra-EU,390461,PTFE,Fluoropolymers,PFAS restriction (proposed),0.417,37240.0,41318.0,1.1095,99083.93
2015,LU,Luxembourg,True,Intra-EU,390469,Other fluoropolymers,Fluoropolymers,PFAS restriction (proposed),0.048,4679.0,5191.0,1.1095,108145.83
2015,LV,Latvia,True,Intra-EU,270900,Crude oil,Oil & gas,EU Methane Regulation,25820.108,9401498.0,10430962.0,1.1095,403.99
2015,LV,Latvia,True,Intra-EU,290339,"Fluorinated hydrocarbons (pre-2022 code, incl. HFCs)",F-gases (HFCs),F-gas Regulation,40.619,64608.0,71683.0,1.1095,1764.77
2015,LV,Latvia,True,Intra-EU,390461,PTFE,Fluoropolymers,PFAS restriction (proposed),3.883,36222.0,40188.0,1.1095,10349.73
2015,LV,Latvia,True,Intra-EU,390469,Other fluoropolymers,Fluoropolymers,PFAS restriction (proposed),0.024,627.0,696.0,1.1095,29000.0
2015,LY,Libya,False,Extra-EU,270900,Crude oil,Oil & gas,EU Methane Regulation,13278152.088,4831339965.0,5360371691.0,1.1095,403.7
2015,LY,Libya,False,Extra-EU,271121,Pipeline natural gas,Oil & gas,EU Methane Regulation,5144829.69,1768111011.0,1961719167.0,1.1095,381.3
2015,MA,Morocco,False,Extra-EU,270900,Crude oil,Oil & gas,EU Methane Regulation,0.001,19.0,21.0,1.1095,21000.0
2015,MA,Morocco,False,Extra-EU,271121,Pipeline natural gas,Oil & gas,EU Methane Regulation,387583.571,114760856.0,127327170.0,1.1095,328.52
2015,MA,Morocco,False,Extra-EU,390469,Other fluoropolymers,Fluoropolymers,PFAS restriction (proposed),0.001,47.0,52.0,1.1095,52000.0
2015,MR,Mauritania,False,Extra-EU,270900,Crude oil,Oil & gas,EU Methane Regulation,140848.92,45476183.0,50455825.0,1.1095,358.23
2015,MT,Malta,True,Intra-EU,270900,Crude oil,Oil & gas,EU Methane Regulation,16000.0,7291520.0,8089941.0,1.1095,505.62
2015,MT,Malta,True,Intra-EU,390461,PTFE,Fluoropolymers,PFAS restriction (proposed),0.033,979.0,1086.0,1.1095,32909.09
2015,MT,Malta,True,Intra-EU,390469,Other fluoropolymers,Fluoropolymers,PFAS restriction (proposed),1.061,33825.0,37529.0,1.1095,35371.35
2015,MX,Mexico,False,Extra-EU,270900,Crude oil,Oil & gas,EU Methane Regulation,13063583.098,3766942510.0,4179422715.0,1.1095,319.93
2015,MX,Mexico,False,Extra-EU,290339,"Fluorinated hydrocarbons (pre-2022 code, incl. HFCs)",F-gases (HFCs),F-gas Regulation,0.024,725.0,804.0,1.1095,33500.0
2015,MX,Mexico,False,Extra-EU,390461,PTFE,Fluoropolymers,PFAS restriction (proposed),1.84,66658.0,73957.0,1.1095,40194.02
2015,MX,Mexico,False,Extra-EU,390469,Other fluoropolymers,Fluoropolymers,PFAS restriction (proposed),0.009,1409.0,1563.0,1.1095,173666.67
2015,MY,Malaysia,False,Extra-EU,270900,Crude oil,Oil & gas,EU Methane Regulation,2.162,1276.0,1416.0,1.1095,654.95
2015,MY,Malaysia,False,Extra-EU,290339,"Fluorinated hydrocarbons (pre-2022 code, incl. HFCs)",F-gases (HFCs),F-gas Regulation,0.201,5180.0,5747.0,1.1095,28592.04
2015,MY,Malaysia,False,Extra-EU,390461,PTFE,Fluoropolymers,PFAS restriction (proposed),0.012,1427.0,1583.0,1.1095,131916.67
2015,NG,Nigeria,False,Extra-EU,270900,Crude oil,Oil & gas,EU Methane Regulation,43881705.376,16263639970.0,18044508547.0,1.1095,411.21
2015,NG,Nigeria,False,Extra-EU,271111,LNG,Oil & gas,EU Methane Regulation,2815521.122,1160376704.0,1287437953.0,1.1095,457.26
2015,NL,Netherlands,True,Intra-EU,270900,Crude oil,Oil & gas,EU Methane Regulation,41677555.87,15391797932.0,17077199806.0,1.1095,409.75
2015,NL,Netherlands,True,Intra-EU,271111,LNG,Oil & gas,EU Methane Regulation,5821.77,2599151.0,2883758.0,1.1095,495.34
2015,NL,Netherlands,True,Intra-EU,271121,Pipeline natural gas,Oil & gas,EU Methane Regulation,16494082.984,4887897740.0,5423122543.0,1.1095,328.79
2015,NL,Netherlands,True,Intra-EU,290339,"Fluorinated hydrocarbons (pre-2022 code, incl. HFCs)",F-gases (HFCs),F-gas Regulation,19866.719,143936613.0,159697672.0,1.1095,8038.45
2015,NL,Netherlands,True,Intra-EU,390461,PTFE,Fluoropolymers,PFAS restriction (proposed),4476.005,55949060.0,62075482.0,1.1095,13868.5
2015,NL,Netherlands,True,Intra-EU,390469,Other fluoropolymers,Fluoropolymers,PFAS restriction (proposed),6699.121,131886743.0,146328341.0,1.1095,21842.92
2015,NO,Norway,False,Extra-EU,270900,Crude oil,Oil & gas,EU Methane Regulation,61193003.988,22819473959.0,25318206358.0,1.1095,413.74
2015,NO,Norway,False,Extra-EU,271111,LNG,Oil & gas,EU Methane Regulation,2288939.862,925081339.0,1026377746.0,1.1095,448.41
2015,NO,Norway,False,Extra-EU,271121,Pipeline natural gas,Oil & gas,EU Methane Regulation,36913388.281,9951165430.0,11040818045.0,1.1095,299.1
2015,NO,Norway,False,Extra-EU,290339,"Fluorinated hydrocarbons (pre-2022 code, incl. HFCs)",F-gases (HFCs),F-gas Regulation,0.312,1093.0,1213.0,1.1095,3887.82
2015,NO,Norway,False,Extra-EU,390461,PTFE,Fluoropolymers,PFAS restriction (proposed),18.277,621923.0,690024.0,1.1095,37753.68
2015,NO,Norway,False,Extra-EU,390469,Other fluoropolymers,Fluoropolymers,PFAS restriction (proposed),1.902,11461.0,12716.0,1.1095,6685.59
2015,OM,Oman,False,Extra-EU,270900,Crude oil,Oil & gas,EU Methane Regulation,122265.431,57322862.0,63599715.0,1.1095,520.18
2015,OM,Oman,False,Extra-EU,271111,LNG,Oil & gas,EU Methane Regulation,120796.039,40192521.0,44593602.0,1.1095,369.16
2015,PA,Panama,False,Extra-EU,270900,Crude oil,Oil & gas,EU Methane Regulation,0.001,100.0,111.0,1.1095,111000.0
2015,PE,Peru,False,Extra-EU,270900,Crude oil,Oil & gas,EU Methane Regulation,0.003,13.0,14.0,1.1095,4666.67
2015,PE,Peru,False,Extra-EU,271111,LNG,Oil & gas,EU Methane Regulation,715346.938,229436607.0,254559915.0,1.1095,355.86
2015,PF,French Polynesia,False,Extra-EU,290339,"Fluorinated hydrocarbons (pre-2022 code, incl. HFCs)",F-gases (HFCs),F-gas Regulation,0.582,1173.0,1301.0,1.1095,2235.4
2015,PG,Papua New Guinea,False,Extra-EU,270900,Crude oil,Oil & gas,EU Methane Regulation,0.005,407.0,452.0,1.1095,90400.0
2015,PH,Philippines,False,Extra-EU,390461,PTFE,Fluoropolymers,PFAS restriction (proposed),0.008,1046.0,1161.0,1.1095,145125.0
2015,PL,Poland,True,Intra-EU,270900,Crude oil,Oil & gas,EU Methane Regulation,248876.2,83030566.0,92122413.0,1.1095,370.15
2015,PL,Poland,True,Intra-EU,271111,LNG,Oil & gas,EU Methane Regulation,47.09,6944.0,7704.0,1.1095,163.6
2015,PL,Poland,True,Intra-EU,290339,"Fluorinated hydrocarbons (pre-2022 code, incl. HFCs)",F-gases (HFCs),F-gas Regulation,113.935,454665.0,504451.0,1.1095,4427.53
2015,PL,Poland,True,Intra-EU,390461,PTFE,Fluoropolymers,PFAS restriction (proposed),45.121,530360.0,588434.0,1.1095,13041.24
2015,PL,Poland,True,Intra-EU,390469,Other fluoropolymers,Fluoropolymers,PFAS restriction (proposed),228.181,3632902.0,4030705.0,1.1095,17664.51
2015,PT,Portugal,True,Intra-EU,270900,Crude oil,Oil & gas,EU Methane Regulation,20210.855,9195130.0,10201997.0,1.1095,504.78
2015,PT,Portugal,True,Intra-EU,271121,Pipeline natural gas,Oil & gas,EU Methane Regulation,14.2,300650.0,333571.0,1.1095,23490.92
2015,PT,Portugal,True,Intra-EU,290339,"Fluorinated hydrocarbons (pre-2022 code, incl. HFCs)",F-gases (HFCs),F-gas Regulation,17.646,78346.0,86925.0,1.1095,4926.05
2015,PT,Portugal,True,Intra-EU,390461,PTFE,Fluoropolymers,PFAS restriction (proposed),0.062,1634.0,1813.0,1.1095,29241.94
2015,PT,Portugal,True,Intra-EU,390469,Other fluoropolymers,Fluoropolymers,PFAS restriction (proposed),0.21,7772.0,8623.0,1.1095,41061.9
2015,QA,Qatar,False,Extra-EU,270900,Crude oil,Oil & gas,EU Methane Regulation,208408.576,66721120.0,74027083.0,1.1095,355.2
2015,QA,Qatar,False,Extra-EU,271111,LNG,Oil & gas,EU Methane Regulation,17854079.238,5310711916.0,5892234871.0,1.1095,330.02
2015,QA,Qatar,False,Extra-EU,271121,Pipeline natural gas,Oil & gas,EU Methane Regulation,0.0,0.0,0.0,1.1095,
2015,QP,High seas,False,Extra-EU,270900,Crude oil,Oil & gas,EU Methane Regulation,3422.188,1238892.0,1374551.0,1.1095,401.66
2015,QV,Countries not specified (intra-EU),False,Extra-EU,271121,Pipeline natural gas,Oil & gas,EU Methane Regulation,1916675.793,638707079.0,708645504.0,1.1095,369.73
2015,QV,Countries not specified (intra-EU),False,Extra-EU,390461,PTFE,Fluoropolymers,PFAS restriction (proposed),0.026,20501.0,22746.0,1.1095,874846.15
2015,QW,Countries not specified (extra-EU),False,Extra-EU,270900,Crude oil,Oil & gas,EU Methane Regulation,777268.597,279532205.0,310140981.0,1.1095,399.01
2015,QW,Countries not specified (extra-EU),False,Extra-EU,271111,LNG,Oil & gas,EU Methane Regulation,1015404.915,304192271.0,337501325.0,1.1095,332.38
2015,QW,Countries not specified (extra-EU),False,Extra-EU,390469,Other fluoropolymers,Fluoropolymers,PFAS restriction (proposed),0.031,363.0,403.0,1.1095,13000.0
2015,QY,Secret (intra-EU),False,Extra-EU,290339,"Fluorinated hydrocarbons (pre-2022 code, incl. HFCs)",F-gases (HFCs),F-gas Regulation,0.414,1010.0,1121.0,1.1095,2707.73
2015,QZ,Secret (extra-EU),False,Extra-EU,270900,Crude oil,Oil & gas,EU Methane Regulation,5468921.013,1935374811.0,2147298353.0,1.1095,392.64
2015,QZ,Secret (extra-EU),False,Extra-EU,290339,"Fluorinated hydrocarbons (pre-2022 code, incl. HFCs)",F-gases (HFCs),F-gas Regulation,10397.74,78366488.0,86947618.0,1.1095,8362.17
2015,RO,Romania,True,Intra-EU,270900,Crude oil,Oil & gas,EU Methane Regulation,476.146,161102.0,178743.0,1.1095,375.4
2015,RO,Romania,True,Intra-EU,290339,"Fluorinated hydrocarbons (pre-2022 code, incl. HFCs)",F-gases (HFCs),F-gas Regulation,16.997,115343.0,127973.0,1.1095,7529.15
2015,RO,Romania,True,Intra-EU,390461,PTFE,Fluoropolymers,PFAS restriction (proposed),420.575,2788239.0,3093551.0,1.1095,7355.53
2015,RO,Romania,True,Intra-EU,390469,Other fluoropolymers,Fluoropolymers,PFAS restriction (proposed),0.374,3639.0,4037.0,1.1095,10794.12
2015,RU,Russian Federation,False,Extra-EU,270900,Crude oil,Oil & gas,EU Methane Regulation,150703179.89,51618823781.0,57271084985.0,1.1095,380.03
2015,RU,Russian Federation,False,Extra-EU,271111,LNG,Oil & gas,EU Methane Regulation,328943.554,90751950.0,100689289.0,1.1095,306.1
2015,RU,Russian Federation,False,Extra-EU,271121,Pipeline natural gas,Oil & gas,EU Methane Regulation,35315561.556,11902903273.0,13206271181.0,1.1095,373.95
2015,RU,Russian Federation,False,Extra-EU,290339,"Fluorinated hydrocarbons (pre-2022 code, incl. HFCs)",F-gases (HFCs),F-gas Regulation,31.556,1091905.0,1211469.0,1.1095,38391.08
2015,RU,Russian Federation,False,Extra-EU,390461,PTFE,Fluoropolymers,PFAS restriction (proposed),2459.215,12521242.0,13892318.0,1.1095,5649.09
2015,RU,Russian Federation,False,Extra-EU,390469,Other fluoropolymers,Fluoropolymers,PFAS restriction (proposed),2.099,81254.0,90151.0,1.1095,42949.5
2015,SA,Saudi Arabia,False,Extra-EU,270900,Crude oil,Oil & gas,EU Methane Regulation,36242082.278,12714916493.0,14107199849.0,1.1095,389.25
2015,SE,Sweden,True,Intra-EU,270900,Crude oil,Oil & gas,EU Methane Regulation,0.323,5050.0,5603.0,1.1095,17346.75
2015,SE,Sweden,True,Intra-EU,271111,LNG,Oil & gas,EU Methane Regulation,527.256,49393.0,54802.0,1.1095,103.94
2015,SE,Sweden,True,Intra-EU,290339,"Fluorinated hydrocarbons (pre-2022 code, incl. HFCs)",F-gases (HFCs),F-gas Regulation,83.725,566270.0,628277.0,1.1095,7504.05
2015,SE,Sweden,True,Intra-EU,390461,PTFE,Fluoropolymers,PFAS restriction (proposed),8.086,83980.0,93176.0,1.1095,11523.13
2015,SE,Sweden,True,Intra-EU,390469,Other fluoropolymers,Fluoropolymers,PFAS restriction (proposed),36.198,815766.0,905092.0,1.1095,25003.92
2015,SG,Singapore,False,Extra-EU,270900,Crude oil,Oil & gas,EU Methane Regulation,0.285,459.0,509.0,1.1095,1785.96
2015,SG,Singapore,False,Extra-EU,290339,"Fluorinated hydrocarbons (pre-2022 code, incl. HFCs)",F-gases (HFCs),F-gas Regulation,107.154,488178.0,541633.0,1.1095,5054.72
2015,SG,Singapore,False,Extra-EU,390461,PTFE,Fluoropolymers,PFAS restriction (proposed),2.5,13566.0,15051.0,1.1095,6020.4
2015,SG,Singapore,False,Extra-EU,390469,Other fluoropolymers,Fluoropolymers,PFAS restriction (proposed),12.02,271040.0,300719.0,1.1095,25018.22
2015,SI,Slovenia,True,Intra-EU,270900,Crude oil,Oil & gas,EU Methane Regulation,33350.024,15207340.0,16872544.0,1.1095,505.92
2015,SI,Slovenia,True,Intra-EU,271111,LNG,Oil & gas,EU Methane Regulation,34409.527,10833462.0,12019726.0,1.1095,349.31
2015,SI,Slovenia,True,Intra-EU,271121,Pipeline natural gas,Oil & gas,EU Methane Regulation,83278.168,30422551.0,33753820.0,1.1095,405.31
2015,SI,Slovenia,True,Intra-EU,290339,"Fluorinated hydrocarbons (pre-2022 code, incl. HFCs)",F-gases (HFCs),F-gas Regulation,32.013,122669.0,136101.0,1.1095,4251.43
2015,SI,Slovenia,True,Intra-EU,390461,PTFE,Fluoropolymers,PFAS restriction (proposed),6.235,68461.0,75957.0,1.1095,12182.36
2015,SI,Slovenia,True,Intra-EU,390469,Other fluoropolymers,Fluoropolymers,PFAS restriction (proposed),52.961,443570.0,492141.0,1.1095,9292.52
2015,SK,Slovakia,True,Intra-EU,270900,Crude oil,Oil & gas,EU Methane Regulation,9632.412,3363466.0,3731766.0,1.1095,387.42
2015,SK,Slovakia,True,Intra-EU,271121,Pipeline natural gas,Oil & gas,EU Methane Regulation,362231.694,128371338.0,142428000.0,1.1095,393.2
2015,SK,Slovakia,True,Intra-EU,290339,"Fluorinated hydrocarbons (pre-2022 code, incl. HFCs)",F-gases (HFCs),F-gas Regulation,106.881,315138.0,349646.0,1.1095,3271.36
2015,SK,Slovakia,True,Intra-EU,390461,PTFE,Fluoropolymers,PFAS restriction (proposed),4.044,42184.0,46803.0,1.1095,11573.44
2015,SK,Slovakia,True,Intra-EU,390469,Other fluoropolymers,Fluoropolymers,PFAS restriction (proposed),0.285,9807.0,10881.0,1.1095,38178.95
2015,SN,Senegal,False,Extra-EU,270900,Crude oil,Oil & gas,EU Methane Regulation,1.218,665.0,738.0,1.1095,605.91
2015,SZ,Eswatini,False,Extra-EU,390461,PTFE,Fluoropolymers,PFAS restriction (proposed),5.162,122765.0,136208.0,1.1095,26386.67
2015,TD,Chad,False,Extra-EU,270900,Crude oil,Oil & gas,EU Methane Regulation,271511.6,85594207.0,94966773.0,1.1095,349.77
2015,TD,Chad,False,Extra-EU,271111,LNG,Oil & gas,EU Methane Regulation,0.604,1690.0,1875.0,1.1095,3104.3
2015,TG,Togo,False,Extra-EU,270900,Crude oil,Oil & gas,EU Methane Regulation,0.066,25.0,28.0,1.1095,424.24
2015,TH,Thailand,False,Extra-EU,270900,Crude oil,Oil & gas,EU Methane Regulation,0.156,2624.0,2911.0,1.1095,18660.26
2015,TH,Thailand,False,Extra-EU,290339,"Fluorinated hydrocarbons (pre-2022 code, incl. HFCs)",F-gases (HFCs),F-gas Regulation,5.991,24685.0,27388.0,1.1095,4571.52
2015,TH,Thailand,False,Extra-EU,390469,Other fluoropolymers,Fluoropolymers,PFAS restriction (proposed),0.635,14511.0,16100.0,1.1095,25354.33
2015,TM,Turkmenistan,False,Extra-EU,270900,Crude oil,Oil & gas,EU Methane Regulation,478324.964,172984211.0,191925982.0,1.1095,401.25
2015,TN,Tunisia,False,Extra-EU,270900,Crude oil,Oil & gas,EU Methane Regulation,1279037.2,496841255.0,551245372.0,1.1095,430.98
2015,TR,Türkiye,False,Extra-EU,270900,Crude oil,Oil & gas,EU Methane Regulation,764982.829,278570694.0,309074185.0,1.1095,404.03
2015,TR,Türkiye,False,Extra-EU,271121,Pipeline natural gas,Oil & gas,EU Methane Regulation,444167.764,144641497.0,160479741.0,1.1095,361.3
2015,TR,Türkiye,False,Extra-EU,290339,"Fluorinated hydrocarbons (pre-2022 code, incl. HFCs)",F-gases (HFCs),F-gas Regulation,90.699,267733.0,297050.0,1.1095,3275.12
2015,TR,Türkiye,False,Extra-EU,390461,PTFE,Fluoropolymers,PFAS restriction (proposed),40.28,129230.0,143381.0,1.1095,3559.61
2015,TR,Türkiye,False,Extra-EU,390469,Other fluoropolymers,Fluoropolymers,PFAS restriction (proposed),0.174,4151.0,4606.0,1.1095,26471.26
2015,TT,Trinidad and Tobago,False,Extra-EU,270900,Crude oil,Oil & gas,EU Methane Regulation,82047.815,30851941.0,34230229.0,1.1095,417.2
2015,TT,Trinidad and Tobago,False,Extra-EU,271111,LNG,Oil & gas,EU Methane Regulation,1214541.404,371937134.0,412664250.0,1.1095,339.77
2015,TT,Trinidad and Tobago,False,Extra-EU,290339,"Fluorinated hydrocarbons (pre-2022 code, incl. HFCs)",F-gases (HFCs),F-gas Regulation,11.157,6505.0,7217.0,1.1095,646.86
2015,TW,Taiwan,False,Extra-EU,290339,"Fluorinated hydrocarbons (pre-2022 code, incl. HFCs)",F-gases (HFCs),F-gas Regulation,0.048,1565.0,1736.0,1.1095,36166.67
2015,TW,Taiwan,False,Extra-EU,390461,PTFE,Fluoropolymers,PFAS restriction (proposed),0.381,27982.0,31046.0,1.1095,81485.56
2015,TW,Taiwan,False,Extra-EU,390469,Other fluoropolymers,Fluoropolymers,PFAS restriction (proposed),22.251,469982.0,521445.0,1.1095,23434.68
2015,TZ,Tanzania,False,Extra-EU,270900,Crude oil,Oil & gas,EU Methane Regulation,0.003,5.0,6.0,1.1095,2000.0
2015,UA,Ukraine,False,Extra-EU,271121,Pipeline natural gas,Oil & gas,EU Methane Regulation,537091.352,170272819.0,188917693.0,1.1095,351.74
2015,UA,Ukraine,False,Extra-EU,290339,"Fluorinated hydrocarbons (pre-2022 code, incl. HFCs)",F-gases (HFCs),F-gas Regulation,0.78,11800.0,13092.0,1.1095,16784.62
2015,UA,Ukraine,False,Extra-EU,390461,PTFE,Fluoropolymers,PFAS restriction (proposed),0.0,1163.0,1290.0,1.1095,
2015,US,United States,False,Extra-EU,270900,Crude oil,Oil & gas,EU Methane Regulation,646853.299,245000273.0,271827803.0,1.1095,420.23
2015,US,United States,False,Extra-EU,271111,LNG,Oil & gas,EU Methane Regulation,0.012,3560.0,3950.0,1.1095,329166.67
2015,US,United States,False,Extra-EU,290339,"Fluorinated hydrocarbons (pre-2022 code, incl. HFCs)",F-gases (HFCs),F-gas Regulation,10663.877,51247342.0,56858926.0,1.1095,5331.92
2015,US,United States,False,Extra-EU,390461,PTFE,Fluoropolymers,PFAS restriction (proposed),2418.048,24942714.0,27673941.0,1.1095,11444.74
2015,US,United States,False,Extra-EU,390469,Other fluoropolymers,Fluoropolymers,PFAS restriction (proposed),5222.735,89926174.0,99773090.0,1.1095,19103.61
2015,UY,Uruguay,False,Extra-EU,390469,Other fluoropolymers,Fluoropolymers,PFAS restriction (proposed),0.004,1704.0,1891.0,1.1095,472750.0
2015,UZ,Uzbekistan,False,Extra-EU,270900,Crude oil,Oil & gas,EU Methane Regulation,0.006,49.0,54.0,1.1095,9000.0
2015,VE,Venezuela,False,Extra-EU,270900,Crude oil,Oil & gas,EU Methane Regulation,5482445.642,1329251672.0,1474804730.0,1.1095,269.0
2015,VE,Venezuela,False,Extra-EU,290339,"Fluorinated hydrocarbons (pre-2022 code, incl. HFCs)",F-gases (HFCs),F-gas Regulation,9.049,49244.0,54636.0,1.1095,6037.79
2015,VN,Vietnam,False,Extra-EU,270900,Crude oil,Oil & gas,EU Methane Regulation,0.004,129.0,143.0,1.1095,35750.0
2015,VN,Vietnam,False,Extra-EU,390461,PTFE,Fluoropolymers,PFAS restriction (proposed),0.632,10500.0,11650.0,1.1095,18433.54
2015,XS,Serbia,False,Extra-EU,290339,"Fluorinated hydrocarbons (pre-2022 code, incl. HFCs)",F-gases (HFCs),F-gas Regulation,18.553,71225.0,79024.0,1.1095,4259.37
2015,YE,Yemen,False,Extra-EU,270900,Crude oil,Oil & gas,EU Methane Regulation,0.016,73.0,81.0,1.1095,5062.5
2015,ZA,South Africa,False,Extra-EU,270900,Crude oil,Oil & gas,EU Methane Regulation,0.127,85.0,94.0,1.1095,740.16
2015,ZA,South Africa,False,Extra-EU,271111,LNG,Oil & gas,EU Methane Regulation,4050.0,2988500.0,3315741.0,1.1095,818.7
2015,ZA,South Africa,False,Extra-EU,290339,"Fluorinated hydrocarbons (pre-2022 code, incl. HFCs)",F-gases (HFCs),F-gas Regulation,2.307,30863.0,34242.0,1.1095,14842.65
2015,ZW,Zimbabwe,False,Extra-EU,270900,Crude oil,Oil & gas,EU Methane Regulation,0.0,64.0,71.0,1.1095,
2016,AE,United Arab Emirates,False,Extra-EU,270900,Crude oil,Oil & gas,EU Methane Regulation,825850.679,251144352.0,277991683.0,1.1069,336.61
2016,AE,United Arab Emirates,False,Extra-EU,290339,"Fluorinated hydrocarbons (pre-2022 code, incl. HFCs)",F-gases (HFCs),F-gas Regulation,3.008,28215.0,31231.0,1.1069,10382.65
2016,AL,Albania,False,Extra-EU,270900,Crude oil,Oil & gas,EU Methane Regulation,537319.838,90828458.0,100538020.0,1.1069,187.11
2016,AO,Angola,False,Extra-EU,270900,Crude oil,Oil & gas,EU Methane Regulation,12923676.689,3565668143.0,3946838067.0,1.1069,305.4
2016,AO,Angola,False,Extra-EU,271111,LNG,Oil & gas,EU Methane Regulation,67852.123,20104888.0,22254101.0,1.1069,327.98
2016,AR,Argentina,False,Extra-EU,270900,Crude oil,Oil & gas,EU Methane Regulation,0.013,50.0,55.0,1.1069,4230.77
2016,AT,Austria,True,Intra-EU,270900,Crude oil,Oil & gas,EU Methane Regulation,808.769,245199.0,271411.0,1.1069,335.59
2016,AT,Austria,True,Intra-EU,271111,LNG,Oil & gas,EU Methane Regulation,2615.79,996489.0,1103014.0,1.1069,421.68
2016,AT,Austria,True,Intra-EU,271121,Pipeline natural gas,Oil & gas,EU Methane Regulation,3126164.952,755905046.0,836711295.0,1.1069,267.65
2016,AT,Austria,True,Intra-EU,290339,"Fluorinated hydrocarbons (pre-2022 code, incl. HFCs)",F-gases (HFCs),F-gas Regulation,94.552,451821.0,500121.0,1.1069,5289.38
2016,AT,Austria,True,Intra-EU,390461,PTFE,Fluoropolymers,PFAS restriction (proposed),53.077,539159.0,596795.0,1.1069,11243.95
2016,AT,Austria,True,Intra-EU,390469,Other fluoropolymers,Fluoropolymers,PFAS restriction (proposed),38.746,673653.0,745667.0,1.1069,19245.01
2016,AU,Australia,False,Extra-EU,270900,Crude oil,Oil & gas,EU Methane Regulation,0.174,1351.0,1495.0,1.1069,8591.95
2016,AU,Australia,False,Extra-EU,290339,"Fluorinated hydrocarbons (pre-2022 code, incl. HFCs)",F-gases (HFCs),F-gas Regulation,0.0,146.0,162.0,1.1069,
2016,AU,Australia,False,Extra-EU,390461,PTFE,Fluoropolymers,PFAS restriction (proposed),0.01,936.0,1036.0,1.1069,103600.0
2016,AW,Aruba,False,Extra-EU,270900,Crude oil,Oil & gas,EU Methane Regulation,0.004,2.0,2.0,1.1069,500.0
2016,AZ,Azerbaijan,False,Extra-EU,270900,Crude oil,Oil & gas,EU Methane Regulation,24221319.197,7328542774.0,8111963997.0,1.1069,334.91
2016,BE,Belgium,True,Intra-EU,270900,Crude oil,Oil & gas,EU Methane Regulation,2216029.341,791070665.0,875636119.0,1.1069,395.14
2016,BE,Belgium,True,Intra-EU,271111,LNG,Oil & gas,EU Methane Regulation,9341.144,7728893.0,8555112.0,1.1069,915.85
2016,BE,Belgium,True,Intra-EU,271121,Pipeline natural gas,Oil & gas,EU Methane Regulation,1073472.459,5962837048.0,6600264328.0,1.1069,6148.52
2016,BE,Belgium,True,Intra-EU,290339,"Fluorinated hydrocarbons (pre-2022 code, incl. HFCs)",F-gases (HFCs),F-gas Regulation,3503.775,25893602.0,28661628.0,1.1069,8180.21
2016,BE,Belgium,True,Intra-EU,390461,PTFE,Fluoropolymers,PFAS restriction (proposed),3141.476,31210682.0,34547104.0,1.1069,10997.09
2016,BE,Belgium,True,Intra-EU,390469,Other fluoropolymers,Fluoropolymers,PFAS restriction (proposed),4694.597,93345362.0,103323981.0,1.1069,22009.13
2016,BG,Bulgaria,True,Intra-EU,271121,Pipeline natural gas,Oil & gas,EU Methane Regulation,2175.981,499055.0,552404.0,1.1069,253.86
2016,BG,Bulgaria,True,Intra-EU,290339,"Fluorinated hydrocarbons (pre-2022 code, incl. HFCs)",F-gases (HFCs),F-gas Regulation,34.418,118329.0,130978.0,1.1069,3805.51
2016,BG,Bulgaria,True,Intra-EU,390461,PTFE,Fluoropolymers,PFAS restriction (proposed),3.513,28926.0,32018.0,1.1069,9114.15
2016,BG,Bulgaria,True,Intra-EU,390469,Other fluoropolymers,Fluoropolymers,PFAS restriction (proposed),493.017,206117.0,228151.0,1.1069,462.76
2016,BH,Bahrain,False,Extra-EU,270900,Crude oil,Oil & gas,EU Methane Regulation,0.017,65.0,72.0,1.1069,4235.29
2016,BO,Bolivia,False,Extra-EU,270900,Crude oil,Oil & gas,EU Methane Regulation,0.026,1271.0,1407.0,1.1069,54115.38
2016,BR,Brazil,False,Extra-EU,270900,Crude oil,Oil & gas,EU Methane Regulation,4006245.617,825608914.0,913866507.0,1.1069,228.11
2016,BR,Brazil,False,Extra-EU,290339,"Fluorinated hydrocarbons (pre-2022 code, incl. HFCs)",F-gases (HFCs),F-gas Regulation,0.7,25950.0,28724.0,1.1069,41034.29
2016,BR,Brazil,False,Extra-EU,390469,Other fluoropolymers,Fluoropolymers,PFAS restriction (proposed),87.02,1492354.0,1651887.0,1.1069,18982.84
2016,BS,Bahamas,False,Extra-EU,270900,Crude oil,Oil & gas,EU Methane Regulation,0.032,866.0,959.0,1.1069,29968.75
2016,BY,Belarus,False,Extra-EU,290339,"Fluorinated hydrocarbons (pre-2022 code, incl. HFCs)",F-gases (HFCs),F-gas Regulation,0.003,459.0,508.0,1.1069,169333.33
2016,CA,Canada,False,Extra-EU,270900,Crude oil,Oil & gas,EU Methane Regulation,2036248.72,578415198.0,640247783.0,1.1069,314.43
2016,CA,Canada,False,Extra-EU,290339,"Fluorinated hydrocarbons (pre-2022 code, incl. HFCs)",F-gases (HFCs),F-gas Regulation,0.173,8700.0,9630.0,1.1069,55664.74
2016,CA,Canada,False,Extra-EU,390461,PTFE,Fluoropolymers,PFAS restriction (proposed),0.29,9042.0,10009.0,1.1069,34513.79
2016,CA,Canada,False,Extra-EU,390469,Other fluoropolymers,Fluoropolymers,PFAS restriction (proposed),7.774,153380.0,169776.0,1.1069,21838.95
2016,CD,"Congo, The Democratic Republic of the",False,Extra-EU,270900,Crude oil,Oil & gas,EU Methane Regulation,259733.653,64505487.0,71401124.0,1.1069,274.9
2016,CG,Congo,False,Extra-EU,270900,Crude oil,Oil & gas,EU Methane Regulation,1083845.367,310040432.0,343183754.0,1.1069,316.64
2016,CH,Switzerland,False,Extra-EU,270900,Crude oil,Oil & gas,EU Methane Regulation,1.198,1016.0,1125.0,1.1069,939.07
2016,CH,Switzerland,False,Extra-EU,271121,Pipeline natural gas,Oil & gas,EU Methane Regulation,242325.528,71208114.0,78820261.0,1.1069,325.27
2016,CH,Switzerland,False,Extra-EU,290339,"Fluorinated hydrocarbons (pre-2022 code, incl. HFCs)",F-gases (HFCs),F-gas Regulation,10.788,226272.0,250460.0,1.1069,23216.54
2016,CH,Switzerland,False,Extra-EU,390461,PTFE,Fluoropolymers,PFAS restriction (proposed),561.857,4285250.0,4743343.0,1.1069,8442.26
2016,CH,Switzerland,False,Extra-EU,390469,Other fluoropolymers,Fluoropolymers,PFAS restriction (proposed),1358.41,15384530.0,17029136.0,1.1069,12536.08
2016,CI,Côte d'Ivoire,False,Extra-EU,270900,Crude oil,Oil & gas,EU Methane Regulation,1267645.84,363870123.0,402767839.0,1.1069,317.73
2016,CM,Cameroon,False,Extra-EU,270900,Crude oil,Oil & gas,EU Methane Regulation,2226540.722,564274678.0,624595641.0,1.1069,280.52
2016,CN,China,False,Extra-EU,270900,Crude oil,Oil & gas,EU Methane Regulation,0.487,673.0,745.0,1.1069,1529.77
2016,CN,China,False,Extra-EU,290339,"Fluorinated hydrocarbons (pre-2022 code, incl. HFCs)",F-gases (HFCs),F-gas Regulation,39378.371,180401108.0,199685986.0,1.1069,5070.96
2016,CN,China,False,Extra-EU,390461,PTFE,Fluoropolymers,PFAS restriction (proposed),7012.883,37574724.0,41591462.0,1.1069,5930.72
2016,CN,China,False,Extra-EU,390469,Other fluoropolymers,Fluoropolymers,PFAS restriction (proposed),2487.511,21621349.0,23932671.0,1.1069,9621.13
2016,CO,Colombia,False,Extra-EU,270900,Crude oil,Oil & gas,EU Methane Regulation,3358435.905,720066599.0,797041718.0,1.1069,237.33
2016,CR,Costa Rica,False,Extra-EU,270900,Crude oil,Oil & gas,EU Methane Regulation,4.965,2835.0,3138.0,1.1069,632.02
2016,CY,Cyprus,True,Intra-EU,270900,Crude oil,Oil & gas,EU Methane Regulation,0.005,4.0,4.0,1.1069,800.0
2016,CY,Cyprus,True,Intra-EU,290339,"Fluorinated hydrocarbons (pre-2022 code, incl. HFCs)",F-gases (HFCs),F-gas Regulation,10.744,143181.0,158487.0,1.1069,14751.21
2016,CY,Cyprus,True,Intra-EU,390461,PTFE,Fluoropolymers,PFAS restriction (proposed),0.0,9.0,10.0,1.1069,
2016,CY,Cyprus,True,Intra-EU,390469,Other fluoropolymers,Fluoropolymers,PFAS restriction (proposed),0.0,1.0,1.0,1.1069,
2016,CZ,Czechia,True,Intra-EU,270900,Crude oil,Oil & gas,EU Methane Regulation,28878.062,7825220.0,8661736.0,1.1069,299.94
2016,CZ,Czechia,True,Intra-EU,271111,LNG,Oil & gas,EU Methane Regulation,0.89,407.0,451.0,1.1069,506.74
2016,CZ,Czechia,True,Intra-EU,271121,Pipeline natural gas,Oil & gas,EU Methane Regulation,0.0,0.0,0.0,1.1069,
2016,CZ,Czechia,True,Intra-EU,290339,"Fluorinated hydrocarbons (pre-2022 code, incl. HFCs)",F-gases (HFCs),F-gas Regulation,292.328,2043650.0,2262116.0,1.1069,7738.28
2016,CZ,Czechia,True,Intra-EU,390461,PTFE,Fluoropolymers,PFAS restriction (proposed),19.386,289634.0,320596.0,1.1069,16537.5
2016,CZ,Czechia,True,Intra-EU,390469,Other fluoropolymers,Fluoropolymers,PFAS restriction (proposed),22.862,686677.0,760083.0,1.1069,33246.57
2016,DE,Germany,True,Intra-EU,270900,Crude oil,Oil & gas,EU Methane Regulation,82356.026,19778832.0,21893189.0,1.1069,265.84
2016,DE,Germany,True,Intra-EU,271111,LNG,Oil & gas,EU Methane Regulation,2713.021,859365.0,951231.0,1.1069,350.62
2016,DE,Germany,True,Intra-EU,271121,Pipeline natural gas,Oil & gas,EU Methane Regulation,4625436.014,2456422709.0,2719014297.0,1.1069,587.84
2016,DE,Germany,True,Intra-EU,290339,"Fluorinated hydrocarbons (pre-2022 code, incl. HFCs)",F-gases (HFCs),F-gas Regulation,6534.26,46345883.0,51300258.0,1.1069,7850.97
2016,DE,Germany,True,Intra-EU,390461,PTFE,Fluoropolymers,PFAS restriction (proposed),5033.987,59610651.0,65983030.0,1.1069,13107.51
2016,DE,Germany,True,Intra-EU,390469,Other fluoropolymers,Fluoropolymers,PFAS restriction (proposed),5244.896,83798114.0,92756132.0,1.1069,17685.03
2016,DK,Denmark,True,Intra-EU,270900,Crude oil,Oil & gas,EU Methane Regulation,1476821.2,448960711.0,496954611.0,1.1069,336.5
2016,DK,Denmark,True,Intra-EU,271121,Pipeline natural gas,Oil & gas,EU Methane Regulation,521598.93,127415611.0,141036340.0,1.1069,270.39
2016,DK,Denmark,True,Intra-EU,290339,"Fluorinated hydrocarbons (pre-2022 code, incl. HFCs)",F-gases (HFCs),F-gas Regulation,14.669,653862.0,723760.0,1.1069,49339.42
2016,DK,Denmark,True,Intra-EU,390461,PTFE,Fluoropolymers,PFAS restriction (proposed),8.981,171066.0,189353.0,1.1069,21083.73
2016,DK,Denmark,True,Intra-EU,390469,Other fluoropolymers,Fluoropolymers,PFAS restriction (proposed),18.01,247567.0,274032.0,1.1069,15215.55
2016,DO,Dominican Republic,False,Extra-EU,270900,Crude oil,Oil & gas,EU Methane Regulation,0.001,37.0,41.0,1.1069,41000.0
2016,DZ,Algeria,False,Extra-EU,270900,Crude oil,Oil & gas,EU Methane Regulation,17430849.433,5578389533.0,6174719374.0,1.1069,354.24
2016,DZ,Algeria,False,Extra-EU,271111,LNG,Oil & gas,EU Methane Regulation,3867834.987,2016366876.0,2231916495.0,1.1069,577.05
2016,DZ,Algeria,False,Extra-EU,271121,Pipeline natural gas,Oil & gas,EU Methane Regulation,25073576.903,5792463933.0,6411678327.0,1.1069,255.71
2016,EC,Ecuador,False,Extra-EU,270900,Crude oil,Oil & gas,EU Methane Regulation,0.003,225.0,249.0,1.1069,83000.0
2016,EE,Estonia,True,Intra-EU,270900,Crude oil,Oil & gas,EU Methane Regulation,56712.621,9394184.0,10398422.0,1.1069,183.35
2016,EE,Estonia,True,Intra-EU,271111,LNG,Oil & gas,EU Methane Regulation,0.0,4038.0,4470.0,1.1069,
2016,EE,Estonia,True,Intra-EU,290339,"Fluorinated hydrocarbons (pre-2022 code, incl. HFCs)",F-gases (HFCs),F-gas Regulation,24.373,135460.0,149941.0,1.1069,6151.93
2016,EE,Estonia,True,Intra-EU,390461,PTFE,Fluoropolymers,PFAS restriction (proposed),0.71,4612.0,5105.0,1.1069,7190.14
2016,EE,Estonia,True,Intra-EU,390469,Other fluoropolymers,Fluoropolymers,PFAS restriction (proposed),0.004,18.0,20.0,1.1069,5000.0
2016,EG,Egypt,False,Extra-EU,270900,Crude oil,Oil & gas,EU Methane Regulation,7257865.607,2131463640.0,2359317103.0,1.1069,325.07
2016,EG,Egypt,False,Extra-EU,390469,Other fluoropolymers,Fluoropolymers,PFAS restriction (proposed),0.055,1094.0,1211.0,1.1069,22018.18
2016,ES,Spain,True,Intra-EU,270900,Crude oil,Oil & gas,EU Methane Regulation,978.915,318113.0,352119.0,1.1069,359.7
2016,ES,Spain,True,Intra-EU,271111,LNG,Oil & gas,EU Methane Regulation,22606.124,12404047.0,13730040.0,1.1069,607.36
2016,ES,Spain,True,Intra-EU,271121,Pipeline natural gas,Oil & gas,EU Methane Regulation,2594355.892,649480787.0,718910283.0,1.1069,277.11
2016,ES,Spain,True,Intra-EU,290339,"Fluorinated hydrocarbons (pre-2022 code, incl. HFCs)",F-gases (HFCs),F-gas Regulation,1047.89,5216809.0,5774486.0,1.1069,5510.58
2016,ES,Spain,True,Intra-EU,390461,PTFE,Fluoropolymers,PFAS restriction (proposed),498.031,928930.0,1028233.0,1.1069,2064.6
2016,ES,Spain,True,Intra-EU,390469,Other fluoropolymers,Fluoropolymers,PFAS restriction (proposed),164.232,825937.0,914230.0,1.1069,5566.7
2016,FI,Finland,True,Intra-EU,270900,Crude oil,Oil & gas,EU Methane Regulation,257.508,141982.0,157160.0,1.1069,610.31
2016,FI,Finland,True,Intra-EU,290339,"Fluorinated hydrocarbons (pre-2022 code, incl. HFCs)",F-gases (HFCs),F-gas Regulation,91.431,517164.0,572449.0,1.1069,6260.99
2016,FI,Finland,True,Intra-EU,390461,PTFE,Fluoropolymers,PFAS restriction (proposed),37.257,661102.0,731774.0,1.1069,19641.25
2016,FI,Finland,True,Intra-EU,390469,Other fluoropolymers,Fluoropolymers,PFAS restriction (proposed),48.395,1840027.0,2036726.0,1.1069,42085.46
2016,FR,France,True,Intra-EU,270900,Crude oil,Oil & gas,EU Methane Regulation,54829.092,17597755.0,19478955.0,1.1069,355.27
2016,FR,France,True,Intra-EU,271111,LNG,Oil & gas,EU Methane Regulation,4367.511,1396964.0,1546299.0,1.1069,354.05
2016,FR,France,True,Intra-EU,271121,Pipeline natural gas,Oil & gas,EU Methane Regulation,124227.683,27893083.0,30874854.0,1.1069,248.53
2016,FR,France,True,Intra-EU,290339,"Fluorinated hydrocarbons (pre-2022 code, incl. HFCs)",F-gases (HFCs),F-gas Regulation,11746.927,67865464.0,75120282.0,1.1069,6394.89
2016,FR,France,True,Intra-EU,390461,PTFE,Fluoropolymers,PFAS restriction (proposed),155.627,2882015.0,3190102.0,1.1069,20498.38
2016,FR,France,True,Intra-EU,390469,Other fluoropolymers,Fluoropolymers,PFAS restriction (proposed),9244.81,135677388.0,150181301.0,1.1069,16244.93
2016,GA,Gabon,False,Extra-EU,270900,Crude oil,Oil & gas,EU Methane Regulation,2508905.69,685104408.0,758342069.0,1.1069,302.26
2016,GB,United Kingdom,False,Extra-EU,270900,Crude oil,Oil & gas,EU Methane Regulation,25972806.237,7623265490.0,8438192571.0,1.1069,324.89
2016,GB,United Kingdom,False,Extra-EU,271111,LNG,Oil & gas,EU Methane Regulation,57213.026,18377801.0,20342388.0,1.1069,355.56
2016,GB,United Kingdom,False,Extra-EU,271121,Pipeline natural gas,Oil & gas,EU Methane Regulation,7677674.032,1545928481.0,1711188236.0,1.1069,222.88
2016,GB,United Kingdom,False,Extra-EU,290339,"Fluorinated hydrocarbons (pre-2022 code, incl. HFCs)",F-gases (HFCs),F-gas Regulation,7536.221,44278254.0,49011599.0,1.1069,6503.47
2016,GB,United Kingdom,False,Extra-EU,390461,PTFE,Fluoropolymers,PFAS restriction (proposed),1213.113,16192229.0,17923178.0,1.1069,14774.53
2016,GB,United Kingdom,False,Extra-EU,390469,Other fluoropolymers,Fluoropolymers,PFAS restriction (proposed),1096.423,15196765.0,16821299.0,1.1069,15341.98
2016,GE,Georgia,False,Extra-EU,270900,Crude oil,Oil & gas,EU Methane Regulation,50189.375,10360121.0,11467618.0,1.1069,228.49
2016,GH,Ghana,False,Extra-EU,270900,Crude oil,Oil & gas,EU Methane Regulation,1003499.305,319103472.0,353215633.0,1.1069,351.98
2016,GQ,Equatorial Guinea,False,Extra-EU,270900,Crude oil,Oil & gas,EU Methane Regulation,3794246.29,1064305400.0,1178079647.0,1.1069,310.49
2016,GR,Greece,True,Intra-EU,290339,"Fluorinated hydrocarbons (pre-2022 code, incl. HFCs)",F-gases (HFCs),F-gas Regulation,32.269,141369.0,156481.0,1.1069,4849.27
2016,GR,Greece,True,Intra-EU,390461,PTFE,Fluoropolymers,PFAS restriction (proposed),0.262,3990.0,4417.0,1.1069,16858.78
2016,GR,Greece,True,Intra-EU,390469,Other fluoropolymers,Fluoropolymers,PFAS restriction (proposed),0.016,317.0,351.0,1.1069,21937.5
2016,HK,Hong Kong,False,Extra-EU,270900,Crude oil,Oil & gas,EU Methane Regulation,0.096,7418.0,8211.0,1.1069,85531.25
2016,HK,Hong Kong,False,Extra-EU,290339,"Fluorinated hydrocarbons (pre-2022 code, incl. HFCs)",F-gases (HFCs),F-gas Regulation,131.152,559522.0,619335.0,1.1069,4722.27
2016,HK,Hong Kong,False,Extra-EU,390461,PTFE,Fluoropolymers,PFAS restriction (proposed),8.044,48018.0,53151.0,1.1069,6607.53
2016,HR,Croatia,True,Intra-EU,270900,Crude oil,Oil & gas,EU Methane Regulation,0.639,198.0,219.0,1.1069,342.72
2016,HR,Croatia,True,Intra-EU,271121,Pipeline natural gas,Oil & gas,EU Methane Regulation,192481.426,39539258.0,43766005.0,1.1069,227.38
2016,HR,Croatia,True,Intra-EU,290339,"Fluorinated hydrocarbons (pre-2022 code, incl. HFCs)",F-gases (HFCs),F-gas Regulation,2.365,21747.0,24072.0,1.1069,10178.44
2016,HR,Croatia,True,Intra-EU,390461,PTFE,Fluoropolymers,PFAS restriction (proposed),0.118,1612.0,1784.0,1.1069,15118.64
2016,HR,Croatia,True,Intra-EU,390469,Other fluoropolymers,Fluoropolymers,PFAS restriction (proposed),0.023,471.0,521.0,1.1069,22652.17
2016,HU,Hungary,True,Intra-EU,270900,Crude oil,Oil & gas,EU Methane Regulation,124478.951,31078774.0,34401095.0,1.1069,276.36
2016,HU,Hungary,True,Intra-EU,271121,Pipeline natural gas,Oil & gas,EU Methane Regulation,389540.138,96869638.0,107225002.0,1.1069,275.26
2016,HU,Hungary,True,Intra-EU,290339,"Fluorinated hydrocarbons (pre-2022 code, incl. HFCs)",F-gases (HFCs),F-gas Regulation,112.443,892977.0,988436.0,1.1069,8790.55
2016,HU,Hungary,True,Intra-EU,390461,PTFE,Fluoropolymers,PFAS restriction (proposed),0.875,10268.0,11366.0,1.1069,12989.71
2016,HU,Hungary,True,Intra-EU,390469,Other fluoropolymers,Fluoropolymers,PFAS restriction (proposed),6.99,95750.0,105986.0,1.1069,15162.52
2016,ID,Indonesia,False,Extra-EU,270900,Crude oil,Oil & gas,EU Methane Regulation,0.007,36.0,40.0,1.1069,5714.29
2016,ID,Indonesia,False,Extra-EU,290339,"Fluorinated hydrocarbons (pre-2022 code, incl. HFCs)",F-gases (HFCs),F-gas Regulation,1.026,3095.0,3426.0,1.1069,3339.18
2016,ID,Indonesia,False,Extra-EU,390461,PTFE,Fluoropolymers,PFAS restriction (proposed),0.004,91.0,101.0,1.1069,25250.0
2016,IE,Ireland,True,Intra-EU,270900,Crude oil,Oil & gas,EU Methane Regulation,10932.931,3758567.0,4160358.0,1.1069,380.53
2016,IE,Ireland,True,Intra-EU,290339,"Fluorinated hydrocarbons (pre-2022 code, incl. HFCs)",F-gases (HFCs),F-gas Regulation,11.555,40232.0,44533.0,1.1069,3854.0
2016,IE,Ireland,True,Intra-EU,390461,PTFE,Fluoropolymers,PFAS restriction (proposed),0.759,27418.0,30349.0,1.1069,39985.51
2016,IE,Ireland,True,Intra-EU,390469,Other fluoropolymers,Fluoropolymers,PFAS restriction (proposed),38.617,350069.0,387491.0,1.1069,10034.21
2016,IL,Israel,False,Extra-EU,270900,Crude oil,Oil & gas,EU Methane Regulation,0.013,105.0,116.0,1.1069,8923.08
2016,IL,Israel,False,Extra-EU,290339,"Fluorinated hydrocarbons (pre-2022 code, incl. HFCs)",F-gases (HFCs),F-gas Regulation,2424.564,9965632.0,11030958.0,1.1069,4549.67
2016,IL,Israel,False,Extra-EU,390469,Other fluoropolymers,Fluoropolymers,PFAS restriction (proposed),1.107,28975.0,32072.0,1.1069,28972.0
2016,IN,India,False,Extra-EU,270900,Crude oil,Oil & gas,EU Methane Regulation,0.135,855.0,946.0,1.1069,7007.41
2016,IN,India,False,Extra-EU,290339,"Fluorinated hydrocarbons (pre-2022 code, incl. HFCs)",F-gases (HFCs),F-gas Regulation,585.242,3727761.0,4126259.0,1.1069,7050.52
2016,IN,India,False,Extra-EU,390461,PTFE,Fluoropolymers,PFAS restriction (proposed),4753.69,26786327.0,29649785.0,1.1069,6237.21
2016,IN,India,False,Extra-EU,390469,Other fluoropolymers,Fluoropolymers,PFAS restriction (proposed),16.76,186657.0,206611.0,1.1069,12327.63
2016,IQ,Iraq,False,Extra-EU,270900,Crude oil,Oil & gas,EU Methane Regulation,42339126.118,10362896969.0,11470690655.0,1.1069,270.92
2016,IR,Iran,False,Extra-EU,270900,Crude oil,Oil & gas,EU Methane Regulation,14505244.579,4208472701.0,4658358433.0,1.1069,321.15
2016,IT,Italy,True,Intra-EU,270900,Crude oil,Oil & gas,EU Methane Regulation,602109.621,153209634.0,169587744.0,1.1069,281.66
2016,IT,Italy,True,Intra-EU,271111,LNG,Oil & gas,EU Methane Regulation,1753.489,718495.0,795302.0,1.1069,453.55
2016,IT,Italy,True,Intra-EU,271121,Pipeline natural gas,Oil & gas,EU Methane Regulation,663.425,222852.0,246675.0,1.1069,371.82
2016,IT,Italy,True,Intra-EU,290339,"Fluorinated hydrocarbons (pre-2022 code, incl. HFCs)",F-gases (HFCs),F-gas Regulation,1775.048,9955810.0,11020086.0,1.1069,6208.33
2016,IT,Italy,True,Intra-EU,390461,PTFE,Fluoropolymers,PFAS restriction (proposed),3558.084,43358148.0,47993134.0,1.1069,13488.48
2016,IT,Italy,True,Intra-EU,390469,Other fluoropolymers,Fluoropolymers,PFAS restriction (proposed),3462.509,82624393.0,91456941.0,1.1069,26413.49
2016,JP,Japan,False,Extra-EU,270900,Crude oil,Oil & gas,EU Methane Regulation,1.456,8018.0,8875.0,1.1069,6095.47
2016,JP,Japan,False,Extra-EU,290339,"Fluorinated hydrocarbons (pre-2022 code, incl. HFCs)",F-gases (HFCs),F-gas Regulation,7325.955,71692106.0,79355992.0,1.1069,10832.17
2016,JP,Japan,False,Extra-EU,390461,PTFE,Fluoropolymers,PFAS restriction (proposed),1148.537,10576830.0,11707493.0,1.1069,10193.4
2016,JP,Japan,False,Extra-EU,390469,Other fluoropolymers,Fluoropolymers,PFAS restriction (proposed),2993.302,58679095.0,64951890.0,1.1069,21699.08
2016,KR,South Korea,False,Extra-EU,270900,Crude oil,Oil & gas,EU Methane Regulation,3.712,1587.0,1757.0,1.1069,473.33
2016,KR,South Korea,False,Extra-EU,290339,"Fluorinated hydrocarbons (pre-2022 code, incl. HFCs)",F-gases (HFCs),F-gas Regulation,9.357,211701.0,234332.0,1.1069,25043.5
2016,KR,South Korea,False,Extra-EU,390461,PTFE,Fluoropolymers,PFAS restriction (proposed),100.0,1055612.0,1168457.0,1.1069,11684.57
2016,KR,South Korea,False,Extra-EU,390469,Other fluoropolymers,Fluoropolymers,PFAS restriction (proposed),117.407,1093746.0,1210667.0,1.1069,10311.71
2016,KW,Kuwait,False,Extra-EU,270900,Crude oil,Oil & gas,EU Methane Regulation,7105592.712,1815351474.0,2009412547.0,1.1069,282.79
2016,KZ,Kazakhstan,False,Extra-EU,270900,Crude oil,Oil & gas,EU Methane Regulation,35261456.496,10396714252.0,11508123006.0,1.1069,326.37
2016,LR,Liberia,False,Extra-EU,270900,Crude oil,Oil & gas,EU Methane Regulation,90081.082,22974833.0,25430843.0,1.1069,282.31
2016,LT,Lithuania,True,Intra-EU,270900,Crude oil,Oil & gas,EU Methane Regulation,1411.665,221427.0,245098.0,1.1069,173.62
2016,LT,Lithuania,True,Intra-EU,271121,Pipeline natural gas,Oil & gas,EU Methane Regulation,26890.689,6328342.0,7004842.0,1.1069,260.49
2016,LT,Lithuania,True,Intra-EU,290339,"Fluorinated hydrocarbons (pre-2022 code, incl. HFCs)",F-gases (HFCs),F-gas Regulation,150.65,430498.0,476518.0,1.1069,3163.08
2016,LT,Lithuania,True,Intra-EU,390461,PTFE,Fluoropolymers,PFAS restriction (proposed),0.141,7170.0,7936.0,1.1069,56283.69
2016,LT,Lithuania,True,Intra-EU,390469,Other fluoropolymers,Fluoropolymers,PFAS restriction (proposed),0.026,1050.0,1162.0,1.1069,44692.31
2016,LU,Luxembourg,True,Intra-EU,270900,Crude oil,Oil & gas,EU Methane Regulation,49.478,30186.0,33413.0,1.1069,675.31
2016,LU,Luxembourg,True,Intra-EU,271111,LNG,Oil & gas,EU Methane Regulation,879.463,4171771.0,4617733.0,1.1069,5250.63
2016,LU,Luxembourg,True,Intra-EU,271121,Pipeline natural gas,Oil & gas,EU Methane Regulation,65414.538,14448622.0,15993180.0,1.1069,244.49
2016,LU,Luxembourg,True,Intra-EU,290339,"Fluorinated hydrocarbons (pre-2022 code, incl. HFCs)",F-gases (HFCs),F-gas Regulation,12.027,316599.0,350443.0,1.1069,29138.02
2016,LU,Luxembourg,True,Intra-EU,390461,PTFE,Fluoropolymers,PFAS restriction (proposed),0.691,53120.0,58799.0,1.1069,85092.62
2016,LU,Luxembourg,True,Intra-EU,390469,Other fluoropolymers,Fluoropolymers,PFAS restriction (proposed),38.509,697774.0,772366.0,1.1069,20056.77
2016,LV,Latvia,True,Intra-EU,270900,Crude oil,Oil & gas,EU Methane Regulation,88727.035,24674384.0,27312076.0,1.1069,307.82
2016,LV,Latvia,True,Intra-EU,271121,Pipeline natural gas,Oil & gas,EU Methane Regulation,21748.814,5684739.0,6292438.0,1.1069,289.32
2016,LV,Latvia,True,Intra-EU,290339,"Fluorinated hydrocarbons (pre-2022 code, incl. HFCs)",F-gases (HFCs),F-gas Regulation,33.929,200082.0,221471.0,1.1069,6527.48
2016,LV,Latvia,True,Intra-EU,390461,PTFE,Fluoropolymers,PFAS restriction (proposed),2.813,31995.0,35415.0,1.1069,12589.76
2016,LV,Latvia,True,Intra-EU,390469,Other fluoropolymers,Fluoropolymers,PFAS restriction (proposed),0.042,1033.0,1143.0,1.1069,27214.29
2016,LY,Libya,False,Extra-EU,270900,Crude oil,Oil & gas,EU Methane Regulation,11936296.237,3519042564.0,3895228214.0,1.1069,326.33
2016,LY,Libya,False,Extra-EU,271121,Pipeline natural gas,Oil & gas,EU Methane Regulation,3479932.08,748861238.0,828914504.0,1.1069,238.2
2016,MA,Morocco,False,Extra-EU,271121,Pipeline natural gas,Oil & gas,EU Methane Regulation,381703.497,79793272.0,88323173.0,1.1069,231.39
2016,MG,Madagascar,False,Extra-EU,270900,Crude oil,Oil & gas,EU Methane Regulation,0.019,7.0,8.0,1.1069,421.05
2016,MR,Mauritania,False,Extra-EU,270900,Crude oil,Oil & gas,EU Methane Regulation,167563.33,42517531.0,47062655.0,1.1069,280.86
2016,MT,Malta,True,Intra-EU,270900,Crude oil,Oil & gas,EU Methane Regulation,62961.197,16995599.0,18812429.0,1.1069,298.79
2016,MT,Malta,True,Intra-EU,290339,"Fluorinated hydrocarbons (pre-2022 code, incl. HFCs)",F-gases (HFCs),F-gas Regulation,0.0,40.0,44.0,1.1069,
2016,MT,Malta,True,Intra-EU,390461,PTFE,Fluoropolymers,PFAS restriction (proposed),0.024,633.0,701.0,1.1069,29208.33
2016,MT,Malta,True,Intra-EU,390469,Other fluoropolymers,Fluoropolymers,PFAS restriction (proposed),1.528,51349.0,56838.0,1.1069,37197.64
2016,MX,Mexico,False,Extra-EU,270900,Crude oil,Oil & gas,EU Methane Regulation,13547806.535,3178378257.0,3518146893.0,1.1069,259.68
2016,MX,Mexico,False,Extra-EU,390461,PTFE,Fluoropolymers,PFAS restriction (proposed),4.146,136162.0,150718.0,1.1069,36352.63
2016,MX,Mexico,False,Extra-EU,390469,Other fluoropolymers,Fluoropolymers,PFAS restriction (proposed),1.669,27471.0,30408.0,1.1069,18219.29
2016,MY,Malaysia,False,Extra-EU,270900,Crude oil,Oil & gas,EU Methane Regulation,0.332,130.0,144.0,1.1069,433.73
2016,MY,Malaysia,False,Extra-EU,290339,"Fluorinated hydrocarbons (pre-2022 code, incl. HFCs)",F-gases (HFCs),F-gas Regulation,3.452,3583.0,3966.0,1.1069,1148.9
2016,MY,Malaysia,False,Extra-EU,390461,PTFE,Fluoropolymers,PFAS restriction (proposed),0.006,82.0,91.0,1.1069,15166.67
2016,MY,Malaysia,False,Extra-EU,390469,Other fluoropolymers,Fluoropolymers,PFAS restriction (proposed),0.032,1494.0,1654.0,1.1069,51687.5
2016,NG,Nigeria,False,Extra-EU,270900,Crude oil,Oil & gas,EU Methane Regulation,29181891.764,8557041418.0,9471789146.0,1.1069,324.58
2016,NG,Nigeria,False,Extra-EU,271111,LNG,Oil & gas,EU Methane Regulation,3719030.617,1106493792.0,1224777978.0,1.1069,329.33
2016,NL,Netherlands,True,Intra-EU,270900,Crude oil,Oil & gas,EU Methane Regulation,44065439.269,12540153604.0,13880696024.0,1.1069,315.0
2016,NL,Netherlands,True,Intra-EU,271111,LNG,Oil & gas,EU Methane Regulation,3779.08,1006539.0,1114138.0,1.1069,294.82
2016,NL,Netherlands,True,Intra-EU,271121,Pipeline natural gas,Oil & gas,EU Methane Regulation,17424012.255,3666263216.0,4058186754.0,1.1069,232.91
2016,NL,Netherlands,True,Intra-EU,290339,"Fluorinated hydrocarbons (pre-2022 code, incl. HFCs)",F-gases (HFCs),F-gas Regulation,18368.441,161362903.0,178612597.0,1.1069,9723.88
2016,NL,Netherlands,True,Intra-EU,390461,PTFE,Fluoropolymers,PFAS restriction (proposed),4742.483,55579556.0,61521011.0,1.1069,12972.32
2016,NL,Netherlands,True,Intra-EU,390469,Other fluoropolymers,Fluoropolymers,PFAS restriction (proposed),6860.065,152324561.0,168608057.0,1.1069,24578.2
2016,NO,Norway,False,Extra-EU,270900,Crude oil,Oil & gas,EU Methane Regulation,64870750.647,19413878252.0,21489221837.0,1.1069,331.26
2016,NO,Norway,False,Extra-EU,271111,LNG,Oil & gas,EU Methane Regulation,1968054.759,559997128.0,619860821.0,1.1069,314.96
2016,NO,Norway,False,Extra-EU,271121,Pipeline natural gas,Oil & gas,EU Methane Regulation,38547461.627,8074468681.0,8937629383.0,1.1069,231.86
2016,NO,Norway,False,Extra-EU,290339,"Fluorinated hydrocarbons (pre-2022 code, incl. HFCs)",F-gases (HFCs),F-gas Regulation,1.3,24950.0,27617.0,1.1069,21243.85
2016,NO,Norway,False,Extra-EU,390461,PTFE,Fluoropolymers,PFAS restriction (proposed),8.307,355588.0,393600.0,1.1069,47381.73
2016,NO,Norway,False,Extra-EU,390469,Other fluoropolymers,Fluoropolymers,PFAS restriction (proposed),0.067,5622.0,6223.0,1.1069,92880.6
2016,NZ,New Zealand,False,Extra-EU,390461,PTFE,Fluoropolymers,PFAS restriction (proposed),0.0,125.0,138.0,1.1069,
2016,OM,Oman,False,Extra-EU,270900,Crude oil,Oil & gas,EU Methane Regulation,137473.303,39696350.0,43939890.0,1.1069,319.62
2016,OM,Oman,False,Extra-EU,390461,PTFE,Fluoropolymers,PFAS restriction (proposed),135.11,100808.0,111584.0,1.1069,825.88
2016,PA,Panama,False,Extra-EU,290339,"Fluorinated hydrocarbons (pre-2022 code, incl. HFCs)",F-gases (HFCs),F-gas Regulation,0.0,107.0,118.0,1.1069,
2016,PE,Peru,False,Extra-EU,270900,Crude oil,Oil & gas,EU Methane Regulation,0.032,357.0,395.0,1.1069,12343.75
2016,PE,Peru,False,Extra-EU,271111,LNG,Oil & gas,EU Methane Regulation,1504663.878,372853119.0,412711117.0,1.1069,274.29
2016,PK,Pakistan,False,Extra-EU,270900,Crude oil,Oil & gas,EU Methane Regulation,0.01,3.0,3.0,1.1069,300.0
2016,PK,Pakistan,False,Extra-EU,290339,"Fluorinated hydrocarbons (pre-2022 code, incl. HFCs)",F-gases (HFCs),F-gas Regulation,0.021,49.0,54.0,1.1069,2571.43
2016,PL,Poland,True,Intra-EU,270900,Crude oil,Oil & gas,EU Methane Regulation,214950.526,53911910.0,59675093.0,1.1069,277.62
2016,PL,Poland,True,Intra-EU,271111,LNG,Oil & gas,EU Methane Regulation,525.569,93647.0,103658.0,1.1069,197.23
2016,PL,Poland,True,Intra-EU,271121,Pipeline natural gas,Oil & gas,EU Methane Regulation,800.0,252965.0,280007.0,1.1069,350.01
2016,PL,Poland,True,Intra-EU,290339,"Fluorinated hydrocarbons (pre-2022 code, incl. HFCs)",F-gases (HFCs),F-gas Regulation,475.631,2507301.0,2775331.0,1.1069,5835.05
2016,PL,Poland,True,Intra-EU,390461,PTFE,Fluoropolymers,PFAS restriction (proposed),83.098,1368431.0,1514716.0,1.1069,18228.07
2016,PL,Poland,True,Intra-EU,390469,Other fluoropolymers,Fluoropolymers,PFAS restriction (proposed),323.649,4788421.0,5300303.0,1.1069,16376.7
2016,PT,Portugal,True,Intra-EU,270900,Crude oil,Oil & gas,EU Methane Regulation,0.405,259.0,287.0,1.1069,708.64
2016,PT,Portugal,True,Intra-EU,271121,Pipeline natural gas,Oil & gas,EU Methane Regulation,20.82,373350.0,413261.0,1.1069,19849.23
2016,PT,Portugal,True,Intra-EU,290339,"Fluorinated hydrocarbons (pre-2022 code, incl. HFCs)",F-gases (HFCs),F-gas Regulation,51.773,334686.0,370464.0,1.1069,7155.54
2016,PT,Portugal,True,Intra-EU,390461,PTFE,Fluoropolymers,PFAS restriction (proposed),0.699,12834.0,14206.0,1.1069,20323.32
2016,PT,Portugal,True,Intra-EU,390469,Other fluoropolymers,Fluoropolymers,PFAS restriction (proposed),1.143,11282.0,12488.0,1.1069,10925.63
2016,QA,Qatar,False,Extra-EU,270900,Crude oil,Oil & gas,EU Methane Regulation,5.455,3344.0,3701.0,1.1069,678.46
2016,QA,Qatar,False,Extra-EU,271111,LNG,Oil & gas,EU Methane Regulation,14700480.656,2854902880.0,3160091998.0,1.1069,214.97
2016,QP,High seas,False,Extra-EU,270900,Crude oil,Oil & gas,EU Methane Regulation,252584.945,64517911.0,71414876.0,1.1069,282.74
2016,QV,Countries not specified (intra-EU),False,Extra-EU,271121,Pipeline natural gas,Oil & gas,EU Methane Regulation,3527754.498,863727187.0,956059623.0,1.1069,271.01
2016,QV,Countries not specified (intra-EU),False,Extra-EU,390461,PTFE,Fluoropolymers,PFAS restriction (proposed),2.951,40452.0,44776.0,1.1069,15173.16
2016,QW,Countries not specified (extra-EU),False,Extra-EU,270900,Crude oil,Oil & gas,EU Methane Regulation,573765.348,165276899.0,182945000.0,1.1069,318.85
2016,QW,Countries not specified (extra-EU),False,Extra-EU,271111,LNG,Oil & gas,EU Methane Regulation,942553.488,225441935.0,249541678.0,1.1069,264.75
2016,QW,Countries not specified (extra-EU),False,Extra-EU,290339,"Fluorinated hydrocarbons (pre-2022 code, incl. HFCs)",F-gases (HFCs),F-gas Regulation,0.056,321.0,355.0,1.1069,6339.29
2016,QW,Countries not specified (extra-EU),False,Extra-EU,390461,PTFE,Fluoropolymers,PFAS restriction (proposed),0.027,12565.0,13908.0,1.1069,515111.11
2016,QZ,Secret (extra-EU),False,Extra-EU,270900,Crude oil,Oil & gas,EU Methane Regulation,0.012,4.0,4.0,1.1069,333.33
2016,RO,Romania,True,Intra-EU,270900,Crude oil,Oil & gas,EU Methane Regulation,89.682,26570.0,29410.0,1.1069,327.94
2016,RO,Romania,True,Intra-EU,290339,"Fluorinated hydrocarbons (pre-2022 code, incl. HFCs)",F-gases (HFCs),F-gas Regulation,28.145,294887.0,326410.0,1.1069,11597.44
2016,RO,Romania,True,Intra-EU,390461,PTFE,Fluoropolymers,PFAS restriction (proposed),630.577,3857039.0,4269356.0,1.1069,6770.55
2016,RO,Romania,True,Intra-EU,390469,Other fluoropolymers,Fluoropolymers,PFAS restriction (proposed),1.538,29810.0,32997.0,1.1069,21454.49
2016,RU,Russian Federation,False,Extra-EU,270900,Crude oil,Oil & gas,EU Methane Regulation,168492683.956,46001963763.0,50919573689.0,1.1069,302.21
2016,RU,Russian Federation,False,Extra-EU,271111,LNG,Oil & gas,EU Methane Regulation,2400.0,614709.0,680421.0,1.1069,283.51
2016,RU,Russian Federation,False,Extra-EU,271121,Pipeline natural gas,Oil & gas,EU Methane Regulation,33441291.595,7847416462.0,8686305282.0,1.1069,259.75
2016,RU,Russian Federation,False,Extra-EU,290339,"Fluorinated hydrocarbons (pre-2022 code, incl. HFCs)",F-gases (HFCs),F-gas Regulation,12.617,517669.0,573008.0,1.1069,45415.55
2016,RU,Russian Federation,False,Extra-EU,390461,PTFE,Fluoropolymers,PFAS restriction (proposed),2472.794,11750612.0,13006752.0,1.1069,5259.94
2016,RU,Russian Federation,False,Extra-EU,390469,Other fluoropolymers,Fluoropolymers,PFAS restriction (proposed),2.47,115890.0,128279.0,1.1069,51934.82
2016,SA,Saudi Arabia,False,Extra-EU,270900,Crude oil,Oil & gas,EU Methane Regulation,35039371.285,9861916516.0,10916155392.0,1.1069,311.54
2016,SE,Sweden,True,Intra-EU,270900,Crude oil,Oil & gas,EU Methane Regulation,15422.508,6405444.0,7090186.0,1.1069,459.73
2016,SE,Sweden,True,Intra-EU,290339,"Fluorinated hydrocarbons (pre-2022 code, incl. HFCs)",F-gases (HFCs),F-gas Regulation,86.883,866818.0,959481.0,1.1069,11043.37
2016,SE,Sweden,True,Intra-EU,390461,PTFE,Fluoropolymers,PFAS restriction (proposed),38.7,503065.0,556843.0,1.1069,14388.71
2016,SE,Sweden,True,Intra-EU,390469,Other fluoropolymers,Fluoropolymers,PFAS restriction (proposed),151.73,1803833.0,1996663.0,1.1069,13159.32
2016,SG,Singapore,False,Extra-EU,270900,Crude oil,Oil & gas,EU Methane Regulation,0.461,150.0,166.0,1.1069,360.09
2016,SG,Singapore,False,Extra-EU,290339,"Fluorinated hydrocarbons (pre-2022 code, incl. HFCs)",F-gases (HFCs),F-gas Regulation,83.023,262496.0,290557.0,1.1069,3499.72
2016,SG,Singapore,False,Extra-EU,390461,PTFE,Fluoropolymers,PFAS restriction (proposed),0.103,12145.0,13443.0,1.1069,130514.56
2016,SG,Singapore,False,Extra-EU,390469,Other fluoropolymers,Fluoropolymers,PFAS restriction (proposed),6.914,15522.0,17181.0,1.1069,2484.96
2016,SI,Slovenia,True,Intra-EU,270900,Crude oil,Oil & gas,EU Methane Regulation,379.52,109931.0,121683.0,1.1069,320.62
2016,SI,Slovenia,True,Intra-EU,271121,Pipeline natural gas,Oil & gas,EU Methane Regulation,257036.455,71010308.0,78601310.0,1.1069,305.8
2016,SI,Slovenia,True,Intra-EU,290339,"Fluorinated hydrocarbons (pre-2022 code, incl. HFCs)",F-gases (HFCs),F-gas Regulation,48.313,286933.0,317606.0,1.1069,6573.92
2016,SI,Slovenia,True,Intra-EU,390461,PTFE,Fluoropolymers,PFAS restriction (proposed),10.908,107961.0,119502.0,1.1069,10955.45
2016,SI,Slovenia,True,Intra-EU,390469,Other fluoropolymers,Fluoropolymers,PFAS restriction (proposed),29.622,255990.0,283355.0,1.1069,9565.69
2016,SK,Slovakia,True,Intra-EU,270900,Crude oil,Oil & gas,EU Methane Regulation,8560.031,2421538.0,2680400.0,1.1069,313.13
2016,SK,Slovakia,True,Intra-EU,271121,Pipeline natural gas,Oil & gas,EU Methane Regulation,612945.195,178234683.0,197287971.0,1.1069,321.87
2016,SK,Slovakia,True,Intra-EU,290339,"Fluorinated hydrocarbons (pre-2022 code, incl. HFCs)",F-gases (HFCs),F-gas Regulation,100.184,314838.0,348494.0,1.1069,3478.54
2016,SK,Slovakia,True,Intra-EU,390461,PTFE,Fluoropolymers,PFAS restriction (proposed),2.693,38805.0,42953.0,1.1069,15949.87
2016,SK,Slovakia,True,Intra-EU,390469,Other fluoropolymers,Fluoropolymers,PFAS restriction (proposed),0.76,68964.0,76336.0,1.1069,100442.11
2016,SN,Senegal,False,Extra-EU,270900,Crude oil,Oil & gas,EU Methane Regulation,0.003,239.0,265.0,1.1069,88333.33
2016,SX,Sint Maarten (Dutch part),False,Extra-EU,270900,Crude oil,Oil & gas,EU Methane Regulation,0.041,15.0,17.0,1.1069,414.63
2016,TD,Chad,False,Extra-EU,270900,Crude oil,Oil & gas,EU Methane Regulation,400961.778,96962919.0,107328255.0,1.1069,267.68
2016,TH,Thailand,False,Extra-EU,270900,Crude oil,Oil & gas,EU Methane Regulation,0.069,2093.0,2317.0,1.1069,33579.71
2016,TH,Thailand,False,Extra-EU,390461,PTFE,Fluoropolymers,PFAS restriction (proposed),5.0,8948.0,9905.0,1.1069,1981.0
2016,TH,Thailand,False,Extra-EU,390469,Other fluoropolymers,Fluoropolymers,PFAS restriction (proposed),18.011,342835.0,379484.0,1.1069,21069.57
2016,TM,Turkmenistan,False,Extra-EU,270900,Crude oil,Oil & gas,EU Methane Regulation,1604031.861,486515478.0,538523983.0,1.1069,335.73
2016,TN,Tunisia,False,Extra-EU,270900,Crude oil,Oil & gas,EU Methane Regulation,1252246.583,380672162.0,421366016.0,1.1069,336.49
2016,TN,Tunisia,False,Extra-EU,290339,"Fluorinated hydrocarbons (pre-2022 code, incl. HFCs)",F-gases (HFCs),F-gas Regulation,0.006,71.0,79.0,1.1069,13166.67
2016,TN,Tunisia,False,Extra-EU,390469,Other fluoropolymers,Fluoropolymers,PFAS restriction (proposed),1.075,4327.0,4790.0,1.1069,4455.81
2016,TR,Türkiye,False,Extra-EU,270900,Crude oil,Oil & gas,EU Methane Regulation,317981.474,93829664.0,103860055.0,1.1069,326.62
2016,TR,Türkiye,False,Extra-EU,271121,Pipeline natural gas,Oil & gas,EU Methane Regulation,474432.033,120232663.0,133085535.0,1.1069,280.52
2016,TR,Türkiye,False,Extra-EU,290339,"Fluorinated hydrocarbons (pre-2022 code, incl. HFCs)",F-gases (HFCs),F-gas Regulation,142.428,420603.0,465565.0,1.1069,3268.77
2016,TR,Türkiye,False,Extra-EU,390461,PTFE,Fluoropolymers,PFAS restriction (proposed),2.201,41028.0,45414.0,1.1069,20633.35
2016,TR,Türkiye,False,Extra-EU,390469,Other fluoropolymers,Fluoropolymers,PFAS restriction (proposed),2.172,22012.0,24365.0,1.1069,11217.77
2016,TT,Trinidad and Tobago,False,Extra-EU,270900,Crude oil,Oil & gas,EU Methane Regulation,0.045,643.0,712.0,1.1069,15822.22
2016,TT,Trinidad and Tobago,False,Extra-EU,271111,LNG,Oil & gas,EU Methane Regulation,591898.546,117601030.0,130172580.0,1.1069,219.92
2016,TW,Taiwan,False,Extra-EU,290339,"Fluorinated hydrocarbons (pre-2022 code, incl. HFCs)",F-gases (HFCs),F-gas Regulation,0.171,4720.0,5225.0,1.1069,30555.56
2016,TW,Taiwan,False,Extra-EU,390461,PTFE,Fluoropolymers,PFAS restriction (proposed),1.334,32504.0,35979.0,1.1069,26970.76
2016,TW,Taiwan,False,Extra-EU,390469,Other fluoropolymers,Fluoropolymers,PFAS restriction (proposed),4.117,45029.0,49843.0,1.1069,12106.63
2016,TZ,Tanzania,False,Extra-EU,270900,Crude oil,Oil & gas,EU Methane Regulation,0.002,3.0,3.0,1.1069,1500.0
2016,UA,Ukraine,False,Extra-EU,271121,Pipeline natural gas,Oil & gas,EU Methane Regulation,848615.6,199679082.0,221024776.0,1.1069,260.45
2016,UA,Ukraine,False,Extra-EU,290339,"Fluorinated hydrocarbons (pre-2022 code, incl. HFCs)",F-gases (HFCs),F-gas Regulation,0.063,8120.0,8988.0,1.1069,142666.67
2016,US,United States,False,Extra-EU,270900,Crude oil,Oil & gas,EU Methane Regulation,3606633.37,1175053967.0,1300667236.0,1.1069,360.63
2016,US,United States,False,Extra-EU,271111,LNG,Oil & gas,EU Methane Regulation,163184.852,38820982.0,42970945.0,1.1069,263.33
2016,US,United States,False,Extra-EU,271121,Pipeline natural gas,Oil & gas,EU Methane Regulation,0.03,2310.0,2557.0,1.1069,85233.33
2016,US,United States,False,Extra-EU,290339,"Fluorinated hydrocarbons (pre-2022 code, incl. HFCs)",F-gases (HFCs),F-gas Regulation,20899.455,104814574.0,116019252.0,1.1069,5551.31
2016,US,United States,False,Extra-EU,390461,PTFE,Fluoropolymers,PFAS restriction (proposed),2873.439,27300234.0,30218629.0,1.1069,10516.54
2016,US,United States,False,Extra-EU,390469,Other fluoropolymers,Fluoropolymers,PFAS restriction (proposed),5342.309,85923694.0,95108937.0,1.1069,17802.96
2016,VE,Venezuela,False,Extra-EU,270900,Crude oil,Oil & gas,EU Methane Regulation,3658375.283,690984470.0,764850710.0,1.1069,209.07
2016,VN,Vietnam,False,Extra-EU,270900,Crude oil,Oil & gas,EU Methane Regulation,0.06,130.0,144.0,1.1069,2400.0
2016,XC,Ceuta,False,Extra-EU,270900,Crude oil,Oil & gas,EU Methane Regulation,0.002,1.0,1.0,1.1069,500.0
2016,XS,Serbia,False,Extra-EU,270900,Crude oil,Oil & gas,EU Methane Regulation,0.001,1.0,1.0,1.1069,1000.0
2016,XS,Serbia,False,Extra-EU,271121,Pipeline natural gas,Oil & gas,EU Methane Regulation,0.001,502.0,556.0,1.1069,556000.0
2016,XS,Serbia,False,Extra-EU,290339,"Fluorinated hydrocarbons (pre-2022 code, incl. HFCs)",F-gases (HFCs),F-gas Regulation,25.823,73895.0,81794.0,1.1069,3167.49
2016,ZA,South Africa,False,Extra-EU,271111,LNG,Oil & gas,EU Methane Regulation,4093.751,2301047.0,2547029.0,1.1069,622.17
2016,ZA,South Africa,False,Extra-EU,290339,"Fluorinated hydrocarbons (pre-2022 code, incl. HFCs)",F-gases (HFCs),F-gas Regulation,8.23,59824.0,66219.0,1.1069,8046.05
2017,AE,United Arab Emirates,False,Extra-EU,270900,Crude oil,Oil & gas,EU Methane Regulation,351335.037,137243664.0,155044167.0,1.1297,441.3
2017,AE,United Arab Emirates,False,Extra-EU,290339,"Fluorinated hydrocarbons (pre-2022 code, incl. HFCs)",F-gases (HFCs),F-gas Regulation,3.621,31917.0,36057.0,1.1297,9957.75
2017,AL,Albania,False,Extra-EU,270900,Crude oil,Oil & gas,EU Methane Regulation,477518.889,111591098.0,126064463.0,1.1297,264.0
2017,AO,Angola,False,Extra-EU,270900,Crude oil,Oil & gas,EU Methane Regulation,5171050.284,1825985904.0,2062816276.0,1.1297,398.92
2017,AO,Angola,False,Extra-EU,271111,LNG,Oil & gas,EU Methane Regulation,203223.144,91668597.0,103558014.0,1.1297,509.58
2017,AR,Argentina,False,Extra-EU,270900,Crude oil,Oil & gas,EU Methane Regulation,0.043,58.0,66.0,1.1297,1534.88
2017,AR,Argentina,False,Extra-EU,390461,PTFE,Fluoropolymers,PFAS restriction (proposed),9.497,9685.0,10941.0,1.1297,1152.05
2017,AT,Austria,True,Intra-EU,270900,Crude oil,Oil & gas,EU Methane Regulation,1602.826,726499.0,820726.0,1.1297,512.05
2017,AT,Austria,True,Intra-EU,271111,LNG,Oil & gas,EU Methane Regulation,3987.36,1129121.0,1275568.0,1.1297,319.9
2017,AT,Austria,True,Intra-EU,271121,Pipeline natural gas,Oil & gas,EU Methane Regulation,3640305.514,992148296.0,1120829930.0,1.1297,307.89
2017,AT,Austria,True,Intra-EU,290339,"Fluorinated hydrocarbons (pre-2022 code, incl. HFCs)",F-gases (HFCs),F-gas Regulation,58.956,325949.0,368225.0,1.1297,6245.76
2017,AT,Austria,True,Intra-EU,390461,PTFE,Fluoropolymers,PFAS restriction (proposed),12.585,329420.0,372146.0,1.1297,29570.6
2017,AT,Austria,True,Intra-EU,390469,Other fluoropolymers,Fluoropolymers,PFAS restriction (proposed),26.325,236988.0,267725.0,1.1297,10169.99
2017,AU,Australia,False,Extra-EU,270900,Crude oil,Oil & gas,EU Methane Regulation,0.415,151.0,171.0,1.1297,412.05
2017,AU,Australia,False,Extra-EU,290339,"Fluorinated hydrocarbons (pre-2022 code, incl. HFCs)",F-gases (HFCs),F-gas Regulation,0.001,190.0,215.0,1.1297,215000.0
2017,AU,Australia,False,Extra-EU,390461,PTFE,Fluoropolymers,PFAS restriction (proposed),0.001,471.0,532.0,1.1297,532000.0
2017,AW,Aruba,False,Extra-EU,270900,Crude oil,Oil & gas,EU Methane Regulation,0.015,6.0,7.0,1.1297,466.67
2017,AZ,Azerbaijan,False,Extra-EU,270900,Crude oil,Oil & gas,EU Methane Regulation,24423511.219,9192265516.0,10384502353.0,1.1297,425.18
2017,BA,Bosnia and Herzegovina,False,Extra-EU,270900,Crude oil,Oil & gas,EU Methane Regulation,0.115,133.0,150.0,1.1297,1304.35
2017,BA,Bosnia and Herzegovina,False,Extra-EU,390461,PTFE,Fluoropolymers,PFAS restriction (proposed),0.0,2.0,2.0,1.1297,
2017,BB,Barbados,False,Extra-EU,270900,Crude oil,Oil & gas,EU Methane Regulation,0.005,12.0,14.0,1.1297,2800.0
2017,BE,Belgium,True,Intra-EU,270900,Crude oil,Oil & gas,EU Methane Regulation,1961312.371,854250441.0,965046723.0,1.1297,492.04
2017,BE,Belgium,True,Intra-EU,271111,LNG,Oil & gas,EU Methane Regulation,45071.617,18836939.0,21280090.0,1.1297,472.14
2017,BE,Belgium,True,Intra-EU,271121,Pipeline natural gas,Oil & gas,EU Methane Regulation,2044675.095,7089758620.0,8009300313.0,1.1297,3917.15
2017,BE,Belgium,True,Intra-EU,290339,"Fluorinated hydrocarbons (pre-2022 code, incl. HFCs)",F-gases (HFCs),F-gas Regulation,2204.36,12236400.0,13823461.0,1.1297,6270.96
2017,BE,Belgium,True,Intra-EU,390461,PTFE,Fluoropolymers,PFAS restriction (proposed),3653.142,38210285.0,43166159.0,1.1297,11816.17
2017,BE,Belgium,True,Intra-EU,390469,Other fluoropolymers,Fluoropolymers,PFAS restriction (proposed),5823.789,106591425.0,120416333.0,1.1297,20676.63
2017,BG,Bulgaria,True,Intra-EU,270900,Crude oil,Oil & gas,EU Methane Regulation,1.451,918.0,1037.0,1.1297,714.68
2017,BG,Bulgaria,True,Intra-EU,271111,LNG,Oil & gas,EU Methane Regulation,154.695,46200.0,52192.0,1.1297,337.39
2017,BG,Bulgaria,True,Intra-EU,271121,Pipeline natural gas,Oil & gas,EU Methane Regulation,14100.522,3481057.0,3932550.0,1.1297,278.89
2017,BG,Bulgaria,True,Intra-EU,290339,"Fluorinated hydrocarbons (pre-2022 code, incl. HFCs)",F-gases (HFCs),F-gas Regulation,25.346,309215.0,349320.0,1.1297,13782.06
2017,BG,Bulgaria,True,Intra-EU,390461,PTFE,Fluoropolymers,PFAS restriction (proposed),0.041,566.0,639.0,1.1297,15585.37
2017,BG,Bulgaria,True,Intra-EU,390469,Other fluoropolymers,Fluoropolymers,PFAS restriction (proposed),84.646,52464.0,59269.0,1.1297,700.2
2017,BH,Bahrain,False,Extra-EU,270900,Crude oil,Oil & gas,EU Methane Regulation,0.013,699.0,790.0,1.1297,60769.23
2017,BM,Bermuda,False,Extra-EU,271111,LNG,Oil & gas,EU Methane Regulation,12817.18,6308810.0,7127063.0,1.1297,556.06
2017,BR,Brazil,False,Extra-EU,270900,Crude oil,Oil & gas,EU Methane Regulation,6060251.256,1799634909.0,2033047557.0,1.1297,335.47
2017,BR,Brazil,False,Extra-EU,290339,"Fluorinated hydrocarbons (pre-2022 code, incl. HFCs)",F-gases (HFCs),F-gas Regulation,0.3,10355.0,11698.0,1.1297,38993.33
2017,BR,Brazil,False,Extra-EU,390461,PTFE,Fluoropolymers,PFAS restriction (proposed),3.368,46009.0,51976.0,1.1297,15432.3
2017,BR,Brazil,False,Extra-EU,390469,Other fluoropolymers,Fluoropolymers,PFAS restriction (proposed),2.19,8105.0,9156.0,1.1297,4180.82
2017,CA,Canada,False,Extra-EU,270900,Crude oil,Oil & gas,EU Methane Regulation,2104520.397,743096472.0,839476084.0,1.1297,398.89
2017,CA,Canada,False,Extra-EU,271121,Pipeline natural gas,Oil & gas,EU Methane Regulation,0.001,159.0,180.0,1.1297,180000.0
2017,CA,Canada,False,Extra-EU,290339,"Fluorinated hydrocarbons (pre-2022 code, incl. HFCs)",F-gases (HFCs),F-gas Regulation,0.088,27432.0,30990.0,1.1297,352159.09
2017,CA,Canada,False,Extra-EU,390461,PTFE,Fluoropolymers,PFAS restriction (proposed),0.573,11324.0,12793.0,1.1297,22326.35
2017,CA,Canada,False,Extra-EU,390469,Other fluoropolymers,Fluoropolymers,PFAS restriction (proposed),2.408,56409.0,63725.0,1.1297,26463.87
2017,CG,Congo,False,Extra-EU,270900,Crude oil,Oil & gas,EU Methane Regulation,731572.289,273018066.0,308428509.0,1.1297,421.6
2017,CG,Congo,False,Extra-EU,271111,LNG,Oil & gas,EU Methane Regulation,0.0,30.0,34.0,1.1297,
2017,CH,Switzerland,False,Extra-EU,270900,Crude oil,Oil & gas,EU Methane Regulation,0.12,908.0,1026.0,1.1297,8550.0
2017,CH,Switzerland,False,Extra-EU,271121,Pipeline natural gas,Oil & gas,EU Methane Regulation,261407.531,82321221.0,92998283.0,1.1297,355.76
2017,CH,Switzerland,False,Extra-EU,290339,"Fluorinated hydrocarbons (pre-2022 code, incl. HFCs)",F-gases (HFCs),F-gas Regulation,0.659,123245.0,139230.0,1.1297,211274.66
2017,CH,Switzerland,False,Extra-EU,390461,PTFE,Fluoropolymers,PFAS restriction (proposed),729.702,5810059.0,6563624.0,1.1297,8994.94
2017,CH,Switzerland,False,Extra-EU,390469,Other fluoropolymers,Fluoropolymers,PFAS restriction (proposed),857.834,10491866.0,11852661.0,1.1297,13816.96
2017,CI,Côte d'Ivoire,False,Extra-EU,270900,Crude oil,Oil & gas,EU Methane Regulation,1251598.808,413149194.0,466734644.0,1.1297,372.91
2017,CL,Chile,False,Extra-EU,270900,Crude oil,Oil & gas,EU Methane Regulation,0.001,8.0,9.0,1.1297,9000.0
2017,CL,Chile,False,Extra-EU,390461,PTFE,Fluoropolymers,PFAS restriction (proposed),0.25,3571.0,4034.0,1.1297,16136.0
2017,CM,Cameroon,False,Extra-EU,270900,Crude oil,Oil & gas,EU Methane Regulation,2361912.37,812657691.0,918059394.0,1.1297,388.69
2017,CN,China,False,Extra-EU,271121,Pipeline natural gas,Oil & gas,EU Methane Regulation,0.017,56.0,63.0,1.1297,3705.88
2017,CN,China,False,Extra-EU,290339,"Fluorinated hydrocarbons (pre-2022 code, incl. HFCs)",F-gases (HFCs),F-gas Regulation,52277.088,278029444.0,314089863.0,1.1297,6008.17
2017,CN,China,False,Extra-EU,390461,PTFE,Fluoropolymers,PFAS restriction (proposed),7459.912,49947450.0,56425634.0,1.1297,7563.85
2017,CN,China,False,Extra-EU,390469,Other fluoropolymers,Fluoropolymers,PFAS restriction (proposed),3431.872,31031861.0,35056693.0,1.1297,10215.04
2017,CO,Colombia,False,Extra-EU,270900,Crude oil,Oil & gas,EU Methane Regulation,1225168.297,357620753.0,404004165.0,1.1297,329.75
2017,CU,Cuba,False,Extra-EU,290339,"Fluorinated hydrocarbons (pre-2022 code, incl. HFCs)",F-gases (HFCs),F-gas Regulation,7.412,49544.0,55970.0,1.1297,7551.27
2017,CY,Cyprus,True,Intra-EU,270900,Crude oil,Oil & gas,EU Methane Regulation,244968.191,83936866.0,94823478.0,1.1297,387.08
2017,CY,Cyprus,True,Intra-EU,271111,LNG,Oil & gas,EU Methane Regulation,682.45,461000.0,520792.0,1.1297,763.12
2017,CY,Cyprus,True,Intra-EU,290339,"Fluorinated hydrocarbons (pre-2022 code, incl. HFCs)",F-gases (HFCs),F-gas Regulation,0.009,404.0,456.0,1.1297,50666.67
2017,CY,Cyprus,True,Intra-EU,390461,PTFE,Fluoropolymers,PFAS restriction (proposed),0.009,118.0,133.0,1.1297,14777.78
2017,CY,Cyprus,True,Intra-EU,390469,Other fluoropolymers,Fluoropolymers,PFAS restriction (proposed),0.015,327.0,369.0,1.1297,24600.0
2017,CZ,Czechia,True,Intra-EU,270900,Crude oil,Oil & gas,EU Methane Regulation,24115.452,8345361.0,9427754.0,1.1297,390.94
2017,CZ,Czechia,True,Intra-EU,271111,LNG,Oil & gas,EU Methane Regulation,31.699,9307.0,10514.0,1.1297,331.68
2017,CZ,Czechia,True,Intra-EU,271121,Pipeline natural gas,Oil & gas,EU Methane Regulation,0.0,0.0,0.0,1.1297,
2017,CZ,Czechia,True,Intra-EU,290339,"Fluorinated hydrocarbons (pre-2022 code, incl. HFCs)",F-gases (HFCs),F-gas Regulation,326.816,2472358.0,2793023.0,1.1297,8546.16
2017,CZ,Czechia,True,Intra-EU,390461,PTFE,Fluoropolymers,PFAS restriction (proposed),2.361,56350.0,63659.0,1.1297,26962.73
2017,CZ,Czechia,True,Intra-EU,390469,Other fluoropolymers,Fluoropolymers,PFAS restriction (proposed),22.181,604140.0,682497.0,1.1297,30769.44
2017,DE,Germany,True,Intra-EU,270900,Crude oil,Oil & gas,EU Methane Regulation,116901.193,48940180.0,55287721.0,1.1297,472.94
2017,DE,Germany,True,Intra-EU,271111,LNG,Oil & gas,EU Methane Regulation,24436.481,5918177.0,6685765.0,1.1297,273.6
2017,DE,Germany,True,Intra-EU,271121,Pipeline natural gas,Oil & gas,EU Methane Regulation,5059591.999,2825591734.0,3192070982.0,1.1297,630.89
2017,DE,Germany,True,Intra-EU,290339,"Fluorinated hydrocarbons (pre-2022 code, incl. HFCs)",F-gases (HFCs),F-gas Regulation,6850.178,69501591.0,78515947.0,1.1297,11461.88
2017,DE,Germany,True,Intra-EU,390461,PTFE,Fluoropolymers,PFAS restriction (proposed),6198.058,69366391.0,78363212.0,1.1297,12643.19
2017,DE,Germany,True,Intra-EU,390469,Other fluoropolymers,Fluoropolymers,PFAS restriction (proposed),5941.731,89470591.0,101074927.0,1.1297,17011.02
2017,DK,Denmark,True,Intra-EU,270900,Crude oil,Oil & gas,EU Methane Regulation,1948098.851,703825868.0,795112083.0,1.1297,408.15
2017,DK,Denmark,True,Intra-EU,271111,LNG,Oil & gas,EU Methane Regulation,396.226,109487.0,123687.0,1.1297,312.16
2017,DK,Denmark,True,Intra-EU,271121,Pipeline natural gas,Oil & gas,EU Methane Regulation,498772.687,139505373.0,157599220.0,1.1297,315.97
2017,DK,Denmark,True,Intra-EU,290339,"Fluorinated hydrocarbons (pre-2022 code, incl. HFCs)",F-gases (HFCs),F-gas Regulation,34.503,2775798.0,3135819.0,1.1297,90885.4
2017,DK,Denmark,True,Intra-EU,390461,PTFE,Fluoropolymers,PFAS restriction (proposed),18.776,184120.0,208000.0,1.1297,11077.97
2017,DK,Denmark,True,Intra-EU,390469,Other fluoropolymers,Fluoropolymers,PFAS restriction (proposed),3.363,24572.0,27759.0,1.1297,8254.24
2017,DO,Dominican Republic,False,Extra-EU,271111,LNG,Oil & gas,EU Methane Regulation,26514.301,7943641.0,8973931.0,1.1297,338.46
2017,DZ,Algeria,False,Extra-EU,270900,Crude oil,Oil & gas,EU Methane Regulation,17151775.73,6695654307.0,7564080671.0,1.1297,441.01
2017,DZ,Algeria,False,Extra-EU,271111,LNG,Oil & gas,EU Methane Regulation,4109500.186,1936873814.0,2188086348.0,1.1297,532.45
2017,DZ,Algeria,False,Extra-EU,271121,Pipeline natural gas,Oil & gas,EU Methane Regulation,23935876.858,6184970307.0,6987160956.0,1.1297,291.91
2017,EC,Ecuador,False,Extra-EU,270900,Crude oil,Oil & gas,EU Methane Regulation,0.02,158.0,178.0,1.1297,8900.0
2017,EE,Estonia,True,Intra-EU,270900,Crude oil,Oil & gas,EU Methane Regulation,4188.332,1013307.0,1144733.0,1.1297,273.31
2017,EE,Estonia,True,Intra-EU,271111,LNG,Oil & gas,EU Methane Regulation,36.0,28009.0,31642.0,1.1297,878.94
2017,EE,Estonia,True,Intra-EU,271121,Pipeline natural gas,Oil & gas,EU Methane Regulation,20726.943,5401237.0,6101777.0,1.1297,294.39
2017,EE,Estonia,True,Intra-EU,290339,"Fluorinated hydrocarbons (pre-2022 code, incl. HFCs)",F-gases (HFCs),F-gas Regulation,20.745,89649.0,101276.0,1.1297,4881.95
2017,EE,Estonia,True,Intra-EU,390461,PTFE,Fluoropolymers,PFAS restriction (proposed),0.044,524.0,592.0,1.1297,13454.55
2017,EE,Estonia,True,Intra-EU,390469,Other fluoropolymers,Fluoropolymers,PFAS restriction (proposed),0.899,17099.0,19317.0,1.1297,21487.21
2017,EG,Egypt,False,Extra-EU,270900,Crude oil,Oil & gas,EU Methane Regulation,6348234.222,2267582464.0,2561687910.0,1.1297,403.53
2017,EG,Egypt,False,Extra-EU,271111,LNG,Oil & gas,EU Methane Regulation,146790.553,53487046.0,60424316.0,1.1297,411.64
2017,EG,Egypt,False,Extra-EU,390461,PTFE,Fluoropolymers,PFAS restriction (proposed),5.0,35868.0,40520.0,1.1297,8104.0
2017,ES,Spain,True,Intra-EU,270900,Crude oil,Oil & gas,EU Methane Regulation,338.149,239146.0,270163.0,1.1297,798.95
2017,ES,Spain,True,Intra-EU,271111,LNG,Oil & gas,EU Methane Regulation,25545.184,16119022.0,18209659.0,1.1297,712.84
2017,ES,Spain,True,Intra-EU,271121,Pipeline natural gas,Oil & gas,EU Methane Regulation,2179730.829,605958124.0,684550893.0,1.1297,314.05
2017,ES,Spain,True,Intra-EU,290339,"Fluorinated hydrocarbons (pre-2022 code, incl. HFCs)",F-gases (HFCs),F-gas Regulation,1102.362,7611954.0,8599224.0,1.1297,7800.73
2017,ES,Spain,True,Intra-EU,390461,PTFE,Fluoropolymers,PFAS restriction (proposed),437.148,1238343.0,1398956.0,1.1297,3200.19
2017,ES,Spain,True,Intra-EU,390469,Other fluoropolymers,Fluoropolymers,PFAS restriction (proposed),490.742,1229607.0,1389087.0,1.1297,2830.59
2017,FI,Finland,True,Intra-EU,270900,Crude oil,Oil & gas,EU Methane Regulation,41.779,122616.0,138519.0,1.1297,3315.52
2017,FI,Finland,True,Intra-EU,271111,LNG,Oil & gas,EU Methane Regulation,12622.515,5117795.0,5781573.0,1.1297,458.04
2017,FI,Finland,True,Intra-EU,271121,Pipeline natural gas,Oil & gas,EU Methane Regulation,0.0,347.0,392.0,1.1297,
2017,FI,Finland,True,Intra-EU,290339,"Fluorinated hydrocarbons (pre-2022 code, incl. HFCs)",F-gases (HFCs),F-gas Regulation,105.632,282349.0,318970.0,1.1297,3019.63
2017,FI,Finland,True,Intra-EU,390461,PTFE,Fluoropolymers,PFAS restriction (proposed),37.65,499081.0,563812.0,1.1297,14975.09
2017,FI,Finland,True,Intra-EU,390469,Other fluoropolymers,Fluoropolymers,PFAS restriction (proposed),68.507,2428253.0,2743197.0,1.1297,40042.58
2017,FO,Faroe Islands,False,Extra-EU,290339,"Fluorinated hydrocarbons (pre-2022 code, incl. HFCs)",F-gases (HFCs),F-gas Regulation,0.008,282.0,319.0,1.1297,39875.0
2017,FR,France,True,Intra-EU,270900,Crude oil,Oil & gas,EU Methane Regulation,95557.319,41657423.0,47060391.0,1.1297,492.48
2017,FR,France,True,Intra-EU,271111,LNG,Oil & gas,EU Methane Regulation,5259.944,1752324.0,1979600.0,1.1297,376.35
2017,FR,France,True,Intra-EU,271121,Pipeline natural gas,Oil & gas,EU Methane Regulation,23950.099,5511940.0,6226839.0,1.1297,259.99
2017,FR,France,True,Intra-EU,290339,"Fluorinated hydrocarbons (pre-2022 code, incl. HFCs)",F-gases (HFCs),F-gas Regulation,9802.526,75494994.0,85286695.0,1.1297,8700.48
2017,FR,France,True,Intra-EU,390461,PTFE,Fluoropolymers,PFAS restriction (proposed),113.388,2292782.0,2590156.0,1.1297,22843.3
2017,FR,France,True,Intra-EU,390469,Other fluoropolymers,Fluoropolymers,PFAS restriction (proposed),10943.302,143045057.0,161598001.0,1.1297,14766.84
2017,GA,Gabon,False,Extra-EU,270900,Crude oil,Oil & gas,EU Methane Regulation,971599.416,321537144.0,363240512.0,1.1297,373.86
2017,GB,United Kingdom,False,Extra-EU,270900,Crude oil,Oil & gas,EU Methane Regulation,25021682.084,9112346701.0,10294218068.0,1.1297,411.41
2017,GB,United Kingdom,False,Extra-EU,271111,LNG,Oil & gas,EU Methane Regulation,13403.051,5741046.0,6485660.0,1.1297,483.89
2017,GB,United Kingdom,False,Extra-EU,271121,Pipeline natural gas,Oil & gas,EU Methane Regulation,9129673.693,2092206578.0,2363565771.0,1.1297,258.89
2017,GB,United Kingdom,False,Extra-EU,290339,"Fluorinated hydrocarbons (pre-2022 code, incl. HFCs)",F-gases (HFCs),F-gas Regulation,9944.276,49585516.0,56016757.0,1.1297,5633.07
2017,GB,United Kingdom,False,Extra-EU,390461,PTFE,Fluoropolymers,PFAS restriction (proposed),1666.581,19061398.0,21533661.0,1.1297,12920.86
2017,GB,United Kingdom,False,Extra-EU,390469,Other fluoropolymers,Fluoropolymers,PFAS restriction (proposed),988.764,15653027.0,17683225.0,1.1297,17884.17
2017,GE,Georgia,False,Extra-EU,270900,Crude oil,Oil & gas,EU Methane Regulation,60866.146,20291966.0,22923834.0,1.1297,376.63
2017,GE,Georgia,False,Extra-EU,290339,"Fluorinated hydrocarbons (pre-2022 code, incl. HFCs)",F-gases (HFCs),F-gas Regulation,11.31,43377.0,49003.0,1.1297,4332.71
2017,GH,Ghana,False,Extra-EU,270900,Crude oil,Oil & gas,EU Methane Regulation,1319672.649,459920517.0,519572208.0,1.1297,393.71
2017,GQ,Equatorial Guinea,False,Extra-EU,270900,Crude oil,Oil & gas,EU Methane Regulation,2781137.938,971523685.0,1097530307.0,1.1297,394.63
2017,GQ,Equatorial Guinea,False,Extra-EU,271111,LNG,Oil & gas,EU Methane Regulation,45380.036,22298680.0,25190819.0,1.1297,555.11
2017,GR,Greece,True,Intra-EU,270900,Crude oil,Oil & gas,EU Methane Regulation,15043.466,4644981.0,5247435.0,1.1297,348.82
2017,GR,Greece,True,Intra-EU,290339,"Fluorinated hydrocarbons (pre-2022 code, incl. HFCs)",F-gases (HFCs),F-gas Regulation,33.057,90922.0,102715.0,1.1297,3107.21
2017,GR,Greece,True,Intra-EU,390461,PTFE,Fluoropolymers,PFAS restriction (proposed),0.136,1025.0,1158.0,1.1297,8514.71
2017,GR,Greece,True,Intra-EU,390469,Other fluoropolymers,Fluoropolymers,PFAS restriction (proposed),875.015,826405.0,933590.0,1.1297,1066.94
2017,GT,Guatemala,False,Extra-EU,270900,Crude oil,Oil & gas,EU Methane Regulation,41809.0,12787701.0,14446266.0,1.1297,345.53
2017,HK,Hong Kong,False,Extra-EU,270900,Crude oil,Oil & gas,EU Methane Regulation,0.001,2.0,2.0,1.1297,2000.0
2017,HK,Hong Kong,False,Extra-EU,290339,"Fluorinated hydrocarbons (pre-2022 code, incl. HFCs)",F-gases (HFCs),F-gas Regulation,205.559,841616.0,950774.0,1.1297,4625.31
2017,HK,Hong Kong,False,Extra-EU,390461,PTFE,Fluoropolymers,PFAS restriction (proposed),0.337,14317.0,16174.0,1.1297,47994.07
2017,HR,Croatia,True,Intra-EU,271121,Pipeline natural gas,Oil & gas,EU Methane Regulation,221222.378,62357518.0,70445288.0,1.1297,318.44
2017,HR,Croatia,True,Intra-EU,290339,"Fluorinated hydrocarbons (pre-2022 code, incl. HFCs)",F-gases (HFCs),F-gas Regulation,15.132,144773.0,163550.0,1.1297,10808.22
2017,HR,Croatia,True,Intra-EU,390461,PTFE,Fluoropolymers,PFAS restriction (proposed),0.078,682.0,770.0,1.1297,9871.79
2017,HR,Croatia,True,Intra-EU,390469,Other fluoropolymers,Fluoropolymers,PFAS restriction (proposed),0.017,419.0,473.0,1.1297,27823.53
2017,HU,Hungary,True,Intra-EU,270900,Crude oil,Oil & gas,EU Methane Regulation,104581.208,41164341.0,46503356.0,1.1297,444.66
2017,HU,Hungary,True,Intra-EU,271121,Pipeline natural gas,Oil & gas,EU Methane Regulation,581916.023,159058461.0,179688343.0,1.1297,308.79
2017,HU,Hungary,True,Intra-EU,290339,"Fluorinated hydrocarbons (pre-2022 code, incl. HFCs)",F-gases (HFCs),F-gas Regulation,44.987,773512.0,873837.0,1.1297,19424.21
2017,HU,Hungary,True,Intra-EU,390461,PTFE,Fluoropolymers,PFAS restriction (proposed),13.604,153184.0,173052.0,1.1297,12720.67
2017,HU,Hungary,True,Intra-EU,390469,Other fluoropolymers,Fluoropolymers,PFAS restriction (proposed),50.49,31858.0,35990.0,1.1297,712.81
2017,ID,Indonesia,False,Extra-EU,270900,Crude oil,Oil & gas,EU Methane Regulation,0.008,50.0,56.0,1.1297,7000.0
2017,ID,Indonesia,False,Extra-EU,390469,Other fluoropolymers,Fluoropolymers,PFAS restriction (proposed),0.07,2151.0,2430.0,1.1297,34714.29
2017,IE,Ireland,True,Intra-EU,270900,Crude oil,Oil & gas,EU Methane Regulation,0.608,381.0,430.0,1.1297,707.24
2017,IE,Ireland,True,Intra-EU,271111,LNG,Oil & gas,EU Methane Regulation,0.002,125.0,141.0,1.1297,70500.0
2017,IE,Ireland,True,Intra-EU,290339,"Fluorinated hydrocarbons (pre-2022 code, incl. HFCs)",F-gases (HFCs),F-gas Regulation,1.688,19131.0,21612.0,1.1297,12803.32
2017,IE,Ireland,True,Intra-EU,390461,PTFE,Fluoropolymers,PFAS restriction (proposed),1.348,23661.0,26730.0,1.1297,19829.38
2017,IE,Ireland,True,Intra-EU,390469,Other fluoropolymers,Fluoropolymers,PFAS restriction (proposed),43.312,373567.0,422019.0,1.1297,9743.7
2017,IL,Israel,False,Extra-EU,270900,Crude oil,Oil & gas,EU Methane Regulation,0.006,10.0,11.0,1.1297,1833.33
2017,IL,Israel,False,Extra-EU,290339,"Fluorinated hydrocarbons (pre-2022 code, incl. HFCs)",F-gases (HFCs),F-gas Regulation,1637.486,6948890.0,7850161.0,1.1297,4794.03
2017,IL,Israel,False,Extra-EU,390461,PTFE,Fluoropolymers,PFAS restriction (proposed),0.189,2691.0,3040.0,1.1297,16084.66
2017,IL,Israel,False,Extra-EU,390469,Other fluoropolymers,Fluoropolymers,PFAS restriction (proposed),2.925,82476.0,93173.0,1.1297,31854.02
2017,IN,India,False,Extra-EU,270900,Crude oil,Oil & gas,EU Methane Regulation,0.104,321.0,363.0,1.1297,3490.38
2017,IN,India,False,Extra-EU,290339,"Fluorinated hydrocarbons (pre-2022 code, incl. HFCs)",F-gases (HFCs),F-gas Regulation,842.69,5381018.0,6078936.0,1.1297,7213.73
2017,IN,India,False,Extra-EU,390461,PTFE,Fluoropolymers,PFAS restriction (proposed),5156.665,33467184.0,37807878.0,1.1297,7331.85
2017,IN,India,False,Extra-EU,390469,Other fluoropolymers,Fluoropolymers,PFAS restriction (proposed),78.95,941098.0,1063158.0,1.1297,13466.22
2017,IQ,Iraq,False,Extra-EU,270900,Crude oil,Oil & gas,EU Methane Regulation,41009256.294,13053163927.0,14746159288.0,1.1297,359.58
2017,IR,Iran,False,Extra-EU,270900,Crude oil,Oil & gas,EU Methane Regulation,27581108.405,8933167625.0,10091799466.0,1.1297,365.9
2017,IS,Iceland,False,Extra-EU,270900,Crude oil,Oil & gas,EU Methane Regulation,0.6,174.0,197.0,1.1297,328.33
2017,IT,Italy,True,Intra-EU,270900,Crude oil,Oil & gas,EU Methane Regulation,979717.326,312350831.0,352862734.0,1.1297,360.17
2017,IT,Italy,True,Intra-EU,271111,LNG,Oil & gas,EU Methane Regulation,0.2,26894.0,30382.0,1.1297,151910.0
2017,IT,Italy,True,Intra-EU,271121,Pipeline natural gas,Oil & gas,EU Methane Regulation,23087.668,5668340.0,6403524.0,1.1297,277.36
2017,IT,Italy,True,Intra-EU,290339,"Fluorinated hydrocarbons (pre-2022 code, incl. HFCs)",F-gases (HFCs),F-gas Regulation,2393.495,14853826.0,16780367.0,1.1297,7010.82
2017,IT,Italy,True,Intra-EU,390461,PTFE,Fluoropolymers,PFAS restriction (proposed),4150.775,49653826.0,56093927.0,1.1297,13514.09
2017,IT,Italy,True,Intra-EU,390469,Other fluoropolymers,Fluoropolymers,PFAS restriction (proposed),3989.579,80665848.0,91128208.0,1.1297,22841.56
2017,JO,Jordan,False,Extra-EU,270900,Crude oil,Oil & gas,EU Methane Regulation,0.001,266.0,301.0,1.1297,301000.0
2017,JO,Jordan,False,Extra-EU,271111,LNG,Oil & gas,EU Methane Regulation,59843.349,27184269.0,30710069.0,1.1297,513.17
2017,JP,Japan,False,Extra-EU,270900,Crude oil,Oil & gas,EU Methane Regulation,0.017,637.0,720.0,1.1297,42352.94
2017,JP,Japan,False,Extra-EU,290339,"Fluorinated hydrocarbons (pre-2022 code, incl. HFCs)",F-gases (HFCs),F-gas Regulation,8014.928,96084683.0,108546866.0,1.1297,13543.09
2017,JP,Japan,False,Extra-EU,390461,PTFE,Fluoropolymers,PFAS restriction (proposed),1163.811,11705558.0,13223769.0,1.1297,11362.47
2017,JP,Japan,False,Extra-EU,390469,Other fluoropolymers,Fluoropolymers,PFAS restriction (proposed),3693.662,67773298.0,76563495.0,1.1297,20728.34
2017,KR,South Korea,False,Extra-EU,270900,Crude oil,Oil & gas,EU Methane Regulation,0.381,174.0,197.0,1.1297,517.06
2017,KR,South Korea,False,Extra-EU,290339,"Fluorinated hydrocarbons (pre-2022 code, incl. HFCs)",F-gases (HFCs),F-gas Regulation,0.836,164030.0,185305.0,1.1297,221656.7
2017,KR,South Korea,False,Extra-EU,390461,PTFE,Fluoropolymers,PFAS restriction (proposed),106.044,829954.0,937599.0,1.1297,8841.6
2017,KR,South Korea,False,Extra-EU,390469,Other fluoropolymers,Fluoropolymers,PFAS restriction (proposed),41.305,417678.0,471851.0,1.1297,11423.58
2017,KW,Kuwait,False,Extra-EU,270900,Crude oil,Oil & gas,EU Methane Regulation,8227026.374,2646358476.0,2989591170.0,1.1297,363.39
2017,KZ,Kazakhstan,False,Extra-EU,270900,Crude oil,Oil & gas,EU Methane Regulation,39922188.018,14991014539.0,16935349125.0,1.1297,424.21
2017,LB,Lebanon,False,Extra-EU,270900,Crude oil,Oil & gas,EU Methane Regulation,0.011,122.0,138.0,1.1297,12545.45
2017,LT,Lithuania,True,Intra-EU,270900,Crude oil,Oil & gas,EU Methane Regulation,9764.253,3414043.0,3856844.0,1.1297,395.0
2017,LT,Lithuania,True,Intra-EU,271111,LNG,Oil & gas,EU Methane Regulation,18.04,7158.0,8086.0,1.1297,448.23
2017,LT,Lithuania,True,Intra-EU,271121,Pipeline natural gas,Oil & gas,EU Methane Regulation,71876.192,19035996.0,21504965.0,1.1297,299.19
2017,LT,Lithuania,True,Intra-EU,290339,"Fluorinated hydrocarbons (pre-2022 code, incl. HFCs)",F-gases (HFCs),F-gas Regulation,237.915,921101.0,1040568.0,1.1297,4373.7
2017,LT,Lithuania,True,Intra-EU,390461,PTFE,Fluoropolymers,PFAS restriction (proposed),7.006,17891.0,20211.0,1.1297,2884.81
2017,LT,Lithuania,True,Intra-EU,390469,Other fluoropolymers,Fluoropolymers,PFAS restriction (proposed),2.386,35251.0,39823.0,1.1297,16690.28
2017,LU,Luxembourg,True,Intra-EU,270900,Crude oil,Oil & gas,EU Methane Regulation,21.454,13723.0,15503.0,1.1297,722.62
2017,LU,Luxembourg,True,Intra-EU,271111,LNG,Oil & gas,EU Methane Regulation,267.34,7619966.0,8608276.0,1.1297,32199.73
2017,LU,Luxembourg,True,Intra-EU,271121,Pipeline natural gas,Oil & gas,EU Methane Regulation,276403.28,78265068.0,88416047.0,1.1297,319.88
2017,LU,Luxembourg,True,Intra-EU,290339,"Fluorinated hydrocarbons (pre-2022 code, incl. HFCs)",F-gases (HFCs),F-gas Regulation,5.082,60160.0,67963.0,1.1297,13373.28
2017,LU,Luxembourg,True,Intra-EU,390461,PTFE,Fluoropolymers,PFAS restriction (proposed),0.322,47112.0,53222.0,1.1297,165285.71
2017,LU,Luxembourg,True,Intra-EU,390469,Other fluoropolymers,Fluoropolymers,PFAS restriction (proposed),17.762,296650.0,335126.0,1.1297,18867.58
2017,LV,Latvia,True,Intra-EU,270900,Crude oil,Oil & gas,EU Methane Regulation,49297.393,18888342.0,21338160.0,1.1297,432.85
2017,LV,Latvia,True,Intra-EU,271121,Pipeline natural gas,Oil & gas,EU Methane Regulation,27715.941,7410384.0,8371511.0,1.1297,302.05
2017,LV,Latvia,True,Intra-EU,290339,"Fluorinated hydrocarbons (pre-2022 code, incl. HFCs)",F-gases (HFCs),F-gas Regulation,151.031,1244415.0,1405816.0,1.1297,9308.13
2017,LV,Latvia,True,Intra-EU,390461,PTFE,Fluoropolymers,PFAS restriction (proposed),2.264,10833.0,12238.0,1.1297,5405.48
2017,LV,Latvia,True,Intra-EU,390469,Other fluoropolymers,Fluoropolymers,PFAS restriction (proposed),0.206,4445.0,5022.0,1.1297,24378.64
2017,LY,Libya,False,Extra-EU,270900,Crude oil,Oil & gas,EU Methane Regulation,28250542.363,10279244194.0,11612462166.0,1.1297,411.05
2017,LY,Libya,False,Extra-EU,271121,Pipeline natural gas,Oil & gas,EU Methane Regulation,3359402.73,757911876.0,856213046.0,1.1297,254.87
2017,MA,Morocco,False,Extra-EU,271121,Pipeline natural gas,Oil & gas,EU Methane Regulation,370513.047,92881527.0,104928261.0,1.1297,283.2
2017,MA,Morocco,False,Extra-EU,390469,Other fluoropolymers,Fluoropolymers,PFAS restriction (proposed),0.001,34.0,38.0,1.1297,38000.0
2017,MG,Madagascar,False,Extra-EU,270900,Crude oil,Oil & gas,EU Methane Regulation,0.86,270.0,305.0,1.1297,354.65
2017,MR,Mauritania,False,Extra-EU,270900,Crude oil,Oil & gas,EU Methane Regulation,36830.07,13609481.0,15374631.0,1.1297,417.45
2017,MT,Malta,True,Intra-EU,270900,Crude oil,Oil & gas,EU Methane Regulation,80994.79,27478189.0,31042110.0,1.1297,383.26
2017,MT,Malta,True,Intra-EU,290339,"Fluorinated hydrocarbons (pre-2022 code, incl. HFCs)",F-gases (HFCs),F-gas Regulation,0.021,140.0,158.0,1.1297,7523.81
2017,MT,Malta,True,Intra-EU,390461,PTFE,Fluoropolymers,PFAS restriction (proposed),0.034,1030.0,1164.0,1.1297,34235.29
2017,MT,Malta,True,Intra-EU,390469,Other fluoropolymers,Fluoropolymers,PFAS restriction (proposed),4.352,141537.0,159894.0,1.1297,36740.35
2017,MV,Maldives,False,Extra-EU,270900,Crude oil,Oil & gas,EU Methane Regulation,0.001,1.0,1.0,1.1297,1000.0
2017,MX,Mexico,False,Extra-EU,270900,Crude oil,Oil & gas,EU Methane Regulation,11594736.439,3382442762.0,3821145588.0,1.1297,329.56
2017,MX,Mexico,False,Extra-EU,290339,"Fluorinated hydrocarbons (pre-2022 code, incl. HFCs)",F-gases (HFCs),F-gas Regulation,0.012,252.0,285.0,1.1297,23750.0
2017,MX,Mexico,False,Extra-EU,390461,PTFE,Fluoropolymers,PFAS restriction (proposed),1.78,41362.0,46727.0,1.1297,26251.12
2017,MX,Mexico,False,Extra-EU,390469,Other fluoropolymers,Fluoropolymers,PFAS restriction (proposed),1.5,56502.0,63830.0,1.1297,42553.33
2017,MY,Malaysia,False,Extra-EU,270900,Crude oil,Oil & gas,EU Methane Regulation,0.944,295.0,333.0,1.1297,352.75
2017,MY,Malaysia,False,Extra-EU,271111,LNG,Oil & gas,EU Methane Regulation,0.0,3140.0,3547.0,1.1297,
2017,MY,Malaysia,False,Extra-EU,290339,"Fluorinated hydrocarbons (pre-2022 code, incl. HFCs)",F-gases (HFCs),F-gas Regulation,2.569,7626.0,8615.0,1.1297,3353.44
2017,NG,Nigeria,False,Extra-EU,270900,Crude oil,Oil & gas,EU Methane Regulation,33895851.39,12387628479.0,13994303893.0,1.1297,412.86
2017,NG,Nigeria,False,Extra-EU,271111,LNG,Oil & gas,EU Methane Regulation,3601638.631,1530562586.0,1729076553.0,1.1297,480.08
2017,NL,Netherlands,True,Intra-EU,270900,Crude oil,Oil & gas,EU Methane Regulation,44894976.898,15796529418.0,17845339284.0,1.1297,397.49
2017,NL,Netherlands,True,Intra-EU,271111,LNG,Oil & gas,EU Methane Regulation,59849.284,21177275.0,23923968.0,1.1297,399.74
2017,NL,Netherlands,True,Intra-EU,271121,Pipeline natural gas,Oil & gas,EU Methane Regulation,13356459.264,4149207966.0,4687360239.0,1.1297,350.94
2017,NL,Netherlands,True,Intra-EU,290339,"Fluorinated hydrocarbons (pre-2022 code, incl. HFCs)",F-gases (HFCs),F-gas Regulation,25806.913,288691059.0,326134289.0,1.1297,12637.48
2017,NL,Netherlands,True,Intra-EU,390461,PTFE,Fluoropolymers,PFAS restriction (proposed),4699.131,56188470.0,63476115.0,1.1297,13508.05
2017,NL,Netherlands,True,Intra-EU,390469,Other fluoropolymers,Fluoropolymers,PFAS restriction (proposed),8184.318,176575018.0,199476798.0,1.1297,24373.05
2017,NO,Norway,False,Extra-EU,270900,Crude oil,Oil & gas,EU Methane Regulation,67197587.049,24838051819.0,28059547140.0,1.1297,417.57
2017,NO,Norway,False,Extra-EU,271111,LNG,Oil & gas,EU Methane Regulation,1671212.505,595414485.0,672639744.0,1.1297,402.49
2017,NO,Norway,False,Extra-EU,271121,Pipeline natural gas,Oil & gas,EU Methane Regulation,42471756.706,11053702618.0,12487367848.0,1.1297,294.02
2017,NO,Norway,False,Extra-EU,290339,"Fluorinated hydrocarbons (pre-2022 code, incl. HFCs)",F-gases (HFCs),F-gas Regulation,10.315,352214.0,397896.0,1.1297,38574.5
2017,NO,Norway,False,Extra-EU,390461,PTFE,Fluoropolymers,PFAS restriction (proposed),1.039,36889.0,41674.0,1.1297,40109.72
2017,NO,Norway,False,Extra-EU,390469,Other fluoropolymers,Fluoropolymers,PFAS restriction (proposed),0.38,9544.0,10782.0,1.1297,28373.68
2017,NZ,New Zealand,False,Extra-EU,270900,Crude oil,Oil & gas,EU Methane Regulation,0.001,1.0,1.0,1.1297,1000.0
2017,OM,Oman,False,Extra-EU,270900,Crude oil,Oil & gas,EU Methane Regulation,4.659,1712.0,1934.0,1.1297,415.11
2017,PA,Panama,False,Extra-EU,270900,Crude oil,Oil & gas,EU Methane Regulation,0.001,1.0,1.0,1.1297,1000.0
2017,PA,Panama,False,Extra-EU,290339,"Fluorinated hydrocarbons (pre-2022 code, incl. HFCs)",F-gases (HFCs),F-gas Regulation,25.731,91688.0,103580.0,1.1297,4025.49
2017,PE,Peru,False,Extra-EU,270900,Crude oil,Oil & gas,EU Methane Regulation,0.126,2939.0,3320.0,1.1297,26349.21
2017,PE,Peru,False,Extra-EU,271111,LNG,Oil & gas,EU Methane Regulation,2582805.531,670822187.0,757827825.0,1.1297,293.41
2017,PH,Philippines,False,Extra-EU,290339,"Fluorinated hydrocarbons (pre-2022 code, incl. HFCs)",F-gases (HFCs),F-gas Regulation,0.019,2275.0,2570.0,1.1297,135263.16
2017,PK,Pakistan,False,Extra-EU,270900,Crude oil,Oil & gas,EU Methane Regulation,0.004,71.0,80.0,1.1297,20000.0
2017,PL,Poland,True,Intra-EU,270900,Crude oil,Oil & gas,EU Methane Regulation,230196.155,76090028.0,85958905.0,1.1297,373.42
2017,PL,Poland,True,Intra-EU,271111,LNG,Oil & gas,EU Methane Regulation,1565.536,495571.0,559847.0,1.1297,357.61
2017,PL,Poland,True,Intra-EU,271121,Pipeline natural gas,Oil & gas,EU Methane Regulation,0.1,240.0,271.0,1.1297,2710.0
2017,PL,Poland,True,Intra-EU,290339,"Fluorinated hydrocarbons (pre-2022 code, incl. HFCs)",F-gases (HFCs),F-gas Regulation,702.996,7603804.0,8590017.0,1.1297,12219.15
2017,PL,Poland,True,Intra-EU,390461,PTFE,Fluoropolymers,PFAS restriction (proposed),103.667,1466302.0,1656481.0,1.1297,15978.87
2017,PL,Poland,True,Intra-EU,390469,Other fluoropolymers,Fluoropolymers,PFAS restriction (proposed),448.667,6251636.0,7062473.0,1.1297,15741.01
2017,PT,Portugal,True,Intra-EU,270900,Crude oil,Oil & gas,EU Methane Regulation,0.721,1731.0,1956.0,1.1297,2712.9
2017,PT,Portugal,True,Intra-EU,290339,"Fluorinated hydrocarbons (pre-2022 code, incl. HFCs)",F-gases (HFCs),F-gas Regulation,60.588,634390.0,716670.0,1.1297,11828.58
2017,PT,Portugal,True,Intra-EU,390461,PTFE,Fluoropolymers,PFAS restriction (proposed),3.094,21289.0,24050.0,1.1297,7773.11
2017,PT,Portugal,True,Intra-EU,390469,Other fluoropolymers,Fluoropolymers,PFAS restriction (proposed),66.651,69747.0,78793.0,1.1297,1182.17
2017,QA,Qatar,False,Extra-EU,270900,Crude oil,Oil & gas,EU Methane Regulation,3.385,10550.0,11918.0,1.1297,3520.83
2017,QA,Qatar,False,Extra-EU,271111,LNG,Oil & gas,EU Methane Regulation,13456638.938,3378416898.0,3816597570.0,1.1297,283.62
2017,QP,High seas,False,Extra-EU,270900,Crude oil,Oil & gas,EU Methane Regulation,311723.54,106063956.0,119820451.0,1.1297,384.38
2017,QV,Countries not specified (intra-EU),False,Extra-EU,270900,Crude oil,Oil & gas,EU Methane Regulation,11110.784,4622370.0,5221891.0,1.1297,469.98
2017,QV,Countries not specified (intra-EU),False,Extra-EU,271121,Pipeline natural gas,Oil & gas,EU Methane Regulation,6716057.802,1764298366.0,1993127864.0,1.1297,296.77
2017,QV,Countries not specified (intra-EU),False,Extra-EU,390461,PTFE,Fluoropolymers,PFAS restriction (proposed),1.616,28794.0,32529.0,1.1297,20129.33
2017,QW,Countries not specified (extra-EU),False,Extra-EU,270900,Crude oil,Oil & gas,EU Methane Regulation,425827.427,144764883.0,163540888.0,1.1297,384.05
2017,QW,Countries not specified (extra-EU),False,Extra-EU,271111,LNG,Oil & gas,EU Methane Regulation,1689257.391,415624390.0,469530873.0,1.1297,277.95
2017,QW,Countries not specified (extra-EU),False,Extra-EU,290339,"Fluorinated hydrocarbons (pre-2022 code, incl. HFCs)",F-gases (HFCs),F-gas Regulation,19.138,150337.0,169836.0,1.1297,8874.28
2017,QW,Countries not specified (extra-EU),False,Extra-EU,390461,PTFE,Fluoropolymers,PFAS restriction (proposed),0.01,3271.0,3695.0,1.1297,369500.0
2017,QW,Countries not specified (extra-EU),False,Extra-EU,390469,Other fluoropolymers,Fluoropolymers,PFAS restriction (proposed),0.001,38.0,43.0,1.1297,43000.0
2017,RO,Romania,True,Intra-EU,270900,Crude oil,Oil & gas,EU Methane Regulation,84097.888,31980852.0,36128769.0,1.1297,429.6
2017,RO,Romania,True,Intra-EU,271121,Pipeline natural gas,Oil & gas,EU Methane Regulation,804.691,201421.0,227545.0,1.1297,282.77
2017,RO,Romania,True,Intra-EU,290339,"Fluorinated hydrocarbons (pre-2022 code, incl. HFCs)",F-gases (HFCs),F-gas Regulation,16.612,261226.0,295107.0,1.1297,17764.69
2017,RO,Romania,True,Intra-EU,390461,PTFE,Fluoropolymers,PFAS restriction (proposed),298.617,2028620.0,2291732.0,1.1297,7674.49
2017,RO,Romania,True,Intra-EU,390469,Other fluoropolymers,Fluoropolymers,PFAS restriction (proposed),4.805,17168.0,19395.0,1.1297,4036.42
2017,RU,Russian Federation,False,Extra-EU,270900,Crude oil,Oil & gas,EU Methane Regulation,165448879.799,56841179980.0,64213481023.0,1.1297,388.12
2017,RU,Russian Federation,False,Extra-EU,271111,LNG,Oil & gas,EU Methane Regulation,2699.248,808935.0,913854.0,1.1297,338.56
2017,RU,Russian Federation,False,Extra-EU,271121,Pipeline natural gas,Oil & gas,EU Methane Regulation,35861707.112,9464429173.0,10691965637.0,1.1297,298.14
2017,RU,Russian Federation,False,Extra-EU,290339,"Fluorinated hydrocarbons (pre-2022 code, incl. HFCs)",F-gases (HFCs),F-gas Regulation,31.407,1016338.0,1148157.0,1.1297,36557.36
2017,RU,Russian Federation,False,Extra-EU,390461,PTFE,Fluoropolymers,PFAS restriction (proposed),2886.253,18222128.0,20585538.0,1.1297,7132.27
2017,RU,Russian Federation,False,Extra-EU,390469,Other fluoropolymers,Fluoropolymers,PFAS restriction (proposed),2.073,75716.0,85536.0,1.1297,41261.94
2017,SA,Saudi Arabia,False,Extra-EU,270900,Crude oil,Oil & gas,EU Methane Regulation,31710195.299,10994713101.0,12420727390.0,1.1297,391.7
2017,SA,Saudi Arabia,False,Extra-EU,290339,"Fluorinated hydrocarbons (pre-2022 code, incl. HFCs)",F-gases (HFCs),F-gas Regulation,0.0,39.0,44.0,1.1297,
2017,SD,Sudan,False,Extra-EU,270900,Crude oil,Oil & gas,EU Methane Regulation,0.036,9.0,10.0,1.1297,277.78
2017,SE,Sweden,True,Intra-EU,270900,Crude oil,Oil & gas,EU Methane Regulation,306811.783,111487621.0,125947565.0,1.1297,410.5
2017,SE,Sweden,True,Intra-EU,271111,LNG,Oil & gas,EU Methane Regulation,19.17,6704.0,7574.0,1.1297,395.1
2017,SE,Sweden,True,Intra-EU,290339,"Fluorinated hydrocarbons (pre-2022 code, incl. HFCs)",F-gases (HFCs),F-gas Regulation,144.062,1133774.0,1280824.0,1.1297,8890.78
2017,SE,Sweden,True,Intra-EU,390461,PTFE,Fluoropolymers,PFAS restriction (proposed),1.663,45705.0,51633.0,1.1297,31048.11
2017,SE,Sweden,True,Intra-EU,390469,Other fluoropolymers,Fluoropolymers,PFAS restriction (proposed),111.138,1247592.0,1409405.0,1.1297,12681.58
2017,SG,Singapore,False,Extra-EU,270900,Crude oil,Oil & gas,EU Methane Regulation,0.586,190.0,215.0,1.1297,366.89
2017,SG,Singapore,False,Extra-EU,290339,"Fluorinated hydrocarbons (pre-2022 code, incl. HFCs)",F-gases (HFCs),F-gas Regulation,68.004,224735.0,253883.0,1.1297,3733.35
2017,SG,Singapore,False,Extra-EU,390461,PTFE,Fluoropolymers,PFAS restriction (proposed),0.02,2531.0,2859.0,1.1297,142950.0
2017,SI,Slovenia,True,Intra-EU,270900,Crude oil,Oil & gas,EU Methane Regulation,590.704,243547.0,275135.0,1.1297,465.77
2017,SI,Slovenia,True,Intra-EU,271121,Pipeline natural gas,Oil & gas,EU Methane Regulation,225777.582,61968999.0,70006378.0,1.1297,310.07
2017,SI,Slovenia,True,Intra-EU,290339,"Fluorinated hydrocarbons (pre-2022 code, incl. HFCs)",F-gases (HFCs),F-gas Regulation,16.345,141151.0,159458.0,1.1297,9755.77
2017,SI,Slovenia,True,Intra-EU,390461,PTFE,Fluoropolymers,PFAS restriction (proposed),7.308,93234.0,105326.0,1.1297,14412.42
2017,SI,Slovenia,True,Intra-EU,390469,Other fluoropolymers,Fluoropolymers,PFAS restriction (proposed),78.465,336111.0,379705.0,1.1297,4839.16
2017,SK,Slovakia,True,Intra-EU,270900,Crude oil,Oil & gas,EU Methane Regulation,5737.688,1991682.0,2250003.0,1.1297,392.14
2017,SK,Slovakia,True,Intra-EU,271121,Pipeline natural gas,Oil & gas,EU Methane Regulation,148226.095,42034082.0,47485902.0,1.1297,320.36
2017,SK,Slovakia,True,Intra-EU,290339,"Fluorinated hydrocarbons (pre-2022 code, incl. HFCs)",F-gases (HFCs),F-gas Regulation,70.063,611340.0,690631.0,1.1297,9857.29
2017,SK,Slovakia,True,Intra-EU,390461,PTFE,Fluoropolymers,PFAS restriction (proposed),1.083,24596.0,27786.0,1.1297,25656.51
2017,SK,Slovakia,True,Intra-EU,390469,Other fluoropolymers,Fluoropolymers,PFAS restriction (proposed),3.853,66693.0,75343.0,1.1297,19554.37
2017,SN,Senegal,False,Extra-EU,270900,Crude oil,Oil & gas,EU Methane Regulation,0.019,6.0,7.0,1.1297,368.42
2017,SX,Sint Maarten (Dutch part),False,Extra-EU,270900,Crude oil,Oil & gas,EU Methane Regulation,0.031,10.0,11.0,1.1297,354.84
2017,TD,Chad,False,Extra-EU,270900,Crude oil,Oil & gas,EU Methane Regulation,496987.554,181191814.0,204692392.0,1.1297,411.87
2017,TH,Thailand,False,Extra-EU,270900,Crude oil,Oil & gas,EU Methane Regulation,0.068,3047.0,3442.0,1.1297,50617.65
2017,TH,Thailand,False,Extra-EU,271111,LNG,Oil & gas,EU Methane Regulation,0.025,20664.0,23344.0,1.1297,933760.0
2017,TH,Thailand,False,Extra-EU,290339,"Fluorinated hydrocarbons (pre-2022 code, incl. HFCs)",F-gases (HFCs),F-gas Regulation,0.0,567.0,641.0,1.1297,
2017,TH,Thailand,False,Extra-EU,390461,PTFE,Fluoropolymers,PFAS restriction (proposed),0.003,525.0,593.0,1.1297,197666.67
2017,TH,Thailand,False,Extra-EU,390469,Other fluoropolymers,Fluoropolymers,PFAS restriction (proposed),51.1,595613.0,672864.0,1.1297,13167.59
2017,TM,Turkmenistan,False,Extra-EU,270900,Crude oil,Oil & gas,EU Methane Regulation,298412.841,112234309.0,126791099.0,1.1297,424.88
2017,TN,Tunisia,False,Extra-EU,270900,Crude oil,Oil & gas,EU Methane Regulation,941398.415,347936998.0,393064427.0,1.1297,417.53
2017,TN,Tunisia,False,Extra-EU,390469,Other fluoropolymers,Fluoropolymers,PFAS restriction (proposed),0.103,1612.0,1821.0,1.1297,17679.61
2017,TR,Türkiye,False,Extra-EU,270900,Crude oil,Oil & gas,EU Methane Regulation,204023.304,75818149.0,85651763.0,1.1297,419.81
2017,TR,Türkiye,False,Extra-EU,271121,Pipeline natural gas,Oil & gas,EU Methane Regulation,443126.512,131200592.0,148217309.0,1.1297,334.48
2017,TR,Türkiye,False,Extra-EU,290339,"Fluorinated hydrocarbons (pre-2022 code, incl. HFCs)",F-gases (HFCs),F-gas Regulation,149.44,482367.0,544930.0,1.1297,3646.48
2017,TR,Türkiye,False,Extra-EU,390461,PTFE,Fluoropolymers,PFAS restriction (proposed),1.224,28538.0,32239.0,1.1297,26339.05
2017,TR,Türkiye,False,Extra-EU,390469,Other fluoropolymers,Fluoropolymers,PFAS restriction (proposed),3.877,41977.0,47421.0,1.1297,12231.36
2017,TT,Trinidad and Tobago,False,Extra-EU,270900,Crude oil,Oil & gas,EU Methane Regulation,296021.771,120568672.0,136206429.0,1.1297,460.12
2017,TT,Trinidad and Tobago,False,Extra-EU,271111,LNG,Oil & gas,EU Methane Regulation,864355.522,266970976.0,301597112.0,1.1297,348.93
2017,TW,Taiwan,False,Extra-EU,290339,"Fluorinated hydrocarbons (pre-2022 code, incl. HFCs)",F-gases (HFCs),F-gas Regulation,3.882,41369.0,46735.0,1.1297,12038.9
2017,TW,Taiwan,False,Extra-EU,390461,PTFE,Fluoropolymers,PFAS restriction (proposed),0.162,15910.0,17974.0,1.1297,110950.62
2017,TW,Taiwan,False,Extra-EU,390469,Other fluoropolymers,Fluoropolymers,PFAS restriction (proposed),31.583,364562.0,411846.0,1.1297,13040.12
2017,TZ,Tanzania,False,Extra-EU,270900,Crude oil,Oil & gas,EU Methane Regulation,0.004,6.0,7.0,1.1297,1750.0
2017,UA,Ukraine,False,Extra-EU,270900,Crude oil,Oil & gas,EU Methane Regulation,0.001,65.0,73.0,1.1297,73000.0
2017,UA,Ukraine,False,Extra-EU,271121,Pipeline natural gas,Oil & gas,EU Methane Regulation,1789794.954,496128130.0,560475948.0,1.1297,313.15
2017,UA,Ukraine,False,Extra-EU,290339,"Fluorinated hydrocarbons (pre-2022 code, incl. HFCs)",F-gases (HFCs),F-gas Regulation,0.0,26635.0,30090.0,1.1297,
2017,UA,Ukraine,False,Extra-EU,390461,PTFE,Fluoropolymers,PFAS restriction (proposed),1.016,16327.0,18445.0,1.1297,18154.53
2017,UG,Uganda,False,Extra-EU,271111,LNG,Oil & gas,EU Methane Regulation,0.0,165.0,186.0,1.1297,
2017,US,United States,False,Extra-EU,270900,Crude oil,Oil & gas,EU Methane Regulation,9957087.889,3743236883.0,4228734707.0,1.1297,424.7
2017,US,United States,False,Extra-EU,271111,LNG,Oil & gas,EU Methane Regulation,1016119.374,306903952.0,346709395.0,1.1297,341.21
2017,US,United States,False,Extra-EU,271121,Pipeline natural gas,Oil & gas,EU Methane Regulation,0.005,1522.0,1719.0,1.1297,343800.0
2017,US,United States,False,Extra-EU,290339,"Fluorinated hydrocarbons (pre-2022 code, incl. HFCs)",F-gases (HFCs),F-gas Regulation,21932.697,146433709.0,165426161.0,1.1297,7542.45
2017,US,United States,False,Extra-EU,390461,PTFE,Fluoropolymers,PFAS restriction (proposed),3074.659,27623972.0,31206801.0,1.1297,10149.68
2017,US,United States,False,Extra-EU,390469,Other fluoropolymers,Fluoropolymers,PFAS restriction (proposed),6501.369,106657402.0,120490867.0,1.1297,18533.15
2017,VE,Venezuela,False,Extra-EU,270900,Crude oil,Oil & gas,EU Methane Regulation,3312414.206,874848971.0,988316883.0,1.1297,298.37
2017,XS,Serbia,False,Extra-EU,290339,"Fluorinated hydrocarbons (pre-2022 code, incl. HFCs)",F-gases (HFCs),F-gas Regulation,14.509,250827.0,283359.0,1.1297,19529.88
2017,XS,Serbia,False,Extra-EU,390469,Other fluoropolymers,Fluoropolymers,PFAS restriction (proposed),1134.04,721712.0,815318.0,1.1297,718.95
2017,ZA,South Africa,False,Extra-EU,270900,Crude oil,Oil & gas,EU Methane Regulation,1.031,1272.0,1437.0,1.1297,1393.79
2017,ZA,South Africa,False,Extra-EU,290339,"Fluorinated hydrocarbons (pre-2022 code, incl. HFCs)",F-gases (HFCs),F-gas Regulation,0.125,7519.0,8494.0,1.1297,67952.0
2017,ZA,South Africa,False,Extra-EU,390461,PTFE,Fluoropolymers,PFAS restriction (proposed),0.001,2.0,2.0,1.1297,2000.0
2017,ZM,Zambia,False,Extra-EU,270900,Crude oil,Oil & gas,EU Methane Regulation,0.004,24.0,27.0,1.1297,6750.0
2018,AD,Andorra,False,Extra-EU,270900,Crude oil,Oil & gas,EU Methane Regulation,1.665,581.0,686.0,1.181,412.01
2018,AE,United Arab Emirates,False,Extra-EU,270900,Crude oil,Oil & gas,EU Methane Regulation,748790.132,315392281.0,372478284.0,1.181,497.44
2018,AE,United Arab Emirates,False,Extra-EU,290339,"Fluorinated hydrocarbons (pre-2022 code, incl. HFCs)",F-gases (HFCs),F-gas Regulation,42.493,286778.0,338685.0,1.181,7970.37
2018,AL,Albania,False,Extra-EU,270900,Crude oil,Oil & gas,EU Methane Regulation,580033.968,173720165.0,205163515.0,1.181,353.71
2018,AL,Albania,False,Extra-EU,390469,Other fluoropolymers,Fluoropolymers,PFAS restriction (proposed),0.241,1497.0,1768.0,1.181,7336.1
2018,AO,Angola,False,Extra-EU,270900,Crude oil,Oil & gas,EU Methane Regulation,7173745.466,3155530755.0,3726681822.0,1.181,519.49
2018,AO,Angola,False,Extra-EU,271111,LNG,Oil & gas,EU Methane Regulation,204298.004,86620384.0,102298674.0,1.181,500.73
2018,AR,Argentina,False,Extra-EU,270900,Crude oil,Oil & gas,EU Methane Regulation,147888.801,72982932.0,86192843.0,1.181,582.82
2018,AT,Austria,True,Intra-EU,270900,Crude oil,Oil & gas,EU Methane Regulation,251.222,143806.0,169835.0,1.181,676.04
2018,AT,Austria,True,Intra-EU,271111,LNG,Oil & gas,EU Methane Regulation,52497.086,17094946.0,20189131.0,1.181,384.58
2018,AT,Austria,True,Intra-EU,271121,Pipeline natural gas,Oil & gas,EU Methane Regulation,2302062.783,809010847.0,955441810.0,1.181,415.04
2018,AT,Austria,True,Intra-EU,290339,"Fluorinated hydrocarbons (pre-2022 code, incl. HFCs)",F-gases (HFCs),F-gas Regulation,90.304,815999.0,963695.0,1.181,10671.68
2018,AT,Austria,True,Intra-EU,390461,PTFE,Fluoropolymers,PFAS restriction (proposed),24.977,495272.0,584916.0,1.181,23418.18
2018,AT,Austria,True,Intra-EU,390469,Other fluoropolymers,Fluoropolymers,PFAS restriction (proposed),73.783,1339304.0,1581718.0,1.181,21437.43
2018,AU,Australia,False,Extra-EU,270900,Crude oil,Oil & gas,EU Methane Regulation,0.078,28.0,33.0,1.181,423.08
2018,AU,Australia,False,Extra-EU,390461,PTFE,Fluoropolymers,PFAS restriction (proposed),0.045,15451.0,18248.0,1.181,405511.11
2018,AW,Aruba,False,Extra-EU,270900,Crude oil,Oil & gas,EU Methane Regulation,0.012,5.0,6.0,1.181,500.0
2018,AZ,Azerbaijan,False,Extra-EU,270900,Crude oil,Oil & gas,EU Methane Regulation,24165299.701,11329580992.0,13380235152.0,1.181,553.7
2018,BA,Bosnia and Herzegovina,False,Extra-EU,290339,"Fluorinated hydrocarbons (pre-2022 code, incl. HFCs)",F-gases (HFCs),F-gas Regulation,0.973,10307.0,12173.0,1.181,12510.79
2018,BB,Barbados,False,Extra-EU,270900,Crude oil,Oil & gas,EU Methane Regulation,0.017,84.0,99.0,1.181,5823.53
2018,BE,Belgium,True,Intra-EU,270900,Crude oil,Oil & gas,EU Methane Regulation,1597180.333,827964995.0,977826659.0,1.181,612.22
2018,BE,Belgium,True,Intra-EU,271111,LNG,Oil & gas,EU Methane Regulation,60909.923,30913016.0,36508272.0,1.181,599.38
2018,BE,Belgium,True,Intra-EU,271121,Pipeline natural gas,Oil & gas,EU Methane Regulation,3043959.164,8530119135.0,10074070698.0,1.181,3309.53
2018,BE,Belgium,True,Intra-EU,290339,"Fluorinated hydrocarbons (pre-2022 code, incl. HFCs)",F-gases (HFCs),F-gas Regulation,2258.086,26158773.0,30893511.0,1.181,13681.28
2018,BE,Belgium,True,Intra-EU,390461,PTFE,Fluoropolymers,PFAS restriction (proposed),3616.948,39171921.0,46262039.0,1.181,12790.35
2018,BE,Belgium,True,Intra-EU,390469,Other fluoropolymers,Fluoropolymers,PFAS restriction (proposed),5664.895,108923949.0,128639184.0,1.181,22708.13
2018,BG,Bulgaria,True,Intra-EU,270900,Crude oil,Oil & gas,EU Methane Regulation,12.29,7725.0,9123.0,1.181,742.31
2018,BG,Bulgaria,True,Intra-EU,271111,LNG,Oil & gas,EU Methane Regulation,372.162,127220.0,150247.0,1.181,403.71
2018,BG,Bulgaria,True,Intra-EU,271121,Pipeline natural gas,Oil & gas,EU Methane Regulation,19654.085,6646280.0,7849257.0,1.181,399.37
2018,BG,Bulgaria,True,Intra-EU,290339,"Fluorinated hydrocarbons (pre-2022 code, incl. HFCs)",F-gases (HFCs),F-gas Regulation,126.46,3027970.0,3576033.0,1.181,28277.98
2018,BG,Bulgaria,True,Intra-EU,390461,PTFE,Fluoropolymers,PFAS restriction (proposed),0.581,11018.0,13012.0,1.181,22395.87
2018,BG,Bulgaria,True,Intra-EU,390469,Other fluoropolymers,Fluoropolymers,PFAS restriction (proposed),0.537,58273.0,68820.0,1.181,128156.42
2018,BH,Bahrain,False,Extra-EU,270900,Crude oil,Oil & gas,EU Methane Regulation,0.022,1878.0,2218.0,1.181,100818.18
2018,BH,Bahrain,False,Extra-EU,390461,PTFE,Fluoropolymers,PFAS restriction (proposed),0.001,1488.0,1757.0,1.181,1757000.0
2018,BO,Bolivia,False,Extra-EU,270900,Crude oil,Oil & gas,EU Methane Regulation,0.016,40.0,47.0,1.181,2937.5
2018,BQ,"Bonaire, Sint Eustatius and Saba",False,Extra-EU,270900,Crude oil,Oil & gas,EU Methane Regulation,70054.899,28705643.0,33901364.0,1.181,483.93
2018,BR,Brazil,False,Extra-EU,270900,Crude oil,Oil & gas,EU Methane Regulation,5188930.123,1921763389.0,2269602562.0,1.181,437.39
2018,BR,Brazil,False,Extra-EU,290339,"Fluorinated hydrocarbons (pre-2022 code, incl. HFCs)",F-gases (HFCs),F-gas Regulation,0.548,16650.0,19664.0,1.181,35883.21
2018,BR,Brazil,False,Extra-EU,390469,Other fluoropolymers,Fluoropolymers,PFAS restriction (proposed),213.99,203090.0,239849.0,1.181,1120.84
2018,BS,Bahamas,False,Extra-EU,270900,Crude oil,Oil & gas,EU Methane Regulation,0.004,2.0,2.0,1.181,500.0
2018,BY,Belarus,False,Extra-EU,290339,"Fluorinated hydrocarbons (pre-2022 code, incl. HFCs)",F-gases (HFCs),F-gas Regulation,1.333,5958.0,7036.0,1.181,5278.32
2018,CA,Canada,False,Extra-EU,270900,Crude oil,Oil & gas,EU Methane Regulation,4703481.603,2032626696.0,2400532128.0,1.181,510.37
2018,CA,Canada,False,Extra-EU,290339,"Fluorinated hydrocarbons (pre-2022 code, incl. HFCs)",F-gases (HFCs),F-gas Regulation,0.75,43271.0,51103.0,1.181,68137.33
2018,CA,Canada,False,Extra-EU,390461,PTFE,Fluoropolymers,PFAS restriction (proposed),1.657,67360.0,79552.0,1.181,48009.66
2018,CA,Canada,False,Extra-EU,390469,Other fluoropolymers,Fluoropolymers,PFAS restriction (proposed),0.434,11089.0,13096.0,1.181,30175.12
2018,CD,"Congo, The Democratic Republic of the",False,Extra-EU,270900,Crude oil,Oil & gas,EU Methane Regulation,0.814,1246.0,1472.0,1.181,1808.35
2018,CG,Congo,False,Extra-EU,270900,Crude oil,Oil & gas,EU Methane Regulation,234511.52,121708899.0,143738210.0,1.181,612.93
2018,CH,Switzerland,False,Extra-EU,270900,Crude oil,Oil & gas,EU Methane Regulation,0.14,1459.0,1723.0,1.181,12307.14
2018,CH,Switzerland,False,Extra-EU,271121,Pipeline natural gas,Oil & gas,EU Methane Regulation,0.0,15174500.0,17921084.0,1.181,
2018,CH,Switzerland,False,Extra-EU,290339,"Fluorinated hydrocarbons (pre-2022 code, incl. HFCs)",F-gases (HFCs),F-gas Regulation,323.74,1748954.0,2065515.0,1.181,6380.17
2018,CH,Switzerland,False,Extra-EU,390461,PTFE,Fluoropolymers,PFAS restriction (proposed),285.572,3554725.0,4198130.0,1.181,14700.78
2018,CH,Switzerland,False,Extra-EU,390469,Other fluoropolymers,Fluoropolymers,PFAS restriction (proposed),679.533,9081943.0,10725775.0,1.181,15784.04
2018,CI,Côte d'Ivoire,False,Extra-EU,270900,Crude oil,Oil & gas,EU Methane Regulation,1012036.692,438852390.0,518284673.0,1.181,512.12
2018,CM,Cameroon,False,Extra-EU,270900,Crude oil,Oil & gas,EU Methane Regulation,1670444.315,717045188.0,846830367.0,1.181,506.95
2018,CM,Cameroon,False,Extra-EU,271111,LNG,Oil & gas,EU Methane Regulation,123000.028,42971731.0,50749614.0,1.181,412.6
2018,CN,China,False,Extra-EU,270900,Crude oil,Oil & gas,EU Methane Regulation,0.606,717.0,847.0,1.181,1397.69
2018,CN,China,False,Extra-EU,290339,"Fluorinated hydrocarbons (pre-2022 code, incl. HFCs)",F-gases (HFCs),F-gas Regulation,41566.353,220224289.0,260084885.0,1.181,6257.1
2018,CN,China,False,Extra-EU,390461,PTFE,Fluoropolymers,PFAS restriction (proposed),12404.783,109100760.0,128847998.0,1.181,10386.96
2018,CN,China,False,Extra-EU,390469,Other fluoropolymers,Fluoropolymers,PFAS restriction (proposed),3956.808,40152141.0,47419679.0,1.181,11984.33
2018,CO,Colombia,False,Extra-EU,270900,Crude oil,Oil & gas,EU Methane Regulation,776727.058,294153683.0,347395500.0,1.181,447.26
2018,CY,Cyprus,True,Intra-EU,270900,Crude oil,Oil & gas,EU Methane Regulation,248153.836,100675995.0,118898350.0,1.181,479.13
2018,CY,Cyprus,True,Intra-EU,290339,"Fluorinated hydrocarbons (pre-2022 code, incl. HFCs)",F-gases (HFCs),F-gas Regulation,18.054,113328.0,133840.0,1.181,7413.32
2018,CY,Cyprus,True,Intra-EU,390461,PTFE,Fluoropolymers,PFAS restriction (proposed),0.005,72.0,85.0,1.181,17000.0
2018,CY,Cyprus,True,Intra-EU,390469,Other fluoropolymers,Fluoropolymers,PFAS restriction (proposed),0.019,328.0,387.0,1.181,20368.42
2018,CZ,Czechia,True,Intra-EU,270900,Crude oil,Oil & gas,EU Methane Regulation,22320.397,9485455.0,11202322.0,1.181,501.89
2018,CZ,Czechia,True,Intra-EU,271111,LNG,Oil & gas,EU Methane Regulation,79.245,63818.0,75369.0,1.181,951.09
2018,CZ,Czechia,True,Intra-EU,271121,Pipeline natural gas,Oil & gas,EU Methane Regulation,0.0,0.0,0.0,1.181,
2018,CZ,Czechia,True,Intra-EU,290339,"Fluorinated hydrocarbons (pre-2022 code, incl. HFCs)",F-gases (HFCs),F-gas Regulation,256.861,4949226.0,5845036.0,1.181,22755.64
2018,CZ,Czechia,True,Intra-EU,390461,PTFE,Fluoropolymers,PFAS restriction (proposed),1.655,43240.0,51066.0,1.181,30855.59
2018,CZ,Czechia,True,Intra-EU,390469,Other fluoropolymers,Fluoropolymers,PFAS restriction (proposed),17.739,639690.0,755474.0,1.181,42588.31
2018,DE,Germany,True,Intra-EU,270900,Crude oil,Oil & gas,EU Methane Regulation,211381.358,88917632.0,105011723.0,1.181,496.79
2018,DE,Germany,True,Intra-EU,271111,LNG,Oil & gas,EU Methane Regulation,4283.936,1803362.0,2129771.0,1.181,497.15
2018,DE,Germany,True,Intra-EU,271121,Pipeline natural gas,Oil & gas,EU Methane Regulation,4915466.599,3816628904.0,4507438736.0,1.181,916.99
2018,DE,Germany,True,Intra-EU,290339,"Fluorinated hydrocarbons (pre-2022 code, incl. HFCs)",F-gases (HFCs),F-gas Regulation,5654.284,87543900.0,103389346.0,1.181,18285.13
2018,DE,Germany,True,Intra-EU,390461,PTFE,Fluoropolymers,PFAS restriction (proposed),7050.902,79258221.0,93603959.0,1.181,13275.46
2018,DE,Germany,True,Intra-EU,390469,Other fluoropolymers,Fluoropolymers,PFAS restriction (proposed),6328.398,97087875.0,114660780.0,1.181,18118.45
2018,DK,Denmark,True,Intra-EU,270900,Crude oil,Oil & gas,EU Methane Regulation,1188990.27,536472941.0,633574543.0,1.181,532.87
2018,DK,Denmark,True,Intra-EU,271111,LNG,Oil & gas,EU Methane Regulation,0.0,463.0,547.0,1.181,
2018,DK,Denmark,True,Intra-EU,271121,Pipeline natural gas,Oil & gas,EU Methane Regulation,728102.618,164076545.0,193774400.0,1.181,266.14
2018,DK,Denmark,True,Intra-EU,290339,"Fluorinated hydrocarbons (pre-2022 code, incl. HFCs)",F-gases (HFCs),F-gas Regulation,6.072,108052.0,127609.0,1.181,21015.97
2018,DK,Denmark,True,Intra-EU,390461,PTFE,Fluoropolymers,PFAS restriction (proposed),20.771,204067.0,241003.0,1.181,11602.86
2018,DK,Denmark,True,Intra-EU,390469,Other fluoropolymers,Fluoropolymers,PFAS restriction (proposed),4.625,121382.0,143352.0,1.181,30995.03
2018,DO,Dominican Republic,False,Extra-EU,271111,LNG,Oil & gas,EU Methane Regulation,22008.155,9601144.0,11338951.0,1.181,515.22
2018,DZ,Algeria,False,Extra-EU,270900,Crude oil,Oil & gas,EU Methane Regulation,17380889.892,8525238607.0,10068306795.0,1.181,579.27
2018,DZ,Algeria,False,Extra-EU,271111,LNG,Oil & gas,EU Methane Regulation,4012277.438,2036804076.0,2405465614.0,1.181,599.53
2018,DZ,Algeria,False,Extra-EU,271121,Pipeline natural gas,Oil & gas,EU Methane Regulation,21741352.087,6487172644.0,7661350893.0,1.181,352.39
2018,EC,Ecuador,False,Extra-EU,270900,Crude oil,Oil & gas,EU Methane Regulation,0.014,192.0,227.0,1.181,16214.29
2018,EE,Estonia,True,Intra-EU,270900,Crude oil,Oil & gas,EU Methane Regulation,1176.319,272750.0,322118.0,1.181,273.84
2018,EE,Estonia,True,Intra-EU,271111,LNG,Oil & gas,EU Methane Regulation,457.29,237564.0,280563.0,1.181,613.53
2018,EE,Estonia,True,Intra-EU,271121,Pipeline natural gas,Oil & gas,EU Methane Regulation,62957.538,19634503.0,23188348.0,1.181,368.32
2018,EE,Estonia,True,Intra-EU,290339,"Fluorinated hydrocarbons (pre-2022 code, incl. HFCs)",F-gases (HFCs),F-gas Regulation,8.668,199632.0,235765.0,1.181,27199.47
2018,EE,Estonia,True,Intra-EU,390461,PTFE,Fluoropolymers,PFAS restriction (proposed),0.006,99.0,117.0,1.181,19500.0
2018,EE,Estonia,True,Intra-EU,390469,Other fluoropolymers,Fluoropolymers,PFAS restriction (proposed),0.066,1361.0,1607.0,1.181,24348.48
2018,EG,Egypt,False,Extra-EU,270900,Crude oil,Oil & gas,EU Methane Regulation,4780638.884,2188591631.0,2584726716.0,1.181,540.67
2018,EG,Egypt,False,Extra-EU,271111,LNG,Oil & gas,EU Methane Regulation,213706.956,116320086.0,137374022.0,1.181,642.81
2018,ES,Spain,True,Intra-EU,270900,Crude oil,Oil & gas,EU Methane Regulation,84.809,111038.0,131136.0,1.181,1546.25
2018,ES,Spain,True,Intra-EU,271111,LNG,Oil & gas,EU Methane Regulation,30009.213,36744472.0,43395221.0,1.181,1446.06
2018,ES,Spain,True,Intra-EU,271121,Pipeline natural gas,Oil & gas,EU Methane Regulation,1612480.146,516521485.0,610011874.0,1.181,378.31
2018,ES,Spain,True,Intra-EU,290339,"Fluorinated hydrocarbons (pre-2022 code, incl. HFCs)",F-gases (HFCs),F-gas Regulation,1577.956,14372406.0,16973811.0,1.181,10756.83
2018,ES,Spain,True,Intra-EU,390461,PTFE,Fluoropolymers,PFAS restriction (proposed),100.703,573392.0,677176.0,1.181,6724.49
2018,ES,Spain,True,Intra-EU,390469,Other fluoropolymers,Fluoropolymers,PFAS restriction (proposed),780.019,1509071.0,1782213.0,1.181,2284.83
2018,FI,Finland,True,Intra-EU,270900,Crude oil,Oil & gas,EU Methane Regulation,2602.072,557657.0,658593.0,1.181,253.1
2018,FI,Finland,True,Intra-EU,271111,LNG,Oil & gas,EU Methane Regulation,11877.374,5031412.0,5942098.0,1.181,500.29
2018,FI,Finland,True,Intra-EU,290339,"Fluorinated hydrocarbons (pre-2022 code, incl. HFCs)",F-gases (HFCs),F-gas Regulation,67.345,319351.0,377154.0,1.181,5600.33
2018,FI,Finland,True,Intra-EU,390461,PTFE,Fluoropolymers,PFAS restriction (proposed),9.54,152605.0,180227.0,1.181,18891.72
2018,FI,Finland,True,Intra-EU,390469,Other fluoropolymers,Fluoropolymers,PFAS restriction (proposed),86.439,3444899.0,4068426.0,1.181,47067.02
2018,FR,France,True,Intra-EU,270900,Crude oil,Oil & gas,EU Methane Regulation,42212.56,22374350.0,26424107.0,1.181,625.98
2018,FR,France,True,Intra-EU,271111,LNG,Oil & gas,EU Methane Regulation,15377.455,5849314.0,6908040.0,1.181,449.23
2018,FR,France,True,Intra-EU,271121,Pipeline natural gas,Oil & gas,EU Methane Regulation,47427.065,14800463.0,17479347.0,1.181,368.55
2018,FR,France,True,Intra-EU,290339,"Fluorinated hydrocarbons (pre-2022 code, incl. HFCs)",F-gases (HFCs),F-gas Regulation,6998.337,76782900.0,90680605.0,1.181,12957.45
2018,FR,France,True,Intra-EU,390461,PTFE,Fluoropolymers,PFAS restriction (proposed),182.826,2352419.0,2778207.0,1.181,15195.91
2018,FR,France,True,Intra-EU,390469,Other fluoropolymers,Fluoropolymers,PFAS restriction (proposed),11077.412,145763830.0,172147083.0,1.181,15540.37
2018,GA,Gabon,False,Extra-EU,270900,Crude oil,Oil & gas,EU Methane Regulation,624620.492,274632394.0,324340857.0,1.181,519.26
2018,GB,United Kingdom,False,Extra-EU,270900,Crude oil,Oil & gas,EU Methane Regulation,25310157.793,11183736904.0,13207993284.0,1.181,521.85
2018,GB,United Kingdom,False,Extra-EU,271111,LNG,Oil & gas,EU Methane Regulation,19620.975,7211183.0,8516407.0,1.181,434.05
2018,GB,United Kingdom,False,Extra-EU,271121,Pipeline natural gas,Oil & gas,EU Methane Regulation,6854528.13,2146894704.0,2535482645.0,1.181,369.9
2018,GB,United Kingdom,False,Extra-EU,290339,"Fluorinated hydrocarbons (pre-2022 code, incl. HFCs)",F-gases (HFCs),F-gas Regulation,5726.024,61143032.0,72209921.0,1.181,12610.83
2018,GB,United Kingdom,False,Extra-EU,390461,PTFE,Fluoropolymers,PFAS restriction (proposed),1568.28,21602972.0,25513110.0,1.181,16268.21
2018,GB,United Kingdom,False,Extra-EU,390469,Other fluoropolymers,Fluoropolymers,PFAS restriction (proposed),1297.909,21467208.0,25352773.0,1.181,19533.55
2018,GE,Georgia,False,Extra-EU,270900,Crude oil,Oil & gas,EU Methane Regulation,81407.116,31745755.0,37491737.0,1.181,460.55
2018,GH,Ghana,False,Extra-EU,270900,Crude oil,Oil & gas,EU Methane Regulation,2810547.642,1287586825.0,1520640040.0,1.181,541.05
2018,GN,Guinea,False,Extra-EU,270900,Crude oil,Oil & gas,EU Methane Regulation,0.01,22.0,26.0,1.181,2600.0
2018,GQ,Equatorial Guinea,False,Extra-EU,270900,Crude oil,Oil & gas,EU Methane Regulation,2327073.273,1060083884.0,1251959067.0,1.181,538.0
2018,GQ,Equatorial Guinea,False,Extra-EU,271111,LNG,Oil & gas,EU Methane Regulation,232297.323,95392610.0,112658672.0,1.181,484.98
2018,GR,Greece,True,Intra-EU,270900,Crude oil,Oil & gas,EU Methane Regulation,9.192,3370.0,3980.0,1.181,432.99
2018,GR,Greece,True,Intra-EU,290339,"Fluorinated hydrocarbons (pre-2022 code, incl. HFCs)",F-gases (HFCs),F-gas Regulation,10.756,255729.0,302016.0,1.181,28078.84
2018,GR,Greece,True,Intra-EU,390461,PTFE,Fluoropolymers,PFAS restriction (proposed),0.463,7240.0,8550.0,1.181,18466.52
2018,GR,Greece,True,Intra-EU,390469,Other fluoropolymers,Fluoropolymers,PFAS restriction (proposed),294.042,248539.0,293525.0,1.181,998.24
2018,HK,Hong Kong,False,Extra-EU,270900,Crude oil,Oil & gas,EU Methane Regulation,0.002,2.0,2.0,1.181,1000.0
2018,HK,Hong Kong,False,Extra-EU,290339,"Fluorinated hydrocarbons (pre-2022 code, incl. HFCs)",F-gases (HFCs),F-gas Regulation,406.788,1984074.0,2343191.0,1.181,5760.23
2018,HK,Hong Kong,False,Extra-EU,390461,PTFE,Fluoropolymers,PFAS restriction (proposed),0.015,263.0,311.0,1.181,20733.33
2018,HK,Hong Kong,False,Extra-EU,390469,Other fluoropolymers,Fluoropolymers,PFAS restriction (proposed),0.079,2833.0,3346.0,1.181,42354.43
2018,HR,Croatia,True,Intra-EU,270900,Crude oil,Oil & gas,EU Methane Regulation,0.002,1.0,1.0,1.181,500.0
2018,HR,Croatia,True,Intra-EU,271121,Pipeline natural gas,Oil & gas,EU Methane Regulation,146439.052,47792805.0,56443303.0,1.181,385.44
2018,HR,Croatia,True,Intra-EU,290339,"Fluorinated hydrocarbons (pre-2022 code, incl. HFCs)",F-gases (HFCs),F-gas Regulation,4.043,107655.0,127141.0,1.181,31447.19
2018,HR,Croatia,True,Intra-EU,390461,PTFE,Fluoropolymers,PFAS restriction (proposed),0.058,2043.0,2413.0,1.181,41603.45
2018,HR,Croatia,True,Intra-EU,390469,Other fluoropolymers,Fluoropolymers,PFAS restriction (proposed),0.029,594.0,702.0,1.181,24206.9
2018,HU,Hungary,True,Intra-EU,270900,Crude oil,Oil & gas,EU Methane Regulation,227043.682,97817232.0,115522151.0,1.181,508.81
2018,HU,Hungary,True,Intra-EU,271121,Pipeline natural gas,Oil & gas,EU Methane Regulation,788225.599,285782309.0,337508907.0,1.181,428.19
2018,HU,Hungary,True,Intra-EU,290339,"Fluorinated hydrocarbons (pre-2022 code, incl. HFCs)",F-gases (HFCs),F-gas Regulation,157.213,2426202.0,2865345.0,1.181,18225.88
2018,HU,Hungary,True,Intra-EU,390461,PTFE,Fluoropolymers,PFAS restriction (proposed),0.314,6112.0,7218.0,1.181,22987.26
2018,HU,Hungary,True,Intra-EU,390469,Other fluoropolymers,Fluoropolymers,PFAS restriction (proposed),0.304,35754.0,42225.0,1.181,138898.03
2018,ID,Indonesia,False,Extra-EU,270900,Crude oil,Oil & gas,EU Methane Regulation,0.078,28.0,33.0,1.181,423.08
2018,IE,Ireland,True,Intra-EU,270900,Crude oil,Oil & gas,EU Methane Regulation,312.836,118622.0,140093.0,1.181,447.82
2018,IE,Ireland,True,Intra-EU,271111,LNG,Oil & gas,EU Methane Regulation,0.004,15802.0,18662.0,1.181,4665500.0
2018,IE,Ireland,True,Intra-EU,290339,"Fluorinated hydrocarbons (pre-2022 code, incl. HFCs)",F-gases (HFCs),F-gas Regulation,2.577,62620.0,73954.0,1.181,28697.71
2018,IE,Ireland,True,Intra-EU,390461,PTFE,Fluoropolymers,PFAS restriction (proposed),4.602,70830.0,83650.0,1.181,18176.88
2018,IE,Ireland,True,Intra-EU,390469,Other fluoropolymers,Fluoropolymers,PFAS restriction (proposed),63.931,705694.0,833425.0,1.181,13036.32
2018,IL,Israel,False,Extra-EU,270900,Crude oil,Oil & gas,EU Methane Regulation,0.145,286.0,338.0,1.181,2331.03
2018,IL,Israel,False,Extra-EU,290339,"Fluorinated hydrocarbons (pre-2022 code, incl. HFCs)",F-gases (HFCs),F-gas Regulation,1782.522,7964070.0,9405567.0,1.181,5276.55
2018,IL,Israel,False,Extra-EU,390461,PTFE,Fluoropolymers,PFAS restriction (proposed),0.007,541.0,639.0,1.181,91285.71
2018,IL,Israel,False,Extra-EU,390469,Other fluoropolymers,Fluoropolymers,PFAS restriction (proposed),0.05,4800.0,5669.0,1.181,113380.0
2018,IN,India,False,Extra-EU,270900,Crude oil,Oil & gas,EU Methane Regulation,0.001,4.0,5.0,1.181,5000.0
2018,IN,India,False,Extra-EU,290339,"Fluorinated hydrocarbons (pre-2022 code, incl. HFCs)",F-gases (HFCs),F-gas Regulation,367.109,5632965.0,6652532.0,1.181,18121.41
2018,IN,India,False,Extra-EU,390461,PTFE,Fluoropolymers,PFAS restriction (proposed),5409.863,46274034.0,54649634.0,1.181,10101.85
2018,IN,India,False,Extra-EU,390469,Other fluoropolymers,Fluoropolymers,PFAS restriction (proposed),246.504,2970077.0,3507661.0,1.181,14229.63
2018,IQ,Iraq,False,Extra-EU,270900,Crude oil,Oil & gas,EU Methane Regulation,40108609.25,16274568402.0,19220265283.0,1.181,479.21
2018,IR,Iran,False,Extra-EU,270900,Crude oil,Oil & gas,EU Methane Regulation,20157028.66,8248226695.0,9741155727.0,1.181,483.26
2018,IS,Iceland,False,Extra-EU,290339,"Fluorinated hydrocarbons (pre-2022 code, incl. HFCs)",F-gases (HFCs),F-gas Regulation,0.57,3588.0,4237.0,1.181,7433.33
2018,IT,Italy,True,Intra-EU,270900,Crude oil,Oil & gas,EU Methane Regulation,643724.039,276980309.0,327113745.0,1.181,508.16
2018,IT,Italy,True,Intra-EU,271111,LNG,Oil & gas,EU Methane Regulation,0.0,14325.0,16918.0,1.181,
2018,IT,Italy,True,Intra-EU,271121,Pipeline natural gas,Oil & gas,EU Methane Regulation,58297.799,18062661.0,21332003.0,1.181,365.91
2018,IT,Italy,True,Intra-EU,290339,"Fluorinated hydrocarbons (pre-2022 code, incl. HFCs)",F-gases (HFCs),F-gas Regulation,1996.288,26776672.0,31623250.0,1.181,15841.03
2018,IT,Italy,True,Intra-EU,390461,PTFE,Fluoropolymers,PFAS restriction (proposed),4601.265,58831407.0,69479892.0,1.181,15100.17
2018,IT,Italy,True,Intra-EU,390469,Other fluoropolymers,Fluoropolymers,PFAS restriction (proposed),3503.459,71372692.0,84291149.0,1.181,24059.41
2018,JP,Japan,False,Extra-EU,270900,Crude oil,Oil & gas,EU Methane Regulation,0.649,1338.0,1580.0,1.181,2434.51
2018,JP,Japan,False,Extra-EU,290339,"Fluorinated hydrocarbons (pre-2022 code, incl. HFCs)",F-gases (HFCs),F-gas Regulation,3786.509,28845633.0,34066693.0,1.181,8996.86
2018,JP,Japan,False,Extra-EU,390461,PTFE,Fluoropolymers,PFAS restriction (proposed),1475.055,16167061.0,19093299.0,1.181,12944.13
2018,JP,Japan,False,Extra-EU,390469,Other fluoropolymers,Fluoropolymers,PFAS restriction (proposed),4381.412,75383197.0,89027556.0,1.181,20319.38
2018,KR,South Korea,False,Extra-EU,270900,Crude oil,Oil & gas,EU Methane Regulation,0.004,3.0,4.0,1.181,1000.0
2018,KR,South Korea,False,Extra-EU,271121,Pipeline natural gas,Oil & gas,EU Methane Regulation,0.0,2.0,2.0,1.181,
2018,KR,South Korea,False,Extra-EU,290339,"Fluorinated hydrocarbons (pre-2022 code, incl. HFCs)",F-gases (HFCs),F-gas Regulation,8.323,386011.0,455879.0,1.181,54773.4
2018,KR,South Korea,False,Extra-EU,390461,PTFE,Fluoropolymers,PFAS restriction (proposed),246.849,2103568.0,2484314.0,1.181,10064.1
2018,KR,South Korea,False,Extra-EU,390469,Other fluoropolymers,Fluoropolymers,PFAS restriction (proposed),97.288,960844.0,1134757.0,1.181,11663.89
2018,KW,Kuwait,False,Extra-EU,270900,Crude oil,Oil & gas,EU Methane Regulation,4403918.337,1825879318.0,2156363475.0,1.181,489.65
2018,KZ,Kazakhstan,False,Extra-EU,270900,Crude oil,Oil & gas,EU Methane Regulation,38856911.708,18081921509.0,21354749302.0,1.181,549.57
2018,LB,Lebanon,False,Extra-EU,390461,PTFE,Fluoropolymers,PFAS restriction (proposed),24.2,41118.0,48560.0,1.181,2006.61
2018,LR,Liberia,False,Extra-EU,270900,Crude oil,Oil & gas,EU Methane Regulation,141776.0,75497924.0,89163048.0,1.181,628.9
2018,LT,Lithuania,True,Intra-EU,270900,Crude oil,Oil & gas,EU Methane Regulation,1923.288,750496.0,886336.0,1.181,460.84
2018,LT,Lithuania,True,Intra-EU,271111,LNG,Oil & gas,EU Methane Regulation,933.342,402367.0,475195.0,1.181,509.13
2018,LT,Lithuania,True,Intra-EU,271121,Pipeline natural gas,Oil & gas,EU Methane Regulation,91527.039,31931872.0,37711541.0,1.181,412.03
2018,LT,Lithuania,True,Intra-EU,290339,"Fluorinated hydrocarbons (pre-2022 code, incl. HFCs)",F-gases (HFCs),F-gas Regulation,276.327,3958885.0,4675443.0,1.181,16919.96
2018,LT,Lithuania,True,Intra-EU,390461,PTFE,Fluoropolymers,PFAS restriction (proposed),0.03,1490.0,1760.0,1.181,58666.67
2018,LT,Lithuania,True,Intra-EU,390469,Other fluoropolymers,Fluoropolymers,PFAS restriction (proposed),3.003,29873.0,35280.0,1.181,11748.25
2018,LU,Luxembourg,True,Intra-EU,270900,Crude oil,Oil & gas,EU Methane Regulation,5.218,3257.0,3847.0,1.181,737.26
2018,LU,Luxembourg,True,Intra-EU,271111,LNG,Oil & gas,EU Methane Regulation,485.444,6381147.0,7536135.0,1.181,15524.21
2018,LU,Luxembourg,True,Intra-EU,271121,Pipeline natural gas,Oil & gas,EU Methane Regulation,536204.393,198152811.0,234018470.0,1.181,436.44
2018,LU,Luxembourg,True,Intra-EU,290339,"Fluorinated hydrocarbons (pre-2022 code, incl. HFCs)",F-gases (HFCs),F-gas Regulation,2.133,50413.0,59538.0,1.181,27912.8
2018,LU,Luxembourg,True,Intra-EU,390461,PTFE,Fluoropolymers,PFAS restriction (proposed),0.258,63387.0,74860.0,1.181,290155.04
2018,LU,Luxembourg,True,Intra-EU,390469,Other fluoropolymers,Fluoropolymers,PFAS restriction (proposed),140.764,2309478.0,2727494.0,1.181,19376.36
2018,LV,Latvia,True,Intra-EU,270900,Crude oil,Oil & gas,EU Methane Regulation,107443.724,57276355.0,67643375.0,1.181,629.57
2018,LV,Latvia,True,Intra-EU,271121,Pipeline natural gas,Oil & gas,EU Methane Regulation,108106.424,29723888.0,35103912.0,1.181,324.72
2018,LV,Latvia,True,Intra-EU,290339,"Fluorinated hydrocarbons (pre-2022 code, incl. HFCs)",F-gases (HFCs),F-gas Regulation,184.473,2707611.0,3197689.0,1.181,17334.18
2018,LV,Latvia,True,Intra-EU,390461,PTFE,Fluoropolymers,PFAS restriction (proposed),0.067,1299.0,1534.0,1.181,22895.52
2018,LV,Latvia,True,Intra-EU,390469,Other fluoropolymers,Fluoropolymers,PFAS restriction (proposed),0.032,716.0,846.0,1.181,26437.5
2018,LY,Libya,False,Extra-EU,270900,Crude oil,Oil & gas,EU Methane Regulation,32426478.99,14915769602.0,17615523900.0,1.181,543.25
2018,LY,Libya,False,Extra-EU,271121,Pipeline natural gas,Oil & gas,EU Methane Regulation,3233516.52,1000869858.0,1182027302.0,1.181,365.55
2018,MA,Morocco,False,Extra-EU,270900,Crude oil,Oil & gas,EU Methane Regulation,6387.248,3067699.0,3622953.0,1.181,567.22
2018,MA,Morocco,False,Extra-EU,271121,Pipeline natural gas,Oil & gas,EU Methane Regulation,417037.439,115199190.0,136050243.0,1.181,326.23
2018,MA,Morocco,False,Extra-EU,390469,Other fluoropolymers,Fluoropolymers,PFAS restriction (proposed),0.001,36.0,43.0,1.181,43000.0
2018,MD,Moldova,False,Extra-EU,270900,Crude oil,Oil & gas,EU Methane Regulation,53.256,19785.0,23366.0,1.181,438.75
2018,MD,Moldova,False,Extra-EU,290339,"Fluorinated hydrocarbons (pre-2022 code, incl. HFCs)",F-gases (HFCs),F-gas Regulation,14.544,225729.0,266586.0,1.181,18329.62
2018,MO,Macao,False,Extra-EU,390461,PTFE,Fluoropolymers,PFAS restriction (proposed),0.2,6086.0,7188.0,1.181,35940.0
2018,MR,Mauritania,False,Extra-EU,270900,Crude oil,Oil & gas,EU Methane Regulation,34990.54,12388878.0,14631265.0,1.181,418.15
2018,MT,Malta,True,Intra-EU,270900,Crude oil,Oil & gas,EU Methane Regulation,258601.944,112687821.0,133084317.0,1.181,514.63
2018,MT,Malta,True,Intra-EU,290339,"Fluorinated hydrocarbons (pre-2022 code, incl. HFCs)",F-gases (HFCs),F-gas Regulation,0.143,2184.0,2579.0,1.181,18034.97
2018,MT,Malta,True,Intra-EU,390461,PTFE,Fluoropolymers,PFAS restriction (proposed),0.028,960.0,1134.0,1.181,40500.0
2018,MT,Malta,True,Intra-EU,390469,Other fluoropolymers,Fluoropolymers,PFAS restriction (proposed),12.804,384016.0,453523.0,1.181,35420.42
2018,MX,Mexico,False,Extra-EU,270900,Crude oil,Oil & gas,EU Methane Regulation,11554219.819,4084744813.0,4824083624.0,1.181,417.52
2018,MX,Mexico,False,Extra-EU,290339,"Fluorinated hydrocarbons (pre-2022 code, incl. HFCs)",F-gases (HFCs),F-gas Regulation,0.52,1082.0,1278.0,1.181,2457.69
2018,MX,Mexico,False,Extra-EU,390461,PTFE,Fluoropolymers,PFAS restriction (proposed),0.309,6056.0,7152.0,1.181,23145.63
2018,MX,Mexico,False,Extra-EU,390469,Other fluoropolymers,Fluoropolymers,PFAS restriction (proposed),1.612,56848.0,67137.0,1.181,41648.26
2018,MY,Malaysia,False,Extra-EU,270900,Crude oil,Oil & gas,EU Methane Regulation,0.489,304.0,359.0,1.181,734.15
2018,MY,Malaysia,False,Extra-EU,390469,Other fluoropolymers,Fluoropolymers,PFAS restriction (proposed),20.637,307405.0,363045.0,1.181,17591.95
2018,NG,Nigeria,False,Extra-EU,270900,Crude oil,Oil & gas,EU Methane Regulation,41329205.141,19118074992.0,22578446566.0,1.181,546.31
2018,NG,Nigeria,False,Extra-EU,271111,LNG,Oil & gas,EU Methane Regulation,5339111.271,2248786069.0,2655816347.0,1.181,497.43
2018,NL,Netherlands,True,Intra-EU,270900,Crude oil,Oil & gas,EU Methane Regulation,42055969.174,18377594626.0,21703939253.0,1.181,516.07
2018,NL,Netherlands,True,Intra-EU,271111,LNG,Oil & gas,EU Methane Regulation,94342.694,34788319.0,41085005.0,1.181,435.49
2018,NL,Netherlands,True,Intra-EU,271121,Pipeline natural gas,Oil & gas,EU Methane Regulation,14605139.693,4693683148.0,5543239798.0,1.181,379.54
2018,NL,Netherlands,True,Intra-EU,290339,"Fluorinated hydrocarbons (pre-2022 code, incl. HFCs)",F-gases (HFCs),F-gas Regulation,20052.871,360394605.0,425626029.0,1.181,21225.19
2018,NL,Netherlands,True,Intra-EU,390461,PTFE,Fluoropolymers,PFAS restriction (proposed),4644.005,61058158.0,72109685.0,1.181,15527.48
2018,NL,Netherlands,True,Intra-EU,390469,Other fluoropolymers,Fluoropolymers,PFAS restriction (proposed),8017.02,159450103.0,188310572.0,1.181,23488.85
2018,NO,Norway,False,Extra-EU,270900,Crude oil,Oil & gas,EU Methane Regulation,58243270.841,26596065010.0,31409952777.0,1.181,539.29
2018,NO,Norway,False,Extra-EU,271111,LNG,Oil & gas,EU Methane Regulation,3277162.966,1530206546.0,1807173931.0,1.181,551.44
2018,NO,Norway,False,Extra-EU,271121,Pipeline natural gas,Oil & gas,EU Methane Regulation,39866035.012,13620350798.0,16085634292.0,1.181,403.49
2018,NO,Norway,False,Extra-EU,290339,"Fluorinated hydrocarbons (pre-2022 code, incl. HFCs)",F-gases (HFCs),F-gas Regulation,11.453,295902.0,349460.0,1.181,30512.53
2018,NO,Norway,False,Extra-EU,390461,PTFE,Fluoropolymers,PFAS restriction (proposed),0.023,216.0,255.0,1.181,11086.96
2018,NZ,New Zealand,False,Extra-EU,270900,Crude oil,Oil & gas,EU Methane Regulation,1.132,413.0,488.0,1.181,431.1
2018,OM,Oman,False,Extra-EU,270900,Crude oil,Oil & gas,EU Methane Regulation,0.001,1.0,1.0,1.181,1000.0
2018,PE,Peru,False,Extra-EU,270900,Crude oil,Oil & gas,EU Methane Regulation,0.4,322.0,380.0,1.181,950.0
2018,PE,Peru,False,Extra-EU,271111,LNG,Oil & gas,EU Methane Regulation,1449601.875,456170371.0,538737208.0,1.181,371.64
2018,PL,Poland,True,Intra-EU,270900,Crude oil,Oil & gas,EU Methane Regulation,299253.441,126944758.0,149921759.0,1.181,500.99
2018,PL,Poland,True,Intra-EU,271111,LNG,Oil & gas,EU Methane Regulation,231.64,85914.0,101464.0,1.181,438.02
2018,PL,Poland,True,Intra-EU,290339,"Fluorinated hydrocarbons (pre-2022 code, incl. HFCs)",F-gases (HFCs),F-gas Regulation,522.234,10790721.0,12743842.0,1.181,24402.55
2018,PL,Poland,True,Intra-EU,390461,PTFE,Fluoropolymers,PFAS restriction (proposed),82.939,1458237.0,1722178.0,1.181,20764.39
2018,PL,Poland,True,Intra-EU,390469,Other fluoropolymers,Fluoropolymers,PFAS restriction (proposed),534.947,7554501.0,8921866.0,1.181,16678.04
2018,PT,Portugal,True,Intra-EU,270900,Crude oil,Oil & gas,EU Methane Regulation,45999.439,19606174.0,23154891.0,1.181,503.37
2018,PT,Portugal,True,Intra-EU,271111,LNG,Oil & gas,EU Methane Regulation,268.433,87522.0,103363.0,1.181,385.06
2018,PT,Portugal,True,Intra-EU,290339,"Fluorinated hydrocarbons (pre-2022 code, incl. HFCs)",F-gases (HFCs),F-gas Regulation,138.866,962545.0,1136766.0,1.181,8186.06
2018,PT,Portugal,True,Intra-EU,390461,PTFE,Fluoropolymers,PFAS restriction (proposed),39.807,98228.0,116007.0,1.181,2914.24
2018,PT,Portugal,True,Intra-EU,390469,Other fluoropolymers,Fluoropolymers,PFAS restriction (proposed),86.96,151553.0,178984.0,1.181,2058.23
2018,QA,Qatar,False,Extra-EU,270900,Crude oil,Oil & gas,EU Methane Regulation,65.656,33493.0,39555.0,1.181,602.46
2018,QA,Qatar,False,Extra-EU,271111,LNG,Oil & gas,EU Methane Regulation,11543567.552,3570748956.0,4217054517.0,1.181,365.32
2018,QP,High seas,False,Extra-EU,270900,Crude oil,Oil & gas,EU Methane Regulation,63026.85,29469072.0,34802974.0,1.181,552.19
2018,QV,Countries not specified (intra-EU),False,Extra-EU,270900,Crude oil,Oil & gas,EU Methane Regulation,16713.045,6703448.0,7916772.0,1.181,473.69
2018,QV,Countries not specified (intra-EU),False,Extra-EU,271121,Pipeline natural gas,Oil & gas,EU Methane Regulation,5168659.595,1645953648.0,1943871258.0,1.181,376.09
2018,QW,Countries not specified (extra-EU),False,Extra-EU,270900,Crude oil,Oil & gas,EU Methane Regulation,730495.626,330178366.0,389940650.0,1.181,533.8
2018,QW,Countries not specified (extra-EU),False,Extra-EU,271111,LNG,Oil & gas,EU Methane Regulation,62193.81,19253724.0,22738648.0,1.181,365.61
2018,QW,Countries not specified (extra-EU),False,Extra-EU,290339,"Fluorinated hydrocarbons (pre-2022 code, incl. HFCs)",F-gases (HFCs),F-gas Regulation,6.841,105791.0,124939.0,1.181,18263.27
2018,QW,Countries not specified (extra-EU),False,Extra-EU,390461,PTFE,Fluoropolymers,PFAS restriction (proposed),0.021,2192.0,2589.0,1.181,123285.71
2018,QW,Countries not specified (extra-EU),False,Extra-EU,390469,Other fluoropolymers,Fluoropolymers,PFAS restriction (proposed),2.273,41683.0,49228.0,1.181,21657.72
2018,RO,Romania,True,Intra-EU,270900,Crude oil,Oil & gas,EU Methane Regulation,114.708,71086.0,83953.0,1.181,731.88
2018,RO,Romania,True,Intra-EU,290339,"Fluorinated hydrocarbons (pre-2022 code, incl. HFCs)",F-gases (HFCs),F-gas Regulation,205.661,1753639.0,2071048.0,1.181,10070.2
2018,RO,Romania,True,Intra-EU,390461,PTFE,Fluoropolymers,PFAS restriction (proposed),403.541,3402889.0,4018812.0,1.181,9958.87
2018,RO,Romania,True,Intra-EU,390469,Other fluoropolymers,Fluoropolymers,PFAS restriction (proposed),4.466,90323.0,106671.0,1.181,23885.13
2018,RU,Russian Federation,False,Extra-EU,270900,Crude oil,Oil & gas,EU Methane Regulation,148961607.59,64468057003.0,76136775321.0,1.181,511.12
2018,RU,Russian Federation,False,Extra-EU,271111,LNG,Oil & gas,EU Methane Regulation,1911040.414,1097256903.0,1295860402.0,1.181,678.09
2018,RU,Russian Federation,False,Extra-EU,271121,Pipeline natural gas,Oil & gas,EU Methane Regulation,41065872.848,13333910669.0,15747348500.0,1.181,383.47
2018,RU,Russian Federation,False,Extra-EU,290339,"Fluorinated hydrocarbons (pre-2022 code, incl. HFCs)",F-gases (HFCs),F-gas Regulation,48.138,1087477.0,1284310.0,1.181,26679.75
2018,RU,Russian Federation,False,Extra-EU,390461,PTFE,Fluoropolymers,PFAS restriction (proposed),3952.757,30330190.0,35819954.0,1.181,9062.02
2018,RU,Russian Federation,False,Extra-EU,390469,Other fluoropolymers,Fluoropolymers,PFAS restriction (proposed),27.271,325367.0,384258.0,1.181,14090.35
2018,SA,Saudi Arabia,False,Extra-EU,270900,Crude oil,Oil & gas,EU Methane Regulation,35420366.685,15586231011.0,18407338824.0,1.181,519.68
2018,SA,Saudi Arabia,False,Extra-EU,390461,PTFE,Fluoropolymers,PFAS restriction (proposed),25.231,30580.0,36115.0,1.181,1431.37
2018,SD,Sudan,False,Extra-EU,270900,Crude oil,Oil & gas,EU Methane Regulation,83659.075,35201527.0,41573003.0,1.181,496.93
2018,SE,Sweden,True,Intra-EU,270900,Crude oil,Oil & gas,EU Methane Regulation,21.906,20777.0,24538.0,1.181,1120.15
2018,SE,Sweden,True,Intra-EU,271111,LNG,Oil & gas,EU Methane Regulation,4658.31,1708979.0,2018304.0,1.181,433.27
2018,SE,Sweden,True,Intra-EU,290339,"Fluorinated hydrocarbons (pre-2022 code, incl. HFCs)",F-gases (HFCs),F-gas Regulation,176.493,3657357.0,4319339.0,1.181,24473.15
2018,SE,Sweden,True,Intra-EU,390461,PTFE,Fluoropolymers,PFAS restriction (proposed),4.206,109006.0,128736.0,1.181,30607.7
2018,SE,Sweden,True,Intra-EU,390469,Other fluoropolymers,Fluoropolymers,PFAS restriction (proposed),127.691,1447980.0,1710064.0,1.181,13392.2
2018,SG,Singapore,False,Extra-EU,270900,Crude oil,Oil & gas,EU Methane Regulation,83364.727,40783607.0,48165440.0,1.181,577.77
2018,SG,Singapore,False,Extra-EU,271111,LNG,Oil & gas,EU Methane Regulation,71458.839,20678000.0,24420718.0,1.181,341.75
2018,SG,Singapore,False,Extra-EU,290339,"Fluorinated hydrocarbons (pre-2022 code, incl. HFCs)",F-gases (HFCs),F-gas Regulation,268.267,1578609.0,1864337.0,1.181,6949.56
2018,SG,Singapore,False,Extra-EU,390461,PTFE,Fluoropolymers,PFAS restriction (proposed),1.535,15973.0,18864.0,1.181,12289.25
2018,SG,Singapore,False,Extra-EU,390469,Other fluoropolymers,Fluoropolymers,PFAS restriction (proposed),1.394,12739.0,15045.0,1.181,10792.68
2018,SI,Slovenia,True,Intra-EU,270900,Crude oil,Oil & gas,EU Methane Regulation,755.602,321668.0,379890.0,1.181,502.76
2018,SI,Slovenia,True,Intra-EU,271111,LNG,Oil & gas,EU Methane Regulation,3910.68,1797898.0,2123318.0,1.181,542.95
2018,SI,Slovenia,True,Intra-EU,271121,Pipeline natural gas,Oil & gas,EU Methane Regulation,200710.409,66081311.0,78042028.0,1.181,388.83
2018,SI,Slovenia,True,Intra-EU,290339,"Fluorinated hydrocarbons (pre-2022 code, incl. HFCs)",F-gases (HFCs),F-gas Regulation,58.546,592061.0,699224.0,1.181,11943.16
2018,SI,Slovenia,True,Intra-EU,390461,PTFE,Fluoropolymers,PFAS restriction (proposed),29.633,281522.0,332477.0,1.181,11219.82
2018,SI,Slovenia,True,Intra-EU,390469,Other fluoropolymers,Fluoropolymers,PFAS restriction (proposed),90.891,402449.0,475292.0,1.181,5229.25
2018,SK,Slovakia,True,Intra-EU,270900,Crude oil,Oil & gas,EU Methane Regulation,5277.311,2311087.0,2729394.0,1.181,517.19
2018,SK,Slovakia,True,Intra-EU,271121,Pipeline natural gas,Oil & gas,EU Methane Regulation,46084.909,14564323.0,17200465.0,1.181,373.23
2018,SK,Slovakia,True,Intra-EU,290339,"Fluorinated hydrocarbons (pre-2022 code, incl. HFCs)",F-gases (HFCs),F-gas Regulation,129.951,1968174.0,2324413.0,1.181,17886.84
2018,SK,Slovakia,True,Intra-EU,390461,PTFE,Fluoropolymers,PFAS restriction (proposed),1.867,18053.0,21321.0,1.181,11419.93
2018,SK,Slovakia,True,Intra-EU,390469,Other fluoropolymers,Fluoropolymers,PFAS restriction (proposed),0.212,5723.0,6759.0,1.181,31882.08
2018,TD,Chad,False,Extra-EU,270900,Crude oil,Oil & gas,EU Methane Regulation,892274.57,373005673.0,440519700.0,1.181,493.7
2018,TH,Thailand,False,Extra-EU,270900,Crude oil,Oil & gas,EU Methane Regulation,1.464,2615.0,3088.0,1.181,2109.29
2018,TH,Thailand,False,Extra-EU,290339,"Fluorinated hydrocarbons (pre-2022 code, incl. HFCs)",F-gases (HFCs),F-gas Regulation,19.845,81190.0,95885.0,1.181,4831.7
2018,TH,Thailand,False,Extra-EU,390461,PTFE,Fluoropolymers,PFAS restriction (proposed),1.9,28874.0,34100.0,1.181,17947.37
2018,TH,Thailand,False,Extra-EU,390469,Other fluoropolymers,Fluoropolymers,PFAS restriction (proposed),48.06,501536.0,592314.0,1.181,12324.47
2018,TN,Tunisia,False,Extra-EU,270900,Crude oil,Oil & gas,EU Methane Regulation,904064.046,409994219.0,484203173.0,1.181,535.59
2018,TN,Tunisia,False,Extra-EU,290339,"Fluorinated hydrocarbons (pre-2022 code, incl. HFCs)",F-gases (HFCs),F-gas Regulation,116.461,1252899.0,1479674.0,1.181,12705.32
2018,TR,Türkiye,False,Extra-EU,270900,Crude oil,Oil & gas,EU Methane Regulation,445070.35,197944593.0,233772564.0,1.181,525.25
2018,TR,Türkiye,False,Extra-EU,271121,Pipeline natural gas,Oil & gas,EU Methane Regulation,472730.065,164444530.0,194208990.0,1.181,410.82
2018,TR,Türkiye,False,Extra-EU,290339,"Fluorinated hydrocarbons (pre-2022 code, incl. HFCs)",F-gases (HFCs),F-gas Regulation,701.713,4137165.0,4885992.0,1.181,6962.95
2018,TR,Türkiye,False,Extra-EU,390461,PTFE,Fluoropolymers,PFAS restriction (proposed),23.211,79029.0,93333.0,1.181,4021.07
2018,TR,Türkiye,False,Extra-EU,390469,Other fluoropolymers,Fluoropolymers,PFAS restriction (proposed),24.009,19244.0,22727.0,1.181,946.6
2018,TT,Trinidad and Tobago,False,Extra-EU,270900,Crude oil,Oil & gas,EU Methane Regulation,14533.05,4620485.0,5456793.0,1.181,375.47
2018,TT,Trinidad and Tobago,False,Extra-EU,271111,LNG,Oil & gas,EU Methane Regulation,2081111.142,643532636.0,760012043.0,1.181,365.2
2018,TW,Taiwan,False,Extra-EU,270900,Crude oil,Oil & gas,EU Methane Regulation,0.0,193.0,228.0,1.181,
2018,TW,Taiwan,False,Extra-EU,290339,"Fluorinated hydrocarbons (pre-2022 code, incl. HFCs)",F-gases (HFCs),F-gas Regulation,0.011,630.0,744.0,1.181,67636.36
2018,TW,Taiwan,False,Extra-EU,390461,PTFE,Fluoropolymers,PFAS restriction (proposed),145.115,279419.0,329994.0,1.181,2274.02
2018,TW,Taiwan,False,Extra-EU,390469,Other fluoropolymers,Fluoropolymers,PFAS restriction (proposed),7.154,154017.0,181894.0,1.181,25425.5
2018,TZ,Tanzania,False,Extra-EU,270900,Crude oil,Oil & gas,EU Methane Regulation,0.009,288.0,340.0,1.181,37777.78
2018,UA,Ukraine,False,Extra-EU,271121,Pipeline natural gas,Oil & gas,EU Methane Regulation,583588.428,193230247.0,228204922.0,1.181,391.04
2018,UA,Ukraine,False,Extra-EU,290339,"Fluorinated hydrocarbons (pre-2022 code, incl. HFCs)",F-gases (HFCs),F-gas Regulation,0.041,35549.0,41983.0,1.181,1023975.61
2018,US,United States,False,Extra-EU,270900,Crude oil,Oil & gas,EU Methane Regulation,22337956.285,10567489596.0,12480205213.0,1.181,558.7
2018,US,United States,False,Extra-EU,271111,LNG,Oil & gas,EU Methane Regulation,1432173.263,558940218.0,660108397.0,1.181,460.91
2018,US,United States,False,Extra-EU,290339,"Fluorinated hydrocarbons (pre-2022 code, incl. HFCs)",F-gases (HFCs),F-gas Regulation,26643.733,269479086.0,318254801.0,1.181,11944.83
2018,US,United States,False,Extra-EU,390461,PTFE,Fluoropolymers,PFAS restriction (proposed),2286.36,24295642.0,28693153.0,1.181,12549.71
2018,US,United States,False,Extra-EU,390469,Other fluoropolymers,Fluoropolymers,PFAS restriction (proposed),8548.97,123775463.0,146178822.0,1.181,17099.0
2018,VE,Venezuela,False,Extra-EU,270900,Crude oil,Oil & gas,EU Methane Regulation,2670677.128,924309830.0,1091609909.0,1.181,408.74
2018,XS,Serbia,False,Extra-EU,290339,"Fluorinated hydrocarbons (pre-2022 code, incl. HFCs)",F-gases (HFCs),F-gas Regulation,13.475,205527.0,242727.0,1.181,18013.14
2018,ZA,South Africa,False,Extra-EU,270900,Crude oil,Oil & gas,EU Methane Regulation,2.028,752.0,888.0,1.181,437.87
2018,ZA,South Africa,False,Extra-EU,271111,LNG,Oil & gas,EU Methane Regulation,5411.879,4030842.0,4760424.0,1.181,879.62
2018,ZA,South Africa,False,Extra-EU,290339,"Fluorinated hydrocarbons (pre-2022 code, incl. HFCs)",F-gases (HFCs),F-gas Regulation,0.367,14587.0,17227.0,1.181,46940.05
2018,ZA,South Africa,False,Extra-EU,390469,Other fluoropolymers,Fluoropolymers,PFAS restriction (proposed),1.094,28164.0,33262.0,1.181,30404.02
2019,AE,United Arab Emirates,False,Extra-EU,270900,Crude oil,Oil & gas,EU Methane Regulation,3.834,2818.0,3155.0,1.1195,822.9
2019,AE,United Arab Emirates,False,Extra-EU,290339,"Fluorinated hydrocarbons (pre-2022 code, incl. HFCs)",F-gases (HFCs),F-gas Regulation,5.547,58464.0,65450.0,1.1195,11799.17
2019,AE,United Arab Emirates,False,Extra-EU,390461,PTFE,Fluoropolymers,PFAS restriction (proposed),0.036,7344.0,8222.0,1.1195,228388.89
2019,AL,Albania,False,Extra-EU,270900,Crude oil,Oil & gas,EU Methane Regulation,637978.782,188019925.0,210488306.0,1.1195,329.93
2019,AL,Albania,False,Extra-EU,290339,"Fluorinated hydrocarbons (pre-2022 code, incl. HFCs)",F-gases (HFCs),F-gas Regulation,0.524,2894.0,3240.0,1.1195,6183.21
2019,AM,Armenia,False,Extra-EU,290339,"Fluorinated hydrocarbons (pre-2022 code, incl. HFCs)",F-gases (HFCs),F-gas Regulation,0.002,970.0,1086.0,1.1195,543000.0
2019,AO,Angola,False,Extra-EU,270900,Crude oil,Oil & gas,EU Methane Regulation,7151608.842,3080991625.0,3449170124.0,1.1195,482.29
2019,AO,Angola,False,Extra-EU,271111,LNG,Oil & gas,EU Methane Regulation,336871.896,135079835.0,151221875.0,1.1195,448.9
2019,AR,Argentina,False,Extra-EU,270900,Crude oil,Oil & gas,EU Methane Regulation,280950.456,115404809.0,129195684.0,1.1195,459.85
2019,AR,Argentina,False,Extra-EU,290339,"Fluorinated hydrocarbons (pre-2022 code, incl. HFCs)",F-gases (HFCs),F-gas Regulation,0.66,26576.0,29752.0,1.1195,45078.79
2019,AT,Austria,True,Intra-EU,270900,Crude oil,Oil & gas,EU Methane Regulation,9.191,5927.0,6635.0,1.1195,721.9
2019,AT,Austria,True,Intra-EU,271111,LNG,Oil & gas,EU Methane Regulation,43474.903,10719670.0,12000671.0,1.1195,276.04
2019,AT,Austria,True,Intra-EU,271121,Pipeline natural gas,Oil & gas,EU Methane Regulation,3734095.085,939629654.0,1051915398.0,1.1195,281.71
2019,AT,Austria,True,Intra-EU,290339,"Fluorinated hydrocarbons (pre-2022 code, incl. HFCs)",F-gases (HFCs),F-gas Regulation,80.366,1108559.0,1241032.0,1.1195,15442.25
2019,AT,Austria,True,Intra-EU,390461,PTFE,Fluoropolymers,PFAS restriction (proposed),25.449,475150.0,531930.0,1.1195,20901.8
2019,AT,Austria,True,Intra-EU,390469,Other fluoropolymers,Fluoropolymers,PFAS restriction (proposed),62.679,1308656.0,1465040.0,1.1195,23373.7
2019,AU,Australia,False,Extra-EU,290339,"Fluorinated hydrocarbons (pre-2022 code, incl. HFCs)",F-gases (HFCs),F-gas Regulation,0.0,142.0,159.0,1.1195,
2019,AU,Australia,False,Extra-EU,390461,PTFE,Fluoropolymers,PFAS restriction (proposed),0.005,11102.0,12429.0,1.1195,2485800.0
2019,AZ,Azerbaijan,False,Extra-EU,270900,Crude oil,Oil & gas,EU Methane Regulation,23407843.208,10458209979.0,11707966071.0,1.1195,500.17
2019,BB,Barbados,False,Extra-EU,270900,Crude oil,Oil & gas,EU Methane Regulation,0.02,87.0,97.0,1.1195,4850.0
2019,BB,Barbados,False,Extra-EU,290339,"Fluorinated hydrocarbons (pre-2022 code, incl. HFCs)",F-gases (HFCs),F-gas Regulation,0.333,2698.0,3020.0,1.1195,9069.07
2019,BE,Belgium,True,Intra-EU,270900,Crude oil,Oil & gas,EU Methane Regulation,1573253.449,728864922.0,815964280.0,1.1195,518.65
2019,BE,Belgium,True,Intra-EU,271111,LNG,Oil & gas,EU Methane Regulation,168770.553,42225461.0,47271404.0,1.1195,280.09
2019,BE,Belgium,True,Intra-EU,271121,Pipeline natural gas,Oil & gas,EU Methane Regulation,229673.143,6064706929.0,6789439407.0,1.1195,29561.31
2019,BE,Belgium,True,Intra-EU,290339,"Fluorinated hydrocarbons (pre-2022 code, incl. HFCs)",F-gases (HFCs),F-gas Regulation,3647.085,33226612.0,37197192.0,1.1195,10199.16
2019,BE,Belgium,True,Intra-EU,390461,PTFE,Fluoropolymers,PFAS restriction (proposed),3062.591,39344854.0,44046564.0,1.1195,14382.12
2019,BE,Belgium,True,Intra-EU,390469,Other fluoropolymers,Fluoropolymers,PFAS restriction (proposed),4938.659,96408332.0,107929128.0,1.1195,21853.93
2019,BG,Bulgaria,True,Intra-EU,270900,Crude oil,Oil & gas,EU Methane Regulation,25356.238,6613599.0,7403924.0,1.1195,292.0
2019,BG,Bulgaria,True,Intra-EU,271111,LNG,Oil & gas,EU Methane Regulation,19526.682,6093674.0,6821868.0,1.1195,349.36
2019,BG,Bulgaria,True,Intra-EU,271121,Pipeline natural gas,Oil & gas,EU Methane Regulation,102058.876,30781374.0,34459748.0,1.1195,337.65
2019,BG,Bulgaria,True,Intra-EU,290339,"Fluorinated hydrocarbons (pre-2022 code, incl. HFCs)",F-gases (HFCs),F-gas Regulation,24.082,182195.0,203967.0,1.1195,8469.69
2019,BG,Bulgaria,True,Intra-EU,390461,PTFE,Fluoropolymers,PFAS restriction (proposed),23.682,334340.0,374294.0,1.1195,15805.0
2019,BG,Bulgaria,True,Intra-EU,390469,Other fluoropolymers,Fluoropolymers,PFAS restriction (proposed),1.604,34624.0,38762.0,1.1195,24165.84
2019,BH,Bahrain,False,Extra-EU,270900,Crude oil,Oil & gas,EU Methane Regulation,74000.003,30964729.0,34665014.0,1.1195,468.45
2019,BN,Brunei Darussalam,False,Extra-EU,270900,Crude oil,Oil & gas,EU Methane Regulation,0.255,117.0,131.0,1.1195,513.73
2019,BO,Bolivia,False,Extra-EU,270900,Crude oil,Oil & gas,EU Methane Regulation,0.142,2228.0,2494.0,1.1195,17563.38
2019,BR,Brazil,False,Extra-EU,270900,Crude oil,Oil & gas,EU Methane Regulation,4644912.279,1684092845.0,1885341940.0,1.1195,405.89
2019,BR,Brazil,False,Extra-EU,271111,LNG,Oil & gas,EU Methane Regulation,0.075,6862.0,7682.0,1.1195,102426.67
2019,BR,Brazil,False,Extra-EU,290339,"Fluorinated hydrocarbons (pre-2022 code, incl. HFCs)",F-gases (HFCs),F-gas Regulation,7.01,128726.0,144109.0,1.1195,20557.63
2019,BR,Brazil,False,Extra-EU,390461,PTFE,Fluoropolymers,PFAS restriction (proposed),13.825,9430.0,10557.0,1.1195,763.62
2019,BR,Brazil,False,Extra-EU,390469,Other fluoropolymers,Fluoropolymers,PFAS restriction (proposed),201.71,231031.0,258639.0,1.1195,1282.23
2019,BY,Belarus,False,Extra-EU,290339,"Fluorinated hydrocarbons (pre-2022 code, incl. HFCs)",F-gases (HFCs),F-gas Regulation,0.233,1585.0,1774.0,1.1195,7613.73
2019,CA,Canada,False,Extra-EU,270900,Crude oil,Oil & gas,EU Methane Regulation,3915078.879,1584211417.0,1773524681.0,1.1195,453.0
2019,CA,Canada,False,Extra-EU,271121,Pipeline natural gas,Oil & gas,EU Methane Regulation,0.024,4554.0,5098.0,1.1195,212416.67
2019,CA,Canada,False,Extra-EU,290339,"Fluorinated hydrocarbons (pre-2022 code, incl. HFCs)",F-gases (HFCs),F-gas Regulation,53.608,78207.0,87553.0,1.1195,1633.21
2019,CA,Canada,False,Extra-EU,390461,PTFE,Fluoropolymers,PFAS restriction (proposed),1.421,61506.0,68856.0,1.1195,48456.02
2019,CA,Canada,False,Extra-EU,390469,Other fluoropolymers,Fluoropolymers,PFAS restriction (proposed),0.761,6112.0,6842.0,1.1195,8990.8
2019,CD,"Congo, The Democratic Republic of the",False,Extra-EU,270900,Crude oil,Oil & gas,EU Methane Regulation,239100.728,103551379.0,115925769.0,1.1195,484.84
2019,CG,Congo,False,Extra-EU,270900,Crude oil,Oil & gas,EU Methane Regulation,355720.33,148089900.0,165786643.0,1.1195,466.06
2019,CH,Switzerland,False,Extra-EU,270900,Crude oil,Oil & gas,EU Methane Regulation,0.214,844.0,945.0,1.1195,4415.89
2019,CH,Switzerland,False,Extra-EU,271111,LNG,Oil & gas,EU Methane Regulation,46.959,77847.0,87150.0,1.1195,1855.87
2019,CH,Switzerland,False,Extra-EU,271121,Pipeline natural gas,Oil & gas,EU Methane Regulation,269913.356,96603629.0,108147763.0,1.1195,400.68
2019,CH,Switzerland,False,Extra-EU,290339,"Fluorinated hydrocarbons (pre-2022 code, incl. HFCs)",F-gases (HFCs),F-gas Regulation,197.75,1231371.0,1378520.0,1.1195,6971.02
2019,CH,Switzerland,False,Extra-EU,390461,PTFE,Fluoropolymers,PFAS restriction (proposed),584.347,2886420.0,3231347.0,1.1195,5529.84
2019,CH,Switzerland,False,Extra-EU,390469,Other fluoropolymers,Fluoropolymers,PFAS restriction (proposed),707.046,9782676.0,10951706.0,1.1195,15489.38
2019,CI,Côte d'Ivoire,False,Extra-EU,270900,Crude oil,Oil & gas,EU Methane Regulation,844260.002,343510128.0,384559588.0,1.1195,455.5
2019,CL,Chile,False,Extra-EU,270900,Crude oil,Oil & gas,EU Methane Regulation,0.027,389.0,435.0,1.1195,16111.11
2019,CM,Cameroon,False,Extra-EU,270900,Crude oil,Oil & gas,EU Methane Regulation,2499078.837,1009736854.0,1130400408.0,1.1195,452.33
2019,CM,Cameroon,False,Extra-EU,271111,LNG,Oil & gas,EU Methane Regulation,66528.275,15184008.0,16998497.0,1.1195,255.51
2019,CN,China,False,Extra-EU,270900,Crude oil,Oil & gas,EU Methane Regulation,0.68,2860.0,3202.0,1.1195,4708.82
2019,CN,China,False,Extra-EU,290339,"Fluorinated hydrocarbons (pre-2022 code, incl. HFCs)",F-gases (HFCs),F-gas Regulation,33758.71,154328783.0,172771073.0,1.1195,5117.82
2019,CN,China,False,Extra-EU,390461,PTFE,Fluoropolymers,PFAS restriction (proposed),6445.753,50173203.0,56168901.0,1.1195,8714.09
2019,CN,China,False,Extra-EU,390469,Other fluoropolymers,Fluoropolymers,PFAS restriction (proposed),3625.91,37145497.0,41584384.0,1.1195,11468.68
2019,CO,Colombia,False,Extra-EU,270900,Crude oil,Oil & gas,EU Methane Regulation,0.005,43.0,48.0,1.1195,9600.0
2019,CW,Curaçao,False,Extra-EU,270900,Crude oil,Oil & gas,EU Methane Regulation,15183.133,6002182.0,6719443.0,1.1195,442.56
2019,CY,Cyprus,True,Intra-EU,270900,Crude oil,Oil & gas,EU Methane Regulation,296812.714,117376555.0,131403053.0,1.1195,442.71
2019,CY,Cyprus,True,Intra-EU,271111,LNG,Oil & gas,EU Methane Regulation,230.04,2086.0,2335.0,1.1195,10.15
2019,CY,Cyprus,True,Intra-EU,271121,Pipeline natural gas,Oil & gas,EU Methane Regulation,12822.94,2299561.0,2574359.0,1.1195,200.76
2019,CY,Cyprus,True,Intra-EU,290339,"Fluorinated hydrocarbons (pre-2022 code, incl. HFCs)",F-gases (HFCs),F-gas Regulation,0.108,1015.0,1136.0,1.1195,10518.52
2019,CY,Cyprus,True,Intra-EU,390461,PTFE,Fluoropolymers,PFAS restriction (proposed),0.0,4.0,4.0,1.1195,
2019,CY,Cyprus,True,Intra-EU,390469,Other fluoropolymers,Fluoropolymers,PFAS restriction (proposed),0.0,1.0,1.0,1.1195,
2019,CZ,Czechia,True,Intra-EU,270900,Crude oil,Oil & gas,EU Methane Regulation,210.982,88819.0,99433.0,1.1195,471.29
2019,CZ,Czechia,True,Intra-EU,271111,LNG,Oil & gas,EU Methane Regulation,1056.584,174916.0,195818.0,1.1195,185.33
2019,CZ,Czechia,True,Intra-EU,271121,Pipeline natural gas,Oil & gas,EU Methane Regulation,11057.472,3046798.0,3410890.0,1.1195,308.47
2019,CZ,Czechia,True,Intra-EU,290339,"Fluorinated hydrocarbons (pre-2022 code, incl. HFCs)",F-gases (HFCs),F-gas Regulation,274.58,4171762.0,4670288.0,1.1195,17008.84
2019,CZ,Czechia,True,Intra-EU,390461,PTFE,Fluoropolymers,PFAS restriction (proposed),9.026,183745.0,205703.0,1.1195,22790.05
2019,CZ,Czechia,True,Intra-EU,390469,Other fluoropolymers,Fluoropolymers,PFAS restriction (proposed),59.756,607316.0,679890.0,1.1195,11377.77
2019,DE,Germany,True,Intra-EU,270900,Crude oil,Oil & gas,EU Methane Regulation,35956.69,15289929.0,17117076.0,1.1195,476.05
2019,DE,Germany,True,Intra-EU,271111,LNG,Oil & gas,EU Methane Regulation,35278.176,9208291.0,10308682.0,1.1195,292.21
2019,DE,Germany,True,Intra-EU,271121,Pipeline natural gas,Oil & gas,EU Methane Regulation,4596472.631,2014950505.0,2255737090.0,1.1195,490.75
2019,DE,Germany,True,Intra-EU,290339,"Fluorinated hydrocarbons (pre-2022 code, incl. HFCs)",F-gases (HFCs),F-gas Regulation,4334.884,62308643.0,69754526.0,1.1195,16091.44
2019,DE,Germany,True,Intra-EU,390461,PTFE,Fluoropolymers,PFAS restriction (proposed),6073.993,77318244.0,86557774.0,1.1195,14250.56
2019,DE,Germany,True,Intra-EU,390469,Other fluoropolymers,Fluoropolymers,PFAS restriction (proposed),5412.512,96334422.0,107846385.0,1.1195,19925.38
2019,DK,Denmark,True,Intra-EU,270900,Crude oil,Oil & gas,EU Methane Regulation,632248.464,277051592.0,310159257.0,1.1195,490.57
2019,DK,Denmark,True,Intra-EU,271111,LNG,Oil & gas,EU Methane Regulation,6875.388,1924384.0,2154348.0,1.1195,313.34
2019,DK,Denmark,True,Intra-EU,271121,Pipeline natural gas,Oil & gas,EU Methane Regulation,524156.782,114110375.0,127746565.0,1.1195,243.72
2019,DK,Denmark,True,Intra-EU,290339,"Fluorinated hydrocarbons (pre-2022 code, incl. HFCs)",F-gases (HFCs),F-gas Regulation,24.225,159531.0,178595.0,1.1195,7372.34
2019,DK,Denmark,True,Intra-EU,390461,PTFE,Fluoropolymers,PFAS restriction (proposed),10.371,182058.0,203814.0,1.1195,19652.3
2019,DK,Denmark,True,Intra-EU,390469,Other fluoropolymers,Fluoropolymers,PFAS restriction (proposed),19.285,171363.0,191841.0,1.1195,9947.68
2019,DZ,Algeria,False,Extra-EU,270900,Crude oil,Oil & gas,EU Methane Regulation,18669821.624,8489177978.0,9503634746.0,1.1195,509.04
2019,DZ,Algeria,False,Extra-EU,271111,LNG,Oil & gas,EU Methane Regulation,5133312.953,2307343657.0,2583071224.0,1.1195,503.2
2019,DZ,Algeria,False,Extra-EU,271121,Pipeline natural gas,Oil & gas,EU Methane Regulation,14195315.267,4487815445.0,5024109391.0,1.1195,353.93
2019,EE,Estonia,True,Intra-EU,270900,Crude oil,Oil & gas,EU Methane Regulation,67786.377,21563459.0,24140292.0,1.1195,356.12
2019,EE,Estonia,True,Intra-EU,271111,LNG,Oil & gas,EU Methane Regulation,1214.603,458363.0,513137.0,1.1195,422.47
2019,EE,Estonia,True,Intra-EU,271121,Pipeline natural gas,Oil & gas,EU Methane Regulation,188.0,38591.0,43203.0,1.1195,229.8
2019,EE,Estonia,True,Intra-EU,290339,"Fluorinated hydrocarbons (pre-2022 code, incl. HFCs)",F-gases (HFCs),F-gas Regulation,13.605,52412.0,58675.0,1.1195,4312.75
2019,EE,Estonia,True,Intra-EU,390461,PTFE,Fluoropolymers,PFAS restriction (proposed),22.03,48450.0,54240.0,1.1195,2462.1
2019,EE,Estonia,True,Intra-EU,390469,Other fluoropolymers,Fluoropolymers,PFAS restriction (proposed),0.0,2.0,2.0,1.1195,
2019,EG,Egypt,False,Extra-EU,270900,Crude oil,Oil & gas,EU Methane Regulation,6113393.274,2612257947.0,2924422772.0,1.1195,478.36
2019,EG,Egypt,False,Extra-EU,271111,LNG,Oil & gas,EU Methane Regulation,505258.081,178515992.0,199848653.0,1.1195,395.54
2019,EG,Egypt,False,Extra-EU,271121,Pipeline natural gas,Oil & gas,EU Methane Regulation,31625.891,7671998.0,8588802.0,1.1195,271.58
2019,EG,Egypt,False,Extra-EU,290339,"Fluorinated hydrocarbons (pre-2022 code, incl. HFCs)",F-gases (HFCs),F-gas Regulation,0.863,8056.0,9019.0,1.1195,10450.75
2019,ES,Spain,True,Intra-EU,270900,Crude oil,Oil & gas,EU Methane Regulation,129.985,122216.0,136821.0,1.1195,1052.59
2019,ES,Spain,True,Intra-EU,271111,LNG,Oil & gas,EU Methane Regulation,53470.513,25027452.0,28018233.0,1.1195,523.99
2019,ES,Spain,True,Intra-EU,271121,Pipeline natural gas,Oil & gas,EU Methane Regulation,495851.862,215714443.0,241492319.0,1.1195,487.03
2019,ES,Spain,True,Intra-EU,290339,"Fluorinated hydrocarbons (pre-2022 code, incl. HFCs)",F-gases (HFCs),F-gas Regulation,1834.95,10993693.0,12307439.0,1.1195,6707.23
2019,ES,Spain,True,Intra-EU,390461,PTFE,Fluoropolymers,PFAS restriction (proposed),61.798,563845.0,631224.0,1.1195,10214.31
2019,ES,Spain,True,Intra-EU,390469,Other fluoropolymers,Fluoropolymers,PFAS restriction (proposed),625.901,1568404.0,1755828.0,1.1195,2805.28
2019,FI,Finland,True,Intra-EU,270900,Crude oil,Oil & gas,EU Methane Regulation,983.439,117801.0,131878.0,1.1195,134.1
2019,FI,Finland,True,Intra-EU,271111,LNG,Oil & gas,EU Methane Regulation,15179.054,4515478.0,5055078.0,1.1195,333.03
2019,FI,Finland,True,Intra-EU,290339,"Fluorinated hydrocarbons (pre-2022 code, incl. HFCs)",F-gases (HFCs),F-gas Regulation,7.052,100067.0,112025.0,1.1195,15885.56
2019,FI,Finland,True,Intra-EU,390461,PTFE,Fluoropolymers,PFAS restriction (proposed),18.28,390987.0,437710.0,1.1195,23944.75
2019,FI,Finland,True,Intra-EU,390469,Other fluoropolymers,Fluoropolymers,PFAS restriction (proposed),52.438,3153923.0,3530817.0,1.1195,67333.17
2019,FO,Faroe Islands,False,Extra-EU,290339,"Fluorinated hydrocarbons (pre-2022 code, incl. HFCs)",F-gases (HFCs),F-gas Regulation,0.347,17.0,19.0,1.1195,54.76
2019,FR,France,True,Intra-EU,270900,Crude oil,Oil & gas,EU Methane Regulation,104899.459,46475207.0,52028994.0,1.1195,495.99
2019,FR,France,True,Intra-EU,271111,LNG,Oil & gas,EU Methane Regulation,52348.986,31437124.0,35193860.0,1.1195,672.29
2019,FR,France,True,Intra-EU,271121,Pipeline natural gas,Oil & gas,EU Methane Regulation,393823.055,89106810.0,99755074.0,1.1195,253.3
2019,FR,France,True,Intra-EU,290339,"Fluorinated hydrocarbons (pre-2022 code, incl. HFCs)",F-gases (HFCs),F-gas Regulation,6046.292,55581306.0,62223272.0,1.1195,10291.15
2019,FR,France,True,Intra-EU,390461,PTFE,Fluoropolymers,PFAS restriction (proposed),127.88,1523942.0,1706053.0,1.1195,13341.05
2019,FR,France,True,Intra-EU,390469,Other fluoropolymers,Fluoropolymers,PFAS restriction (proposed),9740.544,126710371.0,141852260.0,1.1195,14563.07
2019,GA,Gabon,False,Extra-EU,270900,Crude oil,Oil & gas,EU Methane Regulation,697825.598,285169672.0,319247448.0,1.1195,457.49
2019,GA,Gabon,False,Extra-EU,271111,LNG,Oil & gas,EU Methane Regulation,34.3,5402.0,6048.0,1.1195,176.33
2019,GB,United Kingdom,False,Extra-EU,270900,Crude oil,Oil & gas,EU Methane Regulation,24728510.977,10602902046.0,11869948840.0,1.1195,480.01
2019,GB,United Kingdom,False,Extra-EU,271111,LNG,Oil & gas,EU Methane Regulation,398254.29,92443854.0,103490895.0,1.1195,259.86
2019,GB,United Kingdom,False,Extra-EU,271121,Pipeline natural gas,Oil & gas,EU Methane Regulation,6878963.927,1447844993.0,1620862470.0,1.1195,235.63
2019,GB,United Kingdom,False,Extra-EU,290339,"Fluorinated hydrocarbons (pre-2022 code, incl. HFCs)",F-gases (HFCs),F-gas Regulation,4680.165,40556916.0,45403467.0,1.1195,9701.25
2019,GB,United Kingdom,False,Extra-EU,390461,PTFE,Fluoropolymers,PFAS restriction (proposed),1593.253,23724004.0,26559022.0,1.1195,16669.68
2019,GB,United Kingdom,False,Extra-EU,390469,Other fluoropolymers,Fluoropolymers,PFAS restriction (proposed),1010.557,19660839.0,22010309.0,1.1195,21780.37
2019,GE,Georgia,False,Extra-EU,270900,Crude oil,Oil & gas,EU Methane Regulation,88777.131,39966269.0,44742238.0,1.1195,503.98
2019,GH,Ghana,False,Extra-EU,270900,Crude oil,Oil & gas,EU Methane Regulation,1667967.013,718475631.0,804333469.0,1.1195,482.22
2019,GQ,Equatorial Guinea,False,Extra-EU,270900,Crude oil,Oil & gas,EU Methane Regulation,1666333.154,699805273.0,783432003.0,1.1195,470.15
2019,GQ,Equatorial Guinea,False,Extra-EU,271111,LNG,Oil & gas,EU Methane Regulation,243747.682,64856611.0,72606976.0,1.1195,297.88
2019,GR,Greece,True,Intra-EU,270900,Crude oil,Oil & gas,EU Methane Regulation,130015.005,57386799.0,64244521.0,1.1195,494.13
2019,GR,Greece,True,Intra-EU,271111,LNG,Oil & gas,EU Methane Regulation,460.08,4154.0,4650.0,1.1195,10.11
2019,GR,Greece,True,Intra-EU,271121,Pipeline natural gas,Oil & gas,EU Methane Regulation,278726.805,80400422.0,90008272.0,1.1195,322.93
2019,GR,Greece,True,Intra-EU,290339,"Fluorinated hydrocarbons (pre-2022 code, incl. HFCs)",F-gases (HFCs),F-gas Regulation,75.021,227055.0,254188.0,1.1195,3388.22
2019,GR,Greece,True,Intra-EU,390461,PTFE,Fluoropolymers,PFAS restriction (proposed),0.279,4870.0,5452.0,1.1195,19541.22
2019,GR,Greece,True,Intra-EU,390469,Other fluoropolymers,Fluoropolymers,PFAS restriction (proposed),22.02,19318.0,21627.0,1.1195,982.15
2019,HK,Hong Kong,False,Extra-EU,290339,"Fluorinated hydrocarbons (pre-2022 code, incl. HFCs)",F-gases (HFCs),F-gas Regulation,23.709,173617.0,194364.0,1.1195,8197.9
2019,HK,Hong Kong,False,Extra-EU,390461,PTFE,Fluoropolymers,PFAS restriction (proposed),0.018,719.0,805.0,1.1195,44722.22
2019,HK,Hong Kong,False,Extra-EU,390469,Other fluoropolymers,Fluoropolymers,PFAS restriction (proposed),0.085,2831.0,3169.0,1.1195,37282.35
2019,HR,Croatia,True,Intra-EU,270900,Crude oil,Oil & gas,EU Methane Regulation,122672.576,53674174.0,60088238.0,1.1195,489.83
2019,HR,Croatia,True,Intra-EU,271111,LNG,Oil & gas,EU Methane Regulation,498.42,169421.0,189667.0,1.1195,380.54
2019,HR,Croatia,True,Intra-EU,271121,Pipeline natural gas,Oil & gas,EU Methane Regulation,263157.97,64134497.0,71798569.0,1.1195,272.83
2019,HR,Croatia,True,Intra-EU,290339,"Fluorinated hydrocarbons (pre-2022 code, incl. HFCs)",F-gases (HFCs),F-gas Regulation,7.469,147564.0,165198.0,1.1195,22117.82
2019,HR,Croatia,True,Intra-EU,390461,PTFE,Fluoropolymers,PFAS restriction (proposed),2.364,19659.0,22008.0,1.1195,9309.64
2019,HR,Croatia,True,Intra-EU,390469,Other fluoropolymers,Fluoropolymers,PFAS restriction (proposed),1.237,27649.0,30953.0,1.1195,25022.64
2019,HU,Hungary,True,Intra-EU,270900,Crude oil,Oil & gas,EU Methane Regulation,125038.106,54042418.0,60500487.0,1.1195,483.86
2019,HU,Hungary,True,Intra-EU,271111,LNG,Oil & gas,EU Methane Regulation,690.12,24397.0,27312.0,1.1195,39.58
2019,HU,Hungary,True,Intra-EU,271121,Pipeline natural gas,Oil & gas,EU Methane Regulation,1952800.707,527629624.0,590681364.0,1.1195,302.48
2019,HU,Hungary,True,Intra-EU,290339,"Fluorinated hydrocarbons (pre-2022 code, incl. HFCs)",F-gases (HFCs),F-gas Regulation,107.719,2395698.0,2681984.0,1.1195,24897.97
2019,HU,Hungary,True,Intra-EU,390461,PTFE,Fluoropolymers,PFAS restriction (proposed),18.493,145545.0,162938.0,1.1195,8810.79
2019,HU,Hungary,True,Intra-EU,390469,Other fluoropolymers,Fluoropolymers,PFAS restriction (proposed),8.149,170290.0,190640.0,1.1195,23394.28
2019,ID,Indonesia,False,Extra-EU,270900,Crude oil,Oil & gas,EU Methane Regulation,0.044,646.0,723.0,1.1195,16431.82
2019,IE,Ireland,True,Intra-EU,270900,Crude oil,Oil & gas,EU Methane Regulation,683.319,132772.0,148638.0,1.1195,217.52
2019,IE,Ireland,True,Intra-EU,271111,LNG,Oil & gas,EU Methane Regulation,3.083,19667933.0,22018251.0,1.1195,7141826.47
2019,IE,Ireland,True,Intra-EU,290339,"Fluorinated hydrocarbons (pre-2022 code, incl. HFCs)",F-gases (HFCs),F-gas Regulation,23.49,310729.0,347861.0,1.1195,14808.9
2019,IE,Ireland,True,Intra-EU,390461,PTFE,Fluoropolymers,PFAS restriction (proposed),3.498,62173.0,69603.0,1.1195,19897.94
2019,IE,Ireland,True,Intra-EU,390469,Other fluoropolymers,Fluoropolymers,PFAS restriction (proposed),64.026,557405.0,624015.0,1.1195,9746.27
2019,IL,Israel,False,Extra-EU,270900,Crude oil,Oil & gas,EU Methane Regulation,0.009,49.0,55.0,1.1195,6111.11
2019,IL,Israel,False,Extra-EU,290339,"Fluorinated hydrocarbons (pre-2022 code, incl. HFCs)",F-gases (HFCs),F-gas Regulation,2042.504,9861178.0,11039589.0,1.1195,5404.93
2019,IL,Israel,False,Extra-EU,390461,PTFE,Fluoropolymers,PFAS restriction (proposed),0.006,135.0,151.0,1.1195,25166.67
2019,IL,Israel,False,Extra-EU,390469,Other fluoropolymers,Fluoropolymers,PFAS restriction (proposed),3.088,65092.0,72870.0,1.1195,23597.8
2019,IN,India,False,Extra-EU,270900,Crude oil,Oil & gas,EU Methane Regulation,1.16,1198.0,1341.0,1.1195,1156.03
2019,IN,India,False,Extra-EU,290339,"Fluorinated hydrocarbons (pre-2022 code, incl. HFCs)",F-gases (HFCs),F-gas Regulation,214.776,6931661.0,7759994.0,1.1195,36130.64
2019,IN,India,False,Extra-EU,390461,PTFE,Fluoropolymers,PFAS restriction (proposed),5816.495,50364717.0,56383301.0,1.1195,9693.69
2019,IN,India,False,Extra-EU,390469,Other fluoropolymers,Fluoropolymers,PFAS restriction (proposed),286.913,3534723.0,3957122.0,1.1195,13792.06
2019,IQ,Iraq,False,Extra-EU,270900,Crude oil,Oil & gas,EU Methane Regulation,44368282.423,17202958140.0,19258711638.0,1.1195,434.06
2019,IQ,Iraq,False,Extra-EU,290339,"Fluorinated hydrocarbons (pre-2022 code, incl. HFCs)",F-gases (HFCs),F-gas Regulation,0.01,1290.0,1444.0,1.1195,144400.0
2019,IR,Iran,False,Extra-EU,270900,Crude oil,Oil & gas,EU Methane Regulation,22671.0,9874871.0,11054918.0,1.1195,487.62
2019,IS,Iceland,False,Extra-EU,270900,Crude oil,Oil & gas,EU Methane Regulation,0.4,184.0,206.0,1.1195,515.0
2019,IT,Italy,True,Intra-EU,270900,Crude oil,Oil & gas,EU Methane Regulation,301684.581,117160260.0,131160911.0,1.1195,434.76
2019,IT,Italy,True,Intra-EU,271111,LNG,Oil & gas,EU Methane Regulation,0.005,14828.0,16600.0,1.1195,3320000.0
2019,IT,Italy,True,Intra-EU,271121,Pipeline natural gas,Oil & gas,EU Methane Regulation,65647.159,20832773.0,23322289.0,1.1195,355.27
2019,IT,Italy,True,Intra-EU,290339,"Fluorinated hydrocarbons (pre-2022 code, incl. HFCs)",F-gases (HFCs),F-gas Regulation,1672.466,19071135.0,21350136.0,1.1195,12765.66
2019,IT,Italy,True,Intra-EU,390461,PTFE,Fluoropolymers,PFAS restriction (proposed),3838.935,54937116.0,61502101.0,1.1195,16020.62
2019,IT,Italy,True,Intra-EU,390469,Other fluoropolymers,Fluoropolymers,PFAS restriction (proposed),2980.96,70641832.0,79083531.0,1.1195,26529.55
2019,JM,Jamaica,False,Extra-EU,270900,Crude oil,Oil & gas,EU Methane Regulation,0.026,128.0,143.0,1.1195,5500.0
2019,JP,Japan,False,Extra-EU,270900,Crude oil,Oil & gas,EU Methane Regulation,0.032,1069.0,1197.0,1.1195,37406.25
2019,JP,Japan,False,Extra-EU,290339,"Fluorinated hydrocarbons (pre-2022 code, incl. HFCs)",F-gases (HFCs),F-gas Regulation,8534.391,57941392.0,64865388.0,1.1195,7600.47
2019,JP,Japan,False,Extra-EU,390461,PTFE,Fluoropolymers,PFAS restriction (proposed),821.008,9432837.0,10560061.0,1.1195,12862.31
2019,JP,Japan,False,Extra-EU,390469,Other fluoropolymers,Fluoropolymers,PFAS restriction (proposed),4075.439,79630865.0,89146753.0,1.1195,21874.15
2019,KR,South Korea,False,Extra-EU,270900,Crude oil,Oil & gas,EU Methane Regulation,0.019,101.0,113.0,1.1195,5947.37
2019,KR,South Korea,False,Extra-EU,271121,Pipeline natural gas,Oil & gas,EU Methane Regulation,0.0,2.0,2.0,1.1195,
2019,KR,South Korea,False,Extra-EU,290339,"Fluorinated hydrocarbons (pre-2022 code, incl. HFCs)",F-gases (HFCs),F-gas Regulation,8.936,338452.0,378897.0,1.1195,42401.19
2019,KR,South Korea,False,Extra-EU,390461,PTFE,Fluoropolymers,PFAS restriction (proposed),291.965,3018065.0,3378724.0,1.1195,11572.36
2019,KR,South Korea,False,Extra-EU,390469,Other fluoropolymers,Fluoropolymers,PFAS restriction (proposed),91.52,937965.0,1050052.0,1.1195,11473.47
2019,KW,Kuwait,False,Extra-EU,270900,Crude oil,Oil & gas,EU Methane Regulation,4742554.614,1886380364.0,2111802817.0,1.1195,445.29
2019,KZ,Kazakhstan,False,Extra-EU,270900,Crude oil,Oil & gas,EU Methane Regulation,38252788.556,16753662885.0,18755725600.0,1.1195,490.31
2019,LB,Lebanon,False,Extra-EU,390461,PTFE,Fluoropolymers,PFAS restriction (proposed),44.545,88951.0,99581.0,1.1195,2235.51
2019,LC,Saint Lucia,False,Extra-EU,290339,"Fluorinated hydrocarbons (pre-2022 code, incl. HFCs)",F-gases (HFCs),F-gas Regulation,0.045,1065.0,1192.0,1.1195,26488.89
2019,LI,Liechtenstein,False,Extra-EU,271121,Pipeline natural gas,Oil & gas,EU Methane Regulation,0.08,3734.0,4180.0,1.1195,52250.0
2019,LR,Liberia,False,Extra-EU,270900,Crude oil,Oil & gas,EU Methane Regulation,77400.965,38701043.0,43325818.0,1.1195,559.76
2019,LT,Lithuania,True,Intra-EU,270900,Crude oil,Oil & gas,EU Methane Regulation,1430.983,403221.0,451406.0,1.1195,315.45
2019,LT,Lithuania,True,Intra-EU,271111,LNG,Oil & gas,EU Methane Regulation,66658.865,16914052.0,18935281.0,1.1195,284.06
2019,LT,Lithuania,True,Intra-EU,271121,Pipeline natural gas,Oil & gas,EU Methane Regulation,179239.347,42487749.0,47565035.0,1.1195,265.37
2019,LT,Lithuania,True,Intra-EU,290339,"Fluorinated hydrocarbons (pre-2022 code, incl. HFCs)",F-gases (HFCs),F-gas Regulation,47.62,553121.0,619219.0,1.1195,13003.34
2019,LT,Lithuania,True,Intra-EU,390461,PTFE,Fluoropolymers,PFAS restriction (proposed),1.925,31113.0,34831.0,1.1195,18094.03
2019,LT,Lithuania,True,Intra-EU,390469,Other fluoropolymers,Fluoropolymers,PFAS restriction (proposed),19.511,200602.0,224574.0,1.1195,11510.12
2019,LU,Luxembourg,True,Intra-EU,270900,Crude oil,Oil & gas,EU Methane Regulation,0.059,577.0,646.0,1.1195,10949.15
2019,LU,Luxembourg,True,Intra-EU,271111,LNG,Oil & gas,EU Methane Regulation,95.85,1788854.0,2002622.0,1.1195,20893.29
2019,LU,Luxembourg,True,Intra-EU,271121,Pipeline natural gas,Oil & gas,EU Methane Regulation,588745.556,151818053.0,169960310.0,1.1195,288.68
2019,LU,Luxembourg,True,Intra-EU,290339,"Fluorinated hydrocarbons (pre-2022 code, incl. HFCs)",F-gases (HFCs),F-gas Regulation,13.977,374674.0,419448.0,1.1195,30009.87
2019,LU,Luxembourg,True,Intra-EU,390461,PTFE,Fluoropolymers,PFAS restriction (proposed),0.164,75353.0,84358.0,1.1195,514378.05
2019,LU,Luxembourg,True,Intra-EU,390469,Other fluoropolymers,Fluoropolymers,PFAS restriction (proposed),162.55,2828580.0,3166595.0,1.1195,19480.74
2019,LV,Latvia,True,Intra-EU,270900,Crude oil,Oil & gas,EU Methane Regulation,44345.992,19189479.0,21482622.0,1.1195,484.43
2019,LV,Latvia,True,Intra-EU,271111,LNG,Oil & gas,EU Methane Regulation,6682.774,2136856.0,2392210.0,1.1195,357.97
2019,LV,Latvia,True,Intra-EU,271121,Pipeline natural gas,Oil & gas,EU Methane Regulation,159553.809,48133927.0,53885931.0,1.1195,337.73
2019,LV,Latvia,True,Intra-EU,290339,"Fluorinated hydrocarbons (pre-2022 code, incl. HFCs)",F-gases (HFCs),F-gas Regulation,74.402,354253.0,396586.0,1.1195,5330.31
2019,LV,Latvia,True,Intra-EU,390461,PTFE,Fluoropolymers,PFAS restriction (proposed),1.068,14877.0,16655.0,1.1195,15594.57
2019,LV,Latvia,True,Intra-EU,390469,Other fluoropolymers,Fluoropolymers,PFAS restriction (proposed),0.081,13684.0,15319.0,1.1195,189123.46
2019,LY,Libya,False,Extra-EU,270900,Crude oil,Oil & gas,EU Methane Regulation,32672358.35,14394700414.0,16114867113.0,1.1195,493.23
2019,LY,Libya,False,Extra-EU,271121,Pipeline natural gas,Oil & gas,EU Methane Regulation,4127243.46,1072353948.0,1200500245.0,1.1195,290.87
2019,MA,Morocco,False,Extra-EU,390469,Other fluoropolymers,Fluoropolymers,PFAS restriction (proposed),0.001,37.0,41.0,1.1195,41000.0
2019,MD,Moldova,False,Extra-EU,270900,Crude oil,Oil & gas,EU Methane Regulation,628.525,190690.0,213477.0,1.1195,339.65
2019,MD,Moldova,False,Extra-EU,290339,"Fluorinated hydrocarbons (pre-2022 code, incl. HFCs)",F-gases (HFCs),F-gas Regulation,9.283,143894.0,161089.0,1.1195,17353.12
2019,MN,Mongolia,False,Extra-EU,270900,Crude oil,Oil & gas,EU Methane Regulation,0.038,0.0,0.0,1.1195,0.0
2019,MT,Malta,True,Intra-EU,270900,Crude oil,Oil & gas,EU Methane Regulation,53187.392,21323233.0,23871359.0,1.1195,448.82
2019,MT,Malta,True,Intra-EU,290339,"Fluorinated hydrocarbons (pre-2022 code, incl. HFCs)",F-gases (HFCs),F-gas Regulation,0.118,1485.0,1662.0,1.1195,14084.75
2019,MT,Malta,True,Intra-EU,390461,PTFE,Fluoropolymers,PFAS restriction (proposed),0.039,1127.0,1262.0,1.1195,32358.97
2019,MT,Malta,True,Intra-EU,390469,Other fluoropolymers,Fluoropolymers,PFAS restriction (proposed),13.545,452874.0,506992.0,1.1195,37430.2
2019,MX,Mexico,False,Extra-EU,270900,Crude oil,Oil & gas,EU Methane Regulation,9575079.537,3201087698.0,3583617678.0,1.1195,374.27
2019,MX,Mexico,False,Extra-EU,390461,PTFE,Fluoropolymers,PFAS restriction (proposed),0.628,6360.0,7120.0,1.1195,11337.58
2019,MX,Mexico,False,Extra-EU,390469,Other fluoropolymers,Fluoropolymers,PFAS restriction (proposed),1.269,55035.0,61612.0,1.1195,48551.62
2019,MY,Malaysia,False,Extra-EU,270900,Crude oil,Oil & gas,EU Methane Regulation,0.23,97.0,109.0,1.1195,473.91
2019,MY,Malaysia,False,Extra-EU,290339,"Fluorinated hydrocarbons (pre-2022 code, incl. HFCs)",F-gases (HFCs),F-gas Regulation,0.748,4579.0,5126.0,1.1195,6852.94
2019,MY,Malaysia,False,Extra-EU,390461,PTFE,Fluoropolymers,PFAS restriction (proposed),0.002,65.0,73.0,1.1195,36500.0
2019,MY,Malaysia,False,Extra-EU,390469,Other fluoropolymers,Fluoropolymers,PFAS restriction (proposed),0.001,272.0,305.0,1.1195,305000.0
2019,NG,Nigeria,False,Extra-EU,270900,Crude oil,Oil & gas,EU Methane Regulation,42678424.953,18826514583.0,21076283076.0,1.1195,493.84
2019,NG,Nigeria,False,Extra-EU,271111,LNG,Oil & gas,EU Methane Regulation,6911698.308,2864983556.0,3207349091.0,1.1195,464.05
2019,NG,Nigeria,False,Extra-EU,290339,"Fluorinated hydrocarbons (pre-2022 code, incl. HFCs)",F-gases (HFCs),F-gas Regulation,0.262,950.0,1064.0,1.1195,4061.07
2019,NL,Netherlands,True,Intra-EU,270900,Crude oil,Oil & gas,EU Methane Regulation,43906717.721,18512619147.0,20724877135.0,1.1195,472.02
2019,NL,Netherlands,True,Intra-EU,271111,LNG,Oil & gas,EU Methane Regulation,119712.971,36590911.0,40963525.0,1.1195,342.18
2019,NL,Netherlands,True,Intra-EU,271121,Pipeline natural gas,Oil & gas,EU Methane Regulation,11505499.32,2894438226.0,3240323594.0,1.1195,281.63
2019,NL,Netherlands,True,Intra-EU,290339,"Fluorinated hydrocarbons (pre-2022 code, incl. HFCs)",F-gases (HFCs),F-gas Regulation,21266.89,317655325.0,355615136.0,1.1195,16721.54
2019,NL,Netherlands,True,Intra-EU,390461,PTFE,Fluoropolymers,PFAS restriction (proposed),3903.902,49091445.0,54957873.0,1.1195,14077.68
2019,NL,Netherlands,True,Intra-EU,390469,Other fluoropolymers,Fluoropolymers,PFAS restriction (proposed),6724.604,134140469.0,150170255.0,1.1195,22331.46
2019,NO,Norway,False,Extra-EU,270900,Crude oil,Oil & gas,EU Methane Regulation,55804562.38,24427232930.0,27346287265.0,1.1195,490.04
2019,NO,Norway,False,Extra-EU,271111,LNG,Oil & gas,EU Methane Regulation,7316828.81,2340334120.0,2620004047.0,1.1195,358.08
2019,NO,Norway,False,Extra-EU,271121,Pipeline natural gas,Oil & gas,EU Methane Regulation,32952192.56,7063123331.0,7907166569.0,1.1195,239.96
2019,NO,Norway,False,Extra-EU,290339,"Fluorinated hydrocarbons (pre-2022 code, incl. HFCs)",F-gases (HFCs),F-gas Regulation,6.101,251296.0,281326.0,1.1195,46111.46
2019,NO,Norway,False,Extra-EU,390461,PTFE,Fluoropolymers,PFAS restriction (proposed),0.276,6201.0,6942.0,1.1195,25152.17
2019,NO,Norway,False,Extra-EU,390469,Other fluoropolymers,Fluoropolymers,PFAS restriction (proposed),0.35,8511.0,9528.0,1.1195,27222.86
2019,OM,Oman,False,Extra-EU,270900,Crude oil,Oil & gas,EU Methane Regulation,0.112,1652.0,1849.0,1.1195,16508.93
2019,PA,Panama,False,Extra-EU,270900,Crude oil,Oil & gas,EU Methane Regulation,99699.724,39450700.0,44165059.0,1.1195,442.98
2019,PA,Panama,False,Extra-EU,290339,"Fluorinated hydrocarbons (pre-2022 code, incl. HFCs)",F-gases (HFCs),F-gas Regulation,0.35,150.0,168.0,1.1195,480.0
2019,PE,Peru,False,Extra-EU,270900,Crude oil,Oil & gas,EU Methane Regulation,1.844,1464.0,1639.0,1.1195,888.83
2019,PE,Peru,False,Extra-EU,271111,LNG,Oil & gas,EU Methane Regulation,536482.467,266422453.0,298259936.0,1.1195,555.95
2019,PG,Papua New Guinea,False,Extra-EU,270900,Crude oil,Oil & gas,EU Methane Regulation,0.003,1.0,1.0,1.1195,333.33
2019,PL,Poland,True,Intra-EU,270900,Crude oil,Oil & gas,EU Methane Regulation,201363.179,81817187.0,91594341.0,1.1195,454.87
2019,PL,Poland,True,Intra-EU,271111,LNG,Oil & gas,EU Methane Regulation,4049.162,512445.0,573682.0,1.1195,141.68
2019,PL,Poland,True,Intra-EU,290339,"Fluorinated hydrocarbons (pre-2022 code, incl. HFCs)",F-gases (HFCs),F-gas Regulation,480.274,6887912.0,7711017.0,1.1195,16055.45
2019,PL,Poland,True,Intra-EU,390461,PTFE,Fluoropolymers,PFAS restriction (proposed),53.461,996574.0,1115665.0,1.1195,20868.76
2019,PL,Poland,True,Intra-EU,390469,Other fluoropolymers,Fluoropolymers,PFAS restriction (proposed),1843.861,6548460.0,7331001.0,1.1195,3975.9
2019,PT,Portugal,True,Intra-EU,270900,Crude oil,Oil & gas,EU Methane Regulation,56915.471,17968379.0,20115600.0,1.1195,353.43
2019,PT,Portugal,True,Intra-EU,271111,LNG,Oil & gas,EU Methane Regulation,715.171,749757.0,839353.0,1.1195,1173.64
2019,PT,Portugal,True,Intra-EU,290339,"Fluorinated hydrocarbons (pre-2022 code, incl. HFCs)",F-gases (HFCs),F-gas Regulation,45.888,1295580.0,1450402.0,1.1195,31607.44
2019,PT,Portugal,True,Intra-EU,390461,PTFE,Fluoropolymers,PFAS restriction (proposed),19.951,119299.0,133555.0,1.1195,6694.15
2019,PT,Portugal,True,Intra-EU,390469,Other fluoropolymers,Fluoropolymers,PFAS restriction (proposed),119.015,467646.0,523530.0,1.1195,4398.86
2019,QA,Qatar,False,Extra-EU,270900,Crude oil,Oil & gas,EU Methane Regulation,14.324,7832.0,8768.0,1.1195,612.12
2019,QA,Qatar,False,Extra-EU,271111,LNG,Oil & gas,EU Methane Regulation,18216315.469,4348813459.0,4868496667.0,1.1195,267.26
2019,QP,High seas,False,Extra-EU,270900,Crude oil,Oil & gas,EU Methane Regulation,353131.306,148328714.0,166053995.0,1.1195,470.23
2019,QV,Countries not specified (intra-EU),False,Extra-EU,270900,Crude oil,Oil & gas,EU Methane Regulation,37243.586,15817079.0,17707220.0,1.1195,475.44
2019,QV,Countries not specified (intra-EU),False,Extra-EU,271121,Pipeline natural gas,Oil & gas,EU Methane Regulation,5392100.714,1362509703.0,1525329613.0,1.1195,282.88
2019,QV,Countries not specified (intra-EU),False,Extra-EU,290339,"Fluorinated hydrocarbons (pre-2022 code, incl. HFCs)",F-gases (HFCs),F-gas Regulation,7.214,68090.0,76227.0,1.1195,10566.54
2019,QV,Countries not specified (intra-EU),False,Extra-EU,390461,PTFE,Fluoropolymers,PFAS restriction (proposed),0.066,893.0,1000.0,1.1195,15151.52
2019,QV,Countries not specified (intra-EU),False,Extra-EU,390469,Other fluoropolymers,Fluoropolymers,PFAS restriction (proposed),0.009,2205.0,2468.0,1.1195,274222.22
2019,QW,Countries not specified (extra-EU),False,Extra-EU,270900,Crude oil,Oil & gas,EU Methane Regulation,1711023.341,697864266.0,781259046.0,1.1195,456.6
2019,QW,Countries not specified (extra-EU),False,Extra-EU,271111,LNG,Oil & gas,EU Methane Regulation,103509.17,18559906.0,20777815.0,1.1195,200.73
2019,QW,Countries not specified (extra-EU),False,Extra-EU,290339,"Fluorinated hydrocarbons (pre-2022 code, incl. HFCs)",F-gases (HFCs),F-gas Regulation,0.001,477.0,534.0,1.1195,534000.0
2019,QW,Countries not specified (extra-EU),False,Extra-EU,390469,Other fluoropolymers,Fluoropolymers,PFAS restriction (proposed),0.078,2805.0,3140.0,1.1195,40256.41
2019,RO,Romania,True,Intra-EU,270900,Crude oil,Oil & gas,EU Methane Regulation,40345.574,15765940.0,17649970.0,1.1195,437.47
2019,RO,Romania,True,Intra-EU,271111,LNG,Oil & gas,EU Methane Regulation,1560.208,141173.0,158043.0,1.1195,101.3
2019,RO,Romania,True,Intra-EU,271121,Pipeline natural gas,Oil & gas,EU Methane Regulation,76020.404,15292896.0,17120397.0,1.1195,225.21
2019,RO,Romania,True,Intra-EU,290339,"Fluorinated hydrocarbons (pre-2022 code, incl. HFCs)",F-gases (HFCs),F-gas Regulation,27.629,268231.0,300285.0,1.1195,10868.47
2019,RO,Romania,True,Intra-EU,390461,PTFE,Fluoropolymers,PFAS restriction (proposed),206.783,2072978.0,2320699.0,1.1195,11222.87
2019,RO,Romania,True,Intra-EU,390469,Other fluoropolymers,Fluoropolymers,PFAS restriction (proposed),8.778,198431.0,222144.0,1.1195,25306.9
2019,RU,Russian Federation,False,Extra-EU,270900,Crude oil,Oil & gas,EU Methane Regulation,142149161.865,58435842633.0,65418925828.0,1.1195,460.21
2019,RU,Russian Federation,False,Extra-EU,271111,LNG,Oil & gas,EU Methane Regulation,5065711.102,2288581789.0,2562067313.0,1.1195,505.77
2019,RU,Russian Federation,False,Extra-EU,271121,Pipeline natural gas,Oil & gas,EU Methane Regulation,39820137.374,10590900252.0,11856512832.0,1.1195,297.75
2019,RU,Russian Federation,False,Extra-EU,290339,"Fluorinated hydrocarbons (pre-2022 code, incl. HFCs)",F-gases (HFCs),F-gas Regulation,20.646,895861.0,1002916.0,1.1195,48576.77
2019,RU,Russian Federation,False,Extra-EU,390461,PTFE,Fluoropolymers,PFAS restriction (proposed),2904.967,17627938.0,19734477.0,1.1195,6793.36
2019,RU,Russian Federation,False,Extra-EU,390469,Other fluoropolymers,Fluoropolymers,PFAS restriction (proposed),21.402,381062.0,426599.0,1.1195,19932.67
2019,SA,Saudi Arabia,False,Extra-EU,270900,Crude oil,Oil & gas,EU Methane Regulation,34980204.988,14579819439.0,16322107862.0,1.1195,466.61
2019,SA,Saudi Arabia,False,Extra-EU,290339,"Fluorinated hydrocarbons (pre-2022 code, incl. HFCs)",F-gases (HFCs),F-gas Regulation,20.0,166322.0,186197.0,1.1195,9309.85
2019,SB,Solomon Islands,False,Extra-EU,390469,Other fluoropolymers,Fluoropolymers,PFAS restriction (proposed),11.586,204059.0,228444.0,1.1195,19717.24
2019,SD,Sudan,False,Extra-EU,270900,Crude oil,Oil & gas,EU Methane Regulation,346041.675,147750830.0,165407054.0,1.1195,478.0
2019,SE,Sweden,True,Intra-EU,270900,Crude oil,Oil & gas,EU Methane Regulation,44910.386,15343494.0,17177042.0,1.1195,382.47
2019,SE,Sweden,True,Intra-EU,271111,LNG,Oil & gas,EU Methane Regulation,8722.358,2169701.0,2428980.0,1.1195,278.48
2019,SE,Sweden,True,Intra-EU,290339,"Fluorinated hydrocarbons (pre-2022 code, incl. HFCs)",F-gases (HFCs),F-gas Regulation,124.726,1269744.0,1421478.0,1.1195,11396.81
2019,SE,Sweden,True,Intra-EU,390461,PTFE,Fluoropolymers,PFAS restriction (proposed),6.773,141852.0,158803.0,1.1195,23446.48
2019,SE,Sweden,True,Intra-EU,390469,Other fluoropolymers,Fluoropolymers,PFAS restriction (proposed),131.551,1312744.0,1469617.0,1.1195,11171.46
2019,SG,Singapore,False,Extra-EU,270900,Crude oil,Oil & gas,EU Methane Regulation,27340.436,10287918.0,11517324.0,1.1195,421.26
2019,SG,Singapore,False,Extra-EU,271111,LNG,Oil & gas,EU Methane Regulation,7480.9,3115270.0,3487545.0,1.1195,466.19
2019,SG,Singapore,False,Extra-EU,290339,"Fluorinated hydrocarbons (pre-2022 code, incl. HFCs)",F-gases (HFCs),F-gas Regulation,65.133,283289.0,317142.0,1.1195,4869.14
2019,SG,Singapore,False,Extra-EU,390461,PTFE,Fluoropolymers,PFAS restriction (proposed),1.812,22045.0,24679.0,1.1195,13619.76
2019,SG,Singapore,False,Extra-EU,390469,Other fluoropolymers,Fluoropolymers,PFAS restriction (proposed),11.676,130210.0,145770.0,1.1195,12484.58
2019,SI,Slovenia,True,Intra-EU,270900,Crude oil,Oil & gas,EU Methane Regulation,513.514,232788.0,260606.0,1.1195,507.5
2019,SI,Slovenia,True,Intra-EU,271111,LNG,Oil & gas,EU Methane Regulation,213.37,12346.0,13821.0,1.1195,64.77
2019,SI,Slovenia,True,Intra-EU,271121,Pipeline natural gas,Oil & gas,EU Methane Regulation,296206.024,70416556.0,78831334.0,1.1195,266.14
2019,SI,Slovenia,True,Intra-EU,290339,"Fluorinated hydrocarbons (pre-2022 code, incl. HFCs)",F-gases (HFCs),F-gas Regulation,12.529,368708.0,412769.0,1.1195,32945.09
2019,SI,Slovenia,True,Intra-EU,390461,PTFE,Fluoropolymers,PFAS restriction (proposed),18.453,241786.0,270679.0,1.1195,14668.56
2019,SI,Slovenia,True,Intra-EU,390469,Other fluoropolymers,Fluoropolymers,PFAS restriction (proposed),45.713,389609.0,436167.0,1.1195,9541.42
2019,SK,Slovakia,True,Intra-EU,270900,Crude oil,Oil & gas,EU Methane Regulation,4194.458,1769401.0,1980844.0,1.1195,472.25
2019,SK,Slovakia,True,Intra-EU,271111,LNG,Oil & gas,EU Methane Regulation,690.12,92639.0,103709.0,1.1195,150.28
2019,SK,Slovakia,True,Intra-EU,271121,Pipeline natural gas,Oil & gas,EU Methane Regulation,87842.908,27809850.0,31133127.0,1.1195,354.42
2019,SK,Slovakia,True,Intra-EU,290339,"Fluorinated hydrocarbons (pre-2022 code, incl. HFCs)",F-gases (HFCs),F-gas Regulation,79.773,1272623.0,1424701.0,1.1195,17859.44
2019,SK,Slovakia,True,Intra-EU,390461,PTFE,Fluoropolymers,PFAS restriction (proposed),5.621,51300.0,57430.0,1.1195,10217.04
2019,SK,Slovakia,True,Intra-EU,390469,Other fluoropolymers,Fluoropolymers,PFAS restriction (proposed),2.673,65317.0,73122.0,1.1195,27355.78
2019,SN,Senegal,False,Extra-EU,270900,Crude oil,Oil & gas,EU Methane Regulation,0.119,568.0,636.0,1.1195,5344.54
2019,SX,Sint Maarten (Dutch part),False,Extra-EU,290339,"Fluorinated hydrocarbons (pre-2022 code, incl. HFCs)",F-gases (HFCs),F-gas Regulation,0.08,460.0,515.0,1.1195,6437.5
2019,TD,Chad,False,Extra-EU,270900,Crude oil,Oil & gas,EU Methane Regulation,301530.919,125097928.0,140047130.0,1.1195,464.45
2019,TH,Thailand,False,Extra-EU,270900,Crude oil,Oil & gas,EU Methane Regulation,0.122,232.0,260.0,1.1195,2131.15
2019,TH,Thailand,False,Extra-EU,290339,"Fluorinated hydrocarbons (pre-2022 code, incl. HFCs)",F-gases (HFCs),F-gas Regulation,7.92,40127.0,44922.0,1.1195,5671.97
2019,TH,Thailand,False,Extra-EU,390461,PTFE,Fluoropolymers,PFAS restriction (proposed),1.001,1266.0,1417.0,1.1195,1415.58
2019,TH,Thailand,False,Extra-EU,390469,Other fluoropolymers,Fluoropolymers,PFAS restriction (proposed),64.0,744211.0,833144.0,1.1195,13017.88
2019,TM,Turkmenistan,False,Extra-EU,270900,Crude oil,Oil & gas,EU Methane Regulation,569190.521,248448302.0,278137874.0,1.1195,488.66
2019,TN,Tunisia,False,Extra-EU,270900,Crude oil,Oil & gas,EU Methane Regulation,1389031.487,633042992.0,708691630.0,1.1195,510.21
2019,TN,Tunisia,False,Extra-EU,290339,"Fluorinated hydrocarbons (pre-2022 code, incl. HFCs)",F-gases (HFCs),F-gas Regulation,54.15,497499.0,556950.0,1.1195,10285.32
2019,TR,Türkiye,False,Extra-EU,270900,Crude oil,Oil & gas,EU Methane Regulation,1029984.869,452237554.0,506279942.0,1.1195,491.54
2019,TR,Türkiye,False,Extra-EU,271111,LNG,Oil & gas,EU Methane Regulation,6432.813,3175229.0,3554669.0,1.1195,552.58
2019,TR,Türkiye,False,Extra-EU,271121,Pipeline natural gas,Oil & gas,EU Methane Regulation,536633.345,197989870.0,221649659.0,1.1195,413.04
2019,TR,Türkiye,False,Extra-EU,290339,"Fluorinated hydrocarbons (pre-2022 code, incl. HFCs)",F-gases (HFCs),F-gas Regulation,344.367,2534800.0,2837709.0,1.1195,8240.36
2019,TR,Türkiye,False,Extra-EU,390461,PTFE,Fluoropolymers,PFAS restriction (proposed),5.685,58314.0,65283.0,1.1195,11483.38
2019,TR,Türkiye,False,Extra-EU,390469,Other fluoropolymers,Fluoropolymers,PFAS restriction (proposed),1.192,24627.0,27570.0,1.1195,23129.19
2019,TT,Trinidad and Tobago,False,Extra-EU,270900,Crude oil,Oil & gas,EU Methane Regulation,158598.352,65312189.0,73116996.0,1.1195,461.02
2019,TT,Trinidad and Tobago,False,Extra-EU,271111,LNG,Oil & gas,EU Methane Regulation,4109178.056,1116317492.0,1249717432.0,1.1195,304.13
2019,TW,Taiwan,False,Extra-EU,270900,Crude oil,Oil & gas,EU Methane Regulation,0.001,64.0,72.0,1.1195,72000.0
2019,TW,Taiwan,False,Extra-EU,290339,"Fluorinated hydrocarbons (pre-2022 code, incl. HFCs)",F-gases (HFCs),F-gas Regulation,0.059,4793.0,5366.0,1.1195,90949.15
2019,TW,Taiwan,False,Extra-EU,390461,PTFE,Fluoropolymers,PFAS restriction (proposed),55.766,74092.0,82946.0,1.1195,1487.39
2019,TW,Taiwan,False,Extra-EU,390469,Other fluoropolymers,Fluoropolymers,PFAS restriction (proposed),1.34,37053.0,41481.0,1.1195,30955.97
2019,TZ,Tanzania,False,Extra-EU,270900,Crude oil,Oil & gas,EU Methane Regulation,0.013,5.0,6.0,1.1195,461.54
2019,UA,Ukraine,False,Extra-EU,271111,LNG,Oil & gas,EU Methane Regulation,0.321,97739.0,109419.0,1.1195,340869.16
2019,UA,Ukraine,False,Extra-EU,271121,Pipeline natural gas,Oil & gas,EU Methane Regulation,1017412.144,237613268.0,266008054.0,1.1195,261.46
2019,UA,Ukraine,False,Extra-EU,290339,"Fluorinated hydrocarbons (pre-2022 code, incl. HFCs)",F-gases (HFCs),F-gas Regulation,0.014,9369.0,10489.0,1.1195,749214.29
2019,UA,Ukraine,False,Extra-EU,390461,PTFE,Fluoropolymers,PFAS restriction (proposed),0.007,827.0,926.0,1.1195,132285.71
2019,US,United States,False,Extra-EU,270900,Crude oil,Oil & gas,EU Methane Regulation,39461915.094,17490766228.0,19580912792.0,1.1195,496.2
2019,US,United States,False,Extra-EU,271111,LNG,Oil & gas,EU Methane Regulation,6762103.393,2244243839.0,2512430978.0,1.1195,371.55
2019,US,United States,False,Extra-EU,290339,"Fluorinated hydrocarbons (pre-2022 code, incl. HFCs)",F-gases (HFCs),F-gas Regulation,17613.25,257295170.0,288041943.0,1.1195,16353.71
2019,US,United States,False,Extra-EU,390461,PTFE,Fluoropolymers,PFAS restriction (proposed),2896.895,36790766.0,41187263.0,1.1195,14217.73
2019,US,United States,False,Extra-EU,390469,Other fluoropolymers,Fluoropolymers,PFAS restriction (proposed),5970.853,101936003.0,114117355.0,1.1195,19112.4
2019,UY,Uruguay,False,Extra-EU,290339,"Fluorinated hydrocarbons (pre-2022 code, incl. HFCs)",F-gases (HFCs),F-gas Regulation,49.801,92782.0,103869.0,1.1195,2085.68
2019,VE,Venezuela,False,Extra-EU,270900,Crude oil,Oil & gas,EU Methane Regulation,5270023.93,1596886034.0,1787713915.0,1.1195,339.22
2019,VN,Vietnam,False,Extra-EU,270900,Crude oil,Oil & gas,EU Methane Regulation,0.246,269.0,301.0,1.1195,1223.58
2019,XS,Serbia,False,Extra-EU,270900,Crude oil,Oil & gas,EU Methane Regulation,0.001,1.0,1.0,1.1195,1000.0
2019,XS,Serbia,False,Extra-EU,290339,"Fluorinated hydrocarbons (pre-2022 code, incl. HFCs)",F-gases (HFCs),F-gas Regulation,4.709,23072.0,25829.0,1.1195,5485.03
2019,YE,Yemen,False,Extra-EU,270900,Crude oil,Oil & gas,EU Methane Regulation,158075.0,70990820.0,79474223.0,1.1195,502.76
2019,ZA,South Africa,False,Extra-EU,270900,Crude oil,Oil & gas,EU Methane Regulation,0.731,5765.0,6454.0,1.1195,8829.0
2019,ZA,South Africa,False,Extra-EU,271111,LNG,Oil & gas,EU Methane Regulation,7558.078,6333409.0,7090251.0,1.1195,938.1
2019,ZA,South Africa,False,Extra-EU,290339,"Fluorinated hydrocarbons (pre-2022 code, incl. HFCs)",F-gases (HFCs),F-gas Regulation,2.322,42422.0,47491.0,1.1195,20452.63
2020,AE,United Arab Emirates,False,Extra-EU,270900,Crude oil,Oil & gas,EU Methane Regulation,322670.823,67020527.0,76550846.0,1.1422,237.24
2020,AE,United Arab Emirates,False,Extra-EU,271111,LNG,Oil & gas,EU Methane Regulation,184032.544,19104257.0,21820882.0,1.1422,118.57
2020,AE,United Arab Emirates,False,Extra-EU,290339,"Fluorinated hydrocarbons (pre-2022 code, incl. HFCs)",F-gases (HFCs),F-gas Regulation,9.882,36958.0,42213.0,1.1422,4271.71
2020,AE,United Arab Emirates,False,Extra-EU,390469,Other fluoropolymers,Fluoropolymers,PFAS restriction (proposed),0.029,228.0,260.0,1.1422,8965.52
2020,AL,Albania,False,Extra-EU,270900,Crude oil,Oil & gas,EU Methane Regulation,601663.496,126591861.0,144593224.0,1.1422,240.32
2020,AO,Angola,False,Extra-EU,270900,Crude oil,Oil & gas,EU Methane Regulation,5684312.863,1796572639.0,2052045268.0,1.1422,361.0
2020,AO,Angola,False,Extra-EU,271111,LNG,Oil & gas,EU Methane Regulation,398571.403,64843914.0,74064719.0,1.1422,185.83
2020,AR,Argentina,False,Extra-EU,270900,Crude oil,Oil & gas,EU Methane Regulation,724783.953,166074060.0,189689791.0,1.1422,261.72
2020,AR,Argentina,False,Extra-EU,271111,LNG,Oil & gas,EU Methane Regulation,116474.385,20794554.0,23751540.0,1.1422,203.92
2020,AT,Austria,True,Intra-EU,270900,Crude oil,Oil & gas,EU Methane Regulation,38.123,16948.0,19358.0,1.1422,507.78
2020,AT,Austria,True,Intra-EU,271111,LNG,Oil & gas,EU Methane Regulation,50531.105,9340316.0,10668509.0,1.1422,211.13
2020,AT,Austria,True,Intra-EU,271121,Pipeline natural gas,Oil & gas,EU Methane Regulation,3653585.352,642391775.0,733739885.0,1.1422,200.83
2020,AT,Austria,True,Intra-EU,290339,"Fluorinated hydrocarbons (pre-2022 code, incl. HFCs)",F-gases (HFCs),F-gas Regulation,131.291,1402742.0,1602212.0,1.1422,12203.52
2020,AT,Austria,True,Intra-EU,390461,PTFE,Fluoropolymers,PFAS restriction (proposed),87.16,1281707.0,1463966.0,1.1422,16796.31
2020,AT,Austria,True,Intra-EU,390469,Other fluoropolymers,Fluoropolymers,PFAS restriction (proposed),40.672,851704.0,972816.0,1.1422,23918.57
2020,AU,Australia,False,Extra-EU,270900,Crude oil,Oil & gas,EU Methane Regulation,1.167,572.0,653.0,1.1422,559.55
2020,AU,Australia,False,Extra-EU,290339,"Fluorinated hydrocarbons (pre-2022 code, incl. HFCs)",F-gases (HFCs),F-gas Regulation,0.045,1271.0,1452.0,1.1422,32266.67
2020,AU,Australia,False,Extra-EU,390461,PTFE,Fluoropolymers,PFAS restriction (proposed),0.012,768.0,877.0,1.1422,73083.33
2020,AZ,Azerbaijan,False,Extra-EU,270900,Crude oil,Oil & gas,EU Methane Regulation,20181640.373,6275340374.0,7167693775.0,1.1422,355.16
2020,AZ,Azerbaijan,False,Extra-EU,271121,Pipeline natural gas,Oil & gas,EU Methane Regulation,9353.209,2121041.0,2422653.0,1.1422,259.02
2020,BB,Barbados,False,Extra-EU,270900,Crude oil,Oil & gas,EU Methane Regulation,0.016,324.0,370.0,1.1422,23125.0
2020,BE,Belgium,True,Intra-EU,270900,Crude oil,Oil & gas,EU Methane Regulation,1165590.675,363169261.0,414811930.0,1.1422,355.88
2020,BE,Belgium,True,Intra-EU,271111,LNG,Oil & gas,EU Methane Regulation,3248.331,8791748.0,10041935.0,1.1422,3091.41
2020,BE,Belgium,True,Intra-EU,271121,Pipeline natural gas,Oil & gas,EU Methane Regulation,4.35,3317892953.0,3789697331.0,1.1422,871194788.74
2020,BE,Belgium,True,Intra-EU,290339,"Fluorinated hydrocarbons (pre-2022 code, incl. HFCs)",F-gases (HFCs),F-gas Regulation,3231.981,29495424.0,33689673.0,1.1422,10423.85
2020,BE,Belgium,True,Intra-EU,390461,PTFE,Fluoropolymers,PFAS restriction (proposed),2361.055,31851114.0,36380342.0,1.1422,15408.51
2020,BE,Belgium,True,Intra-EU,390469,Other fluoropolymers,Fluoropolymers,PFAS restriction (proposed),2901.057,59132451.0,67541086.0,1.1422,23281.54
2020,BG,Bulgaria,True,Intra-EU,270900,Crude oil,Oil & gas,EU Methane Regulation,274.674,118210.0,135019.0,1.1422,491.56
2020,BG,Bulgaria,True,Intra-EU,271111,LNG,Oil & gas,EU Methane Regulation,1627.041,462954.0,528786.0,1.1422,325.0
2020,BG,Bulgaria,True,Intra-EU,271121,Pipeline natural gas,Oil & gas,EU Methane Regulation,273457.661,48624538.0,55538947.0,1.1422,203.1
2020,BG,Bulgaria,True,Intra-EU,290339,"Fluorinated hydrocarbons (pre-2022 code, incl. HFCs)",F-gases (HFCs),F-gas Regulation,10.595,68886.0,78682.0,1.1422,7426.33
2020,BG,Bulgaria,True,Intra-EU,390461,PTFE,Fluoropolymers,PFAS restriction (proposed),6.323,91709.0,104750.0,1.1422,16566.5
2020,BG,Bulgaria,True,Intra-EU,390469,Other fluoropolymers,Fluoropolymers,PFAS restriction (proposed),12.571,281068.0,321036.0,1.1422,25537.83
2020,BH,Bahrain,False,Extra-EU,270900,Crude oil,Oil & gas,EU Methane Regulation,0.208,286.0,327.0,1.1422,1572.12
2020,BN,Brunei Darussalam,False,Extra-EU,270900,Crude oil,Oil & gas,EU Methane Regulation,2.038,859.0,981.0,1.1422,481.35
2020,BO,Bolivia,False,Extra-EU,270900,Crude oil,Oil & gas,EU Methane Regulation,0.017,47.0,54.0,1.1422,3176.47
2020,BR,Brazil,False,Extra-EU,270900,Crude oil,Oil & gas,EU Methane Regulation,7776128.098,2279082297.0,2603167800.0,1.1422,334.76
2020,BR,Brazil,False,Extra-EU,290339,"Fluorinated hydrocarbons (pre-2022 code, incl. HFCs)",F-gases (HFCs),F-gas Regulation,0.355,1771.0,2023.0,1.1422,5698.59
2020,BR,Brazil,False,Extra-EU,390461,PTFE,Fluoropolymers,PFAS restriction (proposed),0.004,116.0,132.0,1.1422,33000.0
2020,BR,Brazil,False,Extra-EU,390469,Other fluoropolymers,Fluoropolymers,PFAS restriction (proposed),24.51,11650.0,13307.0,1.1422,542.92
2020,BS,Bahamas,False,Extra-EU,270900,Crude oil,Oil & gas,EU Methane Regulation,77733.358,23451388.0,26786175.0,1.1422,344.59
2020,CA,Canada,False,Extra-EU,270900,Crude oil,Oil & gas,EU Methane Regulation,2382092.934,739422806.0,844568729.0,1.1422,354.55
2020,CA,Canada,False,Extra-EU,271121,Pipeline natural gas,Oil & gas,EU Methane Regulation,0.033,1161.0,1326.0,1.1422,40181.82
2020,CA,Canada,False,Extra-EU,290339,"Fluorinated hydrocarbons (pre-2022 code, incl. HFCs)",F-gases (HFCs),F-gas Regulation,0.122,32705.0,37356.0,1.1422,306196.72
2020,CA,Canada,False,Extra-EU,390461,PTFE,Fluoropolymers,PFAS restriction (proposed),0.062,2934.0,3351.0,1.1422,54048.39
2020,CA,Canada,False,Extra-EU,390469,Other fluoropolymers,Fluoropolymers,PFAS restriction (proposed),0.346,1803.0,2059.0,1.1422,5950.87
2020,CD,"Congo, The Democratic Republic of the",False,Extra-EU,270900,Crude oil,Oil & gas,EU Methane Regulation,417426.095,163346972.0,186574911.0,1.1422,446.97
2020,CG,Congo,False,Extra-EU,270900,Crude oil,Oil & gas,EU Methane Regulation,746119.777,227093068.0,259385702.0,1.1422,347.65
2020,CG,Congo,False,Extra-EU,271111,LNG,Oil & gas,EU Methane Regulation,0.0,100.0,114.0,1.1422,
2020,CH,Switzerland,False,Extra-EU,270900,Crude oil,Oil & gas,EU Methane Regulation,0.074,556.0,635.0,1.1422,8581.08
2020,CH,Switzerland,False,Extra-EU,271121,Pipeline natural gas,Oil & gas,EU Methane Regulation,0.0,8550848.0,9766779.0,1.1422,
2020,CH,Switzerland,False,Extra-EU,290339,"Fluorinated hydrocarbons (pre-2022 code, incl. HFCs)",F-gases (HFCs),F-gas Regulation,40.391,260114.0,297102.0,1.1422,7355.65
2020,CH,Switzerland,False,Extra-EU,390461,PTFE,Fluoropolymers,PFAS restriction (proposed),583.375,2900711.0,3313192.0,1.1422,5679.35
2020,CH,Switzerland,False,Extra-EU,390469,Other fluoropolymers,Fluoropolymers,PFAS restriction (proposed),250.539,3587715.0,4097888.0,1.1422,16356.29
2020,CI,Côte d'Ivoire,False,Extra-EU,270900,Crude oil,Oil & gas,EU Methane Regulation,380661.342,110368945.0,126063409.0,1.1422,331.17
2020,CL,Chile,False,Extra-EU,290339,"Fluorinated hydrocarbons (pre-2022 code, incl. HFCs)",F-gases (HFCs),F-gas Regulation,0.011,652.0,745.0,1.1422,67727.27
2020,CM,Cameroon,False,Extra-EU,270900,Crude oil,Oil & gas,EU Methane Regulation,2039396.567,543708891.0,621024295.0,1.1422,304.51
2020,CN,China,False,Extra-EU,270900,Crude oil,Oil & gas,EU Methane Regulation,0.702,19746.0,22554.0,1.1422,32128.21
2020,CN,China,False,Extra-EU,290339,"Fluorinated hydrocarbons (pre-2022 code, incl. HFCs)",F-gases (HFCs),F-gas Regulation,32039.084,97397445.0,111247362.0,1.1422,3472.24
2020,CN,China,False,Extra-EU,390461,PTFE,Fluoropolymers,PFAS restriction (proposed),5883.441,39005850.0,44552482.0,1.1422,7572.52
2020,CN,China,False,Extra-EU,390469,Other fluoropolymers,Fluoropolymers,PFAS restriction (proposed),3367.2,30629493.0,34985007.0,1.1422,10389.94
2020,CO,Colombia,False,Extra-EU,270900,Crude oil,Oil & gas,EU Methane Regulation,648757.907,134242691.0,153332002.0,1.1422,236.35
2020,CO,Colombia,False,Extra-EU,390461,PTFE,Fluoropolymers,PFAS restriction (proposed),0.0,76.0,87.0,1.1422,
2020,CO,Colombia,False,Extra-EU,390469,Other fluoropolymers,Fluoropolymers,PFAS restriction (proposed),0.018,1682.0,1921.0,1.1422,106722.22
2020,CR,Costa Rica,False,Extra-EU,270900,Crude oil,Oil & gas,EU Methane Regulation,0.0,51.0,58.0,1.1422,
2020,CU,Cuba,False,Extra-EU,270900,Crude oil,Oil & gas,EU Methane Regulation,74785.781,10467840.0,11956367.0,1.1422,159.87
2020,CY,Cyprus,True,Intra-EU,270900,Crude oil,Oil & gas,EU Methane Regulation,81664.458,21504955.0,24562960.0,1.1422,300.78
2020,CY,Cyprus,True,Intra-EU,271121,Pipeline natural gas,Oil & gas,EU Methane Regulation,4209.301,692735.0,791242.0,1.1422,187.97
2020,CY,Cyprus,True,Intra-EU,290339,"Fluorinated hydrocarbons (pre-2022 code, incl. HFCs)",F-gases (HFCs),F-gas Regulation,0.069,611.0,698.0,1.1422,10115.94
2020,CY,Cyprus,True,Intra-EU,390461,PTFE,Fluoropolymers,PFAS restriction (proposed),0.005,81.0,93.0,1.1422,18600.0
2020,CY,Cyprus,True,Intra-EU,390469,Other fluoropolymers,Fluoropolymers,PFAS restriction (proposed),0.0,9.0,10.0,1.1422,
2020,CZ,Czechia,True,Intra-EU,270900,Crude oil,Oil & gas,EU Methane Regulation,39.183,62790.0,71719.0,1.1422,1830.36
2020,CZ,Czechia,True,Intra-EU,271111,LNG,Oil & gas,EU Methane Regulation,1207.71,105173.0,120129.0,1.1422,99.47
2020,CZ,Czechia,True,Intra-EU,271121,Pipeline natural gas,Oil & gas,EU Methane Regulation,40672.974,9907435.0,11316272.0,1.1422,278.23
2020,CZ,Czechia,True,Intra-EU,290339,"Fluorinated hydrocarbons (pre-2022 code, incl. HFCs)",F-gases (HFCs),F-gas Regulation,257.409,3576558.0,4085145.0,1.1422,15870.25
2020,CZ,Czechia,True,Intra-EU,390461,PTFE,Fluoropolymers,PFAS restriction (proposed),34.032,387969.0,443138.0,1.1422,13021.22
2020,CZ,Czechia,True,Intra-EU,390469,Other fluoropolymers,Fluoropolymers,PFAS restriction (proposed),8.199,219164.0,250329.0,1.1422,30531.65
2020,DE,Germany,True,Intra-EU,270900,Crude oil,Oil & gas,EU Methane Regulation,47059.862,13984088.0,15972625.0,1.1422,339.41
2020,DE,Germany,True,Intra-EU,271111,LNG,Oil & gas,EU Methane Regulation,101220.434,18557545.0,21196428.0,1.1422,209.41
2020,DE,Germany,True,Intra-EU,271121,Pipeline natural gas,Oil & gas,EU Methane Regulation,3544310.392,1226028295.0,1400369519.0,1.1422,395.1
2020,DE,Germany,True,Intra-EU,290339,"Fluorinated hydrocarbons (pre-2022 code, incl. HFCs)",F-gases (HFCs),F-gas Regulation,4808.141,52132861.0,59546154.0,1.1422,12384.44
2020,DE,Germany,True,Intra-EU,390461,PTFE,Fluoropolymers,PFAS restriction (proposed),4811.948,60879421.0,69536475.0,1.1422,14450.8
2020,DE,Germany,True,Intra-EU,390469,Other fluoropolymers,Fluoropolymers,PFAS restriction (proposed),4202.115,68963751.0,78770396.0,1.1422,18745.42
2020,DK,Denmark,True,Intra-EU,270900,Crude oil,Oil & gas,EU Methane Regulation,887078.082,260512298.0,297557147.0,1.1422,335.44
2020,DK,Denmark,True,Intra-EU,271111,LNG,Oil & gas,EU Methane Regulation,3009.69,323307.0,369281.0,1.1422,122.7
2020,DK,Denmark,True,Intra-EU,271121,Pipeline natural gas,Oil & gas,EU Methane Regulation,558145.006,101559584.0,116001357.0,1.1422,207.83
2020,DK,Denmark,True,Intra-EU,290339,"Fluorinated hydrocarbons (pre-2022 code, incl. HFCs)",F-gases (HFCs),F-gas Regulation,24.343,364420.0,416241.0,1.1422,17099.0
2020,DK,Denmark,True,Intra-EU,390461,PTFE,Fluoropolymers,PFAS restriction (proposed),8.693,132179.0,150975.0,1.1422,17367.42
2020,DK,Denmark,True,Intra-EU,390469,Other fluoropolymers,Fluoropolymers,PFAS restriction (proposed),9.807,185648.0,212047.0,1.1422,21622.0
2020,DZ,Algeria,False,Extra-EU,270900,Crude oil,Oil & gas,EU Methane Regulation,12817153.887,4009804610.0,4579998826.0,1.1422,357.33
2020,DZ,Algeria,False,Extra-EU,271111,LNG,Oil & gas,EU Methane Regulation,3539870.278,1644867800.0,1878768001.0,1.1422,530.74
2020,DZ,Algeria,False,Extra-EU,271121,Pipeline natural gas,Oil & gas,EU Methane Regulation,13942458.455,3105775476.0,3547416749.0,1.1422,254.43
2020,EE,Estonia,True,Intra-EU,270900,Crude oil,Oil & gas,EU Methane Regulation,60127.217,13936291.0,15918032.0,1.1422,264.74
2020,EE,Estonia,True,Intra-EU,271111,LNG,Oil & gas,EU Methane Regulation,5183.56,1257315.0,1436105.0,1.1422,277.05
2020,EE,Estonia,True,Intra-EU,271121,Pipeline natural gas,Oil & gas,EU Methane Regulation,6435.828,1279476.0,1461417.0,1.1422,227.08
2020,EE,Estonia,True,Intra-EU,290339,"Fluorinated hydrocarbons (pre-2022 code, incl. HFCs)",F-gases (HFCs),F-gas Regulation,7.082,28869.0,32974.0,1.1422,4656.03
2020,EE,Estonia,True,Intra-EU,390461,PTFE,Fluoropolymers,PFAS restriction (proposed),9.958,97172.0,110990.0,1.1422,11145.81
2020,EE,Estonia,True,Intra-EU,390469,Other fluoropolymers,Fluoropolymers,PFAS restriction (proposed),0.011,280.0,320.0,1.1422,29090.91
2020,EG,Egypt,False,Extra-EU,270900,Crude oil,Oil & gas,EU Methane Regulation,4962403.763,1358070091.0,1551187658.0,1.1422,312.59
2020,EG,Egypt,False,Extra-EU,271111,LNG,Oil & gas,EU Methane Regulation,219883.551,61568798.0,70323881.0,1.1422,319.82
2020,EG,Egypt,False,Extra-EU,290339,"Fluorinated hydrocarbons (pre-2022 code, incl. HFCs)",F-gases (HFCs),F-gas Regulation,7.092,41367.0,47249.0,1.1422,6662.3
2020,ES,Spain,True,Intra-EU,270900,Crude oil,Oil & gas,EU Methane Regulation,4.113,32893.0,37570.0,1.1422,9134.45
2020,ES,Spain,True,Intra-EU,271111,LNG,Oil & gas,EU Methane Regulation,62317.247,21132328.0,24137345.0,1.1422,387.33
2020,ES,Spain,True,Intra-EU,271121,Pipeline natural gas,Oil & gas,EU Methane Regulation,466821.939,114817456.0,131144498.0,1.1422,280.93
2020,ES,Spain,True,Intra-EU,290339,"Fluorinated hydrocarbons (pre-2022 code, incl. HFCs)",F-gases (HFCs),F-gas Regulation,1408.928,7649699.0,8737486.0,1.1422,6201.51
2020,ES,Spain,True,Intra-EU,390461,PTFE,Fluoropolymers,PFAS restriction (proposed),130.897,2056103.0,2348481.0,1.1422,17941.44
2020,ES,Spain,True,Intra-EU,390469,Other fluoropolymers,Fluoropolymers,PFAS restriction (proposed),739.322,1833889.0,2094668.0,1.1422,2833.23
2020,FI,Finland,True,Intra-EU,270900,Crude oil,Oil & gas,EU Methane Regulation,0.003,6.0,7.0,1.1422,2333.33
2020,FI,Finland,True,Intra-EU,271111,LNG,Oil & gas,EU Methane Regulation,138835.12,33681832.0,38471389.0,1.1422,277.1
2020,FI,Finland,True,Intra-EU,271121,Pipeline natural gas,Oil & gas,EU Methane Regulation,5465.462,754482.0,861769.0,1.1422,157.68
2020,FI,Finland,True,Intra-EU,290339,"Fluorinated hydrocarbons (pre-2022 code, incl. HFCs)",F-gases (HFCs),F-gas Regulation,8.385,89935.0,102724.0,1.1422,12250.92
2020,FI,Finland,True,Intra-EU,390461,PTFE,Fluoropolymers,PFAS restriction (proposed),35.166,679477.0,776099.0,1.1422,22069.58
2020,FI,Finland,True,Intra-EU,390469,Other fluoropolymers,Fluoropolymers,PFAS restriction (proposed),56.505,2680217.0,3061344.0,1.1422,54178.29
2020,FO,Faroe Islands,False,Extra-EU,270900,Crude oil,Oil & gas,EU Methane Regulation,0.016,95.0,109.0,1.1422,6812.5
2020,FR,France,True,Intra-EU,270900,Crude oil,Oil & gas,EU Methane Regulation,82308.75,26007016.0,29705214.0,1.1422,360.9
2020,FR,France,True,Intra-EU,271111,LNG,Oil & gas,EU Methane Regulation,111253.691,18039723.0,20604972.0,1.1422,185.21
2020,FR,France,True,Intra-EU,271121,Pipeline natural gas,Oil & gas,EU Methane Regulation,859046.651,128664381.0,146960456.0,1.1422,171.07
2020,FR,France,True,Intra-EU,290339,"Fluorinated hydrocarbons (pre-2022 code, incl. HFCs)",F-gases (HFCs),F-gas Regulation,5667.006,43329706.0,49491190.0,1.1422,8733.22
2020,FR,France,True,Intra-EU,390461,PTFE,Fluoropolymers,PFAS restriction (proposed),246.957,3073231.0,3510244.0,1.1422,14213.99
2020,FR,France,True,Intra-EU,390469,Other fluoropolymers,Fluoropolymers,PFAS restriction (proposed),8012.46,103153933.0,117822422.0,1.1422,14704.9
2020,GA,Gabon,False,Extra-EU,270900,Crude oil,Oil & gas,EU Methane Regulation,39225.243,14900583.0,17019446.0,1.1422,433.89
2020,GB,United Kingdom,False,Extra-EU,270900,Crude oil,Oil & gas,EU Methane Regulation,26525701.865,7758635026.0,8861912927.0,1.1422,334.09
2020,GB,United Kingdom,False,Extra-EU,271111,LNG,Oil & gas,EU Methane Regulation,727217.174,109739761.0,125344755.0,1.1422,172.36
2020,GB,United Kingdom,False,Extra-EU,271121,Pipeline natural gas,Oil & gas,EU Methane Regulation,5648762.125,838490078.0,957723367.0,1.1422,169.55
2020,GB,United Kingdom,False,Extra-EU,290339,"Fluorinated hydrocarbons (pre-2022 code, incl. HFCs)",F-gases (HFCs),F-gas Regulation,7096.163,48572846.0,55479905.0,1.1422,7818.3
2020,GB,United Kingdom,False,Extra-EU,390461,PTFE,Fluoropolymers,PFAS restriction (proposed),1234.975,18196726.0,20784300.0,1.1422,16829.73
2020,GB,United Kingdom,False,Extra-EU,390469,Other fluoropolymers,Fluoropolymers,PFAS restriction (proposed),756.208,12359832.0,14117400.0,1.1422,18668.67
2020,GE,Georgia,False,Extra-EU,270900,Crude oil,Oil & gas,EU Methane Regulation,77468.035,21965688.0,25089209.0,1.1422,323.87
2020,GH,Ghana,False,Extra-EU,270900,Crude oil,Oil & gas,EU Methane Regulation,896214.529,312005638.0,356372840.0,1.1422,397.64
2020,GI,Gibraltar,False,Extra-EU,271111,LNG,Oil & gas,EU Methane Regulation,10318.119,3438863.0,3927869.0,1.1422,380.68
2020,GL,Greenland,False,Extra-EU,270900,Crude oil,Oil & gas,EU Methane Regulation,0.273,129.0,147.0,1.1422,538.46
2020,GQ,Equatorial Guinea,False,Extra-EU,270900,Crude oil,Oil & gas,EU Methane Regulation,1733881.032,580533631.0,663085513.0,1.1422,382.43
2020,GQ,Equatorial Guinea,False,Extra-EU,271111,LNG,Oil & gas,EU Methane Regulation,806069.559,153855540.0,175733798.0,1.1422,218.01
2020,GR,Greece,True,Intra-EU,270900,Crude oil,Oil & gas,EU Methane Regulation,243048.585,63230099.0,72221419.0,1.1422,297.15
2020,GR,Greece,True,Intra-EU,271111,LNG,Oil & gas,EU Methane Regulation,2576.172,475152.0,542719.0,1.1422,210.67
2020,GR,Greece,True,Intra-EU,271121,Pipeline natural gas,Oil & gas,EU Methane Regulation,268615.28,42396539.0,48425327.0,1.1422,180.28
2020,GR,Greece,True,Intra-EU,290339,"Fluorinated hydrocarbons (pre-2022 code, incl. HFCs)",F-gases (HFCs),F-gas Regulation,14.734,84526.0,96546.0,1.1422,6552.6
2020,GR,Greece,True,Intra-EU,390461,PTFE,Fluoropolymers,PFAS restriction (proposed),15.074,205763.0,235022.0,1.1422,15591.22
2020,GR,Greece,True,Intra-EU,390469,Other fluoropolymers,Fluoropolymers,PFAS restriction (proposed),133.005,104304.0,119136.0,1.1422,895.73
2020,GY,Guyana,False,Extra-EU,270900,Crude oil,Oil & gas,EU Methane Regulation,278811.004,76656719.0,87557304.0,1.1422,314.04
2020,HK,Hong Kong,False,Extra-EU,290339,"Fluorinated hydrocarbons (pre-2022 code, incl. HFCs)",F-gases (HFCs),F-gas Regulation,27.489,423208.0,483388.0,1.1422,17584.78
2020,HK,Hong Kong,False,Extra-EU,390461,PTFE,Fluoropolymers,PFAS restriction (proposed),0.014,729.0,833.0,1.1422,59500.0
2020,HK,Hong Kong,False,Extra-EU,390469,Other fluoropolymers,Fluoropolymers,PFAS restriction (proposed),7.6,74249.0,84807.0,1.1422,11158.82
2020,HN,Honduras,False,Extra-EU,390469,Other fluoropolymers,Fluoropolymers,PFAS restriction (proposed),0.19,1789.0,2043.0,1.1422,10752.63
2020,HR,Croatia,True,Intra-EU,270900,Crude oil,Oil & gas,EU Methane Regulation,983956.524,273837581.0,312777285.0,1.1422,317.88
2020,HR,Croatia,True,Intra-EU,271111,LNG,Oil & gas,EU Methane Regulation,1092.69,47422.0,54165.0,1.1422,49.57
2020,HR,Croatia,True,Intra-EU,271121,Pipeline natural gas,Oil & gas,EU Methane Regulation,120563.054,27411697.0,31309640.0,1.1422,259.7
2020,HR,Croatia,True,Intra-EU,290339,"Fluorinated hydrocarbons (pre-2022 code, incl. HFCs)",F-gases (HFCs),F-gas Regulation,10.151,104145.0,118954.0,1.1422,11718.45
2020,HR,Croatia,True,Intra-EU,390461,PTFE,Fluoropolymers,PFAS restriction (proposed),7.129,104542.0,119408.0,1.1422,16749.61
2020,HR,Croatia,True,Intra-EU,390469,Other fluoropolymers,Fluoropolymers,PFAS restriction (proposed),39.88,791214.0,903725.0,1.1422,22661.11
2020,HU,Hungary,True,Intra-EU,270900,Crude oil,Oil & gas,EU Methane Regulation,250927.404,86393852.0,98679058.0,1.1422,393.26
2020,HU,Hungary,True,Intra-EU,271111,LNG,Oil & gas,EU Methane Regulation,1378.89,238295.0,272181.0,1.1422,197.39
2020,HU,Hungary,True,Intra-EU,271121,Pipeline natural gas,Oil & gas,EU Methane Regulation,1658203.911,277687929.0,317175153.0,1.1422,191.28
2020,HU,Hungary,True,Intra-EU,290339,"Fluorinated hydrocarbons (pre-2022 code, incl. HFCs)",F-gases (HFCs),F-gas Regulation,106.112,2701687.0,3085867.0,1.1422,29081.23
2020,HU,Hungary,True,Intra-EU,390461,PTFE,Fluoropolymers,PFAS restriction (proposed),127.628,379124.0,433035.0,1.1422,3392.95
2020,HU,Hungary,True,Intra-EU,390469,Other fluoropolymers,Fluoropolymers,PFAS restriction (proposed),1177.182,464159.0,530162.0,1.1422,450.37
2020,ID,Indonesia,False,Extra-EU,270900,Crude oil,Oil & gas,EU Methane Regulation,0.023,187.0,214.0,1.1422,9304.35
2020,IE,Ireland,True,Intra-EU,270900,Crude oil,Oil & gas,EU Methane Regulation,101.932,15720.0,17955.0,1.1422,176.15
2020,IE,Ireland,True,Intra-EU,271111,LNG,Oil & gas,EU Methane Regulation,153.36,885.0,1011.0,1.1422,6.59
2020,IE,Ireland,True,Intra-EU,290339,"Fluorinated hydrocarbons (pre-2022 code, incl. HFCs)",F-gases (HFCs),F-gas Regulation,3.657,82541.0,94278.0,1.1422,25780.15
2020,IE,Ireland,True,Intra-EU,390461,PTFE,Fluoropolymers,PFAS restriction (proposed),26.261,222716.0,254386.0,1.1422,9686.84
2020,IE,Ireland,True,Intra-EU,390469,Other fluoropolymers,Fluoropolymers,PFAS restriction (proposed),185.426,1661818.0,1898129.0,1.1422,10236.58
2020,IL,Israel,False,Extra-EU,270900,Crude oil,Oil & gas,EU Methane Regulation,114913.203,31412168.0,35878978.0,1.1422,312.23
2020,IL,Israel,False,Extra-EU,290339,"Fluorinated hydrocarbons (pre-2022 code, incl. HFCs)",F-gases (HFCs),F-gas Regulation,1809.272,9230562.0,10543148.0,1.1422,5827.29
2020,IL,Israel,False,Extra-EU,390461,PTFE,Fluoropolymers,PFAS restriction (proposed),0.111,3260.0,3724.0,1.1422,33549.55
2020,IL,Israel,False,Extra-EU,390469,Other fluoropolymers,Fluoropolymers,PFAS restriction (proposed),0.023,359.0,410.0,1.1422,17826.09
2020,IN,India,False,Extra-EU,270900,Crude oil,Oil & gas,EU Methane Regulation,58541.313,14205142.0,16225113.0,1.1422,277.16
2020,IN,India,False,Extra-EU,290339,"Fluorinated hydrocarbons (pre-2022 code, incl. HFCs)",F-gases (HFCs),F-gas Regulation,163.053,2023196.0,2310894.0,1.1422,14172.66
2020,IN,India,False,Extra-EU,390461,PTFE,Fluoropolymers,PFAS restriction (proposed),4692.541,37934039.0,43328259.0,1.1422,9233.43
2020,IN,India,False,Extra-EU,390469,Other fluoropolymers,Fluoropolymers,PFAS restriction (proposed),476.927,6158459.0,7034192.0,1.1422,14748.99
2020,IQ,Iraq,False,Extra-EU,270900,Crude oil,Oil & gas,EU Methane Regulation,29137661.044,7184368418.0,8205985607.0,1.1422,281.63
2020,IR,Iran,False,Extra-EU,270900,Crude oil,Oil & gas,EU Methane Regulation,308565.02,92835559.0,106036775.0,1.1422,343.64
2020,IT,Italy,True,Intra-EU,270900,Crude oil,Oil & gas,EU Methane Regulation,1919341.195,380653344.0,434782250.0,1.1422,226.53
2020,IT,Italy,True,Intra-EU,271111,LNG,Oil & gas,EU Methane Regulation,0.0,16497.0,18843.0,1.1422,
2020,IT,Italy,True,Intra-EU,271121,Pipeline natural gas,Oil & gas,EU Methane Regulation,75839.005,20039943.0,22889623.0,1.1422,301.82
2020,IT,Italy,True,Intra-EU,290339,"Fluorinated hydrocarbons (pre-2022 code, incl. HFCs)",F-gases (HFCs),F-gas Regulation,1528.461,13705486.0,15654406.0,1.1422,10241.94
2020,IT,Italy,True,Intra-EU,390461,PTFE,Fluoropolymers,PFAS restriction (proposed),3012.097,41691962.0,47620559.0,1.1422,15809.77
2020,IT,Italy,True,Intra-EU,390469,Other fluoropolymers,Fluoropolymers,PFAS restriction (proposed),2085.37,44959377.0,51352600.0,1.1422,24625.17
2020,JM,Jamaica,False,Extra-EU,270900,Crude oil,Oil & gas,EU Methane Regulation,0.0,3.0,3.0,1.1422,
2020,JO,Jordan,False,Extra-EU,270900,Crude oil,Oil & gas,EU Methane Regulation,0.0,21.0,24.0,1.1422,
2020,JP,Japan,False,Extra-EU,290339,"Fluorinated hydrocarbons (pre-2022 code, incl. HFCs)",F-gases (HFCs),F-gas Regulation,184.322,7385509.0,8435728.0,1.1422,45766.26
2020,JP,Japan,False,Extra-EU,390461,PTFE,Fluoropolymers,PFAS restriction (proposed),474.467,6156176.0,7031584.0,1.1422,14819.96
2020,JP,Japan,False,Extra-EU,390469,Other fluoropolymers,Fluoropolymers,PFAS restriction (proposed),2901.27,60031805.0,68568328.0,1.1422,23633.9
2020,KR,South Korea,False,Extra-EU,270900,Crude oil,Oil & gas,EU Methane Regulation,0.816,397.0,453.0,1.1422,555.15
2020,KR,South Korea,False,Extra-EU,271121,Pipeline natural gas,Oil & gas,EU Methane Regulation,0.002,19.0,22.0,1.1422,11000.0
2020,KR,South Korea,False,Extra-EU,290339,"Fluorinated hydrocarbons (pre-2022 code, incl. HFCs)",F-gases (HFCs),F-gas Regulation,0.917,159885.0,182621.0,1.1422,199150.49
2020,KR,South Korea,False,Extra-EU,390461,PTFE,Fluoropolymers,PFAS restriction (proposed),191.717,2176132.0,2485578.0,1.1422,12964.83
2020,KR,South Korea,False,Extra-EU,390469,Other fluoropolymers,Fluoropolymers,PFAS restriction (proposed),83.96,756667.0,864265.0,1.1422,10293.77
2020,KW,Kuwait,False,Extra-EU,270900,Crude oil,Oil & gas,EU Methane Regulation,1478574.585,316064278.0,361008618.0,1.1422,244.16
2020,KZ,Kazakhstan,False,Extra-EU,270900,Crude oil,Oil & gas,EU Methane Regulation,38069338.083,11285585744.0,12890396037.0,1.1422,338.6
2020,LB,Lebanon,False,Extra-EU,270900,Crude oil,Oil & gas,EU Methane Regulation,0.005,4.0,5.0,1.1422,1000.0
2020,LB,Lebanon,False,Extra-EU,390461,PTFE,Fluoropolymers,PFAS restriction (proposed),87.82,158535.0,181079.0,1.1422,2061.93
2020,LT,Lithuania,True,Intra-EU,270900,Crude oil,Oil & gas,EU Methane Regulation,69776.809,19928823.0,22762702.0,1.1422,326.22
2020,LT,Lithuania,True,Intra-EU,271111,LNG,Oil & gas,EU Methane Regulation,33629.682,6378045.0,7285003.0,1.1422,216.62
2020,LT,Lithuania,True,Intra-EU,271121,Pipeline natural gas,Oil & gas,EU Methane Regulation,184401.211,24414202.0,27885902.0,1.1422,151.22
2020,LT,Lithuania,True,Intra-EU,290339,"Fluorinated hydrocarbons (pre-2022 code, incl. HFCs)",F-gases (HFCs),F-gas Regulation,45.839,368276.0,420645.0,1.1422,9176.57
2020,LT,Lithuania,True,Intra-EU,390461,PTFE,Fluoropolymers,PFAS restriction (proposed),5.784,158585.0,181136.0,1.1422,31316.74
2020,LT,Lithuania,True,Intra-EU,390469,Other fluoropolymers,Fluoropolymers,PFAS restriction (proposed),40.525,428681.0,489639.0,1.1422,12082.39
2020,LU,Luxembourg,True,Intra-EU,270900,Crude oil,Oil & gas,EU Methane Regulation,8.963,3865.0,4415.0,1.1422,492.58
2020,LU,Luxembourg,True,Intra-EU,271111,LNG,Oil & gas,EU Methane Regulation,460.08,8613.0,9838.0,1.1422,21.38
2020,LU,Luxembourg,True,Intra-EU,271121,Pipeline natural gas,Oil & gas,EU Methane Regulation,6870.8,919145.0,1049847.0,1.1422,152.8
2020,LU,Luxembourg,True,Intra-EU,290339,"Fluorinated hydrocarbons (pre-2022 code, incl. HFCs)",F-gases (HFCs),F-gas Regulation,0.469,8306.0,9487.0,1.1422,20228.14
2020,LU,Luxembourg,True,Intra-EU,390461,PTFE,Fluoropolymers,PFAS restriction (proposed),2.888,89671.0,102422.0,1.1422,35464.68
2020,LU,Luxembourg,True,Intra-EU,390469,Other fluoropolymers,Fluoropolymers,PFAS restriction (proposed),156.985,3152390.0,3600660.0,1.1422,22936.33
2020,LV,Latvia,True,Intra-EU,270900,Crude oil,Oil & gas,EU Methane Regulation,81267.341,22446854.0,25638797.0,1.1422,315.49
2020,LV,Latvia,True,Intra-EU,271111,LNG,Oil & gas,EU Methane Regulation,960.083,266485.0,304379.0,1.1422,317.03
2020,LV,Latvia,True,Intra-EU,271121,Pipeline natural gas,Oil & gas,EU Methane Regulation,233095.37,39127764.0,44691732.0,1.1422,191.73
2020,LV,Latvia,True,Intra-EU,290339,"Fluorinated hydrocarbons (pre-2022 code, incl. HFCs)",F-gases (HFCs),F-gas Regulation,69.617,257113.0,293674.0,1.1422,4218.42
2020,LV,Latvia,True,Intra-EU,390461,PTFE,Fluoropolymers,PFAS restriction (proposed),10.997,70992.0,81087.0,1.1422,7373.56
2020,LV,Latvia,True,Intra-EU,390469,Other fluoropolymers,Fluoropolymers,PFAS restriction (proposed),0.06,7296.0,8333.0,1.1422,138883.33
2020,LY,Libya,False,Extra-EU,270900,Crude oil,Oil & gas,EU Methane Regulation,9645563.835,3205367021.0,3661170211.0,1.1422,379.57
2020,LY,Libya,False,Extra-EU,271121,Pipeline natural gas,Oil & gas,EU Methane Regulation,3228594.0,573844368.0,655445037.0,1.1422,203.01
2020,MA,Morocco,False,Extra-EU,390461,PTFE,Fluoropolymers,PFAS restriction (proposed),0.009,53.0,61.0,1.1422,6777.78
2020,MD,Moldova,False,Extra-EU,270900,Crude oil,Oil & gas,EU Methane Regulation,4272.825,822454.0,939407.0,1.1422,219.86
2020,MG,Madagascar,False,Extra-EU,290339,"Fluorinated hydrocarbons (pre-2022 code, incl. HFCs)",F-gases (HFCs),F-gas Regulation,0.715,2541.0,2902.0,1.1422,4058.74
2020,MK,North Macedonia,False,Extra-EU,290339,"Fluorinated hydrocarbons (pre-2022 code, incl. HFCs)",F-gases (HFCs),F-gas Regulation,0.105,1860.0,2124.0,1.1422,20228.57
2020,ML,Mali,False,Extra-EU,270900,Crude oil,Oil & gas,EU Methane Regulation,0.002,1278.0,1460.0,1.1422,730000.0
2020,MN,Mongolia,False,Extra-EU,270900,Crude oil,Oil & gas,EU Methane Regulation,0.046,9.0,10.0,1.1422,217.39
2020,MT,Malta,True,Intra-EU,270900,Crude oil,Oil & gas,EU Methane Regulation,40796.726,10476746.0,11966539.0,1.1422,293.32
2020,MT,Malta,True,Intra-EU,271111,LNG,Oil & gas,EU Methane Regulation,230.04,8898.0,10163.0,1.1422,44.18
2020,MT,Malta,True,Intra-EU,290339,"Fluorinated hydrocarbons (pre-2022 code, incl. HFCs)",F-gases (HFCs),F-gas Regulation,0.436,8396.0,9590.0,1.1422,21995.41
2020,MT,Malta,True,Intra-EU,390461,PTFE,Fluoropolymers,PFAS restriction (proposed),0.548,7744.0,8845.0,1.1422,16140.51
2020,MT,Malta,True,Intra-EU,390469,Other fluoropolymers,Fluoropolymers,PFAS restriction (proposed),0.959,44675.0,51028.0,1.1422,53209.59
2020,MU,Mauritius,False,Extra-EU,270900,Crude oil,Oil & gas,EU Methane Regulation,0.659,265.0,303.0,1.1422,459.79
2020,MX,Mexico,False,Extra-EU,270900,Crude oil,Oil & gas,EU Methane Regulation,8416530.356,1859185928.0,2123562167.0,1.1422,252.31
2020,MX,Mexico,False,Extra-EU,390461,PTFE,Fluoropolymers,PFAS restriction (proposed),0.132,2818.0,3219.0,1.1422,24386.36
2020,MX,Mexico,False,Extra-EU,390469,Other fluoropolymers,Fluoropolymers,PFAS restriction (proposed),3.048,117263.0,133938.0,1.1422,43942.91
2020,MY,Malaysia,False,Extra-EU,270900,Crude oil,Oil & gas,EU Methane Regulation,1.749,1344.0,1535.0,1.1422,877.64
2020,MY,Malaysia,False,Extra-EU,390461,PTFE,Fluoropolymers,PFAS restriction (proposed),0.001,14.0,16.0,1.1422,16000.0
2020,MY,Malaysia,False,Extra-EU,390469,Other fluoropolymers,Fluoropolymers,PFAS restriction (proposed),1.566,19624.0,22415.0,1.1422,14313.54
2020,NE,Niger,False,Extra-EU,270900,Crude oil,Oil & gas,EU Methane Regulation,34547.0,8644295.0,9873514.0,1.1422,285.8
2020,NG,Nigeria,False,Extra-EU,270900,Crude oil,Oil & gas,EU Methane Regulation,35530525.188,10797161725.0,12332518122.0,1.1422,347.1
2020,NG,Nigeria,False,Extra-EU,271111,LNG,Oil & gas,EU Methane Regulation,5965696.881,1809911699.0,2067281143.0,1.1422,346.53
2020,NG,Nigeria,False,Extra-EU,271121,Pipeline natural gas,Oil & gas,EU Methane Regulation,89320.824,7520956.0,8590436.0,1.1422,96.18
2020,NL,Netherlands,True,Intra-EU,270900,Crude oil,Oil & gas,EU Methane Regulation,41822305.579,11433498475.0,13059341958.0,1.1422,312.26
2020,NL,Netherlands,True,Intra-EU,271111,LNG,Oil & gas,EU Methane Regulation,100993.69,26120161.0,29834448.0,1.1422,295.41
2020,NL,Netherlands,True,Intra-EU,271121,Pipeline natural gas,Oil & gas,EU Methane Regulation,9674417.85,1391801618.0,1589715808.0,1.1422,164.32
2020,NL,Netherlands,True,Intra-EU,290339,"Fluorinated hydrocarbons (pre-2022 code, incl. HFCs)",F-gases (HFCs),F-gas Regulation,18173.994,248761071.0,284134895.0,1.1422,15634.15
2020,NL,Netherlands,True,Intra-EU,390461,PTFE,Fluoropolymers,PFAS restriction (proposed),2837.057,34787667.0,39734473.0,1.1422,14005.53
2020,NL,Netherlands,True,Intra-EU,390469,Other fluoropolymers,Fluoropolymers,PFAS restriction (proposed),4060.327,64722696.0,73926263.0,1.1422,18206.97
2020,NO,Norway,False,Extra-EU,270900,Crude oil,Oil & gas,EU Methane Regulation,36191386.035,10861476197.0,12405978112.0,1.1422,342.79
2020,NO,Norway,False,Extra-EU,271111,LNG,Oil & gas,EU Methane Regulation,1390377.869,321001884.0,366648352.0,1.1422,263.7
2020,NO,Norway,False,Extra-EU,271121,Pipeline natural gas,Oil & gas,EU Methane Regulation,15243516.671,2332563920.0,2664254509.0,1.1422,174.78
2020,NO,Norway,False,Extra-EU,290339,"Fluorinated hydrocarbons (pre-2022 code, incl. HFCs)",F-gases (HFCs),F-gas Regulation,2.897,115532.0,131961.0,1.1422,45550.91
2020,NO,Norway,False,Extra-EU,390461,PTFE,Fluoropolymers,PFAS restriction (proposed),0.198,2592.0,2961.0,1.1422,14954.55
2020,OM,Oman,False,Extra-EU,270900,Crude oil,Oil & gas,EU Methane Regulation,0.215,86.0,98.0,1.1422,455.81
2020,PA,Panama,False,Extra-EU,270900,Crude oil,Oil & gas,EU Methane Regulation,0.229,97.0,111.0,1.1422,484.72
2020,PA,Panama,False,Extra-EU,290339,"Fluorinated hydrocarbons (pre-2022 code, incl. HFCs)",F-gases (HFCs),F-gas Regulation,0.075,896.0,1023.0,1.1422,13640.0
2020,PE,Peru,False,Extra-EU,270900,Crude oil,Oil & gas,EU Methane Regulation,0.327,785.0,897.0,1.1422,2743.12
2020,PE,Peru,False,Extra-EU,271111,LNG,Oil & gas,EU Methane Regulation,123175.236,38207918.0,43641084.0,1.1422,354.3
2020,PL,Poland,True,Intra-EU,270900,Crude oil,Oil & gas,EU Methane Regulation,482196.393,134369873.0,153477269.0,1.1422,318.29
2020,PL,Poland,True,Intra-EU,271111,LNG,Oil & gas,EU Methane Regulation,4443.448,444993.0,508271.0,1.1422,114.39
2020,PL,Poland,True,Intra-EU,290339,"Fluorinated hydrocarbons (pre-2022 code, incl. HFCs)",F-gases (HFCs),F-gas Regulation,429.922,3266971.0,3731534.0,1.1422,8679.56
2020,PL,Poland,True,Intra-EU,390461,PTFE,Fluoropolymers,PFAS restriction (proposed),55.294,1026947.0,1172979.0,1.1422,21213.5
2020,PL,Poland,True,Intra-EU,390469,Other fluoropolymers,Fluoropolymers,PFAS restriction (proposed),1500.626,7222749.0,8249824.0,1.1422,5497.59
2020,PT,Portugal,True,Intra-EU,270900,Crude oil,Oil & gas,EU Methane Regulation,0.321,1095.0,1251.0,1.1422,3897.2
2020,PT,Portugal,True,Intra-EU,271111,LNG,Oil & gas,EU Methane Regulation,953.714,1119540.0,1278739.0,1.1422,1340.8
2020,PT,Portugal,True,Intra-EU,271121,Pipeline natural gas,Oil & gas,EU Methane Regulation,20515.623,3285794.0,3753034.0,1.1422,182.94
2020,PT,Portugal,True,Intra-EU,290339,"Fluorinated hydrocarbons (pre-2022 code, incl. HFCs)",F-gases (HFCs),F-gas Regulation,27.501,360122.0,411331.0,1.1422,14956.95
2020,PT,Portugal,True,Intra-EU,390461,PTFE,Fluoropolymers,PFAS restriction (proposed),25.439,318021.0,363244.0,1.1422,14279.02
2020,PT,Portugal,True,Intra-EU,390469,Other fluoropolymers,Fluoropolymers,PFAS restriction (proposed),130.431,225068.0,257073.0,1.1422,1970.95
2020,QA,Qatar,False,Extra-EU,270900,Crude oil,Oil & gas,EU Methane Regulation,99.8,46309.0,52894.0,1.1422,530.0
2020,QA,Qatar,False,Extra-EU,271111,LNG,Oil & gas,EU Methane Regulation,10231944.093,1687040005.0,1926937094.0,1.1422,188.33
2020,QP,High seas,False,Extra-EU,270900,Crude oil,Oil & gas,EU Methane Regulation,541899.453,131905976.0,150663006.0,1.1422,278.03
2020,QP,High seas,False,Extra-EU,271111,LNG,Oil & gas,EU Methane Regulation,66191.437,13433426.0,15343659.0,1.1422,231.81
2020,QV,Countries not specified (intra-EU),False,Extra-EU,270900,Crude oil,Oil & gas,EU Methane Regulation,389.668,97159.0,110975.0,1.1422,284.79
2020,QV,Countries not specified (intra-EU),False,Extra-EU,271121,Pipeline natural gas,Oil & gas,EU Methane Regulation,1690314.864,252287824.0,288163153.0,1.1422,170.48
2020,QV,Countries not specified (intra-EU),False,Extra-EU,290339,"Fluorinated hydrocarbons (pre-2022 code, incl. HFCs)",F-gases (HFCs),F-gas Regulation,57.126,122987.0,140476.0,1.1422,2459.06
2020,QV,Countries not specified (intra-EU),False,Extra-EU,390461,PTFE,Fluoropolymers,PFAS restriction (proposed),0.477,6928.0,7913.0,1.1422,16589.1
2020,QW,Countries not specified (extra-EU),False,Extra-EU,270900,Crude oil,Oil & gas,EU Methane Regulation,1751672.115,437102404.0,499258366.0,1.1422,285.02
2020,QW,Countries not specified (extra-EU),False,Extra-EU,271121,Pipeline natural gas,Oil & gas,EU Methane Regulation,7.663,2527.0,2886.0,1.1422,376.61
2020,QW,Countries not specified (extra-EU),False,Extra-EU,390461,PTFE,Fluoropolymers,PFAS restriction (proposed),0.019,3893.0,4447.0,1.1422,234052.63
2020,QW,Countries not specified (extra-EU),False,Extra-EU,390469,Other fluoropolymers,Fluoropolymers,PFAS restriction (proposed),0.008,481.0,549.0,1.1422,68625.0
2020,QZ,Secret (extra-EU),False,Extra-EU,390461,PTFE,Fluoropolymers,PFAS restriction (proposed),0.415,7767.0,8871.0,1.1422,21375.9
2020,QZ,Secret (extra-EU),False,Extra-EU,390469,Other fluoropolymers,Fluoropolymers,PFAS restriction (proposed),0.013,559.0,638.0,1.1422,49076.92
2020,RO,Romania,True,Intra-EU,270900,Crude oil,Oil & gas,EU Methane Regulation,40.839,17577.0,20076.0,1.1422,491.59
2020,RO,Romania,True,Intra-EU,271111,LNG,Oil & gas,EU Methane Regulation,193458.214,42683891.0,48753540.0,1.1422,252.01
2020,RO,Romania,True,Intra-EU,271121,Pipeline natural gas,Oil & gas,EU Methane Regulation,300906.642,38546100.0,44027355.0,1.1422,146.32
2020,RO,Romania,True,Intra-EU,290339,"Fluorinated hydrocarbons (pre-2022 code, incl. HFCs)",F-gases (HFCs),F-gas Regulation,22.178,135658.0,154949.0,1.1422,6986.61
2020,RO,Romania,True,Intra-EU,390461,PTFE,Fluoropolymers,PFAS restriction (proposed),165.324,1702671.0,1944791.0,1.1422,11763.51
2020,RO,Romania,True,Intra-EU,390469,Other fluoropolymers,Fluoropolymers,PFAS restriction (proposed),11.783,243300.0,277897.0,1.1422,23584.57
2020,RU,Russian Federation,False,Extra-EU,270900,Crude oil,Oil & gas,EU Methane Regulation,118108235.968,32130610892.0,36699583761.0,1.1422,310.73
2020,RU,Russian Federation,False,Extra-EU,271111,LNG,Oil & gas,EU Methane Regulation,5522232.189,1668966331.0,1906293343.0,1.1422,345.2
2020,RU,Russian Federation,False,Extra-EU,271121,Pipeline natural gas,Oil & gas,EU Methane Regulation,38190895.746,6341104354.0,7242809393.0,1.1422,189.65
2020,RU,Russian Federation,False,Extra-EU,290339,"Fluorinated hydrocarbons (pre-2022 code, incl. HFCs)",F-gases (HFCs),F-gas Regulation,289.075,2184436.0,2495063.0,1.1422,8631.2
2020,RU,Russian Federation,False,Extra-EU,390461,PTFE,Fluoropolymers,PFAS restriction (proposed),3843.316,20221794.0,23097333.0,1.1422,6009.74
2020,RU,Russian Federation,False,Extra-EU,390469,Other fluoropolymers,Fluoropolymers,PFAS restriction (proposed),7.126,223554.0,255343.0,1.1422,35832.58
2020,SA,Saudi Arabia,False,Extra-EU,270900,Crude oil,Oil & gas,EU Methane Regulation,31476254.194,7957202235.0,9088716393.0,1.1422,288.75
2020,SD,Sudan,False,Extra-EU,270900,Crude oil,Oil & gas,EU Methane Regulation,238641.408,60705540.0,69337868.0,1.1422,290.55
2020,SE,Sweden,True,Intra-EU,270900,Crude oil,Oil & gas,EU Methane Regulation,30038.619,11174112.0,12763071.0,1.1422,424.89
2020,SE,Sweden,True,Intra-EU,271111,LNG,Oil & gas,EU Methane Regulation,1552.77,53217.0,60784.0,1.1422,39.15
2020,SE,Sweden,True,Intra-EU,290339,"Fluorinated hydrocarbons (pre-2022 code, incl. HFCs)",F-gases (HFCs),F-gas Regulation,55.668,783246.0,894624.0,1.1422,16070.7
2020,SE,Sweden,True,Intra-EU,390461,PTFE,Fluoropolymers,PFAS restriction (proposed),16.79,268330.0,306487.0,1.1422,18254.14
2020,SE,Sweden,True,Intra-EU,390469,Other fluoropolymers,Fluoropolymers,PFAS restriction (proposed),41.043,1128111.0,1288528.0,1.1422,31394.59
2020,SG,Singapore,False,Extra-EU,270900,Crude oil,Oil & gas,EU Methane Regulation,0.131,397.0,453.0,1.1422,3458.02
2020,SG,Singapore,False,Extra-EU,290339,"Fluorinated hydrocarbons (pre-2022 code, incl. HFCs)",F-gases (HFCs),F-gas Regulation,19.023,115021.0,131377.0,1.1422,6906.22
2020,SG,Singapore,False,Extra-EU,390461,PTFE,Fluoropolymers,PFAS restriction (proposed),0.003,3357.0,3834.0,1.1422,1278000.0
2020,SG,Singapore,False,Extra-EU,390469,Other fluoropolymers,Fluoropolymers,PFAS restriction (proposed),96.079,1431157.0,1634668.0,1.1422,17013.79
2020,SI,Slovenia,True,Intra-EU,270900,Crude oil,Oil & gas,EU Methane Regulation,348.893,90787.0,103697.0,1.1422,297.22
2020,SI,Slovenia,True,Intra-EU,271111,LNG,Oil & gas,EU Methane Regulation,7003.6,2705487.0,3090207.0,1.1422,441.23
2020,SI,Slovenia,True,Intra-EU,271121,Pipeline natural gas,Oil & gas,EU Methane Regulation,738690.134,128701376.0,147002712.0,1.1422,199.0
2020,SI,Slovenia,True,Intra-EU,290339,"Fluorinated hydrocarbons (pre-2022 code, incl. HFCs)",F-gases (HFCs),F-gas Regulation,27.467,237379.0,271134.0,1.1422,9871.26
2020,SI,Slovenia,True,Intra-EU,390461,PTFE,Fluoropolymers,PFAS restriction (proposed),31.47,460853.0,526386.0,1.1422,16726.6
2020,SI,Slovenia,True,Intra-EU,390469,Other fluoropolymers,Fluoropolymers,PFAS restriction (proposed),32.427,473576.0,540919.0,1.1422,16681.13
2020,SK,Slovakia,True,Intra-EU,270900,Crude oil,Oil & gas,EU Methane Regulation,2026.892,513295.0,586286.0,1.1422,289.25
2020,SK,Slovakia,True,Intra-EU,271111,LNG,Oil & gas,EU Methane Regulation,1111.86,17089.0,19519.0,1.1422,17.56
2020,SK,Slovakia,True,Intra-EU,271121,Pipeline natural gas,Oil & gas,EU Methane Regulation,360588.684,76373516.0,87233830.0,1.1422,241.92
2020,SK,Slovakia,True,Intra-EU,290339,"Fluorinated hydrocarbons (pre-2022 code, incl. HFCs)",F-gases (HFCs),F-gas Regulation,40.085,349884.0,399638.0,1.1422,9969.76
2020,SK,Slovakia,True,Intra-EU,390461,PTFE,Fluoropolymers,PFAS restriction (proposed),13.464,195999.0,223870.0,1.1422,16627.3
2020,SK,Slovakia,True,Intra-EU,390469,Other fluoropolymers,Fluoropolymers,PFAS restriction (proposed),2.998,69164.0,78999.0,1.1422,26350.57
2020,SS,South Sudan,False,Extra-EU,270900,Crude oil,Oil & gas,EU Methane Regulation,78231.26,21279198.0,24305100.0,1.1422,310.68
2020,SX,Sint Maarten (Dutch part),False,Extra-EU,290339,"Fluorinated hydrocarbons (pre-2022 code, incl. HFCs)",F-gases (HFCs),F-gas Regulation,0.49,4736.0,5409.0,1.1422,11038.78
2020,TD,Chad,False,Extra-EU,270900,Crude oil,Oil & gas,EU Methane Regulation,1873892.39,519189874.0,593018674.0,1.1422,316.46
2020,TH,Thailand,False,Extra-EU,270900,Crude oil,Oil & gas,EU Methane Regulation,0.001,2.0,2.0,1.1422,2000.0
2020,TH,Thailand,False,Extra-EU,290339,"Fluorinated hydrocarbons (pre-2022 code, incl. HFCs)",F-gases (HFCs),F-gas Regulation,0.72,4020.0,4592.0,1.1422,6377.78
2020,TH,Thailand,False,Extra-EU,390461,PTFE,Fluoropolymers,PFAS restriction (proposed),0.001,17.0,19.0,1.1422,19000.0
2020,TH,Thailand,False,Extra-EU,390469,Other fluoropolymers,Fluoropolymers,PFAS restriction (proposed),96.0,1083590.0,1237676.0,1.1422,12892.46
2020,TM,Turkmenistan,False,Extra-EU,270900,Crude oil,Oil & gas,EU Methane Regulation,729657.005,195065071.0,222803324.0,1.1422,305.35
2020,TN,Tunisia,False,Extra-EU,270900,Crude oil,Oil & gas,EU Methane Regulation,631529.831,166991495.0,190737686.0,1.1422,302.02
2020,TN,Tunisia,False,Extra-EU,290339,"Fluorinated hydrocarbons (pre-2022 code, incl. HFCs)",F-gases (HFCs),F-gas Regulation,36.12,349446.0,399137.0,1.1422,11050.3
2020,TN,Tunisia,False,Extra-EU,390461,PTFE,Fluoropolymers,PFAS restriction (proposed),0.15,2180.0,2490.0,1.1422,16600.0
2020,TR,Türkiye,False,Extra-EU,270900,Crude oil,Oil & gas,EU Methane Regulation,355492.673,134358208.0,153463945.0,1.1422,431.69
2020,TR,Türkiye,False,Extra-EU,271111,LNG,Oil & gas,EU Methane Regulation,19.0,11167.0,12755.0,1.1422,671.32
2020,TR,Türkiye,False,Extra-EU,271121,Pipeline natural gas,Oil & gas,EU Methane Regulation,405184.489,63023751.0,71985728.0,1.1422,177.66
2020,TR,Türkiye,False,Extra-EU,290339,"Fluorinated hydrocarbons (pre-2022 code, incl. HFCs)",F-gases (HFCs),F-gas Regulation,80.607,367653.0,419933.0,1.1422,5209.63
2020,TR,Türkiye,False,Extra-EU,390461,PTFE,Fluoropolymers,PFAS restriction (proposed),3.044,38431.0,43896.0,1.1422,14420.5
2020,TT,Trinidad and Tobago,False,Extra-EU,270900,Crude oil,Oil & gas,EU Methane Regulation,480571.44,137254074.0,156771603.0,1.1422,326.22
2020,TT,Trinidad and Tobago,False,Extra-EU,271111,LNG,Oil & gas,EU Methane Regulation,2801079.209,685241396.0,782682723.0,1.1422,279.42
2020,TW,Taiwan,False,Extra-EU,270900,Crude oil,Oil & gas,EU Methane Regulation,0.114,40.0,46.0,1.1422,403.51
2020,TW,Taiwan,False,Extra-EU,290339,"Fluorinated hydrocarbons (pre-2022 code, incl. HFCs)",F-gases (HFCs),F-gas Regulation,0.586,7936.0,9064.0,1.1422,15467.58
2020,TW,Taiwan,False,Extra-EU,390461,PTFE,Fluoropolymers,PFAS restriction (proposed),0.053,2968.0,3390.0,1.1422,63962.26
2020,TW,Taiwan,False,Extra-EU,390469,Other fluoropolymers,Fluoropolymers,PFAS restriction (proposed),0.467,16050.0,18332.0,1.1422,39254.82
2020,TZ,Tanzania,False,Extra-EU,270900,Crude oil,Oil & gas,EU Methane Regulation,0.006,5.0,6.0,1.1422,1000.0
2020,UA,Ukraine,False,Extra-EU,270900,Crude oil,Oil & gas,EU Methane Regulation,0.616,268.0,306.0,1.1422,496.75
2020,UA,Ukraine,False,Extra-EU,271121,Pipeline natural gas,Oil & gas,EU Methane Regulation,1270060.741,196658078.0,224622857.0,1.1422,176.86
2020,UA,Ukraine,False,Extra-EU,290339,"Fluorinated hydrocarbons (pre-2022 code, incl. HFCs)",F-gases (HFCs),F-gas Regulation,0.0,79475.0,90776.0,1.1422,
2020,US,United States,False,Extra-EU,270900,Crude oil,Oil & gas,EU Methane Regulation,40446678.036,12286156025.0,14033247412.0,1.1422,346.96
2020,US,United States,False,Extra-EU,271111,LNG,Oil & gas,EU Methane Regulation,8506333.419,1979037349.0,2260456460.0,1.1422,265.74
2020,US,United States,False,Extra-EU,271121,Pipeline natural gas,Oil & gas,EU Methane Regulation,9228.183,1226203.0,1400569.0,1.1422,151.77
2020,US,United States,False,Extra-EU,290339,"Fluorinated hydrocarbons (pre-2022 code, incl. HFCs)",F-gases (HFCs),F-gas Regulation,12844.71,235628859.0,269135283.0,1.1422,20953.01
2020,US,United States,False,Extra-EU,390461,PTFE,Fluoropolymers,PFAS restriction (proposed),2246.69,29103649.0,33242188.0,1.1422,14796.07
2020,US,United States,False,Extra-EU,390469,Other fluoropolymers,Fluoropolymers,PFAS restriction (proposed),5211.146,89863137.0,102641675.0,1.1422,19696.56
2020,UY,Uruguay,False,Extra-EU,290339,"Fluorinated hydrocarbons (pre-2022 code, incl. HFCs)",F-gases (HFCs),F-gas Regulation,3.84,63284.0,72283.0,1.1422,18823.7
2020,VE,Venezuela,False,Extra-EU,270900,Crude oil,Oil & gas,EU Methane Regulation,2185749.276,409562077.0,467801804.0,1.1422,214.02
2020,XC,Ceuta,False,Extra-EU,270900,Crude oil,Oil & gas,EU Methane Regulation,0.0,1.0,1.0,1.1422,
2020,XK,Kosovo,False,Extra-EU,390461,PTFE,Fluoropolymers,PFAS restriction (proposed),0.002,40.0,46.0,1.1422,23000.0
2020,XS,Serbia,False,Extra-EU,290339,"Fluorinated hydrocarbons (pre-2022 code, incl. HFCs)",F-gases (HFCs),F-gas Regulation,0.005,356.0,407.0,1.1422,81400.0
2020,XS,Serbia,False,Extra-EU,390461,PTFE,Fluoropolymers,PFAS restriction (proposed),0.002,6570.0,7504.0,1.1422,3752000.0
2020,XS,Serbia,False,Extra-EU,390469,Other fluoropolymers,Fluoropolymers,PFAS restriction (proposed),0.005,648.0,740.0,1.1422,148000.0
2020,YE,Yemen,False,Extra-EU,270900,Crude oil,Oil & gas,EU Methane Regulation,81108.0,22371571.0,25552808.0,1.1422,315.05
2020,ZA,South Africa,False,Extra-EU,270900,Crude oil,Oil & gas,EU Methane Regulation,1.25,527.0,602.0,1.1422,481.6
2020,ZA,South Africa,False,Extra-EU,271111,LNG,Oil & gas,EU Methane Regulation,3097.123,2584203.0,2951677.0,1.1422,953.04
2020,ZA,South Africa,False,Extra-EU,290339,"Fluorinated hydrocarbons (pre-2022 code, incl. HFCs)",F-gases (HFCs),F-gas Regulation,1.0,626.0,715.0,1.1422,715.0
2020,ZA,South Africa,False,Extra-EU,390469,Other fluoropolymers,Fluoropolymers,PFAS restriction (proposed),22.371,69123.0,78952.0,1.1422,3529.21
2021,AE,United Arab Emirates,False,Extra-EU,270900,Crude oil,Oil & gas,EU Methane Regulation,4.419,3416.0,4040.0,1.1827,914.23
2021,AE,United Arab Emirates,False,Extra-EU,271111,LNG,Oil & gas,EU Methane Regulation,19.17,1321.0,1562.0,1.1827,81.48
2021,AE,United Arab Emirates,False,Extra-EU,290339,"Fluorinated hydrocarbons (pre-2022 code, incl. HFCs)",F-gases (HFCs),F-gas Regulation,80.02,255971.0,302737.0,1.1827,3783.27
2021,AE,United Arab Emirates,False,Extra-EU,390461,PTFE,Fluoropolymers,PFAS restriction (proposed),0.001,834.0,986.0,1.1827,986000.0
2021,AF,Afghanistan,False,Extra-EU,270900,Crude oil,Oil & gas,EU Methane Regulation,86028.062,42766303.0,50579707.0,1.1827,587.94
2021,AG,Antigua and Barbuda,False,Extra-EU,270900,Crude oil,Oil & gas,EU Methane Regulation,0.002,1.0,1.0,1.1827,500.0
2021,AL,Albania,False,Extra-EU,270900,Crude oil,Oil & gas,EU Methane Regulation,606663.001,191784047.0,226822992.0,1.1827,373.89
2021,AL,Albania,False,Extra-EU,271111,LNG,Oil & gas,EU Methane Regulation,25.851,19553.0,23125.0,1.1827,894.55
2021,AO,Angola,False,Extra-EU,270900,Crude oil,Oil & gas,EU Methane Regulation,1804043.136,776318693.0,918152118.0,1.1827,508.94
2021,AO,Angola,False,Extra-EU,271111,LNG,Oil & gas,EU Methane Regulation,457197.27,515802375.0,610039469.0,1.1827,1334.3
2021,AR,Argentina,False,Extra-EU,270900,Crude oil,Oil & gas,EU Methane Regulation,0.012,9.0,11.0,1.1827,916.67
2021,AT,Austria,True,Intra-EU,270900,Crude oil,Oil & gas,EU Methane Regulation,2.971,1756.0,2077.0,1.1827,699.09
2021,AT,Austria,True,Intra-EU,271111,LNG,Oil & gas,EU Methane Regulation,16317.922,15047547.0,17796734.0,1.1827,1090.63
2021,AT,Austria,True,Intra-EU,271121,Pipeline natural gas,Oil & gas,EU Methane Regulation,1299263.096,670318686.0,792785910.0,1.1827,610.18
2021,AT,Austria,True,Intra-EU,290339,"Fluorinated hydrocarbons (pre-2022 code, incl. HFCs)",F-gases (HFCs),F-gas Regulation,106.136,1395594.0,1650569.0,1.1827,15551.45
2021,AT,Austria,True,Intra-EU,390461,PTFE,Fluoropolymers,PFAS restriction (proposed),47.753,713662.0,844048.0,1.1827,17675.29
2021,AT,Austria,True,Intra-EU,390469,Other fluoropolymers,Fluoropolymers,PFAS restriction (proposed),56.094,936348.0,1107419.0,1.1827,19742.2
2021,AU,Australia,False,Extra-EU,270900,Crude oil,Oil & gas,EU Methane Regulation,23117.423,9575430.0,11324861.0,1.1827,489.88
2021,AU,Australia,False,Extra-EU,271111,LNG,Oil & gas,EU Methane Regulation,41809.444,54310843.0,64233434.0,1.1827,1536.34
2021,AU,Australia,False,Extra-EU,290339,"Fluorinated hydrocarbons (pre-2022 code, incl. HFCs)",F-gases (HFCs),F-gas Regulation,0.014,968.0,1145.0,1.1827,81785.71
2021,AU,Australia,False,Extra-EU,390461,PTFE,Fluoropolymers,PFAS restriction (proposed),0.026,8803.0,10411.0,1.1827,400423.08
2021,AU,Australia,False,Extra-EU,390469,Other fluoropolymers,Fluoropolymers,PFAS restriction (proposed),2.001,16715.0,19769.0,1.1827,9879.56
2021,AZ,Azerbaijan,False,Extra-EU,270900,Crude oil,Oil & gas,EU Methane Regulation,19974485.221,9065426509.0,10721679932.0,1.1827,536.77
2021,AZ,Azerbaijan,False,Extra-EU,271121,Pipeline natural gas,Oil & gas,EU Methane Regulation,6308602.185,3892233012.0,4603343983.0,1.1827,729.69
2021,BA,Bosnia and Herzegovina,False,Extra-EU,390469,Other fluoropolymers,Fluoropolymers,PFAS restriction (proposed),1.0,1799.0,2128.0,1.1827,2128.0
2021,BB,Barbados,False,Extra-EU,270900,Crude oil,Oil & gas,EU Methane Regulation,0.009,102.0,121.0,1.1827,13444.44
2021,BD,Bangladesh,False,Extra-EU,290339,"Fluorinated hydrocarbons (pre-2022 code, incl. HFCs)",F-gases (HFCs),F-gas Regulation,0.339,11851.0,14016.0,1.1827,41345.13
2021,BE,Belgium,True,Intra-EU,270900,Crude oil,Oil & gas,EU Methane Regulation,947713.762,408860259.0,483559028.0,1.1827,510.24
2021,BE,Belgium,True,Intra-EU,271111,LNG,Oil & gas,EU Methane Regulation,5883.651,27149847.0,32110124.0,1.1827,5457.52
2021,BE,Belgium,True,Intra-EU,271121,Pipeline natural gas,Oil & gas,EU Methane Regulation,1.647,8139697705.0,9626820476.0,1.1827,5845064041.29
2021,BE,Belgium,True,Intra-EU,290339,"Fluorinated hydrocarbons (pre-2022 code, incl. HFCs)",F-gases (HFCs),F-gas Regulation,3381.199,34600281.0,40921752.0,1.1827,12102.73
2021,BE,Belgium,True,Intra-EU,390461,PTFE,Fluoropolymers,PFAS restriction (proposed),2894.547,38646891.0,45707678.0,1.1827,15790.96
2021,BE,Belgium,True,Intra-EU,390469,Other fluoropolymers,Fluoropolymers,PFAS restriction (proposed),3571.23,77351721.0,91483880.0,1.1827,25616.91
2021,BG,Bulgaria,True,Intra-EU,270900,Crude oil,Oil & gas,EU Methane Regulation,0.199,77.0,91.0,1.1827,457.29
2021,BG,Bulgaria,True,Intra-EU,271121,Pipeline natural gas,Oil & gas,EU Methane Regulation,778867.426,448948245.0,530971089.0,1.1827,681.72
2021,BG,Bulgaria,True,Intra-EU,290339,"Fluorinated hydrocarbons (pre-2022 code, incl. HFCs)",F-gases (HFCs),F-gas Regulation,32.648,261528.0,309309.0,1.1827,9474.06
2021,BG,Bulgaria,True,Intra-EU,390461,PTFE,Fluoropolymers,PFAS restriction (proposed),2.776,41659.0,49270.0,1.1827,17748.56
2021,BG,Bulgaria,True,Intra-EU,390469,Other fluoropolymers,Fluoropolymers,PFAS restriction (proposed),23.11,496315.0,586992.0,1.1827,25399.91
2021,BH,Bahrain,False,Extra-EU,270900,Crude oil,Oil & gas,EU Methane Regulation,0.012,191.0,226.0,1.1827,18833.33
2021,BN,Brunei Darussalam,False,Extra-EU,270900,Crude oil,Oil & gas,EU Methane Regulation,0.234,255.0,302.0,1.1827,1290.6
2021,BO,Bolivia,False,Extra-EU,270900,Crude oil,Oil & gas,EU Methane Regulation,0.001,5.0,6.0,1.1827,6000.0
2021,BR,Brazil,False,Extra-EU,270900,Crude oil,Oil & gas,EU Methane Regulation,8648165.711,3709327145.0,4387021214.0,1.1827,507.28
2021,BR,Brazil,False,Extra-EU,290339,"Fluorinated hydrocarbons (pre-2022 code, incl. HFCs)",F-gases (HFCs),F-gas Regulation,4.5,32215.0,38101.0,1.1827,8466.89
2021,BR,Brazil,False,Extra-EU,390461,PTFE,Fluoropolymers,PFAS restriction (proposed),2.677,177828.0,210317.0,1.1827,78564.44
2021,BR,Brazil,False,Extra-EU,390469,Other fluoropolymers,Fluoropolymers,PFAS restriction (proposed),220.76,2780769.0,3288815.0,1.1827,14897.69
2021,CA,Canada,False,Extra-EU,270900,Crude oil,Oil & gas,EU Methane Regulation,3426052.491,1368083188.0,1618031986.0,1.1827,472.27
2021,CA,Canada,False,Extra-EU,290339,"Fluorinated hydrocarbons (pre-2022 code, incl. HFCs)",F-gases (HFCs),F-gas Regulation,1.203,47728.0,56448.0,1.1827,46922.69
2021,CA,Canada,False,Extra-EU,390461,PTFE,Fluoropolymers,PFAS restriction (proposed),0.387,13476.0,15938.0,1.1827,41183.46
2021,CA,Canada,False,Extra-EU,390469,Other fluoropolymers,Fluoropolymers,PFAS restriction (proposed),5.098,87077.0,102986.0,1.1827,20201.26
2021,CD,"Congo, The Democratic Republic of the",False,Extra-EU,270900,Crude oil,Oil & gas,EU Methane Regulation,251561.696,108807558.0,128686699.0,1.1827,511.55
2021,CG,Congo,False,Extra-EU,270900,Crude oil,Oil & gas,EU Methane Regulation,117141.877,25571346.0,30243231.0,1.1827,258.18
2021,CH,Switzerland,False,Extra-EU,270900,Crude oil,Oil & gas,EU Methane Regulation,27976.915,10327840.0,12214736.0,1.1827,436.6
2021,CH,Switzerland,False,Extra-EU,271121,Pipeline natural gas,Oil & gas,EU Methane Regulation,0.0,24538750.0,29021980.0,1.1827,
2021,CH,Switzerland,False,Extra-EU,290339,"Fluorinated hydrocarbons (pre-2022 code, incl. HFCs)",F-gases (HFCs),F-gas Regulation,9.052,170677.0,201860.0,1.1827,22300.04
2021,CH,Switzerland,False,Extra-EU,390461,PTFE,Fluoropolymers,PFAS restriction (proposed),576.404,3322489.0,3929508.0,1.1827,6817.28
2021,CH,Switzerland,False,Extra-EU,390469,Other fluoropolymers,Fluoropolymers,PFAS restriction (proposed),373.648,5382438.0,6365809.0,1.1827,17036.91
2021,CI,Côte d'Ivoire,False,Extra-EU,270900,Crude oil,Oil & gas,EU Methane Regulation,207553.0,94116743.0,111311872.0,1.1827,536.31
2021,CI,Côte d'Ivoire,False,Extra-EU,271111,LNG,Oil & gas,EU Methane Regulation,0.0,570.0,674.0,1.1827,
2021,CL,Chile,False,Extra-EU,270900,Crude oil,Oil & gas,EU Methane Regulation,0.003,44.0,52.0,1.1827,17333.33
2021,CM,Cameroon,False,Extra-EU,270900,Crude oil,Oil & gas,EU Methane Regulation,1736573.643,693593481.0,820313010.0,1.1827,472.37
2021,CM,Cameroon,False,Extra-EU,271111,LNG,Oil & gas,EU Methane Regulation,45777.96,12623003.0,14929226.0,1.1827,326.12
2021,CN,China,False,Extra-EU,270900,Crude oil,Oil & gas,EU Methane Regulation,42.123,33913.0,40109.0,1.1827,952.19
2021,CN,China,False,Extra-EU,290339,"Fluorinated hydrocarbons (pre-2022 code, incl. HFCs)",F-gases (HFCs),F-gas Regulation,36773.823,151367077.0,179021842.0,1.1827,4868.19
2021,CN,China,False,Extra-EU,390461,PTFE,Fluoropolymers,PFAS restriction (proposed),6819.862,55941139.0,66161585.0,1.1827,9701.31
2021,CN,China,False,Extra-EU,390469,Other fluoropolymers,Fluoropolymers,PFAS restriction (proposed),6945.338,86355257.0,102132362.0,1.1827,14705.17
2021,CO,Colombia,False,Extra-EU,270900,Crude oil,Oil & gas,EU Methane Regulation,590780.806,228778732.0,270576606.0,1.1827,458.0
2021,CR,Costa Rica,False,Extra-EU,390469,Other fluoropolymers,Fluoropolymers,PFAS restriction (proposed),0.001,25.0,30.0,1.1827,30000.0
2021,CU,Cuba,False,Extra-EU,270900,Crude oil,Oil & gas,EU Methane Regulation,70350.373,29641225.0,35056677.0,1.1827,498.32
2021,CV,Cabo Verde,False,Extra-EU,290339,"Fluorinated hydrocarbons (pre-2022 code, incl. HFCs)",F-gases (HFCs),F-gas Regulation,0.001,9.0,11.0,1.1827,11000.0
2021,CW,Curaçao,False,Extra-EU,270900,Crude oil,Oil & gas,EU Methane Regulation,74843.211,26628348.0,31493347.0,1.1827,420.79
2021,CY,Cyprus,True,Intra-EU,270900,Crude oil,Oil & gas,EU Methane Regulation,82822.855,36513995.0,43185102.0,1.1827,521.42
2021,CY,Cyprus,True,Intra-EU,290339,"Fluorinated hydrocarbons (pre-2022 code, incl. HFCs)",F-gases (HFCs),F-gas Regulation,0.447,16612.0,19647.0,1.1827,43953.02
2021,CY,Cyprus,True,Intra-EU,390461,PTFE,Fluoropolymers,PFAS restriction (proposed),0.0,3.0,4.0,1.1827,
2021,CY,Cyprus,True,Intra-EU,390469,Other fluoropolymers,Fluoropolymers,PFAS restriction (proposed),0.0,6.0,7.0,1.1827,
2021,CZ,Czechia,True,Intra-EU,270900,Crude oil,Oil & gas,EU Methane Regulation,119.534,69466.0,82157.0,1.1827,687.31
2021,CZ,Czechia,True,Intra-EU,271121,Pipeline natural gas,Oil & gas,EU Methane Regulation,58410.302,39550705.0,46776619.0,1.1827,800.83
2021,CZ,Czechia,True,Intra-EU,290339,"Fluorinated hydrocarbons (pre-2022 code, incl. HFCs)",F-gases (HFCs),F-gas Regulation,290.582,5118664.0,6053844.0,1.1827,20833.51
2021,CZ,Czechia,True,Intra-EU,390461,PTFE,Fluoropolymers,PFAS restriction (proposed),21.609,357547.0,422871.0,1.1827,19569.21
2021,CZ,Czechia,True,Intra-EU,390469,Other fluoropolymers,Fluoropolymers,PFAS restriction (proposed),24.732,542779.0,641945.0,1.1827,25956.05
2021,DE,Germany,True,Intra-EU,270900,Crude oil,Oil & gas,EU Methane Regulation,400645.108,192822650.0,228051348.0,1.1827,569.21
2021,DE,Germany,True,Intra-EU,271111,LNG,Oil & gas,EU Methane Regulation,118031.561,36944785.0,43694597.0,1.1827,370.19
2021,DE,Germany,True,Intra-EU,271121,Pipeline natural gas,Oil & gas,EU Methane Regulation,3041936.582,3916390600.0,4631915163.0,1.1827,1522.69
2021,DE,Germany,True,Intra-EU,290339,"Fluorinated hydrocarbons (pre-2022 code, incl. HFCs)",F-gases (HFCs),F-gas Regulation,4582.657,61877262.0,73182238.0,1.1827,15969.39
2021,DE,Germany,True,Intra-EU,390461,PTFE,Fluoropolymers,PFAS restriction (proposed),7035.969,86124642.0,101859614.0,1.1827,14476.98
2021,DE,Germany,True,Intra-EU,390469,Other fluoropolymers,Fluoropolymers,PFAS restriction (proposed),4790.463,76636916.0,90638481.0,1.1827,18920.61
2021,DK,Denmark,True,Intra-EU,270900,Crude oil,Oil & gas,EU Methane Regulation,591943.713,258768752.0,306045803.0,1.1827,517.02
2021,DK,Denmark,True,Intra-EU,271111,LNG,Oil & gas,EU Methane Regulation,4381.577,1841204.0,2177592.0,1.1827,496.99
2021,DK,Denmark,True,Intra-EU,271121,Pipeline natural gas,Oil & gas,EU Methane Regulation,1037091.925,324385972.0,383651289.0,1.1827,369.93
2021,DK,Denmark,True,Intra-EU,290339,"Fluorinated hydrocarbons (pre-2022 code, incl. HFCs)",F-gases (HFCs),F-gas Regulation,56.675,1497497.0,1771090.0,1.1827,31249.93
2021,DK,Denmark,True,Intra-EU,390461,PTFE,Fluoropolymers,PFAS restriction (proposed),7.83,188579.0,223032.0,1.1827,28484.29
2021,DK,Denmark,True,Intra-EU,390469,Other fluoropolymers,Fluoropolymers,PFAS restriction (proposed),12.903,321379.0,380095.0,1.1827,29457.88
2021,DO,Dominican Republic,False,Extra-EU,270900,Crude oil,Oil & gas,EU Methane Regulation,0.002,1.0,1.0,1.1827,500.0
2021,DZ,Algeria,False,Extra-EU,270900,Crude oil,Oil & gas,EU Methane Regulation,12230909.268,6035206166.0,7137838333.0,1.1827,583.59
2021,DZ,Algeria,False,Extra-EU,271111,LNG,Oil & gas,EU Methane Regulation,3741951.513,2572149474.0,3042081183.0,1.1827,812.97
2021,DZ,Algeria,False,Extra-EU,271121,Pipeline natural gas,Oil & gas,EU Methane Regulation,22886739.494,6259692223.0,7403337992.0,1.1827,323.48
2021,EE,Estonia,True,Intra-EU,270900,Crude oil,Oil & gas,EU Methane Regulation,36918.89,12414754.0,14682930.0,1.1827,397.71
2021,EE,Estonia,True,Intra-EU,271111,LNG,Oil & gas,EU Methane Regulation,5872.79,3765226.0,4453133.0,1.1827,758.27
2021,EE,Estonia,True,Intra-EU,271121,Pipeline natural gas,Oil & gas,EU Methane Regulation,62391.856,33622366.0,39765172.0,1.1827,637.35
2021,EE,Estonia,True,Intra-EU,290339,"Fluorinated hydrocarbons (pre-2022 code, incl. HFCs)",F-gases (HFCs),F-gas Regulation,105.76,540354.0,639077.0,1.1827,6042.71
2021,EE,Estonia,True,Intra-EU,390461,PTFE,Fluoropolymers,PFAS restriction (proposed),7.004,60981.0,72122.0,1.1827,10297.26
2021,EE,Estonia,True,Intra-EU,390469,Other fluoropolymers,Fluoropolymers,PFAS restriction (proposed),0.542,12270.0,14512.0,1.1827,26774.91
2021,EG,Egypt,False,Extra-EU,270900,Crude oil,Oil & gas,EU Methane Regulation,2587610.442,1141559322.0,1350122210.0,1.1827,521.76
2021,EG,Egypt,False,Extra-EU,271111,LNG,Oil & gas,EU Methane Regulation,639783.578,473792003.0,560353802.0,1.1827,875.85
2021,EG,Egypt,False,Extra-EU,271121,Pipeline natural gas,Oil & gas,EU Methane Regulation,60831.232,16067064.0,19002517.0,1.1827,312.38
2021,ES,Spain,True,Intra-EU,270900,Crude oil,Oil & gas,EU Methane Regulation,25.261,47512.0,56192.0,1.1827,2224.46
2021,ES,Spain,True,Intra-EU,271111,LNG,Oil & gas,EU Methane Regulation,52866.01,38374344.0,45385337.0,1.1827,858.5
2021,ES,Spain,True,Intra-EU,271121,Pipeline natural gas,Oil & gas,EU Methane Regulation,370277.465,242218895.0,286472287.0,1.1827,773.67
2021,ES,Spain,True,Intra-EU,290339,"Fluorinated hydrocarbons (pre-2022 code, incl. HFCs)",F-gases (HFCs),F-gas Regulation,1575.921,7732166.0,9144833.0,1.1827,5802.85
2021,ES,Spain,True,Intra-EU,390461,PTFE,Fluoropolymers,PFAS restriction (proposed),92.071,846886.0,1001612.0,1.1827,10878.69
2021,ES,Spain,True,Intra-EU,390469,Other fluoropolymers,Fluoropolymers,PFAS restriction (proposed),759.771,2050811.0,2425494.0,1.1827,3192.4
2021,FI,Finland,True,Intra-EU,270900,Crude oil,Oil & gas,EU Methane Regulation,14.932,7423.0,8779.0,1.1827,587.93
2021,FI,Finland,True,Intra-EU,271111,LNG,Oil & gas,EU Methane Regulation,45542.018,17461513.0,20651731.0,1.1827,453.47
2021,FI,Finland,True,Intra-EU,271121,Pipeline natural gas,Oil & gas,EU Methane Regulation,31450.455,9711207.0,11485445.0,1.1827,365.19
2021,FI,Finland,True,Intra-EU,290339,"Fluorinated hydrocarbons (pre-2022 code, incl. HFCs)",F-gases (HFCs),F-gas Regulation,20.6,188579.0,223032.0,1.1827,10826.8
2021,FI,Finland,True,Intra-EU,390461,PTFE,Fluoropolymers,PFAS restriction (proposed),1.339,28524.0,33735.0,1.1827,25194.17
2021,FI,Finland,True,Intra-EU,390469,Other fluoropolymers,Fluoropolymers,PFAS restriction (proposed),100.559,4234062.0,5007625.0,1.1827,49797.88
2021,FO,Faroe Islands,False,Extra-EU,270900,Crude oil,Oil & gas,EU Methane Regulation,0.001,20.0,24.0,1.1827,24000.0
2021,FO,Faroe Islands,False,Extra-EU,290339,"Fluorinated hydrocarbons (pre-2022 code, incl. HFCs)",F-gases (HFCs),F-gas Regulation,0.107,67.0,79.0,1.1827,738.32
2021,FR,France,True,Intra-EU,270900,Crude oil,Oil & gas,EU Methane Regulation,688256.928,307941179.0,364202032.0,1.1827,529.17
2021,FR,France,True,Intra-EU,271111,LNG,Oil & gas,EU Methane Regulation,171284.96,102283388.0,120970563.0,1.1827,706.25
2021,FR,France,True,Intra-EU,271121,Pipeline natural gas,Oil & gas,EU Methane Regulation,1324385.304,740044942.0,875251153.0,1.1827,660.87
2021,FR,France,True,Intra-EU,290339,"Fluorinated hydrocarbons (pre-2022 code, incl. HFCs)",F-gases (HFCs),F-gas Regulation,6318.853,51878225.0,61356377.0,1.1827,9710.05
2021,FR,France,True,Intra-EU,390461,PTFE,Fluoropolymers,PFAS restriction (proposed),284.065,2827426.0,3343997.0,1.1827,11771.94
2021,FR,France,True,Intra-EU,390469,Other fluoropolymers,Fluoropolymers,PFAS restriction (proposed),11301.822,151149195.0,178764153.0,1.1827,15817.29
2021,GA,Gabon,False,Extra-EU,270900,Crude oil,Oil & gas,EU Methane Regulation,1088503.044,516068023.0,610353651.0,1.1827,560.73
2021,GB,United Kingdom,False,Extra-EU,270900,Crude oil,Oil & gas,EU Methane Regulation,23021197.916,10109534799.0,11956546807.0,1.1827,519.37
2021,GB,United Kingdom,False,Extra-EU,271111,LNG,Oil & gas,EU Methane Regulation,953440.834,616279028.0,728873206.0,1.1827,764.47
2021,GB,United Kingdom,False,Extra-EU,271121,Pipeline natural gas,Oil & gas,EU Methane Regulation,7883033.875,3023843160.0,3576299305.0,1.1827,453.67
2021,GB,United Kingdom,False,Extra-EU,290339,"Fluorinated hydrocarbons (pre-2022 code, incl. HFCs)",F-gases (HFCs),F-gas Regulation,5177.491,38448764.0,45473353.0,1.1827,8782.89
2021,GB,United Kingdom,False,Extra-EU,390461,PTFE,Fluoropolymers,PFAS restriction (proposed),3169.555,23900693.0,28267350.0,1.1827,8918.4
2021,GB,United Kingdom,False,Extra-EU,390469,Other fluoropolymers,Fluoropolymers,PFAS restriction (proposed),920.634,18100139.0,21407034.0,1.1827,23252.49
2021,GH,Ghana,False,Extra-EU,270900,Crude oil,Oil & gas,EU Methane Regulation,634110.058,288745984.0,341499875.0,1.1827,538.55
2021,GI,Gibraltar,False,Extra-EU,270900,Crude oil,Oil & gas,EU Methane Regulation,0.252,120.0,142.0,1.1827,563.49
2021,GQ,Equatorial Guinea,False,Extra-EU,270900,Crude oil,Oil & gas,EU Methane Regulation,1938364.238,843525799.0,997637962.0,1.1827,514.68
2021,GQ,Equatorial Guinea,False,Extra-EU,271111,LNG,Oil & gas,EU Methane Regulation,574042.891,253791240.0,300158900.0,1.1827,522.89
2021,GR,Greece,True,Intra-EU,270900,Crude oil,Oil & gas,EU Methane Regulation,501166.024,210610870.0,249089476.0,1.1827,497.02
2021,GR,Greece,True,Intra-EU,271111,LNG,Oil & gas,EU Methane Regulation,230.04,10035.0,11868.0,1.1827,51.59
2021,GR,Greece,True,Intra-EU,271121,Pipeline natural gas,Oil & gas,EU Methane Regulation,437950.393,230995098.0,273197902.0,1.1827,623.81
2021,GR,Greece,True,Intra-EU,290339,"Fluorinated hydrocarbons (pre-2022 code, incl. HFCs)",F-gases (HFCs),F-gas Regulation,12.007,165909.0,196221.0,1.1827,16342.22
2021,GR,Greece,True,Intra-EU,390461,PTFE,Fluoropolymers,PFAS restriction (proposed),1.696,26409.0,31234.0,1.1827,18416.27
2021,GR,Greece,True,Intra-EU,390469,Other fluoropolymers,Fluoropolymers,PFAS restriction (proposed),149.326,252279.0,298370.0,1.1827,1998.11
2021,GY,Guyana,False,Extra-EU,270900,Crude oil,Oil & gas,EU Methane Regulation,960801.589,443478901.0,524502496.0,1.1827,545.9
2021,HK,Hong Kong,False,Extra-EU,270900,Crude oil,Oil & gas,EU Methane Regulation,0.428,221.0,261.0,1.1827,609.81
2021,HK,Hong Kong,False,Extra-EU,290339,"Fluorinated hydrocarbons (pre-2022 code, incl. HFCs)",F-gases (HFCs),F-gas Regulation,27.972,429762.0,508280.0,1.1827,18171.03
2021,HK,Hong Kong,False,Extra-EU,390461,PTFE,Fluoropolymers,PFAS restriction (proposed),0.224,1764.0,2086.0,1.1827,9312.5
2021,HK,Hong Kong,False,Extra-EU,390469,Other fluoropolymers,Fluoropolymers,PFAS restriction (proposed),0.7,10216.0,12082.0,1.1827,17260.0
2021,HN,Honduras,False,Extra-EU,270900,Crude oil,Oil & gas,EU Methane Regulation,0.024,31.0,37.0,1.1827,1541.67
2021,HR,Croatia,True,Intra-EU,270900,Crude oil,Oil & gas,EU Methane Regulation,1964017.859,858304872.0,1015117172.0,1.1827,516.86
2021,HR,Croatia,True,Intra-EU,271111,LNG,Oil & gas,EU Methane Regulation,3317.692,1214988.0,1436966.0,1.1827,433.12
2021,HR,Croatia,True,Intra-EU,271121,Pipeline natural gas,Oil & gas,EU Methane Regulation,421104.93,147255201.0,174158726.0,1.1827,413.58
2021,HR,Croatia,True,Intra-EU,290339,"Fluorinated hydrocarbons (pre-2022 code, incl. HFCs)",F-gases (HFCs),F-gas Regulation,11.706,176429.0,208663.0,1.1827,17825.3
2021,HR,Croatia,True,Intra-EU,390461,PTFE,Fluoropolymers,PFAS restriction (proposed),0.188,4554.0,5386.0,1.1827,28648.94
2021,HR,Croatia,True,Intra-EU,390469,Other fluoropolymers,Fluoropolymers,PFAS restriction (proposed),3.478,60836.0,71951.0,1.1827,20687.46
2021,HU,Hungary,True,Intra-EU,270900,Crude oil,Oil & gas,EU Methane Regulation,231900.198,101703748.0,120285023.0,1.1827,518.69
2021,HU,Hungary,True,Intra-EU,271121,Pipeline natural gas,Oil & gas,EU Methane Regulation,367060.968,156694696.0,185322817.0,1.1827,504.88
2021,HU,Hungary,True,Intra-EU,290339,"Fluorinated hydrocarbons (pre-2022 code, incl. HFCs)",F-gases (HFCs),F-gas Regulation,132.84,2608715.0,3085327.0,1.1827,23225.89
2021,HU,Hungary,True,Intra-EU,390461,PTFE,Fluoropolymers,PFAS restriction (proposed),3.33,61911.0,73222.0,1.1827,21988.59
2021,HU,Hungary,True,Intra-EU,390469,Other fluoropolymers,Fluoropolymers,PFAS restriction (proposed),268.12,677259.0,800994.0,1.1827,2987.45
2021,ID,Indonesia,False,Extra-EU,270900,Crude oil,Oil & gas,EU Methane Regulation,1.045,289.0,342.0,1.1827,327.27
2021,ID,Indonesia,False,Extra-EU,271111,LNG,Oil & gas,EU Methane Regulation,9351.807,10506817.0,12426412.0,1.1827,1328.77
2021,IE,Ireland,True,Intra-EU,270900,Crude oil,Oil & gas,EU Methane Regulation,82417.25,28833443.0,34101313.0,1.1827,413.76
2021,IE,Ireland,True,Intra-EU,290339,"Fluorinated hydrocarbons (pre-2022 code, incl. HFCs)",F-gases (HFCs),F-gas Regulation,176.781,1127919.0,1333990.0,1.1827,7546.0
2021,IE,Ireland,True,Intra-EU,390461,PTFE,Fluoropolymers,PFAS restriction (proposed),16.288,272813.0,322656.0,1.1827,19809.43
2021,IE,Ireland,True,Intra-EU,390469,Other fluoropolymers,Fluoropolymers,PFAS restriction (proposed),68.859,1511481.0,1787629.0,1.1827,25960.72
2021,IL,Israel,False,Extra-EU,270900,Crude oil,Oil & gas,EU Methane Regulation,360973.107,141177784.0,166970965.0,1.1827,462.56
2021,IL,Israel,False,Extra-EU,290339,"Fluorinated hydrocarbons (pre-2022 code, incl. HFCs)",F-gases (HFCs),F-gas Regulation,1527.817,7677798.0,9080532.0,1.1827,5943.47
2021,IL,Israel,False,Extra-EU,390469,Other fluoropolymers,Fluoropolymers,PFAS restriction (proposed),4.529,125260.0,148145.0,1.1827,32710.31
2021,IN,India,False,Extra-EU,270900,Crude oil,Oil & gas,EU Methane Regulation,0.357,492.0,582.0,1.1827,1630.25
2021,IN,India,False,Extra-EU,290339,"Fluorinated hydrocarbons (pre-2022 code, incl. HFCs)",F-gases (HFCs),F-gas Regulation,23.0,743024.0,878774.0,1.1827,38207.57
2021,IN,India,False,Extra-EU,390461,PTFE,Fluoropolymers,PFAS restriction (proposed),5827.053,50712934.0,59978187.0,1.1827,10293.06
2021,IN,India,False,Extra-EU,390469,Other fluoropolymers,Fluoropolymers,PFAS restriction (proposed),865.955,13475354.0,15937301.0,1.1827,18404.31
2021,IQ,Iraq,False,Extra-EU,270900,Crude oil,Oil & gas,EU Methane Regulation,31765576.962,12890076124.0,15245093032.0,1.1827,479.92
2021,IS,Iceland,False,Extra-EU,270900,Crude oil,Oil & gas,EU Methane Regulation,0.059,30.0,35.0,1.1827,593.22
2021,IT,Italy,True,Intra-EU,270900,Crude oil,Oil & gas,EU Methane Regulation,1244173.391,427237917.0,505294284.0,1.1827,406.13
2021,IT,Italy,True,Intra-EU,271111,LNG,Oil & gas,EU Methane Regulation,0.0,1444038.0,1707864.0,1.1827,
2021,IT,Italy,True,Intra-EU,271121,Pipeline natural gas,Oil & gas,EU Methane Regulation,71230.578,29116113.0,34435627.0,1.1827,483.44
2021,IT,Italy,True,Intra-EU,290339,"Fluorinated hydrocarbons (pre-2022 code, incl. HFCs)",F-gases (HFCs),F-gas Regulation,1934.169,18619290.0,22021034.0,1.1827,11385.27
2021,IT,Italy,True,Intra-EU,390461,PTFE,Fluoropolymers,PFAS restriction (proposed),3999.41,54744309.0,64746094.0,1.1827,16188.91
2021,IT,Italy,True,Intra-EU,390469,Other fluoropolymers,Fluoropolymers,PFAS restriction (proposed),2346.152,51704608.0,61151040.0,1.1827,26064.4
2021,JM,Jamaica,False,Extra-EU,270900,Crude oil,Oil & gas,EU Methane Regulation,0.003,1.0,1.0,1.1827,333.33
2021,JO,Jordan,False,Extra-EU,270900,Crude oil,Oil & gas,EU Methane Regulation,0.241,116.0,137.0,1.1827,568.46
2021,JP,Japan,False,Extra-EU,270900,Crude oil,Oil & gas,EU Methane Regulation,0.17,270.0,319.0,1.1827,1876.47
2021,JP,Japan,False,Extra-EU,290339,"Fluorinated hydrocarbons (pre-2022 code, incl. HFCs)",F-gases (HFCs),F-gas Regulation,115.293,3687845.0,4361614.0,1.1827,37830.69
2021,JP,Japan,False,Extra-EU,390461,PTFE,Fluoropolymers,PFAS restriction (proposed),661.766,8326300.0,9847515.0,1.1827,14880.66
2021,JP,Japan,False,Extra-EU,390469,Other fluoropolymers,Fluoropolymers,PFAS restriction (proposed),4322.038,88631493.0,104824467.0,1.1827,24253.48
2021,KE,Kenya,False,Extra-EU,270900,Crude oil,Oil & gas,EU Methane Regulation,0.141,75.0,89.0,1.1827,631.21
2021,KE,Kenya,False,Extra-EU,390461,PTFE,Fluoropolymers,PFAS restriction (proposed),0.1,2621.0,3100.0,1.1827,31000.0
2021,KR,South Korea,False,Extra-EU,270900,Crude oil,Oil & gas,EU Methane Regulation,0.756,572.0,677.0,1.1827,895.5
2021,KR,South Korea,False,Extra-EU,271121,Pipeline natural gas,Oil & gas,EU Methane Regulation,0.001,10.0,12.0,1.1827,12000.0
2021,KR,South Korea,False,Extra-EU,290339,"Fluorinated hydrocarbons (pre-2022 code, incl. HFCs)",F-gases (HFCs),F-gas Regulation,11.177,582813.0,689293.0,1.1827,61670.66
2021,KR,South Korea,False,Extra-EU,390461,PTFE,Fluoropolymers,PFAS restriction (proposed),313.287,3796699.0,4490356.0,1.1827,14333.04
2021,KR,South Korea,False,Extra-EU,390469,Other fluoropolymers,Fluoropolymers,PFAS restriction (proposed),92.253,1008118.0,1192301.0,1.1827,12924.25
2021,KW,Kuwait,False,Extra-EU,270900,Crude oil,Oil & gas,EU Methane Regulation,2.162,731.0,865.0,1.1827,400.09
2021,KZ,Kazakhstan,False,Extra-EU,270900,Crude oil,Oil & gas,EU Methane Regulation,35167805.152,15621865014.0,18475979752.0,1.1827,525.37
2021,KZ,Kazakhstan,False,Extra-EU,390461,PTFE,Fluoropolymers,PFAS restriction (proposed),0.006,80.0,95.0,1.1827,15833.33
2021,LB,Lebanon,False,Extra-EU,390461,PTFE,Fluoropolymers,PFAS restriction (proposed),131.84,336017.0,397407.0,1.1827,3014.31
2021,LC,Saint Lucia,False,Extra-EU,270900,Crude oil,Oil & gas,EU Methane Regulation,28263.782,13002737.0,15378337.0,1.1827,544.1
2021,LR,Liberia,False,Extra-EU,270900,Crude oil,Oil & gas,EU Methane Regulation,0.231,145.0,171.0,1.1827,740.26
2021,LT,Lithuania,True,Intra-EU,270900,Crude oil,Oil & gas,EU Methane Regulation,101598.04,29692827.0,35117706.0,1.1827,345.65
2021,LT,Lithuania,True,Intra-EU,271111,LNG,Oil & gas,EU Methane Regulation,56749.309,36349051.0,42990023.0,1.1827,757.54
2021,LT,Lithuania,True,Intra-EU,271121,Pipeline natural gas,Oil & gas,EU Methane Regulation,46072.153,19474520.0,23032515.0,1.1827,499.92
2021,LT,Lithuania,True,Intra-EU,290339,"Fluorinated hydrocarbons (pre-2022 code, incl. HFCs)",F-gases (HFCs),F-gas Regulation,96.175,845707.0,1000218.0,1.1827,10399.98
2021,LT,Lithuania,True,Intra-EU,390461,PTFE,Fluoropolymers,PFAS restriction (proposed),2.045,30675.0,36279.0,1.1827,17740.34
2021,LT,Lithuania,True,Intra-EU,390469,Other fluoropolymers,Fluoropolymers,PFAS restriction (proposed),20.39,217512.0,257251.0,1.1827,12616.53
2021,LU,Luxembourg,True,Intra-EU,270900,Crude oil,Oil & gas,EU Methane Regulation,1.316,514.0,608.0,1.1827,462.01
2021,LU,Luxembourg,True,Intra-EU,271111,LNG,Oil & gas,EU Methane Regulation,9300.0,3445105.0,4074526.0,1.1827,438.12
2021,LU,Luxembourg,True,Intra-EU,271121,Pipeline natural gas,Oil & gas,EU Methane Regulation,12134.6,10006626.0,11834837.0,1.1827,975.3
2021,LU,Luxembourg,True,Intra-EU,290339,"Fluorinated hydrocarbons (pre-2022 code, incl. HFCs)",F-gases (HFCs),F-gas Regulation,5.812,129392.0,153032.0,1.1827,26330.35
2021,LU,Luxembourg,True,Intra-EU,390461,PTFE,Fluoropolymers,PFAS restriction (proposed),1.31,127884.0,151248.0,1.1827,115456.49
2021,LU,Luxembourg,True,Intra-EU,390469,Other fluoropolymers,Fluoropolymers,PFAS restriction (proposed),47.949,1073632.0,1269785.0,1.1827,26481.99
2021,LV,Latvia,True,Intra-EU,270900,Crude oil,Oil & gas,EU Methane Regulation,32164.684,13832473.0,16359666.0,1.1827,508.62
2021,LV,Latvia,True,Intra-EU,271111,LNG,Oil & gas,EU Methane Regulation,915.469,180056.0,212952.0,1.1827,232.62
2021,LV,Latvia,True,Intra-EU,271121,Pipeline natural gas,Oil & gas,EU Methane Regulation,311755.311,116756960.0,138088457.0,1.1827,442.94
2021,LV,Latvia,True,Intra-EU,290339,"Fluorinated hydrocarbons (pre-2022 code, incl. HFCs)",F-gases (HFCs),F-gas Regulation,42.936,142833.0,168929.0,1.1827,3934.44
2021,LV,Latvia,True,Intra-EU,390461,PTFE,Fluoropolymers,PFAS restriction (proposed),1.871,27257.0,32237.0,1.1827,17229.82
2021,LV,Latvia,True,Intra-EU,390469,Other fluoropolymers,Fluoropolymers,PFAS restriction (proposed),2.321,48238.0,57051.0,1.1827,24580.35
2021,LY,Libya,False,Extra-EU,270900,Crude oil,Oil & gas,EU Methane Regulation,35732671.315,15984328931.0,18904665827.0,1.1827,529.06
2021,LY,Libya,False,Extra-EU,271121,Pipeline natural gas,Oil & gas,EU Methane Regulation,2338711.776,1382685458.0,1635302091.0,1.1827,699.23
2021,MA,Morocco,False,Extra-EU,270900,Crude oil,Oil & gas,EU Methane Regulation,0.001,46.0,54.0,1.1827,54000.0
2021,MA,Morocco,False,Extra-EU,290339,"Fluorinated hydrocarbons (pre-2022 code, incl. HFCs)",F-gases (HFCs),F-gas Regulation,0.225,10637.0,12580.0,1.1827,55911.11
2021,MA,Morocco,False,Extra-EU,390461,PTFE,Fluoropolymers,PFAS restriction (proposed),0.0,1.0,1.0,1.1827,
2021,MD,Moldova,False,Extra-EU,270900,Crude oil,Oil & gas,EU Methane Regulation,4706.52,1322670.0,1564322.0,1.1827,332.37
2021,MK,North Macedonia,False,Extra-EU,390461,PTFE,Fluoropolymers,PFAS restriction (proposed),0.001,43.0,51.0,1.1827,51000.0
2021,MR,Mauritania,False,Extra-EU,270900,Crude oil,Oil & gas,EU Methane Regulation,0.003,261.0,309.0,1.1827,103000.0
2021,MT,Malta,True,Intra-EU,270900,Crude oil,Oil & gas,EU Methane Regulation,0.101,40.0,47.0,1.1827,465.35
2021,MT,Malta,True,Intra-EU,290339,"Fluorinated hydrocarbons (pre-2022 code, incl. HFCs)",F-gases (HFCs),F-gas Regulation,0.003,66.0,78.0,1.1827,26000.0
2021,MT,Malta,True,Intra-EU,390461,PTFE,Fluoropolymers,PFAS restriction (proposed),0.0,1.0,1.0,1.1827,
2021,MT,Malta,True,Intra-EU,390469,Other fluoropolymers,Fluoropolymers,PFAS restriction (proposed),0.56,12718.0,15042.0,1.1827,26860.71
2021,MU,Mauritius,False,Extra-EU,270900,Crude oil,Oil & gas,EU Methane Regulation,0.002,1.0,1.0,1.1827,500.0
2021,MU,Mauritius,False,Extra-EU,290339,"Fluorinated hydrocarbons (pre-2022 code, incl. HFCs)",F-gases (HFCs),F-gas Regulation,0.299,312.0,369.0,1.1827,1234.11
2021,MX,Mexico,False,Extra-EU,270900,Crude oil,Oil & gas,EU Methane Regulation,7688723.457,2879197590.0,3405226990.0,1.1827,442.89
2021,MX,Mexico,False,Extra-EU,390461,PTFE,Fluoropolymers,PFAS restriction (proposed),0.465,8614.0,10188.0,1.1827,21909.68
2021,MX,Mexico,False,Extra-EU,390469,Other fluoropolymers,Fluoropolymers,PFAS restriction (proposed),1.33,48866.0,57794.0,1.1827,43454.14
2021,MY,Malaysia,False,Extra-EU,270900,Crude oil,Oil & gas,EU Methane Regulation,0.212,106.0,125.0,1.1827,589.62
2021,MZ,Mozambique,False,Extra-EU,270900,Crude oil,Oil & gas,EU Methane Regulation,0.001,2889.0,3417.0,1.1827,3417000.0
2021,NG,Nigeria,False,Extra-EU,270900,Crude oil,Oil & gas,EU Methane Regulation,31073337.482,14052363516.0,16619730330.0,1.1827,534.86
2021,NG,Nigeria,False,Extra-EU,271111,LNG,Oil & gas,EU Methane Regulation,5587135.427,2335696305.0,2762428020.0,1.1827,494.43
2021,NL,Netherlands,True,Intra-EU,270900,Crude oil,Oil & gas,EU Methane Regulation,47791862.895,21017475564.0,24857368350.0,1.1827,520.12
2021,NL,Netherlands,True,Intra-EU,271111,LNG,Oil & gas,EU Methane Regulation,116339.385,72969485.0,86301010.0,1.1827,741.8
2021,NL,Netherlands,True,Intra-EU,271121,Pipeline natural gas,Oil & gas,EU Methane Regulation,8937713.666,5706237988.0,6748767668.0,1.1827,755.09
2021,NL,Netherlands,True,Intra-EU,290339,"Fluorinated hydrocarbons (pre-2022 code, incl. HFCs)",F-gases (HFCs),F-gas Regulation,19859.319,284279642.0,336217533.0,1.1827,16929.96
2021,NL,Netherlands,True,Intra-EU,390461,PTFE,Fluoropolymers,PFAS restriction (proposed),3183.601,39450471.0,46658072.0,1.1827,14655.75
2021,NL,Netherlands,True,Intra-EU,390469,Other fluoropolymers,Fluoropolymers,PFAS restriction (proposed),4925.199,74949529.0,88642808.0,1.1827,17997.81
2021,NO,Norway,False,Extra-EU,270900,Crude oil,Oil & gas,EU Methane Regulation,40237280.332,18207101349.0,21533538765.0,1.1827,535.16
2021,NO,Norway,False,Extra-EU,271111,LNG,Oil & gas,EU Methane Regulation,82553.024,52160954.0,61690760.0,1.1827,747.29
2021,NO,Norway,False,Extra-EU,271121,Pipeline natural gas,Oil & gas,EU Methane Regulation,11258468.159,6329931382.0,7486409845.0,1.1827,664.96
2021,NO,Norway,False,Extra-EU,290339,"Fluorinated hydrocarbons (pre-2022 code, incl. HFCs)",F-gases (HFCs),F-gas Regulation,1.35,29042.0,34348.0,1.1827,25442.96
2021,NO,Norway,False,Extra-EU,390461,PTFE,Fluoropolymers,PFAS restriction (proposed),0.048,1305.0,1543.0,1.1827,32145.83
2021,NO,Norway,False,Extra-EU,390469,Other fluoropolymers,Fluoropolymers,PFAS restriction (proposed),0.053,16586.0,19616.0,1.1827,370113.21
2021,OM,Oman,False,Extra-EU,270900,Crude oil,Oil & gas,EU Methane Regulation,2.421,1752.0,2072.0,1.1827,855.84
2021,OM,Oman,False,Extra-EU,271111,LNG,Oil & gas,EU Methane Regulation,76.68,6560.0,7759.0,1.1827,101.19
2021,PA,Panama,False,Extra-EU,270900,Crude oil,Oil & gas,EU Methane Regulation,0.009,0.0,0.0,1.1827,0.0
2021,PE,Peru,False,Extra-EU,270900,Crude oil,Oil & gas,EU Methane Regulation,0.331,330.0,390.0,1.1827,1178.25
2021,PE,Peru,False,Extra-EU,271111,LNG,Oil & gas,EU Methane Regulation,296498.874,365135898.0,431846227.0,1.1827,1456.49
2021,PG,Papua New Guinea,False,Extra-EU,270900,Crude oil,Oil & gas,EU Methane Regulation,0.301,250.0,296.0,1.1827,983.39
2021,PG,Papua New Guinea,False,Extra-EU,271111,LNG,Oil & gas,EU Methane Regulation,11116.419,7336309.0,8676653.0,1.1827,780.53
2021,PH,Philippines,False,Extra-EU,270900,Crude oil,Oil & gas,EU Methane Regulation,0.148,79.0,93.0,1.1827,628.38
2021,PH,Philippines,False,Extra-EU,390469,Other fluoropolymers,Fluoropolymers,PFAS restriction (proposed),0.019,501.0,593.0,1.1827,31210.53
2021,PK,Pakistan,False,Extra-EU,270900,Crude oil,Oil & gas,EU Methane Regulation,0.281,111.0,131.0,1.1827,466.19
2021,PL,Poland,True,Intra-EU,270900,Crude oil,Oil & gas,EU Methane Regulation,151048.068,60353693.0,71380313.0,1.1827,472.57
2021,PL,Poland,True,Intra-EU,271111,LNG,Oil & gas,EU Methane Regulation,11496.488,7149615.0,8455850.0,1.1827,735.52
2021,PL,Poland,True,Intra-EU,271121,Pipeline natural gas,Oil & gas,EU Methane Regulation,270.969,76446.0,90413.0,1.1827,333.67
2021,PL,Poland,True,Intra-EU,290339,"Fluorinated hydrocarbons (pre-2022 code, incl. HFCs)",F-gases (HFCs),F-gas Regulation,1205.974,9228999.0,10915137.0,1.1827,9050.89
2021,PL,Poland,True,Intra-EU,390461,PTFE,Fluoropolymers,PFAS restriction (proposed),38.563,997950.0,1180275.0,1.1827,30606.41
2021,PL,Poland,True,Intra-EU,390469,Other fluoropolymers,Fluoropolymers,PFAS restriction (proposed),1535.435,4670524.0,5523829.0,1.1827,3597.57
2021,PT,Portugal,True,Intra-EU,270900,Crude oil,Oil & gas,EU Methane Regulation,66815.213,25044965.0,29620680.0,1.1827,443.32
2021,PT,Portugal,True,Intra-EU,271111,LNG,Oil & gas,EU Methane Regulation,636.301,397092.0,469641.0,1.1827,738.08
2021,PT,Portugal,True,Intra-EU,271121,Pipeline natural gas,Oil & gas,EU Methane Regulation,4514.182,2965444.0,3507231.0,1.1827,776.94
2021,PT,Portugal,True,Intra-EU,290339,"Fluorinated hydrocarbons (pre-2022 code, incl. HFCs)",F-gases (HFCs),F-gas Regulation,15.448,104647.0,123766.0,1.1827,8011.78
2021,PT,Portugal,True,Intra-EU,390461,PTFE,Fluoropolymers,PFAS restriction (proposed),13.078,114666.0,135615.0,1.1827,10369.7
2021,PT,Portugal,True,Intra-EU,390469,Other fluoropolymers,Fluoropolymers,PFAS restriction (proposed),200.813,358205.0,423649.0,1.1827,2109.67
2021,QA,Qatar,False,Extra-EU,270900,Crude oil,Oil & gas,EU Methane Regulation,50.342,23666.0,27990.0,1.1827,556.0
2021,QA,Qatar,False,Extra-EU,271111,LNG,Oil & gas,EU Methane Regulation,8927552.508,4191461230.0,4957241197.0,1.1827,555.27
2021,QP,High seas,False,Extra-EU,270900,Crude oil,Oil & gas,EU Methane Regulation,249094.261,80768060.0,95524385.0,1.1827,383.49
2021,QV,Countries not specified (intra-EU),False,Extra-EU,270900,Crude oil,Oil & gas,EU Methane Regulation,49682.175,20701785.0,24484001.0,1.1827,492.81
2021,QV,Countries not specified (intra-EU),False,Extra-EU,271121,Pipeline natural gas,Oil & gas,EU Methane Regulation,3210803.657,1444264473.0,1708131592.0,1.1827,532.0
2021,QV,Countries not specified (intra-EU),False,Extra-EU,390461,PTFE,Fluoropolymers,PFAS restriction (proposed),0.12,2432.0,2876.0,1.1827,23966.67
2021,QV,Countries not specified (intra-EU),False,Extra-EU,390469,Other fluoropolymers,Fluoropolymers,PFAS restriction (proposed),8.212,287057.0,339502.0,1.1827,41342.18
2021,QW,Countries not specified (extra-EU),False,Extra-EU,270900,Crude oil,Oil & gas,EU Methane Regulation,5865.204,2917972.0,3451085.0,1.1827,588.4
2021,QW,Countries not specified (extra-EU),False,Extra-EU,271111,LNG,Oil & gas,EU Methane Regulation,201246.66,86590071.0,102410077.0,1.1827,508.88
2021,QW,Countries not specified (extra-EU),False,Extra-EU,271121,Pipeline natural gas,Oil & gas,EU Methane Regulation,5490.906,1329478.0,1572374.0,1.1827,286.36
2021,QW,Countries not specified (extra-EU),False,Extra-EU,290339,"Fluorinated hydrocarbons (pre-2022 code, incl. HFCs)",F-gases (HFCs),F-gas Regulation,0.058,2538.0,3002.0,1.1827,51758.62
2021,QW,Countries not specified (extra-EU),False,Extra-EU,390461,PTFE,Fluoropolymers,PFAS restriction (proposed),0.001,569.0,673.0,1.1827,673000.0
2021,QW,Countries not specified (extra-EU),False,Extra-EU,390469,Other fluoropolymers,Fluoropolymers,PFAS restriction (proposed),0.213,16428.0,19429.0,1.1827,91215.96
2021,RO,Romania,True,Intra-EU,270900,Crude oil,Oil & gas,EU Methane Regulation,105441.894,46853325.0,55413427.0,1.1827,525.54
2021,RO,Romania,True,Intra-EU,271111,LNG,Oil & gas,EU Methane Regulation,230.04,6604.0,7811.0,1.1827,33.95
2021,RO,Romania,True,Intra-EU,271121,Pipeline natural gas,Oil & gas,EU Methane Regulation,28599.087,34260818.0,40520269.0,1.1827,1416.84
2021,RO,Romania,True,Intra-EU,290339,"Fluorinated hydrocarbons (pre-2022 code, incl. HFCs)",F-gases (HFCs),F-gas Regulation,94.21,632885.0,748513.0,1.1827,7945.15
2021,RO,Romania,True,Intra-EU,390461,PTFE,Fluoropolymers,PFAS restriction (proposed),67.302,1128789.0,1335019.0,1.1827,19836.25
2021,RO,Romania,True,Intra-EU,390469,Other fluoropolymers,Fluoropolymers,PFAS restriction (proposed),30.095,129940.0,153680.0,1.1827,5106.5
2021,RU,Russian Federation,False,Extra-EU,270900,Crude oil,Oil & gas,EU Methane Regulation,114356302.509,48157551179.0,56955935779.0,1.1827,498.06
2021,RU,Russian Federation,False,Extra-EU,271111,LNG,Oil & gas,EU Methane Regulation,6968735.494,5209260976.0,6160992956.0,1.1827,884.09
2021,RU,Russian Federation,False,Extra-EU,271121,Pipeline natural gas,Oil & gas,EU Methane Regulation,38729178.669,17594922278.0,20809514578.0,1.1827,537.31
2021,RU,Russian Federation,False,Extra-EU,290339,"Fluorinated hydrocarbons (pre-2022 code, incl. HFCs)",F-gases (HFCs),F-gas Regulation,223.834,1997812.0,2362812.0,1.1827,10556.09
2021,RU,Russian Federation,False,Extra-EU,390461,PTFE,Fluoropolymers,PFAS restriction (proposed),5489.355,34327377.0,40598989.0,1.1827,7395.95
2021,RU,Russian Federation,False,Extra-EU,390469,Other fluoropolymers,Fluoropolymers,PFAS restriction (proposed),8.44,362937.0,429246.0,1.1827,50858.53
2021,SA,Saudi Arabia,False,Extra-EU,270900,Crude oil,Oil & gas,EU Methane Regulation,23324643.745,9888348230.0,11694949452.0,1.1827,501.4
2021,SD,Sudan,False,Extra-EU,270900,Crude oil,Oil & gas,EU Methane Regulation,313301.997,135256650.0,159968040.0,1.1827,510.59
2021,SE,Sweden,True,Intra-EU,270900,Crude oil,Oil & gas,EU Methane Regulation,32.067,27995.0,33110.0,1.1827,1032.53
2021,SE,Sweden,True,Intra-EU,271111,LNG,Oil & gas,EU Methane Regulation,175.73,106314.0,125738.0,1.1827,715.52
2021,SE,Sweden,True,Intra-EU,290339,"Fluorinated hydrocarbons (pre-2022 code, incl. HFCs)",F-gases (HFCs),F-gas Regulation,89.014,830733.0,982508.0,1.1827,11037.68
2021,SE,Sweden,True,Intra-EU,390461,PTFE,Fluoropolymers,PFAS restriction (proposed),1.72,50327.0,59522.0,1.1827,34605.81
2021,SE,Sweden,True,Intra-EU,390469,Other fluoropolymers,Fluoropolymers,PFAS restriction (proposed),67.141,1518381.0,1795789.0,1.1827,26746.53
2021,SG,Singapore,False,Extra-EU,270900,Crude oil,Oil & gas,EU Methane Regulation,1.722,1507.0,1782.0,1.1827,1034.84
2021,SG,Singapore,False,Extra-EU,290339,"Fluorinated hydrocarbons (pre-2022 code, incl. HFCs)",F-gases (HFCs),F-gas Regulation,2.647,19591.0,23170.0,1.1827,8753.31
2021,SG,Singapore,False,Extra-EU,390461,PTFE,Fluoropolymers,PFAS restriction (proposed),0.015,2127.0,2516.0,1.1827,167733.33
2021,SG,Singapore,False,Extra-EU,390469,Other fluoropolymers,Fluoropolymers,PFAS restriction (proposed),134.392,2677365.0,3166520.0,1.1827,23561.82
2021,SI,Slovenia,True,Intra-EU,270900,Crude oil,Oil & gas,EU Methane Regulation,328.878,130786.0,154681.0,1.1827,470.33
2021,SI,Slovenia,True,Intra-EU,271111,LNG,Oil & gas,EU Methane Regulation,1432.61,844692.0,999017.0,1.1827,697.34
2021,SI,Slovenia,True,Intra-EU,271121,Pipeline natural gas,Oil & gas,EU Methane Regulation,117682.004,42380074.0,50122914.0,1.1827,425.92
2021,SI,Slovenia,True,Intra-EU,290339,"Fluorinated hydrocarbons (pre-2022 code, incl. HFCs)",F-gases (HFCs),F-gas Regulation,12.502,216577.0,256146.0,1.1827,20488.4
2021,SI,Slovenia,True,Intra-EU,390461,PTFE,Fluoropolymers,PFAS restriction (proposed),1.305,41502.0,49084.0,1.1827,37612.26
2021,SI,Slovenia,True,Intra-EU,390469,Other fluoropolymers,Fluoropolymers,PFAS restriction (proposed),16.41,189492.0,224112.0,1.1827,13657.04
2021,SK,Slovakia,True,Intra-EU,270900,Crude oil,Oil & gas,EU Methane Regulation,4737.976,2061085.0,2437645.0,1.1827,514.49
2021,SK,Slovakia,True,Intra-EU,271111,LNG,Oil & gas,EU Methane Regulation,6.556,14469.0,17112.0,1.1827,2610.13
2021,SK,Slovakia,True,Intra-EU,271121,Pipeline natural gas,Oil & gas,EU Methane Regulation,560720.073,306863256.0,362927173.0,1.1827,647.25
2021,SK,Slovakia,True,Intra-EU,290339,"Fluorinated hydrocarbons (pre-2022 code, incl. HFCs)",F-gases (HFCs),F-gas Regulation,11.397,205524.0,243073.0,1.1827,21327.81
2021,SK,Slovakia,True,Intra-EU,390461,PTFE,Fluoropolymers,PFAS restriction (proposed),5.375,84988.0,100515.0,1.1827,18700.47
2021,SK,Slovakia,True,Intra-EU,390469,Other fluoropolymers,Fluoropolymers,PFAS restriction (proposed),1.512,32457.0,38387.0,1.1827,25388.23
2021,SN,Senegal,False,Extra-EU,270900,Crude oil,Oil & gas,EU Methane Regulation,0.019,185.0,219.0,1.1827,11526.32
2021,SS,South Sudan,False,Extra-EU,270900,Crude oil,Oil & gas,EU Methane Regulation,156187.053,74958516.0,88653437.0,1.1827,567.61
2021,SV,El Salvador,False,Extra-EU,270900,Crude oil,Oil & gas,EU Methane Regulation,0.0,6.0,7.0,1.1827,
2021,SX,Sint Maarten (Dutch part),False,Extra-EU,290339,"Fluorinated hydrocarbons (pre-2022 code, incl. HFCs)",F-gases (HFCs),F-gas Regulation,1.371,3908.0,4622.0,1.1827,3371.26
2021,TD,Chad,False,Extra-EU,270900,Crude oil,Oil & gas,EU Methane Regulation,2657635.687,1184589419.0,1401013906.0,1.1827,527.17
2021,TG,Togo,False,Extra-EU,270900,Crude oil,Oil & gas,EU Methane Regulation,0.033,1005.0,1189.0,1.1827,36030.3
2021,TH,Thailand,False,Extra-EU,270900,Crude oil,Oil & gas,EU Methane Regulation,0.099,40.0,47.0,1.1827,474.75
2021,TH,Thailand,False,Extra-EU,290339,"Fluorinated hydrocarbons (pre-2022 code, incl. HFCs)",F-gases (HFCs),F-gas Regulation,0.03,3166.0,3744.0,1.1827,124800.0
2021,TH,Thailand,False,Extra-EU,390469,Other fluoropolymers,Fluoropolymers,PFAS restriction (proposed),64.072,681448.0,805949.0,1.1827,12578.8
2021,TM,Turkmenistan,False,Extra-EU,270900,Crude oil,Oil & gas,EU Methane Regulation,587703.727,251597145.0,297563943.0,1.1827,506.32
2021,TN,Tunisia,False,Extra-EU,270900,Crude oil,Oil & gas,EU Methane Regulation,933857.289,402296904.0,475796548.0,1.1827,509.5
2021,TN,Tunisia,False,Extra-EU,390461,PTFE,Fluoropolymers,PFAS restriction (proposed),0.161,1455.0,1721.0,1.1827,10689.44
2021,TR,Türkiye,False,Extra-EU,270900,Crude oil,Oil & gas,EU Methane Regulation,401401.784,171514433.0,202850120.0,1.1827,505.35
2021,TR,Türkiye,False,Extra-EU,271111,LNG,Oil & gas,EU Methane Regulation,297.2,112264.0,132775.0,1.1827,446.75
2021,TR,Türkiye,False,Extra-EU,271121,Pipeline natural gas,Oil & gas,EU Methane Regulation,265374.238,65848435.0,77878944.0,1.1827,293.47
2021,TR,Türkiye,False,Extra-EU,290339,"Fluorinated hydrocarbons (pre-2022 code, incl. HFCs)",F-gases (HFCs),F-gas Regulation,18.706,115033.0,136050.0,1.1827,7273.07
2021,TR,Türkiye,False,Extra-EU,390461,PTFE,Fluoropolymers,PFAS restriction (proposed),35.807,43001.0,50857.0,1.1827,1420.31
2021,TR,Türkiye,False,Extra-EU,390469,Other fluoropolymers,Fluoropolymers,PFAS restriction (proposed),43.76,81228.0,96068.0,1.1827,2195.34
2021,TT,Trinidad and Tobago,False,Extra-EU,270900,Crude oil,Oil & gas,EU Methane Regulation,347085.942,165685501.0,195956242.0,1.1827,564.58
2021,TT,Trinidad and Tobago,False,Extra-EU,271111,LNG,Oil & gas,EU Methane Regulation,1400687.823,479971058.0,567661770.0,1.1827,405.27
2021,TW,Taiwan,False,Extra-EU,270900,Crude oil,Oil & gas,EU Methane Regulation,0.174,81.0,96.0,1.1827,551.72
2021,TW,Taiwan,False,Extra-EU,390461,PTFE,Fluoropolymers,PFAS restriction (proposed),3.537,29630.0,35043.0,1.1827,9907.55
2021,TW,Taiwan,False,Extra-EU,390469,Other fluoropolymers,Fluoropolymers,PFAS restriction (proposed),0.136,2978.0,3522.0,1.1827,25897.06
2021,TZ,Tanzania,False,Extra-EU,270900,Crude oil,Oil & gas,EU Methane Regulation,0.006,5.0,6.0,1.1827,1000.0
2021,UA,Ukraine,False,Extra-EU,270900,Crude oil,Oil & gas,EU Methane Regulation,89879.605,37382871.0,44212722.0,1.1827,491.91
2021,UA,Ukraine,False,Extra-EU,271121,Pipeline natural gas,Oil & gas,EU Methane Regulation,1043520.961,644981281.0,762819361.0,1.1827,731.01
2021,UA,Ukraine,False,Extra-EU,290339,"Fluorinated hydrocarbons (pre-2022 code, incl. HFCs)",F-gases (HFCs),F-gas Regulation,0.0,41549.0,49140.0,1.1827,
2021,US,United States,False,Extra-EU,270900,Crude oil,Oil & gas,EU Methane Regulation,37064034.042,17324407955.0,20489577288.0,1.1827,552.82
2021,US,United States,False,Extra-EU,271111,LNG,Oil & gas,EU Methane Regulation,10256552.249,7003469382.0,8283003238.0,1.1827,807.58
2021,US,United States,False,Extra-EU,271121,Pipeline natural gas,Oil & gas,EU Methane Regulation,31943.101,8188683.0,9684755.0,1.1827,303.19
2021,US,United States,False,Extra-EU,290339,"Fluorinated hydrocarbons (pre-2022 code, incl. HFCs)",F-gases (HFCs),F-gas Regulation,15213.789,301785158.0,356921306.0,1.1827,23460.38
2021,US,United States,False,Extra-EU,390461,PTFE,Fluoropolymers,PFAS restriction (proposed),2288.095,29833216.0,35283745.0,1.1827,15420.58
2021,US,United States,False,Extra-EU,390469,Other fluoropolymers,Fluoropolymers,PFAS restriction (proposed),4843.418,94688875.0,111988532.0,1.1827,23121.8
2021,UY,Uruguay,False,Extra-EU,270900,Crude oil,Oil & gas,EU Methane Regulation,0.001,63.0,75.0,1.1827,75000.0
2021,VE,Venezuela,False,Extra-EU,270900,Crude oil,Oil & gas,EU Methane Regulation,179.827,29622.0,35034.0,1.1827,194.82
2021,VN,Vietnam,False,Extra-EU,270900,Crude oil,Oil & gas,EU Methane Regulation,0.453,197.0,233.0,1.1827,514.35
2021,VN,Vietnam,False,Extra-EU,390461,PTFE,Fluoropolymers,PFAS restriction (proposed),0.0,84.0,99.0,1.1827,
2021,XL,Melilla,False,Extra-EU,290339,"Fluorinated hydrocarbons (pre-2022 code, incl. HFCs)",F-gases (HFCs),F-gas Regulation,0.004,625.0,739.0,1.1827,184750.0
2021,XS,Serbia,False,Extra-EU,270900,Crude oil,Oil & gas,EU Methane Regulation,0.177,242.0,286.0,1.1827,1615.82
2021,XS,Serbia,False,Extra-EU,271121,Pipeline natural gas,Oil & gas,EU Methane Regulation,10.29,13897.0,16436.0,1.1827,1597.28
2021,XS,Serbia,False,Extra-EU,290339,"Fluorinated hydrocarbons (pre-2022 code, incl. HFCs)",F-gases (HFCs),F-gas Regulation,0.045,68.0,80.0,1.1827,1777.78
2021,XS,Serbia,False,Extra-EU,390469,Other fluoropolymers,Fluoropolymers,PFAS restriction (proposed),0.027,848.0,1003.0,1.1827,37148.15
2021,YE,Yemen,False,Extra-EU,270900,Crude oil,Oil & gas,EU Methane Regulation,477381.0,216943315.0,256578859.0,1.1827,537.47
2021,ZA,South Africa,False,Extra-EU,270900,Crude oil,Oil & gas,EU Methane Regulation,277393.602,114349970.0,135241710.0,1.1827,487.54
2021,ZA,South Africa,False,Extra-EU,290339,"Fluorinated hydrocarbons (pre-2022 code, incl. HFCs)",F-gases (HFCs),F-gas Regulation,0.12,34133.0,40369.0,1.1827,336408.33
2021,ZA,South Africa,False,Extra-EU,390461,PTFE,Fluoropolymers,PFAS restriction (proposed),4.63,3600.0,4258.0,1.1827,919.65
2022,AE,United Arab Emirates,False,Extra-EU,270900,Crude oil,Oil & gas,EU Methane Regulation,2170534.67,1726839562.0,1818362059.0,1.053,837.75
2022,AE,United Arab Emirates,False,Extra-EU,271111,LNG,Oil & gas,EU Methane Regulation,66158.636,170672624.0,179718273.0,1.053,2716.47
2022,AE,United Arab Emirates,False,Extra-EU,290342,HFC-32 / HFC-41 (difluoro/fluoromethane),F-gases (HFCs),F-gas Regulation,55.5,133384.0,140453.0,1.053,2530.68
2022,AE,United Arab Emirates,False,Extra-EU,390469,Other fluoropolymers,Fluoropolymers,PFAS restriction (proposed),0.332,4951.0,5213.0,1.053,15701.81
2022,AG,Antigua and Barbuda,False,Extra-EU,270900,Crude oil,Oil & gas,EU Methane Regulation,0.001,1.0,1.0,1.053,1000.0
2022,AL,Albania,False,Extra-EU,270900,Crude oil,Oil & gas,EU Methane Regulation,558216.501,309536215.0,325941634.0,1.053,583.9
2022,AO,Angola,False,Extra-EU,270900,Crude oil,Oil & gas,EU Methane Regulation,10499556.451,7839370730.0,8254857379.0,1.053,786.21
2022,AO,Angola,False,Extra-EU,271111,LNG,Oil & gas,EU Methane Regulation,1819112.208,4843326299.0,5100022593.0,1.053,2803.58
2022,AR,Argentina,False,Extra-EU,270900,Crude oil,Oil & gas,EU Methane Regulation,511683.765,318927099.0,335830235.0,1.053,656.32
2022,AT,Austria,True,Intra-EU,270900,Crude oil,Oil & gas,EU Methane Regulation,45.348,11541930.0,12153652.0,1.053,268008.56
2022,AT,Austria,True,Intra-EU,271111,LNG,Oil & gas,EU Methane Regulation,11583.055,17824977.0,18769701.0,1.053,1620.44
2022,AT,Austria,True,Intra-EU,271121,Pipeline natural gas,Oil & gas,EU Methane Regulation,1442861.823,2569299268.0,2705472129.0,1.053,1875.07
2022,AT,Austria,True,Intra-EU,290341,HFC-23,F-gases (HFCs),F-gas Regulation,0.001,20.0,21.0,1.053,21000.0
2022,AT,Austria,True,Intra-EU,290342,HFC-32 / HFC-41 (difluoro/fluoromethane),F-gases (HFCs),F-gas Regulation,4.349,63646.0,67019.0,1.053,15410.21
2022,AT,Austria,True,Intra-EU,290343,HFC-125 / HFC-134 group,F-gases (HFCs),F-gas Regulation,0.014,178.0,187.0,1.053,13357.14
2022,AT,Austria,True,Intra-EU,290344,HFC-143 / HFC-152 group,F-gases (HFCs),F-gas Regulation,0.085,1413.0,1488.0,1.053,17505.88
2022,AT,Austria,True,Intra-EU,290345,HFC-227 / HFC-236 group,F-gases (HFCs),F-gas Regulation,11.192,170272.0,179296.0,1.053,16020.01
2022,AT,Austria,True,Intra-EU,290346,HFC-245 group,F-gases (HFCs),F-gas Regulation,0.023,1243.0,1309.0,1.053,56913.04
2022,AT,Austria,True,Intra-EU,290348,HFC-134a and other saturated HFCs,F-gases (HFCs),F-gas Regulation,22.462,30584.0,32205.0,1.053,1433.75
2022,AT,Austria,True,Intra-EU,290349,Other saturated fluorinated derivatives,F-gases (HFCs),F-gas Regulation,136.471,202345.0,213069.0,1.053,1561.28
2022,AT,Austria,True,Intra-EU,390461,PTFE,Fluoropolymers,PFAS restriction (proposed),24.891,437707.0,460905.0,1.053,18516.93
2022,AT,Austria,True,Intra-EU,390469,Other fluoropolymers,Fluoropolymers,PFAS restriction (proposed),58.008,1140219.0,1200651.0,1.053,20698.02
2022,AU,Australia,False,Extra-EU,270900,Crude oil,Oil & gas,EU Methane Regulation,0.187,263.0,277.0,1.053,1481.28
2022,AU,Australia,False,Extra-EU,271111,LNG,Oil & gas,EU Methane Regulation,103801.501,186182117.0,196049769.0,1.053,1888.7
2022,AU,Australia,False,Extra-EU,390461,PTFE,Fluoropolymers,PFAS restriction (proposed),0.006,315.0,332.0,1.053,55333.33
2022,AU,Australia,False,Extra-EU,390469,Other fluoropolymers,Fluoropolymers,PFAS restriction (proposed),0.4,6673.0,7027.0,1.053,17567.5
2022,AZ,Azerbaijan,False,Extra-EU,270900,Crude oil,Oil & gas,EU Methane Regulation,19770297.089,15114686372.0,15915764750.0,1.053,805.03
2022,AZ,Azerbaijan,False,Extra-EU,271121,Pipeline natural gas,Oil & gas,EU Methane Regulation,9075340.645,15598852880.0,16425592083.0,1.053,1809.91
2022,BA,Bosnia and Herzegovina,False,Extra-EU,271121,Pipeline natural gas,Oil & gas,EU Methane Regulation,147.796,172193.0,181319.0,1.053,1226.82
2022,BB,Barbados,False,Extra-EU,270900,Crude oil,Oil & gas,EU Methane Regulation,0.002,20.0,21.0,1.053,10500.0
2022,BE,Belgium,True,Intra-EU,270900,Crude oil,Oil & gas,EU Methane Regulation,1287115.929,919201355.0,967919027.0,1.053,752.01
2022,BE,Belgium,True,Intra-EU,271111,LNG,Oil & gas,EU Methane Regulation,25741.858,119478042.0,125810378.0,1.053,4887.39
2022,BE,Belgium,True,Intra-EU,271121,Pipeline natural gas,Oil & gas,EU Methane Regulation,2628418.402,26323319577.0,27718455515.0,1.053,10545.68
2022,BE,Belgium,True,Intra-EU,290341,HFC-23,F-gases (HFCs),F-gas Regulation,132.461,948173.0,998426.0,1.053,7537.51
2022,BE,Belgium,True,Intra-EU,290342,HFC-32 / HFC-41 (difluoro/fluoromethane),F-gases (HFCs),F-gas Regulation,431.883,2469304.0,2600177.0,1.053,6020.56
2022,BE,Belgium,True,Intra-EU,290343,HFC-125 / HFC-134 group,F-gases (HFCs),F-gas Regulation,210.302,1851130.0,1949240.0,1.053,9268.77
2022,BE,Belgium,True,Intra-EU,290344,HFC-143 / HFC-152 group,F-gases (HFCs),F-gas Regulation,3.292,17510.0,18438.0,1.053,5600.85
2022,BE,Belgium,True,Intra-EU,290345,HFC-227 / HFC-236 group,F-gases (HFCs),F-gas Regulation,508.655,3505097.0,3690867.0,1.053,7256.13
2022,BE,Belgium,True,Intra-EU,290346,HFC-245 group,F-gases (HFCs),F-gas Regulation,375.959,25983881.0,27361027.0,1.053,72776.62
2022,BE,Belgium,True,Intra-EU,290347,HFC-365mfc / HFC-43-10mee,F-gases (HFCs),F-gas Regulation,0.1,429.0,452.0,1.053,4520.0
2022,BE,Belgium,True,Intra-EU,290348,HFC-134a and other saturated HFCs,F-gases (HFCs),F-gas Regulation,0.054,3487.0,3672.0,1.053,68000.0
2022,BE,Belgium,True,Intra-EU,290349,Other saturated fluorinated derivatives,F-gases (HFCs),F-gas Regulation,42.653,1821259.0,1917786.0,1.053,44962.51
2022,BE,Belgium,True,Intra-EU,390461,PTFE,Fluoropolymers,PFAS restriction (proposed),2698.641,42835322.0,45105594.0,1.053,16714.19
2022,BE,Belgium,True,Intra-EU,390469,Other fluoropolymers,Fluoropolymers,PFAS restriction (proposed),2653.45,65999945.0,69497942.0,1.053,26191.54
2022,BG,Bulgaria,True,Intra-EU,270900,Crude oil,Oil & gas,EU Methane Regulation,1962.053,3057508.0,3219556.0,1.053,1640.91
2022,BG,Bulgaria,True,Intra-EU,271111,LNG,Oil & gas,EU Methane Regulation,18129.22,20191417.0,21261562.0,1.053,1172.78
2022,BG,Bulgaria,True,Intra-EU,271121,Pipeline natural gas,Oil & gas,EU Methane Regulation,1542198.782,3060363299.0,3222562554.0,1.053,2089.59
2022,BG,Bulgaria,True,Intra-EU,290341,HFC-23,F-gases (HFCs),F-gas Regulation,0.001,8.0,8.0,1.053,8000.0
2022,BG,Bulgaria,True,Intra-EU,290342,HFC-32 / HFC-41 (difluoro/fluoromethane),F-gases (HFCs),F-gas Regulation,1.304,15894.0,16736.0,1.053,12834.36
2022,BG,Bulgaria,True,Intra-EU,290343,HFC-125 / HFC-134 group,F-gases (HFCs),F-gas Regulation,0.003,40.0,42.0,1.053,14000.0
2022,BG,Bulgaria,True,Intra-EU,290344,HFC-143 / HFC-152 group,F-gases (HFCs),F-gas Regulation,1.896,31372.0,33035.0,1.053,17423.52
2022,BG,Bulgaria,True,Intra-EU,290345,HFC-227 / HFC-236 group,F-gases (HFCs),F-gas Regulation,38.475,380356.0,400515.0,1.053,10409.75
2022,BG,Bulgaria,True,Intra-EU,290346,HFC-245 group,F-gases (HFCs),F-gas Regulation,0.005,287.0,302.0,1.053,60400.0
2022,BG,Bulgaria,True,Intra-EU,290349,Other saturated fluorinated derivatives,F-gases (HFCs),F-gas Regulation,0.0,152.0,160.0,1.053,
2022,BG,Bulgaria,True,Intra-EU,390461,PTFE,Fluoropolymers,PFAS restriction (proposed),1.769,26499.0,27903.0,1.053,15773.32
2022,BG,Bulgaria,True,Intra-EU,390469,Other fluoropolymers,Fluoropolymers,PFAS restriction (proposed),0.476,10814.0,11387.0,1.053,23922.27
2022,BH,Bahrain,False,Extra-EU,270900,Crude oil,Oil & gas,EU Methane Regulation,0.045,736.0,775.0,1.053,17222.22
2022,BR,Brazil,False,Extra-EU,270900,Crude oil,Oil & gas,EU Methane Regulation,13539587.787,9572407306.0,10079744893.0,1.053,744.46
2022,BR,Brazil,False,Extra-EU,271121,Pipeline natural gas,Oil & gas,EU Methane Regulation,0.01,217.0,229.0,1.053,22900.0
2022,BR,Brazil,False,Extra-EU,390461,PTFE,Fluoropolymers,PFAS restriction (proposed),12.669,228780.0,240905.0,1.053,19015.31
2022,BR,Brazil,False,Extra-EU,390469,Other fluoropolymers,Fluoropolymers,PFAS restriction (proposed),30.603,89340.0,94075.0,1.053,3074.05
2022,CA,Canada,False,Extra-EU,270900,Crude oil,Oil & gas,EU Methane Regulation,4114071.141,2692503580.0,2835206270.0,1.053,689.15
2022,CA,Canada,False,Extra-EU,290345,HFC-227 / HFC-236 group,F-gases (HFCs),F-gas Regulation,0.032,5934.0,6249.0,1.053,195281.25
2022,CA,Canada,False,Extra-EU,390461,PTFE,Fluoropolymers,PFAS restriction (proposed),10.289,95278.0,100328.0,1.053,9751.0
2022,CA,Canada,False,Extra-EU,390469,Other fluoropolymers,Fluoropolymers,PFAS restriction (proposed),0.252,19039.0,20048.0,1.053,79555.56
2022,CD,"Congo, The Democratic Republic of the",False,Extra-EU,270900,Crude oil,Oil & gas,EU Methane Regulation,737911.327,624750248.0,657862011.0,1.053,891.52
2022,CG,Congo,False,Extra-EU,270900,Crude oil,Oil & gas,EU Methane Regulation,521385.005,389382139.0,410019392.0,1.053,786.4
2022,CH,Switzerland,False,Extra-EU,270900,Crude oil,Oil & gas,EU Methane Regulation,0.152,863.0,909.0,1.053,5980.26
2022,CH,Switzerland,False,Extra-EU,271121,Pipeline natural gas,Oil & gas,EU Methane Regulation,0.003,70325861.0,74053132.0,1.053,24684377333.33
2022,CH,Switzerland,False,Extra-EU,290348,HFC-134a and other saturated HFCs,F-gases (HFCs),F-gas Regulation,0.024,5037.0,5304.0,1.053,221000.0
2022,CH,Switzerland,False,Extra-EU,290349,Other saturated fluorinated derivatives,F-gases (HFCs),F-gas Regulation,0.0,175.0,184.0,1.053,
2022,CH,Switzerland,False,Extra-EU,390461,PTFE,Fluoropolymers,PFAS restriction (proposed),369.422,2162155.0,2276749.0,1.053,6163.0
2022,CH,Switzerland,False,Extra-EU,390469,Other fluoropolymers,Fluoropolymers,PFAS restriction (proposed),366.842,7807378.0,8221169.0,1.053,22410.65
2022,CI,Côte d'Ivoire,False,Extra-EU,270900,Crude oil,Oil & gas,EU Methane Regulation,299065.074,199165955.0,209721751.0,1.053,701.26
2022,CI,Côte d'Ivoire,False,Extra-EU,390461,PTFE,Fluoropolymers,PFAS restriction (proposed),0.0,2.0,2.0,1.053,
2022,CK,Cook Islands,False,Extra-EU,390461,PTFE,Fluoropolymers,PFAS restriction (proposed),0.003,64.0,67.0,1.053,22333.33
2022,CL,Chile,False,Extra-EU,270900,Crude oil,Oil & gas,EU Methane Regulation,35280.793,20123170.0,21189698.0,1.053,600.6
2022,CM,Cameroon,False,Extra-EU,270900,Crude oil,Oil & gas,EU Methane Regulation,2429772.572,1719483452.0,1810616075.0,1.053,745.18
2022,CM,Cameroon,False,Extra-EU,271111,LNG,Oil & gas,EU Methane Regulation,607412.684,1238049237.0,1303665847.0,1.053,2146.26
2022,CN,China,False,Extra-EU,270900,Crude oil,Oil & gas,EU Methane Regulation,1.595,1637.0,1724.0,1.053,1080.88
2022,CN,China,False,Extra-EU,271111,LNG,Oil & gas,EU Methane Regulation,64981.392,71097578.0,74865750.0,1.053,1152.11
2022,CN,China,False,Extra-EU,271121,Pipeline natural gas,Oil & gas,EU Methane Regulation,0.679,2193.0,2309.0,1.053,3400.59
2022,CN,China,False,Extra-EU,290341,HFC-23,F-gases (HFCs),F-gas Regulation,59.776,555628.0,585076.0,1.053,9787.81
2022,CN,China,False,Extra-EU,290342,HFC-32 / HFC-41 (difluoro/fluoromethane),F-gases (HFCs),F-gas Regulation,8103.018,21211196.0,22335389.0,1.053,2756.43
2022,CN,China,False,Extra-EU,290343,HFC-125 / HFC-134 group,F-gases (HFCs),F-gas Regulation,2142.997,8110318.0,8540165.0,1.053,3985.15
2022,CN,China,False,Extra-EU,290344,HFC-143 / HFC-152 group,F-gases (HFCs),F-gas Regulation,6049.345,30623663.0,32246717.0,1.053,5330.61
2022,CN,China,False,Extra-EU,290345,HFC-227 / HFC-236 group,F-gases (HFCs),F-gas Regulation,17000.373,75542566.0,79546322.0,1.053,4679.09
2022,CN,China,False,Extra-EU,290346,HFC-245 group,F-gases (HFCs),F-gas Regulation,351.85,2930077.0,3085371.0,1.053,8769.0
2022,CN,China,False,Extra-EU,290347,HFC-365mfc / HFC-43-10mee,F-gases (HFCs),F-gas Regulation,19.579,269410.0,283689.0,1.053,14489.45
2022,CN,China,False,Extra-EU,290349,Other saturated fluorinated derivatives,F-gases (HFCs),F-gas Regulation,253.189,4753318.0,5005244.0,1.053,19768.81
2022,CN,China,False,Extra-EU,390461,PTFE,Fluoropolymers,PFAS restriction (proposed),10833.667,103274425.0,108747970.0,1.053,10037.96
2022,CN,China,False,Extra-EU,390469,Other fluoropolymers,Fluoropolymers,PFAS restriction (proposed),6866.206,156192830.0,164471050.0,1.053,23953.7
2022,CO,Colombia,False,Extra-EU,270900,Crude oil,Oil & gas,EU Methane Regulation,835061.764,480839521.0,506324016.0,1.053,606.33
2022,CO,Colombia,False,Extra-EU,390469,Other fluoropolymers,Fluoropolymers,PFAS restriction (proposed),0.03,409.0,431.0,1.053,14366.67
2022,CU,Cuba,False,Extra-EU,270900,Crude oil,Oil & gas,EU Methane Regulation,10975.837,5847631.0,6157555.0,1.053,561.01
2022,CV,Cabo Verde,False,Extra-EU,270900,Crude oil,Oil & gas,EU Methane Regulation,0.0,1.0,1.0,1.053,
2022,CV,Cabo Verde,False,Extra-EU,390461,PTFE,Fluoropolymers,PFAS restriction (proposed),0.005,35.0,37.0,1.053,7400.0
2022,CW,Curaçao,False,Extra-EU,270900,Crude oil,Oil & gas,EU Methane Regulation,0.626,465.0,490.0,1.053,782.75
2022,CY,Cyprus,True,Intra-EU,270900,Crude oil,Oil & gas,EU Methane Regulation,3.794,874.0,920.0,1.053,242.49
2022,CY,Cyprus,True,Intra-EU,290342,HFC-32 / HFC-41 (difluoro/fluoromethane),F-gases (HFCs),F-gas Regulation,0.003,13.0,14.0,1.053,4666.67
2022,CY,Cyprus,True,Intra-EU,290345,HFC-227 / HFC-236 group,F-gases (HFCs),F-gas Regulation,0.045,472.0,497.0,1.053,11044.44
2022,CY,Cyprus,True,Intra-EU,290346,HFC-245 group,F-gases (HFCs),F-gas Regulation,0.0,5.0,5.0,1.053,
2022,CY,Cyprus,True,Intra-EU,290349,Other saturated fluorinated derivatives,F-gases (HFCs),F-gas Regulation,1.621,28.0,29.0,1.053,17.89
2022,CY,Cyprus,True,Intra-EU,390461,PTFE,Fluoropolymers,PFAS restriction (proposed),0.049,798.0,840.0,1.053,17142.86
2022,CY,Cyprus,True,Intra-EU,390469,Other fluoropolymers,Fluoropolymers,PFAS restriction (proposed),0.377,6625.0,6976.0,1.053,18503.98
2022,CZ,Czechia,True,Intra-EU,270900,Crude oil,Oil & gas,EU Methane Regulation,57.284,81032.0,85327.0,1.053,1489.54
2022,CZ,Czechia,True,Intra-EU,271111,LNG,Oil & gas,EU Methane Regulation,92869.58,152810926.0,160909905.0,1.053,1732.64
2022,CZ,Czechia,True,Intra-EU,271121,Pipeline natural gas,Oil & gas,EU Methane Regulation,113705.698,119554028.0,125890391.0,1.053,1107.16
2022,CZ,Czechia,True,Intra-EU,290341,HFC-23,F-gases (HFCs),F-gas Regulation,0.549,16478.0,17351.0,1.053,31604.74
2022,CZ,Czechia,True,Intra-EU,290342,HFC-32 / HFC-41 (difluoro/fluoromethane),F-gases (HFCs),F-gas Regulation,10.278,93908.0,98885.0,1.053,9621.04
2022,CZ,Czechia,True,Intra-EU,290343,HFC-125 / HFC-134 group,F-gases (HFCs),F-gas Regulation,0.563,8806.0,9273.0,1.053,16470.69
2022,CZ,Czechia,True,Intra-EU,290344,HFC-143 / HFC-152 group,F-gases (HFCs),F-gas Regulation,0.082,4680.0,4928.0,1.053,60097.56
2022,CZ,Czechia,True,Intra-EU,290345,HFC-227 / HFC-236 group,F-gases (HFCs),F-gas Regulation,140.25,1854000.0,1952262.0,1.053,13919.87
2022,CZ,Czechia,True,Intra-EU,290346,HFC-245 group,F-gases (HFCs),F-gas Regulation,0.031,1812.0,1908.0,1.053,61548.39
2022,CZ,Czechia,True,Intra-EU,290349,Other saturated fluorinated derivatives,F-gases (HFCs),F-gas Regulation,0.806,17878.0,18826.0,1.053,23357.32
2022,CZ,Czechia,True,Intra-EU,390461,PTFE,Fluoropolymers,PFAS restriction (proposed),23.695,360540.0,379649.0,1.053,16022.33
2022,CZ,Czechia,True,Intra-EU,390469,Other fluoropolymers,Fluoropolymers,PFAS restriction (proposed),62.32,2074751.0,2184713.0,1.053,35056.37
2022,DE,Germany,True,Intra-EU,270900,Crude oil,Oil & gas,EU Methane Regulation,159088.289,124617825.0,131222570.0,1.053,824.84
2022,DE,Germany,True,Intra-EU,271111,LNG,Oil & gas,EU Methane Regulation,93694.144,115534113.0,121657421.0,1.053,1298.45
2022,DE,Germany,True,Intra-EU,271121,Pipeline natural gas,Oil & gas,EU Methane Regulation,4145532.967,8508222835.0,8959158645.0,1.053,2161.16
2022,DE,Germany,True,Intra-EU,290341,HFC-23,F-gases (HFCs),F-gas Regulation,12.472,304038.0,320152.0,1.053,25669.66
2022,DE,Germany,True,Intra-EU,290342,HFC-32 / HFC-41 (difluoro/fluoromethane),F-gases (HFCs),F-gas Regulation,778.263,3242982.0,3414860.0,1.053,4387.8
2022,DE,Germany,True,Intra-EU,290343,HFC-125 / HFC-134 group,F-gases (HFCs),F-gas Regulation,107.309,446503.0,470168.0,1.053,4381.44
2022,DE,Germany,True,Intra-EU,290344,HFC-143 / HFC-152 group,F-gases (HFCs),F-gas Regulation,23.222,360699.0,379816.0,1.053,16355.87
2022,DE,Germany,True,Intra-EU,290345,HFC-227 / HFC-236 group,F-gases (HFCs),F-gas Regulation,954.71,10711710.0,11279431.0,1.053,11814.51
2022,DE,Germany,True,Intra-EU,290346,HFC-245 group,F-gases (HFCs),F-gas Regulation,539.09,17723263.0,18662596.0,1.053,34618.7
2022,DE,Germany,True,Intra-EU,290347,HFC-365mfc / HFC-43-10mee,F-gases (HFCs),F-gas Regulation,3.256,88310.0,92990.0,1.053,28559.58
2022,DE,Germany,True,Intra-EU,290348,HFC-134a and other saturated HFCs,F-gases (HFCs),F-gas Regulation,0.034,2868.0,3020.0,1.053,88823.53
2022,DE,Germany,True,Intra-EU,290349,Other saturated fluorinated derivatives,F-gases (HFCs),F-gas Regulation,441.72,5053272.0,5321095.0,1.053,12046.31
2022,DE,Germany,True,Intra-EU,390461,PTFE,Fluoropolymers,PFAS restriction (proposed),6010.235,87807429.0,92461223.0,1.053,15383.96
2022,DE,Germany,True,Intra-EU,390469,Other fluoropolymers,Fluoropolymers,PFAS restriction (proposed),3553.803,76718828.0,80784926.0,1.053,22731.97
2022,DK,Denmark,True,Intra-EU,270900,Crude oil,Oil & gas,EU Methane Regulation,445303.365,316505353.0,333280137.0,1.053,748.43
2022,DK,Denmark,True,Intra-EU,271111,LNG,Oil & gas,EU Methane Regulation,4299.96,5723770.0,6027130.0,1.053,1401.67
2022,DK,Denmark,True,Intra-EU,271121,Pipeline natural gas,Oil & gas,EU Methane Regulation,356360.678,614695963.0,647274849.0,1.053,1816.35
2022,DK,Denmark,True,Intra-EU,290341,HFC-23,F-gases (HFCs),F-gas Regulation,0.003,30.0,32.0,1.053,10666.67
2022,DK,Denmark,True,Intra-EU,290342,HFC-32 / HFC-41 (difluoro/fluoromethane),F-gases (HFCs),F-gas Regulation,4.547,53577.0,56417.0,1.053,12407.52
2022,DK,Denmark,True,Intra-EU,290343,HFC-125 / HFC-134 group,F-gases (HFCs),F-gas Regulation,0.012,151.0,159.0,1.053,13250.0
2022,DK,Denmark,True,Intra-EU,290344,HFC-143 / HFC-152 group,F-gases (HFCs),F-gas Regulation,0.123,1798.0,1893.0,1.053,15390.24
2022,DK,Denmark,True,Intra-EU,290345,HFC-227 / HFC-236 group,F-gases (HFCs),F-gas Regulation,1.499,32100.0,33801.0,1.053,22549.03
2022,DK,Denmark,True,Intra-EU,290346,HFC-245 group,F-gases (HFCs),F-gas Regulation,0.295,2186.0,2302.0,1.053,7803.39
2022,DK,Denmark,True,Intra-EU,290349,Other saturated fluorinated derivatives,F-gases (HFCs),F-gas Regulation,2.343,34661.0,36498.0,1.053,15577.46
2022,DK,Denmark,True,Intra-EU,390461,PTFE,Fluoropolymers,PFAS restriction (proposed),13.603,143540.0,151148.0,1.053,11111.37
2022,DK,Denmark,True,Intra-EU,390469,Other fluoropolymers,Fluoropolymers,PFAS restriction (proposed),16.07,438586.0,461831.0,1.053,28738.71
2022,DO,Dominican Republic,False,Extra-EU,270900,Crude oil,Oil & gas,EU Methane Regulation,0.001,76.0,80.0,1.053,80000.0
2022,DO,Dominican Republic,False,Extra-EU,271111,LNG,Oil & gas,EU Methane Regulation,63041.126,151695042.0,159734879.0,1.053,2533.82
2022,DZ,Algeria,False,Extra-EU,270900,Crude oil,Oil & gas,EU Methane Regulation,15314247.477,12089247280.0,12729977386.0,1.053,831.25
2022,DZ,Algeria,False,Extra-EU,271111,LNG,Oil & gas,EU Methane Regulation,2639750.932,4777151692.0,5030340732.0,1.053,1905.61
2022,DZ,Algeria,False,Extra-EU,271121,Pipeline natural gas,Oil & gas,EU Methane Regulation,22189239.435,17703263899.0,18641536886.0,1.053,840.12
2022,EC,Ecuador,False,Extra-EU,270900,Crude oil,Oil & gas,EU Methane Regulation,0.138,1055.0,1111.0,1.053,8050.72
2022,EE,Estonia,True,Intra-EU,270900,Crude oil,Oil & gas,EU Methane Regulation,27520.286,16071452.0,16923239.0,1.053,614.94
2022,EE,Estonia,True,Intra-EU,271111,LNG,Oil & gas,EU Methane Regulation,5632.651,7142670.0,7521232.0,1.053,1335.29
2022,EE,Estonia,True,Intra-EU,271121,Pipeline natural gas,Oil & gas,EU Methane Regulation,50005.805,902309166.0,950131552.0,1.053,19000.43
2022,EE,Estonia,True,Intra-EU,290341,HFC-23,F-gases (HFCs),F-gas Regulation,0.0,4.0,4.0,1.053,
2022,EE,Estonia,True,Intra-EU,290342,HFC-32 / HFC-41 (difluoro/fluoromethane),F-gases (HFCs),F-gas Regulation,2.258,15193.0,15998.0,1.053,7085.03
2022,EE,Estonia,True,Intra-EU,290343,HFC-125 / HFC-134 group,F-gases (HFCs),F-gas Regulation,0.001,17.0,18.0,1.053,18000.0
2022,EE,Estonia,True,Intra-EU,290344,HFC-143 / HFC-152 group,F-gases (HFCs),F-gas Regulation,15.484,283024.0,298024.0,1.053,19247.22
2022,EE,Estonia,True,Intra-EU,290345,HFC-227 / HFC-236 group,F-gases (HFCs),F-gas Regulation,130.825,1271403.0,1338787.0,1.053,10233.42
2022,EE,Estonia,True,Intra-EU,290346,HFC-245 group,F-gases (HFCs),F-gas Regulation,0.002,85.0,90.0,1.053,45000.0
2022,EE,Estonia,True,Intra-EU,290347,HFC-365mfc / HFC-43-10mee,F-gases (HFCs),F-gas Regulation,16.834,317287.0,334103.0,1.053,19846.92
2022,EE,Estonia,True,Intra-EU,290349,Other saturated fluorinated derivatives,F-gases (HFCs),F-gas Regulation,0.011,1702.0,1792.0,1.053,162909.09
2022,EE,Estonia,True,Intra-EU,390461,PTFE,Fluoropolymers,PFAS restriction (proposed),0.378,6705.0,7060.0,1.053,18677.25
2022,EE,Estonia,True,Intra-EU,390469,Other fluoropolymers,Fluoropolymers,PFAS restriction (proposed),0.154,3862.0,4067.0,1.053,26409.09
2022,EG,Egypt,False,Extra-EU,270900,Crude oil,Oil & gas,EU Methane Regulation,1680134.301,1268872085.0,1336122306.0,1.053,795.25
2022,EG,Egypt,False,Extra-EU,271111,LNG,Oil & gas,EU Methane Regulation,2393323.616,4818625979.0,5074013156.0,1.053,2120.07
2022,EG,Egypt,False,Extra-EU,271121,Pipeline natural gas,Oil & gas,EU Methane Regulation,21941.977,35932791.0,37837229.0,1.053,1724.42
2022,ES,Spain,True,Intra-EU,270900,Crude oil,Oil & gas,EU Methane Regulation,15368.804,6256088.0,6587661.0,1.053,428.64
2022,ES,Spain,True,Intra-EU,271111,LNG,Oil & gas,EU Methane Regulation,312885.169,334247305.0,351962412.0,1.053,1124.89
2022,ES,Spain,True,Intra-EU,271121,Pipeline natural gas,Oil & gas,EU Methane Regulation,490110.72,3376677241.0,3555641135.0,1.053,7254.77
2022,ES,Spain,True,Intra-EU,290341,HFC-23,F-gases (HFCs),F-gas Regulation,3.033,192068.0,202248.0,1.053,66682.49
2022,ES,Spain,True,Intra-EU,290342,HFC-32 / HFC-41 (difluoro/fluoromethane),F-gases (HFCs),F-gas Regulation,28.986,245070.0,258059.0,1.053,8902.88
2022,ES,Spain,True,Intra-EU,290343,HFC-125 / HFC-134 group,F-gases (HFCs),F-gas Regulation,559.65,5012276.0,5277927.0,1.053,9430.76
2022,ES,Spain,True,Intra-EU,290344,HFC-143 / HFC-152 group,F-gases (HFCs),F-gas Regulation,6.76,87574.0,92215.0,1.053,13641.27
2022,ES,Spain,True,Intra-EU,290345,HFC-227 / HFC-236 group,F-gases (HFCs),F-gas Regulation,281.261,2352356.0,2477031.0,1.053,8806.88
2022,ES,Spain,True,Intra-EU,290346,HFC-245 group,F-gases (HFCs),F-gas Regulation,0.6,9648.0,10159.0,1.053,16931.67
2022,ES,Spain,True,Intra-EU,290347,HFC-365mfc / HFC-43-10mee,F-gases (HFCs),F-gas Regulation,0.533,8770.0,9235.0,1.053,17326.45
2022,ES,Spain,True,Intra-EU,290348,HFC-134a and other saturated HFCs,F-gases (HFCs),F-gas Regulation,0.017,4845.0,5102.0,1.053,300117.65
2022,ES,Spain,True,Intra-EU,290349,Other saturated fluorinated derivatives,F-gases (HFCs),F-gas Regulation,0.461,79739.0,83965.0,1.053,182136.66
2022,ES,Spain,True,Intra-EU,390461,PTFE,Fluoropolymers,PFAS restriction (proposed),104.635,525895.0,553767.0,1.053,5292.37
2022,ES,Spain,True,Intra-EU,390469,Other fluoropolymers,Fluoropolymers,PFAS restriction (proposed),267.635,1037258.0,1092233.0,1.053,4081.05
2022,FI,Finland,True,Intra-EU,270900,Crude oil,Oil & gas,EU Methane Regulation,15.68,11339.0,11940.0,1.053,761.48
2022,FI,Finland,True,Intra-EU,271111,LNG,Oil & gas,EU Methane Regulation,21221.946,23751597.0,25010432.0,1.053,1178.52
2022,FI,Finland,True,Intra-EU,271121,Pipeline natural gas,Oil & gas,EU Methane Regulation,29058.555,43408215.0,45708850.0,1.053,1572.99
2022,FI,Finland,True,Intra-EU,290341,HFC-23,F-gases (HFCs),F-gas Regulation,0.0,5.0,5.0,1.053,
2022,FI,Finland,True,Intra-EU,290342,HFC-32 / HFC-41 (difluoro/fluoromethane),F-gases (HFCs),F-gas Regulation,0.194,1666.0,1754.0,1.053,9041.24
2022,FI,Finland,True,Intra-EU,290343,HFC-125 / HFC-134 group,F-gases (HFCs),F-gas Regulation,0.003,41.0,43.0,1.053,14333.33
2022,FI,Finland,True,Intra-EU,290344,HFC-143 / HFC-152 group,F-gases (HFCs),F-gas Regulation,1.15,30462.0,32076.0,1.053,27892.17
2022,FI,Finland,True,Intra-EU,290345,HFC-227 / HFC-236 group,F-gases (HFCs),F-gas Regulation,11.924,205233.0,216110.0,1.053,18123.95
2022,FI,Finland,True,Intra-EU,290346,HFC-245 group,F-gases (HFCs),F-gas Regulation,0.004,236.0,249.0,1.053,62250.0
2022,FI,Finland,True,Intra-EU,290349,Other saturated fluorinated derivatives,F-gases (HFCs),F-gas Regulation,0.269,27368.0,28819.0,1.053,107133.83
2022,FI,Finland,True,Intra-EU,390461,PTFE,Fluoropolymers,PFAS restriction (proposed),16.32,213366.0,224674.0,1.053,13766.79
2022,FI,Finland,True,Intra-EU,390469,Other fluoropolymers,Fluoropolymers,PFAS restriction (proposed),102.375,6310327.0,6644774.0,1.053,64906.22
2022,FR,France,True,Intra-EU,270900,Crude oil,Oil & gas,EU Methane Regulation,42951.26,138804557.0,146161199.0,1.053,3402.95
2022,FR,France,True,Intra-EU,271111,LNG,Oil & gas,EU Methane Regulation,29777.874,46015948.0,48454793.0,1.053,1627.21
2022,FR,France,True,Intra-EU,271121,Pipeline natural gas,Oil & gas,EU Methane Regulation,6322323.979,9617461449.0,10127186906.0,1.053,1601.81
2022,FR,France,True,Intra-EU,290341,HFC-23,F-gases (HFCs),F-gas Regulation,19.552,931041.0,980386.0,1.053,50142.49
2022,FR,France,True,Intra-EU,290342,HFC-32 / HFC-41 (difluoro/fluoromethane),F-gases (HFCs),F-gas Regulation,56.774,474358.0,499499.0,1.053,8798.02
2022,FR,France,True,Intra-EU,290343,HFC-125 / HFC-134 group,F-gases (HFCs),F-gas Regulation,136.278,1184770.0,1247563.0,1.053,9154.54
2022,FR,France,True,Intra-EU,290344,HFC-143 / HFC-152 group,F-gases (HFCs),F-gas Regulation,51.257,282285.0,297246.0,1.053,5799.13
2022,FR,France,True,Intra-EU,290345,HFC-227 / HFC-236 group,F-gases (HFCs),F-gas Regulation,676.489,7569838.0,7971039.0,1.053,11782.95
2022,FR,France,True,Intra-EU,290346,HFC-245 group,F-gases (HFCs),F-gas Regulation,18.255,523774.0,551534.0,1.053,30212.76
2022,FR,France,True,Intra-EU,290347,HFC-365mfc / HFC-43-10mee,F-gases (HFCs),F-gas Regulation,2.173,42876.0,45148.0,1.053,20776.81
2022,FR,France,True,Intra-EU,290348,HFC-134a and other saturated HFCs,F-gases (HFCs),F-gas Regulation,18.278,241088.0,253866.0,1.053,13889.16
2022,FR,France,True,Intra-EU,290349,Other saturated fluorinated derivatives,F-gases (HFCs),F-gas Regulation,223.589,4151551.0,4371583.0,1.053,19551.87
2022,FR,France,True,Intra-EU,390461,PTFE,Fluoropolymers,PFAS restriction (proposed),331.266,3076231.0,3239271.0,1.053,9778.46
2022,FR,France,True,Intra-EU,390469,Other fluoropolymers,Fluoropolymers,PFAS restriction (proposed),9610.627,235445501.0,247924113.0,1.053,25796.87
2022,GA,Gabon,False,Extra-EU,270900,Crude oil,Oil & gas,EU Methane Regulation,1817075.987,1334385117.0,1405107528.0,1.053,773.28
2022,GB,United Kingdom,False,Extra-EU,270900,Crude oil,Oil & gas,EU Methane Regulation,27034741.155,19698491049.0,20742511075.0,1.053,767.25
2022,GB,United Kingdom,False,Extra-EU,271111,LNG,Oil & gas,EU Methane Regulation,907134.306,1281002412.0,1348895540.0,1.053,1486.99
2022,GB,United Kingdom,False,Extra-EU,271121,Pipeline natural gas,Oil & gas,EU Methane Regulation,16836625.412,21631747539.0,22778230159.0,1.053,1352.9
2022,GB,United Kingdom,False,Extra-EU,290341,HFC-23,F-gases (HFCs),F-gas Regulation,1.871,46858.0,49341.0,1.053,26371.46
2022,GB,United Kingdom,False,Extra-EU,290342,HFC-32 / HFC-41 (difluoro/fluoromethane),F-gases (HFCs),F-gas Regulation,2.053,21659.0,22807.0,1.053,11109.11
2022,GB,United Kingdom,False,Extra-EU,290343,HFC-125 / HFC-134 group,F-gases (HFCs),F-gas Regulation,15.025,240221.0,252953.0,1.053,16835.47
2022,GB,United Kingdom,False,Extra-EU,290344,HFC-143 / HFC-152 group,F-gases (HFCs),F-gas Regulation,0.881,26605.0,28015.0,1.053,31799.09
2022,GB,United Kingdom,False,Extra-EU,290345,HFC-227 / HFC-236 group,F-gases (HFCs),F-gas Regulation,6200.535,47481438.0,49997954.0,1.053,8063.49
2022,GB,United Kingdom,False,Extra-EU,290346,HFC-245 group,F-gases (HFCs),F-gas Regulation,11.487,93936.0,98915.0,1.053,8611.04
2022,GB,United Kingdom,False,Extra-EU,290347,HFC-365mfc / HFC-43-10mee,F-gases (HFCs),F-gas Regulation,0.001,731.0,770.0,1.053,770000.0
2022,GB,United Kingdom,False,Extra-EU,290349,Other saturated fluorinated derivatives,F-gases (HFCs),F-gas Regulation,103.298,3640169.0,3833098.0,1.053,37107.19
2022,GB,United Kingdom,False,Extra-EU,390461,PTFE,Fluoropolymers,PFAS restriction (proposed),1712.011,24760222.0,26072514.0,1.053,15229.17
2022,GB,United Kingdom,False,Extra-EU,390469,Other fluoropolymers,Fluoropolymers,PFAS restriction (proposed),1305.734,27564468.0,29025385.0,1.053,22229.17
2022,GH,Ghana,False,Extra-EU,270900,Crude oil,Oil & gas,EU Methane Regulation,753826.824,560496797.0,590203127.0,1.053,782.94
2022,GI,Gibraltar,False,Extra-EU,270900,Crude oil,Oil & gas,EU Methane Regulation,89060.723,87993391.0,92657041.0,1.053,1040.38
2022,GI,Gibraltar,False,Extra-EU,271111,LNG,Oil & gas,EU Methane Regulation,573.736,945358.0,995462.0,1.053,1735.05
2022,GL,Greenland,False,Extra-EU,270900,Crude oil,Oil & gas,EU Methane Regulation,0.108,95.0,100.0,1.053,925.93
2022,GQ,Equatorial Guinea,False,Extra-EU,270900,Crude oil,Oil & gas,EU Methane Regulation,2315108.2,1645980798.0,1733217780.0,1.053,748.66
2022,GQ,Equatorial Guinea,False,Extra-EU,271111,LNG,Oil & gas,EU Methane Regulation,792813.194,1025675662.0,1080036472.0,1.053,1362.28
2022,GR,Greece,True,Intra-EU,270900,Crude oil,Oil & gas,EU Methane Regulation,489673.801,293554276.0,309112653.0,1.053,631.26
2022,GR,Greece,True,Intra-EU,271121,Pipeline natural gas,Oil & gas,EU Methane Regulation,450029.487,789374817.0,831211682.0,1.053,1847.02
2022,GR,Greece,True,Intra-EU,290341,HFC-23,F-gases (HFCs),F-gas Regulation,0.004,49.0,52.0,1.053,13000.0
2022,GR,Greece,True,Intra-EU,290342,HFC-32 / HFC-41 (difluoro/fluoromethane),F-gases (HFCs),F-gas Regulation,1.596,5506.0,5798.0,1.053,3632.83
2022,GR,Greece,True,Intra-EU,290343,HFC-125 / HFC-134 group,F-gases (HFCs),F-gas Regulation,0.157,66546.0,70073.0,1.053,446324.84
2022,GR,Greece,True,Intra-EU,290344,HFC-143 / HFC-152 group,F-gases (HFCs),F-gas Regulation,0.018,305.0,321.0,1.053,17833.33
2022,GR,Greece,True,Intra-EU,290345,HFC-227 / HFC-236 group,F-gases (HFCs),F-gas Regulation,1.758,18158.0,19120.0,1.053,10876.0
2022,GR,Greece,True,Intra-EU,290346,HFC-245 group,F-gases (HFCs),F-gas Regulation,5.26,45067.0,47456.0,1.053,9022.05
2022,GR,Greece,True,Intra-EU,290347,HFC-365mfc / HFC-43-10mee,F-gases (HFCs),F-gas Regulation,0.008,171.0,180.0,1.053,22500.0
2022,GR,Greece,True,Intra-EU,290349,Other saturated fluorinated derivatives,F-gases (HFCs),F-gas Regulation,0.37,16847.0,17740.0,1.053,47945.95
2022,GR,Greece,True,Intra-EU,390461,PTFE,Fluoropolymers,PFAS restriction (proposed),2.502,26217.0,27607.0,1.053,11033.97
2022,GR,Greece,True,Intra-EU,390469,Other fluoropolymers,Fluoropolymers,PFAS restriction (proposed),691.774,1021145.0,1075266.0,1.053,1554.36
2022,GY,Guyana,False,Extra-EU,270900,Crude oil,Oil & gas,EU Methane Regulation,5079027.911,3747074026.0,3945668949.0,1.053,776.86
2022,HK,Hong Kong,False,Extra-EU,270900,Crude oil,Oil & gas,EU Methane Regulation,0.21,953.0,1004.0,1.053,4780.95
2022,HK,Hong Kong,False,Extra-EU,290344,HFC-143 / HFC-152 group,F-gases (HFCs),F-gas Regulation,1.5,10649.0,11213.0,1.053,7475.33
2022,HK,Hong Kong,False,Extra-EU,290345,HFC-227 / HFC-236 group,F-gases (HFCs),F-gas Regulation,55.126,310825.0,327299.0,1.053,5937.29
2022,HK,Hong Kong,False,Extra-EU,290349,Other saturated fluorinated derivatives,F-gases (HFCs),F-gas Regulation,23.16,430742.0,453571.0,1.053,19584.24
2022,HK,Hong Kong,False,Extra-EU,390461,PTFE,Fluoropolymers,PFAS restriction (proposed),0.014,996.0,1049.0,1.053,74928.57
2022,HK,Hong Kong,False,Extra-EU,390469,Other fluoropolymers,Fluoropolymers,PFAS restriction (proposed),4.002,98534.0,103756.0,1.053,25926.04
2022,HN,Honduras,False,Extra-EU,270900,Crude oil,Oil & gas,EU Methane Regulation,0.004,423.0,445.0,1.053,111250.0
2022,HR,Croatia,True,Intra-EU,270900,Crude oil,Oil & gas,EU Methane Regulation,485421.739,334144147.0,351853787.0,1.053,724.84
2022,HR,Croatia,True,Intra-EU,271111,LNG,Oil & gas,EU Methane Regulation,3127.599,4295363.0,4523017.0,1.053,1446.16
2022,HR,Croatia,True,Intra-EU,271121,Pipeline natural gas,Oil & gas,EU Methane Regulation,123345.617,138073834.0,145391747.0,1.053,1178.73
2022,HR,Croatia,True,Intra-EU,290341,HFC-23,F-gases (HFCs),F-gas Regulation,0.001,6.0,6.0,1.053,6000.0
2022,HR,Croatia,True,Intra-EU,290342,HFC-32 / HFC-41 (difluoro/fluoromethane),F-gases (HFCs),F-gas Regulation,0.514,4672.0,4920.0,1.053,9571.98
2022,HR,Croatia,True,Intra-EU,290343,HFC-125 / HFC-134 group,F-gases (HFCs),F-gas Regulation,0.001,10.0,11.0,1.053,11000.0
2022,HR,Croatia,True,Intra-EU,290344,HFC-143 / HFC-152 group,F-gases (HFCs),F-gas Regulation,0.005,80.0,84.0,1.053,16800.0
2022,HR,Croatia,True,Intra-EU,290345,HFC-227 / HFC-236 group,F-gases (HFCs),F-gas Regulation,2.216,14936.0,15728.0,1.053,7097.47
2022,HR,Croatia,True,Intra-EU,290346,HFC-245 group,F-gases (HFCs),F-gas Regulation,0.13,575.0,605.0,1.053,4653.85
2022,HR,Croatia,True,Intra-EU,290349,Other saturated fluorinated derivatives,F-gases (HFCs),F-gas Regulation,0.006,722.0,760.0,1.053,126666.67
2022,HR,Croatia,True,Intra-EU,390461,PTFE,Fluoropolymers,PFAS restriction (proposed),0.071,3030.0,3191.0,1.053,44943.66
2022,HR,Croatia,True,Intra-EU,390469,Other fluoropolymers,Fluoropolymers,PFAS restriction (proposed),774.038,163218.0,171869.0,1.053,222.04
2022,HT,Haiti,False,Extra-EU,270900,Crude oil,Oil & gas,EU Methane Regulation,0.0,1.0,1.0,1.053,
2022,HU,Hungary,True,Intra-EU,270900,Crude oil,Oil & gas,EU Methane Regulation,110117.973,59388923.0,62536536.0,1.053,567.9
2022,HU,Hungary,True,Intra-EU,271111,LNG,Oil & gas,EU Methane Regulation,332.986,573780.0,604190.0,1.053,1814.46
2022,HU,Hungary,True,Intra-EU,271121,Pipeline natural gas,Oil & gas,EU Methane Regulation,333837.948,373868257.0,393683275.0,1.053,1179.26
2022,HU,Hungary,True,Intra-EU,290341,HFC-23,F-gases (HFCs),F-gas Regulation,0.003,34.0,36.0,1.053,12000.0
2022,HU,Hungary,True,Intra-EU,290342,HFC-32 / HFC-41 (difluoro/fluoromethane),F-gases (HFCs),F-gas Regulation,1.106,9501.0,10005.0,1.053,9046.11
2022,HU,Hungary,True,Intra-EU,290343,HFC-125 / HFC-134 group,F-gases (HFCs),F-gas Regulation,0.015,155.0,163.0,1.053,10866.67
2022,HU,Hungary,True,Intra-EU,290344,HFC-143 / HFC-152 group,F-gases (HFCs),F-gas Regulation,0.061,1005.0,1058.0,1.053,17344.26
2022,HU,Hungary,True,Intra-EU,290345,HFC-227 / HFC-236 group,F-gases (HFCs),F-gas Regulation,71.764,583133.0,614039.0,1.053,8556.37
2022,HU,Hungary,True,Intra-EU,290346,HFC-245 group,F-gases (HFCs),F-gas Regulation,0.012,637.0,671.0,1.053,55916.67
2022,HU,Hungary,True,Intra-EU,290349,Other saturated fluorinated derivatives,F-gases (HFCs),F-gas Regulation,0.608,29465.0,31027.0,1.053,51031.25
2022,HU,Hungary,True,Intra-EU,390461,PTFE,Fluoropolymers,PFAS restriction (proposed),1.179,25019.0,26345.0,1.053,22345.21
2022,HU,Hungary,True,Intra-EU,390469,Other fluoropolymers,Fluoropolymers,PFAS restriction (proposed),1.527,31918.0,33610.0,1.053,22010.48
2022,ID,Indonesia,False,Extra-EU,270900,Crude oil,Oil & gas,EU Methane Regulation,0.023,17.0,18.0,1.053,782.61
2022,ID,Indonesia,False,Extra-EU,271111,LNG,Oil & gas,EU Methane Regulation,19040.387,111805989.0,117731706.0,1.053,6183.26
2022,ID,Indonesia,False,Extra-EU,390469,Other fluoropolymers,Fluoropolymers,PFAS restriction (proposed),0.043,6415.0,6755.0,1.053,157093.02
2022,IE,Ireland,True,Intra-EU,270900,Crude oil,Oil & gas,EU Methane Regulation,54.482,39316.0,41400.0,1.053,759.88
2022,IE,Ireland,True,Intra-EU,290341,HFC-23,F-gases (HFCs),F-gas Regulation,0.008,242.0,255.0,1.053,31875.0
2022,IE,Ireland,True,Intra-EU,290342,HFC-32 / HFC-41 (difluoro/fluoromethane),F-gases (HFCs),F-gas Regulation,0.501,6338.0,6674.0,1.053,13321.36
2022,IE,Ireland,True,Intra-EU,290343,HFC-125 / HFC-134 group,F-gases (HFCs),F-gas Regulation,0.012,473.0,498.0,1.053,41500.0
2022,IE,Ireland,True,Intra-EU,290344,HFC-143 / HFC-152 group,F-gases (HFCs),F-gas Regulation,0.048,1293.0,1362.0,1.053,28375.0
2022,IE,Ireland,True,Intra-EU,290345,HFC-227 / HFC-236 group,F-gases (HFCs),F-gas Regulation,213.155,1887605.0,1987648.0,1.053,9324.9
2022,IE,Ireland,True,Intra-EU,290346,HFC-245 group,F-gases (HFCs),F-gas Regulation,0.008,451.0,475.0,1.053,59375.0
2022,IE,Ireland,True,Intra-EU,290347,HFC-365mfc / HFC-43-10mee,F-gases (HFCs),F-gas Regulation,10.307,284248.0,299313.0,1.053,29039.78
2022,IE,Ireland,True,Intra-EU,290349,Other saturated fluorinated derivatives,F-gases (HFCs),F-gas Regulation,0.106,33976.0,35777.0,1.053,337518.87
2022,IE,Ireland,True,Intra-EU,390461,PTFE,Fluoropolymers,PFAS restriction (proposed),15.432,318394.0,335269.0,1.053,21725.57
2022,IE,Ireland,True,Intra-EU,390469,Other fluoropolymers,Fluoropolymers,PFAS restriction (proposed),138.288,5825582.0,6134338.0,1.053,44359.15
2022,IL,Israel,False,Extra-EU,270900,Crude oil,Oil & gas,EU Methane Regulation,0.334,431.0,454.0,1.053,1359.28
2022,IL,Israel,False,Extra-EU,290349,Other saturated fluorinated derivatives,F-gases (HFCs),F-gas Regulation,0.005,937.0,987.0,1.053,197400.0
2022,IL,Israel,False,Extra-EU,390461,PTFE,Fluoropolymers,PFAS restriction (proposed),0.002,128.0,135.0,1.053,67500.0
2022,IL,Israel,False,Extra-EU,390469,Other fluoropolymers,Fluoropolymers,PFAS restriction (proposed),0.057,2378.0,2504.0,1.053,43929.82
2022,IN,India,False,Extra-EU,270900,Crude oil,Oil & gas,EU Methane Regulation,0.084,301.0,317.0,1.053,3773.81
2022,IN,India,False,Extra-EU,290345,HFC-227 / HFC-236 group,F-gases (HFCs),F-gas Regulation,114.599,1286485.0,1354669.0,1.053,11820.95
2022,IN,India,False,Extra-EU,390461,PTFE,Fluoropolymers,PFAS restriction (proposed),5531.85,65145518.0,68598230.0,1.053,12400.59
2022,IN,India,False,Extra-EU,390469,Other fluoropolymers,Fluoropolymers,PFAS restriction (proposed),1139.827,32924955.0,34669978.0,1.053,30416.88
2022,IQ,Iraq,False,Extra-EU,270900,Crude oil,Oil & gas,EU Methane Regulation,36212551.41,23094695365.0,24318714219.0,1.053,671.55
2022,IS,Iceland,False,Extra-EU,270900,Crude oil,Oil & gas,EU Methane Regulation,0.039,36.0,38.0,1.053,974.36
2022,IS,Iceland,False,Extra-EU,390461,PTFE,Fluoropolymers,PFAS restriction (proposed),0.001,10.0,11.0,1.053,11000.0
2022,IT,Italy,True,Intra-EU,270900,Crude oil,Oil & gas,EU Methane Regulation,1013943.362,544243410.0,573088311.0,1.053,565.21
2022,IT,Italy,True,Intra-EU,271111,LNG,Oil & gas,EU Methane Regulation,9471.44,13805164.0,14536838.0,1.053,1534.81
2022,IT,Italy,True,Intra-EU,271121,Pipeline natural gas,Oil & gas,EU Methane Regulation,110799.748,150735372.0,158724347.0,1.053,1432.53
2022,IT,Italy,True,Intra-EU,290341,HFC-23,F-gases (HFCs),F-gas Regulation,25.101,290634.0,306038.0,1.053,12192.26
2022,IT,Italy,True,Intra-EU,290342,HFC-32 / HFC-41 (difluoro/fluoromethane),F-gases (HFCs),F-gas Regulation,107.384,841931.0,886553.0,1.053,8255.91
2022,IT,Italy,True,Intra-EU,290343,HFC-125 / HFC-134 group,F-gases (HFCs),F-gas Regulation,358.915,2060251.0,2169444.0,1.053,6044.45
2022,IT,Italy,True,Intra-EU,290344,HFC-143 / HFC-152 group,F-gases (HFCs),F-gas Regulation,5.361,45580.0,47996.0,1.053,8952.81
2022,IT,Italy,True,Intra-EU,290345,HFC-227 / HFC-236 group,F-gases (HFCs),F-gas Regulation,609.768,7657979.0,8063852.0,1.053,13224.46
2022,IT,Italy,True,Intra-EU,290346,HFC-245 group,F-gases (HFCs),F-gas Regulation,6.795,211683.0,222902.0,1.053,32803.83
2022,IT,Italy,True,Intra-EU,290347,HFC-365mfc / HFC-43-10mee,F-gases (HFCs),F-gas Regulation,2.507,81489.0,85808.0,1.053,34227.36
2022,IT,Italy,True,Intra-EU,290348,HFC-134a and other saturated HFCs,F-gases (HFCs),F-gas Regulation,2.247,4021.0,4234.0,1.053,1884.29
2022,IT,Italy,True,Intra-EU,290349,Other saturated fluorinated derivatives,F-gases (HFCs),F-gas Regulation,137.816,710686.0,748352.0,1.053,5430.08
2022,IT,Italy,True,Intra-EU,390461,PTFE,Fluoropolymers,PFAS restriction (proposed),3884.415,66575133.0,70103615.0,1.053,18047.41
2022,IT,Italy,True,Intra-EU,390469,Other fluoropolymers,Fluoropolymers,PFAS restriction (proposed),2629.841,72918121.0,76782781.0,1.053,29196.74
2022,JM,Jamaica,False,Extra-EU,270900,Crude oil,Oil & gas,EU Methane Regulation,0.01,102.0,107.0,1.053,10700.0
2022,JM,Jamaica,False,Extra-EU,271111,LNG,Oil & gas,EU Methane Regulation,8480.956,10790557.0,11362457.0,1.053,1339.76
2022,JO,Jordan,False,Extra-EU,270900,Crude oil,Oil & gas,EU Methane Regulation,0.04,129.0,136.0,1.053,3400.0
2022,JP,Japan,False,Extra-EU,270900,Crude oil,Oil & gas,EU Methane Regulation,0.116,411.0,433.0,1.053,3732.76
2022,JP,Japan,False,Extra-EU,290341,HFC-23,F-gases (HFCs),F-gas Regulation,4.818,126243.0,132934.0,1.053,27591.12
2022,JP,Japan,False,Extra-EU,290345,HFC-227 / HFC-236 group,F-gases (HFCs),F-gas Regulation,497.808,2972347.0,3129881.0,1.053,6287.33
2022,JP,Japan,False,Extra-EU,290348,HFC-134a and other saturated HFCs,F-gases (HFCs),F-gas Regulation,72.0,1807369.0,1903160.0,1.053,26432.78
2022,JP,Japan,False,Extra-EU,290349,Other saturated fluorinated derivatives,F-gases (HFCs),F-gas Regulation,74.156,3110797.0,3275669.0,1.053,44172.68
2022,JP,Japan,False,Extra-EU,390461,PTFE,Fluoropolymers,PFAS restriction (proposed),699.758,9775238.0,10293326.0,1.053,14709.84
2022,JP,Japan,False,Extra-EU,390469,Other fluoropolymers,Fluoropolymers,PFAS restriction (proposed),5220.377,170896972.0,179954512.0,1.053,34471.55
2022,KE,Kenya,False,Extra-EU,270900,Crude oil,Oil & gas,EU Methane Regulation,0.026,20.0,21.0,1.053,807.69
2022,KG,Kyrgyzstan,False,Extra-EU,390461,PTFE,Fluoropolymers,PFAS restriction (proposed),2.225,54602.0,57496.0,1.053,25840.9
2022,KR,South Korea,False,Extra-EU,270900,Crude oil,Oil & gas,EU Methane Regulation,0.127,476.0,501.0,1.053,3944.88
2022,KR,South Korea,False,Extra-EU,271111,LNG,Oil & gas,EU Methane Regulation,10963.484,33268439.0,35031666.0,1.053,3195.3
2022,KR,South Korea,False,Extra-EU,271121,Pipeline natural gas,Oil & gas,EU Methane Regulation,0.029,241.0,254.0,1.053,8758.62
2022,KR,South Korea,False,Extra-EU,290342,HFC-32 / HFC-41 (difluoro/fluoromethane),F-gases (HFCs),F-gas Regulation,1.591,98751.0,103985.0,1.053,65358.27
2022,KR,South Korea,False,Extra-EU,290343,HFC-125 / HFC-134 group,F-gases (HFCs),F-gas Regulation,2.135,489503.0,515447.0,1.053,241427.17
2022,KR,South Korea,False,Extra-EU,290345,HFC-227 / HFC-236 group,F-gases (HFCs),F-gas Regulation,0.555,29438.0,30998.0,1.053,55852.25
2022,KR,South Korea,False,Extra-EU,390461,PTFE,Fluoropolymers,PFAS restriction (proposed),241.015,3895723.0,4102196.0,1.053,17020.5
2022,KR,South Korea,False,Extra-EU,390469,Other fluoropolymers,Fluoropolymers,PFAS restriction (proposed),94.585,1416145.0,1491201.0,1.053,15765.72
2022,KW,Kuwait,False,Extra-EU,270900,Crude oil,Oil & gas,EU Methane Regulation,0.514,1605.0,1690.0,1.053,3287.94
2022,KZ,Kazakhstan,False,Extra-EU,270900,Crude oil,Oil & gas,EU Methane Regulation,33490938.086,24075862330.0,25351883033.0,1.053,756.98
2022,LB,Lebanon,False,Extra-EU,390461,PTFE,Fluoropolymers,PFAS restriction (proposed),194.96,531215.0,559369.0,1.053,2869.15
2022,LT,Lithuania,True,Intra-EU,270900,Crude oil,Oil & gas,EU Methane Regulation,118940.394,71867100.0,75676056.0,1.053,636.25
2022,LT,Lithuania,True,Intra-EU,271111,LNG,Oil & gas,EU Methane Regulation,6789.033,7838457.0,8253895.0,1.053,1215.77
2022,LT,Lithuania,True,Intra-EU,271121,Pipeline natural gas,Oil & gas,EU Methane Regulation,1011178.339,1870058859.0,1969171979.0,1.053,1947.4
2022,LT,Lithuania,True,Intra-EU,290341,HFC-23,F-gases (HFCs),F-gas Regulation,0.001,10.0,11.0,1.053,11000.0
2022,LT,Lithuania,True,Intra-EU,290342,HFC-32 / HFC-41 (difluoro/fluoromethane),F-gases (HFCs),F-gas Regulation,3.432,68879.0,72530.0,1.053,21133.45
2022,LT,Lithuania,True,Intra-EU,290343,HFC-125 / HFC-134 group,F-gases (HFCs),F-gas Regulation,0.012,145.0,153.0,1.053,12750.0
2022,LT,Lithuania,True,Intra-EU,290344,HFC-143 / HFC-152 group,F-gases (HFCs),F-gas Regulation,0.91,22170.0,23345.0,1.053,25653.85
2022,LT,Lithuania,True,Intra-EU,290345,HFC-227 / HFC-236 group,F-gases (HFCs),F-gas Regulation,43.485,543600.0,572411.0,1.053,13163.41
2022,LT,Lithuania,True,Intra-EU,290346,HFC-245 group,F-gases (HFCs),F-gas Regulation,0.016,870.0,916.0,1.053,57250.0
2022,LT,Lithuania,True,Intra-EU,290349,Other saturated fluorinated derivatives,F-gases (HFCs),F-gas Regulation,0.003,556.0,585.0,1.053,195000.0
2022,LT,Lithuania,True,Intra-EU,390461,PTFE,Fluoropolymers,PFAS restriction (proposed),0.42,11177.0,11769.0,1.053,28021.43
2022,LT,Lithuania,True,Intra-EU,390469,Other fluoropolymers,Fluoropolymers,PFAS restriction (proposed),17.864,913132.0,961528.0,1.053,53824.9
2022,LU,Luxembourg,True,Intra-EU,270900,Crude oil,Oil & gas,EU Methane Regulation,2.68,1901.0,2002.0,1.053,747.01
2022,LU,Luxembourg,True,Intra-EU,271111,LNG,Oil & gas,EU Methane Regulation,11000.0,15069586.0,15868274.0,1.053,1442.57
2022,LU,Luxembourg,True,Intra-EU,271121,Pipeline natural gas,Oil & gas,EU Methane Regulation,26480.545,54107162.0,56974842.0,1.053,2151.57
2022,LU,Luxembourg,True,Intra-EU,290341,HFC-23,F-gases (HFCs),F-gas Regulation,0.001,16.0,17.0,1.053,17000.0
2022,LU,Luxembourg,True,Intra-EU,290342,HFC-32 / HFC-41 (difluoro/fluoromethane),F-gases (HFCs),F-gas Regulation,0.016,81.0,85.0,1.053,5312.5
2022,LU,Luxembourg,True,Intra-EU,290343,HFC-125 / HFC-134 group,F-gases (HFCs),F-gas Regulation,0.0,5.0,5.0,1.053,
2022,LU,Luxembourg,True,Intra-EU,290344,HFC-143 / HFC-152 group,F-gases (HFCs),F-gas Regulation,0.002,25.0,26.0,1.053,13000.0
2022,LU,Luxembourg,True,Intra-EU,290345,HFC-227 / HFC-236 group,F-gases (HFCs),F-gas Regulation,0.209,2514.0,2647.0,1.053,12665.07
2022,LU,Luxembourg,True,Intra-EU,290346,HFC-245 group,F-gases (HFCs),F-gas Regulation,1.031,94924.0,99955.0,1.053,96949.56
2022,LU,Luxembourg,True,Intra-EU,290349,Other saturated fluorinated derivatives,F-gases (HFCs),F-gas Regulation,0.003,369.0,389.0,1.053,129666.67
2022,LU,Luxembourg,True,Intra-EU,390461,PTFE,Fluoropolymers,PFAS restriction (proposed),0.685,134750.0,141892.0,1.053,207141.61
2022,LU,Luxembourg,True,Intra-EU,390469,Other fluoropolymers,Fluoropolymers,PFAS restriction (proposed),1.97,75205.0,79191.0,1.053,40198.48
2022,LV,Latvia,True,Intra-EU,270900,Crude oil,Oil & gas,EU Methane Regulation,5417.341,2695021.0,2837857.0,1.053,523.85
2022,LV,Latvia,True,Intra-EU,271111,LNG,Oil & gas,EU Methane Regulation,2261.561,3863350.0,4068108.0,1.053,1798.81
2022,LV,Latvia,True,Intra-EU,271121,Pipeline natural gas,Oil & gas,EU Methane Regulation,786920.49,1020929188.0,1075038435.0,1.053,1366.13
2022,LV,Latvia,True,Intra-EU,290341,HFC-23,F-gases (HFCs),F-gas Regulation,0.001,7.0,7.0,1.053,7000.0
2022,LV,Latvia,True,Intra-EU,290342,HFC-32 / HFC-41 (difluoro/fluoromethane),F-gases (HFCs),F-gas Regulation,0.02,101.0,106.0,1.053,5300.0
2022,LV,Latvia,True,Intra-EU,290343,HFC-125 / HFC-134 group,F-gases (HFCs),F-gas Regulation,0.001,7.0,7.0,1.053,7000.0
2022,LV,Latvia,True,Intra-EU,290344,HFC-143 / HFC-152 group,F-gases (HFCs),F-gas Regulation,0.004,70.0,74.0,1.053,18500.0
2022,LV,Latvia,True,Intra-EU,290345,HFC-227 / HFC-236 group,F-gases (HFCs),F-gas Regulation,20.384,213649.0,224972.0,1.053,11036.7
2022,LV,Latvia,True,Intra-EU,290346,HFC-245 group,F-gases (HFCs),F-gas Regulation,0.001,79.0,83.0,1.053,83000.0
2022,LV,Latvia,True,Intra-EU,290349,Other saturated fluorinated derivatives,F-gases (HFCs),F-gas Regulation,0.015,442.0,465.0,1.053,31000.0
2022,LV,Latvia,True,Intra-EU,390461,PTFE,Fluoropolymers,PFAS restriction (proposed),0.638,11099.0,11687.0,1.053,18318.18
2022,LV,Latvia,True,Intra-EU,390469,Other fluoropolymers,Fluoropolymers,PFAS restriction (proposed),0.204,5662.0,5962.0,1.053,29225.49
2022,LY,Libya,False,Extra-EU,270900,Crude oil,Oil & gas,EU Methane Regulation,29629780.142,21581501723.0,22725321314.0,1.053,766.98
2022,LY,Libya,False,Extra-EU,271121,Pipeline natural gas,Oil & gas,EU Methane Regulation,1891988.184,3022839944.0,3183050461.0,1.053,1682.38
2022,MA,Morocco,False,Extra-EU,270900,Crude oil,Oil & gas,EU Methane Regulation,0.107,84.0,88.0,1.053,822.43
2022,MD,Moldova,False,Extra-EU,270900,Crude oil,Oil & gas,EU Methane Regulation,2101.892,907992.0,956116.0,1.053,454.88
2022,MG,Madagascar,False,Extra-EU,270900,Crude oil,Oil & gas,EU Methane Regulation,0.011,8.0,8.0,1.053,727.27
2022,MN,Mongolia,False,Extra-EU,270900,Crude oil,Oil & gas,EU Methane Regulation,0.043,1629.0,1715.0,1.053,39883.72
2022,MN,Mongolia,False,Extra-EU,290343,HFC-125 / HFC-134 group,F-gases (HFCs),F-gas Regulation,18.9,81951.0,86294.0,1.053,4565.82
2022,MR,Mauritania,False,Extra-EU,270900,Crude oil,Oil & gas,EU Methane Regulation,0.002,64.0,67.0,1.053,33500.0
2022,MT,Malta,True,Intra-EU,270900,Crude oil,Oil & gas,EU Methane Regulation,104409.375,70931887.0,74691277.0,1.053,715.37
2022,MT,Malta,True,Intra-EU,290344,HFC-143 / HFC-152 group,F-gases (HFCs),F-gas Regulation,0.0,2.0,2.0,1.053,
2022,MT,Malta,True,Intra-EU,290345,HFC-227 / HFC-236 group,F-gases (HFCs),F-gas Regulation,0.0,7.0,7.0,1.053,
2022,MT,Malta,True,Intra-EU,290349,Other saturated fluorinated derivatives,F-gases (HFCs),F-gas Regulation,0.0,3.0,3.0,1.053,
2022,MT,Malta,True,Intra-EU,390461,PTFE,Fluoropolymers,PFAS restriction (proposed),0.018,293.0,309.0,1.053,17166.67
2022,MT,Malta,True,Intra-EU,390469,Other fluoropolymers,Fluoropolymers,PFAS restriction (proposed),1.0,25434.0,26782.0,1.053,26782.0
2022,MU,Mauritius,False,Extra-EU,270900,Crude oil,Oil & gas,EU Methane Regulation,0.001,1.0,1.0,1.053,1000.0
2022,MX,Mexico,False,Extra-EU,270900,Crude oil,Oil & gas,EU Methane Regulation,6095397.959,3605386040.0,3796471500.0,1.053,622.84
2022,MX,Mexico,False,Extra-EU,390461,PTFE,Fluoropolymers,PFAS restriction (proposed),0.97,119340.0,125665.0,1.053,129551.55
2022,MX,Mexico,False,Extra-EU,390469,Other fluoropolymers,Fluoropolymers,PFAS restriction (proposed),0.02,2218.0,2336.0,1.053,116800.0
2022,MY,Malaysia,False,Extra-EU,270900,Crude oil,Oil & gas,EU Methane Regulation,1.646,3370.0,3549.0,1.053,2156.14
2022,MY,Malaysia,False,Extra-EU,271111,LNG,Oil & gas,EU Methane Regulation,2301.902,3919497.0,4127230.0,1.053,1792.97
2022,MY,Malaysia,False,Extra-EU,290349,Other saturated fluorinated derivatives,F-gases (HFCs),F-gas Regulation,0.028,3200.0,3370.0,1.053,120357.14
2022,MY,Malaysia,False,Extra-EU,390469,Other fluoropolymers,Fluoropolymers,PFAS restriction (proposed),3.003,40238.0,42371.0,1.053,14109.56
2022,MZ,Mozambique,False,Extra-EU,271111,LNG,Oil & gas,EU Methane Regulation,109599.234,163065248.0,171707706.0,1.053,1566.69
2022,NC,New Caledonia,False,Extra-EU,270900,Crude oil,Oil & gas,EU Methane Regulation,0.003,263.0,277.0,1.053,92333.33
2022,NG,Nigeria,False,Extra-EU,270900,Crude oil,Oil & gas,EU Methane Regulation,27447024.74,20939267616.0,22049048800.0,1.053,803.33
2022,NG,Nigeria,False,Extra-EU,271111,LNG,Oil & gas,EU Methane Regulation,6425723.626,4523514434.0,4763260699.0,1.053,741.28
2022,NI,Nicaragua,False,Extra-EU,271111,LNG,Oil & gas,EU Methane Regulation,192681.621,107037850.0,112710856.0,1.053,584.96
2022,NL,Netherlands,True,Intra-EU,270900,Crude oil,Oil & gas,EU Methane Regulation,46726600.825,32686950321.0,34419358688.0,1.053,736.61
2022,NL,Netherlands,True,Intra-EU,271111,LNG,Oil & gas,EU Methane Regulation,123192.438,174865349.0,184133212.0,1.053,1494.68
2022,NL,Netherlands,True,Intra-EU,271121,Pipeline natural gas,Oil & gas,EU Methane Regulation,6002523.419,8799665931.0,9266048225.0,1.053,1543.69
2022,NL,Netherlands,True,Intra-EU,290341,HFC-23,F-gases (HFCs),F-gas Regulation,35.176,692037.0,728715.0,1.053,20716.26
2022,NL,Netherlands,True,Intra-EU,290342,HFC-32 / HFC-41 (difluoro/fluoromethane),F-gases (HFCs),F-gas Regulation,757.336,3194549.0,3363860.0,1.053,4441.7
2022,NL,Netherlands,True,Intra-EU,290343,HFC-125 / HFC-134 group,F-gases (HFCs),F-gas Regulation,8.091,83422.0,87843.0,1.053,10856.88
2022,NL,Netherlands,True,Intra-EU,290344,HFC-143 / HFC-152 group,F-gases (HFCs),F-gas Regulation,115.181,680739.0,716818.0,1.053,6223.4
2022,NL,Netherlands,True,Intra-EU,290345,HFC-227 / HFC-236 group,F-gases (HFCs),F-gas Regulation,8158.546,80519554.0,84787090.0,1.053,10392.43
2022,NL,Netherlands,True,Intra-EU,290346,HFC-245 group,F-gases (HFCs),F-gas Regulation,25.759,447895.0,471633.0,1.053,18309.45
2022,NL,Netherlands,True,Intra-EU,290347,HFC-365mfc / HFC-43-10mee,F-gases (HFCs),F-gas Regulation,158.545,3080156.0,3243404.0,1.053,20457.31
2022,NL,Netherlands,True,Intra-EU,290348,HFC-134a and other saturated HFCs,F-gases (HFCs),F-gas Regulation,8.727,342619.0,360778.0,1.053,41340.44
2022,NL,Netherlands,True,Intra-EU,290349,Other saturated fluorinated derivatives,F-gases (HFCs),F-gas Regulation,277.06,702972.0,740230.0,1.053,2671.73
2022,NL,Netherlands,True,Intra-EU,390461,PTFE,Fluoropolymers,PFAS restriction (proposed),3144.014,54737614.0,57638708.0,1.053,18332.84
2022,NL,Netherlands,True,Intra-EU,390469,Other fluoropolymers,Fluoropolymers,PFAS restriction (proposed),4158.74,88085071.0,92753580.0,1.053,22303.29
2022,NO,Norway,False,Extra-EU,270900,Crude oil,Oil & gas,EU Methane Regulation,47569392.416,34825015272.0,36670741081.0,1.053,770.89
2022,NO,Norway,False,Extra-EU,271111,LNG,Oil & gas,EU Methane Regulation,1236432.078,3607053457.0,3798227290.0,1.053,3071.93
2022,NO,Norway,False,Extra-EU,271121,Pipeline natural gas,Oil & gas,EU Methane Regulation,14694540.384,21368015656.0,22500520486.0,1.053,1531.22
2022,NO,Norway,False,Extra-EU,290345,HFC-227 / HFC-236 group,F-gases (HFCs),F-gas Regulation,0.018,446.0,470.0,1.053,26111.11
2022,NO,Norway,False,Extra-EU,290349,Other saturated fluorinated derivatives,F-gases (HFCs),F-gas Regulation,0.579,17788.0,18731.0,1.053,32350.6
2022,NO,Norway,False,Extra-EU,390461,PTFE,Fluoropolymers,PFAS restriction (proposed),0.36,49835.0,52476.0,1.053,145766.67
2022,NO,Norway,False,Extra-EU,390469,Other fluoropolymers,Fluoropolymers,PFAS restriction (proposed),0.046,4885.0,5144.0,1.053,111826.09
2022,NZ,New Zealand,False,Extra-EU,270900,Crude oil,Oil & gas,EU Methane Regulation,0.096,1606.0,1691.0,1.053,17614.58
2022,OM,Oman,False,Extra-EU,270900,Crude oil,Oil & gas,EU Methane Regulation,2.399,2110.0,2222.0,1.053,926.22
2022,OM,Oman,False,Extra-EU,271111,LNG,Oil & gas,EU Methane Regulation,544610.692,762694237.0,803117032.0,1.053,1474.66
2022,PA,Panama,False,Extra-EU,270900,Crude oil,Oil & gas,EU Methane Regulation,0.243,714.0,752.0,1.053,3094.65
2022,PA,Panama,False,Extra-EU,290345,HFC-227 / HFC-236 group,F-gases (HFCs),F-gas Regulation,0.4,7429.0,7823.0,1.053,19557.5
2022,PA,Panama,False,Extra-EU,390469,Other fluoropolymers,Fluoropolymers,PFAS restriction (proposed),4.536,187545.0,197485.0,1.053,43537.26
2022,PE,Peru,False,Extra-EU,270900,Crude oil,Oil & gas,EU Methane Regulation,0.384,503.0,530.0,1.053,1380.21
2022,PE,Peru,False,Extra-EU,271111,LNG,Oil & gas,EU Methane Regulation,126108.614,151495415.0,159524672.0,1.053,1264.98
2022,PG,Papua New Guinea,False,Extra-EU,270900,Crude oil,Oil & gas,EU Methane Regulation,0.005,161.0,170.0,1.053,34000.0
2022,PH,Philippines,False,Extra-EU,270900,Crude oil,Oil & gas,EU Methane Regulation,0.002,0.0,0.0,1.053,0.0
2022,PK,Pakistan,False,Extra-EU,270900,Crude oil,Oil & gas,EU Methane Regulation,0.02,332.0,350.0,1.053,17500.0
2022,PL,Poland,True,Intra-EU,270900,Crude oil,Oil & gas,EU Methane Regulation,173408.726,91793038.0,96658069.0,1.053,557.4
2022,PL,Poland,True,Intra-EU,271111,LNG,Oil & gas,EU Methane Regulation,5005.282,8061925.0,8489207.0,1.053,1696.05
2022,PL,Poland,True,Intra-EU,271121,Pipeline natural gas,Oil & gas,EU Methane Regulation,55544.324,94545383.0,99556288.0,1.053,1792.38
2022,PL,Poland,True,Intra-EU,290341,HFC-23,F-gases (HFCs),F-gas Regulation,4.554,32002.0,33698.0,1.053,7399.65
2022,PL,Poland,True,Intra-EU,290342,HFC-32 / HFC-41 (difluoro/fluoromethane),F-gases (HFCs),F-gas Regulation,223.835,609223.0,641512.0,1.053,2866.0
2022,PL,Poland,True,Intra-EU,290343,HFC-125 / HFC-134 group,F-gases (HFCs),F-gas Regulation,0.043,521.0,549.0,1.053,12767.44
2022,PL,Poland,True,Intra-EU,290344,HFC-143 / HFC-152 group,F-gases (HFCs),F-gas Regulation,0.541,23288.0,24522.0,1.053,45327.17
2022,PL,Poland,True,Intra-EU,290345,HFC-227 / HFC-236 group,F-gases (HFCs),F-gas Regulation,960.823,12567330.0,13233398.0,1.053,13772.98
2022,PL,Poland,True,Intra-EU,290346,HFC-245 group,F-gases (HFCs),F-gas Regulation,0.464,21270.0,22397.0,1.053,48269.4
2022,PL,Poland,True,Intra-EU,290348,HFC-134a and other saturated HFCs,F-gases (HFCs),F-gas Regulation,1.95,307.0,323.0,1.053,165.64
2022,PL,Poland,True,Intra-EU,290349,Other saturated fluorinated derivatives,F-gases (HFCs),F-gas Regulation,60.86,790011.0,831882.0,1.053,13668.78
2022,PL,Poland,True,Intra-EU,390461,PTFE,Fluoropolymers,PFAS restriction (proposed),55.644,1403431.0,1477813.0,1.053,26558.35
2022,PL,Poland,True,Intra-EU,390469,Other fluoropolymers,Fluoropolymers,PFAS restriction (proposed),594.827,4703058.0,4952320.0,1.053,8325.65
2022,PT,Portugal,True,Intra-EU,270900,Crude oil,Oil & gas,EU Methane Regulation,8.519,6163.0,6490.0,1.053,761.83
2022,PT,Portugal,True,Intra-EU,271121,Pipeline natural gas,Oil & gas,EU Methane Regulation,15199.916,20445608.0,21529225.0,1.053,1416.4
2022,PT,Portugal,True,Intra-EU,290341,HFC-23,F-gases (HFCs),F-gas Regulation,0.001,20.0,21.0,1.053,21000.0
2022,PT,Portugal,True,Intra-EU,290342,HFC-32 / HFC-41 (difluoro/fluoromethane),F-gases (HFCs),F-gas Regulation,0.031,216.0,227.0,1.053,7322.58
2022,PT,Portugal,True,Intra-EU,290343,HFC-125 / HFC-134 group,F-gases (HFCs),F-gas Regulation,0.007,88.0,93.0,1.053,13285.71
2022,PT,Portugal,True,Intra-EU,290344,HFC-143 / HFC-152 group,F-gases (HFCs),F-gas Regulation,0.022,370.0,390.0,1.053,17727.27
2022,PT,Portugal,True,Intra-EU,290345,HFC-227 / HFC-236 group,F-gases (HFCs),F-gas Regulation,4.13,44754.0,47126.0,1.053,11410.65
2022,PT,Portugal,True,Intra-EU,290346,HFC-245 group,F-gases (HFCs),F-gas Regulation,3.009,63501.0,66867.0,1.053,22222.33
2022,PT,Portugal,True,Intra-EU,290349,Other saturated fluorinated derivatives,F-gases (HFCs),F-gas Regulation,0.005,670.0,706.0,1.053,141200.0
2022,PT,Portugal,True,Intra-EU,390461,PTFE,Fluoropolymers,PFAS restriction (proposed),50.852,129041.0,135880.0,1.053,2672.07
2022,PT,Portugal,True,Intra-EU,390469,Other fluoropolymers,Fluoropolymers,PFAS restriction (proposed),205.573,613542.0,646060.0,1.053,3142.73
2022,QA,Qatar,False,Extra-EU,270900,Crude oil,Oil & gas,EU Methane Regulation,88.22,87301.0,91928.0,1.053,1042.03
2022,QA,Qatar,False,Extra-EU,271111,LNG,Oil & gas,EU Methane Regulation,9856432.822,16056606391.0,16907606530.0,1.053,1715.39
2022,QA,Qatar,False,Extra-EU,271121,Pipeline natural gas,Oil & gas,EU Methane Regulation,3424.036,4537015.0,4777477.0,1.053,1395.28
2022,QA,Qatar,False,Extra-EU,390461,PTFE,Fluoropolymers,PFAS restriction (proposed),0.011,4911.0,5171.0,1.053,470090.91
2022,QP,High seas,False,Extra-EU,270900,Crude oil,Oil & gas,EU Methane Regulation,81531.388,55196325.0,58121730.0,1.053,712.88
2022,QV,Countries not specified (intra-EU),False,Extra-EU,270900,Crude oil,Oil & gas,EU Methane Regulation,44202.991,31952097.0,33645558.0,1.053,761.16
2022,QV,Countries not specified (intra-EU),False,Extra-EU,271111,LNG,Oil & gas,EU Methane Regulation,72.047,78694.0,82865.0,1.053,1150.15
2022,QV,Countries not specified (intra-EU),False,Extra-EU,271121,Pipeline natural gas,Oil & gas,EU Methane Regulation,2679990.536,3872643689.0,4077893805.0,1.053,1521.61
2022,QV,Countries not specified (intra-EU),False,Extra-EU,290345,HFC-227 / HFC-236 group,F-gases (HFCs),F-gas Regulation,0.495,7768.0,8180.0,1.053,16525.25
2022,QV,Countries not specified (intra-EU),False,Extra-EU,390461,PTFE,Fluoropolymers,PFAS restriction (proposed),0.001,75.0,79.0,1.053,79000.0
2022,QV,Countries not specified (intra-EU),False,Extra-EU,390469,Other fluoropolymers,Fluoropolymers,PFAS restriction (proposed),0.019,450.0,474.0,1.053,24947.37
2022,QW,Countries not specified (extra-EU),False,Extra-EU,270900,Crude oil,Oil & gas,EU Methane Regulation,93011.512,61637531.0,64904320.0,1.053,697.81
2022,QW,Countries not specified (extra-EU),False,Extra-EU,271121,Pipeline natural gas,Oil & gas,EU Methane Regulation,13952.652,7835232.0,8250499.0,1.053,591.32
2022,QW,Countries not specified (extra-EU),False,Extra-EU,290345,HFC-227 / HFC-236 group,F-gases (HFCs),F-gas Regulation,0.018,1024.0,1078.0,1.053,59888.89
2022,QW,Countries not specified (extra-EU),False,Extra-EU,390461,PTFE,Fluoropolymers,PFAS restriction (proposed),0.149,4657.0,4904.0,1.053,32912.75
2022,QW,Countries not specified (extra-EU),False,Extra-EU,390469,Other fluoropolymers,Fluoropolymers,PFAS restriction (proposed),0.002,139.0,146.0,1.053,73000.0
2022,RO,Romania,True,Intra-EU,270900,Crude oil,Oil & gas,EU Methane Regulation,414687.082,245016705.0,258002590.0,1.053,622.16
2022,RO,Romania,True,Intra-EU,271121,Pipeline natural gas,Oil & gas,EU Methane Regulation,15850.036,10944945.0,11525027.0,1.053,727.13
2022,RO,Romania,True,Intra-EU,290341,HFC-23,F-gases (HFCs),F-gas Regulation,0.001,14.0,15.0,1.053,15000.0
2022,RO,Romania,True,Intra-EU,290342,HFC-32 / HFC-41 (difluoro/fluoromethane),F-gases (HFCs),F-gas Regulation,0.007,45.0,47.0,1.053,6714.29
2022,RO,Romania,True,Intra-EU,290343,HFC-125 / HFC-134 group,F-gases (HFCs),F-gas Regulation,0.018,210.0,221.0,1.053,12277.78
2022,RO,Romania,True,Intra-EU,290344,HFC-143 / HFC-152 group,F-gases (HFCs),F-gas Regulation,0.051,1012.0,1066.0,1.053,20901.96
2022,RO,Romania,True,Intra-EU,290345,HFC-227 / HFC-236 group,F-gases (HFCs),F-gas Regulation,20.53,147959.0,155801.0,1.053,7588.94
2022,RO,Romania,True,Intra-EU,290346,HFC-245 group,F-gases (HFCs),F-gas Regulation,0.036,1911.0,2012.0,1.053,55888.89
2022,RO,Romania,True,Intra-EU,290347,HFC-365mfc / HFC-43-10mee,F-gases (HFCs),F-gas Regulation,0.0,52.0,55.0,1.053,
2022,RO,Romania,True,Intra-EU,290349,Other saturated fluorinated derivatives,F-gases (HFCs),F-gas Regulation,0.008,1089.0,1147.0,1.053,143375.0
2022,RO,Romania,True,Intra-EU,390461,PTFE,Fluoropolymers,PFAS restriction (proposed),65.652,1302182.0,1371198.0,1.053,20885.85
2022,RO,Romania,True,Intra-EU,390469,Other fluoropolymers,Fluoropolymers,PFAS restriction (proposed),0.93,28407.0,29913.0,1.053,32164.52
2022,RU,Russian Federation,False,Extra-EU,270900,Crude oil,Oil & gas,EU Methane Regulation,95964983.802,54830142141.0,57736139674.0,1.053,601.64
2022,RU,Russian Federation,False,Extra-EU,271111,LNG,Oil & gas,EU Methane Regulation,8385015.005,15748508734.0,16583179697.0,1.053,1977.72
2022,RU,Russian Federation,False,Extra-EU,271121,Pipeline natural gas,Oil & gas,EU Methane Regulation,19200095.661,31419991101.0,33085250629.0,1.053,1723.18
2022,RU,Russian Federation,False,Extra-EU,290349,Other saturated fluorinated derivatives,F-gases (HFCs),F-gas Regulation,12.697,445655.0,469275.0,1.053,36959.52
2022,RU,Russian Federation,False,Extra-EU,390461,PTFE,Fluoropolymers,PFAS restriction (proposed),5607.502,42091270.0,44322107.0,1.053,7904.07
2022,RU,Russian Federation,False,Extra-EU,390469,Other fluoropolymers,Fluoropolymers,PFAS restriction (proposed),9.812,503628.0,530320.0,1.053,54048.1
2022,SA,Saudi Arabia,False,Extra-EU,270900,Crude oil,Oil & gas,EU Methane Regulation,34527600.059,24513904581.0,25813141524.0,1.053,747.61
2022,SA,Saudi Arabia,False,Extra-EU,390461,PTFE,Fluoropolymers,PFAS restriction (proposed),0.101,2160.0,2274.0,1.053,22514.85
2022,SC,Seychelles,False,Extra-EU,270900,Crude oil,Oil & gas,EU Methane Regulation,0.001,5.0,5.0,1.053,5000.0
2022,SD,Sudan,False,Extra-EU,270900,Crude oil,Oil & gas,EU Methane Regulation,584400.957,400702680.0,421939922.0,1.053,722.0
2022,SE,Sweden,True,Intra-EU,270900,Crude oil,Oil & gas,EU Methane Regulation,28408.208,10365524.0,10914897.0,1.053,384.22
2022,SE,Sweden,True,Intra-EU,290341,HFC-23,F-gases (HFCs),F-gas Regulation,1.519,23553.0,24801.0,1.053,16327.19
2022,SE,Sweden,True,Intra-EU,290342,HFC-32 / HFC-41 (difluoro/fluoromethane),F-gases (HFCs),F-gas Regulation,5.018,23143.0,24370.0,1.053,4856.52
2022,SE,Sweden,True,Intra-EU,290343,HFC-125 / HFC-134 group,F-gases (HFCs),F-gas Regulation,0.017,313.0,330.0,1.053,19411.76
2022,SE,Sweden,True,Intra-EU,290344,HFC-143 / HFC-152 group,F-gases (HFCs),F-gas Regulation,0.058,956.0,1007.0,1.053,17362.07
2022,SE,Sweden,True,Intra-EU,290345,HFC-227 / HFC-236 group,F-gases (HFCs),F-gas Regulation,60.016,604854.0,636911.0,1.053,10612.35
2022,SE,Sweden,True,Intra-EU,290346,HFC-245 group,F-gases (HFCs),F-gas Regulation,0.017,915.0,963.0,1.053,56647.06
2022,SE,Sweden,True,Intra-EU,290349,Other saturated fluorinated derivatives,F-gases (HFCs),F-gas Regulation,0.21,8779.0,9244.0,1.053,44019.05
2022,SE,Sweden,True,Intra-EU,390461,PTFE,Fluoropolymers,PFAS restriction (proposed),7.559,169549.0,178535.0,1.053,23618.86
2022,SE,Sweden,True,Intra-EU,390469,Other fluoropolymers,Fluoropolymers,PFAS restriction (proposed),70.911,2127135.0,2239873.0,1.053,31587.1
2022,SG,Singapore,False,Extra-EU,270900,Crude oil,Oil & gas,EU Methane Regulation,12.979,8817.0,9284.0,1.053,715.31
2022,SG,Singapore,False,Extra-EU,290345,HFC-227 / HFC-236 group,F-gases (HFCs),F-gas Regulation,1.632,10601.0,11163.0,1.053,6840.07
2022,SG,Singapore,False,Extra-EU,290346,HFC-245 group,F-gases (HFCs),F-gas Regulation,1.6,26247.0,27638.0,1.053,17273.75
2022,SG,Singapore,False,Extra-EU,390461,PTFE,Fluoropolymers,PFAS restriction (proposed),0.005,124.0,131.0,1.053,26200.0
2022,SG,Singapore,False,Extra-EU,390469,Other fluoropolymers,Fluoropolymers,PFAS restriction (proposed),201.732,6651400.0,7003924.0,1.053,34718.95
2022,SI,Slovenia,True,Intra-EU,270900,Crude oil,Oil & gas,EU Methane Regulation,137.401,97014.0,102156.0,1.053,743.49
2022,SI,Slovenia,True,Intra-EU,271111,LNG,Oil & gas,EU Methane Regulation,20.778,4836.0,5092.0,1.053,245.07
2022,SI,Slovenia,True,Intra-EU,271121,Pipeline natural gas,Oil & gas,EU Methane Regulation,156304.06,257021701.0,270643851.0,1.053,1731.52
2022,SI,Slovenia,True,Intra-EU,290341,HFC-23,F-gases (HFCs),F-gas Regulation,0.002,21.0,22.0,1.053,11000.0
2022,SI,Slovenia,True,Intra-EU,290342,HFC-32 / HFC-41 (difluoro/fluoromethane),F-gases (HFCs),F-gas Regulation,0.028,137.0,144.0,1.053,5142.86
2022,SI,Slovenia,True,Intra-EU,290343,HFC-125 / HFC-134 group,F-gases (HFCs),F-gas Regulation,0.002,29.0,31.0,1.053,15500.0
2022,SI,Slovenia,True,Intra-EU,290344,HFC-143 / HFC-152 group,F-gases (HFCs),F-gas Regulation,0.472,11412.0,12017.0,1.053,25459.75
2022,SI,Slovenia,True,Intra-EU,290345,HFC-227 / HFC-236 group,F-gases (HFCs),F-gas Regulation,48.706,510199.0,537240.0,1.053,11030.26
2022,SI,Slovenia,True,Intra-EU,290346,HFC-245 group,F-gases (HFCs),F-gas Regulation,0.004,220.0,232.0,1.053,58000.0
2022,SI,Slovenia,True,Intra-EU,290349,Other saturated fluorinated derivatives,F-gases (HFCs),F-gas Regulation,343.78,247585.0,260707.0,1.053,758.35
2022,SI,Slovenia,True,Intra-EU,390461,PTFE,Fluoropolymers,PFAS restriction (proposed),6.529,115975.0,122122.0,1.053,18704.55
2022,SI,Slovenia,True,Intra-EU,390469,Other fluoropolymers,Fluoropolymers,PFAS restriction (proposed),1.801,44203.0,46546.0,1.053,25844.53
2022,SK,Slovakia,True,Intra-EU,270900,Crude oil,Oil & gas,EU Methane Regulation,2117.386,1424229.0,1499713.0,1.053,708.29
2022,SK,Slovakia,True,Intra-EU,271121,Pipeline natural gas,Oil & gas,EU Methane Regulation,156194.382,313058501.0,329650602.0,1.053,2110.52
2022,SK,Slovakia,True,Intra-EU,290341,HFC-23,F-gases (HFCs),F-gas Regulation,0.003,38.0,40.0,1.053,13333.33
2022,SK,Slovakia,True,Intra-EU,290342,HFC-32 / HFC-41 (difluoro/fluoromethane),F-gases (HFCs),F-gas Regulation,0.015,93.0,98.0,1.053,6533.33
2022,SK,Slovakia,True,Intra-EU,290343,HFC-125 / HFC-134 group,F-gases (HFCs),F-gas Regulation,0.007,332.0,350.0,1.053,50000.0
2022,SK,Slovakia,True,Intra-EU,290344,HFC-143 / HFC-152 group,F-gases (HFCs),F-gas Regulation,0.017,279.0,294.0,1.053,17294.12
2022,SK,Slovakia,True,Intra-EU,290345,HFC-227 / HFC-236 group,F-gases (HFCs),F-gas Regulation,14.158,173382.0,182571.0,1.053,12895.25
2022,SK,Slovakia,True,Intra-EU,290346,HFC-245 group,F-gases (HFCs),F-gas Regulation,0.004,232.0,244.0,1.053,61000.0
2022,SK,Slovakia,True,Intra-EU,290349,Other saturated fluorinated derivatives,F-gases (HFCs),F-gas Regulation,0.005,592.0,623.0,1.053,124600.0
2022,SK,Slovakia,True,Intra-EU,390461,PTFE,Fluoropolymers,PFAS restriction (proposed),4.157,211739.0,222961.0,1.053,53635.07
2022,SK,Slovakia,True,Intra-EU,390469,Other fluoropolymers,Fluoropolymers,PFAS restriction (proposed),3.604,114518.0,120587.0,1.053,33459.21
2022,SN,Senegal,False,Extra-EU,270900,Crude oil,Oil & gas,EU Methane Regulation,31432.234,24704040.0,26013354.0,1.053,827.6
2022,SR,Suriname,False,Extra-EU,270900,Crude oil,Oil & gas,EU Methane Regulation,2.542,10672.0,11238.0,1.053,4420.93
2022,SS,South Sudan,False,Extra-EU,270900,Crude oil,Oil & gas,EU Methane Regulation,156769.886,134110565.0,141218425.0,1.053,900.8
2022,ST,Sao Tome and Principe,False,Extra-EU,270900,Crude oil,Oil & gas,EU Methane Regulation,0.004,98.0,103.0,1.053,25750.0
2022,SV,El Salvador,False,Extra-EU,270900,Crude oil,Oil & gas,EU Methane Regulation,0.001,84.0,88.0,1.053,88000.0
2022,TD,Chad,False,Extra-EU,270900,Crude oil,Oil & gas,EU Methane Regulation,2686996.847,2011654437.0,2118272122.0,1.053,788.34
2022,TG,Togo,False,Extra-EU,270900,Crude oil,Oil & gas,EU Methane Regulation,30453.483,20849137.0,21954141.0,1.053,720.91
2022,TH,Thailand,False,Extra-EU,270900,Crude oil,Oil & gas,EU Methane Regulation,0.029,71.0,75.0,1.053,2586.21
2022,TH,Thailand,False,Extra-EU,290345,HFC-227 / HFC-236 group,F-gases (HFCs),F-gas Regulation,0.72,5100.0,5370.0,1.053,7458.33
2022,TH,Thailand,False,Extra-EU,390461,PTFE,Fluoropolymers,PFAS restriction (proposed),2.159,74357.0,78298.0,1.053,36265.86
2022,TH,Thailand,False,Extra-EU,390469,Other fluoropolymers,Fluoropolymers,PFAS restriction (proposed),1.202,25519.0,26872.0,1.053,22356.07
2022,TM,Turkmenistan,False,Extra-EU,270900,Crude oil,Oil & gas,EU Methane Regulation,208522.295,134328269.0,141447667.0,1.053,678.33
2022,TN,Tunisia,False,Extra-EU,270900,Crude oil,Oil & gas,EU Methane Regulation,789616.619,552293426.0,581564978.0,1.053,736.52
2022,TN,Tunisia,False,Extra-EU,290342,HFC-32 / HFC-41 (difluoro/fluoromethane),F-gases (HFCs),F-gas Regulation,23.52,144998.0,152683.0,1.053,6491.62
2022,TR,Türkiye,False,Extra-EU,270900,Crude oil,Oil & gas,EU Methane Regulation,350566.066,246747294.0,259824901.0,1.053,741.16
2022,TR,Türkiye,False,Extra-EU,271111,LNG,Oil & gas,EU Methane Regulation,62837.054,87269486.0,91894769.0,1.053,1462.43
2022,TR,Türkiye,False,Extra-EU,271121,Pipeline natural gas,Oil & gas,EU Methane Regulation,347652.156,346354657.0,364711454.0,1.053,1049.07
2022,TR,Türkiye,False,Extra-EU,290342,HFC-32 / HFC-41 (difluoro/fluoromethane),F-gases (HFCs),F-gas Regulation,2.602,11376.0,11979.0,1.053,4603.77
2022,TR,Türkiye,False,Extra-EU,290345,HFC-227 / HFC-236 group,F-gases (HFCs),F-gas Regulation,66.387,491115.0,517144.0,1.053,7789.84
2022,TR,Türkiye,False,Extra-EU,290346,HFC-245 group,F-gases (HFCs),F-gas Regulation,1.738,30204.0,31805.0,1.053,18299.77
2022,TR,Türkiye,False,Extra-EU,290349,Other saturated fluorinated derivatives,F-gases (HFCs),F-gas Regulation,1.149,33590.0,35370.0,1.053,30783.29
2022,TR,Türkiye,False,Extra-EU,390461,PTFE,Fluoropolymers,PFAS restriction (proposed),3.139,40014.0,42135.0,1.053,13423.06
2022,TR,Türkiye,False,Extra-EU,390469,Other fluoropolymers,Fluoropolymers,PFAS restriction (proposed),67.621,107147.0,112826.0,1.053,1668.51
2022,TT,Trinidad and Tobago,False,Extra-EU,270900,Crude oil,Oil & gas,EU Methane Regulation,698010.798,530806111.0,558938835.0,1.053,800.76
2022,TT,Trinidad and Tobago,False,Extra-EU,271111,LNG,Oil & gas,EU Methane Regulation,2025462.145,3075994527.0,3239022237.0,1.053,1599.15
2022,TW,Taiwan,False,Extra-EU,270900,Crude oil,Oil & gas,EU Methane Regulation,0.357,952.0,1002.0,1.053,2806.72
2022,TW,Taiwan,False,Extra-EU,271111,LNG,Oil & gas,EU Methane Regulation,0.001,216.0,227.0,1.053,227000.0
2022,TW,Taiwan,False,Extra-EU,290342,HFC-32 / HFC-41 (difluoro/fluoromethane),F-gases (HFCs),F-gas Regulation,18.9,39982.0,42101.0,1.053,2227.57
2022,TW,Taiwan,False,Extra-EU,390461,PTFE,Fluoropolymers,PFAS restriction (proposed),55.095,143216.0,150806.0,1.053,2737.2
2022,TW,Taiwan,False,Extra-EU,390469,Other fluoropolymers,Fluoropolymers,PFAS restriction (proposed),0.012,684.0,720.0,1.053,60000.0
2022,UA,Ukraine,False,Extra-EU,270900,Crude oil,Oil & gas,EU Methane Regulation,420.595,295019.0,310655.0,1.053,738.61
2022,UA,Ukraine,False,Extra-EU,271121,Pipeline natural gas,Oil & gas,EU Methane Regulation,411595.804,674887736.0,710656786.0,1.053,1726.59
2022,UA,Ukraine,False,Extra-EU,290343,HFC-125 / HFC-134 group,F-gases (HFCs),F-gas Regulation,0.092,2800.0,2948.0,1.053,32043.48
2022,UA,Ukraine,False,Extra-EU,390469,Other fluoropolymers,Fluoropolymers,PFAS restriction (proposed),0.025,40.0,42.0,1.053,1680.0
2022,UG,Uganda,False,Extra-EU,270900,Crude oil,Oil & gas,EU Methane Regulation,0.001,1.0,1.0,1.053,1000.0
2022,US,United States,False,Extra-EU,270900,Crude oil,Oil & gas,EU Methane Regulation,49791323.944,38045914009.0,40062347451.0,1.053,804.6
2022,US,United States,False,Extra-EU,271111,LNG,Oil & gas,EU Methane Regulation,23459228.334,48337764771.0,50899666304.0,1.053,2169.71
2022,US,United States,False,Extra-EU,271121,Pipeline natural gas,Oil & gas,EU Methane Regulation,121122.254,352431975.0,371110870.0,1.053,3063.94
2022,US,United States,False,Extra-EU,290341,HFC-23,F-gases (HFCs),F-gas Regulation,18.654,373602.0,393403.0,1.053,21089.47
2022,US,United States,False,Extra-EU,290342,HFC-32 / HFC-41 (difluoro/fluoromethane),F-gases (HFCs),F-gas Regulation,108.648,566628.0,596659.0,1.053,5491.67
2022,US,United States,False,Extra-EU,290343,HFC-125 / HFC-134 group,F-gases (HFCs),F-gas Regulation,5.015,765484.0,806055.0,1.053,160728.81
2022,US,United States,False,Extra-EU,290344,HFC-143 / HFC-152 group,F-gases (HFCs),F-gas Regulation,626.0,2496282.0,2628585.0,1.053,4199.02
2022,US,United States,False,Extra-EU,290345,HFC-227 / HFC-236 group,F-gases (HFCs),F-gas Regulation,2636.78,10985773.0,11568019.0,1.053,4387.18
2022,US,United States,False,Extra-EU,290346,HFC-245 group,F-gases (HFCs),F-gas Regulation,6.685,186825.0,196727.0,1.053,29428.12
2022,US,United States,False,Extra-EU,290347,HFC-365mfc / HFC-43-10mee,F-gases (HFCs),F-gas Regulation,258.406,5458902.0,5748224.0,1.053,22244.93
2022,US,United States,False,Extra-EU,290348,HFC-134a and other saturated HFCs,F-gases (HFCs),F-gas Regulation,0.039,4599.0,4843.0,1.053,124179.49
2022,US,United States,False,Extra-EU,290349,Other saturated fluorinated derivatives,F-gases (HFCs),F-gas Regulation,77.781,3583503.0,3773429.0,1.053,48513.51
2022,US,United States,False,Extra-EU,390461,PTFE,Fluoropolymers,PFAS restriction (proposed),2400.527,38244152.0,40271092.0,1.053,16775.94
2022,US,United States,False,Extra-EU,390469,Other fluoropolymers,Fluoropolymers,PFAS restriction (proposed),5466.469,128170565.0,134963605.0,1.053,24689.36
2022,VE,Venezuela,False,Extra-EU,270900,Crude oil,Oil & gas,EU Methane Regulation,987768.891,556936071.0,586453683.0,1.053,593.72
2022,VN,Vietnam,False,Extra-EU,270900,Crude oil,Oil & gas,EU Methane Regulation,0.001,40.0,42.0,1.053,42000.0
2022,VN,Vietnam,False,Extra-EU,390461,PTFE,Fluoropolymers,PFAS restriction (proposed),0.0,116.0,122.0,1.053,
2022,XS,Serbia,False,Extra-EU,270900,Crude oil,Oil & gas,EU Methane Regulation,0.173,153.0,161.0,1.053,930.64
2022,XS,Serbia,False,Extra-EU,271121,Pipeline natural gas,Oil & gas,EU Methane Regulation,6880.829,5859442.0,6169992.0,1.053,896.69
2022,XS,Serbia,False,Extra-EU,290345,HFC-227 / HFC-236 group,F-gases (HFCs),F-gas Regulation,9.204,53252.0,56074.0,1.053,6092.35
2022,XS,Serbia,False,Extra-EU,390469,Other fluoropolymers,Fluoropolymers,PFAS restriction (proposed),0.003,12.0,13.0,1.053,4333.33
2022,YE,Yemen,False,Extra-EU,270900,Crude oil,Oil & gas,EU Methane Regulation,74736.565,58790400.0,61906291.0,1.053,828.33
2022,ZA,South Africa,False,Extra-EU,270900,Crude oil,Oil & gas,EU Methane Regulation,31.396,10312.0,10859.0,1.053,345.87
2022,ZA,South Africa,False,Extra-EU,390461,PTFE,Fluoropolymers,PFAS restriction (proposed),0.001,132.0,139.0,1.053,139000.0
2023,AE,United Arab Emirates,False,Extra-EU,270900,Crude oil,Oil & gas,EU Methane Regulation,5169471.923,3172070387.0,3429959709.0,1.0813,663.5
2023,AE,United Arab Emirates,False,Extra-EU,390461,PTFE,Fluoropolymers,PFAS restriction (proposed),0.497,7753.0,8383.0,1.0813,16867.2
2023,AL,Albania,False,Extra-EU,270900,Crude oil,Oil & gas,EU Methane Regulation,452491.65,188887939.0,204244528.0,1.0813,451.38
2023,AO,Angola,False,Extra-EU,270900,Crude oil,Oil & gas,EU Methane Regulation,12305032.551,7035710834.0,7607714125.0,1.0813,618.26
2023,AO,Angola,False,Extra-EU,271111,LNG,Oil & gas,EU Methane Regulation,1136437.732,1505346602.0,1627731281.0,1.0813,1432.31
2023,AR,Argentina,False,Extra-EU,270900,Crude oil,Oil & gas,EU Methane Regulation,399318.404,185918230.0,201033382.0,1.0813,503.44
2023,AT,Austria,True,Intra-EU,270900,Crude oil,Oil & gas,EU Methane Regulation,129325.942,81091811.0,87684575.0,1.0813,678.01
2023,AT,Austria,True,Intra-EU,271111,LNG,Oil & gas,EU Methane Regulation,4640.418,3326791.0,3597259.0,1.0813,775.2
2023,AT,Austria,True,Intra-EU,271121,Pipeline natural gas,Oil & gas,EU Methane Regulation,1223788.299,898730553.0,971797347.0,1.0813,794.09
2023,AT,Austria,True,Intra-EU,290341,HFC-23,F-gases (HFCs),F-gas Regulation,0.025,2491.0,2694.0,1.0813,107760.0
2023,AT,Austria,True,Intra-EU,290342,HFC-32 / HFC-41 (difluoro/fluoromethane),F-gases (HFCs),F-gas Regulation,22.155,148515.0,160589.0,1.0813,7248.43
2023,AT,Austria,True,Intra-EU,290344,HFC-143 / HFC-152 group,F-gases (HFCs),F-gas Regulation,10.0,11845.0,12808.0,1.0813,1280.8
2023,AT,Austria,True,Intra-EU,290345,HFC-227 / HFC-236 group,F-gases (HFCs),F-gas Regulation,118.873,1700133.0,1838354.0,1.0813,15464.86
2023,AT,Austria,True,Intra-EU,290348,HFC-134a and other saturated HFCs,F-gases (HFCs),F-gas Regulation,18.885,439513.0,475245.0,1.0813,25165.21
2023,AT,Austria,True,Intra-EU,290349,Other saturated fluorinated derivatives,F-gases (HFCs),F-gas Regulation,210.306,316496.0,342227.0,1.0813,1627.28
2023,AT,Austria,True,Intra-EU,390461,PTFE,Fluoropolymers,PFAS restriction (proposed),50.104,703810.0,761030.0,1.0813,15189.01
2023,AT,Austria,True,Intra-EU,390469,Other fluoropolymers,Fluoropolymers,PFAS restriction (proposed),60.507,639673.0,691678.0,1.0813,11431.37
2023,AU,Australia,False,Extra-EU,270900,Crude oil,Oil & gas,EU Methane Regulation,0.003,66.0,71.0,1.0813,23666.67
2023,AU,Australia,False,Extra-EU,271111,LNG,Oil & gas,EU Methane Regulation,4642.661,3382891.0,3657920.0,1.0813,787.89
2023,AU,Australia,False,Extra-EU,390461,PTFE,Fluoropolymers,PFAS restriction (proposed),0.045,2728.0,2950.0,1.0813,65555.56
2023,AZ,Azerbaijan,False,Extra-EU,270900,Crude oil,Oil & gas,EU Methane Regulation,20463973.971,12536432070.0,13555643997.0,1.0813,662.42
2023,AZ,Azerbaijan,False,Extra-EU,271121,Pipeline natural gas,Oil & gas,EU Methane Regulation,9289248.509,6161644668.0,6662586380.0,1.0813,717.24
2023,AZ,Azerbaijan,False,Extra-EU,390461,PTFE,Fluoropolymers,PFAS restriction (proposed),0.0,10.0,11.0,1.0813,
2023,BA,Bosnia and Herzegovina,False,Extra-EU,271121,Pipeline natural gas,Oil & gas,EU Methane Regulation,34.172,40231.0,43502.0,1.0813,1273.03
2023,BB,Barbados,False,Extra-EU,270900,Crude oil,Oil & gas,EU Methane Regulation,0.018,94.0,102.0,1.0813,5666.67
2023,BD,Bangladesh,False,Extra-EU,270900,Crude oil,Oil & gas,EU Methane Regulation,0.002,58.0,63.0,1.0813,31500.0
2023,BE,Belgium,True,Intra-EU,270900,Crude oil,Oil & gas,EU Methane Regulation,1290592.572,753538463.0,814801140.0,1.0813,631.34
2023,BE,Belgium,True,Intra-EU,271111,LNG,Oil & gas,EU Methane Regulation,30438.915,54108954.0,58508012.0,1.0813,1922.15
2023,BE,Belgium,True,Intra-EU,271121,Pipeline natural gas,Oil & gas,EU Methane Regulation,14908.025,18443116741.0,19942542132.0,1.0813,1337705.17
2023,BE,Belgium,True,Intra-EU,290341,HFC-23,F-gases (HFCs),F-gas Regulation,0.244,18274.0,19760.0,1.0813,80983.61
2023,BE,Belgium,True,Intra-EU,290342,HFC-32 / HFC-41 (difluoro/fluoromethane),F-gases (HFCs),F-gas Regulation,377.099,3023162.0,3268945.0,1.0813,8668.67
2023,BE,Belgium,True,Intra-EU,290343,HFC-125 / HFC-134 group,F-gases (HFCs),F-gas Regulation,327.521,3755285.0,4060590.0,1.0813,12397.95
2023,BE,Belgium,True,Intra-EU,290344,HFC-143 / HFC-152 group,F-gases (HFCs),F-gas Regulation,3.072,12243.0,13238.0,1.0813,4309.24
2023,BE,Belgium,True,Intra-EU,290345,HFC-227 / HFC-236 group,F-gases (HFCs),F-gas Regulation,753.031,7536805.0,8149547.0,1.0813,10822.33
2023,BE,Belgium,True,Intra-EU,290346,HFC-245 group,F-gases (HFCs),F-gas Regulation,425.432,45884360.0,49614758.0,1.0813,116622.06
2023,BE,Belgium,True,Intra-EU,290347,HFC-365mfc / HFC-43-10mee,F-gases (HFCs),F-gas Regulation,0.148,1068.0,1155.0,1.0813,7804.05
2023,BE,Belgium,True,Intra-EU,290348,HFC-134a and other saturated HFCs,F-gases (HFCs),F-gas Regulation,0.054,3977.0,4300.0,1.0813,79629.63
2023,BE,Belgium,True,Intra-EU,290349,Other saturated fluorinated derivatives,F-gases (HFCs),F-gas Regulation,18.651,740281.0,800466.0,1.0813,42918.13
2023,BE,Belgium,True,Intra-EU,390461,PTFE,Fluoropolymers,PFAS restriction (proposed),2052.714,35020823.0,37868016.0,1.0813,18447.78
2023,BE,Belgium,True,Intra-EU,390469,Other fluoropolymers,Fluoropolymers,PFAS restriction (proposed),2877.677,93146587.0,100719405.0,1.0813,35000.25
2023,BF,Burkina Faso,False,Extra-EU,270900,Crude oil,Oil & gas,EU Methane Regulation,0.0,44.0,48.0,1.0813,
2023,BG,Bulgaria,True,Intra-EU,270900,Crude oil,Oil & gas,EU Methane Regulation,0.491,3653.0,3950.0,1.0813,8044.81
2023,BG,Bulgaria,True,Intra-EU,271111,LNG,Oil & gas,EU Methane Regulation,14784.6,9831372.0,10630663.0,1.0813,719.04
2023,BG,Bulgaria,True,Intra-EU,271121,Pipeline natural gas,Oil & gas,EU Methane Regulation,2001883.636,1225555843.0,1325193533.0,1.0813,661.97
2023,BG,Bulgaria,True,Intra-EU,290342,HFC-32 / HFC-41 (difluoro/fluoromethane),F-gases (HFCs),F-gas Regulation,0.004,28.0,30.0,1.0813,7500.0
2023,BG,Bulgaria,True,Intra-EU,290344,HFC-143 / HFC-152 group,F-gases (HFCs),F-gas Regulation,0.0,2.0,2.0,1.0813,
2023,BG,Bulgaria,True,Intra-EU,290345,HFC-227 / HFC-236 group,F-gases (HFCs),F-gas Regulation,106.237,2009459.0,2172828.0,1.0813,20452.65
2023,BG,Bulgaria,True,Intra-EU,290346,HFC-245 group,F-gases (HFCs),F-gas Regulation,0.001,37.0,40.0,1.0813,40000.0
2023,BG,Bulgaria,True,Intra-EU,390461,PTFE,Fluoropolymers,PFAS restriction (proposed),0.302,5136.0,5554.0,1.0813,18390.73
2023,BG,Bulgaria,True,Intra-EU,390469,Other fluoropolymers,Fluoropolymers,PFAS restriction (proposed),0.001,58.0,63.0,1.0813,63000.0
2023,BH,Bahrain,False,Extra-EU,270900,Crude oil,Oil & gas,EU Methane Regulation,0.04,1124.0,1215.0,1.0813,30375.0
2023,BN,Brunei Darussalam,False,Extra-EU,270900,Crude oil,Oil & gas,EU Methane Regulation,0.36,445.0,481.0,1.0813,1336.11
2023,BO,Bolivia,False,Extra-EU,270900,Crude oil,Oil & gas,EU Methane Regulation,14950.538,9867344.0,10669559.0,1.0813,713.66
2023,BR,Brazil,False,Extra-EU,270900,Crude oil,Oil & gas,EU Methane Regulation,18236825.191,10288827605.0,11125309289.0,1.0813,610.05
2023,BR,Brazil,False,Extra-EU,390461,PTFE,Fluoropolymers,PFAS restriction (proposed),9.17,14814.0,16018.0,1.0813,1746.78
2023,BR,Brazil,False,Extra-EU,390469,Other fluoropolymers,Fluoropolymers,PFAS restriction (proposed),43.576,132078.0,142816.0,1.0813,3277.4
2023,BY,Belarus,False,Extra-EU,290345,HFC-227 / HFC-236 group,F-gases (HFCs),F-gas Regulation,0.672,2432.0,2630.0,1.0813,3913.69
2023,CA,Canada,False,Extra-EU,270900,Crude oil,Oil & gas,EU Methane Regulation,6590282.795,3296635693.0,3564652175.0,1.0813,540.9
2023,CA,Canada,False,Extra-EU,290345,HFC-227 / HFC-236 group,F-gases (HFCs),F-gas Regulation,0.028,4385.0,4742.0,1.0813,169357.14
2023,CA,Canada,False,Extra-EU,290349,Other saturated fluorinated derivatives,F-gases (HFCs),F-gas Regulation,0.07,1499.0,1621.0,1.0813,23157.14
2023,CA,Canada,False,Extra-EU,390461,PTFE,Fluoropolymers,PFAS restriction (proposed),1.917,98052.0,106024.0,1.0813,55307.25
2023,CA,Canada,False,Extra-EU,390469,Other fluoropolymers,Fluoropolymers,PFAS restriction (proposed),0.697,28701.0,31034.0,1.0813,44525.11
2023,CD,"Congo, The Democratic Republic of the",False,Extra-EU,270900,Crude oil,Oil & gas,EU Methane Regulation,0.217,451.0,488.0,1.0813,2248.85
2023,CG,Congo,False,Extra-EU,270900,Crude oil,Oil & gas,EU Methane Regulation,1634082.023,947561026.0,1024597737.0,1.0813,627.02
2023,CH,Switzerland,False,Extra-EU,270900,Crude oil,Oil & gas,EU Methane Regulation,0.134,1365.0,1476.0,1.0813,11014.93
2023,CH,Switzerland,False,Extra-EU,271121,Pipeline natural gas,Oil & gas,EU Methane Regulation,0.0,68333786.0,73889323.0,1.0813,
2023,CH,Switzerland,False,Extra-EU,290345,HFC-227 / HFC-236 group,F-gases (HFCs),F-gas Regulation,0.4,1535.0,1660.0,1.0813,4150.0
2023,CH,Switzerland,False,Extra-EU,290347,HFC-365mfc / HFC-43-10mee,F-gases (HFCs),F-gas Regulation,0.07,1602.0,1732.0,1.0813,24742.86
2023,CH,Switzerland,False,Extra-EU,290348,HFC-134a and other saturated HFCs,F-gases (HFCs),F-gas Regulation,0.008,1681.0,1818.0,1.0813,227250.0
2023,CH,Switzerland,False,Extra-EU,290349,Other saturated fluorinated derivatives,F-gases (HFCs),F-gas Regulation,1.745,34021.0,36787.0,1.0813,21081.38
2023,CH,Switzerland,False,Extra-EU,390461,PTFE,Fluoropolymers,PFAS restriction (proposed),240.329,2638310.0,2852805.0,1.0813,11870.42
2023,CH,Switzerland,False,Extra-EU,390469,Other fluoropolymers,Fluoropolymers,PFAS restriction (proposed),352.588,7091653.0,7668204.0,1.0813,21748.34
2023,CI,Côte d'Ivoire,False,Extra-EU,270900,Crude oil,Oil & gas,EU Methane Regulation,892249.596,496208506.0,536550258.0,1.0813,601.35
2023,CI,Côte d'Ivoire,False,Extra-EU,271111,LNG,Oil & gas,EU Methane Regulation,3.089,2719.0,2940.0,1.0813,951.76
2023,CI,Côte d'Ivoire,False,Extra-EU,271121,Pipeline natural gas,Oil & gas,EU Methane Regulation,4.07,1405.0,1519.0,1.0813,373.22
2023,CL,Chile,False,Extra-EU,270900,Crude oil,Oil & gas,EU Methane Regulation,18380.599,6604524.0,7141472.0,1.0813,388.53
2023,CL,Chile,False,Extra-EU,390461,PTFE,Fluoropolymers,PFAS restriction (proposed),0.001,2.0,2.0,1.0813,2000.0
2023,CM,Cameroon,False,Extra-EU,270900,Crude oil,Oil & gas,EU Methane Regulation,1671317.456,965569044.0,1044069807.0,1.0813,624.7
2023,CM,Cameroon,False,Extra-EU,271111,LNG,Oil & gas,EU Methane Regulation,287346.183,702767071.0,759902034.0,1.0813,2644.55
2023,CN,China,False,Extra-EU,270900,Crude oil,Oil & gas,EU Methane Regulation,2.633,2330.0,2519.0,1.0813,956.7
2023,CN,China,False,Extra-EU,271121,Pipeline natural gas,Oil & gas,EU Methane Regulation,0.056,201.0,217.0,1.0813,3875.0
2023,CN,China,False,Extra-EU,290341,HFC-23,F-gases (HFCs),F-gas Regulation,57.646,797632.0,862479.0,1.0813,14961.65
2023,CN,China,False,Extra-EU,290342,HFC-32 / HFC-41 (difluoro/fluoromethane),F-gases (HFCs),F-gas Regulation,9295.443,19349485.0,20922598.0,1.0813,2250.84
2023,CN,China,False,Extra-EU,290343,HFC-125 / HFC-134 group,F-gases (HFCs),F-gas Regulation,1137.814,3522988.0,3809407.0,1.0813,3348.01
2023,CN,China,False,Extra-EU,290344,HFC-143 / HFC-152 group,F-gases (HFCs),F-gas Regulation,7723.856,28728471.0,31064096.0,1.0813,4021.84
2023,CN,China,False,Extra-EU,290345,HFC-227 / HFC-236 group,F-gases (HFCs),F-gas Regulation,14761.472,53997608.0,58387614.0,1.0813,3955.41
2023,CN,China,False,Extra-EU,290346,HFC-245 group,F-gases (HFCs),F-gas Regulation,238.639,1680844.0,1817497.0,1.0813,7616.09
2023,CN,China,False,Extra-EU,290347,HFC-365mfc / HFC-43-10mee,F-gases (HFCs),F-gas Regulation,82.989,984187.0,1064201.0,1.0813,12823.4
2023,CN,China,False,Extra-EU,290349,Other saturated fluorinated derivatives,F-gases (HFCs),F-gas Regulation,216.537,4098419.0,4431620.0,1.0813,20465.88
2023,CN,China,False,Extra-EU,390461,PTFE,Fluoropolymers,PFAS restriction (proposed),7997.965,65250853.0,70555747.0,1.0813,8821.71
2023,CN,China,False,Extra-EU,390469,Other fluoropolymers,Fluoropolymers,PFAS restriction (proposed),7048.85,131060369.0,141715577.0,1.0813,20104.78
2023,CO,Colombia,False,Extra-EU,270900,Crude oil,Oil & gas,EU Methane Regulation,1238675.033,559342193.0,604816713.0,1.0813,488.28
2023,CO,Colombia,False,Extra-EU,390469,Other fluoropolymers,Fluoropolymers,PFAS restriction (proposed),0.019,782.0,846.0,1.0813,44526.32
2023,CW,Curaçao,False,Extra-EU,270900,Crude oil,Oil & gas,EU Methane Regulation,1.124,742.0,802.0,1.0813,713.52
2023,CY,Cyprus,True,Intra-EU,270900,Crude oil,Oil & gas,EU Methane Regulation,30838.619,20258597.0,21905621.0,1.0813,710.33
2023,CY,Cyprus,True,Intra-EU,271121,Pipeline natural gas,Oil & gas,EU Methane Regulation,4806.394,2568808.0,2777652.0,1.0813,577.91
2023,CY,Cyprus,True,Intra-EU,290343,HFC-125 / HFC-134 group,F-gases (HFCs),F-gas Regulation,0.227,169499.0,183279.0,1.0813,807396.48
2023,CY,Cyprus,True,Intra-EU,290345,HFC-227 / HFC-236 group,F-gases (HFCs),F-gas Regulation,0.05,551.0,596.0,1.0813,11920.0
2023,CY,Cyprus,True,Intra-EU,390461,PTFE,Fluoropolymers,PFAS restriction (proposed),0.001,23.0,25.0,1.0813,25000.0
2023,CZ,Czechia,True,Intra-EU,270900,Crude oil,Oil & gas,EU Methane Regulation,18.741,52312.0,56565.0,1.0813,3018.25
2023,CZ,Czechia,True,Intra-EU,271111,LNG,Oil & gas,EU Methane Regulation,88020.01,48769325.0,52734271.0,1.0813,599.12
2023,CZ,Czechia,True,Intra-EU,271121,Pipeline natural gas,Oil & gas,EU Methane Regulation,1864.416,1322735.0,1430273.0,1.0813,767.14
2023,CZ,Czechia,True,Intra-EU,290341,HFC-23,F-gases (HFCs),F-gas Regulation,2.1,64487.0,69730.0,1.0813,33204.76
2023,CZ,Czechia,True,Intra-EU,290342,HFC-32 / HFC-41 (difluoro/fluoromethane),F-gases (HFCs),F-gas Regulation,42.796,384658.0,415931.0,1.0813,9718.92
2023,CZ,Czechia,True,Intra-EU,290343,HFC-125 / HFC-134 group,F-gases (HFCs),F-gas Regulation,0.092,1662.0,1797.0,1.0813,19532.61
2023,CZ,Czechia,True,Intra-EU,290344,HFC-143 / HFC-152 group,F-gases (HFCs),F-gas Regulation,12.608,295005.0,318989.0,1.0813,25300.52
2023,CZ,Czechia,True,Intra-EU,290345,HFC-227 / HFC-236 group,F-gases (HFCs),F-gas Regulation,451.613,8008495.0,8659586.0,1.0813,19174.79
2023,CZ,Czechia,True,Intra-EU,290347,HFC-365mfc / HFC-43-10mee,F-gases (HFCs),F-gas Regulation,0.001,11.0,12.0,1.0813,12000.0
2023,CZ,Czechia,True,Intra-EU,290348,HFC-134a and other saturated HFCs,F-gases (HFCs),F-gas Regulation,0.006,41.0,44.0,1.0813,7333.33
2023,CZ,Czechia,True,Intra-EU,290349,Other saturated fluorinated derivatives,F-gases (HFCs),F-gas Regulation,10.162,76465.0,82682.0,1.0813,8136.39
2023,CZ,Czechia,True,Intra-EU,390461,PTFE,Fluoropolymers,PFAS restriction (proposed),9.279,139566.0,150913.0,1.0813,16263.93
2023,CZ,Czechia,True,Intra-EU,390469,Other fluoropolymers,Fluoropolymers,PFAS restriction (proposed),12.573,438335.0,473972.0,1.0813,37697.61
2023,DE,Germany,True,Intra-EU,270900,Crude oil,Oil & gas,EU Methane Regulation,75170.458,43391512.0,46919242.0,1.0813,624.17
2023,DE,Germany,True,Intra-EU,271111,LNG,Oil & gas,EU Methane Regulation,126282.038,93024691.0,100587598.0,1.0813,796.53
2023,DE,Germany,True,Intra-EU,271121,Pipeline natural gas,Oil & gas,EU Methane Regulation,1996400.346,1387350414.0,1500142003.0,1.0813,751.42
2023,DE,Germany,True,Intra-EU,290341,HFC-23,F-gases (HFCs),F-gas Regulation,10.104,434938.0,470298.0,1.0813,46545.72
2023,DE,Germany,True,Intra-EU,290342,HFC-32 / HFC-41 (difluoro/fluoromethane),F-gases (HFCs),F-gas Regulation,780.472,8408518.0,9092131.0,1.0813,11649.53
2023,DE,Germany,True,Intra-EU,290343,HFC-125 / HFC-134 group,F-gases (HFCs),F-gas Regulation,1.694,16033.0,17336.0,1.0813,10233.77
2023,DE,Germany,True,Intra-EU,290344,HFC-143 / HFC-152 group,F-gases (HFCs),F-gas Regulation,54.681,181251.0,195987.0,1.0813,3584.19
2023,DE,Germany,True,Intra-EU,290345,HFC-227 / HFC-236 group,F-gases (HFCs),F-gas Regulation,758.471,11145137.0,12051237.0,1.0813,15888.86
2023,DE,Germany,True,Intra-EU,290346,HFC-245 group,F-gases (HFCs),F-gas Regulation,361.82,7921292.0,8565293.0,1.0813,23672.8
2023,DE,Germany,True,Intra-EU,290347,HFC-365mfc / HFC-43-10mee,F-gases (HFCs),F-gas Regulation,16.836,981163.0,1060932.0,1.0813,63015.68
2023,DE,Germany,True,Intra-EU,290348,HFC-134a and other saturated HFCs,F-gases (HFCs),F-gas Regulation,31.4,40963.0,44293.0,1.0813,1410.61
2023,DE,Germany,True,Intra-EU,290349,Other saturated fluorinated derivatives,F-gases (HFCs),F-gas Regulation,268.26,6010071.0,6498690.0,1.0813,24225.34
2023,DE,Germany,True,Intra-EU,390461,PTFE,Fluoropolymers,PFAS restriction (proposed),4771.193,85771927.0,92745185.0,1.0813,19438.57
2023,DE,Germany,True,Intra-EU,390469,Other fluoropolymers,Fluoropolymers,PFAS restriction (proposed),3263.455,80741997.0,87306321.0,1.0813,26752.73
2023,DK,Denmark,True,Intra-EU,270900,Crude oil,Oil & gas,EU Methane Regulation,151128.68,90095949.0,97420750.0,1.0813,644.62
2023,DK,Denmark,True,Intra-EU,271111,LNG,Oil & gas,EU Methane Regulation,2564.639,2176471.0,2353418.0,1.0813,917.64
2023,DK,Denmark,True,Intra-EU,271121,Pipeline natural gas,Oil & gas,EU Methane Regulation,284548.059,223953246.0,242160645.0,1.0813,851.04
2023,DK,Denmark,True,Intra-EU,290341,HFC-23,F-gases (HFCs),F-gas Regulation,0.002,53.0,57.0,1.0813,28500.0
2023,DK,Denmark,True,Intra-EU,290342,HFC-32 / HFC-41 (difluoro/fluoromethane),F-gases (HFCs),F-gas Regulation,0.065,582.0,629.0,1.0813,9676.92
2023,DK,Denmark,True,Intra-EU,290344,HFC-143 / HFC-152 group,F-gases (HFCs),F-gas Regulation,1.5,9387.0,10150.0,1.0813,6766.67
2023,DK,Denmark,True,Intra-EU,290345,HFC-227 / HFC-236 group,F-gases (HFCs),F-gas Regulation,0.703,13414.0,14505.0,1.0813,20633.0
2023,DK,Denmark,True,Intra-EU,290349,Other saturated fluorinated derivatives,F-gases (HFCs),F-gas Regulation,1.96,19342.0,20915.0,1.0813,10670.92
2023,DK,Denmark,True,Intra-EU,390461,PTFE,Fluoropolymers,PFAS restriction (proposed),12.576,92380.0,99890.0,1.0813,7942.91
2023,DK,Denmark,True,Intra-EU,390469,Other fluoropolymers,Fluoropolymers,PFAS restriction (proposed),3.466,31497.0,34058.0,1.0813,9826.31
2023,DZ,Algeria,False,Extra-EU,270900,Crude oil,Oil & gas,EU Methane Regulation,15271899.826,9519672876.0,10293622281.0,1.0813,674.02
2023,DZ,Algeria,False,Extra-EU,271111,LNG,Oil & gas,EU Methane Regulation,4304360.241,5799649198.0,6271160678.0,1.0813,1456.93
2023,DZ,Algeria,False,Extra-EU,271121,Pipeline natural gas,Oil & gas,EU Methane Regulation,21501670.736,14233370362.0,15390543372.0,1.0813,715.78
2023,EC,Ecuador,False,Extra-EU,270900,Crude oil,Oil & gas,EU Methane Regulation,148392.973,72128989.0,77993076.0,1.0813,525.58
2023,EE,Estonia,True,Intra-EU,270900,Crude oil,Oil & gas,EU Methane Regulation,494.223,195621.0,211525.0,1.0813,428.0
2023,EE,Estonia,True,Intra-EU,271111,LNG,Oil & gas,EU Methane Regulation,4702.379,3757922.0,4063441.0,1.0813,864.12
2023,EE,Estonia,True,Intra-EU,271121,Pipeline natural gas,Oil & gas,EU Methane Regulation,8656.507,248592358.0,268802917.0,1.0813,31052.12
2023,EE,Estonia,True,Intra-EU,290342,HFC-32 / HFC-41 (difluoro/fluoromethane),F-gases (HFCs),F-gas Regulation,0.27,3082.0,3333.0,1.0813,12344.44
2023,EE,Estonia,True,Intra-EU,290344,HFC-143 / HFC-152 group,F-gases (HFCs),F-gas Regulation,20.406,455145.0,492148.0,1.0813,24117.81
2023,EE,Estonia,True,Intra-EU,290345,HFC-227 / HFC-236 group,F-gases (HFCs),F-gas Regulation,140.39,1955899.0,2114914.0,1.0813,15064.56
2023,EE,Estonia,True,Intra-EU,290346,HFC-245 group,F-gases (HFCs),F-gas Regulation,0.0,25.0,27.0,1.0813,
2023,EE,Estonia,True,Intra-EU,290347,HFC-365mfc / HFC-43-10mee,F-gases (HFCs),F-gas Regulation,79.999,1528341.0,1652595.0,1.0813,20657.7
2023,EE,Estonia,True,Intra-EU,290349,Other saturated fluorinated derivatives,F-gases (HFCs),F-gas Regulation,0.0,4.0,4.0,1.0813,
2023,EE,Estonia,True,Intra-EU,390461,PTFE,Fluoropolymers,PFAS restriction (proposed),0.397,7532.0,8144.0,1.0813,20513.85
2023,EE,Estonia,True,Intra-EU,390469,Other fluoropolymers,Fluoropolymers,PFAS restriction (proposed),0.016,1029.0,1113.0,1.0813,69562.5
2023,EG,Egypt,False,Extra-EU,270900,Crude oil,Oil & gas,EU Methane Regulation,2357491.851,1413358586.0,1528264639.0,1.0813,648.26
2023,EG,Egypt,False,Extra-EU,271111,LNG,Oil & gas,EU Methane Regulation,697901.944,770694659.0,833352135.0,1.0813,1194.08
2023,EG,Egypt,False,Extra-EU,271121,Pipeline natural gas,Oil & gas,EU Methane Regulation,158588.176,170041736.0,183866129.0,1.0813,1159.39
2023,ES,Spain,True,Intra-EU,270900,Crude oil,Oil & gas,EU Methane Regulation,12007.796,8735328.0,9445510.0,1.0813,786.61
2023,ES,Spain,True,Intra-EU,271111,LNG,Oil & gas,EU Methane Regulation,539315.04,531745188.0,574976072.0,1.0813,1066.12
2023,ES,Spain,True,Intra-EU,271121,Pipeline natural gas,Oil & gas,EU Methane Regulation,525419.858,3039824298.0,3286962013.0,1.0813,6255.88
2023,ES,Spain,True,Intra-EU,290341,HFC-23,F-gases (HFCs),F-gas Regulation,2.759,181165.0,195894.0,1.0813,71001.81
2023,ES,Spain,True,Intra-EU,290342,HFC-32 / HFC-41 (difluoro/fluoromethane),F-gases (HFCs),F-gas Regulation,22.472,325855.0,352347.0,1.0813,15679.38
2023,ES,Spain,True,Intra-EU,290343,HFC-125 / HFC-134 group,F-gases (HFCs),F-gas Regulation,371.511,1561194.0,1688119.0,1.0813,4543.93
2023,ES,Spain,True,Intra-EU,290344,HFC-143 / HFC-152 group,F-gases (HFCs),F-gas Regulation,0.24,6607.0,7144.0,1.0813,29766.67
2023,ES,Spain,True,Intra-EU,290345,HFC-227 / HFC-236 group,F-gases (HFCs),F-gas Regulation,331.199,5885607.0,6364107.0,1.0813,19215.36
2023,ES,Spain,True,Intra-EU,290346,HFC-245 group,F-gases (HFCs),F-gas Regulation,0.009,717.0,775.0,1.0813,86111.11
2023,ES,Spain,True,Intra-EU,290349,Other saturated fluorinated derivatives,F-gases (HFCs),F-gas Regulation,6.877,38502.0,41632.0,1.0813,6053.8
2023,ES,Spain,True,Intra-EU,390461,PTFE,Fluoropolymers,PFAS restriction (proposed),50.081,695173.0,751691.0,1.0813,15009.5
2023,ES,Spain,True,Intra-EU,390469,Other fluoropolymers,Fluoropolymers,PFAS restriction (proposed),55.577,267954.0,289739.0,1.0813,5213.29
2023,FI,Finland,True,Intra-EU,270900,Crude oil,Oil & gas,EU Methane Regulation,0.761,731.0,790.0,1.0813,1038.11
2023,FI,Finland,True,Intra-EU,271111,LNG,Oil & gas,EU Methane Regulation,207329.801,95954889.0,103756021.0,1.0813,500.44
2023,FI,Finland,True,Intra-EU,271121,Pipeline natural gas,Oil & gas,EU Methane Regulation,667409.117,361694048.0,391099774.0,1.0813,586.0
2023,FI,Finland,True,Intra-EU,290342,HFC-32 / HFC-41 (difluoro/fluoromethane),F-gases (HFCs),F-gas Regulation,12.926,191306.0,206859.0,1.0813,16003.33
2023,FI,Finland,True,Intra-EU,290343,HFC-125 / HFC-134 group,F-gases (HFCs),F-gas Regulation,0.002,16.0,17.0,1.0813,8500.0
2023,FI,Finland,True,Intra-EU,290344,HFC-143 / HFC-152 group,F-gases (HFCs),F-gas Regulation,15.187,379816.0,410695.0,1.0813,27042.54
2023,FI,Finland,True,Intra-EU,290345,HFC-227 / HFC-236 group,F-gases (HFCs),F-gas Regulation,18.109,345319.0,373393.0,1.0813,20619.19
2023,FI,Finland,True,Intra-EU,390461,PTFE,Fluoropolymers,PFAS restriction (proposed),21.088,354552.0,383377.0,1.0813,18179.87
2023,FI,Finland,True,Intra-EU,390469,Other fluoropolymers,Fluoropolymers,PFAS restriction (proposed),82.351,5393844.0,5832364.0,1.0813,70823.23
2023,FR,France,True,Intra-EU,270900,Crude oil,Oil & gas,EU Methane Regulation,120466.914,127961310.0,138364565.0,1.0813,1148.57
2023,FR,France,True,Intra-EU,271111,LNG,Oil & gas,EU Methane Regulation,17227.656,12011713.0,12988265.0,1.0813,753.92
2023,FR,France,True,Intra-EU,271121,Pipeline natural gas,Oil & gas,EU Methane Regulation,4178912.359,2531880511.0,2737722397.0,1.0813,655.13
2023,FR,France,True,Intra-EU,290341,HFC-23,F-gases (HFCs),F-gas Regulation,10.502,500081.0,540738.0,1.0813,51489.05
2023,FR,France,True,Intra-EU,290342,HFC-32 / HFC-41 (difluoro/fluoromethane),F-gases (HFCs),F-gas Regulation,41.621,408704.0,441932.0,1.0813,10618.01
2023,FR,France,True,Intra-EU,290343,HFC-125 / HFC-134 group,F-gases (HFCs),F-gas Regulation,30.351,176798.0,191172.0,1.0813,6298.71
2023,FR,France,True,Intra-EU,290344,HFC-143 / HFC-152 group,F-gases (HFCs),F-gas Regulation,195.948,1052797.0,1138389.0,1.0813,5809.65
2023,FR,France,True,Intra-EU,290345,HFC-227 / HFC-236 group,F-gases (HFCs),F-gas Regulation,762.465,16850860.0,18220835.0,1.0813,23897.27
2023,FR,France,True,Intra-EU,290346,HFC-245 group,F-gases (HFCs),F-gas Regulation,19.196,347424.0,375670.0,1.0813,19570.22
2023,FR,France,True,Intra-EU,290347,HFC-365mfc / HFC-43-10mee,F-gases (HFCs),F-gas Regulation,2.369,60390.0,65300.0,1.0813,27564.37
2023,FR,France,True,Intra-EU,290348,HFC-134a and other saturated HFCs,F-gases (HFCs),F-gas Regulation,18.29,330185.0,357029.0,1.0813,19520.45
2023,FR,France,True,Intra-EU,290349,Other saturated fluorinated derivatives,F-gases (HFCs),F-gas Regulation,413.236,4730118.0,5114677.0,1.0813,12377.13
2023,FR,France,True,Intra-EU,390461,PTFE,Fluoropolymers,PFAS restriction (proposed),594.748,4997248.0,5403524.0,1.0813,9085.4
2023,FR,France,True,Intra-EU,390469,Other fluoropolymers,Fluoropolymers,PFAS restriction (proposed),9633.226,277589244.0,300157250.0,1.0813,31158.54
2023,GA,Gabon,False,Extra-EU,270900,Crude oil,Oil & gas,EU Methane Regulation,1616627.12,940525844.0,1016990595.0,1.0813,629.08
2023,GB,United Kingdom,False,Extra-EU,270900,Crude oil,Oil & gas,EU Methane Regulation,24406667.883,14865045705.0,16073573921.0,1.0813,658.57
2023,GB,United Kingdom,False,Extra-EU,271111,LNG,Oil & gas,EU Methane Regulation,1515159.824,1251651161.0,1353410400.0,1.0813,893.25
2023,GB,United Kingdom,False,Extra-EU,271121,Pipeline natural gas,Oil & gas,EU Methane Regulation,9785913.936,6943194906.0,7507676652.0,1.0813,767.19
2023,GB,United Kingdom,False,Extra-EU,290342,HFC-32 / HFC-41 (difluoro/fluoromethane),F-gases (HFCs),F-gas Regulation,62.667,172342.0,186353.0,1.0813,2973.7
2023,GB,United Kingdom,False,Extra-EU,290343,HFC-125 / HFC-134 group,F-gases (HFCs),F-gas Regulation,7.333,158819.0,171731.0,1.0813,23418.93
2023,GB,United Kingdom,False,Extra-EU,290344,HFC-143 / HFC-152 group,F-gases (HFCs),F-gas Regulation,0.001,230.0,249.0,1.0813,249000.0
2023,GB,United Kingdom,False,Extra-EU,290345,HFC-227 / HFC-236 group,F-gases (HFCs),F-gas Regulation,6525.303,51227739.0,55392554.0,1.0813,8488.89
2023,GB,United Kingdom,False,Extra-EU,290346,HFC-245 group,F-gases (HFCs),F-gas Regulation,22.807,1881957.0,2034960.0,1.0813,89225.24
2023,GB,United Kingdom,False,Extra-EU,290347,HFC-365mfc / HFC-43-10mee,F-gases (HFCs),F-gas Regulation,0.65,12191.0,13182.0,1.0813,20280.0
2023,GB,United Kingdom,False,Extra-EU,290349,Other saturated fluorinated derivatives,F-gases (HFCs),F-gas Regulation,115.855,4361319.0,4715894.0,1.0813,40705.14
2023,GB,United Kingdom,False,Extra-EU,390461,PTFE,Fluoropolymers,PFAS restriction (proposed),1034.919,18021561.0,19486714.0,1.0813,18829.22
2023,GB,United Kingdom,False,Extra-EU,390469,Other fluoropolymers,Fluoropolymers,PFAS restriction (proposed),1035.155,25688398.0,27776865.0,1.0813,26833.53
2023,GE,Georgia,False,Extra-EU,270900,Crude oil,Oil & gas,EU Methane Regulation,0.112,74.0,80.0,1.0813,714.29
2023,GH,Ghana,False,Extra-EU,270900,Crude oil,Oil & gas,EU Methane Regulation,1521586.15,944816403.0,1021629977.0,1.0813,671.42
2023,GI,Gibraltar,False,Extra-EU,271111,LNG,Oil & gas,EU Methane Regulation,65270.697,69069803.0,74685178.0,1.0813,1144.24
2023,GL,Greenland,False,Extra-EU,270900,Crude oil,Oil & gas,EU Methane Regulation,0.001,7.0,8.0,1.0813,8000.0
2023,GM,Gambia,False,Extra-EU,270900,Crude oil,Oil & gas,EU Methane Regulation,35123.669,21195447.0,22918637.0,1.0813,652.51
2023,GN,Guinea,False,Extra-EU,270900,Crude oil,Oil & gas,EU Methane Regulation,139683.453,73810887.0,79811712.0,1.0813,571.38
2023,GQ,Equatorial Guinea,False,Extra-EU,270900,Crude oil,Oil & gas,EU Methane Regulation,1272717.267,738510729.0,798551651.0,1.0813,627.44
2023,GQ,Equatorial Guinea,False,Extra-EU,271111,LNG,Oil & gas,EU Methane Regulation,788983.97,866211658.0,936634666.0,1.0813,1187.14
2023,GR,Greece,True,Intra-EU,270900,Crude oil,Oil & gas,EU Methane Regulation,215167.372,94274648.0,101939177.0,1.0813,473.77
2023,GR,Greece,True,Intra-EU,271111,LNG,Oil & gas,EU Methane Regulation,13.491,9853.0,10654.0,1.0813,789.71
2023,GR,Greece,True,Intra-EU,271121,Pipeline natural gas,Oil & gas,EU Methane Regulation,167837.978,97471359.0,105395780.0,1.0813,627.96
2023,GR,Greece,True,Intra-EU,290342,HFC-32 / HFC-41 (difluoro/fluoromethane),F-gases (HFCs),F-gas Regulation,7.25,75130.0,81238.0,1.0813,11205.24
2023,GR,Greece,True,Intra-EU,290343,HFC-125 / HFC-134 group,F-gases (HFCs),F-gas Regulation,0.323,82544.0,89255.0,1.0813,276331.27
2023,GR,Greece,True,Intra-EU,290344,HFC-143 / HFC-152 group,F-gases (HFCs),F-gas Regulation,17.659,234655.0,253732.0,1.0813,14368.42
2023,GR,Greece,True,Intra-EU,290345,HFC-227 / HFC-236 group,F-gases (HFCs),F-gas Regulation,23.393,327325.0,353937.0,1.0813,15130.04
2023,GR,Greece,True,Intra-EU,290346,HFC-245 group,F-gases (HFCs),F-gas Regulation,0.001,86.0,93.0,1.0813,93000.0
2023,GR,Greece,True,Intra-EU,290349,Other saturated fluorinated derivatives,F-gases (HFCs),F-gas Regulation,12.426,274275.0,296574.0,1.0813,23867.21
2023,GR,Greece,True,Intra-EU,390461,PTFE,Fluoropolymers,PFAS restriction (proposed),1.52,19297.0,20866.0,1.0813,13727.63
2023,GR,Greece,True,Intra-EU,390469,Other fluoropolymers,Fluoropolymers,PFAS restriction (proposed),585.614,589926.0,637887.0,1.0813,1089.26
2023,GY,Guyana,False,Extra-EU,270900,Crude oil,Oil & gas,EU Methane Regulation,9805869.246,5747147328.0,6214390406.0,1.0813,633.74
2023,HK,Hong Kong,False,Extra-EU,270900,Crude oil,Oil & gas,EU Methane Regulation,0.001,1.0,1.0,1.0813,1000.0
2023,HK,Hong Kong,False,Extra-EU,290345,HFC-227 / HFC-236 group,F-gases (HFCs),F-gas Regulation,21.863,99115.0,107173.0,1.0813,4902.03
2023,HK,Hong Kong,False,Extra-EU,290349,Other saturated fluorinated derivatives,F-gases (HFCs),F-gas Regulation,17.28,311737.0,337081.0,1.0813,19507.0
2023,HK,Hong Kong,False,Extra-EU,390461,PTFE,Fluoropolymers,PFAS restriction (proposed),0.005,284.0,307.0,1.0813,61400.0
2023,HK,Hong Kong,False,Extra-EU,390469,Other fluoropolymers,Fluoropolymers,PFAS restriction (proposed),1.082,17362.0,18774.0,1.0813,17351.2
2023,HN,Honduras,False,Extra-EU,270900,Crude oil,Oil & gas,EU Methane Regulation,0.001,1.0,1.0,1.0813,1000.0
2023,HR,Croatia,True,Intra-EU,270900,Crude oil,Oil & gas,EU Methane Regulation,445837.499,252647873.0,273188145.0,1.0813,612.75
2023,HR,Croatia,True,Intra-EU,271111,LNG,Oil & gas,EU Methane Regulation,1733.815,1687394.0,1824579.0,1.0813,1052.35
2023,HR,Croatia,True,Intra-EU,271121,Pipeline natural gas,Oil & gas,EU Methane Regulation,94030.973,69299040.0,74933052.0,1.0813,796.9
2023,HR,Croatia,True,Intra-EU,290342,HFC-32 / HFC-41 (difluoro/fluoromethane),F-gases (HFCs),F-gas Regulation,2.854,23239.0,25128.0,1.0813,8804.48
2023,HR,Croatia,True,Intra-EU,290345,HFC-227 / HFC-236 group,F-gases (HFCs),F-gas Regulation,73.668,1252671.0,1354513.0,1.0813,18386.72
2023,HR,Croatia,True,Intra-EU,290347,HFC-365mfc / HFC-43-10mee,F-gases (HFCs),F-gas Regulation,0.0,5.0,5.0,1.0813,
2023,HR,Croatia,True,Intra-EU,290349,Other saturated fluorinated derivatives,F-gases (HFCs),F-gas Regulation,2.79,20902.0,22601.0,1.0813,8100.72
2023,HR,Croatia,True,Intra-EU,390461,PTFE,Fluoropolymers,PFAS restriction (proposed),0.039,3267.0,3533.0,1.0813,90589.74
2023,HR,Croatia,True,Intra-EU,390469,Other fluoropolymers,Fluoropolymers,PFAS restriction (proposed),0.004,156.0,169.0,1.0813,42250.0
2023,HU,Hungary,True,Intra-EU,270900,Crude oil,Oil & gas,EU Methane Regulation,77027.294,45292056.0,48974300.0,1.0813,635.8
2023,HU,Hungary,True,Intra-EU,271111,LNG,Oil & gas,EU Methane Regulation,46.57,59952.0,64826.0,1.0813,1392.01
2023,HU,Hungary,True,Intra-EU,271121,Pipeline natural gas,Oil & gas,EU Methane Regulation,79395.164,46408504.0,50181515.0,1.0813,632.05
2023,HU,Hungary,True,Intra-EU,290341,HFC-23,F-gases (HFCs),F-gas Regulation,0.392,4506.0,4872.0,1.0813,12428.57
2023,HU,Hungary,True,Intra-EU,290342,HFC-32 / HFC-41 (difluoro/fluoromethane),F-gases (HFCs),F-gas Regulation,8.878,70285.0,75999.0,1.0813,8560.37
2023,HU,Hungary,True,Intra-EU,290345,HFC-227 / HFC-236 group,F-gases (HFCs),F-gas Regulation,76.018,1409286.0,1523861.0,1.0813,20046.05
2023,HU,Hungary,True,Intra-EU,290346,HFC-245 group,F-gases (HFCs),F-gas Regulation,0.0,1.0,1.0,1.0813,
2023,HU,Hungary,True,Intra-EU,290347,HFC-365mfc / HFC-43-10mee,F-gases (HFCs),F-gas Regulation,11.441,18133.0,19607.0,1.0813,1713.75
2023,HU,Hungary,True,Intra-EU,290349,Other saturated fluorinated derivatives,F-gases (HFCs),F-gas Regulation,69.651,71495.0,77308.0,1.0813,1109.93
2023,HU,Hungary,True,Intra-EU,390461,PTFE,Fluoropolymers,PFAS restriction (proposed),1.076,23020.0,24892.0,1.0813,23133.83
2023,HU,Hungary,True,Intra-EU,390469,Other fluoropolymers,Fluoropolymers,PFAS restriction (proposed),0.018,2025.0,2190.0,1.0813,121666.67
2023,ID,Indonesia,False,Extra-EU,270900,Crude oil,Oil & gas,EU Methane Regulation,0.005,3.0,3.0,1.0813,600.0
2023,ID,Indonesia,False,Extra-EU,271111,LNG,Oil & gas,EU Methane Regulation,69360.827,34086452.0,36857681.0,1.0813,531.39
2023,ID,Indonesia,False,Extra-EU,390461,PTFE,Fluoropolymers,PFAS restriction (proposed),2.147,32854.0,35525.0,1.0813,16546.34
2023,IE,Ireland,True,Intra-EU,270900,Crude oil,Oil & gas,EU Methane Regulation,79773.585,43987502.0,47563686.0,1.0813,596.23
2023,IE,Ireland,True,Intra-EU,271111,LNG,Oil & gas,EU Methane Regulation,38.34,992.0,1073.0,1.0813,27.99
2023,IE,Ireland,True,Intra-EU,290344,HFC-143 / HFC-152 group,F-gases (HFCs),F-gas Regulation,1.69,4549.0,4919.0,1.0813,2910.65
2023,IE,Ireland,True,Intra-EU,290345,HFC-227 / HFC-236 group,F-gases (HFCs),F-gas Regulation,164.212,2299258.0,2486188.0,1.0813,15140.11
2023,IE,Ireland,True,Intra-EU,290346,HFC-245 group,F-gases (HFCs),F-gas Regulation,0.0,27.0,29.0,1.0813,
2023,IE,Ireland,True,Intra-EU,290347,HFC-365mfc / HFC-43-10mee,F-gases (HFCs),F-gas Regulation,0.21,47460.0,51318.0,1.0813,244371.43
2023,IE,Ireland,True,Intra-EU,290349,Other saturated fluorinated derivatives,F-gases (HFCs),F-gas Regulation,0.098,42012.0,45428.0,1.0813,463551.02
2023,IE,Ireland,True,Intra-EU,390461,PTFE,Fluoropolymers,PFAS restriction (proposed),4.994,101242.0,109473.0,1.0813,21920.91
2023,IE,Ireland,True,Intra-EU,390469,Other fluoropolymers,Fluoropolymers,PFAS restriction (proposed),101.075,2045420.0,2211713.0,1.0813,21881.9
2023,IL,Israel,False,Extra-EU,270900,Crude oil,Oil & gas,EU Methane Regulation,451330.019,242220467.0,261912991.0,1.0813,580.31
2023,IL,Israel,False,Extra-EU,390461,PTFE,Fluoropolymers,PFAS restriction (proposed),0.0,123.0,133.0,1.0813,
2023,IL,Israel,False,Extra-EU,390469,Other fluoropolymers,Fluoropolymers,PFAS restriction (proposed),3.517,97572.0,105505.0,1.0813,29998.58
2023,IN,India,False,Extra-EU,270900,Crude oil,Oil & gas,EU Methane Regulation,0.066,94.0,102.0,1.0813,1545.45
2023,IN,India,False,Extra-EU,271111,LNG,Oil & gas,EU Methane Regulation,1.352,1974.0,2134.0,1.0813,1578.4
2023,IN,India,False,Extra-EU,290345,HFC-227 / HFC-236 group,F-gases (HFCs),F-gas Regulation,140.052,1219379.0,1318515.0,1.0813,9414.47
2023,IN,India,False,Extra-EU,290349,Other saturated fluorinated derivatives,F-gases (HFCs),F-gas Regulation,0.01,1124.0,1215.0,1.0813,121500.0
2023,IN,India,False,Extra-EU,390461,PTFE,Fluoropolymers,PFAS restriction (proposed),5034.781,60527083.0,65447935.0,1.0813,12999.16
2023,IN,India,False,Extra-EU,390469,Other fluoropolymers,Fluoropolymers,PFAS restriction (proposed),1469.908,37778356.0,40849736.0,1.0813,27790.68
2023,IQ,Iraq,False,Extra-EU,270900,Crude oil,Oil & gas,EU Methane Regulation,34308867.019,18001168431.0,19464663424.0,1.0813,567.34
2023,IS,Iceland,False,Extra-EU,270900,Crude oil,Oil & gas,EU Methane Regulation,0.011,77.0,83.0,1.0813,7545.45
2023,IT,Italy,True,Intra-EU,270900,Crude oil,Oil & gas,EU Methane Regulation,676040.285,298524373.0,322794405.0,1.0813,477.48
2023,IT,Italy,True,Intra-EU,271111,LNG,Oil & gas,EU Methane Regulation,32278.628,24863046.0,26884412.0,1.0813,832.89
2023,IT,Italy,True,Intra-EU,271121,Pipeline natural gas,Oil & gas,EU Methane Regulation,272707.926,289555867.0,313096759.0,1.0813,1148.1
2023,IT,Italy,True,Intra-EU,290341,HFC-23,F-gases (HFCs),F-gas Regulation,4.933,61204.0,66180.0,1.0813,13415.77
2023,IT,Italy,True,Intra-EU,290342,HFC-32 / HFC-41 (difluoro/fluoromethane),F-gases (HFCs),F-gas Regulation,288.909,2109649.0,2281163.0,1.0813,7895.78
2023,IT,Italy,True,Intra-EU,290343,HFC-125 / HFC-134 group,F-gases (HFCs),F-gas Regulation,74.893,364516.0,394151.0,1.0813,5262.86
2023,IT,Italy,True,Intra-EU,290344,HFC-143 / HFC-152 group,F-gases (HFCs),F-gas Regulation,14.273,497848.0,538323.0,1.0813,37716.18
2023,IT,Italy,True,Intra-EU,290345,HFC-227 / HFC-236 group,F-gases (HFCs),F-gas Regulation,597.644,12753832.0,13790719.0,1.0813,23075.14
2023,IT,Italy,True,Intra-EU,290346,HFC-245 group,F-gases (HFCs),F-gas Regulation,14.21,265584.0,287176.0,1.0813,20209.43
2023,IT,Italy,True,Intra-EU,290347,HFC-365mfc / HFC-43-10mee,F-gases (HFCs),F-gas Regulation,4.669,274356.0,296661.0,1.0813,63538.45
2023,IT,Italy,True,Intra-EU,290348,HFC-134a and other saturated HFCs,F-gases (HFCs),F-gas Regulation,0.562,1019.0,1102.0,1.0813,1960.85
2023,IT,Italy,True,Intra-EU,290349,Other saturated fluorinated derivatives,F-gases (HFCs),F-gas Regulation,112.304,408951.0,442199.0,1.0813,3937.52
2023,IT,Italy,True,Intra-EU,390461,PTFE,Fluoropolymers,PFAS restriction (proposed),3176.6,56728500.0,61340527.0,1.0813,19310.12
2023,IT,Italy,True,Intra-EU,390469,Other fluoropolymers,Fluoropolymers,PFAS restriction (proposed),2649.554,95502342.0,103266682.0,1.0813,38975.12
2023,JM,Jamaica,False,Extra-EU,270900,Crude oil,Oil & gas,EU Methane Regulation,0.034,449.0,486.0,1.0813,14294.12
2023,JO,Jordan,False,Extra-EU,270900,Crude oil,Oil & gas,EU Methane Regulation,0.012,2.0,2.0,1.0813,166.67
2023,JP,Japan,False,Extra-EU,270900,Crude oil,Oil & gas,EU Methane Regulation,0.004,275.0,297.0,1.0813,74250.0
2023,JP,Japan,False,Extra-EU,290341,HFC-23,F-gases (HFCs),F-gas Regulation,0.06,1400.0,1514.0,1.0813,25233.33
2023,JP,Japan,False,Extra-EU,290345,HFC-227 / HFC-236 group,F-gases (HFCs),F-gas Regulation,752.778,4243234.0,4588209.0,1.0813,6095.04
2023,JP,Japan,False,Extra-EU,290348,HFC-134a and other saturated HFCs,F-gases (HFCs),F-gas Regulation,144.028,3603420.0,3896378.0,1.0813,27052.92
2023,JP,Japan,False,Extra-EU,290349,Other saturated fluorinated derivatives,F-gases (HFCs),F-gas Regulation,116.449,3885100.0,4200959.0,1.0813,36075.53
2023,JP,Japan,False,Extra-EU,390461,PTFE,Fluoropolymers,PFAS restriction (proposed),454.183,7311496.0,7905921.0,1.0813,17406.91
2023,JP,Japan,False,Extra-EU,390469,Other fluoropolymers,Fluoropolymers,PFAS restriction (proposed),5498.061,163794274.0,177110748.0,1.0813,32213.31
2023,KH,Cambodia,False,Extra-EU,390469,Other fluoropolymers,Fluoropolymers,PFAS restriction (proposed),2.0,51241.0,55407.0,1.0813,27703.5
2023,KR,South Korea,False,Extra-EU,271111,LNG,Oil & gas,EU Methane Regulation,0.0,2914.0,3151.0,1.0813,
2023,KR,South Korea,False,Extra-EU,271121,Pipeline natural gas,Oil & gas,EU Methane Regulation,0.005,131.0,142.0,1.0813,28400.0
2023,KR,South Korea,False,Extra-EU,290342,HFC-32 / HFC-41 (difluoro/fluoromethane),F-gases (HFCs),F-gas Regulation,0.245,37103.0,40119.0,1.0813,163751.02
2023,KR,South Korea,False,Extra-EU,290343,HFC-125 / HFC-134 group,F-gases (HFCs),F-gas Regulation,0.575,321134.0,347242.0,1.0813,603899.13
2023,KR,South Korea,False,Extra-EU,290345,HFC-227 / HFC-236 group,F-gases (HFCs),F-gas Regulation,0.135,6675.0,7218.0,1.0813,53466.67
2023,KR,South Korea,False,Extra-EU,390461,PTFE,Fluoropolymers,PFAS restriction (proposed),172.751,3929015.0,4248444.0,1.0813,24592.88
2023,KR,South Korea,False,Extra-EU,390469,Other fluoropolymers,Fluoropolymers,PFAS restriction (proposed),89.344,1141194.0,1233973.0,1.0813,13811.48
2023,KW,Kuwait,False,Extra-EU,270900,Crude oil,Oil & gas,EU Methane Regulation,76865.286,43147003.0,46654854.0,1.0813,606.97
2023,KW,Kuwait,False,Extra-EU,390461,PTFE,Fluoropolymers,PFAS restriction (proposed),0.001,11.0,12.0,1.0813,12000.0
2023,KZ,Kazakhstan,False,Extra-EU,270900,Crude oil,Oil & gas,EU Methane Regulation,44167828.513,25743235489.0,27836160534.0,1.0813,630.24
2023,LB,Lebanon,False,Extra-EU,390461,PTFE,Fluoropolymers,PFAS restriction (proposed),214.365,571443.0,617901.0,1.0813,2882.47
2023,LR,Liberia,False,Extra-EU,270900,Crude oil,Oil & gas,EU Methane Regulation,0.293,176.0,190.0,1.0813,648.46
2023,LR,Liberia,False,Extra-EU,271111,LNG,Oil & gas,EU Methane Regulation,0.0,72645424.0,78551497.0,1.0813,
2023,LT,Lithuania,True,Intra-EU,270900,Crude oil,Oil & gas,EU Methane Regulation,32256.764,18999854.0,20544542.0,1.0813,636.91
2023,LT,Lithuania,True,Intra-EU,271111,LNG,Oil & gas,EU Methane Regulation,35815.376,22364383.0,24182607.0,1.0813,675.2
2023,LT,Lithuania,True,Intra-EU,271121,Pipeline natural gas,Oil & gas,EU Methane Regulation,873274.972,680459375.0,735780722.0,1.0813,842.55
2023,LT,Lithuania,True,Intra-EU,290342,HFC-32 / HFC-41 (difluoro/fluoromethane),F-gases (HFCs),F-gas Regulation,5.75,62603.0,67693.0,1.0813,11772.7
2023,LT,Lithuania,True,Intra-EU,290344,HFC-143 / HFC-152 group,F-gases (HFCs),F-gas Regulation,3.6,106020.0,114639.0,1.0813,31844.17
2023,LT,Lithuania,True,Intra-EU,290345,HFC-227 / HFC-236 group,F-gases (HFCs),F-gas Regulation,74.135,1350832.0,1460655.0,1.0813,19702.64
2023,LT,Lithuania,True,Intra-EU,390461,PTFE,Fluoropolymers,PFAS restriction (proposed),75.852,135733.0,146768.0,1.0813,1934.93
2023,LT,Lithuania,True,Intra-EU,390469,Other fluoropolymers,Fluoropolymers,PFAS restriction (proposed),15.081,459220.0,496555.0,1.0813,32925.87
2023,LU,Luxembourg,True,Intra-EU,270900,Crude oil,Oil & gas,EU Methane Regulation,0.073,132.0,143.0,1.0813,1958.9
2023,LU,Luxembourg,True,Intra-EU,271111,LNG,Oil & gas,EU Methane Regulation,71450.555,51480689.0,55666069.0,1.0813,779.09
2023,LU,Luxembourg,True,Intra-EU,271121,Pipeline natural gas,Oil & gas,EU Methane Regulation,71195.376,52023962.0,56253510.0,1.0813,790.13
2023,LU,Luxembourg,True,Intra-EU,290342,HFC-32 / HFC-41 (difluoro/fluoromethane),F-gases (HFCs),F-gas Regulation,0.002,12.0,13.0,1.0813,6500.0
2023,LU,Luxembourg,True,Intra-EU,290344,HFC-143 / HFC-152 group,F-gases (HFCs),F-gas Regulation,0.01,144.0,156.0,1.0813,15600.0
2023,LU,Luxembourg,True,Intra-EU,290345,HFC-227 / HFC-236 group,F-gases (HFCs),F-gas Regulation,0.713,10132.0,10956.0,1.0813,15366.06
2023,LU,Luxembourg,True,Intra-EU,290346,HFC-245 group,F-gases (HFCs),F-gas Regulation,0.0,2.0,2.0,1.0813,
2023,LU,Luxembourg,True,Intra-EU,290349,Other saturated fluorinated derivatives,F-gases (HFCs),F-gas Regulation,0.0,7.0,8.0,1.0813,
2023,LU,Luxembourg,True,Intra-EU,390461,PTFE,Fluoropolymers,PFAS restriction (proposed),7.967,146234.0,158123.0,1.0813,19847.24
2023,LU,Luxembourg,True,Intra-EU,390469,Other fluoropolymers,Fluoropolymers,PFAS restriction (proposed),4.73,303016.0,327651.0,1.0813,69270.82
2023,LV,Latvia,True,Intra-EU,270900,Crude oil,Oil & gas,EU Methane Regulation,786.051,250660.0,271039.0,1.0813,344.81
2023,LV,Latvia,True,Intra-EU,271111,LNG,Oil & gas,EU Methane Regulation,11.953,18938.0,20478.0,1.0813,1713.21
2023,LV,Latvia,True,Intra-EU,271121,Pipeline natural gas,Oil & gas,EU Methane Regulation,504574.32,502177306.0,543004321.0,1.0813,1076.16
2023,LV,Latvia,True,Intra-EU,290342,HFC-32 / HFC-41 (difluoro/fluoromethane),F-gases (HFCs),F-gas Regulation,1.228,10804.0,11682.0,1.0813,9513.03
2023,LV,Latvia,True,Intra-EU,290344,HFC-143 / HFC-152 group,F-gases (HFCs),F-gas Regulation,17.803,420769.0,454978.0,1.0813,25556.25
2023,LV,Latvia,True,Intra-EU,290345,HFC-227 / HFC-236 group,F-gases (HFCs),F-gas Regulation,5.837,73386.0,79352.0,1.0813,13594.65
2023,LV,Latvia,True,Intra-EU,290346,HFC-245 group,F-gases (HFCs),F-gas Regulation,0.0,1.0,1.0,1.0813,
2023,LV,Latvia,True,Intra-EU,290349,Other saturated fluorinated derivatives,F-gases (HFCs),F-gas Regulation,0.03,232.0,251.0,1.0813,8366.67
2023,LV,Latvia,True,Intra-EU,390461,PTFE,Fluoropolymers,PFAS restriction (proposed),0.787,8169.0,8833.0,1.0813,11223.63
2023,LV,Latvia,True,Intra-EU,390469,Other fluoropolymers,Fluoropolymers,PFAS restriction (proposed),13.554,548810.0,593428.0,1.0813,43782.5
2023,LY,Libya,False,Extra-EU,270900,Crude oil,Oil & gas,EU Methane Regulation,35398072.625,21138624133.0,22857194275.0,1.0813,645.72
2023,LY,Libya,False,Extra-EU,271121,Pipeline natural gas,Oil & gas,EU Methane Regulation,1812999.0,1083630043.0,1171729165.0,1.0813,646.29
2023,MA,Morocco,False,Extra-EU,270900,Crude oil,Oil & gas,EU Methane Regulation,0.037,24.0,26.0,1.0813,702.7
2023,MD,Moldova,False,Extra-EU,270900,Crude oil,Oil & gas,EU Methane Regulation,2389.58,1065911.0,1152570.0,1.0813,482.33
2023,ME,Montenegro,False,Extra-EU,270900,Crude oil,Oil & gas,EU Methane Regulation,0.07,48.0,52.0,1.0813,742.86
2023,MK,North Macedonia,False,Extra-EU,271121,Pipeline natural gas,Oil & gas,EU Methane Regulation,179.177,174040.0,188189.0,1.0813,1050.3
2023,MK,North Macedonia,False,Extra-EU,290345,HFC-227 / HFC-236 group,F-gases (HFCs),F-gas Regulation,0.12,3120.0,3374.0,1.0813,28116.67
2023,MK,North Macedonia,False,Extra-EU,390461,PTFE,Fluoropolymers,PFAS restriction (proposed),0.001,28.0,30.0,1.0813,30000.0
2023,ML,Mali,False,Extra-EU,270900,Crude oil,Oil & gas,EU Methane Regulation,0.001,185.0,200.0,1.0813,200000.0
2023,MR,Mauritania,False,Extra-EU,290342,HFC-32 / HFC-41 (difluoro/fluoromethane),F-gases (HFCs),F-gas Regulation,0.932,682.0,737.0,1.0813,790.77
2023,MR,Mauritania,False,Extra-EU,290345,HFC-227 / HFC-236 group,F-gases (HFCs),F-gas Regulation,2.296,2120.0,2292.0,1.0813,998.26
2023,MT,Malta,True,Intra-EU,270900,Crude oil,Oil & gas,EU Methane Regulation,175255.819,94300755.0,101967406.0,1.0813,581.82
2023,MT,Malta,True,Intra-EU,290345,HFC-227 / HFC-236 group,F-gases (HFCs),F-gas Regulation,0.0,6.0,6.0,1.0813,
2023,MT,Malta,True,Intra-EU,290346,HFC-245 group,F-gases (HFCs),F-gas Regulation,0.0,2.0,2.0,1.0813,
2023,MT,Malta,True,Intra-EU,390461,PTFE,Fluoropolymers,PFAS restriction (proposed),0.001,14.0,15.0,1.0813,15000.0
2023,MT,Malta,True,Intra-EU,390469,Other fluoropolymers,Fluoropolymers,PFAS restriction (proposed),0.109,6951.0,7516.0,1.0813,68954.13
2023,MX,Mexico,False,Extra-EU,270900,Crude oil,Oil & gas,EU Methane Regulation,8022318.38,3959662186.0,4281582722.0,1.0813,533.71
2023,MX,Mexico,False,Extra-EU,390461,PTFE,Fluoropolymers,PFAS restriction (proposed),2.481,233759.0,252764.0,1.0813,101879.89
2023,MX,Mexico,False,Extra-EU,390469,Other fluoropolymers,Fluoropolymers,PFAS restriction (proposed),0.75,38591.0,41728.0,1.0813,55637.33
2023,MY,Malaysia,False,Extra-EU,270900,Crude oil,Oil & gas,EU Methane Regulation,0.888,2152.0,2327.0,1.0813,2620.5
2023,MY,Malaysia,False,Extra-EU,271111,LNG,Oil & gas,EU Methane Regulation,1572.0,1813451.0,1960885.0,1.0813,1247.38
2023,MY,Malaysia,False,Extra-EU,390469,Other fluoropolymers,Fluoropolymers,PFAS restriction (proposed),19.0,268031.0,289822.0,1.0813,15253.79
2023,MZ,Mozambique,False,Extra-EU,271111,LNG,Oil & gas,EU Methane Regulation,176477.154,225643655.0,243988484.0,1.0813,1382.55
2023,NE,Niger,False,Extra-EU,270900,Crude oil,Oil & gas,EU Methane Regulation,0.021,293.0,317.0,1.0813,15095.24
2023,NG,Nigeria,False,Extra-EU,270900,Crude oil,Oil & gas,EU Methane Regulation,30003016.214,18396247729.0,19891862669.0,1.0813,663.0
2023,NG,Nigeria,False,Extra-EU,271111,LNG,Oil & gas,EU Methane Regulation,5488132.299,2968088822.0,3209394443.0,1.0813,584.79
2023,NG,Nigeria,False,Extra-EU,271121,Pipeline natural gas,Oil & gas,EU Methane Regulation,39927.139,42587233.0,46049575.0,1.0813,1153.34
2023,NI,Nicaragua,False,Extra-EU,270900,Crude oil,Oil & gas,EU Methane Regulation,0.001,1.0,1.0,1.0813,1000.0
2023,NL,Netherlands,True,Intra-EU,270900,Crude oil,Oil & gas,EU Methane Regulation,45799993.803,27165933553.0,29374523951.0,1.0813,641.37
2023,NL,Netherlands,True,Intra-EU,271111,LNG,Oil & gas,EU Methane Regulation,138169.312,115602772.0,125001277.0,1.0813,904.7
2023,NL,Netherlands,True,Intra-EU,271121,Pipeline natural gas,Oil & gas,EU Methane Regulation,4775897.407,3017809082.0,3263156960.0,1.0813,683.26
2023,NL,Netherlands,True,Intra-EU,290341,HFC-23,F-gases (HFCs),F-gas Regulation,7.345,372056.0,402304.0,1.0813,54772.5
2023,NL,Netherlands,True,Intra-EU,290342,HFC-32 / HFC-41 (difluoro/fluoromethane),F-gases (HFCs),F-gas Regulation,622.887,6494178.0,7022155.0,1.0813,11273.56
2023,NL,Netherlands,True,Intra-EU,290343,HFC-125 / HFC-134 group,F-gases (HFCs),F-gas Regulation,6.044,70122.0,75823.0,1.0813,12545.17
2023,NL,Netherlands,True,Intra-EU,290344,HFC-143 / HFC-152 group,F-gases (HFCs),F-gas Regulation,43.532,139313.0,150639.0,1.0813,3460.42
2023,NL,Netherlands,True,Intra-EU,290345,HFC-227 / HFC-236 group,F-gases (HFCs),F-gas Regulation,6829.259,120020020.0,129777648.0,1.0813,19003.18
2023,NL,Netherlands,True,Intra-EU,290346,HFC-245 group,F-gases (HFCs),F-gas Regulation,7.615,138967.0,150265.0,1.0813,19732.76
2023,NL,Netherlands,True,Intra-EU,290347,HFC-365mfc / HFC-43-10mee,F-gases (HFCs),F-gas Regulation,13.864,723986.0,782846.0,1.0813,56466.1
2023,NL,Netherlands,True,Intra-EU,290348,HFC-134a and other saturated HFCs,F-gases (HFCs),F-gas Regulation,2.911,166923.0,180494.0,1.0813,62004.12
2023,NL,Netherlands,True,Intra-EU,290349,Other saturated fluorinated derivatives,F-gases (HFCs),F-gas Regulation,309.46,720098.0,778642.0,1.0813,2516.13
2023,NL,Netherlands,True,Intra-EU,390461,PTFE,Fluoropolymers,PFAS restriction (proposed),3059.862,54448325.0,58874974.0,1.0813,19241.06
2023,NL,Netherlands,True,Intra-EU,390469,Other fluoropolymers,Fluoropolymers,PFAS restriction (proposed),3404.865,84218521.0,91065487.0,1.0813,26745.7
2023,NO,Norway,False,Extra-EU,270900,Crude oil,Oil & gas,EU Methane Regulation,54528047.887,36898045689.0,39897856804.0,1.0813,731.69
2023,NO,Norway,False,Extra-EU,271111,LNG,Oil & gas,EU Methane Regulation,2760923.434,2996482193.0,3240096195.0,1.0813,1173.56
2023,NO,Norway,False,Extra-EU,271121,Pipeline natural gas,Oil & gas,EU Methane Regulation,15885508.348,10824160223.0,11704164449.0,1.0813,736.78
2023,NO,Norway,False,Extra-EU,290341,HFC-23,F-gases (HFCs),F-gas Regulation,0.0,101.0,109.0,1.0813,
2023,NO,Norway,False,Extra-EU,290349,Other saturated fluorinated derivatives,F-gases (HFCs),F-gas Regulation,0.392,3941.0,4261.0,1.0813,10869.9
2023,NO,Norway,False,Extra-EU,390461,PTFE,Fluoropolymers,PFAS restriction (proposed),2.297,9913.0,10719.0,1.0813,4666.52
2023,NO,Norway,False,Extra-EU,390469,Other fluoropolymers,Fluoropolymers,PFAS restriction (proposed),0.116,1762.0,1905.0,1.0813,16422.41
2023,NZ,New Zealand,False,Extra-EU,270900,Crude oil,Oil & gas,EU Methane Regulation,0.004,520.0,562.0,1.0813,140500.0
2023,OM,Oman,False,Extra-EU,270900,Crude oil,Oil & gas,EU Methane Regulation,815148.966,463347799.0,501017975.0,1.0813,614.63
2023,OM,Oman,False,Extra-EU,271111,LNG,Oil & gas,EU Methane Regulation,355631.084,632743567.0,684185619.0,1.0813,1923.86
2023,PA,Panama,False,Extra-EU,290345,HFC-227 / HFC-236 group,F-gases (HFCs),F-gas Regulation,0.6,6172.0,6674.0,1.0813,11123.33
2023,PA,Panama,False,Extra-EU,390461,PTFE,Fluoropolymers,PFAS restriction (proposed),0.002,286.0,309.0,1.0813,154500.0
2023,PA,Panama,False,Extra-EU,390469,Other fluoropolymers,Fluoropolymers,PFAS restriction (proposed),0.265,837.0,905.0,1.0813,3415.09
2023,PE,Peru,False,Extra-EU,270900,Crude oil,Oil & gas,EU Methane Regulation,0.527,525.0,568.0,1.0813,1077.8
2023,PE,Peru,False,Extra-EU,271111,LNG,Oil & gas,EU Methane Regulation,326426.031,296663216.0,320781935.0,1.0813,982.71
2023,PF,French Polynesia,False,Extra-EU,290346,HFC-245 group,F-gases (HFCs),F-gas Regulation,0.323,795.0,860.0,1.0813,2662.54
2023,PG,Papua New Guinea,False,Extra-EU,270900,Crude oil,Oil & gas,EU Methane Regulation,0.006,24.0,26.0,1.0813,4333.33
2023,PK,Pakistan,False,Extra-EU,390461,PTFE,Fluoropolymers,PFAS restriction (proposed),0.001,6.0,6.0,1.0813,6000.0
2023,PL,Poland,True,Intra-EU,270900,Crude oil,Oil & gas,EU Methane Regulation,175068.495,84594613.0,91472155.0,1.0813,522.49
2023,PL,Poland,True,Intra-EU,271111,LNG,Oil & gas,EU Methane Regulation,3306.438,3449782.0,3730249.0,1.0813,1128.18
2023,PL,Poland,True,Intra-EU,271121,Pipeline natural gas,Oil & gas,EU Methane Regulation,9890.34,19025723.0,20572514.0,1.0813,2080.06
2023,PL,Poland,True,Intra-EU,290341,HFC-23,F-gases (HFCs),F-gas Regulation,0.578,10591.0,11452.0,1.0813,19813.15
2023,PL,Poland,True,Intra-EU,290342,HFC-32 / HFC-41 (difluoro/fluoromethane),F-gases (HFCs),F-gas Regulation,149.923,427694.0,462466.0,1.0813,3084.69
2023,PL,Poland,True,Intra-EU,290343,HFC-125 / HFC-134 group,F-gases (HFCs),F-gas Regulation,0.004,383.0,414.0,1.0813,103500.0
2023,PL,Poland,True,Intra-EU,290344,HFC-143 / HFC-152 group,F-gases (HFCs),F-gas Regulation,5.964,137172.0,148324.0,1.0813,24869.89
2023,PL,Poland,True,Intra-EU,290345,HFC-227 / HFC-236 group,F-gases (HFCs),F-gas Regulation,762.018,15724223.0,17002602.0,1.0813,22312.6
2023,PL,Poland,True,Intra-EU,290346,HFC-245 group,F-gases (HFCs),F-gas Regulation,1.0,21500.0,23248.0,1.0813,23248.0
2023,PL,Poland,True,Intra-EU,290347,HFC-365mfc / HFC-43-10mee,F-gases (HFCs),F-gas Regulation,3.0,247500.0,267622.0,1.0813,89207.33
2023,PL,Poland,True,Intra-EU,290349,Other saturated fluorinated derivatives,F-gases (HFCs),F-gas Regulation,36.323,677829.0,732936.0,1.0813,20178.29
2023,PL,Poland,True,Intra-EU,390461,PTFE,Fluoropolymers,PFAS restriction (proposed),15.983,877857.0,949227.0,1.0813,59389.79
2023,PL,Poland,True,Intra-EU,390469,Other fluoropolymers,Fluoropolymers,PFAS restriction (proposed),146.847,2042309.0,2208349.0,1.0813,15038.43
2023,PT,Portugal,True,Intra-EU,270900,Crude oil,Oil & gas,EU Methane Regulation,0.098,3265.0,3530.0,1.0813,36020.41
2023,PT,Portugal,True,Intra-EU,271111,LNG,Oil & gas,EU Methane Regulation,1584.701,923475.0,998554.0,1.0813,630.12
2023,PT,Portugal,True,Intra-EU,271121,Pipeline natural gas,Oil & gas,EU Methane Regulation,13924.385,8011821.0,8663182.0,1.0813,622.16
2023,PT,Portugal,True,Intra-EU,290342,HFC-32 / HFC-41 (difluoro/fluoromethane),F-gases (HFCs),F-gas Regulation,0.018,216.0,234.0,1.0813,13000.0
2023,PT,Portugal,True,Intra-EU,290345,HFC-227 / HFC-236 group,F-gases (HFCs),F-gas Regulation,7.968,109628.0,118541.0,1.0813,14877.13
2023,PT,Portugal,True,Intra-EU,290349,Other saturated fluorinated derivatives,F-gases (HFCs),F-gas Regulation,16.874,324752.0,351154.0,1.0813,20810.36
2023,PT,Portugal,True,Intra-EU,390461,PTFE,Fluoropolymers,PFAS restriction (proposed),4.02,145564.0,157398.0,1.0813,39153.73
2023,PT,Portugal,True,Intra-EU,390469,Other fluoropolymers,Fluoropolymers,PFAS restriction (proposed),252.407,863232.0,933413.0,1.0813,3698.05
2023,QA,Qatar,False,Extra-EU,270900,Crude oil,Oil & gas,EU Methane Regulation,73196.233,47271325.0,51114484.0,1.0813,698.32
2023,QA,Qatar,False,Extra-EU,271111,LNG,Oil & gas,EU Methane Regulation,9855363.495,7581252308.0,8197608121.0,1.0813,831.79
2023,QA,Qatar,False,Extra-EU,271121,Pipeline natural gas,Oil & gas,EU Methane Regulation,183164.477,165962589.0,179455347.0,1.0813,979.75
2023,QP,High seas,False,Extra-EU,270900,Crude oil,Oil & gas,EU Methane Regulation,80536.928,52275123.0,56525090.0,1.0813,701.85
2023,QP,High seas,False,Extra-EU,290345,HFC-227 / HFC-236 group,F-gases (HFCs),F-gas Regulation,0.08,3530.0,3817.0,1.0813,47712.5
2023,QV,Countries not specified (intra-EU),False,Extra-EU,270900,Crude oil,Oil & gas,EU Methane Regulation,767.038,390045.0,421756.0,1.0813,549.85
2023,QV,Countries not specified (intra-EU),False,Extra-EU,271111,LNG,Oil & gas,EU Methane Regulation,314.243,158980.0,171905.0,1.0813,547.04
2023,QV,Countries not specified (intra-EU),False,Extra-EU,271121,Pipeline natural gas,Oil & gas,EU Methane Regulation,2883012.384,2122293277.0,2294835720.0,1.0813,795.99
2023,QV,Countries not specified (intra-EU),False,Extra-EU,290345,HFC-227 / HFC-236 group,F-gases (HFCs),F-gas Regulation,0.001,355.0,384.0,1.0813,384000.0
2023,QV,Countries not specified (intra-EU),False,Extra-EU,390461,PTFE,Fluoropolymers,PFAS restriction (proposed),0.247,4923.0,5323.0,1.0813,21550.61
2023,QW,Countries not specified (extra-EU),False,Extra-EU,270900,Crude oil,Oil & gas,EU Methane Regulation,383064.017,220906596.0,238866302.0,1.0813,623.57
2023,QW,Countries not specified (extra-EU),False,Extra-EU,271111,LNG,Oil & gas,EU Methane Regulation,12039.085,13807382.0,14929922.0,1.0813,1240.12
2023,QW,Countries not specified (extra-EU),False,Extra-EU,390461,PTFE,Fluoropolymers,PFAS restriction (proposed),0.199,7690.0,8315.0,1.0813,41783.92
2023,RO,Romania,True,Intra-EU,270900,Crude oil,Oil & gas,EU Methane Regulation,135211.146,79332924.0,85782691.0,1.0813,634.44
2023,RO,Romania,True,Intra-EU,271111,LNG,Oil & gas,EU Methane Regulation,349.615,310807.0,336076.0,1.0813,961.27
2023,RO,Romania,True,Intra-EU,271121,Pipeline natural gas,Oil & gas,EU Methane Regulation,81581.114,53117575.0,57436034.0,1.0813,704.04
2023,RO,Romania,True,Intra-EU,290342,HFC-32 / HFC-41 (difluoro/fluoromethane),F-gases (HFCs),F-gas Regulation,0.102,16259.0,17581.0,1.0813,172362.75
2023,RO,Romania,True,Intra-EU,290343,HFC-125 / HFC-134 group,F-gases (HFCs),F-gas Regulation,12.524,163400.0,176684.0,1.0813,14107.63
2023,RO,Romania,True,Intra-EU,290344,HFC-143 / HFC-152 group,F-gases (HFCs),F-gas Regulation,1.65,39678.0,42904.0,1.0813,26002.42
2023,RO,Romania,True,Intra-EU,290345,HFC-227 / HFC-236 group,F-gases (HFCs),F-gas Regulation,93.149,1378994.0,1491106.0,1.0813,16007.75
2023,RO,Romania,True,Intra-EU,390461,PTFE,Fluoropolymers,PFAS restriction (proposed),44.367,1042287.0,1127025.0,1.0813,25402.33
2023,RO,Romania,True,Intra-EU,390469,Other fluoropolymers,Fluoropolymers,PFAS restriction (proposed),0.038,1832.0,1981.0,1.0813,52131.58
2023,RU,Russian Federation,False,Extra-EU,270900,Crude oil,Oil & gas,EU Methane Regulation,21254496.597,9310428510.0,10067366348.0,1.0813,473.66
2023,RU,Russian Federation,False,Extra-EU,271111,LNG,Oil & gas,EU Methane Regulation,9074833.382,8108785046.0,8768029270.0,1.0813,966.19
2023,RU,Russian Federation,False,Extra-EU,271121,Pipeline natural gas,Oil & gas,EU Methane Regulation,11430960.205,7919214412.0,8563046544.0,1.0813,749.11
2023,RU,Russian Federation,False,Extra-EU,290345,HFC-227 / HFC-236 group,F-gases (HFCs),F-gas Regulation,0.196,5818.0,6291.0,1.0813,32096.94
2023,RU,Russian Federation,False,Extra-EU,390461,PTFE,Fluoropolymers,PFAS restriction (proposed),2.504,41228.0,44580.0,1.0813,17803.51
2023,SA,Saudi Arabia,False,Extra-EU,270900,Crude oil,Oil & gas,EU Methane Regulation,35250995.087,20489461909.0,22155255162.0,1.0813,628.5
2023,SA,Saudi Arabia,False,Extra-EU,390469,Other fluoropolymers,Fluoropolymers,PFAS restriction (proposed),1.45,3966.0,4288.0,1.0813,2957.24
2023,SD,Sudan,False,Extra-EU,270900,Crude oil,Oil & gas,EU Methane Regulation,463047.566,276433427.0,298907465.0,1.0813,645.52
2023,SE,Sweden,True,Intra-EU,270900,Crude oil,Oil & gas,EU Methane Regulation,0.009,6.0,6.0,1.0813,666.67
2023,SE,Sweden,True,Intra-EU,271111,LNG,Oil & gas,EU Methane Regulation,16.672,241499.0,261133.0,1.0813,15662.97
2023,SE,Sweden,True,Intra-EU,290341,HFC-23,F-gases (HFCs),F-gas Regulation,0.028,4191.0,4532.0,1.0813,161857.14
2023,SE,Sweden,True,Intra-EU,290342,HFC-32 / HFC-41 (difluoro/fluoromethane),F-gases (HFCs),F-gas Regulation,1.268,10620.0,11483.0,1.0813,9055.99
2023,SE,Sweden,True,Intra-EU,290343,HFC-125 / HFC-134 group,F-gases (HFCs),F-gas Regulation,0.002,110.0,119.0,1.0813,59500.0
2023,SE,Sweden,True,Intra-EU,290345,HFC-227 / HFC-236 group,F-gases (HFCs),F-gas Regulation,23.126,392359.0,424258.0,1.0813,18345.5
2023,SE,Sweden,True,Intra-EU,290346,HFC-245 group,F-gases (HFCs),F-gas Regulation,0.077,297.0,321.0,1.0813,4168.83
2023,SE,Sweden,True,Intra-EU,290347,HFC-365mfc / HFC-43-10mee,F-gases (HFCs),F-gas Regulation,0.014,407.0,440.0,1.0813,31428.57
2023,SE,Sweden,True,Intra-EU,290349,Other saturated fluorinated derivatives,F-gases (HFCs),F-gas Regulation,0.136,4348.0,4701.0,1.0813,34566.18
2023,SE,Sweden,True,Intra-EU,390461,PTFE,Fluoropolymers,PFAS restriction (proposed),10.729,375405.0,405925.0,1.0813,37834.37
2023,SE,Sweden,True,Intra-EU,390469,Other fluoropolymers,Fluoropolymers,PFAS restriction (proposed),122.478,2959615.0,3200232.0,1.0813,26129.04
2023,SG,Singapore,False,Extra-EU,270900,Crude oil,Oil & gas,EU Methane Regulation,0.142,101.0,109.0,1.0813,767.61
2023,SG,Singapore,False,Extra-EU,271111,LNG,Oil & gas,EU Methane Regulation,12.691,9847.0,10648.0,1.0813,839.02
2023,SG,Singapore,False,Extra-EU,290345,HFC-227 / HFC-236 group,F-gases (HFCs),F-gas Regulation,1.452,7662.0,8285.0,1.0813,5705.92
2023,SG,Singapore,False,Extra-EU,290346,HFC-245 group,F-gases (HFCs),F-gas Regulation,1.442,14112.0,15259.0,1.0813,10581.83
2023,SG,Singapore,False,Extra-EU,390461,PTFE,Fluoropolymers,PFAS restriction (proposed),0.175,2053.0,2220.0,1.0813,12685.71
2023,SG,Singapore,False,Extra-EU,390469,Other fluoropolymers,Fluoropolymers,PFAS restriction (proposed),223.082,7037685.0,7609849.0,1.0813,34112.34
2023,SI,Slovenia,True,Intra-EU,270900,Crude oil,Oil & gas,EU Methane Regulation,135.947,84824.0,91720.0,1.0813,674.67
2023,SI,Slovenia,True,Intra-EU,271111,LNG,Oil & gas,EU Methane Regulation,98.78,15995.0,17295.0,1.0813,175.09
2023,SI,Slovenia,True,Intra-EU,271121,Pipeline natural gas,Oil & gas,EU Methane Regulation,135706.248,91720708.0,99177602.0,1.0813,730.83
2023,SI,Slovenia,True,Intra-EU,290342,HFC-32 / HFC-41 (difluoro/fluoromethane),F-gases (HFCs),F-gas Regulation,2.614,27703.0,29955.0,1.0813,11459.45
2023,SI,Slovenia,True,Intra-EU,290344,HFC-143 / HFC-152 group,F-gases (HFCs),F-gas Regulation,0.121,2651.0,2867.0,1.0813,23694.21
2023,SI,Slovenia,True,Intra-EU,290345,HFC-227 / HFC-236 group,F-gases (HFCs),F-gas Regulation,43.628,626001.0,676895.0,1.0813,15515.15
2023,SI,Slovenia,True,Intra-EU,290346,HFC-245 group,F-gases (HFCs),F-gas Regulation,0.002,86.0,93.0,1.0813,46500.0
2023,SI,Slovenia,True,Intra-EU,290349,Other saturated fluorinated derivatives,F-gases (HFCs),F-gas Regulation,333.4,288439.0,311889.0,1.0813,935.48
2023,SI,Slovenia,True,Intra-EU,390461,PTFE,Fluoropolymers,PFAS restriction (proposed),2.893,57858.0,62562.0,1.0813,21625.3
2023,SI,Slovenia,True,Intra-EU,390469,Other fluoropolymers,Fluoropolymers,PFAS restriction (proposed),0.392,15498.0,16758.0,1.0813,42750.0
2023,SK,Slovakia,True,Intra-EU,270900,Crude oil,Oil & gas,EU Methane Regulation,1490.101,872564.0,943503.0,1.0813,633.18
2023,SK,Slovakia,True,Intra-EU,271121,Pipeline natural gas,Oil & gas,EU Methane Regulation,217003.009,231473684.0,250292495.0,1.0813,1153.41
2023,SK,Slovakia,True,Intra-EU,290342,HFC-32 / HFC-41 (difluoro/fluoromethane),F-gases (HFCs),F-gas Regulation,0.019,341.0,369.0,1.0813,19421.05
2023,SK,Slovakia,True,Intra-EU,290344,HFC-143 / HFC-152 group,F-gases (HFCs),F-gas Regulation,12.847,267412.0,289153.0,1.0813,22507.43
2023,SK,Slovakia,True,Intra-EU,290345,HFC-227 / HFC-236 group,F-gases (HFCs),F-gas Regulation,59.474,1000554.0,1081899.0,1.0813,18191.13
2023,SK,Slovakia,True,Intra-EU,290346,HFC-245 group,F-gases (HFCs),F-gas Regulation,0.0,24.0,26.0,1.0813,
2023,SK,Slovakia,True,Intra-EU,290349,Other saturated fluorinated derivatives,F-gases (HFCs),F-gas Regulation,0.0,3.0,3.0,1.0813,
2023,SK,Slovakia,True,Intra-EU,390461,PTFE,Fluoropolymers,PFAS restriction (proposed),1.056,151965.0,164320.0,1.0813,155606.06
2023,SK,Slovakia,True,Intra-EU,390469,Other fluoropolymers,Fluoropolymers,PFAS restriction (proposed),1.053,40278.0,43553.0,1.0813,41360.87
2023,SL,Sierra Leone,False,Extra-EU,270900,Crude oil,Oil & gas,EU Methane Regulation,0.002,2.0,2.0,1.0813,1000.0
2023,SN,Senegal,False,Extra-EU,270900,Crude oil,Oil & gas,EU Methane Regulation,0.1,596.0,644.0,1.0813,6440.0
2023,SR,Suriname,False,Extra-EU,270900,Crude oil,Oil & gas,EU Methane Regulation,3.906,17794.0,19241.0,1.0813,4926.01
2023,SX,Sint Maarten (Dutch part),False,Extra-EU,270900,Crude oil,Oil & gas,EU Methane Regulation,1.32,804.0,869.0,1.0813,658.33
2023,SX,Sint Maarten (Dutch part),False,Extra-EU,290345,HFC-227 / HFC-236 group,F-gases (HFCs),F-gas Regulation,0.062,1550.0,1676.0,1.0813,27032.26
2023,TD,Chad,False,Extra-EU,270900,Crude oil,Oil & gas,EU Methane Regulation,2770554.721,1570035854.0,1697679769.0,1.0813,612.76
2023,TG,Togo,False,Extra-EU,270900,Crude oil,Oil & gas,EU Methane Regulation,0.017,4104.0,4438.0,1.0813,261058.82
2023,TH,Thailand,False,Extra-EU,270900,Crude oil,Oil & gas,EU Methane Regulation,0.797,783.0,847.0,1.0813,1062.74
2023,TH,Thailand,False,Extra-EU,390461,PTFE,Fluoropolymers,PFAS restriction (proposed),3.124,170913.0,184808.0,1.0813,59157.49
2023,TH,Thailand,False,Extra-EU,390469,Other fluoropolymers,Fluoropolymers,PFAS restriction (proposed),0.044,1739.0,1880.0,1.0813,42727.27
2023,TM,Turkmenistan,False,Extra-EU,270900,Crude oil,Oil & gas,EU Methane Regulation,32855.532,15124110.0,16353700.0,1.0813,497.75
2023,TM,Turkmenistan,False,Extra-EU,271121,Pipeline natural gas,Oil & gas,EU Methane Regulation,536066.911,285561310.0,308777445.0,1.0813,576.01
2023,TN,Tunisia,False,Extra-EU,270900,Crude oil,Oil & gas,EU Methane Regulation,1021368.137,580931589.0,628161327.0,1.0813,615.02
2023,TN,Tunisia,False,Extra-EU,290342,HFC-32 / HFC-41 (difluoro/fluoromethane),F-gases (HFCs),F-gas Regulation,3.36,26544.0,28702.0,1.0813,8542.26
2023,TN,Tunisia,False,Extra-EU,390461,PTFE,Fluoropolymers,PFAS restriction (proposed),9.291,5115.0,5531.0,1.0813,595.31
2023,TN,Tunisia,False,Extra-EU,390469,Other fluoropolymers,Fluoropolymers,PFAS restriction (proposed),0.012,1078.0,1166.0,1.0813,97166.67
2023,TR,Türkiye,False,Extra-EU,270900,Crude oil,Oil & gas,EU Methane Regulation,156680.46,97144903.0,105042784.0,1.0813,670.43
2023,TR,Türkiye,False,Extra-EU,271111,LNG,Oil & gas,EU Methane Regulation,60503.507,66593105.0,72007124.0,1.0813,1190.13
2023,TR,Türkiye,False,Extra-EU,271121,Pipeline natural gas,Oil & gas,EU Methane Regulation,192243.915,102994138.0,111367561.0,1.0813,579.3
2023,TR,Türkiye,False,Extra-EU,290342,HFC-32 / HFC-41 (difluoro/fluoromethane),F-gases (HFCs),F-gas Regulation,6.726,37406.0,40447.0,1.0813,6013.53
2023,TR,Türkiye,False,Extra-EU,290345,HFC-227 / HFC-236 group,F-gases (HFCs),F-gas Regulation,73.673,501779.0,542574.0,1.0813,7364.62
2023,TR,Türkiye,False,Extra-EU,290346,HFC-245 group,F-gases (HFCs),F-gas Regulation,1.715,29270.0,31650.0,1.0813,18454.81
2023,TR,Türkiye,False,Extra-EU,290347,HFC-365mfc / HFC-43-10mee,F-gases (HFCs),F-gas Regulation,5.0,9799.0,10596.0,1.0813,2119.2
2023,TR,Türkiye,False,Extra-EU,290348,HFC-134a and other saturated HFCs,F-gases (HFCs),F-gas Regulation,42.24,401280.0,433904.0,1.0813,10272.35
2023,TR,Türkiye,False,Extra-EU,290349,Other saturated fluorinated derivatives,F-gases (HFCs),F-gas Regulation,0.399,27539.0,29778.0,1.0813,74631.58
2023,TR,Türkiye,False,Extra-EU,390461,PTFE,Fluoropolymers,PFAS restriction (proposed),1079.291,6247345.0,6755254.0,1.0813,6258.97
2023,TR,Türkiye,False,Extra-EU,390469,Other fluoropolymers,Fluoropolymers,PFAS restriction (proposed),72.014,467511.0,505520.0,1.0813,7019.75
2023,TT,Trinidad and Tobago,False,Extra-EU,270900,Crude oil,Oil & gas,EU Methane Regulation,490033.1,291077174.0,314741748.0,1.0813,642.29
2023,TT,Trinidad and Tobago,False,Extra-EU,271111,LNG,Oil & gas,EU Methane Regulation,1301806.147,1095475500.0,1184537658.0,1.0813,909.92
2023,TW,Taiwan,False,Extra-EU,270900,Crude oil,Oil & gas,EU Methane Regulation,0.001,1.0,1.0,1.0813,1000.0
2023,TW,Taiwan,False,Extra-EU,290349,Other saturated fluorinated derivatives,F-gases (HFCs),F-gas Regulation,0.037,1128.0,1220.0,1.0813,32972.97
2023,TW,Taiwan,False,Extra-EU,390461,PTFE,Fluoropolymers,PFAS restriction (proposed),42.372,96018.0,103824.0,1.0813,2450.3
2023,TW,Taiwan,False,Extra-EU,390469,Other fluoropolymers,Fluoropolymers,PFAS restriction (proposed),0.112,45422.0,49115.0,1.0813,438526.79
2023,UA,Ukraine,False,Extra-EU,270900,Crude oil,Oil & gas,EU Methane Regulation,667.361,361045.0,390398.0,1.0813,584.99
2023,UA,Ukraine,False,Extra-EU,271121,Pipeline natural gas,Oil & gas,EU Methane Regulation,33324.226,34654082.0,37471459.0,1.0813,1124.45
2023,UA,Ukraine,False,Extra-EU,390469,Other fluoropolymers,Fluoropolymers,PFAS restriction (proposed),0.001,2.0,2.0,1.0813,2000.0
2023,US,United States,False,Extra-EU,270900,Crude oil,Oil & gas,EU Methane Regulation,67775378.336,42542405374.0,46001102931.0,1.0813,678.73
2023,US,United States,False,Extra-EU,271111,LNG,Oil & gas,EU Methane Regulation,26215295.869,27101132895.0,29304454999.0,1.0813,1117.84
2023,US,United States,False,Extra-EU,271121,Pipeline natural gas,Oil & gas,EU Methane Regulation,71352.104,99616923.0,107715779.0,1.0813,1509.64
2023,US,United States,False,Extra-EU,290341,HFC-23,F-gases (HFCs),F-gas Regulation,23.597,545425.0,589768.0,1.0813,24993.35
2023,US,United States,False,Extra-EU,290342,HFC-32 / HFC-41 (difluoro/fluoromethane),F-gases (HFCs),F-gas Regulation,399.873,1450307.0,1568217.0,1.0813,3921.79
2023,US,United States,False,Extra-EU,290343,HFC-125 / HFC-134 group,F-gases (HFCs),F-gas Regulation,142.723,1201025.0,1298668.0,1.0813,9099.22
2023,US,United States,False,Extra-EU,290344,HFC-143 / HFC-152 group,F-gases (HFCs),F-gas Regulation,295.709,1287683.0,1392372.0,1.0813,4708.59
2023,US,United States,False,Extra-EU,290345,HFC-227 / HFC-236 group,F-gases (HFCs),F-gas Regulation,2957.463,17318727.0,18726740.0,1.0813,6332.03
2023,US,United States,False,Extra-EU,290346,HFC-245 group,F-gases (HFCs),F-gas Regulation,75.611,2370683.0,2563420.0,1.0813,33902.74
2023,US,United States,False,Extra-EU,290347,HFC-365mfc / HFC-43-10mee,F-gases (HFCs),F-gas Regulation,33.14,184840.0,199867.0,1.0813,6030.99
2023,US,United States,False,Extra-EU,290349,Other saturated fluorinated derivatives,F-gases (HFCs),F-gas Regulation,58.108,2441659.0,2640166.0,1.0813,45435.5
2023,US,United States,False,Extra-EU,390461,PTFE,Fluoropolymers,PFAS restriction (proposed),1979.143,43379862.0,46906645.0,1.0813,23700.48
2023,US,United States,False,Extra-EU,390469,Other fluoropolymers,Fluoropolymers,PFAS restriction (proposed),5106.722,139866698.0,151237861.0,1.0813,29615.45
2023,UZ,Uzbekistan,False,Extra-EU,270900,Crude oil,Oil & gas,EU Methane Regulation,0.005,2096.0,2266.0,1.0813,453200.0
2023,VE,Venezuela,False,Extra-EU,270900,Crude oil,Oil & gas,EU Methane Regulation,1408358.031,555088551.0,600217250.0,1.0813,426.18
2023,VI,"Virgin Islands, U.S.",False,Extra-EU,270900,Crude oil,Oil & gas,EU Methane Regulation,40057.504,26846025.0,29028607.0,1.0813,724.67
2023,VN,Vietnam,False,Extra-EU,270900,Crude oil,Oil & gas,EU Methane Regulation,1.007,687.0,743.0,1.0813,737.84
2023,VN,Vietnam,False,Extra-EU,390461,PTFE,Fluoropolymers,PFAS restriction (proposed),0.007,113.0,122.0,1.0813,17428.57
2023,XS,Serbia,False,Extra-EU,271121,Pipeline natural gas,Oil & gas,EU Methane Regulation,170555.954,109778631.0,118703634.0,1.0813,695.98
2023,XS,Serbia,False,Extra-EU,290345,HFC-227 / HFC-236 group,F-gases (HFCs),F-gas Regulation,3.24,17150.0,18544.0,1.0813,5723.46
2023,XS,Serbia,False,Extra-EU,390469,Other fluoropolymers,Fluoropolymers,PFAS restriction (proposed),0.04,2743.0,2966.0,1.0813,74150.0
2023,ZA,South Africa,False,Extra-EU,270900,Crude oil,Oil & gas,EU Methane Regulation,1.021,3582.0,3873.0,1.0813,3793.34
2024,AE,United Arab Emirates,False,Extra-EU,270900,Crude oil,Oil & gas,EU Methane Regulation,1864841.344,1109332462.0,1200741457.0,1.0824,643.88
2024,AE,United Arab Emirates,False,Extra-EU,290343,HFC-125 / HFC-134 group,F-gases (HFCs),F-gas Regulation,18.54,120299.0,130212.0,1.0824,7023.3
2024,AE,United Arab Emirates,False,Extra-EU,390461,PTFE,Fluoropolymers,PFAS restriction (proposed),0.001,19.0,21.0,1.0824,21000.0
2024,AL,Albania,False,Extra-EU,270900,Crude oil,Oil & gas,EU Methane Regulation,246515.106,102644024.0,111101892.0,1.0824,450.69
2024,AO,Angola,False,Extra-EU,270900,Crude oil,Oil & gas,EU Methane Regulation,9095756.798,5069619160.0,5487355779.0,1.0824,603.29
2024,AO,Angola,False,Extra-EU,271111,LNG,Oil & gas,EU Methane Regulation,541552.488,374509516.0,405369100.0,1.0824,748.53
2024,AR,Argentina,False,Extra-EU,270900,Crude oil,Oil & gas,EU Methane Regulation,283592.822,123951624.0,134165238.0,1.0824,473.09
2024,AT,Austria,True,Intra-EU,270900,Crude oil,Oil & gas,EU Methane Regulation,2549.137,3057046.0,3308947.0,1.0824,1298.07
2024,AT,Austria,True,Intra-EU,271111,LNG,Oil & gas,EU Methane Regulation,40921.739,19703365.0,21326922.0,1.0824,521.16
2024,AT,Austria,True,Intra-EU,271121,Pipeline natural gas,Oil & gas,EU Methane Regulation,523602.542,316584271.0,342670815.0,1.0824,654.45
2024,AT,Austria,True,Intra-EU,290342,HFC-32 / HFC-41 (difluoro/fluoromethane),F-gases (HFCs),F-gas Regulation,34.007,274622.0,297251.0,1.0824,8740.88
2024,AT,Austria,True,Intra-EU,290344,HFC-143 / HFC-152 group,F-gases (HFCs),F-gas Regulation,7.411,11237.0,12163.0,1.0824,1641.21
2024,AT,Austria,True,Intra-EU,290345,HFC-227 / HFC-236 group,F-gases (HFCs),F-gas Regulation,218.024,5386041.0,5829851.0,1.0824,26739.49
2024,AT,Austria,True,Intra-EU,290346,HFC-245 group,F-gases (HFCs),F-gas Regulation,0.036,867.0,938.0,1.0824,26055.56
2024,AT,Austria,True,Intra-EU,290348,HFC-134a and other saturated HFCs,F-gases (HFCs),F-gas Regulation,18.579,24985.0,27044.0,1.0824,1455.62
2024,AT,Austria,True,Intra-EU,290349,Other saturated fluorinated derivatives,F-gases (HFCs),F-gas Regulation,285.719,406314.0,439794.0,1.0824,1539.25
2024,AT,Austria,True,Intra-EU,390461,PTFE,Fluoropolymers,PFAS restriction (proposed),72.725,972688.0,1052837.0,1.0824,14476.96
2024,AT,Austria,True,Intra-EU,390469,Other fluoropolymers,Fluoropolymers,PFAS restriction (proposed),159.459,2748809.0,2975311.0,1.0824,18658.78
2024,AU,Australia,False,Extra-EU,270900,Crude oil,Oil & gas,EU Methane Regulation,49409.253,29743708.0,32194590.0,1.0824,651.59
2024,AU,Australia,False,Extra-EU,390461,PTFE,Fluoropolymers,PFAS restriction (proposed),0.128,14194.0,15364.0,1.0824,120031.25
2024,AU,Australia,False,Extra-EU,390469,Other fluoropolymers,Fluoropolymers,PFAS restriction (proposed),0.021,338.0,366.0,1.0824,17428.57
2024,AW,Aruba,False,Extra-EU,270900,Crude oil,Oil & gas,EU Methane Regulation,0.127,75.0,81.0,1.0824,637.8
2024,AZ,Azerbaijan,False,Extra-EU,270900,Crude oil,Oil & gas,EU Methane Regulation,18446873.454,11003461446.0,11910146669.0,1.0824,645.65
2024,AZ,Azerbaijan,False,Extra-EU,271121,Pipeline natural gas,Oil & gas,EU Methane Regulation,8818169.315,4348424073.0,4706734217.0,1.0824,533.75
2024,BA,Bosnia and Herzegovina,False,Extra-EU,271121,Pipeline natural gas,Oil & gas,EU Methane Regulation,88.512,194487.0,210513.0,1.0824,2378.36
2024,BA,Bosnia and Herzegovina,False,Extra-EU,390461,PTFE,Fluoropolymers,PFAS restriction (proposed),0.048,935.0,1012.0,1.0824,21083.33
2024,BB,Barbados,False,Extra-EU,270900,Crude oil,Oil & gas,EU Methane Regulation,0.018,92.0,100.0,1.0824,5555.56
2024,BE,Belgium,True,Intra-EU,270900,Crude oil,Oil & gas,EU Methane Regulation,1344333.31,838119125.0,907180141.0,1.0824,674.82
2024,BE,Belgium,True,Intra-EU,271111,LNG,Oil & gas,EU Methane Regulation,41590.438,47915962.0,51864237.0,1.0824,1247.02
2024,BE,Belgium,True,Intra-EU,271121,Pipeline natural gas,Oil & gas,EU Methane Regulation,0.0,13206333093.0,14294534940.0,1.0824,
2024,BE,Belgium,True,Intra-EU,290341,HFC-23,F-gases (HFCs),F-gas Regulation,0.067,6567.0,7108.0,1.0824,106089.55
2024,BE,Belgium,True,Intra-EU,290342,HFC-32 / HFC-41 (difluoro/fluoromethane),F-gases (HFCs),F-gas Regulation,38.867,366225.0,396402.0,1.0824,10198.93
2024,BE,Belgium,True,Intra-EU,290343,HFC-125 / HFC-134 group,F-gases (HFCs),F-gas Regulation,145.98,1993347.0,2157599.0,1.0824,14780.1
2024,BE,Belgium,True,Intra-EU,290344,HFC-143 / HFC-152 group,F-gases (HFCs),F-gas Regulation,5.163,34443.0,37281.0,1.0824,7220.8
2024,BE,Belgium,True,Intra-EU,290345,HFC-227 / HFC-236 group,F-gases (HFCs),F-gas Regulation,1533.506,14218999.0,15390645.0,1.0824,10036.25
2024,BE,Belgium,True,Intra-EU,290346,HFC-245 group,F-gases (HFCs),F-gas Regulation,351.67,47213154.0,51103518.0,1.0824,145316.68
2024,BE,Belgium,True,Intra-EU,290347,HFC-365mfc / HFC-43-10mee,F-gases (HFCs),F-gas Regulation,0.23,9155.0,9909.0,1.0824,43082.61
2024,BE,Belgium,True,Intra-EU,290349,Other saturated fluorinated derivatives,F-gases (HFCs),F-gas Regulation,54.161,866603.0,938011.0,1.0824,17318.94
2024,BE,Belgium,True,Intra-EU,390461,PTFE,Fluoropolymers,PFAS restriction (proposed),1987.397,30715920.0,33246912.0,1.0824,16728.87
2024,BE,Belgium,True,Intra-EU,390469,Other fluoropolymers,Fluoropolymers,PFAS restriction (proposed),2007.146,62427666.0,67571706.0,1.0824,33665.57
2024,BG,Bulgaria,True,Intra-EU,271111,LNG,Oil & gas,EU Methane Regulation,10422.419,6182897.0,6692368.0,1.0824,642.11
2024,BG,Bulgaria,True,Intra-EU,271121,Pipeline natural gas,Oil & gas,EU Methane Regulation,1715472.951,810663445.0,877462113.0,1.0824,511.5
2024,BG,Bulgaria,True,Intra-EU,290342,HFC-32 / HFC-41 (difluoro/fluoromethane),F-gases (HFCs),F-gas Regulation,18.74,227846.0,246621.0,1.0824,13160.14
2024,BG,Bulgaria,True,Intra-EU,290344,HFC-143 / HFC-152 group,F-gases (HFCs),F-gas Regulation,0.001,4.0,4.0,1.0824,4000.0
2024,BG,Bulgaria,True,Intra-EU,290345,HFC-227 / HFC-236 group,F-gases (HFCs),F-gas Regulation,112.43,2135734.0,2311718.0,1.0824,20561.4
2024,BG,Bulgaria,True,Intra-EU,290346,HFC-245 group,F-gases (HFCs),F-gas Regulation,0.001,19.0,21.0,1.0824,21000.0
2024,BG,Bulgaria,True,Intra-EU,290349,Other saturated fluorinated derivatives,F-gases (HFCs),F-gas Regulation,0.0,32.0,35.0,1.0824,
2024,BG,Bulgaria,True,Intra-EU,390461,PTFE,Fluoropolymers,PFAS restriction (proposed),0.0,9.0,10.0,1.0824,
2024,BG,Bulgaria,True,Intra-EU,390469,Other fluoropolymers,Fluoropolymers,PFAS restriction (proposed),1.128,22578.0,24438.0,1.0824,21664.89
2024,BH,Bahrain,False,Extra-EU,270900,Crude oil,Oil & gas,EU Methane Regulation,0.016,467.0,505.0,1.0824,31562.5
2024,BN,Brunei Darussalam,False,Extra-EU,270900,Crude oil,Oil & gas,EU Methane Regulation,0.353,210.0,227.0,1.0824,643.06
2024,BR,Brazil,False,Extra-EU,270900,Crude oil,Oil & gas,EU Methane Regulation,22432880.535,11866803696.0,12844628321.0,1.0824,572.58
2024,BR,Brazil,False,Extra-EU,271111,LNG,Oil & gas,EU Methane Regulation,0.0,658.0,712.0,1.0824,
2024,BR,Brazil,False,Extra-EU,390461,PTFE,Fluoropolymers,PFAS restriction (proposed),0.062,1312.0,1420.0,1.0824,22903.23
2024,BR,Brazil,False,Extra-EU,390469,Other fluoropolymers,Fluoropolymers,PFAS restriction (proposed),82.57,525984.0,569325.0,1.0824,6895.06
2024,CA,Canada,False,Extra-EU,270900,Crude oil,Oil & gas,EU Methane Regulation,4749276.071,2407581625.0,2605966351.0,1.0824,548.71
2024,CA,Canada,False,Extra-EU,390461,PTFE,Fluoropolymers,PFAS restriction (proposed),1.629,72245.0,78198.0,1.0824,48003.68
2024,CA,Canada,False,Extra-EU,390469,Other fluoropolymers,Fluoropolymers,PFAS restriction (proposed),0.001,137.0,148.0,1.0824,148000.0
2024,CD,"Congo, The Democratic Republic of the",False,Extra-EU,270900,Crude oil,Oil & gas,EU Methane Regulation,89916.344,57309664.0,62031980.0,1.0824,689.89
2024,CG,Congo,False,Extra-EU,270900,Crude oil,Oil & gas,EU Methane Regulation,2096240.564,1172505004.0,1269119416.0,1.0824,605.43
2024,CG,Congo,False,Extra-EU,271111,LNG,Oil & gas,EU Methane Regulation,195068.083,106723646.0,115517674.0,1.0824,592.19
2024,CH,Switzerland,False,Extra-EU,270900,Crude oil,Oil & gas,EU Methane Regulation,0.124,1305.0,1413.0,1.0824,11395.16
2024,CH,Switzerland,False,Extra-EU,271121,Pipeline natural gas,Oil & gas,EU Methane Regulation,0.0,40759627.0,44118220.0,1.0824,
2024,CH,Switzerland,False,Extra-EU,290345,HFC-227 / HFC-236 group,F-gases (HFCs),F-gas Regulation,0.723,15646.0,16935.0,1.0824,23423.24
2024,CH,Switzerland,False,Extra-EU,390461,PTFE,Fluoropolymers,PFAS restriction (proposed),153.915,1937971.0,2097660.0,1.0824,13628.69
2024,CH,Switzerland,False,Extra-EU,390469,Other fluoropolymers,Fluoropolymers,PFAS restriction (proposed),208.469,4333408.0,4690481.0,1.0824,22499.66
2024,CI,Côte d'Ivoire,False,Extra-EU,270900,Crude oil,Oil & gas,EU Methane Regulation,1479964.941,834381258.0,903134274.0,1.0824,610.24
2024,CL,Chile,False,Extra-EU,270900,Crude oil,Oil & gas,EU Methane Regulation,0.018,123.0,133.0,1.0824,7388.89
2024,CM,Cameroon,False,Extra-EU,270900,Crude oil,Oil & gas,EU Methane Regulation,1675943.783,914074609.0,989394357.0,1.0824,590.35
2024,CN,China,False,Extra-EU,270900,Crude oil,Oil & gas,EU Methane Regulation,0.157,365.0,395.0,1.0824,2515.92
2024,CN,China,False,Extra-EU,290341,HFC-23,F-gases (HFCs),F-gas Regulation,36.434,322838.0,349440.0,1.0824,9591.04
2024,CN,China,False,Extra-EU,290342,HFC-32 / HFC-41 (difluoro/fluoromethane),F-gases (HFCs),F-gas Regulation,7987.769,20429436.0,22112822.0,1.0824,2768.34
2024,CN,China,False,Extra-EU,290343,HFC-125 / HFC-134 group,F-gases (HFCs),F-gas Regulation,1995.983,7703989.0,8338798.0,1.0824,4177.79
2024,CN,China,False,Extra-EU,290344,HFC-143 / HFC-152 group,F-gases (HFCs),F-gas Regulation,4572.32,14627482.0,15832787.0,1.0824,3462.75
2024,CN,China,False,Extra-EU,290345,HFC-227 / HFC-236 group,F-gases (HFCs),F-gas Regulation,12781.215,47400200.0,51305976.0,1.0824,4014.17
2024,CN,China,False,Extra-EU,290346,HFC-245 group,F-gases (HFCs),F-gas Regulation,431.801,3417504.0,3699106.0,1.0824,8566.69
2024,CN,China,False,Extra-EU,290347,HFC-365mfc / HFC-43-10mee,F-gases (HFCs),F-gas Regulation,3.029,85026.0,92032.0,1.0824,30383.62
2024,CN,China,False,Extra-EU,290348,HFC-134a and other saturated HFCs,F-gases (HFCs),F-gas Regulation,0.276,7984.0,8642.0,1.0824,31311.59
2024,CN,China,False,Extra-EU,290349,Other saturated fluorinated derivatives,F-gases (HFCs),F-gas Regulation,237.78,3711525.0,4017355.0,1.0824,16895.26
2024,CN,China,False,Extra-EU,390461,PTFE,Fluoropolymers,PFAS restriction (proposed),8479.454,64491332.0,69805418.0,1.0824,8232.3
2024,CN,China,False,Extra-EU,390469,Other fluoropolymers,Fluoropolymers,PFAS restriction (proposed),7140.337,98672732.0,106803365.0,1.0824,14957.75
2024,CO,Colombia,False,Extra-EU,270900,Crude oil,Oil & gas,EU Methane Regulation,635895.142,284383979.0,307817219.0,1.0824,484.07
2024,CW,Curaçao,False,Extra-EU,270900,Crude oil,Oil & gas,EU Methane Regulation,0.597,358.0,387.0,1.0824,648.24
2024,CY,Cyprus,True,Intra-EU,270900,Crude oil,Oil & gas,EU Methane Regulation,64215.149,31959023.0,34592446.0,1.0824,538.7
2024,CY,Cyprus,True,Intra-EU,271111,LNG,Oil & gas,EU Methane Regulation,219.187,146974.0,159085.0,1.0824,725.8
2024,CY,Cyprus,True,Intra-EU,271121,Pipeline natural gas,Oil & gas,EU Methane Regulation,6812.852,2895750.0,3134360.0,1.0824,460.07
2024,CY,Cyprus,True,Intra-EU,290342,HFC-32 / HFC-41 (difluoro/fluoromethane),F-gases (HFCs),F-gas Regulation,0.0,1.0,1.0,1.0824,
2024,CY,Cyprus,True,Intra-EU,290345,HFC-227 / HFC-236 group,F-gases (HFCs),F-gas Regulation,0.0,30.0,32.0,1.0824,
2024,CY,Cyprus,True,Intra-EU,390461,PTFE,Fluoropolymers,PFAS restriction (proposed),0.0,2.0,2.0,1.0824,
2024,CZ,Czechia,True,Intra-EU,270900,Crude oil,Oil & gas,EU Methane Regulation,8.23,44546.0,48217.0,1.0824,5858.69
2024,CZ,Czechia,True,Intra-EU,271111,LNG,Oil & gas,EU Methane Regulation,29935.659,12522846.0,13554729.0,1.0824,452.8
2024,CZ,Czechia,True,Intra-EU,271121,Pipeline natural gas,Oil & gas,EU Methane Regulation,21731.293,11937994.0,12921685.0,1.0824,594.61
2024,CZ,Czechia,True,Intra-EU,290341,HFC-23,F-gases (HFCs),F-gas Regulation,1.733,62130.0,67250.0,1.0824,38805.54
2024,CZ,Czechia,True,Intra-EU,290342,HFC-32 / HFC-41 (difluoro/fluoromethane),F-gases (HFCs),F-gas Regulation,65.506,770337.0,833813.0,1.0824,12728.8
2024,CZ,Czechia,True,Intra-EU,290343,HFC-125 / HFC-134 group,F-gases (HFCs),F-gas Regulation,0.368,6071.0,6571.0,1.0824,17855.98
2024,CZ,Czechia,True,Intra-EU,290344,HFC-143 / HFC-152 group,F-gases (HFCs),F-gas Regulation,72.702,1819078.0,1968970.0,1.0824,27082.75
2024,CZ,Czechia,True,Intra-EU,290345,HFC-227 / HFC-236 group,F-gases (HFCs),F-gas Regulation,1000.306,19504232.0,21111381.0,1.0824,21104.92
2024,CZ,Czechia,True,Intra-EU,290346,HFC-245 group,F-gases (HFCs),F-gas Regulation,0.014,739.0,800.0,1.0824,57142.86
2024,CZ,Czechia,True,Intra-EU,290349,Other saturated fluorinated derivatives,F-gases (HFCs),F-gas Regulation,3.258,111130.0,120287.0,1.0824,36920.5
2024,CZ,Czechia,True,Intra-EU,390461,PTFE,Fluoropolymers,PFAS restriction (proposed),26.885,203355.0,220111.0,1.0824,8187.13
2024,CZ,Czechia,True,Intra-EU,390469,Other fluoropolymers,Fluoropolymers,PFAS restriction (proposed),65.976,1097773.0,1188229.0,1.0824,18010.02
2024,DE,Germany,True,Intra-EU,270900,Crude oil,Oil & gas,EU Methane Regulation,316720.649,171828091.0,185986726.0,1.0824,587.23
2024,DE,Germany,True,Intra-EU,271111,LNG,Oil & gas,EU Methane Regulation,180230.151,84911336.0,91908030.0,1.0824,509.95
2024,DE,Germany,True,Intra-EU,271121,Pipeline natural gas,Oil & gas,EU Methane Regulation,901003.468,536105257.0,580280330.0,1.0824,644.04
2024,DE,Germany,True,Intra-EU,290341,HFC-23,F-gases (HFCs),F-gas Regulation,4.049,199988.0,216467.0,1.0824,53461.84
2024,DE,Germany,True,Intra-EU,290342,HFC-32 / HFC-41 (difluoro/fluoromethane),F-gases (HFCs),F-gas Regulation,295.629,3701806.0,4006835.0,1.0824,13553.59
2024,DE,Germany,True,Intra-EU,290343,HFC-125 / HFC-134 group,F-gases (HFCs),F-gas Regulation,1.063,46077.0,49874.0,1.0824,46918.16
2024,DE,Germany,True,Intra-EU,290344,HFC-143 / HFC-152 group,F-gases (HFCs),F-gas Regulation,184.999,4864300.0,5265118.0,1.0824,28460.25
2024,DE,Germany,True,Intra-EU,290345,HFC-227 / HFC-236 group,F-gases (HFCs),F-gas Regulation,731.875,16058992.0,17382253.0,1.0824,23750.3
2024,DE,Germany,True,Intra-EU,290346,HFC-245 group,F-gases (HFCs),F-gas Regulation,143.995,12101240.0,13098382.0,1.0824,90964.14
2024,DE,Germany,True,Intra-EU,290347,HFC-365mfc / HFC-43-10mee,F-gases (HFCs),F-gas Regulation,0.38,8860.0,9590.0,1.0824,25236.84
2024,DE,Germany,True,Intra-EU,290348,HFC-134a and other saturated HFCs,F-gases (HFCs),F-gas Regulation,0.001,141.0,153.0,1.0824,153000.0
2024,DE,Germany,True,Intra-EU,290349,Other saturated fluorinated derivatives,F-gases (HFCs),F-gas Regulation,389.541,8163152.0,8835796.0,1.0824,22682.58
2024,DE,Germany,True,Intra-EU,390461,PTFE,Fluoropolymers,PFAS restriction (proposed),4381.302,67278897.0,72822678.0,1.0824,16621.24
2024,DE,Germany,True,Intra-EU,390469,Other fluoropolymers,Fluoropolymers,PFAS restriction (proposed),2276.493,52254509.0,56560281.0,1.0824,24845.36
2024,DK,Denmark,True,Intra-EU,270900,Crude oil,Oil & gas,EU Methane Regulation,873763.472,549140514.0,594389692.0,1.0824,680.26
2024,DK,Denmark,True,Intra-EU,271111,LNG,Oil & gas,EU Methane Regulation,11779.719,6613147.0,7158070.0,1.0824,607.66
2024,DK,Denmark,True,Intra-EU,271121,Pipeline natural gas,Oil & gas,EU Methane Regulation,279449.215,159181162.0,172297690.0,1.0824,616.56
2024,DK,Denmark,True,Intra-EU,290342,HFC-32 / HFC-41 (difluoro/fluoromethane),F-gases (HFCs),F-gas Regulation,0.136,4803.0,5199.0,1.0824,38227.94
2024,DK,Denmark,True,Intra-EU,290345,HFC-227 / HFC-236 group,F-gases (HFCs),F-gas Regulation,22.095,231769.0,250867.0,1.0824,11354.02
2024,DK,Denmark,True,Intra-EU,290349,Other saturated fluorinated derivatives,F-gases (HFCs),F-gas Regulation,0.228,45720.0,49487.0,1.0824,217048.25
2024,DK,Denmark,True,Intra-EU,390461,PTFE,Fluoropolymers,PFAS restriction (proposed),21.747,90456.0,97910.0,1.0824,4502.23
2024,DK,Denmark,True,Intra-EU,390469,Other fluoropolymers,Fluoropolymers,PFAS restriction (proposed),3.196,46085.0,49882.0,1.0824,15607.63
2024,DZ,Algeria,False,Extra-EU,270900,Crude oil,Oil & gas,EU Methane Regulation,14948849.312,9053686820.0,9799710614.0,1.0824,655.55
2024,DZ,Algeria,False,Extra-EU,271111,LNG,Oil & gas,EU Methane Regulation,4027930.903,4444929157.0,4811191320.0,1.0824,1194.46
2024,DZ,Algeria,False,Extra-EU,271121,Pipeline natural gas,Oil & gas,EU Methane Regulation,20971514.278,11466106673.0,12410913863.0,1.0824,591.8
2024,EC,Ecuador,False,Extra-EU,390461,PTFE,Fluoropolymers,PFAS restriction (proposed),3.4,5048.0,5464.0,1.0824,1607.06
2024,EE,Estonia,True,Intra-EU,270900,Crude oil,Oil & gas,EU Methane Regulation,0.162,220.0,238.0,1.0824,1469.14
2024,EE,Estonia,True,Intra-EU,271111,LNG,Oil & gas,EU Methane Regulation,3616.289,2395541.0,2592934.0,1.0824,717.02
2024,EE,Estonia,True,Intra-EU,271121,Pipeline natural gas,Oil & gas,EU Methane Regulation,2607.539,57685205.0,62438466.0,1.0824,23945.36
2024,EE,Estonia,True,Intra-EU,290342,HFC-32 / HFC-41 (difluoro/fluoromethane),F-gases (HFCs),F-gas Regulation,44.692,339725.0,367718.0,1.0824,8227.83
2024,EE,Estonia,True,Intra-EU,290344,HFC-143 / HFC-152 group,F-gases (HFCs),F-gas Regulation,123.383,2559212.0,2770091.0,1.0824,22451.16
2024,EE,Estonia,True,Intra-EU,290345,HFC-227 / HFC-236 group,F-gases (HFCs),F-gas Regulation,313.011,7336399.0,7940918.0,1.0824,25369.45
2024,EE,Estonia,True,Intra-EU,290346,HFC-245 group,F-gases (HFCs),F-gas Regulation,0.04,1680.0,1818.0,1.0824,45450.0
2024,EE,Estonia,True,Intra-EU,390461,PTFE,Fluoropolymers,PFAS restriction (proposed),0.251,4532.0,4905.0,1.0824,19541.83
2024,EE,Estonia,True,Intra-EU,390469,Other fluoropolymers,Fluoropolymers,PFAS restriction (proposed),2.269,45397.0,49138.0,1.0824,21656.24
2024,EG,Egypt,False,Extra-EU,270900,Crude oil,Oil & gas,EU Methane Regulation,1663914.673,937065424.0,1014279615.0,1.0824,609.57
2024,EG,Egypt,False,Extra-EU,271111,LNG,Oil & gas,EU Methane Regulation,325207.816,189787877.0,205426398.0,1.0824,631.68
2024,EG,Egypt,False,Extra-EU,271121,Pipeline natural gas,Oil & gas,EU Methane Regulation,31979.638,18969220.0,20532284.0,1.0824,642.04
2024,ES,Spain,True,Intra-EU,270900,Crude oil,Oil & gas,EU Methane Regulation,46525.545,35238902.0,38142588.0,1.0824,819.82
2024,ES,Spain,True,Intra-EU,271111,LNG,Oil & gas,EU Methane Regulation,52987.995,43885172.0,47501310.0,1.0824,896.45
2024,ES,Spain,True,Intra-EU,271121,Pipeline natural gas,Oil & gas,EU Methane Regulation,308456.849,343306697.0,371595169.0,1.0824,1204.69
2024,ES,Spain,True,Intra-EU,290341,HFC-23,F-gases (HFCs),F-gas Regulation,14.322,430848.0,466350.0,1.0824,32561.79
2024,ES,Spain,True,Intra-EU,290342,HFC-32 / HFC-41 (difluoro/fluoromethane),F-gases (HFCs),F-gas Regulation,59.666,519643.0,562462.0,1.0824,9426.84
2024,ES,Spain,True,Intra-EU,290343,HFC-125 / HFC-134 group,F-gases (HFCs),F-gas Regulation,373.487,2051280.0,2220305.0,1.0824,5944.8
2024,ES,Spain,True,Intra-EU,290344,HFC-143 / HFC-152 group,F-gases (HFCs),F-gas Regulation,25.086,19870.0,21507.0,1.0824,857.33
2024,ES,Spain,True,Intra-EU,290345,HFC-227 / HFC-236 group,F-gases (HFCs),F-gas Regulation,197.596,5048185.0,5464155.0,1.0824,27653.17
2024,ES,Spain,True,Intra-EU,290346,HFC-245 group,F-gases (HFCs),F-gas Regulation,0.202,3697.0,4002.0,1.0824,19811.88
2024,ES,Spain,True,Intra-EU,290349,Other saturated fluorinated derivatives,F-gases (HFCs),F-gas Regulation,37.585,60163.0,65120.0,1.0824,1732.61
2024,ES,Spain,True,Intra-EU,390461,PTFE,Fluoropolymers,PFAS restriction (proposed),36.058,715709.0,774683.0,1.0824,21484.36
2024,ES,Spain,True,Intra-EU,390469,Other fluoropolymers,Fluoropolymers,PFAS restriction (proposed),53.859,542366.0,587057.0,1.0824,10899.89
2024,FI,Finland,True,Intra-EU,271111,LNG,Oil & gas,EU Methane Regulation,189071.982,97207802.0,105217725.0,1.0824,556.5
2024,FI,Finland,True,Intra-EU,271121,Pipeline natural gas,Oil & gas,EU Methane Regulation,791629.299,379152581.0,410394754.0,1.0824,518.42
2024,FI,Finland,True,Intra-EU,290341,HFC-23,F-gases (HFCs),F-gas Regulation,0.03,6510.0,7046.0,1.0824,234866.67
2024,FI,Finland,True,Intra-EU,290342,HFC-32 / HFC-41 (difluoro/fluoromethane),F-gases (HFCs),F-gas Regulation,35.766,500491.0,541731.0,1.0824,15146.54
2024,FI,Finland,True,Intra-EU,290343,HFC-125 / HFC-134 group,F-gases (HFCs),F-gas Regulation,0.133,1156.0,1251.0,1.0824,9406.02
2024,FI,Finland,True,Intra-EU,290344,HFC-143 / HFC-152 group,F-gases (HFCs),F-gas Regulation,105.905,2772207.0,3000637.0,1.0824,28333.29
2024,FI,Finland,True,Intra-EU,290345,HFC-227 / HFC-236 group,F-gases (HFCs),F-gas Regulation,138.136,2875826.0,3112794.0,1.0824,22534.27
2024,FI,Finland,True,Intra-EU,290346,HFC-245 group,F-gases (HFCs),F-gas Regulation,0.0,20.0,22.0,1.0824,
2024,FI,Finland,True,Intra-EU,290348,HFC-134a and other saturated HFCs,F-gases (HFCs),F-gas Regulation,0.002,27.0,29.0,1.0824,14500.0
2024,FI,Finland,True,Intra-EU,290349,Other saturated fluorinated derivatives,F-gases (HFCs),F-gas Regulation,12.657,295842.0,320219.0,1.0824,25299.76
2024,FI,Finland,True,Intra-EU,390461,PTFE,Fluoropolymers,PFAS restriction (proposed),7.673,259075.0,280423.0,1.0824,36546.72
2024,FI,Finland,True,Intra-EU,390469,Other fluoropolymers,Fluoropolymers,PFAS restriction (proposed),41.842,3438796.0,3722153.0,1.0824,88957.34
2024,FR,France,True,Intra-EU,270900,Crude oil,Oil & gas,EU Methane Regulation,163976.675,121684944.0,131711783.0,1.0824,803.23
2024,FR,France,True,Intra-EU,271111,LNG,Oil & gas,EU Methane Regulation,46363.875,26175673.0,28332548.0,1.0824,611.09
2024,FR,France,True,Intra-EU,271121,Pipeline natural gas,Oil & gas,EU Methane Regulation,4342210.5,2123751280.0,2298748385.0,1.0824,529.4
2024,FR,France,True,Intra-EU,290341,HFC-23,F-gases (HFCs),F-gas Regulation,7.571,443596.0,480148.0,1.0824,63419.36
2024,FR,France,True,Intra-EU,290342,HFC-32 / HFC-41 (difluoro/fluoromethane),F-gases (HFCs),F-gas Regulation,190.768,777602.0,841676.0,1.0824,4412.04
2024,FR,France,True,Intra-EU,290343,HFC-125 / HFC-134 group,F-gases (HFCs),F-gas Regulation,1.111,51020.0,55224.0,1.0824,49706.57
2024,FR,France,True,Intra-EU,290344,HFC-143 / HFC-152 group,F-gases (HFCs),F-gas Regulation,5.922,304450.0,329537.0,1.0824,55646.23
2024,FR,France,True,Intra-EU,290345,HFC-227 / HFC-236 group,F-gases (HFCs),F-gas Regulation,730.527,16222832.0,17559593.0,1.0824,24036.88
2024,FR,France,True,Intra-EU,290346,HFC-245 group,F-gases (HFCs),F-gas Regulation,10.775,198520.0,214878.0,1.0824,19942.27
2024,FR,France,True,Intra-EU,290347,HFC-365mfc / HFC-43-10mee,F-gases (HFCs),F-gas Regulation,0.113,647.0,700.0,1.0824,6194.69
2024,FR,France,True,Intra-EU,290348,HFC-134a and other saturated HFCs,F-gases (HFCs),F-gas Regulation,0.25,3200.0,3464.0,1.0824,13856.0
2024,FR,France,True,Intra-EU,290349,Other saturated fluorinated derivatives,F-gases (HFCs),F-gas Regulation,117.408,3186479.0,3449045.0,1.0824,29376.58
2024,FR,France,True,Intra-EU,390461,PTFE,Fluoropolymers,PFAS restriction (proposed),204.009,2228985.0,2412653.0,1.0824,11826.21
2024,FR,France,True,Intra-EU,390469,Other fluoropolymers,Fluoropolymers,PFAS restriction (proposed),9514.629,245349888.0,265566719.0,1.0824,27911.41
2024,GA,Gabon,False,Extra-EU,270900,Crude oil,Oil & gas,EU Methane Regulation,1352499.404,745414056.0,806836174.0,1.0824,596.55
2024,GB,United Kingdom,False,Extra-EU,270900,Crude oil,Oil & gas,EU Methane Regulation,20810463.866,12472275858.0,13499991389.0,1.0824,648.71
2024,GB,United Kingdom,False,Extra-EU,271111,LNG,Oil & gas,EU Methane Regulation,632393.045,320535753.0,346947899.0,1.0824,548.63
2024,GB,United Kingdom,False,Extra-EU,271121,Pipeline natural gas,Oil & gas,EU Methane Regulation,4882626.275,2925467091.0,3166525579.0,1.0824,648.53
2024,GB,United Kingdom,False,Extra-EU,290342,HFC-32 / HFC-41 (difluoro/fluoromethane),F-gases (HFCs),F-gas Regulation,55.735,127657.0,138176.0,1.0824,2479.16
2024,GB,United Kingdom,False,Extra-EU,290343,HFC-125 / HFC-134 group,F-gases (HFCs),F-gas Regulation,35.546,630596.0,682557.0,1.0824,19202.08
2024,GB,United Kingdom,False,Extra-EU,290345,HFC-227 / HFC-236 group,F-gases (HFCs),F-gas Regulation,6077.085,58708935.0,63546551.0,1.0824,10456.75
2024,GB,United Kingdom,False,Extra-EU,290346,HFC-245 group,F-gases (HFCs),F-gas Regulation,6.386,59677.0,64594.0,1.0824,10114.94
2024,GB,United Kingdom,False,Extra-EU,290347,HFC-365mfc / HFC-43-10mee,F-gases (HFCs),F-gas Regulation,0.301,44016.0,47643.0,1.0824,158282.39
2024,GB,United Kingdom,False,Extra-EU,290349,Other saturated fluorinated derivatives,F-gases (HFCs),F-gas Regulation,69.369,2602364.0,2816799.0,1.0824,40606.02
2024,GB,United Kingdom,False,Extra-EU,390461,PTFE,Fluoropolymers,PFAS restriction (proposed),1027.113,17524277.0,18968277.0,1.0824,18467.57
2024,GB,United Kingdom,False,Extra-EU,390469,Other fluoropolymers,Fluoropolymers,PFAS restriction (proposed),918.739,23424285.0,25354446.0,1.0824,27597.01
2024,GH,Ghana,False,Extra-EU,270900,Crude oil,Oil & gas,EU Methane Regulation,1571113.426,901807376.0,976116304.0,1.0824,621.29
2024,GI,Gibraltar,False,Extra-EU,270900,Crude oil,Oil & gas,EU Methane Regulation,0.001,94.0,102.0,1.0824,102000.0
2024,GI,Gibraltar,False,Extra-EU,271111,LNG,Oil & gas,EU Methane Regulation,26.029,15326.0,16589.0,1.0824,637.33
2024,GL,Greenland,False,Extra-EU,270900,Crude oil,Oil & gas,EU Methane Regulation,0.002,13.0,14.0,1.0824,7000.0
2024,GQ,Equatorial Guinea,False,Extra-EU,270900,Crude oil,Oil & gas,EU Methane Regulation,1867954.2,1031724873.0,1116739003.0,1.0824,597.84
2024,GQ,Equatorial Guinea,False,Extra-EU,271111,LNG,Oil & gas,EU Methane Regulation,69253.153,92718265.0,100358250.0,1.0824,1449.15
2024,GR,Greece,True,Intra-EU,270900,Crude oil,Oil & gas,EU Methane Regulation,217396.436,118308174.0,128056768.0,1.0824,589.05
2024,GR,Greece,True,Intra-EU,271111,LNG,Oil & gas,EU Methane Regulation,3391.382,1875625.0,2030176.0,1.0824,598.63
2024,GR,Greece,True,Intra-EU,271121,Pipeline natural gas,Oil & gas,EU Methane Regulation,877406.728,349137904.0,377906867.0,1.0824,430.71
2024,GR,Greece,True,Intra-EU,290341,HFC-23,F-gases (HFCs),F-gas Regulation,0.016,2984.0,3230.0,1.0824,201875.0
2024,GR,Greece,True,Intra-EU,290342,HFC-32 / HFC-41 (difluoro/fluoromethane),F-gases (HFCs),F-gas Regulation,24.414,320742.0,347171.0,1.0824,14220.16
2024,GR,Greece,True,Intra-EU,290344,HFC-143 / HFC-152 group,F-gases (HFCs),F-gas Regulation,14.621,236522.0,256011.0,1.0824,17509.81
2024,GR,Greece,True,Intra-EU,290345,HFC-227 / HFC-236 group,F-gases (HFCs),F-gas Regulation,107.258,1861867.0,2015285.0,1.0824,18789.13
2024,GR,Greece,True,Intra-EU,290346,HFC-245 group,F-gases (HFCs),F-gas Regulation,0.505,11000.0,11906.0,1.0824,23576.24
2024,GR,Greece,True,Intra-EU,290349,Other saturated fluorinated derivatives,F-gases (HFCs),F-gas Regulation,30.167,108074.0,116979.0,1.0824,3877.71
2024,GR,Greece,True,Intra-EU,390461,PTFE,Fluoropolymers,PFAS restriction (proposed),0.232,2207.0,2389.0,1.0824,10297.41
2024,GR,Greece,True,Intra-EU,390469,Other fluoropolymers,Fluoropolymers,PFAS restriction (proposed),97.0,86238.0,93344.0,1.0824,962.31
2024,GY,Guyana,False,Extra-EU,270900,Crude oil,Oil & gas,EU Methane Regulation,16668195.8,9450427985.0,10229143251.0,1.0824,613.69
2024,HK,Hong Kong,False,Extra-EU,270900,Crude oil,Oil & gas,EU Methane Regulation,0.002,1.0,1.0,1.0824,500.0
2024,HK,Hong Kong,False,Extra-EU,290342,HFC-32 / HFC-41 (difluoro/fluoromethane),F-gases (HFCs),F-gas Regulation,6.0,26200.0,28359.0,1.0824,4726.5
2024,HK,Hong Kong,False,Extra-EU,290343,HFC-125 / HFC-134 group,F-gases (HFCs),F-gas Regulation,18.0,50786.0,54971.0,1.0824,3053.94
2024,HK,Hong Kong,False,Extra-EU,290345,HFC-227 / HFC-236 group,F-gases (HFCs),F-gas Regulation,16.465,75280.0,81483.0,1.0824,4948.86
2024,HK,Hong Kong,False,Extra-EU,290349,Other saturated fluorinated derivatives,F-gases (HFCs),F-gas Regulation,6.72,80916.0,87583.0,1.0824,13033.18
2024,HK,Hong Kong,False,Extra-EU,390469,Other fluoropolymers,Fluoropolymers,PFAS restriction (proposed),0.003,2097.0,2270.0,1.0824,756666.67
2024,HR,Croatia,True,Intra-EU,270900,Crude oil,Oil & gas,EU Methane Regulation,1313133.297,760953139.0,823655678.0,1.0824,627.24
2024,HR,Croatia,True,Intra-EU,271111,LNG,Oil & gas,EU Methane Regulation,1951.06,1018783.0,1102731.0,1.0824,565.2
2024,HR,Croatia,True,Intra-EU,271121,Pipeline natural gas,Oil & gas,EU Methane Regulation,107638.168,69286973.0,74996220.0,1.0824,696.74
2024,HR,Croatia,True,Intra-EU,290341,HFC-23,F-gases (HFCs),F-gas Regulation,0.022,1833.0,1984.0,1.0824,90181.82
2024,HR,Croatia,True,Intra-EU,290342,HFC-32 / HFC-41 (difluoro/fluoromethane),F-gases (HFCs),F-gas Regulation,0.477,4855.0,5255.0,1.0824,11016.77
2024,HR,Croatia,True,Intra-EU,290345,HFC-227 / HFC-236 group,F-gases (HFCs),F-gas Regulation,226.481,2987394.0,3233555.0,1.0824,14277.38
2024,HR,Croatia,True,Intra-EU,290349,Other saturated fluorinated derivatives,F-gases (HFCs),F-gas Regulation,0.005,284.0,307.0,1.0824,61400.0
2024,HR,Croatia,True,Intra-EU,390461,PTFE,Fluoropolymers,PFAS restriction (proposed),0.033,5493.0,5946.0,1.0824,180181.82
2024,HR,Croatia,True,Intra-EU,390469,Other fluoropolymers,Fluoropolymers,PFAS restriction (proposed),0.0,1.0,1.0,1.0824,
2024,HU,Hungary,True,Intra-EU,270900,Crude oil,Oil & gas,EU Methane Regulation,64450.058,36438559.0,39441096.0,1.0824,611.96
2024,HU,Hungary,True,Intra-EU,271111,LNG,Oil & gas,EU Methane Regulation,3.942,3907.0,4229.0,1.0824,1072.81
2024,HU,Hungary,True,Intra-EU,271121,Pipeline natural gas,Oil & gas,EU Methane Regulation,109959.957,38292927.0,41448264.0,1.0824,376.94
2024,HU,Hungary,True,Intra-EU,290342,HFC-32 / HFC-41 (difluoro/fluoromethane),F-gases (HFCs),F-gas Regulation,1.216,18943.0,20504.0,1.0824,16861.84
2024,HU,Hungary,True,Intra-EU,290344,HFC-143 / HFC-152 group,F-gases (HFCs),F-gas Regulation,24.469,488785.0,529061.0,1.0824,21621.68
2024,HU,Hungary,True,Intra-EU,290345,HFC-227 / HFC-236 group,F-gases (HFCs),F-gas Regulation,309.831,5792211.0,6269489.0,1.0824,20235.19
2024,HU,Hungary,True,Intra-EU,290347,HFC-365mfc / HFC-43-10mee,F-gases (HFCs),F-gas Regulation,10.689,21935.0,23742.0,1.0824,2221.16
2024,HU,Hungary,True,Intra-EU,290349,Other saturated fluorinated derivatives,F-gases (HFCs),F-gas Regulation,14.347,274716.0,297353.0,1.0824,20725.8
2024,HU,Hungary,True,Intra-EU,390461,PTFE,Fluoropolymers,PFAS restriction (proposed),5.394,134269.0,145333.0,1.0824,26943.46
2024,HU,Hungary,True,Intra-EU,390469,Other fluoropolymers,Fluoropolymers,PFAS restriction (proposed),12.712,263669.0,285395.0,1.0824,22450.83
2024,ID,Indonesia,False,Extra-EU,270900,Crude oil,Oil & gas,EU Methane Regulation,0.0,16.0,17.0,1.0824,
2024,ID,Indonesia,False,Extra-EU,271111,LNG,Oil & gas,EU Methane Regulation,5438.431,3021555.0,3270531.0,1.0824,601.37
2024,IE,Ireland,True,Intra-EU,271111,LNG,Oil & gas,EU Methane Regulation,38.88,702.0,760.0,1.0824,19.55
2024,IE,Ireland,True,Intra-EU,290341,HFC-23,F-gases (HFCs),F-gas Regulation,2.357,757724.0,820160.0,1.0824,347967.76
2024,IE,Ireland,True,Intra-EU,290342,HFC-32 / HFC-41 (difluoro/fluoromethane),F-gases (HFCs),F-gas Regulation,80.734,2027738.0,2194824.0,1.0824,27185.87
2024,IE,Ireland,True,Intra-EU,290344,HFC-143 / HFC-152 group,F-gases (HFCs),F-gas Regulation,0.001,4.0,4.0,1.0824,4000.0
2024,IE,Ireland,True,Intra-EU,290345,HFC-227 / HFC-236 group,F-gases (HFCs),F-gas Regulation,255.559,4804144.0,5200005.0,1.0824,20347.57
2024,IE,Ireland,True,Intra-EU,290346,HFC-245 group,F-gases (HFCs),F-gas Regulation,0.13,3347.0,3623.0,1.0824,27869.23
2024,IE,Ireland,True,Intra-EU,290349,Other saturated fluorinated derivatives,F-gases (HFCs),F-gas Regulation,0.13,57694.0,62448.0,1.0824,480369.23
2024,IE,Ireland,True,Intra-EU,390461,PTFE,Fluoropolymers,PFAS restriction (proposed),2.909,181496.0,196451.0,1.0824,67532.14
2024,IE,Ireland,True,Intra-EU,390469,Other fluoropolymers,Fluoropolymers,PFAS restriction (proposed),106.53,1215620.0,1315787.0,1.0824,12351.33
2024,IL,Israel,False,Extra-EU,270900,Crude oil,Oil & gas,EU Methane Regulation,582640.624,330167237.0,357373017.0,1.0824,613.37
2024,IL,Israel,False,Extra-EU,271111,LNG,Oil & gas,EU Methane Regulation,0.001,43.0,47.0,1.0824,47000.0
2024,IL,Israel,False,Extra-EU,390461,PTFE,Fluoropolymers,PFAS restriction (proposed),0.001,28.0,30.0,1.0824,30000.0
2024,IL,Israel,False,Extra-EU,390469,Other fluoropolymers,Fluoropolymers,PFAS restriction (proposed),26.3,207559.0,224662.0,1.0824,8542.28
2024,IN,India,False,Extra-EU,270900,Crude oil,Oil & gas,EU Methane Regulation,0.728,492.0,533.0,1.0824,732.14
2024,IN,India,False,Extra-EU,290342,HFC-32 / HFC-41 (difluoro/fluoromethane),F-gases (HFCs),F-gas Regulation,191.57,865734.0,937070.0,1.0824,4891.53
2024,IN,India,False,Extra-EU,290345,HFC-227 / HFC-236 group,F-gases (HFCs),F-gas Regulation,196.605,1902347.0,2059100.0,1.0824,10473.28
2024,IN,India,False,Extra-EU,390461,PTFE,Fluoropolymers,PFAS restriction (proposed),6001.919,59536788.0,64442619.0,1.0824,10737.0
2024,IN,India,False,Extra-EU,390469,Other fluoropolymers,Fluoropolymers,PFAS restriction (proposed),1672.013,33512415.0,36273838.0,1.0824,21694.71
2024,IQ,Iraq,False,Extra-EU,270900,Crude oil,Oil & gas,EU Methane Regulation,28808421.581,15066626148.0,16308116143.0,1.0824,566.09
2024,IQ,Iraq,False,Extra-EU,390461,PTFE,Fluoropolymers,PFAS restriction (proposed),2.4,1700.0,1840.0,1.0824,766.67
2024,IS,Iceland,False,Extra-EU,270900,Crude oil,Oil & gas,EU Methane Regulation,0.003,67.0,73.0,1.0824,24333.33
2024,IT,Italy,True,Intra-EU,270900,Crude oil,Oil & gas,EU Methane Regulation,920370.611,388227212.0,420217134.0,1.0824,456.57
2024,IT,Italy,True,Intra-EU,271111,LNG,Oil & gas,EU Methane Regulation,25902.48,16193794.0,17528163.0,1.0824,676.7
2024,IT,Italy,True,Intra-EU,271121,Pipeline natural gas,Oil & gas,EU Methane Regulation,58821.155,39638351.0,42904551.0,1.0824,729.41
2024,IT,Italy,True,Intra-EU,290341,HFC-23,F-gases (HFCs),F-gas Regulation,28.865,627498.0,679204.0,1.0824,23530.37
2024,IT,Italy,True,Intra-EU,290342,HFC-32 / HFC-41 (difluoro/fluoromethane),F-gases (HFCs),F-gas Regulation,257.398,3940194.0,4264866.0,1.0824,16569.15
2024,IT,Italy,True,Intra-EU,290343,HFC-125 / HFC-134 group,F-gases (HFCs),F-gas Regulation,201.717,918021.0,993666.0,1.0824,4926.04
2024,IT,Italy,True,Intra-EU,290344,HFC-143 / HFC-152 group,F-gases (HFCs),F-gas Regulation,31.422,1216516.0,1316757.0,1.0824,41905.58
2024,IT,Italy,True,Intra-EU,290345,HFC-227 / HFC-236 group,F-gases (HFCs),F-gas Regulation,616.334,15164501.0,16414056.0,1.0824,26631.75
2024,IT,Italy,True,Intra-EU,290346,HFC-245 group,F-gases (HFCs),F-gas Regulation,10.84,287475.0,311163.0,1.0824,28705.07
2024,IT,Italy,True,Intra-EU,290347,HFC-365mfc / HFC-43-10mee,F-gases (HFCs),F-gas Regulation,3.182,126125.0,136518.0,1.0824,42903.21
2024,IT,Italy,True,Intra-EU,290349,Other saturated fluorinated derivatives,F-gases (HFCs),F-gas Regulation,142.102,609716.0,659957.0,1.0824,4644.25
2024,IT,Italy,True,Intra-EU,390461,PTFE,Fluoropolymers,PFAS restriction (proposed),3050.774,48403235.0,52391662.0,1.0824,17173.24
2024,IT,Italy,True,Intra-EU,390469,Other fluoropolymers,Fluoropolymers,PFAS restriction (proposed),2399.934,82997514.0,89836509.0,1.0824,37432.91
2024,JM,Jamaica,False,Extra-EU,270900,Crude oil,Oil & gas,EU Methane Regulation,0.002,2.0,2.0,1.0824,1000.0
2024,JO,Jordan,False,Extra-EU,270900,Crude oil,Oil & gas,EU Methane Regulation,0.057,485.0,525.0,1.0824,9210.53
2024,JP,Japan,False,Extra-EU,270900,Crude oil,Oil & gas,EU Methane Regulation,0.016,265.0,287.0,1.0824,17937.5
2024,JP,Japan,False,Extra-EU,290345,HFC-227 / HFC-236 group,F-gases (HFCs),F-gas Regulation,707.96,4291669.0,4645303.0,1.0824,6561.53
2024,JP,Japan,False,Extra-EU,290348,HFC-134a and other saturated HFCs,F-gases (HFCs),F-gas Regulation,36.0,887500.0,960630.0,1.0824,26684.17
2024,JP,Japan,False,Extra-EU,290349,Other saturated fluorinated derivatives,F-gases (HFCs),F-gas Regulation,90.097,2958346.0,3202114.0,1.0824,35540.74
2024,JP,Japan,False,Extra-EU,390461,PTFE,Fluoropolymers,PFAS restriction (proposed),379.234,5570691.0,6029716.0,1.0824,15899.72
2024,JP,Japan,False,Extra-EU,390469,Other fluoropolymers,Fluoropolymers,PFAS restriction (proposed),4329.346,111206382.0,120369788.0,1.0824,27803.23
2024,KH,Cambodia,False,Extra-EU,390469,Other fluoropolymers,Fluoropolymers,PFAS restriction (proposed),3.0,76036.0,82301.0,1.0824,27433.67
2024,KR,South Korea,False,Extra-EU,270900,Crude oil,Oil & gas,EU Methane Regulation,0.634,582.0,630.0,1.0824,993.69
2024,KR,South Korea,False,Extra-EU,271111,LNG,Oil & gas,EU Methane Regulation,0.11,323.0,350.0,1.0824,3181.82
2024,KR,South Korea,False,Extra-EU,271121,Pipeline natural gas,Oil & gas,EU Methane Regulation,0.138,416.0,450.0,1.0824,3260.87
2024,KR,South Korea,False,Extra-EU,290342,HFC-32 / HFC-41 (difluoro/fluoromethane),F-gases (HFCs),F-gas Regulation,0.23,36929.0,39972.0,1.0824,173791.3
2024,KR,South Korea,False,Extra-EU,290343,HFC-125 / HFC-134 group,F-gases (HFCs),F-gas Regulation,0.75,401385.0,434459.0,1.0824,579278.67
2024,KR,South Korea,False,Extra-EU,290345,HFC-227 / HFC-236 group,F-gases (HFCs),F-gas Regulation,0.727,18603.0,20136.0,1.0824,27697.39
2024,KR,South Korea,False,Extra-EU,390461,PTFE,Fluoropolymers,PFAS restriction (proposed),132.078,2916157.0,3156448.0,1.0824,23898.36
2024,KR,South Korea,False,Extra-EU,390469,Other fluoropolymers,Fluoropolymers,PFAS restriction (proposed),76.381,2474790.0,2678713.0,1.0824,35070.41
2024,KW,Kuwait,False,Extra-EU,270900,Crude oil,Oil & gas,EU Methane Regulation,3.388,2005.0,2170.0,1.0824,640.5
2024,KW,Kuwait,False,Extra-EU,390461,PTFE,Fluoropolymers,PFAS restriction (proposed),0.002,22.0,24.0,1.0824,12000.0
2024,KZ,Kazakhstan,False,Extra-EU,270900,Crude oil,Oil & gas,EU Methane Regulation,54550832.385,31457357218.0,34049443453.0,1.0824,624.18
2024,KZ,Kazakhstan,False,Extra-EU,271121,Pipeline natural gas,Oil & gas,EU Methane Regulation,126078.175,52468763.0,56792189.0,1.0824,450.45
2024,LB,Lebanon,False,Extra-EU,390461,PTFE,Fluoropolymers,PFAS restriction (proposed),180.5,440305.0,476586.0,1.0824,2640.37
2024,LR,Liberia,False,Extra-EU,270900,Crude oil,Oil & gas,EU Methane Regulation,0.01,6.0,6.0,1.0824,600.0
2024,LT,Lithuania,True,Intra-EU,270900,Crude oil,Oil & gas,EU Methane Regulation,0.001,3.0,3.0,1.0824,3000.0
2024,LT,Lithuania,True,Intra-EU,271111,LNG,Oil & gas,EU Methane Regulation,46286.434,35224476.0,38126973.0,1.0824,823.72
2024,LT,Lithuania,True,Intra-EU,271121,Pipeline natural gas,Oil & gas,EU Methane Regulation,477510.967,245506953.0,265736726.0,1.0824,556.5
2024,LT,Lithuania,True,Intra-EU,290341,HFC-23,F-gases (HFCs),F-gas Regulation,0.009,3822.0,4137.0,1.0824,459666.67
2024,LT,Lithuania,True,Intra-EU,290342,HFC-32 / HFC-41 (difluoro/fluoromethane),F-gases (HFCs),F-gas Regulation,15.791,187945.0,203432.0,1.0824,12882.78
2024,LT,Lithuania,True,Intra-EU,290344,HFC-143 / HFC-152 group,F-gases (HFCs),F-gas Regulation,125.862,4816873.0,5213783.0,1.0824,41424.6
2024,LT,Lithuania,True,Intra-EU,290345,HFC-227 / HFC-236 group,F-gases (HFCs),F-gas Regulation,413.634,8555516.0,9260491.0,1.0824,22388.13
2024,LT,Lithuania,True,Intra-EU,290347,HFC-365mfc / HFC-43-10mee,F-gases (HFCs),F-gas Regulation,23.3,489300.0,529618.0,1.0824,22730.39
2024,LT,Lithuania,True,Intra-EU,390461,PTFE,Fluoropolymers,PFAS restriction (proposed),0.015,866.0,937.0,1.0824,62466.67
2024,LT,Lithuania,True,Intra-EU,390469,Other fluoropolymers,Fluoropolymers,PFAS restriction (proposed),20.038,286799.0,310431.0,1.0824,15492.11
2024,LU,Luxembourg,True,Intra-EU,270900,Crude oil,Oil & gas,EU Methane Regulation,0.098,73.0,79.0,1.0824,806.12
2024,LU,Luxembourg,True,Intra-EU,271111,LNG,Oil & gas,EU Methane Regulation,89386.012,52880227.0,57237558.0,1.0824,640.34
2024,LU,Luxembourg,True,Intra-EU,271121,Pipeline natural gas,Oil & gas,EU Methane Regulation,61507.883,42181302.0,45657041.0,1.0824,742.3
2024,LU,Luxembourg,True,Intra-EU,290342,HFC-32 / HFC-41 (difluoro/fluoromethane),F-gases (HFCs),F-gas Regulation,0.011,91.0,98.0,1.0824,8909.09
2024,LU,Luxembourg,True,Intra-EU,290344,HFC-143 / HFC-152 group,F-gases (HFCs),F-gas Regulation,0.109,643.0,696.0,1.0824,6385.32
2024,LU,Luxembourg,True,Intra-EU,290345,HFC-227 / HFC-236 group,F-gases (HFCs),F-gas Regulation,0.066,1498.0,1621.0,1.0824,24560.61
2024,LU,Luxembourg,True,Intra-EU,290346,HFC-245 group,F-gases (HFCs),F-gas Regulation,0.001,25.0,27.0,1.0824,27000.0
2024,LU,Luxembourg,True,Intra-EU,290349,Other saturated fluorinated derivatives,F-gases (HFCs),F-gas Regulation,0.0,20.0,22.0,1.0824,
2024,LU,Luxembourg,True,Intra-EU,390461,PTFE,Fluoropolymers,PFAS restriction (proposed),9.332,138359.0,149760.0,1.0824,16048.01
2024,LU,Luxembourg,True,Intra-EU,390469,Other fluoropolymers,Fluoropolymers,PFAS restriction (proposed),1.301,46679.0,50525.0,1.0824,38835.51
2024,LV,Latvia,True,Intra-EU,270900,Crude oil,Oil & gas,EU Methane Regulation,1476.796,439328.0,475529.0,1.0824,322.0
2024,LV,Latvia,True,Intra-EU,271111,LNG,Oil & gas,EU Methane Regulation,1350.297,786122.0,850898.0,1.0824,630.16
2024,LV,Latvia,True,Intra-EU,271121,Pipeline natural gas,Oil & gas,EU Methane Regulation,427436.468,241411521.0,261303830.0,1.0824,611.33
2024,LV,Latvia,True,Intra-EU,290342,HFC-32 / HFC-41 (difluoro/fluoromethane),F-gases (HFCs),F-gas Regulation,0.225,4007.0,4337.0,1.0824,19275.56
2024,LV,Latvia,True,Intra-EU,290343,HFC-125 / HFC-134 group,F-gases (HFCs),F-gas Regulation,8.13,154825.0,167583.0,1.0824,20612.92
2024,LV,Latvia,True,Intra-EU,290344,HFC-143 / HFC-152 group,F-gases (HFCs),F-gas Regulation,59.661,2119623.0,2294280.0,1.0824,38455.27
2024,LV,Latvia,True,Intra-EU,290345,HFC-227 / HFC-236 group,F-gases (HFCs),F-gas Regulation,248.211,4895707.0,5299113.0,1.0824,21349.23
2024,LV,Latvia,True,Intra-EU,390461,PTFE,Fluoropolymers,PFAS restriction (proposed),0.019,1035.0,1120.0,1.0824,58947.37
2024,LV,Latvia,True,Intra-EU,390469,Other fluoropolymers,Fluoropolymers,PFAS restriction (proposed),4.071,82382.0,89170.0,1.0824,21903.71
2024,LY,Libya,False,Extra-EU,270900,Crude oil,Oil & gas,EU Methane Regulation,34749208.547,20290613693.0,21962560261.0,1.0824,632.03
2024,LY,Libya,False,Extra-EU,271121,Pipeline natural gas,Oil & gas,EU Methane Regulation,1015265.0,485134512.0,525109596.0,1.0824,517.21
2024,MA,Morocco,False,Extra-EU,270900,Crude oil,Oil & gas,EU Methane Regulation,0.194,114.0,123.0,1.0824,634.02
2024,MA,Morocco,False,Extra-EU,290342,HFC-32 / HFC-41 (difluoro/fluoromethane),F-gases (HFCs),F-gas Regulation,8.356,51232.0,55454.0,1.0824,6636.43
2024,MA,Morocco,False,Extra-EU,290345,HFC-227 / HFC-236 group,F-gases (HFCs),F-gas Regulation,15.12,97776.0,105833.0,1.0824,6999.54
2024,MA,Morocco,False,Extra-EU,390461,PTFE,Fluoropolymers,PFAS restriction (proposed),0.001,3.0,3.0,1.0824,3000.0
2024,MA,Morocco,False,Extra-EU,390469,Other fluoropolymers,Fluoropolymers,PFAS restriction (proposed),0.0,98.0,106.0,1.0824,
2024,MD,Moldova,False,Extra-EU,270900,Crude oil,Oil & gas,EU Methane Regulation,1558.62,604062.0,653837.0,1.0824,419.5
2024,MG,Madagascar,False,Extra-EU,270900,Crude oil,Oil & gas,EU Methane Regulation,0.001,2.0,2.0,1.0824,2000.0
2024,MR,Mauritania,False,Extra-EU,290345,HFC-227 / HFC-236 group,F-gases (HFCs),F-gas Regulation,3.934,3125.0,3382.0,1.0824,859.68
2024,MT,Malta,True,Intra-EU,270900,Crude oil,Oil & gas,EU Methane Regulation,121152.158,59493330.0,64395580.0,1.0824,531.53
2024,MT,Malta,True,Intra-EU,290345,HFC-227 / HFC-236 group,F-gases (HFCs),F-gas Regulation,0.0,9.0,10.0,1.0824,
2024,MT,Malta,True,Intra-EU,290346,HFC-245 group,F-gases (HFCs),F-gas Regulation,0.0,2.0,2.0,1.0824,
2024,MT,Malta,True,Intra-EU,290349,Other saturated fluorinated derivatives,F-gases (HFCs),F-gas Regulation,0.0,1.0,1.0,1.0824,
2024,MT,Malta,True,Intra-EU,390461,PTFE,Fluoropolymers,PFAS restriction (proposed),0.0,5.0,5.0,1.0824,
2024,MT,Malta,True,Intra-EU,390469,Other fluoropolymers,Fluoropolymers,PFAS restriction (proposed),7.5,174565.0,188949.0,1.0824,25193.2
2024,MU,Mauritius,False,Extra-EU,270900,Crude oil,Oil & gas,EU Methane Regulation,0.0,1.0,1.0,1.0824,
2024,MX,Mexico,False,Extra-EU,270900,Crude oil,Oil & gas,EU Methane Regulation,10429609.401,5068816947.0,5486487463.0,1.0824,526.05
2024,MX,Mexico,False,Extra-EU,271111,LNG,Oil & gas,EU Methane Regulation,56234.199,34930116.0,37808358.0,1.0824,672.34
2024,MX,Mexico,False,Extra-EU,390461,PTFE,Fluoropolymers,PFAS restriction (proposed),2.743,187061.0,202475.0,1.0824,73815.17
2024,MX,Mexico,False,Extra-EU,390469,Other fluoropolymers,Fluoropolymers,PFAS restriction (proposed),0.09,73521.0,79579.0,1.0824,884211.11
2024,MY,Malaysia,False,Extra-EU,270900,Crude oil,Oil & gas,EU Methane Regulation,137827.063,75859569.0,82110397.0,1.0824,595.75
2024,MY,Malaysia,False,Extra-EU,290349,Other saturated fluorinated derivatives,F-gases (HFCs),F-gas Regulation,0.014,2442.0,2643.0,1.0824,188785.71
2024,MZ,Mozambique,False,Extra-EU,270900,Crude oil,Oil & gas,EU Methane Regulation,0.664,405.0,438.0,1.0824,659.64
2024,NC,New Caledonia,False,Extra-EU,270900,Crude oil,Oil & gas,EU Methane Regulation,0.002,22.0,24.0,1.0824,12000.0
2024,NE,Niger,False,Extra-EU,270900,Crude oil,Oil & gas,EU Methane Regulation,138714.0,69865984.0,75622941.0,1.0824,545.17
2024,NG,Nigeria,False,Extra-EU,270900,Crude oil,Oil & gas,EU Methane Regulation,27299884.966,16288231574.0,17630381856.0,1.0824,645.8
2024,NG,Nigeria,False,Extra-EU,271111,LNG,Oil & gas,EU Methane Regulation,3665453.561,1823783560.0,1974063325.0,1.0824,538.56
2024,NG,Nigeria,False,Extra-EU,390469,Other fluoropolymers,Fluoropolymers,PFAS restriction (proposed),0.002,10.0,11.0,1.0824,5500.0
2024,NL,Netherlands,True,Intra-EU,270900,Crude oil,Oil & gas,EU Methane Regulation,46445892.431,27953967401.0,30257374315.0,1.0824,651.45
2024,NL,Netherlands,True,Intra-EU,271111,LNG,Oil & gas,EU Methane Regulation,193080.242,114690371.0,124140858.0,1.0824,642.95
2024,NL,Netherlands,True,Intra-EU,271121,Pipeline natural gas,Oil & gas,EU Methane Regulation,3687490.853,1808425695.0,1957439972.0,1.0824,530.83
2024,NL,Netherlands,True,Intra-EU,290341,HFC-23,F-gases (HFCs),F-gas Regulation,0.235,31233.0,33807.0,1.0824,143859.57
2024,NL,Netherlands,True,Intra-EU,290342,HFC-32 / HFC-41 (difluoro/fluoromethane),F-gases (HFCs),F-gas Regulation,759.012,9373238.0,10145593.0,1.0824,13366.84
2024,NL,Netherlands,True,Intra-EU,290343,HFC-125 / HFC-134 group,F-gases (HFCs),F-gas Regulation,131.952,1683494.0,1822214.0,1.0824,13809.67
2024,NL,Netherlands,True,Intra-EU,290344,HFC-143 / HFC-152 group,F-gases (HFCs),F-gas Regulation,35.006,43468.0,47050.0,1.0824,1344.06
2024,NL,Netherlands,True,Intra-EU,290345,HFC-227 / HFC-236 group,F-gases (HFCs),F-gas Regulation,4376.312,102951690.0,111434909.0,1.0824,25463.2
2024,NL,Netherlands,True,Intra-EU,290346,HFC-245 group,F-gases (HFCs),F-gas Regulation,6.07,186293.0,201644.0,1.0824,33219.77
2024,NL,Netherlands,True,Intra-EU,290347,HFC-365mfc / HFC-43-10mee,F-gases (HFCs),F-gas Regulation,3.998,264670.0,286479.0,1.0824,71655.58
2024,NL,Netherlands,True,Intra-EU,290348,HFC-134a and other saturated HFCs,F-gases (HFCs),F-gas Regulation,432.951,661095.0,715569.0,1.0824,1652.77
2024,NL,Netherlands,True,Intra-EU,290349,Other saturated fluorinated derivatives,F-gases (HFCs),F-gas Regulation,364.902,1013001.0,1096472.0,1.0824,3004.84
2024,NL,Netherlands,True,Intra-EU,390461,PTFE,Fluoropolymers,PFAS restriction (proposed),3112.714,53974890.0,58422421.0,1.0824,18768.97
2024,NL,Netherlands,True,Intra-EU,390469,Other fluoropolymers,Fluoropolymers,PFAS restriction (proposed),2933.823,50245964.0,54386231.0,1.0824,18537.67
2024,NO,Norway,False,Extra-EU,270900,Crude oil,Oil & gas,EU Methane Regulation,55381229.821,35410339053.0,38328150991.0,1.0824,692.08
2024,NO,Norway,False,Extra-EU,271111,LNG,Oil & gas,EU Methane Regulation,2791777.882,1773891263.0,1920059903.0,1.0824,687.76
2024,NO,Norway,False,Extra-EU,271121,Pipeline natural gas,Oil & gas,EU Methane Regulation,16176278.446,7946219483.0,8600987968.0,1.0824,531.7
2024,NO,Norway,False,Extra-EU,290345,HFC-227 / HFC-236 group,F-gases (HFCs),F-gas Regulation,0.004,169.0,183.0,1.0824,45750.0
2024,NO,Norway,False,Extra-EU,290349,Other saturated fluorinated derivatives,F-gases (HFCs),F-gas Regulation,0.06,532.0,576.0,1.0824,9600.0
2024,NO,Norway,False,Extra-EU,390461,PTFE,Fluoropolymers,PFAS restriction (proposed),0.639,4341.0,4699.0,1.0824,7353.68
2024,NO,Norway,False,Extra-EU,390469,Other fluoropolymers,Fluoropolymers,PFAS restriction (proposed),0.181,15534.0,16814.0,1.0824,92895.03
2024,OM,Oman,False,Extra-EU,270900,Crude oil,Oil & gas,EU Methane Regulation,0.424,431.0,467.0,1.0824,1101.42
2024,OM,Oman,False,Extra-EU,271111,LNG,Oil & gas,EU Methane Regulation,0.542,319.0,345.0,1.0824,636.53
2024,PA,Panama,False,Extra-EU,290345,HFC-227 / HFC-236 group,F-gases (HFCs),F-gas Regulation,6.303,26016.0,28160.0,1.0824,4467.71
2024,PE,Peru,False,Extra-EU,270900,Crude oil,Oil & gas,EU Methane Regulation,0.019,734.0,794.0,1.0824,41789.47
2024,PE,Peru,False,Extra-EU,271111,LNG,Oil & gas,EU Methane Regulation,646489.883,486023634.0,526071981.0,1.0824,813.74
2024,PG,Papua New Guinea,False,Extra-EU,270900,Crude oil,Oil & gas,EU Methane Regulation,0.001,10.0,11.0,1.0824,11000.0
2024,PH,Philippines,False,Extra-EU,270900,Crude oil,Oil & gas,EU Methane Regulation,0.44,391.0,423.0,1.0824,961.36
2024,PK,Pakistan,False,Extra-EU,270900,Crude oil,Oil & gas,EU Methane Regulation,0.413,442.0,478.0,1.0824,1157.38
2024,PL,Poland,True,Intra-EU,270900,Crude oil,Oil & gas,EU Methane Regulation,190993.987,82920691.0,89753356.0,1.0824,469.93
2024,PL,Poland,True,Intra-EU,271111,LNG,Oil & gas,EU Methane Regulation,2336.226,2210033.0,2392140.0,1.0824,1023.93
2024,PL,Poland,True,Intra-EU,271121,Pipeline natural gas,Oil & gas,EU Methane Regulation,10771.272,5476242.0,5927484.0,1.0824,550.3
2024,PL,Poland,True,Intra-EU,290341,HFC-23,F-gases (HFCs),F-gas Regulation,1.624,26151.0,28306.0,1.0824,17429.8
2024,PL,Poland,True,Intra-EU,290342,HFC-32 / HFC-41 (difluoro/fluoromethane),F-gases (HFCs),F-gas Regulation,228.734,1833499.0,1984579.0,1.0824,8676.36
2024,PL,Poland,True,Intra-EU,290343,HFC-125 / HFC-134 group,F-gases (HFCs),F-gas Regulation,0.001,126.0,136.0,1.0824,136000.0
2024,PL,Poland,True,Intra-EU,290344,HFC-143 / HFC-152 group,F-gases (HFCs),F-gas Regulation,47.763,1018005.0,1101889.0,1.0824,23069.93
2024,PL,Poland,True,Intra-EU,290345,HFC-227 / HFC-236 group,F-gases (HFCs),F-gas Regulation,904.03,20319580.0,21993913.0,1.0824,24328.74
2024,PL,Poland,True,Intra-EU,290346,HFC-245 group,F-gases (HFCs),F-gas Regulation,1.547,62738.0,67908.0,1.0824,43896.57
2024,PL,Poland,True,Intra-EU,290349,Other saturated fluorinated derivatives,F-gases (HFCs),F-gas Regulation,3.815,64464.0,69776.0,1.0824,18289.91
2024,PL,Poland,True,Intra-EU,390461,PTFE,Fluoropolymers,PFAS restriction (proposed),27.373,1221667.0,1322332.0,1.0824,48307.89
2024,PL,Poland,True,Intra-EU,390469,Other fluoropolymers,Fluoropolymers,PFAS restriction (proposed),360.504,1657502.0,1794080.0,1.0824,4976.59
2024,PT,Portugal,True,Intra-EU,270900,Crude oil,Oil & gas,EU Methane Regulation,150.938,152417.0,164976.0,1.0824,1093.01
2024,PT,Portugal,True,Intra-EU,271111,LNG,Oil & gas,EU Methane Regulation,8620.963,2090360.0,2262606.0,1.0824,262.45
2024,PT,Portugal,True,Intra-EU,271121,Pipeline natural gas,Oil & gas,EU Methane Regulation,29481.042,15332042.0,16595402.0,1.0824,562.92
2024,PT,Portugal,True,Intra-EU,290342,HFC-32 / HFC-41 (difluoro/fluoromethane),F-gases (HFCs),F-gas Regulation,0.1,1620.0,1753.0,1.0824,17530.0
2024,PT,Portugal,True,Intra-EU,290344,HFC-143 / HFC-152 group,F-gases (HFCs),F-gas Regulation,0.001,5.0,5.0,1.0824,5000.0
2024,PT,Portugal,True,Intra-EU,290345,HFC-227 / HFC-236 group,F-gases (HFCs),F-gas Regulation,4.002,122756.0,132871.0,1.0824,33201.15
2024,PT,Portugal,True,Intra-EU,290349,Other saturated fluorinated derivatives,F-gases (HFCs),F-gas Regulation,30.14,452600.0,489894.0,1.0824,16253.95
2024,PT,Portugal,True,Intra-EU,390461,PTFE,Fluoropolymers,PFAS restriction (proposed),2.796,78877.0,85376.0,1.0824,30535.05
2024,PT,Portugal,True,Intra-EU,390469,Other fluoropolymers,Fluoropolymers,PFAS restriction (proposed),192.453,1101401.0,1192156.0,1.0824,6194.53
2024,QA,Qatar,False,Extra-EU,270900,Crude oil,Oil & gas,EU Methane Regulation,41.68,29062.0,31457.0,1.0824,754.73
2024,QA,Qatar,False,Extra-EU,271111,LNG,Oil & gas,EU Methane Regulation,7374875.831,3496134636.0,3784216130.0,1.0824,513.12
2024,QA,Qatar,False,Extra-EU,271121,Pipeline natural gas,Oil & gas,EU Methane Regulation,122731.033,57814758.0,62578694.0,1.0824,509.88
2024,QA,Qatar,False,Extra-EU,390461,PTFE,Fluoropolymers,PFAS restriction (proposed),0.001,274.0,297.0,1.0824,297000.0
2024,QP,High seas,False,Extra-EU,270900,Crude oil,Oil & gas,EU Methane Regulation,55212.804,30039665.0,32514933.0,1.0824,588.9
2024,QP,High seas,False,Extra-EU,290345,HFC-227 / HFC-236 group,F-gases (HFCs),F-gas Regulation,0.28,25770.0,27893.0,1.0824,99617.86
2024,QV,Countries not specified (intra-EU),False,Extra-EU,270900,Crude oil,Oil & gas,EU Methane Regulation,153828.816,84356845.0,91307849.0,1.0824,593.57
2024,QV,Countries not specified (intra-EU),False,Extra-EU,271111,LNG,Oil & gas,EU Methane Regulation,2093.377,1260862.0,1364757.0,1.0824,651.94
2024,QV,Countries not specified (intra-EU),False,Extra-EU,271121,Pipeline natural gas,Oil & gas,EU Methane Regulation,2479836.562,1539243129.0,1666076763.0,1.0824,671.85
2024,QV,Countries not specified (intra-EU),False,Extra-EU,290345,HFC-227 / HFC-236 group,F-gases (HFCs),F-gas Regulation,0.107,2146.0,2323.0,1.0824,21710.28
2024,QV,Countries not specified (intra-EU),False,Extra-EU,390461,PTFE,Fluoropolymers,PFAS restriction (proposed),0.042,780.0,844.0,1.0824,20095.24
2024,QV,Countries not specified (intra-EU),False,Extra-EU,390469,Other fluoropolymers,Fluoropolymers,PFAS restriction (proposed),0.005,642.0,695.0,1.0824,139000.0
2024,QW,Countries not specified (extra-EU),False,Extra-EU,270900,Crude oil,Oil & gas,EU Methane Regulation,21634.002,13443237.0,14550960.0,1.0824,672.6
2024,QW,Countries not specified (extra-EU),False,Extra-EU,271111,LNG,Oil & gas,EU Methane Regulation,11752.172,8227020.0,8904926.0,1.0824,757.73
2024,QW,Countries not specified (extra-EU),False,Extra-EU,290345,HFC-227 / HFC-236 group,F-gases (HFCs),F-gas Regulation,0.004,248.0,268.0,1.0824,67000.0
2024,QW,Countries not specified (extra-EU),False,Extra-EU,390461,PTFE,Fluoropolymers,PFAS restriction (proposed),0.108,3509.0,3798.0,1.0824,35166.67
2024,QW,Countries not specified (extra-EU),False,Extra-EU,390469,Other fluoropolymers,Fluoropolymers,PFAS restriction (proposed),0.222,7261.0,7859.0,1.0824,35400.9
2024,RO,Romania,True,Intra-EU,270900,Crude oil,Oil & gas,EU Methane Regulation,280063.061,162871579.0,176292197.0,1.0824,629.47
2024,RO,Romania,True,Intra-EU,271111,LNG,Oil & gas,EU Methane Regulation,299.385,125467.0,135805.0,1.0824,453.61
2024,RO,Romania,True,Intra-EU,271121,Pipeline natural gas,Oil & gas,EU Methane Regulation,115501.287,58818654.0,63665311.0,1.0824,551.21
2024,RO,Romania,True,Intra-EU,290342,HFC-32 / HFC-41 (difluoro/fluoromethane),F-gases (HFCs),F-gas Regulation,14.876,212776.0,230309.0,1.0824,15481.92
2024,RO,Romania,True,Intra-EU,290345,HFC-227 / HFC-236 group,F-gases (HFCs),F-gas Regulation,218.071,3134169.0,3392425.0,1.0824,15556.52
2024,RO,Romania,True,Intra-EU,290349,Other saturated fluorinated derivatives,F-gases (HFCs),F-gas Regulation,11.076,278251.0,301179.0,1.0824,27192.04
2024,RO,Romania,True,Intra-EU,390461,PTFE,Fluoropolymers,PFAS restriction (proposed),65.014,1773787.0,1919947.0,1.0824,29531.29
2024,RO,Romania,True,Intra-EU,390469,Other fluoropolymers,Fluoropolymers,PFAS restriction (proposed),16.1,192500.0,208362.0,1.0824,12941.74
2024,RU,Russian Federation,False,Extra-EU,270900,Crude oil,Oil & gas,EU Methane Regulation,12900646.397,6335826823.0,6857898953.0,1.0824,531.59
2024,RU,Russian Federation,False,Extra-EU,271111,LNG,Oil & gas,EU Methane Regulation,9310496.377,7609504975.0,8236528185.0,1.0824,884.65
2024,RU,Russian Federation,False,Extra-EU,271121,Pipeline natural gas,Oil & gas,EU Methane Regulation,15398559.362,7594127308.0,8219883398.0,1.0824,533.81
2024,SA,Saudi Arabia,False,Extra-EU,270900,Crude oil,Oil & gas,EU Methane Regulation,35061528.09,19761160689.0,21389480330.0,1.0824,610.06
2024,SA,Saudi Arabia,False,Extra-EU,390469,Other fluoropolymers,Fluoropolymers,PFAS restriction (proposed),1.886,23406.0,25335.0,1.0824,13433.19
2024,SD,Sudan,False,Extra-EU,270900,Crude oil,Oil & gas,EU Methane Regulation,488000.797,260778486.0,282266633.0,1.0824,578.41
2024,SE,Sweden,True,Intra-EU,271111,LNG,Oil & gas,EU Methane Regulation,0.568,829.0,897.0,1.0824,1579.23
2024,SE,Sweden,True,Intra-EU,290341,HFC-23,F-gases (HFCs),F-gas Regulation,0.051,14541.0,15739.0,1.0824,308607.84
2024,SE,Sweden,True,Intra-EU,290342,HFC-32 / HFC-41 (difluoro/fluoromethane),F-gases (HFCs),F-gas Regulation,2.395,23283.0,25202.0,1.0824,10522.76
2024,SE,Sweden,True,Intra-EU,290345,HFC-227 / HFC-236 group,F-gases (HFCs),F-gas Regulation,44.095,773366.0,837091.0,1.0824,18983.81
2024,SE,Sweden,True,Intra-EU,290349,Other saturated fluorinated derivatives,F-gases (HFCs),F-gas Regulation,0.17,7888.0,8538.0,1.0824,50223.53
2024,SE,Sweden,True,Intra-EU,390461,PTFE,Fluoropolymers,PFAS restriction (proposed),21.777,446091.0,482849.0,1.0824,22172.43
2024,SE,Sweden,True,Intra-EU,390469,Other fluoropolymers,Fluoropolymers,PFAS restriction (proposed),152.107,3375147.0,3653259.0,1.0824,24017.69
2024,SG,Singapore,False,Extra-EU,270900,Crude oil,Oil & gas,EU Methane Regulation,0.01,1231.0,1332.0,1.0824,133200.0
2024,SG,Singapore,False,Extra-EU,290345,HFC-227 / HFC-236 group,F-gases (HFCs),F-gas Regulation,8.784,88874.0,96197.0,1.0824,10951.39
2024,SG,Singapore,False,Extra-EU,290346,HFC-245 group,F-gases (HFCs),F-gas Regulation,1.656,14929.0,16159.0,1.0824,9757.85
2024,SG,Singapore,False,Extra-EU,290349,Other saturated fluorinated derivatives,F-gases (HFCs),F-gas Regulation,0.062,16425.0,17778.0,1.0824,286741.94
2024,SG,Singapore,False,Extra-EU,390469,Other fluoropolymers,Fluoropolymers,PFAS restriction (proposed),137.351,4061461.0,4396125.0,1.0824,32006.5
2024,SI,Slovenia,True,Intra-EU,270900,Crude oil,Oil & gas,EU Methane Regulation,142.606,75896.0,82150.0,1.0824,576.06
2024,SI,Slovenia,True,Intra-EU,271111,LNG,Oil & gas,EU Methane Regulation,0.009,7.0,8.0,1.0824,888.89
2024,SI,Slovenia,True,Intra-EU,271121,Pipeline natural gas,Oil & gas,EU Methane Regulation,11679.682,7302641.0,7904379.0,1.0824,676.76
2024,SI,Slovenia,True,Intra-EU,290342,HFC-32 / HFC-41 (difluoro/fluoromethane),F-gases (HFCs),F-gas Regulation,0.684,9547.0,10334.0,1.0824,15108.19
2024,SI,Slovenia,True,Intra-EU,290344,HFC-143 / HFC-152 group,F-gases (HFCs),F-gas Regulation,0.16,3891.0,4212.0,1.0824,26325.0
2024,SI,Slovenia,True,Intra-EU,290345,HFC-227 / HFC-236 group,F-gases (HFCs),F-gas Regulation,141.53,2313152.0,2503756.0,1.0824,17690.64
2024,SI,Slovenia,True,Intra-EU,290349,Other saturated fluorinated derivatives,F-gases (HFCs),F-gas Regulation,275.413,240570.0,260393.0,1.0824,945.46
2024,SI,Slovenia,True,Intra-EU,390461,PTFE,Fluoropolymers,PFAS restriction (proposed),12.882,72729.0,78722.0,1.0824,6111.01
2024,SI,Slovenia,True,Intra-EU,390469,Other fluoropolymers,Fluoropolymers,PFAS restriction (proposed),0.544,19524.0,21133.0,1.0824,38847.43
2024,SK,Slovakia,True,Intra-EU,270900,Crude oil,Oil & gas,EU Methane Regulation,1156.639,619623.0,670680.0,1.0824,579.85
2024,SK,Slovakia,True,Intra-EU,271111,LNG,Oil & gas,EU Methane Regulation,62.006,31690.0,34301.0,1.0824,553.19
2024,SK,Slovakia,True,Intra-EU,271121,Pipeline natural gas,Oil & gas,EU Methane Regulation,739292.581,465048651.0,503368660.0,1.0824,680.88
2024,SK,Slovakia,True,Intra-EU,290342,HFC-32 / HFC-41 (difluoro/fluoromethane),F-gases (HFCs),F-gas Regulation,0.172,7330.0,7934.0,1.0824,46127.91
2024,SK,Slovakia,True,Intra-EU,290344,HFC-143 / HFC-152 group,F-gases (HFCs),F-gas Regulation,0.193,4350.0,4708.0,1.0824,24393.78
2024,SK,Slovakia,True,Intra-EU,290345,HFC-227 / HFC-236 group,F-gases (HFCs),F-gas Regulation,101.366,1913517.0,2071191.0,1.0824,20432.8
2024,SK,Slovakia,True,Intra-EU,290346,HFC-245 group,F-gases (HFCs),F-gas Regulation,0.0,3.0,3.0,1.0824,
2024,SK,Slovakia,True,Intra-EU,290347,HFC-365mfc / HFC-43-10mee,F-gases (HFCs),F-gas Regulation,3.072,272436.0,294885.0,1.0824,95991.21
2024,SK,Slovakia,True,Intra-EU,290348,HFC-134a and other saturated HFCs,F-gases (HFCs),F-gas Regulation,0.002,173.0,187.0,1.0824,93500.0
2024,SK,Slovakia,True,Intra-EU,290349,Other saturated fluorinated derivatives,F-gases (HFCs),F-gas Regulation,0.0,624.0,675.0,1.0824,
2024,SK,Slovakia,True,Intra-EU,390461,PTFE,Fluoropolymers,PFAS restriction (proposed),0.059,106697.0,115489.0,1.0824,1957440.68
2024,SK,Slovakia,True,Intra-EU,390469,Other fluoropolymers,Fluoropolymers,PFAS restriction (proposed),9.95,186363.0,201719.0,1.0824,20273.27
2024,SN,Senegal,False,Extra-EU,270900,Crude oil,Oil & gas,EU Methane Regulation,372230.69,207216586.0,224291233.0,1.0824,602.56
2024,SV,El Salvador,False,Extra-EU,270900,Crude oil,Oil & gas,EU Methane Regulation,0.003,257.0,278.0,1.0824,92666.67
2024,SX,Sint Maarten (Dutch part),False,Extra-EU,290345,HFC-227 / HFC-236 group,F-gases (HFCs),F-gas Regulation,1.862,15283.0,16542.0,1.0824,8884.0
2024,TD,Chad,False,Extra-EU,270900,Crude oil,Oil & gas,EU Methane Regulation,3670959.87,1979327026.0,2142423573.0,1.0824,583.61
2024,TG,Togo,False,Extra-EU,270900,Crude oil,Oil & gas,EU Methane Regulation,0.904,1400.0,1515.0,1.0824,1675.88
2024,TH,Thailand,False,Extra-EU,270900,Crude oil,Oil & gas,EU Methane Regulation,0.552,341.0,369.0,1.0824,668.48
2024,TH,Thailand,False,Extra-EU,390461,PTFE,Fluoropolymers,PFAS restriction (proposed),4.309,208223.0,225381.0,1.0824,52304.71
2024,TM,Turkmenistan,False,Extra-EU,270900,Crude oil,Oil & gas,EU Methane Regulation,57299.831,31727161.0,34341479.0,1.0824,599.33
2024,TM,Turkmenistan,False,Extra-EU,271121,Pipeline natural gas,Oil & gas,EU Methane Regulation,375844.144,157304272.0,170266144.0,1.0824,453.02
2024,TN,Tunisia,False,Extra-EU,270900,Crude oil,Oil & gas,EU Methane Regulation,507974.308,285815938.0,309367171.0,1.0824,609.02
2024,TN,Tunisia,False,Extra-EU,290342,HFC-32 / HFC-41 (difluoro/fluoromethane),F-gases (HFCs),F-gas Regulation,32.07,180552.0,195429.0,1.0824,6093.83
2024,TN,Tunisia,False,Extra-EU,390461,PTFE,Fluoropolymers,PFAS restriction (proposed),1.0,17010.0,18412.0,1.0824,18412.0
2024,TN,Tunisia,False,Extra-EU,390469,Other fluoropolymers,Fluoropolymers,PFAS restriction (proposed),2.65,12796.0,13850.0,1.0824,5226.42
2024,TR,Türkiye,False,Extra-EU,270900,Crude oil,Oil & gas,EU Methane Regulation,204897.608,137745956.0,149096223.0,1.0824,727.66
2024,TR,Türkiye,False,Extra-EU,271121,Pipeline natural gas,Oil & gas,EU Methane Regulation,435357.205,246022287.0,266294523.0,1.0824,611.67
2024,TR,Türkiye,False,Extra-EU,290342,HFC-32 / HFC-41 (difluoro/fluoromethane),F-gases (HFCs),F-gas Regulation,25.51,89861.0,97266.0,1.0824,3812.86
2024,TR,Türkiye,False,Extra-EU,290344,HFC-143 / HFC-152 group,F-gases (HFCs),F-gas Regulation,0.8,3200.0,3464.0,1.0824,4330.0
2024,TR,Türkiye,False,Extra-EU,290345,HFC-227 / HFC-236 group,F-gases (HFCs),F-gas Regulation,138.318,347069.0,375667.0,1.0824,2715.97
2024,TR,Türkiye,False,Extra-EU,290346,HFC-245 group,F-gases (HFCs),F-gas Regulation,1.368,20800.0,22514.0,1.0824,16457.6
2024,TR,Türkiye,False,Extra-EU,290349,Other saturated fluorinated derivatives,F-gases (HFCs),F-gas Regulation,0.454,15757.0,17055.0,1.0824,37566.08
2024,TR,Türkiye,False,Extra-EU,390461,PTFE,Fluoropolymers,PFAS restriction (proposed),2786.381,15928168.0,17240649.0,1.0824,6187.47
2024,TR,Türkiye,False,Extra-EU,390469,Other fluoropolymers,Fluoropolymers,PFAS restriction (proposed),11.141,13945.0,15094.0,1.0824,1354.82
2024,TT,Trinidad and Tobago,False,Extra-EU,270900,Crude oil,Oil & gas,EU Methane Regulation,131417.564,80169386.0,86775343.0,1.0824,660.3
2024,TT,Trinidad and Tobago,False,Extra-EU,271111,LNG,Oil & gas,EU Methane Regulation,1759137.853,1020845753.0,1104963443.0,1.0824,628.13
2024,TW,Taiwan,False,Extra-EU,270900,Crude oil,Oil & gas,EU Methane Regulation,0.247,1259.0,1363.0,1.0824,5518.22
2024,TW,Taiwan,False,Extra-EU,290349,Other saturated fluorinated derivatives,F-gases (HFCs),F-gas Regulation,1.116,48400.0,52388.0,1.0824,46942.65
2024,TW,Taiwan,False,Extra-EU,390461,PTFE,Fluoropolymers,PFAS restriction (proposed),7.682,25017.0,27078.0,1.0824,3524.86
2024,TW,Taiwan,False,Extra-EU,390469,Other fluoropolymers,Fluoropolymers,PFAS restriction (proposed),1.978,287242.0,310911.0,1.0824,157184.53
2024,UA,Ukraine,False,Extra-EU,270900,Crude oil,Oil & gas,EU Methane Regulation,197.18,88754.0,96067.0,1.0824,487.2
2024,UA,Ukraine,False,Extra-EU,271121,Pipeline natural gas,Oil & gas,EU Methane Regulation,39824.933,21578365.0,23356422.0,1.0824,586.48
2024,UA,Ukraine,False,Extra-EU,390461,PTFE,Fluoropolymers,PFAS restriction (proposed),0.011,724.0,784.0,1.0824,71272.73
2024,UA,Ukraine,False,Extra-EU,390469,Other fluoropolymers,Fluoropolymers,PFAS restriction (proposed),0.001,6.0,6.0,1.0824,6000.0
2024,US,United States,False,Extra-EU,270900,Crude oil,Oil & gas,EU Methane Regulation,69906553.596,42189853045.0,45666296936.0,1.0824,653.25
2024,US,United States,False,Extra-EU,271111,LNG,Oil & gas,EU Methane Regulation,22166311.41,15168750257.0,16418655278.0,1.0824,740.7
2024,US,United States,False,Extra-EU,290341,HFC-23,F-gases (HFCs),F-gas Regulation,23.662,674488.0,730066.0,1.0824,30853.94
2024,US,United States,False,Extra-EU,290342,HFC-32 / HFC-41 (difluoro/fluoromethane),F-gases (HFCs),F-gas Regulation,1209.772,3358102.0,3634810.0,1.0824,3004.54
2024,US,United States,False,Extra-EU,290343,HFC-125 / HFC-134 group,F-gases (HFCs),F-gas Regulation,106.304,1491903.0,1614836.0,1.0824,15190.74
2024,US,United States,False,Extra-EU,290344,HFC-143 / HFC-152 group,F-gases (HFCs),F-gas Regulation,177.511,907765.0,982565.0,1.0824,5535.23
2024,US,United States,False,Extra-EU,290345,HFC-227 / HFC-236 group,F-gases (HFCs),F-gas Regulation,1760.152,9492369.0,10274540.0,1.0824,5837.3
2024,US,United States,False,Extra-EU,290346,HFC-245 group,F-gases (HFCs),F-gas Regulation,1001.809,6231127.0,6744572.0,1.0824,6732.39
2024,US,United States,False,Extra-EU,290347,HFC-365mfc / HFC-43-10mee,F-gases (HFCs),F-gas Regulation,0.001,246.0,266.0,1.0824,266000.0
2024,US,United States,False,Extra-EU,290349,Other saturated fluorinated derivatives,F-gases (HFCs),F-gas Regulation,48.05,1709724.0,1850605.0,1.0824,38514.15
2024,US,United States,False,Extra-EU,390461,PTFE,Fluoropolymers,PFAS restriction (proposed),2417.918,50328540.0,54475612.0,1.0824,22529.97
2024,US,United States,False,Extra-EU,390469,Other fluoropolymers,Fluoropolymers,PFAS restriction (proposed),5334.657,155189154.0,167976740.0,1.0824,31487.82
2024,UY,Uruguay,False,Extra-EU,270900,Crude oil,Oil & gas,EU Methane Regulation,0.007,106.0,115.0,1.0824,16428.57
2024,VE,Venezuela,False,Extra-EU,270900,Crude oil,Oil & gas,EU Methane Regulation,3314343.702,1377338202.0,1490830870.0,1.0824,449.81
2024,VN,Vietnam,False,Extra-EU,270900,Crude oil,Oil & gas,EU Methane Regulation,0.004,95.0,103.0,1.0824,25750.0
2024,VN,Vietnam,False,Extra-EU,390469,Other fluoropolymers,Fluoropolymers,PFAS restriction (proposed),0.0,374.0,405.0,1.0824,
2024,XS,Serbia,False,Extra-EU,271121,Pipeline natural gas,Oil & gas,EU Methane Regulation,1051038.798,511857680.0,554034753.0,1.0824,527.13
2024,XS,Serbia,False,Extra-EU,390461,PTFE,Fluoropolymers,PFAS restriction (proposed),0.051,2297.0,2486.0,1.0824,48745.1
2024,XS,Serbia,False,Extra-EU,390469,Other fluoropolymers,Fluoropolymers,PFAS restriction (proposed),0.09,3106.0,3362.0,1.0824,37355.56
2024,ZA,South Africa,False,Extra-EU,270900,Crude oil,Oil & gas,EU Methane Regulation,1.078,655.0,709.0,1.0824,657.7
2024,ZA,South Africa,False,Extra-EU,390461,PTFE,Fluoropolymers,PFAS restriction (proposed),0.726,12857.0,13916.0,1.0824,19168.04
2025,AE,United Arab Emirates,False,Extra-EU,270900,Crude oil,Oil & gas,EU Methane Regulation,965303.645,469309002.0,530319172.0,1.13,549.38
2025,AE,United Arab Emirates,False,Extra-EU,390461,PTFE,Fluoropolymers,PFAS restriction (proposed),0.003,209.0,236.0,1.13,78666.67
2025,AG,Antigua and Barbuda,False,Extra-EU,270900,Crude oil,Oil & gas,EU Methane Regulation,47083.682,20217000.0,22845210.0,1.13,485.2
2025,AL,Albania,False,Extra-EU,270900,Crude oil,Oil & gas,EU Methane Regulation,415936.583,148401625.0,167693836.0,1.13,403.17
2025,AO,Angola,False,Extra-EU,270900,Crude oil,Oil & gas,EU Methane Regulation,5610558.951,2667724103.0,3014528236.0,1.13,537.3
2025,AO,Angola,False,Extra-EU,271111,LNG,Oil & gas,EU Methane Regulation,2230387.574,1424698976.0,1609909843.0,1.13,721.81
2025,AR,Argentina,False,Extra-EU,270900,Crude oil,Oil & gas,EU Methane Regulation,330315.387,126790871.0,143273684.0,1.13,433.75
2025,AT,Austria,True,Intra-EU,270900,Crude oil,Oil & gas,EU Methane Regulation,964.185,1235081.0,1395642.0,1.13,1447.48
2025,AT,Austria,True,Intra-EU,271111,LNG,Oil & gas,EU Methane Regulation,18115.486,10741840.0,12138279.0,1.13,670.05
2025,AT,Austria,True,Intra-EU,271121,Pipeline natural gas,Oil & gas,EU Methane Regulation,1033112.148,634236078.0,716686768.0,1.13,693.72
2025,AT,Austria,True,Intra-EU,290342,HFC-32 / HFC-41 (difluoro/fluoromethane),F-gases (HFCs),F-gas Regulation,32.365,331203.0,374259.0,1.13,11563.7
2025,AT,Austria,True,Intra-EU,290343,HFC-125 / HFC-134 group,F-gases (HFCs),F-gas Regulation,0.004,195.0,220.0,1.13,55000.0
2025,AT,Austria,True,Intra-EU,290345,HFC-227 / HFC-236 group,F-gases (HFCs),F-gas Regulation,446.478,9073952.0,10253566.0,1.13,22965.45
2025,AT,Austria,True,Intra-EU,290346,HFC-245 group,F-gases (HFCs),F-gas Regulation,0.048,1564.0,1767.0,1.13,36812.5
2025,AT,Austria,True,Intra-EU,290347,HFC-365mfc / HFC-43-10mee,F-gases (HFCs),F-gas Regulation,0.007,487.0,550.0,1.13,78571.43
2025,AT,Austria,True,Intra-EU,290348,HFC-134a and other saturated HFCs,F-gases (HFCs),F-gas Regulation,11.391,17741.0,20047.0,1.13,1759.9
2025,AT,Austria,True,Intra-EU,290349,Other saturated fluorinated derivatives,F-gases (HFCs),F-gas Regulation,268.696,355766.0,402016.0,1.13,1496.17
2025,AT,Austria,True,Intra-EU,390461,PTFE,Fluoropolymers,PFAS restriction (proposed),122.442,1739408.0,1965531.0,1.13,16052.75
2025,AT,Austria,True,Intra-EU,390469,Other fluoropolymers,Fluoropolymers,PFAS restriction (proposed),61.588,859945.0,971738.0,1.13,15778.04
2025,AU,Australia,False,Extra-EU,270900,Crude oil,Oil & gas,EU Methane Regulation,1.04,515.0,582.0,1.13,559.62
2025,AU,Australia,False,Extra-EU,271111,LNG,Oil & gas,EU Methane Regulation,0.0,45573906.0,51498514.0,1.13,
2025,AU,Australia,False,Extra-EU,390461,PTFE,Fluoropolymers,PFAS restriction (proposed),0.135,2920.0,3300.0,1.13,24444.44
2025,AU,Australia,False,Extra-EU,390469,Other fluoropolymers,Fluoropolymers,PFAS restriction (proposed),0.025,574.0,649.0,1.13,25960.0
2025,AZ,Azerbaijan,False,Extra-EU,270900,Crude oil,Oil & gas,EU Methane Regulation,17760103.778,8764786487.0,9904208730.0,1.13,557.67
2025,AZ,Azerbaijan,False,Extra-EU,271121,Pipeline natural gas,Oil & gas,EU Methane Regulation,8590569.138,4572436244.0,5166852956.0,1.13,601.46
2025,BA,Bosnia and Herzegovina,False,Extra-EU,270900,Crude oil,Oil & gas,EU Methane Regulation,0.005,5.0,6.0,1.13,1200.0
2025,BB,Barbados,False,Extra-EU,270900,Crude oil,Oil & gas,EU Methane Regulation,0.009,86.0,97.0,1.13,10777.78
2025,BE,Belgium,True,Intra-EU,270900,Crude oil,Oil & gas,EU Methane Regulation,890197.041,462192086.0,522277057.0,1.13,586.7
2025,BE,Belgium,True,Intra-EU,271111,LNG,Oil & gas,EU Methane Regulation,62927.216,62227180.0,70316713.0,1.13,1117.43
2025,BE,Belgium,True,Intra-EU,271121,Pipeline natural gas,Oil & gas,EU Methane Regulation,5.707,6493265535.0,7337390055.0,1.13,1285682504.82
2025,BE,Belgium,True,Intra-EU,290341,HFC-23,F-gases (HFCs),F-gas Regulation,0.241,23825.0,26922.0,1.13,111709.54
2025,BE,Belgium,True,Intra-EU,290342,HFC-32 / HFC-41 (difluoro/fluoromethane),F-gases (HFCs),F-gas Regulation,141.098,1337499.0,1511374.0,1.13,10711.52
2025,BE,Belgium,True,Intra-EU,290343,HFC-125 / HFC-134 group,F-gases (HFCs),F-gas Regulation,1.073,118581.0,133997.0,1.13,124880.71
2025,BE,Belgium,True,Intra-EU,290345,HFC-227 / HFC-236 group,F-gases (HFCs),F-gas Regulation,827.164,10306016.0,11645798.0,1.13,14079.19
2025,BE,Belgium,True,Intra-EU,290346,HFC-245 group,F-gases (HFCs),F-gas Regulation,65.278,9281475.0,10488067.0,1.13,160667.71
2025,BE,Belgium,True,Intra-EU,290347,HFC-365mfc / HFC-43-10mee,F-gases (HFCs),F-gas Regulation,0.12,8983.0,10151.0,1.13,84591.67
2025,BE,Belgium,True,Intra-EU,290349,Other saturated fluorinated derivatives,F-gases (HFCs),F-gas Regulation,93.485,2056487.0,2323830.0,1.13,24857.78
2025,BE,Belgium,True,Intra-EU,390461,PTFE,Fluoropolymers,PFAS restriction (proposed),2594.556,31426613.0,35512073.0,1.13,13687.15
2025,BE,Belgium,True,Intra-EU,390469,Other fluoropolymers,Fluoropolymers,PFAS restriction (proposed),1779.315,49259912.0,55663701.0,1.13,31283.78
2025,BG,Bulgaria,True,Intra-EU,270900,Crude oil,Oil & gas,EU Methane Regulation,0.12,69.0,78.0,1.13,650.0
2025,BG,Bulgaria,True,Intra-EU,271111,LNG,Oil & gas,EU Methane Regulation,30448.753,22184023.0,25067946.0,1.13,823.28
2025,BG,Bulgaria,True,Intra-EU,271121,Pipeline natural gas,Oil & gas,EU Methane Regulation,2878523.603,1561351214.0,1764326872.0,1.13,612.93
2025,BG,Bulgaria,True,Intra-EU,290342,HFC-32 / HFC-41 (difluoro/fluoromethane),F-gases (HFCs),F-gas Regulation,7.88,110234.0,124564.0,1.13,15807.61
2025,BG,Bulgaria,True,Intra-EU,290344,HFC-143 / HFC-152 group,F-gases (HFCs),F-gas Regulation,0.006,34.0,38.0,1.13,6333.33
2025,BG,Bulgaria,True,Intra-EU,290345,HFC-227 / HFC-236 group,F-gases (HFCs),F-gas Regulation,188.932,3547848.0,4009068.0,1.13,21219.63
2025,BG,Bulgaria,True,Intra-EU,290349,Other saturated fluorinated derivatives,F-gases (HFCs),F-gas Regulation,0.0,2.0,2.0,1.13,
2025,BG,Bulgaria,True,Intra-EU,390461,PTFE,Fluoropolymers,PFAS restriction (proposed),12.389,166307.0,187927.0,1.13,15168.86
2025,BG,Bulgaria,True,Intra-EU,390469,Other fluoropolymers,Fluoropolymers,PFAS restriction (proposed),2.264,20999.0,23729.0,1.13,10481.01
2025,BH,Bahrain,False,Extra-EU,270900,Crude oil,Oil & gas,EU Methane Regulation,0.003,48.0,54.0,1.13,18000.0
2025,BR,Brazil,False,Extra-EU,270900,Crude oil,Oil & gas,EU Methane Regulation,14955474.45,6776701747.0,7657672974.0,1.13,512.03
2025,BR,Brazil,False,Extra-EU,390461,PTFE,Fluoropolymers,PFAS restriction (proposed),1.413,40859.0,46171.0,1.13,32675.87
2025,BR,Brazil,False,Extra-EU,390469,Other fluoropolymers,Fluoropolymers,PFAS restriction (proposed),93.831,1956320.0,2210642.0,1.13,23559.83
2025,BS,Bahamas,False,Extra-EU,270900,Crude oil,Oil & gas,EU Methane Regulation,2843.175,946918.0,1070017.0,1.13,376.35
2025,CA,Canada,False,Extra-EU,270900,Crude oil,Oil & gas,EU Methane Regulation,5376774.674,2324406215.0,2626579023.0,1.13,488.5
2025,CA,Canada,False,Extra-EU,390461,PTFE,Fluoropolymers,PFAS restriction (proposed),0.064,9845.0,11125.0,1.13,173828.12
2025,CD,"Congo, The Democratic Republic of the",False,Extra-EU,270900,Crude oil,Oil & gas,EU Methane Regulation,249567.922,122857556.0,138829038.0,1.13,556.28
2025,CG,Congo,False,Extra-EU,270900,Crude oil,Oil & gas,EU Methane Regulation,912520.657,428179043.0,483842319.0,1.13,530.23
2025,CG,Congo,False,Extra-EU,271111,LNG,Oil & gas,EU Methane Regulation,213970.981,144201269.0,162947434.0,1.13,761.54
2025,CH,Switzerland,False,Extra-EU,270900,Crude oil,Oil & gas,EU Methane Regulation,0.0,12.0,14.0,1.13,
2025,CH,Switzerland,False,Extra-EU,271111,LNG,Oil & gas,EU Methane Regulation,15.478,20538.0,23208.0,1.13,1499.42
2025,CH,Switzerland,False,Extra-EU,271121,Pipeline natural gas,Oil & gas,EU Methane Regulation,0.0,23544104.0,26604838.0,1.13,
2025,CH,Switzerland,False,Extra-EU,290345,HFC-227 / HFC-236 group,F-gases (HFCs),F-gas Regulation,3.275,13862.0,15664.0,1.13,4782.9
2025,CH,Switzerland,False,Extra-EU,290349,Other saturated fluorinated derivatives,F-gases (HFCs),F-gas Regulation,0.001,167.0,189.0,1.13,189000.0
2025,CH,Switzerland,False,Extra-EU,390461,PTFE,Fluoropolymers,PFAS restriction (proposed),215.879,1888277.0,2133753.0,1.13,9884.02
2025,CH,Switzerland,False,Extra-EU,390469,Other fluoropolymers,Fluoropolymers,PFAS restriction (proposed),200.813,4891239.0,5527100.0,1.13,27523.62
2025,CI,Côte d'Ivoire,False,Extra-EU,270900,Crude oil,Oil & gas,EU Methane Regulation,1281242.111,625491618.0,706805528.0,1.13,551.66
2025,CL,Chile,False,Extra-EU,270900,Crude oil,Oil & gas,EU Methane Regulation,24667.248,9641345.0,10894720.0,1.13,441.67
2025,CM,Cameroon,False,Extra-EU,270900,Crude oil,Oil & gas,EU Methane Regulation,1334473.414,586719659.0,662993215.0,1.13,496.82
2025,CM,Cameroon,False,Extra-EU,271111,LNG,Oil & gas,EU Methane Regulation,0.0,91412405.0,103296018.0,1.13,
2025,CN,China,False,Extra-EU,270900,Crude oil,Oil & gas,EU Methane Regulation,0.338,201.0,227.0,1.13,671.6
2025,CN,China,False,Extra-EU,271111,LNG,Oil & gas,EU Methane Regulation,16.6,11259.0,12723.0,1.13,766.45
2025,CN,China,False,Extra-EU,290341,HFC-23,F-gases (HFCs),F-gas Regulation,37.712,348063.0,393311.0,1.13,10429.33
2025,CN,China,False,Extra-EU,290342,HFC-32 / HFC-41 (difluoro/fluoromethane),F-gases (HFCs),F-gas Regulation,9474.032,43128984.0,48735752.0,1.13,5144.14
2025,CN,China,False,Extra-EU,290343,HFC-125 / HFC-134 group,F-gases (HFCs),F-gas Regulation,1126.896,3969240.0,4485241.0,1.13,3980.17
2025,CN,China,False,Extra-EU,290344,HFC-143 / HFC-152 group,F-gases (HFCs),F-gas Regulation,1438.708,5559268.0,6281973.0,1.13,4366.4
2025,CN,China,False,Extra-EU,290345,HFC-227 / HFC-236 group,F-gases (HFCs),F-gas Regulation,7882.308,47225178.0,53364451.0,1.13,6770.16
2025,CN,China,False,Extra-EU,290346,HFC-245 group,F-gases (HFCs),F-gas Regulation,313.242,2007346.0,2268301.0,1.13,7241.37
2025,CN,China,False,Extra-EU,290347,HFC-365mfc / HFC-43-10mee,F-gases (HFCs),F-gas Regulation,2.049,56236.0,63547.0,1.13,31013.67
2025,CN,China,False,Extra-EU,290348,HFC-134a and other saturated HFCs,F-gases (HFCs),F-gas Regulation,0.049,2917.0,3296.0,1.13,67265.31
2025,CN,China,False,Extra-EU,290349,Other saturated fluorinated derivatives,F-gases (HFCs),F-gas Regulation,215.089,3684673.0,4163680.0,1.13,19357.94
2025,CN,China,False,Extra-EU,390461,PTFE,Fluoropolymers,PFAS restriction (proposed),10271.971,72142653.0,81521198.0,1.13,7936.28
2025,CN,China,False,Extra-EU,390469,Other fluoropolymers,Fluoropolymers,PFAS restriction (proposed),7318.142,89362249.0,100979341.0,1.13,13798.49
2025,CO,Colombia,False,Extra-EU,270900,Crude oil,Oil & gas,EU Methane Regulation,76571.769,33151320.0,37460992.0,1.13,489.23
2025,CU,Cuba,False,Extra-EU,270900,Crude oil,Oil & gas,EU Methane Regulation,26627.299,9931932.0,11223083.0,1.13,421.49
2025,CY,Cyprus,True,Intra-EU,270900,Crude oil,Oil & gas,EU Methane Regulation,0.185,192.0,217.0,1.13,1172.97
2025,CY,Cyprus,True,Intra-EU,271111,LNG,Oil & gas,EU Methane Regulation,180.52,144497.0,163282.0,1.13,904.51
2025,CY,Cyprus,True,Intra-EU,271121,Pipeline natural gas,Oil & gas,EU Methane Regulation,166.608,116871.0,132064.0,1.13,792.66
2025,CY,Cyprus,True,Intra-EU,290345,HFC-227 / HFC-236 group,F-gases (HFCs),F-gas Regulation,3.967,79302.0,89611.0,1.13,22589.11
2025,CY,Cyprus,True,Intra-EU,390469,Other fluoropolymers,Fluoropolymers,PFAS restriction (proposed),0.0,2.0,2.0,1.13,
2025,CZ,Czechia,True,Intra-EU,270900,Crude oil,Oil & gas,EU Methane Regulation,14.191,190598.0,215376.0,1.13,15176.94
2025,CZ,Czechia,True,Intra-EU,271111,LNG,Oil & gas,EU Methane Regulation,5042.665,2181546.0,2465147.0,1.13,488.86
2025,CZ,Czechia,True,Intra-EU,271121,Pipeline natural gas,Oil & gas,EU Methane Regulation,36787.766,18917068.0,21376287.0,1.13,581.07
2025,CZ,Czechia,True,Intra-EU,290341,HFC-23,F-gases (HFCs),F-gas Regulation,0.408,78093.0,88245.0,1.13,216286.76
2025,CZ,Czechia,True,Intra-EU,290342,HFC-32 / HFC-41 (difluoro/fluoromethane),F-gases (HFCs),F-gas Regulation,33.824,460471.0,520332.0,1.13,15383.51
2025,CZ,Czechia,True,Intra-EU,290343,HFC-125 / HFC-134 group,F-gases (HFCs),F-gas Regulation,0.368,6071.0,6860.0,1.13,18641.3
2025,CZ,Czechia,True,Intra-EU,290344,HFC-143 / HFC-152 group,F-gases (HFCs),F-gas Regulation,19.0,426596.0,482053.0,1.13,25371.21
2025,CZ,Czechia,True,Intra-EU,290345,HFC-227 / HFC-236 group,F-gases (HFCs),F-gas Regulation,623.641,13510064.0,15266372.0,1.13,24479.42
2025,CZ,Czechia,True,Intra-EU,290346,HFC-245 group,F-gases (HFCs),F-gas Regulation,0.015,966.0,1092.0,1.13,72800.0
2025,CZ,Czechia,True,Intra-EU,290349,Other saturated fluorinated derivatives,F-gases (HFCs),F-gas Regulation,0.047,1204.0,1361.0,1.13,28957.45
2025,CZ,Czechia,True,Intra-EU,390461,PTFE,Fluoropolymers,PFAS restriction (proposed),6.965,77684.0,87783.0,1.13,12603.45
2025,CZ,Czechia,True,Intra-EU,390469,Other fluoropolymers,Fluoropolymers,PFAS restriction (proposed),10.755,541878.0,612322.0,1.13,56933.71
2025,DE,Germany,True,Intra-EU,270900,Crude oil,Oil & gas,EU Methane Regulation,73568.554,37223594.0,42062661.0,1.13,571.75
2025,DE,Germany,True,Intra-EU,271111,LNG,Oil & gas,EU Methane Regulation,95728.482,57790921.0,65303741.0,1.13,682.18
2025,DE,Germany,True,Intra-EU,271121,Pipeline natural gas,Oil & gas,EU Methane Regulation,2109724.925,1197184285.0,1352818242.0,1.13,641.23
2025,DE,Germany,True,Intra-EU,290341,HFC-23,F-gases (HFCs),F-gas Regulation,4.716,441826.0,499263.0,1.13,105865.78
2025,DE,Germany,True,Intra-EU,290342,HFC-32 / HFC-41 (difluoro/fluoromethane),F-gases (HFCs),F-gas Regulation,390.504,4666120.0,5272716.0,1.13,13502.34
2025,DE,Germany,True,Intra-EU,290343,HFC-125 / HFC-134 group,F-gases (HFCs),F-gas Regulation,2.616,64420.0,72795.0,1.13,27826.83
2025,DE,Germany,True,Intra-EU,290344,HFC-143 / HFC-152 group,F-gases (HFCs),F-gas Regulation,33.972,1248019.0,1410261.0,1.13,41512.45
2025,DE,Germany,True,Intra-EU,290345,HFC-227 / HFC-236 group,F-gases (HFCs),F-gas Regulation,684.352,15718814.0,17762260.0,1.13,25954.86
2025,DE,Germany,True,Intra-EU,290346,HFC-245 group,F-gases (HFCs),F-gas Regulation,683.07,113072870.0,127772343.0,1.13,187056.0
2025,DE,Germany,True,Intra-EU,290347,HFC-365mfc / HFC-43-10mee,F-gases (HFCs),F-gas Regulation,0.34,77071.0,87090.0,1.13,256147.06
2025,DE,Germany,True,Intra-EU,290349,Other saturated fluorinated derivatives,F-gases (HFCs),F-gas Regulation,443.763,7424477.0,8389659.0,1.13,18905.72
2025,DE,Germany,True,Intra-EU,390461,PTFE,Fluoropolymers,PFAS restriction (proposed),3478.937,56314995.0,63635944.0,1.13,18291.78
2025,DE,Germany,True,Intra-EU,390469,Other fluoropolymers,Fluoropolymers,PFAS restriction (proposed),2633.977,47758342.0,53966926.0,1.13,20488.76
2025,DK,Denmark,True,Intra-EU,270900,Crude oil,Oil & gas,EU Methane Regulation,1117292.114,757716999.0,856220209.0,1.13,766.34
2025,DK,Denmark,True,Intra-EU,271111,LNG,Oil & gas,EU Methane Regulation,5092.08,3077317.0,3477368.0,1.13,682.9
2025,DK,Denmark,True,Intra-EU,271121,Pipeline natural gas,Oil & gas,EU Methane Regulation,211303.661,126677969.0,143146105.0,1.13,677.44
2025,DK,Denmark,True,Intra-EU,290342,HFC-32 / HFC-41 (difluoro/fluoromethane),F-gases (HFCs),F-gas Regulation,25.17,292180.0,330163.0,1.13,13117.32
2025,DK,Denmark,True,Intra-EU,290345,HFC-227 / HFC-236 group,F-gases (HFCs),F-gas Regulation,0.337,9604.0,10853.0,1.13,32204.75
2025,DK,Denmark,True,Intra-EU,290349,Other saturated fluorinated derivatives,F-gases (HFCs),F-gas Regulation,0.152,30480.0,34442.0,1.13,226592.11
2025,DK,Denmark,True,Intra-EU,390461,PTFE,Fluoropolymers,PFAS restriction (proposed),6.011,131805.0,148940.0,1.13,24777.91
2025,DK,Denmark,True,Intra-EU,390469,Other fluoropolymers,Fluoropolymers,PFAS restriction (proposed),6.572,166169.0,187771.0,1.13,28571.36
2025,DZ,Algeria,False,Extra-EU,270900,Crude oil,Oil & gas,EU Methane Regulation,16042374.565,8092390288.0,9144401025.0,1.13,570.02
2025,DZ,Algeria,False,Extra-EU,271111,LNG,Oil & gas,EU Methane Regulation,3848588.234,3530754659.0,3989752765.0,1.13,1036.68
2025,DZ,Algeria,False,Extra-EU,271121,Pipeline natural gas,Oil & gas,EU Methane Regulation,20262721.913,9792377170.0,11065386202.0,1.13,546.1
2025,EC,Ecuador,False,Extra-EU,270900,Crude oil,Oil & gas,EU Methane Regulation,0.033,92.0,104.0,1.13,3151.52
2025,EE,Estonia,True,Intra-EU,270900,Crude oil,Oil & gas,EU Methane Regulation,5.003,6074.0,6864.0,1.13,1371.98
2025,EE,Estonia,True,Intra-EU,271111,LNG,Oil & gas,EU Methane Regulation,14523.111,8721142.0,9854890.0,1.13,678.57
2025,EE,Estonia,True,Intra-EU,271121,Pipeline natural gas,Oil & gas,EU Methane Regulation,35390.426,276794599.0,312777897.0,1.13,8837.92
2025,EE,Estonia,True,Intra-EU,290342,HFC-32 / HFC-41 (difluoro/fluoromethane),F-gases (HFCs),F-gas Regulation,161.123,2421141.0,2735889.0,1.13,16980.13
2025,EE,Estonia,True,Intra-EU,290344,HFC-143 / HFC-152 group,F-gases (HFCs),F-gas Regulation,58.904,974752.0,1101470.0,1.13,18699.41
2025,EE,Estonia,True,Intra-EU,290345,HFC-227 / HFC-236 group,F-gases (HFCs),F-gas Regulation,1023.172,18785785.0,21227937.0,1.13,20747.18
2025,EE,Estonia,True,Intra-EU,290346,HFC-245 group,F-gases (HFCs),F-gas Regulation,0.08,3360.0,3797.0,1.13,47462.5
2025,EE,Estonia,True,Intra-EU,290349,Other saturated fluorinated derivatives,F-gases (HFCs),F-gas Regulation,0.0,4.0,5.0,1.13,
2025,EE,Estonia,True,Intra-EU,390461,PTFE,Fluoropolymers,PFAS restriction (proposed),0.018,2963.0,3348.0,1.13,186000.0
2025,EG,Egypt,False,Extra-EU,270900,Crude oil,Oil & gas,EU Methane Regulation,1253218.574,571436790.0,645723573.0,1.13,515.25
2025,EG,Egypt,False,Extra-EU,271111,LNG,Oil & gas,EU Methane Regulation,189939.891,84241896.0,95193342.0,1.13,501.18
2025,EG,Egypt,False,Extra-EU,390461,PTFE,Fluoropolymers,PFAS restriction (proposed),0.001,367.0,415.0,1.13,415000.0
2025,EG,Egypt,False,Extra-EU,390469,Other fluoropolymers,Fluoropolymers,PFAS restriction (proposed),0.072,5319.0,6010.0,1.13,83472.22
2025,ES,Spain,True,Intra-EU,270900,Crude oil,Oil & gas,EU Methane Regulation,4526.972,3744934.0,4231775.0,1.13,934.79
2025,ES,Spain,True,Intra-EU,271111,LNG,Oil & gas,EU Methane Regulation,44840.899,42479113.0,48001398.0,1.13,1070.48
2025,ES,Spain,True,Intra-EU,271121,Pipeline natural gas,Oil & gas,EU Methane Regulation,357405.186,667759971.0,754568767.0,1.13,2111.24
2025,ES,Spain,True,Intra-EU,290341,HFC-23,F-gases (HFCs),F-gas Regulation,4.453,327056.0,369573.0,1.13,82994.16
2025,ES,Spain,True,Intra-EU,290342,HFC-32 / HFC-41 (difluoro/fluoromethane),F-gases (HFCs),F-gas Regulation,35.879,608969.0,688135.0,1.13,19179.32
2025,ES,Spain,True,Intra-EU,290343,HFC-125 / HFC-134 group,F-gases (HFCs),F-gas Regulation,372.712,2314874.0,2615808.0,1.13,7018.31
2025,ES,Spain,True,Intra-EU,290345,HFC-227 / HFC-236 group,F-gases (HFCs),F-gas Regulation,160.234,3704235.0,4185786.0,1.13,26122.96
2025,ES,Spain,True,Intra-EU,290346,HFC-245 group,F-gases (HFCs),F-gas Regulation,6.02,189051.0,213628.0,1.13,35486.38
2025,ES,Spain,True,Intra-EU,290349,Other saturated fluorinated derivatives,F-gases (HFCs),F-gas Regulation,12.161,25544.0,28865.0,1.13,2373.57
2025,ES,Spain,True,Intra-EU,390461,PTFE,Fluoropolymers,PFAS restriction (proposed),106.978,675709.0,763551.0,1.13,7137.46
2025,ES,Spain,True,Intra-EU,390469,Other fluoropolymers,Fluoropolymers,PFAS restriction (proposed),230.642,4642949.0,5246532.0,1.13,22747.51
2025,FI,Finland,True,Intra-EU,270900,Crude oil,Oil & gas,EU Methane Regulation,0.04,23.0,26.0,1.13,650.0
2025,FI,Finland,True,Intra-EU,271111,LNG,Oil & gas,EU Methane Regulation,175834.996,98792640.0,111635683.0,1.13,634.89
2025,FI,Finland,True,Intra-EU,271121,Pipeline natural gas,Oil & gas,EU Methane Regulation,508498.084,270542846.0,305713416.0,1.13,601.21
2025,FI,Finland,True,Intra-EU,290342,HFC-32 / HFC-41 (difluoro/fluoromethane),F-gases (HFCs),F-gas Regulation,49.304,945781.0,1068733.0,1.13,21676.4
2025,FI,Finland,True,Intra-EU,290343,HFC-125 / HFC-134 group,F-gases (HFCs),F-gas Regulation,0.003,45.0,51.0,1.13,17000.0
2025,FI,Finland,True,Intra-EU,290344,HFC-143 / HFC-152 group,F-gases (HFCs),F-gas Regulation,23.058,693084.0,783185.0,1.13,33965.87
2025,FI,Finland,True,Intra-EU,290345,HFC-227 / HFC-236 group,F-gases (HFCs),F-gas Regulation,246.594,5974967.0,6751713.0,1.13,27379.88
2025,FI,Finland,True,Intra-EU,290349,Other saturated fluorinated derivatives,F-gases (HFCs),F-gas Regulation,0.012,1304.0,1474.0,1.13,122833.33
2025,FI,Finland,True,Intra-EU,390461,PTFE,Fluoropolymers,PFAS restriction (proposed),5.286,93197.0,105313.0,1.13,19923.0
2025,FI,Finland,True,Intra-EU,390469,Other fluoropolymers,Fluoropolymers,PFAS restriction (proposed),29.901,2837350.0,3206205.0,1.13,107227.35
2025,FR,France,True,Intra-EU,270900,Crude oil,Oil & gas,EU Methane Regulation,9374.901,9458319.0,10687900.0,1.13,1140.05
2025,FR,France,True,Intra-EU,271111,LNG,Oil & gas,EU Methane Regulation,124802.769,87917743.0,99347050.0,1.13,796.03
2025,FR,France,True,Intra-EU,271121,Pipeline natural gas,Oil & gas,EU Methane Regulation,5711490.779,2964784404.0,3350206377.0,1.13,586.57
2025,FR,France,True,Intra-EU,290341,HFC-23,F-gases (HFCs),F-gas Regulation,7.441,398224.0,449993.0,1.13,60474.8
2025,FR,France,True,Intra-EU,290342,HFC-32 / HFC-41 (difluoro/fluoromethane),F-gases (HFCs),F-gas Regulation,47.533,432267.0,488462.0,1.13,10276.27
2025,FR,France,True,Intra-EU,290343,HFC-125 / HFC-134 group,F-gases (HFCs),F-gas Regulation,1.033,40202.0,45428.0,1.13,43976.77
2025,FR,France,True,Intra-EU,290344,HFC-143 / HFC-152 group,F-gases (HFCs),F-gas Regulation,27.608,101648.0,114862.0,1.13,4160.46
2025,FR,France,True,Intra-EU,290345,HFC-227 / HFC-236 group,F-gases (HFCs),F-gas Regulation,535.031,11505699.0,13001440.0,1.13,24300.35
2025,FR,France,True,Intra-EU,290346,HFC-245 group,F-gases (HFCs),F-gas Regulation,6.882,120913.0,136632.0,1.13,19853.53
2025,FR,France,True,Intra-EU,290347,HFC-365mfc / HFC-43-10mee,F-gases (HFCs),F-gas Regulation,0.365,10676.0,12064.0,1.13,33052.05
2025,FR,France,True,Intra-EU,290348,HFC-134a and other saturated HFCs,F-gases (HFCs),F-gas Regulation,0.45,6400.0,7232.0,1.13,16071.11
2025,FR,France,True,Intra-EU,290349,Other saturated fluorinated derivatives,F-gases (HFCs),F-gas Regulation,64.892,1572303.0,1776702.0,1.13,27379.37
2025,FR,France,True,Intra-EU,390461,PTFE,Fluoropolymers,PFAS restriction (proposed),144.05,2017882.0,2280207.0,1.13,15829.27
2025,FR,France,True,Intra-EU,390469,Other fluoropolymers,Fluoropolymers,PFAS restriction (proposed),6812.001,161071134.0,182010381.0,1.13,26719.08
2025,GA,Gabon,False,Extra-EU,270900,Crude oil,Oil & gas,EU Methane Regulation,997511.521,485667860.0,548804682.0,1.13,550.17
2025,GB,United Kingdom,False,Extra-EU,270900,Crude oil,Oil & gas,EU Methane Regulation,20810429.445,10142063559.0,11460531822.0,1.13,550.71
2025,GB,United Kingdom,False,Extra-EU,271111,LNG,Oil & gas,EU Methane Regulation,76032.408,57673677.0,65171255.0,1.13,857.15
2025,GB,United Kingdom,False,Extra-EU,271121,Pipeline natural gas,Oil & gas,EU Methane Regulation,5478515.287,3511714684.0,3968237593.0,1.13,724.33
2025,GB,United Kingdom,False,Extra-EU,290341,HFC-23,F-gases (HFCs),F-gas Regulation,0.005,595.0,672.0,1.13,134400.0
2025,GB,United Kingdom,False,Extra-EU,290342,HFC-32 / HFC-41 (difluoro/fluoromethane),F-gases (HFCs),F-gas Regulation,1.778,13943.0,15756.0,1.13,8861.64
2025,GB,United Kingdom,False,Extra-EU,290343,HFC-125 / HFC-134 group,F-gases (HFCs),F-gas Regulation,63.438,810856.0,916267.0,1.13,14443.5
2025,GB,United Kingdom,False,Extra-EU,290344,HFC-143 / HFC-152 group,F-gases (HFCs),F-gas Regulation,0.0,25.0,28.0,1.13,
2025,GB,United Kingdom,False,Extra-EU,290345,HFC-227 / HFC-236 group,F-gases (HFCs),F-gas Regulation,5182.468,53949805.0,60963280.0,1.13,11763.37
2025,GB,United Kingdom,False,Extra-EU,290346,HFC-245 group,F-gases (HFCs),F-gas Regulation,10.827,116171.0,131273.0,1.13,12124.6
2025,GB,United Kingdom,False,Extra-EU,290349,Other saturated fluorinated derivatives,F-gases (HFCs),F-gas Regulation,45.409,2061393.0,2329374.0,1.13,51297.63
2025,GB,United Kingdom,False,Extra-EU,390461,PTFE,Fluoropolymers,PFAS restriction (proposed),929.496,15301503.0,17290698.0,1.13,18602.23
2025,GB,United Kingdom,False,Extra-EU,390469,Other fluoropolymers,Fluoropolymers,PFAS restriction (proposed),904.214,22999641.0,25989594.0,1.13,28742.75
2025,GE,Georgia,False,Extra-EU,270900,Crude oil,Oil & gas,EU Methane Regulation,0.005,29.0,33.0,1.13,6600.0
2025,GH,Ghana,False,Extra-EU,270900,Crude oil,Oil & gas,EU Methane Regulation,625353.38,328783921.0,371525831.0,1.13,594.11
2025,GI,Gibraltar,False,Extra-EU,270900,Crude oil,Oil & gas,EU Methane Regulation,0.003,2.0,2.0,1.13,666.67
2025,GL,Greenland,False,Extra-EU,270900,Crude oil,Oil & gas,EU Methane Regulation,0.004,29.0,33.0,1.13,8250.0
2025,GN,Guinea,False,Extra-EU,270900,Crude oil,Oil & gas,EU Methane Regulation,39330.322,15426112.0,17431507.0,1.13,443.21
2025,GQ,Equatorial Guinea,False,Extra-EU,270900,Crude oil,Oil & gas,EU Methane Regulation,1239361.49,591857428.0,668798894.0,1.13,539.63
2025,GQ,Equatorial Guinea,False,Extra-EU,271111,LNG,Oil & gas,EU Methane Regulation,671798.677,431991062.0,488149900.0,1.13,726.63
2025,GR,Greece,True,Intra-EU,270900,Crude oil,Oil & gas,EU Methane Regulation,49496.617,22231246.0,25121308.0,1.13,507.54
2025,GR,Greece,True,Intra-EU,271111,LNG,Oil & gas,EU Methane Regulation,36.18,21030.0,23764.0,1.13,656.83
2025,GR,Greece,True,Intra-EU,271121,Pipeline natural gas,Oil & gas,EU Methane Regulation,904581.711,326053030.0,368439924.0,1.13,407.3
2025,GR,Greece,True,Intra-EU,290342,HFC-32 / HFC-41 (difluoro/fluoromethane),F-gases (HFCs),F-gas Regulation,5.634,106133.0,119930.0,1.13,21286.83
2025,GR,Greece,True,Intra-EU,290344,HFC-143 / HFC-152 group,F-gases (HFCs),F-gas Regulation,11.338,154057.0,174084.0,1.13,15354.03
2025,GR,Greece,True,Intra-EU,290345,HFC-227 / HFC-236 group,F-gases (HFCs),F-gas Regulation,237.084,3916705.0,4425877.0,1.13,18667.97
2025,GR,Greece,True,Intra-EU,290349,Other saturated fluorinated derivatives,F-gases (HFCs),F-gas Regulation,0.019,624.0,705.0,1.13,37105.26
2025,GR,Greece,True,Intra-EU,390461,PTFE,Fluoropolymers,PFAS restriction (proposed),0.017,392.0,443.0,1.13,26058.82
2025,GR,Greece,True,Intra-EU,390469,Other fluoropolymers,Fluoropolymers,PFAS restriction (proposed),0.04,1186.0,1340.0,1.13,33500.0
2025,GU,Guam,False,Extra-EU,270900,Crude oil,Oil & gas,EU Methane Regulation,0.01,23.0,26.0,1.13,2600.0
2025,GY,Guyana,False,Extra-EU,270900,Crude oil,Oil & gas,EU Methane Regulation,16546666.856,8033359349.0,9077696064.0,1.13,548.61
2025,HK,Hong Kong,False,Extra-EU,270900,Crude oil,Oil & gas,EU Methane Regulation,0.012,252.0,285.0,1.13,23750.0
2025,HK,Hong Kong,False,Extra-EU,290342,HFC-32 / HFC-41 (difluoro/fluoromethane),F-gases (HFCs),F-gas Regulation,3.51,31830.0,35968.0,1.13,10247.29
2025,HK,Hong Kong,False,Extra-EU,290343,HFC-125 / HFC-134 group,F-gases (HFCs),F-gas Regulation,54.0,178577.0,201792.0,1.13,3736.89
2025,HK,Hong Kong,False,Extra-EU,290345,HFC-227 / HFC-236 group,F-gases (HFCs),F-gas Regulation,4.737,41392.0,46773.0,1.13,9873.97
2025,HK,Hong Kong,False,Extra-EU,290349,Other saturated fluorinated derivatives,F-gases (HFCs),F-gas Regulation,2.244,27899.0,31526.0,1.13,14049.02
2025,HK,Hong Kong,False,Extra-EU,390469,Other fluoropolymers,Fluoropolymers,PFAS restriction (proposed),20.375,110761.0,125160.0,1.13,6142.82
2025,HR,Croatia,True,Intra-EU,270900,Crude oil,Oil & gas,EU Methane Regulation,1083374.518,510381018.0,576730550.0,1.13,532.35
2025,HR,Croatia,True,Intra-EU,271111,LNG,Oil & gas,EU Methane Regulation,2076.399,1452753.0,1641611.0,1.13,790.6
2025,HR,Croatia,True,Intra-EU,271121,Pipeline natural gas,Oil & gas,EU Methane Regulation,186169.038,117966922.0,133302622.0,1.13,716.03
2025,HR,Croatia,True,Intra-EU,290341,HFC-23,F-gases (HFCs),F-gas Regulation,0.002,1457.0,1646.0,1.13,823000.0
2025,HR,Croatia,True,Intra-EU,290342,HFC-32 / HFC-41 (difluoro/fluoromethane),F-gases (HFCs),F-gas Regulation,0.811,12475.0,14097.0,1.13,17382.24
2025,HR,Croatia,True,Intra-EU,290344,HFC-143 / HFC-152 group,F-gases (HFCs),F-gas Regulation,0.003,214.0,242.0,1.13,80666.67
2025,HR,Croatia,True,Intra-EU,290345,HFC-227 / HFC-236 group,F-gases (HFCs),F-gas Regulation,113.355,2240759.0,2532058.0,1.13,22337.42
2025,HR,Croatia,True,Intra-EU,290349,Other saturated fluorinated derivatives,F-gases (HFCs),F-gas Regulation,0.0,1.0,1.0,1.13,
2025,HR,Croatia,True,Intra-EU,390461,PTFE,Fluoropolymers,PFAS restriction (proposed),0.099,3866.0,4369.0,1.13,44131.31
2025,HR,Croatia,True,Intra-EU,390469,Other fluoropolymers,Fluoropolymers,PFAS restriction (proposed),0.001,23.0,26.0,1.13,26000.0
2025,HU,Hungary,True,Intra-EU,270900,Crude oil,Oil & gas,EU Methane Regulation,183301.732,76123080.0,86019080.0,1.13,469.28
2025,HU,Hungary,True,Intra-EU,271111,LNG,Oil & gas,EU Methane Regulation,1682.01,905908.0,1023676.0,1.13,608.6
2025,HU,Hungary,True,Intra-EU,271121,Pipeline natural gas,Oil & gas,EU Methane Regulation,253978.8,129770405.0,146640558.0,1.13,577.37
2025,HU,Hungary,True,Intra-EU,290341,HFC-23,F-gases (HFCs),F-gas Regulation,0.006,510.0,576.0,1.13,96000.0
2025,HU,Hungary,True,Intra-EU,290342,HFC-32 / HFC-41 (difluoro/fluoromethane),F-gases (HFCs),F-gas Regulation,9.763,146614.0,165674.0,1.13,16969.58
2025,HU,Hungary,True,Intra-EU,290344,HFC-143 / HFC-152 group,F-gases (HFCs),F-gas Regulation,0.179,3274.0,3700.0,1.13,20670.39
2025,HU,Hungary,True,Intra-EU,290345,HFC-227 / HFC-236 group,F-gases (HFCs),F-gas Regulation,280.088,5214381.0,5892251.0,1.13,21037.14
2025,HU,Hungary,True,Intra-EU,290347,HFC-365mfc / HFC-43-10mee,F-gases (HFCs),F-gas Regulation,10.64,19425.0,21950.0,1.13,2062.97
2025,HU,Hungary,True,Intra-EU,290349,Other saturated fluorinated derivatives,F-gases (HFCs),F-gas Regulation,2.038,34124.0,38560.0,1.13,18920.51
2025,HU,Hungary,True,Intra-EU,390461,PTFE,Fluoropolymers,PFAS restriction (proposed),0.327,9645.0,10899.0,1.13,33330.28
2025,HU,Hungary,True,Intra-EU,390469,Other fluoropolymers,Fluoropolymers,PFAS restriction (proposed),20.632,261782.0,295814.0,1.13,14337.63
2025,ID,Indonesia,False,Extra-EU,270900,Crude oil,Oil & gas,EU Methane Regulation,0.005,157.0,177.0,1.13,35400.0
2025,IE,Ireland,True,Intra-EU,270900,Crude oil,Oil & gas,EU Methane Regulation,0.408,260.0,294.0,1.13,720.59
2025,IE,Ireland,True,Intra-EU,271111,LNG,Oil & gas,EU Methane Regulation,0.11,81.0,92.0,1.13,836.36
2025,IE,Ireland,True,Intra-EU,290342,HFC-32 / HFC-41 (difluoro/fluoromethane),F-gases (HFCs),F-gas Regulation,41.142,2831351.0,3199427.0,1.13,77765.47
2025,IE,Ireland,True,Intra-EU,290344,HFC-143 / HFC-152 group,F-gases (HFCs),F-gas Regulation,0.052,257.0,290.0,1.13,5576.92
2025,IE,Ireland,True,Intra-EU,290345,HFC-227 / HFC-236 group,F-gases (HFCs),F-gas Regulation,324.819,6859773.0,7751543.0,1.13,23864.19
2025,IE,Ireland,True,Intra-EU,290347,HFC-365mfc / HFC-43-10mee,F-gases (HFCs),F-gas Regulation,0.45,44640.0,50443.0,1.13,112095.56
2025,IE,Ireland,True,Intra-EU,290349,Other saturated fluorinated derivatives,F-gases (HFCs),F-gas Regulation,11.215,91415.0,103299.0,1.13,9210.79
2025,IE,Ireland,True,Intra-EU,390461,PTFE,Fluoropolymers,PFAS restriction (proposed),31.298,733868.0,829271.0,1.13,26495.97
2025,IE,Ireland,True,Intra-EU,390469,Other fluoropolymers,Fluoropolymers,PFAS restriction (proposed),84.51,895961.0,1012436.0,1.13,11980.07
2025,IL,Israel,False,Extra-EU,270900,Crude oil,Oil & gas,EU Methane Regulation,644296.154,298323115.0,337105120.0,1.13,523.21
2025,IL,Israel,False,Extra-EU,390469,Other fluoropolymers,Fluoropolymers,PFAS restriction (proposed),1.45,2030.0,2294.0,1.13,1582.07
2025,IN,India,False,Extra-EU,270900,Crude oil,Oil & gas,EU Methane Regulation,1333.0,119970.0,135566.0,1.13,101.7
2025,IN,India,False,Extra-EU,290342,HFC-32 / HFC-41 (difluoro/fluoromethane),F-gases (HFCs),F-gas Regulation,737.49,3835239.0,4333820.0,1.13,5876.45
2025,IN,India,False,Extra-EU,290345,HFC-227 / HFC-236 group,F-gases (HFCs),F-gas Regulation,36.165,299621.0,338572.0,1.13,9361.87
2025,IN,India,False,Extra-EU,290349,Other saturated fluorinated derivatives,F-gases (HFCs),F-gas Regulation,0.003,19711.0,22273.0,1.13,7424333.33
2025,IN,India,False,Extra-EU,390461,PTFE,Fluoropolymers,PFAS restriction (proposed),6813.581,68037587.0,76882473.0,1.13,11283.71
2025,IN,India,False,Extra-EU,390469,Other fluoropolymers,Fluoropolymers,PFAS restriction (proposed),1793.842,35565520.0,40189038.0,1.13,22403.89
2025,IQ,Iraq,False,Extra-EU,270900,Crude oil,Oil & gas,EU Methane Regulation,25372958.394,11099889073.0,12542874652.0,1.13,494.34
2025,IQ,Iraq,False,Extra-EU,390461,PTFE,Fluoropolymers,PFAS restriction (proposed),0.025,300.0,339.0,1.13,13560.0
2025,IT,Italy,True,Intra-EU,270900,Crude oil,Oil & gas,EU Methane Regulation,651161.898,246545914.0,278596883.0,1.13,427.85
2025,IT,Italy,True,Intra-EU,271111,LNG,Oil & gas,EU Methane Regulation,42.853,26537.0,29987.0,1.13,699.76
2025,IT,Italy,True,Intra-EU,271121,Pipeline natural gas,Oil & gas,EU Methane Regulation,38412.63,25433150.0,28739459.0,1.13,748.18
2025,IT,Italy,True,Intra-EU,290341,HFC-23,F-gases (HFCs),F-gas Regulation,1.972,27207.0,30744.0,1.13,15590.26
2025,IT,Italy,True,Intra-EU,290342,HFC-32 / HFC-41 (difluoro/fluoromethane),F-gases (HFCs),F-gas Regulation,387.342,5259877.0,5943661.0,1.13,15344.74
2025,IT,Italy,True,Intra-EU,290343,HFC-125 / HFC-134 group,F-gases (HFCs),F-gas Regulation,159.069,954492.0,1078576.0,1.13,6780.55
2025,IT,Italy,True,Intra-EU,290344,HFC-143 / HFC-152 group,F-gases (HFCs),F-gas Regulation,238.247,5798767.0,6552607.0,1.13,27503.42
2025,IT,Italy,True,Intra-EU,290345,HFC-227 / HFC-236 group,F-gases (HFCs),F-gas Regulation,669.955,15333566.0,17326930.0,1.13,25862.83
2025,IT,Italy,True,Intra-EU,290346,HFC-245 group,F-gases (HFCs),F-gas Regulation,19.602,519879.0,587463.0,1.13,29969.54
2025,IT,Italy,True,Intra-EU,290347,HFC-365mfc / HFC-43-10mee,F-gases (HFCs),F-gas Regulation,0.03,2391.0,2702.0,1.13,90066.67
2025,IT,Italy,True,Intra-EU,290348,HFC-134a and other saturated HFCs,F-gases (HFCs),F-gas Regulation,1.152,1019.0,1151.0,1.13,999.13
2025,IT,Italy,True,Intra-EU,290349,Other saturated fluorinated derivatives,F-gases (HFCs),F-gas Regulation,136.52,256734.0,290109.0,1.13,2125.03
2025,IT,Italy,True,Intra-EU,390461,PTFE,Fluoropolymers,PFAS restriction (proposed),3599.401,58698108.0,66328862.0,1.13,18427.75
2025,IT,Italy,True,Intra-EU,390469,Other fluoropolymers,Fluoropolymers,PFAS restriction (proposed),2940.513,82815591.0,93581618.0,1.13,31824.93
2025,JM,Jamaica,False,Extra-EU,271111,LNG,Oil & gas,EU Methane Regulation,19517.054,12246714.0,13838787.0,1.13,709.06
2025,JP,Japan,False,Extra-EU,290341,HFC-23,F-gases (HFCs),F-gas Regulation,0.255,16952.0,19156.0,1.13,75121.57
2025,JP,Japan,False,Extra-EU,290346,HFC-245 group,F-gases (HFCs),F-gas Regulation,0.816,110535.0,124905.0,1.13,153069.85
2025,JP,Japan,False,Extra-EU,290348,HFC-134a and other saturated HFCs,F-gases (HFCs),F-gas Regulation,17.7,414953.0,468897.0,1.13,26491.36
2025,JP,Japan,False,Extra-EU,290349,Other saturated fluorinated derivatives,F-gases (HFCs),F-gas Regulation,32.128,1890645.0,2136429.0,1.13,66497.42
2025,JP,Japan,False,Extra-EU,390461,PTFE,Fluoropolymers,PFAS restriction (proposed),364.406,5752135.0,6499913.0,1.13,17837.01
2025,JP,Japan,False,Extra-EU,390469,Other fluoropolymers,Fluoropolymers,PFAS restriction (proposed),4009.725,98040613.0,110785893.0,1.13,27629.3
2025,KH,Cambodia,False,Extra-EU,390469,Other fluoropolymers,Fluoropolymers,PFAS restriction (proposed),0.5,12963.0,14648.0,1.13,29296.0
2025,KR,South Korea,False,Extra-EU,290342,HFC-32 / HFC-41 (difluoro/fluoromethane),F-gases (HFCs),F-gas Regulation,0.12,18544.0,20955.0,1.13,174625.0
2025,KR,South Korea,False,Extra-EU,290343,HFC-125 / HFC-134 group,F-gases (HFCs),F-gas Regulation,0.375,183088.0,206889.0,1.13,551704.0
2025,KR,South Korea,False,Extra-EU,290345,HFC-227 / HFC-236 group,F-gases (HFCs),F-gas Regulation,0.024,1045.0,1181.0,1.13,49208.33
2025,KR,South Korea,False,Extra-EU,390461,PTFE,Fluoropolymers,PFAS restriction (proposed),129.706,2707380.0,3059339.0,1.13,23586.72
2025,KR,South Korea,False,Extra-EU,390469,Other fluoropolymers,Fluoropolymers,PFAS restriction (proposed),69.551,1015472.0,1147483.0,1.13,16498.44
2025,KW,Kuwait,False,Extra-EU,390461,PTFE,Fluoropolymers,PFAS restriction (proposed),0.001,14.0,16.0,1.13,16000.0
2025,KZ,Kazakhstan,False,Extra-EU,270900,Crude oil,Oil & gas,EU Methane Regulation,55908870.013,27013300079.0,30525029089.0,1.13,545.98
2025,KZ,Kazakhstan,False,Extra-EU,271121,Pipeline natural gas,Oil & gas,EU Methane Regulation,275623.338,312654629.0,353299731.0,1.13,1281.82
2025,LR,Liberia,False,Extra-EU,270900,Crude oil,Oil & gas,EU Methane Regulation,359807.105,169621889.0,191672735.0,1.13,532.71
2025,LT,Lithuania,True,Intra-EU,270900,Crude oil,Oil & gas,EU Methane Regulation,1919.796,472792.0,534255.0,1.13,278.29
2025,LT,Lithuania,True,Intra-EU,271111,LNG,Oil & gas,EU Methane Regulation,40231.767,31844321.0,35984083.0,1.13,894.42
2025,LT,Lithuania,True,Intra-EU,271121,Pipeline natural gas,Oil & gas,EU Methane Regulation,586975.86,331898891.0,375045747.0,1.13,638.95
2025,LT,Lithuania,True,Intra-EU,290342,HFC-32 / HFC-41 (difluoro/fluoromethane),F-gases (HFCs),F-gas Regulation,12.398,173729.0,196314.0,1.13,15834.33
2025,LT,Lithuania,True,Intra-EU,290344,HFC-143 / HFC-152 group,F-gases (HFCs),F-gas Regulation,116.167,3207605.0,3624594.0,1.13,31201.58
2025,LT,Lithuania,True,Intra-EU,290345,HFC-227 / HFC-236 group,F-gases (HFCs),F-gas Regulation,516.301,10467179.0,11827912.0,1.13,22908.95
2025,LT,Lithuania,True,Intra-EU,290349,Other saturated fluorinated derivatives,F-gases (HFCs),F-gas Regulation,0.0,3.0,3.0,1.13,
2025,LT,Lithuania,True,Intra-EU,390461,PTFE,Fluoropolymers,PFAS restriction (proposed),0.296,5025.0,5678.0,1.13,19182.43
2025,LT,Lithuania,True,Intra-EU,390469,Other fluoropolymers,Fluoropolymers,PFAS restriction (proposed),20.694,303500.0,342955.0,1.13,16572.68
2025,LU,Luxembourg,True,Intra-EU,270900,Crude oil,Oil & gas,EU Methane Regulation,0.159,164.0,185.0,1.13,1163.52
2025,LU,Luxembourg,True,Intra-EU,271111,LNG,Oil & gas,EU Methane Regulation,87603.881,55803865.0,63058367.0,1.13,719.81
2025,LU,Luxembourg,True,Intra-EU,271121,Pipeline natural gas,Oil & gas,EU Methane Regulation,35304.118,21092775.0,23834836.0,1.13,675.13
2025,LU,Luxembourg,True,Intra-EU,290342,HFC-32 / HFC-41 (difluoro/fluoromethane),F-gases (HFCs),F-gas Regulation,0.005,54.0,61.0,1.13,12200.0
2025,LU,Luxembourg,True,Intra-EU,290344,HFC-143 / HFC-152 group,F-gases (HFCs),F-gas Regulation,0.071,417.0,471.0,1.13,6633.8
2025,LU,Luxembourg,True,Intra-EU,290345,HFC-227 / HFC-236 group,F-gases (HFCs),F-gas Regulation,0.094,4592.0,5189.0,1.13,55202.13
2025,LU,Luxembourg,True,Intra-EU,290349,Other saturated fluorinated derivatives,F-gases (HFCs),F-gas Regulation,0.0,4.0,5.0,1.13,
2025,LU,Luxembourg,True,Intra-EU,390461,PTFE,Fluoropolymers,PFAS restriction (proposed),4.63,140679.0,158967.0,1.13,34334.13
2025,LU,Luxembourg,True,Intra-EU,390469,Other fluoropolymers,Fluoropolymers,PFAS restriction (proposed),2.053,48225.0,54494.0,1.13,26543.59
2025,LV,Latvia,True,Intra-EU,270900,Crude oil,Oil & gas,EU Methane Regulation,7492.271,1577268.0,1782313.0,1.13,237.89
2025,LV,Latvia,True,Intra-EU,271111,LNG,Oil & gas,EU Methane Regulation,0.001,1.0,1.0,1.13,1000.0
2025,LV,Latvia,True,Intra-EU,271121,Pipeline natural gas,Oil & gas,EU Methane Regulation,613864.964,390523821.0,441291918.0,1.13,718.87
2025,LV,Latvia,True,Intra-EU,290342,HFC-32 / HFC-41 (difluoro/fluoromethane),F-gases (HFCs),F-gas Regulation,24.362,337356.0,381212.0,1.13,15647.81
2025,LV,Latvia,True,Intra-EU,290343,HFC-125 / HFC-134 group,F-gases (HFCs),F-gas Regulation,2.268,60320.0,68162.0,1.13,30053.79
2025,LV,Latvia,True,Intra-EU,290344,HFC-143 / HFC-152 group,F-gases (HFCs),F-gas Regulation,94.285,1535128.0,1734695.0,1.13,18398.42
2025,LV,Latvia,True,Intra-EU,290345,HFC-227 / HFC-236 group,F-gases (HFCs),F-gas Regulation,316.148,6031943.0,6816096.0,1.13,21559.83
2025,LV,Latvia,True,Intra-EU,290349,Other saturated fluorinated derivatives,F-gases (HFCs),F-gas Regulation,0.0,5.0,6.0,1.13,
2025,LV,Latvia,True,Intra-EU,390461,PTFE,Fluoropolymers,PFAS restriction (proposed),0.003,317.0,358.0,1.13,119333.33
2025,LV,Latvia,True,Intra-EU,390469,Other fluoropolymers,Fluoropolymers,PFAS restriction (proposed),0.01,366.0,414.0,1.13,41400.0
2025,LY,Libya,False,Extra-EU,270900,Crude oil,Oil & gas,EU Methane Regulation,39536965.002,19164467326.0,21655848078.0,1.13,547.74
2025,LY,Libya,False,Extra-EU,271121,Pipeline natural gas,Oil & gas,EU Methane Regulation,693462.0,362528903.0,409657660.0,1.13,590.74
2025,MA,Morocco,False,Extra-EU,290345,HFC-227 / HFC-236 group,F-gases (HFCs),F-gas Regulation,14.334,100784.0,113886.0,1.13,7945.17
2025,MD,Moldova,False,Extra-EU,270900,Crude oil,Oil & gas,EU Methane Regulation,49.87,25376.0,28675.0,1.13,574.99
2025,MK,North Macedonia,False,Extra-EU,290349,Other saturated fluorinated derivatives,F-gases (HFCs),F-gas Regulation,0.238,9930.0,11221.0,1.13,47147.06
2025,MR,Mauritania,False,Extra-EU,270900,Crude oil,Oil & gas,EU Methane Regulation,44731.489,17246861.0,19488953.0,1.13,435.69
2025,MR,Mauritania,False,Extra-EU,271111,LNG,Oil & gas,EU Methane Regulation,146672.81,71933567.0,81284931.0,1.13,554.19
2025,MT,Malta,True,Intra-EU,290342,HFC-32 / HFC-41 (difluoro/fluoromethane),F-gases (HFCs),F-gas Regulation,0.0,1.0,1.0,1.13,
2025,MT,Malta,True,Intra-EU,290345,HFC-227 / HFC-236 group,F-gases (HFCs),F-gas Regulation,0.0,9.0,10.0,1.13,
2025,MT,Malta,True,Intra-EU,390461,PTFE,Fluoropolymers,PFAS restriction (proposed),0.002,30.0,34.0,1.13,17000.0
2025,MT,Malta,True,Intra-EU,390469,Other fluoropolymers,Fluoropolymers,PFAS restriction (proposed),0.0,2.0,2.0,1.13,
2025,MU,Mauritius,False,Extra-EU,270900,Crude oil,Oil & gas,EU Methane Regulation,0.009,51.0,58.0,1.13,6444.44
2025,MX,Mexico,False,Extra-EU,270900,Crude oil,Oil & gas,EU Methane Regulation,9374988.48,3969281105.0,4485287649.0,1.13,478.43
2025,MX,Mexico,False,Extra-EU,271111,LNG,Oil & gas,EU Methane Regulation,31569.629,50347742.0,56892948.0,1.13,1802.14
2025,MX,Mexico,False,Extra-EU,390461,PTFE,Fluoropolymers,PFAS restriction (proposed),2.989,185512.0,209629.0,1.13,70133.49
2025,MX,Mexico,False,Extra-EU,390469,Other fluoropolymers,Fluoropolymers,PFAS restriction (proposed),0.179,19332.0,21845.0,1.13,122039.11
2025,MY,Malaysia,False,Extra-EU,270900,Crude oil,Oil & gas,EU Methane Regulation,0.234,191.0,216.0,1.13,923.08
2025,MY,Malaysia,False,Extra-EU,390461,PTFE,Fluoropolymers,PFAS restriction (proposed),0.106,4073.0,4602.0,1.13,43415.09
2025,NC,New Caledonia,False,Extra-EU,290346,HFC-245 group,F-gases (HFCs),F-gas Regulation,0.8,3708.0,4190.0,1.13,5237.5
2025,NE,Niger,False,Extra-EU,270900,Crude oil,Oil & gas,EU Methane Regulation,3077987.828,1354547115.0,1530638240.0,1.13,497.29
2025,NG,Nigeria,False,Extra-EU,270900,Crude oil,Oil & gas,EU Methane Regulation,25287535.548,12510474899.0,14136836636.0,1.13,559.04
2025,NG,Nigeria,False,Extra-EU,271111,LNG,Oil & gas,EU Methane Regulation,4391775.97,2260588944.0,2554465507.0,1.13,581.65
2025,NL,Netherlands,True,Intra-EU,270900,Crude oil,Oil & gas,EU Methane Regulation,47357912.019,23372400813.0,26410812919.0,1.13,557.69
2025,NL,Netherlands,True,Intra-EU,271111,LNG,Oil & gas,EU Methane Regulation,278576.537,166083073.0,187673872.0,1.13,673.69
2025,NL,Netherlands,True,Intra-EU,271121,Pipeline natural gas,Oil & gas,EU Methane Regulation,3217849.103,1757757442.0,1986265909.0,1.13,617.27
2025,NL,Netherlands,True,Intra-EU,290341,HFC-23,F-gases (HFCs),F-gas Regulation,0.69,79754.0,90122.0,1.13,130611.59
2025,NL,Netherlands,True,Intra-EU,290342,HFC-32 / HFC-41 (difluoro/fluoromethane),F-gases (HFCs),F-gas Regulation,41739.568,13084759.0,14785778.0,1.13,354.24
2025,NL,Netherlands,True,Intra-EU,290343,HFC-125 / HFC-134 group,F-gases (HFCs),F-gas Regulation,77.203,570203.0,644329.0,1.13,8345.91
2025,NL,Netherlands,True,Intra-EU,290344,HFC-143 / HFC-152 group,F-gases (HFCs),F-gas Regulation,0.001,27859.0,31481.0,1.13,31481000.0
2025,NL,Netherlands,True,Intra-EU,290345,HFC-227 / HFC-236 group,F-gases (HFCs),F-gas Regulation,2877.28,67992034.0,76830998.0,1.13,26702.65
2025,NL,Netherlands,True,Intra-EU,290346,HFC-245 group,F-gases (HFCs),F-gas Regulation,4.512,199377.0,225296.0,1.13,49932.62
2025,NL,Netherlands,True,Intra-EU,290348,HFC-134a and other saturated HFCs,F-gases (HFCs),F-gas Regulation,1.677,195124.0,220490.0,1.13,131478.83
2025,NL,Netherlands,True,Intra-EU,290349,Other saturated fluorinated derivatives,F-gases (HFCs),F-gas Regulation,1235.482,1152820.0,1302687.0,1.13,1054.4
2025,NL,Netherlands,True,Intra-EU,390461,PTFE,Fluoropolymers,PFAS restriction (proposed),2975.425,47133184.0,53260498.0,1.13,17900.13
2025,NL,Netherlands,True,Intra-EU,390469,Other fluoropolymers,Fluoropolymers,PFAS restriction (proposed),6615.579,57532580.0,65011815.0,1.13,9827.08
2025,NO,Norway,False,Extra-EU,270900,Crude oil,Oil & gas,EU Methane Regulation,55565248.885,30454092879.0,34413124953.0,1.13,619.33
2025,NO,Norway,False,Extra-EU,271111,LNG,Oil & gas,EU Methane Regulation,1079791.853,887374663.0,1002733369.0,1.13,928.64
2025,NO,Norway,False,Extra-EU,271121,Pipeline natural gas,Oil & gas,EU Methane Regulation,16258780.893,8876677490.0,10030645564.0,1.13,616.94
2025,NO,Norway,False,Extra-EU,290349,Other saturated fluorinated derivatives,F-gases (HFCs),F-gas Regulation,0.08,3444.0,3892.0,1.13,48650.0
2025,NO,Norway,False,Extra-EU,390461,PTFE,Fluoropolymers,PFAS restriction (proposed),1.557,11445.0,12933.0,1.13,8306.36
2025,NO,Norway,False,Extra-EU,390469,Other fluoropolymers,Fluoropolymers,PFAS restriction (proposed),48.466,18808.0,21253.0,1.13,438.51
2025,OM,Oman,False,Extra-EU,270900,Crude oil,Oil & gas,EU Methane Regulation,1.111,2229.0,2519.0,1.13,2267.33
2025,PA,Panama,False,Extra-EU,290346,HFC-245 group,F-gases (HFCs),F-gas Regulation,0.0,43.0,49.0,1.13,
2025,PE,Peru,False,Extra-EU,270900,Crude oil,Oil & gas,EU Methane Regulation,0.034,702.0,793.0,1.13,23323.53
2025,PE,Peru,False,Extra-EU,271111,LNG,Oil & gas,EU Methane Regulation,578267.426,548489368.0,619792986.0,1.13,1071.81
2025,PH,Philippines,False,Extra-EU,270900,Crude oil,Oil & gas,EU Methane Regulation,0.005,115.0,130.0,1.13,26000.0
2025,PL,Poland,True,Intra-EU,270900,Crude oil,Oil & gas,EU Methane Regulation,21632.188,10044271.0,11350026.0,1.13,524.68
2025,PL,Poland,True,Intra-EU,271111,LNG,Oil & gas,EU Methane Regulation,2450.411,2377609.0,2686698.0,1.13,1096.43
2025,PL,Poland,True,Intra-EU,290341,HFC-23,F-gases (HFCs),F-gas Regulation,1.674,34207.0,38654.0,1.13,23090.8
2025,PL,Poland,True,Intra-EU,290342,HFC-32 / HFC-41 (difluoro/fluoromethane),F-gases (HFCs),F-gas Regulation,376.016,3706356.0,4188182.0,1.13,11138.31
2025,PL,Poland,True,Intra-EU,290343,HFC-125 / HFC-134 group,F-gases (HFCs),F-gas Regulation,0.001,50.0,56.0,1.13,56000.0
2025,PL,Poland,True,Intra-EU,290344,HFC-143 / HFC-152 group,F-gases (HFCs),F-gas Regulation,21.561,855537.0,966757.0,1.13,44838.23
2025,PL,Poland,True,Intra-EU,290345,HFC-227 / HFC-236 group,F-gases (HFCs),F-gas Regulation,527.437,11221441.0,12680228.0,1.13,24041.22
2025,PL,Poland,True,Intra-EU,290349,Other saturated fluorinated derivatives,F-gases (HFCs),F-gas Regulation,1.269,38773.0,43813.0,1.13,34525.61
2025,PL,Poland,True,Intra-EU,390461,PTFE,Fluoropolymers,PFAS restriction (proposed),20.671,1061794.0,1199827.0,1.13,58043.97
2025,PL,Poland,True,Intra-EU,390469,Other fluoropolymers,Fluoropolymers,PFAS restriction (proposed),349.726,1104181.0,1247725.0,1.13,3567.72
2025,PT,Portugal,True,Intra-EU,270900,Crude oil,Oil & gas,EU Methane Regulation,0.061,37.0,42.0,1.13,688.52
2025,PT,Portugal,True,Intra-EU,271111,LNG,Oil & gas,EU Methane Regulation,3408.792,2275933.0,2571804.0,1.13,754.46
2025,PT,Portugal,True,Intra-EU,271121,Pipeline natural gas,Oil & gas,EU Methane Regulation,21236.911,12571922.0,14206272.0,1.13,668.94
2025,PT,Portugal,True,Intra-EU,290342,HFC-32 / HFC-41 (difluoro/fluoromethane),F-gases (HFCs),F-gas Regulation,0.027,573.0,647.0,1.13,23962.96
2025,PT,Portugal,True,Intra-EU,290344,HFC-143 / HFC-152 group,F-gases (HFCs),F-gas Regulation,0.039,192.0,217.0,1.13,5564.1
2025,PT,Portugal,True,Intra-EU,290345,HFC-227 / HFC-236 group,F-gases (HFCs),F-gas Regulation,1.801,63950.0,72264.0,1.13,40124.38
2025,PT,Portugal,True,Intra-EU,390461,PTFE,Fluoropolymers,PFAS restriction (proposed),2.308,55754.0,63002.0,1.13,27297.23
2025,PT,Portugal,True,Intra-EU,390469,Other fluoropolymers,Fluoropolymers,PFAS restriction (proposed),108.22,1531846.0,1730986.0,1.13,15995.07
2025,QA,Qatar,False,Extra-EU,270900,Crude oil,Oil & gas,EU Methane Regulation,24.932,16202.0,18308.0,1.13,734.32
2025,QA,Qatar,False,Extra-EU,271111,LNG,Oil & gas,EU Methane Regulation,7285851.667,3909171066.0,4417363305.0,1.13,606.29
2025,QP,High seas,False,Extra-EU,270900,Crude oil,Oil & gas,EU Methane Regulation,67322.489,35529420.0,40148245.0,1.13,596.36
2025,QV,Countries not specified (intra-EU),False,Extra-EU,270900,Crude oil,Oil & gas,EU Methane Regulation,184469.694,83152369.0,93962177.0,1.13,509.36
2025,QV,Countries not specified (intra-EU),False,Extra-EU,271121,Pipeline natural gas,Oil & gas,EU Methane Regulation,2998877.52,1736342546.0,1962067077.0,1.13,654.27
2025,QV,Countries not specified (intra-EU),False,Extra-EU,390469,Other fluoropolymers,Fluoropolymers,PFAS restriction (proposed),0.138,48300.0,54579.0,1.13,395500.0
2025,QW,Countries not specified (extra-EU),False,Extra-EU,270900,Crude oil,Oil & gas,EU Methane Regulation,179080.167,90870391.0,102683542.0,1.13,573.39
2025,QW,Countries not specified (extra-EU),False,Extra-EU,271111,LNG,Oil & gas,EU Methane Regulation,10863.036,6819506.0,7706042.0,1.13,709.38
2025,QW,Countries not specified (extra-EU),False,Extra-EU,271121,Pipeline natural gas,Oil & gas,EU Methane Regulation,9401.993,4562218.0,5155306.0,1.13,548.32
2025,QW,Countries not specified (extra-EU),False,Extra-EU,290345,HFC-227 / HFC-236 group,F-gases (HFCs),F-gas Regulation,0.168,2338.0,2642.0,1.13,15726.19
2025,QW,Countries not specified (extra-EU),False,Extra-EU,390461,PTFE,Fluoropolymers,PFAS restriction (proposed),0.078,4780.0,5401.0,1.13,69243.59
2025,QW,Countries not specified (extra-EU),False,Extra-EU,390469,Other fluoropolymers,Fluoropolymers,PFAS restriction (proposed),0.141,5351.0,6047.0,1.13,42886.52
2025,RO,Romania,True,Intra-EU,270900,Crude oil,Oil & gas,EU Methane Regulation,3516.48,2604088.0,2942619.0,1.13,836.81
2025,RO,Romania,True,Intra-EU,271111,LNG,Oil & gas,EU Methane Regulation,129.189,85273.0,96358.0,1.13,745.87
2025,RO,Romania,True,Intra-EU,271121,Pipeline natural gas,Oil & gas,EU Methane Regulation,110559.339,56075251.0,63365034.0,1.13,573.13
2025,RO,Romania,True,Intra-EU,290342,HFC-32 / HFC-41 (difluoro/fluoromethane),F-gases (HFCs),F-gas Regulation,0.014,153.0,173.0,1.13,12357.14
2025,RO,Romania,True,Intra-EU,290344,HFC-143 / HFC-152 group,F-gases (HFCs),F-gas Regulation,0.025,126.0,142.0,1.13,5680.0
2025,RO,Romania,True,Intra-EU,290345,HFC-227 / HFC-236 group,F-gases (HFCs),F-gas Regulation,118.435,2482364.0,2805071.0,1.13,23684.48
2025,RO,Romania,True,Intra-EU,290349,Other saturated fluorinated derivatives,F-gases (HFCs),F-gas Regulation,0.828,5091.0,5753.0,1.13,6948.07
2025,RO,Romania,True,Intra-EU,390461,PTFE,Fluoropolymers,PFAS restriction (proposed),66.669,2066787.0,2335469.0,1.13,35030.81
2025,RO,Romania,True,Intra-EU,390469,Other fluoropolymers,Fluoropolymers,PFAS restriction (proposed),26.752,378615.0,427835.0,1.13,15992.64
2025,RU,Russian Federation,False,Extra-EU,270900,Crude oil,Oil & gas,EU Methane Regulation,9735547.0,4037034254.0,4561848707.0,1.13,468.58
2025,RU,Russian Federation,False,Extra-EU,271111,LNG,Oil & gas,EU Methane Regulation,8202808.332,7424687022.0,8389896335.0,1.13,1022.81
2025,RU,Russian Federation,False,Extra-EU,271121,Pipeline natural gas,Oil & gas,EU Methane Regulation,10533725.374,5814018526.0,6569840934.0,1.13,623.7
2025,RW,Rwanda,False,Extra-EU,271111,LNG,Oil & gas,EU Methane Regulation,0.026,370.0,418.0,1.13,16076.92
2025,SA,Saudi Arabia,False,Extra-EU,270900,Crude oil,Oil & gas,EU Methane Regulation,29558069.447,13857526684.0,15659005153.0,1.13,529.77
2025,SA,Saudi Arabia,False,Extra-EU,390461,PTFE,Fluoropolymers,PFAS restriction (proposed),0.002,2.0,2.0,1.13,1000.0
2025,SA,Saudi Arabia,False,Extra-EU,390469,Other fluoropolymers,Fluoropolymers,PFAS restriction (proposed),0.432,8585.0,9701.0,1.13,22456.02
2025,SB,Solomon Islands,False,Extra-EU,390469,Other fluoropolymers,Fluoropolymers,PFAS restriction (proposed),0.003,106.0,120.0,1.13,40000.0
2025,SD,Sudan,False,Extra-EU,270900,Crude oil,Oil & gas,EU Methane Regulation,746130.043,344796705.0,389620277.0,1.13,522.19
2025,SE,Sweden,True,Intra-EU,270900,Crude oil,Oil & gas,EU Methane Regulation,1.523,20202.0,22828.0,1.13,14988.84
2025,SE,Sweden,True,Intra-EU,271111,LNG,Oil & gas,EU Methane Regulation,14173.012,7539643.0,8519797.0,1.13,601.13
2025,SE,Sweden,True,Intra-EU,290342,HFC-32 / HFC-41 (difluoro/fluoromethane),F-gases (HFCs),F-gas Regulation,8.581,81427.0,92013.0,1.13,10722.88
2025,SE,Sweden,True,Intra-EU,290345,HFC-227 / HFC-236 group,F-gases (HFCs),F-gas Regulation,20.309,353228.0,399148.0,1.13,19653.75
2025,SE,Sweden,True,Intra-EU,290349,Other saturated fluorinated derivatives,F-gases (HFCs),F-gas Regulation,0.116,28583.0,32299.0,1.13,278439.66
2025,SE,Sweden,True,Intra-EU,390461,PTFE,Fluoropolymers,PFAS restriction (proposed),4.73,125917.0,142286.0,1.13,30081.61
2025,SE,Sweden,True,Intra-EU,390469,Other fluoropolymers,Fluoropolymers,PFAS restriction (proposed),147.793,2751760.0,3109489.0,1.13,21039.49
2025,SG,Singapore,False,Extra-EU,270900,Crude oil,Oil & gas,EU Methane Regulation,0.001,260.0,294.0,1.13,294000.0
2025,SG,Singapore,False,Extra-EU,290341,HFC-23,F-gases (HFCs),F-gas Regulation,0.007,2179.0,2462.0,1.13,351714.29
2025,SG,Singapore,False,Extra-EU,290345,HFC-227 / HFC-236 group,F-gases (HFCs),F-gas Regulation,2.697,23115.0,26120.0,1.13,9684.84
2025,SG,Singapore,False,Extra-EU,290346,HFC-245 group,F-gases (HFCs),F-gas Regulation,2.101,20827.0,23535.0,1.13,11201.81
2025,SG,Singapore,False,Extra-EU,290349,Other saturated fluorinated derivatives,F-gases (HFCs),F-gas Regulation,0.08,24011.0,27132.0,1.13,339150.0
2025,SG,Singapore,False,Extra-EU,390461,PTFE,Fluoropolymers,PFAS restriction (proposed),0.603,15196.0,17171.0,1.13,28475.95
2025,SG,Singapore,False,Extra-EU,390469,Other fluoropolymers,Fluoropolymers,PFAS restriction (proposed),98.791,2942702.0,3325253.0,1.13,33659.47
2025,SI,Slovenia,True,Intra-EU,270900,Crude oil,Oil & gas,EU Methane Regulation,5305.212,3706413.0,4188247.0,1.13,789.46
2025,SI,Slovenia,True,Intra-EU,271121,Pipeline natural gas,Oil & gas,EU Methane Regulation,14041.365,9982617.0,11280357.0,1.13,803.37
2025,SI,Slovenia,True,Intra-EU,290342,HFC-32 / HFC-41 (difluoro/fluoromethane),F-gases (HFCs),F-gas Regulation,1.326,24785.0,28007.0,1.13,21121.42
2025,SI,Slovenia,True,Intra-EU,290344,HFC-143 / HFC-152 group,F-gases (HFCs),F-gas Regulation,0.063,309.0,349.0,1.13,5539.68
2025,SI,Slovenia,True,Intra-EU,290345,HFC-227 / HFC-236 group,F-gases (HFCs),F-gas Regulation,91.592,2141277.0,2419643.0,1.13,26417.62
2025,SI,Slovenia,True,Intra-EU,290349,Other saturated fluorinated derivatives,F-gases (HFCs),F-gas Regulation,2.912,15305.0,17295.0,1.13,5939.22
2025,SI,Slovenia,True,Intra-EU,390461,PTFE,Fluoropolymers,PFAS restriction (proposed),1.622,96493.0,109037.0,1.13,67223.8
2025,SI,Slovenia,True,Intra-EU,390469,Other fluoropolymers,Fluoropolymers,PFAS restriction (proposed),0.67,23293.0,26321.0,1.13,39285.07
2025,SK,Slovakia,True,Intra-EU,270900,Crude oil,Oil & gas,EU Methane Regulation,772.773,327065.0,369583.0,1.13,478.26
2025,SK,Slovakia,True,Intra-EU,271111,LNG,Oil & gas,EU Methane Regulation,15.573,14677.0,16585.0,1.13,1064.98
2025,SK,Slovakia,True,Intra-EU,271121,Pipeline natural gas,Oil & gas,EU Methane Regulation,499726.091,289145651.0,326734586.0,1.13,653.83
2025,SK,Slovakia,True,Intra-EU,290342,HFC-32 / HFC-41 (difluoro/fluoromethane),F-gases (HFCs),F-gas Regulation,5.286,101715.0,114938.0,1.13,21743.85
2025,SK,Slovakia,True,Intra-EU,290344,HFC-143 / HFC-152 group,F-gases (HFCs),F-gas Regulation,51.335,1008646.0,1139770.0,1.13,22202.59
2025,SK,Slovakia,True,Intra-EU,290345,HFC-227 / HFC-236 group,F-gases (HFCs),F-gas Regulation,373.514,5688111.0,6427565.0,1.13,17208.36
2025,SK,Slovakia,True,Intra-EU,290349,Other saturated fluorinated derivatives,F-gases (HFCs),F-gas Regulation,0.001,103.0,116.0,1.13,116000.0
2025,SK,Slovakia,True,Intra-EU,390461,PTFE,Fluoropolymers,PFAS restriction (proposed),0.864,22490.0,25414.0,1.13,29414.35
2025,SK,Slovakia,True,Intra-EU,390469,Other fluoropolymers,Fluoropolymers,PFAS restriction (proposed),0.013,423.0,478.0,1.13,36769.23
2025,SN,Senegal,False,Extra-EU,270900,Crude oil,Oil & gas,EU Methane Regulation,3831559.738,1787717581.0,2020120867.0,1.13,527.23
2025,SN,Senegal,False,Extra-EU,271111,LNG,Oil & gas,EU Methane Regulation,213357.311,109562869.0,123806042.0,1.13,580.28
2025,SY,Syria,False,Extra-EU,270900,Crude oil,Oil & gas,EU Methane Regulation,83354.7,31800079.0,35934089.0,1.13,431.1
2025,TD,Chad,False,Extra-EU,270900,Crude oil,Oil & gas,EU Methane Regulation,3417763.016,1566847737.0,1770537943.0,1.13,518.04
2025,TG,Togo,False,Extra-EU,270900,Crude oil,Oil & gas,EU Methane Regulation,0.002,1.0,1.0,1.13,500.0
2025,TH,Thailand,False,Extra-EU,270900,Crude oil,Oil & gas,EU Methane Regulation,2.199,1154.0,1304.0,1.13,593.0
2025,TH,Thailand,False,Extra-EU,390461,PTFE,Fluoropolymers,PFAS restriction (proposed),1.016,41459.0,46849.0,1.13,46111.22
2025,TH,Thailand,False,Extra-EU,390469,Other fluoropolymers,Fluoropolymers,PFAS restriction (proposed),0.118,13288.0,15015.0,1.13,127245.76
2025,TM,Turkmenistan,False,Extra-EU,270900,Crude oil,Oil & gas,EU Methane Regulation,0.001,23.0,26.0,1.13,26000.0
2025,TN,Tunisia,False,Extra-EU,270900,Crude oil,Oil & gas,EU Methane Regulation,560895.448,277364403.0,313421775.0,1.13,558.79
2025,TN,Tunisia,False,Extra-EU,290342,HFC-32 / HFC-41 (difluoro/fluoromethane),F-gases (HFCs),F-gas Regulation,3.0,14370.0,16238.0,1.13,5412.67
2025,TN,Tunisia,False,Extra-EU,390461,PTFE,Fluoropolymers,PFAS restriction (proposed),0.005,2868.0,3241.0,1.13,648200.0
2025,TN,Tunisia,False,Extra-EU,390469,Other fluoropolymers,Fluoropolymers,PFAS restriction (proposed),10.408,37985.0,42923.0,1.13,4124.04
2025,TR,Türkiye,False,Extra-EU,270900,Crude oil,Oil & gas,EU Methane Regulation,346151.801,175091078.0,197852918.0,1.13,571.58
2025,TR,Türkiye,False,Extra-EU,271111,LNG,Oil & gas,EU Methane Regulation,80.92,60470.0,68331.0,1.13,844.43
2025,TR,Türkiye,False,Extra-EU,271121,Pipeline natural gas,Oil & gas,EU Methane Regulation,345545.01,276618756.0,312579194.0,1.13,904.6
2025,TR,Türkiye,False,Extra-EU,290342,HFC-32 / HFC-41 (difluoro/fluoromethane),F-gases (HFCs),F-gas Regulation,3.15,17316.0,19567.0,1.13,6211.75
2025,TR,Türkiye,False,Extra-EU,290345,HFC-227 / HFC-236 group,F-gases (HFCs),F-gas Regulation,20.005,117049.0,132265.0,1.13,6611.6
2025,TR,Türkiye,False,Extra-EU,290346,HFC-245 group,F-gases (HFCs),F-gas Regulation,7.0,208500.0,235605.0,1.13,33657.86
2025,TR,Türkiye,False,Extra-EU,290349,Other saturated fluorinated derivatives,F-gases (HFCs),F-gas Regulation,0.06,7624.0,8615.0,1.13,143583.33
2025,TR,Türkiye,False,Extra-EU,390461,PTFE,Fluoropolymers,PFAS restriction (proposed),2597.105,14777080.0,16698100.0,1.13,6429.51
2025,TR,Türkiye,False,Extra-EU,390469,Other fluoropolymers,Fluoropolymers,PFAS restriction (proposed),0.851,27909.0,31537.0,1.13,37058.75
2025,TT,Trinidad and Tobago,False,Extra-EU,270900,Crude oil,Oil & gas,EU Methane Regulation,0.001,106.0,120.0,1.13,120000.0
2025,TT,Trinidad and Tobago,False,Extra-EU,271111,LNG,Oil & gas,EU Methane Regulation,1527690.326,857232618.0,968672858.0,1.13,634.08
2025,TW,Taiwan,False,Extra-EU,390461,PTFE,Fluoropolymers,PFAS restriction (proposed),33.301,393036.0,444131.0,1.13,13336.87
2025,TW,Taiwan,False,Extra-EU,390469,Other fluoropolymers,Fluoropolymers,PFAS restriction (proposed),2.033,10878.0,12292.0,1.13,6046.24
2025,TZ,Tanzania,False,Extra-EU,390461,PTFE,Fluoropolymers,PFAS restriction (proposed),0.001,385.0,435.0,1.13,435000.0
2025,UA,Ukraine,False,Extra-EU,270900,Crude oil,Oil & gas,EU Methane Regulation,198850.142,77371171.0,87429423.0,1.13,439.67
2025,UA,Ukraine,False,Extra-EU,271121,Pipeline natural gas,Oil & gas,EU Methane Regulation,4150.85,2692525.0,3042553.0,1.13,733.0
2025,UA,Ukraine,False,Extra-EU,390469,Other fluoropolymers,Fluoropolymers,PFAS restriction (proposed),0.0,1.0,1.0,1.13,
2025,UG,Uganda,False,Extra-EU,270900,Crude oil,Oil & gas,EU Methane Regulation,0.361,2094.0,2366.0,1.13,6554.02
2025,US,United States,False,Extra-EU,270900,Crude oil,Oil & gas,EU Methane Regulation,63549123.848,32057290204.0,36224737931.0,1.13,570.03
2025,US,United States,False,Extra-EU,271111,LNG,Oil & gas,EU Methane Regulation,34590968.174,24572154033.0,27766534057.0,1.13,802.71
2025,US,United States,False,Extra-EU,290341,HFC-23,F-gases (HFCs),F-gas Regulation,15.019,687113.0,776438.0,1.13,51697.05
2025,US,United States,False,Extra-EU,290342,HFC-32 / HFC-41 (difluoro/fluoromethane),F-gases (HFCs),F-gas Regulation,484.416,2041729.0,2307154.0,1.13,4762.75
2025,US,United States,False,Extra-EU,290343,HFC-125 / HFC-134 group,F-gases (HFCs),F-gas Regulation,3.105,1528935.0,1727697.0,1.13,556424.15
2025,US,United States,False,Extra-EU,290344,HFC-143 / HFC-152 group,F-gases (HFCs),F-gas Regulation,786.42,4755144.0,5373313.0,1.13,6832.63
2025,US,United States,False,Extra-EU,290345,HFC-227 / HFC-236 group,F-gases (HFCs),F-gas Regulation,1472.111,7407108.0,8370032.0,1.13,5685.73
2025,US,United States,False,Extra-EU,290346,HFC-245 group,F-gases (HFCs),F-gas Regulation,111.255,6045611.0,6831540.0,1.13,61404.34
2025,US,United States,False,Extra-EU,290348,HFC-134a and other saturated HFCs,F-gases (HFCs),F-gas Regulation,0.005,525.0,593.0,1.13,118600.0
2025,US,United States,False,Extra-EU,290349,Other saturated fluorinated derivatives,F-gases (HFCs),F-gas Regulation,41.017,1637678.0,1850576.0,1.13,45117.29
2025,US,United States,False,Extra-EU,390461,PTFE,Fluoropolymers,PFAS restriction (proposed),1925.148,33437109.0,37783933.0,1.13,19626.51
2025,US,United States,False,Extra-EU,390469,Other fluoropolymers,Fluoropolymers,PFAS restriction (proposed),3812.54,101461765.0,114651794.0,1.13,30072.29
2025,UY,Uruguay,False,Extra-EU,270900,Crude oil,Oil & gas,EU Methane Regulation,272618.119,108016332.0,122058455.0,1.13,447.73
2025,VE,Venezuela,False,Extra-EU,270900,Crude oil,Oil & gas,EU Methane Regulation,866495.626,357443563.0,403911226.0,1.13,466.14
2025,VI,"Virgin Islands, U.S.",False,Extra-EU,271111,LNG,Oil & gas,EU Methane Regulation,66819.127,41928189.0,47378854.0,1.13,709.06
2025,VN,Vietnam,False,Extra-EU,270900,Crude oil,Oil & gas,EU Methane Regulation,0.188,1688.0,1907.0,1.13,10143.62
2025,VN,Vietnam,False,Extra-EU,390469,Other fluoropolymers,Fluoropolymers,PFAS restriction (proposed),0.0,416.0,470.0,1.13,
2025,XS,Serbia,False,Extra-EU,270900,Crude oil,Oil & gas,EU Methane Regulation,0.009,276.0,312.0,1.13,34666.67
2025,XS,Serbia,False,Extra-EU,271121,Pipeline natural gas,Oil & gas,EU Methane Regulation,908569.823,507508476.0,573484578.0,1.13,631.19
2025,XS,Serbia,False,Extra-EU,290345,HFC-227 / HFC-236 group,F-gases (HFCs),F-gas Regulation,4.308,53204.0,60121.0,1.13,13955.66
2025,XS,Serbia,False,Extra-EU,290346,HFC-245 group,F-gases (HFCs),F-gas Regulation,1.05,199950.0,225943.0,1.13,215183.81
2025,XS,Serbia,False,Extra-EU,390461,PTFE,Fluoropolymers,PFAS restriction (proposed),0.0,10.0,11.0,1.13,
2025,ZA,South Africa,False,Extra-EU,390461,PTFE,Fluoropolymers,PFAS restriction (proposed),0.98,1619.0,1829.0,1.13,1866.33
2025,ZA,South Africa,False,Extra-EU,390469,Other fluoropolymers,Fluoropolymers,PFAS restriction (proposed),0.001,30.0,34.0,1.13,34000.0
