Year,Facility_Id,Facility_Name,Basin_Code,Basin_Name,Gas_Sales_bcm,Oil_Sales_bbl,Gas_Value_Corrected,Wells_Producing,Wells_Completed,Sub_Basins,CH4_Mole_Fraction_Avg
2015,1009673,SM Energy (Basin 260) East Texas,260,East Texas Basin,0.0,0.0,False,0.0,0.0,1.0,0.0
2015,1009562,SM Energy (Basin 345) East Central Oklahoma,345,Arkoma Basin,0.0,0.0,False,0.0,0.0,1.0,0.0
2015,1010795,"Quicksilver Resources, Inc. 535-Green River Basin",535,Green River Basin,0.0,0.0,False,0.0,0.0,1.0,0.0
2015,1008213,SWEPI / Green River Basin,535,Green River Basin,0.0,0.0,False,0.0,0.0,2.0,0.845
2015,1011831,Point Thomson Production Facility,890,Arctic Coastal Plains Province,0.0,0.0,False,0.0,2.0,1.0,0.0
2015,1011070,"Anderson Energy, Inc. 360 - Anadarko Basin",360,Anadarko Basin,1.8316e-05,0.0,False,1.0,0.0,1.0,0.0
2015,1011291,"Anderson Energy, Inc. 450 - Las Animas Arch",450,Las Animas Arch,7.3263e-05,0.0,False,4.0,0.0,1.0,0.0
2015,1011289,"Anderson Energy, Inc. 375 - Sedgwick Basin",375,Sedgwick Basin,0.000201475,0.0,False,10.0,0.0,2.0,0.0
2015,1011290,"Anderson Energy, Inc. 385 - Central Kansas Uplift",385,Central Kansas Uplift,0.000348002,0.0,False,19.0,0.0,6.0,0.0
2015,1011700,"Huntington Energy, L.L.C - 345 Arkoma Basin",345,Arkoma Basin,0.003750872,0.0,False,14.0,0.0,1.0,0.0
2015,1006420,Encana Oil & Gas - Arkla Basin,230,Arkla Basin,0.005872214,0.0,False,0.0,0.0,1.0,0.951
2015,1011304,CS1,395,Williston Basin,0.00980894,0.0,False,0.0,0.0,1.0,0.5353
2015,1008528,"Chesapeake Operating LLC, 260 - East Texas Basin",260,East Texas Basin,0.015886603,0.0,False,1.0,0.0,1.0,0.9656
2015,1011508,Foundation Energy Management- 450 Las Animas arch Basin,450,Las Animas Arch,0.034481311,0.0,False,251.0,0.0,2.0,0.6665
2015,1009246,"EOG Resources, Inc. 400 Ouachita folded belt",400,Ouachita Folded Belt,0.037595139,0.0,False,21.0,0.0,2.0,0.9345
2015,1009878,Iron Pennsylvania Land LLC,160A,Appalachian Basin (Eastern Overthrust Area),0.043218912,0.0,False,12.0,1.0,1.0,0.8859
2015,1009660,"Enervest Operating, L.L.C. 345 Arkoma Basin",345,Arkoma Basin,0.050344028,0.0,False,60.0,0.0,4.0,0.9898
2015,1011763,"EagleRidge Operating, LLC. Strawn Basin",415,Strawn Basin,0.06280553,0.0,False,34.0,0.0,1.0,0.66
2015,1008753,Foundation Energy Management 345 Arkoma Basin,345,Arkoma Basin,0.116919444,0.0,False,292.0,0.0,13.0,0.9665
2015,1008394,"EOG Resources, Inc. 230 Arkla basin",230,Arkla Basin,0.136669534,0.0,False,39.0,0.0,2.0,0.9499
2015,1011295,Saga Petroleum 160A Appalachian Basin Eastern Overthrust Area,160A,Appalachian Basin (Eastern Overthrust Area),0.137202542,0.0,False,502.0,0.0,3.0,0.98
2015,1011297,Saga Petroleum 200 Warrior Basin,200,Black Warrior Basin,0.171209291,0.0,False,453.0,0.0,2.0,0.98
2015,1009488,Rosewood 540 Denver Basin,540,Denver Basin,0.177426447,0.0,False,849.0,0.0,1.0,0.9246
2015,1009860,Blackbeard Operating - 400 - Ouachita Folded Belt,400,Ouachita Folded Belt,0.180202091,0.0,False,96.0,0.0,1.0,0.7808
2015,1008483,Atlas 160/Appalachia Basin - Ohio,160,Appalachian Basin,0.260906719,0.0,False,1869.0,0.0,27.0,0.88
2015,1009340,Unit Petroleum 377 Arkoma Basin,345,Arkoma Basin,0.268389526,0.0,False,344.0,0.0,9.0,0.9357
2015,1009310,"Chesapeake Operating LLC, 345 - Arkoma Basin",345,Arkoma Basin,0.326298805,0.0,False,504.0,0.0,16.0,0.9441
2015,1008298,XPR Resources LLC,160A,Appalachian Basin (Eastern Overthrust Area),0.396292279,0.0,False,63.0,0.0,5.0,0.9693
2015,1008350,"EOG Resources, Inc. 160A Appalachian basin (Eastern Overthrust area)",160A,Appalachian Basin (Eastern Overthrust Area),0.467897377,0.0,False,89.0,0.0,3.0,0.9744
2015,1009101,REM 305 Michigan Basin - PRODUCTION,305,Michigan Basin,0.484472131,0.0,False,1861.0,0.0,9.0,0.8816
2015,1009139,OGRIS Operating LLC,455,Las Vegas-Raton Basin,0.54695371,0.0,False,475.0,2.0,1.0,0.9874
2015,1008474,"MMGK Arkoma, LLC - ARKOMA Basin",345,Arkoma Basin,0.57199936,0.0,False,925.0,2.0,10.0,0.97
2015,1007101,Beluga River Unit,820,AK Cook Inlet Basin,0.60314784,0.0,False,23.0,0.0,1.0,0.9873
2015,1007481,ConocoPhillips' Uinta (575),575,Uinta Basin,0.618356409,0.0,False,473.0,0.0,2.0,0.9277
2015,1005963,Red Willow Production Co.,580,San Juan Basin,0.702514099,0.0,False,377.0,0.0,5.0,0.905
2015,1008795,"Arsenal Resources, LLC 160A Appalachian Basin",160A,Appalachian Basin (Eastern Overthrust Area),0.705931993,0.0,False,70.0,15.0,7.0,0.9671
2015,1008155,EP Energy E&P 230 Arkla basin,230,Arkla Basin,0.816213734,0.0,False,123.0,4.0,1.0,0.9244
2015,1008480,Atlas 160A/Appalach Overthrust Basin - PA,160A,Appalachian Basin (Eastern Overthrust Area),0.986194432,0.0,False,3615.0,4.0,37.0,0.9244
2015,1011616,"Warren E&P, Inc.",160A,Appalachian Basin (Eastern Overthrust Area),1.10733189,0.0,False,34.0,4.0,1.0,0.0003
2015,1009732,BKV Operating LLC,160A,Appalachian Basin (Eastern Overthrust Area),1.347036192,0.0,False,89.0,0.0,2.0,0.9748
2015,1008608,"Evergreen Natural Resources, LLC. Las Vegas-Raton",455,Las Vegas-Raton Basin,1.354444845,0.0,False,2093.0,0.0,1.0,0.99
2015,1008958,"EXCO Resources, Inc. - East Texas Basin #260",260,East Texas Basin,1.356617928,0.0,False,100.0,12.0,5.0,0.9513
2015,1011862,"Rice Drilling D, LLC - Basin 160A",160A,Appalachian Basin (Eastern Overthrust Area),1.721265253,0.0,False,16.0,3.0,1.0,0.0922
2015,1011678,Vantage Energy Appalachia II LLC 160A Appalachia Basin Eastern Overthrust Area,160A,Appalachian Basin (Eastern Overthrust Area),1.871064671,0.0,False,47.0,20.0,1.0,0.9469
2015,1009308,EQT Production - Basin 160 - Appalachian,160,Appalachian Basin,1.892888656,0.0,False,7405.0,44.0,51.0,0.7939
2015,1008081,"Vine Energy, Inc.",230,Arkla Basin,2.020471129,0.0,False,202.0,8.0,3.0,0.9461
2015,1011913,SWN Production (Louisiana),230,Arkla Basin,2.896192923,0.0,False,272.0,0.0,5.0,0.9524
2015,1008588,"Merit Energy Arkoma Basin, AAPG Basin 345",345,Arkoma Basin,3.081520854,0.0,False,968.0,0.0,6.0,0.9554
2015,1011861,"Rice Drilling B, LLC - Basin 160A",160A,Appalachian Basin (Eastern Overthrust Area),4.096515487,0.0,False,101.0,69.0,2.0,0.0952
2015,1008937,Appalachian Basin - AAPG Province 160A,160A,Appalachian basin (Eastern Overthrust area),4.207467982,0.0,False,317.0,5.0,3.0,0.9744
2015,1008957,"EXCO Resources, Inc. - Arkla Basin #230",230,Arkla Basin,4.381029194,0.0,False,447.0,22.0,3.0,0.9664
2015,1008481,"Repsol Oil & Gas USA, LLC Appalachian basin (Eastern Overthrust area) - 160A",160A,Appalachian Basin (Eastern Overthrust Area),5.586669972,0.0,False,498.0,22.0,7.0,0.9757
2015,1009485,Chief Oil & Gas LLC (160A),160A,Appalachian Basin (Eastern Overthrust Area),7.719814071,0.0,False,205.0,37.0,5.0,0.9731
2015,1010233,EQT Production - Basin 160A - Appalachian Eastern Overthrust,160A,Appalachian Basin (Eastern Overthrust Area),16.645390977,0.0,False,4612.0,183.0,70.0,0.8481
2015,1010205,Arkoma Basin,345,Arkoma Basin,20.998626191,0.0,False,3743.0,261.0,6.0,0.9622
2015,1008094,Samson Resources 580 San Juan Basin,580,San Juan Basin,1.074967943,10.4,False,308.0,0.0,2.0,0.9434
2015,1008503,Coterra Energy 160A Appalachian (EOA),160A,Appalachian Basin (Eastern Overthrust Area),17.991774026,26.3,False,521.0,60.0,6.0,0.9754
2015,1008715,Anadarko Facility,360,Anadarko Basin,0.035854307,40.1,False,31.0,0.0,4.0,0.7163
2015,1010484,"Sanguine Gas Exploration, LLC 350 South Oklahoma Folded Belt",350,South Oklahoma Folded Belt,0.010559618,59.0,False,10.0,0.0,2.0,0.0
2015,1008713,East Texas Facility,260,East Texas Basin,0.207711269,65.0,False,0.0,0.0,2.0,0.8667
2015,1008053,Own Resources Operating LLC,540,Denver Basin,0.219647188,66.1,False,984.0,0.0,1.0,0.939
2015,1009169,345 Arkoma Basin - BP America Production Company,345,Arkoma Basin,2.063209705,131.0,False,1199.0,7.0,15.0,0.9513
2015,1008492,"BPX Energy Arkla Basin, AAPG Basin 230",230,Arkla Basin,6.354146974,218.5,False,382.0,20.0,8.0,0.9583
2015,1008509,Rex Energy Corporation Appalachian Basin (160) Operations,160,Appalachian Basin,0.231496903,247.5,False,17.0,0.0,3.0,0.8177
2015,1008670,"Texas Keystone, Inc.",160A,Appalachian Basin (Eastern Overthrust Area),0.077273716,298.4,False,0.0,0.0,17.0,0.9275
2015,1011308,Rex Energy Corporation Appalachian Basin Eastern Overthrust (160A) Operations,160A,Appalachian Basin (Eastern Overthrust Area),1.979669622,355.6,False,393.0,39.0,9.0,0.8952
2015,1009392,XTO Energy Inc 345 Arkoma,345,Arkoma Basin,5.353579,711.8,False,2231.0,26.0,27.0,0.9573
2015,1011674,Sage Natural Resources 415 Strawn Basin,415,Strawn Basin,0.68385072,713.0,False,81.0,27.0,2.0,0.9442
2015,1008136,North Shore E&P Sand Wash,535,Green River Basin,0.031775018,759.1,False,0.0,0.0,1.0,0.8878
2015,1009571,CR 345 Arkoma,345,Arkoma Basin,0.006177395,825.0,False,28.0,0.0,2.0,0.8336
2015,1009183,Whiting Oil and Gas Corporation 507 Central Western Overthrust,507,Central Western Overthrust,0.020486709,917.6,False,6.0,0.0,1.0,0.8849
2015,1008328,Basin 595 Piceance - Noble Energy Inc.,595,Piceance Basin,0.018576246,1077.6,False,20.0,0.0,1.0,0.8897
2015,1011752,SK Plymouth LLC Anadarko Basin,360,Anadarko Basin,0.000238835,1160.6,False,117.0,24.0,3.0,0.7452
2015,1011975,Legacy Reserves Basin 260 Production,260,East Texas Basin,0.001173323,1175.0,False,904.0,0.0,9.0,0.903
2015,1008469,CRI 355 Chautauqua,355,Chautauqua Platform,0.114301613,1290.0,False,55.0,0.0,2.0,0.7791
2015,1011699,"Huntington Energy, L.L.C - 355 Chautauqua Platform",355,Chautauqua Platform,0.004180976,1520.0,False,200.0,0.0,10.0,0.0
2015,1009400,"Goodrich Petroleum Co., 260, East Texas Basin",260,East Texas Basin,0.067536276,1633.0,False,18.0,1.0,4.0,0.8779
2015,1010224,"Black Hills Exploration and Production (New Mexico, San Juan Basin Field Facilities)",580,San Juan Basin,0.145856246,1656.0,False,186.0,0.0,3.0,0.9015
2015,1008169,Dominion Energy Wexpro - Uinta Basin,575,Uinta Basin,0.059292406,2107.7,False,80.0,0.0,2.0,0.9134
2015,1008143,Newfield.430.Permian Basin,430,Permian Basin,0.107838804,2271.6,False,105.0,0.0,3.0,0.8966
2015,1008199,Grizzly Arkoma Basin,345,Arkoma Basin,0.373859663,2324.0,False,239.0,0.0,11.0,0.9334
2015,1009263,220 Gulf Coast,220,"Gulf Coast Basin (LA, TX)",0.007881986,2438.7,False,7.0,0.0,2.0,0.8913
2015,1008974,580 San Juan Basin DEC,580,San Juan Basin,0.725037449,3352.3,False,472.0,0.0,6.0,0.8551
2015,1008502,"Nytis Exploration Company, LLC 160 Appalachian Basin",160,Appalachian Basin,0.477760401,3396.9,False,3143.0,1.0,30.0,0.8698
2015,1008673,"EXCO Resources (PA), LLC - Basin 160A",160A,Appalachian Basin (Eastern Overthrust Area),1.507479661,3658.0,False,4664.0,1.0,37.0,0.938
2015,1012052,Black Hills Exploration and Production (Colorado Piceance Basin Facilties),595,Piceance Basin,0.245421507,4583.0,False,109.0,9.0,2.0,0.8926
2015,1009666,"Enervest Operating, L.L.C. 415 Strawn Basin",415,Strawn Basin,1.378507079,5149.0,False,365.0,7.0,3.0,0.9495
2015,1008349,DJ Resources Inc - DJ Basin (AAPG Basin Number 540),540,Denver Basin,0.0,5263.0,False,4.0,0.0,2.0,0.705
2015,1010235,Atlas 415/Strawn Basin - Fort Worth,415,Strawn Basin,0.390917162,5853.0,False,116.0,3.0,4.0,0.9137
2015,1006770,TPIC Basin 220,220,"Gulf Coast Basin (LA, TX)",0.57329988,6019.4,False,1047.0,0.0,30.0,0.9135
2015,1009283,230 Arkla Basin QEP Energy Company,230,Arkla Basin,1.282340837,6487.7,False,496.0,0.0,13.0,0.9471
2015,1008114,"EOG Resources, Inc. 415 Strawn basin",415,Strawn Basin,1.837173933,6946.2,False,872.0,0.0,4.0,0.8989
2015,1011727,Endeavor Energy Resources LP 220 Gulf Coast Basin,220,"Gulf Coast Basin (LA, TX)",0.000184824,8090.3,False,45.0,0.0,5.0,0.713
2015,1011978,Morningstar Operating LLC  SAN JUAN BASIN 580,580,San Juan Basin,1.388649246,9519.0,False,1053.0,0.0,8.0,0.8823
2015,1009258,Caerus Oil and Gas Green River Basin (535) Operations,535,Green River Basin,0.06422604,9588.2,False,66.0,0.0,2.0,0.9039
2015,1009276,415 Strawn Basin BKV,415,Strawn Basin,3.575257817,9850.4,False,1346.0,0.0,4.0,0.949
2015,1008949,Gulf Coast Basin - 220,220,"Gulf Coast Basin (LA, TX)",0.005508861,10804.8,False,49.0,0.0,4.0,0.875
2015,1011765,"EagleRidge Operating, LLC. Fort Worth Syncline Basin",420,Fort Worth Syncline,0.354844758,10817.4,False,111.0,3.0,2.0,0.7529
2015,1011194,"Compass Production Partners, LP - Arkla Basin #230",230,Arkla Basin,0.473601205,10903.4,False,388.0,0.0,4.0,0.9536
2015,1008703,Key Production Co. 360 Anadarko,360,Anadarko Basin,0.06335073,11080.6,False,95.0,0.0,15.0,0.8672
2015,1008714,Gulf Coast Facility,220,"Gulf Coast Basin (LA, TX)",0.642265943,11271.2,False,303.0,48.0,2.0,0.6625
2015,1011936,Covey Park Operating,260,East Texas Basin,0.892865969,11333.0,False,467.0,7.0,4.0,0.8789
2015,1007483,Contango Resources' Wind River (530),530,Wind River Basin,2.469679989,11444.0,False,204.0,0.0,2.0,0.9092
2015,1008078,XTO Energy Inc 507 Central Western Overthrust,507,Central Western Overthrust,0.153109901,11862.5,False,204.0,0.0,2.0,0.9236
2015,1008323,Foundation Energy Management 595 Piceance Basin,595,Piceance Basin,0.051748074,12739.0,False,203.0,0.0,6.0,0.8476
2015,1010142,Williston Basin,395,Williston Basin,0.0,13446.9,False,61.0,0.0,5.0,0.6129
2015,1006564,Greylock Energy,160A,Appalachian Basin (Eastern Overthrust Area),1.392990863,13788.0,False,2773.0,12.0,32.0,0.8987
2015,1008341,Samson Resources 230 Arkla Basin,230,Arkla Basin,0.150330182,14107.5,False,153.0,0.0,13.0,0.9349
2015,1009193,Whiting Oil and Gas Corporation 595 Piceance Basin,595,Piceance Basin,0.031022756,14310.8,False,48.0,0.0,2.0,0.7459
2015,1009189,Whiting Oil and Gas Corporation 305 Michigan Basin,305,Michigan Basin,0.000729047,14395.6,False,7.0,0.0,4.0,0.7646
2015,1011655,"FDL Operating, LLC (Mississippi)",210,Mid-Gulf Coast Basin,0.113823994,14468.0,False,843.0,0.0,6.0,0.7808
2015,1011963,345 Arkoma Bravo NR,345,Arkoma Basin,0.570696787,14571.0,False,363.0,4.0,6.0,0.9434
2015,1008405,California Resources Production Corporation  Sacramento Valley Basin 730,730,Sacramento Basin,0.547823773,14774.3,False,763.0,0.0,10.0,0.9143
2015,1009659,"Enervest Operating, L.L.C. 260 East Texas Basin",260,East Texas Basin,0.0,17336.6,False,1.0,0.0,1.0,0.9144
2015,1008523,"Chesapeake Appalachia LLC, 160A - Appalachian Basin (Eastern Overthrust Area)",160A,Appalachian Basin (Eastern Overthrust Area),19.548408707,17666.5,False,970.0,53.0,23.0,0.9304
2015,1008978,"EOG Resources, Inc. 425 Bend arch",425,Bend Arch,0.052812251,17676.9,False,63.0,0.0,3.0,0.7755
2015,1009968,"Enervest Operating, L.L.C. 305 Michigan Basin",305,Michigan Basin,0.258964866,18045.0,False,1225.0,19.0,5.0,0.8784
2015,1009387,XTO Energy Inc 415 Strawn,415,Strawn Basin,5.915813239,18432.5,False,1723.0,10.0,7.0,0.9258
2015,1009053,Chevron MCA 530 Wind River Basin,530,Wind River Basin,0.085101895,18555.2,False,59.0,0.0,1.0,0.8714
2015,1008363,Riviera Resources 305 Michigan Basin Production Segment,305,Michigan Basin,0.504526032,18645.0,False,1852.0,0.0,12.0,0.8133
2015,1008527,"Chesapeake Operating LLC, 230 - Arkla Basin",230,Arkla Basin,8.856041474,20455.6,False,815.0,54.0,9.0,0.9532
2015,1008536,"TEP Barnett USA LLC, 415 - Strawn Basin",415,Strawn Basin,8.856041474,20455.6,False,2260.0,11.0,3.0,0.9282
2015,1009327,MERIT ENERGY CO LLC 420 FORT WORTH SYNCLINE,420,Fort Worth Syncline,0.067536985,21224.1,False,169.0,0.0,5.0,0.8066
2015,1008954,Green River Basin - 535,535,Green River Basin,7.569464927,21264.0,False,333.0,0.0,1.0,0.8916
2015,1008521,"Chesapeake Appalachia LLC, 160 - Appalachian Basin",160,Appalachian Basin,0.715672843,21585.4,False,4678.0,0.0,55.0,0.7805
2015,1009890,"Comstock Resources, Inc. - Basin 230",230,Arkla Basin,1.15239623,22254.0,False,275.0,10.0,19.0,0.9394
2015,1009907,"Comstock Resources, Inc. - Basin 260",260,East Texas Basin,0.237034697,22505.9,False,363.0,0.0,11.0,0.8997
2015,1008294,507 Central Western Overthrust QEP Energy Company,507,Central Western Overthrust,0.054378178,22949.4,False,60.0,0.0,2.0,0.7784
2015,1008918,"Range Resources - Appalachia, LLC- Basin 160",160,Appalachian Basin,0.105921794,23351.0,False,1428.0,0.0,7.0,0.9072
2015,1008188,"Trinity River Energy Operating, LLC 415 Strawn Syncline",415,Strawn Basin,0.841362541,24041.4,False,510.0,0.0,5.0,0.8486
2015,1009545,Jones Energy 345 Arkoma Basin,345,Arkoma Basin,0.065347897,24329.0,False,68.0,0.0,1.0,0.7808
2015,1008165,Berry Petroleum Company 585 Piceance Basin Production Segment,595,Piceance Basin,0.280615296,25201.8,False,172.0,12.0,1.0,0.8872
2015,1012018,"Trinity Rivery Energy Operating, LLC 230 Arkla Basin",230,Arkla Basin,0.014143052,25601.0,False,197.0,0.0,4.0,0.9225
2015,1009113,Newfield.345.Arkoma Basin,345,Arkoma Basin,0.953522766,27414.2,False,293.0,0.0,8.0,0.9322
2015,1009441,"Trinity River Energy Operating, LLC 420 Fort Worth Syncline",420,Fort Worth Syncline,0.517664659,28706.5,False,325.0,1.0,3.0,0.9068
2015,1008273,"RIM Operating, Inc. San Juan Basin Operations",580,San Juan Basin,1.565751858,29659.0,False,163.0,0.0,5.0,0.8583
2015,1009301,Seneca East Facilities,160A,Appalachian Basin (Eastern Overthrust Area),4.207130729,29712.0,False,2579.0,40.0,20.0,0.7935
2015,1009388,XTO Energy Inc 420 Fort Worth Syncline,420,Fort Worth Syncline,0.654695094,30886.3,False,327.0,2.0,12.0,0.9136
2015,1008348,Trendwell Energy Corporation,305,Michigan Basin,0.116229732,31849.0,False,415.0,0.0,4.0,0.7448
2015,1008296,Caerus Piceance LLC,595,Piceance Basin,0.853257448,33079.0,False,748.0,17.0,2.0,0.8814
2015,1010319,BREITBURN OPERATING LP-BASIN 507,507,Central Western Overthrust,0.038956441,33614.4,False,57.0,0.0,2.0,0.8215
2015,1011100,"Cross Timbers Energy, LLC - San Juan Basin 580",580,San Juan Basin,0.187103596,34211.9,False,253.0,0.0,4.0,0.735
2015,1012661,Incremental Oil & Gas (Silvertip) LLC,520,Big Horn Basin,0.009606248,36115.0,False,97.0,0.0,2.0,0.7673
2015,1009069,Quicksilver Resources Inc.,415,Strawn Basin,1.470944493,36130.0,False,740.0,0.0,4.0,0.8119
2015,1009242,San Juan Basin,580,San Juan Basin,0.931572259,36955.8,False,787.0,0.0,5.0,0.9491
2015,1008170,Dominion Energy Wexpro - Central Western Overthrust (Prod),507,Central Western Overthrust,0.265600506,38592.3,False,165.0,0.0,2.0,0.859
2015,1011848,Indigo Resources LLC,230,Arkla Basin,0.48848162,39257.0,False,266.0,11.0,2.0,0.8866
2015,1011596,"Wapiti Operating, LLC 575 Uinta Basin",575,Uinta Basin,0.699054548,40183.0,False,321.0,13.0,2.0,0.92
2015,1010157,BREITBURN OPERATING LP-BASIN 535,535,Green River Basin,0.20599311,42491.0,False,274.0,0.0,3.0,0.8467
2015,1008257,Arkla Basin - AAPG Province 230,230,Arkla Basin,0.3861246,44603.0,False,27.0,5.0,2.0,0.7517
2015,1009285,360 Anadarko Basin QEP Energy Company,360,Anadarko Basin,0.03230171,46484.1,False,75.0,0.0,11.0,0.8865
2015,1011976,Indigo Resources LLC 260 East Texas Basin,260,East Texas Basin,0.093653682,47850.0,False,236.0,0.0,3.0,0.9044
2015,1008232,YPC 535 Green River Basin,535,Green River Basin,0.139756559,52888.9,False,150.0,0.0,9.0,0.8321
2015,1009837,"Bluefin Resources LLC 220 Gulf Coast Basin (LA, TX)",220,"Gulf Coast Basin (LA, TX)",0.040954276,56418.0,False,36.0,0.0,4.0,0.7808
2015,1011724,"Huntington Energy, L.L.C - 360 Andarko Basin",360,Anadarko Basin,0.020608599,56808.0,False,270.0,0.0,10.0,0.0
2015,1007486,"Tanos Exploration II, LLC Arkla Basin, AAPG 230",230,Arkla Basin,0.329257443,58782.0,False,500.0,0.0,3.0,0.9264
2015,1009051,Chevron MCA 507 Central Western Overthrust,507,Central Western Overthrust,0.354041892,58882.4,False,133.0,0.0,3.0,0.7749
2015,1008755,Foundation Energy Management 540 DJ Basin,540,Denver Basin,0.146188227,61776.0,False,812.0,0.0,4.0,0.8095
2015,1010320,MAVERICK- BASIN 305 PRODUCTION,305,Michigan Basin,0.179705171,63666.8,False,768.0,0.0,13.0,0.8362
2015,1008698,Cimarex Energy Co. of Colorado 360 Anadarko,360,Anadarko Basin,0.127969671,65322.0,False,198.0,0.0,14.0,0.804
2015,1008395,"EOG Resources, Inc. 507 Central Western Overthrust",507,Central Western Overthrust,0.195561586,66817.7,False,235.0,0.0,2.0,0.7492
2015,1009785,LARAMIE ENERGY LLC - Piceance Basin (585),595,Piceance Basin,0.463831705,67498.2,False,354.0,19.0,3.0,0.8801
2015,1008579,Cabot OIl & Gas Corporation 260 East Texas Basin,260,East Texas Basin,0.219478383,69144.4,False,255.0,0.0,12.0,0.9164
2015,1010621,TGNR Gulf Coast LLC and TGNR East Texas LLC,260,East Texas Basin,0.405888169,76650.0,False,3738.0,1.0,10.0,0.6906
2015,1011518,Grizzly Green River Basin 535,535,Green River Basin,0.150105778,77057.8,False,185.0,0.0,2.0,0.8381
2015,1010673,Paradox Upstream LLC 585 Paradox Basin,585,Paradox Basin,0.180857227,77725.5,False,121.0,0.0,3.0,0.9125
2015,1010376,Halcon Resources Corporation 260 East Texas Basin,260,East Texas Basin,0.000967443,77916.2,False,3.0,0.0,1.0,0.632
2015,1008116,XTO Energy Inc 160A Appalachian E Overthrust,160A,Appalachian Basin (Eastern Overthrust Area),4.059596786,78624.6,False,5676.0,42.0,49.0,0.9523
2015,1003754,Kash Oil & Gas - Basin 220,220,"Gulf Coast Basin (LA, TX)",0.006758994,80112.0,False,23.0,0.0,7.0,0.9683
2015,1009094,Oxy Basin 595 Onshore Production,595,Piceance Basin,0.89168099,81637.0,False,854.0,0.0,3.0,0.8802
2015,1012040,"Tanos Exploration II, LLC - Basin 260",260,East Texas Basin,0.679924454,84806.0,False,388.0,0.0,9.0,0.9054
2015,1009389,UGC 575 Uintah,575,Uinta Basin,0.386358381,85994.0,False,602.0,0.0,2.0,0.905
2015,1010059,Chautauqua platform N&G 355,355,Chautauqua Platform,0.040216935,86573.0,False,77.0,0.0,1.0,0.663
2015,1008408,Energen Resources 580 San Juan Basin,580,San Juan Basin,0.232844119,87086.0,False,436.0,5.0,8.0,0.8065
2015,1009339,Unit Petroleum 285 Permian Basin,430,Permian Basin,0.039958504,87456.7,False,225.0,0.0,14.0,0.7706
2015,1012114,WHRMC - ARKLA BASIN-ONSHORE PRODUCTION,230,Arkla Basin,0.461626732,89841.0,False,574.0,5.0,8.0,0.943
2015,1008882,Pennsylvania General Energy Company LLC,160A,Appalachian Basin (Eastern Overthrust Area),1.847991803,92911.9,False,1284.0,0.0,13.0,0.8176
2015,1012100,SEP Williston Basin 395 Production,395,Williston Basin,0.427831735,94751.0,False,1490.0,0.0,5.0,0.8893
2015,1010176,Equal Energy-355-Chautaqua Platform,355,Chautauqua Platform,0.415847669,96798.0,False,147.0,6.0,3.0,0.7325
2015,1008540,Dugan Production Corp- San Juan Basin,580,San Juan Basin,0.235817185,103277.0,False,721.0,5.0,9.0,0.8582
2015,1008356,"Aruba Petroleum, Inc. 420 Fort Worth Syncline",420,Fort Worth Syncline,0.371673291,103835.0,False,201.0,2.0,4.0,0.7652
2015,1008401,"SWEPI LP (Shell), Appalachian Basin (Eastern Overthrust Area) 160A",160A,Appalachian Basin (Eastern Overthrust Area),3.506262508,104085.0,False,1776.0,18.0,15.0,0.7548
2015,1009115,Ovintiv USA Inc. 355.Chautauqua Platform,355,Chautauqua Platform,0.505677005,106943.5,False,200.0,0.0,6.0,0.8457
2015,1009694,"Enervest Operating, L.L.C. 580 San Juan Basin",580,San Juan Basin,0.402935718,108683.6,False,704.0,0.0,4.0,0.7971
2015,1008066,"Jordan Development Company, LLC",305,Michigan Basin,0.11768884,110999.0,False,399.0,1.0,15.0,0.83
2015,1009686,Nadel and Gussman Ruston Arkla Basin No. 230,230,Arkla Basin,0.250850178,111454.0,False,147.0,4.0,12.0,0.8859
2015,1008783,CNX Gas Company LLC -160A Appalachian Basin Eastern Overthrust Area,160A,Appalachian Basin (Eastern Overthrust Area),7.638309156,112123.0,False,12336.0,54.0,85.0,0.8936
2015,1009859,Blackbeard Operating - 220 - Gulf Coast Basin,220,"Gulf Coast Basin (LA, TX)",0.405832355,116836.0,False,785.0,0.0,14.0,0.7808
2015,1009862,"Amplify Energy Operating LLC 220 Gulf Coast Basin (LA, TX)",220,"Gulf Coast Basin (LA, TX)",0.291124511,117162.0,False,745.0,0.0,10.0,0.7808
2015,1009052,Chevron MCA 535 Green River Basin,535,Green River Basin,0.343181125,117775.0,False,385.0,0.0,6.0,0.8796
2015,1008545,BCE-Mach III LLC. 350 South Oklahoma,350,South Oklahoma Folded Belt,0.079520212,118276.5,False,99.0,0.0,9.0,0.7738
2015,1008640,Grizzly Basin 230 (NE TX),230,Arkla Basin,0.035579493,118746.0,False,67.0,3.0,2.0,0.8088
2015,1009076,580 San Juan Basin - Simcoe LLC,580,San Juan Basin,6.2483837,119637.0,False,3369.0,16.0,6.0,0.8803
2015,1011688,Equinor USA Onshore Properties - APB Basin 160A,160A,Appalachian Basin (Eastern Overthrust Area),0.451712602,122391.2,False,46.0,9.0,7.0,0.9063
2015,1008208,Ovintiv USA Inc - Wind River Basin,530,Wind River Basin,0.36617069,122956.9,False,233.0,0.0,5.0,0.8972
2015,1009142,XTO Energy Inc 580 San Juan,580,San Juan Basin,1.809821256,127932.5,False,1724.0,9.0,8.0,0.8597
2015,1012044,"Blackbeard Operating East, LLC - Basin 230",230,Arkla Basin,0.068311024,136537.0,False,175.0,0.0,5.0,0.8647
2015,1009683,"Laredo Energy 220 Gulf Basin (LA, TX)",220,"Gulf Coast Basin (LA, TX)",0.566667278,139752.0,False,123.0,0.0,3.0,0.7808
2015,1007476,Lime Rock Resources Fort Worth Syncline (420),420,Fort Worth Syncline,0.651301408,157862.4,False,661.0,0.0,8.0,0.7952
2015,1008264,Central Western Overthrust - AAPG Province 507,507,Central Western Overthrust,0.677152721,159596.0,False,669.0,0.0,2.0,0.8317
2015,1008697,BCE-Mach III 350 (Madill),350,South Oklahoma Folded Belt,0.127137627,161171.6,False,198.0,0.0,6.0,0.7516
2015,1009135,Kaiser-Francis Oil Company 360 Anadarko Basin,360,Anadarko Basin,0.512060457,163153.9,False,764.0,3.0,57.0,0.8519
2015,1008548,BOC 220 Gulf Coast Basin Onshore,220,"Gulf Coast Basin (LA, TX)",0.000296703,171803.0,False,26.0,0.0,5.0,0.8735
2015,1012028,"Trinity Rivery Energy Operating, LLC 210 MidGulf Coast Basin",210,Mid-Gulf Coast Basin,0.175630931,180885.0,False,277.0,0.0,6.0,0.9491
2015,1008244,Unit Petroleum 145 Chautauqua Platform Basin,355,Chautauqua Platform,0.029881925,185842.4,False,105.0,0.0,6.0,0.8585
2015,1009609,"Trinity River Energy Operating, LLC 220 Gulf Coast Basin",220,"Gulf Coast Basin (LA, TX)",0.330463012,187646.6,False,464.0,0.0,12.0,0.8624
2015,1010705,Arkla Basin,230,Arkla Basin,0.031110252,191260.0,False,6.0,0.0,2.0,0.81
2015,1009932,"Enervest Operating, L.L.C. 160A Appalachian Basin (Eastern Overthrust area)",160A,Appalachian Basin (Eastern Overthrust Area),0.199206307,196790.0,False,4391.0,0.0,35.0,0.95
2015,1011081,"CMO, Inc.",745,San Joaquin Basin,0.0,197018.9,False,55.0,0.0,1.0,0.2796
2015,1011895,Aethon Energy Operating-530-Wind River Basin,530,Wind River Basin,0.40997063,198545.0,False,233.0,0.0,1.0,0.8524
2015,1008590,Dominion Energy Wexpro - Green River Basin (Prod),535,Green River Basin,1.292767256,204248.6,False,511.0,0.0,6.0,0.8648
2015,1008529,"Chesapeake Operating LLC, 350 - South Oklahoma Folded Belt",350,South Oklahoma Folded Belt,0.238856133,217528.6,False,233.0,0.0,8.0,0.8168
2015,1012013,"Badlands Energy, Inc.",575,Uinta Basin,0.237689464,227934.0,False,149.0,9.0,3.0,0.9055
2015,1009098,EQT CHAP LLC - Basin 160A - Appalachian Eastern Overthrust,160A,Appalachian Basin (Eastern Overthrust Area),3.848057734,236588.7,False,365.0,98.0,18.0,0.9511
2015,1007599,"Indigo Minerals, LLC",230,Arkla Basin,1.136466451,237676.0,False,404.0,11.0,6.0,0.9044
2015,1010197,"Moon Hines Tigrett Operating Company, LLC",210,Mid-Gulf Coast Basin,0.020017344,240770.0,False,23.0,3.0,10.0,0.3493
2015,1009141,XTO Energy Inc 595 Piceance,595,Piceance Basin,2.224478877,245823.8,False,331.0,1.0,2.0,0.8901
2015,1011652,"Urban 220 Gulf Coast Basin (LA, TX)",220,"Gulf Coast Basin (LA, TX)",0.146815727,249494.0,False,463.0,1.0,28.0,0.7808
2015,1012048,Missouri River Resources Williston Basin 395,395,Williston Basin,0.001110104,255596.0,False,5.0,4.0,1.0,0.459
2015,1009689,"Enervest Operating, L.L.C. 420 Fort Worth Syncline",420,Fort Worth Syncline,2.202943743,260013.8,False,909.0,25.0,8.0,0.7966
2015,1008598,"Duncan Oil Properties, Inc. 360 Anadarko Basin",360,Anadarko Basin,0.16414834,263941.0,False,132.0,5.0,15.0,0.8457
2015,1009582,Naftex Operating Company,745,San Joaquin Basin,0.0,264904.0,False,247.0,43.0,1.0,0.334
2015,1011804,Eagle Petroleum- Lynch Canyon Field,740,Coastal Basins,0.0,267611.9,False,27.0,2.0,1.0,0.6011
2015,1012030,Houston Counties Oil and Gas Production Facilities,260,East Texas Basin,0.138464791,269554.0,False,53.0,7.0,1.0,0.4851
2015,1011839,"Encino Operating, L.L.C. - Anadarko Basin",360,Anadarko Basin,0.065583218,270395.6,False,117.0,6.0,11.0,0.8454
2015,1008411,JMA Energy 360,360,Anadarko Basin,0.233165968,278239.0,False,188.0,5.0,13.0,0.8445
2015,1008353,"EOG Resources, Inc. 535 Green River basin",535,Green River Basin,0.315761498,282656.8,False,700.0,0.0,2.0,0.7358
2015,1011535,Grizzly Piceance Basin (595),595,Piceance Basin,0.788455905,282939.8,False,930.0,0.0,1.0,0.8472
2015,1009245,"BOPCO, L.P. 220 Gulf Coast basin",220,"Gulf Coast Basin (LA, TX)",0.072416393,287221.1,False,119.0,0.0,10.0,0.8696
2015,1010181,Ursa Resources Group II - 595 - Piceance Basin,595,Piceance Basin,0.932615479,288374.0,False,400.0,62.0,1.0,0.8434
2015,1008204,Green River Basin - AAPG Province 535,535,Green River Basin,0.85204178,292111.0,False,669.0,0.0,2.0,0.8434
2015,1011995,Hilcorp Appalachian Basin (Eastern Overthrust Area),160A,Appalachian Basin (Eastern Overthrust Area),0.995093341,307377.0,False,136.0,48.0,4.0,0.7808
2015,1008475,EnverVest Operating L.L.C.- 430 HighMount Permian,430,Permian Basin,1.020637007,309509.5,False,5998.0,0.0,22.0,0.726
2015,1011421,Riviera Resources 220 Gulf Coast Basin Production Segment,220,"Gulf Coast Basin (LA, TX)",0.314155999,309855.4,False,356.0,0.0,18.0,0.8636
2015,1006750,TRC cYPRESS gROUP LLC,745,San Joaquin Basin,0.0,314244.0,False,230.0,0.0,1.0,0.4115
2015,1008852,Samson Resources 535 Green River Basin,535,Green River Basin,0.421467713,315604.9,False,131.0,4.0,3.0,0.8043
2015,1010396,Riviera Resources 260 East Texas Basin Production Segment,260,East Texas Basin,1.065396298,318966.6,False,1044.0,22.0,12.0,0.9359
2015,1008956,Chevron MCA 360 Anadarko Basin,360,Anadarko Basin,0.421408267,326002.0,False,341.0,0.0,18.0,0.7802
2015,1007475,ConocoPhillips Anadarko (360),360,Anadarko Basin,1.222254179,328080.2,False,1956.0,5.0,42.0,0.7641
2015,1011962,Paxton Resources,305,Michigan Basin,0.055903536,329001.0,False,179.0,1.0,5.0,0.835
2015,1011463,"Petro Harvester Operating Co., LLC 395 Williston Basin",395,Williston Basin,0.014513379,338590.3,False,157.0,3.0,3.0,0.6135
2015,1012070,SilverCreek Chautauqua #355,355,Chautauqua Platform,0.208000788,339458.1,False,74.0,18.0,4.0,0.7822
2015,1007807,BADAMI DEVELOPMENT FACILITY,890,Arctic Coastal Plains Province,0.0,349693.0,False,8.0,0.0,1.0,0.832
2015,1009436,Muskegon Development Company,305,Michigan Basin,0.231530361,355231.0,False,980.0,1.0,12.0,0.765
2015,1011260,Shoreline Southeast LLC - Basin 220 (Gulf Coast Basin),220,"Gulf Coast Basin (LA, TX)",0.235005994,358047.0,False,29.0,0.0,7.0,0.919
2015,1012077,SandRidge 545 North Park Basin,545,North Park Basin,0.0,358148.1,False,16.0,0.0,1.0,0.7108
2015,1010291,"Miller Energy Company II, LLC",305,Michigan Basin,0.000952889,361827.0,False,524.0,0.0,13.0,0.5912
2015,1011353,Halcon Resources Corporation 210 Mid-Gulf Coast Basin,210,Mid-Gulf Coast Basin,0.0,362121.0,False,7.0,1.0,1.0,0.647
2015,1012014,White Knight 420 Fort Worth Syncline,420,Fort Worth Syncline,0.129467391,366173.0,False,196.0,33.0,4.0,0.7808
2015,1010603,Apache Corp. - Palo Duro,435,Palo Duro Basin,0.024752907,374190.3,False,29.0,0.0,1.0,0.6155
2015,1010237,Atlas 420/Fort Worth Syncline Basin - Jacksboro,420,Fort Worth Syncline,0.364593978,376394.0,False,224.0,14.0,5.0,0.7542
2015,1011547,Atlas 360/Anadarko Basin - Nash,360,Anadarko Basin,0.175391428,391170.0,False,57.0,13.0,6.0,0.8363
2015,1009170,260 East Texas Basin - BP America Production Company,260,East Texas Basin,1.188944532,414198.0,False,691.0,4.0,16.0,0.8868
2015,1008128,"EOG Resources, Inc. 260 East Texas basin",260,East Texas Basin,0.653057755,420407.7,False,123.0,2.0,8.0,0.9104
2015,1008587,Valence Operating Co 260 East Texas Basin,260,East Texas Basin,0.908273565,437119.0,False,622.0,12.0,41.0,0.8674
2015,1012060,White Rock Oil & Gas LLC - 230 ArkLa,230,Arkla Basin,0.023360328,454554.6,False,92.0,1.0,3.0,0.5051
2015,1008934,East Texas Basin - AAPG Province 260,260,East Texas Basin,4.079444643,456659.0,False,1419.0,0.0,18.0,0.8883
2015,1009143,XTO Energy Inc 360 Anadarko,360,Anadarko Basin,0.543655814,457023.8,False,1406.0,2.0,33.0,0.822
2015,1008029,Basin 360 Oil & Gas Production,360,Anadarko Basin,0.13672798,476047.0,False,139.0,2.0,14.0,0.7155
2015,1009119,350 South Oklahoma Folded Belt,350,South Oklahoma Folded Belt,0.052473472,494321.6,False,538.0,0.0,4.0,0.8011
2015,1009112,Samuel Gary Jr. & Associates Central Kansas Uplift (385) Operations,385,Central Kansas Uplift,0.0,513129.1,False,210.0,6.0,10.0,0.5791
2015,1008959,"Compass Production Partners, LP - Permian Basin #430",430,Permian Basin,0.116953679,518694.0,False,437.0,0.0,4.0,0.6495
2015,1008558,360 Anadarko Basin - BP America Production Company,360,Anadarko Basin,0.987316599,519825.0,False,1112.0,26.0,12.0,0.8356
2015,1012022,"Basin 220 - Tana Exploration Company, LLC",220,"Gulf Coast Basin (LA, TX)",0.478350605,522258.3,False,33.0,0.0,1.0,0.7775
2015,1008207,Encana Oil & Gas - Piceance Basin,595,Piceance Basin,4.722373355,532961.5,False,3899.0,0.0,9.0,0.8655
2015,1008355,"TEP Rocky Mountain, LLC - 595 Piceance basin",595,Piceance Basin,6.967768079,550033.9,False,4776.0,70.0,2.0,0.8843
2015,1008976,"EOG Resources, Inc. 350 South Oklahoma folded belt",350,South Oklahoma Folded Belt,0.567670424,550079.6,False,289.0,0.0,2.0,0.6965
2015,1008354,"EOG Resources, Inc. 575 Uinta basin",575,Uinta Basin,0.832546821,550330.4,False,1268.0,0.0,1.0,0.8212
2015,1008392,Sheridan Production Company LLC 260 East Texas Basin,260,East Texas Basin,1.118016584,554149.7,False,1283.0,1.0,14.0,0.8696
2015,1008850,Samson Resources 260 East Texas Basin,260,East Texas Basin,1.942900077,556919.6,False,1278.0,5.0,20.0,0.927
2015,1008102,Chevron MCA 350 South Oklahoma Folded Belt,350,South Oklahoma Folded Belt,0.127924655,559627.9,False,324.0,0.0,5.0,0.8763
2015,1011223,Petro Harvester Operating Company LLC - Gulf Coast Basin (Basin 220),220,"Gulf Coast Basin (LA, TX)",0.080018208,567421.0,False,84.0,0.0,4.0,0.8821
2015,1011181,Hess Corporation - 160A - Utica Basin,160A,Appalachian Basin (Eastern Overthrust Area),1.656250651,575489.0,False,45.0,25.0,2.0,0.7733
2015,1005728,Parallel Energy-360-Anadarko,360,Anadarko Basin,0.169560998,577597.0,False,447.0,0.0,6.0,0.7385
2015,1008642,Basin 430 West Texas - OSP,430,Permian Basin,0.050202515,592931.4,False,149.0,9.0,11.0,0.6192
2015,1009239,Chevron MCA 260 East Texas Basin,260,East Texas Basin,0.61855317,593579.1,False,1061.0,0.0,7.0,0.8788
2015,1009845,Anadarko Basin,360,Anadarko Basin,0.275041503,596946.6,False,812.0,1.0,7.0,0.7906
2015,1009802,Stone Energy 160A,160A,Appalachian Basin (Eastern Overthrust Area),1.159135097,598828.0,False,111.0,2.0,3.0,0.7686
2015,1010684,"Goodrich Petroleum, Basin 220 (Gulf Coast Basin)",220,"Gulf Coast Basin (LA, TX)",0.0,633412.0,False,17.0,3.0,8.0,0.5489
2015,1010397,Riviera Resources 535 Green River Basin Production Segment,535,Green River Basin,1.82837355,638449.2,False,974.0,15.0,3.0,0.873
2015,1009788,Nadel and Gussman Permian Basin No. 430,430,Permian Basin,0.085050075,648065.0,False,163.0,2.0,10.0,0.8085
2015,1008383,Marathon Oil So. Oklahoma Folded Belt (AAPG 350),350,South Oklahoma Folded Belt,0.534584769,649302.9,False,122.0,9.0,8.0,0.8227
2015,1010765,BreitBurn Florida LLC,140,Florida Platform,0.0,650950.0,False,18.0,0.0,3.0,0.7505
2015,1010839,Amplify Energy Operating 260 East Texas Basin,260,East Texas Basin,1.857733242,675054.7,False,1013.0,3.0,17.0,0.7808
2015,1008200,Grizzly Anadarko Basin,360,Anadarko Basin,0.237367048,675719.0,False,150.0,4.0,24.0,0.7937
2015,1008203,Powder River Basin - AAPG Province 515,515,Powder River Basin,1.816520511,687722.0,False,102.0,0.0,6.0,0.4794
2015,1010164,Daylight Petroleum LLC (Pintail Acquisition),220,"Gulf Coast Basin (LA, TX)",0.024838934,700557.4,False,103.0,0.0,4.0,0.7408
2015,1011662,Stanolind Production LLC,430,Permian Basin,0.160248792,705140.3,False,823.0,0.0,4.0,0.6882
2015,1011673,Holmes Western Oil Corporation,745,San Joaquin Basin,0.0,709187.0,False,718.0,11.0,3.0,0.7672
2015,1007484,San Juan Basin (580),580,San Juan Basin,10.3190847,725130.5,False,9679.0,13.0,13.0,0.85
2015,1011923,White Rock Oil & Gas LLC - 395 Williston,395,Williston Basin,0.005758227,731475.7,False,105.0,0.0,8.0,0.502
2015,1010485,"Sanguine Gas Exploration, LLC 360 Anadarko Basin Production",360,Anadarko Basin,0.281951114,731509.0,False,352.0,0.0,16.0,0.0
2015,1008242,Unit Petroleum 166 Golf Coast,220,"Gulf Coast Basin (LA, TX)",0.816921246,737208.1,False,125.0,20.0,9.0,0.775
2015,1009967,"Enervest Operating, L.L.C. 160 Appalachian Basin",160,Appalachian Basin,0.380897262,746241.0,False,6790.0,0.0,68.0,0.84
2015,1011689,"Goodrich Petroleum Company, Basin 210 (Mid-Gulf Coast Basin)",210,Mid-Gulf Coast Basin,0.0,760125.0,False,15.0,3.0,2.0,0.6494
2015,1008289,420 Fort Worth Syncline BKV,420,Fort Worth Syncline,8.18980905,760379.3,False,4393.0,3.0,12.0,0.8476
2015,1009165,Uinta Basin - Caerus Uintah,575,Uinta Basin,4.984600708,775437.7,False,3107.0,0.0,2.0,0.8443
2015,1010738,"Cat Canyon Resources, LLC 750 Santa Maria Basin",750,Santa Maria Basin,0.0,776019.0,False,489.0,0.0,1.0,0.8435
2015,1010707,"Grade 6 Oil, LLC",745,San Joaquin Basin,0.0,789274.4,False,155.0,67.0,1.0,0.4974
2015,1009126,Impact E&P Powder River Basin Operations,515,Powder River Basin,0.039294753,791867.2,False,21.0,3.0,1.0,0.6973
2015,1012059,SHD Oil & Gas Williston (395) Basin,395,Williston Basin,0.0,816830.0,False,16.0,10.0,2.0,0.7502
2015,1008605,"Pioneer Natural Resources USA, Inc.  Anadarko",360,Anadarko Basin,0.262404225,842636.0,False,689.0,0.0,4.0,0.6064
2015,1011231,Cook Inlet Energy Onshore Production,820,AK Cook Inlet Basin,0.087644687,854103.0,False,13.0,0.0,3.0,0.9514
2015,1011531,"Hawkwood Energy Management, LLC 220 Gulf Coast Basin",220,"Gulf Coast Basin (LA, TX)",0.008091412,856938.0,False,49.0,6.0,2.0,0.6421
2015,1008306,Riviera Resources 360 Anadarko Basin Production Segment,360,Anadarko Basin,0.68127111,877206.6,False,8526.0,1.0,57.0,0.6553
2015,1010183,Antero Resources - 160A - Appalachian Basin (Eastern Overthurst Area),160A,Appalachian Basin (Eastern Overthrust Area),14.055168744,886450.2,False,730.0,86.0,6.0,0.8574
2015,1008299,"LAMBDA ENERGY RESOURCES, LLC-Michigan Basin",305,Michigan Basin,0.025408598,887482.0,False,786.0,0.0,27.0,0.7826
2015,1006884,"Southwest Royalties, Inc. - 430 Permian Basin",430,Permian Basin,0.065120825,912972.0,False,838.0,0.0,28.0,0.5827
2015,1009762,Luff Exploration Company - 395 - Williston Basin,395,Williston Basin,0.005080487,920916.9,False,72.0,1.0,2.0,0.4582
2015,1009607,Williston Basin/Sinclair Oil & Gas Company,395,Williston Basin,0.018701495,939663.7,False,53.0,2.0,6.0,0.5859
2015,1011684,Sage Natural Resources 420 Fort Worth Syncline,420,Fort Worth Syncline,0.354186534,949926.0,False,196.0,4.0,4.0,0.7798
2015,1009332,"Hilcorp Alaska, LLC 820 Kenai",820,AK Cook Inlet Basin,1.421291522,952670.0,False,241.0,1.0,5.0,0.9735
2015,1011239,Gulfport Energy Corp,160,Appalachian Basin,0.165012131,966540.0,False,12.0,3.0,1.0,0.7669
2015,1009264,355 Chatauque Platform,355,Chautauqua Platform,0.004807711,973137.4,False,1992.0,0.0,8.0,0.7112
2015,1011706,Gulfport Energy Appalachian Basin 160-A Eastern Overthrust Region,160A,Appalachian Basin (Eastern Overthrust Area),6.393158126,982629.0,False,151.0,50.0,3.0,0.865
2015,1009353,Marathon Oil Anadarko Basin (AAPG 360),360,Anadarko Basin,0.690424918,1001802.2,False,375.0,10.0,21.0,0.8729
2015,1009179,Tapstone 375 Sedgwick Basin,375,Sedgwick Basin,1.102531008,1011531.7,False,78.0,0.0,7.0,0.6208
2015,1009584,Sabine Oil & Gas Corporation - 260 - East Texas Basin,260,East Texas Basin,2.252856688,1014667.0,False,1562.0,19.0,13.0,0.8808
2015,1011454,Ascent Resources - Utica (160a),160A,Appalachian Basin (Eastern Overthrust Area),2.035266545,1032611.0,False,98.0,57.0,9.0,0.7985
2015,1011250,Formentera Operations LLC,395,Williston Basin,0.007764863,1037396.0,False,54.0,0.0,1.0,0.47
2015,1009282,575 Uinta Basin QEP Energy Company,575,Uinta Basin,0.873241699,1043193.7,False,823.0,0.0,3.0,0.8978
2015,1009273,MERIT ENERGY CO LLC 430 PERMIAN BASIN,430,Permian Basin,0.106252085,1055233.1,False,1165.0,0.0,18.0,0.6881
2015,1011546,Altas 220/Gulf Coast - Eagle Ford,220,"Gulf Coast Basin (LA, TX)",0.008230448,1074495.0,False,35.0,11.0,1.0,0.5569
2015,1004905,Pacific Coast Energy Company LP,750,Santa Maria Basin,0.0,1099498.0,False,249.0,0.0,1.0,0.5357
2015,1011276,Sabine Oil & Gas LLC 360 Anadarko Basin,360,Anadarko Basin,0.23570859,1183977.0,False,46.0,1.0,1.0,0.756
2015,1008576,Basin 220 South TX & South LA - OSP,220,"Gulf Coast Basin (LA, TX)",0.009368217,1184750.0,False,85.0,5.0,5.0,0.6462
2015,1011666,Lindsay Field Office,360,Anadarko Basin,0.685723055,1200439.0,False,152.0,28.0,1.0,0.86
2015,1008087,Bayswater Exploration & Production Denver Basin (540) Operations,540,Denver Basin,0.160100497,1208771.9,False,282.0,28.0,5.0,0.708
2015,1010318,"Mission Creek OpCo, LLC - Arkla Basin",230,Arkla Basin,0.19285168,1228474.0,False,301.0,24.0,2.0,0.7091
2015,1008784,CNX Gas Company LLC -160 Appalachian Basin,160,Appalachian Basin,0.728653957,1252877.0,False,0.0,0.0,16.0,0.8129
2015,1008321,Samson Resources 360 Anadarko Basin,360,Anadarko Basin,1.082021312,1258807.9,False,1078.0,4.0,44.0,0.8496
2015,1012024,Tapstone 360 Anadarko,360,Anadarko Basin,0.908491331,1344727.9,False,542.0,5.0,15.0,0.8412
2015,1009783,"White Oak Energy 220 Gulf Coast Basin (LA, TX)",220,"Gulf Coast Basin (LA, TX)",0.443677986,1356223.0,False,1487.0,1.0,60.0,0.7808
2015,1011998,"TGNR TVL LLC - Basin 230 (Houston, TX)",230,Arkla Basin,3.397810562,1407704.2,False,533.0,0.0,15.0,0.7808
2015,1009082,XTO Energy Inc 230 Arkla,230,Arkla Basin,1.144523674,1428226.8,False,1027.0,6.0,21.0,0.8287
2015,1011735,"Resolute Natural Resources Company, LLC 430 Permian Basin",430,Permian Basin,0.15973813,1435432.0,False,76.0,3.0,6.0,0.6456
2015,1008190,West Bay,305,Michigan Basin,0.072014691,1474502.0,False,87.0,3.0,10.0,0.6264
2015,1000435,Merit Energy Co. South Texas 220 Gulf Coast Basin,220,"Gulf Coast Basin (LA, TX)",2.207641809,1492070.0,False,1040.0,5.0,11.0,0.8893
2015,1008093,Samson Exploration 220 Gulf Coast Basin,220,"Gulf Coast Basin (LA, TX)",0.481570509,1492511.0,False,68.0,6.0,21.0,0.8468
2015,1008295,535 Green River Basin QEP Energy Company,535,Green River Basin,5.831727692,1581296.7,False,1200.0,0.0,5.0,0.9199
2015,1009811,Breitburn Operating LP 260 East Texas,260,East Texas Basin,0.555905762,1602738.0,False,1834.0,12.0,15.0,0.9622
2015,1010837,MATADOR PRODUCTION COMPANY,220,"Gulf Coast Basin (LA, TX)",0.01283677,1611492.0,False,109.0,17.0,8.0,0.7356
2015,1011749,BBX 220 Gulf Coast Basin,220,"Gulf Coast Basin (LA, TX)",0.333645358,1628099.0,False,78.0,3.0,8.0,0.7808
2015,1008622,535 Green River Basin - BP America Production Company,535,Green River Basin,2.613659301,1680808.0,False,1952.0,48.0,2.0,0.8189
2015,1009830,Northwoods Energy (Basin 515) Powder River Basin,515,Powder River Basin,0.082380565,1692384.6,False,66.0,13.0,3.0,0.6768
2015,1011387,Crestone Peak - Denver Basin (COP),540,Denver Basin,0.068601828,1731063.2,False,34.0,4.0,2.0,0.6601
2015,1011847,GulfTex Gulf Coast Basin #220,220,"Gulf Coast Basin (LA, TX)",0.062723174,1762081.7,False,27.0,15.0,4.0,0.7783
2015,1008367,Newfield.220.Gulf Coast,220,"Gulf Coast Basin (LA, TX)",0.549873009,1774617.5,False,271.0,0.0,13.0,0.7958
2015,1011185,Abraxas Petroleum Corp. 395 Williston,395,Williston Basin,0.062413682,1775693.0,False,79.0,14.0,10.0,0.5699
2015,1008885,"Tellus Operating Group, LLC - MS Operations",210,Mid-Gulf Coast Basin,0.22626944,1787775.7,False,359.0,6.0,11.0,0.8934
2015,1008308,"Shadow Wolf Energy, LLC. - Los Angeles Basin 760",760,Los Angeles Basin,0.0,1812637.2,False,413.0,0.0,2.0,0.5594
2015,1009657,"Enervest Operating, L.L.C. 220 Gulf Coast Basin",220,"Gulf Coast Basin (LA, TX)",0.759140541,1817364.2,False,1029.0,3.0,7.0,0.728
2015,1011221,Ultra Resources/Uintah Basin,575,Uinta Basin,0.065506018,1820794.3,False,124.0,1.0,1.0,0.8593
2015,1002362,"Clayton Williams Energy, Inc. - 220 Gulf Coast Basin",220,"Gulf Coast Basin (LA, TX)",0.028421884,1826145.6,False,227.0,8.0,12.0,0.6183
2015,1009386,XTO Energy Inc 220 Gulf Coast,220,"Gulf Coast Basin (LA, TX)",0.572293164,1837581.6,False,521.0,9.0,39.0,0.8274
2015,1009706,"SilverBow Resources, LLC - Basin 220",220,"Gulf Coast Basin (LA, TX)",2.335599198,1839741.8,False,995.0,3.0,7.0,0.766
2015,1008809,SandRidge 430 Permian Basin,430,Permian Basin,0.930805865,1840154.3,False,2225.0,2.0,4.0,0.7224
2015,1011244,Denbury Onshore LLC 515 Powder River,515,Powder River Basin,0.103317979,1850998.0,False,595.0,0.0,4.0,0.6172
2015,1008857,CRI 515 Powder River,515,Powder River Basin,0.035413888,1907231.7,False,138.0,2.0,4.0,0.7443
2015,1011773,"Earthstone Operating, LLC - Basin 220",220,"Gulf Coast Basin (LA, TX)",0.034815789,1914634.0,False,75.0,0.0,3.0,0.5809
2015,1010521,Crescent Point Energy Corporation Williston Basin (395) Operations,395,Williston Basin,0.024494343,1935987.0,False,147.0,12.0,4.0,0.4751
2015,1011395,"White Star Petroleum, LLC",355,Chautauqua Platform,0.272035788,1940893.0,False,204.0,0.0,3.0,0.7102
2015,1012021,Liberty Resources Managment LLC 395 Williston Basin,395,Williston Basin,0.056465936,1963525.0,False,62.0,14.0,5.0,0.552
2015,1011450,Jonah Energy LLC_AAPG 535_Green River Basin,535,Green River Basin,5.25291546,1979305.8,False,1689.0,87.0,1.0,0.9006
2015,1010784,"Burnett Oil Co., Inc. 430 Permian Basin",430,Permian Basin,0.221157237,2001575.8,False,71.0,0.0,4.0,0.8
2015,1009357,Finley Resources Inc - Uintah Basin (575),575,Uinta Basin,0.10934,2016084.2,False,265.0,8.0,2.0,0.7901
2015,1008089,Encana Oil & Gas - Mid-Gulf Coast Basin,210,Mid-Gulf Coast Basin,0.031409773,2026990.8,False,33.0,3.0,2.0,0.625
2015,1012068,Matador Production Company - Permian Basin,430,Permian Basin,0.209796226,2073782.0,False,199.0,30.0,6.0,0.7386
2015,1008977,"EOG Resources, Inc. 420 Fort Worth syncline",420,Fort Worth Syncline,2.024786767,2082694.9,False,881.0,3.0,6.0,0.7043
2015,1011519,Grizzly Basin 430 (Permian),430,Permian Basin,0.354635904,2157848.7,False,1416.0,0.0,30.0,0.7104
2015,1010350,Basin 160A - Appalachia,160A,Appalachian Basin (Eastern Overthrust Area),4.200655951,2163663.0,False,168.0,25.0,7.0,0.7974
2015,1011393,Ascent Resources - Utica (160),160,Appalachian Basin,0.282677808,2192988.0,False,25.0,19.0,1.0,0.7524
2015,1011894,"SRC Energy, Inc.",540,Denver Basin,0.243353552,2193161.6,False,412.0,49.0,8.0,0.0122
2015,1009674,SM Energy (Basin 430) Permian Basin,430,Permian Basin,0.176202279,2218118.0,False,361.0,2.0,1.0,0.6992
2015,1008794,Great Western Oil & Gas Company - D-J Basin,540,Denver Basin,0.228717298,2229425.6,False,393.0,30.0,5.0,0.7013
2015,1009056,Laredo Petroleum Basin 430,430,Permian Basin,0.345611403,2235310.5,False,366.0,16.0,3.0,0.7077
2015,1008859,Samson Resources 395 Williston Basin,395,Williston Basin,0.055945944,2243289.0,False,123.0,9.0,1.0,0.5682
2015,1009511,"Alta Mesa Services, LP",220,"Gulf Coast Basin (LA, TX)",0.15056507,2300666.0,False,456.0,0.0,16.0,0.7743
2015,1008943,Denbury Onshore LLC 230 Arkla,230,Arkla Basin,0.0059862,2353580.8,False,113.0,14.0,4.0,0.0677
2015,1009265,360 Anadarko Basin,360,Anadarko Basin,0.319460705,2374512.5,False,1448.0,0.0,26.0,0.8016
2015,1011407,Rosetta Resources 430 Permian Basin,430,Permian Basin,0.120919234,2389193.0,False,144.0,7.0,1.0,0.7262
2015,1010718,Antero Resources - 160 - Appalachian Basin (Utica),160,Appalachian Basin,2.160968837,2400642.6,False,79.0,42.0,1.0,0.7762
2015,1010002,Murex Petroleum Corporation - Williston Basin 395,395,Williston Basin,0.05338453,2422743.0,False,203.0,0.0,15.0,0.4941
2015,1011690,"Centennial Resource Production, LLC",430,Permian Basin,0.119587481,2462364.0,False,107.0,12.0,2.0,0.9621
2015,1011318,Peak Powder River Resources,515,Powder River Basin,0.178229111,2561075.0,False,51.0,15.0,2.0,0.6563
2015,1008352,"EOG Resources, Inc. 360 Anadarko basin",360,Anadarko Basin,0.47060472,2568467.0,False,408.0,6.0,11.0,0.8167
2015,1008807,SandRidge 375 Sedgwick Basin,375,Sedgwick Basin,0.69736971,2578476.7,False,312.0,45.0,5.0,0.7662
2015,1009125,PureWest/Green River Basin,535,Green River Basin,9.312378932,2595218.0,False,1853.0,116.0,1.0,0.9282
2015,1011854,"Unbridled Resources, LLC- Basin 360",360,Anadarko Basin,0.747154552,2646363.0,False,684.0,15.0,7.0,0.7722
2015,1009731,Verdad Resources LLC - DJ Basin,540,Denver Basin,0.060861843,2670099.0,False,126.0,3.0,3.0,0.6621
2015,1008134,Ovintiv USA Inc. 350.South Oklahoma Folded Belt,350,South Oklahoma Folded Belt,2.134387751,2756915.8,False,216.0,0.0,7.0,0.7194
2015,1009813,Breitburn Operating LP 430 Permian,430,Permian Basin,0.262409577,2757626.0,False,1135.0,0.0,29.0,0.6558
2015,1011275,Sabine Oil & Gas LLC 220 Gulf Coast Basin,220,"Gulf Coast Basin (LA, TX)",0.371337171,2770081.0,False,197.0,2.0,3.0,0.6802
2015,1006886,"Clayton Williams Energy, Inc. - 430 Permian Basin",430,Permian Basin,0.15434607,2778029.0,False,447.0,9.0,12.0,0.6471
2015,1009274,MERIT ENERGY CO LLC 360 ANADARKO BASIN,360,Anadarko Basin,0.906830258,2803258.3,False,2058.0,0.0,31.0,0.7602
2015,1008216,Encana Oil & Gas - San Juan Basin,580,San Juan Basin,0.305013924,2826586.2,False,223.0,11.0,5.0,0.6894
2015,1009547,Revolution Operating Company Anadarko 360,360,Anadarko Basin,0.501479541,2831158.0,False,501.0,83.0,25.0,0.7808
2015,1007037,"J. Cleo Thompson & James Cleo Thompson, Jr. L.P. 430 Permian Basin",430,Permian Basin,0.280265442,2838279.8,False,1274.0,18.0,30.0,0.515
2015,1008702,COTERRA ENERGY - 360 - ANADARKO BASIN,360,Anadarko Basin,2.946258596,2852720.9,False,816.0,36.0,32.0,0.8427
2015,1009848,GeoSouthern Energy Corporation,220,"Gulf Coast Basin (LA, TX)",0.147368896,2887413.0,False,138.0,0.0,19.0,0.7808
2015,1010932,E&B Natural Resources,745,San Joaquin Basin,0.0,3005173.3,False,1742.0,124.0,1.0,0.272
2015,1008700,COTERRA ENERGY - 430 - PERMIAN BASIN,430,Permian Basin,0.472416843,3030716.8,False,853.0,0.0,23.0,0.7328
2015,1008241,Unit Petroleum 783 Anadarko Basin,360,Anadarko Basin,1.878023902,3076755.0,False,1414.0,25.0,27.0,0.8066
2015,1010294,Discovery Natural Resources LLC - 430 Permian Basin,430,Permian Basin,0.640906481,3130510.0,False,986.0,32.0,5.0,0.7723
2015,1008482,"Talisman Energy USA, Gulf Coast basin - 220",220,"Gulf Coast Basin (LA, TX)",9.616747509,3224349.0,False,221.0,22.0,2.0,0.7606
2015,1008365,Riviera Resources 430 Permian Basin Production Segment,430,Permian Basin,0.315542621,3239355.2,False,1507.0,17.0,17.0,0.6526
2015,1007777,EP Energy E&P 430 Permian Basin,430,Permian Basin,0.339740593,3291797.8,False,260.0,35.0,3.0,0.5509
2015,1008086,"CH4-Finley Operating, LLC - Uinta Basin (575) Operations",575,Uinta Basin,0.160174857,3296644.0,False,299.0,44.0,2.0,0.784
2015,1013771,"Zavanna, LLC Williston Basin (395) Operations",395,Williston Basin,0.193000335,3298925.0,False,113.0,25.0,2.0,0.4195
2015,1009354,HighPoint Operating Corporation - Denver Basin (540),540,Denver Basin,0.242509694,3320805.9,False,177.0,44.0,1.0,0.6747
2015,1008979,"EOG Resources, Inc. 540 Denver basin",540,Denver Basin,0.073442127,3331169.4,False,119.0,14.0,2.0,0.6385
2015,1009663,"Enervest Operating, L.L.C. 360 Anadarko Basin",360,Anadarko Basin,3.275533636,3361195.0,False,1669.0,25.0,36.0,0.7731
2015,1008224,Apache Corporation - Gulf Coast Basin 220,220,"Gulf Coast Basin (LA, TX)",0.274271484,3465280.0,False,274.0,39.0,11.0,0.7816
2015,1008506,Mid-Gulf Coast Basin Code 210,210,Mid-Gulf Coast Basin,0.117776367,3502821.0,False,144.0,0.0,15.0,0.6454
2015,1004628,MACPHERSON OIL COMPANY,745,San Joaquin Basin,0.0,3599967.0,False,822.0,6.0,1.0,0.5448
2015,1008071,Marathon Oil Cody - Big Horn Basin (AAPG Basin Number 520),520,Big Horn Basin,0.033034832,3615258.8,False,891.0,0.0,4.0,0.3806
2015,1011803,Apache Corporation + 430 + Permian Basin,430,Permian Basin,0.239521743,3647680.3,False,248.0,5.0,6.0,0.8643
2015,1011534,BBOG Gulf Coast Basin #220,220,"Gulf Coast Basin (LA, TX)",0.30106736,3711610.4,False,167.0,19.0,7.0,0.7491
2015,1008230,YPC 515 Powder River Basin,515,Powder River Basin,0.794225863,3733859.2,False,109.0,21.0,7.0,0.5627
2015,1009260,Ovintiv USA Inc. 360.Anadarko Basin,360,Anadarko Basin,0.78859509,3766131.8,False,261.0,0.0,19.0,0.7599
2015,1008286,355 Chautauqua Platform DEC,355,Chautauqua Platform,0.710287341,3850663.0,False,388.0,26.0,16.0,0.6279
2015,1008577,Basin 395 North Dakota - OSP,395,Williston Basin,0.06209189,3869437.0,False,147.0,8.0,5.0,0.4988
2015,1009241,Chevron MCA 595 Piceance Basin,595,Piceance Basin,0.193870518,3917588.6,False,697.0,0.0,4.0,0.7481
2015,1009956,"Elk Operating Services, LLC 585 Paradox Basin",585,Paradox Basin,0.039104194,4019238.2,False,391.0,0.0,1.0,0.1217
2015,1008051,"Range Resources - Appalachia, LLC - Basin 160A",160A,Appalachian Basin (Eastern Overthrust Area),13.118887185,4073718.0,False,6746.0,153.0,37.0,0.9284
2015,1011191,CRI 350 SOK Folded Belt,350,South Oklahoma Folded Belt,2.274358101,4094673.4,False,96.0,23.0,7.0,0.7779
2015,1009691,430 Permian Basin QEP Energy Company,430,Permian Basin,0.243950416,4115730.4,False,370.0,0.0,4.0,0.7309
2015,1002157,Caelus Natural Resources Alaska 890 - Arctic Slope Basin,890,Arctic Coastal Plains Province,0.11043552,4200000.0,False,17.0,4.0,1.0,0.88
2015,1009588,Lewis Energy Group,220,"Gulf Coast Basin (LA, TX)",7.283863353,4255766.0,False,1233.0,200.0,5.0,0.9292
2015,1008982,"WPX Energy Production, LLC - 580 San Juan basin",580,San Juan Basin,0.366859653,4356622.6,False,1204.0,35.0,10.0,0.889
2015,1010367,Halcon Resources Corporation 220 Gulf Coast Basin,220,"Gulf Coast Basin (LA, TX)",0.249571618,4379778.0,False,283.0,19.0,16.0,0.7664
2015,1011846,"RSP Permian, LLC",430,Permian Basin,0.2619304,4401279.0,False,459.0,0.0,6.0,0.6659
2015,1009350,EP Energy E&P 575 Uinta Basin,575,Uinta Basin,0.286823726,4463843.0,False,354.0,31.0,2.0,0.5819
2015,1010721,Appalachian Basin (Eastern Overthrust Area),160A,Appalachian Basin (Eastern Overthrust Area),12.496799393,4484429.8,False,675.0,72.0,29.0,0.97
2015,1008229,YPC 430 Permian Basin,430,Permian Basin,0.749964508,4600574.1,False,1837.0,17.0,10.0,0.7793
2015,1008396,"EOG Resources, Inc. 515 Powder River basin",515,Powder River Basin,0.49618898,4603178.2,False,133.0,14.0,4.0,0.6401
2015,1011498,Legacy Reserves Basin 430 Production,430,Permian Basin,1.981460434,4746456.1,False,1104.0,0.0,41.0,0.6263
2015,1008538,"Chesapeake Operating LLC, 515 - Powder River Basin",515,Powder River Basin,0.828400372,4814699.7,False,188.0,41.0,1.0,0.6782
2015,1010943,Repsol Texas Onshore Properties - Eagle Ford,220,"Gulf Coast Basin (LA, TX)",1.322658246,4853716.7,False,168.0,41.0,7.0,0.7053
2015,1011420,Riviera Resources 575 Uinta Basin Production Segment,575,Uinta Basin,1.097401505,4858725.7,False,976.0,4.0,4.0,0.7379
2015,1009906,"Comstock Resources, Inc. - Basin 220",220,"Gulf Coast Basin (LA, TX)",0.355946395,4897505.0,False,260.0,11.0,10.0,0.7665
2015,1008456,"Approach Operating, LLC 430 Permian Basin",430,Permian Basin,0.582832971,4897926.0,False,637.0,22.0,4.0,0.7538
2015,1013833,Mewbourne Oil Company - Anadarko Basin 360,360,Anadarko Basin,1.543709131,4906731.0,False,1072.0,12.0,30.0,0.78
2015,1009039,WPX Energy Permian LLC,430,Permian Basin,0.785462782,4945500.0,False,526.0,42.0,15.0,0.7476
2015,1010258,Templar Operating LLC - 360 - Anadarko Basin,360,Anadarko Basin,1.76306853,4958263.0,False,967.0,93.0,16.0,0.8069
2015,1011761,"Extraction Oil & Gas, Inc.",540,Denver Basin,0.482917709,5043225.0,False,696.0,43.0,6.0,0.7589
2015,1008079,XTO Energy Inc 260 East Texas,260,East Texas Basin,12.162830544,5256098.6,False,5397.0,49.0,48.0,0.8877
2015,1010084,Rosetta Resources 220 Gulf Coast Basin,220,"Gulf Coast Basin (LA, TX)",2.148348922,5280231.0,False,314.0,23.0,6.0,0.7529
2015,1009185,Whiting Oil and Gas Corporation 540 Denver Basin,540,Denver Basin,0.231169011,5331133.8,False,184.0,56.0,1.0,0.6602
2015,1011394,"American Energy - Permian Basin, LLC",430,Permian Basin,0.391039267,5461794.6,False,80.0,56.0,4.0,0.6899
2015,1010505,Bowline Energy LLC,395,Williston Basin,0.150312484,5650883.0,False,141.0,19.0,3.0,0.6262
2015,1008407,Ovintiv USA Inc. 575.Uinta,575,Uinta Basin,0.214164588,5667551.4,False,1834.0,0.0,4.0,0.7797
2015,1008616,XTO Energy Inc 350 South Oklahoma Folded Belt,350,South Oklahoma Folded Belt,2.555376522,5767065.7,False,793.0,50.0,16.0,0.7769
2015,1009030,"BOPCO, L.P. 430 Permian basin",430,Permian Basin,0.348215003,5926567.0,False,622.0,0.0,13.0,0.7655
2015,1009718,"Fasken Oil and Ranch, Ltd. 430 Permian Basin",430,Permian Basin,0.59040596,5947347.0,False,987.0,0.0,21.0,0.7
2015,1010701,"Amplify Operating Oklahoma, LLC.",360,Anadarko Basin,1.404485702,6232293.4,False,463.0,0.0,9.0,0.7735
2015,1008439,Venado Operating Company LLC 220 Gulf Coast Basin,220,"Gulf Coast Basin (LA, TX)",0.153078067,6367333.9,False,256.0,46.0,11.0,0.7023
2015,1010588,Permian Operations - Shell Exploration & Production Company,430,Permian Basin,0.636274475,6569272.0,False,281.0,41.0,18.0,0.7757
2015,1009335,Presidio Petroleum 360 Anadarko Basin,360,Anadarko Basin,2.935057487,6643814.8,False,1713.0,30.0,24.0,0.8333
2015,1000355,#540 BONANZA CREEK ENERGY - DENVER BASIN,540,Denver Basin,0.542166733,6687074.4,False,580.0,93.0,1.0,0.706
2015,1009846,Permian Basin,430,Permian Basin,0.544171025,6757245.0,False,4563.0,1.0,23.0,0.7907
2015,1008632,"BPX Energy Permian Basin, AAPG Basin 430",430,Permian Basin,0.629910161,6958620.0,False,100.0,45.0,3.0,0.7986
2015,1008287,360 Anadarko Basin DEC,360,Anadarko Basin,5.613197412,7104960.1,False,1418.0,51.0,35.0,0.8102
2015,1008472,CRI 360 Anadarko,360,Anadarko Basin,1.95457955,7165396.4,False,505.0,39.0,19.0,0.7945
2015,1008634,Hess Corporation - 430 - Permian Basin,430,Permian Basin,0.0,7187975.0,False,370.0,0.0,1.0,0.04
2015,1011555,"Parsley Energy, Inc. 430 Permian Basin",430,Permian Basin,0.833053651,7510007.0,False,682.0,42.0,10.0,0.7208
2015,1008123,Denbury Onshore LLC 220 Gulf Coast,220,"Gulf Coast Basin (LA, TX)",0.092574242,7524298.5,False,503.0,27.0,9.0,0.7855
2015,1009624,SM Energy (Basin 220) South Texas,220,"Gulf Coast Basin (LA, TX)",7.031589237,7658065.0,False,475.0,76.0,4.0,0.7872
2015,1009286,PDC Energy 540 Denver Basin,540,Denver Basin,1.287702546,7893506.7,False,2590.0,133.0,4.0,0.7316
2015,1011873,"Lime Rock Resources III-A, Williston Basin",395,Williston Basin,0.088020904,7905813.0,False,347.0,13.0,4.0,0.4588
2015,1009261,Ovintiv USA Inc. 395.Williston Basin,395,Williston Basin,0.296597758,8206926.0,False,273.0,0.0,6.0,0.5842
2015,1009720,"SN Operating, LLC 220 Gulf Coast Basin (LA, TX)",220,"Gulf Coast Basin (LA, TX)",1.472243611,8249303.0,False,581.0,107.0,25.0,0.7808
2015,1008617,Denbury Onshore LLC 395 Williston,395,Williston Basin,0.056290221,8406813.3,False,922.0,11.0,14.0,0.3514
2015,1013845,Mewbourne Oil Company - Permian Basin 430,430,Permian Basin,0.904944504,8568392.8,False,701.0,47.0,11.0,0.7665
2015,1010945,"EXCO Resources, Inc. - Gulf Coast Basin #220",220,"Gulf Coast Basin (LA, TX)",0.139310133,8661098.0,False,247.0,39.0,5.0,0.8308
2015,1008409,Los Angeles Basin 760 THUMS Long Beach Company,760,Los Angeles Basin,0.003617579,8936765.0,False,771.0,33.0,1.0,0.8643
2015,1008534,Eni US Operating Co. Inc. - Nikaitchuq & Oooguruk Development,890,Arctic Coastal Plains Province,0.0,8970400.0,False,30.0,4.0,1.0,0.86
2015,1009595,Enerplus Resources (USA) Corporation - Williston Basin,395,Williston Basin,0.299853561,8991810.0,False,326.0,17.0,3.0,0.5641
2015,1011659,Endeavor Energy Resources LP 430 Permian Basin,430,Permian Basin,0.745709647,9024788.3,False,3922.0,66.0,76.0,0.713
2015,1008524,"Chesapeake Exploration LLC, 160A - Appalachian Basin (Eastern Overthrust Area)",160A,Appalachian Basin (Eastern Overthrust Area),8.707235322,9211145.7,False,569.0,145.0,7.0,0.7895
2015,1009106,Slawson Exploration - Williston Basin 395,395,Williston Basin,0.178850296,9534557.0,False,358.0,36.0,8.0,0.5927
2015,1008206,Crestone Peak - Denver Basin,540,Denver Basin,1.668581642,9764551.4,False,1623.0,79.0,6.0,0.7551
2015,1010190,"Williston Basin (Petro-Hunt, LLC)",395,Williston Basin,0.33156854,9816554.1,False,344.0,16.0,11.0,0.5389
2015,1009278,515 Powder River Basin DEC,515,Powder River Basin,0.257807276,10087319.1,False,612.0,37.0,8.0,0.6915
2015,1009793,SM Energy (Basin 393) Williston Basin,395,Williston Basin,0.280869809,10133078.5,False,526.0,35.0,7.0,0.5988
2015,1011419,Linn Energy 745 San Joaquin Basin Production Segment,745,San Joaquin Basin,0.0,10481410.9,False,2024.0,117.0,1.0,0.7391
2015,1008449,Permian Basin - AAPG Province 430,430,Permian Basin,1.997055204,10655451.0,False,2286.0,58.0,14.0,0.8127
2015,1007479,ConocoPhillips Permian (430),430,Permian Basin,1.615740467,10712495.2,False,3709.0,122.0,22.0,0.6985
2015,1008942,Denbury Onshore LLC 210 Mid-Gulf Coast,210,Mid-Gulf Coast Basin,0.097036206,11375800.0,False,1016.0,12.0,14.0,0.2561
2015,1009434,Diamondback E&P LLC,430,Permian Basin,0.518785723,11406547.0,False,878.0,0.0,9.0,0.7184
2015,1009253,"WPX Energy Williston, LLC - 395 Williston basin",395,Williston Basin,0.235392852,11917530.5,False,205.0,30.0,3.0,0.5309
2015,1008806,SandRidge 360 Anadarko Basin,360,Anadarko Basin,3.931503801,11951824.0,False,1734.0,172.0,41.0,0.8185
2015,1008331,Ovintiv USA Inc - Permian Basin,430,Permian Basin,0.939231734,12263002.4,False,1490.0,147.0,10.0,0.6594
2015,1008406,"California Resources Elk Hills, LLC - San Joaquin Valley Production Basin",745,San Joaquin Basin,1.901844716,13027038.4,False,3519.0,4.0,2.0,0.7678
2015,1008402,California Resources Production Corporation  San Joaquin Valley Basin 745,745,San Joaquin Basin,0.058665362,13250003.4,False,2748.0,607.0,3.0,0.5309
2015,1011782,"Hilcorp Alaska, LLC 890 Arctic Slope Basin",890,Arctic Coastal Plains Province,0.0,13376372.0,False,275.0,0.0,1.0,0.8046
2015,1008630,"BPX Energy Petrohawk Gulf Coast Basin, AAPG Basin 220",220,"Gulf Coast Basin (LA, TX)",2.695706054,13581682.7,False,545.0,53.0,6.0,0.779
2015,1010366,Halcon Resources Corporation 395 Williston Basin,395,Williston Basin,0.327437239,13657638.0,False,263.0,46.0,3.0,0.508
2015,1010222,GULF COAST BASIN,220,"Gulf Coast Basin (LA, TX)",5.631112941,13858064.0,False,9869.0,15.0,97.0,0.7808
2015,1008092,EP Energy E&P 220 Gulf Coast Basin,220,"Gulf Coast Basin (LA, TX)",0.592106063,14062114.5,False,657.0,115.0,4.0,0.5052
2015,1008351,"EOG Resources, Inc. 430 Permian basin",430,Permian Basin,2.218846467,14845051.0,False,895.0,80.0,18.0,0.7297
2015,1008530,Tapstone 360 - Anadarko Basin,360,Anadarko Basin,7.699552847,14858380.4,False,6097.0,107.0,104.0,0.839
2015,1008836,Energen Resources Corporation 430 Permian Basin,430,Permian Basin,1.018934473,17322473.7,False,3893.0,156.0,22.0,0.6658
2015,1008090,"Validus Energy Aquilas AssetCo, LLC",220,"Gulf Coast Basin (LA, TX)",0.799706888,17334515.2,False,444.0,66.0,4.0,0.7226
2015,1009281,395 Williston Basin QEP Energy Company,395,Williston Basin,0.590038187,20154131.2,False,313.0,0.0,4.0,0.5215
2015,1009625,"Grayson Mill Operating, LLC",395,Williston Basin,0.636820534,21183772.4,False,560.0,54.0,5.0,0.548
2015,1008544,Cimarex Energy Co. 430 Permian,430,Permian Basin,3.338933042,21219287.7,False,653.0,16.0,24.0,0.748
2015,1008248,Kinder Morgan Production 430 Permian Basin,430,Permian Basin,0.0,21391669.6,False,1648.0,0.0,5.0,0.0558
2015,1009728,Callon (Eagle Ford) - Basin 220,220,"Gulf Coast Basin (LA, TX)",0.395086131,21726922.4,False,264.0,65.0,5.0,0.6965
2015,1008173,"Marathon Oil Corporation Williston Basin, AAPG Basin 395",395,Williston Basin,0.176711415,21943265.6,False,507.0,51.0,5.0,0.5318
2015,1008980,"EOG Resources, Inc. 395 Williston basin",395,Williston Basin,0.599560498,23637672.0,False,679.0,36.0,9.0,0.4266
2015,1008113,MurphyE&P-220,220,"Gulf Coast Basin (LA, TX)",0.918346643,23863693.2,False,642.0,124.0,7.0,0.7186
2015,1009240,Chevron MCA 430 Permian Basin,430,Permian Basin,3.100504436,23989971.1,False,7717.0,148.0,37.0,0.6895
2015,1010325,Oasis Petroleum,395,Williston Basin,0.668523154,25001571.4,False,846.0,80.0,8.0,0.5182
2015,1008604,Ensign Gulf Coast Basin-Production,220,"Gulf Coast Basin (LA, TX)",3.610191007,25893942.0,False,819.0,113.0,14.0,0.8257
2015,1007482,ConocoPhillips' Williston (395),395,Williston Basin,0.856812026,27384031.0,False,599.0,126.0,5.0,0.5666
2015,1008290,430 Permian Basin DEC,430,Permian Basin,2.886114631,29216687.5,False,3210.0,120.0,52.0,0.7427
2015,1008270,Basin 540 Denver Julesburg - Noble Energy Inc.,540,Denver Basin,4.321063061,31263860.8,False,7186.0,136.0,2.0,0.7064
2015,1008202,Denver Basin - AAPG Province 540,540,Denver Basin,5.867950381,33314693.0,False,4922.0,200.0,9.0,0.7097
2015,1009390,XTO Energy Inc 430 Permian,430,Permian Basin,3.811535425,35753545.8,False,4469.0,298.0,37.0,0.7526
2015,1008346,Aera Energy San Joaquin Basin,745,San Joaquin Basin,0.0,37860479.4,False,16438.0,784.0,2.0,0.4491
2015,1008936,Gulf Coast Basin - AAPG Province 220,220,"Gulf Coast Basin (LA, TX)",6.4201497,38130777.0,False,1863.0,179.0,20.0,0.7077
2015,1009391,Apache Corporation - Permian Basin 430,430,Permian Basin,3.887525565,41194065.4,False,11119.0,118.0,54.0,0.6455
2015,1008490,Hess Corporation - 395 - Williston Basin,395,Williston Basin,1.973052044,42781270.0,False,1337.0,297.0,11.0,0.589
2015,1007485,"ConocoPhillips Gulf Coast Basin 220, Production",220,"Gulf Coast Basin (LA, TX)",4.536726108,49379525.6,False,1483.0,154.0,12.0,0.6791
2015,1008526,"Chesapeake Operating LLC, 220 - Gulf Coast Basin",220,"Gulf Coast Basin (LA, TX)",3.837457221,49658362.5,False,1486.0,217.0,10.0,0.7487
2015,1008471,CRI 395 Williston,395,Williston Basin,1.683490784,50685038.1,False,1935.0,187.0,17.0,0.5136
2015,1009707,COG Operating LLC  430 Permian Basin,430,Permian Basin,5.23979875,52629069.0,False,5999.0,318.0,14.0,0.7
2015,1008499,745 San Joaquin Basin Chevron USA Inc.,745,San Joaquin Basin,0.113105436,53924124.7,False,17227.0,1585.0,2.0,0.7979
2015,1009197,Whiting Oil and Gas Corporation 395 Williston Basin,395,Williston Basin,1.798319109,54574532.1,False,1477.0,268.0,16.0,0.5418
2015,1008141,Oxy Permian Basin - 430,430,Permian Basin,4.486928152,55589684.7,False,14177.0,55.0,35.0,0.4234
2015,1008293,Marathon Oil EF - Gulf Coast Basin (AAPG Basin Number 220),220,"Gulf Coast Basin (LA, TX)",3.050573196,56231300.0,False,1255.0,276.0,13.0,0.7388
2015,1008275,XTO Energy Inc 395 Williston,395,Williston Basin,2.573988806,57774901.0,False,970.0,175.0,10.0,0.6293
2015,1009238,220 Gulf Coast Basin DEC,220,"Gulf Coast Basin (LA, TX)",4.79321427,58676088.8,False,795.0,89.0,11.0,0.7057
2015,1008111,ConocoPhillips Alaska Inc - KRU-ALP Fields,890,Arctic Coastal Plains Province,0.0,59824676.0,False,800.0,21.0,1.0,0.8283
2015,1008607,"Pioneer Natural Resources USA, Inc.  Permian",430,Permian Basin,3.680345131,69345917.0,False,6840.0,231.0,17.0,0.6995
2015,1008172,"Hilcorp North Slope, 890 - Arctic Slope Basin",890,Arctic Coastal Plains Province,0.264025843,88487588.0,False,1357.0,69.0,1.0,0.7711
2015,1008219,"EOG Resources, Inc.220 Gulf Coast basin",220,"Gulf Coast Basin (LA, TX)",4.690196682,89032325.3,False,2631.0,344.0,32.0,0.7458
2016,1009387,XTO Energy Inc 415 Strawn,415,Strawn Basin,5.080535788,15258.8,False,1703.0,19.0,7.0,0.9234
2016,1009388,XTO Energy Inc 420 Fort Worth Syncline,420,Fort Worth Syncline,0.566246905,28569.1,False,324.0,1.0,11.0,0.842
2016,1009141,XTO Energy Inc 595 Piceance,595,Piceance Basin,0.469088892,44258.4,False,335.0,0.0,2.0,0.8857
2016,1008116,XTO Energy Inc 160A Appalachian E Overthrust,160A,Appalachian Basin (Eastern Overthrust Area),4.503111826,54462.0,False,5678.0,40.0,49.0,0.9521
2016,1009389,UGC 575 Uintah,575,Uinta Basin,0.323695188,72045.0,False,602.0,1.0,3.0,0.901
2016,1009142,XTO Energy Inc 580 San Juan,580,San Juan Basin,1.56668516,113281.2,False,1745.0,0.0,8.0,0.8642
2016,1009143,XTO Energy Inc 360 Anadarko,360,Anadarko Basin,0.492513754,412040.2,False,1379.0,4.0,31.0,0.8097
2016,1009082,XTO Energy Inc 230 Arkla,230,Arkla Basin,0.781550502,1068759.4,False,905.0,5.0,21.0,0.818
2016,1009386,XTO Energy Inc 220 Gulf Coast,220,"Gulf Coast Basin (LA, TX)",0.405989377,2026935.5,False,439.0,2.0,31.0,0.7962
2016,1008079,XTO Energy Inc 260 East Texas,260,East Texas Basin,9.695623289,4168057.8,False,5286.0,26.0,48.0,0.8695
2016,1008616,XTO Energy Inc 350 South Oklahoma Folded Belt,350,South Oklahoma Folded Belt,2.249643492,4910546.9,False,813.0,19.0,16.0,0.7823
2016,1009390,XTO Energy Inc 430 Permian,430,Permian Basin,3.603960402,29939316.5,False,4469.0,126.0,35.0,0.6826
2016,1008275,XTO Energy Inc 395 Williston,395,Williston Basin,1.716153044,31670385.1,False,1033.0,78.0,10.0,0.6418
2016,1008213,SWEPI / Green River Basin,535,Green River Basin,0.0,0.0,False,0.0,0.0,1.0,0.94
2016,1006420,Encana Oil & Gas - Arkla Basin,230,Arkla Basin,0.002694597,0.0,False,2.0,0.0,1.0,0.9472
2016,1009878,Iron Pennsylvania Land LLC,160A,Appalachian Basin (Eastern Overthrust Area),0.029714262,0.0,False,11.0,0.0,1.0,0.8815
2016,1009660,"Enervest Operating, L.L.C. 345 Arkoma Basin",345,Arkoma Basin,0.037471134,0.0,False,67.0,0.0,3.0,0.994
2016,1011763,"EagleRidge Operating, LLC. Strawn Basin",415,Strawn Basin,0.083631743,0.0,False,30.0,0.0,2.0,0.66
2016,1011295,Saga Petroleum 160A Appalachian Basin Eastern Overthrust Area,160A,Appalachian Basin (Eastern Overthrust Area),0.089053136,0.0,False,423.0,0.0,3.0,0.98
2016,1009340,Unit Petroleum 377 Arkoma Basin,345,Arkoma Basin,0.144887592,0.0,False,88.0,0.0,9.0,0.9565
2016,1009488,Rosewood 540 Denver Basin,540,Denver Basin,0.148071404,0.0,False,848.0,0.0,1.0,0.9246
2016,1011297,Saga Petroleum 200 Warrior Basin,200,Black Warrior Basin,0.163194249,0.0,False,437.0,0.0,1.0,0.98
2016,1008053,Own Resources Operating LLC,540,Denver Basin,0.166506975,0.0,False,984.0,0.0,1.0,0.9389
2016,1009310,"Chesapeake Operating LLC, 345 - Arkoma Basin",345,Arkoma Basin,0.234825822,0.0,False,409.0,0.0,15.0,0.9414
2016,1009860,Blackbeard Operating - 400 - Ouachita Folded Belt,400,Ouachita Folded Belt,0.248099257,0.0,False,149.0,0.0,1.0,0.814
2016,1008350,"EOG Resources, Inc. 160A Appalachian basin (Eastern Overthrust area)",160A,Appalachian Basin (Eastern Overthrust Area),0.323778087,0.0,False,94.0,0.0,4.0,0.973
2016,1008298,XPR Resources LLC,160A,Appalachian Basin (Eastern Overthrust Area),0.344450098,0.0,False,60.0,0.0,3.0,0.9709
2016,1008474,"MMGK Arkoma, LLC - ARKOMA Basin",345,Arkoma Basin,0.518458946,0.0,False,832.0,0.0,9.0,0.97
2016,1007481,ConocoPhillips' Uinta (575),575,Uinta Basin,0.56986788,0.0,False,467.0,0.0,2.0,0.9289
2016,1011616,"Warren E&P, Inc.",160A,Appalachian Basin (Eastern Overthrust Area),0.88809708,0.0,False,34.0,0.0,1.0,0.9771
2016,1012774,Covey Park Gas,230,Arkla Basin,0.930858903,0.0,False,165.0,3.0,2.0,0.8789
2016,1008795,"Arsenal Resources, LLC 160A Appalachian Basin",160A,Appalachian Basin (Eastern Overthrust Area),1.052766889,0.0,False,68.0,0.0,6.0,0.9654
2016,1008673,"EXCO Resources (PA), LLC - Basin 160A",160A,Appalachian Basin (Eastern Overthrust Area),1.072953483,0.0,False,118.0,0.0,35.0,0.973
2016,1011674,Sage Natural Resources 415 Strawn Basin,415,Strawn Basin,1.139442547,0.0,False,98.0,17.0,2.0,0.7822
2016,1008608,"Evergreen Natural Resources, LLC. Las Vegas-Raton",455,Las Vegas-Raton Basin,1.159964496,0.0,False,2160.0,0.0,1.0,0.9905
2016,1009732,BKV Operating LLC,160A,Appalachian Basin (Eastern Overthrust Area),1.277446532,0.0,False,83.0,0.0,2.0,0.9748
2016,1009139,OGRIS Operating LLC,455,Las Vegas-Raton Basin,1.280991518,0.0,False,466.0,0.0,1.0,0.983
2016,1011913,SWN Production (Louisiana),230,Arkla Basin,1.67615092,0.0,False,265.0,0.0,5.0,0.9524
2016,1008958,"EXCO Resources, Inc. - East Texas Basin #260",260,East Texas Basin,1.800564658,0.0,False,108.0,8.0,5.0,0.961
2016,1008081,"Vine Energy, Inc.",230,Arkla Basin,2.215676333,0.0,False,252.0,43.0,3.0,0.9463
2016,1008588,"Merit Energy Arkoma Basin, AAPG Basin 345",345,Arkoma Basin,2.515257741,0.0,False,968.0,0.0,6.0,0.9546
2016,1011678,Vantage Energy Appalachia II LLC 160A Appalachia Basin Eastern Overthrust Area,160A,Appalachian Basin (Eastern Overthrust Area),2.972202205,0.0,False,84.0,14.0,1.0,0.9489
2016,1011862,"Rice Drilling D, LLC - Basin 160A",160A,Appalachian Basin (Eastern Overthrust Area),3.115919211,0.0,False,36.0,18.0,1.0,0.919
2016,1008957,"EXCO Resources, Inc. - Arkla Basin #230",230,Arkla Basin,3.169849962,0.0,False,456.0,6.0,5.0,0.9638
2016,1008937,Appalachian Basin - AAPG Province 160A,160A,Appalachian basin (Eastern Overthrust area),4.735531505,0.0,False,322.0,8.0,3.0,0.9744
2016,1008481,"Repsol Oil & Gas USA, LLC Appalachian basin (Eastern Overthrust area) - 160A",160A,Appalachian Basin (Eastern Overthrust Area),5.54874799,0.0,False,510.0,29.0,7.0,0.9756
2016,1011861,"Rice Drilling B, LLC - Basin 160A",160A,Appalachian Basin (Eastern Overthrust Area),6.763698861,0.0,False,249.0,34.0,2.0,0.9527
2016,1009485,Chief Oil & Gas LLC (160A),160A,Appalachian Basin (Eastern Overthrust Area),8.052220182,0.0,False,243.0,33.0,5.0,0.9732
2016,1010205,Flywheel Energy Production - Arkoma,345,Arkoma Basin,15.809600677,0.0,False,3664.0,32.0,6.0,0.9614
2016,1009392,XTO Energy Inc 345 Arkoma,345,Arkoma Basin,12.844397579,1.8,False,2218.0,3.0,27.0,0.9554
2016,1008503,Coterra Energy 160A Appalachian (EOA),160A,Appalachian Basin (Eastern Overthrust Area),19.406851874,10.2,False,583.0,56.0,6.0,0.9761
2016,1008078,XTO Energy Inc 507 Central Western Overthrust,507,Central Western Overthrust,0.402447634,31.7,False,202.0,0.0,2.0,0.9226
2016,1008715,Anadarko Facility,360,Anadarko Basin,0.027398204,33.3,False,31.0,0.0,1.0,0.7163
2016,1008509,Rex Energy Corporation Appalachian Basin (160) Operations,160,Appalachian Basin,0.143886109,53.1,False,14.0,0.0,3.0,0.6263
2016,1008492,"BPX Energy Arkla Basin, AAPG Basin 230",230,Arkla Basin,4.694964432,206.2,False,384.0,0.0,8.0,0.9579
2016,1005963,Red Willow Production Co.,580,San Juan Basin,1.673700823,238.0,False,597.0,0.0,3.0,0.9105
2016,1008527,"Chesapeake Operating LLC, 230 - Arkla Basin",230,Arkla Basin,11.859386172,351.3,False,830.0,48.0,9.0,0.9551
2016,1011508,Foundation Energy Management- 450 Las Animas arch Basin,450,Las Animas Arch,0.026201257,365.0,False,248.0,0.0,2.0,0.6665
2016,1008199,Grizzly Arkoma Basin,345,Arkoma Basin,0.322920116,474.2,False,223.0,0.0,10.0,0.9068
2016,1009571,CR 345 Arkoma,345,Arkoma Basin,0.073885186,870.0,False,28.0,0.0,2.0,0.75
2016,1009400,"Goodrich Petroleum Co., 260, East Texas Basin",260,East Texas Basin,0.05979396,1086.8,False,19.0,0.0,4.0,0.8851
2016,1008328,Basin 595 Piceance - Noble Energy Inc.,595,Piceance Basin,0.016102547,1159.7,False,21.0,0.0,1.0,0.8897
2016,1008208,Ovintiv USA Inc - Wind River Basin,530,Wind River Basin,0.107280066,1650.6,False,167.0,0.0,2.0,0.9138
2016,1008528,"Chesapeake Operating LLC, 260 - East Texas Basin",260,East Texas Basin,0.010834178,1971.0,False,2.0,1.0,2.0,0.7272
2016,1008136,North Shore E&P Sand Wash,535,Green River Basin,0.014800195,2257.9,False,19.0,0.0,4.0,0.88
2016,1009301,Seneca East Facilities,160A,Appalachian Basin (Eastern Overthrust Area),5.177570465,2544.3,False,345.0,38.0,21.0,0.9312
2016,1008349,DJ Resources Inc - DJ Basin (AAPG Basin Number 540),540,Denver Basin,0.0,2776.0,False,4.0,0.0,2.0,0.705
2016,1008341,Samson Resources 230 Arkla Basin,230,Arkla Basin,0.070428078,2989.4,False,31.0,0.0,7.0,0.9208
2016,1009189,Whiting Oil and Gas Corporation 305 Michigan Basin,305,Michigan Basin,0.0,3275.0,False,2.0,0.0,2.0,0.7698
2016,1010235,Atlas 415/Strawn Basin - Fort Worth,415,Strawn Basin,0.307351085,3322.0,False,131.0,0.0,4.0,0.9055
2016,1009101,REM 305 Michigan Basin - PRODUCTION,305,Michigan Basin,0.535346717,3616.0,False,2185.0,0.0,10.0,0.87
2016,1008502,"Nytis Exploration Company, LLC 160 Appalachian Basin",160,Appalachian Basin,0.452474459,3878.1,False,2980.0,0.0,30.0,0.8671
2016,1009441,"Trinity River Energy Operating, LLC 420 Fort Worth Syncline",420,Fort Worth Syncline,0.469262207,4313.0,False,293.0,0.0,3.0,0.9068
2016,1011393,Ascent Resources - Utica (160),160,Appalachian Basin,0.413681887,4367.0,False,25.0,0.0,1.0,0.7524
2016,1009263,220 Gulf Coast,220,"Gulf Coast Basin (LA, TX)",0.0096481,4517.3,False,5.0,0.0,2.0,0.8011
2016,1008579,Cabot OIl & Gas Corporation 260 East Texas Basin,260,East Texas Basin,0.020098695,5401.5,False,21.0,0.0,3.0,0.9577
2016,1008469,CRI 355 Chautauqua,355,Chautauqua Platform,0.111777113,5628.0,False,52.0,0.0,2.0,0.91
2016,1008321,Samson Resources 360 Anadarko Basin,360,Anadarko Basin,0.033980381,5681.9,False,41.0,0.0,9.0,0.8748
2016,1008714,Gulf Coast Facility,220,"Gulf Coast Basin (LA, TX)",0.246580165,5820.2,False,306.0,3.0,2.0,0.6592
2016,1006770,TPIC Basin 220,220,"Gulf Coast Basin (LA, TX)",0.693828569,5986.8,False,1053.0,0.0,31.0,0.9128
2016,1008188,"Trinity River Energy Operating, LLC 415 Strawn Syncline",415,Strawn Basin,0.779091671,6212.9,False,462.0,0.0,5.0,0.8489
2016,1009666,"Enervest Operating, L.L.C. 415 Strawn Basin",415,Strawn Basin,0.399792355,6301.7,False,346.0,6.0,3.0,0.95
2016,1012052,Black Hills Exploration and Production (Colorado Piceance Basin Facilties),595,Piceance Basin,0.215592684,6585.0,False,47.0,0.0,3.0,0.8836
2016,1009968,"Enervest Operating, L.L.C. 305 Michigan Basin",305,Michigan Basin,0.057585812,7056.9,False,1044.0,0.0,5.0,0.84
2016,1011194,"Compass Production Partners, LP - Arkla Basin #230",230,Arkla Basin,0.425178658,7142.5,False,388.0,0.0,1.0,0.9536
2016,1008348,Trendwell Energy Corporation,305,Michigan Basin,0.116235905,7242.0,False,414.0,0.0,4.0,0.742
2016,1009276,415 Strawn Basin BKV - Production,415,Strawn Basin,3.439565241,7285.9,False,1333.0,0.0,4.0,0.9493
2016,1011975,Legacy Reserves Basin 260 Production,260,East Texas Basin,0.001079208,7757.0,False,916.0,0.0,9.0,0.903
2016,1011978,Morningstar Operating LLC  SAN JUAN BASIN 580,580,San Juan Basin,1.248869139,8169.0,False,1053.0,0.0,8.0,0.882
2016,1008703,Key Production Co. 360 Anadarko,360,Anadarko Basin,0.056646328,8831.9,False,91.0,0.0,15.0,0.8731
2016,1008323,Foundation Energy Management 595 Piceance Basin,595,Piceance Basin,0.041465981,9852.5,False,156.0,0.0,6.0,0.8472
2016,1007483,Contango Resources' Wind River (530),530,Wind River Basin,1.974281988,9912.4,False,186.0,0.0,2.0,0.9098
2016,1011655,"FDL Operating, LLC (Mississippi)",210,Mid-Gulf Coast Basin,0.129115915,10151.0,False,548.0,0.0,5.0,0.7849
2016,1009258,Caerus Oil and Gas Green River Basin (535) Operations,535,Green River Basin,0.059223964,10723.0,False,63.0,0.0,2.0,0.9002
2016,1011963,345 Arkoma Bravo NR,345,Arkoma Basin,0.433530208,11025.0,False,361.0,12.0,6.0,0.9424
2016,1008536,"TEP Barnett USA LLC, 415 - Strawn Basin",415,Strawn Basin,6.855558744,11126.4,False,1971.0,0.0,3.0,0.9278
2016,1011936,Covey Park Operating,260,East Texas Basin,1.040689916,11163.0,False,148.0,7.0,2.0,0.8789
2016,1008405,California Resources Production Corporation  Sacramento Valley Basin 730,730,Sacramento Basin,0.444531643,12981.1,False,696.0,0.0,9.0,0.9491
2016,1008978,"EOG Resources, Inc. 425 Bend arch",425,Bend Arch,0.037860018,13195.4,False,57.0,0.0,3.0,0.7866
2016,1011765,"EagleRidge Operating, LLC. Fort Worth Syncline Basin",420,Fort Worth Syncline,0.298832118,13469.9,False,128.0,0.0,2.0,0.7147
2016,1008232,YPC 535 Green River Basin,535,Green River Basin,0.042588599,13598.9,False,59.0,0.0,8.0,0.8393
2016,1009169,345 Arkoma Basin - BP America Production Company,345,Arkoma Basin,2.382354341,14259.0,False,1481.0,13.0,15.0,0.9485
2016,1009193,Whiting Oil and Gas Corporation 595 Piceance Basin,595,Piceance Basin,0.024868734,14689.8,False,46.0,0.0,2.0,0.8129
2016,1008286,355 Chautauqua Platform DEC,355,Chautauqua Platform,0.009118972,15321.5,False,11.0,0.0,3.0,0.749
2016,1009241,Chevron MCA 595 Piceance Basin,595,Piceance Basin,0.124636339,15425.0,False,955.0,0.0,4.0,0.782
2016,1012612,Hilcorp Energy Company - Wind River Basin (530),530,Wind River Basin,0.059122505,15441.0,False,58.0,0.0,2.0,0.8726
2016,1008523,"Chesapeake Appalachia LLC, 160A - Appalachian Basin (Eastern Overthrust Area)",160A,Appalachian Basin (Eastern Overthrust Area),20.232642825,16151.1,False,916.0,20.0,19.0,0.9418
2016,1012018,"Trinity Rivery Energy Operating, LLC 230 Arkla Basin",230,Arkla Basin,0.165281682,16820.3,False,167.0,0.0,4.0,0.9228
2016,1008367,Newfield.220.Gulf Coast,220,"Gulf Coast Basin (LA, TX)",0.017631399,17372.2,False,9.0,0.0,1.0,0.858
2016,1009659,"Enervest Operating, L.L.C. 260 East Texas Basin",260,East Texas Basin,0.0,17441.7,False,3.0,0.0,1.0,0.9144
2016,1008363,Riviera Resources 305 Michigan Basin Production Segment,305,Michigan Basin,0.58897885,17894.0,False,1626.0,0.0,10.0,0.8191
2016,1009327,MERIT ENERGY CO LLC 420 FORT WORTH SYNCLINE,420,Fort Worth Syncline,0.064107937,17949.8,False,171.0,0.0,5.0,0.7718
2016,1008918,"Range Resources - Appalachia, LLC- Basin 160",160,Appalachian Basin,0.083882602,18059.0,False,1264.0,0.0,2.0,0.9124
2016,1008521,"Chesapeake Appalachia LLC, 160 - Appalachian Basin",160,Appalachian Basin,0.705599274,18225.8,False,4682.0,0.0,55.0,0.7806
2016,1009890,"Comstock Oil & Gas-LA, LLC",230,Arkla Basin,1.524033713,18499.3,False,325.0,5.0,19.0,0.9368
2016,1009907,"Comstock Oil & Gas, LLC",260,East Texas Basin,0.180147177,18598.5,False,386.0,0.0,11.0,0.8997
2016,1010142,Williston Basin,395,Williston Basin,0.0,19293.8,False,51.0,0.0,4.0,0.6178
2016,1009113,Newfield.345.Arkoma Basin,345,Arkoma Basin,1.209309664,20238.3,False,298.0,3.0,8.0,0.9211
2016,1008294,507 Central Western Overthrust QEP Energy Company,507,Central Western Overthrust,0.047922239,20240.7,False,58.0,0.0,2.0,0.831
2016,1008093,Samson Exploration 220 Gulf Coast Basin,220,"Gulf Coast Basin (LA, TX)",0.002979918,20393.0,False,4.0,0.0,21.0,0.7607
2016,1012605,"Trinity Operating USG, LLC - Chautauqua Platform (Basin 355)",355,Chautauqua Platform,0.996926924,22095.0,False,141.0,42.0,3.0,0.6505
2016,1012782,Covey Park Resources,260,East Texas Basin,0.172662509,23354.0,False,438.0,4.0,4.0,0.8789
2016,1011420,Riviera Resources 575 Uinta Basin Production Segment,575,Uinta Basin,0.211763168,23730.1,False,1041.0,0.0,3.0,0.7121
2016,1008753,Foundation Energy Management 345 Arkoma Basin,345,Arkoma Basin,0.072805778,24455.0,False,277.0,0.0,13.0,0.9473
2016,1012999,ALLIANCE PETROLEUM CORPORATION,160A,Appalachian Basin (Eastern Overthrust Area),0.232860255,24606.4,False,7814.0,0.0,48.0,0.9083
2016,1008165,Berry Petroleum Company 585 Piceance Basin Production Segment,595,Piceance Basin,0.262356376,24853.4,False,172.0,0.0,1.0,0.8911
2016,1011100,"Cross Timbers Energy, LLC - San Juan Basin 580",580,San Juan Basin,0.173273104,27624.0,False,253.0,0.0,4.0,0.6862
2016,1008273,"RIM Operating, Inc. San Juan Basin Operations",580,San Juan Basin,0.13441396,28234.0,False,164.0,0.0,5.0,0.8593
2016,1009245,"BOPCO, L.P. 220 Gulf Coast basin",220,"Gulf Coast Basin (LA, TX)",0.009726424,28336.0,False,5.0,0.0,2.0,0.9029
2016,1011654,Urban 535 Green River Basin,535,Green River Basin,0.10997659,29091.0,False,167.0,0.0,2.0,0.8568
2016,1010157,BREITBURN OPERATING LP-BASIN 535,535,Green River Basin,0.174863631,29633.0,False,269.0,0.0,3.0,0.8468
2016,1009683,"Laredo Energy 220 Gulf Basin (LA, TX)",220,"Gulf Coast Basin (LA, TX)",0.881983993,30434.0,False,135.0,13.0,4.0,0.76
2016,1010319,BREITBURN OPERATING LP-BASIN 507,507,Central Western Overthrust,0.034106481,33182.0,False,57.0,0.0,2.0,0.8188
2016,1009283,230 Arkla Basin QEP Energy Company,230,Arkla Basin,1.17147092,33343.8,False,484.0,10.0,14.0,0.9367
2016,1009242,San Juan Basin,580,San Juan Basin,0.753594574,33696.0,False,790.0,0.0,8.0,0.9346
2016,1011848,Indigo Resources LLC,230,Arkla Basin,0.287893762,33827.0,False,312.0,0.0,2.0,0.8883
2016,1008170,Dominion Energy Wexpro - Central Western Overthrust (Prod),507,Central Western Overthrust,0.253107075,35886.0,False,160.0,0.0,2.0,0.8591
2016,1009545,Jones Energy 345 Arkoma Basin,345,Arkoma Basin,0.197549692,38735.0,False,64.0,0.0,1.0,0.7849
2016,1008296,Caerus Piceance LLC,595,Piceance Basin,0.902150184,41212.5,False,741.0,51.0,2.0,0.882
2016,1008755,Foundation Energy Management 540 DJ Basin,540,Denver Basin,0.179931895,43697.0,False,1037.0,0.0,6.0,0.9424
2016,1010376,Halcon Resources Corporation 260 East Texas Basin,260,East Texas Basin,0.000757503,46293.0,False,3.0,0.0,1.0,0.632
2016,1012728,Blackbeard Operating - 415 - Strawn,415,Strawn Basin,1.462650929,46316.0,False,671.0,2.0,7.0,0.69
2016,1008698,Cimarex Energy Co. of Colorado 360 Anadarko,360,Anadarko Basin,0.105611057,51537.3,False,185.0,0.0,14.0,0.8052
2016,1008395,"EOG Resources, Inc. 507 Central Western Overthrust",507,Central Western Overthrust,0.180103417,56711.7,False,230.0,0.0,2.0,0.7491
2016,1007486,"Tanos Exploration II, LLC Arkla Basin, AAPG 230",230,Arkla Basin,0.331439394,58860.0,False,461.0,1.0,3.0,0.9264
2016,1012734,Jay-Bee Oil & Gas Wellsites,160A,Appalachian Basin (Eastern Overthrust Area),1.03265341,61222.0,False,448.0,6.0,7.0,0.8
2016,1010320,BASIN 305 PRODUCTION,305,Michigan Basin,0.204776838,63903.6,False,1459.0,0.0,17.0,0.8729
2016,1006564,Greylock Energy,160A,Appalachian Basin (Eastern Overthrust Area),1.276275186,64754.0,False,2768.0,0.0,32.0,0.8987
2016,1008128,"EOG Resources, Inc. 260 East Texas basin",260,East Texas Basin,0.372520365,64977.2,False,114.0,0.0,6.0,0.929
2016,1010673,Paradox Upstream LLC 585 Paradox Basin,585,Paradox Basin,0.12577708,65012.3,False,165.0,0.0,3.0,0.9125
2016,1009239,Chevron MCA 260 East Texas Basin,260,East Texas Basin,0.148854735,66528.0,False,723.0,0.0,9.0,0.8811
2016,1008401,"SWEPI LP (Shell), Appalachian Basin (Eastern Overthrust Area) 160A",160A,Appalachian Basin (Eastern Overthrust Area),3.342736429,66880.4,False,1788.0,18.0,13.0,0.7565
2016,1008200,Grizzly Anadarko Basin,360,Anadarko Basin,0.031310397,67285.0,False,63.0,0.0,11.0,0.8283
2016,1011081,"CMO, Inc.",745,San Joaquin Basin,0.0,67946.0,False,37.0,0.0,1.0,0.2796
2016,1008356,"Aruba Petroleum, Inc. 420 Fort Worth Syncline",420,Fort Worth Syncline,0.307758042,70760.8,False,181.0,0.0,4.0,0.775
2016,1009837,"Bluefin Resources LLC 220 Gulf Coast Basin (LA, TX)",220,"Gulf Coast Basin (LA, TX)",0.045321945,73513.0,False,45.0,11.0,6.0,0.7849
2016,1009339,Unit Petroleum 285 Permian Basin,430,Permian Basin,0.030942099,75052.2,False,186.0,1.0,14.0,0.7519
2016,1008882,Pennsylvania General Energy Company LLC,160A,Appalachian Basin (Eastern Overthrust Area),1.460997594,76257.4,False,1288.0,0.0,12.0,0.9745
2016,1003754,Kash Oil & Gas - Basin 220,220,"Gulf Coast Basin (LA, TX)",0.00565832,76655.0,False,17.0,0.0,5.0,0.9683
2016,1011596,"Wapiti Operating, LLC 575 Uinta Basin",575,Uinta Basin,0.605444721,76736.0,False,338.0,0.0,1.0,0.9042
2016,1008483,Atlas 160/Appalachia Basin - Ohio,160,Appalachian Basin,0.266871568,78454.0,False,2837.0,0.0,24.0,0.8747
2016,1010176,Equal Energy-355-Chautaqua Platform,355,Chautauqua Platform,0.349517734,81019.0,False,79.0,0.0,3.0,0.7333
2016,1008540,Dugan Production Corp- San Juan Basin,580,San Juan Basin,0.23459843,89192.0,False,882.0,3.0,9.0,0.8346
2016,1008066,"Jordan Development Company, LLC",305,Michigan Basin,0.176331687,92610.0,False,372.0,1.0,15.0,0.8088
2016,1011518,Grizzly Green River Basin 535,535,Green River Basin,0.172723419,93246.0,False,197.0,0.0,2.0,0.8381
2016,1009308,EQT Production - Basin 160 - Appalachian,160,Appalachian Basin,1.596193579,94480.0,False,7391.0,0.0,51.0,0.7677
2016,1012040,"Tanos Exploration II, LLC - Basin 260",260,East Texas Basin,0.601625982,99127.0,False,427.0,14.0,13.0,0.9033
2016,1009694,"Enervest Operating, L.L.C. 580 San Juan Basin",580,San Juan Basin,0.327472556,99483.5,False,676.0,0.0,4.0,0.79
2016,1009135,Kaiser-Francis Oil Company 360 Anadarko Basin,360,Anadarko Basin,0.459396642,100101.2,False,714.0,0.0,55.0,0.8582
2016,1008783,CNX Gas Company LLC -160A Appalachian Basin Eastern Overthrust Area,160A,Appalachian Basin (Eastern Overthrust Area),10.749314113,100288.2,False,11459.0,63.0,77.0,0.8998
2016,1009030,"BOPCO, L.P. 430 Permian basin",430,Permian Basin,0.049473159,100370.0,False,462.0,6.0,8.0,0.8106
2016,1011684,Sage Natural Resources 420 Fort Worth Syncline,420,Fort Worth Syncline,0.43461485,101232.8,False,200.0,5.0,5.0,0.7806
2016,1011688,Equinor USA Onshore Properties - APB Basin 160A,160A,Appalachian Basin (Eastern Overthrust Area),0.41136017,101471.8,False,44.0,4.0,4.0,0.9136
2016,1009859,Blackbeard Operating - 220 - Gulf Coast Basin,220,"Gulf Coast Basin (LA, TX)",0.36959092,106562.0,False,557.0,0.0,18.0,0.6932
2016,1012509,Aethon Energy Operating-230-Arkla Basin,230,Arkla Basin,1.544457607,107034.7,False,1129.0,11.0,16.0,0.9151
2016,1008545,BCE-Mach III LLC. 350 South Oklahoma,350,South Oklahoma Folded Belt,0.076262089,108418.1,False,97.0,0.0,9.0,0.7717
2016,1008480,Atlas 160A/Appalach Overthrust Basin - PA,160A,Appalachian Basin (Eastern Overthrust Area),0.893515386,109813.0,False,5295.0,0.0,33.0,0.9277
2016,1009862,"Amplify Energy Operating LLC 220 Gulf Coast Basin (LA, TX)",220,"Gulf Coast Basin (LA, TX)",0.357960598,109934.0,False,411.0,0.0,13.0,0.7453
2016,1010705,Arkla Basin,230,Arkla Basin,0.024828029,110817.0,False,6.0,0.0,2.0,0.8214
2016,1008548,BOC 220 Gulf Coast Basin Onshore,220,"Gulf Coast Basin (LA, TX)",0.005408877,111722.0,False,28.0,0.0,5.0,0.8775
2016,1012028,"Trinity Rivery Energy Operating, LLC 210 MidGulf Coast Basin",210,Mid-Gulf Coast Basin,0.132453897,113464.4,False,262.0,0.0,6.0,0.9503
2016,1012571,West Ranch Field,220,"Gulf Coast Basin (LA, TX)",0.001189447,114611.0,False,604.0,23.0,2.0,0.7808
2016,1009076,580 San Juan Basin - Simcoe LLC,580,San Juan Basin,6.994717252,115753.0,False,3796.0,10.0,7.0,0.8808
2016,1007476,Lime Rock Resources Fort Worth Syncline (420),420,Fort Worth Syncline,0.603112133,117825.1,False,669.0,0.0,6.0,0.7959
2016,1011976,Indigo Resources LLC 260 East Texas Basin,260,East Texas Basin,0.159067444,120506.0,False,293.0,0.0,3.0,0.9045
2016,1008640,Grizzly Basin 230 (NE TX),230,Arkla Basin,0.034960488,123678.0,False,68.0,0.0,2.0,0.8088
2016,1009686,Nadel and Gussman Ruston Arkla Basin No. 230,230,Arkla Basin,0.364245993,128123.0,False,105.0,3.0,12.0,0.8847
2016,1012044,"Blackbeard Operating East, LLC - Basin 230",230,Arkla Basin,0.069582674,133598.0,False,212.0,0.0,6.0,0.8108
2016,1011839,"Encino Operating, L.L.C. - Anadarko Basin",360,Anadarko Basin,5.4124e-05,138406.9,False,114.0,1.0,11.0,0.8199
2016,1012114,WHRMC - ARKLA BASIN-ONSHORE PRODUCTION,230,Arkla Basin,0.734921952,139308.6,False,461.0,0.0,8.0,0.9467
2016,1012706,Hilcorp Energy Company - Green River Basin (535),535,Green River Basin,0.313789221,139647.0,False,346.0,0.0,5.0,0.891
2016,1008697,BCE-Mach III 350 (Madill),350,South Oklahoma Folded Belt,0.126210246,141414.2,False,185.0,0.0,6.0,0.7483
2016,1009785,LARAMIE ENERGY LLC - Piceance Basin (585),595,Piceance Basin,1.094339203,143381.1,False,1257.0,57.0,5.0,0.8773
2016,1008954,Green River Basin - 535,535,Green River Basin,0.377711707,151855.0,False,329.0,0.0,1.0,0.8932
2016,1009932,"Enervest Operating, L.L.C. 160A Appalachian Basin (Eastern Overthrust area)",160A,Appalachian Basin (Eastern Overthrust Area),1.248257103,153494.2,False,7799.0,47.0,44.0,0.95
2016,1011547,Atlas 360/Anadarko Basin - Nash,360,Anadarko Basin,0.129360175,161711.0,False,97.0,0.0,6.0,0.8355
2016,1008529,"Chesapeake Operating LLC, 350 - South Oklahoma Folded Belt",350,South Oklahoma Folded Belt,0.177435957,164680.0,False,159.0,0.0,8.0,0.8381
2016,1009848,GeoSouthern Energy Corporation,220,"Gulf Coast Basin (LA, TX)",0.040843784,167625.0,False,97.0,1.0,22.0,0.6091
2016,1012449,"Blackbeard Operating, LLC - 430 Permian Basin",430,Permian Basin,0.044868394,167938.0,False,366.0,0.0,8.0,0.6967
2016,1010621,TGNR Gulf Coast LLC and TGNR East Texas LLC,260,East Texas Basin,3.660792471,173073.9,False,2034.0,0.0,15.0,0.8512
2016,1008598,"Duncan Oil Properties, Inc. 360 Anadarko Basin",360,Anadarko Basin,7.2956e-05,174621.3,False,124.0,0.0,15.0,0.849
2016,1010197,"Moon Hines Tigrett Operating Company, LLC",210,Mid-Gulf Coast Basin,0.019276322,177479.0,False,24.0,0.0,12.0,0.3348
2016,1010396,Riviera Resources 260 East Texas Basin Production Segment,260,East Texas Basin,0.870264235,181738.0,False,1084.0,0.0,11.0,0.9209
2016,1011962,Paxton Resources,305,Michigan Basin,0.050199768,184043.0,False,196.0,0.0,5.0,0.8025
2016,1009609,"Trinity River Energy Operating, LLC 220 Gulf Coast Basin",220,"Gulf Coast Basin (LA, TX)",0.259705437,184682.4,False,403.0,0.0,12.0,0.8634
2016,1008852,Samson Resources 535 Green River Basin,535,Green River Basin,0.282953466,184940.5,False,114.0,0.0,3.0,0.8136
2016,1008244,Unit Petroleum 145 Chautauqua Platform Basin,355,Chautauqua Platform,0.007324951,186497.1,False,52.0,0.0,4.0,0.799
2016,1008590,Dominion Energy Wexpro - Green River Basin (Prod),535,Green River Basin,1.23846574,191859.6,False,520.0,6.0,6.0,0.8661
2016,1010237,Atlas 420/Fort Worth Syncline Basin - Jacksboro,420,Fort Worth Syncline,0.225028994,192121.0,False,352.0,0.0,5.0,0.7487
2016,1011895,Aethon Energy Operating-530-Wind River Basin,530,Wind River Basin,0.389547393,197982.0,False,245.0,5.0,2.0,0.8524
2016,1011353,Halcon Resources Corporation 210 Mid-Gulf Coast Basin,210,Mid-Gulf Coast Basin,0.0,202024.0,False,8.0,1.0,1.0,0.6466
2016,1009582,Naftex Operating Company,745,San Joaquin Basin,0.0,204366.0,False,313.0,0.0,1.0,0.629
2016,1012048,Missouri River Resources Williston Basin 395,395,Williston Basin,0.008502855,206002.0,False,5.0,0.0,1.0,0.4588
2016,1010181,Ursa Resources Group II - 595 - Piceance Basin,595,Piceance Basin,1.048132703,211695.0,False,427.0,41.0,1.0,0.8434
2016,1012014,White Knight 420 Fort Worth Syncline,420,Fort Worth Syncline,0.089348644,212711.0,False,144.0,12.0,6.0,0.7849
2016,1012060,White Rock Oil & Gas LLC - 230 ArkLa,230,Arkla Basin,0.020041294,218647.6,False,158.0,0.0,3.0,0.5055
2016,1007475,ConocoPhillips Anadarko (360),360,Anadarko Basin,1.196937799,221902.1,False,1954.0,0.0,42.0,0.7643
2016,1011847,GulfTex Gulf Coast Basin #220,220,"Gulf Coast Basin (LA, TX)",0.003785039,223978.5,False,12.0,1.0,4.0,0.7854
2016,1012070,SilverCreek Chautauqua #355,355,Chautauqua Platform,0.208000788,235116.2,False,75.0,0.0,4.0,0.7822
2016,1008475,EnverVest Operating L.L.C.- 430 HighMount Permian,430,Permian Basin,0.937346672,239665.2,False,6623.0,0.0,9.0,0.86
2016,1008353,"EOG Resources, Inc. 535 Green River basin",535,Green River Basin,0.286200271,241777.6,False,658.0,0.0,2.0,0.736
2016,1011804,CalNRG- Lynch Canyon Field,740,Coastal Basins,0.0,252002.5,False,26.0,0.0,1.0,0.6011
2016,1012664,SOUTHLAND ROYALTY COMPANY LLC-GREEN RIVER BASIN 535,535,Green River Basin,0.30860804,252997.0,False,552.0,0.0,2.0,0.8416
2016,1011535,Grizzly Piceance Basin (595),595,Piceance Basin,0.741838087,255304.4,False,926.0,0.0,1.0,0.8472
2016,1009689,"Enervest Operating, L.L.C. 420 Fort Worth Syncline",420,Fort Worth Syncline,3.145544678,258607.5,False,1013.0,0.0,8.0,0.7983
2016,1012030,Houston Counties Oil and Gas Production Facilities,260,East Texas Basin,0.027387414,261448.0,False,63.0,0.0,3.0,0.783
2016,1011421,Riviera Resources 220 Gulf Coast Basin Production Segment,220,"Gulf Coast Basin (LA, TX)",0.262517814,277587.6,False,409.0,0.0,21.0,0.9077
2016,1012816,"ORX Resources, LLC - Gulf Coast Basin (220)",220,"Gulf Coast Basin (LA, TX)",0.302450353,282765.0,False,64.0,0.0,7.0,0.8499
2016,1008956,Chevron MCA 360 Anadarko Basin,360,Anadarko Basin,0.263185684,286836.0,False,308.0,0.0,22.0,0.8046
2016,1010164,Daylight Petroleum LLC (Pintail Acquisition),220,"Gulf Coast Basin (LA, TX)",0.006849447,286916.6,False,45.0,0.0,2.0,0.7629
2016,1010603,Apache Corp. - Palo Duro,435,Palo Duro Basin,0.023028589,301037.3,False,24.0,0.0,1.0,0.6097
2016,1008850,Samson Resources 260 East Texas Basin,260,East Texas Basin,1.378637584,306277.9,False,998.0,0.0,20.0,0.9306
2016,1008976,"EOG Resources, Inc. 350 South Oklahoma folded belt",350,South Oklahoma Folded Belt,0.4315875,314869.4,False,281.0,0.0,2.0,0.6937
2016,1009170,260 East Texas Basin - BP America Production Company,260,East Texas Basin,1.561514645,316247.3,False,681.0,10.0,17.0,0.8823
2016,1010291,"Miller Energy Company II, LLC",305,Michigan Basin,0.001444497,328154.0,False,524.0,0.0,14.0,0.5912
2016,1008029,Basin 360 Oil & Gas Production,360,Anadarko Basin,0.110225211,330431.0,False,137.0,0.0,14.0,0.7155
2016,1011662,Stanolind Production LLC,430,Permian Basin,0.147304537,343772.7,False,819.0,0.0,4.0,0.6944
2016,1012569,515 Powder River Basin,515,Powder River Basin,0.060410863,344426.0,False,94.0,1.0,5.0,0.6099
2016,1008587,Valence Operating Co 260 East Texas Basin,260,East Texas Basin,0.762940335,346368.0,False,657.0,6.0,43.0,0.8926
2016,1012022,"Basin 220 - Tana Exploration Company, LLC",220,"Gulf Coast Basin (LA, TX)",0.346303505,346686.6,False,79.0,0.0,1.0,0.7775
2016,1009112,Samuel Gary Jr. & Associates Central Kansas Uplift (385) Operations,385,Central Kansas Uplift,0.0,350782.6,False,198.0,0.0,10.0,0.5791
2016,1011652,"Urban 220 Gulf Coast Basin (LA, TX)",220,"Gulf Coast Basin (LA, TX)",0.130846524,359018.0,False,488.0,0.0,35.0,0.7739
2016,1011231,Cook Inlet Energy Onshore Production,820,AK Cook Inlet Basin,0.059275133,360395.0,False,19.0,0.0,3.0,0.9411
2016,1010684,"Goodrich Petroleum, Basin 220 (Gulf Coast Basin)",220,"Gulf Coast Basin (LA, TX)",0.0,362044.0,False,19.0,0.0,5.0,0.5984
2016,1007807,BADAMI DEVELOPMENT FACILITY,890,Arctic Coastal Plains Province,0.0,363288.0,False,8.0,0.0,1.0,0.832
2016,1007599,"Indigo Minerals, LLC",230,Arkla Basin,1.883257942,370563.0,False,502.0,14.0,6.0,0.9046
2016,1009192,Whiting Oil and Gas Corporation 430 Permian Basin,430,Permian Basin,0.03201325,373066.7,False,218.0,0.0,12.0,0.663
2016,1011276,Sabine Oil & Gas LLC 360 Anadarko Basin,360,Anadarko Basin,0.14110969,377803.5,False,38.0,0.0,1.0,0.73
2016,1011689,"Goodrich Petroleum Company, Basin 210 (Mid-Gulf Coast Basin)",210,Mid-Gulf Coast Basin,0.0,383974.1,False,16.0,0.0,2.0,0.6231
2016,1009436,Muskegon Development Company,305,Michigan Basin,0.218226987,384942.0,False,1021.0,0.0,12.0,0.7651
2016,1008959,"Compass Production Partners, LP - Permian Basin #430",430,Permian Basin,0.10284764,399590.4,False,457.0,0.0,3.0,0.668
2016,1009802,Stone Energy 160A,160A,Appalachian Basin (Eastern Overthrust Area),0.786325453,400974.0,False,114.0,0.0,4.0,0.7723
2016,1008392,Sheridan Production Company LLC 260 East Texas Basin,260,East Texas Basin,1.188735243,412486.0,False,1238.0,0.0,10.0,0.806
2016,1006750,TRC cYPRESS gROUP LLC,745,San Joaquin Basin,0.0,415554.0,False,124.0,20.0,1.0,0.4149
2016,1011463,"Petro Harvester Operating Co., LLC 395 Williston Basin",395,Williston Basin,0.035037226,420791.2,False,150.0,2.0,3.0,0.615
2016,1012724,"LOGOS OPERATING, LLC",580,San Juan Basin,0.334666486,424204.5,False,533.0,0.0,8.0,0.798
2016,1008207,Encana Oil & Gas - Piceance Basin,595,Piceance Basin,3.90183517,428834.6,False,3814.0,0.0,7.0,0.8756
2016,1011181,Hess Corporation - 160A - Utica Basin,160A,Appalachian Basin (Eastern Overthrust Area),2.186657588,439426.3,False,49.0,12.0,2.0,0.7733
2016,1011239,Gulfport Energy Corp,160,Appalachian Basin,0.377001101,448272.2,False,15.0,3.0,2.0,0.8093
2016,1011995,Hilcorp Appalachian Basin (Eastern Overthrust Area),160A,Appalachian Basin (Eastern Overthrust Area),1.258258311,450541.0,False,128.0,19.0,4.0,0.7808
2016,1009845,Anadarko Basin,360,Anadarko Basin,0.110817797,456697.0,False,633.0,0.0,12.0,0.806
2016,1008087,Bayswater Exploration & Production Denver Basin (540) Operations,540,Denver Basin,0.076711174,462791.0,False,188.0,3.0,5.0,0.695
2016,1008289,420 Fort Worth Syncline BKV - Production,420,Fort Worth Syncline,7.330883315,467002.0,False,4312.0,0.0,12.0,0.8472
2016,1009115,Ovintiv USA Inc. 355.Chautauqua Platform,355,Chautauqua Platform,0.464958475,472690.7,False,198.0,8.0,5.0,0.8361
2016,1011831,Point Thomson Production Facility,890,Arctic Coastal Plains Province,0.0,473015.0,False,1.0,0.0,1.0,0.8616
2016,1008354,"EOG Resources, Inc. 575 Uinta basin",575,Uinta Basin,0.721199367,475471.5,False,1268.0,0.0,1.0,0.8212
2016,1010765,BreitBurn Florida LLC,140,Florida Platform,0.0,482017.0,False,19.0,0.0,3.0,0.7505
2016,1011706,Gulfport Energy Appalachian Basin 160-A Eastern Overthrust Region,160A,Appalachian Basin (Eastern Overthrust Area),8.519559795,485365.8,False,204.0,51.0,3.0,0.8882
2016,1008784,CNX Gas Company LLC -160 Appalachian Basin,160,Appalachian Basin,0.825534597,487068.5,False,1268.0,0.0,27.0,0.8503
2016,1010839,Amplify Energy Operating 260 East Texas Basin,260,East Texas Basin,1.517190924,487586.0,False,661.0,7.0,19.0,0.606
2016,1008576,Basin 220 South TX & South LA - OSP,220,"Gulf Coast Basin (LA, TX)",0.004091834,499220.0,False,145.0,0.0,8.0,0.6472
2016,1008411,JMA Energy 360,360,Anadarko Basin,0.281830031,536145.0,False,172.0,7.0,13.0,0.8484
2016,1011223,Petro Harvester Operating Company LLC - Gulf Coast Basin (Basin 220),220,"Gulf Coast Basin (LA, TX)",0.068044647,540822.0,False,195.0,0.0,4.0,0.8856
2016,1010397,Riviera Resources 535 Green River Basin Production Segment,535,Green River Basin,1.656961565,544292.7,False,1049.0,0.0,3.0,0.8801
2016,1010738,"Cat Canyon Resources, LLC 750 Santa Maria Basin",750,Santa Maria Basin,0.0,575842.0,False,468.0,0.0,1.0,0.8392
2016,1000435,Merit Energy Co. South Texas 220 Gulf Coast Basin,220,"Gulf Coast Basin (LA, TX)",0.000988445,581899.8,False,1361.0,14.0,10.0,0.8884
2016,1012878,Basin 360 - Longfellow,360,Anadarko Basin,0.129041611,590366.0,False,80.0,0.0,2.0,0.721
2016,1009967,"Enervest Operating, L.L.C. 160 Appalachian Basin",160,Appalachian Basin,0.345177942,593260.4,False,6821.0,0.0,68.0,0.84
2016,1009584,Sabine Oil & Gas Corporation - 260 - East Texas Basin,260,East Texas Basin,1.935627355,603616.8,False,1295.0,1.0,13.0,0.895
2016,1012077,SandRidge 545 North Park Basin,545,North Park Basin,0.0,608018.3,False,26.0,10.0,1.0,0.714
2016,1008355,"TEP Rocky Mountain, LLC - 595 Piceance basin",595,Piceance Basin,6.928083606,610686.1,False,4902.0,77.0,2.0,0.8869
2016,1011752,SK Plymouth LLC Anadarko Basin,360,Anadarko Basin,0.197146404,641626.0,False,121.0,4.0,3.0,0.6518
2016,1011534,BBOG Gulf Coast Basin #220,220,"Gulf Coast Basin (LA, TX)",0.107083597,658792.7,False,120.0,8.0,7.0,0.7511
2016,1009126,Impact E&P Powder River Basin Operations,515,Powder River Basin,0.039273306,675461.0,False,16.0,0.0,1.0,0.6973
2016,1009165,Uinta Basin - Caerus Uintah,575,Uinta Basin,4.370462569,677452.0,False,3117.0,4.0,2.0,0.8443
2016,1009607,"Williston Basin/SOGC, Inc.",395,Williston Basin,0.016149269,696862.0,False,51.0,1.0,6.0,0.5857
2016,1011673,Holmes Western Oil Corporation,745,San Joaquin Basin,0.0,704226.0,False,836.0,11.0,3.0,0.7513
2016,1012100,SEP Williston Basin 395 Production,395,Williston Basin,0.367985651,711505.0,False,2537.0,0.0,15.0,0.8893
2016,1007484,San Juan Basin (580),580,San Juan Basin,9.573272697,738962.0,False,9584.0,0.0,13.0,0.8498
2016,1011308,Rex Energy Corporation Appalachian Basin Eastern Overthrust (160A) Operations,160A,Appalachian Basin (Eastern Overthrust Area),2.39870932,739136.9,False,190.0,18.0,9.0,0.7914
2016,1008383,Marathon Oil So. Oklahoma Folded Belt (AAPG 350),350,South Oklahoma Folded Belt,0.56262582,743292.8,False,103.0,1.0,8.0,0.8226
2016,1008203,Powder River Basin - AAPG Province 515,515,Powder River Basin,0.033930464,750468.0,False,87.0,1.0,5.0,0.4794
2016,1010707,"Grade 6 Oil, LLC",745,San Joaquin Basin,0.0,769328.1,False,152.0,25.0,1.0,0.4986
2016,1012585,"BC Operating, Inc.",430,Permian Basin,0.141623487,792371.1,False,258.0,3.0,16.0,0.7057
2016,1009332,"Hilcorp Alaska, LLC 820 Kenai",820,AK Cook Inlet Basin,1.688947239,793647.0,False,265.0,4.0,5.0,0.9877
2016,1012059,SHD Oil & Gas Williston (395) Basin,395,Williston Basin,0.0,802279.0,False,17.0,0.0,2.0,0.4791
2016,1009663,"Enervest Operating, L.L.C. 360 Anadarko Basin",360,Anadarko Basin,0.960340296,805933.2,False,1105.0,15.0,32.0,0.7869
2016,1009762,Luff Exploration Company - 395 - Williston Basin,395,Williston Basin,0.004746122,809835.0,False,68.0,0.0,2.0,0.4541
2016,1010233,EQT Production - Basin 160A - Appalachian Eastern Overthrust,160A,Appalachian Basin (Eastern Overthrust Area),21.548675311,817741.0,False,5225.0,143.0,78.0,0.7991
2016,1012013,"Badlands Energy, Inc.",575,Uinta Basin,0.265480166,839435.0,False,314.0,7.0,4.0,0.8106
2016,1011221,Ultra Resources/Uintah Basin,575,Uinta Basin,0.041322961,850201.0,False,134.0,13.0,1.0,0.8593
2016,1011387,Crestone Peak - Denver Basin (Watkins),540,Denver Basin,0.063832894,869521.7,False,34.0,0.0,2.0,0.637
2016,1009282,575 Uinta Basin QEP Energy Company,575,Uinta Basin,0.850677496,902674.7,False,781.0,8.0,3.0,0.8785
2016,1009179,Tapstone 375 Sedgwick Basin,375,Sedgwick Basin,0.17203875,906869.5,False,72.0,4.0,6.0,0.7728
2016,1004905,Pacific Coast Energy Company LP,750,Santa Maria Basin,0.0,912119.0,False,249.0,0.0,1.0,0.54
2016,1012437,Blackbeard Operating - 360 - Anadarko Basin,360,Anadarko Basin,0.9573681,912766.0,False,962.0,0.0,9.0,0.8462
2016,1009328,MERIT ENERGY CO LLC 350 SOUTH OKLAHOMA FOLDED BELT,350,South Oklahoma Folded Belt,0.17762693,925836.1,False,451.0,0.0,16.0,0.693
2016,1009783,"White Oak Energy 220 Gulf Coast Basin (LA, TX)",220,"Gulf Coast Basin (LA, TX)",0.338569451,951978.0,False,624.0,2.0,76.0,0.7423
2016,1008306,Riviera Resources 360 Anadarko Basin Production Segment,360,Anadarko Basin,3.085269111,955376.1,False,7253.0,4.0,54.0,0.718
2016,1008558,360 Anadarko Basin - BP America Production Company,360,Anadarko Basin,1.173125805,962074.0,False,1194.0,15.0,12.0,0.8336
2016,1006884,"Southwest Royalties, Inc. - 430 Permian Basin",430,Permian Basin,0.068994365,966067.0,False,788.0,0.0,26.0,0.5946
2016,1008242,"OLIPDP II, LLC - 220 - Gulf Coast Basin (LA, TX)",220,"Gulf Coast Basin (LA, TX)",0.993482554,988911.3,False,109.0,16.0,7.0,0.8206
2016,1009357,Finley Resources Inc - Uintah Basin (575),575,Uinta Basin,0.021261984,994483.9,False,111.0,0.0,1.0,0.814
2016,1010318,"Mission Creek OpCo, LLC - Arkla Basin",230,Arkla Basin,0.148250426,998069.0,False,296.0,32.0,2.0,0.6948
2016,1008190,West Bay,305,Michigan Basin,0.054329802,1003058.0,False,89.0,2.0,9.0,0.6098
2016,1012514,Panther Energy II - Basin 430,430,Permian Basin,0.081563144,1008123.0,False,27.0,5.0,1.0,0.7469
2016,1010350,Basin 160A - Appalachia,160A,Appalachian Basin (Eastern Overthrust Area),4.98118218,1013785.0,False,177.0,8.0,7.0,0.806
2016,1009706,"SilverBow Resources, LLC - Basin 220",220,"Gulf Coast Basin (LA, TX)",2.155602695,1024441.5,False,932.0,13.0,7.0,0.7693
2016,1011531,"Hawkwood Energy Management, LLC 220 Gulf Coast Basin",220,"Gulf Coast Basin (LA, TX)",0.012313241,1045176.3,False,61.0,4.0,2.0,0.642
2016,1002362,"Clayton Williams Energy, Inc. - 220 Gulf Coast Basin",220,"Gulf Coast Basin (LA, TX)",0.021966616,1048897.0,False,7.0,0.0,10.0,0.3936
2016,1008807,SandRidge 375 Sedgwick Basin,375,Sedgwick Basin,0.518489744,1060071.2,False,188.0,0.0,5.0,0.7703
2016,1008089,Encana Oil & Gas - Mid-Gulf Coast Basin,210,Mid-Gulf Coast Basin,0.018833869,1065553.8,False,33.0,0.0,2.0,0.6174
2016,1009830,Northwoods Energy (Basin 515) Powder River Basin,515,Powder River Basin,0.080152232,1121468.0,False,57.0,3.0,3.0,0.7286
2016,1008977,"EOG Resources, Inc. 420 Fort Worth syncline",420,Fort Worth Syncline,1.65276412,1143565.3,False,842.0,0.0,5.0,0.7102
2016,1011275,Sabine Oil & Gas LLC 220 Gulf Coast Basin,220,"Gulf Coast Basin (LA, TX)",0.178676828,1156434.0,False,183.0,0.0,3.0,0.6825
2016,1012376,"PDC Permian, Inc. 430 Permian Basin",430,Permian Basin,0.20156047,1217962.9,False,33.0,7.0,4.0,0.8065
2016,1008605,"Pioneer Natural Resources USA, Inc.  Anadarko",360,Anadarko Basin,0.161812361,1220803.0,False,686.0,0.0,4.0,0.6075
2016,1008299,"LAMBDA ENERGY RESOURCES, LLC-Michigan Basin",305,Michigan Basin,0.250247516,1226995.6,False,824.0,0.0,27.0,0.7204
2016,1010718,Antero Resources - 160 - Appalachian Basin (Utica),160,Appalachian Basin,2.450221259,1229925.5,False,102.0,11.0,2.0,0.7864
2016,1008857,CRI 515 Powder River,515,Powder River Basin,0.030021941,1230354.8,False,97.0,0.0,4.0,0.7535
2016,1011923,White Rock Oil & Gas LLC - 395 Williston,395,Williston Basin,0.02100938,1239655.2,False,319.0,0.0,9.0,0.5647
2016,1009273,MERIT ENERGY CO LLC 430 PERMIAN BASIN,430,Permian Basin,0.083780943,1271044.3,False,1161.0,0.0,22.0,0.5926
2016,1011546,Altas 220/Gulf Coast - Eagle Ford,220,"Gulf Coast Basin (LA, TX)",0.018462922,1279518.0,False,52.0,17.0,1.0,0.67
2016,1012620,Samson Exploration 430 Permian Basin,430,Permian Basin,0.056152413,1301830.0,False,29.0,11.0,2.0,0.6906
2016,1012024,Tapstone 360 Anadarko,360,Anadarko Basin,1.216784019,1341557.8,False,490.0,10.0,15.0,0.8412
2016,1008809,SandRidge 430 Permian Basin,430,Permian Basin,0.014931372,1342907.6,False,1111.0,0.0,4.0,0.65
2016,1009811,Breitburn Operating LP 260 East Texas,260,East Texas Basin,0.64243386,1383281.0,False,1609.0,10.0,16.0,0.9622
2016,1011773,"Earthstone Operating, LLC - Basin 220",220,"Gulf Coast Basin (LA, TX)",0.03123057,1407582.0,False,156.0,9.0,8.0,0.5909
2016,1012873,"Lonestar Resources 220 Gulf Coast Basin (LA, TX)",220,"Gulf Coast Basin (LA, TX)",0.171887507,1423490.0,False,81.0,5.0,10.0,0.6302
2016,1008295,535 Green River Basin QEP Energy Company,535,Green River Basin,5.485082306,1459692.4,False,1218.0,47.0,5.0,0.9196
2016,1012780,Permian Basin Oil and Gas Production Facilities,430,Permian Basin,0.717914868,1465910.0,False,194.0,5.0,3.0,0.6581
2016,1009098,EQT CHAP LLC - Basin 160A - Appalachian Eastern Overthrust,160A,Appalachian Basin (Eastern Overthrust Area),4.950398675,1486373.1,False,390.0,44.0,14.0,0.9425
2016,1009264,355 Chatauque Platform,355,Chautauqua Platform,0.360880701,1504807.9,False,523.0,0.0,7.0,0.7112
2016,1008308,"Shadow Wolf Energy, LLC. - Los Angeles Basin 760",760,Los Angeles Basin,0.0,1543975.0,False,422.0,0.0,2.0,0.5672
2016,1009056,Vital Energy Production,430,Permian Basin,0.000285536,1629325.4,False,1177.0,45.0,4.0,0.7183
2016,1008885,"Tellus Operating Group, LLC - MS Operations",210,Mid-Gulf Coast Basin,0.165809233,1630219.0,False,310.0,0.0,12.0,0.9038
2016,1008456,"Approach Operating, LLC 430 Permian Basin",430,Permian Basin,0.583823493,1632223.0,False,854.0,4.0,5.0,0.7538
2016,1010521,Crescent Point Energy Corporation Williston Basin (395) Operations,395,Williston Basin,0.023864748,1637153.0,False,152.0,8.0,4.0,0.475
2016,1008216,Encana Oil & Gas - San Juan Basin,580,San Juan Basin,0.196426392,1642677.4,False,92.0,0.0,3.0,0.6883
2016,1010784,"Burnett Oil Co., Inc. 430 Permian Basin",430,Permian Basin,0.206451619,1673541.6,False,318.0,13.0,4.0,0.8
2016,1010183,Antero Resources - 160A - Appalachian Basin (Eastern Overthurst Area),160A,Appalachian Basin (Eastern Overthrust Area),16.60656295,1678941.1,False,827.0,117.0,9.0,0.8479
2016,1011666,Lindsay Field Office,360,Anadarko Basin,1.51976107,1761069.0,False,130.0,13.0,1.0,0.85
2016,1010837,Matador Production Company - Gulf Coast,220,"Gulf Coast Basin (LA, TX)",0.150262497,1768534.8,False,115.0,0.0,8.0,0.7354
2016,1008622,535 Green River Basin - BP America Production Company,535,Green River Basin,2.772453827,1777590.0,False,2024.0,24.0,2.0,0.8186
2016,1008352,"EOG Resources, Inc. 360 Anadarko basin",360,Anadarko Basin,0.361446979,1796424.9,False,380.0,1.0,10.0,0.8126
2016,1008506,Mid-Gulf Coast Basin Code 210,210,Mid-Gulf Coast Basin,0.121932877,1827331.0,False,136.0,2.0,12.0,0.6461
2016,1011450,Jonah Energy LLC_AAPG 535_Green River Basin,535,Green River Basin,4.975595587,1862793.0,False,1735.0,73.0,1.0,0.9008
2016,1011185,Lime Rock Resources V-A Williston Basin 395,395,Williston Basin,0.117119616,1862852.0,False,76.0,0.0,10.0,0.5868
2016,1011998,"TGNR TVL LLC - Basin 230 (Houston, TX)",230,Arkla Basin,5.039131463,1896006.0,False,425.0,31.0,5.0,0.927
2016,1011244,Denbury Onshore LLC 515 Powder River,515,Powder River Basin,0.896814622,1903644.8,False,434.0,0.0,4.0,0.5975
2016,1010002,Murex Petroleum Corporation - Williston Basin 395,395,Williston Basin,0.04687328,1913839.0,False,210.0,0.0,13.0,0.5147
2016,1011519,Grizzly Basin 430 (Permian),430,Permian Basin,0.358885679,1916769.6,False,1603.0,0.0,41.0,0.6675
2016,1009731,Verdad Resources LLC - DJ Basin,540,Denver Basin,0.039538185,1919035.4,False,134.0,9.0,3.0,0.6588
2016,1011250,Formentera Operations LLC,395,Williston Basin,0.071109913,1954581.0,False,177.0,0.0,1.0,0.47
2016,1011318,Peak Powder River Resources,515,Powder River Basin,0.146690737,2058783.0,False,56.0,4.0,2.0,0.6566
2016,1009511,"Alta Mesa Services, LP",220,"Gulf Coast Basin (LA, TX)",0.089170311,2126354.0,False,361.0,1.0,11.0,0.7779
2016,1011407,Rosetta Resources 430 Permian Basin,430,Permian Basin,0.143536443,2171244.0,False,151.0,9.0,1.0,0.7269
2016,1008241,Unit Petroleum 783 Anadarko Basin,360,Anadarko Basin,1.46470598,2192954.3,False,1225.0,11.0,27.0,0.8014
2016,1012021,Liberty Resources Managment LLC 395 Williston Basin,395,Williston Basin,0.094634208,2218787.0,False,75.0,11.0,5.0,0.552
2016,1008230,YPC 515 Powder River Basin,515,Powder River Basin,0.560098729,2254126.8,False,879.0,1.0,8.0,0.6591
2016,1012542,Jagged Peak Permian Basin (430) Operations,430,Permian Basin,0.065947449,2259097.5,False,50.0,5.0,4.0,0.675
2016,1010294,Discovery Natural Resources LLC - 430 Permian Basin,430,Permian Basin,0.486554804,2266169.9,False,1035.0,40.0,7.0,0.7598
2016,1009813,Breitburn Operating LP 430 Permian,430,Permian Basin,0.220637483,2337468.0,False,1066.0,0.0,29.0,0.6647
2016,1011735,"Resolute Natural Resources Company, LLC 430 Permian Basin",430,Permian Basin,0.223475042,2371787.4,False,91.0,12.0,2.0,0.3097
2016,1008365,Riviera Resources 430 Permian Basin Production Segment,430,Permian Basin,0.27175286,2402426.9,False,1279.0,0.0,21.0,0.6349
2016,1009588,Lewis Energy Group,220,"Gulf Coast Basin (LA, TX)",7.54562878,2407074.0,False,1578.0,41.0,4.0,0.9395
2016,1006886,"Clayton Williams Energy, Inc. - 430 Permian Basin",430,Permian Basin,0.139803411,2421309.0,False,426.0,0.0,10.0,0.2003
2016,1011894,"SRC Energy, Inc.",540,Denver Basin,0.323989067,2439316.4,False,331.0,24.0,7.0,0.6727
2016,1009547,Revolution Operating Company Anadarko 360,360,Anadarko Basin,0.604016061,2446094.0,False,271.0,25.0,26.0,0.7849
2016,1009125,PureWest/Green River Basin,535,Green River Basin,8.927216056,2465031.2,False,1919.0,97.0,1.0,0.9282
2016,1008890,Summit Petroleum LLC,430,Permian Basin,0.294166196,2482315.8,False,557.0,0.0,5.0,0.6777
2016,1009906,"Comstock Resources, Inc. - Basin 220",220,"Gulf Coast Basin (LA, TX)",0.210918504,2527265.2,False,184.0,0.0,9.0,0.7285
2016,1004628,MACPHERSON OIL COMPANY,745,San Joaquin Basin,0.0,2553383.0,False,472.0,9.0,1.0,0.6914
2016,1008224,Apache Corporation - Gulf Coast Basin 220,220,"Gulf Coast Basin (LA, TX)",0.238700767,2592472.6,False,210.0,4.0,13.0,0.7698
2016,1009624,SM Energy (Basin 220) South Texas,220,"Gulf Coast Basin (LA, TX)",4.807994875,2615086.0,False,440.0,45.0,5.0,0.7831
2016,1008943,Denbury Onshore LLC 230 Arkla,230,Arkla Basin,2.038687643,2639860.7,False,114.0,0.0,4.0,0.0616
2016,1008700,COTERRA ENERGY - 430 - PERMIAN BASIN,430,Permian Basin,0.470838079,2657180.9,False,607.0,1.0,22.0,0.7412
2016,1008642,Basin 430 Production,430,Permian Basin,0.170935524,2666641.0,False,412.0,0.0,9.0,0.5726
2016,1008086,"Uinta Wax Operating, LLC",575,Uinta Basin,0.177831571,2713476.0,False,333.0,14.0,2.0,0.784
2016,1008577,Basin 395 North Dakota - OSP,395,Williston Basin,0.075290633,2721885.0,False,148.0,0.0,5.0,0.5118
2016,1008134,Ovintiv USA Inc. 350.South Oklahoma Folded Belt,350,South Oklahoma Folded Belt,2.330206318,2741709.8,False,162.0,10.0,5.0,0.7363
2016,1012823,San Joaquin Production Facilities,745,San Joaquin Basin,0.073228826,2763981.3,False,2255.0,19.0,2.0,0.3625
2016,1008788,"Texland Petroleum, LP, 430 - Permian Basin",430,Permian Basin,0.064522629,2777427.6,False,731.0,1.0,11.0,0.6394
2016,1008794,Great Western Oil & Gas Company - D-J Basin,540,Denver Basin,0.340013021,2778024.8,False,448.0,23.0,5.0,0.7136
2016,1011690,Permian Resources Corporation,430,Permian Basin,0.299485301,2974461.0,False,119.0,4.0,2.0,0.7849
2016,1008538,"Chesapeake Operating LLC, 515 - Powder River Basin",515,Powder River Basin,0.632570187,3051960.6,False,189.0,4.0,1.0,0.7388
2016,1010721,Appalachian Basin (Eastern Overthrust Area),160A,Appalachian Basin (Eastern Overthrust Area),14.060275464,3123932.0,False,753.0,3.0,14.0,0.8929
2016,1008979,"EOG Resources, Inc. 540 Denver basin",540,Denver Basin,0.072873749,3132121.7,False,156.0,0.0,2.0,0.6261
2016,1007777,EP Energy E&P 430 Permian Basin,430,Permian Basin,0.413376342,3147409.9,False,283.0,209.0,3.0,0.5413
2016,1011454,Ascent Resources - Utica (160a),160A,Appalachian Basin (Eastern Overthrust Area),3.84134218,3161547.8,False,395.0,27.0,8.0,0.7985
2016,1011191,CRI 350 SOK Folded Belt,350,South Oklahoma Folded Belt,2.221990498,3165014.0,False,104.0,7.0,7.0,0.775
2016,1010932,E&B Natural Resources,745,San Joaquin Basin,0.0,3171308.9,False,1511.0,23.0,1.0,0.272
2016,1009240,Chevron MCA 430 Permian Basin,430,Permian Basin,0.893631683,3195702.0,False,7157.0,83.0,57.0,0.7513
2016,1007037,"J. Cleo Thompson & James Cleo Thompson, Jr. L.P. 430 Permian Basin",430,Permian Basin,0.240433466,3201711.8,False,829.0,0.0,29.0,0.6589
2016,1009274,MERIT ENERGY CO LLC 360 ANADARKO BASIN,360,Anadarko Basin,0.896536916,3282016.9,False,4225.0,10.0,33.0,0.8744
2016,1010084,Rosetta Resources 220 Gulf Coast Basin,220,"Gulf Coast Basin (LA, TX)",1.719025769,3298665.0,False,302.0,27.0,6.0,0.7567
2016,1009185,"Fundare Resources Operating Company, LLC",540,Denver Basin,0.197244264,3314809.4,False,193.0,0.0,1.0,0.6603
2016,1010367,Halcon Resources Corporation 220 Gulf Coast Basin,220,"Gulf Coast Basin (LA, TX)",0.176912815,3355718.4,False,271.0,8.0,18.0,0.764
2016,1008051,"Range Resources - Appalachia, LLC - Basin 160A",160A,Appalachian Basin (Eastern Overthrust Area),13.632258565,3465567.0,False,3836.0,131.0,24.0,0.925
2016,1012528,Scout Energy Anadarko Basin Production,360,Anadarko Basin,0.287394764,3494995.0,False,991.0,0.0,8.0,0.8238
2016,1013833,Mewbourne Oil Company - Anadarko Basin 360,360,Anadarko Basin,1.302254369,3607188.0,False,1093.0,8.0,30.0,0.78
2016,1008982,"WPX Energy Production, LLC - 580 San Juan basin",580,San Juan Basin,1.538048437,3658873.6,False,1222.0,17.0,10.0,0.8962
2016,1008229,YPC 430 Permian Basin,430,Permian Basin,0.603027628,3705904.7,False,1759.0,2.0,11.0,0.779
2016,1009354,HighPoint Operating Corporation - Denver Basin (540),540,Denver Basin,0.291703383,3730436.9,False,203.0,24.0,1.0,0.6747
2016,1009265,360 Anadarko Basin,360,Anadarko Basin,0.619186287,3811016.5,False,588.0,16.0,25.0,0.8016
2016,1009335,Presidio Petroleum 360 Anadarko Basin,360,Anadarko Basin,2.254751048,3842479.5,False,1590.0,8.0,24.0,0.8339
2016,1011395,"White Star Petroleum, LLC",355,Chautauqua Platform,0.917565706,3858413.1,False,623.0,40.0,6.0,0.6503
2016,1010505,Bowline Energy LLC,395,Williston Basin,0.150644763,3917617.9,False,148.0,10.0,3.0,0.5976
2016,1009956,"Elk Operating Services, LLC 585 Paradox Basin",585,Paradox Basin,0.038107991,3940090.1,False,391.0,0.0,1.0,0.1321
2016,1009353,Marathon Oil Anadarko Basin (AAPG 360),360,Anadarko Basin,1.274860281,3946260.0,False,396.0,30.0,24.0,0.8378
2016,1009846,Permian Basin,430,Permian Basin,0.367783724,4016899.0,False,2377.0,0.0,22.0,0.806
2016,1008293,Marathon Oil EF - Gulf Coast Basin (AAPG Basin Number 220),220,"Gulf Coast Basin (LA, TX)",0.235253483,4097058.1,False,1346.0,170.0,12.0,0.7265
2016,1008702,COTERRA ENERGY - 360 - ANADARKO BASIN,360,Anadarko Basin,3.370059905,4151586.7,False,817.0,26.0,31.0,0.8437
2016,1009674,SM Energy (Basin 430) Permian Basin,430,Permian Basin,0.30338005,4252809.0,False,623.0,36.0,7.0,0.7087
2016,1012666,"FDL Operating, LLC 430 Permian Basin",430,Permian Basin,1.238974655,4303244.0,False,1031.0,0.0,14.0,0.7849
2016,1011854,"Unbridled Resources, LLC- Basin 360",360,Anadarko Basin,2.990792354,4448510.0,False,1659.0,15.0,26.0,0.7242
2016,1010701,"Amplify Operating Oklahoma, LLC.",360,Anadarko Basin,1.349122645,4535423.7,False,538.0,42.0,9.0,0.5905
2016,1011498,Legacy Reserves Basin 430 Production,430,Permian Basin,0.409154257,4606295.0,False,2206.0,11.0,39.0,0.6045
2016,1010258,Templar Operating LLC - 360 - Anadarko Basin,360,Anadarko Basin,1.879773135,4607990.0,False,987.0,45.0,18.0,0.8056
2016,1000355,(540) Civitas Resources - Denver Basin,540,Denver Basin,0.481950832,4624166.0,False,492.0,13.0,1.0,0.6874
2016,1008407,Ovintiv USA Inc. 575.Uinta,575,Uinta Basin,0.177378168,4643817.0,False,1479.0,7.0,4.0,0.8026
2016,1009793,SM Energy (Basin 393) Williston Basin,395,Williston Basin,0.094634746,4706217.0,False,230.0,39.0,7.0,0.4974
2016,1011803,Apache Corporation + 430 + Permian Basin,430,Permian Basin,0.377467325,4743332.4,False,202.0,30.0,9.0,0.7339
2016,1008439,Venado Operating Company LLC 220 Gulf Coast Basin,220,"Gulf Coast Basin (LA, TX)",0.106059827,4845578.8,False,224.0,13.0,7.0,0.7093
2016,1009278,515 Powder River Basin DEC,515,Powder River Basin,0.074690997,5117248.0,False,409.0,2.0,5.0,0.6149
2016,1002157,Caelus Natural Resources Alaska 890 - Arctic Slope Basin,890,Arctic Coastal Plains Province,0.0,5140661.0,False,23.0,5.0,1.0,0.88
2016,1008396,"EOG Resources, Inc. 515 Powder River basin",515,Powder River Basin,0.678601635,5230866.4,False,211.0,23.0,5.0,0.6109
2016,1008206,Crestone Peak - Denver Basin,540,Denver Basin,1.504245927,5248867.7,False,1497.0,0.0,6.0,0.7487
2016,1012556,FDL Energy LLC,430,Permian Basin,0.636086344,5477447.2,False,252.0,38.0,4.0,0.6899
2016,1011873,"Lime Rock Resources III-A, Williston Basin",395,Williston Basin,0.060644038,5593271.0,False,342.0,3.0,4.0,0.4594
2016,1013771,"Zavanna, LLC Williston Basin (395) Operations",395,Williston Basin,0.403407327,5608206.5,False,117.0,4.0,2.0,0.4192
2016,1009350,Javelin Energy Partners Managment Uinta Basin,575,Uinta Basin,0.651477946,5660272.0,False,375.0,112.0,2.0,0.6033
2016,1010943,Repsol Texas Onshore Properties - Eagle Ford,220,"Gulf Coast Basin (LA, TX)",1.651099882,5738406.0,False,500.0,27.0,8.0,0.8322
2016,1009039,WPX Energy Permian LLC,430,Permian Basin,0.557089735,5747729.6,False,535.0,28.0,12.0,0.7474
2016,1009718,"Fasken Oil and Ranch, Ltd. 430 Permian Basin",430,Permian Basin,0.792338639,5877290.0,False,628.0,628.0,17.0,0.7
2016,1010222,GULF COAST BASIN,220,"Gulf Coast Basin (LA, TX)",4.374194571,5882027.9,False,7261.0,11.0,116.0,0.7859
2016,1009691,430 Permian Basin QEP Energy Company,430,Permian Basin,0.325993838,5909106.7,False,314.0,16.0,5.0,0.6568
2016,1009720,"SN Operating, LLC 220 Gulf Coast Basin (LA, TX)",220,"Gulf Coast Basin (LA, TX)",1.668821274,6016342.0,False,447.0,48.0,33.0,0.7849
2016,1009260,Ovintiv USA Inc. 360.Anadarko Basin,360,Anadarko Basin,1.486613673,6243547.3,False,419.0,70.0,20.0,0.7676
2016,1014504,CrownQuest Operating - Basin 430,430,Permian Basin,0.56197493,6409725.0,False,733.0,53.0,9.0,0.7259
2016,1008123,Denbury Onshore LLC 220 Gulf Coast,220,"Gulf Coast Basin (LA, TX)",7.327520013,6475171.8,False,472.0,8.0,8.0,0.7868
2016,1010945,"EXCO Resources, Inc. - Gulf Coast Basin #220",220,"Gulf Coast Basin (LA, TX)",0.116004188,6532589.2,False,243.0,0.0,5.0,0.7635
2016,1008630,"BPX Energy Petrohawk Gulf Coast Basin, AAPG Basin 220",220,"Gulf Coast Basin (LA, TX)",1.919071964,6825675.5,False,541.0,0.0,6.0,0.777
2016,1008806,SandRidge 360 Anadarko Basin,360,Anadarko Basin,2.896589647,6923875.3,False,1344.0,19.0,41.0,0.8199
2016,1010588,Permian Operations - Shell Exploration & Production Company,430,Permian Basin,0.483795246,7169752.0,False,358.0,35.0,12.0,0.7653
2016,1008524,"Chesapeake Exploration LLC, 160A - Appalachian Basin (Eastern Overthrust Area)",160A,Appalachian Basin (Eastern Overthrust Area),9.430875314,7207305.4,False,611.0,38.0,7.0,0.7962
2016,1012068,Matador Production Company - Permian Basin,430,Permian Basin,2.698061658,7327198.7,False,248.0,39.0,6.0,0.7409
2016,1010190,"Williston Basin (Petro-Hunt, LLC)",395,Williston Basin,0.355657321,7347594.8,False,326.0,17.0,11.0,0.536
2016,1008617,Denbury Onshore LLC 395 Williston,395,Williston Basin,0.07054873,7439050.8,False,852.0,0.0,14.0,0.2656
2016,1012129,Permian Basin Operations,430,Permian Basin,0.39115474,7577118.0,False,423.0,30.0,9.0,0.6871
2016,1009261,Ovintiv USA Inc. 395.Williston Basin,395,Williston Basin,0.359323423,7657138.6,False,254.0,13.0,6.0,0.6093
2016,1008632,"BPX Energy Permian Basin, AAPG Basin 430",430,Permian Basin,0.815320129,7686105.0,False,124.0,24.0,3.0,0.791
2016,1009106,Slawson Exploration - Williston Basin 395,395,Williston Basin,0.18641722,8068863.0,False,359.0,7.0,8.0,0.5948
2016,1011419,Linn Energy 745 San Joaquin Basin Production Segment,745,San Joaquin Basin,0.0,8229815.6,False,1862.0,11.0,1.0,0.4433
2016,1011659,Endeavor Energy Resources LP 430 Permian Basin,430,Permian Basin,0.694822216,8425198.1,False,4090.0,9.0,53.0,0.713
2016,1008287,360 Anadarko Basin DEC,360,Anadarko Basin,5.051568202,8551703.6,False,821.0,68.0,24.0,0.8236
2016,1008534,Eni US Operating Co. Inc. - Nikaitchuq & Oooguruk Development,890,Arctic Coastal Plains Province,0.0,8685000.0,False,30.0,0.0,1.0,0.8696
2016,1009595,Enerplus Resources (USA) Corporation - Williston Basin,395,Williston Basin,0.31866948,9025896.0,False,345.0,18.0,3.0,0.5603
2016,1008530,Tapstone 360 - Anadarko Basin,360,Anadarko Basin,3.643421913,9337199.9,False,3695.0,100.0,46.0,0.8651
2016,1008092,EP Energy E&P 220 Gulf Coast Basin,220,"Gulf Coast Basin (LA, TX)",0.509991267,9551183.7,False,642.0,172.0,4.0,0.5144
2016,1008472,CRI 360 Anadarko,360,Anadarko Basin,3.667347095,9651477.3,False,536.0,81.0,25.0,0.7901
2016,1008942,Denbury Onshore LLC 210 Mid-Gulf Coast,210,Mid-Gulf Coast Basin,22.167096078,9722731.0,False,974.0,4.0,14.0,0.3566
2016,1011846,"RSP Permian, LLC",430,Permian Basin,0.376379345,9958432.0,False,533.0,53.0,7.0,0.6633
2016,1013845,Mewbourne Oil Company - Permian Basin 430,430,Permian Basin,1.300612209,10781045.2,False,719.0,36.0,12.0,0.7644
2016,1009286,PDC Energy 540 Denver Basin,540,Denver Basin,2.336335801,11092650.4,False,2491.0,130.0,4.0,0.7301
2016,1007479,ConocoPhillips Permian (430),430,Permian Basin,1.576457168,11973965.0,False,3538.0,11.0,24.0,0.7057
2016,1010366,Halcon Resources Corporation 395 Williston Basin,395,Williston Basin,0.363146702,12730102.0,False,300.0,31.0,3.0,0.5467
2016,1011782,"Hilcorp Alaska, LLC 890 Arctic Slope Basin",890,Arctic Coastal Plains Province,2.7496e-05,13172578.0,False,278.0,6.0,1.0,0.7914
2016,1011555,"Parsley Energy, Inc. 430 Permian Basin",430,Permian Basin,1.015912103,14153480.9,False,810.0,73.0,10.0,0.7038
2016,1008331,Ovintiv USA Inc - Permian Basin,430,Permian Basin,1.000304741,14730006.6,False,1427.0,61.0,10.0,0.6762
2016,1008090,"Validus Energy Aquilas AssetCo, LLC",220,"Gulf Coast Basin (LA, TX)",0.815826601,15475082.1,False,451.0,27.0,3.0,0.7258
2016,1008449,Permian Basin - AAPG Province 430,430,Permian Basin,1.970436761,15593301.0,False,468.0,101.0,12.0,0.7409
2016,1008836,Energen Resources Corporation 430 Permian Basin,430,Permian Basin,1.248863929,16857153.0,False,3496.0,40.0,22.0,0.6029
2016,1009434,Diamondback E&P LLC,430,Permian Basin,0.627640966,17124739.0,False,933.0,0.0,13.0,0.7184
2016,1009625,"Grayson Mill Operating, LLC",395,Williston Basin,0.588297096,17566178.3,False,605.0,47.0,5.0,0.5388
2016,1008604,Ensign Gulf Coast Basin-Production,220,"Gulf Coast Basin (LA, TX)",2.832394433,17844158.9,False,826.0,22.0,13.0,0.8156
2016,1009281,395 Williston Basin QEP Energy Company,395,Williston Basin,0.772047718,18024104.1,False,336.0,45.0,4.0,0.5709
2016,1008544,Cimarex Energy Co. 430 Permian,430,Permian Basin,3.347039992,18061853.2,False,689.0,29.0,24.0,0.7484
2016,1008113,MurphyE&P-220,220,"Gulf Coast Basin (LA, TX)",0.790147878,18395444.0,False,704.0,53.0,7.0,0.7161
2016,1008980,"EOG Resources, Inc. 395 Williston basin",395,Williston Basin,0.576075626,18852125.4,False,742.0,59.0,9.0,0.4648
2016,1008173,"Marathon Oil Corporation Williston Basin, AAPG Basin 395",395,Williston Basin,0.381566275,18985890.3,False,524.0,14.0,5.0,0.5454
2016,1008290,430 Permian Basin DEC,430,Permian Basin,1.95079133,19264001.1,False,2106.0,36.0,26.0,0.7161
2016,1008936,Gulf Coast Basin - AAPG Province 220,220,"Gulf Coast Basin (LA, TX)",5.457856346,19664977.0,False,1841.0,77.0,14.0,0.701
2016,1008351,"EOG Resources, Inc. 430 Permian basin",430,Permian Basin,2.231538849,22604845.6,False,914.0,95.0,19.0,0.7141
2016,1008402,California Resources Production Corporation  San Joaquin Valley Basin 745,745,San Joaquin Basin,2.705704918,23436090.2,False,6420.0,0.0,3.0,0.6976
2016,1009728,Callon (Eagle Ford) - Basin 220,220,"Gulf Coast Basin (LA, TX)",0.514156275,24246342.6,False,452.0,73.0,7.0,0.7358
2016,1008204,Green River Basin - AAPG Province 535,535,Green River Basin,0.510793531,24271348.0,False,163.0,3.0,1.0,0.8487
2016,1008270,Basin 540 Denver Julesburg - Noble Energy Inc.,540,Denver Basin,3.9582689,25064394.7,False,6180.0,122.0,2.0,0.7042
2016,1007482,ConocoPhillips' Williston (395),395,Williston Basin,1.124138022,26163268.6,False,631.0,38.0,5.0,0.5666
2016,1010325,Oasis Petroleum,395,Williston Basin,0.905397791,28804326.1,False,949.0,57.0,6.0,0.5422
2016,1008202,Denver Basin - AAPG Province 540,540,Denver Basin,7.057056687,33447873.0,False,5700.0,219.0,11.0,0.7096
2016,1009391,Apache Corporation - Permian Basin 430,430,Permian Basin,3.759951383,34928208.7,False,10111.0,39.0,36.0,0.6546
2016,1008490,Hess Corporation - 395 - Williston Basin,395,Williston Basin,1.909251575,35304628.6,False,1296.0,87.0,10.0,0.589
2016,1008346,Aera Energy San Joaquin Basin,745,San Joaquin Basin,0.0,36124203.7,False,15911.0,274.0,2.0,0.3876
2016,1009238,220 Gulf Coast Basin DEC,220,"Gulf Coast Basin (LA, TX)",3.572145121,38492532.5,False,849.0,64.0,7.0,0.7076
2016,1008471,CRI 395 Williston,395,Williston Basin,1.816732369,40688040.3,False,1535.0,21.0,16.0,0.5647
2016,1008526,"Chesapeake Operating LLC, 220 - Gulf Coast Basin",220,"Gulf Coast Basin (LA, TX)",3.710568666,43957983.5,False,1685.0,210.0,9.0,0.7453
2016,1009197,Whiting Oil and Gas Corporation 395 Williston Basin,395,Williston Basin,2.093585278,44817808.9,False,1476.0,44.0,12.0,0.5386
2016,1007485,"ConocoPhillips Gulf Coast Basin 220, Production",220,"Gulf Coast Basin (LA, TX)",3.762077062,45710843.5,False,1565.0,79.0,12.0,0.7022
2016,1009657,"Enervest Operating, L.L.C. 220 Gulf Coast Basin",220,"Gulf Coast Basin (LA, TX)",1.118775499,46491128.0,False,1173.0,18.0,11.0,0.725
2016,1009707,COG Operating LLC  430 Permian Basin,430,Permian Basin,5.251493362,49987618.0,False,6686.0,130.0,22.0,0.7183
2016,1008499,745 San Joaquin Basin Chevron USA Inc.,745,San Joaquin Basin,0.074158517,51975584.3,False,16434.0,213.0,2.0,0.5782
2016,1008607,"Pioneer Natural Resources USA, Inc. Permian",430,Permian Basin,3.160319412,59363272.8,False,7362.0,171.0,18.0,0.8156
2016,1008264,Central Western Overthrust - AAPG Province 507,507,Central Western Overthrust,0.660590791,61914114.0,False,661.0,0.0,2.0,0.8317
2016,1008111,ConocoPhillips Alaska Inc - KRU-ALP Fields,890,Arctic Coastal Plains Province,0.0,63960503.0,False,759.0,15.0,2.0,0.8311
2016,1008934,East Texas Basin - AAPG Province 260,260,East Texas Basin,3.28974496,73704867.0,False,1367.0,3.0,13.0,0.8917
2016,1008219,"EOG Resources, Inc.220 Gulf Coast basin",220,"Gulf Coast Basin (LA, TX)",4.189827386,82673774.6,False,2844.0,254.0,27.0,0.7499
2016,1008141,Oxy Permian Basin - 430,430,Permian Basin,5.183220405,85344849.5,False,13530.0,231.0,36.0,0.3734
2016,1008172,"Hilcorp North Slope, 890 - Arctic Slope Basin",890,Arctic Coastal Plains Province,0.244910304,88190260.0,False,1438.0,43.0,1.0,0.7746
2017,1008521,"Chesapeake Appalachia LLC, 160 - Appalachian Basin",160,Appalachian Basin,7.685e-06,0.0,False,1.0,0.0,1.0,0.7681
2017,1013101,Cabot Oil & Gas Corporation 160 Appalachian Basin,160,Appalachian Basin,0.005519001,0.0,False,75.0,0.0,30.0,0.9606
2017,1009878,Iron Pennsylvania Land LLC,160A,Appalachian Basin (Eastern Overthrust Area),0.024762362,0.0,False,11.0,0.0,1.0,0.885
2017,1009660,"Enervest Operating, L.L.C. 345 Arkoma Basin",345,Arkoma Basin,0.043082432,0.0,False,59.0,0.0,2.0,0.9447
2017,1008348,Trendwell Energy Corporation,305,Michigan Basin,0.116235905,0.0,False,414.0,0.0,4.0,0.7437
2017,1009340,Unit Petroleum 377 Arkoma Basin,345,Arkoma Basin,0.125226545,0.0,False,80.0,0.0,2.0,0.952
2017,1008483,Atlas 160/Appalachia Basin - Ohio,160,Appalachian Basin,0.13557022,0.0,False,269.0,0.0,24.0,0.9877
2017,1009860,Blackbeard Operating - 400 - Ouachita Folded Belt,400,Ouachita Folded Belt,0.204336382,0.0,False,151.0,0.0,1.0,0.814
2017,1009968,"Enervest Operating, L.L.C. 305 Michigan Basin",305,Michigan Basin,0.207634291,0.0,False,1036.0,0.0,5.0,0.84
2017,1008350,"EOG Resources, Inc. 160A Appalachian basin (Eastern Overthrust area)",160A,Appalachian Basin (Eastern Overthrust Area),0.260961042,0.0,False,17.0,4.0,1.0,0.9757
2017,1008605,"Pioneer Natural Resources USA, Inc.  Anadarko",360,Anadarko Basin,0.269899102,0.0,False,1725.0,0.0,11.0,0.6185
2017,1013104,"JKLM Energy, LLC",160A,Appalachian Basin (Eastern Overthrust Area),0.346372755,0.0,False,10.0,6.0,1.0,0.975
2017,1012012,Riviera Resources 345 Arkoma Production Segment,345,Arkoma Basin,0.442474947,0.0,False,135.0,0.0,5.0,0.8693
2017,1008474,"MMGK Arkoma, LLC - ARKOMA Basin",345,Arkoma Basin,0.509238882,0.0,False,796.0,2.0,10.0,0.97
2017,1007481,ConocoPhillips' Uinta (575),575,Uinta Basin,0.525970477,0.0,False,467.0,0.0,2.0,0.9289
2017,1009139,OGRIS Operating LLC,455,Las Vegas-Raton Basin,0.694341325,0.0,False,456.0,2.0,1.0,0.9938
2017,1011616,"Warren E&P, Inc.",160A,Appalachian Basin (Eastern Overthrust Area),0.833166372,0.0,False,35.0,1.0,1.0,0.9791
2017,1013112,Indigo Haynesville LLC,230,Arkla Basin,0.893097912,0.0,False,166.0,12.0,2.0,0.9161
2017,1008673,"EXCO Resources (PA), LLC - Basin 160A",160A,Appalachian Basin (Eastern Overthrust Area),0.985169024,0.0,False,119.0,0.0,7.0,0.9722
2017,1008958,"EXCO Resources, Inc. - East Texas Basin #260",260,East Texas Basin,1.129517306,0.0,False,108.0,0.0,5.0,0.9617
2017,1008608,"Evergreen Natural Resources, LLC. Las Vegas-Raton",455,Las Vegas-Raton Basin,1.229730726,0.0,False,2306.0,0.0,1.0,0.9904
2017,1005963,Red Willow Production Co.,580,San Juan Basin,1.322531698,0.0,False,594.0,0.0,3.0,0.7742
2017,1009732,BKV Operating LLC,160A,Appalachian Basin (Eastern Overthrust Area),1.650128407,0.0,False,89.0,0.0,2.0,0.9748
2017,1008795,"Arsenal Resources, LLC 160A Appalachian Basin",160A,Appalachian Basin (Eastern Overthrust Area),1.869542757,0.0,False,85.0,17.0,5.0,0.967
2017,1008588,"Merit Energy Arkoma Basin, AAPG Basin 345",345,Arkoma Basin,2.211095864,0.0,False,953.0,0.0,6.0,0.9535
2017,1008957,"EXCO Resources, Inc. - Arkla Basin #230",230,Arkla Basin,2.563041957,0.0,False,468.0,12.0,4.0,0.9621
2017,1012774,Covey Park Gas,230,Arkla Basin,2.723000405,0.0,False,182.0,17.0,3.0,0.9698
2017,1011913,SWN Production (Louisiana),230,Arkla Basin,2.923109171,0.0,False,318.0,29.0,5.0,0.9512
2017,1008937,Appalachian Basin - AAPG Province 160A,160A,Appalachian Basin (Eastern Overthrust Area),3.112082768,0.0,False,323.0,0.0,3.0,0.9742
2017,1008481,"Repsol Oil & Gas USA, LLC Appalachian basin (Eastern Overthrust area) - 160A",160A,Appalachian Basin (Eastern Overthrust Area),5.5000172,0.0,False,548.0,41.0,5.0,0.9756
2017,1008081,"Vine Energy, Inc.",230,Arkla Basin,6.197657802,0.0,False,282.0,40.0,3.0,0.9464
2017,1009485,Chief Oil & Gas LLC (160A),160A,Appalachian Basin (Eastern Overthrust Area),8.554506498,0.0,False,291.0,47.0,5.0,0.9733
2017,1008527,"Chesapeake Operating LLC, 230 - Arkla Basin",230,Arkla Basin,11.52143407,0.0,False,677.0,39.0,6.0,0.9548
2017,1010205,Flywheel Energy Production - Arkoma,345,Arkoma Basin,13.116377552,0.0,False,2538.0,6.0,6.0,0.9603
2017,1008503,Coterra Energy 160A Appalachian (EOA),160A,Appalachian Basin (Eastern Overthrust Area),21.364175204,0.0,False,636.0,58.0,4.0,0.9621
2017,1008523,"Chesapeake Appalachia LLC, 160A - Appalachian Basin (Eastern Overthrust Area)",160A,Appalachian Basin (Eastern Overthrust Area),22.182947629,0.0,False,846.0,47.0,6.0,0.9746
2017,1009392,XTO Energy Inc 345 Arkoma,345,Arkoma Basin,12.844397579,1.8,False,2191.0,3.0,26.0,0.9561
2017,1008715,Anadarko Facility,360,Anadarko Basin,0.023211762,26.9,False,31.0,0.0,1.0,0.7163
2017,1013100,"Trinity Operating USG, LLC - Arkoma (Basin 345)",345,Arkoma Basin,1.244407542,57.1,False,162.0,1.0,1.0,0.9367
2017,1012537,Northeast Natural Energy LLC,160A,Appalachian Basin (Eastern Overthrust Area),1.197447416,85.0,False,174.0,7.0,8.0,0.9008
2017,1008053,Own Resources Operating LLC,540,Denver Basin,0.145384794,160.3,False,983.0,0.0,1.0,0.9386
2017,1008199,Grizzly Arkoma Basin,345,Arkoma Basin,0.274518107,230.0,False,174.0,0.0,10.0,0.8869
2017,1009169,345 Arkoma Basin - BP America Production Company,345,Arkoma Basin,1.640390355,350.0,False,1178.0,23.0,15.0,0.9522
2017,1008492,"BPX Energy Arkla Basin, AAPG Basin 230",230,Arkla Basin,3.70215814,357.0,False,392.0,12.0,8.0,0.9588
2017,1009571,CR 345 Arkoma,345,Arkoma Basin,0.065711711,475.0,False,28.0,0.0,2.0,0.8354
2017,1008136,North Shore E&P Sand Wash,535,Green River Basin,0.003153501,500.1,False,17.0,0.0,1.0,0.8601
2017,1009245,"BOPCO, L.P. 220 Gulf Coast basin",220,"Gulf Coast Basin (LA, TX)",0.001493711,520.0,False,2.0,0.0,3.0,0.8885
2017,1012052,Black Hills Exploration and Production (Colorado Piceance Basin Facilties),595,Piceance Basin,0.004042833,634.4,False,63.0,2.0,3.0,0.8893
2017,1011508,Foundation Energy Management- 450 Las Animas arch Basin,450,Las Animas Arch,0.033976599,1095.0,False,286.0,0.0,2.0,0.6665
2017,1008208,Ovintiv USA Inc - Wind River Basin,530,Wind River Basin,0.092869825,1221.1,False,157.0,0.0,2.0,0.9142
2017,1011674,Sage Natural Resources 415 Strawn Basin,415,Strawn Basin,0.501154691,1228.0,False,83.0,0.0,3.0,0.771
2017,1009301,Seneca East Facilities,160A,Appalachian Basin (Eastern Overthrust Area),5.642849745,1375.4,False,481.0,62.0,18.0,0.9455
2017,1010235,Atlas 415/Strawn Basin - Fort Worth,415,Strawn Basin,0.282168643,1750.0,False,105.0,0.0,4.0,0.9
2017,1011194,"Compass Production Partners, LP - Arkla Basin #230",230,Arkla Basin,0.393989382,2030.9,False,387.0,0.0,1.0,0.9536
2017,1009101,REM 305 Michigan Basin - PRODUCTION,305,Michigan Basin,0.618783103,2783.0,False,2660.0,0.0,11.0,0.8732
2017,1011975,Legacy Reserves Basin 260 Production,260,East Texas Basin,0.000985091,2889.0,False,904.0,0.0,9.0,0.903
2017,1008170,Dominion Energy Wexpro - Central Western Overthrust (Prod),507,Central Western Overthrust,0.039515981,4940.4,False,161.0,0.0,2.0,0.88
2017,1008579,Cabot OIl & Gas Corporation 260 East Texas Basin,260,East Texas Basin,0.024150999,5093.6,False,22.0,0.0,3.0,0.966
2017,1009276,415 Strawn Basin BKV - Production,415,Strawn Basin,3.087289949,5120.1,False,1308.0,0.0,4.0,0.949
2017,1006564,Greylock Energy,160A,Appalachian Basin (Eastern Overthrust Area),0.955120794,5497.0,False,2772.0,0.0,32.0,0.8986
2017,1008714,Gulf Coast Facility,220,"Gulf Coast Basin (LA, TX)",0.315855187,5548.2,False,368.0,29.0,3.0,0.6479
2017,1002362,"Clayton Williams Energy, Inc. - 220 Gulf Coast Basin",220,"Gulf Coast Basin (LA, TX)",0.000376302,6555.0,False,7.0,0.0,3.0,0.3936
2017,1012952,SEP Palo Duro Basin 435 Production,435,Palo Duro Basin,0.031867557,7018.0,False,240.0,0.0,5.0,0.8061
2017,1008703,Key Production Co. 360 Anadarko,360,Anadarko Basin,0.052400476,7038.0,False,81.0,0.0,11.0,0.8727
2017,1007483,Contango Resources' Wind River (530),530,Wind River Basin,1.7770531,7637.6,False,197.0,0.0,2.0,0.9007
2017,1008295,535 Green River Basin QEP Energy Company,535,Green River Basin,0.059425976,7642.8,False,21.0,0.0,5.0,0.9203
2017,1011978,Morningstar Operating LLC  SAN JUAN BASIN 580,580,San Juan Basin,1.144807674,8053.0,False,1041.0,0.0,7.0,0.882
2017,1011655,"FDL Operating, LLC (Mississippi)",210,Mid-Gulf Coast Basin,0.12382022,8563.0,False,542.0,0.0,4.0,0.691
2017,1011963,345 Arkoma Bravo NR,345,Arkoma Basin,0.693410528,9378.0,False,368.0,7.0,6.0,0.942
2017,1009258,Caerus Oil and Gas Green River Basin (535) Operations,535,Green River Basin,0.052239059,9400.6,False,60.0,0.0,2.0,0.8999
2017,1011763,"EagleRidge Operating, LLC. Strawn Basin",415,Strawn Basin,0.278840584,9460.1,False,393.0,0.0,5.0,0.66
2017,1008093,Samson Exploration 220 Gulf Coast Basin,220,"Gulf Coast Basin (LA, TX)",0.001824168,9798.1,False,4.0,0.0,1.0,0.719
2017,1008078,XTO Energy Inc 507 Central Western Overthrust,507,Central Western Overthrust,0.140154014,9849.2,False,200.0,0.0,2.0,0.9181
2017,1008536,"TEP Barnett USA LLC, 415 - Strawn Basin",415,Strawn Basin,5.962232419,10837.9,False,1696.0,10.0,3.0,0.9473
2017,1008956,Chevron MCA 360 Anadarko Basin,360,Anadarko Basin,0.09002647,11323.3,False,281.0,0.0,22.0,0.8797
2017,1012605,"Trinity Operating USG, LLC - Chautauqua Platform (Basin 355)",355,Chautauqua Platform,1.42964549,11484.1,False,187.0,42.0,4.0,0.7282
2017,1008405,California Resources Production Corporation  Sacramento Valley Basin 730,730,Sacramento Basin,0.41705978,11512.8,False,466.0,0.0,9.0,0.937
2017,1008882,Pennsylvania General Energy Company LLC,160A,Appalachian Basin (Eastern Overthrust Area),1.360363454,11875.9,False,171.0,0.0,11.0,0.9745
2017,1009666,"Enervest Operating, L.L.C. 415 Strawn Basin",415,Strawn Basin,1.71770707,12577.2,False,1177.0,0.0,4.0,0.9475
2017,1009545,Jones Energy 345 Arkoma Basin,345,Arkoma Basin,0.09945798,13150.1,False,0.0,0.0,3.0,0.721
2017,1009387,XTO Energy Inc 415 Strawn,415,Strawn Basin,4.457495462,13550.3,False,1672.0,0.0,8.0,0.9235
2017,1009907,"Comstock Oil & Gas, LLC",260,East Texas Basin,0.150476393,15041.6,False,380.0,0.0,11.0,0.8784
2017,1008401,"SWEPI LP (Shell), Appalachian Basin (Eastern Overthrust Area) 160A",160A,Appalachian Basin (Eastern Overthrust Area),3.527440661,16879.7,False,325.0,20.0,13.0,0.9747
2017,1008323,Foundation Energy Management 595 Piceance Basin,595,Piceance Basin,0.043702313,16885.6,False,145.0,0.0,6.0,0.8473
2017,1009283,230 Arkla Basin QEP Energy Company,230,Arkla Basin,2.411717362,16964.3,False,498.0,2.0,13.0,0.9408
2017,1012612,Hilcorp Energy Company - Wind River Basin (530),530,Wind River Basin,0.059362802,17035.8,False,59.0,0.0,2.0,0.8816
2017,1009327,MERIT ENERGY CO LLC 420 FORT WORTH SYNCLINE,420,Fort Worth Syncline,0.053416459,18050.0,False,170.0,0.0,5.0,0.7721
2017,1008363,Riviera Resources 305 Michigan Basin Production Segment,305,Michigan Basin,0.560831242,18347.0,False,1626.0,0.0,10.0,0.7871
2017,1011936,Covey Park Operating,260,East Texas Basin,0.759748579,18632.0,False,149.0,1.0,2.0,0.9492
2017,1009388,XTO Energy Inc 420 Fort Worth Syncline,420,Fort Worth Syncline,0.516606336,18921.9,False,311.0,1.0,8.0,0.8444
2017,1009113,Newfield.345.Arkoma Basin,345,Arkoma Basin,0.962637831,19560.3,False,296.0,0.0,8.0,0.9099
2017,1012972,"Core Appalachia Operating, LLC- Basin 160",160,Appalachian Basin,0.837331146,20052.0,False,4964.0,0.0,57.0,0.7804
2017,1008165,Berry Petroleum Company 585 Piceance Basin Production Segment,595,Piceance Basin,0.202845131,20054.0,False,172.0,0.0,1.0,0.8724
2017,1008954,Green River Basin - 535,535,Green River Basin,2.18723913,20325.0,False,335.0,0.0,1.0,0.8958
2017,1008753,Foundation Energy Management 345 Arkoma Basin,345,Arkoma Basin,0.329986233,21673.0,False,324.0,0.0,14.0,0.9473
2017,1008204,Green River Basin - AAPG Province 535,535,Green River Basin,0.017838933,22199.0,False,6.0,0.0,1.0,0.7731
2017,1009890,"Comstock Oil & Gas-LA, LLC",230,Arkla Basin,2.559435274,23270.6,False,341.0,16.0,17.0,0.9381
2017,1011100,"Cross Timbers Energy, LLC - San Juan Basin 580",580,San Juan Basin,0.163396091,24505.2,False,245.0,0.0,3.0,0.7943
2017,1011654,Urban 535 Green River Basin,535,Green River Basin,0.095860155,24845.0,False,167.0,0.0,2.0,0.8568
2017,1011081,"CMO, Inc.",745,San Joaquin Basin,0.0,26743.0,False,37.0,0.0,1.0,0.7449
2017,1013089,LOLA Energy PetroCo,160A,Appalachian Basin (Eastern Overthrust Area),0.668282936,27456.3,False,65.0,6.0,3.0,0.0681
2017,1008273,"RIM Operating, Inc. San Juan Basin Operations",580,San Juan Basin,0.120885495,27485.0,False,164.0,0.0,5.0,0.89
2017,1008200,Grizzly Anadarko Basin,360,Anadarko Basin,0.035697102,27488.2,False,45.0,0.0,16.0,0.8571
2017,1010157,BREITBURN OPERATING LP-BASIN 535,535,Green River Basin,0.15826319,28032.0,False,258.0,0.0,3.0,0.8384
2017,1010319,BREITBURN OPERATING LP-BASIN 507,507,Central Western Overthrust,0.031726398,30564.0,False,53.0,0.0,2.0,0.8391
2017,1012999,ALLIANCE PETROLEUM CORPORATION,160A,Appalachian Basin (Eastern Overthrust Area),0.521728092,30564.0,False,12827.0,0.0,50.0,0.9083
2017,1008480,Atlas 160A/Appalach Overthrust Basin - PA,160A,Appalachian Basin (Eastern Overthrust Area),0.270765808,31785.0,False,339.0,0.0,34.0,0.9873
2017,1009242,San Juan Basin,580,San Juan Basin,0.783037787,35387.2,False,763.0,0.0,8.0,0.8425
2017,1011091,Foundation Energy Management 360 Anadarko Basin,360,Anadarko Basin,0.084831564,36549.5,False,276.0,0.0,7.0,0.8445
2017,1012782,Covey Park Resources,260,East Texas Basin,1.182599785,37018.0,False,448.0,10.0,5.0,0.9168
2017,1010176,Equal Energy-355-Chautaqua Platform,355,Chautauqua Platform,0.261068323,37395.0,False,80.0,0.0,1.0,0.73
2017,1008698,Cimarex Energy Co. of Colorado 360 Anadarko,360,Anadarko Basin,0.08746432,38792.8,False,168.0,0.0,14.0,0.8043
2017,1012936,DGOC 160A Production,160A,Appalachian Basin (Eastern Overthrust Area),0.585912253,39776.0,False,4315.0,0.0,26.0,0.9294
2017,1008066,"Jordan Development Company, LLC",305,Michigan Basin,0.058203483,41223.0,False,370.0,2.0,14.0,0.8096
2017,1009339,Unit Petroleum 285 Permian Basin,430,Permian Basin,0.022036207,42037.8,False,128.0,0.0,12.0,0.7551
2017,1009683,"Laredo Energy 220 Gulf Basin (LA, TX)",220,"Gulf Coast Basin (LA, TX)",0.851520326,43574.0,False,141.0,5.0,4.0,0.76
2017,1008029,Basin 360 Oil & Gas Production,360,Anadarko Basin,0.05809469,44020.0,False,64.0,0.0,13.0,0.7155
2017,1011765,"EagleRidge Operating, LLC. Fort Worth Syncline Basin",420,Fort Worth Syncline,0.623313861,45619.3,False,487.0,0.0,4.0,0.7333
2017,1010673,Paradox Upstream LLC 585 Paradox Basin,585,Paradox Basin,0.067529621,46527.2,False,80.0,0.0,3.0,0.7977
2017,1012816,"ORX Resources, LLC - Gulf Coast Basin (220)",220,"Gulf Coast Basin (LA, TX)",0.031580509,47149.7,False,64.0,0.0,6.0,0.8499
2017,1008116,XTO Energy Inc 160A Appalachian E Overthrust,160A,Appalachian Basin (Eastern Overthrust Area),5.516808488,47859.7,False,980.0,9.0,49.0,0.8965
2017,1011684,Sage Natural Resources 420 Fort Worth Syncline,420,Fort Worth Syncline,0.284141843,48285.0,False,137.0,0.0,7.0,0.6333
2017,1008395,"EOG Resources, Inc. 507 Central Western Overthrust",507,Central Western Overthrust,0.162963382,49804.4,False,228.0,0.0,2.0,0.7492
2017,1011848,Indigo Resources LLC,230,Arkla Basin,0.349939128,51570.7,False,315.0,3.0,2.0,0.9161
2017,1009308,EQT Production - Basin 160 - Appalachian,160,Appalachian Basin,1.579567454,53138.0,False,7548.0,0.0,51.0,0.7805
2017,1011688,Equinor USA Onshore Properties - APB Basin 160A,160A,Appalachian Basin (Eastern Overthrust Area),0.60409681,54921.1,False,37.0,14.0,1.0,0.9725
2017,1011596,"Wapiti Operating, LLC 575 Uinta Basin",575,Uinta Basin,0.436892623,55301.0,False,341.0,0.0,1.0,0.8814
2017,1012060,White Rock Oil & Gas LLC - 230 ArkLa,230,Arkla Basin,0.012019234,56306.2,False,124.0,0.0,3.0,0.5072
2017,1012728,Blackbeard Operating - 415 - Strawn,415,Strawn Basin,1.692720481,59571.0,False,704.0,5.0,7.0,0.771
2017,1009389,UGC 575 Uintah,575,Uinta Basin,0.298796747,60882.8,False,599.0,0.0,2.0,0.9009
2017,1011547,Atlas 360/Anadarko Basin - Nash,360,Anadarko Basin,0.046654533,63816.0,False,34.0,0.0,6.0,0.8389
2017,1007486,"Tanos Exploration II, LLC Arkla Basin, AAPG 230",230,Arkla Basin,0.377511762,64044.0,False,454.0,3.0,3.0,0.8997
2017,1008364,Riviera Resources 355 Chautauqua Platform Production Segment,355,Chautauqua Platform,0.133481516,65149.0,False,811.0,0.0,15.0,0.8495
2017,1010621,TGNR Gulf Coast LLC and TGNR East Texas LLC,260,East Texas Basin,2.455691983,67696.7,False,2052.0,18.0,16.0,0.8517
2017,1013035,DGOC 160 Production,160,Appalachian Basin,0.096382147,69284.0,False,1837.0,0.0,20.0,0.8627
2017,1012984,"Southern Energy Operating, LLC MidGulf Coast Basin",210,Mid-Gulf Coast Basin,0.119583914,69964.0,False,277.0,0.0,5.0,0.952
2017,1012114,WHRMC - ARKLA BASIN-ONSHORE PRODUCTION,230,Arkla Basin,0.464221655,70601.0,False,428.0,0.0,11.0,0.9543
2017,1003754,Kash Oil & Gas - Basin 220,220,"Gulf Coast Basin (LA, TX)",0.003464051,70681.0,False,18.0,1.0,6.0,0.9683
2017,1012893,BlueCrest Alaska - 820 Cook Inlet Basin,820,AK Cook Inlet Basin,0.004121199,73062.0,False,3.0,2.0,1.0,0.9521
2017,1010705,Arkla Basin,230,Arkla Basin,0.022919391,73465.0,False,6.0,0.0,2.0,0.8169
2017,1013044,PetroBal Omega 1 L.L.C.,425,Bend Arch,0.108002031,75438.0,False,86.0,0.0,1.0,0.02
2017,1008528,"Chesapeake Operating LLC, 260 - East Texas Basin",260,East Texas Basin,0.00771308,79657.7,False,3.0,1.0,3.0,0.8263
2017,1007475,ConocoPhillips Anadarko (360),360,Anadarko Basin,0.59924318,84733.3,False,2020.0,0.0,42.0,0.7606
2017,1009135,Kaiser-Francis Oil Company 360 Anadarko Basin,360,Anadarko Basin,0.425529608,86691.9,False,725.0,4.0,59.0,0.8542
2017,1010396,Riviera Resources 260 East Texas Basin Production Segment,260,East Texas Basin,0.706399076,86732.0,False,950.0,2.0,11.0,0.9233
2017,1008755,Foundation Energy Management 540 DJ Basin,540,Denver Basin,0.131584526,86870.0,False,961.0,0.0,6.0,0.9423
2017,1009141,XTO Energy Inc 595 Piceance,595,Piceance Basin,0.820806945,87129.5,False,333.0,0.0,2.0,0.8828
2017,1011518,Grizzly Green River Basin 535,535,Green River Basin,0.081541369,92452.5,False,181.0,1.0,2.0,0.8381
2017,1008540,Dugan Production Corp- San Juan Basin,580,San Juan Basin,0.211544364,93864.0,False,912.0,12.0,10.0,0.8641
2017,1012048,Missouri River Resources Williston Basin 395,395,Williston Basin,0.005144285,94511.0,False,5.0,0.0,1.0,0.4588
2017,1009862,"Amplify Energy Operating LLC 220 Gulf Coast Basin (LA, TX)",220,"Gulf Coast Basin (LA, TX)",0.289834284,95205.0,False,383.0,0.0,14.0,0.7452
2017,1009142,XTO Energy Inc 580 San Juan,580,San Juan Basin,1.408789693,95622.0,False,1754.0,0.0,8.0,0.8651
2017,1008545,BCE-Mach III LLC. 350 South Oklahoma,350,South Oklahoma Folded Belt,0.070891786,99202.8,False,94.0,0.0,9.0,0.764
2017,1011976,Indigo Resources LLC 260 East Texas Basin,260,East Texas Basin,0.149570923,104416.6,False,262.0,0.0,4.0,0.9161
2017,1009859,Blackbeard Operating - 220 - Gulf Coast Basin,220,"Gulf Coast Basin (LA, TX)",0.287706611,105164.3,False,544.0,0.0,17.0,0.6944
2017,1010237,Atlas 420/Fort Worth Syncline Basin - Jacksboro,420,Fort Worth Syncline,0.166997988,108663.0,False,156.0,0.0,5.0,0.7686
2017,1007476,Lime Rock Resources Fort Worth Syncline (420),420,Fort Worth Syncline,0.594435223,109759.1,False,663.0,0.0,6.0,0.7953
2017,1012070,SilverCreek Chautauqua #355,355,Chautauqua Platform,0.338239759,111091.4,False,82.0,0.0,4.0,0.7195
2017,1009239,Chevron MCA 260 East Texas Basin,260,East Texas Basin,0.256669422,111743.0,False,562.0,5.0,9.0,0.8909
2017,1012014,White Knight 420 Fort Worth Syncline,420,Fort Worth Syncline,0.113430248,112126.0,False,199.0,0.0,5.0,0.7378
2017,1008640,Grizzly Basin 230 (NE TX),230,Arkla Basin,0.037112848,117151.0,False,53.0,5.0,2.0,0.8086
2017,1009837,"Bluefin Resources LLC 220 Gulf Coast Basin (LA, TX)",220,"Gulf Coast Basin (LA, TX)",0.108615599,118381.0,False,43.0,12.0,5.0,0.6837
2017,1009076,580 San Juan Basin - Simcoe LLC,580,San Juan Basin,6.617598725,120655.0,False,3808.0,16.0,7.0,0.8764
2017,1009694,"Enervest Operating, L.L.C. 580 San Juan Basin",580,San Juan Basin,0.311220267,121704.9,False,676.0,0.0,4.0,0.79
2017,1009686,Nadel and Gussman Ruston Arkla Basin No. 230,230,Arkla Basin,0.549945868,121873.6,False,159.0,7.0,12.0,0.8852
2017,1009689,"Enervest Operating, L.L.C. 420 Fort Worth Syncline",420,Fort Worth Syncline,1.415066814,127843.8,False,934.0,9.0,4.0,0.7773
2017,1011839,"Encino Operating, L.L.C. - Anadarko Basin",360,Anadarko Basin,5.3396e-05,131760.0,False,114.0,0.0,11.0,0.8199
2017,1012706,Hilcorp Energy Company - Green River Basin (535),535,Green River Basin,0.488265806,139125.5,False,596.0,0.0,5.0,0.8424
2017,1008697,BCE-Mach III 350 (Madill),350,South Oklahoma Folded Belt,0.122969198,142108.7,False,219.0,0.0,6.0,0.7478
2017,1008529,"Chesapeake Operating LLC, 350 - South Oklahoma Folded Belt",350,South Oklahoma Folded Belt,0.166580259,145569.9,False,142.0,0.0,7.0,0.849
2017,1009932,"Enervest Operating, L.L.C. 160A Appalachian Basin (Eastern Overthrust area)",160A,Appalachian Basin (Eastern Overthrust Area),1.201722567,146918.9,False,7458.0,0.0,44.0,0.869
2017,1013111,Hilcorp Energy Company - Central Overthrust Basin (507),507,Central Western Overthrust,0.893698001,148157.4,False,948.0,0.0,5.0,0.8462
2017,1008852,Samson Resources 535 Green River Basin,535,Green River Basin,0.241139996,149650.2,False,111.0,0.0,3.0,0.8123
2017,1011181,Hess Corporation - 160A - Utica Basin,160A,Appalachian Basin (Eastern Overthrust Area),1.469156542,150402.0,False,51.0,0.0,2.0,0.7733
2017,1008548,BOC 220 Gulf Coast Basin Onshore,220,"Gulf Coast Basin (LA, TX)",0.006191185,153715.0,False,27.0,0.0,4.0,0.8756
2017,1012734,Jay-Bee Oil & Gas Wellsites,160A,Appalachian Basin (Eastern Overthrust Area),1.274256,155150.0,False,460.0,12.0,7.0,0.8
2017,1007599,"Indigo Minerals, LLC",230,Arkla Basin,4.094662618,157882.6,False,527.0,29.0,6.0,0.9162
2017,1012044,"Blackbeard Operating East, LLC - Basin 230",230,Arkla Basin,0.059210804,159483.0,False,208.0,1.0,6.0,0.8082
2017,1009785,LARAMIE ENERGY LLC - Piceance Basin (585),595,Piceance Basin,1.277551902,162867.5,False,1325.0,80.0,5.0,0.8692
2017,1013113,Nytis Exploration Company LLC 160 Appalachian Basin Production,160,Appalachian Basin,0.938985886,165540.6,False,6046.0,1.0,59.0,0.8494
2017,1011276,Sabine Oil & Gas LLC 360 Anadarko Basin,360,Anadarko Basin,0.08186856,167545.0,False,38.0,0.0,1.0,0.73
2017,1010181,Ursa Resources Group II - 595 - Piceance Basin,595,Piceance Basin,1.345481559,181373.0,False,512.0,62.0,2.0,0.8475
2017,1011995,Hilcorp Appalachian Basin (Eastern Overthrust Area),160A,Appalachian Basin (Eastern Overthrust Area),0.891355891,184219.1,False,134.0,6.0,4.0,0.8238
2017,1011962,Paxton Resources,305,Michigan Basin,0.048569145,186852.0,False,196.0,0.0,5.0,0.7917
2017,1013034,SEP East Texas Basin 260 Production,260,East Texas Basin,0.000677848,187170.0,False,24.0,0.0,5.0,0.4081
2017,1009582,Naftex Operating Company,745,San Joaquin Basin,0.0,198248.0,False,313.0,0.0,1.0,0.3595
2017,1008475,EnverVest Operating L.L.C.- 430 HighMount Permian,430,Permian Basin,0.810571114,201261.3,False,6593.0,0.0,9.0,0.86
2017,1012528,Scout Energy Anadarko Basin Production,360,Anadarko Basin,1.499095441,204234.0,False,4534.0,0.0,25.0,0.7777
2017,1011662,Slant Operating LLC,430,Permian Basin,0.062977214,208728.3,False,809.0,0.0,2.0,0.6956
2017,1010397,Riviera Resources 535 Green River Basin Production Segment,535,Green River Basin,0.742098191,210329.2,False,639.0,0.0,2.0,0.8446
2017,1011895,Aethon Energy Operating-530-Wind River Basin,530,Wind River Basin,0.409493124,217501.0,False,248.0,7.0,2.0,0.8524
2017,1008353,"EOG Resources, Inc. 535 Green River basin",535,Green River Basin,0.294885823,220384.7,False,713.0,0.0,5.0,0.5187
2017,1011535,Grizzly Piceance Basin (595),595,Piceance Basin,0.66470896,221971.4,False,925.0,0.0,1.0,0.8576
2017,1013080,Rockcliff Energy 260 East Texas Basin,260,East Texas Basin,1.035337511,223030.6,False,1010.0,0.0,16.0,0.9289
2017,1008296,Caerus Piceance LLC,595,Piceance Basin,2.467375358,223498.9,False,3949.0,27.0,5.0,0.8853
2017,1013728,"PetroShale (US), Inc.",395,Williston Basin,0.000823877,226220.0,False,5.0,0.0,2.0,0.6061
2017,1011689,"Goodrich Petroleum Company, Basin 210 (Mid-Gulf Coast Basin)",210,Mid-Gulf Coast Basin,0.0,231063.0,False,16.0,0.0,2.0,0.5958
2017,1011804,CalNRG- Lynch Canyon Field,740,Coastal Basins,0.0,233398.0,False,26.0,0.0,1.0,0.6011
2017,1010164,Daylight Petroleum LLC (Pintail Acquisition),220,"Gulf Coast Basin (LA, TX)",0.023476697,233709.5,False,43.0,0.0,2.0,0.7629
2017,1008976,"EOG Resources, Inc. 350 South Oklahoma folded belt",350,South Oklahoma Folded Belt,0.375149141,237468.7,False,232.0,0.0,2.0,0.6939
2017,1008590,Dominion Energy Wexpro - Green River Basin (Prod),535,Green River Basin,1.372731353,239080.0,False,543.0,25.0,6.0,0.8576
2017,1008558,360 Anadarko Basin - BP America Production Company,360,Anadarko Basin,0.69003375,239392.0,False,1044.0,1.0,12.0,0.8338
2017,1012988,"PennEnergy Resources, LLC - Basin 160A - Appalachian Eastern Overthrust",160A,Appalachian Basin (Eastern Overthrust Area),1.160655058,242333.0,False,68.0,32.0,3.0,0.8378
2017,1010684,"Goodrich Petroleum, Basin 220 (Gulf Coast Basin)",220,"Gulf Coast Basin (LA, TX)",0.004264867,266309.3,False,18.0,0.0,5.0,0.6007
2017,1009170,260 East Texas Basin - BP America Production Company,260,East Texas Basin,2.135418678,268365.0,False,651.0,18.0,18.0,0.8843
2017,1007484,San Juan Basin (580),580,San Juan Basin,8.587721909,277272.8,False,9641.0,0.0,13.0,0.848
2017,1008959,"Compass Production Partners, LP - Permian Basin #430",430,Permian Basin,0.085676093,279460.5,False,454.0,1.0,3.0,0.668
2017,1011706,Gulfport Energy Appalachian Basin 160-A Eastern Overthrust Region,160A,Appalachian Basin (Eastern Overthrust Area),10.808301614,297512.8,False,279.0,68.0,4.0,0.8931
2017,1011652,"Urban 220 Gulf Coast Basin (LA, TX)",220,"Gulf Coast Basin (LA, TX)",0.134123854,302169.0,False,588.0,2.0,37.0,0.836
2017,1007807,BADAMI DEVELOPMENT FACILITY,890,Arctic Coastal Plains Province,0.0,309572.0,False,9.0,0.0,1.0,0.8608
2017,1012724,"LOGOS OPERATING, LLC",580,San Juan Basin,1.220035133,311331.0,False,1351.0,4.0,7.0,0.7916
2017,1010291,"Miller Energy Company II, LLC",305,Michigan Basin,0.001053385,311990.0,False,524.0,0.0,14.0,0.5912
2017,1009192,Whiting Oil and Gas Corporation 430 Permian Basin,430,Permian Basin,0.028134876,318652.8,False,192.0,0.0,10.0,0.6509
2017,1010320,BASIN 305 PRODUCTION,305,Michigan Basin,0.383483294,318913.0,False,1478.0,1.0,16.0,0.8261
2017,1012059,SHD Oil & Gas Williston (395) Basin,395,Williston Basin,0.0,318934.0,False,17.0,0.0,2.0,0.4791
2017,1009848,GeoSouthern Energy Corporation,220,"Gulf Coast Basin (LA, TX)",0.151533957,322608.0,False,151.0,7.0,27.0,0.6101
2017,1012030,Houston Counties Oil and Gas Production Facilities,260,East Texas Basin,0.048359233,322649.0,False,64.0,0.0,3.0,0.783
2017,1012664,SOUTHLAND ROYALTY COMPANY LLC-GREEN RIVER BASIN 535,535,Green River Basin,0.646700891,325467.0,False,786.0,6.0,2.0,0.8481
2017,1010839,Amplify Energy Operating 260 East Texas Basin,260,East Texas Basin,1.160191456,342109.0,False,639.0,3.0,19.0,0.606
2017,1009845,Anadarko Basin,360,Anadarko Basin,0.196997429,360489.0,False,397.0,0.0,8.0,0.8059
2017,1013026,Hinkle Oil & Gas Inc.,360,Anadarko Basin,0.103445065,369151.0,False,254.0,10.0,7.0,0.7659
2017,1012569,515 Powder River Basin,515,Powder River Basin,0.040152911,369789.0,False,104.0,2.0,5.0,0.6918
2017,1009436,Muskegon Development Company,305,Michigan Basin,0.211086849,382689.0,False,1019.0,0.0,12.0,0.7653
2017,1009179,Tapstone 375 Sedgwick Basin,375,Sedgwick Basin,0.16055804,391489.0,False,84.0,0.0,6.0,0.6676
2017,1008392,Sheridan Production Company LLC 260 East Texas Basin,260,East Texas Basin,1.095133608,396527.0,False,1134.0,0.0,9.0,0.751
2017,1009143,XTO Energy Inc 360 Anadarko,360,Anadarko Basin,0.461246425,397998.8,False,1340.0,6.0,33.0,0.7265
2017,1008167,Berry Petroleum Company - Uinta Basin 575,575,Uinta Basin,0.087340744,405753.4,False,964.0,0.0,2.0,0.7113
2017,1011420,Riviera Resources 575 Uinta Basin Production Segment,575,Uinta Basin,0.03212674,413101.0,False,80.0,0.0,3.0,0.77
2017,1009584,Sabine Oil & Gas Corporation - 260 - East Texas Basin,260,East Texas Basin,1.424630526,413987.4,False,1162.0,7.0,13.0,0.8946
2017,1014129,RPOC - Basin 430 - Permian Basin,430,Permian Basin,0.012159353,429404.2,False,25.0,9.0,1.0,0.632
2017,1006750,TRC cYPRESS gROUP LLC,745,San Joaquin Basin,0.0,431810.0,False,125.0,0.0,2.0,0.3971
2017,1008354,"EOG Resources, Inc. 575 Uinta basin",575,Uinta Basin,0.646993749,434935.0,False,1226.0,2.0,1.0,0.8567
2017,1012449,"Blackbeard Operating, LLC - 430 Permian Basin",430,Permian Basin,0.063560812,442201.8,False,439.0,44.0,12.0,0.7078
2017,1008587,Valence Operating Co 260 East Texas Basin,260,East Texas Basin,0.859866363,444340.0,False,600.0,8.0,41.0,0.8826
2017,1011231,Cook Inlet Energy Onshore Production,820,AK Cook Inlet Basin,0.061401158,456367.0,False,15.0,0.0,3.0,0.8817
2017,1011223,Petro Harvester Operating Company LLC - Gulf Coast Basin (Basin 220),220,"Gulf Coast Basin (LA, TX)",0.100469501,466799.0,False,195.0,0.0,4.0,0.9004
2017,1009126,Impact E&P Powder River Basin Operations,515,Powder River Basin,0.034239089,475802.5,False,16.0,0.0,1.0,0.697
2017,1008355,"TEP Rocky Mountain, LLC - 595 Piceance basin",595,Piceance Basin,6.57064854,480130.0,False,5005.0,106.0,2.0,0.881
2017,1010765,BreitBurn Florida LLC,140,Florida Platform,0.0,484531.0,False,16.0,0.0,3.0,0.3991
2017,1009967,"Enervest Operating, L.L.C. 160 Appalachian Basin",160,Appalachian Basin,0.18871763,492020.7,False,4369.0,0.0,68.0,0.84
2017,1011463,"Petro Harvester Operating Co., LLC 395 Williston Basin",395,Williston Basin,0.052753745,501408.0,False,133.0,3.0,3.0,0.619
2017,1008598,"Duncan Oil Properties, Inc. 360 Anadarko Basin",360,Anadarko Basin,0.149081481,506448.7,False,131.0,7.0,15.0,0.82
2017,1008807,SandRidge 375 Sedgwick Basin,375,Sedgwick Basin,0.384024102,523915.9,False,155.0,0.0,4.0,0.7583
2017,1012040,"Tanos Exploration II, LLC - Basin 260",260,East Texas Basin,1.447326554,527910.8,False,475.0,22.0,10.0,0.9042
2017,1013135,"Eclipse Resources 1, LP - 160A Basin Production",160A,Appalachian Basin (Eastern Overthrust Area),2.210367726,529707.0,False,46.0,8.0,2.0,0.8952
2017,1002978,Arroyo Grande Production Facility,740,Coastal Basins,0.0,547928.0,False,393.0,4.0,1.0,0.5802
2017,1011673,Holmes Western Oil Corporation,745,San Joaquin Basin,0.0,557306.0,False,826.0,0.0,4.0,0.7523
2017,1008308,"Shadow Wolf Energy, LLC. - Los Angeles Basin 760",760,Los Angeles Basin,0.0,575745.8,False,124.0,0.0,1.0,0.4809
2017,1012825,Fairway Resources,360,Anadarko Basin,0.402385854,582911.0,False,,,,
2017,1008383,Marathon Oil So. Oklahoma Folded Belt (AAPG 350),350,South Oklahoma Folded Belt,0.384970974,591620.9,False,109.0,2.0,8.0,0.8466
2017,1009165,Uinta Basin - Caerus Uintah,575,Uinta Basin,3.4841531,592724.0,False,3053.0,0.0,2.0,0.8444
2017,1011221,Ultra Resources/Uintah Basin,575,Uinta Basin,0.032396917,621416.9,False,131.0,0.0,1.0,0.8593
2017,1011275,Sabine Oil & Gas LLC 220 Gulf Coast Basin,220,"Gulf Coast Basin (LA, TX)",0.097228451,677566.4,False,115.0,0.0,3.0,0.6641
2017,1013091,Australis TMS Inc. 210 Mid-Gulf Coast Basin,210,Mid-Gulf Coast Basin,0.0,696487.1,False,27.0,0.0,2.0,0.6107
2017,1008411,JMA Energy 360,360,Anadarko Basin,0.410901828,700541.6,False,201.0,8.0,13.0,0.8363
2017,1012878,Basin 360 - Longfellow,360,Anadarko Basin,0.116267478,704372.0,False,96.0,11.0,2.0,0.721
2017,1009282,575 Uinta Basin QEP Energy Company,575,Uinta Basin,0.657195371,719606.6,False,807.0,1.0,3.0,0.8941
2017,1011308,Rex Energy Corporation Appalachian Basin Eastern Overthrust (160A) Operations,160A,Appalachian Basin (Eastern Overthrust Area),2.600473446,721352.0,False,218.0,30.0,3.0,0.7972
2017,1006884,"Southwest Royalties, Inc. - 430 Permian Basin",430,Permian Basin,0.05403341,725696.0,False,707.0,0.0,25.0,0.6102
2017,1009762,Luff Exploration Company - 395 - Williston Basin,395,Williston Basin,0.004525195,740110.0,False,69.0,0.0,2.0,0.4064
2017,1009332,"Hilcorp Alaska, LLC 820 Kenai",820,AK Cook Inlet Basin,1.663237369,750359.0,False,270.0,8.0,5.0,0.9879
2017,1008087,Bayswater Exploration & Production Denver Basin (540) Operations,540,Denver Basin,0.085045601,780452.0,False,276.0,9.0,5.0,0.696
2017,1010318,"Mission Creek OpCo, LLC - Arkla Basin",230,Arkla Basin,0.117077001,784273.1,False,291.0,0.0,2.0,0.6904
2017,1008977,"EOG Resources, Inc. 420 Fort Worth syncline",420,Fort Worth Syncline,1.473707708,788394.6,False,744.0,0.0,2.0,0.7058
2017,1011387,Crestone Peak - Denver Basin (Watkins),540,Denver Basin,0.044014798,794291.1,False,39.0,6.0,2.0,0.637
2017,1012077,SandRidge 545 North Park Basin,545,North Park Basin,0.021224312,799316.2,False,28.0,4.0,1.0,0.688
2017,1011534,BBOG Gulf Coast Basin #220,220,"Gulf Coast Basin (LA, TX)",0.231671392,800371.3,False,129.0,13.0,7.0,0.7512
2017,1000435,Merit Energy Co. South Texas 220 Gulf Coast Basin,220,"Gulf Coast Basin (LA, TX)",1.748394661,804276.4,False,1397.0,9.0,11.0,0.8993
2017,1009783,"White Oak Energy 220 Gulf Coast Basin (LA, TX)",220,"Gulf Coast Basin (LA, TX)",0.365990281,807389.6,False,590.0,0.0,72.0,0.7401
2017,1009731,Verdad Resources LLC - DJ Basin,540,Denver Basin,0.044872595,810474.7,False,137.0,0.0,3.0,0.6591
2017,1009328,MERIT ENERGY CO LLC 350 SOUTH OKLAHOMA FOLDED BELT,350,South Oklahoma Folded Belt,0.284686035,821758.9,False,460.0,1.0,15.0,0.6611
2017,1010707,"Grade 6 Oil, LLC",745,San Joaquin Basin,0.0,825700.7,False,153.0,0.0,1.0,0.502
2017,1012100,SEP Williston Basin 395 Production,395,Williston Basin,0.408742863,835011.0,False,2431.0,0.0,12.0,0.9185
2017,1010233,EQT Production - Basin 160A - Appalachian Eastern Overthrust,160A,Appalachian Basin (Eastern Overthrust Area),22.903640279,840394.0,False,5532.0,128.0,74.0,0.8524
2017,1004905,Pacific Coast Energy Company LP,750,Santa Maria Basin,0.0,864707.0,False,249.0,0.0,1.0,0.54
2017,1009098,EQT CHAP LLC - Basin 160A - Appalachian Eastern Overthrust,160A,Appalachian Basin (Eastern Overthrust Area),4.71760442,887562.9,False,381.0,6.0,9.0,0.9447
2017,1003056,"Bridge Energy, LLC - Brea Stearns Facility",760,Los Angeles Basin,0.0,902740.0,False,299.0,0.0,2.0,0.5606
2017,1009706,"SilverBow Resources, LLC - Basin 220",220,"Gulf Coast Basin (LA, TX)",2.426066249,917205.0,False,666.0,27.0,8.0,0.7829
2017,1010738,"Cat Canyon Resources, LLC 750 Santa Maria Basin",750,Santa Maria Basin,0.0,917847.0,False,468.0,0.0,1.0,0.846
2017,1008352,"EOG Resources, Inc. 360 Anadarko basin",360,Anadarko Basin,0.190605427,941551.6,False,251.0,10.0,8.0,0.7994
2017,1008190,West Bay,305,Michigan Basin,0.053750723,963060.0,False,95.0,8.0,10.0,0.5988
2017,1012437,Blackbeard Operating - 360 - Anadarko Basin,360,Anadarko Basin,1.05336208,969162.0,False,808.0,7.0,9.0,0.8462
2017,1007037,"J. Cleo Thompson & James Cleo Thompson, Jr. L.P. 430 Permian Basin",430,Permian Basin,0.082037497,972536.5,False,735.0,6.0,28.0,0.6646
2017,1009357,Finley Resources Inc - Uintah Basin (575),575,Uinta Basin,0.021153016,974035.3,False,106.0,0.0,1.0,0.814
2017,1009082,XTO Energy Inc 230 Arkla,230,Arkla Basin,0.716684556,979488.6,False,893.0,18.0,21.0,0.8235
2017,1008857,CRI 515 Powder River,515,Powder River Basin,0.030995685,1034458.7,False,117.0,0.0,4.0,0.7482
2017,1012571,West Ranch Field,220,"Gulf Coast Basin (LA, TX)",0.001004378,1040061.0,False,624.0,6.0,2.0,0.8926
2017,1009511,"Alta Mesa Services, LP",220,"Gulf Coast Basin (LA, TX)",0.122650227,1046818.0,False,349.0,0.0,10.0,0.7807
2017,1012945,"Basin 220 - S2 Energy Operating, LLC",220,"Gulf Coast Basin (LA, TX)",0.507516768,1047311.5,False,359.0,0.0,6.0,0.8788
2017,1008576,Basin 220 South TX & South LA - OSP,220,"Gulf Coast Basin (LA, TX)",0.035786545,1084094.0,False,138.0,0.0,6.0,0.6464
2017,1009811,Breitburn Operating LP 260 East Texas,260,East Texas Basin,0.378019426,1085678.0,False,1379.0,6.0,16.0,0.9622
2017,1010718,Antero Resources - 160 - Appalachian Basin (Utica),160,Appalachian Basin,2.398336164,1093669.6,False,114.0,12.0,2.0,0.7885
2017,1008809,SandRidge 430 Permian Basin,430,Permian Basin,0.025528663,1102177.7,False,1089.0,0.0,1.0,0.65
2017,1008885,"Tellus Operating Group, LLC - MS Operations",210,Mid-Gulf Coast Basin,0.126717737,1127822.3,False,491.0,4.0,12.0,0.9154
2017,1008299,"LAMBDA ENERGY RESOURCES, LLC-Michigan Basin",305,Michigan Basin,0.230045406,1177978.0,False,805.0,0.0,27.0,0.7215
2017,1008306,Riviera Resources 360 Anadarko Basin Production Segment,360,Anadarko Basin,2.17358775,1220367.6,False,5101.0,15.0,55.0,0.7243
2017,1013021,"Petro-Hunt Dakota, L.L.C.",395,Williston Basin,0.032308115,1236756.0,False,103.0,0.0,3.0,0.6138
2017,1012909,"Pinedale Energy Partners Operating, LLC 535 Green River Basin",535,Green River Basin,3.816123503,1237049.4,False,1148.0,32.0,1.0,0.9239
2017,1009115,Ovintiv USA Inc. 355.Chautauqua Platform,355,Chautauqua Platform,0.415022379,1254696.0,False,192.0,7.0,6.0,0.8421
2017,1008784,CNX Gas Company LLC -160 Appalachian Basin,160,Appalachian Basin,0.550706908,1303751.2,False,1196.0,0.0,23.0,0.8696
2017,1009607,"Williston Basin/SOGC, Inc.",395,Williston Basin,0.018154306,1326233.0,False,66.0,11.0,6.0,0.5778
2017,1009663,"Enervest Operating, L.L.C. 360 Anadarko Basin",360,Anadarko Basin,1.739346108,1399987.3,False,1105.0,0.0,25.0,0.8502
2017,1008224,Apache Corporation - Gulf Coast Basin 220,220,"Gulf Coast Basin (LA, TX)",0.118810143,1406511.0,False,202.0,0.0,13.0,0.7748
2017,1009056,Vital Energy Production,430,Permian Basin,0.000238416,1417377.7,False,1165.0,61.0,4.0,0.7213
2017,1011519,Grizzly Basin 430 (Permian),430,Permian Basin,0.304341088,1474108.0,False,1447.0,0.0,40.0,0.6769
2017,1011318,Peak Powder River Resources,515,Powder River Basin,0.137961885,1504435.0,False,61.0,2.0,2.0,0.6252
2017,1008216,Encana Oil & Gas - San Juan Basin,580,San Juan Basin,0.199883024,1538183.2,False,95.0,3.0,3.0,0.6605
2017,1009264,355 Chatauque Platform,355,Chautauqua Platform,0.496551635,1547587.5,False,18.0,0.0,7.0,0.8016
2017,1010784,"Burnett Oil Co., Inc. 430 Permian Basin",430,Permian Basin,0.185741314,1553015.2,False,297.0,18.0,3.0,0.7411
2017,1009830,Northwoods Energy (Basin 515) Powder River Basin,515,Powder River Basin,0.117334597,1560524.3,False,62.0,10.0,3.0,0.7185
2017,1011773,"Earthstone Operating, LLC - Basin 220",220,"Gulf Coast Basin (LA, TX)",0.026841159,1579386.3,False,100.0,5.0,8.0,0.6375
2017,1008456,"Approach Operating, LLC 430 Permian Basin",430,Permian Basin,0.004075747,1584603.0,False,846.0,13.0,4.0,0.7538
2017,1011250,Formentera Operations LLC,395,Williston Basin,0.070626602,1587098.0,False,186.0,0.0,1.0,0.5104
2017,1008998,Henry Resources LLC,430,Permian Basin,0.103251095,1644324.0,False,195.0,11.0,8.0,0.6859
2017,1010002,Murex Petroleum Corporation - Williston Basin 395,395,Williston Basin,0.047156533,1652690.0,False,221.0,2.0,13.0,0.5039
2017,1010837,Matador Production Company - Gulf Coast,220,"Gulf Coast Basin (LA, TX)",0.439348742,1688949.6,False,118.0,5.0,8.0,0.718
2017,1009906,"Comstock Resources, Inc. - Basin 220",220,"Gulf Coast Basin (LA, TX)",0.075667275,1709660.0,False,184.0,0.0,5.0,0.678
2017,1011831,Point Thomson Production Facility,890,Arctic Coastal Plains Province,0.0,1746301.0,False,1.0,0.0,1.0,0.8251
2017,1011546,Altas 220/Gulf Coast - Eagle Ford,220,"Gulf Coast Basin (LA, TX)",0.018749063,1785583.0,False,56.0,0.0,1.0,0.556
2017,1011393,Ascent Resources - Utica (160),160,Appalachian Basin,0.460516147,1807730.0,False,37.0,0.0,1.0,0.7524
2017,1011185,Lime Rock Resources V-A Williston Basin 395,395,Williston Basin,0.148409227,1813210.0,False,66.0,7.0,14.0,0.691
2017,1009624,SM Energy (Basin 220) South Texas,220,"Gulf Coast Basin (LA, TX)",4.342705196,1857644.0,False,464.0,38.0,2.0,0.7831
2017,1011244,Denbury Onshore LLC 515 Powder River,515,Powder River Basin,0.065357323,1887669.6,False,455.0,56.0,4.0,0.5364
2017,1013087,Texas American 220 Gulf Coast Basin,220,"Gulf Coast Basin (LA, TX)",0.072641172,1893125.0,False,178.0,32.0,10.0,0.6243
2017,1009813,Breitburn Operating LP 430 Permian,430,Permian Basin,0.194284906,1920961.0,False,1008.0,0.0,31.0,0.6653
2017,1011923,White Rock Oil & Gas LLC - 395 Williston,395,Williston Basin,0.039562089,1942602.8,False,442.0,0.0,20.0,0.5761
2017,1011450,Jonah Energy LLC_AAPG 535_Green River Basin,535,Green River Basin,5.324088776,1960634.0,False,2094.0,109.0,1.0,0.8981
2017,1008577,Basin 395 North Dakota - OSP,395,Williston Basin,0.030270263,1969420.6,False,127.0,0.0,4.0,0.5007
2017,1010183,Antero Resources - 160A - Appalachian Basin (Eastern Overthurst Area),160A,Appalachian Basin (Eastern Overthrust Area),19.826963458,1985028.5,False,968.0,0.0,6.0,0.851
2017,1009588,Lewis Energy Group,220,"Gulf Coast Basin (LA, TX)",8.17232731,2009492.1,False,1725.0,45.0,5.0,0.8577
2017,1012873,"Lonestar Resources 220 Gulf Coast Basin (LA, TX)",220,"Gulf Coast Basin (LA, TX)",0.127361123,2180523.0,False,184.0,12.0,12.0,0.6277
2017,1011847,GulfTex Gulf Coast Basin #220,220,"Gulf Coast Basin (LA, TX)",0.059075867,2198634.0,False,33.0,20.0,3.0,0.7721
2017,1008622,535 Green River Basin - BP America Production Company,535,Green River Basin,2.505099514,2214186.0,False,1787.0,17.0,2.0,0.819
2017,1006886,"Clayton Williams Energy, Inc. - 430 Permian Basin",430,Permian Basin,0.086729442,2216755.3,False,119.0,10.0,1.0,0.7265
2017,1009386,XTO Energy Inc 220 Gulf Coast,220,"Gulf Coast Basin (LA, TX)",0.405191779,2225939.8,False,487.0,4.0,26.0,0.8086
2017,1013023,"Sundance Energy, Inc. - South Texas Basin",220,"Gulf Coast Basin (LA, TX)",0.116850436,2239194.0,False,99.0,14.0,3.0,0.7087
2017,1011454,Ascent Resources - Utica (160a),160A,Appalachian Basin (Eastern Overthrust Area),8.943491552,2247320.1,False,218.0,78.0,6.0,0.7985
2017,1012376,"PDC Permian, Inc. 430 Permian Basin",430,Permian Basin,0.434710572,2269808.3,False,49.0,16.0,4.0,0.7938
2017,1011191,CRI 350 SOK Folded Belt,350,South Oklahoma Folded Belt,2.173036159,2276157.0,False,115.0,15.0,7.0,0.773
2017,1013155,Callon (Permian) LLC - Basin 430,430,Permian Basin,0.271206899,2337323.4,False,34.0,23.0,3.0,0.6599
2017,1013291,"Kraken Oil and Gas II, LLC",395,Williston Basin,0.064469765,2375028.0,False,100.0,22.0,2.0,0.5966
2017,1012024,Tapstone 360 Anadarko,360,Anadarko Basin,1.688418514,2378894.5,False,746.0,32.0,14.0,0.8691
2017,1010521,Crescent Point Energy Corporation Williston Basin (395) Operations,395,Williston Basin,0.048904331,2402863.0,False,170.0,12.0,4.0,0.474
2017,1008365,Riviera Resources 430 Permian Basin Production Segment,430,Permian Basin,0.206472088,2440523.1,False,1273.0,0.0,19.0,0.651
2017,1008506,Mid-Gulf Coast Basin Code 210,210,Mid-Gulf Coast Basin,0.12674376,2459934.0,False,129.0,1.0,12.0,0.6489
2017,1008788,"Texland Petroleum, LP, 430 - Permian Basin",430,Permian Basin,0.055698721,2462290.0,False,732.0,5.0,11.0,0.6394
2017,1004628,MACPHERSON OIL COMPANY,745,San Joaquin Basin,0.0,2468412.0,False,462.0,2.0,1.0,0.5971
2017,1009125,PureWest/Green River Basin,535,Green River Basin,8.928271696,2558847.3,False,2083.0,184.0,1.0,0.9282
2017,1012780,Permian Basin Oil and Gas Production Facilities,430,Permian Basin,0.859326645,2587137.0,False,221.0,28.0,3.0,0.6625
2017,1012823,San Joaquin Production Facilities,745,San Joaquin Basin,0.069601693,2602659.7,False,2308.0,45.0,2.0,0.3976
2017,1009547,Revolution Operating Company Anadarko 360,360,Anadarko Basin,0.904706478,2657040.3,False,574.0,57.0,28.0,0.8054
2017,1011666,Lindsay Field Office,360,Anadarko Basin,3.030739996,2683319.0,False,170.0,12.0,1.0,0.8452
2017,1008943,Denbury Onshore LLC 230 Arkla,230,Arkla Basin,0.005469192,2702566.7,False,115.0,4.0,4.0,0.0742
2017,1011395,"White Star Petroleum, LLC",355,Chautauqua Platform,0.621075191,2707413.6,False,746.0,41.0,6.0,0.6893
2017,1009335,Presidio Petroleum 360 Anadarko Basin,360,Anadarko Basin,1.878579667,2730558.9,False,1470.0,4.0,24.0,0.8339
2017,1008700,COTERRA ENERGY - 430 - PERMIAN BASIN,430,Permian Basin,0.464158472,2832182.1,False,690.0,1.0,22.0,0.7364
2017,1008890,Summit Petroleum LLC,430,Permian Basin,0.347769143,2896065.0,False,587.0,15.0,5.0,0.6771
2017,1000355,(540) Civitas Resources - Denver Basin,540,Denver Basin,0.357344522,2934437.1,False,496.0,10.0,1.0,0.6874
2017,1010701,"Amplify Operating Oklahoma, LLC.",360,Anadarko Basin,1.088597732,2954445.1,False,555.0,26.0,9.0,0.5896
2017,1008538,"Chesapeake Operating LLC, 515 - Powder River Basin",515,Powder River Basin,0.626266771,3071072.6,False,223.0,25.0,2.0,0.7347
2017,1010294,Discovery Natural Resources LLC - 430 Permian Basin,430,Permian Basin,0.639653632,3141275.0,False,1048.0,30.0,7.0,0.7953
2017,1010721,Appalachian Basin (Eastern Overthrust Area),160A,Appalachian Basin (Eastern Overthrust Area),16.121782281,3155688.0,False,1096.0,79.0,13.0,0.7162
2017,1011531,WildFire Energy Operating LLC,220,"Gulf Coast Basin (LA, TX)",0.091551952,3194766.0,False,231.0,13.0,3.0,0.6403
2017,1012666,"FDL Operating, LLC 430 Permian Basin",430,Permian Basin,0.837786791,3376309.0,False,1046.0,13.0,14.0,0.6512
2017,1013833,Mewbourne Oil Company - Anadarko Basin 360,360,Anadarko Basin,1.098133622,3426063.0,False,1124.0,13.0,30.0,0.78
2017,1010505,Bowline Energy LLC,395,Williston Basin,0.137031279,3436255.0,False,155.0,10.0,3.0,0.625
2017,1008242,"OLIPDP II, LLC - 220 - Gulf Coast Basin (LA, TX)",220,"Gulf Coast Basin (LA, TX)",2.447287291,3480435.5,False,120.0,5.0,10.0,0.8307
2017,1008241,Unit Petroleum 783 Anadarko Basin,360,Anadarko Basin,2.447287291,3480435.5,False,1207.0,11.0,27.0,0.8085
2017,1009265,360 Anadarko Basin,360,Anadarko Basin,0.579781954,3512334.6,False,480.0,28.0,25.0,0.8016
2017,1010932,E&B Natural Resources,745,San Joaquin Basin,0.0,3545429.0,False,2126.0,0.0,1.0,0.272
2017,1006770,TPIC Basin 220,220,"Gulf Coast Basin (LA, TX)",0.21395836,3675170.0,False,1065.0,6.0,33.0,0.9117
2017,1010258,Templar Operating LLC - 360 - Anadarko Basin,360,Anadarko Basin,1.622850533,3709514.0,False,995.0,32.0,18.0,0.8045
2017,1009793,SM Energy (Basin 393) Williston Basin,395,Williston Basin,0.108034992,3827112.0,False,226.0,2.0,3.0,0.4962
2017,1009956,"Elk Operating Services, LLC 585 Paradox Basin",585,Paradox Basin,0.027384713,3838135.5,False,391.0,0.0,1.0,0.1353
2017,1008134,Ovintiv USA Inc. 350.South Oklahoma Folded Belt,350,South Oklahoma Folded Belt,2.203587339,3919566.7,False,181.0,32.0,4.0,0.7397
2017,1011803,Apache Corporation + 430 + Permian Basin,430,Permian Basin,0.772868052,3933777.0,False,238.0,53.0,6.0,0.7339
2017,1008079,XTO Energy Inc 260 East Texas,260,East Texas Basin,9.254262086,3966804.5,False,5196.0,21.0,46.0,0.8831
2017,1009185,"Fundare Resources Operating Company, LLC",540,Denver Basin,0.108454539,3988599.0,False,294.0,91.0,1.0,0.6607
2017,1009274,MERIT ENERGY CO LLC 360 ANADARKO BASIN,360,Anadarko Basin,1.340513021,4074754.7,False,4367.0,30.0,30.0,0.7168
2017,1007777,EP Energy E&P 430 Permian Basin,430,Permian Basin,0.564310198,4125656.8,False,364.0,73.0,4.0,0.5626
2017,1012556,FDL Energy LLC,430,Permian Basin,0.64554262,4126252.6,False,290.0,9.0,4.0,0.6738
2017,1008051,"Range Resources - Appalachia, LLC - Basin 160A",160A,Appalachian Basin (Eastern Overthrust Area),15.448121093,4155866.8,False,3929.0,160.0,27.0,0.9166
2017,1008293,Marathon Oil EF - Gulf Coast Basin (AAPG Basin Number 220),220,"Gulf Coast Basin (LA, TX)",0.266976935,4204288.6,False,1478.0,157.0,10.0,0.7319
2017,1013771,"Zavanna, LLC Williston Basin (395) Operations",395,Williston Basin,0.386914228,4272965.9,False,122.0,10.0,2.0,0.4187
2017,1010945,"EXCO Resources, Inc. - Gulf Coast Basin #220",220,"Gulf Coast Basin (LA, TX)",0.090748895,4326449.3,False,242.0,0.0,5.0,0.761
2017,1008616,XTO Energy Inc 350 South Oklahoma Folded Belt,350,South Oklahoma Folded Belt,2.344661676,4389818.7,False,842.0,19.0,16.0,0.8002
2017,1008794,Great Western Oil & Gas Company - D-J Basin,540,Denver Basin,0.428143014,4413659.1,False,460.0,65.0,5.0,0.6899
2017,1008982,"WPX Energy Production, LLC - 580 San Juan basin",580,San Juan Basin,0.567764258,4424848.3,False,308.0,28.0,10.0,0.7282
2017,1009350,Javelin Energy Partners Managment Uinta Basin,575,Uinta Basin,0.436516469,4455468.5,False,376.0,25.0,2.0,0.6208
2017,1008806,SandRidge 360 Anadarko Basin,360,Anadarko Basin,2.171754073,4515963.2,False,1099.0,17.0,41.0,0.8225
2017,1011854,"Unbridled Resources, LLC- Basin 360",360,Anadarko Basin,3.005309981,4544790.0,False,1797.0,49.0,22.0,0.7703
2017,1009354,HighPoint Operating Corporation - Denver Basin (540),540,Denver Basin,0.441614455,4548736.1,False,283.0,2.0,1.0,0.6747
2017,1008642,Basin 430 Production,430,Permian Basin,0.28311601,4588283.8,False,393.0,38.0,9.0,0.4157
2017,1002157,Caelus Natural Resources Alaska 890 - Arctic Slope Basin,890,Arctic Coastal Plains Province,0.0,4614960.0,False,22.0,0.0,1.0,0.886
2017,1008206,Crestone Peak - Denver Basin,540,Denver Basin,1.323996017,4709735.0,False,1369.0,37.0,6.0,0.0737
2017,1008979,"EOG Resources, Inc. 540 Denver basin",540,Denver Basin,0.112733227,4756485.8,False,121.0,26.0,1.0,0.6132
2017,1011873,"Lime Rock Resources III-A, Williston Basin",395,Williston Basin,0.0916181,4930706.6,False,301.0,15.0,4.0,0.4574
2017,1009846,Permian Basin,430,Permian Basin,0.386222406,5039830.0,False,2220.0,0.0,15.0,0.8059
2017,1010943,Repsol Texas Onshore Properties - Eagle Ford,220,"Gulf Coast Basin (LA, TX)",1.595061898,5072117.0,False,534.0,45.0,10.0,0.8322
2017,1008086,"Uinta Wax Operating, LLC",575,Uinta Basin,0.282328435,5200216.0,False,680.0,45.0,2.0,0.7917
2017,1011735,"Resolute Natural Resources Company, LLC 430 Permian Basin",430,Permian Basin,0.605248136,5208797.0,False,69.0,27.0,1.0,0.3449
2017,1010084,Rosetta Resources 220 Gulf Coast Basin,220,"Gulf Coast Basin (LA, TX)",3.114898262,5237266.0,False,326.0,51.0,4.0,0.7615
2017,1008439,Javelin Energy Partners Management Gulf Coast Basin,220,"Gulf Coast Basin (LA, TX)",0.108300142,5244302.6,False,241.0,36.0,6.0,0.7094
2017,1008783,CNX Gas Company LLC -160A Appalachian Basin Eastern Overthrust Area,160A,Appalachian Basin (Eastern Overthrust Area),9.97737708,5248057.0,False,9862.0,104.0,80.0,0.9014
2017,1013123,BCE-Mach III LLC,360,Anadarko Basin,0.637246506,5278958.0,False,219.0,89.0,4.0,0.74
2017,1010222,GULF COAST BASIN,220,"Gulf Coast Basin (LA, TX)",4.25065638,5322625.1,False,7519.0,11.0,107.0,0.9055
2017,1012021,Liberty Resources Managment LLC 395 Williston Basin,395,Williston Basin,0.282839613,5382917.6,False,84.0,23.0,5.0,0.6215
2017,1008524,"Chesapeake Exploration LLC, 160A - Appalachian Basin (Eastern Overthrust Area)",160A,Appalachian Basin (Eastern Overthrust Area),7.712854817,5418212.9,False,687.0,59.0,6.0,0.802
2017,1008702,COTERRA ENERGY - 360 - ANADARKO BASIN,360,Anadarko Basin,3.598759702,5632556.2,False,848.0,2.0,31.0,0.8409
2017,1008630,"BPX Energy Petrohawk Gulf Coast Basin, AAPG Basin 220",220,"Gulf Coast Basin (LA, TX)",1.279519388,5706836.6,False,509.0,12.0,6.0,0.7816
2017,1009718,"Fasken Oil and Ranch, Ltd. 430 Permian Basin",430,Permian Basin,0.826179367,5769150.0,False,1111.0,36.0,19.0,0.7
2017,1011407,Rosetta Resources 430 Permian Basin,430,Permian Basin,0.352229059,6011223.6,False,195.0,36.0,1.0,0.7265
2017,1012509,Aethon Energy Operating-230-Arkla Basin,230,Arkla Basin,2.458676782,6089377.0,False,1014.0,9.0,10.0,0.9585
2017,1009353,Marathon Oil Anadarko Basin (AAPG 360),360,Anadarko Basin,1.652832247,6136231.5,False,303.0,68.0,22.0,0.8213
2017,1012378,SPR San Joaquin Basin,745,San Joaquin Basin,0.0,6170823.0,False,2587.0,22.0,1.0,0.3
2017,1011498,Legacy Reserves Basin 430 Production,430,Permian Basin,0.453301479,6181988.6,False,2228.0,38.0,39.0,0.6051
2017,1009720,"SN Operating, LLC 220 Gulf Coast Basin (LA, TX)",220,"Gulf Coast Basin (LA, TX)",1.384364475,6215765.4,False,414.0,31.0,31.0,0.7015
2017,1008632,"BPX Energy Permian Basin, AAPG Basin 430",430,Permian Basin,0.849984791,6323244.0,False,139.0,17.0,3.0,0.7895
2017,1008123,Denbury Onshore LLC 220 Gulf Coast,220,"Gulf Coast Basin (LA, TX)",0.027576323,6390388.1,False,484.0,32.0,8.0,0.748
2017,1008617,Denbury Onshore LLC 395 Williston,395,Williston Basin,0.023269528,6503753.9,False,706.0,3.0,6.0,0.2736
2017,1012542,Jagged Peak Permian Basin (430) Operations,430,Permian Basin,0.245252994,6657816.0,False,96.0,47.0,4.0,0.667
2017,1008163,Berry Petroleum Company - San Joaquin Basin 745,745,San Joaquin Basin,0.0,7075665.0,False,1898.0,81.0,1.0,0.3733
2017,1009657,"Enervest Operating, L.L.C. 220 Gulf Coast Basin",220,"Gulf Coast Basin (LA, TX)",0.900646633,7239779.0,False,1104.0,28.0,12.0,0.7253
2017,1014504,CrownQuest Operating - Basin 430,430,Permian Basin,0.58099606,7354345.0,False,852.0,96.0,9.0,0.7252
2017,1008534,Eni US Operating Co. Inc. - Nikaitchuq & Oooguruk Development,890,Arctic Coastal Plains Province,0.0,7510806.0,False,30.0,0.0,1.0,0.8615
2017,1009691,430 Permian Basin QEP Energy Company,430,Permian Basin,0.33723138,7679726.5,False,558.0,77.0,6.0,0.7205
2017,1010190,"Williston Basin (Petro-Hunt, LLC)",395,Williston Basin,0.369011119,7755668.7,False,339.0,19.0,11.0,0.5342
2017,1011659,Endeavor Energy Resources LP 430 Permian Basin,430,Permian Basin,0.624801692,7822453.5,False,3782.0,36.0,53.0,0.713
2017,1008092,EP Energy E&P 220 Gulf Coast Basin,220,"Gulf Coast Basin (LA, TX)",1.207508509,8122142.8,False,699.0,55.0,4.0,0.5874
2017,1013019,WHRMC - GULF COAST BASIN-ONSHORE PRODUCTION,220,"Gulf Coast Basin (LA, TX)",0.299798179,8429843.4,False,640.0,18.0,9.0,0.6206
2017,1008407,Ovintiv USA Inc. 575.Uinta,575,Uinta Basin,0.210327435,8608023.4,False,1427.0,17.0,4.0,0.7827
2017,1008942,Denbury Onshore LLC 210 Mid-Gulf Coast,210,Mid-Gulf Coast Basin,0.038381169,8618471.7,False,827.0,7.0,13.0,0.3185
2017,1008396,"EOG Resources, Inc. 515 Powder River basin",515,Powder River Basin,1.233063664,8832145.3,False,902.0,28.0,5.0,0.7525
2017,1009261,Ovintiv USA Inc. 395.Williston Basin,395,Williston Basin,0.334655316,8968081.9,False,269.0,19.0,6.0,0.617
2017,1011690,Permian Resources Corporation,430,Permian Basin,0.728173195,9081032.0,False,168.0,63.0,4.0,0.6749
2017,1009106,Slawson Exploration - Williston Basin 395,395,Williston Basin,0.201040672,9087397.0,False,362.0,13.0,8.0,0.5286
2017,1009039,WPX Energy Permian LLC,430,Permian Basin,1.101525994,9174337.5,False,547.0,68.0,13.0,0.7552
2017,1009674,SM Energy (Basin 430) Permian Basin,430,Permian Basin,0.499685105,10375092.0,False,630.0,61.0,4.0,0.7087
2017,1008530,Tapstone 360 - Anadarko Basin,360,Anadarko Basin,3.523158054,10512338.4,False,3341.0,62.0,46.0,0.8663
2017,1012129,Permian Basin Operations,430,Permian Basin,0.530164261,10660364.0,False,485.0,51.0,10.0,0.6938
2017,1009595,Enerplus Resources (USA) Corporation - Williston Basin,395,Williston Basin,0.330299756,10945648.0,False,381.0,36.0,3.0,0.5541
2017,1012068,Matador Production Company - Permian Basin,430,Permian Basin,1.165391154,10993463.4,False,313.0,84.0,7.0,0.7431
2017,1007479,ConocoPhillips Permian (430),430,Permian Basin,1.572752166,11194939.3,False,3437.0,26.0,24.0,0.7063
2017,1013128,"SN EF Maverick, LLC 220 Gulf Coast Basin",220,"Gulf Coast Basin (LA, TX)",2.0110557,11224200.4,False,1437.0,100.0,6.0,0.6604
2017,1008604,Ensign Gulf Coast Basin-Production,220,"Gulf Coast Basin (LA, TX)",1.934962921,11530621.0,False,883.0,9.0,11.0,0.8156
2017,1013106,Surge Energy 430 Permian Basin,430,Permian Basin,0.292697962,11664614.0,False,425.0,0.0,3.0,0.645
2017,1010588,Permian Operations - Shell Exploration & Production Company,430,Permian Basin,0.696624797,11990236.0,False,324.0,60.0,10.0,0.7589
2017,1011782,"Hilcorp Alaska, LLC 890 Arctic Slope Basin",890,Arctic Coastal Plains Province,6.4591e-05,12353508.4,False,282.0,7.0,1.0,0.887
2017,1011761,"Extraction Oil & Gas, Inc.",540,Denver Basin,1.526293332,12544456.0,False,1192.0,218.0,8.0,0.7312
2017,1008472,CRI 360 Anadarko,360,Anadarko Basin,6.303151818,12585766.0,False,609.0,90.0,25.0,0.7871
2017,1009728,Callon (Eagle Ford) - Basin 220,220,"Gulf Coast Basin (LA, TX)",0.461982475,13284164.5,False,523.0,89.0,6.0,0.7088
2017,1009260,Ovintiv USA Inc. 360.Anadarko Basin,360,Anadarko Basin,2.018746884,13491279.2,False,434.0,84.0,19.0,0.7696
2017,1009240,Chevron MCA 430 Permian Basin,430,Permian Basin,1.87535696,13913152.9,False,5334.0,86.0,43.0,0.6451
2017,1012940,Bruin E&P Operating LLC - Williston Basin Operations,395,Williston Basin,0.386115836,14544688.0,False,372.0,28.0,4.0,0.5077
2017,1008090,"Validus Energy Aquilas AssetCo, LLC",220,"Gulf Coast Basin (LA, TX)",0.880604953,14553027.5,False,491.0,38.0,3.0,0.7258
2017,1009286,PDC Energy 540 Denver Basin,540,Denver Basin,2.91997981,15287497.7,False,2279.0,127.0,4.0,0.7288
2017,1009253,"WPX Energy Williston, LLC - 395 Williston basin",395,Williston Basin,0.256607393,15787496.7,False,286.0,43.0,4.0,0.5477
2017,1009281,395 Williston Basin QEP Energy Company,395,Williston Basin,0.970558762,16755688.6,False,387.0,37.0,4.0,0.5733
2017,1011846,"RSP Permian, LLC",430,Permian Basin,0.806396705,18418630.3,False,642.0,54.0,10.0,0.6394
2017,1009625,"Grayson Mill Operating, LLC",395,Williston Basin,0.676508109,18568965.2,False,646.0,49.0,5.0,0.5393
2017,1008173,"Marathon Oil Corporation Williston Basin, AAPG Basin 395",395,Williston Basin,0.375567248,19693091.7,False,562.0,39.0,4.0,0.5443
2017,1008203,Powder River Basin - AAPG Province 515,515,Powder River Basin,0.041462959,19911374.0,False,69.0,1.0,5.0,0.4794
2017,1008331,Ovintiv USA Inc - Permian Basin,430,Permian Basin,1.35569278,20296195.3,False,1547.0,82.0,10.0,0.6813
2017,1008402,California Resources Production Corporation  San Joaquin Valley Basin 745,745,San Joaquin Basin,2.739824676,21816556.2,False,5603.0,0.0,4.0,0.7422
2017,1011555,"Parsley Energy, Inc. 430 Permian Basin",430,Permian Basin,1.538420033,22018481.4,False,1261.0,132.0,13.0,0.7168
2017,1008836,Energen Resources Corporation 430 Permian Basin,430,Permian Basin,1.77412718,22046938.5,False,3515.0,84.0,22.0,0.6033
2017,1008980,"EOG Resources, Inc. 395 Williston basin",395,Williston Basin,0.768204972,22942750.4,False,769.0,39.0,8.0,0.4657
2017,1008544,Cimarex Energy Co. 430 Permian,430,Permian Basin,4.420635507,23399743.3,False,762.0,38.0,24.0,0.7525
2017,1008449,Permian Basin - AAPG Province 430,430,Permian Basin,2.523141903,23835945.0,False,585.0,125.0,8.0,0.7362
2017,1009434,Diamondback E&P LLC,430,Permian Basin,0.720831282,25064845.7,False,1259.0,84.0,13.0,0.688
2017,1008270,Basin 540 Denver Julesburg - Noble Energy Inc.,540,Denver Basin,3.303778879,26855337.0,False,5187.0,107.0,2.0,0.7008
2017,1007482,ConocoPhillips' Williston (395),395,Williston Basin,1.176324804,27054675.9,False,662.0,82.0,5.0,0.5666
2017,1010325,Oasis Petroleum,395,Williston Basin,1.485810869,28976907.0,False,1003.0,83.0,6.0,0.5265
2017,1008275,XTO Energy Inc 395 Williston,395,Williston Basin,1.855561789,31356530.4,False,1093.0,84.0,10.0,0.6319
2017,1009238,220 Gulf Coast Basin DEC,220,"Gulf Coast Basin (LA, TX)",3.115434441,32153257.0,False,838.0,65.0,6.0,0.728
2017,1009391,Apache Corporation - Permian Basin 430,430,Permian Basin,3.465691113,32248433.0,False,10077.0,37.0,35.0,0.6542
2017,1008490,Hess Corporation - 395 - Williston Basin,395,Williston Basin,1.690365486,33448606.4,False,1525.0,68.0,10.0,0.5891
2017,1008346,Aera Energy San Joaquin Basin,745,San Joaquin Basin,0.0,34676109.4,False,15872.0,311.0,2.0,0.3987
2017,1008202,Denver Basin - AAPG Province 540,540,Denver Basin,6.969716123,36937969.0,False,4948.0,225.0,11.0,0.7095
2017,1009390,XTO Energy Inc 430 Permian,430,Permian Basin,4.906357585,37006650.6,False,5239.0,164.0,33.0,0.723
2017,1007485,"ConocoPhillips Gulf Coast Basin 220, Production",220,"Gulf Coast Basin (LA, TX)",3.083284487,38421764.7,False,1655.0,90.0,12.0,0.7071
2017,1008471,CRI 395 Williston,395,Williston Basin,1.933293656,39060355.1,False,1697.0,146.0,16.0,0.5645
2017,1008351,"EOG Resources, Inc. 430 Permian basin",430,Permian Basin,3.844763604,41649579.6,False,2239.0,143.0,18.0,0.774
2017,1008526,"Chesapeake Operating LLC, 220 - Gulf Coast Basin",220,"Gulf Coast Basin (LA, TX)",3.807236915,44741236.1,False,1902.0,161.0,10.0,0.7408
2017,1008499,745 San Joaquin Basin Chevron USA Inc.,745,San Joaquin Basin,0.047027604,48569714.1,False,15963.0,237.0,3.0,0.5362
2017,1008141,Oxy Permian Basin - 430,430,Permian Basin,5.183220405,57272894.3,False,13846.0,174.0,36.0,0.3706
2017,1009707,COG Operating LLC  430 Permian Basin,430,Permian Basin,4.999671266,66663884.0,False,6697.0,183.0,15.0,0.7235
2017,1008111,ConocoPhillips Alaska Inc - KRU-ALP Fields,890,Arctic Coastal Plains Province,0.0,67006687.0,False,781.0,42.0,2.0,0.8312
2017,1008607,"Pioneer Natural Resources USA, Inc. Permian",430,Permian Basin,4.257776033,73112459.0,False,7314.0,257.0,12.0,0.6967
2017,1009197,Whiting Oil and Gas Corporation 395 Williston Basin,395,Williston Basin,1.188242553,82675902.6,False,1593.0,87.0,12.0,0.5294
2017,1008219,"EOG Resources, Inc.220 Gulf Coast basin",220,"Gulf Coast Basin (LA, TX)",4.428859669,84036570.3,False,2718.0,256.0,25.0,0.7431
2017,1008172,"Hilcorp North Slope, 890 - Arctic Slope Basin",890,Arctic Coastal Plains Province,0.178794116,86020637.0,False,1475.0,31.0,1.0,0.7842
2017,1008298,XPR Resources LLC,160A,Appalachian Basin (Eastern Overthrust Area),0.276443156,0.0,False,60.0,1.0,3.0,0.9709
2017,1011862,"Rice Drilling D, LLC - Basin 160A",160A,Appalachian Basin (Eastern Overthrust Area),5.904472092,0.0,False,73.0,37.0,1.0,0.9225
2017,1011861,"Rice Drilling B, LLC - Basin 160A",160A,Appalachian Basin (Eastern Overthrust Area),11.076239064,0.0,False,387.0,66.0,2.0,0.9556
2017,1008286,355 Chautauqua Platform DEC,355,Chautauqua Platform,0.003318786,285.4,False,7.0,0.0,3.0,0.7943
2017,1008289,420 Fort Worth Syncline BKV - Production,420,Fort Worth Syncline,6.534514119,345463.2,False,4210.0,4.0,12.0,0.8478
2017,1011752,SK Plymouth LLC Anadarko Basin,360,Anadarko Basin,0.144965649,478089.6,False,127.0,7.0,3.0,0.7299
2017,1008113,MurphyE&P-220,220,"Gulf Coast Basin (LA, TX)",0.684357223,868811.0,False,760.0,73.0,7.0,0.7162
2017,1011998,"TGNR TVL LLC - Basin 230 (Houston, TX)",230,Arkla Basin,4.558767417,1537753.2,False,472.0,57.0,5.0,0.8927
2017,1013038,Marathon Oil Permian (AAPG Basin Number 430),430,Permian Basin,0.09588397,2262800.8,False,309.0,23.0,9.0,0.7987
2017,1009278,515 Powder River Basin DEC,515,Powder River Basin,0.132224278,5341960.7,False,368.0,14.0,5.0,0.6231
2017,1011894,"SRC Energy, Inc.",540,Denver Basin,1.070137303,7329094.2,False,421.0,87.0,9.0,0.723
2017,1008287,360 Anadarko Basin DEC,360,Anadarko Basin,5.305031199,12496857.8,False,849.0,92.0,28.0,0.772
2017,1013845,Mewbourne Oil Company - Permian Basin 430,430,Permian Basin,2.073104793,15546423.4,False,783.0,45.0,12.0,0.7623
2017,1008290,430 Permian Basin DEC,430,Permian Basin,1.761098332,16229251.9,False,1998.0,40.0,27.0,0.7121
2018,1008483,Atlas 160/Appalachia Basin - Ohio,160,Appalachian Basin,0.0,0.0,False,0.0,0.0,3.0,0.9871
2018,1010235,Atlas 415/Strawn Basin - Fort Worth,415,Strawn Basin,0.0,0.0,False,0.0,0.0,4.0,0.8543
2018,1009308,EQT Production - Basin 160 - Appalachian,160,Appalachian Basin,7.061e-06,0.0,False,1.0,0.0,51.0,0.971
2018,1008529,"Chesapeake Operating LLC, 350 - South Oklahoma Folded Belt",350,South Oklahoma Folded Belt,0.004552549,0.0,False,1.0,0.0,1.0,0.9678
2018,1008528,"Chesapeake Operating LLC, 260 - East Texas Basin",260,East Texas Basin,0.006919153,0.0,False,0.0,0.0,1.0,0.49
2018,1009878,Iron Pennsylvania Land LLC,160A,Appalachian Basin (Eastern Overthrust Area),0.017046261,0.0,False,9.0,0.0,1.0,0.8876
2018,1011508,Foundation Energy Management- 450 Las Animas arch Basin,450,Las Animas Arch,0.021502466,0.0,False,286.0,0.0,2.0,0.6665
2018,1008784,CNX Gas Company LLC -160 Appalachian Basin,160,Appalachian Basin,0.023005353,0.0,False,78.0,0.0,23.0,0.7967
2018,1008348,Trendwell Energy Corporation,305,Michigan Basin,0.096688931,0.0,False,360.0,0.0,4.0,0.7425
2018,1009340,Unit Petroleum 377 Arkoma Basin,345,Arkoma Basin,0.124147789,0.0,False,82.0,3.0,2.0,0.9726
2018,1008053,Own Resources Operating LLC,540,Denver Basin,0.131656187,0.0,False,981.0,0.0,1.0,0.9388
2018,1009860,Blackbeard Operating - 400 - Ouachita Folded Belt,400,Ouachita Folded Belt,0.179655871,0.0,False,150.0,0.0,1.0,0.814
2018,1009139,OGRIS Operating LLC,455,Las Vegas-Raton Basin,0.325977834,0.0,False,464.0,19.0,1.0,0.9893
2018,1008474,"MMGK Arkoma, LLC - ARKOMA Basin",345,Arkoma Basin,0.469203486,0.0,False,785.0,0.0,10.0,0.97
2018,1007481,ConocoPhillips' Uinta (575),575,Uinta Basin,0.486546693,0.0,False,469.0,0.0,2.0,0.9289
2018,1008958,"EXCO Resources, Inc. - East Texas Basin #260",260,East Texas Basin,0.61550574,0.0,False,108.0,0.0,5.0,0.9617
2018,1008350,"EOG Resources, Inc. 160A Appalachian basin (Eastern Overthrust area)",160A,Appalachian Basin (Eastern Overthrust Area),0.714069089,0.0,False,30.0,0.0,1.0,0.9711
2018,1013104,"JKLM Energy, LLC",160A,Appalachian Basin (Eastern Overthrust Area),0.929448005,0.0,False,28.0,18.0,1.0,0.9739
2018,1008673,"EXCO Resources (PA), LLC - Basin 160A",160A,Appalachian Basin (Eastern Overthrust Area),0.950365087,0.0,False,120.0,0.0,7.0,0.9723
2018,1008608,"Evergreen Natural Resources, LLC. Las Vegas-Raton",455,Las Vegas-Raton Basin,0.963999215,0.0,False,1812.0,0.0,1.0,0.9906
2018,1005963,Red Willow Production Co.,580,San Juan Basin,1.238225562,0.0,False,593.0,0.0,3.0,0.8778
2018,1008882,Pennsylvania General Energy Company LLC,160A,Appalachian Basin (Eastern Overthrust Area),1.287766914,0.0,False,183.0,13.0,9.0,0.9681
2018,1012537,Northeast Natural Energy LLC,160A,Appalachian Basin (Eastern Overthrust Area),1.89875618,0.0,False,194.0,21.0,7.0,0.9006
2018,1008588,"Merit Energy Arkoma Basin, AAPG Basin 345",345,Arkoma Basin,1.934471607,0.0,False,875.0,0.0,6.0,0.9618
2018,1009732,BKV Operating LLC,160A,Appalachian Basin (Eastern Overthrust Area),2.32667167,0.0,False,126.0,10.0,2.0,0.9777
2018,1008937,Appalachian Basin - AAPG Province 160A,160A,Appalachian Basin (Eastern Overthrust Area),3.185459902,0.0,False,344.0,22.0,3.0,0.9748
2018,1013112,Indigo Haynesville LLC,230,Arkla Basin,3.240643123,0.0,False,164.0,13.0,2.0,0.9249
2018,1008957,"EXCO Resources, Inc. - Arkla Basin #230",230,Arkla Basin,3.29432376,0.0,False,480.0,14.0,4.0,0.9619
2018,1008401,"SWEPI LP (Shell), Appalachian Basin (Eastern Overthrust Area) 160A",160A,Appalachian Basin (Eastern Overthrust Area),3.955861426,0.0,False,398.0,7.0,5.0,0.9716
2018,1011913,SWN Production (Louisiana),230,Arkla Basin,4.200050181,0.0,False,353.0,36.0,5.0,0.9509
2018,1008795,"Arsenal Resources, LLC 160A Appalachian Basin",160A,Appalachian Basin (Eastern Overthrust Area),4.700967592,0.0,False,80.0,5.0,5.0,0.9667
2018,1008481,"Repsol Oil & Gas USA, LLC Appalachian basin (Eastern Overthrust area) - 160A",160A,Appalachian Basin (Eastern Overthrust Area),5.291777698,0.0,False,581.0,27.0,5.0,0.9757
2018,1012774,Covey Park Gas,230,Arkla Basin,5.909854346,0.0,False,193.0,23.0,3.0,0.962
2018,1008081,"Vine Energy, Inc.",230,Arkla Basin,8.620416097,0.0,False,306.0,39.0,4.0,0.95
2018,1011862,"Rice Drilling D, LLC - Basin 160A",160A,Appalachian Basin (Eastern Overthrust Area),8.815969766,0.0,False,114.0,30.0,1.0,0.9293
2018,1009485,Chief Oil & Gas LLC (160A),160A,Appalachian Basin (Eastern Overthrust Area),9.069154512,0.0,False,329.0,53.0,5.0,0.9734
2018,1010205,Flywheel Energy Production - Arkoma,345,Arkoma Basin,10.900568743,0.0,False,3645.0,2.0,6.0,0.9601
2018,1008527,"Chesapeake Operating LLC, 230 - Arkla Basin",230,Arkla Basin,11.862631994,0.0,False,630.0,15.0,5.0,0.9542
2018,1011861,"Rice Drilling B, LLC - Basin 160A",160A,Appalachian Basin (Eastern Overthrust Area),15.512275226,0.0,False,496.0,73.0,2.0,0.9477
2018,1008523,"Chesapeake Appalachia LLC, 160A - Appalachian Basin (Eastern Overthrust Area)",160A,Appalachian Basin (Eastern Overthrust Area),22.017909945,0.0,False,825.0,40.0,5.0,0.9727
2018,1008503,Coterra Energy 160A Appalachian (EOA),160A,Appalachian Basin (Eastern Overthrust Area),24.1810519,0.0,False,671.0,67.0,2.0,0.9778
2018,1012012,Riviera Resources 345 Arkoma Production Segment,345,Arkoma Basin,0.274023241,10.3,False,136.0,0.0,5.0,0.8443
2018,1013100,"Trinity Operating USG, LLC - Arkoma (Basin 345)",345,Arkoma Basin,1.34856924,20.0,False,157.0,20.0,2.0,0.937
2018,1008715,Anadarko Facility,360,Anadarko Basin,0.019460651,28.2,False,0.0,0.0,1.0,0.7163
2018,1009282,575 Uinta Basin QEP Energy Company,575,Uinta Basin,0.00999779,170.3,False,7.0,0.0,4.0,0.8984
2018,1009169,345 Arkoma Basin - BP America Production Company,345,Arkoma Basin,2.609438399,171.0,False,1181.0,3.0,15.0,0.9458
2018,1008492,"BPX Energy Arkla Basin, AAPG Basin 230",230,Arkla Basin,5.906210115,177.0,False,416.0,24.0,7.0,0.9581
2018,1008199,Grizzly Arkoma Basin,345,Arkoma Basin,0.241085837,266.4,False,170.0,0.0,10.0,0.8876
2018,1009392,XTO Energy Inc 345 Arkoma,345,Arkoma Basin,3.343663416,305.0,False,2164.0,0.0,25.0,0.9571
2018,1008807,SandRidge 375 Sedgwick Basin,375,Sedgwick Basin,0.297745232,335.0,False,146.0,1.0,4.0,0.755
2018,1008208,Ovintiv USA Inc - Wind River Basin,530,Wind River Basin,0.081744797,450.5,False,156.0,0.0,2.0,0.9129
2018,1008576,Basin 220 South TX & South LA - OSP,220,"Gulf Coast Basin (LA, TX)",0.000631719,460.0,False,1.0,0.0,1.0,0.9136
2018,1009245,"BOPCO, L.P. 220 Gulf Coast basin",220,"Gulf Coast Basin (LA, TX)",0.002011286,512.0,False,20.0,0.0,3.0,0.8718
2018,1008295,535 Green River Basin QEP Energy Company,535,Green River Basin,0.001382511,512.7,False,4.0,0.0,4.0,0.8785
2018,1009301,Seneca East Facilities,160A,Appalachian Basin (Eastern Overthrust Area),6.374573028,669.4,False,543.0,55.0,18.0,0.9694
2018,1008136,North Shore E&P Sand Wash,535,Green River Basin,0.002800033,995.1,False,17.0,0.0,1.0,0.8627
2018,1009276,415 Strawn Basin BKV - Production,415,Strawn Basin,0.812997387,1232.1,False,414.0,2.0,4.0,0.9437
2018,1013414,"Columbus Energy 220 Gulf Coast Basin (LA,TX)",220,"Gulf Coast Basin (LA, TX)",0.008950487,2290.0,False,10.0,0.0,8.0,0.74
2018,1009101,REM 305 Michigan Basin - PRODUCTION,305,Michigan Basin,0.587421709,2324.0,False,2586.0,0.0,10.0,0.8718
2018,1011674,Sage Natural Resources 415 Strawn Basin,415,Strawn Basin,0.866236001,2412.0,False,193.0,0.0,4.0,0.771
2018,1011975,Legacy Reserves Basin 260 Production,260,East Texas Basin,0.000881414,3414.0,False,875.0,0.0,8.0,0.903
2018,1011194,"Compass Production Partners, LP - Arkla Basin #230",230,Arkla Basin,0.361478129,3796.0,False,388.0,1.0,1.0,0.9512
2018,1007483,Contango Resources' Wind River (530),530,Wind River Basin,1.681779701,4858.5,False,204.0,0.0,3.0,0.901
2018,1011763,"EagleRidge Operating, LLC. Strawn Basin",415,Strawn Basin,0.385810878,5114.0,False,400.0,0.0,5.0,0.8712
2018,1009968,"Enervest Operating, L.L.C. 305 Michigan Basin",305,Michigan Basin,0.230480406,6372.6,False,1036.0,0.0,5.0,0.82
2018,1008204,Green River Basin - AAPG Province 535,535,Green River Basin,0.009065567,6382.0,False,6.0,0.0,1.0,0.7731
2018,1012952,SEP Palo Duro Basin 435 Production,435,Palo Duro Basin,0.037840788,6432.0,False,236.0,0.0,6.0,0.7352
2018,1008703,Key Production Co. 360 Anadarko,360,Anadarko Basin,0.049524401,6739.7,False,73.0,0.0,11.0,0.8778
2018,1011978,Morningstar Operating LLC  SAN JUAN BASIN 580,580,San Juan Basin,1.075344299,6749.0,False,1028.0,0.0,7.0,0.882
2018,1009258,Caerus Oil and Gas Green River Basin (535) Operations,535,Green River Basin,0.046131627,7323.8,False,61.0,0.0,2.0,0.9001
2018,1008714,Gulf Coast Facility,220,"Gulf Coast Basin (LA, TX)",0.354271221,7752.6,False,450.0,53.0,4.0,0.7844
2018,1013261,Javelin Energy Partners Management Strawn Basin,415,Strawn Basin,2.013809405,7850.0,False,844.0,0.0,3.0,0.771
2018,1011655,"FDL Operating, LLC (Mississippi)",210,Mid-Gulf Coast Basin,0.110637957,8554.0,False,541.0,0.0,4.0,0.67
2018,1008536,"TEP Barnett USA LLC, 415 - Strawn Basin",415,Strawn Basin,5.482041113,8937.4,False,1595.0,12.0,3.0,0.9455
2018,1008078,XTO Energy Inc 507 Central Western Overthrust,507,Central Western Overthrust,0.144059399,9147.7,False,197.0,0.0,2.0,0.9274
2018,1008323,Foundation Energy Management 595 Piceance Basin,595,Piceance Basin,0.03528651,9690.8,False,149.0,0.0,6.0,0.848
2018,1009666,"Enervest Operating, L.L.C. 415 Strawn Basin",415,Strawn Basin,1.849551591,9778.5,False,1183.0,0.0,4.0,0.7746
2018,1008093,Samson Exploration 220 Gulf Coast Basin,220,"Gulf Coast Basin (LA, TX)",0.002447761,10064.0,False,3.0,0.0,1.0,0.772
2018,1008956,Chevron MCA 360 Anadarko Basin,360,Anadarko Basin,0.156294379,10509.0,False,35.0,0.0,7.0,0.8755
2018,1008753,Foundation Energy Management 345 Arkoma Basin,345,Arkoma Basin,0.481871951,10637.3,False,428.0,0.0,19.0,0.9326
2018,1011091,Foundation Energy Management 360 Anadarko Basin,360,Anadarko Basin,0.084930566,11221.4,False,271.0,0.0,11.0,0.8436
2018,1009907,"Comstock Oil & Gas, LLC",260,East Texas Basin,0.237470069,11610.6,False,372.0,0.0,10.0,0.7681
2018,1008405,California Resources Production Corporation  Sacramento Valley Basin 730,730,Sacramento Basin,0.379085066,12504.8,False,674.0,1.0,9.0,0.9468
2018,1012612,Hilcorp Energy Company - Wind River Basin (530),530,Wind River Basin,0.057804598,13393.9,False,59.0,0.0,2.0,0.8816
2018,1006564,Greylock Energy,160A,Appalachian Basin (Eastern Overthrust Area),1.392990863,13788.0,False,2638.0,0.0,32.0,0.9026
2018,1008165,Berry Petroleum Company 585 Piceance Basin Production Segment,595,Piceance Basin,0.167660686,14096.0,False,172.0,0.0,1.0,0.8873
2018,1008363,Riviera Resources 305 Michigan Basin Production Segment,305,Michigan Basin,0.537699362,14144.0,False,1622.0,0.0,10.0,0.7889
2018,1011963,345 Arkoma Bravo NR,345,Arkoma Basin,1.187978222,14280.0,False,371.0,3.0,6.0,0.942
2018,1009113,Newfield.345.Arkoma Basin,345,Arkoma Basin,0.829391526,14401.0,False,292.0,0.0,8.0,0.9081
2018,1009327,MERIT ENERGY CO LLC 420 FORT WORTH SYNCLINE,420,Fort Worth Syncline,0.050569923,15185.1,False,167.0,0.0,5.0,0.7587
2018,1009387,XTO Energy Inc 415 Strawn,415,Strawn Basin,5.681601607,15449.3,False,1675.0,0.0,8.0,0.9239
2018,1008200,Grizzly Anadarko Basin,360,Anadarko Basin,0.028907709,15449.7,False,45.0,0.0,16.0,0.8571
2018,1011936,Covey Park Operating,260,East Texas Basin,0.61666192,16087.0,False,149.0,0.0,2.0,0.9416
2018,1009339,Unit Petroleum 285 Permian Basin,430,Permian Basin,0.014275383,17573.2,False,127.0,0.0,11.0,0.7523
2018,1013357,Titan Rock Exploration and Production,260,East Texas Basin,0.057766725,19577.0,False,264.0,0.0,5.0,0.91
2018,1009890,"Comstock Oil & Gas-LA, LLC",230,Arkla Basin,4.473943236,20089.6,False,389.0,34.0,16.0,0.9573
2018,1008954,Green River Basin - 535,535,Green River Basin,0.335287591,21887.0,False,294.0,0.0,1.0,0.8916
2018,1009283,230 Arkla Basin QEP Energy Company,230,Arkla Basin,3.625813689,25355.3,False,487.0,4.0,13.0,0.9392
2018,1011684,Sage Natural Resources 420 Fort Worth Syncline,420,Fort Worth Syncline,0.357734006,26380.0,False,176.0,0.0,7.0,0.5561
2018,1010157,ROCKIES BUSINESS UNIT-BASIN 535,535,Green River Basin,0.162208513,26687.0,False,251.0,0.0,3.0,0.8448
2018,1003754,Kash Oil & Gas - Basin 220,220,"Gulf Coast Basin (LA, TX)",0.0,26899.0,False,4.0,3.0,6.0,0.9683
2018,1011654,Urban 535 Green River Basin,535,Green River Basin,0.096245518,27043.0,False,166.0,0.0,2.0,0.8568
2018,1008170,Dominion Energy Wexpro - Central Western Overthrust (Prod),507,Central Western Overthrust,0.215198562,27656.0,False,159.0,0.0,2.0,0.88
2018,1010319,ROCKIES BUSINESS UNIT-BASIN 507,507,Central Western Overthrust,0.036377205,28001.0,False,50.0,0.0,2.0,0.8379
2018,1008066,"Jordan Development Company, LLC",305,Michigan Basin,0.108000275,28247.0,False,370.0,0.0,13.0,0.8076
2018,1012782,Covey Park Resources,260,East Texas Basin,1.284557369,28347.0,False,448.0,9.0,5.0,0.9319
2018,1008480,Atlas 160A/Appalach Overthrust Basin - PA,160A,Appalachian Basin (Eastern Overthrust Area),0.08369139,28407.0,False,12.0,0.0,2.0,0.894
2018,1008364,Riviera Resources 355 Chautauqua Platform Production Segment,355,Chautauqua Platform,0.126624141,29430.8,False,141.0,0.0,14.0,0.8533
2018,1009683,"Laredo Energy 220 Gulf Basin (LA, TX)",220,"Gulf Coast Basin (LA, TX)",0.984907037,31206.0,False,146.0,5.0,5.0,0.74
2018,1011688,Equinor USA Onshore Properties - APB Basin 160A,160A,Appalachian Basin (Eastern Overthrust Area),2.495544429,31465.0,False,46.0,14.0,1.0,0.9725
2018,1009388,XTO Energy Inc 420 Fort Worth Syncline,420,Fort Worth Syncline,0.6281246,32183.7,False,308.0,0.0,10.0,0.8549
2018,1010176,Equal Energy-355-Chautaqua Platform,355,Chautauqua Platform,0.209526594,36183.0,False,80.0,0.0,1.0,0.73
2018,1008698,Cimarex Energy Co. of Colorado 360 Anadarko,360,Anadarko Basin,0.078614558,36630.6,False,152.0,0.0,15.0,0.8032
2018,1012605,"Trinity Operating USG, LLC - Chautauqua Platform (Basin 355)",355,Chautauqua Platform,1.163456822,43462.6,False,156.0,29.0,4.0,0.7661
2018,1011848,Indigo Resources LLC,230,Arkla Basin,0.271805479,45013.1,False,242.0,0.0,2.0,0.9249
2018,1008395,"EOG Resources, Inc. 507 Central Western Overthrust",507,Central Western Overthrust,0.150093861,45971.4,False,209.0,0.0,2.0,0.8775
2018,1008755,Foundation Energy Management 540 DJ Basin,540,Denver Basin,0.1264483,46116.4,False,1423.0,0.0,5.0,0.9439
2018,1013214,SEP Fort Worth Syncline 420 Production,420,Fort Worth Syncline,0.234420516,51932.0,False,454.0,0.0,5.0,0.7669
2018,1010673,Paradox Upstream LLC 585 Paradox Basin,585,Paradox Basin,0.075776007,54840.0,False,95.0,0.0,3.0,0.7977
2018,1012984,"Southern Energy Operating, LLC MidGulf Coast Basin",210,Mid-Gulf Coast Basin,0.11191496,59237.0,False,246.0,0.0,5.0,0.9523
2018,1012728,Blackbeard Operating - 415 - Strawn,415,Strawn Basin,1.545459509,62572.0,False,706.0,0.0,7.0,0.771
2018,1011765,"EagleRidge Operating, LLC. Fort Worth Syncline Basin",420,Fort Worth Syncline,0.777674557,62946.0,False,520.0,0.0,7.0,0.7806
2018,1009389,UGC 575 Uintah,575,Uinta Basin,0.297279798,66776.5,False,594.0,0.0,2.0,0.9028
2018,1009862,"Amplify Energy Operating LLC 220 Gulf Coast Basin (LA, TX)",220,"Gulf Coast Basin (LA, TX)",0.061036324,68167.0,False,35.0,0.0,3.0,0.772
2018,1012936,DGOC 160A Production,160A,Appalachian Basin (Eastern Overthrust Area),1.816035756,70420.0,False,27103.0,0.0,127.0,0.8993
2018,1007475,ConocoPhillips Anadarko (360),360,Anadarko Basin,0.546849944,71568.8,False,627.0,0.0,33.0,0.887
2018,1012509,Aethon Energy Operating-230-Arkla Basin,230,Arkla Basin,3.535246065,72517.0,False,1027.0,29.0,10.0,0.9585
2018,1011976,Indigo Resources LLC 260 East Texas Basin,260,East Texas Basin,0.867387647,73825.8,False,0.0,0.0,3.0,0.9249
2018,1011547,Atlas 360/Anadarko Basin - Nash,360,Anadarko Basin,0.084255874,73877.0,False,52.0,0.0,6.0,0.8391
2018,1009135,Kaiser-Francis Oil Company 360 Anadarko Basin,360,Anadarko Basin,0.297559419,76689.2,False,440.0,2.0,59.0,0.8659
2018,1013035,DGOC 160 Production,160,Appalachian Basin,2.422987328,77793.2,False,16838.0,0.0,114.0,0.8406
2018,1010621,TGNR East Texas Basin,260,East Texas Basin,3.301613897,78440.6,False,2052.0,11.0,16.0,0.8517
2018,1013087,Texas American 220 Gulf Coast Basin,220,"Gulf Coast Basin (LA, TX)",0.008978521,80364.0,False,12.0,0.0,10.0,0.6452
2018,1013044,PetroBal Omega 1 L.L.C.,425,Bend Arch,0.102818301,81190.0,False,68.0,0.0,1.0,0.745
2018,1009141,XTO Energy Inc 595 Piceance,595,Piceance Basin,0.76280628,81783.4,False,352.0,0.0,2.0,0.8599
2018,1010237,Atlas 420/Fort Worth Syncline Basin - Jacksboro,420,Fort Worth Syncline,0.079340191,82333.0,False,221.0,0.0,5.0,0.7515
2018,1013089,LOLA Energy PetroCo,160A,Appalachian Basin (Eastern Overthrust Area),1.088411001,82787.0,False,65.0,23.0,3.0,0.787
2018,1008540,Dugan Production Corp- San Juan Basin,580,San Juan Basin,0.220985865,83718.0,False,835.0,3.0,9.0,0.836
2018,1009859,Blackbeard Operating - 220 - Gulf Coast Basin,220,"Gulf Coast Basin (LA, TX)",0.236952253,86115.0,False,541.0,0.0,17.0,0.6945
2018,1010396,Riviera Resources 260 East Texas Basin Production Segment,260,East Texas Basin,0.702991536,90319.0,False,947.0,0.0,8.0,0.9363
2018,1011839,"Encino Operating, L.L.C. - Anadarko Basin",360,Anadarko Basin,4.9579e-05,91602.3,False,114.0,0.0,11.0,0.8199
2018,1011995,Hilcorp Appalachian Basin (Eastern Overthrust Area),160A,Appalachian Basin (Eastern Overthrust Area),1.130926,104608.7,False,111.0,0.0,4.0,0.8097
2018,1008116,XTO Energy Inc 160A Appalachian E Overthrust,160A,Appalachian Basin (Eastern Overthrust Area),4.644930621,106068.7,False,1017.0,20.0,22.0,0.875
2018,1012734,Jay-Bee Oil & Gas Wellsites,160A,Appalachian Basin (Eastern Overthrust Area),1.457585929,119023.8,False,474.0,14.0,8.0,0.8
2018,1009076,580 San Juan Basin - Simcoe LLC,580,San Juan Basin,7.41897889,121634.0,False,3683.0,5.0,7.0,0.8847
2018,1012014,White Knight 420 Fort Worth Syncline,420,Fort Worth Syncline,0.081837647,124077.0,False,135.0,1.0,4.0,0.7152
2018,1009694,"Enervest Operating, L.L.C. 580 San Juan Basin",580,San Juan Basin,0.496772122,124604.8,False,712.0,0.0,4.0,0.7435
2018,1011276,Sabine Oil & Gas LLC 360 Anadarko Basin,360,Anadarko Basin,0.064589205,127025.0,False,36.0,0.0,1.0,0.7
2018,1009686,Nadel and Gussman Ruston Arkla Basin No. 230,230,Arkla Basin,0.724613603,127210.0,False,153.0,1.0,11.0,0.906
2018,1008852,Samson Resources 535 Green River Basin,535,Green River Basin,0.157708484,127426.0,False,38.0,4.0,1.0,0.7893
2018,1009511,"Alta Mesa Services, LP",220,"Gulf Coast Basin (LA, TX)",0.063667493,136345.0,False,61.0,0.0,8.0,0.794
2018,1009837,"Bluefin Resources LLC 220 Gulf Coast Basin (LA, TX)",220,"Gulf Coast Basin (LA, TX)",0.073770899,141828.0,False,46.0,4.0,5.0,0.6863
2018,1012706,Hilcorp Energy Company - Green River Basin (535),535,Green River Basin,0.381450141,142870.9,False,596.0,0.0,5.0,0.8424
2018,1012816,"ORX Resources, LLC - Gulf Coast Basin (220)",220,"Gulf Coast Basin (LA, TX)",0.055195022,142994.0,False,56.0,0.0,6.0,0.8481
2018,1008548,BOC 220 Gulf Coast Basin Onshore,220,"Gulf Coast Basin (LA, TX)",0.005803387,145846.0,False,27.0,0.0,4.0,0.8756
2018,1011275,Sabine Oil & Gas LLC 220 Gulf Coast Basin,220,"Gulf Coast Basin (LA, TX)",0.034796109,146177.0,False,0.0,0.0,2.0,0.695
2018,1009932,"Enervest Operating, L.L.C. 160A Appalachian Basin (Eastern Overthrust area)",160A,Appalachian Basin (Eastern Overthrust Area),1.30917963,154617.9,False,6968.0,0.0,32.0,0.8805
2018,1008545,BCE-Mach III LLC. 350 South Oklahoma,350,South Oklahoma Folded Belt,0.067277582,156042.2,False,91.0,1.0,10.0,0.7634
2018,1010397,Riviera Resources 535 Green River Basin Production Segment,535,Green River Basin,0.564140217,157204.9,False,622.0,0.0,2.0,0.84
2018,1013113,Nytis Exploration Company LLC 160 Appalachian Basin Production,160,Appalachian Basin,0.60062368,159867.0,False,6042.0,0.0,59.0,0.849
2018,1011689,"Goodrich Petroleum Company, Basin 210 (Mid-Gulf Coast Basin)",210,Mid-Gulf Coast Basin,0.0,165547.9,False,15.0,0.0,2.0,0.5894
2018,1010181,Ursa Resources Group II - 595 - Piceance Basin,595,Piceance Basin,1.343271603,166492.9,False,729.0,44.0,2.0,0.8487
2018,1007599,"Indigo Minerals, LLC",230,Arkla Basin,6.425966937,166617.6,False,552.0,55.0,5.0,0.9249
2018,1013034,SEP East Texas Basin 260 Production,260,East Texas Basin,0.00072256,168996.0,False,219.0,0.0,5.0,0.36
2018,1010684,"Goodrich Petroleum, Basin 220 (Gulf Coast Basin)",220,"Gulf Coast Basin (LA, TX)",0.0,170822.5,False,14.0,0.0,5.0,0.5453
2018,1008475,EnverVest Operating L.L.C.- 430 HighMount Permian,430,Permian Basin,0.856055689,173952.4,False,5868.0,0.0,18.0,0.8347
2018,1009689,"Enervest Operating, L.L.C. 420 Fort Worth Syncline",420,Fort Worth Syncline,1.678914379,176153.2,False,966.0,12.0,4.0,0.7723
2018,1008976,"EOG Resources, Inc. 350 South Oklahoma folded belt",350,South Oklahoma Folded Belt,0.331227474,180175.1,False,231.0,0.0,2.0,0.6859
2018,1009239,Chevron MCA 260 East Texas Basin,260,East Texas Basin,0.728338706,188351.0,False,507.0,0.0,6.0,0.8811
2018,1008353,"EOG Resources, Inc. 535 Green River basin",535,Green River Basin,0.229030668,194795.8,False,593.0,0.0,2.0,0.7823
2018,1007486,"Tanos Exploration II, LLC Arkla Basin, AAPG 230",230,Arkla Basin,1.262048684,197273.0,False,680.0,10.0,5.0,0.9301
2018,1012070,SilverCreek Chautauqua #355,355,Chautauqua Platform,0.264061624,199370.2,False,88.0,5.0,6.0,0.7195
2018,1012059,SHD Oil & Gas Williston (395) Basin,395,Williston Basin,0.0,201537.0,False,17.0,0.0,2.0,0.4791
2018,1011962,Paxton Resources,305,Michigan Basin,0.044427643,202650.0,False,185.0,0.0,5.0,0.7903
2018,1013346,"Urban Oil & Gas Group, LLC- Arkla Basin (230)",230,Arkla Basin,0.055787031,202960.4,False,305.0,0.0,7.0,0.7606
2018,1009582,Naftex Operating Company,745,San Joaquin Basin,0.0,203473.0,False,298.0,0.0,1.0,0.0228
2018,1011706,Gulfport Energy Appalachian Basin 160-A Eastern Overthrust Region,160A,Appalachian Basin (Eastern Overthrust Area),12.037731345,204702.0,False,314.0,35.0,4.0,0.5944
2018,1008590,Dominion Energy Wexpro - Green River Basin (Prod),535,Green River Basin,1.329834544,209565.8,False,530.0,14.0,6.0,0.862
2018,1011535,Grizzly Piceance Basin (595),595,Piceance Basin,0.633345792,209902.5,False,936.0,14.0,1.0,0.8498
2018,1012060,White Rock Oil & Gas LLC - 230 ArkLa,230,Arkla Basin,0.012649323,210231.3,False,87.0,0.0,3.0,0.5114
2018,1009170,260 East Texas Basin - BP America Production Company,260,East Texas Basin,4.416230248,213447.0,False,656.0,18.0,18.0,0.8876
2018,1011804,CalNRG- Lynch Canyon Field,740,Coastal Basins,0.000140593,218140.0,False,26.0,0.0,1.0,0.6011
2018,1009785,LARAMIE ENERGY LLC - Piceance Basin (585),595,Piceance Basin,1.725679118,220664.3,False,1515.0,136.0,5.0,0.9062
2018,1008306,Riviera Resources 360 Anadarko Basin Production Segment,360,Anadarko Basin,1.534589967,221816.5,False,4513.0,0.0,42.0,0.7273
2018,1009264,355 Chatauque Platform,355,Chautauqua Platform,0.099166116,223784.9,False,1036.0,0.0,8.0,0.8016
2018,1013412,White Rock Oil & Gas LLC - 430 - Permian,430,Permian Basin,0.038648326,231517.9,False,301.0,0.0,10.0,0.6889
2018,1013390,Triad Hunter,160A,Appalachian Basin (Eastern Overthrust Area),1.159360612,235742.0,False,58.0,16.0,3.0,0.9632
2018,1008289,420 Fort Worth Syncline BKV - Production,420,Fort Worth Syncline,5.748828399,236413.5,False,3501.0,20.0,9.0,0.8524
2018,1008959,"Compass Production Partners, LP - Permian Basin #430",430,Permian Basin,0.069578248,239286.8,False,454.0,0.0,3.0,0.668
2018,1013111,Hilcorp Energy Company - Central Overthrust Basin (507),507,Central Western Overthrust,0.788056798,253514.8,False,948.0,0.0,5.0,0.8521
2018,1012030,Houston Counties Oil and Gas Production Facilities,260,East Texas Basin,0.029562201,253816.0,False,65.0,1.0,3.0,0.783
2018,1013080,Rockcliff Energy 260 East Texas Basin,260,East Texas Basin,2.354274124,254360.6,False,1034.0,6.0,18.0,0.9243
2018,1009179,Tapstone 375 Sedgwick Basin,375,Sedgwick Basin,0.139648858,267302.0,False,92.0,3.0,6.0,0.7728
2018,1013381,Enerplus Resources (USA) Corporation - Denver Basin,540,Denver Basin,0.0,269404.6,False,5.0,4.0,1.0,0.555
2018,1010320,BASIN 305 PRODUCTION,305,Michigan Basin,0.349734473,275222.0,False,1518.0,0.0,17.0,0.823
2018,1011662,Slant Operating LLC,430,Permian Basin,0.100969752,275632.0,False,1087.0,0.0,8.0,0.7062
2018,1009192,Whiting Oil and Gas Corporation 430 Permian Basin,430,Permian Basin,0.026007109,285318.1,False,197.0,0.0,10.0,0.6414
2018,1011895,Aethon Energy Operating-530-Wind River Basin,530,Wind River Basin,0.480805247,290822.0,False,237.0,5.0,4.0,0.8567
2018,1010839,Amplify Energy Operating 260 East Texas Basin,260,East Texas Basin,1.022530182,291340.0,False,615.0,4.0,18.0,0.606
2018,1010164,Daylight Petroleum LLC (Pintail Acquisition),220,"Gulf Coast Basin (LA, TX)",0.002781248,293720.9,False,110.0,0.0,4.0,0.77
2018,1009845,Anadarko Basin,360,Anadarko Basin,0.175665877,293967.0,False,380.0,0.0,8.0,0.8209
2018,1010485,"Sanguine Gas Exploration, LLC 360 Anadarko Basin Production",360,Anadarko Basin,0.316735558,298447.5,False,223.0,0.0,9.0,0.8372
2018,1013135,"Eclipse Resources 1, LP - 160A Basin Production",160A,Appalachian Basin (Eastern Overthrust Area),3.085011692,299479.0,False,70.0,9.0,3.0,0.919
2018,1010291,"Miller Energy Company II, LLC",305,Michigan Basin,0.001116248,305645.0,False,522.0,0.0,14.0,0.5914
2018,1011652,"Urban 220 Gulf Coast Basin (LA, TX)",220,"Gulf Coast Basin (LA, TX)",0.198268344,311528.0,False,543.0,2.0,36.0,0.8348
2018,1013938,Monadnock Resources 430 Permian Basin,430,Permian Basin,0.0,317014.1,False,15.0,7.0,2.0,0.6119
2018,1009328,MERIT ENERGY CO LLC 350 SOUTH OKLAHOMA FOLDED BELT,350,South Oklahoma Folded Belt,0.118596747,320706.0,False,340.0,0.0,15.0,0.5256
2018,1008558,360 Anadarko Basin - BP America Production Company,360,Anadarko Basin,0.727639848,323997.0,False,1001.0,0.0,12.0,0.8355
2018,1012947,Southwestern Production Corp Powder River Basin (515) Operations,515,Powder River Basin,0.001921785,325340.9,False,28.0,15.0,1.0,0.6222
2018,1011231,Cook Inlet Energy Onshore Production,820,AK Cook Inlet Basin,0.046877924,326260.0,False,15.0,0.0,2.0,0.8784
2018,1012893,BlueCrest Alaska - 820 Cook Inlet Basin,820,AK Cook Inlet Basin,0.061860966,328772.0,False,4.0,2.0,1.0,0.9596
2018,1011463,"Petro Harvester Operating Co., LLC 395 Williston Basin",395,Williston Basin,0.05195003,335537.0,False,129.0,0.0,4.0,0.6191
2018,1011752,SK Plymouth LLC Anadarko Basin,360,Anadarko Basin,0.119309983,335668.9,False,126.0,0.0,3.0,0.7301
2018,1009436,Muskegon Development Company,305,Michigan Basin,0.195853544,368420.0,False,1005.0,0.0,12.0,0.7639
2018,1013402,White Star II - Basin 360,360,Anadarko Basin,0.077725988,376182.3,False,81.0,12.0,4.0,0.7337
2018,1008392,Sheridan Production Company LLC 260 East Texas Basin,260,East Texas Basin,1.018920984,380012.9,False,1120.0,0.0,9.0,0.8578
2018,1008354,"EOG Resources, Inc. 575 Uinta basin",575,Uinta Basin,0.715760016,381067.2,False,1174.0,0.0,1.0,0.8631
2018,1012528,Scout Energy Anadarko Basin Production,360,Anadarko Basin,1.541938448,402316.0,False,4099.0,0.0,27.0,0.6936
2018,1008783,CNX Gas Company LLC -160A Appalachian Basin Eastern Overthrust Area,160A,Appalachian Basin (Eastern Overthrust Area),12.253191895,405072.8,False,3370.0,59.0,80.0,0.9405
2018,1009143,XTO Energy Inc 360 Anadarko,360,Anadarko Basin,0.437228492,406371.7,False,1298.0,0.0,34.0,0.7231
2018,1008296,Caerus Piceance LLC,595,Piceance Basin,4.745834816,407310.6,False,4201.0,136.0,5.0,0.8748
2018,1009126,Impact E&P Powder River Basin Operations,515,Powder River Basin,0.03836125,424345.0,False,22.0,2.0,1.0,0.715
2018,1009165,Uinta Basin - Caerus Uintah,575,Uinta Basin,2.754297973,427616.0,False,2718.0,4.0,1.0,0.8385
2018,1008355,"TEP Rocky Mountain, LLC - 595 Piceance basin",595,Piceance Basin,6.726188923,432706.2,False,5131.0,40.0,2.0,0.8812
2018,1008411,JMA Energy 360,360,Anadarko Basin,0.403581199,434214.4,False,178.0,4.0,16.0,0.8363
2018,1006750,TRC cYPRESS gROUP LLC,745,San Joaquin Basin,0.0,452997.0,False,124.0,0.0,2.0,0.4254
2018,1012048,Missouri River Resources Williston Basin 395,395,Williston Basin,0.014700185,454783.0,False,9.0,4.0,1.0,0.4903
2018,1009584,Sabine Oil & Gas Corporation - 260 - East Texas Basin,260,East Texas Basin,2.078645986,456468.0,False,1090.0,16.0,13.0,0.892
2018,1009967,"Enervest Operating, L.L.C. 160 Appalachian Basin",160,Appalachian Basin,0.189682582,458522.1,False,3649.0,0.0,30.0,0.8288
2018,1012040,"Tanos Exploration II, LLC - Basin 260",260,East Texas Basin,1.739190482,468229.9,False,545.0,16.0,13.0,0.9148
2018,1010765,BreitBurn Florida LLC,140,Florida Platform,0.0,474603.0,False,16.0,0.0,3.0,0.3991
2018,1013091,Australis TMS Inc. 210 Mid-Gulf Coast Basin,210,Mid-Gulf Coast Basin,0.0,507361.0,False,27.0,2.0,2.0,0.6107
2018,1009098,EQT CHAP LLC - Basin 160A - Appalachian Eastern Overthrust,160A,Appalachian Basin (Eastern Overthrust Area),3.685434872,514840.4,False,381.0,0.0,9.0,0.9434
2018,1007807,BADAMI DEVELOPMENT FACILITY,890,Arctic Coastal Plains Province,0.0,522937.0,False,10.0,1.0,1.0,0.8312
2018,1008598,"Duncan Oil Properties, Inc. 360 Anadarko Basin",360,Anadarko Basin,0.171791281,534721.8,False,120.0,7.0,16.0,0.6365
2018,1002978,Arroyo Grande Production Facility,740,Coastal Basins,0.0,556739.0,False,389.0,0.0,1.0,0.5802
2018,1013318,Recoil Resources 220 Gulf Coast Basin,220,"Gulf Coast Basin (LA, TX)",0.0,559351.6,False,79.0,4.0,2.0,0.6067
2018,1008587,Valence Operating Co 260 East Texas Basin,260,East Texas Basin,0.739994751,559952.0,False,589.0,10.0,40.0,0.8833
2018,1011223,Petro Harvester Operating Company LLC - Gulf Coast Basin (Basin 220),220,"Gulf Coast Basin (LA, TX)",0.095068888,562656.7,False,298.0,0.0,15.0,0.8917
2018,1008308,"Shadow Wolf Energy, LLC. - Los Angeles Basin 760",760,Los Angeles Basin,0.0,568686.8,False,133.0,0.0,1.0,0.515
2018,1009332,"Hilcorp Alaska, LLC 820 Kenai",820,AK Cook Inlet Basin,1.381249358,580505.0,False,262.0,0.0,5.0,0.9236
2018,1008977,"EOG Resources, Inc. 420 Fort Worth syncline",420,Fort Worth Syncline,1.283030399,584432.7,False,746.0,0.0,2.0,0.6957
2018,1009663,"Enervest Operating, L.L.C. 360 Anadarko Basin",360,Anadarko Basin,0.886859877,593639.0,False,1159.0,0.0,36.0,0.8805
2018,1008203,Powder River Basin - AAPG Province 515,515,Powder River Basin,0.044966735,637422.0,False,62.0,3.0,4.0,0.7132
2018,1013948,Teal Natural Resources 220 Gulf Coast Basin,220,"Gulf Coast Basin (LA, TX)",0.0647053,648424.2,False,59.0,3.0,5.0,0.7642
2018,1007037,"J. Cleo Thompson & James Cleo Thompson, Jr. L.P. 430 Permian Basin",430,Permian Basin,0.053537328,655379.0,False,736.0,0.0,21.0,0.6676
2018,1008242,"OLIPDP II, LLC - 220 - Gulf Coast Basin (LA, TX)",220,"Gulf Coast Basin (LA, TX)",1.052167889,662781.1,False,132.0,21.0,9.0,0.8265
2018,1010318,"Mission Creek OpCo, LLC - Arkla Basin",230,Arkla Basin,0.115287405,671940.0,False,270.0,0.0,2.0,0.7091
2018,1010233,EQT Production - Basin 160A - Appalachian Eastern Overthrust,160A,Appalachian Basin (Eastern Overthrust Area),25.008212668,679939.2,False,3226.0,138.0,74.0,0.8926
2018,1008857,CRI 515 Powder River,515,Powder River Basin,0.018550205,680709.6,False,129.0,0.0,4.0,0.7465
2018,1009762,Luff Exploration Company - 395 - Williston Basin,395,Williston Basin,0.003509414,686855.0,False,73.0,4.0,2.0,0.4064
2018,1011673,Holmes Western Oil Corporation,745,San Joaquin Basin,0.0,701889.0,False,837.0,0.0,4.0,0.7518
2018,1009783,"White Oak Energy 220 Gulf Coast Basin (LA, TX)",220,"Gulf Coast Basin (LA, TX)",0.292529789,701982.0,False,524.0,0.0,64.0,0.7321
2018,1013285,MFEU-Uinta Basin Production,575,Uinta Basin,0.556607197,705846.0,False,829.0,0.0,3.0,0.9108
2018,1012724,"LOGOS OPERATING, LLC",580,San Juan Basin,0.964660865,706874.0,False,1291.0,10.0,7.0,0.7901
2018,1008383,Marathon Oil So. Oklahoma Folded Belt (AAPG 350),350,South Oklahoma Folded Belt,0.457775364,713368.4,False,107.0,2.0,8.0,0.8434
2018,1009813,PERMIAN BUSINESS UNIT- BASIN 430,430,Permian Basin,0.060668602,727749.0,False,992.0,0.0,31.0,0.6673
2018,1010738,"Cat Canyon Resources, LLC 750 Santa Maria Basin",750,Santa Maria Basin,0.0,771121.0,False,468.0,0.0,1.0,0.872
2018,1007484,San Juan Basin (580),580,San Juan Basin,8.120850438,792377.9,False,11720.0,84.0,13.0,0.8477
2018,1004905,Pacific Coast Energy Company LP,750,Santa Maria Basin,0.0,828750.0,False,249.0,5.0,1.0,0.54
2018,1013407,Birch Resources,430,Permian Basin,0.090744108,835342.3,False,325.0,0.0,4.0,0.6046
2018,1013337,Triumph Anadarko #360 OP,360,Anadarko Basin,0.48813355,837772.0,False,85.0,0.0,3.0,0.8638
2018,1010707,"Grade 6 Oil, LLC",745,San Joaquin Basin,0.0,841080.0,False,153.0,22.0,1.0,0.5515
2018,1012569,515 Powder River Basin,515,Powder River Basin,0.070946242,850042.0,False,109.0,5.0,3.0,0.6647
2018,1013227,Basin 360 - SK Nemaha,360,Anadarko Basin,0.14436629,863284.6,False,102.0,15.0,2.0,0.7484
2018,1012945,Basin 220 - Extex Operating Company,220,"Gulf Coast Basin (LA, TX)",0.668826973,865025.6,False,355.0,0.0,6.0,0.8821
2018,1010784,"Burnett Oil Co., Inc. 430 Permian Basin",430,Permian Basin,0.115563345,892234.2,False,342.0,20.0,3.0,0.76
2018,1013380,BP America Production Company  355 Chautauqua Platform Basin,355,Chautauqua Platform,0.222638405,893795.0,False,72.0,18.0,4.0,0.8241
2018,1003056,"Bridge Energy, LLC - Brea Stearns Facility",760,Los Angeles Basin,0.0,910963.0,False,299.0,0.0,2.0,0.5195
2018,1009706,"SilverBow Resources, LLC - Basin 220",220,"Gulf Coast Basin (LA, TX)",2.835942259,914505.2,False,295.0,36.0,4.0,0.8319
2018,1013734,Tap Rock Operating,430,Permian Basin,0.046020138,922906.5,False,53.0,10.0,4.0,0.7432
2018,1013386,Tug Hill Operating Appalachia,160A,Appalachian Basin (Eastern Overthrust Area),0.643535186,923101.2,False,93.0,16.0,1.0,0.7628
2018,1008809,SandRidge 430 Permian Basin,430,Permian Basin,0.021141743,942252.6,False,1077.0,0.0,1.0,0.787
2018,1009082,XTO Energy Inc 230 Arkla,230,Arkla Basin,0.690428689,948321.1,False,869.0,1.0,19.0,0.8525
2018,1008885,"Tellus Operating Group, LLC - MS Operations",210,Mid-Gulf Coast Basin,0.08686892,978322.0,False,247.0,0.0,7.0,0.9317
2018,1012100,SEP Williston Basin 395 Production,395,Williston Basin,0.302895654,980489.0,False,2441.0,0.0,11.0,0.7964
2018,1008299,"LAMBDA ENERGY RESOURCES, LLC-Michigan Basin",305,Michigan Basin,0.21820938,988156.9,False,661.0,0.0,25.0,0.7231
2018,1009811,ARKLATX BUSINESS UNIT-BASIN 260 (East TX Only),260,East Texas Basin,0.30656586,991562.0,False,1427.0,4.0,15.0,0.9622
2018,1008190,West Bay,305,Michigan Basin,0.071734695,1007724.0,False,94.0,4.0,10.0,0.5912
2018,1008224,WildFire Energy Operating LLC,220,"Gulf Coast Basin (LA, TX)",0.078628224,1024042.6,False,213.0,1.0,13.0,0.785
2018,1008087,Bayswater Exploration & Production Denver Basin (540) Operations,540,Denver Basin,0.050873595,1046643.7,False,99.0,12.0,5.0,0.6136
2018,1012437,"MMGL TXPH, LLC - 360 - Anadarko Basin",360,Anadarko Basin,1.301114117,1074831.0,False,863.0,9.0,9.0,0.8462
2018,1012909,"Pinedale Energy Partners Operating, LLC 535 Green River Basin",535,Green River Basin,4.089827657,1079759.8,False,1176.0,30.0,1.0,0.9231
2018,1013303,DE3 Operating LLC - Permian Basin (430) Operations,430,Permian Basin,0.066383414,1101352.0,False,311.0,8.0,6.0,0.592
2018,1013369,"1876 Resources, LLC - Denver Basin",540,Denver Basin,0.17770012,1109040.0,False,44.0,16.0,1.0,0.756
2018,1013021,"Petro-Hunt Dakota, L.L.C.",395,Williston Basin,0.04084268,1110494.5,False,102.0,0.0,3.0,0.6564
2018,1008167,Berry Petroleum Company - Uinta Basin 575,575,Uinta Basin,0.211019949,1110629.0,False,972.0,5.0,2.0,0.8667
2018,1012825,Fairway Resources,360,Anadarko Basin,0.179502291,1162114.0,False,,,,
2018,1011100,"Cross Timbers Energy, LLC - San Juan Basin 580",580,San Juan Basin,0.235120535,1163537.5,False,250.0,0.0,3.0,0.7943
2018,1013417,Abraxas Petroleum 430 Permian Basin,430,Permian Basin,0.099323696,1167345.0,False,71.0,9.0,18.0,0.6478
2018,1013344,"Armor Energy, LLC",220,"Gulf Coast Basin (LA, TX)",0.001708041,1172594.0,False,48.0,19.0,1.0,0.5124
2018,1009848,GeoSouthern Energy Corporation,220,"Gulf Coast Basin (LA, TX)",0.458405101,1173922.0,False,158.0,9.0,27.0,0.7438
2018,1010837,Matador Production Company - Gulf Coast,220,"Gulf Coast Basin (LA, TX)",0.054029317,1175749.2,False,119.0,1.0,9.0,0.8014
2018,1011546,Altas 220/Gulf Coast - Eagle Ford,220,"Gulf Coast Basin (LA, TX)",0.022466719,1188720.0,False,59.0,3.0,1.0,0.5569
2018,1013026,Hinkle Oil & Gas Inc.,360,Anadarko Basin,0.093854674,1216719.0,False,254.0,0.0,7.0,0.7659
2018,1012077,SandRidge 545 North Park Basin,545,North Park Basin,0.0,1238519.6,False,36.0,9.0,2.0,0.701
2018,1013728,"PetroShale (US), Inc.",395,Williston Basin,0.054142883,1246778.0,False,21.0,0.0,2.0,0.6221
2018,1012664,SOUTHLAND ROYALTY COMPANY LLC-GREEN RIVER BASIN 535,535,Green River Basin,1.157213661,1252104.0,False,981.0,14.0,2.0,0.82
2018,1011454,Ascent Resources - Utica (160a),160A,Appalachian Basin (Eastern Overthrust Area),16.710354754,1263573.4,False,293.0,77.0,3.0,0.8723
2018,1009607,"Williston Basin/SOGC, Inc.",395,Williston Basin,0.027994693,1275828.7,False,64.0,0.0,6.0,0.5745
2018,1011250,Formentera Operations LLC,395,Williston Basin,0.061853179,1281284.0,False,186.0,1.0,1.0,0.5104
2018,1011519,Grizzly Basin 430 (Permian),430,Permian Basin,0.29561314,1303306.6,False,1489.0,0.0,34.0,0.6709
2018,1013264,Anschutz Exploration Corporation - Powder River Basin,515,Powder River Basin,0.067605053,1318199.6,False,45.0,16.0,3.0,0.6306
2018,1009588,Lewis Energy Group,220,"Gulf Coast Basin (LA, TX)",7.815219604,1357043.0,False,1966.0,64.0,3.0,0.8354
2018,1009731,Verdad Resources LLC - DJ Basin,540,Denver Basin,0.065929815,1363367.6,False,181.0,17.0,5.0,0.6652
2018,1012988,"PennEnergy Resources, LLC - Basin 160A - Appalachian Eastern Overthrust",160A,Appalachian Basin (Eastern Overthrust Area),5.033158476,1375029.9,False,374.0,52.0,5.0,0.7889
2018,1008456,"Approach Operating, LLC 430 Permian Basin",430,Permian Basin,0.000543072,1377977.9,False,852.0,9.0,4.0,0.7538
2018,1013306,"HG Energy II Appalachia, LLC.",160A,Appalachian Basin (Eastern Overthrust Area),4.173272133,1382997.0,False,260.0,11.0,7.0,0.8248
2018,1013078,"EOG Resources, Inc. 355 Chautauqua Platform",355,Chautauqua Platform,0.037310439,1438892.9,False,21.0,1.0,2.0,0.701
2018,1013393,"PERCUSSION PETROLEUM OPER II, LLC",430,Permian Basin,0.054811782,1443501.0,False,56.0,5.0,3.0,0.7596
2018,1011831,Point Thomson Production Facility,890,Arctic Coastal Plains Province,0.0,1446724.0,False,1.0,0.0,1.0,0.7718
2018,1013354,"Trinity Operating (USG), LLC - Gulf Coast Basin (220)",220,"Gulf Coast Basin (LA, TX)",0.073425479,1518532.0,False,323.0,5.0,7.0,0.6798
2018,1010718,Antero Resources - 160 - Appalachian Basin (Utica),160,Appalachian Basin,2.758783404,1536668.1,False,133.0,14.0,2.0,0.7899
2018,1010701,"Amplify Operating Oklahoma, LLC.",360,Anadarko Basin,0.890435923,1540622.0,False,359.0,22.0,9.0,0.751
2018,1007476,Lime Rock Resources Fort Worth Syncline (420),420,Fort Worth Syncline,0.580640827,1569311.5,False,720.0,0.0,6.0,0.7945
2018,1008052,DJR Operating - San Juan Basin Oil and Gas Production,580,San Juan Basin,0.292914574,1586291.6,False,335.0,4.0,3.0,0.6601
2018,1009056,Vital Energy Production,430,Permian Basin,0.22959162,1609033.3,False,1195.0,75.0,4.0,0.7216
2018,1014129,RPOC - Basin 430 - Permian Basin,430,Permian Basin,0.013727155,1614249.7,False,48.0,13.0,4.0,0.632
2018,1010002,Murex Petroleum Corporation - Williston Basin 395,395,Williston Basin,0.043377062,1652520.0,False,226.0,14.0,14.0,0.5589
2018,1011318,Peak Powder River Resources,515,Powder River Basin,0.110613208,1652728.0,False,72.0,11.0,2.0,0.6444
2018,1013241,Chisholm Energy 430 Permian Basin,430,Permian Basin,0.431007473,1697599.0,False,124.0,24.0,4.0,0.6557
2018,1012449,"Blackbeard Operating, LLC - 430 Permian Basin",430,Permian Basin,0.155923811,1698524.6,False,599.0,74.0,12.0,0.7436
2018,1009115,Ovintiv USA Inc. 355.Chautauqua Platform,355,Chautauqua Platform,0.412340427,1744078.6,False,190.0,5.0,5.0,0.8172
2018,1011534,BBOG Gulf Coast Basin #220,220,"Gulf Coast Basin (LA, TX)",0.305538315,1782687.6,False,96.0,20.0,10.0,0.7568
2018,1009830,"Sage Butte PRB Operating, LLC (Basin 515) Powder River Basin",515,Powder River Basin,0.125346001,1795796.6,False,69.0,5.0,3.0,0.7184
2018,1012571,West Ranch Field,220,"Gulf Coast Basin (LA, TX)",0.004859694,1803009.2,False,348.0,6.0,2.0,0.3501
2018,1008622,535 Green River Basin - BP America Production Company,535,Green River Basin,2.264238314,1849589.0,False,1694.0,3.0,2.0,0.7728
2018,1009624,SM Energy (Basin 220) South Texas,220,"Gulf Coast Basin (LA, TX)",3.681126489,1852415.0,False,501.0,41.0,2.0,0.7831
2018,1000435,Merit Energy Co. South Texas 220 Gulf Coast Basin,220,"Gulf Coast Basin (LA, TX)",1.837176377,1876148.7,False,1379.0,11.0,12.0,0.8998
2018,1012666,"FDL Operating, LLC 430 Permian Basin",430,Permian Basin,0.224119968,1942152.0,False,545.0,0.0,14.0,0.668
2018,1013301,"Kraken Oil and Gas, LLC",395,Williston Basin,0.02161393,1948383.0,False,24.0,16.0,2.0,0.5754
2018,1011923,White Rock Oil & Gas LLC - 395 Williston,395,Williston Basin,0.029812872,1981200.5,False,341.0,0.0,18.0,0.5758
2018,1011450,Jonah Energy LLC_AAPG 535_Green River Basin,535,Green River Basin,5.319780017,2010337.5,False,2177.0,96.0,1.0,0.8968
2018,1013379,Percussion Petroleum - 430 - Permian,430,Permian Basin,0.038482673,2026675.0,False,206.0,19.0,1.0,0.1749
2018,1011666,Lindsay Field Office,360,Anadarko Basin,2.380231912,2058401.0,False,164.0,16.0,1.0,0.8395
2018,1008506,Mid-Gulf Coast Basin Code 210,210,Mid-Gulf Coast Basin,0.090383459,2077566.0,False,130.0,1.0,12.0,0.6485
2018,1008577,Basin 395 North Dakota - OSP,395,Williston Basin,0.027205762,2091009.1,False,136.0,6.0,4.0,0.5005
2018,1011244,Denbury Onshore LLC 515 Powder River,515,Powder River Basin,0.05228061,2206184.5,False,777.0,0.0,5.0,0.2837
2018,1009386,XTO Energy Inc 220 Gulf Coast,220,"Gulf Coast Basin (LA, TX)",0.547593737,2225249.1,False,431.0,11.0,25.0,0.8089
2018,1011773,"Earthstone Operating, LLC - Basin 220",220,"Gulf Coast Basin (LA, TX)",0.037769508,2243902.8,False,106.0,11.0,6.0,0.6453
2018,1013483,Earthstone Energy 430 Permian,430,Permian Basin,0.165962953,2253583.0,False,55.0,17.0,3.0,0.5706
2018,1009357,Finley Resources Inc - Uintah Basin (575),575,Uinta Basin,0.066091808,2295539.0,False,367.0,37.0,2.0,0.8681
2018,1011395,"White Star Petroleum, LLC",355,Chautauqua Platform,0.563053116,2312509.4,False,556.0,5.0,10.0,0.6727
2018,1012021,Liberty Resources Managment LLC 395 Williston Basin,395,Williston Basin,0.143668965,2336758.5,False,91.0,11.0,5.0,0.6624
2018,1008943,Denbury Onshore LLC 230 Arkla,230,Arkla Basin,0.000577521,2393416.8,False,149.0,9.0,4.0,0.0265
2018,1004628,MACPHERSON OIL COMPANY,745,San Joaquin Basin,0.0,2459149.0,False,465.0,9.0,1.0,0.66
2018,1012024,Tapstone 360 Anadarko,360,Anadarko Basin,1.580844004,2551796.0,False,836.0,44.0,16.0,0.8692
2018,1012823,San Joaquin Production Facilities,745,San Joaquin Basin,0.062955068,2563852.7,False,1365.0,45.0,2.0,0.465
2018,1008639,Citation Oil & Gas Corp. 430 Permian Basin,430,Permian Basin,0.034264914,2585942.0,False,1146.0,0.0,19.0,0.4526
2018,1008788,"Texland Petroleum, LP, 430 - Permian Basin",430,Permian Basin,0.025637861,2590259.0,False,738.0,20.0,11.0,0.6402
2018,1011387,Crestone Peak - Denver Basin (Watkins),540,Denver Basin,0.110307042,2606145.1,False,64.0,25.0,2.0,0.637
2018,1008890,Summit Petroleum LLC,430,Permian Basin,0.342889864,2607855.7,False,578.0,8.0,5.0,0.6747
2018,1010183,Antero Resources - 160A - Appalachian Basin (Eastern Overthurst Area),160A,Appalachian Basin (Eastern Overthrust Area),23.724735945,2629254.2,False,1117.0,144.0,6.0,0.8239
2018,1013288,XCL - Uinta Basin,575,Uinta Basin,0.06468592,2661509.6,False,67.0,0.0,2.0,0.7641
2018,1008352,"EOG Resources, Inc. 360 Anadarko basin",360,Anadarko Basin,0.237697491,2670584.7,False,278.0,0.0,8.0,0.7857
2018,1008241,Unit Petroleum 783 Anadarko Basin,360,Anadarko Basin,1.387641364,2678755.8,False,1206.0,24.0,26.0,0.8072
2018,1011847,GulfTex Gulf Coast Basin #220,220,"Gulf Coast Basin (LA, TX)",0.080396634,2679661.0,False,34.0,20.0,3.0,0.7827
2018,1013289,BPH PowderRiverBasinWY,515,Powder River Basin,0.103807095,2692294.0,False,100.0,12.0,3.0,0.4447
2018,1009125,PureWest/Green River Basin,535,Green River Basin,9.619068807,2693406.2,False,2191.0,110.0,1.0,0.9282
2018,1009335,Presidio Petroleum 360 Anadarko Basin,360,Anadarko Basin,2.062689778,2864501.7,False,1452.0,14.0,24.0,0.8352
2018,1011185,Lime Rock Resources V-A Williston Basin 395,395,Williston Basin,0.173790339,2872735.0,False,77.0,9.0,14.0,0.67
2018,1013023,"Sundance Energy, Inc. - South Texas Basin",220,"Gulf Coast Basin (LA, TX)",0.149458704,3136734.0,False,225.0,23.0,5.0,0.7087
2018,1009265,360 Anadarko Basin,360,Anadarko Basin,0.77586973,3194839.8,False,1364.0,50.0,26.0,0.8016
2018,1013413,"Eclipse Resources I, LP",160,Appalachian Basin,1.226523871,3237021.0,False,64.0,7.0,2.0,0.7792
2018,1010258,Templar Operating LLC - 360 - Anadarko Basin,360,Anadarko Basin,1.485738345,3286441.9,False,1039.0,24.0,21.0,0.8074
2018,1009547,Revolution Operating Company Anadarko 360,360,Anadarko Basin,1.12744016,3300849.0,False,533.0,26.0,26.0,0.7988
2018,1008998,Henry Resources LLC,430,Permian Basin,0.15560226,3462851.0,False,155.0,20.0,9.0,0.6974
2018,1012873,"Lonestar Resources 220 Gulf Coast Basin (LA, TX)",220,"Gulf Coast Basin (LA, TX)",0.244174747,3551239.0,False,226.0,19.0,13.0,0.6491
2018,1008806,SandRidge 360 Anadarko Basin,360,Anadarko Basin,1.78439151,3594447.7,False,1005.0,19.0,24.0,0.8209
2018,1009274,MERIT ENERGY CO LLC 360 ANADARKO BASIN,360,Anadarko Basin,1.270414285,3598835.2,False,4408.0,0.0,30.0,0.7214
2018,1006770,TPIC Basin 220,220,"Gulf Coast Basin (LA, TX)",0.130702702,3613957.5,False,1206.0,6.0,33.0,0.9108
2018,1008079,XTO Energy Inc 260 East Texas,260,East Texas Basin,8.948056737,3618146.0,False,5140.0,29.0,47.0,0.8772
2018,1009956,"Elk Operating Services, LLC 585 Paradox Basin",585,Paradox Basin,0.028743109,3630129.0,False,391.0,0.0,1.0,0.1115
2018,1009885,Primexx Operating Corp 430 Permian Basin,430,Permian Basin,0.115836298,3700389.0,False,101.0,15.0,1.0,0.71
2018,1011191,CRI 350 SOK Folded Belt,350,South Oklahoma Folded Belt,2.488615483,3754487.0,False,138.0,23.0,7.0,0.7761
2018,1010932,E&B Natural Resources,745,San Joaquin Basin,0.0,3781835.0,False,2115.0,0.0,1.0,0.272
2018,1008700,COTERRA ENERGY - 430 - PERMIAN BASIN,430,Permian Basin,0.629062263,3827608.9,False,584.0,6.0,22.0,0.7406
2018,1010294,Discovery Natural Resources LLC - 430 Permian Basin,430,Permian Basin,0.692523576,3851660.3,False,1281.0,25.0,7.0,0.7862
2018,1013771,"Zavanna, LLC Williston Basin (395) Operations",395,Williston Basin,0.420983786,3877897.6,False,119.0,1.0,2.0,0.4208
2018,1002157,Caelus Natural Resources Alaska 890 - Arctic Slope Basin,890,Arctic Coastal Plains Province,0.0,3907395.0,False,22.0,0.0,1.0,0.882
2018,1010945,"EXCO Resources, Inc. - Gulf Coast Basin #220",220,"Gulf Coast Basin (LA, TX)",0.024960737,3924517.7,False,257.0,16.0,5.0,0.7642
2018,1013339,Basin 360 - Mach,360,Anadarko Basin,1.380691432,4025475.0,False,989.0,10.0,4.0,0.8339
2018,1013833,Mewbourne Oil Company - Anadarko Basin 360,360,Anadarko Basin,1.084129184,4132406.0,False,1156.0,18.0,30.0,0.78
2018,1011393,Ascent Resources - Utica (160),160,Appalachian Basin,1.020333317,4203278.4,False,103.0,31.0,2.0,0.749
2018,1008051,"Range Resources - Appalachia, LLC - Basin 160A",160A,Appalachian Basin (Eastern Overthrust Area),18.465302122,4209387.7,False,3908.0,151.0,25.0,0.9136
2018,1014727,Capitan Energy 430,430,Permian Basin,0.699811229,4216769.3,False,53.0,15.0,2.0,0.7905
2018,1000355,(540) Civitas Resources - Denver Basin,540,Denver Basin,0.216082646,4355143.1,False,632.0,41.0,1.0,0.5645
2018,1010505,Bowline Energy LLC,395,Williston Basin,0.141127744,4370856.2,False,171.0,18.0,3.0,0.6291
2018,1013367,RimRock Oil & Gas,395,Williston Basin,0.06905443,4377571.2,False,115.0,14.0,1.0,0.532
2018,1008616,XTO Energy Inc 350 South Oklahoma Folded Belt,350,South Oklahoma Folded Belt,2.283042402,4422806.0,False,850.0,13.0,15.0,0.7583
2018,1008439,Javelin Energy Partners Management Gulf Coast Basin,220,"Gulf Coast Basin (LA, TX)",0.11478835,4425853.0,False,283.0,7.0,5.0,0.7224
2018,1009242,San Juan Basin,580,San Juan Basin,1.155908834,4521855.0,False,1058.0,8.0,10.0,0.8474
2018,1008630,BPX Operating Company,220,"Gulf Coast Basin (LA, TX)",1.13710457,4525818.3,False,508.0,0.0,6.0,0.8117
2018,1013377,Lime Rock Resources Pecos Valley,430,Permian Basin,0.000206599,4568976.3,False,33.0,4.0,1.0,0.7126
2018,1013155,Callon (Permian) LLC - Basin 430,430,Permian Basin,0.833667073,4587943.7,False,90.0,30.0,3.0,0.7721
2018,1010521,Crescent Point Energy Corporation Williston Basin (395) Operations,395,Williston Basin,0.090579456,4630941.1,False,221.0,41.0,4.0,0.4741
2018,1011531,WildFire Energy Operating LLC,220,"Gulf Coast Basin (LA, TX)",0.101459325,4633109.3,False,259.0,37.0,3.0,0.6194
2018,1008134,Ovintiv USA Inc. 350.South Oklahoma Folded Belt,350,South Oklahoma Folded Belt,2.501515091,4726772.9,False,203.0,10.0,4.0,0.7432
2018,1010084,Rosetta Resources 220 Gulf Coast Basin,220,"Gulf Coast Basin (LA, TX)",3.162684788,4767891.0,False,340.0,8.0,2.0,0.7646
2018,1010222,GULF COAST BASIN,220,"Gulf Coast Basin (LA, TX)",3.75159316,4791504.4,False,7187.0,5.0,103.0,0.9109
2018,1010372,BATTALION OIL CORP,430,Permian Basin,0.232744614,4944331.0,False,108.0,32.0,6.0,0.746
2018,1008530,Tapstone 360 - Anadarko Basin,360,Anadarko Basin,1.410865956,4967834.0,False,1859.0,38.0,39.0,0.8546
2018,1012780,Permian Basin Oil and Gas Production Facilities,430,Permian Basin,1.032009032,4984845.6,False,266.0,46.0,3.0,0.6611
2018,1009846,Permian Basin,430,Permian Basin,0.371104938,5086662.0,False,2181.0,0.0,15.0,0.7238
2018,1010721,Appalachian Basin (Eastern Overthrust Area),160A,Appalachian Basin (Eastern Overthrust Area),21.523042687,5170467.2,False,1055.0,95.0,12.0,0.7479
2018,1008524,"Chesapeake Exploration LLC, 160A - Appalachian Basin (Eastern Overthrust Area)",160A,Appalachian Basin (Eastern Overthrust Area),6.537116858,5191041.0,False,677.0,31.0,7.0,0.799
2018,1008293,Marathon Oil EF - Gulf Coast Basin (AAPG Basin Number 220),220,"Gulf Coast Basin (LA, TX)",0.322039746,5332776.0,False,1634.0,159.0,10.0,0.7326
2018,1008538,"Chesapeake Operating LLC, 515 - Powder River Basin",515,Powder River Basin,1.07283291,5478688.0,False,241.0,41.0,2.0,0.6904
2018,1012376,"PDC Permian, Inc. 430 Permian Basin",430,Permian Basin,0.883249735,5482414.5,False,78.0,28.0,4.0,0.5952
2018,1007777,EP Energy E&P 430 Permian Basin,430,Permian Basin,1.371422664,5555171.0,False,473.0,24.0,4.0,0.5526
2018,1013244,"Citizen Energy III, LLC",360,Anadarko Basin,2.148686826,5662905.0,False,611.0,75.0,7.0,0.795
2018,1013038,Marathon Oil Permian (AAPG Basin Number 430),430,Permian Basin,0.42027098,5730259.6,False,322.0,52.0,9.0,0.7911
2018,1011854,WESTERN ANDARKO BASIN (WAB) BUSINESS UNIT-BASIN 360,360,Anadarko Basin,3.912662597,5899718.1,False,2225.0,43.0,22.0,0.7621
2018,1008534,Eni US Operating Co. Inc. - Nikaitchuq & Oooguruk Development,890,Arctic Coastal Plains Province,0.0,6033553.0,False,30.0,0.0,1.0,0.857
2018,1011873,"Lime Rock Resources III-A, Williston Basin",395,Williston Basin,0.072167817,6081849.0,False,310.0,20.0,4.0,0.457
2018,1008702,COTERRA ENERGY - 360 - ANADARKO BASIN,360,Anadarko Basin,4.008987087,6108148.7,False,847.0,2.0,31.0,0.8391
2018,1008086,"Uinta Wax Operating, LLC",575,Uinta Basin,0.284359864,6223086.2,False,729.0,22.0,2.0,0.7914
2018,1011803,Apache Corporation + 430 + Permian Basin,430,Permian Basin,3.232891819,6269843.5,False,360.0,126.0,7.0,0.7856
2018,1008123,Denbury Onshore LLC 220 Gulf Coast,220,"Gulf Coast Basin (LA, TX)",0.035118831,6376095.2,False,1166.0,0.0,12.0,0.9048
2018,1010943,Repsol Texas Onshore Properties - Eagle Ford,220,"Gulf Coast Basin (LA, TX)",2.103386657,6581993.0,False,573.0,39.0,10.0,0.8322
2018,1011735,"Resolute Natural Resources Company, LLC 430 Permian Basin",430,Permian Basin,0.952449033,6596909.5,False,108.0,38.0,1.0,0.7755
2018,1009185,"Fundare Resources Operating Company, LLC",540,Denver Basin,0.34039025,6650255.0,False,308.0,22.0,1.0,0.6813
2018,1008979,"EOG Resources, Inc. 540 Denver basin",540,Denver Basin,0.156197312,6683450.3,False,186.0,62.0,1.0,0.5848
2018,1009350,Javelin Energy Partners Managment Uinta Basin,575,Uinta Basin,0.8328243,6773975.0,False,677.0,27.0,2.0,0.6208
2018,1009720,"SN Operating, LLC 220 Gulf Coast Basin (LA, TX)",220,"Gulf Coast Basin (LA, TX)",1.269302287,6842803.0,False,511.0,65.0,25.0,0.69
2018,1009718,"Fasken Oil and Ranch, Ltd. 430 Permian Basin",430,Permian Basin,0.562011855,6850037.0,False,1260.0,46.0,19.0,0.7
2018,1012556,FDL Energy LLC,430,Permian Basin,1.117641909,6944530.8,False,704.0,95.0,5.0,0.6704
2018,1008163,Berry Petroleum Company - San Joaquin Basin 745,745,San Joaquin Basin,0.0,7145735.2,False,1838.0,100.0,1.0,0.3495
2018,1009278,515 Powder River Basin DEC,515,Powder River Basin,0.23157244,7318438.5,False,271.0,23.0,5.0,0.6546
2018,1013342,Felix Energy Holdings II LLC,430,Permian Basin,0.26537007,7318889.0,False,112.0,49.0,3.0,0.6927
2018,1009353,Marathon Oil Anadarko Basin (AAPG 360),360,Anadarko Basin,2.867693051,7514792.3,False,335.0,37.0,16.0,0.7645
2018,1008942,Denbury Onshore LLC 210 Mid-Gulf Coast,210,Mid-Gulf Coast Basin,0.034219913,7825826.4,False,1597.0,2.0,17.0,0.1615
2018,1008794,Great Western Oil & Gas Company - D-J Basin,540,Denver Basin,0.67624716,8102120.9,False,452.0,73.0,4.0,0.6988
2018,1008206,Crestone Peak - Denver Basin,540,Denver Basin,1.609055296,8104955.0,False,1260.0,116.0,6.0,0.752
2018,1008632,"BPX Energy Permian Basin, AAPG Basin 430",430,Permian Basin,1.020344814,8209545.6,False,138.0,10.0,3.0,0.8629
2018,1013123,BCE-Mach III LLC,360,Anadarko Basin,1.083180208,8329133.0,False,368.0,145.0,4.0,0.74
2018,1011498,Hibernia Resources IV Basin 430,430,Permian Basin,0.526265795,8791342.9,False,2154.0,15.0,38.0,0.607
2018,1013291,"Kraken Oil and Gas II, LLC",395,Williston Basin,0.132565043,8876608.0,False,159.0,61.0,2.0,0.5964
2018,1008642,Basin 430 Production,430,Permian Basin,0.383434051,8983983.3,False,432.0,61.0,7.0,0.5619
2018,1008604,Ensign Gulf Coast Basin-Production,220,"Gulf Coast Basin (LA, TX)",1.639695999,9084663.3,False,906.0,0.0,9.0,0.8156
2018,1008407,Ovintiv USA Inc. 575.Uinta,575,Uinta Basin,0.256090077,9115159.8,False,1488.0,19.0,4.0,0.7717
2018,1009354,HighPoint Operating Corporation - Denver Basin (540),540,Denver Basin,0.669566578,9281357.2,False,410.0,0.0,1.0,0.6747
2018,1009261,Ovintiv USA Inc. 395.Williston Basin,395,Williston Basin,0.513006566,9914656.4,False,286.0,20.0,6.0,0.6225
2018,1008396,"EOG Resources, Inc. 515 Powder River basin",515,Powder River Basin,1.450824033,10608305.0,False,923.0,33.0,6.0,0.581
2018,1007479,ConocoPhillips Permian (430),430,Permian Basin,1.438590724,11608587.5,False,3744.0,44.0,25.0,0.7118
2018,1009106,Slawson Exploration - Williston Basin 395,395,Williston Basin,0.234244159,11848356.0,False,403.0,41.0,8.0,0.521
2018,1010190,"Williston Basin (Petro-Hunt, LLC)",395,Williston Basin,0.443747348,12216526.8,False,587.0,25.0,11.0,0.5429
2018,1011782,"Hilcorp Alaska, LLC 890 Arctic Slope Basin",890,Arctic Coastal Plains Province,0.001351249,12971605.6,False,288.0,9.0,1.0,0.8466
2018,1008092,EP Energy E&P 220 Gulf Coast Basin,220,"Gulf Coast Basin (LA, TX)",1.278025646,13160637.0,False,961.0,85.0,7.0,0.532
2018,1009728,Ridgemar (Eagle Ford) - Basin 220,220,"Gulf Coast Basin (LA, TX)",0.473833753,13325070.1,False,574.0,313.0,6.0,0.6926
2018,1013325,Magnolia O&G Corp 220 Gulf Coast Basin,220,"Gulf Coast Basin (LA, TX)",1.456500127,13573506.9,False,1166.0,53.0,24.0,0.7425
2018,1014504,CrownQuest Operating - Basin 430,430,Permian Basin,0.788404954,13721719.0,False,885.0,101.0,9.0,0.7245
2018,1008090,"Validus Energy Aquilas AssetCo, LLC",220,"Gulf Coast Basin (LA, TX)",0.887112384,13854673.2,False,542.0,52.0,3.0,0.7258
2018,1012940,Bruin E&P Operating LLC - Williston Basin Operations,395,Williston Basin,0.494716378,13927529.9,False,409.0,35.0,4.0,0.5077
2018,1012068,Matador Production Company - Permian Basin,430,Permian Basin,1.4002718,13936221.8,False,407.0,87.0,7.0,0.7722
2018,1009595,Enerplus Resources (USA) Corporation - Williston Basin,395,Williston Basin,0.3771755,14183464.0,False,423.0,39.0,3.0,0.5483
2018,1013019,WHRMC - GULF COAST BASIN-ONSHORE PRODUCTION,220,"Gulf Coast Basin (LA, TX)",0.732047896,14202840.0,False,863.0,109.0,7.0,0.6333
2018,1009281,395 Williston Basin QEP Energy Company,395,Williston Basin,0.923031411,14764858.8,False,397.0,11.0,4.0,0.5726
2018,1009691,430 Permian Basin QEP Energy Company,430,Permian Basin,0.686631905,15525045.9,False,763.0,22.0,4.0,0.7038
2018,1012542,Jagged Peak Permian Basin (430) Operations,430,Permian Basin,0.625248236,16241422.8,False,138.0,29.0,4.0,0.667
2018,1008287,360 Anadarko Basin DEC,360,Anadarko Basin,6.112222283,16724544.6,False,866.0,98.0,27.0,0.7898
2018,1013222,"Noble Energy, Inc. - Permian Basin 430",430,Permian Basin,0.972807835,16743044.0,False,384.0,68.0,1.0,0.731
2018,1012129,Callon Permian Basin Operations,430,Permian Basin,0.857483213,16768998.1,False,697.0,76.0,12.0,0.722
2018,1011690,Permian Resources Corporation,430,Permian Basin,1.440356204,16892117.0,False,281.0,80.0,4.0,0.6978
2018,1008980,"EOG Resources, Inc. 395 Williston basin",395,Williston Basin,0.816230395,16913662.7,False,789.0,19.0,8.0,0.5213
2018,1009286,PDC Energy 540 Denver Basin,540,Denver Basin,3.257969953,17012463.4,False,2181.0,138.0,3.0,0.7362
2018,1009260,Ovintiv USA Inc. 360.Anadarko Basin,360,Anadarko Basin,3.40560821,17207431.5,False,511.0,117.0,16.0,0.7877
2018,1011894,"SRC Energy, Inc.",540,Denver Basin,3.117339216,18289918.5,False,1035.0,84.0,4.0,0.4271
2018,1009039,WPX Energy Permian LLC,430,Permian Basin,2.08953759,18455347.6,False,587.0,67.0,13.0,0.7669
2018,1013106,Surge Energy 430 Permian Basin,430,Permian Basin,0.568641526,18779134.0,False,520.0,109.0,3.0,0.5165
2018,1009625,"Grayson Mill Operating, LLC",395,Williston Basin,0.694902848,19576107.2,False,692.0,44.0,5.0,0.5409
2018,1011659,Endeavor Energy Resources LP 430 Permian Basin,430,Permian Basin,1.012886937,20832425.2,False,3933.0,123.0,52.0,0.713
2018,1013845,Mewbourne Oil Company - Permian Basin 430,430,Permian Basin,2.67684847,21239474.8,False,889.0,83.0,12.0,0.7577
2018,1008402,California Resources Production Corporation  San Joaquin Valley Basin 745,745,San Joaquin Basin,2.062340218,21311725.3,False,6018.0,172.0,4.0,0.7048
2018,1009253,"WPX Energy Williston, LLC - 395 Williston basin",395,Williston Basin,0.435386115,21393838.4,False,328.0,59.0,4.0,0.5355
2018,1009674,SM Energy (Basin 430) Permian Basin,430,Permian Basin,0.922743081,21834664.0,False,658.0,97.0,4.0,0.7087
2018,1013128,"SN EF Maverick, LLC 220 Gulf Coast Basin",220,"Gulf Coast Basin (LA, TX)",3.299906557,23078669.0,False,1703.0,163.0,6.0,0.7205
2018,1008290,430 Permian Basin DEC,430,Permian Basin,2.179202029,23148853.0,False,1950.0,95.0,28.0,0.7065
2018,1008544,Cimarex Energy Co. 430 Permian,430,Permian Basin,5.114013749,24281541.3,False,561.0,28.0,23.0,0.7594
2018,1010588,Permian Operations - Shell Exploration & Production Company,430,Permian Basin,1.445324443,24517260.0,False,387.0,106.0,9.0,0.759
2018,1009238,220 Gulf Coast Basin DEC,220,"Gulf Coast Basin (LA, TX)",2.732941329,26072358.2,False,848.0,64.0,6.0,0.7809
2018,1008270,Basin 540 Denver Julesburg - Noble Energy Inc.,540,Denver Basin,3.36795851,29017152.0,False,3033.0,99.0,2.0,0.7122
2018,1008331,Ovintiv USA Inc - Permian Basin,430,Permian Basin,1.768280612,29047715.7,False,1577.0,90.0,10.0,0.6814
2018,1008173,Marathon Oil Company - Williston Basin (AAPG Basin 395),395,Williston Basin,0.529168671,32918382.8,False,640.0,77.0,4.0,0.546
2018,1011555,"Parsley Energy, Inc. 430 Permian Basin",430,Permian Basin,2.360800264,33009867.2,False,1405.0,179.0,12.0,0.7164
2018,1008346,Aera Energy San Joaquin Basin,745,San Joaquin Basin,0.0,33563072.8,False,15829.0,320.0,2.0,0.3814
2018,1008202,Denver Basin - AAPG Province 540,540,Denver Basin,7.506524326,35700405.0,False,4318.0,277.0,9.0,0.7092
2018,1009391,Apache Corporation - Permian Basin 430,430,Permian Basin,3.628810861,36058309.0,False,10224.0,106.0,35.0,0.6425
2018,1008490,Hess Corporation - 395 - Williston Basin,395,Williston Basin,1.828601477,36377652.7,False,1676.0,73.0,8.0,0.589
2018,1010325,Oasis Petroleum,395,Williston Basin,2.009887727,36519929.0,False,1067.0,116.0,6.0,0.5319
2018,1007482,ConocoPhillips' Williston (395),395,Williston Basin,1.400772141,36895668.2,False,769.0,88.0,4.0,0.5666
2018,1008449,Permian Basin - AAPG Province 430,430,Permian Basin,3.396805712,40467886.0,False,715.0,123.0,8.0,0.7484
2018,1009197,Whiting Oil and Gas Corporation 395 Williston Basin,395,Williston Basin,2.33157507,40958497.0,False,1669.0,132.0,12.0,0.5359
2018,1009240,Chevron MCA 430 Permian Basin,430,Permian Basin,0.475200843,41358563.0,False,3939.0,103.0,41.0,0.5456
2018,1008275,XTO Energy Inc 395 Williston,395,Williston Basin,2.798570445,42177658.4,False,1124.0,4.0,11.0,0.6298
2018,1008499,745 San Joaquin Basin Chevron USA Inc.,745,San Joaquin Basin,0.053085787,45619509.3,False,15846.0,476.0,3.0,0.5727
2018,1008526,"Chesapeake Operating LLC, 220 - Gulf Coast Basin",220,"Gulf Coast Basin (LA, TX)",3.688685035,46255861.0,False,1987.0,157.0,9.0,0.7347
2018,1008471,CRI 395 Williston,395,Williston Basin,2.708770465,49284639.4,False,1869.0,185.0,15.0,0.5654
2018,1007485,"ConocoPhillips Gulf Coast Basin 220, Production",220,"Gulf Coast Basin (LA, TX)",4.028602099,52055302.9,False,1774.0,158.0,12.0,0.7122
2018,1009390,XTO Energy Inc 430 Permian,430,Permian Basin,5.78710086,56425393.2,False,5377.0,149.0,42.0,0.7164
2018,1008351,"EOG Resources, Inc. 430 Permian basin",430,Permian Basin,6.025243706,64549012.6,False,2557.0,150.0,18.0,0.682
2018,1008111,ConocoPhillips Alaska Inc - KRU-ALP Fields,890,Arctic Coastal Plains Province,0.0,66221546.0,False,792.0,16.0,2.0,0.831
2018,1009434,Diamondback E&P LLC,430,Permian Basin,4.164123421,69706420.4,False,5213.0,234.0,22.0,0.6526
2018,1008141,Oxy Permian Basin - 430,430,Permian Basin,6.251570077,72675908.5,False,14524.0,196.0,36.0,0.3753
2018,1008172,"Hilcorp North Slope, 890 - Arctic Slope Basin",890,Arctic Coastal Plains Province,0.16712043,81688670.0,False,1632.0,18.0,1.0,0.7805
2018,1008607,"Pioneer Natural Resources USA, Inc. Permian",430,Permian Basin,5.455222034,92430502.0,False,7590.0,182.0,12.0,0.7081
2018,1008219,"EOG Resources, Inc.220 Gulf Coast basin",220,"Gulf Coast Basin (LA, TX)",4.858856257,94638922.7,False,3176.0,317.0,28.0,0.5326
2018,1009707,COG Operating LLC  430 Permian Basin,430,Permian Basin,9.030663752,103411700.0,False,7568.0,230.0,17.0,0.7279
2018,1011596,"Wapiti Operating, LLC 575 Uinta Basin",575,Uinta Basin,0.374120316,47250.0,False,338.0,0.0,1.0,0.8828
2018,1008113,MurphyE&P-220,220,"Gulf Coast Basin (LA, TX)",0.662674114,288835.0,False,812.0,52.0,7.0,0.7166
2018,1011998,"TGNR TVL LLC - Basin 230 (Houston, TX)",230,Arkla Basin,3.599747509,981408.4,False,475.0,27.0,5.0,0.8825
2018,1008472,CRI 360 Anadarko,360,Anadarko Basin,8.713195374,13676636.9,False,654.0,108.0,25.0,0.7907
2018,1011761,"Extraction Oil & Gas, Inc.",540,Denver Basin,2.292263726,22141527.2,False,1230.0,156.0,8.0,0.7085
2019,1008784,CNX Gas Company LLC -160 Appalachian Basin,160,Appalachian Basin,0.0,0.0,False,69.0,0.0,8.0,0.7597
2019,1009308,EQT Production - Basin 160 - Appalachian,160,Appalachian Basin,0.0,0.0,False,0.0,0.0,18.0,0.8431
2019,1011976,Indigo Resources LLC 260 East Texas Basin,260,East Texas Basin,0.0,0.0,False,0.0,0.0,3.0,0.0
2019,1011547,Atlas 360/Anadarko Basin - Nash,360,Anadarko Basin,0.0,0.0,False,0.0,0.0,6.0,0.8406
2019,1010237,Atlas 420/Fort Worth Syncline Basin - Jacksboro,420,Fort Worth Syncline,0.0,0.0,False,0.0,0.0,2.0,0.8363
2019,1009282,575 Uinta Basin QEP Energy Company,575,Uinta Basin,0.0,0.0,False,0.0,0.0,1.0,0.8984
2019,1008576,Basin 220 South TX & South LA - OSP,220,"Gulf Coast Basin (LA, TX)",0.000831579,0.0,False,1.0,0.0,1.0,0.9136
2019,1009878,Iron Pennsylvania Land LLC,160A,Appalachian Basin (Eastern Overthrust Area),0.014107005,0.0,False,9.0,0.0,1.0,0.888
2019,1011508,Foundation Energy Management- 450 Las Animas arch Basin,450,Las Animas Arch,0.016529507,0.0,False,286.0,0.0,2.0,0.6665
2019,1008348,Trendwell Energy Corporation,305,Michigan Basin,0.094394732,0.0,False,360.0,0.0,3.0,0.8137
2019,1013380,BP America Production Company  355 Chautauqua Platform Basin,355,Chautauqua Platform,0.145653583,0.0,False,49.0,0.0,3.0,0.8948
2019,1009860,Blackbeard Operating - 400 - Ouachita Folded Belt,400,Ouachita Folded Belt,0.172513273,0.0,False,150.0,0.0,1.0,0.9466
2019,1008199,Grizzly Arkoma Basin,345,Arkoma Basin,0.191732588,0.0,False,118.0,0.0,3.0,0.8831
2019,1008053,Own Resources Operating LLC,540,Denver Basin,0.19563103,0.0,False,1789.0,0.0,1.0,0.9387
2019,1009968,"Enervest Operating, L.L.C. 305 Michigan Basin",305,Michigan Basin,0.208360658,0.0,False,1034.0,0.0,5.0,0.82
2019,1009139,OGRIS Operating LLC,455,Las Vegas-Raton Basin,0.235063279,0.0,False,464.0,4.0,1.0,0.9849
2019,1008474,"MMGK Arkoma, LLC - ARKOMA Basin",345,Arkoma Basin,0.383476045,0.0,False,757.0,0.0,9.0,0.97
2019,1008958,"EXCO Resources, Inc. - East Texas Basin #260",260,East Texas Basin,0.414458363,0.0,False,108.0,0.0,5.0,0.9616
2019,1007481,ConocoPhillips' Uinta (575),575,Uinta Basin,0.44196973,0.0,False,454.0,0.0,2.0,0.9289
2019,1008673,"EXCO Resources (PA), LLC - Basin 160A",160A,Appalachian Basin (Eastern Overthrust Area),0.813222041,0.0,False,121.0,1.0,7.0,0.972
2019,1008608,"Evergreen Natural Resources, LLC. Las Vegas-Raton",455,Las Vegas-Raton Basin,0.877111974,0.0,False,2224.0,0.0,1.0,0.9907
2019,1005963,Red Willow Production Co.,580,San Juan Basin,1.131069524,0.0,False,512.0,0.0,3.0,0.823
2019,1013104,"JKLM Energy, LLC",160A,Appalachian Basin (Eastern Overthrust Area),1.290545382,0.0,False,42.0,13.0,1.0,0.9741
2019,1008882,Pennsylvania General Energy Company LLC,160A,Appalachian Basin (Eastern Overthrust Area),1.492726691,0.0,False,186.0,6.0,9.0,0.9669
2019,1008588,"Merit Energy Arkoma Basin, AAPG Basin 345",345,Arkoma Basin,1.635981007,0.0,False,878.0,0.0,6.0,0.961
2019,1009169,345 Arkoma Basin - BP America Production Company,345,Arkoma Basin,1.950849599,0.0,False,1172.0,0.0,15.0,0.9455
2019,1009732,BKV Operating LLC,160A,Appalachian Basin (Eastern Overthrust Area),2.164538388,0.0,False,134.0,7.0,2.0,0.9714
2019,1012537,Northeast Natural Energy LLC,160A,Appalachian Basin (Eastern Overthrust Area),2.499597333,0.0,False,209.0,9.0,7.0,0.9004
2019,1008795,"Arsenal Resources, LLC 160A Appalachian Basin",160A,Appalachian Basin (Eastern Overthrust Area),3.215343276,0.0,False,87.0,8.0,5.0,0.9662
2019,1008401,"SWEPI LP (Shell), Appalachian Basin (Eastern Overthrust Area) 160A",160A,Appalachian Basin (Eastern Overthrust Area),3.403200553,0.0,False,361.0,10.0,6.0,0.9732
2019,1008957,"EXCO Resources, Inc. - Arkla Basin #230",230,Arkla Basin,3.54708091,0.0,False,490.0,10.0,4.0,0.9646
2019,1008937,Appalachian Basin - AAPG Province 160A,160A,Appalachian Basin (Eastern Overthrust Area),3.866230792,0.0,False,363.0,17.0,3.0,0.9752
2019,1011862,"Rice Drilling D, LLC - Basin 160A",160A,Appalachian Basin (Eastern Overthrust Area),4.975113127,0.0,False,111.0,8.0,1.0,0.8949
2019,1011913,SWN Production (Louisiana),230,Arkla Basin,5.984500863,0.0,False,365.0,19.0,5.0,0.9513
2019,1008481,"Repsol Oil & Gas USA, LLC Appalachian basin (Eastern Overthrust area) - 160A",160A,Appalachian Basin (Eastern Overthrust Area),6.545813329,0.0,False,636.0,62.0,5.0,0.9754
2019,1010205,Flywheel Energy Production - Arkoma,345,Arkoma Basin,9.001096623,0.0,False,3839.0,0.0,6.0,0.9592
2019,1008081,"Vine Energy, Inc.",230,Arkla Basin,9.574221565,0.0,False,329.0,39.0,5.0,0.95
2019,1009485,Chief Oil & Gas LLC (160A),160A,Appalachian Basin (Eastern Overthrust Area),10.923439274,0.0,False,354.0,113.0,5.0,0.9734
2019,1008527,"Chesapeake Operating LLC, 230 - Arkla Basin",230,Arkla Basin,12.189787776,0.0,False,699.0,24.0,5.0,0.9558
2019,1011861,"Rice Drilling B, LLC - Basin 160A",160A,Appalachian Basin (Eastern Overthrust Area),12.472697658,0.0,False,487.0,35.0,2.0,0.9551
2019,1008523,"Chesapeake Appalachia LLC, 160A - Appalachian Basin (Eastern Overthrust Area)",160A,Appalachian Basin (Eastern Overthrust Area),25.039877992,0.0,False,934.0,43.0,5.0,0.9746
2019,1008503,Coterra Energy 160A Appalachian (EOA),160A,Appalachian Basin (Eastern Overthrust Area),28.877596189,0.0,False,781.0,107.0,2.0,0.9755
2019,1008529,"Chesapeake Operating LLC, 350 - South Oklahoma Folded Belt",350,South Oklahoma Folded Belt,0.003825855,14.0,False,1.0,0.0,1.0,0.9686
2019,1008492,"BPX Energy Arkla Basin, AAPG Basin 230",230,Arkla Basin,6.033403942,177.0,False,420.0,0.0,7.0,0.9581
2019,1008295,535 Green River Basin QEP Energy Company,535,Green River Basin,0.001084412,268.3,False,4.0,0.0,2.0,0.8785
2019,1009301,Seneca East Facilities,160A,Appalachian Basin (Eastern Overthrust Area),7.266608254,310.2,False,569.0,38.0,15.0,0.9696
2019,1009392,XTO Energy Inc 345 Arkoma,345,Arkoma Basin,2.841827472,334.1,False,2142.0,9.0,25.0,0.9545
2019,1009170,260 East Texas Basin - BP America Production Company,260,East Texas Basin,6.003944756,915.3,False,425.0,21.0,12.0,0.904
2019,1009276,415 Strawn Basin BKV - Production,415,Strawn Basin,0.718819051,1329.3,False,409.0,0.0,3.0,0.9415
2019,1011674,Sage Natural Resources 415 Strawn Basin,415,Strawn Basin,0.763131332,1501.0,False,245.0,0.0,4.0,0.9375
2019,1008956,Chevron MCA 360 Anadarko Basin,360,Anadarko Basin,0.099699545,1593.0,False,38.0,0.0,4.0,0.8797
2019,1011975,Legacy Reserves Basin 260 Production,260,East Texas Basin,0.000810422,1603.0,False,854.0,0.0,8.0,0.903
2019,1009689,"Enervest Operating, L.L.C. 420 Fort Worth Syncline",420,Fort Worth Syncline,0.02098243,1649.4,False,56.0,0.0,3.0,0.7723
2019,1011194,"Compass Production Partners, LP - Arkla Basin #230",230,Arkla Basin,0.344366927,1673.7,False,388.0,0.0,1.0,0.9512
2019,1008136,North Shore E&P Sand Wash,535,Green River Basin,0.003713805,1941.0,False,16.0,0.0,1.0,0.8881
2019,1013677,Bedrock 415 Strawn Basin,415,Strawn Basin,0.449376374,2511.0,False,243.0,0.0,4.0,0.7711
2019,1009666,"Enervest Operating, L.L.C. 415 Strawn Basin",415,Strawn Basin,0.470978848,2520.5,False,1021.0,0.0,4.0,0.9479
2019,1008204,Green River Basin - AAPG Province 535,535,Green River Basin,0.005833402,4012.0,False,2.0,0.0,1.0,0.7731
2019,1013261,Javelin Energy Partners Management Strawn Basin,415,Strawn Basin,1.881128235,4454.0,False,833.0,0.0,3.0,0.7711
2019,1012952,SEP Palo Duro Basin 435 Production,435,Palo Duro Basin,0.04111489,4589.9,False,277.0,0.0,5.0,0.7251
2019,1009339,Unit Petroleum 285 Permian Basin,430,Permian Basin,0.0,4934.4,False,75.0,0.0,5.0,0.7231
2019,1011978,Morningstar Operating LLC  SAN JUAN BASIN 580,580,San Juan Basin,1.015728317,6106.8,False,1023.0,0.0,7.0,0.8817
2019,1008703,Key Production Co. 360 Anadarko,360,Anadarko Basin,0.047043772,6165.4,False,75.0,0.0,11.0,0.8823
2019,1013601,Blackbeard Operating - 345 - Arkoma Basin,345,Arkoma Basin,0.519866914,6274.0,False,164.0,3.0,2.0,0.7733
2019,1008536,"TEP Barnett USA LLC, 415 - Strawn Basin",415,Strawn Basin,7.391870017,6368.1,False,1352.0,7.0,3.0,0.9413
2019,1007483,Contango Resources' Wind River (530),530,Wind River Basin,0.590682237,6452.5,False,188.0,0.0,3.0,0.9002
2019,1006564,Greylock Energy,160A,Appalachian Basin (Eastern Overthrust Area),1.530610489,6831.0,False,2532.0,7.0,32.0,0.9026
2019,1013089,LOLA Energy PetroCo,160A,Appalachian Basin (Eastern Overthrust Area),0.041055169,7105.0,False,48.0,0.0,1.0,0.7539
2019,1008323,Foundation Energy Management 595 Piceance Basin,595,Piceance Basin,0.04373105,7114.9,False,163.0,0.0,6.0,0.8479
2019,1009101,REM 305 Michigan Basin - PRODUCTION,305,Michigan Basin,0.382767134,7826.0,False,4159.0,0.0,15.0,0.8508
2019,1011763,"EagleRidge Operating, LLC. Strawn Basin",415,Strawn Basin,0.546957265,8117.5,False,380.0,0.0,7.0,0.8659
2019,1009387,XTO Energy Inc 415 Strawn,415,Strawn Basin,3.84986922,8788.4,False,1642.0,0.0,7.0,0.9232
2019,1008078,XTO Energy Inc 507 Central Western Overthrust,507,Central Western Overthrust,0.126496036,9158.3,False,197.0,0.0,2.0,0.9152
2019,1008405,California Resources Production Corporation  Sacramento Valley Basin 730,730,Sacramento Basin,0.380920993,9842.9,False,322.0,0.0,9.0,0.9402
2019,1012511,Aethon Energy Operating-260-East Texas Basin,260,East Texas Basin,1.316377467,10458.0,False,220.0,19.0,10.0,0.9212
2019,1013414,"Columbus Energy 220 Gulf Coast Basin (LA,TX)",220,"Gulf Coast Basin (LA, TX)",0.183698642,11697.0,False,306.0,1.0,6.0,0.8295
2019,1012612,Hilcorp Energy Company - Wind River Basin (530),530,Wind River Basin,0.046610715,12062.4,False,59.0,0.0,2.0,0.8816
2019,1008165,Berry Petroleum Company 585 Piceance Basin Production Segment,595,Piceance Basin,0.144582041,13044.0,False,169.0,0.0,1.0,0.8853
2019,1008753,Foundation Energy Management 345 Arkoma Basin,345,Arkoma Basin,0.411795676,13167.8,False,408.0,0.0,19.0,0.9322
2019,1013100,"Trinity Operating USG, LLC - Arkoma (Basin 345)",345,Arkoma Basin,2.984594486,13619.0,False,498.0,36.0,3.0,0.9228
2019,1009264,355 Chatauque Platform,355,Chautauqua Platform,0.001453636,14541.7,False,12.0,0.0,6.0,0.8016
2019,1009890,"Comstock Oil & Gas-LA, LLC",230,Arkla Basin,11.663454682,17574.6,False,837.0,66.0,22.0,0.9625
2019,1008954,Green River Basin - 535,535,Green River Basin,0.314967936,17996.0,False,328.0,0.0,1.0,0.8921
2019,1013010,Verdun Oil Company-Gulf Coast Basin-Onshore Production,220,"Gulf Coast Basin (LA, TX)",0.041713336,18173.0,False,39.0,3.0,4.0,0.7583
2019,1009388,XTO Energy Inc 420 Fort Worth Syncline,420,Fort Worth Syncline,0.515707539,18588.7,False,303.0,0.0,7.0,0.8487
2019,1010157,ROCKIES BUSINESS UNIT-BASIN 535,535,Green River Basin,0.127388278,18815.0,False,246.0,0.0,3.0,0.8388
2019,1009683,"Laredo Energy 220 Gulf Basin (LA, TX)",220,"Gulf Coast Basin (LA, TX)",1.248846004,19074.0,False,157.0,11.0,3.0,0.7206
2019,1008480,Atlas 160A/Appalach Overthrust Basin - PA,160A,Appalachian Basin (Eastern Overthrust Area),0.063456618,19622.0,False,12.0,0.0,2.0,0.894
2019,1011091,Foundation Energy Management 360 Anadarko Basin,360,Anadarko Basin,0.076733695,20683.2,False,268.0,0.0,11.0,0.8436
2019,1011100,"Cross Timbers Energy, LLC - San Juan Basin 580",580,San Juan Basin,0.151468319,21100.2,False,250.0,0.0,3.0,0.7604
2019,1010319,ROCKIES BUSINESS UNIT-BASIN 507,507,Central Western Overthrust,0.030432207,21132.0,False,48.0,0.0,2.0,0.8392
2019,1008364,Riviera Resources 355 Chautauqua Platform Production Segment,355,Chautauqua Platform,0.0030903,22836.7,False,44.0,0.0,13.0,0.7622
2019,1012936,DGOC 160A Production,160A,Appalachian Basin (Eastern Overthrust Area),2.882960855,23491.6,False,32779.0,0.0,111.0,0.9056
2019,1011848,Indigo Resources LLC,230,Arkla Basin,0.226520927,23910.0,False,0.0,0.0,1.0,0.936
2019,1008066,"Jordan Development Company, LLC",305,Michigan Basin,0.1039892,25530.0,False,369.0,1.0,13.0,0.8091
2019,1011654,Urban 535 Green River Basin,535,Green River Basin,0.096398033,26081.0,False,163.0,0.0,2.0,0.8568
2019,1008698,Cimarex Energy Co. of Colorado 360 Anadarko,360,Anadarko Basin,0.066344575,26901.4,False,142.0,0.0,15.0,0.8845
2019,1008170,Dominion Energy Wexpro - Central Western Overthrust (Prod),507,Central Western Overthrust,0.199668411,29988.2,False,153.0,0.0,2.0,0.8666
2019,1008395,"EOG Resources, Inc. 507 Central Western Overthrust",507,Central Western Overthrust,0.115748505,32750.3,False,160.0,0.0,2.0,0.8884
2019,1011684,Sage Natural Resources 420 Fort Worth Syncline,420,Fort Worth Syncline,0.2787085,36969.0,False,232.0,0.0,8.0,0.7951
2019,1013357,Titan Rock Exploration and Production,260,East Texas Basin,0.108068434,39220.0,False,257.0,0.0,5.0,0.91
2019,1008475,EnverVest Operating L.L.C.- 430 HighMount Permian,430,Permian Basin,0.215340195,42323.3,False,5868.0,0.0,18.0,0.8347
2019,1011596,"Wapiti Operating, LLC 575 Uinta Basin",575,Uinta Basin,0.327102979,43181.0,False,337.0,0.0,1.0,0.8828
2019,1008755,Foundation Energy Management 540 DJ Basin,540,Denver Basin,0.155946171,45564.1,False,1415.0,0.0,5.0,0.9444
2019,1012984,"Southern Energy Operating, LLC MidGulf Coast Basin",210,Mid-Gulf Coast Basin,0.133317776,47588.0,False,249.0,0.0,6.0,0.952
2019,1009389,UGC 575 Uintah,575,Uinta Basin,0.260724881,50889.6,False,595.0,0.0,2.0,0.8913
2019,1010673,Paradox Upstream LLC 585 Paradox Basin,585,Paradox Basin,0.09521187,53037.0,False,96.0,5.0,3.0,0.7977
2019,1012706,Hilcorp Energy Company - Green River Basin (535),535,Green River Basin,0.348682593,53288.1,False,595.0,0.0,5.0,0.8425
2019,1009862,"Amplify Energy Operating LLC 220 Gulf Coast Basin (LA, TX)",220,"Gulf Coast Basin (LA, TX)",0.051706024,56278.0,False,38.0,0.0,1.0,0.7206
2019,1009141,XTO Energy Inc 595 Piceance,595,Piceance Basin,0.564689073,58787.2,False,356.0,1.0,2.0,0.8835
2019,1012728,Blackbeard Operating - 415 - Strawn,415,Strawn Basin,1.39474566,61899.6,False,706.0,0.0,4.0,0.771
2019,1010621,TGNR East Texas Basin,260,East Texas Basin,3.065621577,62629.5,False,1736.0,4.0,25.0,0.8996
2019,1008540,Dugan Production Corp- San Juan Basin,580,San Juan Basin,0.203739319,64562.0,False,932.0,5.0,9.0,0.8302
2019,1013691,Ensight IV Energy Management,230,Arkla Basin,1.001899128,65541.0,False,239.0,5.0,6.0,0.9055
2019,1011995,Hilcorp Appalachian Basin (Eastern Overthrust Area),160A,Appalachian Basin (Eastern Overthrust Area),1.047234268,74386.6,False,120.0,9.0,4.0,0.8205
2019,1012509,Aethon Energy Operating-230-Arkla Basin,230,Arkla Basin,6.882744611,75997.0,False,1475.0,52.0,10.0,0.9709
2019,1009785,LARAMIE ENERGY LLC - Piceance Basin (585),595,Piceance Basin,1.79073278,76927.9,False,1481.0,130.0,5.0,0.8726
2019,1007475,ConocoPhillips Anadarko (360),360,Anadarko Basin,0.531489105,77459.5,False,611.0,0.0,33.0,0.8886
2019,1009907,"Comstock Oil & Gas, LLC",260,East Texas Basin,4.340131942,79387.0,False,884.0,14.0,11.0,0.9246
2019,1011081,"CMO, Inc.",745,San Joaquin Basin,0.0,81181.1,False,55.0,0.0,1.0,0.7449
2019,1012070,SilverCreek Chautauqua #355,355,Chautauqua Platform,0.229476079,82278.5,False,63.0,3.0,6.0,0.7036
2019,1011688,Equinor USA Onshore Properties - APB Basin 160A,160A,Appalachian Basin (Eastern Overthrust Area),2.211107425,82288.1,False,41.0,7.0,1.0,0.9725
2019,1008558,360 Anadarko Basin - BP America Production Company,360,Anadarko Basin,0.130104949,87275.0,False,181.0,0.0,5.0,0.8588
2019,1009859,Blackbeard Operating - 220 - Gulf Coast Basin,220,"Gulf Coast Basin (LA, TX)",0.220811649,90044.0,False,541.0,0.0,13.0,0.8793
2019,1013595,Escondido Gulf Coast #220 OP,220,"Gulf Coast Basin (LA, TX)",1.593710507,91428.9,False,130.0,20.0,3.0,0.8565
2019,1012605,"Trinity Operating USG, LLC - Chautauqua Platform (Basin 355)",355,Chautauqua Platform,2.003553372,94121.0,False,360.0,19.0,4.0,0.7661
2019,1013390,Triad Hunter,160A,Appalachian Basin (Eastern Overthrust Area),1.400449961,95291.2,False,60.0,2.0,3.0,0.9632
2019,1013657,Bedrock 420 Fort Worth Syncline,420,Fort Worth Syncline,1.456401126,101335.0,False,797.0,0.0,6.0,0.7221
2019,1011765,"EagleRidge Operating, LLC. Fort Worth Syncline Basin",420,Fort Worth Syncline,0.763910613,102291.9,False,624.0,0.0,9.0,0.7954
2019,1007486,"Tanos Exploration II, LLC Arkla Basin, AAPG 230",230,Arkla Basin,0.95860124,104238.9,False,661.0,1.0,5.0,0.9296
2019,1007476,Lime Rock Resources Fort Worth Syncline (420),420,Fort Worth Syncline,0.515936525,106630.8,False,656.0,3.0,6.0,0.7117
2019,1012816,"ORX Resources, LLC - Gulf Coast Basin (220)",220,"Gulf Coast Basin (LA, TX)",0.110489435,117749.0,False,63.0,0.0,6.0,0.8501
2019,1013214,SEP Fort Worth Syncline 420 Production,420,Fort Worth Syncline,0.511561959,119826.1,False,764.0,0.0,6.0,0.8408
2019,1013113,Nytis Exploration Company LLC 160 Appalachian Basin Production,160,Appalachian Basin,0.578356217,120873.1,False,6091.0,0.0,63.0,0.8482
2019,1009932,"Enervest Operating, L.L.C. 160A Appalachian Basin (Eastern Overthrust area)",160A,Appalachian Basin (Eastern Overthrust Area),1.162349551,127799.6,False,7023.0,57.0,32.0,0.8805
2019,1008353,"EOG Resources, Inc. 535 Green River basin",535,Green River Basin,0.179830808,128790.0,False,398.0,0.0,3.0,0.8252
2019,1011689,"Goodrich Petroleum Company, Basin 210 (Mid-Gulf Coast Basin)",210,Mid-Gulf Coast Basin,0.0,130246.4,False,16.0,0.0,2.0,0.6216
2019,1008116,XTO Energy Inc 160A Appalachian E Overthrust,160A,Appalachian Basin (Eastern Overthrust Area),5.621842104,144033.9,False,1070.0,42.0,22.0,0.8842
2019,1008783,CNX Gas Company LLC -160A Appalachian Basin Eastern Overthrust Area,160A,Appalachian Basin (Eastern Overthrust Area),6.540524589,144462.5,False,3533.0,46.0,48.0,0.9457
2019,1009837,"Bluefin Resources LLC 220 Gulf Coast Basin (LA, TX)",220,"Gulf Coast Basin (LA, TX)",0.040824217,147513.9,False,42.0,1.0,6.0,0.7206
2019,1008548,BOC 220 Gulf Coast Basin Onshore,220,"Gulf Coast Basin (LA, TX)",0.006032554,149024.0,False,26.0,0.0,4.0,0.8735
2019,1010181,Ursa Resources Group II - 595 - Piceance Basin,595,Piceance Basin,1.247058241,151415.0,False,622.0,14.0,2.0,0.8256
2019,1010396,Riviera Resources 260 East Texas Basin Production Segment,260,East Texas Basin,0.958708421,153284.7,False,948.0,0.0,7.0,0.9364
2019,1013034,SEP East Texas Basin 260 Production,260,East Texas Basin,0.000696053,153565.5,False,184.0,0.0,5.0,0.2978
2019,1008976,"EOG Resources, Inc. 350 South Oklahoma folded belt",350,South Oklahoma Folded Belt,0.291505528,155705.5,False,223.0,0.0,2.0,0.6847
2019,1011706,Gulfport Energy Appalachian Basin 160-A Eastern Overthrust Region,160A,Appalachian Basin (Eastern Overthrust Area),11.62179108,161728.0,False,374.0,47.0,4.0,0.912
2019,1013751,Basin 375 - BCE-Mach LLC,375,Sedgwick Basin,0.11255535,164688.5,False,74.0,0.0,6.0,0.8605
2019,1012059,SHD Oil & Gas Williston (395) Basin,395,Williston Basin,0.00120326,176868.3,False,18.0,1.0,2.0,0.4114
2019,1011535,Grizzly Piceance Basin (595),595,Piceance Basin,0.579531062,181703.6,False,936.0,0.0,1.0,0.8509
2019,1008590,Dominion Energy Wexpro - Green River Basin (Prod),535,Green River Basin,1.279583353,182834.0,False,554.0,5.0,6.0,0.865
2019,1011231,Cook Inlet Energy Onshore Production,820,AK Cook Inlet Basin,0.037206859,183338.0,False,15.0,0.0,2.0,0.8673
2019,1008545,BCE-Mach III LLC. 350 South Oklahoma,350,South Oklahoma Folded Belt,0.063773454,188511.6,False,93.0,0.0,10.0,0.7931
2019,1011895,Aethon Energy Operating-530-Wind River Basin,530,Wind River Basin,0.487650097,192557.0,False,155.0,0.0,4.0,0.8567
2019,1008959,"Compass Production Partners, LP - Permian Basin #430",430,Permian Basin,0.057554589,192568.9,False,448.0,0.0,3.0,0.6679
2019,1009686,Nadel and Gussman Ruston Arkla Basin No. 230,230,Arkla Basin,0.660474815,194051.6,False,152.0,6.0,11.0,0.9054
2019,1008807,SandRidge 375 Sedgwick Basin,375,Sedgwick Basin,0.207214208,194735.5,False,114.0,0.0,4.0,0.7698
2019,1011804,CalNRG- Lynch Canyon Field,740,Coastal Basins,0.0,196329.0,False,26.0,0.0,1.0,0.1584
2019,1010839,Amplify Energy Operating 260 East Texas Basin,260,East Texas Basin,0.752136117,197596.0,False,548.0,0.0,17.0,0.8182
2019,1009845,Anadarko Basin,360,Anadarko Basin,0.098260805,200375.9,False,312.0,0.0,7.0,0.8209
2019,1012060,White Rock Oil & Gas LLC - 230 ArkLa,230,Arkla Basin,0.009318749,200583.7,False,79.0,0.0,3.0,0.513
2019,1011962,Paxton Resources,305,Michigan Basin,0.038899864,204234.0,False,169.0,3.0,5.0,0.7745
2019,1007599,"Indigo Minerals, LLC",230,Arkla Basin,12.8191318,209115.9,False,940.0,51.0,7.0,0.9325
2019,1012030,Houston Counties Oil and Gas Production Facilities,260,East Texas Basin,0.040449689,215738.5,False,61.0,0.0,3.0,0.7822
2019,1009076,580 San Juan Basin - Simcoe LLC,580,San Juan Basin,6.852447504,218022.7,False,3658.0,0.0,7.0,0.8721
2019,1012014,White Knight 420 Fort Worth Syncline,420,Fort Worth Syncline,0.072878835,219464.0,False,125.0,0.0,4.0,0.7152
2019,1010164,Daylight Petroleum LLC (Pintail Acquisition),220,"Gulf Coast Basin (LA, TX)",0.015816377,219604.0,False,57.0,0.0,31.0,0.7689
2019,1013111,Hilcorp Energy Company - Central Overthrust Basin (507),507,Central Western Overthrust,0.788943162,223760.6,False,946.0,0.0,5.0,0.8522
2019,1009582,Naftex Operating Company,745,San Joaquin Basin,0.0,226927.0,False,221.0,3.0,1.0,0.1217
2019,1013035,DGOC 160 Production,160,Appalachian Basin,2.607980006,231053.0,False,21034.0,0.0,103.0,0.8313
2019,1010117,Core Energy Otsego County EOR Operations,305,Michigan Basin,0.015925623,231099.0,False,24.0,0.0,6.0,0.7908
2019,1010320,BASIN 305 PRODUCTION,305,Michigan Basin,0.266789629,242704.0,False,1636.0,0.0,17.0,0.821
2019,1013087,Texas American 220 Gulf Coast Basin,220,"Gulf Coast Basin (LA, TX)",0.012429914,255455.0,False,14.0,3.0,9.0,0.6763
2019,1012048,Missouri River Resources Williston Basin 395,395,Williston Basin,0.018387684,255524.0,False,9.0,0.0,1.0,0.4903
2019,1010485,"Sanguine Gas Exploration, LLC 360 Anadarko Basin Production",360,Anadarko Basin,0.279163986,257091.0,False,246.0,0.0,9.0,0.8691
2019,1013346,"Urban Oil & Gas Group, LLC- Arkla Basin (230)",230,Arkla Basin,0.044769718,262173.3,False,306.0,0.0,7.0,0.7609
2019,1011752,SK Plymouth LLC Anadarko Basin,360,Anadarko Basin,0.095348,263451.6,False,111.0,2.0,3.0,0.6903
2019,1009192,Whiting Oil and Gas Corporation 430 Permian Basin,430,Permian Basin,0.022894133,263965.0,False,195.0,0.0,9.0,0.4787
2019,1011652,"Urban 220 Gulf Coast Basin (LA, TX)",220,"Gulf Coast Basin (LA, TX)",0.165991609,277915.3,False,462.0,0.0,30.0,0.7353
2019,1009328,MERIT ENERGY CO LLC 350 SOUTH OKLAHOMA FOLDED BELT,350,South Oklahoma Folded Belt,0.096247644,280206.2,False,266.0,0.0,5.0,0.5133
2019,1011662,Slant Operating LLC,430,Permian Basin,0.184022842,285015.0,False,1094.0,2.0,8.0,0.697
2019,1013682,Clear Creek Resource Partners,540,Denver Basin,0.0036143,290609.0,False,23.0,4.0,2.0,0.6375
2019,1013080,Rockcliff Energy 260 East Texas Basin,260,East Texas Basin,5.371657007,291410.5,False,1050.0,31.0,17.0,0.9248
2019,1010291,"Miller Energy Company II, LLC",305,Michigan Basin,1.144e-05,294948.0,False,454.0,0.0,14.0,0.592
2019,1009811,ARKLATX BUSINESS UNIT-BASIN 260 (East TX Only),260,East Texas Basin,0.293302696,322529.0,False,964.0,0.0,14.0,0.9622
2019,1013706,"HRM Resources III, LLC",535,Green River Basin,0.460981278,327539.0,False,214.0,11.0,3.0,0.78
2019,1008411,JMA Energy 360,360,Anadarko Basin,0.295424085,329502.7,False,183.0,0.0,18.0,0.7858
2019,1008354,"EOG Resources, Inc. 575 Uinta basin",575,Uinta Basin,0.570125957,333021.2,False,1098.0,0.0,1.0,0.8776
2019,1010397,Riviera Resources 535 Green River Basin Production Segment,535,Green River Basin,0.590344193,337268.4,False,614.0,3.0,2.0,0.8299
2019,1008598,"Duncan Oil Properties, Inc. 360 Anadarko Basin",360,Anadarko Basin,0.131879244,348946.1,False,118.0,2.0,12.0,0.6365
2019,1012947,Southwestern Production Corp Powder River Basin (515) Operations,515,Powder River Basin,4.899e-06,349524.0,False,34.0,5.0,1.0,0.62
2019,1012734,Jay-Bee Oil & Gas Wellsites,160A,Appalachian Basin (Eastern Overthrust Area),1.771044835,355065.0,False,486.0,6.0,8.0,0.7938
2019,1008296,Caerus Piceance LLC,595,Piceance Basin,3.986305052,358420.1,False,4192.0,61.0,5.0,0.8747
2019,1009165,Uinta Basin - Caerus Uintah,575,Uinta Basin,2.495542197,363139.0,False,2766.0,0.0,1.0,0.8385
2019,1009436,Muskegon Development Company,305,Michigan Basin,0.166056879,373902.0,False,1001.0,2.0,12.0,0.774
2019,1006750,TRC cYPRESS gROUP LLC,745,San Joaquin Basin,0.0,376661.0,False,125.0,0.0,2.0,0.4165
2019,1008306,Riviera Resources 360 Anadarko Basin Production Segment,360,Anadarko Basin,0.209107494,389195.8,False,638.0,6.0,39.0,0.8516
2019,1012040,"Tanos Exploration II, LLC - Basin 260",260,East Texas Basin,2.009626731,390221.5,False,551.0,14.0,11.0,0.9134
2019,1013381,Enerplus Resources (USA) Corporation - Denver Basin,540,Denver Basin,0.00320784,393578.0,False,10.0,5.0,1.0,0.6431
2019,1010765,BreitBurn Florida LLC,140,Florida Platform,0.0,408840.0,False,15.0,0.0,3.0,0.3991
2019,1009967,"Enervest Operating, L.L.C. 160 Appalachian Basin",160,Appalachian Basin,0.142416717,409534.8,False,3486.0,0.0,28.0,0.84
2019,1013732,Basin 360 - Mach II,360,Anadarko Basin,0.679010373,426610.0,False,653.0,0.0,21.0,0.8354
2019,1008392,Sheridan Production Company LLC 260 East Texas Basin,260,East Texas Basin,0.990647237,434156.6,False,1093.0,0.0,10.0,0.8578
2019,1013369,"1876 Resources, LLC - Denver Basin",540,Denver Basin,0.094502903,438669.0,False,44.0,11.0,1.0,0.756
2019,1011223,Petro Harvester Operating Company LLC - Gulf Coast Basin (Basin 220),220,"Gulf Coast Basin (LA, TX)",0.068967376,446170.8,False,201.0,1.0,15.0,0.8983
2019,1008355,"TEP Rocky Mountain, LLC - 595 Piceance basin",595,Piceance Basin,6.932340047,487241.6,False,5372.0,69.0,2.0,0.8815
2019,1009783,"White Oak Energy 220 Gulf Coast Basin (LA, TX)",220,"Gulf Coast Basin (LA, TX)",0.189007363,488989.0,False,447.0,0.0,41.0,0.7958
2019,1008977,"EOG Resources, Inc. 420 Fort Worth syncline",420,Fort Worth Syncline,1.118891162,493816.9,False,744.0,0.0,2.0,0.6941
2019,1012893,BlueCrest Alaska - 820 Cook Inlet Basin,820,AK Cook Inlet Basin,0.066395279,508175.0,False,5.0,1.0,1.0,0.9519
2019,1009332,"Hilcorp Alaska, LLC 820 Kenai",820,AK Cook Inlet Basin,1.435830273,509889.0,False,258.0,3.0,5.0,0.8645
2019,1009239,Chevron MCA 260 East Texas Basin,260,East Texas Basin,0.624061977,510559.0,False,517.0,0.0,6.0,0.8398
2019,1012569,515 Powder River Basin,515,Powder River Basin,0.056943273,521864.0,False,108.0,2.0,3.0,0.6666
2019,1008308,"Shadow Wolf Energy, LLC. - Los Angeles Basin 760",760,Los Angeles Basin,0.0,530737.4,False,156.0,0.0,1.0,0.5551
2019,1010718,Antero Resources - 160 - Appalachian Basin (Utica),160,Appalachian Basin,2.069187183,542507.8,False,130.0,0.0,2.0,0.7927
2019,1012666,"FDL Operating, LLC 430 Permian Basin",430,Permian Basin,0.069335327,562969.0,False,132.0,1.0,2.0,0.5706
2019,1009584,Sabine Oil & Gas Corporation - 260 - East Texas Basin,260,East Texas Basin,3.110139143,565936.0,False,1084.0,16.0,12.0,0.8918
2019,1008242,"OLIPDP II, LLC - 220 - Gulf Coast Basin (LA, TX)",220,"Gulf Coast Basin (LA, TX)",0.802871002,579832.2,False,125.0,12.0,10.0,0.8298
2019,1002978,Arroyo Grande Production Facility,740,Coastal Basins,0.0,580154.4,False,185.0,13.0,1.0,0.534
2019,1011463,"Petro Harvester Operating Co., LLC 395 Williston Basin",395,Williston Basin,0.065083998,581282.8,False,123.0,15.0,3.0,0.619
2019,1009135,Kaiser-Francis Oil Company 360 Anadarko Basin,360,Anadarko Basin,0.387228757,592280.4,False,372.0,0.0,52.0,0.8792
2019,1010318,"Mission Creek OpCo, LLC - Arkla Basin",230,Arkla Basin,0.095993778,593609.9,False,264.0,6.0,2.0,0.7118
2019,1007807,BADAMI DEVELOPMENT FACILITY,890,Arctic Coastal Plains Province,0.0,597642.0,False,11.0,0.0,1.0,0.833
2019,1007037,"J. Cleo Thompson & James Cleo Thompson, Jr. L.P. 430 Permian Basin",430,Permian Basin,0.042213571,613899.2,False,642.0,0.0,22.0,0.6669
2019,1009762,Luff Exploration Company - 395 - Williston Basin,395,Williston Basin,0.001783534,645730.0,False,69.0,0.0,2.0,0.4064
2019,1010738,"Cat Canyon Resources, LLC 750 Santa Maria Basin",750,Santa Maria Basin,0.0,647991.0,False,461.0,0.0,1.0,0.866
2019,1009813,PERMIAN BUSINESS UNIT- BASIN 430,430,Permian Basin,0.04385907,655204.0,False,586.0,0.0,29.0,0.6678
2019,1013285,MFEU-Uinta Basin Production,575,Uinta Basin,0.561171242,661537.0,False,840.0,18.0,3.0,0.9135
2019,1010784,"Burnett Oil Co., Inc. 430 Permian Basin",430,Permian Basin,0.096643918,667623.4,False,266.0,7.0,3.0,0.7717
2019,1013938,Monadnock Resources 430 Permian Basin,430,Permian Basin,0.0,686077.7,False,22.0,8.0,2.0,0.6119
2019,1011673,Holmes Western Oil Corporation,745,San Joaquin Basin,0.0,687841.0,False,866.0,0.0,4.0,0.8241
2019,1010707,"Grade 6 Oil, LLC",745,San Joaquin Basin,0.0,760564.4,False,127.0,27.0,1.0,0.602
2019,1009143,XTO Energy Inc 360 Anadarko,360,Anadarko Basin,0.54444139,771481.2,False,1301.0,9.0,32.0,0.7206
2019,1007484,San Juan Basin (580),580,San Juan Basin,9.820248757,771679.0,False,11778.0,4.0,13.0,0.8463
2019,1010233,EQT Production - Basin 160A - Appalachian Eastern Overthrust,160A,Appalachian Basin (Eastern Overthrust Area),23.190591665,778906.0,False,2594.0,105.0,50.0,0.882
2019,1013626,"Scala Energy, LLC - 430 (Permian Basin)",430,Permian Basin,0.489504961,812259.0,False,14.0,4.0,1.0,0.7791
2019,1013993,Hibernia Resources III LLC,430,Permian Basin,0.09323087,815656.0,False,148.0,2.0,4.0,0.7645
2019,1008224,WildFire Energy Operating LLC,220,"Gulf Coast Basin (LA, TX)",0.079130779,820280.5,False,200.0,1.0,14.0,0.783
2019,1013412,White Rock Oil & Gas LLC - 430 - Permian,430,Permian Basin,0.096805085,832887.9,False,526.0,0.0,14.0,0.6593
2019,1009082,XTO Energy Inc 230 Arkla,230,Arkla Basin,0.554420477,841443.3,False,863.0,11.0,20.0,0.8129
2019,1004905,Pacific Coast Energy Company LP,750,Santa Maria Basin,0.0,853762.6,False,275.0,0.0,1.0,0.55
2019,1013091,Australis TMS Inc. 210 Mid-Gulf Coast Basin,210,Mid-Gulf Coast Basin,0.0,856389.0,False,33.0,4.0,2.0,0.5904
2019,1011546,Altas 220/Gulf Coast - Eagle Ford,220,"Gulf Coast Basin (LA, TX)",0.030587623,873020.8,False,59.0,0.0,1.0,0.5569
2019,1012528,Scout Energy Anadarko Basin Production,360,Anadarko Basin,3.362323581,873649.2,False,11816.0,0.0,32.0,0.6892
2019,1013021,"Petro-Hunt Dakota, L.L.C.",395,Williston Basin,0.040184723,876234.1,False,81.0,0.0,3.0,0.6555
2019,1003056,"Bridge Energy, LLC - Brea Stearns Facility",760,Los Angeles Basin,0.0,880042.6,False,299.0,0.0,2.0,0.5505
2019,1009588,Lewis Energy Group,220,"Gulf Coast Basin (LA, TX)",7.476295032,888921.0,False,1975.0,43.0,5.0,0.8588
2019,1013337,Triumph Anadarko #360 OP,360,Anadarko Basin,0.537293278,908823.5,False,95.0,18.0,3.0,0.8422
2019,1013135,"Eclipse Resources 1, LP - 160A Basin Production",160A,Appalachian Basin (Eastern Overthrust Area),4.835438499,909955.0,False,103.0,36.0,4.0,0.9248
2019,1012724,"LOGOS OPERATING, LLC",580,San Juan Basin,1.028805015,941761.0,False,1372.0,3.0,10.0,0.8773
2019,1008190,West Bay,305,Michigan Basin,0.032704601,945867.0,False,90.0,1.0,10.0,0.5873
2019,1008587,Valence Operating Co 260 East Texas Basin,260,East Texas Basin,0.777915052,946407.0,False,547.0,11.0,24.0,0.8686
2019,1012945,Basin 220 - Extex Operating Company,220,"Gulf Coast Basin (LA, TX)",0.473748089,958004.9,False,355.0,0.0,6.0,0.8821
2019,1008299,"LAMBDA ENERGY RESOURCES, LLC-Michigan Basin",305,Michigan Basin,0.198161844,980666.0,False,943.0,0.0,22.0,0.7052
2019,1013606,Tall City Operations III LLC,430,Permian Basin,0.097267387,1002151.4,False,36.0,7.0,3.0,0.7458
2019,1013344,"Armor Energy, LLC",220,"Gulf Coast Basin (LA, TX)",0.005059476,1036090.0,False,50.0,5.0,1.0,0.16
2019,1008456,"Approach Operating, LLC 430 Permian Basin",430,Permian Basin,0.000494005,1038285.9,False,855.0,0.0,4.0,0.7538
2019,1012909,"Pinedale Energy Partners Operating, LLC 535 Green River Basin",535,Green River Basin,3.894399401,1042082.5,False,1201.0,26.0,1.0,0.9203
2019,1013306,"HG Energy II Appalachia, LLC.",160A,Appalachian Basin (Eastern Overthrust Area),3.613035515,1044877.0,False,169.0,10.0,8.0,0.8199
2019,1013580,Contango Basin 360,360,Anadarko Basin,0.251612032,1045351.0,False,224.0,7.0,8.0,0.7412
2019,1008528,"Chesapeake Operating LLC, 260 - East Texas Basin",260,East Texas Basin,0.02525649,1078458.0,False,120.0,3.0,2.0,0.5336
2019,1011519,Grizzly Basin 430 (Permian),430,Permian Basin,0.268651081,1087955.0,False,1452.0,0.0,31.0,0.6696
2019,1009126,Impact E&P Powder River Basin Operations,515,Powder River Basin,0.033284785,1091241.0,False,32.0,9.0,1.0,0.6522
2019,1012988,"PennEnergy Resources, LLC - Basin 160A - Appalachian Eastern Overthrust",160A,Appalachian Basin (Eastern Overthrust Area),4.861629528,1111020.0,False,373.0,41.0,5.0,0.8036
2019,1013227,Basin 360 - SK Nemaha,360,Anadarko Basin,0.182014858,1111133.8,False,118.0,16.0,2.0,0.7604
2019,1012100,SEP Williston Basin 395 Production,395,Williston Basin,0.396739148,1122496.7,False,3100.0,0.0,13.0,0.805
2019,1008167,Berry Petroleum Company - Uinta Basin 575,575,Uinta Basin,0.280351984,1164866.0,False,986.0,9.0,1.0,0.8618
2019,1013742,Luxe 430 Permian Basin,430,Permian Basin,0.240100866,1186571.0,False,43.0,18.0,4.0,0.5706
2019,1013948,Teal Natural Resources 220 Gulf Coast Basin,220,"Gulf Coast Basin (LA, TX)",0.057045671,1202024.6,False,69.0,11.0,5.0,0.7601
2019,1011534,BBOG Gulf Coast Basin #220,220,"Gulf Coast Basin (LA, TX)",0.237929844,1217178.2,False,99.0,5.0,10.0,0.7564
2019,1012825,Fairway Resources,360,Anadarko Basin,0.433692002,1248503.0,False,,,,
2019,1009607,"Williston Basin/SOGC, Inc.",395,Williston Basin,0.020569424,1255123.5,False,72.0,10.0,6.0,0.5701
2019,1013417,Abraxas Petroleum 430 Permian Basin,430,Permian Basin,0.071052741,1269112.0,False,54.0,7.0,8.0,0.5706
2019,1008885,"Tellus Operating Group, LLC - MS Operations",210,Mid-Gulf Coast Basin,0.069059861,1293548.6,False,258.0,0.0,7.0,0.9134
2019,1013026,Hinkle Oil & Gas Inc.,360,Anadarko Basin,0.093854674,1294369.0,False,261.0,7.0,7.0,0.7659
2019,1012437,"MMGL TXPH, LLC - 360 - Anadarko Basin",360,Anadarko Basin,1.372832529,1313265.0,False,1307.0,3.0,8.0,0.8428
2019,1013318,Recoil Resources 220 Gulf Coast Basin,220,"Gulf Coast Basin (LA, TX)",0.0,1363977.0,False,99.0,9.0,2.0,0.61
2019,1008203,Powder River Basin - AAPG Province 515,515,Powder River Basin,0.100051834,1375691.0,False,68.0,6.0,4.0,0.7132
2019,1011250,Formentera Operations LLC,395,Williston Basin,0.071828933,1382371.0,False,207.0,2.0,1.0,0.5104
2019,1010837,Matador Production Company - Gulf Coast,220,"Gulf Coast Basin (LA, TX)",0.067862811,1439205.5,False,123.0,7.0,11.0,0.7187
2019,1008052,DJR Operating - San Juan Basin Oil and Gas Production,580,San Juan Basin,0.24201125,1447445.1,False,502.0,14.0,6.0,0.6887
2019,1008622,535 Green River Basin - BP America Production Company,535,Green River Basin,1.477761649,1467286.0,False,1601.0,0.0,2.0,0.8295
2019,1009848,GeoSouthern Energy Corporation,220,"Gulf Coast Basin (LA, TX)",1.064925897,1472214.0,False,160.0,20.0,27.0,0.7157
2019,1009830,"Sage Butte PRB Operating, LLC (Basin 515) Powder River Basin",515,Powder River Basin,0.149286708,1587499.5,False,95.0,11.0,3.0,0.7838
2019,1011773,"Earthstone Operating, LLC - Basin 220",220,"Gulf Coast Basin (LA, TX)",0.03070089,1611791.0,False,116.0,10.0,5.0,0.6461
2019,1009115,Ovintiv USA Inc. 355.Chautauqua Platform,355,Chautauqua Platform,0.120367864,1631705.0,False,36.0,1.0,4.0,0.7794
2019,1011666,Lindsay Field Office,360,Anadarko Basin,2.250197485,1640952.0,False,166.0,14.0,1.0,0.8353
2019,1010701,"Amplify Operating Oklahoma, LLC.",360,Anadarko Basin,0.782148685,1732596.9,False,344.0,0.0,6.0,0.7863
2019,1000435,Merit Energy Co. South Texas 220 Gulf Coast Basin,220,"Gulf Coast Basin (LA, TX)",1.654210579,1743620.0,False,1776.0,13.0,11.0,0.9181
2019,1008506,Mid-Gulf Coast Basin Code 210,210,Mid-Gulf Coast Basin,0.076440182,1788515.0,False,119.0,2.0,13.0,0.6546
2019,1008857,CRI 515 Powder River,515,Powder River Basin,0.102923099,1819975.0,False,137.0,9.0,4.0,0.7471
2019,1009098,EQT CHAP LLC - Basin 160A - Appalachian Eastern Overthrust,160A,Appalachian Basin (Eastern Overthrust Area),3.746805068,1829168.5,False,414.0,36.0,9.0,0.9347
2019,1013386,Tug Hill Operating Appalachia,160A,Appalachian Basin (Eastern Overthrust Area),2.446147164,1856334.0,False,148.0,60.0,1.0,0.7628
2019,1012571,West Ranch Field,220,"Gulf Coast Basin (LA, TX)",0.000547066,1907371.8,False,372.0,13.0,2.0,0.342
2019,1013304,Helis Oil & Gas LLC - Denver Basin (540) Operations,540,Denver Basin,0.028048498,1908574.0,False,13.0,4.0,1.0,0.6866
2019,1013324,"Kraken Oil and Gas III, LLC",395,Williston Basin,0.029946772,1949626.5,False,73.0,15.0,1.0,0.4113
2019,1009490,Rosewood Resources Inc.,220,"Gulf Coast Basin (LA, TX)",0.046423723,1953005.0,False,45.0,24.0,10.0,0.719
2019,1011923,White Rock Oil & Gas LLC - 395 Williston,395,Williston Basin,0.040576125,2013820.4,False,299.0,0.0,18.0,0.5767
2019,1011450,Jonah Energy LLC_AAPG 535_Green River Basin,535,Green River Basin,5.342986786,2018971.2,False,2316.0,141.0,1.0,0.897
2019,1012664,SOUTHLAND ROYALTY COMPANY LLC-GREEN RIVER BASIN 535,535,Green River Basin,1.511163325,2056374.1,False,1016.0,33.0,3.0,0.8221
2019,1013728,"PetroShale (US), Inc.",395,Williston Basin,0.074606726,2060699.0,False,28.0,14.0,2.0,0.566
2019,1009335,Presidio Petroleum 360 Anadarko Basin,360,Anadarko Basin,1.292865456,2086732.3,False,1380.0,0.0,30.0,0.7922
2019,1009706,"SilverBow Resources, LLC - Basin 220",220,"Gulf Coast Basin (LA, TX)",3.118760754,2115917.9,False,332.0,31.0,5.0,0.8469
2019,1013897,UpCurve 430 Permian Basin,430,Permian Basin,0.404694248,2119834.0,False,27.0,12.0,1.0,0.7389
2019,1009125,PureWest/Green River Basin,535,Green River Basin,8.367063585,2143982.3,False,2263.0,72.0,1.0,0.9282
2019,1013264,Anschutz Exploration Corporation - Powder River Basin,515,Powder River Basin,0.124834332,2161898.0,False,50.0,11.0,3.0,0.6342
2019,1011831,Point Thomson Production Facility,890,Arctic Coastal Plains Province,0.0,2174519.0,False,1.0,0.0,1.0,0.6624
2019,1009624,SM Energy (Basin 220) South Texas,220,"Gulf Coast Basin (LA, TX)",3.729783048,2245397.0,False,539.0,31.0,2.0,0.7831
2019,1010258,Templar Operating LLC - 360 - Anadarko Basin,360,Anadarko Basin,1.221533999,2370797.0,False,1025.0,6.0,22.0,0.8062
2019,1008639,Citation Oil & Gas Corp. 430 Permian Basin,430,Permian Basin,0.099194501,2398929.0,False,1103.0,0.0,19.0,0.4493
2019,1014129,RPOC - Basin 430 - Permian Basin,430,Permian Basin,0.071038622,2434938.7,False,66.0,11.0,4.0,0.632
2019,1008087,Bayswater Exploration & Production Denver Basin (540) Operations,540,Denver Basin,0.156048397,2435437.2,False,133.0,26.0,2.0,0.6599
2019,1009547,Revolution Operating Company Anadarko 360,360,Anadarko Basin,1.007282294,2471491.3,False,574.0,8.0,25.0,0.8063
2019,1004628,MACPHERSON OIL COMPANY,745,San Joaquin Basin,0.0,2523979.7,False,463.0,5.0,1.0,0.66
2019,1013736,APR - Basin 430 - Production,430,Permian Basin,1.056338204,2531999.0,False,48.0,11.0,2.0,0.7747
2019,1012823,San Joaquin Production Facilities,745,San Joaquin Basin,0.05935601,2554586.3,False,1399.0,52.0,2.0,0.4202
2019,1009731,Verdad Resources LLC - DJ Basin,540,Denver Basin,0.176494089,2620928.6,False,205.0,24.0,4.0,0.6571
2019,1008383,Marathon Oil So. Oklahoma Folded Belt (AAPG 350),350,South Oklahoma Folded Belt,0.928010204,2624935.0,False,67.0,20.0,8.0,0.7727
2019,1008788,"Texland Petroleum, LP, 430 - Permian Basin",430,Permian Basin,0.028608973,2678918.0,False,743.0,11.0,11.0,0.6402
2019,1013671,"Inpex 220 Gulf Coast Basin (LA, TX)",220,"Gulf Coast Basin (LA, TX)",0.084476433,2766164.0,False,42.0,9.0,4.0,0.7066
2019,1008700,COTERRA ENERGY - 430 - PERMIAN BASIN,430,Permian Basin,0.519272751,2871586.4,False,419.0,0.0,17.0,0.7603
2019,1013289,BPH PowderRiverBasinWY,515,Powder River Basin,0.1745906,2937137.0,False,114.0,14.0,3.0,0.4916
2019,1011847,GulfTex Gulf Coast Basin #220,220,"Gulf Coast Basin (LA, TX)",0.118074518,2960670.5,False,7.0,2.0,4.0,0.7921
2019,1009357,Finley Resources Inc - Uintah Basin (575),575,Uinta Basin,0.102159658,2993539.4,False,341.0,46.0,2.0,0.8681
2019,1008241,Unit Petroleum 783 Anadarko Basin,360,Anadarko Basin,1.414495887,3045074.3,False,1021.0,22.0,24.0,0.8102
2019,1013393,"PERCUSSION PETROLEUM OPER II, LLC",430,Permian Basin,0.117577045,3070980.0,False,63.0,11.0,3.0,0.7286
2019,1008806,SandRidge 360 Anadarko Basin,360,Anadarko Basin,1.434536897,3080658.3,False,912.0,16.0,24.0,0.8204
2019,1009274,MERIT ENERGY CO LLC 360 ANADARKO BASIN,360,Anadarko Basin,1.105765291,3081439.7,False,3883.0,24.0,25.0,0.7084
2019,1012021,Liberty Resources Managment LLC 395 Williston Basin,395,Williston Basin,0.117703102,3087463.0,False,104.0,13.0,5.0,0.6456
2019,1013078,"EOG Resources, Inc. 355 Chautauqua Platform",355,Chautauqua Platform,0.158201847,3105153.1,False,45.0,0.0,2.0,0.7358
2019,1012024,Tapstone 360 Anadarko,360,Anadarko Basin,1.741837282,3118002.1,False,423.0,14.0,12.0,0.8483
2019,1011185,Lime Rock Resources V-A Williston Basin 395,395,Williston Basin,0.240081978,3130516.0,False,77.0,4.0,8.0,0.5991
2019,1011454,Ascent Resources - Utica (160a),160A,Appalachian Basin (Eastern Overthrust Area),20.907736989,3137612.3,False,391.0,98.0,3.0,0.8821
2019,1011318,Peak Powder River Resources,515,Powder River Basin,0.234086774,3166729.0,False,88.0,18.0,2.0,0.644
2019,1008439,Javelin Energy Partners Management Gulf Coast Basin,220,"Gulf Coast Basin (LA, TX)",0.073929728,3194283.0,False,284.0,31.0,6.0,0.7224
2019,1013354,"Trinity Operating (USG), LLC - Gulf Coast Basin (220)",220,"Gulf Coast Basin (LA, TX)",0.141570182,3236482.1,False,347.0,30.0,7.0,0.6815
2019,1013301,"Kraken Oil and Gas, LLC",395,Williston Basin,0.035362445,3257877.0,False,37.0,13.0,2.0,0.5751
2019,1013983,Advance Energy Partners - Basin 430,430,Permian Basin,0.143943554,3273566.1,False,41.0,18.0,3.0,0.6986
2019,1012449,"Blackbeard Operating, LLC - 430 Permian Basin",430,Permian Basin,0.311268092,3297402.0,False,688.0,89.0,11.0,0.7489
2019,1013483,Earthstone Energy 430 Permian,430,Permian Basin,0.305748269,3318024.0,False,79.0,0.0,4.0,0.5706
2019,1008079,XTO Energy Inc 260 East Texas,260,East Texas Basin,10.762838836,3321021.9,False,5158.0,58.0,46.0,0.8755
2019,1011387,Crestone Peak - Denver Basin (Watkins),540,Denver Basin,0.169403549,3373351.5,False,84.0,20.0,2.0,0.637
2019,1009185,"Fundare Resources Operating Company, LLC",540,Denver Basin,0.284431977,3405611.0,False,321.0,0.0,1.0,0.7694
2019,1009956,"Elk Operating Services, LLC 585 Paradox Basin",585,Paradox Basin,0.02447384,3517693.8,False,392.0,0.0,1.0,0.1208
2019,1013771,"Zavanna, LLC Williston Basin (395) Operations",395,Williston Basin,0.383028353,3521624.6,False,129.0,16.0,2.0,0.4194
2019,1013833,Mewbourne Oil Company - Anadarko Basin 360,360,Anadarko Basin,1.014951073,3558873.0,False,1193.0,9.0,30.0,0.78
2019,1007777,EP Energy E&P 430 Permian Basin,430,Permian Basin,0.971812131,3667847.0,False,468.0,0.0,4.0,0.7172
2019,1008352,"EOG Resources, Inc. 360 Anadarko basin",360,Anadarko Basin,0.33791981,3681694.2,False,293.0,0.0,9.0,0.7806
2019,1008577,Basin 395 North Dakota - OSP,395,Williston Basin,0.048533466,3767644.6,False,149.0,8.0,4.0,0.5004
2019,1009265,360 Anadarko Basin,360,Anadarko Basin,1.084736948,3846178.6,False,463.0,59.0,16.0,0.8016
2019,1009242,San Juan Basin,580,San Juan Basin,1.099657364,3848961.8,False,920.0,0.0,9.0,0.8434
2019,1013413,"Eclipse Resources I, LP",160,Appalachian Basin,1.152744732,3872766.0,False,68.0,4.0,2.0,0.7789
2019,1012873,"Lonestar Resources 220 Gulf Coast Basin (LA, TX)",220,"Gulf Coast Basin (LA, TX)",0.42254339,3904585.9,False,214.0,14.0,14.0,0.7364
2019,1008890,Summit Petroleum LLC,430,Permian Basin,0.398946445,3904606.9,False,590.0,0.0,4.0,0.6749
2019,1008134,Ovintiv USA Inc. 350.South Oklahoma Folded Belt,350,South Oklahoma Folded Belt,3.258073525,3942384.0,False,211.0,0.0,4.0,0.7396
2019,1008616,XTO Energy Inc 350 South Oklahoma Folded Belt,350,South Oklahoma Folded Belt,2.062716413,3952817.8,False,918.0,37.0,18.0,0.7492
2019,1010183,Antero Resources - 160A - Appalachian Basin (Eastern Overthurst Area),160A,Appalachian Basin (Eastern Overthrust Area),28.937849337,3993238.6,False,1216.0,112.0,6.0,0.826
2019,1008530,Tapstone 360 - Anadarko Basin,360,Anadarko Basin,1.288519795,4016133.0,False,1942.0,12.0,37.0,0.8653
2019,1010294,Discovery Natural Resources LLC - 430 Permian Basin,430,Permian Basin,0.693269348,4027637.3,False,1314.0,36.0,7.0,0.7856
2019,1013288,XCL - Uinta Basin,575,Uinta Basin,0.095505912,4030797.0,False,77.0,0.0,2.0,0.7134
2019,1013241,Chisholm Energy 430 Permian Basin,430,Permian Basin,0.394025107,4032658.2,False,133.0,20.0,4.0,0.7758
2019,1008569,Citation Oil & Gas Corp. 350 South Oklahoma Folded Belt Province,350,South Oklahoma Folded Belt,0.228855939,4043979.0,False,3129.0,0.0,8.0,0.6378
2019,1009846,Permian Basin,430,Permian Basin,0.296085276,4144114.9,False,2068.0,0.0,15.0,0.7238
2019,1013339,Basin 360 - Mach,360,Anadarko Basin,1.277040043,4160118.2,False,800.0,51.0,4.0,0.8724
2019,1010932,E&B Natural Resources,745,San Joaquin Basin,0.0,4176622.0,False,2115.0,0.0,1.0,0.272
2019,1010084,Rosetta Resources 220 Gulf Coast Basin,220,"Gulf Coast Basin (LA, TX)",2.540343283,4225177.0,False,358.0,23.0,2.0,0.7678
2019,1013735,Steward Energy II 430 Permian Basin,430,Permian Basin,0.192006282,4274741.0,False,165.0,12.0,5.0,0.6628
2019,1012077,SandRidge 545 North Park Basin,545,North Park Basin,0.0,4425449.8,False,52.0,15.0,2.0,0.7202
2019,1008293,Marathon Oil EF - Gulf Coast Basin (AAPG Basin Number 220),220,"Gulf Coast Basin (LA, TX)",0.288043105,4448153.3,False,1651.0,146.0,10.0,0.7424
2019,1013155,Callon (Permian) LLC - Basin 430,430,Permian Basin,0.884351668,4470685.7,False,88.0,0.0,3.0,0.7859
2019,1014727,Capitan Energy 430,430,Permian Basin,0.848119648,4490729.7,False,65.0,12.0,2.0,0.7905
2019,1006770,TPIC Basin 220,220,"Gulf Coast Basin (LA, TX)",0.829172953,4635490.8,False,1477.0,10.0,33.0,0.913
2019,1009386,XTO Energy Inc 220 Gulf Coast,220,"Gulf Coast Basin (LA, TX)",0.491035041,4702038.5,False,465.0,40.0,26.0,0.8143
2019,1008998,Henry Resources LLC,430,Permian Basin,0.197009634,4749886.0,False,168.0,24.0,9.0,0.6982
2019,1010945,"EXCO Resources, Inc. - Gulf Coast Basin #220",220,"Gulf Coast Basin (LA, TX)",0.029323033,4808199.8,False,275.0,19.0,5.0,0.7607
2019,1013407,Birch Resources,430,Permian Basin,0.246751806,4899961.1,False,351.0,32.0,3.0,0.6796
2019,1008630,BPX Operating Company,220,"Gulf Coast Basin (LA, TX)",1.653245564,4968927.0,False,571.0,50.0,6.0,0.7667
2019,1008604,Ensign Gulf Coast Basin-Production,220,"Gulf Coast Basin (LA, TX)",1.212456198,5091483.0,False,672.0,21.0,5.0,0.8156
2019,1010372,BATTALION OIL CORP,430,Permian Basin,0.467459614,5148486.7,False,126.0,17.0,6.0,0.729
2019,1013283,Encino Energy (EAP Ohio LLC),160A,Appalachian Basin (Eastern Overthrust Area),8.756417288,5191792.0,False,781.0,46.0,4.0,0.7955
2019,1009720,"SN Operating, LLC 220 Gulf Coast Basin (LA, TX)",220,"Gulf Coast Basin (LA, TX)",1.063258981,5393797.7,False,510.0,0.0,8.0,0.7753
2019,1010521,Crescent Point Energy Corporation Williston Basin (395) Operations,395,Williston Basin,0.173135155,5422982.1,False,118.0,21.0,4.0,0.473
2019,1011735,"Resolute Natural Resources Company, LLC 430 Permian Basin",430,Permian Basin,1.178678573,5460830.4,False,121.0,0.0,2.0,0.7938
2019,1008702,COTERRA ENERGY - 360 - ANADARKO BASIN,360,Anadarko Basin,3.775911382,5939204.3,False,852.0,0.0,31.0,0.8635
2019,1010505,Bowline Energy LLC,395,Williston Basin,0.195034831,6072513.6,False,194.0,22.0,3.0,0.5994
2019,1013699,"Sabinal Energy Operating, LLC - Permian Basin",430,Permian Basin,0.071012304,6089856.2,False,4587.0,4.0,16.0,0.4692
2019,1009350,Javelin Energy Partners Managment Uinta Basin,575,Uinta Basin,0.506854693,6097810.0,False,363.0,14.0,2.0,0.7564
2019,1012376,"PDC Permian, Inc. 430 Permian Basin",430,Permian Basin,1.096597108,6136634.6,False,90.0,21.0,2.0,0.75
2019,1010943,Repsol Texas Onshore Properties - Eagle Ford,220,"Gulf Coast Basin (LA, TX)",2.298755615,6233212.0,False,537.0,34.0,10.0,0.8322
2019,1008086,"Uinta Wax Operating, LLC",575,Uinta Basin,0.254383876,6256984.7,False,656.0,14.0,2.0,0.7912
2019,1011873,"Lime Rock Resources III-A, Williston Basin",395,Williston Basin,0.103729246,6378752.5,False,319.0,15.0,4.0,0.455
2019,1011854,WESTERN ANDARKO BASIN (WAB) BUSINESS UNIT-BASIN 360,360,Anadarko Basin,3.417607658,6392487.0,False,2089.0,38.0,22.0,0.8162
2019,1008407,Ovintiv USA Inc. 575.Uinta,575,Uinta Basin,0.272814217,6460127.0,False,1507.0,5.0,2.0,0.7798
2019,1013614,"Citizen Energy III, LLC",360,Anadarko Basin,3.546124137,6559239.7,False,691.0,57.0,9.0,0.7423
2019,1011803,Apache Corporation + 430 + Permian Basin,430,Permian Basin,5.899781522,6583777.0,False,445.0,102.0,7.0,0.7863
2019,1011531,WildFire Energy Operating LLC,220,"Gulf Coast Basin (LA, TX)",0.177267148,6718042.2,False,306.0,47.0,3.0,0.6133
2019,1013377,Lime Rock Resources Pecos Valley,430,Permian Basin,0.352263257,6764316.0,False,121.0,32.0,2.0,0.7126
2019,1010721,Appalachian Basin (Eastern Overthrust Area),160A,Appalachian Basin (Eastern Overthrust Area),24.639355297,6797084.9,False,1121.0,115.0,12.0,0.8823
2019,1012780,Permian Basin Oil and Gas Production Facilities,430,Permian Basin,1.519926536,6868557.9,False,364.0,16.0,6.0,0.6748
2019,1009885,Primexx Operating Corp 430 Permian Basin,430,Permian Basin,0.303301896,6881956.0,False,101.0,31.0,1.0,0.71
2019,1013303,DE3 Operating LLC - Permian Basin (430) Operations,430,Permian Basin,0.31145838,7206764.0,False,442.0,65.0,10.0,0.5922
2019,1013734,Tap Rock Operating,430,Permian Basin,0.182375455,7276640.0,False,113.0,24.0,5.0,0.7432
2019,1000355,(540) Civitas Resources - Denver Basin,540,Denver Basin,0.666585202,7534844.0,False,638.0,42.0,1.0,0.64
2019,1013123,BCE-Mach III LLC,360,Anadarko Basin,1.324627113,7603734.0,False,391.0,0.0,4.0,0.74
2019,1013367,RimRock Oil & Gas,395,Williston Basin,0.137036998,7609734.4,False,136.0,23.0,1.0,0.4872
2019,1011498,Hibernia Resources IV Basin 430,430,Permian Basin,0.53315745,7644209.3,False,2040.0,7.0,38.0,0.605
2019,1009353,Marathon Oil Anadarko Basin (AAPG 360),360,Anadarko Basin,2.704438006,7997462.4,False,353.0,49.0,18.0,0.8007
2019,1011393,Ascent Resources - Utica (160),160,Appalachian Basin,1.554259541,8004981.9,False,133.0,30.0,2.0,0.7665
2019,1013023,"Sundance Energy, Inc. - South Texas Basin",220,"Gulf Coast Basin (LA, TX)",0.523069402,8297673.0,False,236.0,16.0,8.0,0.7087
2019,1008163,Berry Petroleum Company - San Joaquin Basin 745,745,San Joaquin Basin,0.0,8350100.1,False,2236.0,288.0,1.0,0.27
2019,1013038,Marathon Oil Permian (AAPG Basin Number 430),430,Permian Basin,0.766074977,8798587.8,False,287.0,53.0,11.0,0.7838
2019,1008206,Crestone Peak - Denver Basin,540,Denver Basin,2.036507161,8968340.0,False,1208.0,77.0,6.0,0.7535
2019,1008979,"EOG Resources, Inc. 540 Denver basin",540,Denver Basin,0.224599459,9519346.0,False,254.0,59.0,1.0,0.634
2019,1009278,515 Powder River Basin DEC,515,Powder River Basin,0.332636883,9534636.1,False,289.0,45.0,3.0,0.6669
2019,1008714,Gulf Coast Facility,220,"Gulf Coast Basin (LA, TX)",0.472513996,9610836.3,False,497.0,48.0,5.0,0.6627
2019,1008534,Eni US Operating Co. Inc. - Nikaitchuq & Oooguruk Development,890,Arctic Coastal Plains Province,0.0,9795985.0,False,49.0,1.0,2.0,0.8627
2019,1009354,HighPoint Operating Corporation - Denver Basin (540),540,Denver Basin,0.827341508,10093602.7,False,463.0,1.0,1.0,0.7004
2019,1008538,"Chesapeake Operating LLC, 515 - Powder River Basin",515,Powder River Basin,1.485680074,10155072.0,False,323.0,72.0,2.0,0.7052
2019,1009281,395 Williston Basin QEP Energy Company,395,Williston Basin,0.738990756,10260265.2,False,397.0,7.0,4.0,0.5979
2019,1008632,"BPX Energy Permian Basin, AAPG Basin 430",430,Permian Basin,1.420713598,10728002.2,False,208.0,34.0,3.0,0.806
2019,1008396,"EOG Resources, Inc. 515 Powder River basin",515,Powder River Basin,1.481086931,10793241.7,False,732.0,15.0,6.0,0.6076
2019,1012556,FDL Energy LLC,430,Permian Basin,1.029354556,10856359.6,False,714.0,99.0,5.0,0.6704
2019,1011782,"Hilcorp Alaska, LLC 890 Arctic Slope Basin",890,Arctic Coastal Plains Province,0.001028494,11914098.0,False,295.0,12.0,1.0,0.851
2019,1008090,"Validus Energy Aquilas AssetCo, LLC",220,"Gulf Coast Basin (LA, TX)",0.765529765,12705148.0,False,519.0,32.0,3.0,0.7301
2019,1013291,"Kraken Oil and Gas II, LLC",395,Williston Basin,0.354436147,12802254.0,False,215.0,56.0,2.0,0.5965
2019,1008092,EP Energy E&P 220 Gulf Coast Basin,220,"Gulf Coast Basin (LA, TX)",0.764100843,12834263.0,False,903.0,54.0,7.0,0.7343
2019,1008794,Great Western Oil & Gas Company - D-J Basin,540,Denver Basin,1.371036195,12947482.8,False,429.0,89.0,4.0,0.6939
2019,1013325,Magnolia O&G Corp 220 Gulf Coast Basin,220,"Gulf Coast Basin (LA, TX)",1.453356673,13092553.0,False,1171.0,45.0,19.0,0.7293
2019,1013674,Spur Energy Partners LLC,430,Permian Basin,0.690866434,13241966.0,False,2669.0,0.0,2.0,0.6766
2019,1008642,Basin 430 Production,430,Permian Basin,0.893015935,13466035.9,False,513.0,78.0,7.0,0.557
2019,1007479,ConocoPhillips Permian (430),430,Permian Basin,1.804090174,13751552.4,False,3022.0,24.0,17.0,0.722
2019,1010222,GULF COAST BASIN,220,"Gulf Coast Basin (LA, TX)",3.15407014,13809704.1,False,7129.0,8.0,95.0,0.9113
2019,1012129,Callon Permian Basin Operations,430,Permian Basin,0.676492197,13987509.6,False,568.0,8.0,12.0,0.7224
2019,1012542,Jagged Peak Permian Basin (430) Operations,430,Permian Basin,0.555929336,14615112.6,False,194.0,49.0,4.0,0.691
2019,1009261,Ovintiv USA Inc. 395.Williston Basin,395,Williston Basin,0.896464241,14840050.0,False,328.0,22.0,5.0,0.6508
2019,1010190,"Williston Basin (Petro-Hunt, LLC)",395,Williston Basin,0.579667888,15056736.1,False,603.0,15.0,11.0,0.5423
2019,1008980,"EOG Resources, Inc. 395 Williston basin",395,Williston Basin,0.798971277,15151375.9,False,792.0,7.0,8.0,0.5274
2019,1009595,Enerplus Resources (USA) Corporation - Williston Basin,395,Williston Basin,0.420023301,15630493.0,False,448.0,40.0,3.0,0.5644
2019,1013342,Felix Energy Holdings II LLC,430,Permian Basin,0.715848817,15818294.0,True,186.0,71.0,3.0,0.6926
2019,1009691,430 Permian Basin QEP Energy Company,430,Permian Basin,0.91676532,16943081.1,False,719.0,58.0,3.0,0.7167
2019,1012940,Bruin E&P Operating LLC - Williston Basin Operations,395,Williston Basin,0.563083352,16980332.6,False,448.0,41.0,4.0,0.5177
2019,1009728,Ridgemar (Eagle Ford) - Basin 220,220,"Gulf Coast Basin (LA, TX)",0.666888187,17083998.4,False,608.0,0.0,6.0,0.6941
2019,1012068,Matador Production Company - Permian Basin,430,Permian Basin,1.68304352,17356153.2,False,477.0,77.0,7.0,0.7301
2019,1013222,"Noble Energy, Inc. - Permian Basin 430",430,Permian Basin,1.349308681,19387830.0,False,418.0,64.0,1.0,0.7305
2019,1008402,California Resources Production Corporation  San Joaquin Valley Basin 745,745,San Joaquin Basin,1.965279549,19567608.3,False,6063.0,272.0,4.0,0.302
2019,1009286,PDC Energy 540 Denver Basin,540,Denver Basin,4.194760507,19567960.1,False,1887.0,112.0,2.0,0.73
2019,1009625,"Grayson Mill Operating, LLC",395,Williston Basin,0.836961075,19812192.6,False,733.0,50.0,5.0,0.5425
2019,1013128,"SN EF Maverick, LLC 220 Gulf Coast Basin",220,"Gulf Coast Basin (LA, TX)",2.862649741,20273284.0,False,1740.0,51.0,7.0,0.7197
2019,1013106,Surge Energy 430 Permian Basin,430,Permian Basin,0.81806969,20941877.0,False,585.0,88.0,3.0,0.5173
2019,1011690,Permian Resources Corporation,430,Permian Basin,1.855228614,21113196.9,False,354.0,81.0,6.0,0.5706
2019,1014504,CrownQuest Operating - Basin 430,430,Permian Basin,1.243592417,21123376.0,False,1031.0,139.0,10.0,0.7242
2019,1011761,"Extraction Oil & Gas, Inc.",540,Denver Basin,3.071163106,21806217.1,False,1217.0,113.0,8.0,0.7085
2019,1009674,SM Energy (Basin 430) Permian Basin,430,Permian Basin,1.275282286,27476071.0,False,771.0,107.0,4.0,0.7087
2019,1010588,Permian Operations - Shell Exploration & Production Company,430,Permian Basin,1.743099183,27775514.0,False,464.0,96.0,9.0,0.7753
2019,1009253,"WPX Energy Williston, LLC - 395 Williston basin",395,Williston Basin,0.728034924,29869657.0,False,407.0,84.0,4.0,0.5402
2019,1009260,Ovintiv USA Inc. 360.Anadarko Basin,360,Anadarko Basin,3.162929926,30574476.0,False,681.0,122.0,11.0,0.7911
2019,1008270,Basin 540 Denver Julesburg - Noble Energy Inc.,540,Denver Basin,4.532390293,30973586.0,False,2900.0,40.0,2.0,0.7187
2019,1008544,Cimarex Energy Co. 430 Permian,430,Permian Basin,7.285730083,32387899.2,False,630.0,13.0,20.0,0.7842
2019,1008346,Aera Energy San Joaquin Basin,745,San Joaquin Basin,0.003500395,33145464.8,False,15921.0,405.0,2.0,0.3824
2019,1008331,Ovintiv USA Inc - Permian Basin,430,Permian Basin,2.21793355,33446120.0,False,1544.0,107.0,10.0,0.712
2019,1008275,XTO Energy Inc 395 Williston,395,Williston Basin,2.255931845,33867306.8,False,1333.0,119.0,10.0,0.593
2019,1010325,Oasis Petroleum,395,Williston Basin,2.649000083,34723253.0,False,1130.0,54.0,6.0,0.534
2019,1007482,ConocoPhillips' Williston (395),395,Williston Basin,1.607600916,35702880.2,False,817.0,67.0,4.0,0.5666
2019,1009039,WPX Energy Permian LLC,430,Permian Basin,2.885291008,36796356.2,False,633.0,99.0,13.0,0.7693
2019,1009391,Apache Corporation - Permian Basin 430,430,Permian Basin,3.973790983,37148595.3,False,8535.0,101.0,43.0,0.6122
2019,1008202,Denver Basin - AAPG Province 540,540,Denver Basin,8.021361865,39609109.0,False,3962.0,312.0,8.0,0.7217
2019,1008173,Marathon Oil Company - Williston Basin (AAPG Basin 395),395,Williston Basin,0.765614744,39949058.9,False,747.0,108.0,4.0,0.4943
2019,1011555,"Parsley Energy, Inc. 430 Permian Basin",430,Permian Basin,2.849766982,42026382.7,False,1280.0,148.0,12.0,0.7125
2019,1008490,Hess Corporation - 395 - Williston Basin,395,Williston Basin,2.166179897,43989117.0,False,1756.0,147.0,7.0,0.5891
2019,1009197,Whiting Oil and Gas Corporation 395 Williston Basin,395,Williston Basin,2.68850941,44119578.0,False,1803.0,122.0,12.0,0.4886
2019,1009240,Chevron MCA 430 Permian Basin,430,Permian Basin,6.737690161,60587038.0,False,4036.0,186.0,35.0,0.5877
2019,1008526,"Chesapeake Operating LLC, 220 - Gulf Coast Basin",220,"Gulf Coast Basin (LA, TX)",5.091288404,60881609.0,False,3047.0,222.0,16.0,0.7811
2019,1007485,"ConocoPhillips Gulf Coast Basin 220, Production",220,"Gulf Coast Basin (LA, TX)",4.879430698,61991560.9,False,1953.0,166.0,12.0,0.7173
2019,1008111,ConocoPhillips Alaska Inc - KRU-ALP Fields,890,Arctic Coastal Plains Province,0.0,64189151.0,False,815.0,30.0,2.0,0.8303
2019,1008172,"Hilcorp North Slope, 890 - Arctic Slope Basin",890,Arctic Coastal Plains Province,0.154851129,76397086.0,False,1679.0,39.0,1.0,0.7825
2019,1009390,XTO Energy Inc 430 Permian,430,Permian Basin,8.173199519,79420082.8,False,5978.0,532.0,40.0,0.7083
2019,1008351,"EOG Resources, Inc. 430 Permian basin",430,Permian Basin,8.120568757,87498470.0,False,2665.0,168.0,18.0,0.7308
2019,1009434,Diamondback E&P LLC,430,Permian Basin,5.336772565,87982064.7,False,5284.0,312.0,22.0,0.6784
2019,1008219,"EOG Resources, Inc.220 Gulf Coast basin",220,"Gulf Coast Basin (LA, TX)",6.327783727,99304617.2,False,3486.0,320.0,27.0,0.7308
2019,1009707,COG Operating LLC  430 Permian Basin,430,Permian Basin,9.730089556,105208095.9,False,5022.0,313.0,17.0,0.716
2019,1008607,"Pioneer Natural Resources USA, Inc. Permian",430,Permian Basin,6.889188695,106486032.5,False,7392.0,228.0,13.0,0.7081
2019,1008141,Oxy Permian Basin - 430,430,Permian Basin,9.029833492,156323987.6,False,14949.0,216.0,36.0,0.3799
2019,1008289,420 Fort Worth Syncline BKV - Production,420,Fort Worth Syncline,5.71733403,256602.8,False,3498.0,21.0,11.0,0.8549
2019,1011998,"TGNR TVL LLC - Basin 230 (Houston, TX)",230,Arkla Basin,2.478489173,698024.2,False,464.0,71.0,5.0,0.8865
2019,1010002,Murex Petroleum Corporation - Williston Basin 395,395,Williston Basin,0.051147815,1531521.0,False,248.0,2.0,12.0,0.5107
2019,1011191,CRI 350 SOK Folded Belt,350,South Oklahoma Folded Belt,2.308559006,3643130.9,False,167.0,28.0,8.0,0.7844
2019,1008051,"Range Resources - Appalachia, LLC - Basin 160A",160A,Appalachian Basin (Eastern Overthrust Area),20.746281208,3983589.5,False,2657.0,18.0,27.0,0.8864
2019,1011894,"SRC Energy, Inc.",540,Denver Basin,1.923703065,9370503.7,False,649.0,67.0,2.0,0.7261
2019,1009056,Vital Energy Production,430,Permian Basin,3.113659267,14127802.9,False,1284.0,59.0,4.0,0.7209
2019,1009106,Slawson Exploration - Williston Basin 395,395,Williston Basin,0.361848069,15777040.0,False,455.0,50.0,8.0,0.5121
2019,1008287,360 Anadarko Basin DEC,360,Anadarko Basin,5.854192239,16870448.8,False,914.0,75.0,26.0,0.7857
2019,1008113,MurphyE&P-220,220,"Gulf Coast Basin (LA, TX)",0.609611971,17832207.0,False,925.0,91.0,7.0,0.7168
2019,1008472,CRI 360 Anadarko,360,Anadarko Basin,9.191034371,19962554.1,False,758.0,108.0,22.0,0.77
2019,1009238,220 Gulf Coast Basin DEC,220,"Gulf Coast Basin (LA, TX)",2.570380612,22122052.9,False,875.0,37.0,6.0,0.7811
2019,1013845,Mewbourne Oil Company - Permian Basin 430,430,Permian Basin,2.902704705,29163540.2,False,995.0,72.0,13.0,0.7548
2019,1008290,430 Permian Basin DEC,430,Permian Basin,3.452944277,36263473.3,False,1188.0,121.0,27.0,0.7228
2019,1011659,Endeavor Energy Resources LP 430 Permian Basin,430,Permian Basin,1.820186942,36696248.0,False,3238.0,157.0,49.0,0.713
2019,1008499,745 San Joaquin Basin Chevron USA Inc.,745,San Joaquin Basin,0.0,40616507.6,False,15544.0,482.0,3.0,0.5867
2019,1008471,CRI 395 Williston,395,Williston Basin,3.792218238,75310726.6,False,2190.0,144.0,15.0,0.5913
2020,1008784,CNX Gas Company LLC -160 Appalachian Basin,160,Appalachian Basin,0.0,0.0,False,66.0,0.0,3.0,0.7597
2020,1009308,EQT Production - Basin 160 - Appalachian,160,Appalachian Basin,0.0,0.0,False,0.0,0.0,19.0,0.8479
2020,1009878,Iron Pennsylvania Land LLC,160A,Appalachian Basin (Eastern Overthrust Area),0.012241721,0.0,False,9.0,0.0,1.0,0.8905
2020,1009665,"Enervest Operating, L.L.C. 400 Ouachita Folded Belt",400,Ouachita Folded Belt,0.020342107,0.0,False,11.0,0.0,2.0,0.9574
2020,1008348,Trendwell Energy Corporation,305,Michigan Basin,0.091043892,0.0,False,360.0,0.0,3.0,0.7366
2020,1008199,Grizzly Arkoma Basin,345,Arkoma Basin,0.16026431,0.0,False,49.0,0.0,3.0,0.8814
2020,1008053,Own Resources Operating LLC,540,Denver Basin,0.198553919,0.0,False,1877.0,0.0,1.0,0.9395
2020,1009139,OGRIS Operating LLC,455,Las Vegas-Raton Basin,0.198567426,0.0,False,464.0,0.0,1.0,0.9821
2020,1008958,"EXCO Resources, Inc. - East Texas Basin #260",260,East Texas Basin,0.320832068,0.0,False,108.0,0.0,5.0,0.953
2020,1008474,"MMGK Arkoma, LLC - ARKOMA Basin",345,Arkoma Basin,0.363760643,0.0,False,682.0,0.0,9.0,0.97
2020,1013922,"Trinity Operating (USG), LLC - Arkla Basin (230)",230,Arkla Basin,0.392033523,0.0,False,7.0,7.0,1.0,0.9393
2020,1007481,ConocoPhillips' Uinta (575),575,Uinta Basin,0.412024902,0.0,False,457.0,0.0,2.0,0.9145
2020,1008673,"EXCO Resources (PA), LLC - Basin 160A",160A,Appalachian Basin (Eastern Overthrust Area),0.728326792,0.0,False,121.0,0.0,7.0,0.9723
2020,1008608,"Evergreen Natural Resources, LLC. Las Vegas-Raton",455,Las Vegas-Raton Basin,0.795786311,0.0,False,1991.0,0.0,1.0,0.9903
2020,1013104,"JKLM Energy, LLC",160A,Appalachian Basin (Eastern Overthrust Area),0.877712573,0.0,False,43.0,0.0,1.0,0.9739
2020,1008882,Pennsylvania General Energy Company LLC,160A,Appalachian Basin (Eastern Overthrust Area),1.535978165,0.0,False,161.0,0.0,8.0,0.9673
2020,1009732,BKV Operating LLC,160A,Appalachian Basin (Eastern Overthrust Area),1.913543936,0.0,False,134.0,0.0,2.0,0.9765
2020,1008957,"EXCO Resources, Inc. - Arkla Basin #230",230,Arkla Basin,2.817650476,0.0,False,490.0,0.0,4.0,0.9341
2020,1012537,Northeast Natural Energy LLC,160A,Appalachian Basin (Eastern Overthrust Area),3.253442935,0.0,False,100.0,11.0,7.0,0.969
2020,1008588,"Merit Energy Arkoma Basin, AAPG Basin 345",345,Arkoma Basin,3.43994836,0.0,False,3047.0,0.0,24.0,0.9635
2020,1008795,"Arsenal Resources, LLC 160A Appalachian Basin",160A,Appalachian Basin (Eastern Overthrust Area),4.438960077,0.0,False,90.0,3.0,5.0,0.966
2020,1008937,Appalachian Basin - AAPG Province 160A,160A,Appalachian Basin (Eastern Overthrust Area),5.322096706,0.0,False,384.0,23.0,3.0,0.9752
2020,1011913,SWN Production (Louisiana),230,Arkla Basin,6.183023186,0.0,False,378.0,23.0,5.0,0.9512
2020,1008481,"Repsol Oil & Gas USA, LLC Appalachian basin (Eastern Overthrust area) - 160A",160A,Appalachian Basin (Eastern Overthrust Area),7.16108193,0.0,False,642.0,12.0,5.0,0.9751
2020,1010205,Flywheel Energy Production - Arkoma,345,Arkoma Basin,8.755686143,0.0,False,3685.0,0.0,6.0,0.9593
2020,1008527,"Chesapeake Operating LLC, 230 - Arkla Basin",230,Arkla Basin,9.108352948,0.0,False,576.0,21.0,3.0,0.958
2020,1009301,Seneca East Facilities,160A,Appalachian Basin (Eastern Overthrust Area),10.138981088,0.0,False,871.0,45.0,12.0,0.97
2020,1009485,Chief Oil & Gas LLC (160A),160A,Appalachian Basin (Eastern Overthrust Area),10.505911795,0.0,False,376.0,33.0,5.0,0.9734
2020,1008081,"Vine Energy, Inc.",230,Arkla Basin,11.746301867,0.0,False,370.0,38.0,5.0,0.9458
2020,1008523,"Chesapeake Appalachia LLC, 160A - Appalachian Basin (Eastern Overthrust Area)",160A,Appalachian Basin (Eastern Overthrust Area),27.627223878,0.0,False,953.0,69.0,5.0,0.9747
2020,1008503,Coterra Energy 160A Appalachian (EOA),160A,Appalachian Basin (Eastern Overthrust Area),28.54853907,0.0,False,856.0,77.0,2.0,0.9761
2020,1005963,Red Willow Production Co.,580,San Juan Basin,1.032755463,9.0,False,506.0,0.0,3.0,0.8356
2020,1008576,Basin 220 South TX & South LA - OSP,220,"Gulf Coast Basin (LA, TX)",0.000814561,24.4,False,1.0,0.0,1.0,0.9136
2020,1011508,Foundation Energy Management- 450 Las Animas arch Basin,450,Las Animas Arch,0.017131968,207.5,False,278.0,0.0,2.0,0.6665
2020,1009392,XTO Energy Inc 345 Arkoma,345,Arkoma Basin,1.946965602,268.3,False,1100.0,0.0,25.0,0.9427
2020,1008492,"BPX Energy Arkla Basin, AAPG Basin 230",230,Arkla Basin,3.346762592,331.6,False,427.0,0.0,7.0,0.9582
2020,1013677,Bedrock 415 Strawn Basin,415,Strawn Basin,0.399465381,1018.0,False,240.0,0.0,3.0,0.7711
2020,1009276,415 Strawn Basin BKV - Production,415,Strawn Basin,0.63925496,1053.4,False,409.0,0.0,2.0,0.9415
2020,1011975,Legacy Reserves Basin 260 Production,260,East Texas Basin,0.000747875,1253.0,False,847.0,0.0,8.0,0.903
2020,1006564,Greylock Energy,160A,Appalachian Basin (Eastern Overthrust Area),1.19825385,1461.0,False,2509.0,5.0,32.0,0.8997
2020,1011674,Sage Natural Resources 415 Strawn Basin,415,Strawn Basin,0.588725869,1524.0,False,245.0,0.0,4.0,0.9389
2020,1013261,Javelin Energy Partners Management Strawn Basin,415,Strawn Basin,1.664419822,2479.2,False,840.0,0.0,3.0,0.7711
2020,1009666,"Enervest Operating, L.L.C. 415 Strawn Basin",415,Strawn Basin,1.658849116,2576.0,False,1021.0,0.0,4.0,0.9522
2020,1011194,"Compass Production Partners, LP - Arkla Basin #230",230,Arkla Basin,0.283484312,2749.5,False,389.0,1.0,1.0,0.9512
2020,1009689,"Enervest Operating, L.L.C. 420 Fort Worth Syncline",420,Fort Worth Syncline,0.092883707,4012.5,False,56.0,0.0,3.0,0.9311
2020,1008405,California Resources Production Corporation  Sacramento Valley Basin 730,730,Sacramento Basin,0.265180366,4018.9,False,683.0,0.0,9.0,0.9473
2020,1009101,REM 305 Michigan Basin - PRODUCTION,305,Michigan Basin,0.367750027,4021.0,False,4156.0,0.0,15.0,0.8505
2020,1012952,SEP Palo Duro Basin 435 Production,435,Palo Duro Basin,0.039996383,4840.1,False,281.0,0.0,5.0,0.7748
2020,1008323,Foundation Energy Management 595 Piceance Basin,595,Piceance Basin,0.02930112,4915.0,False,148.0,0.0,6.0,0.8473
2020,1008536,"TEP Barnett USA LLC, 415 - Strawn Basin",415,Strawn Basin,4.791193527,5040.0,False,2589.0,12.0,3.0,0.9413
2020,1009860,Blackbeard Operating - 400 - Ouachita Folded Belt,400,Ouachita Folded Belt,0.245888225,5383.7,False,156.0,0.0,2.0,0.8626
2020,1012511,Aethon Energy Operating-260-East Texas Basin,260,East Texas Basin,2.954509783,5725.0,False,152.0,30.0,10.0,0.9645
2020,1008703,Key Production Co. 360 Anadarko,360,Anadarko Basin,0.04259404,5970.5,False,69.0,0.0,10.0,0.8826
2020,1011978,Morningstar Operating LLC  SAN JUAN BASIN 580,580,San Juan Basin,0.906484311,6052.9,False,1027.0,0.0,7.0,0.8808
2020,1007483,Contango Resources' Wind River (530),530,Wind River Basin,0.648639905,6180.6,False,222.0,0.0,3.0,0.9181
2020,1011763,"EagleRidge Operating, LLC. Strawn Basin",415,Strawn Basin,0.484609816,7277.5,False,395.0,0.0,7.0,0.8643
2020,1009387,XTO Energy Inc 415 Strawn,415,Strawn Basin,3.23248522,7802.6,False,1623.0,0.0,7.0,0.9218
2020,1008078,XTO Energy Inc 507 Central Western Overthrust,507,Central Western Overthrust,0.115358969,8023.7,False,195.0,0.0,2.0,0.9188
2020,1013100,"Trinity Operating USG, LLC - Arkoma (Basin 345)",345,Arkoma Basin,2.631201127,8334.3,False,434.0,6.0,3.0,0.9233
2020,1013414,"Columbus Energy 220 Gulf Coast Basin (LA,TX)",220,"Gulf Coast Basin (LA, TX)",0.174958209,8778.0,False,300.0,2.0,4.0,0.8382
2020,1013010,Verdun Oil Company-Gulf Coast Basin-Onshore Production,220,"Gulf Coast Basin (LA, TX)",0.207598559,9235.0,False,39.0,0.0,4.0,0.8121
2020,1008165,Berry Petroleum Company 585 Piceance Basin Production Segment,595,Piceance Basin,0.126117166,10904.0,False,169.0,0.0,1.0,0.8872
2020,1013896,Crescent Pass 260 East Texas Basin,260,East Texas Basin,0.340998296,11021.0,False,473.0,0.0,4.0,0.919
2020,1008753,Foundation Energy Management 345 Arkoma Basin,345,Arkoma Basin,0.359906674,11985.8,False,394.0,0.0,19.0,0.9319
2020,1010673,Paradox Upstream LLC 585 Paradox Basin,585,Paradox Basin,0.080432086,13419.0,False,86.0,0.0,3.0,0.7977
2020,1009388,XTO Energy Inc 420 Fort Worth Syncline,420,Fort Worth Syncline,0.410153699,14989.5,False,304.0,0.0,7.0,0.85
2020,1009890,"Comstock Oil & Gas-LA, LLC",230,Arkla Basin,15.672195425,16004.0,False,888.0,50.0,23.0,0.9627
2020,1008954,Green River Basin - 535,535,Green River Basin,0.282665518,17114.0,False,323.0,0.0,1.0,0.883
2020,1008066,"Jordan Development Company, LLC",305,Michigan Basin,0.096610975,17668.0,False,359.0,1.0,12.0,0.8086
2020,1011091,Foundation Energy Management 360 Anadarko Basin,360,Anadarko Basin,0.071407867,17820.6,False,259.0,0.0,11.0,0.8437
2020,1009683,"Laredo Energy 220 Gulf Basin (LA, TX)",220,"Gulf Coast Basin (LA, TX)",0.98585817,18060.0,False,156.0,0.0,1.0,0.9276
2020,1010157,ROCKIES BUSINESS UNIT-BASIN 535,535,Green River Basin,0.117081784,18526.0,False,211.0,0.0,3.0,0.8376
2020,1010319,ROCKIES BUSINESS UNIT-BASIN 507,507,Central Western Overthrust,0.027097224,19966.0,False,51.0,0.0,2.0,0.8395
2020,1013847,High River Resources -Knox City,430,Permian Basin,0.0,20321.0,False,49.0,0.0,1.0,0.6474
2020,1011100,"Cross Timbers Energy, LLC - San Juan Basin 580",580,San Juan Basin,0.148385327,20911.1,False,250.0,0.0,3.0,0.8316
2020,1011654,Urban 535 Green River Basin,535,Green River Basin,0.092886636,21137.0,False,162.0,0.0,2.0,0.8568
2020,1008698,Cimarex Energy Co. of Colorado 360 Anadarko,360,Anadarko Basin,0.055361108,21366.9,False,135.0,0.0,14.0,0.7978
2020,1012612,Hilcorp Energy Company - Wind River Basin (530),530,Wind River Basin,0.100883224,22453.0,False,204.0,0.0,3.0,0.8816
2020,1008395,"EOG Resources, Inc. 507 Central Western Overthrust",507,Central Western Overthrust,0.086318522,24522.2,False,130.0,0.0,2.0,0.8605
2020,1011684,Sage Natural Resources 420 Fort Worth Syncline,420,Fort Worth Syncline,0.236353194,26358.0,False,231.0,0.0,8.0,0.793
2020,1008170,Dominion Energy Wexpro - Central Western Overthrust (Prod),507,Central Western Overthrust,0.203663883,27273.6,False,159.0,0.0,2.0,0.8674
2020,1013601,Blackbeard Operating - 345 - Arkoma Basin,345,Arkoma Basin,0.661721141,28450.0,False,164.0,0.0,2.0,0.8321
2020,1012605,"Trinity Operating USG, LLC - Chautauqua Platform (Basin 355)",355,Chautauqua Platform,1.199767978,38039.0,False,324.0,0.0,2.0,0.7661
2020,1013357,Titan Rock Exploration and Production,260,East Texas Basin,0.086791134,38112.0,False,234.0,0.0,5.0,0.91
2020,1012984,"Southern Energy Operating, LLC MidGulf Coast Basin",210,Mid-Gulf Coast Basin,0.139555016,39001.0,False,248.0,0.0,5.0,0.9566
2020,1008755,Foundation Energy Management 540 DJ Basin,540,Denver Basin,0.156724215,42828.7,False,1409.0,0.0,5.0,0.9442
2020,1012728,Blackbeard Operating - 415 - Strawn,415,Strawn Basin,1.132849518,44930.1,False,706.0,0.0,4.0,0.8638
2020,1009389,UGC 575 Uintah,575,Uinta Basin,0.234515986,45774.0,False,589.0,0.0,2.0,0.8932
2020,1011081,"CMO, Inc.",745,San Joaquin Basin,0.0,46429.6,False,55.0,0.0,1.0,0.7449
2020,1009141,XTO Energy Inc 595 Piceance,595,Piceance Basin,0.485271922,47052.7,False,352.0,0.0,2.0,0.879
2020,1011231,Cook Inlet Energy Onshore Production,820,AK Cook Inlet Basin,0.033542241,47445.0,False,15.0,0.0,2.0,0.8967
2020,1012509,Aethon Energy Operating-230-Arkla Basin,230,Arkla Basin,10.686923057,54583.0,False,1484.0,57.0,10.0,0.9583
2020,1010621,TGNR East Texas Basin,260,East Texas Basin,2.334541481,58066.0,False,1710.0,0.0,25.0,0.8993
2020,1011804,CalNRG- Lynch Canyon Field,740,Coastal Basins,0.0,58417.0,False,26.0,0.0,1.0,0.1584
2020,1009170,260 East Texas Basin - BP America Production Company,260,East Texas Basin,5.400665046,61915.0,False,413.0,2.0,12.0,0.9015
2020,1008540,Dugan Production Corp- San Juan Basin,580,San Juan Basin,0.207730601,63348.0,False,938.0,0.0,9.0,0.8587
2020,1009862,"Amplify Energy Operating LLC 220 Gulf Coast Basin (LA, TX)",220,"Gulf Coast Basin (LA, TX)",0.058069262,64808.0,False,38.0,0.0,1.0,0.7658
2020,1012070,SilverCreek Chautauqua #355,355,Chautauqua Platform,0.306342771,65503.7,False,82.0,0.0,5.0,0.7036
2020,1009907,"Comstock Oil & Gas, LLC",260,East Texas Basin,3.094046969,66413.5,False,863.0,5.0,15.0,0.9246
2020,1007475,ConocoPhillips Anadarko (360),360,Anadarko Basin,0.492714796,66744.6,False,562.0,0.0,29.0,0.8894
2020,1011995,Hilcorp Appalachian Basin (Eastern Overthrust Area),160A,Appalachian Basin (Eastern Overthrust Area),1.059807437,68652.0,False,121.0,0.0,4.0,0.8201
2020,1013691,Ensight IV Energy Management,230,Arkla Basin,1.075118948,71018.6,False,230.0,2.0,6.0,0.8802
2020,1013861,"High River Resources, LLC - San Juan Basin (580) Onshore Production",580,San Juan Basin,0.19671597,72107.5,False,414.0,0.0,3.0,0.7898
2020,1013214,SEP Fort Worth Syncline 420 Production,420,Fort Worth Syncline,0.312928488,72821.9,False,612.0,0.0,7.0,0.7391
2020,1007486,"Tanos Exploration II, LLC Arkla Basin, AAPG 230",230,Arkla Basin,0.775042918,73195.4,False,643.0,0.0,5.0,0.9299
2020,1011596,"Wapiti Operating, LLC 575 Uinta Basin",575,Uinta Basin,0.415416149,73474.0,False,460.0,0.0,4.0,0.9018
2020,1013657,Bedrock 420 Fort Worth Syncline,420,Fort Worth Syncline,1.338749551,73556.0,False,815.0,0.0,6.0,0.7221
2020,1012706,Hilcorp Energy Company - Green River Basin (535),535,Green River Basin,0.42039456,73812.9,False,595.0,0.0,5.0,0.8425
2020,1008116,XTO Energy Inc 160A Appalachian E Overthrust,160A,Appalachian Basin (Eastern Overthrust Area),5.013213694,80149.1,False,1047.0,7.0,22.0,0.8684
2020,1009845,Anadarko Basin,360,Anadarko Basin,0.125705865,80241.9,False,602.0,0.0,8.0,0.8209
2020,1013595,Escondido Gulf Coast #220 OP,220,"Gulf Coast Basin (LA, TX)",1.816531886,81578.8,False,145.0,13.0,3.0,0.8564
2020,1011765,"EagleRidge Operating, LLC. Fort Worth Syncline Basin",420,Fort Worth Syncline,0.681861683,83403.5,False,749.0,0.0,9.0,0.8066
2020,1012816,"ORX Resources, LLC - Gulf Coast Basin (220)",220,"Gulf Coast Basin (LA, TX)",0.101278801,88017.0,False,63.0,0.0,6.0,0.8501
2020,1008807,SandRidge 375 Sedgwick Basin,375,Sedgwick Basin,0.114205084,92599.5,False,114.0,0.0,3.0,0.7698
2020,1013751,Basin 375 - BCE-Mach LLC,375,Sedgwick Basin,0.068763404,94609.7,False,75.0,0.0,5.0,0.8605
2020,1008475,EnverVest Operating L.L.C.- 430 HighMount Permian,430,Permian Basin,0.571482913,99752.7,False,6234.0,0.0,9.0,0.8853
2020,1009837,"Bluefin Resources LLC 220 Gulf Coast Basin (LA, TX)",220,"Gulf Coast Basin (LA, TX)",0.04147287,100711.0,False,51.0,0.0,5.0,0.7652
2020,1009076,580 San Juan Basin - Simcoe LLC,580,San Juan Basin,6.107055798,102190.8,False,3684.0,0.0,7.0,0.8728
2020,1011689,"Goodrich Petroleum Company, Basin 210 (Mid-Gulf Coast Basin)",210,Mid-Gulf Coast Basin,0.0,102428.0,False,16.0,0.0,2.0,0.6216
2020,1009932,"Enervest Operating, L.L.C. 160A Appalachian Basin (Eastern Overthrust area)",160A,Appalachian Basin (Eastern Overthrust Area),0.121848198,108056.7,False,6293.0,11.0,31.0,0.8805
2020,1008976,"EOG Resources, Inc. 350 South Oklahoma folded belt",350,South Oklahoma Folded Belt,0.260466988,113911.8,False,214.0,0.0,2.0,0.6769
2020,1008783,CNX Gas Company LLC -160A Appalachian Basin Eastern Overthrust Area,160A,Appalachian Basin (Eastern Overthrust Area),15.682709796,118218.0,False,4274.0,43.0,36.0,0.9478
2020,1008548,BOC 220 Gulf Coast Basin Onshore,220,"Gulf Coast Basin (LA, TX)",0.004578685,120683.0,False,27.0,0.0,4.0,0.8756
2020,1010181,Ursa Resources Group II - 595 - Piceance Basin,595,Piceance Basin,0.856111481,122669.2,False,627.0,0.0,2.0,0.8737
2020,1012014,White Knight 420 Fort Worth Syncline,420,Fort Worth Syncline,0.046057983,127995.0,False,117.0,0.0,4.0,0.7152
2020,1007599,"Indigo Minerals, LLC",230,Arkla Basin,14.010785913,130861.2,False,989.0,47.0,7.0,0.9099
2020,1011962,Paxton Resources,305,Michigan Basin,0.034973287,131020.0,False,161.0,0.0,5.0,0.7758
2020,1013034,SEP East Texas Basin 260 Production,260,East Texas Basin,0.000831585,131247.2,False,213.0,0.0,5.0,0.628
2020,1013089,LOLA Energy PetroCo,160A,Appalachian Basin (Eastern Overthrust Area),0.35917485,136265.0,False,48.0,0.0,1.0,0.7539
2020,1008545,BCE-Mach III LLC. 350 South Oklahoma,350,South Oklahoma Folded Belt,0.061787654,140448.0,False,94.0,1.0,10.0,0.7758
2020,1009785,LARAMIE ENERGY LLC - Piceance Basin (585),595,Piceance Basin,1.780693968,140927.8,False,1465.0,0.0,5.0,0.8758
2020,1011688,Equinor USA Onshore Properties - APB Basin 160A,160A,Appalachian Basin (Eastern Overthrust Area),1.908028579,143045.8,False,37.0,7.0,1.0,0.9725
2020,1012048,Missouri River Resources Williston Basin 395,395,Williston Basin,0.003636472,144105.0,False,8.0,0.0,1.0,0.4903
2020,1007476,Lime Rock Resources Fort Worth Syncline (420),420,Fort Worth Syncline,0.62668893,146932.9,False,644.0,3.0,6.0,0.7117
2020,1008353,"EOG Resources, Inc. 535 Green River basin",535,Green River Basin,0.156954828,149101.0,False,356.0,0.0,3.0,0.8479
2020,1012936,DGOC 160A Production,160A,Appalachian Basin (Eastern Overthrust Area),4.703473942,149948.0,False,33161.0,3.0,118.0,0.9004
2020,1011895,Aethon Energy Operating-530-Wind River Basin,530,Wind River Basin,0.354075759,150723.0,False,141.0,0.0,4.0,0.8274
2020,1008289,420 Fort Worth Syncline BKV - Production,420,Fort Worth Syncline,5.059527177,153948.8,False,3497.0,0.0,11.0,0.8549
2020,1011535,Grizzly Piceance Basin (595),595,Piceance Basin,0.551985611,157493.9,False,936.0,0.0,1.0,0.8489
2020,1010320,BASIN 305 PRODUCTION,305,Michigan Basin,0.203336824,158381.0,False,1415.0,0.0,17.0,0.8036
2020,1012734,Jay-Bee Oil & Gas Wellsites,160A,Appalachian Basin (Eastern Overthrust Area),1.329591558,159793.0,False,488.0,2.0,8.0,0.7937
2020,1013706,"HRM Resources III, LLC",535,Green River Basin,0.299793699,165112.0,False,190.0,11.0,3.0,0.792
2020,1008590,Dominion Energy Wexpro - Green River Basin (Prod),535,Green River Basin,1.114844479,180458.0,False,557.0,14.0,6.0,0.8589
2020,1011662,Slant Operating LLC,430,Permian Basin,0.146575119,180890.0,False,1037.0,2.0,8.0,0.6994
2020,1013111,Hilcorp Energy Company - Central Overthrust Basin (507),507,Central Western Overthrust,0.818491396,182788.0,False,947.0,0.0,5.0,0.8188
2020,1012060,White Rock Oil & Gas LLC - 230 ArkLa,230,Arkla Basin,0.008519547,188561.3,False,77.0,0.0,3.0,0.5134
2020,1008959,"Compass Production Partners, LP - Permian Basin #430",430,Permian Basin,0.04967962,192450.9,False,445.0,0.0,3.0,0.668
2020,1010839,Amplify Energy Operating 260 East Texas Basin,260,East Texas Basin,0.684904671,193866.0,False,569.0,0.0,12.0,0.919
2020,1009582,Naftex Operating Company,745,San Joaquin Basin,0.0,193959.0,False,303.0,0.0,1.0,0.0656
2020,1009686,Nadel and Gussman Ruston Arkla Basin No. 230,230,Arkla Basin,0.795829987,200582.1,False,189.0,0.0,11.0,0.8688
2020,1007037,"J. Cleo Thompson & James Cleo Thompson, Jr. L.P. 430 Permian Basin",430,Permian Basin,0.031629109,216817.0,False,140.0,0.0,23.0,0.6605
2020,1010485,"Sanguine Gas Exploration, LLC 360 Anadarko Basin Production",360,Anadarko Basin,0.250914185,218795.0,False,246.0,0.0,9.0,0.8646
2020,1011752,SK Plymouth LLC Anadarko Basin,360,Anadarko Basin,0.092387558,221630.0,False,105.0,0.0,3.0,0.6902
2020,1010117,Core Energy Otsego County EOR Operations,305,Michigan Basin,0.010589492,226106.0,False,26.0,1.0,6.0,0.7877
2020,1009192,Whiting Oil and Gas Corporation 430 Permian Basin,430,Permian Basin,0.018333648,235923.6,False,193.0,0.0,10.0,0.4912
2020,1008411,JMA Energy 360,360,Anadarko Basin,0.232821069,249549.8,False,178.0,1.0,18.0,0.7858
2020,1013682,Clear Creek Resource Partners,540,Denver Basin,0.009180291,251454.3,False,22.0,0.0,2.0,0.6347
2020,1010718,Antero Resources - 160 - Appalachian Basin (Utica),160,Appalachian Basin,1.400764553,257774.6,False,133.0,0.0,2.0,0.7909
2020,1011652,"Urban 220 Gulf Coast Basin (LA, TX)",220,"Gulf Coast Basin (LA, TX)",0.169565699,260630.6,False,576.0,0.0,32.0,0.774
2020,1012040,"Tanos Exploration II, LLC - Basin 260",260,East Texas Basin,1.945585876,265319.7,False,529.0,0.0,10.0,0.9125
2020,1010397,Riviera Resources 535 Green River Basin Production Segment,535,Green River Basin,0.514562144,266238.3,False,590.0,0.0,2.0,0.8494
2020,1010291,"Miller Energy Company II, LLC",305,Michigan Basin,0.001234163,266718.8,False,474.0,0.0,14.0,0.5915
2020,1008354,"EOG Resources, Inc. 575 Uinta basin",575,Uinta Basin,0.465470171,269357.2,False,958.0,0.0,2.0,0.8705
2020,1008598,"Duncan Oil Properties, Inc. 360 Anadarko Basin",360,Anadarko Basin,0.116699939,274558.6,False,115.0,3.0,11.0,0.6365
2020,1009813,PERMIAN BUSINESS UNIT- BASIN 430,430,Permian Basin,0.035099721,276424.0,False,310.0,0.0,18.0,0.4944
2020,1012059,SHD Oil & Gas Williston (395) Basin,395,Williston Basin,0.001457041,279094.0,False,18.0,0.0,2.0,0.415
2020,1013080,Rockcliff Energy 260 East Texas Basin,260,East Texas Basin,8.960661456,281152.5,False,1005.0,48.0,16.0,0.9256
2020,1010233,EQT Production - Basin 160A - Appalachian Eastern Overthrust,160A,Appalachian Basin (Eastern Overthrust Area),39.023867855,300851.0,False,2636.0,116.0,41.0,0.9234
2020,1013346,"Urban Oil & Gas Group, LLC- Arkla Basin (230)",230,Arkla Basin,0.078271957,302806.2,False,383.0,0.0,7.0,0.7614
2020,1006750,TRC cYPRESS gROUP LLC,745,San Joaquin Basin,0.0,312618.0,False,125.0,0.0,2.0,0.4404
2020,1008242,"OLIPDP II, LLC - 220 - Gulf Coast Basin (LA, TX)",220,"Gulf Coast Basin (LA, TX)",0.364367668,312683.7,False,95.0,0.0,7.0,0.8302
2020,1007807,BADAMI DEVELOPMENT FACILITY,890,Arctic Coastal Plains Province,0.0,314621.0,False,11.0,0.0,1.0,0.7533
2020,1010164,Daylight Petroleum LLC (Pintail Acquisition),220,"Gulf Coast Basin (LA, TX)",0.026617847,337625.5,False,113.0,0.0,27.0,0.7764
2020,1013035,DGOC 160 Production,160,Appalachian Basin,3.144815358,344589.0,False,27301.0,0.0,117.0,0.8392
2020,1009436,Muskegon Development Company,305,Michigan Basin,0.195853544,346274.0,False,958.0,3.0,12.0,0.7325
2020,1009783,"White Oak Energy 220 Gulf Coast Basin (LA, TX)",220,"Gulf Coast Basin (LA, TX)",0.106285268,354256.0,False,307.0,0.0,26.0,0.8133
2020,1011847,GulfTex Gulf Coast Basin #220,220,"Gulf Coast Basin (LA, TX)",0.01359248,357738.4,False,12.0,5.0,3.0,0.7745
2020,1013732,Basin 360 - Mach II,360,Anadarko Basin,0.585045554,371268.3,False,618.0,0.0,20.0,0.8354
2020,1012893,BlueCrest Alaska - 820 Cook Inlet Basin,820,AK Cook Inlet Basin,0.028418316,371945.0,False,5.0,0.0,1.0,0.9596
2020,1009332,"Hilcorp Alaska, LLC 820 Kenai",820,AK Cook Inlet Basin,1.373794479,374146.0,False,267.0,11.0,5.0,0.9214
2020,1009967,"Enervest Operating, L.L.C. 160 Appalachian Basin",160,Appalachian Basin,0.063768258,382320.3,False,3316.0,0.0,28.0,0.84
2020,1008355,"TEP Rocky Mountain, LLC - 595 Piceance basin",595,Piceance Basin,6.439514124,392442.4,False,5432.0,63.0,2.0,0.8823
2020,1008296,Caerus Piceance LLC,595,Piceance Basin,4.679023907,394536.7,False,4175.0,34.0,7.0,0.8709
2020,1013870,Sheridan Production Company Basin 260,260,East Texas Basin,0.9276612,395145.0,False,1141.0,7.0,16.0,0.8526
2020,1008977,"EOG Resources, Inc. 420 Fort Worth syncline",420,Fort Worth Syncline,1.00748671,396747.5,False,741.0,0.0,2.0,0.683
2020,1011706,Gulfport Energy Appalachian Basin 160-A Eastern Overthrust Region,160A,Appalachian Basin (Eastern Overthrust Area),10.328129945,397839.0,False,391.0,15.0,4.0,0.9051
2020,1013626,"Scala Energy, LLC - 430 (Permian Basin)",430,Permian Basin,0.286967633,414602.9,False,20.0,7.0,1.0,0.7791
2020,1012666,"FDL Operating, LLC 430 Permian Basin",430,Permian Basin,0.056899353,421601.0,False,131.0,0.0,2.0,0.6546
2020,1012947,Southwestern Production Corp Powder River Basin (515) Operations,515,Powder River Basin,0.0,422206.7,False,41.0,7.0,1.0,0.6222
2020,1012077,SandRidge 545 North Park Basin,545,North Park Basin,0.0,431996.3,False,51.0,0.0,2.0,0.7202
2020,1008308,"Shadow Wolf Energy, LLC. - Los Angeles Basin 760",760,Los Angeles Basin,0.0,440836.3,False,147.0,0.0,1.0,0.4729
2020,1008224,WildFire Energy Operating LLC,220,"Gulf Coast Basin (LA, TX)",0.10381025,460312.7,False,106.0,0.0,11.0,0.6735
2020,1009165,Uinta Basin - Caerus Uintah,575,Uinta Basin,2.142934553,465644.6,False,2681.0,0.0,1.0,0.89
2020,1009811,ARKLATX BUSINESS UNIT-BASIN 260 (East TX Only),260,East Texas Basin,0.631075672,469336.0,False,545.0,2.0,7.0,0.9023
2020,1013381,Enerplus Resources (USA) Corporation - Denver Basin,540,Denver Basin,0.01739454,485279.0,False,12.0,2.0,1.0,0.6431
2020,1013306,"HG Energy II Appalachia, LLC.",160A,Appalachian Basin (Eastern Overthrust Area),3.999813299,486792.0,False,188.0,19.0,6.0,0.8051
2020,1009584,Sabine Oil & Gas Corporation - 260 - East Texas Basin,260,East Texas Basin,4.048383492,497077.0,False,1007.0,26.0,11.0,0.8931
2020,1012569,515 Powder River Basin,515,Powder River Basin,0.048905889,503247.0,False,107.0,0.0,3.0,0.6659
2020,1012945,Basin 220 - Extex Operating Company,220,"Gulf Coast Basin (LA, TX)",0.072758231,508395.8,False,272.0,0.0,4.0,0.9118
2020,1013091,Australis TMS Inc. 210 Mid-Gulf Coast Basin,210,Mid-Gulf Coast Basin,0.0,508907.0,False,33.0,0.0,2.0,0.6033
2020,1011223,Petro Harvester Operating Company LLC - Gulf Coast Basin (Basin 220),220,"Gulf Coast Basin (LA, TX)",0.061097004,516147.3,False,351.0,0.0,7.0,0.8736
2020,1012724,"LOGOS OPERATING, LLC",580,San Juan Basin,0.911593341,516776.0,False,1346.0,0.0,10.0,0.8703
2020,1010318,"Mission Creek OpCo, LLC - Arkla Basin",230,Arkla Basin,0.00802685,522344.0,False,257.0,0.0,2.0,0.7081
2020,1009135,Kaiser-Francis Oil Company 360 Anadarko Basin,360,Anadarko Basin,0.274001031,526109.8,False,306.0,1.0,50.0,0.8842
2020,1010707,"Grade 6 Oil, LLC",745,San Joaquin Basin,0.0,530684.0,False,133.0,0.0,1.0,0.6189
2020,1013938,Monadnock Resources 430 Permian Basin,430,Permian Basin,0.0,533202.0,False,21.0,0.0,2.0,0.6118
2020,1013268,"NP Resources, LLC - Williston Basin",395,Williston Basin,0.011232132,539504.6,False,71.0,0.0,3.0,0.5612
2020,1013925,ETX Basin 260 Production,260,East Texas Basin,0.061989488,539652.0,False,102.0,0.0,4.0,0.7824
2020,1010784,"Burnett Oil Co., Inc. 430 Permian Basin",430,Permian Basin,0.092245833,548125.2,False,220.0,8.0,2.0,0.7277
2020,1002978,Arroyo Grande Production Facility,740,Coastal Basins,0.0,552514.2,False,175.0,0.0,1.0,0.5108
2020,1013369,"1876 Resources, LLC - Denver Basin",540,Denver Basin,0.189653602,562059.0,False,55.0,0.0,1.0,0.756
2020,1013580,Contango Basin 360,360,Anadarko Basin,0.255333887,588094.8,False,451.0,0.0,24.0,0.7636
2020,1009082,XTO Energy Inc 230 Arkla,230,Arkla Basin,0.53841095,604403.1,False,834.0,0.0,20.0,0.8538
2020,1009143,XTO Energy Inc 360 Anadarko,360,Anadarko Basin,0.524989236,604694.4,False,1269.0,2.0,32.0,0.7326
2020,1009762,Luff Exploration Company - 395 - Williston Basin,395,Williston Basin,0.0,608410.0,False,69.0,0.0,2.0,0.4064
2020,1013285,MFEU-Uinta Basin Production,575,Uinta Basin,0.591494722,637990.5,False,840.0,11.0,3.0,0.9173
2020,1013337,Triumph Anadarko #360 OP,360,Anadarko Basin,0.463990394,640820.2,False,90.0,0.0,3.0,0.8138
2020,1008299,"LAMBDA ENERGY RESOURCES, LLC-Michigan Basin",305,Michigan Basin,0.1652396,644790.0,False,845.0,0.0,21.0,0.7022
2020,1013227,Basin 360 - SK Nemaha,360,Anadarko Basin,0.145719839,657459.0,False,108.0,0.0,2.0,0.7604
2020,1004905,Pacific Coast Energy Company LP,750,Santa Maria Basin,0.0,673855.5,False,275.0,0.0,1.0,0.55
2020,1011673,Holmes Western Oil Corporation,745,San Joaquin Basin,0.0,676770.0,False,891.0,0.0,4.0,0.8287
2020,1008190,West Bay,305,Michigan Basin,0.019125988,677905.0,False,87.0,1.0,10.0,0.5974
2020,1013936,"Zarvona Energy, LLC (220) Gulf Coast Basin",220,"Gulf Coast Basin (LA, TX)",0.058263996,680035.0,False,91.0,1.0,5.0,0.772
2020,1010738,"Cat Canyon Resources, LLC 750 Santa Maria Basin",750,Santa Maria Basin,0.0,700659.0,False,466.0,0.0,1.0,0.857
2020,1011519,Grizzly Basin 430 (Permian),430,Permian Basin,0.291922831,706538.9,False,1452.0,0.0,31.0,0.6696
2020,1007484,San Juan Basin (580),580,San Juan Basin,9.625663792,713548.0,False,11841.0,0.0,13.0,0.8456
2020,1008528,"Chesapeake Operating LLC, 260 - East Texas Basin",260,East Texas Basin,0.024343726,730086.0,False,111.0,0.0,1.0,0.9561
2020,1013021,"Petro-Hunt Dakota, L.L.C.",395,Williston Basin,0.038199788,730193.0,False,82.0,0.0,3.0,0.6556
2020,1013412,White Rock Oil & Gas LLC - 430 - Permian,430,Permian Basin,0.083601462,730438.7,False,530.0,0.0,14.0,0.6635
2020,1012988,"PennEnergy Resources, LLC - Basin 160A - Appalachian Eastern Overthrust",160A,Appalachian Basin (Eastern Overthrust Area),4.994025463,730581.0,False,391.0,18.0,5.0,0.8034
2020,1012528,Scout Energy Anadarko Basin Production,360,Anadarko Basin,3.386021274,734180.2,False,11594.0,0.0,30.0,0.8674
2020,1013026,Hinkle Oil & Gas Inc.,360,Anadarko Basin,0.103510392,759326.0,False,261.0,0.0,7.0,0.7659
2020,1013417,Abraxas Petroleum 430 Permian Basin,430,Permian Basin,0.032545121,779228.0,False,67.0,0.0,9.0,0.656
2020,1012909,"Pinedale Energy Partners Operating, LLC 535 Green River Basin",535,Green River Basin,3.235722178,809076.2,False,1210.0,4.0,1.0,0.9225
2020,1012437,"MMGL TXPH, LLC - 360 - Anadarko Basin",360,Anadarko Basin,1.048103177,829741.3,False,1236.0,4.0,8.0,0.8119
2020,1013087,Texas American 220 Gulf Coast Basin,220,"Gulf Coast Basin (LA, TX)",0.043754242,840816.0,False,125.0,1.0,4.0,0.7674
2020,1013986,"Bayswater Operating, LLC (430) Permian Basin",430,Permian Basin,0.039856746,840880.4,False,61.0,2.0,1.0,0.6969
2020,1013344,"Armor Energy, LLC",220,"Gulf Coast Basin (LA, TX)",0.00335404,848870.0,False,52.0,0.0,1.0,0.16
2020,1013304,Helis Oil & Gas LLC - Denver Basin (540) Operations,540,Denver Basin,0.016745763,850588.0,False,13.0,0.0,1.0,0.6866
2020,1009588,Lewis Energy Group,220,"Gulf Coast Basin (LA, TX)",5.85823282,853247.0,False,1816.0,25.0,8.0,0.8366
2020,1008622,535 Green River Basin - BP America Production Company,535,Green River Basin,1.384444201,865179.0,False,1492.0,0.0,2.0,0.8295
2020,1010837,Matador Production Company - Gulf Coast,220,"Gulf Coast Basin (LA, TX)",0.046212895,875502.3,False,117.0,0.0,8.0,0.7323
2020,1003056,"Bridge Energy, LLC - Brea Stearns Facility",760,Los Angeles Basin,0.0,876604.0,False,299.0,0.0,2.0,0.5915
2020,1011463,"Petro Harvester Operating Co., LLC 395 Williston Basin",395,Williston Basin,0.112107089,909235.0,False,129.0,0.0,3.0,0.6071
2020,1008587,Valence Operating Co 260 East Texas Basin,260,East Texas Basin,0.624687892,920410.0,False,491.0,0.0,22.0,0.8701
2020,1011250,Formentera Operations LLC,395,Williston Basin,0.04087043,931292.0,False,207.0,0.0,1.0,0.5104
2020,1008167,Berry Petroleum Company - Uinta Basin 575,575,Uinta Basin,0.211746564,983598.0,False,983.0,0.0,1.0,0.859
2020,1009607,"Williston Basin/SOGC, Inc.",395,Williston Basin,0.017319361,1023418.9,False,74.0,1.0,6.0,0.5706
2020,1009848,GeoSouthern Energy Corporation,220,"Gulf Coast Basin (LA, TX)",0.884390576,1033716.4,False,167.0,1.0,18.0,0.7361
2020,1010701,"Amplify Operating Oklahoma, LLC.",360,Anadarko Basin,0.580638108,1035986.0,False,363.0,0.0,5.0,0.7863
2020,1014100,Point Energy Partners,430,Permian Basin,0.059104666,1125534.0,False,35.0,0.0,1.0,0.6527
2020,1014431,"Crimson Energy Partners IV, LLC",220,"Gulf Coast Basin (LA, TX)",0.140134624,1130629.0,False,147.0,1.0,4.0,0.7482
2020,1008885,"Tellus Operating Group, LLC - MS Operations",210,Mid-Gulf Coast Basin,0.060138823,1181507.0,False,699.0,0.0,7.0,0.8721
2020,1012024,Tapstone 360 Anadarko,360,Anadarko Basin,0.949924041,1207516.0,False,323.0,0.0,6.0,0.8421
2020,1011185,Lime Rock Resources V-A Williston Basin 395,395,Williston Basin,0.161760994,1252026.0,False,79.0,0.0,8.0,0.5991
2020,1012664,SOUTHLAND ROYALTY COMPANY LLC-GREEN RIVER BASIN 535,535,Green River Basin,1.276445512,1269269.0,False,996.0,1.0,3.0,0.8219
2020,1013851,U.S. Energy Development Corp.,220,"Gulf Coast Basin (LA, TX)",0.035381754,1278713.0,False,49.0,24.0,2.0,0.6817
2020,1012825,Fairway Resources,360,Anadarko Basin,0.174629677,1339942.0,False,,,,
2020,1009830,"Sage Butte PRB Operating, LLC (Basin 515) Powder River Basin",515,Powder River Basin,0.108682229,1351881.8,False,92.0,0.0,3.0,0.7838
2020,1000435,Merit Energy Co. South Texas 220 Gulf Coast Basin,220,"Gulf Coast Basin (LA, TX)",1.472997039,1425313.3,False,1711.0,6.0,10.0,0.918
2020,1012571,West Ranch Field,220,"Gulf Coast Basin (LA, TX)",0.00092845,1499031.6,False,380.0,1.0,2.0,0.3999
2020,1013318,Recoil Resources 220 Gulf Coast Basin,220,"Gulf Coast Basin (LA, TX)",0.0,1504122.7,False,99.0,4.0,2.0,0.6484
2020,1009126,Impact E&P Powder River Basin Operations,515,Powder River Basin,0.058809979,1508307.0,False,38.0,5.0,1.0,0.6522
2020,1013948,Teal Natural Resources 220 Gulf Coast Basin,220,"Gulf Coast Basin (LA, TX)",0.223407012,1511595.0,False,77.0,8.0,5.0,0.7588
2020,1014024,"TITUS OIL & GAS PRODUCTION, LLC",430,Permian Basin,0.20739247,1545922.0,False,17.0,5.0,5.0,0.7289
2020,1011773,"Earthstone Operating, LLC - Basin 220",220,"Gulf Coast Basin (LA, TX)",0.031049146,1564247.9,False,115.0,0.0,5.0,0.6466
2020,1009125,PureWest/Green River Basin,535,Green River Basin,6.429036916,1564538.8,False,2263.0,0.0,1.0,0.9282
2020,1012100,SEP Williston Basin 395 Production,395,Williston Basin,0.41160557,1593764.6,False,2857.0,0.0,12.0,0.9077
2020,1013264,Anschutz Exploration Corporation - Powder River Basin,515,Powder River Basin,0.089154404,1607043.8,False,60.0,14.0,3.0,0.6314
2020,1013216,SEP Permian Basin 430 Production,430,Permian Basin,0.131578008,1623668.8,False,1205.0,0.0,26.0,0.6849
2020,1009547,Revolution Operating Company Anadarko 360,360,Anadarko Basin,0.564130566,1670206.3,False,538.0,0.0,19.0,0.809
2020,1009115,Ovintiv USA Inc. 355.Chautauqua Platform,355,Chautauqua Platform,0.137253717,1670994.2,False,39.0,8.0,2.0,0.7452
2020,1013547,"Civitas North, LLC",540,Denver Basin,0.089373286,1692952.0,False,30.0,14.0,1.0,0.6535
2020,1011666,Lindsay Field Office,360,Anadarko Basin,2.094214562,1717784.0,False,193.0,4.0,1.0,0.778
2020,1008806,SandRidge 360 Anadarko Basin,360,Anadarko Basin,1.175174487,1729088.7,False,843.0,0.0,18.0,0.8198
2020,1011454,Ascent Resources - Utica (160a),160A,Appalachian Basin (Eastern Overthrust Area),21.039467341,1742325.5,False,452.0,62.0,3.0,0.8958
2020,1013736,APR - Basin 430 - Production,430,Permian Basin,0.691185592,1765726.0,False,48.0,5.0,2.0,0.7747
2020,1013897,UpCurve 430 Permian Basin,430,Permian Basin,0.268630212,1782326.4,False,25.0,0.0,1.0,0.7389
2020,1008506,Mid-Gulf Coast Basin Code 210,210,Mid-Gulf Coast Basin,0.043435083,1784611.0,False,107.0,0.0,13.0,0.6503
2020,1012021,Liberty Resources Managment LLC 395 Williston Basin,395,Williston Basin,0.108782557,1794609.8,False,98.0,0.0,5.0,0.6418
2020,1013606,Tall City Operations III LLC,430,Permian Basin,0.172033399,1821732.0,False,42.0,5.0,4.0,0.7297
2020,1011923,White Rock Oil & Gas LLC - 395 Williston,395,Williston Basin,0.032806922,1839235.6,False,300.0,0.0,18.0,0.5761
2020,1013413,"Eclipse Resources I, LP",160,Appalachian Basin,0.838636309,1858960.9,False,96.0,0.0,5.0,0.8019
2020,1013931,"CML Exploration, LLC",220,"Gulf Coast Basin (LA, TX)",0.133120108,1862921.0,False,189.0,0.0,9.0,0.735
2020,1009490,Rosewood Resources Inc.,220,"Gulf Coast Basin (LA, TX)",0.112317653,1938862.0,False,54.0,11.0,12.0,0.7378
2020,1008788,"Texland Petroleum, LP, 430 - Permian Basin",430,Permian Basin,0.017350976,1976260.0,False,761.0,1.0,11.0,0.6409
2020,1013918,Mallard Exploration LLC,540,Denver Basin,0.066773535,1998111.0,False,25.0,21.0,1.0,0.6657
2020,1009335,Presidio Petroleum 360 Anadarko Basin,360,Anadarko Basin,2.135302947,2015900.0,False,2355.0,0.0,33.0,0.7933
2020,1009706,"SilverBow Resources, LLC - Basin 220",220,"Gulf Coast Basin (LA, TX)",2.586815569,2043360.2,False,366.0,14.0,5.0,0.8455
2020,1014085,Magnolia Oil and Gas - Gulf Coast OSP,220,"Gulf Coast Basin (LA, TX)",0.019534146,2077238.0,False,92.0,0.0,4.0,0.7258
2020,1008639,Citation Oil & Gas Corp. 430 Permian Basin,430,Permian Basin,0.074006766,2112643.3,False,955.0,0.0,19.0,0.436
2020,1008241,Unit Petroleum 783 Anadarko Basin,360,Anadarko Basin,0.801703116,2114899.2,False,939.0,0.0,24.0,0.8067
2020,1011318,Peak Powder River Resources,515,Powder River Basin,0.244759999,2171328.0,False,91.0,3.0,2.0,0.6439
2020,1008857,CRI 515 Powder River,515,Powder River Basin,0.033873657,2203624.0,False,141.0,7.0,4.0,0.7485
2020,1008700,COTERRA ENERGY - 430 - PERMIAN BASIN,430,Permian Basin,0.43645481,2216210.3,False,328.0,0.0,16.0,0.7733
2020,1008530,Tapstone 360 - Anadarko Basin,360,Anadarko Basin,0.953489208,2223230.0,False,1727.0,0.0,36.0,0.8607
2020,1011387,Crestone Peak - Denver Basin (Watkins),540,Denver Basin,0.194023316,2228131.8,False,81.0,8.0,2.0,0.6719
2020,1009357,Finley Resources Inc - Uintah Basin (575),575,Uinta Basin,0.084575838,2244452.1,False,331.0,7.0,2.0,0.8681
2020,1009185,"Fundare Resources Operating Company, LLC",540,Denver Basin,0.228513433,2244743.0,False,314.0,2.0,1.0,0.6328
2020,1009098,EQT CHAP LLC - Basin 160A - Appalachian Eastern Overthrust,160A,Appalachian Basin (Eastern Overthrust Area),4.781773984,2245641.8,False,425.0,23.0,8.0,0.9351
2020,1004628,MACPHERSON OIL COMPANY,745,San Joaquin Basin,0.0,2393428.1,False,433.0,0.0,1.0,0.72
2020,1013728,"PetroShale (US), Inc.",395,Williston Basin,0.137593766,2430676.0,False,35.0,0.0,2.0,0.5704
2020,1013386,Tug Hill Operating Appalachia,160A,Appalachian Basin (Eastern Overthrust Area),4.946644737,2443837.9,False,174.0,34.0,1.0,0.8025
2020,1008134,Ovintiv USA Inc. 350.South Oklahoma Folded Belt,350,South Oklahoma Folded Belt,1.835481591,2462186.6,False,205.0,10.0,4.0,0.7294
2020,1009624,SM Energy (Basin 220) South Texas,220,"Gulf Coast Basin (LA, TX)",2.766985541,2517622.0,False,472.0,4.0,3.0,0.7831
2020,1012823,San Joaquin Production Facilities,745,San Joaquin Basin,0.055833048,2524735.9,False,1011.0,24.0,2.0,0.3911
2020,1013301,"Kraken Oil and Gas, LLC",395,Williston Basin,0.048979144,2548444.0,False,45.0,8.0,2.0,0.5748
2020,1008352,"EOG Resources, Inc. 360 Anadarko basin",360,Anadarko Basin,0.326384909,2564245.0,False,280.0,0.0,8.0,0.7874
2020,1009274,MERIT ENERGY CO LLC 360 ANADARKO BASIN,360,Anadarko Basin,1.021309538,2593394.2,False,3765.0,6.0,19.0,0.7045
2020,1013078,"EOG Resources, Inc. 355 Chautauqua Platform",355,Chautauqua Platform,0.181987977,2607926.0,False,52.0,0.0,2.0,0.7263
2020,1007777,EP Energy E&P 430 Permian Basin,430,Permian Basin,0.897578196,2612530.0,False,384.0,0.0,4.0,0.7166
2020,1010084,Rosetta Resources 220 Gulf Coast Basin,220,"Gulf Coast Basin (LA, TX)",1.925478659,2638025.0,False,359.0,0.0,2.0,0.7676
2020,1013289,BPH PowderRiverBasinWY,515,Powder River Basin,0.210485599,2649080.0,False,118.0,1.0,2.0,0.6432
2020,1013023,"Sundance Energy, Inc. - South Texas Basin",220,"Gulf Coast Basin (LA, TX)",0.150210741,2721192.0,False,226.0,8.0,7.0,0.7087
2020,1009731,Verdad Resources LLC - DJ Basin,540,Denver Basin,0.193817965,2735142.9,False,196.0,0.0,4.0,0.6574
2020,1008203,Powder River Basin - AAPG Province 515,515,Powder River Basin,0.182378513,2740951.0,False,77.0,11.0,2.0,0.6673
2020,1013833,Mewbourne Oil Company - Anadarko Basin 360,360,Anadarko Basin,0.928282071,2780801.7,False,1188.0,5.0,30.0,0.78
2020,1009265,360 Anadarko Basin,360,Anadarko Basin,1.070591982,2847488.8,False,448.0,15.0,16.0,0.7664
2020,1013993,Hibernia Resources III LLC,430,Permian Basin,0.214267734,2872216.2,False,206.0,19.0,4.0,0.7645
2020,1008577,Basin 395 North Dakota - OSP,395,Williston Basin,0.05105267,2882249.2,False,151.0,0.0,4.0,0.5007
2020,1013742,Luxe 430 Permian Basin,430,Permian Basin,0.739454157,2939508.8,False,56.0,10.0,4.0,0.7878
2020,1008052,DJR Operating - San Juan Basin Oil and Gas Production,580,San Juan Basin,0.254636729,2951382.0,False,363.0,9.0,6.0,0.7301
2020,1011831,Point Thomson Production Facility,890,Arctic Coastal Plains Province,0.0,2965923.0,False,1.0,0.0,1.0,0.8478
2020,1008079,XTO Energy Inc 260 East Texas,260,East Texas Basin,9.745969106,2980718.8,False,4981.0,22.0,46.0,0.8791
2020,1009956,"Elk Operating Services, LLC 585 Paradox Basin",585,Paradox Basin,0.020176169,3046608.4,False,338.0,0.0,1.0,0.1079
2020,1013324,"Kraken Oil and Gas III, LLC",395,Williston Basin,0.088789309,3063967.0,False,76.0,6.0,1.0,0.5813
2020,1008087,Bayswater Exploration & Production Denver Basin (540) Operations,540,Denver Basin,0.294248279,3144286.4,False,159.0,18.0,2.0,0.7211
2020,1013671,"Inpex 220 Gulf Coast Basin (LA, TX)",220,"Gulf Coast Basin (LA, TX)",0.117271394,3235595.0,False,63.0,20.0,4.0,0.7168
2020,1010372,BATTALION OIL CORP,430,Permian Basin,0.299096697,3237937.1,False,115.0,7.0,6.0,0.7333
2020,1009242,San Juan Basin,580,San Juan Basin,0.791838244,3262461.8,False,948.0,2.0,9.0,0.8402
2020,1013339,Basin 360 - Mach,360,Anadarko Basin,1.176755822,3395081.8,False,802.0,12.0,4.0,0.8724
2020,1013483,Earthstone Energy 430 Permian,430,Permian Basin,0.394822105,3409245.0,False,109.0,0.0,4.0,0.6547
2020,1014727,Capitan Energy 430,430,Permian Basin,0.89160042,3411085.9,False,69.0,4.0,2.0,0.7905
2020,1013288,XCL - Uinta Basin,575,Uinta Basin,0.080792588,3423076.0,False,77.0,0.0,2.0,0.7134
2020,1012873,"Lonestar Resources 220 Gulf Coast Basin (LA, TX)",220,"Gulf Coast Basin (LA, TX)",0.374854022,3438201.7,False,242.0,10.0,10.0,0.7356
2020,1010222,GULF COAST BASIN,220,"Gulf Coast Basin (LA, TX)",2.982618884,3504610.1,False,7056.0,1.0,93.0,0.9117
2020,1011191,CRI 350 SOK Folded Belt,350,South Oklahoma Folded Belt,2.901956954,3525192.3,False,204.0,13.0,7.0,0.2144
2020,1008702,COTERRA ENERGY - 360 - ANADARKO BASIN,360,Anadarko Basin,3.04087,3561749.2,False,801.0,1.0,30.0,0.8441
2020,1010932,E&B Natural Resources,745,San Joaquin Basin,0.0,3650491.0,False,2115.0,0.0,1.0,0.272
2020,1013241,Chisholm Energy 430 Permian Basin,430,Permian Basin,0.296274034,3663626.0,False,212.0,9.0,9.0,0.6547
2020,1008383,Marathon Oil So. Oklahoma Folded Belt (AAPG 350),350,South Oklahoma Folded Belt,0.803293428,3671079.7,False,59.0,4.0,4.0,0.757
2020,1014369,"Ring Energy, Inc",430,Permian Basin,0.094463231,3717748.0,False,394.0,0.0,8.0,0.6331
2020,1010294,Discovery Natural Resources LLC - 430 Permian Basin,430,Permian Basin,0.781625194,3772650.6,False,1314.0,13.0,7.0,0.786
2020,1013393,"PERCUSSION PETROLEUM OPER II, LLC",430,Permian Basin,0.14792685,3778610.0,False,73.0,15.0,4.0,0.7471
2020,1009720,"SN Operating, LLC 220 Gulf Coast Basin (LA, TX)",220,"Gulf Coast Basin (LA, TX)",0.946681538,3791571.7,False,519.0,5.0,7.0,0.7861
2020,1009386,XTO Energy Inc 220 Gulf Coast,220,"Gulf Coast Basin (LA, TX)",0.457290005,3845782.0,False,425.0,6.0,23.0,0.8075
2020,1008569,Citation Oil & Gas Corp. 350 South Oklahoma Folded Belt Province,350,South Oklahoma Folded Belt,0.20721926,3846816.5,False,3110.0,0.0,8.0,0.6378
2020,1013735,Steward Energy II 430 Permian Basin,430,Permian Basin,0.261727114,3975338.0,False,129.0,12.0,4.0,0.6865
2020,1010505,Bowline Energy LLC,395,Williston Basin,0.15474055,4032453.3,False,197.0,3.0,3.0,0.6342
2020,1013123,BCE-Mach III LLC,360,Anadarko Basin,1.15151722,4051217.3,False,418.0,0.0,4.0,0.7948
2020,1008616,XTO Energy Inc 350 South Oklahoma Folded Belt,350,South Oklahoma Folded Belt,2.140592952,4131800.9,False,892.0,15.0,18.0,0.7612
2020,1013913,"Zarvona Energy, LLC",430,Permian Basin,0.14392024,4205118.4,False,979.0,1.0,10.0,0.7472
2020,1008890,Summit Petroleum LLC,430,Permian Basin,0.402075755,4266198.2,False,590.0,0.0,4.0,0.6749
2020,1008998,Henry Resources LLC,430,Permian Basin,0.191011852,4405675.0,False,163.0,11.0,9.0,0.6945
2020,1008439,Javelin Energy Partners Management Gulf Coast Basin,220,"Gulf Coast Basin (LA, TX)",0.074882928,4479348.0,False,286.0,0.0,5.0,0.7655
2020,1013771,"Zavanna, LLC Williston Basin (395) Operations",395,Williston Basin,0.325447972,4523834.2,False,138.0,13.0,2.0,0.4288
2020,1011450,Jonah Energy LLC_AAPG 535_Green River Basin,535,Green River Basin,5.462093275,4544767.3,False,2345.0,22.0,1.0,0.8974
2020,1010943,Repsol Texas Onshore Properties - Eagle Ford,220,"Gulf Coast Basin (LA, TX)",1.860815667,4586104.3,False,524.0,3.0,10.0,0.8322
2020,1012449,"Blackbeard Operating, LLC - 430 Permian Basin",430,Permian Basin,0.524300192,4594770.0,False,1413.0,98.0,11.0,0.7501
2020,1006770,TPIC Basin 220,220,"Gulf Coast Basin (LA, TX)",0.586722212,4618188.0,False,1510.0,4.0,33.0,0.9063
2020,1013354,"Trinity Operating (USG), LLC - Gulf Coast Basin (220)",220,"Gulf Coast Basin (LA, TX)",0.20919002,4751849.0,False,369.0,32.0,7.0,0.7494
2020,1013614,"Citizen Energy III, LLC",360,Anadarko Basin,3.534864863,4790033.5,False,274.0,36.0,7.0,0.7573
2020,1013983,Advance Energy Partners - Basin 430,430,Permian Basin,0.365682711,4834936.7,False,68.0,29.0,4.0,0.6986
2020,1011873,"Lime Rock Resources III-A, Williston Basin",395,Williston Basin,0.087870904,4850419.0,False,319.0,0.0,4.0,0.455
2020,1012780,Permian Basin Oil and Gas Production Facilities,430,Permian Basin,1.416976111,4852015.8,False,367.0,5.0,4.0,0.6766
2020,1008604,Ensign Gulf Coast Basin-Production,220,"Gulf Coast Basin (LA, TX)",1.304707349,4882982.0,False,676.0,3.0,5.0,0.8156
2020,1010945,"EXCO Resources, Inc. - Gulf Coast Basin #220",220,"Gulf Coast Basin (LA, TX)",0.065303026,4974094.2,False,284.0,11.0,5.0,0.7607
2020,1010521,Crescent Point Energy Corporation Williston Basin (395) Operations,395,Williston Basin,0.176244707,5068202.0,False,142.0,36.0,3.0,0.4752
2020,1009353,Marathon Oil Anadarko Basin (AAPG 360),360,Anadarko Basin,2.255546408,5075607.8,False,357.0,9.0,14.0,0.7996
2020,1011735,"Resolute Natural Resources Company, LLC 430 Permian Basin",430,Permian Basin,1.151975181,5127582.0,False,119.0,7.0,2.0,0.761
2020,1010183,Antero Resources - 160A - Appalachian Basin (Eastern Overthurst Area),160A,Appalachian Basin (Eastern Overthrust Area),32.066204853,5181436.4,False,1323.0,104.0,7.0,0.8312
2020,1014129,RPOC - Basin 430 - Permian Basin,430,Permian Basin,0.197213854,5192083.7,False,67.0,4.0,4.0,0.632
2020,1008086,"Uinta Wax Operating, LLC",575,Uinta Basin,0.197267732,5272683.8,False,660.0,14.0,2.0,0.791
2020,1013699,"Sabinal Energy Operating, LLC - Permian Basin",430,Permian Basin,0.062878669,5303263.9,False,4957.0,0.0,17.0,0.4903
2020,1008407,Ovintiv USA Inc. 575.Uinta,575,Uinta Basin,0.183926488,5361246.6,False,1417.0,8.0,2.0,0.775
2020,1012376,"PDC Permian, Inc. 430 Permian Basin",430,Permian Basin,1.102217489,5364658.9,False,100.0,0.0,1.0,0.7287
2020,1011498,Hibernia Resources IV Basin 430,430,Permian Basin,0.467397611,5448867.0,False,1827.0,19.0,34.0,0.6124
2020,1009846,Permian Basin,430,Permian Basin,0.270625142,5742352.9,False,4769.0,0.0,21.0,0.7238
2020,1013377,Lime Rock Resources Pecos Valley,430,Permian Basin,0.35797119,5760795.0,False,108.0,8.0,2.0,0.7574
2020,1014384,Colgate Energy,430,Permian Basin,0.533358,5793468.0,False,334.0,1.0,6.0,0.7538
2020,1008293,Marathon Oil EF - Gulf Coast Basin (AAPG Basin Number 220),220,"Gulf Coast Basin (LA, TX)",0.436379431,5936667.9,False,1908.0,88.0,12.0,0.7086
2020,1014071,VTX Energy Operating LLC,430,Permian Basin,0.316942245,6209635.0,False,141.0,0.0,3.0,0.6955
2020,1013734,Tap Rock Operating,430,Permian Basin,0.548530698,6279227.2,False,111.0,42.0,6.0,0.7236
2020,1013674,Spur Energy Partners LLC,430,Permian Basin,0.697465551,6292306.0,False,2681.0,12.0,2.0,0.6766
2020,1008630,BPX Operating Company,220,"Gulf Coast Basin (LA, TX)",2.960642412,6410402.8,False,658.0,48.0,6.0,0.7728
2020,1013283,Encino Energy (EAP Ohio LLC),160A,Appalachian Basin (Eastern Overthrust Area),9.802521942,6428338.5,False,803.0,4.0,4.0,0.8155
2020,1008979,"EOG Resources, Inc. 540 Denver basin",540,Denver Basin,0.165941187,6438626.5,False,247.0,6.0,1.0,0.6266
2020,1013367,RimRock Oil & Gas,395,Williston Basin,0.188378713,6481251.9,False,149.0,11.0,1.0,0.4872
2020,1009350,Javelin Energy Partners Managment Uinta Basin,575,Uinta Basin,0.535005811,6517842.0,False,368.0,12.0,2.0,0.7564
2020,1011531,WildFire Energy Operating LLC,220,"Gulf Coast Basin (LA, TX)",0.185273198,6525907.0,False,314.0,16.0,3.0,0.645
2020,1011393,Ascent Resources - Utica (160),160,Appalachian Basin,1.5150276,6630206.9,False,146.0,13.0,2.0,0.7721
2020,1012556,FDL Energy LLC,430,Permian Basin,2.185362326,6646389.8,False,714.0,0.0,5.0,0.6704
2020,1011854,WESTERN ANDARKO BASIN (WAB) BUSINESS UNIT-BASIN 360,360,Anadarko Basin,2.387120824,6696613.4,False,2197.0,21.0,23.0,0.7417
2020,1009885,Primexx Operating Corp 430 Permian Basin,430,Permian Basin,0.393098139,6986773.6,False,110.0,0.0,1.0,0.5706
2020,1008538,"Chesapeake Operating LLC, 515 - Powder River Basin",515,Powder River Basin,1.044111973,7175654.0,False,342.0,10.0,2.0,0.7258
2020,1008206,Crestone Peak - Denver Basin,540,Denver Basin,2.002595811,7714743.8,False,1118.0,43.0,6.0,0.7422
2020,1009354,HighPoint Operating Corporation - Denver Basin (540),540,Denver Basin,0.82712287,7764627.7,False,479.0,0.0,1.0,0.6912
2020,1009281,395 Williston Basin QEP Energy Company,395,Williston Basin,0.633384949,8501704.7,False,399.0,2.0,4.0,0.5476
2020,1008163,Berry Petroleum Company - San Joaquin Basin 745,745,San Joaquin Basin,0.0,8537805.8,False,2386.0,35.0,1.0,0.3
2020,1008092,EP Energy E&P 220 Gulf Coast Basin,220,"Gulf Coast Basin (LA, TX)",0.559920914,8780722.0,False,922.0,17.0,6.0,0.7322
2020,1010721,Appalachian Basin (Eastern Overthrust Area),160A,Appalachian Basin (Eastern Overthrust Area),33.585452869,8896642.6,False,2532.0,62.0,26.0,0.8542
2020,1009106,Slawson Exploration - Williston Basin 395,395,Williston Basin,0.24171464,8941357.0,False,439.0,27.0,8.0,0.534
2020,1013038,Marathon Oil Permian (AAPG Basin Number 430),430,Permian Basin,0.762231338,9301875.3,False,318.0,24.0,10.0,0.7875
2020,1008534,Eni US Operating Co. Inc. - Nikaitchuq & Oooguruk Development,890,Arctic Coastal Plains Province,0.0,9402014.0,False,56.0,0.0,2.0,0.8585
2020,1008396,"EOG Resources, Inc. 515 Powder River basin",515,Powder River Basin,1.289993447,9518047.5,False,532.0,18.0,5.0,0.6923
2020,1008714,Gulf Coast Facility,220,"Gulf Coast Basin (LA, TX)",0.484140811,9576917.1,False,516.0,19.0,5.0,0.6558
2020,1012940,Bruin E&P Operating LLC - Williston Basin Operations,395,Williston Basin,0.538014319,9662461.0,False,436.0,6.0,4.0,0.5259
2020,1013291,"Kraken Oil and Gas II, LLC",395,Williston Basin,0.391132086,9733481.0,False,230.0,15.0,2.0,0.5966
2020,1009261,Ovintiv USA Inc. 395.Williston Basin,395,Williston Basin,0.709684849,10437391.5,False,348.0,17.0,3.0,0.6411
2020,1000355,(540) Civitas Resources - Denver Basin,540,Denver Basin,0.794084058,10855042.5,False,644.0,21.0,1.0,0.6462
2020,1008980,"EOG Resources, Inc. 395 Williston basin",395,Williston Basin,0.668981173,10911634.5,False,740.0,0.0,7.0,0.5251
2020,1009278,515 Powder River Basin DEC,515,Powder River Basin,0.389358945,11102103.1,False,293.0,29.0,3.0,0.6782
2020,1008287,360 Anadarko Basin DEC,360,Anadarko Basin,4.732498549,11257712.6,False,882.0,4.0,26.0,0.7853
2020,1010190,"Williston Basin (Petro-Hunt, LLC)",395,Williston Basin,0.500203218,11596741.0,False,622.0,23.0,11.0,0.5402
2020,1013407,Birch Resources,430,Permian Basin,0.485635104,11734493.2,False,373.0,54.0,3.0,0.6796
2020,1013325,Magnolia O&G Corp 220 Gulf Coast Basin,220,"Gulf Coast Basin (LA, TX)",1.409399231,11816349.0,False,1192.0,38.0,20.0,0.7281
2020,1008794,Great Western Oil & Gas Company - D-J Basin,540,Denver Basin,2.000876558,11837912.2,False,561.0,55.0,3.0,0.6945
2020,1008090,"Validus Energy Aquilas AssetCo, LLC",220,"Gulf Coast Basin (LA, TX)",0.52092017,12086978.6,False,508.0,22.0,3.0,0.717
2020,1008642,Basin 430 Production,430,Permian Basin,1.141040719,12188935.2,False,426.0,29.0,7.0,0.5294
2020,1007479,ConocoPhillips Permian (430),430,Permian Basin,1.585344183,13003649.0,False,2890.0,12.0,17.0,0.7217
2020,1009056,Vital Energy Production,430,Permian Basin,3.592733615,13390666.7,False,1295.0,48.0,4.0,0.7344
2020,1009728,Ridgemar (Eagle Ford) - Basin 220,220,"Gulf Coast Basin (LA, TX)",0.618191236,13834572.4,False,628.0,0.0,6.0,0.7552
2020,1009595,Enerplus Resources (USA) Corporation - Williston Basin,395,Williston Basin,0.467556071,13946098.0,False,470.0,22.0,3.0,0.563
2020,1013303,DE3 Operating LLC - Permian Basin (430) Operations,430,Permian Basin,0.851456925,14242274.6,False,544.0,51.0,6.0,0.5891
2020,1013128,"SN EF Maverick, LLC 220 Gulf Coast Basin",220,"Gulf Coast Basin (LA, TX)",3.169082076,15477115.2,False,1782.0,28.0,8.0,0.7215
2020,1008632,"BPX Energy Permian Basin, AAPG Basin 430",430,Permian Basin,1.459838893,15517342.2,False,235.0,29.0,3.0,0.7918
2020,1009691,430 Permian Basin QEP Energy Company,430,Permian Basin,1.049691002,16107158.1,False,762.0,47.0,3.0,0.7157
2020,1008402,California Resources Production Corporation  San Joaquin Valley Basin 745,745,San Joaquin Basin,1.589165994,16319769.7,False,3873.0,80.0,4.0,0.1455
2020,1011782,"Hilcorp Alaska, LLC 890 Arctic Slope Basin",890,Arctic Coastal Plains Province,0.001554932,16631625.8,False,307.0,14.0,1.0,0.872
2020,1009625,"Grayson Mill Operating, LLC",395,Williston Basin,1.152145724,17228916.0,False,722.0,0.0,5.0,0.5426
2020,1013222,"Noble Energy, Inc. - Permian Basin 430",430,Permian Basin,1.198453625,18181010.0,False,458.0,36.0,1.0,0.7462
2020,1011690,Permian Resources Corporation,430,Permian Basin,1.289398126,18436247.0,False,420.0,24.0,5.0,0.7205
2020,1009260,Ovintiv USA Inc. 360.Anadarko Basin,360,Anadarko Basin,4.416629175,18437825.9,False,663.0,64.0,11.0,0.7568
2020,1011761,"Extraction Oil & Gas, Inc.",540,Denver Basin,3.646690167,19289953.3,False,1211.0,36.0,8.0,0.7093
2020,1012068,Matador Production Company - Permian Basin,430,Permian Basin,2.09997742,20218239.0,False,692.0,55.0,5.0,0.7741
2020,1012129,Callon Permian Basin Operations,430,Permian Basin,2.112408793,20498491.2,False,594.0,51.0,11.0,0.7335
2020,1009238,220 Gulf Coast Basin DEC,220,"Gulf Coast Basin (LA, TX)",2.525124305,22118130.8,False,907.0,43.0,6.0,0.7823
2020,1010325,Oasis Petroleum,395,Williston Basin,2.206144898,22207770.0,False,1157.0,27.0,6.0,0.5361
2020,1014504,CrownQuest Operating - Basin 430,430,Permian Basin,1.943094682,23339016.0,False,1128.0,102.0,9.0,0.7249
2020,1009286,PDC Energy 540 Denver Basin,540,Denver Basin,6.4605476,25631828.6,False,2615.0,0.0,2.0,0.6842
2020,1010588,Permian Operations - Shell Exploration & Production Company,430,Permian Basin,1.646296024,26577083.7,False,510.0,57.0,9.0,0.7542
2020,1007482,ConocoPhillips' Williston (395),395,Williston Basin,1.551999181,27809242.2,False,844.0,44.0,4.0,0.5666
2020,1008275,XTO Energy Inc 395 Williston,395,Williston Basin,1.937780916,27962759.1,False,1166.0,2.0,10.0,0.5987
2020,1009674,SM Energy (Basin 430) Permian Basin,430,Permian Basin,1.775682419,28652196.0,False,791.0,59.0,5.0,0.7087
2020,1008270,Basin 540 Denver Julesburg - Noble Energy Inc.,540,Denver Basin,4.571789325,29055378.2,False,2708.0,61.0,2.0,0.7219
2020,1008544,Cimarex Energy Co. 430 Permian,430,Permian Basin,7.165947427,30213636.7,False,626.0,51.0,18.0,0.7611
2020,1008346,Aera Energy San Joaquin Basin,745,San Joaquin Basin,0.002676924,31038698.2,False,15459.0,170.0,2.0,0.3754
2020,1009253,"WPX Energy Williston, LLC - 395 Williston basin",395,Williston Basin,1.026982283,31606669.9,False,454.0,27.0,4.0,0.4975
2020,1008331,Ovintiv USA Inc - Permian Basin,430,Permian Basin,2.518070004,32350580.5,False,1614.0,87.0,10.0,0.7249
2020,1008202,Denver Basin - AAPG Province 540,540,Denver Basin,8.943373891,33972541.0,False,4251.0,114.0,6.0,0.7219
2020,1008499,745 San Joaquin Basin Chevron USA Inc.,745,San Joaquin Basin,0.0,34121398.0,False,14562.0,517.0,3.0,0.6381
2020,1009197,Whiting Oil and Gas Corporation 395 Williston Basin,395,Williston Basin,2.466505754,35227098.0,False,1813.0,25.0,11.0,0.5414
2020,1008173,Marathon Oil Company - Williston Basin (AAPG Basin 395),395,Williston Basin,1.253555658,36504275.9,False,802.0,66.0,4.0,0.5337
2020,1009391,Apache Corporation - Permian Basin 430,430,Permian Basin,9.888944221,38233270.8,False,7497.0,39.0,49.0,0.6102
2020,1009039,WPX Energy Permian LLC,430,Permian Basin,4.089302318,39487250.4,False,856.0,71.0,13.0,0.7613
2020,1008290,430 Permian Basin DEC,430,Permian Basin,5.073973247,45821327.0,False,1022.0,110.0,7.0,0.7086
2020,1007485,"ConocoPhillips Gulf Coast Basin 220, Production",220,"Gulf Coast Basin (LA, TX)",4.495842022,50245544.7,False,2021.0,87.0,11.0,0.7164
2020,1008471,CRI 395 Williston,395,Williston Basin,3.416625259,50302828.2,False,1969.0,84.0,16.0,0.5733
2020,1008490,Hess Corporation - 395 - Williston Basin,395,Williston Basin,2.772542232,50346855.2,False,1853.0,6.0,6.0,0.589
2020,1008526,"Chesapeake Operating LLC, 220 - Gulf Coast Basin",220,"Gulf Coast Basin (LA, TX)",4.438189814,53938381.0,False,3008.0,76.0,16.0,0.722
2020,1008111,ConocoPhillips Alaska Inc - KRU-ALP Fields,890,Arctic Coastal Plains Province,0.0,54096013.0,False,818.0,4.0,2.0,0.8219
2020,1011555,"Parsley Energy, Inc. 430 Permian Basin",430,Permian Basin,3.706793938,70915279.6,False,1387.0,103.0,14.0,0.6952
2020,1009240,Chevron MCA 430 Permian Basin,430,Permian Basin,9.436529369,73451100.0,False,3397.0,113.0,35.0,0.7035
2020,1008172,"Hilcorp North Slope, 890 - Arctic Slope Basin",890,Arctic Coastal Plains Province,0.153306447,78562800.0,False,1734.0,14.0,1.0,0.7838
2020,1008219,"EOG Resources, Inc.220 Gulf Coast basin",220,"Gulf Coast Basin (LA, TX)",5.569598274,81759630.4,False,3336.0,222.0,31.0,0.7237
2020,1009434,Diamondback E&P LLC,430,Permian Basin,6.721995395,83918945.7,False,3881.0,186.0,20.0,0.6721
2020,1008351,"EOG Resources, Inc. 430 Permian basin",430,Permian Basin,9.153198738,91280543.4,False,2024.0,114.0,23.0,0.735
2020,1009390,XTO Energy Inc 430 Permian,430,Permian Basin,10.629151623,96099159.9,False,5362.0,250.0,41.0,0.7009
2020,1009707,COG Operating LLC  430 Permian Basin,430,Permian Basin,10.457596981,106917404.0,False,5030.0,175.0,17.0,0.7163
2020,1008607,"Pioneer Natural Resources USA, Inc. Permian",430,Permian Basin,8.053711071,107930953.4,False,7233.0,246.0,11.0,0.7081
2020,1008141,Oxy Permian Basin - 430,430,Permian Basin,9.382481665,152651162.1,False,13683.0,98.0,63.0,0.297
2020,1013106,Surge Energy 430 Permian Basin,430,Permian Basin,,,False,636.0,50.0,3.0,0.2648
2020,1011998,"TGNR TVL LLC - Basin 230 (Houston, TX)",230,Arkla Basin,1.926293446,485050.0,False,452.0,71.0,5.0,0.8868
2020,1011534,BBOG Gulf Coast Basin #220,220,"Gulf Coast Basin (LA, TX)",0.199181122,834185.0,False,99.0,0.0,10.0,0.7564
2020,1010002,Murex Petroleum Corporation - Williston Basin 395,395,Williston Basin,0.033191509,1246271.0,False,220.0,0.0,12.0,0.5166
2020,1008051,"Range Resources - Appalachia, LLC - Basin 160A",160A,Appalachian Basin (Eastern Overthrust Area),22.045920717,3340343.7,False,1370.0,8.0,15.0,0.8467
2020,1008113,MurphyE&P-220,220,"Gulf Coast Basin (LA, TX)",0.537095846,13457470.0,False,974.0,25.0,7.0,0.7169
2020,1008472,CRI 360 Anadarko,360,Anadarko Basin,7.216595824,18886424.3,False,835.0,53.0,25.0,0.7841
2020,1013845,Mewbourne Oil Company - Permian Basin 430,430,Permian Basin,3.369229,31131634.0,False,1064.0,71.0,13.0,0.7531
2020,1011659,Endeavor Energy Resources LP 430 Permian Basin,430,Permian Basin,2.986229951,46856084.0,False,3180.0,130.0,49.0,0.713
2021,1009878,Iron Pennsylvania Land LLC,160A,Appalachian Basin (Eastern Overthrust Area),0.0,0.0,False,2.0,0.0,1.0,0.8893
2021,1009308,EQT Production - Basin 160 - Appalachian,160,Appalachian Basin,0.0,0.0,False,0.0,0.0,4.0,0.0
2021,1008784,CNX Gas Company LLC -160 Appalachian Basin,160,Appalachian Basin,0.018756057,0.0,False,62.0,0.0,3.0,0.7597
2021,1009665,"Enervest Operating, L.L.C. 400 Ouachita Folded Belt",400,Ouachita Folded Belt,0.019863584,0.0,False,21.0,0.0,2.0,0.948
2021,1009860,Blackbeard Operating - 400 - Ouachita Folded Belt,400,Ouachita Folded Belt,0.066865706,0.0,False,6.0,0.0,2.0,0.8274
2021,1008348,Trendwell Energy Corporation,305,Michigan Basin,0.087384399,0.0,False,360.0,0.0,3.0,0.7363
2021,1014327,DGOC 400 Ouchita Production,400,Ouachita Folded Belt,0.15761482,0.0,False,161.0,0.0,2.0,0.9716
2021,1008053,Own Resources Operating LLC,540,Denver Basin,0.195825085,0.0,False,1869.0,0.0,1.0,0.9388
2021,1009139,OGRIS Operating LLC,455,Las Vegas-Raton Basin,0.212266769,0.0,False,461.0,0.0,1.0,0.9755
2021,1008958,"EXCO Resources, Inc. - East Texas Basin #260",260,East Texas Basin,0.255800028,0.0,False,108.0,0.0,5.0,0.9612
2021,1008474,"MMGK Arkoma, LLC - ARKOMA Basin",345,Arkoma Basin,0.375521339,0.0,False,682.0,0.0,9.0,0.97
2021,1007481,ConocoPhillips' Uinta (575),575,Uinta Basin,0.39080444,0.0,False,454.0,0.0,2.0,0.9189
2021,1008673,"EXCO Resources (PA), LLC - Basin 160A",160A,Appalachian Basin (Eastern Overthrust Area),0.68660241,0.0,False,121.0,0.0,7.0,0.9732
2021,1008608,"Evergreen Natural Resources, LLC. Las Vegas-Raton",455,Las Vegas-Raton Basin,0.835575626,0.0,False,2152.0,0.0,1.0,0.99
2021,1013104,"JKLM Energy, LLC",160A,Appalachian Basin (Eastern Overthrust Area),0.879017706,0.0,False,43.0,0.0,1.0,0.9737
2021,1005963,Red Willow Production Co.,580,San Juan Basin,0.891341109,0.0,False,465.0,2.0,3.0,0.8442
2021,1009932,"Enervest Operating, L.L.C. 160A Appalachian Basin (Eastern Overthrust area)",160A,Appalachian Basin (Eastern Overthrust Area),0.926445858,0.0,False,3377.0,0.0,4.0,0.9755
2021,1014420,Blue Dome Operating Arkla,230,Arkla Basin,1.134869582,0.0,False,19.0,9.0,1.0,0.9342
2021,1008882,Pennsylvania General Energy Company LLC,160A,Appalachian Basin (Eastern Overthrust Area),1.296075473,0.0,False,162.0,1.0,6.0,0.9674
2021,1014354,Olympus Energy Production - Basin 160A,160A,Appalachian Basin (Eastern Overthrust Area),1.469005323,0.0,False,23.0,9.0,2.0,0.9646
2021,1009732,BKV Operating LLC,160A,Appalachian Basin (Eastern Overthrust Area),1.689306451,0.0,False,138.0,8.0,3.0,0.9788
2021,1013922,"Trinity Operating (USG), LLC - Arkla Basin (230)",230,Arkla Basin,1.747281468,0.0,False,29.0,22.0,1.0,0.9393
2021,1008957,"EXCO Resources, Inc. - Arkla Basin #230",230,Arkla Basin,1.898308748,0.0,False,489.0,0.0,4.0,0.9635
2021,1014351,"Paloma Natural Gas LLC, Basin 230 (Arkla Basin)",230,Arkla Basin,2.161872141,0.0,False,54.0,8.0,5.0,0.9542
2021,1008795,"Arsenal Resources, LLC 160A Appalachian Basin",160A,Appalachian Basin (Eastern Overthrust Area),3.427056187,0.0,False,94.0,4.0,5.0,0.9657
2021,1012537,Northeast Natural Energy LLC,160A,Appalachian Basin (Eastern Overthrust Area),3.722529855,0.0,False,126.0,23.0,2.0,0.9644
2021,1008588,"Merit Energy Arkoma Basin, AAPG Basin 345",345,Arkoma Basin,4.081418844,0.0,False,3582.0,0.0,26.0,0.964
2021,1008481,"Repsol Oil & Gas USA, LLC Appalachian basin (Eastern Overthrust area) - 160A",160A,Appalachian Basin (Eastern Overthrust Area),5.56221947,0.0,False,644.0,3.0,5.0,0.9752
2021,1008937,Appalachian Basin - AAPG Province 160A,160A,Appalachian Basin (Eastern Overthrust Area),6.246716561,0.0,False,400.0,18.0,3.0,0.9733
2021,1010205,Flywheel Energy Production - Arkoma,345,Arkoma Basin,8.086547574,0.0,False,3989.0,0.0,6.0,0.9591
2021,1008527,"Chesapeake Operating LLC, 230 - Arkla Basin",230,Arkla Basin,9.145778243,0.0,False,592.0,26.0,4.0,0.9583
2021,1009301,Seneca East Facilities,160A,Appalachian Basin (Eastern Overthrust Area),10.472349928,0.0,False,947.0,39.0,15.0,0.9709
2021,1009485,Chief Oil & Gas LLC (160A),160A,Appalachian Basin (Eastern Overthrust Area),10.77428703,0.0,False,398.0,50.0,5.0,0.9734
2021,1008081,"Vine Energy, Inc.",230,Arkla Basin,13.423332349,0.0,False,405.0,30.0,5.0,0.9499
2021,1008503,Coterra Energy 160A Appalachian (EOA),160A,Appalachian Basin (Eastern Overthrust Area),28.391923712,0.0,False,946.0,96.0,2.0,0.9784
2021,1008523,"Chesapeake Appalachia LLC, 160A - Appalachian Basin (Eastern Overthrust Area)",160A,Appalachian Basin (Eastern Overthrust Area),34.750428695,0.0,False,990.0,74.0,6.0,0.9748
2021,1014239,DGOC 420 Ft Worth Sync Production,420,Fort Worth Syncline,0.344175809,198.0,False,146.0,0.0,3.0,0.8508
2021,1009392,XTO Energy Inc 345 Arkoma,345,Arkoma Basin,1.771264197,312.0,False,1088.0,0.0,11.0,0.9415
2021,1011913,SWN Production (Louisiana),230,Arkla Basin,21.007503093,336.0,False,773.0,29.0,5.0,0.9491
2021,1008350,"EOG Resources, Inc. 160A Appalachian basin (Eastern Overthrust area)",160A,Appalachian Basin (Eastern Overthrust Area),0.0,593.7,False,1.0,0.0,1.0,0.7117
2021,1009276,415 Strawn Basin BKV - Production,415,Strawn Basin,0.592829605,765.1,False,396.0,0.0,2.0,0.9415
2021,1008492,"BPX Energy Arkla Basin, AAPG Basin 230",230,Arkla Basin,3.100513041,778.0,False,423.0,10.0,8.0,0.963
2021,1011975,Legacy Reserves Basin 260 Production,260,East Texas Basin,0.89553253,831.6,False,824.0,4.0,8.0,0.9047
2021,1013677,Bedrock 415 Strawn Basin,415,Strawn Basin,0.355456515,1209.0,False,237.0,0.0,3.0,0.848
2021,1009101,REM 305 Michigan Basin - PRODUCTION,305,Michigan Basin,0.509487145,1484.0,False,5249.0,0.0,17.0,0.8467
2021,1011674,Sage Natural Resources 415 Strawn Basin,415,Strawn Basin,0.720215055,1570.0,False,253.0,8.0,4.0,0.9381
2021,1013261,Javelin Energy Partners Management Strawn Basin,415,Strawn Basin,1.466554822,1807.0,False,797.0,0.0,3.0,0.7711
2021,1009666,"Enervest Operating, L.L.C. 415 Strawn Basin",415,Strawn Basin,1.438119369,2739.0,False,1021.0,0.0,4.0,0.9542
2021,1008323,Foundation Energy Management 595 Piceance Basin,595,Piceance Basin,0.017815009,2906.8,False,66.0,0.0,6.0,0.8482
2021,1008405,California Resources Production Corporation  Sacramento Valley Basin 730,730,Sacramento Basin,0.238877593,2941.3,False,596.0,478.0,9.0,0.9533
2021,1013414,"Columbus Energy 220 Gulf Coast Basin (LA,TX)",220,"Gulf Coast Basin (LA, TX)",0.462818203,3742.0,False,233.0,3.0,5.0,0.8494
2021,1009689,"Enervest Operating, L.L.C. 420 Fort Worth Syncline",420,Fort Worth Syncline,0.088669787,4095.2,False,58.0,0.0,4.0,0.7937
2021,1012952,SEP Palo Duro Basin 435 Production,435,Palo Duro Basin,0.037580122,4324.5,False,270.0,0.0,5.0,0.7679
2021,1008536,"TEP Barnett USA LLC, 415 - Strawn Basin",415,Strawn Basin,4.635755702,4502.6,False,2613.0,12.0,3.0,0.9281
2021,1013100,"Trinity Operating USG, LLC - Arkoma (Basin 345)",345,Arkoma Basin,2.388116182,4565.7,False,477.0,10.0,3.0,0.923
2021,1012511,Aethon Energy Operating-260-East Texas Basin,260,East Texas Basin,5.350248456,5088.0,False,224.0,29.0,11.0,0.9645
2021,1011978,Morningstar Operating LLC  SAN JUAN BASIN 580,580,San Juan Basin,0.842011659,5396.7,False,1040.0,0.0,7.0,0.8811
2021,1011763,"EagleRidge Operating, LLC. Strawn Basin",415,Strawn Basin,0.430997129,5721.0,False,359.0,0.0,7.0,0.8601
2021,1014413,Contango Basin 530,530,Wind River Basin,4.379133541,6091.3,False,84.0,0.0,1.0,0.9228
2021,1006564,Greylock Energy,160A,Appalachian Basin (Eastern Overthrust Area),0.936764853,6418.0,False,2711.0,4.0,32.0,0.8462
2021,1011194,"Compass Production Partners, LP - Arkla Basin #230",230,Arkla Basin,0.369139248,6736.1,False,390.0,1.0,1.0,0.9512
2021,1009387,XTO Energy Inc 415 Strawn,415,Strawn Basin,2.804723704,7426.1,False,1587.0,0.0,7.0,0.9229
2021,1008078,XTO Energy Inc 507 Central Western Overthrust,507,Central Western Overthrust,0.122663078,8416.3,False,196.0,0.0,2.0,0.9133
2021,1008165,Berry Petroleum Company 585 Piceance Basin Production Segment,595,Piceance Basin,0.114221108,8473.0,False,168.0,0.0,1.0,0.8858
2021,1008753,Foundation Energy Management 345 Arkoma Basin,345,Arkoma Basin,0.325941996,9771.2,False,380.0,0.0,19.0,0.9319
2021,1014357,Calyx Energy III  355 Chautauqua Platform,355,Chautauqua Platform,1.211694759,10121.0,False,104.0,9.0,4.0,0.7766
2021,1013010,Verdun Oil Company-Gulf Coast Basin-Onshore Production,220,"Gulf Coast Basin (LA, TX)",0.149845285,11728.0,False,36.0,0.0,4.0,0.8121
2021,1009890,"Comstock Oil & Gas-LA, LLC",230,Arkla Basin,16.347704517,12045.1,False,941.0,53.0,23.0,0.9145
2021,1011081,"CMO, Inc.",745,San Joaquin Basin,0.0,12574.0,False,55.0,0.0,1.0,0.7449
2021,1008954,Green River Basin - 535,535,Green River Basin,0.246231736,13575.0,False,341.0,0.0,1.0,0.8892
2021,1010673,Paradox Upstream LLC 585 Paradox Basin,585,Paradox Basin,0.060498475,15060.0,False,95.0,0.0,3.0,0.7977
2021,1009683,"Laredo Energy 220 Gulf Basin (LA, TX)",220,"Gulf Coast Basin (LA, TX)",1.428913498,15214.0,False,175.0,21.0,1.0,0.9276
2021,1010319,ROCKIES BUSINESS UNIT-BASIN 507,507,Central Western Overthrust,0.02614459,16527.0,False,49.0,0.0,2.0,0.7269
2021,1011091,Foundation Energy Management 360 Anadarko Basin,360,Anadarko Basin,0.063382698,16765.0,False,240.0,0.0,11.0,0.8436
2021,1009388,XTO Energy Inc 420 Fort Worth Syncline,420,Fort Worth Syncline,0.357462591,17320.6,False,305.0,0.0,7.0,0.8492
2021,1014375,UGC 595 Piceance,595,Piceance Basin,0.096369229,17585.8,False,551.0,0.0,3.0,0.8096
2021,1011100,"Cross Timbers Energy, LLC - San Juan Basin 580",580,San Juan Basin,0.141795362,18904.7,False,265.0,0.0,3.0,0.8308
2021,1011684,Sage Natural Resources 420 Fort Worth Syncline,420,Fort Worth Syncline,0.215269647,19168.8,False,231.0,0.0,8.0,0.7514
2021,1013601,Blackbeard Operating - 345 - Arkoma Basin,345,Arkoma Basin,0.553997249,19253.6,False,130.0,0.0,3.0,0.8274
2021,1010157,ROCKIES BUSINESS UNIT-BASIN 535,535,Green River Basin,0.159719523,19785.0,False,211.0,0.0,3.0,0.904
2021,1008066,"Jordan Development Company, LLC",305,Michigan Basin,0.062828325,22095.0,False,360.0,0.0,12.0,0.8079
2021,1012612,Hilcorp Energy Company - Wind River Basin (530),530,Wind River Basin,0.09538,26133.0,False,205.0,0.0,3.0,0.8816
2021,1008170,Dominion Energy Wexpro - Central Western Overthrust (Prod),507,Central Western Overthrust,0.188822227,27316.5,False,154.0,0.0,4.0,0.8954
2021,1008755,Foundation Energy Management 540 DJ Basin,540,Denver Basin,0.137515424,28225.9,False,1400.0,0.0,5.0,0.9444
2021,1008395,"EOG Resources, Inc. 507 Central Western Overthrust",507,Central Western Overthrust,0.070433155,28226.6,False,144.0,0.0,2.0,0.8442
2021,1014333,Snyder Brothers Inc.,160A,Appalachian Basin (Eastern Overthrust Area),2.049076611,28457.8,False,2404.0,19.0,21.0,0.8689
2021,1009436,Muskegon Development Company,305,Michigan Basin,0.031825082,33381.0,False,229.0,0.0,12.0,0.7197
2021,1013357,Titan Rock Exploration and Production,260,East Texas Basin,0.087892062,35246.0,False,234.0,0.0,5.0,0.91
2021,1007486,"Tanos Exploration II, LLC Arkla Basin, AAPG 230",230,Arkla Basin,0.386365596,35791.6,False,633.0,0.0,5.0,0.9297
2021,1012605,"Trinity Operating USG, LLC - Chautauqua Platform (Basin 355)",355,Chautauqua Platform,1.338597774,37910.5,False,341.0,2.0,2.0,0.7661
2021,1014225,DGOC 415 Strawn Production,415,Strawn Basin,1.063514757,38358.1,False,837.0,0.0,10.0,0.8816
2021,1012984,"Southern Energy Operating, LLC MidGulf Coast Basin",210,Mid-Gulf Coast Basin,0.136357172,40160.0,False,248.0,0.0,5.0,0.9566
2021,1012509,Aethon Energy Operating-230-Arkla Basin,230,Arkla Basin,13.177207447,40187.0,False,1508.0,76.0,11.0,0.9564
2021,1009389,UGC 575 Uintah,575,Uinta Basin,0.196472883,42450.0,False,585.0,4.0,3.0,0.8985
2021,1014240,DGOC 260 East Texas Production,260,East Texas Basin,1.192782354,45195.4,False,369.0,0.0,13.0,0.8185
2021,1009862,"Amplify Energy Operating LLC 220 Gulf Coast Basin (LA, TX)",220,"Gulf Coast Basin (LA, TX)",0.049955168,48174.0,False,37.0,0.0,1.0,0.7719
2021,1009907,"Comstock Oil & Gas, LLC",260,East Texas Basin,4.636977664,50167.4,False,750.0,13.0,16.0,0.8807
2021,1009845,Anadarko Basin,360,Anadarko Basin,0.029581864,52061.6,False,77.0,0.0,2.0,0.8209
2021,1011804,CalNRG- Lynch Canyon Field,740,Coastal Basins,0.0,52243.0,False,26.0,0.0,1.0,0.1584
2021,1012070,SilverCreek Chautauqua #355,355,Chautauqua Platform,0.255288724,53613.6,False,77.0,0.0,4.0,0.7479
2021,1007475,ConocoPhillips Anadarko (360),360,Anadarko Basin,0.445966905,56219.4,False,584.0,0.0,29.0,0.889
2021,1013896,Crescent Pass 260 East Texas Basin,260,East Texas Basin,0.483565474,56399.0,False,707.0,0.0,10.0,0.9246
2021,1010621,TGNR East Texas Basin,260,East Texas Basin,1.811996171,58015.6,False,1719.0,0.0,25.0,0.8992
2021,1008116,XTO Energy Inc 160A Appalachian E Overthrust,160A,Appalachian Basin (Eastern Overthrust Area),4.573333171,59374.2,False,420.0,0.0,26.0,0.9013
2021,1013691,Ensight IV Energy Management,230,Arkla Basin,0.789285308,59788.6,False,232.0,5.0,5.0,0.8804
2021,1013751,Basin 375 - BCE-Mach LLC,375,Sedgwick Basin,0.048044224,63765.8,False,50.0,0.0,6.0,0.8605
2021,1009837,"Bluefin Resources LLC 220 Gulf Coast Basin (LA, TX)",220,"Gulf Coast Basin (LA, TX)",0.041262476,66882.0,False,51.0,0.0,5.0,0.772
2021,1008807,SandRidge 375 Sedgwick Basin,375,Sedgwick Basin,0.118811163,68180.2,False,91.0,0.0,3.0,0.769
2021,1011995,Hilcorp Appalachian Basin (Eastern Overthrust Area),160A,Appalachian Basin (Eastern Overthrust Area),0.883136656,70528.5,False,131.0,11.0,4.0,0.8375
2021,1013657,Bedrock 420 Fort Worth Syncline,420,Fort Worth Syncline,1.322029471,71110.0,False,774.0,6.0,4.0,0.8197
2021,1013861,"High River Resources, LLC - San Juan Basin (580) Onshore Production",580,San Juan Basin,0.201914188,72074.5,False,418.0,0.0,3.0,0.7218
2021,1013214,SEP Fort Worth Syncline 420 Production,420,Fort Worth Syncline,0.293157402,72256.6,False,566.0,0.0,7.0,0.702
2021,1012706,Hilcorp Energy Company - Green River Basin (535),535,Green River Basin,0.405983757,75988.9,False,594.0,0.0,5.0,0.8426
2021,1011596,"Wapiti Operating, LLC 575 Uinta Basin",575,Uinta Basin,0.247587797,78218.0,False,455.0,0.0,4.0,0.9018
2021,1008475,EnverVest Operating L.L.C.- 430 HighMount Permian,430,Permian Basin,0.532569534,78321.2,False,5873.0,0.0,9.0,0.7961
2021,1009170,260 East Texas Basin - BP America Production Company,260,East Texas Basin,3.979547483,81213.6,False,537.0,5.0,13.0,0.9136
2021,1013595,Escondido Gulf Coast #220 OP,220,"Gulf Coast Basin (LA, TX)",1.816531886,81578.8,False,151.0,6.0,3.0,0.8567
2021,1008540,Dugan Production Corp- San Juan Basin,580,San Juan Basin,0.201937578,82765.0,False,938.0,0.0,9.0,0.8587
2021,1011765,"EagleRidge Operating, LLC. Fort Worth Syncline Basin",420,Fort Worth Syncline,0.649693637,82987.8,False,778.0,0.0,9.0,0.7784
2021,1009076,580 San Juan Basin - Simcoe LLC,580,San Juan Basin,4.848827486,85878.6,False,3650.0,0.0,7.0,0.8743
2021,1008976,"EOG Resources, Inc. 350 South Oklahoma folded belt",350,South Oklahoma Folded Belt,0.229533811,89582.6,False,206.0,0.0,2.0,0.6831
2021,1011688,Equinor USA Onshore Properties - APB Basin 160A,160A,Appalachian Basin (Eastern Overthrust Area),2.039367639,94197.0,False,37.0,0.0,1.0,0.9725
2021,1009785,LARAMIE ENERGY LLC - Piceance Basin (585),595,Piceance Basin,1.413785409,102354.6,False,1455.0,0.0,5.0,0.8759
2021,1014399,OWS Acquisitions CO 160A OSP,160A,Appalachian Basin (Eastern Overthrust Area),0.110144539,104397.7,False,3265.0,0.0,28.0,0.8307
2021,1012816,"ORX Resources, LLC - Gulf Coast Basin (220)",220,"Gulf Coast Basin (LA, TX)",0.120473229,104504.0,False,63.0,0.0,6.0,0.8501
2021,1012014,White Knight 420 Fort Worth Syncline,420,Fort Worth Syncline,0.04843898,108511.0,False,113.0,0.0,4.0,0.7152
2021,1014426,"Loan Asset Issuer LLC, Series 2021 NG-1",160A,Appalachian Basin (Eastern Overthrust Area),1.567688642,115980.0,False,134.0,0.0,2.0,0.7986
2021,1013034,SEP East Texas Basin 260 Production,260,East Texas Basin,0.001635897,116359.9,False,151.0,0.0,5.0,0.6882
2021,1008548,BOC 220 Gulf Coast Basin Onshore,220,"Gulf Coast Basin (LA, TX)",0.004541732,122364.0,False,27.0,0.0,4.0,0.8756
2021,1011895,Aethon Energy Operating-530-Wind River Basin,530,Wind River Basin,0.316667567,131820.0,False,149.0,0.0,4.0,0.8274
2021,1014241,DGOC 230 Production,230,Arkla Basin,1.779645194,140281.6,False,1710.0,0.0,12.0,0.9086
2021,1012734,Jay-Bee Oil & Gas Wellsites,160A,Appalachian Basin (Eastern Overthrust Area),1.760894791,140345.0,False,506.0,4.0,8.0,0.7941
2021,1008353,"EOG Resources, Inc. 535 Green River basin",535,Green River Basin,0.134023413,143429.1,False,370.0,0.0,3.0,0.8491
2021,1010320,BASIN 305 PRODUCTION,305,Michigan Basin,0.025153728,150277.0,False,273.0,0.0,6.0,0.8283
2021,1013089,LOLA Energy PetroCo,160A,Appalachian Basin (Eastern Overthrust Area),0.790417259,150693.0,False,48.0,0.0,1.0,0.7539
2021,1007476,Lime Rock Resources Fort Worth Syncline (420),420,Fort Worth Syncline,0.641056103,154539.6,False,705.0,0.0,6.0,0.7152
2021,1011962,Paxton Resources,305,Michigan Basin,0.032560143,160795.0,False,160.0,0.0,5.0,0.7755
2021,1013682,Clear Creek Resource Partners,540,Denver Basin,0.006316798,164594.0,False,22.0,0.0,2.0,0.65
2021,1013706,"HRM Resources III, LLC",535,Green River Basin,0.345170522,166125.0,False,203.0,2.0,3.0,0.9228
2021,1010839,Amplify Energy Operating 260 East Texas Basin,260,East Texas Basin,0.612038749,167257.0,False,553.0,0.0,13.0,0.9233
2021,1008959,"Compass Production Partners, LP - Permian Basin #430",430,Permian Basin,0.043507631,167557.1,False,439.0,0.0,3.0,0.6679
2021,1008590,Dominion Energy Wexpro - Green River Basin (Prod),535,Green River Basin,1.09192438,168852.0,False,573.0,11.0,10.0,0.8662
2021,1009582,Naftex Operating Company,745,San Joaquin Basin,0.0,174682.5,False,303.0,4.0,1.0,0.0454
2021,1012936,DGOC 160A Production,160A,Appalachian Basin (Eastern Overthrust Area),4.050133526,176797.4,False,33625.0,1.0,177.0,0.8275
2021,1013111,Hilcorp Energy Company - Central Overthrust Basin (507),507,Central Western Overthrust,0.814852803,179790.0,False,942.0,0.0,5.0,0.8185
2021,1010718,Antero Resources - 160 - Appalachian Basin (Utica),160,Appalachian Basin,1.057557194,181886.8,False,133.0,0.0,2.0,0.7938
2021,1008242,"OLIPDP II, LLC - 220 - Gulf Coast Basin (LA, TX)",220,"Gulf Coast Basin (LA, TX)",0.219065121,182492.8,False,98.0,0.0,7.0,0.7815
2021,1012060,White Rock Oil & Gas LLC - 230 ArkLa,230,Arkla Basin,0.008473595,187293.4,False,73.0,0.0,3.0,0.5144
2021,1008411,JMA Energy 360,360,Anadarko Basin,0.198040213,196084.9,False,170.0,0.0,18.0,0.7568
2021,1009686,Nadel and Gussman Ruston Arkla Basin No. 230,230,Arkla Basin,0.853507997,196085.2,False,186.0,2.0,11.0,0.8649
2021,1009813,PERMIAN BUSINESS UNIT- BASIN 430,430,Permian Basin,0.027041864,196919.0,False,315.0,1.0,16.0,0.7383
2021,1013306,"HG Energy II Appalachia, LLC.",160A,Appalachian Basin (Eastern Overthrust Area),3.96702335,199753.0,False,76.0,22.0,6.0,0.8736
2021,1008289,420 Fort Worth Syncline BKV - Production,420,Fort Worth Syncline,5.036209929,204957.6,False,3656.0,0.0,10.0,0.7911
2021,1008598,"Duncan Oil Properties, Inc. 360 Anadarko Basin",360,Anadarko Basin,0.09837514,208578.0,False,109.0,3.0,14.0,0.6365
2021,1014404,KODA RESOURCES,395,Williston Basin,0.0,210304.3,False,13.0,2.0,2.0,0.4954
2021,1013080,Rockcliff Energy 260 East Texas Basin,260,East Texas Basin,12.962146012,210661.0,False,1010.0,60.0,15.0,0.9267
2021,1009192,Whiting Oil and Gas Corporation 430 Permian Basin,430,Permian Basin,0.015046152,216096.4,False,153.0,0.0,9.0,0.4758
2021,1011652,"Urban 220 Gulf Coast Basin (LA, TX)",220,"Gulf Coast Basin (LA, TX)",0.17153938,229952.0,False,556.0,0.0,31.0,0.7776
2021,1012040,"Tanos Exploration II, LLC - Basin 260",260,East Texas Basin,1.437131476,233042.6,False,536.0,7.0,10.0,0.9126
2021,1010291,"Miller Energy Company II, LLC",305,Michigan Basin,0.002518216,237962.7,False,466.0,0.0,14.0,0.5917
2021,1009811,ARKLATX BUSINESS UNIT-BASIN 260 (East TX Only),260,East Texas Basin,0.283982844,239691.0,False,541.0,8.0,6.0,0.8992
2021,1012945,Basin 220 - Extex Operating Company,220,"Gulf Coast Basin (LA, TX)",0.036779049,244120.0,False,269.0,0.0,4.0,0.9155
2021,1008354,"EOG Resources, Inc. 575 Uinta basin",575,Uinta Basin,0.408920965,248276.8,False,999.0,0.0,2.0,0.8733
2021,1010485,"Sanguine Gas Exploration, LLC 360 Anadarko Basin Production",360,Anadarko Basin,0.270292917,259540.0,False,215.0,3.0,12.0,0.7846
2021,1012059,SHD Oil & Gas Williston (395) Basin,395,Williston Basin,0.00389911,265583.2,False,18.0,0.0,2.0,0.4114
2021,1014226,Formentera Anadarko Production,360,Anadarko Basin,0.281243402,269269.3,False,200.0,0.0,2.0,0.7863
2021,1013925,ETX Basin 260 Production,260,East Texas Basin,0.032962452,270485.4,False,91.0,0.0,4.0,0.7823
2021,1009165,Uinta Basin - Caerus Uintah,575,Uinta Basin,1.986992282,288965.8,False,2567.0,0.0,1.0,0.8749
2021,1013346,"Urban Oil & Gas Group, LLC- Arkla Basin (230)",230,Arkla Basin,0.068414725,292401.7,False,385.0,0.0,7.0,0.7614
2021,1013732,Basin 360 - Mach II,360,Anadarko Basin,0.49641386,295213.3,False,598.0,0.0,19.0,0.8354
2021,1006750,TRC cYPRESS gROUP LLC,745,San Joaquin Basin,0.0,302763.0,False,126.0,0.0,2.0,0.4052
2021,1014382,Muskegon Operating Company,305,Michigan Basin,0.136636262,305356.0,False,720.0,0.0,8.0,0.7398
2021,1008308,"Shadow Wolf Energy, LLC. - Los Angeles Basin 760",760,Los Angeles Basin,0.0,308824.0,False,147.0,0.0,1.0,0.5341
2021,1008977,"EOG Resources, Inc. 420 Fort Worth syncline",420,Fort Worth Syncline,0.869066466,315331.4,False,741.0,0.0,2.0,0.6832
2021,1012893,BlueCrest Alaska - 820 Cook Inlet Basin,820,AK Cook Inlet Basin,0.019453925,331077.0,False,6.0,0.0,1.0,0.9266
2021,1008783,CNX Gas Company LLC -160A Appalachian Basin Eastern Overthrust Area,160A,Appalachian Basin (Eastern Overthrust Area),18.00273898,356773.1,False,3422.0,21.0,32.0,0.946
2021,1013035,DGOC 160 Production,160,Appalachian Basin,3.001964889,359508.0,False,27260.0,0.0,182.0,0.8639
2021,1014405,OWS Acquisitions CO 160 OSP,160,Appalachian Basin,0.117042336,362652.7,False,3987.0,0.0,42.0,0.8225
2021,1009783,"White Oak Energy 220 Gulf Coast Basin (LA, TX)",220,"Gulf Coast Basin (LA, TX)",0.115501113,370743.0,False,278.0,0.0,23.0,0.8202
2021,1012988,"PennEnergy Resources, LLC - Basin 160A - Appalachian Eastern Overthrust",160A,Appalachian Basin (Eastern Overthrust Area),4.86538932,372266.0,False,380.0,29.0,5.0,0.8063
2021,1013870,Sheridan Production Company Basin 260,260,East Texas Basin,0.842985218,381010.0,False,1138.0,6.0,16.0,0.8526
2021,1008296,Caerus Piceance LLC,595,Piceance Basin,4.889720064,387652.2,False,4461.0,27.0,9.0,0.8666
2021,1012569,515 Powder River Basin,515,Powder River Basin,0.042371419,390245.0,False,103.0,1.0,3.0,0.6659
2021,1011706,Gulfport Energy Appalachian Basin 160-A Eastern Overthrust Region,160A,Appalachian Basin (Eastern Overthrust Area),9.510609599,396408.3,False,402.0,17.0,4.0,0.9051
2021,1013091,Australis TMS Inc. 210 Mid-Gulf Coast Basin,210,Mid-Gulf Coast Basin,0.0,415987.0,False,33.0,0.0,2.0,0.6033
2021,1010707,"Grade 6 Oil, LLC",745,San Joaquin Basin,0.0,416694.3,False,137.0,0.0,1.0,0.606
2021,1011223,Petro Harvester Operating Company LLC - Gulf Coast Basin (Basin 220),220,"Gulf Coast Basin (LA, TX)",0.045973238,420741.3,False,351.0,0.0,7.0,0.8736
2021,1014411,"LLOX, L.L.C. - Gulf Coast Basin (220) - Onshore Production",220,"Gulf Coast Basin (LA, TX)",0.461491348,421233.1,False,16.0,1.0,8.0,0.926
2021,1014361,Silver Creek Permian Basin 430,430,Permian Basin,0.013463599,429185.5,False,33.0,0.0,2.0,0.6224
2021,1007807,BADAMI DEVELOPMENT FACILITY,890,Arctic Coastal Plains Province,0.0,431590.0,False,11.0,0.0,1.0,0.815
2021,1010164,Daylight Petroleum LLC (Pintail Acquisition),220,"Gulf Coast Basin (LA, TX)",0.052052422,432269.8,False,206.0,0.0,29.0,0.7764
2021,1009143,XTO Energy Inc 360 Anadarko,360,Anadarko Basin,0.483112989,433269.0,False,1046.0,0.0,33.0,0.8184
2021,1009332,"Hilcorp Alaska, LLC 820 Kenai",820,AK Cook Inlet Basin,1.271836924,457495.0,False,274.0,6.0,6.0,0.9218
2021,1011463,"Petro Harvester Operating Co., LLC 395 Williston Basin",395,Williston Basin,0.092546467,475372.0,False,126.0,0.0,3.0,0.6071
2021,1002978,Arroyo Grande Production Facility,740,Coastal Basins,0.0,478701.4,False,176.0,0.0,1.0,0.5338
2021,1010318,"Mission Creek OpCo, LLC - Arkla Basin",230,Arkla Basin,0.072866171,493372.0,False,260.0,0.0,2.0,0.7098
2021,1010117,Core Energy Otsego County EOR Operations,305,Michigan Basin,0.013560293,499497.0,False,38.0,1.0,7.0,0.7758
2021,1012724,"LOGOS OPERATING, LLC",580,San Juan Basin,1.022806491,501857.1,False,1375.0,4.0,10.0,0.8702
2021,1009135,Kaiser-Francis Oil Company 360 Anadarko Basin,360,Anadarko Basin,0.306099341,518526.6,False,203.0,2.0,49.0,0.8899
2021,1009584,Sabine Oil & Gas Corporation - 260 - East Texas Basin,260,East Texas Basin,5.177305894,531558.0,False,1216.0,25.0,12.0,0.9105
2021,1014137,TRP Energy - 430 - Permian Basin,430,Permian Basin,0.050778535,532973.0,False,133.0,12.0,1.0,0.7389
2021,1009762,Luff Exploration Company - 395 - Williston Basin,395,Williston Basin,0.0,548177.7,False,69.0,0.0,2.0,0.4064
2021,1013381,Enerplus Resources (USA) Corporation - Denver Basin,540,Denver Basin,0.018160068,551692.3,False,15.0,3.0,1.0,0.6431
2021,1013226,Confluence DJ LLC 540 Denver Basin,540,Denver Basin,0.085380718,554566.9,False,25.0,13.0,1.0,0.68
2021,1012666,"FDL Operating, LLC 430 Permian Basin",430,Permian Basin,0.057093125,560016.0,False,138.0,0.0,3.0,0.6387
2021,1012947,Southwestern Production Corp Powder River Basin (515) Operations,515,Powder River Basin,0.0,560561.9,False,44.0,1.0,1.0,0.6222
2021,1008528,"Chesapeake Operating LLC, 260 - East Texas Basin",260,East Texas Basin,0.025184537,582855.0,False,97.0,0.0,2.0,0.7668
2021,1013580,Contango Basin 360,360,Anadarko Basin,0.255333887,588094.8,False,251.0,0.0,20.0,0.7636
2021,1008224,WildFire Energy Operating LLC,220,"Gulf Coast Basin (LA, TX)",0.145816993,591956.2,False,116.0,4.0,10.0,0.6673
2021,1014438,CPRP Services LLC - 355 - Chautauqua Platform,355,Chautauqua Platform,0.215440869,600257.0,False,65.0,2.0,4.0,0.6851
2021,1014439,CPRP Services LLC - 350 - South Oklahoma Folded Belt,350,South Oklahoma Folded Belt,0.733592917,616706.0,False,85.0,0.0,5.0,0.7348
2021,1009082,XTO Energy Inc 230 Arkla,230,Arkla Basin,0.908056328,622167.9,False,797.0,5.0,19.0,0.8154
2021,1014360,Benchmark Energy Basin 360,360,Anadarko Basin,0.215326502,632546.5,False,232.0,0.0,4.0,0.7278
2021,1013021,"Petro-Hunt Dakota, L.L.C.",395,Williston Basin,0.046952483,640919.0,False,83.0,0.0,3.0,0.6556
2021,1010701,"Amplify Operating Oklahoma, LLC.",360,Anadarko Basin,0.38007279,641056.0,False,329.0,0.0,4.0,0.7863
2021,1011673,Holmes Western Oil Corporation,745,San Joaquin Basin,0.0,644435.0,False,699.0,0.0,4.0,0.8455
2021,1007484,San Juan Basin (580),580,San Juan Basin,9.153418829,646614.3,False,11833.0,0.0,13.0,0.8453
2021,1008299,"LAMBDA ENERGY RESOURCES, LLC-Michigan Basin",305,Michigan Basin,0.111787348,646722.0,False,615.0,3.0,21.0,0.7462
2021,1004905,Pacific Coast Energy Company LP,750,Santa Maria Basin,0.0,673855.5,False,275.0,0.0,1.0,0.55
2021,1008587,Valence Operating Co 260 East Texas Basin,260,East Texas Basin,0.577334217,675492.0,False,498.0,5.0,23.0,0.8704
2021,1013285,MFEU-Uinta Basin Production,575,Uinta Basin,0.733765446,678401.2,False,850.0,15.0,3.0,0.8822
2021,1009588,Lewis Energy Group,220,"Gulf Coast Basin (LA, TX)",7.458212367,679467.0,False,2108.0,39.0,7.0,0.8433
2021,1008190,West Bay,305,Michigan Basin,0.019772347,693082.0,False,88.0,3.0,8.0,0.5929
2021,1014388,Foundation Energy Management 395 Williston Basin,395,Williston Basin,0.010060959,693829.0,False,145.0,0.0,7.0,0.584
2021,1010837,Matador Production Company - Gulf Coast,220,"Gulf Coast Basin (LA, TX)",0.048685981,731545.5,False,111.0,0.0,8.0,0.7276
2021,1014358,FEO North Park (545) Basin Operations,545,North Park Basin,0.000398644,734868.1,False,53.0,0.0,1.0,0.7548
2021,1012571,West Ranch Field,220,"Gulf Coast Basin (LA, TX)",0.000190091,752148.2,False,381.0,1.0,2.0,0.3997
2021,1013417,Abraxas Petroleum 430 Permian Basin,430,Permian Basin,0.021504727,769939.8,False,44.0,0.0,10.0,0.7559
2021,1014356,Extex Operating Company - Basin 430,430,Permian Basin,0.133197187,769955.7,False,1850.0,0.0,34.0,0.6447
2021,1013936,"Zarvona Energy, LLC (220) Gulf Coast Basin",220,"Gulf Coast Basin (LA, TX)",0.24031344,773437.0,False,149.0,1.0,6.0,0.7735
2021,1012437,"MMGL TXPH, LLC - 360 - Anadarko Basin",360,Anadarko Basin,1.071434298,777747.6,False,987.0,2.0,9.0,0.7207
2021,1010784,"Burnett Oil Co., Inc. 430 Permian Basin",430,Permian Basin,0.113650561,779532.8,False,242.0,21.0,2.0,0.7014
2021,1013412,White Rock Oil & Gas LLC - 430 - Permian,430,Permian Basin,0.081728693,783528.1,False,530.0,0.0,14.0,0.58
2021,1012528,Scout Energy Anadarko Basin Production,360,Anadarko Basin,3.21268672,793751.9,False,10572.0,0.0,33.0,0.6837
2021,1014425,"Warwick-Artemis, LLC",220,"Gulf Coast Basin (LA, TX)",0.062914634,795983.0,False,12.0,0.0,5.0,0.7323
2021,1014339,Crowheart Energy Green River (535) Basin,535,Green River Basin,1.312331905,832485.6,False,3068.0,2.0,2.0,0.8342
2021,1003056,"Bridge Energy, LLC - Brea Stearns Facility",760,Los Angeles Basin,0.0,851572.8,False,298.0,0.0,2.0,0.6216
2021,1008355,"TEP Rocky Mountain, LLC - 595 Piceance basin",595,Piceance Basin,7.370475864,864407.0,False,7003.0,55.0,2.0,0.8702
2021,1011773,"Earthstone Operating, LLC - Basin 220",220,"Gulf Coast Basin (LA, TX)",0.013906498,870614.5,False,37.0,0.0,5.0,0.6632
2021,1013626,"Scala Energy, LLC - 430 (Permian Basin)",430,Permian Basin,0.507412558,928977.4,False,21.0,0.0,1.0,0.7995
2021,1008167,Berry Petroleum Company - Uinta Basin 575,575,Uinta Basin,0.20936382,941333.0,False,993.0,10.0,1.0,0.8576
2021,1009830,"Sage Butte PRB Operating, LLC (Basin 515) Powder River Basin",515,Powder River Basin,0.091345883,992962.7,False,89.0,1.0,3.0,0.685
2021,1009848,GeoSouthern Energy Corporation,220,"Gulf Coast Basin (LA, TX)",1.082644082,1023016.0,False,163.0,9.0,19.0,0.7421
2021,1013931,"CML Exploration, LLC",220,"Gulf Coast Basin (LA, TX)",0.098522232,1024737.4,False,178.0,5.0,10.0,0.735
2021,1010738,"Cat Canyon Resources, LLC 750 Santa Maria Basin",750,Santa Maria Basin,0.0,1044748.0,False,504.0,0.0,1.0,0.868
2021,1011454,Ascent Resources - Utica (160a),160A,Appalachian Basin (Eastern Overthrust Area),20.935675146,1045478.0,False,513.0,61.0,3.0,0.9058
2021,1013851,U.S. Energy Development Corp.,220,"Gulf Coast Basin (LA, TX)",0.029727486,1052112.0,False,49.0,0.0,2.0,0.6577
2021,1011185,Lime Rock Resources V-A Williston Basin 395,395,Williston Basin,0.216679955,1063957.0,False,72.0,0.0,11.0,0.5991
2021,1013026,Hinkle Oil & Gas Inc.,360,Anadarko Basin,0.110915207,1099047.0,False,278.0,15.0,7.0,0.7659
2021,1013413,"Eclipse Resources I, LP",160,Appalachian Basin,0.669095713,1110943.0,False,96.0,0.0,5.0,0.7956
2021,1013369,"1876 Resources, LLC - Denver Basin",540,Denver Basin,0.208025888,1127904.0,False,67.0,12.0,1.0,0.756
2021,1011250,Formentera Operations LLC,395,Williston Basin,0.063785319,1132208.0,False,219.0,0.0,1.0,0.5104
2021,1014271,Novo Oil and Gas - Basin 430,430,Permian Basin,0.280960625,1167649.4,False,20.0,11.0,1.0,0.7774
2021,1011662,Slant Operating LLC,430,Permian Basin,0.241871713,1207782.0,False,2442.0,0.0,9.0,0.726
2021,1012100,SEP Williston Basin 395 Production,395,Williston Basin,0.38537357,1252934.6,False,2834.0,0.0,12.0,0.9121
2021,1014512,Maple Energy Basin 430 Production,430,Permian Basin,0.200787773,1253283.2,False,74.0,0.0,2.0,0.7925
2021,1013318,Recoil Resources 220 Gulf Coast Basin,220,"Gulf Coast Basin (LA, TX)",0.008758917,1271378.8,False,112.0,8.0,2.0,0.5829
2021,1009547,Revolution Operating Company Anadarko 360,360,Anadarko Basin,0.670042319,1280081.0,False,514.0,3.0,17.0,0.7478
2021,1008885,"Tellus Operating Group, LLC - MS Operations",210,Mid-Gulf Coast Basin,0.069059861,1293548.6,False,728.0,0.0,7.0,0.873
2021,1008806,SandRidge 360 Anadarko Basin,360,Anadarko Basin,1.013242159,1298638.4,False,834.0,0.0,18.0,0.8222
2021,1000435,Merit Energy Co. South Texas 220 Gulf Coast Basin,220,"Gulf Coast Basin (LA, TX)",1.243118766,1305795.7,False,1389.0,0.0,9.0,0.9192
2021,1009126,Impact E&P Powder River Basin Operations,515,Powder River Basin,0.089657043,1311403.5,False,41.0,4.0,1.0,0.6522
2021,1014431,"Crimson Energy Partners IV, LLC",220,"Gulf Coast Basin (LA, TX)",0.131029111,1333428.0,False,150.0,4.0,4.0,0.7465
2021,1013897,UpCurve 430 Permian Basin,430,Permian Basin,0.175765606,1377489.0,False,29.0,7.0,2.0,0.7645
2021,1014321,Elevation Resources LLC,430,Permian Basin,0.192310093,1378780.5,False,50.0,9.0,2.0,0.7161
2021,1014489,Revolution Resources Basin 355,355,Chautauqua Platform,0.201478164,1388359.2,False,107.0,7.0,4.0,0.8546
2021,1008241,Unit Petroleum 783 Anadarko Basin,360,Anadarko Basin,0.659333813,1394490.4,False,973.0,0.0,24.0,0.8028
2021,1014233,Franklin Mountain Energy/430 Permian Basin,430,Permian Basin,0.044058449,1409796.0,False,15.0,11.0,1.0,0.75
2021,1014349,Forge Energy II,430,Permian Basin,0.158152717,1466990.1,False,118.0,3.0,4.0,0.7613
2021,1008352,"EOG Resources, Inc. 360 Anadarko basin",360,Anadarko Basin,0.302082488,1481131.6,False,289.0,0.0,8.0,0.7864
2021,1013606,Tall City Operations III LLC,430,Permian Basin,0.15996732,1490110.7,False,46.0,5.0,4.0,0.724
2021,1009490,Rosewood Resources Inc.,220,"Gulf Coast Basin (LA, TX)",0.08657485,1495167.0,False,37.0,6.0,10.0,0.7405
2021,1011450,Jonah Energy LLC_AAPG 535_Green River Basin,535,Green River Basin,4.527314287,1502974.9,False,2320.0,11.0,1.0,0.8967
2021,1013736,APR - Basin 430 - Production,430,Permian Basin,0.664420128,1517292.0,False,58.0,8.0,2.0,0.7747
2021,1013986,"Bayswater Operating, LLC (430) Permian Basin",430,Permian Basin,0.040072226,1600025.8,False,66.0,8.0,1.0,0.6969
2021,1010233,EQT Production - Basin 160A - Appalachian Eastern Overthrust,160A,Appalachian Basin (Eastern Overthrust Area),44.617373254,1625000.0,False,3100.0,89.0,50.0,0.9261
2021,1009185,"Fundare Resources Operating Company, LLC",540,Denver Basin,0.130429838,1640686.8,False,248.0,0.0,1.0,0.6571
2021,1014100,Point Energy Partners,430,Permian Basin,0.102214285,1667804.0,False,41.0,0.0,1.0,0.7557
2021,1011666,Lindsay Field Office,360,Anadarko Basin,2.302168057,1674630.2,False,186.0,11.0,1.0,0.778
2021,1011318,Peak Powder River Resources,515,Powder River Basin,0.201868677,1707264.0,False,97.0,6.0,2.0,0.6438
2021,1013087,Texas American 220 Gulf Coast Basin,220,"Gulf Coast Basin (LA, TX)",0.027708838,1831296.0,False,206.0,0.0,5.0,0.7599
2021,1009607,"Williston Basin/SOGC, Inc.",395,Williston Basin,0.036355962,1837513.4,False,82.0,1.0,6.0,0.5798
2021,1013728,"PetroShale (US), Inc.",395,Williston Basin,0.1065884,1868419.0,False,32.0,6.0,2.0,0.6187
2021,1009125,PureWest/Green River Basin,535,Green River Basin,7.892849353,1868916.0,False,3471.0,4.0,1.0,0.9253
2021,1008788,"Texland Petroleum, LP, 430 - Permian Basin",430,Permian Basin,0.01315035,1900982.0,False,782.0,8.0,11.0,0.6408
2021,1013078,"EOG Resources, Inc. 355 Chautauqua Platform",355,Chautauqua Platform,0.246929986,1908038.0,False,59.0,0.0,2.0,0.771
2021,1008639,Citation Oil & Gas Corp. 430 Permian Basin,430,Permian Basin,0.064257112,1928243.1,False,900.0,0.0,19.0,0.4319
2021,1009115,Ovintiv USA Inc. 355.Chautauqua Platform,355,Chautauqua Platform,0.175819335,1938031.8,False,48.0,5.0,3.0,0.6868
2021,1013023,"Sundance Energy, Inc. - South Texas Basin",220,"Gulf Coast Basin (LA, TX)",0.11483513,1945065.0,False,237.0,8.0,7.0,0.7087
2021,1014418,"PetroLegacy Energy II, LLC - Permian OSP",430,Permian Basin,0.04447268,2000501.0,False,245.0,0.0,4.0,0.6947
2021,1013304,Helis Oil & Gas LLC - Denver Basin (540) Operations,540,Denver Basin,0.036720886,2032495.0,False,25.0,12.0,1.0,0.699
2021,1014085,Magnolia Oil and Gas - Gulf Coast OSP,220,"Gulf Coast Basin (LA, TX)",0.020759556,2048145.0,False,96.0,0.0,4.0,0.7304
2021,1008577,Basin 395 North Dakota - OSP,395,Williston Basin,0.065480505,2049215.9,False,152.0,6.0,4.0,0.501
2021,1007777,EP Energy E&P 430 Permian Basin,430,Permian Basin,1.00961353,2057498.0,False,383.0,0.0,4.0,0.7168
2021,1013289,BPH PowderRiverBasinWY,515,Powder River Basin,0.150534629,2111075.0,False,124.0,6.0,2.0,0.6432
2021,1014401,Murchison Oil and Gas LLC - Permian,430,Permian Basin,0.172707788,2139356.0,False,129.0,0.0,6.0,0.7625
2021,1011847,GulfTex Gulf Coast Basin #220,220,"Gulf Coast Basin (LA, TX)",0.112470648,2149981.0,False,34.0,16.0,4.0,0.7584
2021,1014341,Rio Oil and Gas (Permian) II LLC,430,Permian Basin,0.4815928,2167612.8,False,32.0,7.0,2.0,0.78
2021,1009265,360 Anadarko Basin,360,Anadarko Basin,1.065714744,2203988.9,False,488.0,5.0,16.0,0.7664
2021,1014326,DGOC 360 Anadarko Production,360,Anadarko Basin,1.380288711,2212103.0,False,3188.0,3.0,48.0,0.8641
2021,1004628,MACPHERSON OIL COMPANY,745,San Joaquin Basin,0.0,2248047.1,False,443.0,8.0,1.0,0.73
2021,1009274,MERIT ENERGY CO LLC 360 ANADARKO BASIN,360,Anadarko Basin,0.926740891,2262116.7,False,3707.0,0.0,19.0,0.7046
2021,1014407,Firebird 430 Permian Basin,430,Permian Basin,0.136872594,2269907.0,False,475.0,12.0,4.0,0.6546
2021,1013216,SEP Permian Basin 430 Production,430,Permian Basin,0.106246449,2363564.7,False,1354.0,0.0,30.0,0.6469
2021,1008857,CRI 515 Powder River,515,Powder River Basin,0.109416142,2384086.0,False,168.0,10.0,4.0,0.7452
2021,1013913,"Zarvona Energy, LLC",430,Permian Basin,0.674862124,2400228.6,False,833.0,2.0,9.0,0.7353
2021,1013339,Basin 360 - Mach,360,Anadarko Basin,0.957257355,2407687.4,False,807.0,0.0,4.0,0.8724
2021,1010943,Repsol Texas Onshore Properties - Eagle Ford,220,"Gulf Coast Basin (LA, TX)",0.814281581,2419354.2,False,527.0,3.0,10.0,0.8322
2021,1012823,San Joaquin Production Facilities,745,San Joaquin Basin,0.063869319,2436890.1,False,1988.0,19.0,2.0,0.41
2021,1009335,Presidio Petroleum 360 Anadarko Basin,360,Anadarko Basin,1.900578738,2440197.7,False,2767.0,0.0,36.0,0.795
2021,1008383,Marathon Oil So. Oklahoma Folded Belt (AAPG 350),350,South Oklahoma Folded Belt,0.707677874,2475360.2,False,63.0,1.0,4.0,0.7612
2021,1014344,"Grit Oil & Gas Management, LLC - Basin 220",220,"Gulf Coast Basin (LA, TX)",0.044210855,2679386.1,False,165.0,35.0,2.0,0.7595
2021,1014415,"Caza Petroleum, LLC - Permian OSP",430,Permian Basin,0.013410921,2689581.0,False,49.0,15.0,4.0,0.7334
2021,1013547,"Civitas North, LLC",540,Denver Basin,0.089373286,2723040.0,False,64.0,26.0,1.0,0.6535
2021,1014727,Capitan Energy 430,430,Permian Basin,0.865376048,2726102.4,False,70.0,1.0,2.0,0.7905
2021,1009357,Finley Resources Inc - Uintah Basin (575),575,Uinta Basin,0.095863579,2760638.0,False,434.0,52.0,2.0,0.8681
2021,1009720,"SN Operating, LLC 220 Gulf Coast Basin (LA, TX)",220,"Gulf Coast Basin (LA, TX)",0.649544288,2772505.2,False,528.0,0.0,5.0,0.7459
2021,1008702,COTERRA ENERGY - 360 - ANADARKO BASIN,360,Anadarko Basin,2.488164614,2773852.9,False,485.0,5.0,42.0,0.8087
2021,1013671,"Inpex 220 Gulf Coast Basin (LA, TX)",220,"Gulf Coast Basin (LA, TX)",0.118941405,2820195.0,False,87.0,15.0,4.0,0.7042
2021,1008203,Powder River Basin - AAPG Province 515,515,Powder River Basin,0.219754254,2831438.0,False,97.0,17.0,2.0,0.7171
2021,1008506,Mid-Gulf Coast Basin Code 210,210,Mid-Gulf Coast Basin,0.064942627,2841266.0,False,140.0,0.0,16.0,0.6398
2021,1009956,"Elk Operating Services, LLC 585 Paradox Basin",585,Paradox Basin,0.026165858,2861500.8,False,282.0,0.0,1.0,0.127
2021,1013123,BCE-Mach III LLC,360,Anadarko Basin,1.43816572,2873720.0,False,844.0,0.0,24.0,0.7948
2021,1009386,XTO Energy Inc 220 Gulf Coast,220,"Gulf Coast Basin (LA, TX)",0.511111105,2901752.6,False,358.0,13.0,17.0,0.7761
2021,1014129,RPOC - Basin 430 - Permian Basin,430,Permian Basin,0.144428423,2934357.0,False,82.0,0.0,4.0,0.632
2021,1008439,Javelin Energy Partners Management Gulf Coast Basin,220,"Gulf Coast Basin (LA, TX)",0.061846213,2947262.0,False,270.0,0.0,4.0,0.6766
2021,1008052,DJR Operating - San Juan Basin Oil and Gas Production,580,San Juan Basin,0.348078686,2951476.0,False,217.0,13.0,6.0,0.7098
2021,1009706,"SilverBow Resources, LLC - Basin 220",220,"Gulf Coast Basin (LA, TX)",3.103643156,2964394.0,False,511.0,18.0,9.0,0.7681
2021,1008079,XTO Energy Inc 260 East Texas,260,East Texas Basin,10.367845876,2971991.7,False,5247.0,8.0,45.0,0.868
2021,1010222,GULF COAST BASIN,220,"Gulf Coast Basin (LA, TX)",2.683865449,2976746.5,False,6989.0,5.0,91.0,0.8986
2021,1013331,360 Anadarko Camino Production,360,Anadarko Basin,2.103430142,3057735.3,False,335.0,11.0,14.0,0.7349
2021,1012021,Liberty Resources Managment LLC 395 Williston Basin,395,Williston Basin,0.117703102,3087463.0,False,115.0,4.0,5.0,0.6512
2021,1011387,Crestone Peak - Denver Basin (Watkins),540,Denver Basin,0.189919062,3090303.1,False,171.0,37.0,2.0,0.7151
2021,1013833,Mewbourne Oil Company - Anadarko Basin 360,360,Anadarko Basin,0.889726438,3095965.0,False,1226.0,17.0,30.0,0.7593
2021,1010932,E&B Natural Resources,745,San Joaquin Basin,0.0,3112223.0,False,2285.0,0.0,2.0,0.272
2021,1009353,Marathon Oil Anadarko Basin (AAPG 360),360,Anadarko Basin,2.443367537,3151396.4,False,301.0,7.0,14.0,0.7843
2021,1009242,San Juan Basin,580,San Juan Basin,0.740745691,3154987.7,False,944.0,7.0,9.0,0.8391
2021,1011831,Point Thomson Production Facility,890,Arctic Coastal Plains Province,0.0,3237528.0,False,1.0,0.0,1.0,0.8404
2021,1010505,Bowline Energy LLC,395,Williston Basin,0.127042007,3287872.4,False,198.0,0.0,3.0,0.6343
2021,1011191,CRI 350 SOK Folded Belt,350,South Oklahoma Folded Belt,3.435609603,3297033.3,False,229.0,20.0,7.0,0.7591
2021,1008134,Ovintiv USA Inc. 350.South Oklahoma Folded Belt,350,South Oklahoma Folded Belt,1.791161529,3378816.0,False,210.0,9.0,4.0,0.7286
2021,1011923,White Rock Oil & Gas LLC - 395 Williston,395,Williston Basin,0.099653659,3385243.3,False,550.0,0.0,17.0,0.5927
2021,1014412,Contango Basin 430,430,Permian Basin,0.312905142,3597892.0,False,1951.0,3.0,16.0,0.6962
2021,1014369,"Ring Energy, Inc",430,Permian Basin,0.094571302,3612518.9,False,390.0,11.0,8.0,0.6251
2021,1010294,Discovery Natural Resources LLC - 430 Permian Basin,430,Permian Basin,0.946287849,3645004.0,False,1318.0,0.0,6.0,0.7836
2021,1008569,Citation Oil & Gas Corp. 350 South Oklahoma Folded Belt Province,350,South Oklahoma Folded Belt,0.181313232,3656587.1,False,3053.0,0.0,8.0,0.6378
2021,1008616,XTO Energy Inc 350 South Oklahoma Folded Belt,350,South Oklahoma Folded Belt,2.085880994,3674193.5,False,830.0,16.0,19.0,0.7787
2021,1009354,HighPoint Operating Corporation - Denver Basin (540),540,Denver Basin,0.773996417,3794341.5,False,442.0,0.0,1.0,0.6912
2021,1013771,"Zavanna, LLC Williston Basin (395) Operations",395,Williston Basin,0.510193612,3853928.0,False,147.0,10.0,2.0,0.4298
2021,1013393,"PERCUSSION PETROLEUM OPER II, LLC",430,Permian Basin,0.163836844,3872386.0,False,80.0,0.0,5.0,0.7199
2021,1011498,Hibernia Resources IV Basin 430,430,Permian Basin,0.282220479,3880812.2,False,901.0,5.0,35.0,0.6303
2021,1013241,Chisholm Energy 430 Permian Basin,430,Permian Basin,0.47370042,3891057.0,False,192.0,10.0,4.0,0.6389
2021,1009624,SM Energy (Basin 220) South Texas,220,"Gulf Coast Basin (LA, TX)",2.560645296,3923169.0,False,506.0,31.0,3.0,0.7546
2021,1013377,Lime Rock Resources Pecos Valley,430,Permian Basin,0.327053402,3954333.0,False,108.0,8.0,2.0,0.7574
2021,1011873,"Lime Rock Resources III-A, Williston Basin",395,Williston Basin,0.090585813,3973530.9,False,319.0,0.0,4.0,0.455
2021,1013993,Hibernia Resources III LLC,430,Permian Basin,0.201664073,4059451.7,False,218.0,21.0,4.0,0.7645
2021,1009731,Verdad Resources LLC - DJ Basin,540,Denver Basin,0.291541688,4097728.1,False,243.0,42.0,4.0,0.6606
2021,1011531,WildFire Energy Operating LLC,220,"Gulf Coast Basin (LA, TX)",0.131849307,4178305.0,False,311.0,1.0,3.0,0.7044
2021,1013288,XCL - Uinta Basin,575,Uinta Basin,0.070351205,4201000.0,False,88.0,9.0,2.0,0.7377
2021,1014024,"TITUS OIL & GAS PRODUCTION, LLC",430,Permian Basin,0.419998828,4254795.1,False,39.0,0.0,5.0,0.7267
2021,1010183,Antero Resources - 160A - Appalachian Basin (Eastern Overthurst Area),160A,Appalachian Basin (Eastern Overthrust Area),31.063519699,4277776.1,False,1386.0,68.0,8.0,0.8291
2021,1013264,Anschutz Exploration Corporation - Powder River Basin,515,Powder River Basin,0.203653571,4288120.8,False,64.0,11.0,3.0,0.6725
2021,1013918,Mallard Exploration LLC,540,Denver Basin,0.218336484,4515057.1,False,49.0,24.0,1.0,0.6896
2021,1013354,"Trinity Operating (USG), LLC - Gulf Coast Basin (220)",220,"Gulf Coast Basin (LA, TX)",0.385544537,4579300.4,False,355.0,23.0,7.0,0.7528
2021,1006770,TPIC Basin 220,220,"Gulf Coast Basin (LA, TX)",0.494701256,4618188.0,False,1507.0,1.0,33.0,0.9063
2021,1010372,BATTALION OIL CORP,430,Permian Basin,0.47035741,4768131.3,False,97.0,6.0,7.0,0.7399
2021,1012780,Permian Basin Oil and Gas Production Facilities,430,Permian Basin,0.944521817,4810070.2,False,367.0,6.0,4.0,0.6766
2021,1010084,Rosetta Resources 220 Gulf Coast Basin,220,"Gulf Coast Basin (LA, TX)",1.350675992,4866723.6,False,340.0,0.0,2.0,0.7547
2021,1011393,Ascent Resources - Utica (160),160,Appalachian Basin,1.508794856,4869115.2,False,157.0,11.0,2.0,0.7659
2021,1008604,Ensign Gulf Coast Basin-Production,220,"Gulf Coast Basin (LA, TX)",1.304707349,4882982.0,False,698.0,24.0,5.0,0.7901
2021,1012556,FDL Energy LLC,430,Permian Basin,1.946527802,4883872.0,False,647.0,0.0,6.0,0.6895
2021,1008538,"Chesapeake Operating LLC, 515 - Powder River Basin",515,Powder River Basin,0.941807225,4896874.0,False,302.0,4.0,2.0,0.7293
2021,1012376,"PDC Permian, Inc. 430 Permian Basin",430,Permian Basin,0.927749439,4899878.0,False,125.0,35.0,1.0,0.751
2021,1010945,"EXCO Resources, Inc. - Gulf Coast Basin #220",220,"Gulf Coast Basin (LA, TX)",0.119979311,4975551.4,False,284.0,15.0,5.0,0.7607
2021,1013735,Steward Energy II 430 Permian Basin,430,Permian Basin,0.323207441,5143918.9,False,157.0,18.0,3.0,0.6605
2021,1010521,Crescent Point Energy Corporation Williston Basin (395) Operations,395,Williston Basin,0.234681738,5159356.0,False,159.0,11.0,3.0,0.4735
2021,1013699,"Sabinal Energy Operating, LLC - Permian Basin",430,Permian Basin,0.091522122,5162838.0,False,2852.0,27.0,15.0,0.4924
2021,1008979,"EOG Resources, Inc. 540 Denver basin",540,Denver Basin,0.187102164,5181161.0,False,272.0,0.0,2.0,0.6692
2021,1008087,Bayswater Exploration & Production Denver Basin (540) Operations,540,Denver Basin,0.405378009,5211935.2,False,221.0,75.0,1.0,0.6704
2021,1013614,"Citizen Energy III, LLC",360,Anadarko Basin,3.942752256,5301967.0,False,436.0,37.0,9.0,0.795
2021,1012449,"Blackbeard Operating, LLC - 430 Permian Basin",430,Permian Basin,0.646793164,5336599.1,False,1345.0,135.0,11.0,0.7605
2021,1013367,RimRock Oil & Gas,395,Williston Basin,0.212391618,5449401.9,False,180.0,9.0,3.0,0.5793
2021,1008086,"Uinta Wax Operating, LLC",575,Uinta Basin,0.242169961,5591480.2,False,717.0,21.0,2.0,0.7907
2021,1009846,Permian Basin,430,Permian Basin,0.270295969,5672980.3,False,4769.0,0.0,21.0,0.7238
2021,1014071,VTX Energy Operating LLC,430,Permian Basin,0.336837497,5680370.0,False,161.0,21.0,3.0,0.3299
2021,1008998,Henry Resources LLC,430,Permian Basin,0.338619968,5775631.0,False,203.0,17.0,5.0,0.7021
2021,1013483,Earthstone Energy 430 Permian,430,Permian Basin,1.457213957,6251257.0,False,1006.0,0.0,14.0,0.6616
2021,1008206,Crestone Peak - Denver Basin,540,Denver Basin,1.887179159,6363510.8,False,1333.0,0.0,3.0,0.7151
2021,1013283,Encino Energy (EAP Ohio LLC),160A,Appalachian Basin (Eastern Overthrust Area),9.802521942,6428338.5,False,850.0,50.0,4.0,0.8187
2021,1008090,"Validus Energy Aquilas AssetCo, LLC",220,"Gulf Coast Basin (LA, TX)",0.405273443,6476385.3,False,532.0,17.0,2.0,0.7229
2021,1011854,WESTERN ANDARKO BASIN (WAB) BUSINESS UNIT-BASIN 360,360,Anadarko Basin,2.403318166,6603189.6,False,1989.0,2.0,23.0,0.7298
2021,1008293,Marathon Oil EF - Gulf Coast Basin (AAPG Basin Number 220),220,"Gulf Coast Basin (LA, TX)",0.336687951,6770369.0,False,2049.0,112.0,12.0,0.7159
2021,1009350,Javelin Energy Partners Managment Uinta Basin,575,Uinta Basin,0.769243444,7029455.0,False,363.0,21.0,2.0,0.7561
2021,1013674,Spur Energy Partners LLC,430,Permian Basin,0.672525094,7247692.9,False,2710.0,41.0,2.0,0.6862
2021,1013983,Advance Energy Partners - Basin 430,430,Permian Basin,0.429667058,7374430.9,False,80.0,9.0,3.0,0.6729
2021,1008890,Summit Petroleum LLC,430,Permian Basin,0.607488728,7665104.4,False,487.0,32.0,3.0,0.6709
2021,1008642,Basin 430 Production,430,Permian Basin,1.36381966,7790189.0,False,423.0,0.0,6.0,0.6822
2021,1008092,EP Energy E&P 220 Gulf Coast Basin,220,"Gulf Coast Basin (LA, TX)",0.733408867,7860501.0,False,883.0,19.0,6.0,0.7348
2021,1009278,515 Powder River Basin DEC,515,Powder River Basin,0.325160002,8059070.9,False,327.0,14.0,3.0,0.6818
2021,1008407,Ovintiv USA Inc. 575.Uinta,575,Uinta Basin,0.220175778,8094713.9,False,1439.0,11.0,2.0,0.7972
2021,1008534,Eni US Operating Co. Inc. - Nikaitchuq & Oooguruk Development,890,Arctic Coastal Plains Province,0.0,8237152.0,False,56.0,0.0,2.0,0.8672
2021,1008163,Berry Petroleum Company - San Joaquin Basin 745,745,San Joaquin Basin,0.0,8254819.5,False,1884.0,163.0,1.0,0.32
2021,1010721,Appalachian Basin (Eastern Overthrust Area),160A,Appalachian Basin (Eastern Overthrust Area),33.921267316,8345413.0,False,2611.0,78.0,26.0,0.8509
2021,1008287,360 Anadarko Basin DEC,360,Anadarko Basin,4.272734326,8524244.6,False,897.0,22.0,26.0,0.5476
2021,1008630,BPX Operating Company,220,"Gulf Coast Basin (LA, TX)",2.445912616,8622819.0,False,641.0,0.0,5.0,0.7697
2021,1014371,"Kraken Operating, LLC",395,Williston Basin,0.426318061,8661246.0,False,295.0,20.0,3.0,0.5925
2021,1009261,Ovintiv USA Inc. 395.Williston Basin,395,Williston Basin,0.777648591,8798575.1,False,366.0,9.0,3.0,0.6758
2021,1008980,"EOG Resources, Inc. 395 Williston basin",395,Williston Basin,0.682295399,9082959.2,False,790.0,4.0,7.0,0.5297
2021,1013386,Tug Hill Operating Appalachia,160A,Appalachian Basin (Eastern Overthrust Area),5.046857957,9820700.0,False,229.0,45.0,2.0,0.8025
2021,1000355,(540) Civitas Resources - Denver Basin,540,Denver Basin,0.668336605,10040965.0,False,530.0,53.0,1.0,0.674
2021,1008794,Great Western Oil & Gas Company - D-J Basin,540,Denver Basin,1.827368366,10367577.9,False,555.0,51.0,3.0,0.7023
2021,1009728,Ridgemar (Eagle Ford) - Basin 220,220,"Gulf Coast Basin (LA, TX)",0.386251992,10538527.9,False,591.0,0.0,5.0,0.7389
2021,1008396,"EOG Resources, Inc. 515 Powder River basin",515,Powder River Basin,1.73325174,11827142.8,False,605.0,50.0,6.0,0.7178
2021,1013128,"SN EF Maverick, LLC 220 Gulf Coast Basin",220,"Gulf Coast Basin (LA, TX)",2.061676408,12087530.8,False,1829.0,17.0,7.0,0.7215
2021,1013325,Magnolia O&G Corp 220 Gulf Coast Basin,220,"Gulf Coast Basin (LA, TX)",1.791863189,12284289.0,False,1302.0,33.0,24.0,0.7402
2021,1014384,Colgate Energy,430,Permian Basin,1.79494243,12913853.0,False,368.0,0.0,6.0,0.7525
2021,1008632,"BPX Energy Permian Basin, AAPG Basin 430",430,Permian Basin,2.04999938,13250500.0,False,258.0,21.0,3.0,0.7915
2021,1013038,Marathon Oil Permian (AAPG Basin Number 430),430,Permian Basin,0.692017317,13748148.4,False,254.0,11.0,10.0,0.7569
2021,1011761,"Extraction Oil & Gas, Inc.",540,Denver Basin,3.22813537,13820689.4,False,1038.0,55.0,7.0,0.7117
2021,1008714,Gulf Coast Facility,220,"Gulf Coast Basin (LA, TX)",0.554756694,14081718.0,False,791.0,56.0,15.0,0.6936
2021,1013407,Birch Resources,430,Permian Basin,0.397938567,14404382.0,False,295.0,88.0,3.0,0.6811
2021,1013222,"Noble Energy, Inc. - Permian Basin 430",430,Permian Basin,1.11658718,14702975.0,False,305.0,3.0,1.0,0.6973
2021,1008402,California Resources Production Corporation  San Joaquin Valley Basin 745,745,San Joaquin Basin,1.369417782,15012045.6,False,5197.0,130.0,4.0,0.0889
2021,1009260,Ovintiv USA Inc. 360.Anadarko Basin,360,Anadarko Basin,3.632135578,15410894.1,False,698.0,43.0,10.0,0.7671
2021,1009625,"Grayson Mill Operating, LLC",395,Williston Basin,1.324723942,15966105.5,False,759.0,11.0,5.0,0.5611
2021,1013106,Surge Energy 430 Permian Basin,430,Permian Basin,1.036310439,16177705.0,False,778.0,46.0,3.0,0.6266
2021,1014380,CRI 430 Permian,430,Permian Basin,0.743558639,16307877.2,False,343.0,17.0,7.0,0.7165
2021,1011690,Permian Resources Corporation,430,Permian Basin,1.87579132,16520262.0,False,450.0,38.0,6.0,0.8597
2021,1011782,"Hilcorp Alaska, LLC 890 Arctic Slope Basin",890,Arctic Coastal Plains Province,0.002186963,16854190.8,False,312.0,6.0,1.0,0.878
2021,1013734,Tap Rock Operating,430,Permian Basin,1.348347993,17247783.0,False,199.0,104.0,5.0,0.7405
2021,1009238,220 Gulf Coast Basin DEC,220,"Gulf Coast Basin (LA, TX)",2.040598939,17499609.2,False,978.0,47.0,7.0,0.7838
2021,1010190,"Williston Basin (Petro-Hunt, LLC)",395,Williston Basin,0.785827417,18224851.0,False,649.0,21.0,11.0,0.5406
2021,1010325,Oasis Petroleum,395,Williston Basin,2.208082248,20331378.0,False,1524.0,23.0,8.0,0.5431
2021,1009595,Enerplus Resources (USA) Corporation - Williston Basin,395,Williston Basin,0.86656255,21673370.0,False,890.0,34.0,4.0,0.6111
2021,1012068,Matador Production Company - Permian Basin,430,Permian Basin,2.574925823,22815626.0,False,552.0,45.0,7.0,0.7503
2021,1009286,PDC Energy 540 Denver Basin,540,Denver Basin,6.902679138,23646076.8,False,2588.0,148.0,3.0,0.691
2021,1009106,Slawson Exploration - Williston Basin 395,395,Williston Basin,0.723091009,24144457.0,False,505.0,52.0,8.0,0.5352
2021,1008275,XTO Energy Inc 395 Williston,395,Williston Basin,2.122941736,24427309.3,False,949.0,1.0,15.0,0.6209
2021,1008270,Basin 540 Denver Julesburg - Noble Energy Inc.,540,Denver Basin,4.242520031,24683968.0,False,2035.0,65.0,2.0,0.7154
2021,1009253,"WPX Energy Williston, LLC - 395 Williston basin",395,Williston Basin,1.226438863,25084853.7,False,461.0,17.0,5.0,0.4964
2021,1012129,Callon Permian Basin Operations,430,Permian Basin,2.145897968,25500984.1,False,789.0,54.0,10.0,0.7919
2021,1008346,Aera Energy San Joaquin Basin,745,San Joaquin Basin,0.002410697,27443648.8,False,14594.0,29.0,2.0,0.3792
2021,1007482,ConocoPhillips' Williston (395),395,Williston Basin,2.191324955,28683502.1,False,815.0,26.0,3.0,0.5666
2021,1008202,Denver Basin - AAPG Province 540,540,Denver Basin,8.194132431,29727579.0,False,3097.0,166.0,6.0,0.7216
2021,1009391,Apache Corporation - Permian Basin 430,430,Permian Basin,8.704633821,30596576.9,False,6478.0,68.0,49.0,0.6286
2021,1009197,Whiting Oil and Gas Corporation 395 Williston Basin,395,Williston Basin,2.411032294,31669578.0,False,1814.0,59.0,10.0,0.4468
2021,1014504,CrownQuest Operating - Basin 430,430,Permian Basin,2.554902026,31808873.0,False,1302.0,165.0,9.0,0.7238
2021,1008331,Ovintiv USA Inc - Permian Basin,430,Permian Basin,2.684271535,34149700.3,False,1617.0,90.0,9.0,0.7167
2021,1008173,Marathon Oil Company - Williston Basin (AAPG Basin 395),395,Williston Basin,1.657830695,34615236.5,False,884.0,70.0,5.0,0.5353
2021,1009674,SM Energy (Basin 430) Permian Basin,430,Permian Basin,2.136775109,35239837.0,False,747.0,88.0,5.0,0.7437
2021,1008490,Hess Corporation - 395 - Williston Basin,395,Williston Basin,3.051025104,35992219.1,False,1734.0,53.0,6.0,0.589
2021,1008526,"Chesapeake Operating LLC, 220 - Gulf Coast Basin",220,"Gulf Coast Basin (LA, TX)",3.438731368,38760861.0,False,2771.0,19.0,16.0,0.7197
2021,1008700,COTERRA ENERGY - 430 - PERMIAN BASIN,430,Permian Basin,8.711662853,39715414.7,False,1134.0,90.0,20.0,0.7596
2021,1013845,Mewbourne Oil Company - Permian Basin 430,430,Permian Basin,4.581167475,43134691.3,False,1253.0,150.0,12.0,0.3164
2021,1009039,WPX Energy Permian LLC,430,Permian Basin,4.67759755,44368874.6,False,908.0,108.0,14.0,0.7557
2021,1011659,Endeavor Energy Resources LP 430 Permian Basin,430,Permian Basin,3.62702526,50927187.0,False,3201.0,166.0,34.0,0.7376
2021,1008111,ConocoPhillips Alaska Inc - KRU-ALP Fields,890,Arctic Coastal Plains Province,0.0,50948139.0,False,826.0,8.0,2.0,0.8216
2021,1007485,"ConocoPhillips Gulf Coast Basin 220, Production",220,"Gulf Coast Basin (LA, TX)",4.463215827,53969697.8,False,1491.0,123.0,10.0,0.7493
2021,1008471,CRI 395 Williston,395,Williston Basin,4.592376026,59296464.4,False,2483.0,169.0,16.0,0.5402
2021,1009240,Chevron MCA 430 Permian Basin,430,Permian Basin,8.873510796,59395233.0,False,2202.0,169.0,31.0,0.7137
2021,1008290,430 Permian Basin DEC,430,Permian Basin,6.057103292,59960613.7,False,1030.0,141.0,6.0,0.7577
2021,1008219,"EOG Resources, Inc.220 Gulf Coast basin",220,"Gulf Coast Basin (LA, TX)",5.05794288,75362462.8,False,3668.0,138.0,34.0,0.7163
2021,1008172,"Hilcorp North Slope, 890 - Arctic Slope Basin",890,Arctic Coastal Plains Province,0.259496175,78590569.0,False,1666.0,4.0,1.0,0.7786
2021,1009434,Diamondback E&P LLC,430,Permian Basin,8.392697253,104123944.6,False,3891.0,242.0,23.0,0.6695
2021,1009390,XTO Energy Inc 430 Permian,430,Permian Basin,13.395060996,105304631.2,False,5469.0,190.0,45.0,0.6021
2021,1008351,"EOG Resources, Inc. 430 Permian basin",430,Permian Basin,12.387090665,114686098.9,False,2789.0,164.0,25.0,0.736
2021,1007479,ConocoPhillips Permian (430),430,Permian Basin,14.148248851,147194401.8,False,6541.0,282.0,27.0,0.7259
2021,1008141,Oxy Permian Basin - 430,430,Permian Basin,13.489646445,157508443.0,False,12620.0,255.0,84.0,0.3112
2021,1008607,"Pioneer Natural Resources USA, Inc. Permian",430,Permian Basin,12.605335788,158743277.1,False,9467.0,529.0,15.0,0.7081
2021,1011998,"TGNR TVL LLC - Basin 230 (Houston, TX)",230,Arkla Basin,1.587766435,315877.0,False,429.0,0.0,4.0,0.2313
2021,1011534,BBOG Gulf Coast Basin #220,220,"Gulf Coast Basin (LA, TX)",0.129572043,548274.1,False,101.0,0.0,10.0,0.7566
2021,1010002,Murex Petroleum Corporation - Williston Basin 395,395,Williston Basin,0.038852972,1417047.0,False,188.0,0.0,10.0,0.5317
2021,1008051,"Range Resources - Appalachia, LLC - Basin 160A",160A,Appalachian Basin (Eastern Overthrust Area),21.794912934,3814392.1,False,1441.0,0.0,12.0,0.8494
2021,1008113,MurphyE&P-220,220,"Gulf Coast Basin (LA, TX)",0.478725095,12351080.0,False,935.0,23.0,7.0,0.7165
2021,1008472,CRI 360 Anadarko,360,Anadarko Basin,8.043544546,16028865.4,False,869.0,45.0,25.0,0.7897
2021,1009056,Vital Energy Production,430,Permian Basin,3.645424905,19204524.0,False,1456.0,73.0,5.0,0.741
2022,1009878,Iron Pennsylvania Land LLC,160A,Appalachian Basin (Eastern Overthrust Area),0.0,0.0,False,2.0,0.0,1.0,0.9395
2022,1009436,Muskegon Development Company,305,Michigan Basin,0.0,0.0,False,0.0,0.0,9.0,0.701
2022,1008954,Green River Basin - 535,535,Green River Basin,0.004595732,0.0,False,325.0,0.0,1.0,0.884
2022,1009665,"Enervest Operating, L.L.C. 400 Ouachita Folded Belt",400,Ouachita Folded Belt,0.01885798,0.0,False,22.0,0.0,2.0,0.9509
2022,1009860,Blackbeard Operating - 400 - Ouachita Folded Belt,400,Ouachita Folded Belt,0.073202483,0.0,False,5.0,0.0,2.0,0.8238
2022,1008348,Trendwell Energy Corporation,305,Michigan Basin,0.082897659,0.0,False,360.0,0.0,3.0,0.7353
2022,1014327,DGOC 400 Ouchita Production,400,Ouachita Folded Belt,0.14032182,0.0,False,161.0,0.0,2.0,0.9403
2022,1009139,OGRIS Operating LLC,455,Las Vegas-Raton Basin,0.204809978,0.0,False,472.0,0.0,1.0,0.9755
2022,1008958,"EXCO Resources, Inc. - East Texas Basin #260",260,East Texas Basin,0.318954104,0.0,False,108.0,0.0,5.0,0.9622
2022,1007481,ConocoPhillips' Uinta (575),575,Uinta Basin,0.336734714,0.0,False,449.0,0.0,2.0,0.9189
2022,1008474,"MMGK Arkoma, LLC - ARKOMA Basin",345,Arkoma Basin,0.362048126,0.0,False,746.0,0.0,9.0,0.9666
2022,1014737,"Sanguine Gas Exploration, LLC 345 Arkoma Basin Production",345,Arkoma Basin,0.363400142,0.0,False,22.0,6.0,3.0,0.9537
2022,1013104,"JKLM Energy, LLC",160A,Appalachian Basin (Eastern Overthrust Area),0.550959154,0.0,False,44.0,1.0,1.0,0.9742
2022,1008673,"EXCO Resources (PA), LLC - Basin 160A",160A,Appalachian Basin (Eastern Overthrust Area),0.700027704,0.0,False,129.0,0.0,7.0,0.9686
2022,1008608,"Evergreen Natural Resources, LLC. Las Vegas-Raton",455,Las Vegas-Raton Basin,0.721801433,0.0,False,1882.0,0.0,1.0,0.9882
2022,1014618,"Apex Energy (PA), LLC",160A,Appalachian Basin (Eastern Overthrust Area),0.793780446,0.0,False,20.0,2.0,2.0,0.969
2022,1009932,"Enervest Operating, L.L.C. 160A Appalachian Basin (Eastern Overthrust area)",160A,Appalachian Basin (Eastern Overthrust Area),0.857209133,0.0,False,3389.0,9.0,8.0,0.9338
2022,1005963,Red Willow Production Co.,580,San Juan Basin,0.904943452,0.0,False,637.0,3.0,3.0,0.8449
2022,1014600,Silver Hill 230 Arkla Basin,230,Arkla Basin,1.148526067,0.0,False,23.0,3.0,1.0,0.882
2022,1014569,Van Buren Energy Production - Arkoma,345,Arkoma Basin,1.243658523,0.0,False,830.0,0.0,6.0,0.9347
2022,1009732,BKV Operating LLC,160A,Appalachian Basin (Eastern Overthrust Area),1.490158392,0.0,False,143.0,5.0,2.0,0.9788
2022,1014650,Tellurian Operating LLC - Basin 230 (Arkla Basin),230,Arkla Basin,1.715171163,0.0,False,52.0,13.0,4.0,0.9511
2022,1014420,Blue Dome Operating Arkla,230,Arkla Basin,1.767673607,0.0,False,26.0,7.0,1.0,0.9352
2022,1014665,"GEP HAYNESVILLE II, LLC - 230 - ARKLA BASIN",230,Arkla Basin,2.103769204,0.0,False,121.0,16.0,2.0,0.9447
2022,1014354,Olympus Energy Production - Basin 160A,160A,Appalachian Basin (Eastern Overthrust Area),2.627074863,0.0,False,45.0,28.0,2.0,0.9668
2022,1008957,"EXCO Resources, Inc. - Arkla Basin #230",230,Arkla Basin,2.897472267,0.0,False,504.0,15.0,4.0,0.9635
2022,1008795,"Arsenal Resources, LLC 160A Appalachian Basin",160A,Appalachian Basin (Eastern Overthrust Area),3.45640224,0.0,False,99.0,7.0,5.0,0.9664
2022,1008588,"Merit Energy Arkoma Basin, AAPG Basin 345",345,Arkoma Basin,3.7979377,0.0,False,3619.0,0.0,25.0,0.9639
2022,1013922,"Trinity Operating (USG), LLC - Arkla Basin (230)",230,Arkla Basin,3.808276028,0.0,False,61.0,21.0,1.0,0.9393
2022,1012537,Northeast Natural Energy LLC,160A,Appalachian Basin (Eastern Overthrust Area),4.752678262,0.0,False,144.0,15.0,2.0,0.9649
2022,1008937,Appalachian Basin - AAPG Province 160A,160A,Appalachian Basin (Eastern Overthrust Area),5.37736267,0.0,False,397.0,2.0,4.0,0.9743
2022,1008481,"Repsol Oil & Gas USA, LLC Appalachian basin (Eastern Overthrust area) - 160A",160A,Appalachian Basin (Eastern Overthrust Area),6.251821803,0.0,False,747.0,42.0,7.0,0.9742
2022,1010205,Flywheel Energy Production - Arkoma,345,Arkoma Basin,7.47675017,0.0,False,3832.0,6.0,6.0,0.9592
2022,1009301,Seneca East Facilities,160A,Appalachian Basin (Eastern Overthrust Area),11.362223164,0.0,False,961.0,44.0,10.0,0.9698
2022,1011913,SWN Production (Louisiana),230,Arkla Basin,18.106242201,0.0,False,515.0,82.0,5.0,0.9556
2022,1008503,Coterra Energy 160A Appalachian (EOA),160A,Appalachian Basin (Eastern Overthrust Area),26.780800236,0.0,False,1016.0,81.0,2.0,0.9792
2022,1008523,"Chesapeake Appalachia LLC, 160A - Appalachian Basin (Eastern Overthrust Area)",160A,Appalachian Basin (Eastern Overthrust Area),41.842699475,0.0,False,1409.0,108.0,10.0,0.9745
2022,1014664,CALYX ENERGY III - 345 ARKOMA BASIN,345,Arkoma Basin,0.223712999,1.0,False,17.0,17.0,1.0,0.8415
2022,1014351,"Paloma Natural Gas LLC, Basin 230 (Arkla Basin)",230,Arkla Basin,3.133333662,1.2,False,101.0,24.0,5.0,0.953
2022,1011674,Sage Natural Resources 415 Strawn Basin,415,Strawn Basin,0.717130747,12.0,False,205.0,10.0,3.0,0.9543
2022,1008882,Pennsylvania General Energy Company LLC,160A,Appalachian Basin (Eastern Overthrust Area),1.416131953,161.0,False,168.0,0.0,8.0,0.9689
2022,1014239,DGOC 420 Ft Worth Sync Production,420,Fort Worth Syncline,0.313537383,181.6,False,146.0,0.0,3.0,0.9295
2022,1008527,"Chesapeake Operating LLC, 230 - Arkla Basin",230,Arkla Basin,24.435463966,262.0,False,982.0,67.0,7.0,0.9525
2022,1009392,XTO Energy Inc 345 Arkoma,345,Arkoma Basin,1.398253939,298.1,False,287.0,0.0,11.0,0.9103
2022,1011975,Legacy Reserves Basin 260 Production,260,East Texas Basin,0.731473192,406.1,False,32.0,5.0,5.0,0.9606
2022,1008053,Own Resources Operating LLC,540,Denver Basin,0.265774519,576.3,False,3275.0,0.0,4.0,0.9361
2022,1008492,"BPX Energy Arkla Basin, AAPG Basin 230",230,Arkla Basin,4.81730831,759.0,False,444.0,11.0,8.0,0.9618
2022,1013677,Bedrock 415 Strawn Basin,415,Strawn Basin,0.323428855,1099.0,False,231.0,0.0,3.0,0.8477
2022,1013261,Javelin Energy Partners Management Strawn Basin,415,Strawn Basin,1.262157704,1128.0,False,817.0,0.0,3.0,0.7711
2022,1009666,"Enervest Operating, L.L.C. 415 Strawn Basin",415,Strawn Basin,1.302809899,1417.0,False,1013.0,0.0,4.0,0.6253
2022,1013026,Hinkle Oil & Gas Inc.,360,Anadarko Basin,0.003665836,2454.4,False,20.0,0.0,7.0,0.7659
2022,1009276,415 Strawn Basin BKV - Production,415,Strawn Basin,1.606138944,2991.6,False,1980.0,0.0,8.0,0.9155
2022,1008405,California Resources Production Corporation  Sacramento Valley Basin 730,730,Sacramento Basin,0.218274824,3574.0,False,599.0,29.0,9.0,0.9335
2022,1009689,"Enervest Operating, L.L.C. 420 Fort Worth Syncline",420,Fort Worth Syncline,0.078470383,3684.4,False,58.0,0.0,4.0,0.2368
2022,1012511,Aethon Energy Operating-260-East Texas Basin,260,East Texas Basin,6.585979592,3738.0,False,269.0,53.0,11.0,0.9668
2022,1012952,SEP Palo Duro Basin 435 Production,435,Palo Duro Basin,0.020762045,3979.7,False,57.0,0.0,5.0,0.6449
2022,1011763,"EagleRidge Operating, LLC. Strawn Basin",415,Strawn Basin,0.424089554,4091.8,False,379.0,0.0,7.0,0.8588
2022,1013262,Javelin Energy Partners Management Fort Worth Syncline,420,Fort Worth Syncline,0.195233887,4147.0,False,124.0,0.0,2.0,0.7315
2022,1013100,"Trinity Operating USG, LLC - Arkoma (Basin 345)",345,Arkoma Basin,2.388116182,4565.7,False,479.0,11.0,3.0,0.9231
2022,1014706,"R. Lacy Services, Ltd. 260 PROD",260,East Texas Basin,1.888233912,5068.0,False,248.0,4.0,2.0,0.86
2022,1008536,"TEP Barnett USA LLC, 415 - Strawn Basin",415,Strawn Basin,4.619319584,5272.0,False,2618.0,17.0,3.0,0.9285
2022,1006564,Greylock Energy,160A,Appalachian Basin (Eastern Overthrust Area),1.023379771,5420.0,False,2712.0,4.0,32.0,0.8456
2022,1011978,Morningstar Operating LLC  SAN JUAN BASIN 580,580,San Juan Basin,0.787326339,5654.6,False,980.0,4.0,8.0,0.882
2022,1008078,XTO Energy Inc 507 Central Western Overthrust,507,Central Western Overthrust,0.114771061,7110.3,False,203.0,0.0,2.0,0.9127
2022,1008753,Foundation Energy Management 345 Arkoma Basin,345,Arkoma Basin,0.301128172,7927.1,False,184.0,0.0,12.0,0.7547
2022,1011081,"CMO, Inc.",745,San Joaquin Basin,0.0,8690.0,False,52.0,0.0,1.0,0.7449
2022,1009890,"Comstock Oil & Gas-LA, LLC",230,Arkla Basin,16.411571191,9062.0,False,987.0,46.0,23.0,0.9158
2022,1011194,"Compass Production Partners, LP - Arkla Basin #230",230,Arkla Basin,0.395029613,9543.1,False,388.0,0.0,1.0,0.9536
2022,1014357,Calyx Energy III  355 Chautauqua Platform,355,Chautauqua Platform,0.959000507,9762.0,False,110.0,6.0,4.0,0.7766
2022,1010157,ROCKIES BUSINESS UNIT-BASIN 535,535,Green River Basin,0.084199807,10487.0,False,211.0,0.0,3.0,0.904
2022,1009683,"Laredo Energy 220 Gulf Basin (LA, TX)",220,"Gulf Coast Basin (LA, TX)",2.239190632,11427.0,False,187.0,17.0,2.0,0.9276
2022,1010319,ROCKIES BUSINESS UNIT-BASIN 507,507,Central Western Overthrust,0.022858347,12537.4,False,49.0,0.0,2.0,0.7269
2022,1013601,Blackbeard Operating - 345 - Arkoma Basin,345,Arkoma Basin,0.500059411,14040.5,False,131.0,0.0,6.0,0.8238
2022,1009101,REM 305 Michigan Basin - PRODUCTION,305,Michigan Basin,0.445783186,16118.0,False,5239.0,0.0,22.0,0.8461
2022,1011100,"Cross Timbers Energy, LLC - San Juan Basin 580",580,San Juan Basin,0.134175957,18215.4,False,244.0,0.0,3.0,0.7496
2022,1011091,Foundation Energy Management 360 Anadarko Basin,360,Anadarko Basin,0.063398993,20104.3,False,243.0,0.0,11.0,0.8436
2022,1014333,Snyder Brothers Inc.,160A,Appalachian Basin (Eastern Overthrust Area),2.819491543,21988.5,False,2320.0,29.0,16.0,0.8606
2022,1012612,Hilcorp Energy Company - Wind River Basin (530),530,Wind River Basin,0.096029067,24880.8,False,205.0,0.0,3.0,0.8816
2022,1008755,Foundation Energy Management 540 DJ Basin,540,Denver Basin,0.001827396,24892.0,False,16.0,0.0,2.0,0.6999
2022,1013306,"HG Energy II Appalachia, LLC.",160A,Appalachian Basin (Eastern Overthrust Area),5.390637699,25543.0,False,71.0,22.0,5.0,0.914
2022,1008170,Dominion Energy Wexpro - Central Western Overthrust (Prod),507,Central Western Overthrust,0.181778027,26323.1,False,154.0,0.0,4.0,0.8954
2022,1011654,Urban 535 Green River Basin,535,Green River Basin,0.309568687,29310.0,False,465.0,0.0,2.0,0.8568
2022,1008066,"Jordan Development Company, LLC",305,Michigan Basin,0.091168769,30093.0,False,372.0,0.0,12.0,0.8076
2022,1012605,"Trinity Operating USG, LLC - Chautauqua Platform (Basin 355)",355,Chautauqua Platform,1.293134159,30855.0,False,307.0,0.0,2.0,0.7661
2022,1014375,UGC 595 Piceance,595,Piceance Basin,0.104528259,31589.0,False,541.0,5.0,3.0,0.8096
2022,1013357,Titan Rock Exploration and Production,260,East Texas Basin,0.080775484,32081.0,False,234.0,0.0,5.0,0.91
2022,1012509,Aethon Energy Operating-230-Arkla Basin,230,Arkla Basin,16.30441709,32133.0,False,1482.0,70.0,11.0,0.9618
2022,1014225,DGOC 415 Strawn Production,415,Strawn Basin,0.992059728,36111.3,False,836.0,0.0,10.0,0.8126
2022,1014240,DGOC 260 East Texas Production,260,East Texas Basin,1.345228141,37071.9,False,1166.0,0.0,16.0,0.9362
2022,1008116,XTO Energy Inc 160A Appalachian E Overthrust,160A,Appalachian Basin (Eastern Overthrust Area),4.173733323,37419.2,False,347.0,0.0,15.0,0.889
2022,1012984,"Southern Energy Operating, LLC MidGulf Coast Basin",210,Mid-Gulf Coast Basin,0.173374422,40182.0,False,281.0,3.0,5.0,0.9566
2022,1011995,Hilcorp Appalachian Basin (Eastern Overthrust Area),160A,Appalachian Basin (Eastern Overthrust Area),1.60283849,40530.1,False,157.0,24.0,4.0,0.8578
2022,1009862,"Amplify Energy Operating LLC 220 Gulf Coast Basin (LA, TX)",220,"Gulf Coast Basin (LA, TX)",0.04429699,42634.0,False,37.0,0.0,1.0,0.7566
2022,1014545,"EOG Resources, Inc. 580 San Juan basin",580,San Juan Basin,0.000258362,47058.7,False,2.0,0.0,1.0,0.6528
2022,1012706,Hilcorp Energy Company - Green River Basin (535),535,Green River Basin,0.346997739,47863.7,False,590.0,0.0,5.0,0.8429
2022,1008807,SandRidge 375 Sedgwick Basin,375,Sedgwick Basin,0.10936465,48584.3,False,91.0,0.0,3.0,0.769
2022,1012070,SilverCreek Chautauqua #355,355,Chautauqua Platform,0.205901194,48755.0,False,78.0,3.0,3.0,0.7479
2022,1009907,"Comstock Oil & Gas, LLC",260,East Texas Basin,5.173059784,48874.9,False,1031.0,21.0,17.0,0.8797
2022,1013691,Ensight IV Energy Management,230,Arkla Basin,0.522973455,52885.6,False,172.0,6.0,6.0,0.8623
2022,1013751,Basin 375 - BCE-Mach LLC,375,Sedgwick Basin,0.046329767,54576.6,False,57.0,0.0,6.0,0.8857
2022,1009389,UGC 575 Uintah,575,Uinta Basin,0.190379372,54884.8,False,577.0,3.0,3.0,0.8985
2022,1013896,Crescent Pass 260 East Texas Basin,260,East Texas Basin,0.604537232,54988.0,False,1068.0,0.0,19.0,0.9258
2022,1009837,"Bluefin Resources LLC 220 Gulf Coast Basin (LA, TX)",220,"Gulf Coast Basin (LA, TX)",0.034630484,58041.0,False,56.0,2.0,5.0,0.7566
2022,1011688,Equinor USA Onshore Properties - APB Basin 160A,160A,Appalachian Basin (Eastern Overthrust Area),1.150539618,68072.0,False,36.0,3.0,1.0,0.9725
2022,1009170,260 East Texas Basin - BP America Production Company,260,East Texas Basin,2.936603825,70355.0,False,536.0,0.0,13.0,0.8854
2022,1013214,SEP Fort Worth Syncline 420 Production,420,Fort Worth Syncline,0.26942729,71452.4,False,483.0,0.0,6.0,0.6798
2022,1011804,CalNRG- Lynch Canyon Field,740,Coastal Basins,0.0,73853.0,False,26.0,0.0,1.0,0.1584
2022,1013861,"High River Resources, LLC - San Juan Basin (580) Onshore Production",580,San Juan Basin,0.187162023,75048.9,False,418.0,0.0,3.0,0.7218
2022,1008540,Dugan Production Corp- San Juan Basin,580,San Juan Basin,0.210903583,76171.0,False,1033.0,0.0,9.0,0.8487
2022,1014426,"Loan Asset Issuer LLC, Series 2021 NG-1",160A,Appalachian Basin (Eastern Overthrust Area),1.329892396,77470.3,False,134.0,0.0,2.0,0.8035
2022,1009076,580 San Juan Basin - Simcoe LLC,580,San Juan Basin,5.270976434,78328.0,False,3657.0,0.0,7.0,0.8746
2022,1011596,"Wapiti Operating, LLC 575 Uinta Basin",575,Uinta Basin,0.356008413,78742.0,False,487.0,0.0,4.0,0.8746
2022,1009785,LARAMIE ENERGY LLC - Piceance Basin (585),595,Piceance Basin,1.207011536,81362.2,False,1448.0,7.0,5.0,0.8619
2022,1013657,Bedrock 420 Fort Worth Syncline,420,Fort Worth Syncline,1.233585798,85073.0,False,739.0,7.0,4.0,0.8119
2022,1008475,EnverVest Operating L.L.C.- 430 HighMount Permian,430,Permian Basin,0.515648593,85672.4,False,6188.0,0.0,9.0,0.8589
2022,1012014,White Knight 420 Fort Worth Syncline,420,Fort Worth Syncline,0.049611543,92196.0,False,114.0,0.0,4.0,0.7315
2022,1008976,"EOG Resources, Inc. 350 South Oklahoma folded belt",350,South Oklahoma Folded Belt,0.207348204,93969.9,False,210.0,0.0,2.0,0.6949
2022,1011765,"EagleRidge Operating, LLC. Fort Worth Syncline Basin",420,Fort Worth Syncline,0.694649598,94052.9,False,992.0,0.0,9.0,0.7946
2022,1013089,LOLA Energy PetroCo,160A,Appalachian Basin (Eastern Overthrust Area),0.622440359,94486.6,False,54.0,6.0,1.0,0.7539
2022,1014625,"EOG Resources, Inc. 160 Appalachian Basin",160,Appalachian Basin,0.014737895,98182.4,False,9.0,0.0,5.0,0.6803
2022,1013034,SEP East Texas Basin 260 Production,260,East Texas Basin,0.001344224,113684.8,False,149.0,0.0,5.0,0.6557
2022,1011895,Aethon Energy Operating-530-Wind River Basin,530,Wind River Basin,0.282114898,115193.0,False,143.0,0.0,4.0,0.8788
2022,1014241,DGOC 230 Production,230,Arkla Basin,1.591367921,117568.1,False,1710.0,0.0,12.0,0.8758
2022,1008350,"EOG Resources, Inc. 160A Appalachian basin (Eastern Overthrust area)",160A,Appalachian Basin (Eastern Overthrust Area),0.017894678,125442.1,False,12.0,0.0,2.0,0.7352
2022,1009686,Nadel and Gussman Ruston Arkla Basin No. 230,230,Arkla Basin,0.711478457,130718.3,False,194.0,0.0,11.0,0.8645
2022,1011962,Paxton Resources,305,Michigan Basin,0.028936173,142107.0,False,153.0,0.0,5.0,0.7727
2022,1011684,Sage Natural Resources 420 Fort Worth Syncline,420,Fort Worth Syncline,0.283321741,142279.0,False,155.0,14.0,4.0,0.741
2022,1008548,BOC 220 Gulf Coast Basin Onshore,220,"Gulf Coast Basin (LA, TX)",0.135444606,149876.0,False,37.0,1.0,7.0,0.889
2022,1008959,"Compass Production Partners, LP - Permian Basin #430",430,Permian Basin,0.038844629,156177.4,False,439.0,2.0,3.0,0.6679
2022,1012059,SHD Oil & Gas Williston (395) Basin,395,Williston Basin,0.003222084,157943.2,False,18.0,0.0,2.0,0.4114
2022,1010320,BASIN 305 PRODUCTION,305,Michigan Basin,0.003262718,160958.0,False,130.0,0.0,2.0,0.786
2022,1013682,Clear Creek Resource Partners,540,Denver Basin,0.004588062,161376.8,False,21.0,0.0,2.0,0.6525
2022,1012936,DGOC 160A Production,160A,Appalachian Basin (Eastern Overthrust Area),3.961690795,163299.5,False,33507.0,4.0,171.0,0.9206
2022,1009582,Naftex Operating Company,745,San Joaquin Basin,0.0,163406.8,False,303.0,0.0,1.0,0.0339
2022,1008289,420 Fort Worth Syncline BKV - Production,420,Fort Worth Syncline,5.136043775,164626.9,False,3888.0,10.0,12.0,0.8419
2022,1010839,Amplify Energy Operating 260 East Texas Basin,260,East Texas Basin,0.5676546,167718.0,False,585.0,0.0,14.0,0.9244
2022,1014687,Rangeview Resources Operating Company LLC,535,Green River Basin,0.273468618,168369.4,False,209.0,0.0,2.0,0.8278
2022,1013080,Rockcliff Energy 260 East Texas Basin,260,East Texas Basin,13.770371769,170000.0,False,1035.0,34.0,13.0,0.9274
2022,1008411,JMA Energy 360,360,Anadarko Basin,0.181750673,171936.8,False,165.0,3.0,11.0,0.8357
2022,1013111,Hilcorp Energy Company - Central Overthrust Basin (507),507,Central Western Overthrust,0.694488444,172091.1,False,937.0,0.0,5.0,0.8192
2022,1008590,Dominion Energy Wexpro - Green River Basin (Prod),535,Green River Basin,1.105520835,176411.3,False,605.0,22.0,10.0,0.8671
2022,1012060,White Rock Oil & Gas LLC - 230 ArkLa,230,Arkla Basin,0.00753279,180505.6,False,77.0,0.0,3.0,0.5134
2022,1008642,Basin 430 Production,430,Permian Basin,0.064457491,184588.4,False,441.0,22.0,6.0,0.7459
2022,1007476,Lime Rock Resources Fort Worth Syncline (420),420,Fort Worth Syncline,0.613236112,185710.7,False,604.0,12.0,6.0,0.7152
2022,1013595,Escondido Gulf Coast #220 OP,220,"Gulf Coast Basin (LA, TX)",2.309700512,192003.0,False,173.0,26.0,3.0,0.9211
2022,1008308,"Shadow Wolf Energy, LLC. - Los Angeles Basin 760",760,Los Angeles Basin,0.0,193363.0,False,147.0,0.0,1.0,0.9117
2022,1011652,"Urban 220 Gulf Coast Basin (LA, TX)",220,"Gulf Coast Basin (LA, TX)",0.19945983,205847.3,False,684.0,0.0,19.0,0.755
2022,1012734,Jay-Bee Oil & Gas Wellsites,160A,Appalachian Basin (Eastern Overthrust Area),1.669468946,222763.0,False,530.0,18.0,10.0,0.8378
2022,1009192,Whiting Oil and Gas Corporation 430 Permian Basin,430,Permian Basin,0.015238158,222857.3,False,153.0,0.0,9.0,0.6559
2022,1008783,CNX Gas Company LLC -160A Appalachian Basin Eastern Overthrust Area,160A,Appalachian Basin (Eastern Overthrust Area),17.516942746,232528.8,False,4308.0,0.0,32.0,0.9467
2022,1014661,Greylock 575 Uinta Basin Production,575,Uinta Basin,0.419378064,235720.4,False,1050.0,0.0,2.0,0.8914
2022,1009811,ARKLATX BUSINESS UNIT-BASIN 260 (East TX Only),260,East Texas Basin,0.246292997,237815.1,False,545.0,4.0,6.0,0.8991
2022,1010291,"Miller Energy Company II, LLC",305,Michigan Basin,0.00217449,237938.6,False,475.0,0.0,14.0,0.5913
2022,1009165,Uinta Basin - Caerus Uintah,575,Uinta Basin,1.786793033,238402.3,False,2547.0,0.0,1.0,0.8821
2022,1011706,Gulfport Energy Appalachian Basin 160-A Eastern Overthrust Region,160A,Appalachian Basin (Eastern Overthrust Area),8.499062183,240193.6,False,408.0,15.0,4.0,0.9322
2022,1008598,"Duncan Oil Properties, Inc. 360 Anadarko Basin",360,Anadarko Basin,0.09090279,254670.0,False,111.0,4.0,14.0,0.6842
2022,1013925,ETX Basin 260 Production,260,East Texas Basin,0.032751324,257440.0,False,95.0,0.0,4.0,0.7576
2022,1013732,Basin 360 - Mach II,360,Anadarko Basin,0.458558311,263404.9,False,595.0,0.0,31.0,0.7974
2022,1010621,TGNR East Texas Basin,260,East Texas Basin,1.464174259,263756.0,False,1263.0,8.0,4.0,0.6735
2022,1009783,"White Oak Energy 220 Gulf Coast Basin (LA, TX)",220,"Gulf Coast Basin (LA, TX)",0.079217919,266367.0,False,252.0,0.0,15.0,0.8177
2022,1009143,XTO Energy Inc 360 Anadarko,360,Anadarko Basin,0.415160216,268021.2,False,916.0,0.0,29.0,0.8009
2022,1012893,BlueCrest Alaska - 820 Cook Inlet Basin,820,AK Cook Inlet Basin,0.010103123,281223.0,False,5.0,0.0,1.0,0.9341
2022,1007807,BADAMI DEVELOPMENT FACILITY,890,Arctic Coastal Plains Province,0.0,282812.0,False,11.0,0.0,1.0,0.7831
2022,1006750,TRC cYPRESS gROUP LLC,745,San Joaquin Basin,0.0,294165.0,False,125.0,0.0,2.0,0.4351
2022,1013035,DGOC 160 Production,160,Appalachian Basin,2.825473338,296004.1,False,24809.0,0.0,182.0,0.8425
2022,1011998,"TGNR TVL LLC - Basin 230 (Houston, TX)",230,Arkla Basin,1.259900504,303408.0,False,427.0,8.0,4.0,0.1659
2022,1008977,"EOG Resources, Inc. 420 Fort Worth syncline",420,Fort Worth Syncline,0.820699018,321240.8,False,739.0,0.0,2.0,0.6933
2022,1010707,"Grade 6 Oil, LLC",745,San Joaquin Basin,0.0,325023.8,False,186.0,8.0,1.0,0.7251
2022,1014382,Muskegon Operating Company,305,Michigan Basin,0.167592131,331393.0,False,931.0,0.0,9.0,0.7048
2022,1012040,"Tanos Exploration II, LLC - Basin 260",260,East Texas Basin,0.8191924,334622.8,False,253.0,8.0,6.0,0.9148
2022,1013091,Australis TMS Inc. 210 Mid-Gulf Coast Basin,210,Mid-Gulf Coast Basin,0.0,335561.0,False,33.0,0.0,2.0,0.6084
2022,1014411,"LLOX, L.L.C. - Gulf Coast Basin (220) - Onshore Production",220,"Gulf Coast Basin (LA, TX)",0.464994226,338690.3,False,20.0,2.0,9.0,0.9313
2022,1013346,"Urban Oil & Gas Group, LLC- Arkla Basin (230)",230,Arkla Basin,0.059697951,354282.9,False,375.0,0.0,7.0,0.7627
2022,1012988,"PennEnergy Resources, LLC - Basin 160A - Appalachian Eastern Overthrust",160A,Appalachian Basin (Eastern Overthrust Area),5.133846542,354622.7,False,399.0,17.0,4.0,0.8496
2022,1008296,Caerus Piceance LLC,595,Piceance Basin,4.631779906,361251.7,False,4710.0,41.0,9.0,0.8384
2022,1013870,Sheridan Production Company Basin 260,260,East Texas Basin,0.818468872,364591.0,False,1119.0,6.0,13.0,0.8526
2022,1012724,"LOGOS OPERATING, LLC",580,San Juan Basin,1.272489258,373390.0,False,1378.0,6.0,10.0,0.8726
2022,1012945,Basin 220 - Extex Operating Company,220,"Gulf Coast Basin (LA, TX)",0.026801625,373610.3,False,231.0,0.0,3.0,0.9139
2022,1013381,Enerplus Resources (USA) Corporation - Denver Basin,540,Denver Basin,0.013759878,374186.5,False,15.0,0.0,1.0,0.7588
2022,1010837,Matador Production Company - Gulf Coast,220,"Gulf Coast Basin (LA, TX)",0.02855449,398960.5,False,73.0,0.0,7.0,0.7288
2022,1014704,"Tascosa Energy Partners, LLC - Basin 430",430,Permian Basin,0.029813881,416147.0,False,39.0,0.0,2.0,0.7934
2022,1013580,Contango Basin 360,360,Anadarko Basin,0.18277593,423757.8,False,445.0,0.0,35.0,0.7873
2022,1014544,Franklin Mountain Energy 3,430,Permian Basin,0.014871445,424498.0,False,41.0,3.0,1.0,0.56
2022,1009135,Kaiser-Francis Oil Company 360 Anadarko Basin,360,Anadarko Basin,0.319863656,438761.9,False,173.0,1.0,39.0,0.8905
2022,1009584,Sabine Oil & Gas Corporation - 260 - East Texas Basin,260,East Texas Basin,6.313275396,445588.1,False,674.0,29.0,11.0,0.9049
2022,1014439,CPRP Services LLC - 350 - South Oklahoma Folded Belt,350,South Oklahoma Folded Belt,0.568453479,489983.9,False,87.0,4.0,4.0,0.7849
2022,1002978,Arroyo Grande Production Facility,740,Coastal Basins,0.0,499260.1,False,176.0,0.0,1.0,0.5338
2022,1009762,Luff Exploration Company - 395 - Williston Basin,395,Williston Basin,0.0,500681.0,False,67.0,0.0,2.0,0.4064
2022,1010318,"Mission Creek OpCo, LLC - Arkla Basin",230,Arkla Basin,0.072153517,511539.5,False,251.0,0.0,2.0,0.7193
2022,1013417,Abraxas Petroleum 430 Permian Basin,430,Permian Basin,0.079774882,518220.0,False,54.0,0.0,6.0,0.7557
2022,1009332,"Hilcorp Alaska, LLC 820 Kenai",820,AK Cook Inlet Basin,1.301251538,518949.0,False,289.0,11.0,6.0,0.9231
2022,1010117,Core Energy Otsego County EOR Operations,305,Michigan Basin,0.011979196,540699.0,False,28.0,3.0,7.0,0.785
2022,1012947,Southwestern Production Corp Powder River Basin (515) Operations,515,Powder River Basin,3.9829e-05,545456.2,False,41.0,0.0,1.0,0.622
2022,1012571,West Ranch Field,220,"Gulf Coast Basin (LA, TX)",6.83e-05,552649.2,False,382.0,1.0,2.0,0.3324
2022,1008528,"Chesapeake Operating LLC, 260 - East Texas Basin",260,East Texas Basin,0.024479336,556463.0,False,103.0,0.0,1.0,0.7318
2022,1014358,FEO North Park (545) Basin Operations,545,North Park Basin,0.016958627,569607.1,False,60.0,7.0,1.0,0.7587
2022,1011454,Ascent Resources - Utica (160a),160A,Appalachian Basin (Eastern Overthrust Area),24.212172382,589718.6,False,636.0,67.0,4.0,0.9071
2022,1010164,Daylight Petroleum LLC (Pintail Acquisition),220,"Gulf Coast Basin (LA, TX)",0.053160914,592363.7,False,356.0,0.0,35.0,0.7764
2022,1007484,San Juan Basin (580),580,San Juan Basin,8.893854645,600301.5,False,11813.0,0.0,13.0,0.8453
2022,1008299,"LAMBDA ENERGY RESOURCES, LLC-Michigan Basin",305,Michigan Basin,0.164118817,617997.0,False,616.0,2.0,18.0,0.7468
2022,1014388,Foundation Energy Management 395 Williston Basin,395,Williston Basin,0.01249225,631255.2,False,145.0,0.0,5.0,0.584
2022,1011673,Holmes Western Oil Corporation,745,San Joaquin Basin,0.000241007,641666.0,False,853.0,0.0,4.0,0.826
2022,1009082,XTO Energy Inc 230 Arkla,230,Arkla Basin,0.736382026,645321.2,False,805.0,0.0,21.0,0.8153
2022,1011773,"Earthstone Operating, LLC - Basin 220",220,"Gulf Coast Basin (LA, TX)",0.011066183,652667.2,False,33.0,0.0,4.0,0.6567
2022,1008190,West Bay,305,Michigan Basin,0.017801979,653537.0,False,78.0,3.0,7.0,0.5904
2022,1010701,"Amplify Operating Oklahoma, LLC.",360,Anadarko Basin,0.373309068,671514.0,False,346.0,0.0,4.0,0.7895
2022,1014617,"Permian Basin/SOGC, Inc.",430,Permian Basin,0.02140079,677738.0,False,10.0,15.0,1.0,0.7181
2022,1013021,"Petro-Hunt Dakota, L.L.C.",395,Williston Basin,0.034667352,687211.0,False,83.0,2.0,3.0,0.6141
2022,1014361,Silver Creek Permian Basin 430,430,Permian Basin,0.011992938,687812.6,False,38.0,7.0,1.0,0.6231
2022,1004905,Pacific Coast Energy Company LP,750,Santa Maria Basin,0.0,689935.4,False,273.0,0.0,1.0,0.55
2022,1010485,"Sanguine Gas Exploration, LLC 360 Anadarko Basin Production",360,Anadarko Basin,0.290075289,707578.3,False,214.0,5.0,12.0,0.8478
2022,1012528,Scout Energy Anadarko Basin Production,360,Anadarko Basin,3.021828111,718274.4,False,9782.0,0.0,32.0,0.6874
2022,1012437,"MMGL TXPH, LLC - 360 - Anadarko Basin",360,Anadarko Basin,1.00567828,741346.8,False,939.0,4.0,9.0,0.7385
2022,1008352,"EOG Resources, Inc. 360 Anadarko basin",360,Anadarko Basin,0.193560428,752682.6,False,278.0,0.0,8.0,0.7921
2022,1008587,Valence Operating Co 260 East Texas Basin,260,East Texas Basin,0.519202347,759006.0,False,504.0,3.0,22.0,0.8681
2022,1014693,"EAV Operator, LLC",160A,Appalachian Basin (Eastern Overthrust Area),0.575716223,759416.0,False,27.0,7.0,1.0,0.7952
2022,1014356,Extex Operating Company - Basin 430,430,Permian Basin,0.145383492,770695.3,False,1924.0,0.0,34.0,0.6345
2022,1011185,Lime Rock Resources V-A Williston Basin 395,395,Williston Basin,0.173801467,791399.8,False,66.0,6.0,5.0,0.6004
2022,1013851,U.S. Energy Development Corp.,220,"Gulf Coast Basin (LA, TX)",0.016848269,794543.0,False,49.0,0.0,2.0,0.6577
2022,1014226,Formentera Anadarko Production,360,Anadarko Basin,0.475818489,795117.0,False,421.0,0.0,10.0,0.7895
2022,1013412,White Rock Oil & Gas LLC - 430 - Permian,430,Permian Basin,0.074336536,800106.9,False,527.0,0.0,14.0,0.5812
2022,1014404,KODA RESOURCES,395,Williston Basin,0.0,815353.5,False,19.0,9.0,2.0,0.5485
2022,1014713,Scout Energy Uinta Basin Production,575,Uinta Basin,0.001938309,822144.1,False,1072.0,0.0,2.0,0.7699
2022,1010718,Antero Resources - 160 - Appalachian Basin (Utica),160,Appalachian Basin,1.490379021,822185.8,False,139.0,0.0,2.0,0.7899
2022,1013285,MFEU-Uinta Basin Production,575,Uinta Basin,1.35247538,828911.7,False,881.0,66.0,3.0,0.9308
2022,1014839,Avant Natural Resources,430,Permian Basin,0.027619725,842331.4,False,10.0,10.0,1.0,0.7184
2022,1003056,"Bridge Energy, LLC - Brea Stearns Facility",760,Los Angeles Basin,0.0,842507.3,False,324.0,0.0,2.0,0.6139
2022,1008355,"TEP Rocky Mountain, LLC - 595 Piceance basin",595,Piceance Basin,6.923423025,855585.0,False,7035.0,49.0,2.0,0.8761
2022,1014684,"INR Ohio, LLC",160A,Appalachian Basin (Eastern Overthrust Area),0.293283639,858366.0,False,47.0,4.0,1.0,0.7831
2022,1010784,"Burnett Oil Co., Inc. 430 Permian Basin",430,Permian Basin,0.124918683,869652.2,False,247.0,5.0,2.0,0.7013
2022,1014589,"Rover Operating, LLC",430,Permian Basin,0.063682044,920899.2,False,781.0,0.0,17.0,0.7649
2022,1013936,"Zarvona Energy, LLC (220) Gulf Coast Basin",220,"Gulf Coast Basin (LA, TX)",0.294934721,938092.0,False,163.0,4.0,6.0,0.7854
2022,1014683,WRC Energy,515,Powder River Basin,0.09450354,961283.8,False,122.0,5.0,7.0,0.6641
2022,1009848,GeoSouthern Energy Corporation,220,"Gulf Coast Basin (LA, TX)",1.216353836,995552.0,False,175.0,2.0,18.0,0.7462
2022,1014640,CPX Energy,430,Permian Basin,0.2680596,1000523.0,False,19.0,9.0,2.0,0.8226
2022,1000435,Merit Energy Co. South Texas 220 Gulf Coast Basin,220,"Gulf Coast Basin (LA, TX)",1.070080355,1045908.0,False,1431.0,0.0,9.0,0.9162
2022,1008885,"Tellus Operating Group, LLC - MS Operations",210,Mid-Gulf Coast Basin,0.045696859,1047027.0,False,727.0,0.0,7.0,0.8729
2022,1009588,Lewis Energy Group,220,"Gulf Coast Basin (LA, TX)",9.300298179,1047098.0,False,2219.0,68.0,8.0,0.8435
2022,1010738,"Cat Canyon Resources, LLC 750 Santa Maria Basin",750,Santa Maria Basin,0.0,1049507.0,False,519.0,0.0,1.0,0.873
2022,1008224,WildFire Energy Operating LLC,220,"Gulf Coast Basin (LA, TX)",0.229472333,1073433.9,False,130.0,9.0,11.0,0.6863
2022,1013626,"Scala Energy, LLC - 430 (Permian Basin)",430,Permian Basin,0.504945664,1100812.2,False,26.0,6.0,1.0,0.7995
2022,1008806,SandRidge 360 Anadarko Basin,360,Anadarko Basin,0.929056737,1110639.0,False,834.0,0.0,18.0,0.8222
2022,1014425,"Warwick-Artemis, LLC",220,"Gulf Coast Basin (LA, TX)",0.119051388,1131729.0,False,45.0,9.0,8.0,0.7091
2022,1008167,Berry Petroleum Company - Uinta Basin 575,575,Uinta Basin,0.215711917,1150306.0,False,1237.0,24.0,1.0,0.853
2022,1013078,"EOG Resources, Inc. 355 Chautauqua Platform",355,Chautauqua Platform,0.194808096,1159793.3,False,57.0,0.0,1.0,0.7696
2022,1011099,"Cross Timbers Energy, LLC - Permian Basin 430",430,Permian Basin,0.011518198,1168759.5,False,394.0,9.0,12.0,0.5527
2022,1011250,Formentera Operations LLC,395,Williston Basin,0.12069794,1172439.5,False,292.0,0.0,3.0,0.5485
2022,1014718,CHISHOLM OIL & GAS OPERATING,360,Anadarko Basin,0.414214527,1188286.0,False,200.0,0.0,11.0,0.6389
2022,1014512,Maple Energy Basin 430 Production,430,Permian Basin,0.238254327,1217204.5,False,78.0,4.0,2.0,0.7925
2022,1014682,Peregrine Petroleum--Permian Basin,430,Permian Basin,0.239280103,1259355.8,False,33.0,5.0,3.0,0.5531
2022,1014339,Crowheart Energy Green River (535) Basin,535,Green River Basin,2.249308791,1272455.0,False,3000.0,17.0,2.0,0.8218
2022,1008241,Unit Petroleum 783 Anadarko Basin,360,Anadarko Basin,0.846951188,1284307.5,False,958.0,0.0,24.0,0.8031
2022,1012100,SEP Williston Basin 395 Production,395,Williston Basin,0.354929226,1296424.7,False,2798.0,0.0,12.0,0.9098
2022,1009547,Revolution Operating Company Anadarko 360,360,Anadarko Basin,0.618586036,1330192.8,False,508.0,4.0,16.0,0.7479
2022,1013931,"CML Exploration, LLC",220,"Gulf Coast Basin (LA, TX)",0.127990086,1330446.3,False,199.0,13.0,10.0,0.735
2022,1011450,Jonah Energy LLC_AAPG 535_Green River Basin,535,Green River Basin,4.435990875,1403950.6,False,2504.0,11.0,1.0,0.8967
2022,1009185,"Fundare Resources Operating Company, LLC",540,Denver Basin,0.200696641,1406585.0,False,304.0,0.0,1.0,0.6605
2022,1011534,BBOG Gulf Coast Basin #220,220,"Gulf Coast Basin (LA, TX)",0.567311405,1411901.9,False,121.0,26.0,7.0,0.7734
2022,1009126,Impact E&P Powder River Basin Operations,515,Powder River Basin,0.088165301,1422340.8,False,49.0,8.0,1.0,0.68
2022,1014690,Formentera Operations - Gulf Coast Basin OSP,220,"Gulf Coast Basin (LA, TX)",0.10544891,1427062.4,False,451.0,0.0,16.0,0.8423
2022,1010002,Murex Petroleum Corporation - Williston Basin 395,395,Williston Basin,0.055667318,1502373.0,False,199.0,8.0,12.0,0.4492
2022,1011666,Lindsay Field Office,360,Anadarko Basin,2.759159863,1556292.5,False,166.0,13.0,1.0,0.8372
2022,1013369,"1876 Resources, LLC - Denver Basin",540,Denver Basin,0.228477867,1557073.0,False,67.0,0.0,1.0,0.7164
2022,1009125,PureWest/Green River Basin,535,Green River Basin,6.508562565,1568256.4,False,3444.0,14.0,1.0,0.9249
2022,1014431,"Crimson Energy Partners IV, LLC",220,"Gulf Coast Basin (LA, TX)",0.124134112,1593409.0,False,163.0,6.0,6.0,0.7459
2022,1009115,Ovintiv USA Inc. 355.Chautauqua Platform,355,Chautauqua Platform,0.173419327,1624591.3,False,48.0,2.0,2.0,0.6937
2022,1009813,PERMIAN BUSINESS UNIT- BASIN 430,430,Permian Basin,0.083201264,1645851.0,False,1764.0,0.0,17.0,0.0857
2022,1007777,EP Energy E&P 430 Permian Basin,430,Permian Basin,0.936579147,1671906.0,False,378.0,0.0,4.0,0.7174
2022,1012021,Liberty Resources Managment LLC 395 Williston Basin,395,Williston Basin,0.1109493,1716656.0,False,121.0,7.0,5.0,0.643
2022,1014438,CPRP Services LLC - 355 - Chautauqua Platform,355,Chautauqua Platform,0.314785259,1721156.7,False,87.0,24.0,4.0,0.7334
2022,1010084,Rosetta Resources 220 Gulf Coast Basin,220,"Gulf Coast Basin (LA, TX)",1.309801314,1739615.0,False,346.0,0.0,3.0,0.8324
2022,1008788,"Texland Petroleum, LP, 430 - Permian Basin",430,Permian Basin,0.013677722,1760663.0,False,776.0,5.0,11.0,0.6412
2022,1013736,APR - Basin 430 - Production,430,Permian Basin,0.677213064,1776085.0,False,56.0,2.0,2.0,0.7747
2022,1009830,"Sage Butte PRB Operating, LLC (Basin 515) Powder River Basin",515,Powder River Basin,0.135279321,1782963.0,False,75.0,9.0,3.0,0.7839
2022,1013087,Texas American 220 Gulf Coast Basin,220,"Gulf Coast Basin (LA, TX)",0.084386414,1786484.2,False,209.0,9.0,4.0,0.7199
2022,1014321,Elevation Resources LLC,430,Permian Basin,0.211507742,1814122.4,False,61.0,11.0,2.0,0.6986
2022,1008639,Citation Oil & Gas Corp. 430 Permian Basin,430,Permian Basin,0.056161199,1863860.5,False,888.0,0.0,25.0,0.4115
2022,1014727,Capitan Energy 430,430,Permian Basin,0.760034862,1871569.5,False,70.0,0.0,2.0,0.7905
2022,1014642,Paloma Operating Basin 360,360,Anadarko Basin,0.561383816,1876107.0,False,93.0,24.0,8.0,0.7067
2022,1011318,Peak Powder River Resources,515,Powder River Basin,0.187743908,1914923.0,False,102.0,5.0,3.0,0.6367
2022,1013913,"Zarvona Energy, LLC",430,Permian Basin,0.580273246,1920876.0,False,1075.0,0.0,10.0,0.7454
2022,1009386,XTO Energy Inc 220 Gulf Coast,220,"Gulf Coast Basin (LA, TX)",0.489533239,1927975.3,False,378.0,9.0,15.0,0.7728
2022,1014085,Magnolia Oil and Gas - Gulf Coast OSP,220,"Gulf Coast Basin (LA, TX)",0.047574178,1928757.0,False,105.0,0.0,4.0,0.7168
2022,1013339,Basin 360 - Mach,360,Anadarko Basin,0.843717502,1944501.9,False,840.0,0.0,8.0,0.8832
2022,1013289,BPH PowderRiverBasinWY,515,Powder River Basin,0.144887089,1977345.4,False,124.0,6.0,2.0,0.6918
2022,1013897,UpCurve 430 Permian Basin,430,Permian Basin,0.300601238,2043799.0,False,48.0,11.0,2.0,0.7645
2022,1013318,Recoil Resources 220 Gulf Coast Basin,220,"Gulf Coast Basin (LA, TX)",0.019660955,2045990.9,False,134.0,19.0,3.0,0.5829
2022,1004628,MACPHERSON OIL COMPANY,745,San Joaquin Basin,0.0,2068642.2,False,434.0,3.0,1.0,0.75
2022,1009265,360 Anadarko Basin,360,Anadarko Basin,1.017091527,2075073.5,False,513.0,20.0,16.0,0.7664
2022,1009274,MERIT ENERGY CO LLC 360 ANADARKO BASIN,360,Anadarko Basin,0.844764448,2133706.4,False,3748.0,0.0,19.0,0.7044
2022,1014415,"Caza Petroleum, LLC - Permian OSP",430,Permian Basin,0.171223421,2216162.0,False,71.0,11.0,4.0,0.7339
2022,1013728,"PetroShale (US), Inc.",395,Williston Basin,0.15623582,2224158.0,False,46.0,6.0,2.0,0.5921
2022,1013386,Tug Hill Operating Appalachia,160A,Appalachian Basin (Eastern Overthrust Area),7.850212992,2224900.0,False,258.0,40.0,2.0,0.7626
2022,1010233,EQT Production - Basin 160A - Appalachian Eastern Overthrust,160A,Appalachian Basin (Eastern Overthrust Area),51.881633679,2250243.0,False,3161.0,62.0,51.0,0.9175
2022,1009335,Presidio Petroleum 360 Anadarko Basin,360,Anadarko Basin,1.761201632,2276326.0,False,2569.0,0.0,36.0,0.7922
2022,1008506,Mid-Gulf Coast Basin Code 210,210,Mid-Gulf Coast Basin,0.0522441,2293093.0,False,136.0,0.0,16.0,0.6328
2022,1009956,"Elk Operating Services, LLC 585 Paradox Basin",585,Paradox Basin,0.02030904,2320989.4,False,391.0,0.0,1.0,0.1346
2022,1008134,Ovintiv USA Inc. 350.South Oklahoma Folded Belt,350,South Oklahoma Folded Belt,1.409588131,2376037.7,False,221.0,6.0,4.0,0.7312
2022,1013226,Confluence DJ LLC 540 Denver Basin,540,Denver Basin,0.211569784,2391861.6,False,43.0,19.0,1.0,0.68
2022,1009607,"Williston Basin/SOGC, Inc.",395,Williston Basin,0.060799308,2396596.2,False,86.0,3.0,6.0,0.5842
2022,1014341,Rio Oil and Gas (Permian) II LLC,430,Permian Basin,0.64911946,2437954.2,False,43.0,11.0,1.0,0.7871
2022,1014326,DGOC 360 Anadarko Production,360,Anadarko Basin,1.729384038,2459336.7,False,3373.0,6.0,71.0,0.8758
2022,1009490,Rosewood Resources Inc.,220,"Gulf Coast Basin (LA, TX)",0.296723111,2556029.0,False,70.0,32.0,9.0,0.7476
2022,1014401,Murchison Oil and Gas LLC - Permian,430,Permian Basin,0.220838532,2667567.0,False,128.0,0.0,4.0,0.7625
2022,1013606,Tall City Operations III LLC,430,Permian Basin,0.221332183,2736580.9,False,54.0,22.0,4.0,0.7054
2022,1008702,COTERRA ENERGY - 360 - ANADARKO BASIN,360,Anadarko Basin,2.585047958,2756772.2,False,494.0,10.0,14.0,0.8069
2022,1014648,NSR Denver Basin,540,Denver Basin,0.05462215,2822079.9,False,35.0,2.0,1.0,0.7309
2022,1008079,XTO Energy Inc 260 East Texas,260,East Texas Basin,7.608992568,2876080.0,False,5218.0,4.0,43.0,0.8721
2022,1014137,TRP Energy - 430 - Permian Basin,430,Permian Basin,0.138886004,2883316.2,False,101.0,26.0,2.0,0.6892
2022,1014624,Black Swan Oil & Gas - Basin 430,430,Permian Basin,0.066330907,2908767.3,False,194.0,42.0,2.0,0.729
2022,1010932,E&B Natural Resources,745,San Joaquin Basin,0.0,2918218.0,False,2258.0,0.0,2.0,0.272
2022,1011854,WESTERN ANDARKO BASIN (WAB) BUSINESS UNIT-BASIN 360,360,Anadarko Basin,1.175194347,2936080.5,False,2142.0,1.0,23.0,0.7309
2022,1010222,GULF COAST BASIN,220,"Gulf Coast Basin (LA, TX)",2.661985739,2948575.3,False,6953.0,8.0,90.0,0.8984
2022,1014100,Point Energy Partners,430,Permian Basin,0.172615702,2962855.0,False,55.0,12.0,1.0,0.7082
2022,1013377,Lime Rock Resources Pecos Valley,430,Permian Basin,0.250014366,2971945.0,False,103.0,10.0,2.0,0.7751
2022,1013216,SEP Permian Basin 430 Production,430,Permian Basin,0.11348166,3071505.9,False,1308.0,0.0,26.0,0.6322
2022,1013671,"Inpex 220 Gulf Coast Basin (LA, TX)",220,"Gulf Coast Basin (LA, TX)",0.126321047,3221318.0,False,113.0,28.0,5.0,0.7055
2022,1013331,360 Anadarko Camino Production,360,Anadarko Basin,2.597046272,3232079.7,False,168.0,27.0,14.0,0.7699
2022,1008383,Marathon Oil So. Oklahoma Folded Belt (AAPG 350),350,South Oklahoma Folded Belt,0.818004263,3293576.3,False,75.0,14.0,4.0,0.7518
2022,1009357,Finley Resources Inc - Uintah Basin (575),575,Uinta Basin,0.131209972,3312979.5,False,487.0,30.0,2.0,0.8681
2022,1010943,Repsol Texas Onshore Properties - Eagle Ford,220,"Gulf Coast Basin (LA, TX)",1.04462377,3326174.0,False,451.0,29.0,10.0,0.7649
2022,1014282,Triple Crown Resources,430,Permian Basin,0.574802329,3332577.7,False,211.0,28.0,2.0,0.7237
2022,1011873,"Lime Rock Resources III-A, Williston Basin",395,Williston Basin,0.070287508,3389980.9,False,326.0,14.0,4.0,0.4539
2022,1011923,White Rock Oil & Gas LLC - 395 Williston,395,Williston Basin,0.119644503,3567458.4,False,548.0,0.0,17.0,0.5942
2022,1008577,Basin 395 North Dakota - OSP,395,Williston Basin,0.079215412,3638243.1,False,172.0,27.0,4.0,0.4647
2022,1008569,Citation Oil & Gas Corp. 350 South Oklahoma Folded Belt Province,350,South Oklahoma Folded Belt,0.206070194,3652725.7,False,3060.0,0.0,8.0,0.6378
2022,1008979,"EOG Resources, Inc. 540 Denver basin",540,Denver Basin,0.147038344,3672017.2,False,270.0,1.0,2.0,0.6754
2022,1014349,Forge Energy II,430,Permian Basin,0.243021164,3762161.3,False,109.0,25.0,4.0,0.754
2022,1013771,"Zavanna, LLC Williston Basin (395) Operations",395,Williston Basin,0.688750047,3793930.2,False,152.0,10.0,2.0,0.436
2022,1010183,Antero Resources - 160A - Appalachian Basin (Eastern Overthurst Area),160A,Appalachian Basin (Eastern Overthrust Area),31.289581489,3827227.2,False,1464.0,73.0,7.0,0.8248
2022,1014129,RPOC - Basin 430 - Permian Basin,430,Permian Basin,0.157895776,3855875.2,False,89.0,12.0,4.0,0.5585
2022,1014678,Neptune Operating LLC,395,Williston Basin,0.163510548,3904216.0,False,215.0,12.0,3.0,0.5997
2022,1011498,Hibernia Resources IV Basin 430,430,Permian Basin,0.303151149,3920084.1,False,855.0,13.0,20.0,0.6022
2022,1010294,Discovery Natural Resources LLC - 430 Permian Basin,430,Permian Basin,0.994410564,3922799.8,False,1343.0,11.0,6.0,0.7836
2022,1011191,CRI 350 SOK Folded Belt,350,South Oklahoma Folded Belt,3.301625331,3943165.7,False,235.0,18.0,8.0,0.7657
2022,1009353,Marathon Oil Anadarko Basin (AAPG 360),360,Anadarko Basin,2.265147406,3953616.2,False,309.0,19.0,14.0,0.7953
2022,1013986,"Bayswater Operating, LLC (430) Permian Basin",430,Permian Basin,0.125659189,3958534.4,False,100.0,0.0,2.0,0.6968
2022,1008203,Powder River Basin - AAPG Province 515,515,Powder River Basin,0.355104643,3963091.8,False,108.0,14.0,2.0,0.713
2022,1011847,GulfTex Gulf Coast Basin #220,220,"Gulf Coast Basin (LA, TX)",0.321783394,4026581.0,False,48.0,13.0,5.0,0.7584
2022,1014271,Novo Oil and Gas - Basin 430,430,Permian Basin,0.979097768,4028112.1,False,48.0,38.0,1.0,0.7709
2022,1009242,San Juan Basin,580,San Juan Basin,0.715533534,4070396.6,False,972.0,10.0,9.0,0.8401
2022,1014413,Contango Basin 530,530,Wind River Basin,7.793504076,4211000.7,False,792.0,0.0,2.0,0.9228
2022,1014412,Contango Basin 430,430,Permian Basin,0.439971262,4240279.9,False,2706.0,2.0,28.0,0.6962
2022,1010372,BATTALION OIL CORP,430,Permian Basin,0.476990824,4257448.9,False,105.0,9.0,8.0,0.7638
2022,1008616,XTO Energy Inc 350 South Oklahoma Folded Belt,350,South Oklahoma Folded Belt,2.289367056,4346425.2,False,850.0,23.0,16.0,0.7457
2022,1008439,Javelin Energy Partners Management Gulf Coast Basin,220,"Gulf Coast Basin (LA, TX)",0.087229279,4422188.0,False,280.0,0.0,5.0,0.6766
2022,1010521,Crescent Point Energy Corporation Williston Basin (395) Operations,395,Williston Basin,0.229985676,4586491.3,False,161.0,22.0,3.0,0.4803
2022,1008052,DJR Operating - San Juan Basin Oil and Gas Production,580,San Juan Basin,0.447738162,4624609.0,False,364.0,33.0,6.0,0.6883
2022,1006770,TPIC Basin 220,220,"Gulf Coast Basin (LA, TX)",0.391356027,4634405.0,False,583.0,16.0,33.0,0.9067
2022,1009706,"SilverBow Resources, LLC - Basin 220",220,"Gulf Coast Basin (LA, TX)",3.395511917,4993809.0,False,789.0,38.0,10.0,0.7822
2022,1012780,Permian Basin Oil and Gas Production Facilities,430,Permian Basin,0.916999467,5063246.2,False,459.0,25.0,5.0,0.6995
2022,1013833,Mewbourne Oil Company - Anadarko Basin 360,360,Anadarko Basin,1.21071697,5072509.0,False,1517.0,40.0,33.0,0.8174
2022,1011393,Ascent Resources - Utica (160),160,Appalachian Basin,1.359941867,5232547.6,False,172.0,15.0,2.0,0.7716
2022,1010945,"EXCO Resources, Inc. - Gulf Coast Basin #220",220,"Gulf Coast Basin (LA, TX)",0.081339552,5257754.3,False,313.0,17.0,5.0,0.7609
2022,1013393,"PERCUSSION PETROLEUM OPER II, LLC",430,Permian Basin,0.211338954,5274196.0,False,110.0,32.0,3.0,0.6563
2022,1014344,"Grit Oil & Gas Management, LLC - Basin 220",220,"Gulf Coast Basin (LA, TX)",0.423863516,5340972.4,False,202.0,56.0,2.0,0.7894
2022,1013699,"Sabinal Energy Operating, LLC - Permian Basin",430,Permian Basin,0.049106378,5432517.6,False,3101.0,33.0,19.0,0.5058
2022,1011531,WildFire Energy Operating LLC,220,"Gulf Coast Basin (LA, TX)",0.116976701,5445942.0,False,522.0,15.0,5.0,0.7185
2022,1012376,"PDC Permian, Inc. 430 Permian Basin",430,Permian Basin,1.097604976,5702426.6,False,144.0,20.0,1.0,0.754
2022,1013123,BCE-Mach III LLC,360,Anadarko Basin,1.620473965,5735009.9,False,2575.0,89.0,48.0,0.8016
2022,1014369,"Ring Energy, Inc",430,Permian Basin,0.284639737,5741168.0,False,811.0,64.0,11.0,0.6509
2022,1013354,"Trinity Operating (USG), LLC - Gulf Coast Basin (220)",220,"Gulf Coast Basin (LA, TX)",0.475540078,5836551.0,False,403.0,32.0,7.0,0.7519
2022,1013735,Steward Energy II 430 Permian Basin,430,Permian Basin,0.392326161,6174421.9,False,187.0,33.0,3.0,0.6773
2022,1008092,EP Energy E&P 220 Gulf Coast Basin,220,"Gulf Coast Basin (LA, TX)",0.516373158,6469776.0,False,927.0,32.0,6.0,0.7374
2022,1010721,Appalachian Basin (Eastern Overthrust Area),160A,Appalachian Basin (Eastern Overthrust Area),31.033850996,6500857.0,False,1549.0,59.0,17.0,0.8792
2022,1009731,Verdad Resources LLC - DJ Basin,540,Denver Basin,0.378132989,6510370.0,False,293.0,45.0,4.0,0.6592
2022,1008086,"Uinta Wax Operating, LLC",575,Uinta Basin,0.258534609,6522581.8,False,787.0,14.0,2.0,0.7906
2022,1009624,SM Energy (Basin 220) South Texas,220,"Gulf Coast Basin (LA, TX)",2.953546559,6552846.0,False,545.0,45.0,3.0,0.7546
2022,1014418,"PetroLegacy Energy II, LLC - Permian OSP",430,Permian Basin,0.004187007,6800583.0,False,277.0,6.0,2.0,0.6755
2022,1011662,Slant Operating LLC,430,Permian Basin,0.194534804,6869943.1,False,1284.0,0.0,8.0,0.7265
2022,1014730,Ameredev II 430 Permian Basin,430,Permian Basin,0.65682716,6994036.9,False,105.0,44.0,4.0,0.8253
2022,1008998,Henry Resources LLC,430,Permian Basin,0.431512919,7181450.0,False,214.0,11.0,3.0,0.703
2022,1009278,515 Powder River Basin DEC,515,Powder River Basin,0.296340664,7216258.8,False,356.0,15.0,4.0,0.7112
2022,1013614,"Citizen Energy III, LLC",360,Anadarko Basin,4.289412146,7282585.2,False,651.0,65.0,11.0,0.795
2022,1008980,"EOG Resources, Inc. 395 Williston basin",395,Williston Basin,0.580959632,7298862.2,False,787.0,0.0,7.0,0.5405
2022,1008857,CRI 515 Powder River,515,Powder River Basin,0.631745496,7382443.1,False,511.0,26.0,4.0,0.4042
2022,1009728,Ridgemar (Eagle Ford) - Basin 220,220,"Gulf Coast Basin (LA, TX)",0.30677508,7410209.6,False,614.0,26.0,5.0,0.7348
2022,1008890,Summit Petroleum LLC,430,Permian Basin,0.751029894,7481255.2,False,473.0,17.0,4.0,0.7244
2022,1012449,"Blackbeard Operating, LLC - 430 Permian Basin",430,Permian Basin,0.939375428,7890064.0,False,1487.0,181.0,5.0,0.7499
2022,1013038,Marathon Oil Permian (AAPG Basin Number 430),430,Permian Basin,0.77877219,7923071.6,False,239.0,19.0,8.0,0.7421
2022,1008087,Bayswater Exploration & Production Denver Basin (540) Operations,540,Denver Basin,0.717084291,8032111.2,False,260.0,34.0,1.0,0.652
2022,1008163,Berry Petroleum Company - San Joaquin Basin 745,745,San Joaquin Basin,0.0,8188032.2,False,2952.0,57.0,1.0,0.32
2022,1013674,Spur Energy Partners LLC,430,Permian Basin,0.796226895,8397314.5,False,2718.0,38.0,2.0,0.6862
2022,1013264,Anschutz Exploration Corporation - Powder River Basin,515,Powder River Basin,0.355908021,8443075.2,False,132.0,66.0,3.0,0.6932
2022,1008534,Eni US Operating Co. Inc. - Nikaitchuq & Oooguruk Development,890,Arctic Coastal Plains Province,0.0,8552120.0,False,59.0,3.0,2.0,0.8694
2022,1013993,Hibernia Resources III LLC,430,Permian Basin,0.210686356,8564852.3,False,239.0,52.0,4.0,0.7645
2022,1013010,Verdun Oil Company-Gulf Coast Basin-Onshore Production,220,"Gulf Coast Basin (LA, TX)",0.922304086,8751734.0,False,344.0,46.0,19.0,0.744
2022,1014233,Franklin Mountain Energy/430 Permian Basin,430,Permian Basin,0.322984083,9004876.0,False,68.0,53.0,1.0,0.75
2022,1008630,BPX Operating Company,220,"Gulf Coast Basin (LA, TX)",2.997254956,9216792.0,False,682.0,47.0,7.0,0.8528
2022,1014071,VTX Energy Operating LLC,430,Permian Basin,0.406672799,9236246.8,False,208.0,50.0,4.0,0.6868
2022,1009261,Ovintiv USA Inc. 395.Williston Basin,395,Williston Basin,0.715390621,9392014.7,False,351.0,17.0,3.0,0.6704
2022,1009350,Javelin Energy Partners Managment Uinta Basin,575,Uinta Basin,0.716798354,9452615.1,False,415.0,34.0,2.0,0.756
2022,1008407,Ovintiv USA Inc. 575.Uinta,575,Uinta Basin,0.2629021,9672067.4,False,502.0,25.0,2.0,0.7923
2022,1013222,"Noble Energy, Inc. - Permian Basin 430",430,Permian Basin,0.837954483,9738539.0,False,353.0,5.0,3.0,0.7288
2022,1013283,Encino Energy (EAP Ohio LLC),160A,Appalachian Basin (Eastern Overthrust Area),10.237983809,9793047.7,False,924.0,55.0,4.0,0.8183
2022,1008287,360 Anadarko Basin DEC,360,Anadarko Basin,4.588721016,9995735.7,False,937.0,37.0,24.0,0.7715
2022,1013983,Advance Energy Partners - Basin 430,430,Permian Basin,0.500018534,10048986.1,False,120.0,47.0,3.0,0.7437
2022,1014470,Highpeak Energy Holdings LLC,430,Permian Basin,0.150513844,10976581.0,False,285.0,87.0,2.0,0.55
2022,1008396,"EOG Resources, Inc. 515 Powder River basin",515,Powder River Basin,1.641171018,11345949.0,False,638.0,12.0,6.0,0.7281
2022,1014371,"Kraken Operating, LLC",395,Williston Basin,0.479898487,11438272.0,False,364.0,41.0,3.0,0.594
2022,1013128,"SN EF Maverick, LLC 220 Gulf Coast Basin",220,"Gulf Coast Basin (LA, TX)",1.974730202,11848489.7,False,1805.0,16.0,7.0,0.7462
2022,1008632,"BPX Energy Permian Basin, AAPG Basin 430",430,Permian Basin,2.260491973,12898525.0,False,280.0,33.0,3.0,0.7854
2022,1010190,"Williston Basin (Petro-Hunt, LLC)",395,Williston Basin,0.721164673,13841695.0,False,650.0,17.0,11.0,0.541
2022,1014380,CRI 430 Permian,430,Permian Basin,0.700261927,13848865.5,False,403.0,31.0,9.0,0.7352
2022,1008402,California Resources Production Corporation  San Joaquin Valley Basin 745,745,San Joaquin Basin,1.316728624,14273675.6,False,5270.0,170.0,4.0,0.131
2022,1009260,Ovintiv USA Inc. 360.Anadarko Basin,360,Anadarko Basin,2.721166473,14764821.0,False,785.0,64.0,11.0,0.7666
2022,1008293,Marathon Oil EF - Gulf Coast Basin (AAPG Basin Number 220),220,"Gulf Coast Basin (LA, TX)",2.4288475,15141057.2,False,2737.0,153.0,14.0,0.7495
2022,1008714,Gulf Coast Facility,220,"Gulf Coast Basin (LA, TX)",0.496547519,15215866.0,False,968.0,50.0,10.0,0.6586
2022,1013483,Earthstone Energy 430 Permian,430,Permian Basin,2.971290234,15654657.0,False,1927.0,26.0,20.0,0.6634
2022,1011782,"Hilcorp Alaska, LLC 890 Arctic Slope Basin",890,Arctic Coastal Plains Province,0.005482812,16768523.1,False,318.0,12.0,1.0,0.8124
2022,1013325,Magnolia O&G Corp 220 Gulf Coast Basin,220,"Gulf Coast Basin (LA, TX)",2.417437384,16950158.0,False,1302.0,43.0,27.0,0.7377
2022,1009625,"Grayson Mill Operating, LLC",395,Williston Basin,1.384504001,17102555.9,False,790.0,44.0,5.0,0.5029
2022,1013106,Surge Energy 430 Permian Basin,430,Permian Basin,1.21365431,19260854.0,False,843.0,64.0,5.0,0.6273
2022,1009056,Vital Energy Production,430,Permian Basin,3.647881897,20291059.6,False,1513.0,49.0,5.0,0.7441
2022,1009253,"WPX Energy Williston, LLC - 395 Williston basin",395,Williston Basin,1.280983484,20372382.3,False,665.0,19.0,6.0,0.397
2022,1009106,Slawson Exploration - Williston Basin 395,395,Williston Basin,0.711795466,21821232.0,False,534.0,33.0,6.0,0.5441
2022,1007482,ConocoPhillips' Williston (395),395,Williston Basin,1.942682959,22385374.9,False,851.0,33.0,3.0,0.3017
2022,1008275,XTO Energy Inc 395 Williston,395,Williston Basin,1.88777047,22807454.0,False,988.0,0.0,6.0,0.6159
2022,1009595,Enerplus Resources (USA) Corporation - Williston Basin,395,Williston Basin,1.024366447,22891662.8,False,864.0,39.0,3.0,0.6111
2022,1010325,Oasis Petroleum,395,Williston Basin,2.338583558,23477341.2,False,1486.0,24.0,8.0,0.5909
2022,1008270,Basin 540 Denver Julesburg - Noble Energy Inc.,540,Denver Basin,3.68207411,24611539.0,False,1892.0,61.0,2.0,0.7139
2022,1008346,Aera Energy San Joaquin Basin,745,San Joaquin Basin,0.00251077,25713927.7,False,13911.0,48.0,2.0,0.3754
2022,1012129,Callon Permian Basin Operations,430,Permian Basin,2.160830111,26247135.1,False,799.0,48.0,10.0,0.7357
2022,1013407,Birch Resources,430,Permian Basin,1.756383925,26507555.0,False,374.0,79.0,3.0,0.6809
2022,1012068,Matador Production Company - Permian Basin,430,Permian Basin,3.153930812,26915360.2,False,653.0,84.0,7.0,0.7453
2022,1008202,Denver Basin - AAPG Province 540,540,Denver Basin,7.437241335,27016652.7,False,3267.0,51.0,4.0,0.7216
2022,1009238,220 Gulf Coast Basin DEC,220,"Gulf Coast Basin (LA, TX)",2.498520364,27285610.7,False,1646.0,85.0,7.0,0.7596
2022,1013734,Tap Rock Operating,430,Permian Basin,2.567264465,27366426.1,False,366.0,108.0,8.0,0.7405
2022,1009674,SM Energy (Basin 430) Permian Basin,430,Permian Basin,2.483005444,27693478.0,False,778.0,44.0,5.0,0.7437
2022,1009197,Whiting Oil and Gas Corporation 395 Williston Basin,395,Williston Basin,2.426551888,29043968.5,False,1828.0,69.0,10.0,0.5767
2022,1009391,Apache Corporation - Permian Basin 430,430,Permian Basin,7.848782474,29099107.8,False,7117.0,40.0,36.0,0.657
2022,1008331,Ovintiv USA Inc - Permian Basin,430,Permian Basin,2.329921406,31658551.6,False,1701.0,58.0,8.0,0.72
2022,1008526,"Chesapeake Operating LLC, 220 - Gulf Coast Basin",220,"Gulf Coast Basin (LA, TX)",3.147192214,32272273.0,False,3067.0,44.0,16.0,0.718
2022,1009286,PDC Energy 540 Denver Basin,540,Denver Basin,8.611366817,32844332.8,False,2442.0,184.0,3.0,0.0207
2022,1008173,Marathon Oil Company - Williston Basin (AAPG Basin 395),395,Williston Basin,1.668766939,33722350.7,False,905.0,55.0,4.0,0.5523
2022,1008490,Hess Corporation - 395 - Williston Basin,395,Williston Basin,3.142375894,34918749.8,False,1616.0,64.0,4.0,0.589
2022,1014504,CrownQuest Operating - Basin 430,430,Permian Basin,3.342541605,35561396.0,False,1439.0,160.0,11.0,0.7243
2022,1011690,Permian Resources Corporation,430,Permian Basin,4.467075838,38614422.0,False,1022.0,56.0,12.0,0.863
2022,1009039,WPX Energy Permian LLC,430,Permian Basin,5.301070273,44083559.6,False,944.0,84.0,14.0,0.7212
2022,1008700,COTERRA ENERGY - 430 - PERMIAN BASIN,430,Permian Basin,9.629447074,47410676.9,False,1198.0,89.0,18.0,0.7595
2022,1008111,ConocoPhillips Alaska Inc - KRU-ALP Fields,890,Arctic Coastal Plains Province,0.0,48415693.6,False,833.0,8.0,2.0,0.8061
2022,1007485,"ConocoPhillips Gulf Coast Basin 220, Production",220,"Gulf Coast Basin (LA, TX)",4.935698081,55203950.2,False,1715.0,139.0,10.0,0.7511
2022,1000355,(540) Civitas Resources - Denver Basin,540,Denver Basin,5.080323912,56648095.6,False,3217.0,133.0,6.0,0.6718
2022,1008471,CRI 395 Williston,395,Williston Basin,4.953197128,62539993.4,False,2643.0,137.0,14.0,0.5478
2022,1008290,430 Permian Basin DEC,430,Permian Basin,6.793590299,63657829.6,False,1200.0,134.0,8.0,0.6617
2022,1009240,Chevron MCA 430 Permian Basin,430,Permian Basin,8.82088793,66592445.0,False,1720.0,188.0,27.0,0.7288
2022,1008219,"EOG Resources, Inc.220 Gulf Coast basin",220,"Gulf Coast Basin (LA, TX)",6.199730226,68417035.1,False,3845.0,145.0,33.0,0.7179
2022,1013845,Mewbourne Oil Company - Permian Basin 430,430,Permian Basin,7.297392954,70816103.3,False,1618.0,271.0,15.0,0.6431
2022,1011659,Endeavor Energy Resources LP 430 Permian Basin,430,Permian Basin,4.787524009,71370359.0,False,2626.0,291.0,39.0,0.7275
2022,1008172,"Hilcorp North Slope, 890 - Arctic Slope Basin",890,Arctic Coastal Plains Province,0.529112519,81557248.0,False,1674.0,23.0,2.0,0.7786
2022,1009434,Diamondback E&P LLC,430,Permian Basin,9.229391513,110427394.6,False,5962.0,258.0,17.0,0.7043
2022,1009390,XTO Energy Inc 430 Permian,430,Permian Basin,16.321506605,121316245.4,False,5302.0,194.0,37.0,0.7027
2022,1007479,ConocoPhillips Permian (430),430,Permian Basin,13.38108365,131847835.3,False,5269.0,251.0,26.0,0.7233
2022,1008351,"EOG Resources, Inc. 430 Permian basin",430,Permian Basin,15.256168715,134593175.0,False,2758.0,187.0,20.0,0.734
2022,1008607,"Pioneer Natural Resources USA, Inc. Permian",430,Permian Basin,16.200625771,182641828.9,False,8914.0,477.0,11.0,0.7201
2022,1013413,"Eclipse Resources I, LP",160,Appalachian Basin,0.534802015,751437.0,False,72.0,0.0,2.0,0.7914
2022,1009720,"SN Operating, LLC 220 Gulf Coast Basin (LA, TX)",220,"Gulf Coast Basin (LA, TX)",0.545140284,1811913.2,False,428.0,0.0,3.0,0.7658
2022,1008051,"Range Resources - Appalachia, LLC - Basin 160A",160A,Appalachian Basin (Eastern Overthrust Area),21.703489054,3386077.4,False,1503.0,0.0,12.0,0.8493
2022,1008113,MurphyE&P-220,220,"Gulf Coast Basin (LA, TX)",0.510436909,12163009.0,False,928.0,26.0,5.0,0.7178
2022,1008472,CRI 360 Anadarko,360,Anadarko Basin,11.006135588,15418009.5,False,976.0,35.0,18.0,0.7985
2022,1008141,Oxy Permian Basin - 430,430,Permian Basin,14.013404113,168714363.9,False,11789.0,333.0,50.0,0.4644
2022,1013288,XCL - Uinta Basin,575,Uinta Basin,0.182153734,6605631.0,False,120.0,0.0,2.0,0.7731
2023,1009878,Iron Pennsylvania Land LLC,160A,Appalachian Basin (Eastern Overthrust Area),0.0,0.0,False,2.0,0.0,1.0,0.9222
2023,1008954,Green River Basin - 535,535,Green River Basin,0.004049869,0.0,False,22.0,0.0,1.0,0.9117
2023,1009665,"Enervest Operating, L.L.C. 400 Ouachita Folded Belt",400,Ouachita Folded Belt,0.017454904,0.0,False,21.0,0.0,2.0,0.9492
2023,1009860,Blackbeard Operating - 400 - Ouachita Folded Belt,400,Ouachita Folded Belt,0.06479697,0.0,False,6.0,0.0,2.0,0.7476
2023,1014327,DGOC 400 Ouchita Production,400,Ouachita Folded Belt,0.127682179,0.0,False,165.0,0.0,2.0,0.9407
2023,1009139,OGRIS Operating LLC,455,Las Vegas-Raton Basin,0.199767441,0.0,False,471.0,0.0,1.0,0.9755
2023,1014903,"Mitsui E&P USA, LLC (Eagle Ford)",220,"Gulf Coast Basin (LA, TX)",0.303501105,0.0,False,21.0,8.0,2.0,0.8887
2023,1008474,"MMGK Arkoma, LLC - ARKOMA Basin",345,Arkoma Basin,0.353882219,0.0,False,751.0,0.0,9.0,0.967
2023,1008958,"EXCO Resources, Inc. - East Texas Basin #260",260,East Texas Basin,0.474111115,0.0,False,110.0,1.0,5.0,0.9356
2023,1008673,"EXCO Resources (PA), LLC - Basin 160A",160A,Appalachian Basin (Eastern Overthrust Area),0.583084419,0.0,False,119.0,0.0,7.0,0.9704
2023,1008608,"Evergreen Natural Resources, LLC. Las Vegas-Raton",455,Las Vegas-Raton Basin,0.690752402,0.0,False,1885.0,25.0,1.0,0.9923
2023,1011674,Sage Natural Resources 415 Strawn Basin,415,Strawn Basin,0.707792858,0.0,False,205.0,0.0,3.0,0.9543
2023,1005963,Red Willow Production Co.,580,San Juan Basin,0.801596986,0.0,False,629.0,2.0,3.0,0.857
2023,1009932,"Enervest Operating, L.L.C. 160A Appalachian Basin (Eastern Overthrust area)",160A,Appalachian Basin (Eastern Overthrust Area),0.835492949,0.0,False,3411.0,0.0,8.0,0.934
2023,1014420,Blue Dome Operating Arkla,230,Arkla Basin,0.983112392,0.0,False,30.0,4.0,1.0,0.9336
2023,1014569,Van Buren Energy Production - Arkoma,345,Arkoma Basin,1.167509642,0.0,False,828.0,0.0,6.0,0.9346
2023,1014618,"Apex Energy (PA), LLC",160A,Appalachian Basin (Eastern Overthrust Area),1.365851317,0.0,False,32.0,8.0,1.0,0.969
2023,1009732,BKV Operating LLC,160A,Appalachian Basin (Eastern Overthrust Area),1.564342055,0.0,False,140.0,0.0,2.0,0.9789
2023,1014600,Silver Hill 230 Arkla Basin,230,Arkla Basin,1.770740911,0.0,False,32.0,7.0,1.0,0.882
2023,1014650,Tellurian Operating LLC - Basin 230 (Arkla Basin),230,Arkla Basin,2.383735748,0.0,False,58.0,5.0,4.0,0.9508
2023,1008795,"Arsenal Resources, LLC 160A Appalachian Basin",160A,Appalachian Basin (Eastern Overthrust Area),2.856666574,0.0,False,106.0,9.0,4.0,0.9637
2023,1008588,"Merit Energy Arkoma Basin, AAPG Basin 345",345,Arkoma Basin,3.527817907,0.0,False,3594.0,0.0,20.0,0.9624
2023,1014351,"Paloma Natural Gas LLC, Basin 230 (Arkla Basin)",230,Arkla Basin,3.931607924,0.0,False,127.0,18.0,6.0,0.9538
2023,1008957,"EXCO Resources, Inc. - Arkla Basin #230",230,Arkla Basin,4.043659925,0.0,False,515.0,14.0,4.0,0.9303
2023,1014354,Olympus Energy Production - Basin 160A,160A,Appalachian Basin (Eastern Overthrust Area),4.482872282,0.0,False,77.0,32.0,2.0,0.9661
2023,1014665,"GEP HAYNESVILLE II, LLC - 230 - ARKLA BASIN",230,Arkla Basin,5.209910591,0.0,False,139.0,18.0,2.0,0.9446
2023,1008937,Appalachian Basin - AAPG Province 160A,160A,Appalachian Basin (Eastern Overthrust Area),5.347692894,0.0,False,416.0,18.0,3.0,0.9739
2023,1012537,Northeast Natural Energy LLC,160A,Appalachian Basin (Eastern Overthrust Area),5.381518412,0.0,False,150.0,19.0,2.0,0.965
2023,1010205,Flywheel Energy Production - Arkoma,345,Arkoma Basin,6.957190749,0.0,False,3826.0,0.0,6.0,0.9592
2023,1008481,"Repsol Oil & Gas USA, LLC Appalachian basin (Eastern Overthrust area) - 160A",160A,Appalachian Basin (Eastern Overthrust Area),8.715552233,0.0,False,777.0,35.0,8.0,0.9742
2023,1009301,Seneca East Facilities,160A,Appalachian Basin (Eastern Overthrust Area),12.184536012,0.0,False,1002.0,42.0,13.0,0.9715
2023,1008503,Coterra Energy 160A Appalachian (EOA),160A,Appalachian Basin (Eastern Overthrust Area),27.492918003,0.0,False,1090.0,78.0,2.0,0.9792
2023,1008523,"Chesapeake Appalachia LLC, 160A - Appalachian Basin (Eastern Overthrust Area)",160A,Appalachian Basin (Eastern Overthrust Area),43.928885205,0.0,False,1477.0,78.0,6.0,0.9741
2023,1014664,CALYX ENERGY III - 345 ARKOMA BASIN,345,Arkoma Basin,0.824246689,0.1,False,22.0,5.0,1.0,0.8374
2023,1014737,"Sanguine Gas Exploration, LLC 345 Arkoma Basin Production",345,Arkoma Basin,0.211642991,5.0,False,19.0,1.0,2.0,0.955
2023,1011913,SWN Production (Louisiana),230,Arkla Basin,24.921499411,55.4,False,859.0,0.0,5.0,0.9505
2023,1009392,XTO Energy Inc 345 Arkoma,345,Arkoma Basin,0.361240426,123.8,False,313.0,0.0,5.0,0.9051
2023,1008527,"Chesapeake Operating LLC, 230 - Arkla Basin",230,Arkla Basin,22.971748016,127.0,False,992.0,55.0,6.0,0.9519
2023,1008492,"BPX Energy Arkla Basin, AAPG Basin 230",230,Arkla Basin,7.302365827,176.6,False,453.0,24.0,7.0,0.9595
2023,1008882,Pennsylvania General Energy Company LLC,160A,Appalachian Basin (Eastern Overthrust Area),1.81911362,209.0,False,179.0,16.0,5.0,0.9723
2023,1014239,DGOC 420 Ft Worth Sync Production,420,Fort Worth Syncline,0.267007489,216.0,False,140.0,0.0,3.0,0.9356
2023,1013677,Bedrock 415 Strawn Basin,415,Strawn Basin,0.30083253,527.0,False,220.0,0.0,3.0,0.9179
2023,1008053,Own Resources Operating LLC,540,Denver Basin,0.295884367,819.0,False,3241.0,0.0,4.0,0.9388
2023,1010157,ROCKIES BUSINESS UNIT-BASIN 535,535,Green River Basin,0.013002859,923.3,False,192.0,0.0,3.0,0.9069
2023,1009192,Whiting Oil and Gas Corporation 430 Permian Basin,430,Permian Basin,0.0,1202.7,False,0.0,0.0,10.0,0.6709
2023,1009666,"Enervest Operating, L.L.C. 415 Strawn Basin",415,Strawn Basin,1.203002672,1263.4,False,1012.0,0.0,4.0,0.942
2023,1012511,Aethon Energy Operating-260-East Texas Basin,260,East Texas Basin,10.97982221,1556.0,False,237.0,76.0,11.0,0.9619
2023,1013261,Javelin Energy Partners Management Strawn Basin,415,Strawn Basin,1.209233237,2754.6,False,934.0,0.0,3.0,0.9143
2023,1009689,"Enervest Operating, L.L.C. 420 Fort Worth Syncline",420,Fort Worth Syncline,0.073035628,2904.2,False,57.0,0.0,4.0,0.7922
2023,1013922,"Trinity Operating (USG), LLC - Arkla Basin (230)",230,Arkla Basin,4.534149417,3248.4,False,93.0,30.0,1.0,0.916
2023,1008405,California Resources Production Corporation  Sacramento Valley Basin 730,730,Sacramento Basin,0.190644046,3343.3,False,595.0,10.0,9.0,0.941
2023,1006564,Greylock Energy,160A,Appalachian Basin (Eastern Overthrust Area),1.369698907,3343.4,False,2719.0,4.0,32.0,0.9003
2023,1008536,"TEP Barnett USA LLC, 415 - Strawn Basin",415,Strawn Basin,4.456724518,3931.0,False,2504.0,13.0,3.0,0.9217
2023,1012952,SEP Palo Duro Basin 435 Production,435,Palo Duro Basin,0.018183312,4014.3,False,67.0,0.0,3.0,0.6512
2023,1011763,"EagleRidge Operating, LLC. Strawn Basin",415,Strawn Basin,0.409994756,4031.7,False,389.0,0.0,6.0,0.8606
2023,1011978,Morningstar Operating LLC  SAN JUAN BASIN 580,580,San Juan Basin,0.79366412,4755.7,False,978.0,0.0,8.0,0.8824
2023,1011194,"Compass Production Partners, LP - Arkla Basin #230",230,Arkla Basin,0.343461202,4886.9,False,390.0,0.0,1.0,0.9536
2023,1009276,415 Strawn Basin BKV - Production,415,Strawn Basin,2.888775198,4918.1,False,2189.0,2.0,8.0,0.9142
2023,1014706,"R. Lacy Services, Ltd. 260 PROD",260,East Texas Basin,1.983015338,5224.0,False,223.0,7.0,3.0,0.8443
2023,1008078,XTO Energy Inc 507 Central Western Overthrust,507,Central Western Overthrust,0.100386281,5329.4,False,193.0,0.0,2.0,0.9148
2023,1009890,"Comstock Oil & Gas-LA, LLC",230,Arkla Basin,15.488661222,7680.5,False,1032.0,45.0,23.0,0.9183
2023,1008753,Foundation Energy Management 345 Arkoma Basin,345,Arkoma Basin,0.356020684,7891.4,False,220.0,0.0,5.0,0.7547
2023,1013100,"Trinity Operating USG, LLC - Arkoma (Basin 345)",345,Arkoma Basin,2.770030475,11137.3,False,590.0,8.0,3.0,0.9225
2023,1013601,Blackbeard Operating - 345 - Arkoma Basin,345,Arkoma Basin,0.429325782,11692.0,False,131.0,0.0,6.0,0.7476
2023,1014357,Calyx Energy III  355 Chautauqua Platform,355,Chautauqua Platform,0.926702704,11742.4,False,113.0,3.0,4.0,0.7776
2023,1011091,Foundation Energy Management 360 Anadarko Basin,360,Anadarko Basin,0.06504964,15416.8,False,277.0,0.0,8.0,0.8439
2023,1013262,Javelin Energy Partners Management Fort Worth Syncline,420,Fort Worth Syncline,0.196193878,15987.5,False,134.0,0.0,1.0,0.8934
2023,1009101,REM 305 Michigan Basin - PRODUCTION,305,Michigan Basin,0.424022001,16751.0,False,5440.0,0.0,22.0,0.8338
2023,1011100,"Cross Timbers Energy, LLC - San Juan Basin 580",580,San Juan Basin,0.140027964,17354.6,False,240.0,0.0,4.0,0.7472
2023,1008348,Trendwell Energy Corporation,305,Michigan Basin,0.042253848,18297.0,False,145.0,0.0,4.0,0.7335
2023,1014333,Snyder Brothers Inc.,160A,Appalachian Basin (Eastern Overthrust Area),2.692739935,19171.2,False,1846.0,22.0,15.0,0.8439
2023,1012612,Hilcorp Energy Company - Wind River Basin (530),530,Wind River Basin,0.098074455,20656.0,False,205.0,0.0,3.0,0.8807
2023,1008116,XTO Energy Inc 160A Appalachian E Overthrust,160A,Appalachian Basin (Eastern Overthrust Area),2.968949843,21680.1,False,347.0,2.0,18.0,0.8895
2023,1008170,Dominion Energy Wexpro - Central Western Overthrust (Prod),507,Central Western Overthrust,0.170903186,23677.1,False,154.0,0.0,4.0,0.8954
2023,1012605,"Trinity Operating USG, LLC - Chautauqua Platform (Basin 355)",355,Chautauqua Platform,1.19447452,23705.0,False,394.0,8.0,2.0,0.7572
2023,1011995,Hilcorp Appalachian Basin (Eastern Overthrust Area),160A,Appalachian Basin (Eastern Overthrust Area),1.75303462,28895.5,False,179.0,22.0,4.0,0.8723
2023,1014375,UGC 595 Piceance,595,Piceance Basin,0.098921816,30304.7,False,485.0,0.0,3.0,0.794
2023,1008066,"Jordan Development Company, LLC",305,Michigan Basin,0.090148883,31399.0,False,379.0,0.0,12.0,0.8079
2023,1012509,Aethon Energy Operating-230-Arkla Basin,230,Arkla Basin,16.487353387,32569.0,False,781.0,47.0,11.0,0.96
2023,1011654,Urban 535 Green River Basin,535,Green River Basin,0.317195959,32853.0,False,481.0,0.0,2.0,0.8568
2023,1008475,EnverVest Operating L.L.C.- 430 HighMount Permian,430,Permian Basin,0.480385946,34967.6,False,6173.0,0.0,9.0,0.8033
2023,1012984,"Southern Energy Operating, LLC MidGulf Coast Basin",210,Mid-Gulf Coast Basin,0.178610934,40293.0,False,467.0,4.0,5.0,0.9509
2023,1014426,"Loan Asset Issuer LLC, Series 2021 NG-1",160A,Appalachian Basin (Eastern Overthrust Area),1.268315588,40467.0,False,134.0,0.0,2.0,0.8031
2023,1009862,"Amplify Energy Operating LLC 220 Gulf Coast Basin (LA, TX)",220,"Gulf Coast Basin (LA, TX)",0.044201335,41134.0,False,37.0,0.0,1.0,0.7582
2023,1009907,"Comstock Oil & Gas, LLC",260,East Texas Basin,6.988623731,41914.0,False,1053.0,26.0,18.0,0.8807
2023,1014225,DGOC 415 Strawn Production,415,Strawn Basin,0.847510299,42838.0,False,838.0,0.0,10.0,0.8124
2023,1009389,UGC 575 Uintah,575,Uinta Basin,0.180385846,47135.6,False,545.0,2.0,3.0,0.898
2023,1013896,Crescent Pass 260 East Texas Basin,260,East Texas Basin,0.601428303,49107.1,False,1026.0,0.0,20.0,0.9153
2023,1013691,Ensight IV Energy Management,230,Arkla Basin,1.396342043,49402.8,False,177.0,9.0,3.0,0.8654
2023,1013751,Basin 375 - BCE-Mach LLC,375,Sedgwick Basin,0.045508973,57150.6,False,53.0,0.0,4.0,0.8605
2023,1009170,260 East Texas Basin - BP America Production Company,260,East Texas Basin,1.459904329,58926.8,False,530.0,0.0,13.0,0.8865
2023,1013657,Bedrock 420 Fort Worth Syncline,420,Fort Worth Syncline,1.185810089,62232.0,False,721.0,3.0,4.0,0.8113
2023,1013214,SEP Fort Worth Syncline 420 Production,420,Fort Worth Syncline,0.246264809,62573.6,False,681.0,0.0,8.0,0.7812
2023,1011652,"Urban 220 Gulf Coast Basin (LA, TX)",220,"Gulf Coast Basin (LA, TX)",0.163189152,65496.8,False,505.0,0.0,21.0,0.7571
2023,1011688,Equinor USA Onshore Properties - APB Basin 160A,160A,Appalachian Basin (Eastern Overthrust Area),1.053479886,68301.6,False,53.0,0.0,1.0,0.9725
2023,1012014,White Knight 420 Fort Worth Syncline,420,Fort Worth Syncline,0.045898616,70533.0,False,120.0,0.0,4.0,0.7315
2023,1011596,"Wapiti Operating, LLC 575 Uinta Basin",575,Uinta Basin,0.297619451,71631.0,False,472.0,0.0,4.0,0.8964
2023,1011765,"EagleRidge Operating, LLC. Fort Worth Syncline Basin",420,Fort Worth Syncline,0.749093236,73243.5,False,851.0,0.0,10.0,0.8219
2023,1008540,Dugan Production Corp- San Juan Basin,580,San Juan Basin,0.211923356,73906.0,False,1010.0,0.0,10.0,0.8513
2023,1014877,INEOS - Giddings,220,"Gulf Coast Basin (LA, TX)",0.025573497,74375.0,False,103.0,0.0,7.0,0.6962
2023,1009076,580 San Juan Basin - Simcoe LLC,580,San Juan Basin,4.70544431,77103.0,False,3658.0,3.0,7.0,0.8754
2023,1009785,LARAMIE ENERGY LLC - Piceance Basin (585),595,Piceance Basin,1.229544118,81753.9,False,1456.0,20.0,5.0,0.8592
2023,1011804,CalNRG- Lynch Canyon Field,740,Coastal Basins,0.0,86371.0,False,26.0,0.0,1.0,0.1584
2023,1008976,"EOG Resources, Inc. 350 South Oklahoma folded belt",350,South Oklahoma Folded Belt,0.196637251,88922.8,False,205.0,0.0,2.0,0.6791
2023,1012706,Hilcorp Energy Company - Green River Basin (535),535,Green River Basin,0.382335362,94844.5,False,581.0,0.0,5.0,0.8609
2023,1013595,Escondido Gulf Coast #220 OP,220,"Gulf Coast Basin (LA, TX)",1.871358543,97306.4,False,173.0,5.0,3.0,0.8948
2023,1009686,Nadel and Gussman Ruston Arkla Basin No. 230,230,Arkla Basin,0.483829827,100090.9,False,177.0,0.0,10.0,0.8622
2023,1013089,LOLA Energy PetroCo,160A,Appalachian Basin (Eastern Overthrust Area),0.654937512,106473.9,False,56.0,0.0,1.0,0.7539
2023,1011895,Aethon Energy Operating-530-Wind River Basin,530,Wind River Basin,0.251298971,106797.0,False,170.0,0.0,4.0,0.802
2023,1014829,"Faulconer Energy, LLC - Basin 260",260,East Texas Basin,0.448486462,109998.0,False,1024.0,3.0,2.0,0.9112
2023,1011534,BBOG Gulf Coast Basin #220,220,"Gulf Coast Basin (LA, TX)",0.011676332,111757.2,False,122.0,0.0,7.0,0.7676
2023,1014625,"EOG Resources, Inc. 160 Appalachian Basin",160,Appalachian Basin,0.039303865,122967.4,False,9.0,0.0,6.0,0.7712
2023,1014687,Rangeview Resources Operating Company LLC,535,Green River Basin,0.229915143,123916.0,False,209.0,0.0,2.0,0.8275
2023,1012059,SHD Oil & Gas Williston (395) Basin,395,Williston Basin,0.001725428,125575.0,False,12.0,0.0,2.0,0.5986
2023,1008289,420 Fort Worth Syncline BKV - Production,420,Fort Worth Syncline,5.283281082,130555.3,False,4225.0,7.0,13.0,0.8417
2023,1014241,DGOC 230 Production,230,Arkla Basin,1.408629382,134924.0,False,1710.0,0.0,12.0,0.911
2023,1011962,Paxton Resources,305,Michigan Basin,0.02653287,135889.0,False,151.0,1.0,5.0,0.7712
2023,1013111,Hilcorp Energy Company - Central Overthrust Basin (507),507,Central Western Overthrust,0.67505577,140943.0,False,931.0,0.0,5.0,0.8395
2023,1009239,Chevron MCA 260 East Texas Basin,260,East Texas Basin,0.371062866,141682.0,False,141.0,1.0,3.0,0.8929
2023,1008079,XTO Energy Inc 260 East Texas,260,East Texas Basin,3.657746631,145053.7,False,2135.0,9.0,58.0,0.8115
2023,1008590,Dominion Energy Wexpro - Green River Basin (Prod),535,Green River Basin,0.999180743,145992.0,False,628.0,41.0,10.0,0.8679
2023,1012936,DGOC 160A Production,160A,Appalachian Basin (Eastern Overthrust Area),4.151430422,147766.0,False,32072.0,2.0,173.0,0.9222
2023,1009582,Naftex Operating Company,745,San Joaquin Basin,0.0,149060.6,False,298.0,0.0,1.0,0.0441
2023,1008411,JMA Energy 360,360,Anadarko Basin,0.164189698,151111.4,False,156.0,0.0,11.0,0.8224
2023,1010839,Amplify Energy Operating 260 East Texas Basin,260,East Texas Basin,0.533498083,155125.0,False,562.0,0.0,13.0,0.9244
2023,1010320,BASIN 305 PRODUCTION,305,Michigan Basin,0.003284296,158050.0,False,145.0,3.0,2.0,0.786
2023,1012060,White Rock Oil & Gas LLC - 230 ArkLa,230,Arkla Basin,0.007152227,177933.9,False,75.0,0.0,3.0,0.5139
2023,1013732,Basin 360 - Mach II,360,Anadarko Basin,0.349086231,180691.3,False,532.0,0.0,32.0,0.7974
2023,1008959,"Compass Production Partners, LP - Permian Basin #430",430,Permian Basin,0.039464699,184708.0,False,441.0,0.0,3.0,0.668
2023,1011684,Sage Natural Resources 420 Fort Worth Syncline,420,Fort Worth Syncline,0.420831194,187984.4,False,128.0,5.0,4.0,0.7405
2023,1008783,CNX Gas Company LLC -160A Appalachian Basin Eastern Overthrust Area,160A,Appalachian Basin (Eastern Overthrust Area),16.58718499,198296.9,False,4283.0,38.0,32.0,0.9466
2023,1009143,XTO Energy Inc 360 Anadarko,360,Anadarko Basin,0.292198214,203504.4,False,1292.0,0.0,53.0,0.8147
2023,1008308,"Shadow Wolf Energy, LLC. - Los Angeles Basin 760",760,Los Angeles Basin,0.0,206689.0,False,147.0,0.0,1.0,0.7275
2023,1012945,Basin 220 - Extex Operating Company,220,"Gulf Coast Basin (LA, TX)",0.008616972,222996.3,False,225.0,0.0,3.0,0.9134
2023,1012734,Jay-Bee Oil & Gas Wellsites,160A,Appalachian Basin (Eastern Overthrust Area),1.714240909,227727.0,False,529.0,9.0,9.0,0.9002
2023,1013306,"HG Energy II Appalachia, LLC.",160A,Appalachian Basin (Eastern Overthrust Area),6.902619692,233169.0,False,88.0,25.0,5.0,0.9086
2023,1013925,ETX Basin 260 Production,260,East Texas Basin,0.02577252,240371.1,False,82.0,0.0,4.0,0.7576
2023,1014661,Greylock 575 Uinta Basin Production,575,Uinta Basin,0.367863512,241275.1,False,1061.0,0.0,2.0,0.8879
2023,1009165,Uinta Basin - Caerus Uintah,575,Uinta Basin,1.68268294,249678.6,False,2543.0,8.0,1.0,0.8824
2023,1010707,"Grade 6 Oil, LLC",745,San Joaquin Basin,0.0,252125.0,False,144.0,5.0,1.0,0.6602
2023,1014240,DGOC 260 East Texas Production,260,East Texas Basin,1.873300537,252131.1,False,1303.0,5.0,19.0,0.9244
2023,1011706,Gulfport Energy Appalachian Basin 160-A Eastern Overthrust Region,160A,Appalachian Basin (Eastern Overthrust Area),9.816567049,254624.1,False,439.0,22.0,4.0,0.9112
2023,1012893,BlueCrest Alaska - 820 Cook Inlet Basin,820,AK Cook Inlet Basin,0.019453925,259804.0,False,5.0,0.0,1.0,0.9439
2023,1007476,Lime Rock Resources Fort Worth Syncline (420),420,Fort Worth Syncline,0.777117363,276280.1,False,596.0,9.0,5.0,0.7849
2023,1007807,BADAMI DEVELOPMENT FACILITY,890,Arctic Coastal Plains Province,0.0,281060.0,False,11.0,0.0,1.0,0.8086
2023,1012724,"LOGOS OPERATING, LLC",580,San Juan Basin,1.672960136,281260.8,False,1381.0,10.0,10.0,0.8743
2023,1013035,DGOC 160 Production,160,Appalachian Basin,2.765855786,293861.0,False,24701.0,0.0,156.0,0.8398
2023,1006750,TRC cYPRESS gROUP LLC,745,San Joaquin Basin,0.002539819,296534.0,False,179.0,0.0,2.0,0.4608
2023,1008977,"EOG Resources, Inc. 420 Fort Worth syncline",420,Fort Worth Syncline,0.768576859,305252.8,False,733.0,0.0,2.0,0.6918
2023,1013916,ETX Basin 220 Production,220,"Gulf Coast Basin (LA, TX)",0.08731188,307870.0,False,204.0,0.0,2.0,0.8425
2023,1014382,Muskegon Operating Company,305,Michigan Basin,0.16306116,324626.0,False,929.0,0.0,9.0,0.5733
2023,1010837,Matador Production Company - Gulf Coast,220,"Gulf Coast Basin (LA, TX)",0.024899133,325935.1,False,70.0,0.0,8.0,0.732
2023,1013091,Australis TMS Inc. 210 Mid-Gulf Coast Basin,210,Mid-Gulf Coast Basin,0.0,335561.0,False,32.0,0.0,2.0,0.6079
2023,1013870,Sheridan Production Company Basin 260,260,East Texas Basin,0.79374168,336474.0,False,1105.0,19.0,15.0,0.8526
2023,1014411,"LLOX, L.L.C. - Gulf Coast Basin (220) - Onshore Production",220,"Gulf Coast Basin (LA, TX)",0.328604993,356681.7,False,19.0,3.0,9.0,0.9329
2023,1008296,Caerus Piceance LLC,595,Piceance Basin,4.438355786,358516.1,False,4690.0,40.0,9.0,0.8544
2023,1014690,Formentera Operations - Gulf Coast Basin OSP,220,"Gulf Coast Basin (LA, TX)",0.013579204,359157.6,False,350.0,0.0,7.0,0.8737
2023,1013346,"Urban Oil & Gas Group, LLC- Arkla Basin (230)",230,Arkla Basin,0.066415264,359459.9,False,371.0,0.0,7.0,0.7638
2023,1012988,"PennEnergy Resources, LLC - Basin 160A - Appalachian Eastern Overthrust",160A,Appalachian Basin (Eastern Overthrust Area),5.304017829,362698.4,False,422.0,21.0,4.0,0.8522
2023,1009584,Sabine Oil & Gas Corporation - 260 - East Texas Basin,260,East Texas Basin,5.846271762,369556.3,False,564.0,24.0,9.0,0.9086
2023,1010485,"Sanguine Gas Exploration, LLC 360 Anadarko Basin Production",360,Anadarko Basin,0.237926673,369648.0,False,204.0,0.0,12.0,0.8562
2023,1013580,Contango Basin 360,360,Anadarko Basin,0.171716638,376190.5,False,338.0,1.0,35.0,0.807
2023,1009332,"Hilcorp Alaska, LLC 820 Kenai",820,AK Cook Inlet Basin,1.341598617,402478.0,False,297.0,12.0,6.0,0.9243
2023,1011662,Slant Operating LLC,430,Permian Basin,0.017277458,404727.1,False,1019.0,35.0,14.0,0.7008
2023,1012947,Southwestern Production Corp Powder River Basin (515) Operations,515,Powder River Basin,5.002e-06,408472.7,False,41.0,0.0,1.0,0.62
2023,1010164,Daylight Petroleum LLC (Pintail Acquisition),220,"Gulf Coast Basin (LA, TX)",0.053160914,408483.2,False,88.0,0.0,35.0,0.7764
2023,1013417,Abraxas Petroleum 430 Permian Basin,430,Permian Basin,0.087919586,417654.0,False,51.0,0.0,5.0,0.7557
2023,1009811,ARKLATX BUSINESS UNIT-BASIN 260 (East TX Only),260,East Texas Basin,0.31421924,417811.0,False,545.0,0.0,6.0,0.8991
2023,1011998,"TGNR TVL LLC - Basin 230 (Houston, TX)",230,Arkla Basin,1.072644424,425737.2,False,379.0,0.0,4.0,0.9216
2023,1010621,TGNR East Texas Basin,260,East Texas Basin,13.770371769,456949.7,False,2123.0,54.0,16.0,0.9075
2023,1010117,Core Energy Otsego County EOR Operations,305,Michigan Basin,0.009978302,466550.0,False,20.0,0.0,7.0,0.759
2023,1010718,Antero Resources - 160 - Appalachian Basin (Utica),160,Appalachian Basin,1.247480253,469073.8,False,146.0,7.0,2.0,0.7921
2023,1009762,Luff Exploration Company - 395 - Williston Basin,395,Williston Basin,0.0,472368.4,False,60.0,0.0,2.0,0.3103
2023,1002978,Arroyo Grande Production Facility,740,Coastal Basins,0.0,518772.0,False,181.0,0.0,1.0,0.5338
2023,1014811,"Stephens Williston, LLC (DBA SEG Williston, LLC)",395,Williston Basin,0.002498788,523989.0,False,47.0,5.0,4.0,0.4505
2023,1010318,"Mission Creek OpCo, LLC - Arkla Basin",230,Arkla Basin,0.064000049,526919.5,False,241.0,0.0,2.0,0.7193
2023,1008352,"EOG Resources, Inc. 360 Anadarko basin",360,Anadarko Basin,0.085573814,542413.0,False,144.0,0.0,5.0,0.7992
2023,1007484,San Juan Basin (580),580,San Juan Basin,8.500741443,550685.4,False,11777.0,0.0,14.0,0.8451
2023,1008190,West Bay,305,Michigan Basin,0.017548544,553545.0,False,82.0,1.0,7.0,0.5876
2023,1012571,West Ranch Field,220,"Gulf Coast Basin (LA, TX)",1.841e-06,576480.0,False,389.0,0.0,2.0,0.3323
2023,1014388,Foundation Energy Management 395 Williston Basin,395,Williston Basin,0.011323554,602964.9,False,119.0,0.0,5.0,0.1939
2023,1009135,Kaiser-Francis Oil Company 360 Anadarko Basin,360,Anadarko Basin,0.315894979,603439.6,False,136.0,4.0,23.0,0.8962
2023,1014226,Formentera Anadarko Production,360,Anadarko Basin,0.416602853,611138.8,False,402.0,0.0,6.0,0.7591
2023,1009082,XTO Energy Inc 230 Arkla,230,Arkla Basin,0.547515234,621362.7,False,1158.0,0.0,20.0,0.8318
2023,1011673,Holmes Western Oil Corporation,745,San Joaquin Basin,0.000299818,623561.0,False,537.0,0.0,4.0,0.7953
2023,1013851,U.S. Energy Development Corp.,220,"Gulf Coast Basin (LA, TX)",0.015829091,642493.2,False,49.0,0.0,2.0,0.6577
2023,1008587,Valence Operating Co 260 East Texas Basin,260,East Texas Basin,0.513680089,644354.0,False,462.0,0.0,22.0,0.8664
2023,1008299,"LAMBDA ENERGY RESOURCES, LLC-Michigan Basin",305,Michigan Basin,0.111787348,646722.0,False,611.0,0.0,17.0,0.7479
2023,1008598,"Duncan Oil Properties, Inc. 360 Anadarko Basin",360,Anadarko Basin,0.192137069,665827.5,False,119.0,10.0,14.0,0.5945
2023,1014872,CapturePoint LLC - 430 Permian Basin,430,Permian Basin,0.0,667735.0,False,208.0,0.0,3.0,0.0048
2023,1009547,Revolution Operating Company Anadarko 360,360,Anadarko Basin,0.305535837,699006.0,False,474.0,0.0,16.0,0.7473
2023,1013413,"Eclipse Resources I, LP",160,Appalachian Basin,0.480000512,710067.0,False,75.0,0.0,2.0,0.7836
2023,1012528,Scout Energy Anadarko Basin Production,360,Anadarko Basin,2.895138018,717556.6,False,10512.0,20.0,25.0,0.6828
2023,1010738,"Cat Canyon Resources, LLC 750 Santa Maria Basin",750,Santa Maria Basin,0.0,725267.0,False,519.0,0.0,1.0,0.844
2023,1012437,"MMGL TXPH, LLC - 360 - Anadarko Basin",360,Anadarko Basin,0.904498204,729891.5,False,1068.0,0.0,5.0,0.7159
2023,1014890,Cheyenne350 SOKFB,350,South Oklahoma Folded Belt,0.113053052,753172.1,False,14.0,6.0,1.0,0.7217
2023,1014868,Nickel Road Operating LLC,540,Denver Basin,0.039681624,762187.6,False,26.0,10.0,1.0,0.5124
2023,1014875,FourPoint Energy Permian Basin (430) Operations,430,Permian Basin,0.02587067,774777.8,False,29.0,6.0,2.0,0.6531
2023,1014874,1876 CO DJ Basin,540,Denver Basin,0.234978045,776251.0,False,67.0,0.0,1.0,0.7164
2023,1013369,"1876 Resources, LLC - Denver Basin",540,Denver Basin,0.234978045,776251.0,False,67.0,0.0,1.0,0.7164
2023,1014544,Franklin Mountain Energy 3,430,Permian Basin,0.019563907,780446.0,False,53.0,11.0,1.0,0.56
2023,1014356,Extex Operating Company - Basin 430,430,Permian Basin,0.164963596,793807.0,False,2086.0,0.0,34.0,0.6548
2023,1013412,White Rock Oil & Gas LLC - 430 - Permian,430,Permian Basin,0.074325863,798539.8,False,524.0,0.0,14.0,0.5845
2023,1014589,"Rover Operating, LLC",430,Permian Basin,0.036519796,798875.2,False,773.0,0.0,13.0,0.7649
2023,1008355,"TEP Rocky Mountain, LLC - 595 Piceance basin",595,Piceance Basin,6.369696185,802834.0,False,7097.0,51.0,2.0,0.8763
2023,1003056,"Bridge Energy, LLC - Brea Stearns Facility",760,Los Angeles Basin,0.0,829714.0,False,324.0,0.0,2.0,0.5956
2023,1008241,Unit Petroleum 783 Anadarko Basin,360,Anadarko Basin,0.496029738,859916.3,False,839.0,0.0,21.0,0.7975
2023,1014358,FEO North Park (545) Basin Operations,545,North Park Basin,0.028015663,879555.1,False,55.0,3.0,1.0,0.7502
2023,1008224,WildFire Energy Operating LLC,220,"Gulf Coast Basin (LA, TX)",0.226100623,885731.8,False,122.0,0.0,11.0,0.6811
2023,1000435,Merit Energy Co. South Texas 220 Gulf Coast Basin,220,"Gulf Coast Basin (LA, TX)",0.959845305,909383.0,False,1378.0,0.0,10.0,0.8799
2023,1014425,"Warwick-Artemis, LLC",220,"Gulf Coast Basin (LA, TX)",0.154486937,922279.0,False,50.0,10.0,6.0,0.7072
2023,1011454,Ascent Resources - Utica (160a),160A,Appalachian Basin (Eastern Overthrust Area),23.929640102,929173.6,False,695.0,61.0,4.0,0.9114
2023,1008378,"Crawley Petroleum Corporation, 360 Anadarko Basin",360,Anadarko Basin,0.561678804,951709.5,False,349.0,19.0,35.0,0.8918
2023,1014833,Silverback Operating II LLC,430,Permian Basin,0.082953216,1007593.7,False,317.0,9.0,2.0,0.7916
2023,1014439,CPRP Services LLC - 350 - South Oklahoma Folded Belt,350,South Oklahoma Folded Belt,0.668094415,1015146.7,False,59.0,12.0,2.0,0.8049
2023,1015132,Omaha 175-176 Facility,430,Permian Basin,0.058221408,1016078.0,False,45.0,1.0,3.0,0.7289
2023,1014640,CPX Energy,430,Permian Basin,0.3133007,1028955.0,False,21.0,0.0,2.0,0.8135
2023,1014718,CHISHOLM OIL & GAS OPERATING,360,Anadarko Basin,0.317483488,1033586.0,False,190.0,5.0,9.0,0.8918
2023,1008885,"Tellus Operating Group, LLC - MS Operations",210,Mid-Gulf Coast Basin,0.042067721,1036353.0,False,730.0,6.0,7.0,0.8727
2023,1014704,"Tascosa Energy Partners, LLC - Basin 430",430,Permian Basin,0.085540437,1042225.0,False,42.0,3.0,2.0,0.7934
2023,1014404,KODA RESOURCES,395,Williston Basin,0.0,1050132.9,False,33.0,4.0,2.0,0.5471
2023,1014865,"Castlerock EF Operating, LLC",220,"Gulf Coast Basin (LA, TX)",0.00920057,1064405.6,False,48.0,7.0,2.0,0.7
2023,1009588,Lewis Energy Group,220,"Gulf Coast Basin (LA, TX)",11.89950804,1065472.0,False,2299.0,40.0,8.0,0.8682
2023,1012100,SEP Williston Basin 395 Production,395,Williston Basin,0.33579161,1075730.6,False,3067.0,0.0,13.0,0.7659
2023,1008167,Berry Petroleum Company - Uinta Basin 575,575,Uinta Basin,0.199723006,1081245.0,False,1239.0,9.0,1.0,0.8542
2023,1009683,"Laredo Energy 220 Gulf Basin (LA, TX)",220,"Gulf Coast Basin (LA, TX)",2.869811913,1096741.0,False,298.0,22.0,5.0,0.883
2023,1013021,"Petro-Hunt Dakota, L.L.C.",395,Williston Basin,0.029716669,1105458.0,False,94.0,16.0,3.0,0.6142
2023,1014684,"INR Ohio, LLC",160A,Appalachian Basin (Eastern Overthrust Area),0.413903287,1126666.2,False,64.0,11.0,2.0,0.7626
2023,1004905,Pacific Coast Energy Company LP,750,Santa Maria Basin,0.0,1131438.2,False,710.0,0.0,1.0,0.55
2023,1013285,MFEU-Uinta Basin Production,575,Uinta Basin,2.041649816,1147994.8,False,1003.0,83.0,3.0,0.9129
2023,1013931,"CML Exploration, LLC",220,"Gulf Coast Basin (LA, TX)",0.145012666,1177306.8,False,204.0,5.0,10.0,0.735
2023,1008350,"EOG Resources, Inc. 160A Appalachian basin (Eastern Overthrust area)",160A,Appalachian Basin (Eastern Overthrust Area),0.158423085,1177307.3,False,18.0,0.0,2.0,0.7518
2023,1011450,Jonah Energy LLC_AAPG 535_Green River Basin,535,Green River Basin,3.951706823,1190356.4,False,2503.0,3.0,1.0,0.8963
2023,1011099,"Cross Timbers Energy, LLC - Permian Basin 430",430,Permian Basin,0.007634549,1209753.5,False,358.0,0.0,12.0,0.6173
2023,1014693,"EAV Operator, LLC",160A,Appalachian Basin (Eastern Overthrust Area),1.017068296,1220747.0,False,44.0,10.0,1.0,0.7772
2023,1011250,Formentera Operations LLC,395,Williston Basin,0.088849848,1257608.2,False,333.0,2.0,3.0,0.5447
2023,1007777,EP Energy E&P 430 Permian Basin,430,Permian Basin,0.659946966,1294182.2,False,372.0,0.0,4.0,0.7355
2023,1009830,"Sage Butte PRB Operating, LLC (Basin 515) Powder River Basin",515,Powder River Basin,0.101542034,1301277.0,False,81.0,3.0,3.0,0.7841
2023,1013226,Confluence DJ LLC 540 Denver Basin,540,Denver Basin,0.164185932,1305005.3,False,40.0,17.0,1.0,0.5434
2023,1014920,Formentera Operations - Permian Basin,430,Permian Basin,0.176212303,1338882.0,False,1069.0,0.0,6.0,0.6447
2023,1009185,"Fundare Resources Operating Company, LLC",540,Denver Basin,0.177077137,1377476.6,False,325.0,7.0,1.0,0.6605
2023,1009115,Ovintiv USA Inc. 355.Chautauqua Platform,355,Chautauqua Platform,0.198529911,1387259.6,False,48.0,2.0,2.0,0.7087
2023,1013936,"Zarvona Energy, LLC (220) Gulf Coast Basin",220,"Gulf Coast Basin (LA, TX)",0.307911258,1402646.0,False,192.0,1.0,8.0,0.7628
2023,1011318,Peak Powder River Resources,515,Powder River Basin,0.136141898,1405595.8,False,105.0,3.0,3.0,0.6367
2023,1013078,"EOG Resources, Inc. 355 Chautauqua Platform",355,Chautauqua Platform,0.18051139,1425548.0,False,70.0,0.0,1.0,0.7579
2023,1014415,"Caza Petroleum, LLC - Permian OSP",430,Permian Basin,0.133353439,1444932.0,False,55.0,13.0,4.0,0.7348
2023,1014873,CapturePoint LLC - 355 Chautauqua Platform,355,Chautauqua Platform,0.0,1473194.0,False,935.0,0.0,2.0,0.1982
2023,1011666,Lindsay Field Office,360,Anadarko Basin,2.951712115,1483645.0,False,168.0,2.0,1.0,0.8372
2023,1009125,PureWest/Green River Basin,535,Green River Basin,6.211777949,1504676.3,False,3467.0,20.0,1.0,0.9249
2023,1013736,APR - Basin 430 - Production,430,Permian Basin,0.606997962,1511489.0,False,67.0,11.0,2.0,0.7747
2023,1014683,WRC Energy,515,Powder River Basin,0.138475543,1528037.6,False,124.0,2.0,8.0,0.6636
2023,1009848,GeoSouthern Energy Corporation,220,"Gulf Coast Basin (LA, TX)",1.328488675,1529298.0,False,182.0,15.0,19.0,0.749
2023,1013913,"Zarvona Energy, LLC",430,Permian Basin,0.478225962,1615772.0,False,1062.0,0.0,10.0,0.7456
2023,1014889,ASEO Eagleford Production Operations,220,"Gulf Coast Basin (LA, TX)",0.0,1638964.0,False,21.0,21.0,1.0,0.6095
2023,1010084,Rosetta Resources 220 Gulf Coast Basin,220,"Gulf Coast Basin (LA, TX)",0.990050189,1659532.0,False,341.0,0.0,3.0,0.8704
2023,1011185,Lime Rock Resources V-A Williston Basin 395,395,Williston Basin,0.22648343,1680552.4,False,66.0,5.0,1.0,0.5978
2023,1014326,DGOC 360 Anadarko Production,360,Anadarko Basin,1.528490262,1686002.2,False,3268.0,0.0,70.0,0.8749
2023,1014906,Protege Energy III LLC - Gulf Coast Basin - NGP,220,"Gulf Coast Basin (LA, TX)",0.261031228,1738147.0,False,152.0,10.0,5.0,0.7547
2023,1009126,Impact E&P Powder River Basin Operations,515,Powder River Basin,0.095091692,1766231.2,False,56.0,7.0,1.0,0.6788
2023,1014617,"Permian Basin/SOGC, Inc.",430,Permian Basin,0.036557167,1783421.4,False,20.0,3.0,1.0,0.7181
2023,1014727,Capitan Energy 430,430,Permian Basin,0.737389067,1859060.0,False,72.0,2.0,2.0,0.7905
2023,1008639,Citation Oil & Gas Corp. 430 Permian Basin,430,Permian Basin,0.05873661,1915701.6,False,903.0,2.0,25.0,0.3966
2023,1009335,Presidio Petroleum 360 Anadarko Basin,360,Anadarko Basin,1.497425762,1964316.0,False,2142.0,0.0,36.0,0.7919
2023,1013318,Recoil Resources 220 Gulf Coast Basin,220,"Gulf Coast Basin (LA, TX)",0.023129455,1972500.0,False,136.0,5.0,3.0,0.5829
2023,1008134,Ovintiv USA Inc. 350.South Oklahoma Folded Belt,350,South Oklahoma Folded Belt,1.355560438,1992193.5,False,217.0,4.0,4.0,0.7289
2023,1014849,"Burk Royalty Co., Ltd - Basin 430",430,Permian Basin,0.231636548,2023403.0,False,1929.0,0.0,10.0,0.6855
2023,1014898,"INR Ohio, LLC 160 (Wolf Run)",160,Appalachian Basin,0.298448585,2048815.0,False,47.0,11.0,3.0,0.7676
2023,1009274,MERIT ENERGY CO LLC 360 ANADARKO BASIN,360,Anadarko Basin,0.800274893,2055882.1,False,3567.0,0.0,17.0,0.719
2023,1008788,"Texland Petroleum, LP, 430 - Permian Basin",430,Permian Basin,0.01248802,2065247.0,False,781.0,5.0,11.0,0.6412
2023,1014624,Black Swan Oil & Gas - Basin 430,430,Permian Basin,0.058896197,2086250.0,False,0.0,0.0,2.0,0.729
2023,1013897,UpCurve 430 Permian Basin,430,Permian Basin,0.33233126,2146947.0,False,54.0,11.0,2.0,0.7782
2023,1008383,Marathon Oil So. Oklahoma Folded Belt (AAPG 350),350,South Oklahoma Folded Belt,0.696295514,2152107.6,False,75.0,1.0,4.0,0.7615
2023,1014339,Crowheart Energy Green River (535) Basin,535,Green River Basin,2.110090376,2173163.0,False,2709.0,27.0,2.0,0.8052
2023,1008506,Mid-Gulf Coast Basin Code 210,210,Mid-Gulf Coast Basin,0.07428046,2198513.0,False,141.0,0.0,14.0,0.631
2023,1014887,Greenlake Energy Operating - Permian Production,430,Permian Basin,0.211048899,2245940.8,False,24.0,24.0,4.0,0.7074
2023,1014885,"Jetta Operating Company, Inc.",430,Permian Basin,0.216475367,2321644.0,False,514.0,0.0,3.0,0.7974
2023,1013728,"PetroShale (US), Inc.",395,Williston Basin,0.185607364,2361087.0,False,53.0,6.0,2.0,0.5904
2023,1010932,E&B Natural Resources,745,San Joaquin Basin,0.0,2375915.0,False,2232.0,0.0,2.0,0.272
2023,1013087,Texas American 220 Gulf Coast Basin,220,"Gulf Coast Basin (LA, TX)",0.084622123,2377687.0,False,217.0,8.0,4.0,0.7193
2023,1014341,Rio Oil and Gas (Permian) II LLC,430,Permian Basin,0.849847653,2582947.5,False,52.0,9.0,2.0,0.7973
2023,1009956,"Elk Operating Services, LLC 585 Paradox Basin",585,Paradox Basin,0.008774349,2688198.7,False,319.0,0.0,1.0,0.1426
2023,1009607,"Williston Basin/SOGC, Inc.",395,Williston Basin,0.137469941,2724028.0,False,96.0,10.0,6.0,0.5949
2023,1014321,Elevation Resources LLC,430,Permian Basin,0.237949695,2724117.8,False,76.0,15.0,2.0,0.699
2023,1014713,Scout Energy Uinta Basin Production,575,Uinta Basin,0.011024127,2742457.6,False,1381.0,0.0,2.0,0.7623
2023,1011498,Hibernia Resources IV Basin 430,430,Permian Basin,0.178533972,2828564.7,False,810.0,6.0,17.0,0.6495
2023,1013289,BPH PowderRiverBasinWY,515,Powder River Basin,0.1568708,2867759.0,False,128.0,16.0,1.0,0.6918
2023,1013216,SEP Permian Basin 430 Production,430,Permian Basin,0.096879885,2883884.7,False,1736.0,0.0,29.0,0.6947
2023,1014648,NSR Denver Basin,540,Denver Basin,0.057003197,2897408.6,False,51.0,16.0,1.0,0.7309
2023,1008702,COTERRA ENERGY - 360 - ANADARKO BASIN,360,Anadarko Basin,2.720608205,2902744.8,False,496.0,7.0,14.0,0.8056
2023,1011854,WESTERN ANDARKO BASIN (WAB) BUSINESS UNIT-BASIN 360,360,Anadarko Basin,1.631261953,3005887.6,False,2225.0,0.0,23.0,0.7322
2023,1013771,"Zavanna, LLC Williston Basin (395) Operations",395,Williston Basin,0.495352328,3030428.9,False,152.0,0.0,2.0,0.4351
2023,1008979,"EOG Resources, Inc. 540 Denver basin",540,Denver Basin,0.107176163,3033686.0,False,278.0,11.0,2.0,0.6707
2023,1014412,Contango Basin 430,430,Permian Basin,0.272201034,3034236.2,False,2469.0,12.0,22.0,0.6962
2023,1013377,Lime Rock Resources Pecos Valley,430,Permian Basin,0.174776964,3052572.0,False,106.0,3.0,2.0,0.7751
2023,1014413,Contango Basin 530,530,Wind River Basin,1.498034982,3062000.5,False,748.0,1.0,2.0,0.4704
2023,1009265,360 Anadarko Basin,360,Anadarko Basin,1.077612969,3096953.9,False,506.0,29.0,14.0,0.7664
2023,1009357,Finley Resources Inc - Uintah Basin (575),575,Uinta Basin,0.135186526,3150580.4,False,509.0,12.0,2.0,0.7127
2023,1010222,GULF COAST BASIN,220,"Gulf Coast Basin (LA, TX)",2.299607244,3191098.8,False,7074.0,10.0,79.0,0.8989
2023,1014401,Murchison Oil and Gas LLC - Permian,430,Permian Basin,0.188802321,3284007.0,False,147.0,19.0,5.0,0.7625
2023,1009813,PERMIAN BUSINESS UNIT- BASIN 430,430,Permian Basin,0.173712694,3316558.0,False,1763.0,144.0,14.0,0.0332
2023,1014839,Avant Natural Resources,430,Permian Basin,0.179303311,3461450.6,False,103.0,22.0,3.0,0.7045
2023,1010002,Murex Petroleum Corporation - Williston Basin 395,395,Williston Basin,0.129362526,3471087.0,False,202.0,0.0,15.0,0.5261
2023,1013331,360 Anadarko Camino Production,360,Anadarko Basin,3.230451755,3480983.8,False,188.0,35.0,8.0,0.783
2023,1009490,Rosewood Resources Inc.,220,"Gulf Coast Basin (LA, TX)",0.397920501,3499942.0,False,87.0,24.0,9.0,0.7662
2023,1012021,Liberty Resources Managment LLC 395 Williston Basin,395,Williston Basin,0.186808252,3528347.0,False,140.0,14.0,6.0,0.5991
2023,1010372,BATTALION OIL CORP,430,Permian Basin,0.446656856,3626880.6,False,102.0,3.0,8.0,0.762
2023,1014438,CPRP Services LLC - 355 - Chautauqua Platform,355,Chautauqua Platform,0.524208313,3664162.4,False,77.0,22.0,2.0,0.6678
2023,1011847,GulfTex Gulf Coast Basin #220,220,"Gulf Coast Basin (LA, TX)",0.480860522,3706166.0,False,98.0,20.0,6.0,0.7597
2023,1008569,Citation Oil & Gas Corp. 350 South Oklahoma Folded Belt Province,350,South Oklahoma Folded Belt,0.418007936,3871359.4,False,3076.0,9.0,8.0,0.6379
2023,1011923,White Rock Oil & Gas LLC - 395 Williston,395,Williston Basin,0.125703542,4121046.9,False,543.0,0.0,17.0,0.5944
2023,1009353,Marathon Oil Anadarko Basin (AAPG 360),360,Anadarko Basin,2.384630425,4170781.5,False,309.0,16.0,14.0,0.7943
2023,1006770,TPIC Basin 220,220,"Gulf Coast Basin (LA, TX)",0.231489217,4317359.0,False,636.0,17.0,33.0,0.9069
2023,1009242,San Juan Basin,580,San Juan Basin,0.784895241,4374913.4,False,958.0,12.0,10.0,0.8455
2023,1014282,Triple Crown Resources,430,Permian Basin,0.795829794,4399822.0,False,241.0,30.0,2.0,0.7237
2023,1010233,EQT Production - Basin 160A - Appalachian Eastern Overthrust,160A,Appalachian Basin (Eastern Overthrust Area),56.4760012,4419788.8,False,3551.0,115.0,45.0,0.9172
2023,1010294,Discovery Natural Resources LLC - 430 Permian Basin,430,Permian Basin,1.045883527,4504846.9,False,1317.0,16.0,6.0,0.7833
2023,1008052,DJR Operating - San Juan Basin Oil and Gas Production,580,San Juan Basin,0.472996691,4690793.0,False,355.0,9.0,6.0,0.7005
2023,1011873,"Lime Rock Resources III-A, Williston Basin",395,Williston Basin,0.075251496,4737178.9,False,327.0,17.0,4.0,0.4528
2023,1014100,Point Energy Partners,430,Permian Basin,0.289188605,4802107.0,False,112.0,19.0,3.0,0.7049
2023,1008203,Powder River Basin - AAPG Province 515,515,Powder River Basin,0.427622533,4863556.7,False,113.0,19.0,2.0,0.713
2023,1010183,Antero Resources - 160A - Appalachian Basin (Eastern Overthurst Area),160A,Appalachian Basin (Eastern Overthrust Area),32.991158212,4934414.0,False,1590.0,72.0,6.0,0.8253
2023,1012780,Permian Basin Oil and Gas Production Facilities,430,Permian Basin,1.458746691,4953023.0,False,478.0,21.0,5.0,0.699
2023,1013699,"Sabinal Energy Operating, LLC - Permian Basin",430,Permian Basin,0.044150875,4960801.8,False,2680.0,2.0,11.0,0.4934
2023,1013986,"Bayswater Operating, LLC (430) Permian Basin",430,Permian Basin,0.196679515,5049572.6,False,116.0,30.0,2.0,0.7345
2023,1008616,XTO Energy Inc 350 South Oklahoma Folded Belt,350,South Oklahoma Folded Belt,2.09075718,5113221.4,False,1021.0,23.0,21.0,0.747
2023,1013614,"Citizen Energy III, LLC",360,Anadarko Basin,4.267117195,5472595.4,False,614.0,33.0,16.0,0.8038
2023,1008577,Basin 395 North Dakota - OSP,395,Williston Basin,0.09985033,5512502.6,False,196.0,12.0,4.0,0.461
2023,1014369,"Ring Energy, Inc",430,Permian Basin,0.303122707,5617139.9,False,805.0,32.0,9.0,0.6218
2023,1008998,Henry Resources LLC,430,Permian Basin,0.467205566,5793749.7,False,181.0,5.0,3.0,0.7001
2023,1009386,XTO Energy Inc 220 Gulf Coast,220,"Gulf Coast Basin (LA, TX)",0.33986693,5826326.5,False,518.0,50.0,27.0,0.7779
2023,1012376,"PDC Permian, Inc. 430 Permian Basin",430,Permian Basin,1.260050736,5892019.0,False,152.0,23.0,1.0,0.781
2023,1010945,"EXCO Resources, Inc. - Gulf Coast Basin #220",220,"Gulf Coast Basin (LA, TX)",0.079459859,5922742.6,False,326.0,15.0,5.0,0.7596
2023,1014858,Bison IV - DJ Basin,540,Denver Basin,0.326818378,5963165.8,False,181.0,16.0,2.0,0.5629
2023,1013339,Basin 360 - Mach,360,Anadarko Basin,2.566240118,6085745.3,False,1017.0,37.0,20.0,0.8431
2023,1013123,BCE-Mach III LLC,360,Anadarko Basin,1.542316166,6158588.0,False,2106.0,83.0,56.0,0.81
2023,1013833,Mewbourne Oil Company - Anadarko Basin 360,360,Anadarko Basin,1.511111864,6228496.0,False,1597.0,42.0,33.0,0.835
2023,1014137,TRP Energy - 430 - Permian Basin,430,Permian Basin,0.357490255,6245735.0,False,114.0,37.0,2.0,0.6892
2023,1014129,RPOC - Basin 430 - Permian Basin,430,Permian Basin,0.280182181,6399706.6,False,376.0,14.0,5.0,0.5585
2023,1011393,Ascent Resources - Utica (160),160,Appalachian Basin,1.42815647,6452875.9,False,181.0,10.0,2.0,0.768
2023,1009728,Ridgemar (Eagle Ford) - Basin 220,220,"Gulf Coast Basin (LA, TX)",0.351116144,6537818.0,False,628.0,17.0,5.0,0.7632
2023,1014909,"DE IV Operating, LLC",430,Permian Basin,0.251452149,7133633.1,False,275.0,93.0,8.0,0.6354
2023,1010943,Repsol Texas Onshore Properties - Eagle Ford,220,"Gulf Coast Basin (LA, TX)",2.253448112,7182472.0,False,704.0,46.0,12.0,0.7633
2023,1013735,Steward Energy II 430 Permian Basin,430,Permian Basin,0.510291516,7315518.1,False,223.0,25.0,3.0,0.6897
2023,1008980,"EOG Resources, Inc. 395 Williston basin",395,Williston Basin,0.523810452,7342386.0,False,705.0,0.0,5.0,0.5311
2023,1009278,515 Powder River Basin DEC,515,Powder River Basin,0.294910496,7427173.6,False,368.0,14.0,4.0,0.6802
2023,1010721,Appalachian Basin (Eastern Overthrust Area),160A,Appalachian Basin (Eastern Overthrust Area),32.565421439,7482981.0,False,1609.0,0.0,17.0,0.8785
2023,1013354,"Trinity Operating (USG), LLC - Gulf Coast Basin (220)",220,"Gulf Coast Basin (LA, TX)",0.679955942,7663799.0,False,591.0,67.0,8.0,0.689
2023,1008086,"Uinta Wax Operating, LLC",575,Uinta Basin,0.219869745,7665079.8,False,620.0,23.0,2.0,0.7992
2023,1008087,Bayswater Exploration & Production Denver Basin (540) Operations,540,Denver Basin,0.68647483,7751987.5,False,313.0,50.0,1.0,0.6246
2023,1009350,Javelin Energy Partners Managment Uinta Basin,575,Uinta Basin,0.651888776,7779106.0,False,413.0,16.0,2.0,0.8012
2023,1008857,CRI 515 Powder River,515,Powder River Basin,0.848460982,8111132.0,False,533.0,24.0,4.0,0.7207
2023,1013222,"Noble Energy, Inc. - Permian Basin 430",430,Permian Basin,0.653949878,8200230.0,False,266.0,10.0,1.0,0.7308
2023,1014730,Ameredev II 430 Permian Basin,430,Permian Basin,0.799438302,8244424.0,False,108.0,0.0,4.0,0.7062
2023,1008534,Eni US Operating Co. Inc. - Nikaitchuq & Oooguruk Development,890,Arctic Coastal Plains Province,0.0,8262291.0,False,60.0,1.0,2.0,0.8571
2023,1013674,Spur Energy Partners LLC,430,Permian Basin,0.795160366,8347925.0,False,2746.0,40.0,4.0,0.6855
2023,1008890,Summit Petroleum LLC,430,Permian Basin,0.765952532,8358205.2,False,505.0,42.0,4.0,0.7224
2023,1009624,SM Energy (Basin 220) South Texas,220,"Gulf Coast Basin (LA, TX)",3.386459433,8479524.0,False,574.0,36.0,3.0,0.7546
2023,1008407,Ovintiv USA Inc. 575.Uinta,575,Uinta Basin,0.294246909,8811386.9,False,479.0,35.0,2.0,0.7982
2023,1009706,"SilverBow Resources, LLC - Basin 220",220,"Gulf Coast Basin (LA, TX)",3.546546846,9087207.5,False,1333.0,50.0,10.0,0.7485
2023,1008163,Berry Petroleum Company - San Joaquin Basin 745,745,San Joaquin Basin,0.0,9112247.8,False,3727.0,31.0,1.0,0.34
2023,1012449,"Blackbeard Operating, LLC - 430 Permian Basin",430,Permian Basin,1.102578599,9130184.0,False,1551.0,121.0,5.0,0.7996
2023,1008630,BPX Operating Company,220,"Gulf Coast Basin (LA, TX)",4.14337319,9953605.4,False,700.0,26.0,7.0,0.7852
2023,1013010,Verdun Oil Company-Gulf Coast Basin-Onshore Production,220,"Gulf Coast Basin (LA, TX)",0.912673571,9986571.0,False,380.0,46.0,19.0,0.7457
2023,1008287,360 Anadarko Basin DEC,360,Anadarko Basin,5.284366996,10181163.1,False,956.0,27.0,22.0,0.7638
2023,1011191,CRI 350 SOK Folded Belt,350,South Oklahoma Folded Belt,3.668717011,10372297.0,False,288.0,49.0,8.0,0.7055
2023,1008396,"EOG Resources, Inc. 515 Powder River basin",515,Powder River Basin,2.14594592,10652414.5,False,655.0,24.0,6.0,0.7456
2023,1008092,EP Energy E&P 220 Gulf Coast Basin,220,"Gulf Coast Basin (LA, TX)",0.708366528,10689981.0,False,947.0,34.0,6.0,0.7374
2023,1009731,Verdad Resources LLC - DJ Basin,540,Denver Basin,0.691752737,10896534.4,False,345.0,78.0,4.0,0.6561
2023,1013038,Marathon Oil Permian (AAPG Basin Number 430),430,Permian Basin,1.034944083,11466227.1,False,274.0,34.0,8.0,0.7446
2023,1008642,Basin 430 Production,430,Permian Basin,1.450989106,11516418.0,False,496.0,50.0,6.0,0.7432
2023,1008113,MurphyE&P-220,220,"Gulf Coast Basin (LA, TX)",0.46018266,11643979.0,False,960.0,32.0,4.0,0.7179
2023,1014071,VTX Energy Operating LLC,430,Permian Basin,0.580783373,11714361.0,False,208.0,0.0,4.0,0.7062
2023,1010190,"Williston Basin (Petro-Hunt, LLC)",395,Williston Basin,0.654586327,12034791.0,False,691.0,19.0,11.0,0.5414
2023,1009718,"Fasken Oil and Ranch, Ltd. 430 Permian Basin",430,Permian Basin,0.715044677,12406328.0,False,1263.0,32.0,15.0,0.6828
2023,1014678,Neptune Operating LLC,395,Williston Basin,0.548852698,12667487.0,False,441.0,46.0,5.0,0.5975
2023,1013264,Anschutz Exploration Corporation - Powder River Basin,515,Powder River Basin,0.618940025,12816599.0,False,219.0,85.0,3.0,0.6922
2023,1011531,WildFire Energy Operating LLC,220,"Gulf Coast Basin (LA, TX)",0.387435555,13121766.0,False,1290.0,13.0,11.0,0.6417
2023,1008402,California Resources Production Corporation  San Joaquin Valley Basin 745,745,San Joaquin Basin,1.299482244,13136045.2,False,3791.0,38.0,4.0,0.2543
2023,1009260,Ovintiv USA Inc. 360.Anadarko Basin,360,Anadarko Basin,3.04999778,13319934.7,False,772.0,26.0,10.0,0.7636
2023,1014344,"Grit Oil & Gas Management, LLC - Basin 220",220,"Gulf Coast Basin (LA, TX)",1.254806379,13535784.0,False,341.0,122.0,2.0,0.7715
2023,1014233,Franklin Mountain Energy/430 Permian Basin,430,Permian Basin,0.657223915,13629015.0,False,122.0,54.0,1.0,0.75
2023,1013283,Encino Energy (EAP Ohio LLC),160A,Appalachian Basin (Eastern Overthrust Area),11.020082029,13770364.9,False,972.0,77.0,4.0,0.8199
2023,1008632,"BPX Energy Permian Basin, AAPG Basin 430",430,Permian Basin,2.571167705,13785307.0,False,317.0,41.0,3.0,0.788
2023,1013734,Tap Rock Operating,430,Permian Basin,1.549711437,13968578.4,False,144.0,0.0,3.0,0.7436
2023,1009106,Slawson Exploration - Williston Basin 395,395,Williston Basin,0.641553406,14683819.0,False,563.0,29.0,6.0,0.542
2023,1008248,Kinder Morgan Production 430 Permian Basin,430,Permian Basin,0.0,14918136.0,False,1169.0,0.0,9.0,0.1013
2023,1008694,BTA 430 Permian Basin,430,Permian Basin,1.793783121,15506900.7,False,434.0,5.0,14.0,0.7594
2023,1013288,XCL - Uinta Basin,575,Uinta Basin,0.395801807,16438725.1,False,180.0,72.0,2.0,0.702
2023,1008714,Gulf Coast Facility,220,"Gulf Coast Basin (LA, TX)",0.574014808,16810222.0,False,1025.0,53.0,9.0,0.6582
2023,1013325,Magnolia O&G Corp 220 Gulf Coast Basin,220,"Gulf Coast Basin (LA, TX)",2.902540583,17005036.5,False,1591.0,55.0,29.0,0.7377
2023,1008439,Javelin Energy Partners Management Gulf Coast Basin,220,"Gulf Coast Basin (LA, TX)",2.560862765,17200814.4,False,2139.0,0.0,10.0,0.7255
2023,1014855,INEOS Gulf Coast - Facilities,220,"Gulf Coast Basin (LA, TX)",1.117035601,17499359.3,False,1771.0,32.0,7.0,0.7317
2023,1011782,"Hilcorp Alaska, LLC 890 Arctic Slope Basin",890,Arctic Coastal Plains Province,0.006572782,18033485.1,False,317.0,3.0,1.0,0.8856
2023,1014371,"Kraken Operating, LLC",395,Williston Basin,0.677102855,18125863.0,False,431.0,69.0,3.0,0.5941
2023,1014380,CRI 430 Permian,430,Permian Basin,1.086083863,19263707.4,False,680.0,67.0,12.0,0.7311
2023,1014470,Highpeak Energy Holdings LLC,430,Permian Basin,0.585810539,19774038.0,False,510.0,106.0,2.0,0.55
2023,1009253,"WPX Energy Williston, LLC - 395 Williston basin",395,Williston Basin,1.191021372,20167335.3,False,704.0,30.0,6.0,0.5518
2023,1013106,Surge Energy 430 Permian Basin,430,Permian Basin,1.320870663,20378729.0,False,788.0,66.0,5.0,0.6288
2023,1008202,Denver Basin - AAPG Province 540,540,Denver Basin,6.970579699,22048871.5,False,2668.0,96.0,3.0,0.7216
2023,1009595,Enerplus Resources (USA) Corporation - Williston Basin,395,Williston Basin,1.147044668,22541347.9,False,903.0,50.0,3.0,0.6111
2023,1008122,Kaiser-Francis Oil Company 430 Permian Basin,430,Permian Basin,2.235012477,23258977.4,False,195.0,19.0,10.0,0.7496
2023,1008346,Aera Energy San Joaquin Basin,745,San Joaquin Basin,0.001695003,23805442.4,False,13377.0,0.0,2.0,0.386
2023,1009625,"Grayson Mill Operating, LLC",395,Williston Basin,2.280116769,24443446.8,False,1233.0,64.0,5.0,0.501
2023,1007482,ConocoPhillips' Williston (395),395,Williston Basin,2.227580391,25375343.3,False,953.0,68.0,3.0,0.6035
2023,1009674,SM Energy (Basin 430) Permian Basin,430,Permian Basin,2.397911223,25495892.0,False,786.0,50.0,6.0,0.7437
2023,1008275,XTO Energy Inc 395 Williston,395,Williston Basin,1.75484481,25975598.3,False,982.0,56.0,8.0,0.6154
2023,1009238,220 Gulf Coast Basin DEC,220,"Gulf Coast Basin (LA, TX)",2.416849442,27793866.4,False,1701.0,87.0,6.0,0.7638
2023,1009197,Whiting Oil and Gas Corporation 395 Williston Basin,395,Williston Basin,2.414305272,28104049.1,False,1899.0,38.0,8.0,0.576
2023,1010325,Oasis Petroleum,395,Williston Basin,2.34330701,28438157.9,False,1605.0,56.0,9.0,0.5903
2023,1013407,Birch Resources,430,Permian Basin,2.299451213,28586044.4,False,417.0,43.0,4.0,0.6808
2023,1008270,Basin 540 Denver Julesburg - Noble Energy Inc.,540,Denver Basin,5.431061887,30141170.4,False,1743.0,94.0,2.0,0.7168
2023,1012129,Callon Permian Basin Operations,430,Permian Basin,2.729104218,30893487.6,False,1006.0,90.0,10.0,0.7416
2023,1008173,Marathon Oil Company - Williston Basin (AAPG Basin 395),395,Williston Basin,1.752319192,33199765.6,False,986.0,88.0,4.0,0.5459
2023,1009391,Apache Corporation - Permian Basin 430,430,Permian Basin,7.676966187,33579741.2,False,7953.0,82.0,37.0,0.6387
2023,1009286,PDC Energy 540 Denver Basin,540,Denver Basin,9.484059389,34806536.1,False,2405.0,209.0,3.0,0.6078
2023,1014504,CrownQuest Operating - Basin 430,430,Permian Basin,3.956617747,36266272.0,False,1610.0,152.0,10.0,0.7242
2023,1009039,WPX Energy Permian LLC,430,Permian Basin,5.034063068,37814188.5,False,1027.0,91.0,11.0,0.7279
2023,1012068,Matador Production Company - Permian Basin,430,Permian Basin,4.096726688,38056057.4,False,873.0,12.0,9.0,0.7281
2023,1008490,Hess Corporation - 395 - Williston Basin,395,Williston Basin,3.672038353,38751362.2,False,1711.0,111.0,4.0,0.589
2023,1009056,Vital Energy Production,430,Permian Basin,5.192801307,40173090.4,False,1962.0,119.0,10.0,0.7589
2023,1008293,Marathon Oil EF - Gulf Coast Basin (AAPG Basin Number 220),220,"Gulf Coast Basin (LA, TX)",4.602766092,46427925.1,False,2881.0,130.0,15.0,0.7538
2023,1008111,ConocoPhillips Alaska Inc - KRU-ALP Fields,890,Arctic Coastal Plains Province,0.0,47113110.4,False,855.0,22.0,2.0,0.8066
2023,1008700,COTERRA ENERGY - 430 - PERMIAN BASIN,430,Permian Basin,10.454606594,52773029.4,False,1286.0,132.0,19.0,0.7575
2023,1007485,"ConocoPhillips Gulf Coast Basin 220, Production",220,"Gulf Coast Basin (LA, TX)",5.533915446,52788718.4,False,1880.0,219.0,9.0,0.7437
2023,1008331,Ovintiv USA Inc - Permian Basin,430,Permian Basin,3.014191862,59713617.9,False,2451.0,200.0,10.0,0.7153
2023,1000355,(540) Civitas Resources - Denver Basin,540,Denver Basin,5.876514939,62126008.0,False,3390.0,105.0,6.0,0.6695
2023,1008219,"EOG Resources, Inc.220 Gulf Coast basin",220,"Gulf Coast Basin (LA, TX)",7.993179552,66142653.2,False,4008.0,162.0,31.0,0.7215
2023,1008290,430 Permian Basin DEC,430,Permian Basin,7.822085092,67643617.6,False,1324.0,138.0,7.0,0.6048
2023,1009240,Chevron MCA 430 Permian Basin,430,Permian Basin,9.57689889,69132476.0,False,1828.0,180.0,22.0,0.7274
2023,1008471,CRI 395 Williston,395,Williston Basin,6.017968816,76732801.2,False,2823.0,143.0,15.0,0.5762
2023,1008172,"Hilcorp North Slope, 890 - Arctic Slope Basin",890,Arctic Coastal Plains Province,0.564097783,78188432.0,False,1701.0,29.0,2.0,0.7655
2023,1011690,Permian Resources Corporation,430,Permian Basin,11.991760578,79964574.0,False,2554.0,0.0,32.0,0.8434
2023,1013845,Mewbourne Oil Company - Permian Basin 430,430,Permian Basin,8.63633245,81211972.0,False,1957.0,241.0,17.0,0.6864
2023,1011659,Endeavor Energy Resources LP 430 Permian Basin,430,Permian Basin,6.793689889,82069266.0,False,2463.0,0.0,27.0,0.738
2023,1009390,XTO Energy Inc 430 Permian,430,Permian Basin,15.230027386,114200506.6,False,6792.0,270.0,50.0,0.5619
2023,1009434,Diamondback E&P LLC,430,Permian Basin,9.918194591,124536396.9,False,6229.0,311.0,17.0,0.7286
2023,1007479,ConocoPhillips Permian (430),430,Permian Basin,14.407579627,143011797.6,False,6094.0,298.0,25.0,0.7238
2023,1008351,"EOG Resources, Inc. 430 Permian basin",430,Permian Basin,17.988099749,148129471.7,False,2998.0,148.0,16.0,0.7435
2023,1008607,"Pioneer Natural Resources USA, Inc. Permian",430,Permian Basin,18.457219839,188561890.0,False,5665.0,474.0,15.0,0.7025
2023,1008141,Oxy Permian Basin - 430,430,Permian Basin,16.36878167,192967064.0,False,11660.0,393.0,48.0,0.4714
2023,1013861,"High River Resources, LLC - San Juan Basin (580) Onshore Production",580,San Juan Basin,0.185032477,64551.9,False,412.0,0.0,2.0,0.7104
2023,1014896,TBM Catarina LLC,220,"Gulf Coast Basin (LA, TX)",0.552440808,1359384.5,False,427.0,0.0,2.0,0.7591
2023,1008051,"Range Resources - Appalachia, LLC - Basin 160A",160A,Appalachian Basin (Eastern Overthrust Area),21.909346811,3145414.6,False,1557.0,0.0,12.0,0.8478
2023,1008472,CRI 360 Anadarko,360,Anadarko Basin,9.649988282,9833779.3,False,852.0,26.0,14.0,0.8007
2023,1014785,(430) Civitas Resources - Permian Basin,430,Permian Basin,2.802574852,27939062.8,False,528.0,108.0,11.0,0.7364
