Row_Id,Region,Country,Production_Source,Segment,Type,Measure,Cost_USD_per_MMBtu,Savings_CH4_t,Savings_CO2e_AR5_tCO2e,Cost_USD_per_tCH4,Cost_USD_per_tCO2e_AR5,Is_Net_Saving
1,Asia Pacific,Japan,Onshore conventional gas,Upstream,Gas,Annual LDAR,-8.41,40.0,1120.0,-442.37,-15.8,True
2,Asia Pacific,Japan,Onshore conventional oil,Upstream,Oil,Annual LDAR,-8.41,10.0,280.0,-442.37,-15.8,True
3,Africa,South Africa,Onshore conventional oil,Upstream,Oil,Annual LDAR,-8.11,100.0,2800.0,-426.59,-15.24,True
4,Europe,Ukraine,Onshore conventional gas,Upstream,Gas,Annual LDAR,-8.11,1000.0,28000.0,-426.59,-15.24,True
5,Europe,Ukraine,Onshore conventional gas,Upstream,Gas,Continuous LDAR,-8.07,18070.0,505960.0,-424.48,-15.16,True
6,Africa,South Africa,Onshore conventional oil,Upstream,Oil,Continuous LDAR,-8.07,1840.0,51520.0,-424.48,-15.16,True
7,Asia Pacific,Japan,Onshore conventional oil,Upstream,Oil,Biannual LDAR,-8.04,20.0,560.0,-422.9,-15.1,True
8,Asia Pacific,Japan,Onshore conventional gas,Upstream,Gas,Biannual LDAR,-8.04,120.0,3360.0,-422.9,-15.1,True
9,Europe,Other countries in Europe,Onshore conventional gas,Upstream,Gas,Annual LDAR,-8.0,30.0,840.0,-420.8,-15.03,True
10,Europe,Other countries in Europe,Onshore conventional oil,Upstream,Oil,Annual LDAR,-8.0,150.0,4200.0,-420.8,-15.03,True
11,Asia Pacific,Japan,Offshore gas,Upstream,Gas,Replace with instrument air systems,-7.99,20.0,560.0,-420.27,-15.01,True
12,Africa,South Africa,Onshore conventional oil,Upstream,Oil,Biannual LDAR,-7.98,310.0,8680.0,-419.75,-14.99,True
13,Europe,Ukraine,Onshore conventional gas,Upstream,Gas,Biannual LDAR,-7.98,3010.0,84280.0,-419.75,-14.99,True
14,Europe,Other EU7 countries,Onshore conventional gas,Upstream,Gas,Annual LDAR,-7.97,10.0,280.0,-419.22,-14.97,True
15,Europe,Other EU7 countries,Onshore conventional oil,Upstream,Oil,Annual LDAR,-7.97,10.0,280.0,-419.22,-14.97,True
16,Europe,Poland,Onshore conventional gas,Upstream,Gas,Annual LDAR,-7.91,60.0,1680.0,-416.07,-14.86,True
17,Europe,Poland,Unconventional gas,Upstream,Gas,Annual LDAR,-7.91,20.0,560.0,-416.07,-14.86,True
18,Europe,Poland,Onshore conventional oil,Upstream,Oil,Annual LDAR,-7.91,10.0,280.0,-416.07,-14.86,True
19,Europe,Ukraine,Offshore gas,Upstream,Gas,Replace with instrument air systems,-7.87,360.0,10080.0,-413.96,-14.78,True
20,Europe,Poland,Onshore conventional oil,Upstream,Oil,Replace pumps,-7.85,250.0,7000.0,-412.91,-14.75,True
21,Europe,Estonia,Onshore conventional oil,Upstream,Oil,Annual LDAR,-7.82,10.0,280.0,-411.33,-14.69,True
22,Europe,Other countries in Europe,Onshore conventional oil,Upstream,Oil,Biannual LDAR,-7.81,450.0,12600.0,-410.81,-14.67,True
23,Europe,Other countries in Europe,Onshore conventional gas,Upstream,Gas,Biannual LDAR,-7.81,80.0,2240.0,-410.81,-14.67,True
24,Europe,Ukraine,Offshore gas,Upstream,Gas,Continuous LDAR,-7.8,750.0,21000.0,-410.28,-14.65,True
25,Europe,Poland,Onshore conventional gas,Upstream,Gas,Replace pumps,-7.79,370.0,10360.0,-409.75,-14.63,True
26,Europe,Poland,Unconventional gas,Upstream,Gas,Replace pumps,-7.79,90.0,2520.0,-409.75,-14.63,True
27,Europe,Italy,Onshore conventional oil,Upstream,Oil,Replace pumps,-7.79,890.0,24920.0,-409.75,-14.63,True
28,Europe,Other EU7 countries,Onshore conventional gas,Upstream,Gas,Replace pumps,-7.77,60.0,1680.0,-408.7,-14.6,True
29,Europe,Other EU7 countries,Onshore conventional oil,Upstream,Oil,Biannual LDAR,-7.76,30.0,840.0,-408.18,-14.58,True
30,Europe,Other EU7 countries,Onshore conventional gas,Upstream,Gas,Biannual LDAR,-7.76,30.0,840.0,-408.18,-14.58,True
31,Europe,Other EU17 countries,Onshore conventional oil,Upstream,Oil,Replace pumps,-7.76,840.0,23520.0,-408.18,-14.58,True
32,Europe,Ukraine,Offshore gas,Upstream,Gas,Annual LDAR,-7.76,40.0,1120.0,-408.18,-14.58,True
33,Europe,Ukraine,Downstream gas,Downstream,Gas,Vapour recovery units,-7.75,80.0,2240.0,-407.65,-14.56,True
34,Europe,Netherlands,Onshore conventional oil,Upstream,Oil,Replace pumps,-7.75,10.0,280.0,-407.65,-14.56,True
35,Europe,Germany,Onshore conventional oil,Upstream,Oil,Replace pumps,-7.75,300.0,8400.0,-407.65,-14.56,True
36,Africa,South Africa,Onshore conventional oil,Upstream,Oil,Blowdown capture,-7.73,30.0,840.0,-406.6,-14.52,True
37,Asia Pacific,Japan,Onshore conventional gas,Upstream,Gas,Blowdown capture,-7.72,1750.0,49000.0,-406.07,-14.5,True
38,Europe,Italy,Onshore conventional oil,Upstream,Oil,Blowdown capture,-7.71,10.0,280.0,-405.55,-14.48,True
39,Europe,Poland,Unconventional gas,Upstream,Gas,Biannual LDAR,-7.68,50.0,1400.0,-403.97,-14.43,True
40,Europe,Poland,Onshore conventional oil,Upstream,Oil,Biannual LDAR,-7.68,30.0,840.0,-403.97,-14.43,True
41,Europe,Poland,Onshore conventional gas,Upstream,Gas,Biannual LDAR,-7.68,180.0,5040.0,-403.97,-14.43,True
42,Europe,Other EU17 countries,Onshore conventional oil,Upstream,Oil,Blowdown capture,-7.68,10.0,280.0,-403.97,-14.43,True
43,Africa,South Africa,Onshore conventional oil,Upstream,Oil,Quarterly LDAR,-7.67,1730.0,48440.0,-403.44,-14.41,True
44,Europe,Ukraine,Onshore conventional gas,Upstream,Gas,Quarterly LDAR,-7.67,16940.0,474320.0,-403.44,-14.41,True
45,Europe,Other EU7 countries,Offshore gas,Upstream,Gas,Replace with instrument air systems,-7.66,30.0,840.0,-402.92,-14.39,True
46,Europe,Other EU17 countries,Onshore conventional gas,Upstream,Gas,Replace pumps,-7.66,140.0,3920.0,-402.92,-14.39,True
47,Europe,Other EU17 countries,Unconventional gas,Upstream,Gas,Replace pumps,-7.66,30.0,840.0,-402.92,-14.39,True
48,Europe,Italy,Onshore conventional gas,Upstream,Gas,Replace pumps,-7.66,20.0,560.0,-402.92,-14.39,True
49,Europe,Other countries in Europe,Downstream gas,Downstream,Gas,Vapour recovery units,-7.65,40.0,1120.0,-402.39,-14.37,True
50,Europe,Other countries in Europe,Onshore conventional oil,Upstream,Oil,Continuous LDAR,-7.65,2720.0,76160.0,-402.39,-14.37,True
51,Europe,Other countries in Europe,Onshore conventional gas,Upstream,Gas,Continuous LDAR,-7.65,470.0,13160.0,-402.39,-14.37,True
52,Europe,Other EU7 countries,Onshore conventional oil,Upstream,Oil,Replace pumps,-7.62,300.0,8400.0,-400.81,-14.31,True
53,Europe,Romania,Onshore conventional gas,Upstream,Gas,Replace pumps,-7.62,2330.0,65240.0,-400.81,-14.31,True
54,Europe,Estonia,Onshore conventional oil,Upstream,Oil,Replace pumps,-7.62,320.0,8960.0,-400.81,-14.31,True
55,Europe,France,Onshore conventional oil,Upstream,Oil,Replace pumps,-7.59,310.0,8680.0,-399.23,-14.26,True
56,Europe,Germany,Unconventional gas,Upstream,Gas,Replace pumps,-7.59,50.0,1400.0,-399.23,-14.26,True
57,Europe,Germany,Onshore conventional gas,Upstream,Gas,Replace pumps,-7.59,240.0,6720.0,-399.23,-14.26,True
58,Europe,Poland,Offshore oil,Upstream,Oil,Replace with instrument air systems,-7.59,70.0,1960.0,-399.23,-14.26,True
59,Europe,Other EU7 countries,Onshore conventional oil,Upstream,Oil,Continuous LDAR,-7.58,190.0,5320.0,-398.71,-14.24,True
60,Europe,Other EU7 countries,Onshore conventional gas,Upstream,Gas,Continuous LDAR,-7.58,180.0,5040.0,-398.71,-14.24,True
61,Europe,Other countries in Europe,Onshore conventional oil,Upstream,Oil,Blowdown capture,-7.58,30.0,840.0,-398.71,-14.24,True
62,Europe,Netherlands,Onshore conventional gas,Upstream,Gas,Replace pumps,-7.58,30.0,840.0,-398.71,-14.24,True
63,Europe,Poland,Downstream gas,Downstream,Gas,Vapour recovery units,-7.56,10.0,280.0,-397.66,-14.2,True
64,Europe,Other countries in Europe,Onshore conventional oil,Upstream,Oil,Blowdown capture,-7.54,50.0,1400.0,-396.6,-14.16,True
65,Europe,Estonia,Onshore conventional oil,Upstream,Oil,Biannual LDAR,-7.54,30.0,840.0,-396.6,-14.16,True
66,Europe,Italy,Onshore conventional gas,Upstream,Gas,Annual LDAR,-7.52,10.0,280.0,-395.55,-14.13,True
67,Europe,Italy,Onshore conventional oil,Upstream,Oil,Annual LDAR,-7.52,30.0,840.0,-395.55,-14.13,True
68,Asia Pacific,Japan,Onshore conventional gas,Upstream,Gas,Replace pumps,-7.52,240.0,6720.0,-395.55,-14.13,True
69,Europe,Other EU17 countries,Onshore conventional oil,Upstream,Oil,Annual LDAR,-7.5,30.0,840.0,-394.5,-14.09,True
70,Europe,Other EU17 countries,Unconventional gas,Upstream,Gas,Annual LDAR,-7.5,10.0,280.0,-394.5,-14.09,True
71,Europe,Other EU17 countries,Onshore conventional gas,Upstream,Gas,Annual LDAR,-7.5,30.0,840.0,-394.5,-14.09,True
72,Central and South America,Brazil,Onshore conventional gas,Upstream,Gas,Annual LDAR,-7.49,150.0,4200.0,-393.97,-14.07,True
73,Central and South America,Brazil,Onshore conventional oil,Upstream,Oil,Annual LDAR,-7.49,280.0,7840.0,-393.97,-14.07,True
74,Central and South America,Brazil,Onshore conventional oil,Upstream,Oil,Continuous LDAR,-7.46,5110.0,143080.0,-392.4,-14.01,True
75,Central and South America,Brazil,Onshore conventional gas,Upstream,Gas,Continuous LDAR,-7.46,2660.0,74480.0,-392.4,-14.01,True
76,Europe,Romania,Onshore conventional gas,Upstream,Gas,Annual LDAR,-7.44,370.0,10360.0,-391.34,-13.98,True
77,Europe,Romania,Onshore conventional oil,Upstream,Oil,Annual LDAR,-7.44,130.0,3640.0,-391.34,-13.98,True
78,Europe,Romania,Onshore conventional oil,Upstream,Oil,Replace pumps,-7.44,3810.0,106680.0,-391.34,-13.98,True
79,Asia Pacific,Bangladesh,Satellite - upstream,Upstream,Gas,Daily LDAR,-7.42,28880.0,808640.0,-390.29,-13.94,True
80,Asia Pacific,Pakistan,Satellite - upstream,Upstream,Gas,Daily LDAR,-7.4,13840.0,387520.0,-389.24,-13.9,True
81,Europe,Israel,Onshore conventional oil,Upstream,Oil,Annual LDAR,-7.39,10.0,280.0,-388.71,-13.88,True
82,Europe,Other countries in Europe,Onshore conventional oil,Upstream,Oil,Quarterly LDAR,-7.38,2550.0,71400.0,-388.19,-13.86,True
83,Europe,Other countries in Europe,Onshore conventional gas,Upstream,Gas,Quarterly LDAR,-7.38,440.0,12320.0,-388.19,-13.86,True
84,Central and South America,Brazil,Onshore conventional gas,Upstream,Gas,Biannual LDAR,-7.35,440.0,12320.0,-386.61,-13.81,True
85,Central and South America,Brazil,Onshore conventional oil,Upstream,Oil,Biannual LDAR,-7.35,850.0,23800.0,-386.61,-13.81,True
86,Europe,Poland,Onshore conventional gas,Upstream,Gas,Continuous LDAR,-7.32,1060.0,29680.0,-385.03,-13.75,True
87,Europe,Poland,Onshore conventional oil,Upstream,Oil,Continuous LDAR,-7.32,160.0,4480.0,-385.03,-13.75,True
88,Europe,Poland,Unconventional gas,Upstream,Gas,Continuous LDAR,-7.32,330.0,9240.0,-385.03,-13.75,True
89,Europe,Other EU7 countries,Onshore conventional oil,Upstream,Oil,Quarterly LDAR,-7.29,180.0,5040.0,-383.45,-13.69,True
90,Europe,Other EU7 countries,Onshore conventional gas,Upstream,Gas,Quarterly LDAR,-7.29,160.0,4480.0,-383.45,-13.69,True
91,Europe,Germany,Unconventional gas,Upstream,Gas,Annual LDAR,-7.28,10.0,280.0,-382.93,-13.68,True
92,Europe,Germany,Onshore conventional gas,Upstream,Gas,Annual LDAR,-7.28,40.0,1120.0,-382.93,-13.68,True
93,Europe,Germany,Onshore conventional oil,Upstream,Oil,Annual LDAR,-7.28,10.0,280.0,-382.93,-13.68,True
94,Europe,Romania,Onshore conventional oil,Upstream,Oil,Blowdown capture,-7.27,40.0,1120.0,-382.4,-13.66,True
95,Europe,France,Onshore conventional oil,Upstream,Oil,Annual LDAR,-7.25,10.0,280.0,-381.35,-13.62,True
96,Asia Pacific,Japan,Onshore conventional gas,Upstream,Gas,Quarterly LDAR,-7.22,690.0,19320.0,-379.77,-13.56,True
97,Asia Pacific,Japan,Onshore conventional oil,Upstream,Oil,Quarterly LDAR,-7.22,90.0,2520.0,-379.77,-13.56,True
98,Central and South America,Brazil,Onshore conventional gas,Upstream,Gas,Replace with instrument air systems,-7.22,10.0,280.0,-379.77,-13.56,True
99,Central and South America,Brazil,Offshore gas,Upstream,Gas,Replace with instrument air systems,-7.22,3120.0,87360.0,-379.77,-13.56,True
100,Europe,Netherlands,Onshore conventional gas,Upstream,Gas,Annual LDAR,-7.21,10.0,280.0,-379.25,-13.54,True
101,Central and South America,Brazil,Offshore gas,Upstream,Gas,Continuous LDAR,-7.19,6550.0,183400.0,-378.19,-13.51,True
102,Central and South America,Brazil,Offshore oil,Upstream,Oil,Continuous LDAR,-7.19,67070.0,1877960.0,-378.19,-13.51,True
103,Central and South America,Brazil,Offshore oil,Upstream,Oil,Replace with instrument air systems,-7.14,50560.0,1415680.0,-375.56,-13.41,True
104,Europe,Other countries in Europe,Onshore conventional oil,Upstream,Oil,Annual LDAR,-7.14,80.0,2240.0,-375.56,-13.41,True
105,Europe,Poland,Unconventional gas,Upstream,Gas,Quarterly LDAR,-7.14,310.0,8680.0,-375.56,-13.41,True
106,Europe,Poland,Onshore conventional oil,Upstream,Oil,Quarterly LDAR,-7.14,150.0,4200.0,-375.56,-13.41,True
107,Europe,Poland,Onshore conventional gas,Upstream,Gas,Quarterly LDAR,-7.14,990.0,27720.0,-375.56,-13.41,True
108,Europe,Ukraine,Satellite - downstream,Downstream,Oil,Daily LDAR,-7.13,1760.0,49280.0,-375.04,-13.39,True
109,Central and South America,Brazil,Offshore oil,Upstream,Oil,Annual LDAR,-7.11,3730.0,104440.0,-373.99,-13.36,True
110,Central and South America,Brazil,Offshore gas,Upstream,Gas,Annual LDAR,-7.11,360.0,10080.0,-373.99,-13.36,True
111,Asia Pacific,China,Onshore conventional gas,Upstream,Gas,Annual LDAR,-7.1,2040.0,57120.0,-373.46,-13.34,True
112,Asia Pacific,China,Unconventional gas,Upstream,Gas,Annual LDAR,-7.1,5040.0,141120.0,-373.46,-13.34,True
113,Asia Pacific,China,Onshore conventional oil,Upstream,Oil,Annual LDAR,-7.1,4010.0,112280.0,-373.46,-13.34,True
114,Asia Pacific,Japan,Onshore conventional oil,Upstream,Oil,Continuous LDAR,-7.09,100.0,2800.0,-372.93,-13.32,True
115,Asia Pacific,Japan,Onshore conventional gas,Upstream,Gas,Continuous LDAR,-7.09,730.0,20440.0,-372.93,-13.32,True
116,Asia Pacific,India,Onshore conventional gas,Upstream,Gas,Annual LDAR,-7.09,420.0,11760.0,-372.93,-13.32,True
117,Asia Pacific,India,Unconventional gas,Upstream,Gas,Annual LDAR,-7.09,230.0,6440.0,-372.93,-13.32,True
118,Asia Pacific,India,Onshore conventional oil,Upstream,Oil,Annual LDAR,-7.09,1010.0,28280.0,-372.93,-13.32,True
119,Europe,Romania,Downstream gas,Downstream,Gas,Vapour recovery units,-7.09,20.0,560.0,-372.93,-13.32,True
120,Europe,Italy,Onshore conventional oil,Upstream,Oil,Biannual LDAR,-7.08,90.0,2520.0,-372.41,-13.3,True
121,Europe,Italy,Onshore conventional gas,Upstream,Gas,Biannual LDAR,-7.08,20.0,560.0,-372.41,-13.3,True
122,Asia Pacific,Brunei,Onshore conventional gas,Upstream,Gas,Annual LDAR,-7.06,20.0,560.0,-371.36,-13.26,True
123,Asia Pacific,Brunei,Onshore conventional oil,Upstream,Oil,Annual LDAR,-7.06,10.0,280.0,-371.36,-13.26,True
124,Asia Pacific,Thailand,Onshore conventional gas,Upstream,Gas,Annual LDAR,-7.06,50.0,1400.0,-371.36,-13.26,True
125,Asia Pacific,Thailand,Onshore conventional oil,Upstream,Oil,Annual LDAR,-7.06,80.0,2240.0,-371.36,-13.26,True
126,Europe,Other EU17 countries,Onshore conventional oil,Upstream,Oil,Biannual LDAR,-7.06,90.0,2520.0,-371.36,-13.26,True
127,Europe,Other EU17 countries,Unconventional gas,Upstream,Gas,Biannual LDAR,-7.06,20.0,560.0,-371.36,-13.26,True
128,Europe,Other EU17 countries,Onshore conventional gas,Upstream,Gas,Biannual LDAR,-7.06,100.0,2800.0,-371.36,-13.26,True
129,Asia Pacific,Other countries in Southeast Asia,Onshore conventional oil,Upstream,Oil,Annual LDAR,-7.06,10.0,280.0,-371.36,-13.26,True
130,Asia Pacific,Other countries in Southeast Asia,Onshore conventional gas,Upstream,Gas,Annual LDAR,-7.06,10.0,280.0,-371.36,-13.26,True
131,Asia Pacific,Malaysia,Onshore conventional oil,Upstream,Oil,Annual LDAR,-7.06,40.0,1120.0,-371.36,-13.26,True
132,Europe,Ukraine,Offshore gas,Upstream,Gas,Biannual LDAR,-7.05,130.0,3640.0,-370.83,-13.24,True
133,Europe,United Kingdom,Unconventional gas,Upstream,Gas,Replace pumps,-7.05,10.0,280.0,-370.83,-13.24,True
134,Europe,Italy,Offshore gas,Upstream,Gas,Replace with instrument air systems,-7.05,60.0,1680.0,-370.83,-13.24,True
135,Europe,Italy,Offshore oil,Upstream,Oil,Replace with instrument air systems,-7.05,40.0,1120.0,-370.83,-13.24,True
136,Europe,Other EU17 countries,Offshore gas,Upstream,Gas,Replace with instrument air systems,-7.03,110.0,3080.0,-369.78,-13.21,True
137,Asia Pacific,Other countries in Southeast Asia,Onshore conventional oil,Upstream,Oil,Continuous LDAR,-7.02,230.0,6440.0,-369.25,-13.19,True
138,Asia Pacific,Other countries in Southeast Asia,Onshore conventional gas,Upstream,Gas,Continuous LDAR,-7.02,180.0,5040.0,-369.25,-13.19,True
139,Asia Pacific,Malaysia,Onshore conventional oil,Upstream,Oil,Continuous LDAR,-7.02,760.0,21280.0,-369.25,-13.19,True
140,Asia Pacific,Thailand,Onshore conventional oil,Upstream,Oil,Continuous LDAR,-7.02,1420.0,39760.0,-369.25,-13.19,True
141,Asia Pacific,Thailand,Onshore conventional gas,Upstream,Gas,Continuous LDAR,-7.02,860.0,24080.0,-369.25,-13.19,True
142,Asia Pacific,Brunei,Onshore conventional oil,Upstream,Oil,Continuous LDAR,-7.02,160.0,4480.0,-369.25,-13.19,True
143,Asia Pacific,Brunei,Onshore conventional gas,Upstream,Gas,Continuous LDAR,-7.02,270.0,7560.0,-369.25,-13.19,True
144,Central and South America,Brazil,Onshore conventional oil,Upstream,Oil,Quarterly LDAR,-7.02,4790.0,134120.0,-369.25,-13.19,True
145,Central and South America,Brazil,Onshore conventional gas,Upstream,Gas,Quarterly LDAR,-7.02,2490.0,69720.0,-369.25,-13.19,True
146,Asia Pacific,Viet Nam,Onshore conventional gas,Upstream,Gas,Continuous LDAR,-7.02,10.0,280.0,-369.25,-13.19,True
147,Europe,Other EU17 countries,Offshore oil,Upstream,Oil,Replace with instrument air systems,-7.0,30.0,840.0,-368.2,-13.15,True
148,Europe,Ukraine,Onshore conventional gas,Upstream,Gas,Blowdown capture,-6.99,43130.0,1207640.0,-367.67,-13.13,True
149,Europe,Romania,Onshore conventional gas,Upstream,Gas,Biannual LDAR,-6.98,1100.0,30800.0,-367.15,-13.11,True
150,Europe,Romania,Onshore conventional oil,Upstream,Oil,Biannual LDAR,-6.98,400.0,11200.0,-367.15,-13.11,True
151,Europe,Other countries in Europe,Onshore conventional gas,Upstream,Gas,Blowdown capture,-6.98,820.0,22960.0,-367.15,-13.11,True
152,Europe,Estonia,Onshore conventional oil,Upstream,Oil,Continuous LDAR,-6.98,200.0,5600.0,-367.15,-13.11,True
153,Europe,Poland,Onshore conventional gas,Upstream,Gas,Blowdown capture,-6.96,2520.0,70560.0,-366.1,-13.08,True
154,Europe,Poland,Unconventional gas,Upstream,Gas,Blowdown capture,-6.96,630.0,17640.0,-366.1,-13.08,True
155,Europe,Romania,Offshore gas,Upstream,Gas,Replace with instrument air systems,-6.95,710.0,19880.0,-365.57,-13.06,True
156,Asia Pacific,Australia,Satellite - upstream,Upstream,Gas,Daily LDAR,-6.95,1120.0,31360.0,-365.57,-13.06,True
157,Central and South America,Brazil,Onshore conventional oil,Upstream,Oil,Blowdown capture,-6.94,90.0,2520.0,-365.04,-13.04,True
158,Asia Pacific,Brunei,Onshore conventional gas,Upstream,Gas,Biannual LDAR,-6.93,50.0,1400.0,-364.52,-13.02,True
159,Asia Pacific,Brunei,Onshore conventional oil,Upstream,Oil,Biannual LDAR,-6.93,30.0,840.0,-364.52,-13.02,True
160,Asia Pacific,Thailand,Onshore conventional gas,Upstream,Gas,Biannual LDAR,-6.93,140.0,3920.0,-364.52,-13.02,True
161,Asia Pacific,Thailand,Onshore conventional oil,Upstream,Oil,Biannual LDAR,-6.93,240.0,6720.0,-364.52,-13.02,True
162,Europe,Other EU17 countries,Unconventional gas,Upstream,Gas,Blowdown capture,-6.93,180.0,5040.0,-364.52,-13.02,True
163,Asia Pacific,Other countries in Southeast Asia,Onshore conventional gas,Upstream,Gas,Biannual LDAR,-6.93,30.0,840.0,-364.52,-13.02,True
164,Asia Pacific,Other countries in Southeast Asia,Onshore conventional oil,Upstream,Oil,Biannual LDAR,-6.93,40.0,1120.0,-364.52,-13.02,True
165,Europe,Other EU17 countries,Onshore conventional gas,Upstream,Gas,Blowdown capture,-6.93,1010.0,28280.0,-364.52,-13.02,True
166,Asia Pacific,Malaysia,Onshore conventional oil,Upstream,Oil,Biannual LDAR,-6.93,130.0,3640.0,-364.52,-13.02,True
167,Europe,Germany,Downstream gas,Downstream,Gas,Vapour recovery units,-6.92,30.0,840.0,-363.99,-13.0,True
168,Europe,Estonia,Onshore conventional oil,Upstream,Oil,Quarterly LDAR,-6.91,190.0,5320.0,-363.47,-12.98,True
169,Europe,Italy,Onshore conventional gas,Upstream,Gas,Blowdown capture,-6.91,160.0,4480.0,-363.47,-12.98,True
170,Europe,Netherlands,Onshore conventional gas,Upstream,Gas,Blowdown capture,-6.91,190.0,5320.0,-363.47,-12.98,True
171,Europe,Other EU7 countries,Offshore gas,Upstream,Gas,Continuous LDAR,-6.91,50.0,1400.0,-363.47,-12.98,True
172,Europe,United Kingdom,Onshore conventional oil,Upstream,Oil,Annual LDAR,-6.91,10.0,280.0,-363.47,-12.98,True
173,Europe,United Kingdom,Onshore conventional oil,Upstream,Oil,Replace pumps,-6.91,280.0,7840.0,-363.47,-12.98,True
174,Asia Pacific,Pakistan,Unconventional gas,Upstream,Gas,Annual LDAR,-6.9,40.0,1120.0,-362.94,-12.96,True
175,Asia Pacific,Pakistan,Onshore conventional gas,Upstream,Gas,Annual LDAR,-6.9,890.0,24920.0,-362.94,-12.96,True
176,Asia Pacific,Pakistan,Onshore conventional oil,Upstream,Oil,Annual LDAR,-6.9,230.0,6440.0,-362.94,-12.96,True
177,Europe,Israel,Onshore conventional oil,Upstream,Oil,Biannual LDAR,-6.9,20.0,560.0,-362.94,-12.96,True
178,Asia Pacific,Indonesia,Onshore conventional oil,Upstream,Oil,Annual LDAR,-6.9,920.0,25760.0,-362.94,-12.96,True
179,Asia Pacific,Indonesia,Onshore conventional gas,Upstream,Gas,Annual LDAR,-6.9,720.0,20160.0,-362.94,-12.96,True
180,Asia Pacific,Bangladesh,Onshore conventional oil,Upstream,Oil,Annual LDAR,-6.9,10.0,280.0,-362.94,-12.96,True
181,Asia Pacific,Bangladesh,Onshore conventional gas,Upstream,Gas,Annual LDAR,-6.9,440.0,12320.0,-362.94,-12.96,True
182,Asia Pacific,China,Unconventional gas,Upstream,Gas,Biannual LDAR,-6.89,15110.0,423080.0,-362.41,-12.94,True
183,Asia Pacific,China,Onshore conventional gas,Upstream,Gas,Biannual LDAR,-6.89,6120.0,171360.0,-362.41,-12.94,True
184,Asia Pacific,China,Onshore conventional oil,Upstream,Oil,Biannual LDAR,-6.89,12030.0,336840.0,-362.41,-12.94,True
185,Europe,Germany,Onshore conventional gas,Upstream,Gas,Blowdown capture,-6.89,1650.0,46200.0,-362.41,-12.94,True
186,Europe,Germany,Unconventional gas,Upstream,Gas,Blowdown capture,-6.89,330.0,9240.0,-362.41,-12.94,True
187,Europe,France,Unconventional gas,Upstream,Gas,Blowdown capture,-6.89,30.0,840.0,-362.41,-12.94,True
188,Europe,Romania,Offshore gas,Upstream,Gas,Replace compressor seal or rod,-6.89,10.0,280.0,-362.41,-12.94,True
189,Europe,Other EU7 countries,Onshore conventional gas,Upstream,Gas,Blowdown capture,-6.88,420.0,11760.0,-361.89,-12.92,True
190,Asia Pacific,India,Onshore conventional oil,Upstream,Oil,Biannual LDAR,-6.88,3030.0,84840.0,-361.89,-12.92,True
191,Asia Pacific,India,Unconventional gas,Upstream,Gas,Biannual LDAR,-6.88,700.0,19600.0,-361.89,-12.92,True
192,Asia Pacific,India,Onshore conventional gas,Upstream,Gas,Biannual LDAR,-6.88,1260.0,35280.0,-361.89,-12.92,True
193,Europe,Israel,Offshore gas,Upstream,Gas,Replace with instrument air systems,-6.87,1430.0,40040.0,-361.36,-12.91,True
194,Europe,Norway,Offshore gas,Upstream,Gas,Replace compressor seal or rod,-6.87,370.0,10360.0,-361.36,-12.91,True
195,Europe,Romania,Onshore conventional gas,Upstream,Gas,Blowdown capture,-6.85,15740.0,440720.0,-360.31,-12.87,True
196,Asia Pacific,Philippines,Offshore gas,Upstream,Gas,Replace with instrument air systems,-6.81,310.0,8680.0,-358.21,-12.79,True
197,Asia Pacific,Thailand,Offshore gas,Upstream,Gas,Replace with instrument air systems,-6.81,8310.0,232680.0,-358.21,-12.79,True
198,Asia Pacific,Malaysia,Offshore gas,Upstream,Gas,Replace with instrument air systems,-6.81,15910.0,445480.0,-358.21,-12.79,True
199,Asia Pacific,Other countries in Southeast Asia,Offshore gas,Upstream,Gas,Replace with instrument air systems,-6.81,2860.0,80080.0,-358.21,-12.79,True
200,Asia Pacific,Brunei,Offshore gas,Upstream,Gas,Replace with instrument air systems,-6.81,1020.0,28560.0,-358.21,-12.79,True
201,Asia Pacific,Viet Nam,Offshore gas,Upstream,Gas,Replace with instrument air systems,-6.81,880.0,24640.0,-358.21,-12.79,True
202,Asia Pacific,China,Offshore gas,Upstream,Gas,Replace with instrument air systems,-6.8,4360.0,122080.0,-357.68,-12.77,True
203,Asia Pacific,Philippines,Offshore oil,Upstream,Oil,Replace with instrument air systems,-6.79,210.0,5880.0,-357.15,-12.76,True
204,Asia Pacific,India,Offshore gas,Upstream,Gas,Replace with instrument air systems,-6.78,12150.0,340200.0,-356.63,-12.74,True
205,Asia Pacific,India,Onshore conventional gas,Upstream,Gas,Replace with instrument air systems,-6.78,40.0,1120.0,-356.63,-12.74,True
206,Asia Pacific,India,Unconventional gas,Upstream,Gas,Replace with instrument air systems,-6.78,20.0,560.0,-356.63,-12.74,True
207,Europe,Israel,Offshore gas,Upstream,Gas,Replace compressor seal or rod,-6.77,10.0,280.0,-356.1,-12.72,True
208,Asia Pacific,Brunei,Offshore gas,Upstream,Gas,Continuous LDAR,-6.75,2130.0,59640.0,-355.05,-12.68,True
209,Asia Pacific,Brunei,Offshore oil,Upstream,Oil,Continuous LDAR,-6.75,1240.0,34720.0,-355.05,-12.68,True
210,Asia Pacific,Philippines,Offshore oil,Upstream,Oil,Continuous LDAR,-6.75,270.0,7560.0,-355.05,-12.68,True
211,Asia Pacific,Philippines,Offshore gas,Upstream,Gas,Continuous LDAR,-6.75,650.0,18200.0,-355.05,-12.68,True
212,Asia Pacific,Thailand,Offshore gas,Upstream,Gas,Continuous LDAR,-6.75,17420.0,487760.0,-355.05,-12.68,True
213,Asia Pacific,Thailand,Offshore oil,Upstream,Oil,Continuous LDAR,-6.75,9030.0,252840.0,-355.05,-12.68,True
214,Asia Pacific,Other countries in Southeast Asia,Offshore gas,Upstream,Gas,Continuous LDAR,-6.75,6000.0,168000.0,-355.05,-12.68,True
215,Asia Pacific,Malaysia,Offshore gas,Upstream,Gas,Continuous LDAR,-6.75,33350.0,933800.0,-355.05,-12.68,True
216,Asia Pacific,Malaysia,Offshore oil,Upstream,Oil,Continuous LDAR,-6.75,15910.0,445480.0,-355.05,-12.68,True
217,Asia Pacific,Viet Nam,Offshore gas,Upstream,Gas,Continuous LDAR,-6.75,1830.0,51240.0,-355.05,-12.68,True
218,Asia Pacific,Viet Nam,Offshore oil,Upstream,Oil,Continuous LDAR,-6.75,5590.0,156520.0,-355.05,-12.68,True
219,Asia Pacific,India,Onshore conventional oil,Upstream,Oil,Blowdown capture,-6.74,320.0,8960.0,-354.52,-12.66,True
220,Europe,Germany,Onshore conventional oil,Upstream,Oil,Biannual LDAR,-6.73,30.0,840.0,-354.0,-12.64,True
221,Europe,Germany,Offshore oil,Upstream,Oil,Replace with instrument air systems,-6.73,150.0,4200.0,-354.0,-12.64,True
222,Europe,Germany,Unconventional gas,Upstream,Gas,Biannual LDAR,-6.73,30.0,840.0,-354.0,-12.64,True
223,Europe,Germany,Onshore conventional gas,Upstream,Gas,Biannual LDAR,-6.73,120.0,3360.0,-354.0,-12.64,True
224,Asia Pacific,Brunei,Offshore oil,Upstream,Oil,Replace with instrument air systems,-6.73,930.0,26040.0,-354.0,-12.64,True
225,Europe,Other countries in Europe,Onshore conventional gas,Upstream,Gas,Blowdown capture,-6.73,10.0,280.0,-354.0,-12.64,True
226,Asia Pacific,India,Offshore oil,Upstream,Oil,Replace with instrument air systems,-6.72,21350.0,597800.0,-353.47,-12.62,True
227,Asia Pacific,Malaysia,Offshore oil,Upstream,Oil,Replace with instrument air systems,-6.71,12000.0,336000.0,-352.95,-12.61,True
228,Asia Pacific,Malaysia,Offshore oil,Upstream,Oil,Annual LDAR,-6.7,880.0,24640.0,-352.42,-12.59,True
229,Asia Pacific,Malaysia,Offshore gas,Upstream,Gas,Annual LDAR,-6.7,1850.0,51800.0,-352.42,-12.59,True
230,Asia Pacific,Other countries in Southeast Asia,Offshore gas,Upstream,Gas,Annual LDAR,-6.7,330.0,9240.0,-352.42,-12.59,True
231,Asia Pacific,Thailand,Offshore oil,Upstream,Oil,Annual LDAR,-6.7,500.0,14000.0,-352.42,-12.59,True
232,Asia Pacific,Thailand,Offshore gas,Upstream,Gas,Annual LDAR,-6.7,970.0,27160.0,-352.42,-12.59,True
233,Asia Pacific,Philippines,Offshore gas,Upstream,Gas,Annual LDAR,-6.7,40.0,1120.0,-352.42,-12.59,True
234,Asia Pacific,Philippines,Offshore oil,Upstream,Oil,Annual LDAR,-6.7,20.0,560.0,-352.42,-12.59,True
235,Asia Pacific,Brunei,Offshore oil,Upstream,Oil,Annual LDAR,-6.7,70.0,1960.0,-352.42,-12.59,True
236,Asia Pacific,Brunei,Offshore gas,Upstream,Gas,Annual LDAR,-6.7,120.0,3360.0,-352.42,-12.59,True
237,Asia Pacific,Viet Nam,Offshore oil,Upstream,Oil,Annual LDAR,-6.7,310.0,8680.0,-352.42,-12.59,True
238,Asia Pacific,Viet Nam,Offshore gas,Upstream,Gas,Annual LDAR,-6.7,100.0,2800.0,-352.42,-12.59,True
239,Europe,France,Onshore conventional oil,Upstream,Oil,Biannual LDAR,-6.69,30.0,840.0,-351.89,-12.57,True
240,Asia Pacific,Indonesia,Onshore conventional gas,Upstream,Gas,Biannual LDAR,-6.68,2160.0,60480.0,-351.37,-12.55,True
241,Asia Pacific,Indonesia,Onshore conventional oil,Upstream,Oil,Biannual LDAR,-6.68,2770.0,77560.0,-351.37,-12.55,True
242,Asia Pacific,Bangladesh,Onshore conventional gas,Upstream,Gas,Biannual LDAR,-6.68,1310.0,36680.0,-351.37,-12.55,True
243,Asia Pacific,Bangladesh,Onshore conventional oil,Upstream,Oil,Biannual LDAR,-6.68,20.0,560.0,-351.37,-12.55,True
244,Europe,Romania,Offshore oil,Upstream,Oil,Replace with instrument air systems,-6.68,280.0,7840.0,-351.37,-12.55,True
245,Asia Pacific,Pakistan,Onshore conventional oil,Upstream,Oil,Biannual LDAR,-6.68,680.0,19040.0,-351.37,-12.55,True
246,Asia Pacific,Pakistan,Onshore conventional gas,Upstream,Gas,Biannual LDAR,-6.68,2680.0,75040.0,-351.37,-12.55,True
247,Asia Pacific,Pakistan,Unconventional gas,Upstream,Gas,Biannual LDAR,-6.68,130.0,3640.0,-351.37,-12.55,True
248,Asia Pacific,Japan,Onshore conventional oil,Upstream,Oil,Replace pumps,-6.67,140.0,3920.0,-350.84,-12.53,True
249,Middle East,Jordan,Satellite - upstream,Upstream,Gas,Daily LDAR,-6.66,880.0,24640.0,-350.32,-12.51,True
250,Middle East,Bahrain,Satellite - upstream,Upstream,Gas,Daily LDAR,-6.66,1760.0,49280.0,-350.32,-12.51,True
251,Russia & Caspian,Azerbaijan,Satellite - upstream,Upstream,Gas,Daily LDAR,-6.66,6640.0,185920.0,-350.32,-12.51,True
252,Africa,Angola,Satellite - upstream,Upstream,Gas,Daily LDAR,-6.66,10000.0,280000.0,-350.32,-12.51,True
253,Asia Pacific,China,Unconventional gas,Upstream,Gas,Continuous LDAR,-6.66,90680.0,2539040.0,-350.32,-12.51,True
254,Asia Pacific,China,Onshore conventional gas,Upstream,Gas,Continuous LDAR,-6.66,36730.0,1028440.0,-350.32,-12.51,True
255,Asia Pacific,China,Onshore conventional oil,Upstream,Oil,Continuous LDAR,-6.66,72160.0,2020480.0,-350.32,-12.51,True
256,Middle East,Oman,Satellite - upstream,Upstream,Gas,Daily LDAR,-6.66,480.0,13440.0,-350.32,-12.51,True
257,Africa,Nigeria,Satellite - upstream,Upstream,Gas,Daily LDAR,-6.66,10880.0,304640.0,-350.32,-12.51,True
258,Middle East,United Arab Emirates,Satellite - upstream,Upstream,Gas,Daily LDAR,-6.66,880.0,24640.0,-350.32,-12.51,True
259,Central and South America,Venezuela,Satellite - upstream,Upstream,Gas,Daily LDAR,-6.66,18160.0,508480.0,-350.32,-12.51,True
260,Russia & Caspian,Turkmenistan,Satellite - upstream,Upstream,Gas,Daily LDAR,-6.65,1443520.0,40418560.0,-349.79,-12.49,True
261,Africa,Algeria,Satellite - upstream,Upstream,Gas,Daily LDAR,-6.65,44240.0,1238720.0,-349.79,-12.49,True
262,Central and South America,Argentina,Satellite - upstream,Upstream,Gas,Daily LDAR,-6.65,2880.0,80640.0,-349.79,-12.49,True
263,Russia & Caspian,Kazakhstan,Satellite - upstream,Upstream,Gas,Daily LDAR,-6.65,88640.0,2481920.0,-349.79,-12.49,True
264,Middle East,Kuwait,Satellite - upstream,Upstream,Gas,Daily LDAR,-6.65,4720.0,132160.0,-349.79,-12.49,True
265,Africa,Libya,Satellite - upstream,Upstream,Gas,Daily LDAR,-6.65,10880.0,304640.0,-349.79,-12.49,True
266,Asia Pacific,India,Unconventional gas,Upstream,Gas,Continuous LDAR,-6.65,4200.0,117600.0,-349.79,-12.49,True
267,Asia Pacific,India,Onshore conventional oil,Upstream,Oil,Continuous LDAR,-6.65,18160.0,508480.0,-349.79,-12.49,True
268,Asia Pacific,India,Onshore conventional gas,Upstream,Gas,Continuous LDAR,-6.65,7560.0,211680.0,-349.79,-12.49,True
269,Middle East,Iran,Satellite - upstream,Upstream,Gas,Daily LDAR,-6.64,41840.0,1171520.0,-349.26,-12.47,True
270,Asia Pacific,Thailand,Offshore oil,Upstream,Oil,Replace with instrument air systems,-6.64,6810.0,190680.0,-349.26,-12.47,True
271,Russia & Caspian,Uzbekistan,Satellite - upstream,Upstream,Gas,Daily LDAR,-6.64,69280.0,1939840.0,-349.26,-12.47,True
272,Middle East,Yemen,Satellite - upstream,Upstream,Gas,Daily LDAR,-6.63,2400.0,67200.0,-348.74,-12.46,True
273,Middle East,Syria,Satellite - upstream,Upstream,Gas,Daily LDAR,-6.63,90640.0,2537920.0,-348.74,-12.46,True
274,Europe,Netherlands,Offshore gas,Upstream,Gas,Replace with instrument air systems,-6.63,180.0,5040.0,-348.74,-12.46,True
275,Europe,Netherlands,Offshore oil,Upstream,Oil,Replace with instrument air systems,-6.63,10.0,280.0,-348.74,-12.46,True
276,Middle East,Iraq,Satellite - upstream,Upstream,Gas,Daily LDAR,-6.63,27040.0,757120.0,-348.74,-12.46,True
277,Europe,Netherlands,Onshore conventional gas,Upstream,Gas,Biannual LDAR,-6.62,20.0,560.0,-348.21,-12.44,True
278,Asia Pacific,New Zealand,Onshore conventional gas,Upstream,Gas,Annual LDAR,-6.62,20.0,560.0,-348.21,-12.44,True
279,Asia Pacific,Pakistan,Onshore conventional oil,Upstream,Oil,Blowdown capture,-6.62,70.0,1960.0,-348.21,-12.44,True
280,Asia Pacific,Viet Nam,Offshore oil,Upstream,Oil,Replace with instrument air systems,-6.62,4220.0,118160.0,-348.21,-12.44,True
281,Asia Pacific,Viet Nam,Onshore conventional gas,Upstream,Gas,Quarterly LDAR,-6.61,10.0,280.0,-347.69,-12.42,True
282,Asia Pacific,Other countries in Southeast Asia,Onshore conventional gas,Upstream,Gas,Quarterly LDAR,-6.61,170.0,4760.0,-347.69,-12.42,True
283,Asia Pacific,Other countries in Southeast Asia,Onshore conventional oil,Upstream,Oil,Quarterly LDAR,-6.61,210.0,5880.0,-347.69,-12.42,True
284,Asia Pacific,Malaysia,Onshore conventional oil,Upstream,Oil,Quarterly LDAR,-6.61,710.0,19880.0,-347.69,-12.42,True
285,Asia Pacific,Thailand,Onshore conventional gas,Upstream,Gas,Quarterly LDAR,-6.61,810.0,22680.0,-347.69,-12.42,True
286,Asia Pacific,Thailand,Onshore conventional oil,Upstream,Oil,Quarterly LDAR,-6.61,1330.0,37240.0,-347.69,-12.42,True
287,Asia Pacific,Brunei,Onshore conventional gas,Upstream,Gas,Quarterly LDAR,-6.61,260.0,7280.0,-347.69,-12.42,True
288,Asia Pacific,Brunei,Onshore conventional oil,Upstream,Oil,Quarterly LDAR,-6.61,150.0,4200.0,-347.69,-12.42,True
289,Asia Pacific,China,Offshore gas,Upstream,Gas,Annual LDAR,-6.6,510.0,14280.0,-347.16,-12.4,True
290,Asia Pacific,China,Offshore oil,Upstream,Oil,Annual LDAR,-6.6,1410.0,39480.0,-347.16,-12.4,True
291,Middle East,Saudi Arabia,Satellite - upstream,Upstream,Gas,Daily LDAR,-6.6,480.0,13440.0,-347.16,-12.4,True
292,Asia Pacific,Pakistan,Onshore conventional gas,Upstream,Gas,Replace with instrument air systems,-6.58,90.0,2520.0,-346.11,-12.36,True
293,Asia Pacific,Bangladesh,Onshore conventional gas,Upstream,Gas,Replace with instrument air systems,-6.58,40.0,1120.0,-346.11,-12.36,True
294,Asia Pacific,Indonesia,Offshore gas,Upstream,Gas,Replace with instrument air systems,-6.58,9320.0,260960.0,-346.11,-12.36,True
295,Asia Pacific,Indonesia,Onshore conventional gas,Upstream,Gas,Replace with instrument air systems,-6.58,70.0,1960.0,-346.11,-12.36,True
296,Asia Pacific,India,Offshore gas,Upstream,Gas,Annual LDAR,-6.58,1410.0,39480.0,-346.11,-12.36,True
297,Asia Pacific,India,Offshore oil,Upstream,Oil,Annual LDAR,-6.58,1570.0,43960.0,-346.11,-12.36,True
298,Asia Pacific,Viet Nam,Downstream gas,Downstream,Gas,Vapour recovery units,-6.58,10.0,280.0,-346.11,-12.36,True
299,Europe,Italy,Offshore gas,Upstream,Gas,Annual LDAR,-6.57,10.0,280.0,-345.58,-12.34,True
300,Europe,Other EU17 countries,Offshore gas,Upstream,Gas,Annual LDAR,-6.53,10.0,280.0,-343.48,-12.27,True
301,Europe,Other countries in Europe,Onshore conventional oil,Upstream,Oil,Biannual LDAR,-6.52,250.0,7000.0,-342.95,-12.25,True
302,Europe,Other countries in Europe,Offshore gas,Upstream,Gas,Replace with instrument air systems,-6.52,290.0,8120.0,-342.95,-12.25,True
303,Asia Pacific,Malaysia,Onshore conventional oil,Upstream,Oil,Blowdown capture,-6.52,10.0,280.0,-342.95,-12.25,True
304,Europe,Denmark,Offshore gas,Upstream,Gas,Replace with instrument air systems,-6.52,140.0,3920.0,-342.95,-12.25,True
305,Asia Pacific,China,Offshore oil,Upstream,Oil,Replace with instrument air systems,-6.51,19160.0,536480.0,-342.43,-12.23,True
306,Europe,Denmark,Offshore oil,Upstream,Oil,Replace with instrument air systems,-6.5,330.0,9240.0,-341.9,-12.21,True
307,Europe,Ukraine,Onshore conventional gas,Upstream,Gas,Vapour recovery units,-6.5,14010.0,392280.0,-341.9,-12.21,True
308,Europe,United Kingdom,Onshore conventional oil,Upstream,Oil,Biannual LDAR,-6.48,30.0,840.0,-340.85,-12.17,True
309,Europe,United Kingdom,Unconventional gas,Upstream,Gas,Biannual LDAR,-6.48,10.0,280.0,-340.85,-12.17,True
310,Asia Pacific,Pakistan,Unconventional gas,Upstream,Gas,Continuous LDAR,-6.46,790.0,22120.0,-339.8,-12.14,True
311,Asia Pacific,Pakistan,Onshore conventional gas,Upstream,Gas,Continuous LDAR,-6.46,16090.0,450520.0,-339.8,-12.14,True
312,Asia Pacific,Pakistan,Onshore conventional oil,Upstream,Oil,Continuous LDAR,-6.46,4090.0,114520.0,-339.8,-12.14,True
313,Europe,Other EU7 countries,Offshore gas,Upstream,Gas,Biannual LDAR,-6.46,10.0,280.0,-339.8,-12.14,True
314,Asia Pacific,Indonesia,Onshore conventional gas,Upstream,Gas,Continuous LDAR,-6.46,12970.0,363160.0,-339.8,-12.14,True
315,Asia Pacific,Indonesia,Unconventional gas,Upstream,Gas,Continuous LDAR,-6.46,10.0,280.0,-339.8,-12.14,True
316,Asia Pacific,Indonesia,Onshore conventional oil,Upstream,Oil,Continuous LDAR,-6.46,16600.0,464800.0,-339.8,-12.14,True
317,Asia Pacific,Indonesia,Offshore oil,Upstream,Oil,Replace with instrument air systems,-6.46,2990.0,83720.0,-339.8,-12.14,True
318,Asia Pacific,Bangladesh,Onshore conventional oil,Upstream,Oil,Continuous LDAR,-6.46,90.0,2520.0,-339.8,-12.14,True
319,Asia Pacific,Bangladesh,Onshore conventional gas,Upstream,Gas,Continuous LDAR,-6.46,7890.0,220920.0,-339.8,-12.14,True
320,Asia Pacific,Indonesia,Onshore conventional oil,Upstream,Oil,Blowdown capture,-6.45,300.0,8400.0,-339.27,-12.12,True
321,Asia Pacific,Japan,Onshore conventional gas,Upstream,Gas,Vapour recovery units,-6.45,570.0,15960.0,-339.27,-12.12,True
322,Europe,United Kingdom,Offshore gas,Upstream,Gas,Replace with instrument air systems,-6.44,1650.0,46200.0,-338.74,-12.1,True
323,Europe,Poland,Offshore gas,Upstream,Gas,Continuous LDAR,-6.43,10.0,280.0,-338.22,-12.08,True
324,Europe,Poland,Offshore oil,Upstream,Oil,Continuous LDAR,-6.43,90.0,2520.0,-338.22,-12.08,True
325,Europe,Romania,Offshore oil,Upstream,Oil,Annual LDAR,-6.42,20.0,560.0,-337.69,-12.06,True
326,Europe,Romania,Offshore gas,Upstream,Gas,Annual LDAR,-6.42,80.0,2240.0,-337.69,-12.06,True
327,Asia Pacific,China,Onshore conventional oil,Upstream,Oil,Quarterly LDAR,-6.42,67650.0,1894200.0,-337.69,-12.06,True
328,Asia Pacific,China,Unconventional gas,Upstream,Gas,Quarterly LDAR,-6.42,85010.0,2380280.0,-337.69,-12.06,True
329,Asia Pacific,China,Onshore conventional gas,Upstream,Gas,Quarterly LDAR,-6.42,34430.0,964040.0,-337.69,-12.06,True
330,Asia Pacific,China,Onshore conventional oil,Upstream,Oil,Blowdown capture,-6.41,1290.0,36120.0,-337.17,-12.04,True
331,Asia Pacific,Australia,Onshore conventional oil,Upstream,Oil,Blowdown capture,-6.41,10.0,280.0,-337.17,-12.04,True
332,Asia Pacific,Thailand,Onshore conventional oil,Upstream,Oil,Blowdown capture,-6.41,30.0,840.0,-337.17,-12.04,True
333,Asia Pacific,India,Onshore conventional oil,Upstream,Oil,Quarterly LDAR,-6.4,17030.0,476840.0,-336.64,-12.02,True
334,Asia Pacific,India,Unconventional gas,Upstream,Gas,Quarterly LDAR,-6.4,3940.0,110320.0,-336.64,-12.02,True
335,Asia Pacific,India,Onshore conventional gas,Upstream,Gas,Quarterly LDAR,-6.4,7090.0,198520.0,-336.64,-12.02,True
336,Europe,Other countries in Europe,Onshore conventional gas,Upstream,Gas,Vapour recovery units,-6.39,250.0,7000.0,-336.11,-12.0,True
337,Europe,Ukraine,Downstream oil,Downstream,Oil,Biannual LDAR,-6.37,290.0,8120.0,-335.06,-11.97,True
338,Europe,Ukraine,Downstream gas,Downstream,Gas,Biannual LDAR,-6.37,9900.0,277200.0,-335.06,-11.97,True
339,Africa,South Africa,Downstream oil,Downstream,Oil,Biannual LDAR,-6.37,90.0,2520.0,-335.06,-11.97,True
340,Africa,South Africa,Downstream gas,Downstream,Gas,Biannual LDAR,-6.37,370.0,10360.0,-335.06,-11.97,True
341,Asia Pacific,Indonesia,Offshore gas,Upstream,Gas,Annual LDAR,-6.37,1090.0,30520.0,-335.06,-11.97,True
342,Asia Pacific,Indonesia,Offshore oil,Upstream,Oil,Annual LDAR,-6.37,220.0,6160.0,-335.06,-11.97,True
343,Europe,Other EU7 countries,Onshore conventional gas,Upstream,Gas,Vapour recovery units,-6.36,140.0,3920.0,-334.54,-11.95,True
344,Central and South America,Brazil,Offshore gas,Upstream,Gas,Biannual LDAR,-6.35,1090.0,30520.0,-334.01,-11.93,True
345,Central and South America,Brazil,Offshore oil,Upstream,Oil,Biannual LDAR,-6.35,11180.0,313040.0,-334.01,-11.93,True
346,Russia & Caspian,Azerbaijan,Onshore conventional oil,Upstream,Oil,Annual LDAR,-6.31,30.0,840.0,-331.91,-11.85,True
347,Asia Pacific,Bangladesh,Downstream gas,Downstream,Gas,Vapour recovery units,-6.31,30.0,840.0,-331.91,-11.85,True
348,Europe,Israel,Offshore gas,Upstream,Gas,Annual LDAR,-6.31,170.0,4760.0,-331.91,-11.85,True
349,Africa,South Africa,Downstream oil,Downstream,Oil,Annual LDAR,-6.31,30.0,840.0,-331.91,-11.85,True
350,Africa,South Africa,Downstream gas,Downstream,Gas,Annual LDAR,-6.31,120.0,3360.0,-331.91,-11.85,True
351,Europe,Ukraine,Downstream gas,Downstream,Gas,Annual LDAR,-6.31,3300.0,92400.0,-331.91,-11.85,True
352,Europe,Ukraine,Downstream oil,Downstream,Oil,Annual LDAR,-6.31,100.0,2800.0,-331.91,-11.85,True
353,Africa,Tanzania,Onshore conventional gas,Upstream,Gas,Annual LDAR,-6.3,30.0,840.0,-331.38,-11.84,True
354,Africa,South Sudan,Onshore conventional oil,Upstream,Oil,Annual LDAR,-6.3,220.0,6160.0,-331.38,-11.84,True
355,Africa,Sudan,Onshore conventional oil,Upstream,Oil,Annual LDAR,-6.3,80.0,2240.0,-331.38,-11.84,True
356,Africa,Senegal,Onshore conventional gas,Upstream,Gas,Annual LDAR,-6.3,50.0,1400.0,-331.38,-11.84,True
357,Africa,Mozambique,Onshore conventional oil,Upstream,Oil,Annual LDAR,-6.3,80.0,2240.0,-331.38,-11.84,True
358,Africa,Mozambique,Onshore conventional gas,Upstream,Gas,Annual LDAR,-6.3,180.0,5040.0,-331.38,-11.84,True
359,Africa,Niger,Onshore conventional oil,Upstream,Oil,Annual LDAR,-6.3,90.0,2520.0,-331.38,-11.84,True
360,Africa,Nigeria,Onshore conventional gas,Upstream,Gas,Annual LDAR,-6.3,1040.0,29120.0,-331.38,-11.84,True
361,Africa,Nigeria,Onshore conventional oil,Upstream,Oil,Annual LDAR,-6.3,2390.0,66920.0,-331.38,-11.84,True
362,Africa,Ghana,Onshore conventional oil,Upstream,Oil,Annual LDAR,-6.3,50.0,1400.0,-331.38,-11.84,True
363,Africa,Gabon,Onshore conventional oil,Upstream,Oil,Annual LDAR,-6.3,320.0,8960.0,-331.38,-11.84,True
364,Africa,Gabon,Onshore conventional gas,Upstream,Gas,Annual LDAR,-6.3,10.0,280.0,-331.38,-11.84,True
365,Africa,Botswana,Unconventional gas,Upstream,Gas,Annual LDAR,-6.3,10.0,280.0,-331.38,-11.84,True
366,Africa,Angola,Onshore conventional gas,Upstream,Gas,Annual LDAR,-6.3,30.0,840.0,-331.38,-11.84,True
367,Africa,Angola,Onshore conventional oil,Upstream,Oil,Annual LDAR,-6.3,20.0,560.0,-331.38,-11.84,True
368,Africa,Chad,Onshore conventional oil,Upstream,Oil,Annual LDAR,-6.3,220.0,6160.0,-331.38,-11.84,True
369,Africa,Congo,Onshore conventional gas,Upstream,Gas,Annual LDAR,-6.3,10.0,280.0,-331.38,-11.84,True
370,Africa,Congo,Onshore conventional oil,Upstream,Oil,Annual LDAR,-6.3,260.0,7280.0,-331.38,-11.84,True
371,Africa,Democratic Republic of Congo,Onshore conventional oil,Upstream,Oil,Annual LDAR,-6.3,20.0,560.0,-331.38,-11.84,True
372,Other,Other,Onshore conventional oil,Upstream,Oil,Annual LDAR,-6.29,10.0,280.0,-330.85,-11.82,True
373,Russia & Caspian,Turkmenistan,Onshore conventional oil,Upstream,Oil,Annual LDAR,-6.29,1540.0,43120.0,-330.85,-11.82,True
374,Russia & Caspian,Turkmenistan,Onshore conventional gas,Upstream,Gas,Annual LDAR,-6.29,7240.0,202720.0,-330.85,-11.82,True
375,Europe,United Kingdom,Onshore conventional gas,Upstream,Gas,Blowdown capture,-6.29,20.0,560.0,-330.85,-11.82,True
376,Europe,United Kingdom,Offshore gas,Upstream,Gas,Replace compressor seal or rod,-6.29,10.0,280.0,-330.85,-11.82,True
377,Europe,United Kingdom,Unconventional gas,Upstream,Gas,Blowdown capture,-6.29,100.0,2800.0,-330.85,-11.82,True
378,Asia Pacific,Bangladesh,Satellite - downstream,Downstream,Oil,Daily LDAR,-6.28,25760.0,721280.0,-330.33,-11.8,True
379,Russia & Caspian,Kazakhstan,Onshore conventional gas,Upstream,Gas,Annual LDAR,-6.28,480.0,13440.0,-330.33,-11.8,True
380,Russia & Caspian,Kazakhstan,Onshore conventional oil,Upstream,Oil,Annual LDAR,-6.28,1550.0,43400.0,-330.33,-11.8,True
381,Africa,Libya,Onshore conventional gas,Upstream,Gas,Annual LDAR,-6.26,100.0,2800.0,-329.28,-11.76,True
382,Africa,Libya,Onshore conventional oil,Upstream,Oil,Annual LDAR,-6.26,2210.0,61880.0,-329.28,-11.76,True
383,Africa,Gabon,Onshore conventional gas,Upstream,Gas,Continuous LDAR,-6.26,160.0,4480.0,-329.28,-11.76,True
384,Africa,Gabon,Onshore conventional oil,Upstream,Oil,Continuous LDAR,-6.26,5770.0,161560.0,-329.28,-11.76,True
385,Africa,Ghana,Onshore conventional oil,Upstream,Oil,Continuous LDAR,-6.26,950.0,26600.0,-329.28,-11.76,True
386,Africa,Egypt,Onshore conventional gas,Upstream,Gas,Annual LDAR,-6.26,190.0,5320.0,-329.28,-11.76,True
387,Africa,Egypt,Unconventional gas,Upstream,Gas,Annual LDAR,-6.26,30.0,840.0,-329.28,-11.76,True
388,Africa,Egypt,Onshore conventional oil,Upstream,Oil,Annual LDAR,-6.26,640.0,17920.0,-329.28,-11.76,True
389,Africa,Botswana,Unconventional gas,Upstream,Gas,Continuous LDAR,-6.26,180.0,5040.0,-329.28,-11.76,True
390,Russia & Caspian,Azerbaijan,Onshore conventional oil,Upstream,Oil,Continuous LDAR,-6.26,620.0,17360.0,-329.28,-11.76,True
391,Africa,Angola,Onshore conventional oil,Upstream,Oil,Continuous LDAR,-6.26,270.0,7560.0,-329.28,-11.76,True
392,Africa,Angola,Onshore conventional gas,Upstream,Gas,Continuous LDAR,-6.26,500.0,14000.0,-329.28,-11.76,True
393,Africa,Algeria,Unconventional gas,Upstream,Gas,Annual LDAR,-6.26,40.0,1120.0,-329.28,-11.76,True
394,Africa,Algeria,Onshore conventional gas,Upstream,Gas,Annual LDAR,-6.26,1960.0,54880.0,-329.28,-11.76,True
395,Africa,Algeria,Onshore conventional oil,Upstream,Oil,Annual LDAR,-6.26,3410.0,95480.0,-329.28,-11.76,True
396,Africa,Democratic Republic of Congo,Onshore conventional oil,Upstream,Oil,Continuous LDAR,-6.26,420.0,11760.0,-329.28,-11.76,True
397,Africa,Congo,Onshore conventional oil,Upstream,Oil,Continuous LDAR,-6.26,4670.0,130760.0,-329.28,-11.76,True
398,Africa,Congo,Onshore conventional gas,Upstream,Gas,Continuous LDAR,-6.26,140.0,3920.0,-329.28,-11.76,True
399,Central and South America,Colombia,Onshore conventional gas,Upstream,Gas,Continuous LDAR,-6.26,8970.0,251160.0,-329.28,-11.76,True
400,Central and South America,Colombia,Onshore conventional oil,Upstream,Oil,Continuous LDAR,-6.26,45800.0,1282400.0,-329.28,-11.76,True
401,Africa,Chad,Onshore conventional oil,Upstream,Oil,Continuous LDAR,-6.26,4010.0,112280.0,-329.28,-11.76,True
402,Africa,Cameroon,Onshore conventional gas,Upstream,Gas,Continuous LDAR,-6.26,20.0,560.0,-329.28,-11.76,True
403,Europe,Ukraine,Onshore conventional gas,Upstream,Gas,Replace pumps,-6.26,5990.0,167720.0,-329.28,-11.76,True
404,Africa,Tanzania,Onshore conventional gas,Upstream,Gas,Continuous LDAR,-6.26,520.0,14560.0,-329.28,-11.76,True
405,Africa,Tunisia,Onshore conventional gas,Upstream,Gas,Annual LDAR,-6.26,30.0,840.0,-329.28,-11.76,True
406,Africa,Tunisia,Onshore conventional oil,Upstream,Oil,Annual LDAR,-6.26,40.0,1120.0,-329.28,-11.76,True
407,Africa,Senegal,Onshore conventional gas,Upstream,Gas,Continuous LDAR,-6.26,860.0,24080.0,-329.28,-11.76,True
408,Africa,Sudan,Onshore conventional oil,Upstream,Oil,Continuous LDAR,-6.26,1380.0,38640.0,-329.28,-11.76,True
409,Africa,South Sudan,Onshore conventional oil,Upstream,Oil,Continuous LDAR,-6.26,4000.0,112000.0,-329.28,-11.76,True
410,Asia Pacific,Pakistan,Satellite - downstream,Downstream,Oil,Daily LDAR,-6.26,43680.0,1223040.0,-329.28,-11.76,True
411,Africa,Nigeria,Onshore conventional gas,Upstream,Gas,Continuous LDAR,-6.26,18780.0,525840.0,-329.28,-11.76,True
412,Africa,Niger,Onshore conventional oil,Upstream,Oil,Continuous LDAR,-6.26,1610.0,45080.0,-329.28,-11.76,True
413,Asia Pacific,New Zealand,Onshore conventional oil,Upstream,Oil,Biannual LDAR,-6.26,10.0,280.0,-329.28,-11.76,True
414,Asia Pacific,New Zealand,Onshore conventional gas,Upstream,Gas,Biannual LDAR,-6.26,60.0,1680.0,-329.28,-11.76,True
415,Africa,Nigeria,Onshore conventional oil,Upstream,Oil,Continuous LDAR,-6.26,43000.0,1204000.0,-329.28,-11.76,True
416,Africa,Mozambique,Onshore conventional gas,Upstream,Gas,Continuous LDAR,-6.26,3180.0,89040.0,-329.28,-11.76,True
417,Africa,Mozambique,Onshore conventional oil,Upstream,Oil,Continuous LDAR,-6.26,1460.0,40880.0,-329.28,-11.76,True
418,Africa,Morocco,Onshore conventional gas,Upstream,Gas,Continuous LDAR,-6.25,10.0,280.0,-328.75,-11.74,True
419,Other,Other,Onshore conventional oil,Upstream,Oil,Annual LDAR,-6.25,10.0,280.0,-328.75,-11.74,True
420,Other,Other,Onshore conventional gas,Upstream,Gas,Annual LDAR,-6.25,10.0,280.0,-328.75,-11.74,True
421,Europe,Poland,Onshore conventional gas,Upstream,Gas,Vapour recovery units,-6.25,820.0,22960.0,-328.75,-11.74,True
422,Africa,Tunisia,Onshore conventional oil,Upstream,Oil,Continuous LDAR,-6.25,760.0,21280.0,-328.75,-11.74,True
423,Africa,Tunisia,Onshore conventional gas,Upstream,Gas,Continuous LDAR,-6.25,520.0,14560.0,-328.75,-11.74,True
424,Africa,Algeria,Onshore conventional oil,Upstream,Oil,Continuous LDAR,-6.25,61350.0,1717800.0,-328.75,-11.74,True
425,Africa,Algeria,Onshore conventional gas,Upstream,Gas,Continuous LDAR,-6.25,35210.0,985880.0,-328.75,-11.74,True
426,Africa,Algeria,Unconventional gas,Upstream,Gas,Continuous LDAR,-6.25,690.0,19320.0,-328.75,-11.74,True
427,Central and South America,Brazil,Onshore conventional gas,Upstream,Gas,Blowdown capture,-6.25,4590.0,128520.0,-328.75,-11.74,True
428,Africa,Egypt,Onshore conventional oil,Upstream,Oil,Continuous LDAR,-6.25,11470.0,321160.0,-328.75,-11.74,True
429,Africa,Egypt,Unconventional gas,Upstream,Gas,Continuous LDAR,-6.25,570.0,15960.0,-328.75,-11.74,True
430,Africa,Egypt,Onshore conventional gas,Upstream,Gas,Continuous LDAR,-6.25,3390.0,94920.0,-328.75,-11.74,True
431,Africa,Libya,Onshore conventional oil,Upstream,Oil,Continuous LDAR,-6.25,39830.0,1115240.0,-328.75,-11.74,True
432,Africa,Libya,Onshore conventional gas,Upstream,Gas,Continuous LDAR,-6.25,1760.0,49280.0,-328.75,-11.74,True
433,Europe,Israel,Onshore conventional oil,Upstream,Oil,Replace pumps,-6.24,190.0,5320.0,-328.22,-11.72,True
434,Central and South America,Ecuador,Onshore conventional gas,Upstream,Gas,Continuous LDAR,-6.24,80.0,2240.0,-328.22,-11.72,True
435,Central and South America,Ecuador,Onshore conventional oil,Upstream,Oil,Continuous LDAR,-6.24,18300.0,512400.0,-328.22,-11.72,True
436,Central and South America,Bolivia,Onshore conventional oil,Upstream,Oil,Continuous LDAR,-6.24,1490.0,41720.0,-328.22,-11.72,True
437,Central and South America,Bolivia,Onshore conventional gas,Upstream,Gas,Continuous LDAR,-6.24,3300.0,92400.0,-328.22,-11.72,True
438,Asia Pacific,Australia,Onshore conventional oil,Upstream,Oil,Annual LDAR,-6.24,20.0,560.0,-328.22,-11.72,True
439,Central and South America,Argentina,Unconventional gas,Upstream,Gas,Continuous LDAR,-6.24,28700.0,803600.0,-328.22,-11.72,True
440,Central and South America,Argentina,Onshore conventional gas,Upstream,Gas,Continuous LDAR,-6.24,4290.0,120120.0,-328.22,-11.72,True
441,Central and South America,Argentina,Onshore conventional oil,Upstream,Oil,Continuous LDAR,-6.24,10490.0,293720.0,-328.22,-11.72,True
442,Asia Pacific,Australia,Unconventional gas,Upstream,Gas,Annual LDAR,-6.24,620.0,17360.0,-328.22,-11.72,True
443,Central and South America,Argentina,Unconventional oil,Upstream,Oil,Continuous LDAR,-6.24,32880.0,920640.0,-328.22,-11.72,True
444,Asia Pacific,Australia,Onshore conventional gas,Upstream,Gas,Annual LDAR,-6.24,30.0,840.0,-328.22,-11.72,True
445,Central and South America,Cuba,Onshore conventional oil,Upstream,Oil,Continuous LDAR,-6.24,260.0,7280.0,-328.22,-11.72,True
446,Central and South America,Cuba,Onshore conventional gas,Upstream,Gas,Continuous LDAR,-6.24,360.0,10080.0,-328.22,-11.72,True
447,Central and South America,Trinidad and Tobago,Onshore conventional gas,Upstream,Gas,Continuous LDAR,-6.24,450.0,12600.0,-328.22,-11.72,True
448,Central and South America,Trinidad and Tobago,Onshore conventional oil,Upstream,Oil,Continuous LDAR,-6.24,830.0,23240.0,-328.22,-11.72,True
449,Europe,Poland,Offshore oil,Upstream,Oil,Biannual LDAR,-6.24,10.0,280.0,-328.22,-11.72,True
450,Other,Other,Onshore conventional gas,Upstream,Gas,Continuous LDAR,-6.24,10.0,280.0,-328.22,-11.72,True
451,Other,Other,Onshore conventional oil,Upstream,Oil,Continuous LDAR,-6.24,630.0,17640.0,-328.22,-11.72,True
452,Central and South America,Peru,Onshore conventional gas,Upstream,Gas,Continuous LDAR,-6.24,7710.0,215880.0,-328.22,-11.72,True
453,Central and South America,Peru,Onshore conventional oil,Upstream,Oil,Continuous LDAR,-6.24,2690.0,75320.0,-328.22,-11.72,True
454,Central and South America,Venezuela,Onshore conventional oil,Upstream,Oil,Continuous LDAR,-6.24,148100.0,4146800.0,-328.22,-11.72,True
455,Central and South America,Venezuela,Onshore conventional gas,Upstream,Gas,Continuous LDAR,-6.24,16830.0,471240.0,-328.22,-11.72,True
456,Central and South America,Venezuela,Onshore conventional gas,Upstream,Gas,Annual LDAR,-6.23,930.0,26040.0,-327.7,-11.7,True
457,Central and South America,Venezuela,Onshore conventional oil,Upstream,Oil,Annual LDAR,-6.23,8230.0,230440.0,-327.7,-11.7,True
458,Central and South America,Peru,Onshore conventional oil,Upstream,Oil,Annual LDAR,-6.23,150.0,4200.0,-327.7,-11.7,True
459,Central and South America,Peru,Onshore conventional gas,Upstream,Gas,Annual LDAR,-6.23,430.0,12040.0,-327.7,-11.7,True
460,Other,Other,Onshore conventional oil,Upstream,Oil,Annual LDAR,-6.23,30.0,840.0,-327.7,-11.7,True
461,Central and South America,Trinidad and Tobago,Onshore conventional oil,Upstream,Oil,Annual LDAR,-6.23,50.0,1400.0,-327.7,-11.7,True
462,Central and South America,Trinidad and Tobago,Onshore conventional gas,Upstream,Gas,Annual LDAR,-6.23,30.0,840.0,-327.7,-11.7,True
463,Central and South America,Cuba,Onshore conventional gas,Upstream,Gas,Annual LDAR,-6.23,20.0,560.0,-327.7,-11.7,True
464,Central and South America,Cuba,Onshore conventional oil,Upstream,Oil,Annual LDAR,-6.23,10.0,280.0,-327.7,-11.7,True
465,Central and South America,Argentina,Unconventional oil,Upstream,Oil,Annual LDAR,-6.23,1830.0,51240.0,-327.7,-11.7,True
466,Central and South America,Argentina,Onshore conventional oil,Upstream,Oil,Annual LDAR,-6.23,580.0,16240.0,-327.7,-11.7,True
467,Central and South America,Argentina,Onshore conventional gas,Upstream,Gas,Annual LDAR,-6.23,240.0,6720.0,-327.7,-11.7,True
468,Central and South America,Argentina,Unconventional gas,Upstream,Gas,Annual LDAR,-6.23,1590.0,44520.0,-327.7,-11.7,True
469,Central and South America,Bolivia,Onshore conventional gas,Upstream,Gas,Annual LDAR,-6.23,180.0,5040.0,-327.7,-11.7,True
470,Central and South America,Bolivia,Onshore conventional oil,Upstream,Oil,Annual LDAR,-6.23,80.0,2240.0,-327.7,-11.7,True
471,Central and South America,Ecuador,Onshore conventional oil,Upstream,Oil,Annual LDAR,-6.23,1020.0,28560.0,-327.7,-11.7,True
472,Russia & Caspian,Turkmenistan,Onshore conventional gas,Upstream,Gas,Continuous LDAR,-6.21,130350.0,3649800.0,-326.65,-11.67,True
473,Russia & Caspian,Turkmenistan,Onshore conventional oil,Upstream,Oil,Continuous LDAR,-6.21,27630.0,773640.0,-326.65,-11.67,True
474,Europe,United Kingdom,Offshore oil,Upstream,Oil,Replace with instrument air systems,-6.21,3900.0,109200.0,-326.65,-11.67,True
475,Other,Other,Onshore conventional oil,Upstream,Oil,Continuous LDAR,-6.21,220.0,6160.0,-326.65,-11.67,True
476,Other,Other,Onshore conventional gas,Upstream,Gas,Continuous LDAR,-6.21,20.0,560.0,-326.65,-11.67,True
477,Europe,Other countries in Europe,Onshore conventional gas,Upstream,Gas,Replace pumps,-6.21,110.0,3080.0,-326.65,-11.67,True
478,Asia Pacific,New Zealand,Offshore gas,Upstream,Gas,Replace with instrument air systems,-6.21,170.0,4760.0,-326.65,-11.67,True
479,Asia Pacific,Pakistan,Onshore conventional oil,Upstream,Oil,Quarterly LDAR,-6.2,3840.0,107520.0,-326.12,-11.65,True
480,Asia Pacific,Pakistan,Onshore conventional gas,Upstream,Gas,Quarterly LDAR,-6.2,15080.0,422240.0,-326.12,-11.65,True
481,Asia Pacific,Pakistan,Unconventional gas,Upstream,Gas,Quarterly LDAR,-6.2,740.0,20720.0,-326.12,-11.65,True
482,Asia Pacific,Bangladesh,Onshore conventional oil,Upstream,Oil,Quarterly LDAR,-6.2,90.0,2520.0,-326.12,-11.65,True
483,Asia Pacific,Bangladesh,Onshore conventional gas,Upstream,Gas,Quarterly LDAR,-6.2,7400.0,207200.0,-326.12,-11.65,True
484,Middle East,Bahrain,Onshore conventional oil,Upstream,Oil,Annual LDAR,-6.19,310.0,8680.0,-325.59,-11.63,True
485,Middle East,Bahrain,Onshore conventional gas,Upstream,Gas,Annual LDAR,-6.19,500.0,14000.0,-325.59,-11.63,True
486,Asia Pacific,Indonesia,Onshore conventional gas,Upstream,Gas,Quarterly LDAR,-6.19,12160.0,340480.0,-325.59,-11.63,True
487,Middle East,Iraq,Onshore conventional oil,Upstream,Oil,Annual LDAR,-6.19,5890.0,164920.0,-325.59,-11.63,True
488,Asia Pacific,Indonesia,Unconventional gas,Upstream,Gas,Quarterly LDAR,-6.19,10.0,280.0,-325.59,-11.63,True
489,Asia Pacific,Indonesia,Onshore conventional oil,Upstream,Oil,Quarterly LDAR,-6.19,15560.0,435680.0,-325.59,-11.63,True
490,Middle East,Iran,Onshore conventional gas,Upstream,Gas,Annual LDAR,-6.19,910.0,25480.0,-325.59,-11.63,True
491,Middle East,Iran,Onshore conventional oil,Upstream,Oil,Annual LDAR,-6.19,7210.0,201880.0,-325.59,-11.63,True
492,Middle East,Iraq,Onshore conventional gas,Upstream,Gas,Annual LDAR,-6.19,130.0,3640.0,-325.59,-11.63,True
493,Middle East,Kuwait,Onshore conventional oil,Upstream,Oil,Annual LDAR,-6.19,2560.0,71680.0,-325.59,-11.63,True
494,Middle East,Kuwait,Onshore conventional gas,Upstream,Gas,Annual LDAR,-6.19,270.0,7560.0,-325.59,-11.63,True
495,Middle East,Jordan,Onshore conventional oil,Upstream,Oil,Annual LDAR,-6.19,10.0,280.0,-325.59,-11.63,True
496,Middle East,Oman,Onshore conventional gas,Upstream,Gas,Annual LDAR,-6.19,560.0,15680.0,-325.59,-11.63,True
497,Middle East,Oman,Unconventional gas,Upstream,Gas,Annual LDAR,-6.19,450.0,12600.0,-325.59,-11.63,True
498,Middle East,Oman,Onshore conventional oil,Upstream,Oil,Annual LDAR,-6.19,1390.0,38920.0,-325.59,-11.63,True
499,Middle East,United Arab Emirates,Onshore conventional oil,Upstream,Oil,Annual LDAR,-6.19,1430.0,40040.0,-325.59,-11.63,True
500,Middle East,United Arab Emirates,Onshore conventional gas,Upstream,Gas,Annual LDAR,-6.19,400.0,11200.0,-325.59,-11.63,True
501,Middle East,Qatar,Onshore conventional gas,Upstream,Gas,Annual LDAR,-6.19,40.0,1120.0,-325.59,-11.63,True
502,Middle East,Qatar,Onshore conventional oil,Upstream,Oil,Annual LDAR,-6.19,370.0,10360.0,-325.59,-11.63,True
503,Middle East,Syria,Onshore conventional oil,Upstream,Oil,Annual LDAR,-6.19,1100.0,30800.0,-325.59,-11.63,True
504,Middle East,Syria,Onshore conventional gas,Upstream,Gas,Annual LDAR,-6.19,450.0,12600.0,-325.59,-11.63,True
505,Middle East,Saudi Arabia,Onshore conventional oil,Upstream,Oil,Annual LDAR,-6.19,3750.0,105000.0,-325.59,-11.63,True
506,Middle East,Saudi Arabia,Unconventional gas,Upstream,Gas,Annual LDAR,-6.19,140.0,3920.0,-325.59,-11.63,True
507,Middle East,Saudi Arabia,Onshore conventional gas,Upstream,Gas,Annual LDAR,-6.19,420.0,11760.0,-325.59,-11.63,True
508,Middle East,Yemen,Onshore conventional oil,Upstream,Oil,Annual LDAR,-6.19,470.0,13160.0,-325.59,-11.63,True
509,Russia & Caspian,Uzbekistan,Onshore conventional gas,Upstream,Gas,Annual LDAR,-6.19,3970.0,111160.0,-325.59,-11.63,True
510,Russia & Caspian,Uzbekistan,Onshore conventional oil,Upstream,Oil,Annual LDAR,-6.19,530.0,14840.0,-325.59,-11.63,True
511,Africa,Senegal,Onshore conventional gas,Upstream,Gas,Biannual LDAR,-6.17,140.0,3920.0,-324.54,-11.59,True
512,Africa,Sudan,Onshore conventional oil,Upstream,Oil,Biannual LDAR,-6.17,230.0,6440.0,-324.54,-11.59,True
513,Africa,South Sudan,Onshore conventional oil,Upstream,Oil,Biannual LDAR,-6.17,670.0,18760.0,-324.54,-11.59,True
514,Europe,Ukraine,Offshore gas,Upstream,Gas,Quarterly LDAR,-6.17,700.0,19600.0,-324.54,-11.59,True
515,Africa,Tanzania,Onshore conventional gas,Upstream,Gas,Biannual LDAR,-6.17,90.0,2520.0,-324.54,-11.59,True
516,Africa,Niger,Onshore conventional oil,Upstream,Oil,Biannual LDAR,-6.17,270.0,7560.0,-324.54,-11.59,True
517,Africa,Nigeria,Onshore conventional oil,Upstream,Oil,Biannual LDAR,-6.17,7170.0,200760.0,-324.54,-11.59,True
518,Africa,Nigeria,Onshore conventional gas,Upstream,Gas,Biannual LDAR,-6.17,3130.0,87640.0,-324.54,-11.59,True
519,Africa,Mozambique,Onshore conventional gas,Upstream,Gas,Biannual LDAR,-6.17,530.0,14840.0,-324.54,-11.59,True
520,Africa,Mozambique,Onshore conventional oil,Upstream,Oil,Biannual LDAR,-6.17,240.0,6720.0,-324.54,-11.59,True
521,Africa,Ghana,Onshore conventional oil,Upstream,Oil,Biannual LDAR,-6.17,160.0,4480.0,-324.54,-11.59,True
522,Africa,Gabon,Onshore conventional oil,Upstream,Oil,Biannual LDAR,-6.17,960.0,26880.0,-324.54,-11.59,True
523,Africa,Gabon,Onshore conventional gas,Upstream,Gas,Biannual LDAR,-6.17,30.0,840.0,-324.54,-11.59,True
524,Russia & Caspian,Azerbaijan,Onshore conventional oil,Upstream,Oil,Biannual LDAR,-6.17,100.0,2800.0,-324.54,-11.59,True
525,Africa,Botswana,Unconventional gas,Upstream,Gas,Biannual LDAR,-6.17,30.0,840.0,-324.54,-11.59,True
526,Africa,Angola,Onshore conventional gas,Upstream,Gas,Biannual LDAR,-6.17,80.0,2240.0,-324.54,-11.59,True
527,Africa,Angola,Onshore conventional oil,Upstream,Oil,Biannual LDAR,-6.17,50.0,1400.0,-324.54,-11.59,True
528,Africa,Democratic Republic of Congo,Onshore conventional oil,Upstream,Oil,Biannual LDAR,-6.17,70.0,1960.0,-324.54,-11.59,True
529,Africa,Congo,Onshore conventional gas,Upstream,Gas,Biannual LDAR,-6.17,20.0,560.0,-324.54,-11.59,True
530,Africa,Congo,Onshore conventional oil,Upstream,Oil,Biannual LDAR,-6.17,780.0,21840.0,-324.54,-11.59,True
531,Africa,Chad,Onshore conventional oil,Upstream,Oil,Biannual LDAR,-6.17,670.0,18760.0,-324.54,-11.59,True
532,Russia & Caspian,Kazakhstan,Onshore conventional oil,Upstream,Oil,Continuous LDAR,-6.16,27820.0,778960.0,-324.02,-11.57,True
533,Russia & Caspian,Kazakhstan,Onshore conventional gas,Upstream,Gas,Continuous LDAR,-6.16,8620.0,241360.0,-324.02,-11.57,True
534,Other,Other,Onshore conventional gas,Upstream,Gas,Annual LDAR,-6.16,240.0,6720.0,-324.02,-11.57,True
535,Other,Other,Onshore conventional oil,Upstream,Oil,Annual LDAR,-6.16,70.0,1960.0,-324.02,-11.57,True
536,Other,Other,Onshore conventional oil,Upstream,Oil,Biannual LDAR,-6.15,40.0,1120.0,-323.49,-11.55,True
537,Russia & Caspian,Turkmenistan,Onshore conventional oil,Upstream,Oil,Biannual LDAR,-6.15,4610.0,129080.0,-323.49,-11.55,True
538,Russia & Caspian,Turkmenistan,Onshore conventional gas,Upstream,Gas,Biannual LDAR,-6.15,21730.0,608440.0,-323.49,-11.55,True
539,Asia Pacific,Japan,Downstream oil,Downstream,Oil,Replace with electric motor,-6.15,1870.0,52360.0,-323.49,-11.55,True
540,Europe,Norway,Onshore conventional oil,Upstream,Oil,Biannual LDAR,-6.14,10.0,280.0,-322.96,-11.53,True
541,Asia Pacific,New Zealand,Offshore oil,Upstream,Oil,Replace with instrument air systems,-6.13,110.0,3080.0,-322.44,-11.52,True
542,Russia & Caspian,Kazakhstan,Onshore conventional gas,Upstream,Gas,Biannual LDAR,-6.13,1440.0,40320.0,-322.44,-11.52,True
543,Russia & Caspian,Kazakhstan,Onshore conventional oil,Upstream,Oil,Biannual LDAR,-6.13,4640.0,129920.0,-322.44,-11.52,True
544,Africa,Libya,Onshore conventional oil,Upstream,Oil,Biannual LDAR,-6.11,6640.0,185920.0,-321.39,-11.48,True
545,Africa,Libya,Onshore conventional gas,Upstream,Gas,Biannual LDAR,-6.11,290.0,8120.0,-321.39,-11.48,True
546,Europe,Italy,Onshore conventional gas,Upstream,Gas,Quarterly LDAR,-6.11,90.0,2520.0,-321.39,-11.48,True
547,Europe,Italy,Onshore conventional oil,Upstream,Oil,Quarterly LDAR,-6.11,530.0,14840.0,-321.39,-11.48,True
548,Africa,Egypt,Unconventional gas,Upstream,Gas,Biannual LDAR,-6.11,100.0,2800.0,-321.39,-11.48,True
549,Africa,Egypt,Onshore conventional gas,Upstream,Gas,Biannual LDAR,-6.11,570.0,15960.0,-321.39,-11.48,True
550,Africa,Egypt,Onshore conventional oil,Upstream,Oil,Biannual LDAR,-6.11,1910.0,53480.0,-321.39,-11.48,True
551,Africa,Algeria,Unconventional gas,Upstream,Gas,Biannual LDAR,-6.11,110.0,3080.0,-321.39,-11.48,True
552,Africa,Algeria,Onshore conventional gas,Upstream,Gas,Biannual LDAR,-6.11,5870.0,164360.0,-321.39,-11.48,True
553,Africa,Algeria,Onshore conventional oil,Upstream,Oil,Biannual LDAR,-6.11,10220.0,286160.0,-321.39,-11.48,True
554,Africa,Tunisia,Onshore conventional gas,Upstream,Gas,Biannual LDAR,-6.11,90.0,2520.0,-321.39,-11.48,True
555,Africa,Tunisia,Onshore conventional oil,Upstream,Oil,Biannual LDAR,-6.11,130.0,3640.0,-321.39,-11.48,True
556,Other,Other,Onshore conventional oil,Upstream,Oil,Biannual LDAR,-6.1,30.0,840.0,-320.86,-11.46,True
557,Other,Other,Onshore conventional oil,Upstream,Oil,Continuous LDAR,-6.1,190.0,5320.0,-320.86,-11.46,True
558,Other,Other,Onshore conventional gas,Upstream,Gas,Biannual LDAR,-6.1,40.0,1120.0,-320.86,-11.46,True
559,Other,Other,Onshore conventional gas,Upstream,Gas,Continuous LDAR,-6.1,240.0,6720.0,-320.86,-11.46,True
560,Europe,Germany,Offshore oil,Upstream,Oil,Annual LDAR,-6.1,10.0,280.0,-320.86,-11.46,True
561,Asia Pacific,Korea,Downstream oil,Downstream,Oil,Replace with electric motor,-6.1,1710.0,47880.0,-320.86,-11.46,True
562,Asia Pacific,China,Onshore conventional gas,Upstream,Gas,Blowdown capture,-6.09,87670.0,2454760.0,-320.33,-11.44,True
563,Asia Pacific,China,Unconventional gas,Upstream,Gas,Blowdown capture,-6.09,174780.0,4893840.0,-320.33,-11.44,True
564,Europe,Other countries in Europe,Downstream oil,Downstream,Oil,Biannual LDAR,-6.09,250.0,7000.0,-320.33,-11.44,True
565,Europe,Other countries in Europe,Downstream gas,Downstream,Gas,Biannual LDAR,-6.09,5220.0,146160.0,-320.33,-11.44,True
566,Other,Other,Onshore conventional oil,Upstream,Oil,Biannual LDAR,-6.07,100.0,2800.0,-319.28,-11.4,True
567,Central and South America,Peru,Onshore conventional gas,Upstream,Gas,Biannual LDAR,-6.07,1290.0,36120.0,-319.28,-11.4,True
568,Central and South America,Peru,Onshore conventional oil,Upstream,Oil,Biannual LDAR,-6.07,450.0,12600.0,-319.28,-11.4,True
569,Europe,Other EU17 countries,Onshore conventional oil,Upstream,Oil,Quarterly LDAR,-6.07,500.0,14000.0,-319.28,-11.4,True
570,Europe,Other EU17 countries,Unconventional gas,Upstream,Gas,Quarterly LDAR,-6.07,120.0,3360.0,-319.28,-11.4,True
571,Europe,Other EU17 countries,Onshore conventional gas,Upstream,Gas,Quarterly LDAR,-6.07,550.0,15400.0,-319.28,-11.4,True
572,Central and South America,Trinidad and Tobago,Onshore conventional gas,Upstream,Gas,Biannual LDAR,-6.07,80.0,2240.0,-319.28,-11.4,True
573,Central and South America,Trinidad and Tobago,Onshore conventional oil,Upstream,Oil,Biannual LDAR,-6.07,140.0,3920.0,-319.28,-11.4,True
574,Central and South America,Cuba,Onshore conventional oil,Upstream,Oil,Biannual LDAR,-6.07,40.0,1120.0,-319.28,-11.4,True
575,Central and South America,Cuba,Onshore conventional gas,Upstream,Gas,Biannual LDAR,-6.07,60.0,1680.0,-319.28,-11.4,True
576,Central and South America,Argentina,Unconventional gas,Upstream,Gas,Biannual LDAR,-6.07,4780.0,133840.0,-319.28,-11.4,True
577,Central and South America,Argentina,Onshore conventional gas,Upstream,Gas,Biannual LDAR,-6.07,720.0,20160.0,-319.28,-11.4,True
578,Central and South America,Argentina,Onshore conventional oil,Upstream,Oil,Biannual LDAR,-6.07,1750.0,49000.0,-319.28,-11.4,True
579,Central and South America,Argentina,Unconventional oil,Upstream,Oil,Biannual LDAR,-6.07,5480.0,153440.0,-319.28,-11.4,True
580,Central and South America,Bolivia,Onshore conventional oil,Upstream,Oil,Biannual LDAR,-6.07,250.0,7000.0,-319.28,-11.4,True
581,Central and South America,Bolivia,Onshore conventional gas,Upstream,Gas,Biannual LDAR,-6.07,550.0,15400.0,-319.28,-11.4,True
582,Central and South America,Ecuador,Onshore conventional oil,Upstream,Oil,Biannual LDAR,-6.07,3050.0,85400.0,-319.28,-11.4,True
583,Central and South America,Ecuador,Onshore conventional gas,Upstream,Gas,Biannual LDAR,-6.07,10.0,280.0,-319.28,-11.4,True
584,Central and South America,Venezuela,Onshore conventional gas,Upstream,Gas,Biannual LDAR,-6.07,2800.0,78400.0,-319.28,-11.4,True
585,Central and South America,Venezuela,Onshore conventional oil,Upstream,Oil,Biannual LDAR,-6.07,24680.0,691040.0,-319.28,-11.4,True
586,Russia & Caspian,Azerbaijan,Offshore gas,Upstream,Gas,Replace with instrument air systems,-6.06,4530.0,126840.0,-318.76,-11.38,True
587,Europe,Other countries in Europe,Downstream gas,Downstream,Gas,Annual LDAR,-6.06,1740.0,48720.0,-318.76,-11.38,True
588,Europe,Other countries in Europe,Downstream oil,Downstream,Oil,Annual LDAR,-6.06,80.0,2240.0,-318.76,-11.38,True
589,Europe,Other countries in Europe,Onshore conventional oil,Upstream,Oil,Replace pumps,-6.06,2190.0,61320.0,-318.76,-11.38,True
590,Other,Other,Offshore oil,Upstream,Oil,Replace with instrument air systems,-6.05,20.0,560.0,-318.23,-11.37,True
591,Africa,Nigeria,Onshore conventional gas,Upstream,Gas,Replace with instrument air systems,-6.05,100.0,2800.0,-318.23,-11.37,True
592,Africa,Nigeria,Offshore gas,Upstream,Gas,Replace with instrument air systems,-6.05,3150.0,88200.0,-318.23,-11.37,True
593,Africa,Mozambique,Offshore oil,Upstream,Oil,Replace with instrument air systems,-6.05,1120.0,31360.0,-318.23,-11.37,True
594,Africa,Mozambique,Offshore gas,Upstream,Gas,Replace with instrument air systems,-6.05,1780.0,49840.0,-318.23,-11.37,True
595,Africa,Tanzania,Offshore gas,Upstream,Gas,Replace with instrument air systems,-6.05,180.0,5040.0,-318.23,-11.37,True
596,Africa,Senegal,Offshore oil,Upstream,Oil,Replace with instrument air systems,-6.05,1730.0,48440.0,-318.23,-11.37,True
597,Africa,Angola,Offshore gas,Upstream,Gas,Replace with instrument air systems,-6.05,20.0,560.0,-318.23,-11.37,True
598,Africa,Cote d'Ivoire,Offshore gas,Upstream,Gas,Replace with instrument air systems,-6.05,430.0,12040.0,-318.23,-11.37,True
599,Africa,Cote d'Ivoire,Offshore oil,Upstream,Oil,Replace with instrument air systems,-6.05,480.0,13440.0,-318.23,-11.37,True
600,Africa,Congo,Offshore gas,Upstream,Gas,Replace with instrument air systems,-6.05,110.0,3080.0,-318.23,-11.37,True
601,Africa,Cameroon,Offshore gas,Upstream,Gas,Replace with instrument air systems,-6.05,520.0,14560.0,-318.23,-11.37,True
602,Africa,Equatorial Guinea,Offshore gas,Upstream,Gas,Replace with instrument air systems,-6.05,2650.0,74200.0,-318.23,-11.37,True
603,Africa,Ghana,Offshore gas,Upstream,Gas,Replace with instrument air systems,-6.05,350.0,9800.0,-318.23,-11.37,True
604,Africa,Gabon,Offshore gas,Upstream,Gas,Replace with instrument air systems,-6.05,40.0,1120.0,-318.23,-11.37,True
605,Asia Pacific,India,Onshore conventional gas,Upstream,Gas,Blowdown capture,-6.04,13050.0,365400.0,-317.7,-11.35,True
606,Asia Pacific,India,Unconventional gas,Upstream,Gas,Blowdown capture,-6.04,6250.0,175000.0,-317.7,-11.35,True
607,Central and South America,Colombia,Offshore gas,Upstream,Gas,Replace with instrument air systems,-6.04,60.0,1680.0,-317.7,-11.35,True
608,Central and South America,Colombia,Onshore conventional gas,Upstream,Gas,Replace with instrument air systems,-6.04,20.0,560.0,-317.7,-11.35,True
609,Russia & Caspian,Turkmenistan,Offshore gas,Upstream,Gas,Replace with instrument air systems,-6.04,3920.0,109760.0,-317.7,-11.35,True
610,Russia & Caspian,Azerbaijan,Offshore oil,Upstream,Oil,Replace with instrument air systems,-6.02,7490.0,209720.0,-316.65,-11.31,True
611,Russia & Caspian,Kazakhstan,Offshore gas,Upstream,Gas,Replace with instrument air systems,-6.02,550.0,15400.0,-316.65,-11.31,True
612,Russia & Caspian,Kazakhstan,Onshore conventional gas,Upstream,Gas,Replace with instrument air systems,-6.02,50.0,1400.0,-316.65,-11.31,True
613,Europe,Other EU7 countries,Downstream gas,Downstream,Gas,Biannual LDAR,-6.01,600.0,16800.0,-316.13,-11.29,True
614,Europe,Other EU7 countries,Downstream oil,Downstream,Oil,Biannual LDAR,-6.01,40.0,1120.0,-316.13,-11.29,True
615,Russia & Caspian,Uzbekistan,Onshore conventional oil,Upstream,Oil,Biannual LDAR,-6.01,1600.0,44800.0,-316.13,-11.29,True
616,Russia & Caspian,Uzbekistan,Onshore conventional gas,Upstream,Gas,Biannual LDAR,-6.01,11900.0,333200.0,-316.13,-11.29,True
617,Middle East,Yemen,Onshore conventional oil,Upstream,Oil,Biannual LDAR,-6.0,1410.0,39480.0,-315.6,-11.27,True
618,Africa,Nigeria,Offshore oil,Upstream,Oil,Replace with instrument air systems,-6.0,35820.0,1002960.0,-315.6,-11.27,True
619,Middle East,Oman,Onshore conventional gas,Upstream,Gas,Biannual LDAR,-6.0,1680.0,47040.0,-315.6,-11.27,True
620,Middle East,Oman,Onshore conventional oil,Upstream,Oil,Biannual LDAR,-6.0,4170.0,116760.0,-315.6,-11.27,True
621,Middle East,Oman,Unconventional gas,Upstream,Gas,Biannual LDAR,-6.0,1360.0,38080.0,-315.6,-11.27,True
622,Middle East,United Arab Emirates,Onshore conventional gas,Upstream,Gas,Biannual LDAR,-6.0,1200.0,33600.0,-315.6,-11.27,True
623,Middle East,United Arab Emirates,Onshore conventional oil,Upstream,Oil,Biannual LDAR,-6.0,4290.0,120120.0,-315.6,-11.27,True
624,Middle East,Syria,Onshore conventional gas,Upstream,Gas,Biannual LDAR,-6.0,1340.0,37520.0,-315.6,-11.27,True
625,Middle East,Syria,Onshore conventional oil,Upstream,Oil,Biannual LDAR,-6.0,3300.0,92400.0,-315.6,-11.27,True
626,Middle East,Saudi Arabia,Onshore conventional oil,Upstream,Oil,Biannual LDAR,-6.0,11250.0,315000.0,-315.6,-11.27,True
627,Middle East,Saudi Arabia,Unconventional gas,Upstream,Gas,Biannual LDAR,-6.0,410.0,11480.0,-315.6,-11.27,True
628,Middle East,Saudi Arabia,Onshore conventional gas,Upstream,Gas,Biannual LDAR,-6.0,1260.0,35280.0,-315.6,-11.27,True
629,Middle East,Qatar,Onshore conventional oil,Upstream,Oil,Biannual LDAR,-6.0,1120.0,31360.0,-315.6,-11.27,True
630,Middle East,Qatar,Onshore conventional gas,Upstream,Gas,Biannual LDAR,-6.0,130.0,3640.0,-315.6,-11.27,True
631,Russia & Caspian,Kazakhstan,Offshore oil,Upstream,Oil,Replace with instrument air systems,-6.0,4670.0,130760.0,-315.6,-11.27,True
632,Middle East,Jordan,Onshore conventional gas,Upstream,Gas,Biannual LDAR,-6.0,10.0,280.0,-315.6,-11.27,True
633,Middle East,Jordan,Onshore conventional oil,Upstream,Oil,Biannual LDAR,-6.0,40.0,1120.0,-315.6,-11.27,True
634,Middle East,Kuwait,Onshore conventional gas,Upstream,Gas,Biannual LDAR,-6.0,820.0,22960.0,-315.6,-11.27,True
635,Middle East,Kuwait,Onshore conventional oil,Upstream,Oil,Biannual LDAR,-6.0,7670.0,214760.0,-315.6,-11.27,True
636,Middle East,Iraq,Onshore conventional oil,Upstream,Oil,Biannual LDAR,-6.0,17660.0,494480.0,-315.6,-11.27,True
637,Middle East,Iraq,Onshore conventional gas,Upstream,Gas,Biannual LDAR,-6.0,400.0,11200.0,-315.6,-11.27,True
638,Middle East,Iran,Onshore conventional oil,Upstream,Oil,Biannual LDAR,-6.0,21620.0,605360.0,-315.6,-11.27,True
639,Middle East,Iran,Onshore conventional gas,Upstream,Gas,Biannual LDAR,-6.0,2720.0,76160.0,-315.6,-11.27,True
640,Africa,Ghana,Offshore oil,Upstream,Oil,Replace with instrument air systems,-6.0,2370.0,66360.0,-315.6,-11.27,True
641,Middle East,Bahrain,Onshore conventional gas,Upstream,Gas,Biannual LDAR,-6.0,1500.0,42000.0,-315.6,-11.27,True
642,Middle East,Bahrain,Onshore conventional oil,Upstream,Oil,Biannual LDAR,-6.0,930.0,26040.0,-315.6,-11.27,True
643,Russia & Caspian,Azerbaijan,Offshore oil,Upstream,Oil,Continuous LDAR,-5.99,9930.0,278040.0,-315.07,-11.25,True
644,Russia & Caspian,Azerbaijan,Offshore gas,Upstream,Gas,Continuous LDAR,-5.99,9500.0,266000.0,-315.07,-11.25,True
645,Africa,Angola,Offshore oil,Upstream,Oil,Continuous LDAR,-5.99,12650.0,354200.0,-315.07,-11.25,True
646,Africa,Angola,Offshore gas,Upstream,Gas,Continuous LDAR,-5.99,40.0,1120.0,-315.07,-11.25,True
647,Central and South America,Colombia,Offshore gas,Upstream,Gas,Continuous LDAR,-5.99,520.0,14560.0,-315.07,-11.25,True
648,Africa,Congo,Offshore gas,Upstream,Gas,Continuous LDAR,-5.99,240.0,6720.0,-315.07,-11.25,True
649,Africa,Congo,Offshore oil,Upstream,Oil,Continuous LDAR,-5.99,16990.0,475720.0,-315.07,-11.25,True
650,Africa,Cote d'Ivoire,Offshore oil,Upstream,Oil,Continuous LDAR,-5.99,640.0,17920.0,-315.07,-11.25,True
651,Africa,Cote d'Ivoire,Offshore gas,Upstream,Gas,Continuous LDAR,-5.99,900.0,25200.0,-315.07,-11.25,True
652,Africa,Democratic Republic of Congo,Offshore oil,Upstream,Oil,Continuous LDAR,-5.99,790.0,22120.0,-315.07,-11.25,True
653,Africa,Cameroon,Offshore gas,Upstream,Gas,Continuous LDAR,-5.99,1080.0,30240.0,-315.07,-11.25,True
654,Africa,Cameroon,Offshore oil,Upstream,Oil,Continuous LDAR,-5.99,4700.0,131600.0,-315.07,-11.25,True
655,Africa,Gabon,Offshore oil,Upstream,Oil,Continuous LDAR,-5.99,6940.0,194320.0,-315.07,-11.25,True
656,Africa,Ghana,Offshore oil,Upstream,Oil,Continuous LDAR,-5.99,3140.0,87920.0,-315.07,-11.25,True
657,Africa,Ghana,Offshore gas,Upstream,Gas,Continuous LDAR,-5.99,740.0,20720.0,-315.07,-11.25,True
658,Africa,Equatorial Guinea,Offshore oil,Upstream,Oil,Continuous LDAR,-5.99,3740.0,104720.0,-315.07,-11.25,True
659,Africa,Equatorial Guinea,Offshore gas,Upstream,Gas,Continuous LDAR,-5.99,5550.0,155400.0,-315.07,-11.25,True
660,Africa,Gabon,Offshore gas,Upstream,Gas,Continuous LDAR,-5.99,90.0,2520.0,-315.07,-11.25,True
661,Africa,Senegal,Offshore oil,Upstream,Oil,Continuous LDAR,-5.99,2300.0,64400.0,-315.07,-11.25,True
662,Africa,Tanzania,Offshore gas,Upstream,Gas,Continuous LDAR,-5.99,370.0,10360.0,-315.07,-11.25,True
663,Africa,Nigeria,Offshore oil,Upstream,Oil,Continuous LDAR,-5.99,47510.0,1330280.0,-315.07,-11.25,True
664,Africa,Nigeria,Offshore gas,Upstream,Gas,Continuous LDAR,-5.99,6610.0,185080.0,-315.07,-11.25,True
665,Africa,Mozambique,Offshore gas,Upstream,Gas,Continuous LDAR,-5.99,3720.0,104160.0,-315.07,-11.25,True
666,Africa,Mozambique,Offshore oil,Upstream,Oil,Continuous LDAR,-5.99,1490.0,41720.0,-315.07,-11.25,True
667,Other,Other,Offshore oil,Upstream,Oil,Continuous LDAR,-5.99,30.0,840.0,-315.07,-11.25,True
668,Other,Other,Offshore gas,Upstream,Gas,Replace with instrument air systems,-5.98,90.0,2520.0,-314.55,-11.23,True
669,Asia Pacific,Other countries in Southeast Asia,Offshore gas,Upstream,Gas,Biannual LDAR,-5.98,1000.0,28000.0,-314.55,-11.23,True
670,Asia Pacific,Malaysia,Offshore oil,Upstream,Oil,Biannual LDAR,-5.98,2650.0,74200.0,-314.55,-11.23,True
671,Asia Pacific,Malaysia,Offshore gas,Upstream,Gas,Biannual LDAR,-5.98,5560.0,155680.0,-314.55,-11.23,True
672,Asia Pacific,Thailand,Offshore gas,Upstream,Gas,Biannual LDAR,-5.98,2900.0,81200.0,-314.55,-11.23,True
673,Asia Pacific,Thailand,Offshore oil,Upstream,Oil,Biannual LDAR,-5.98,1510.0,42280.0,-314.55,-11.23,True
674,Africa,Tunisia,Offshore gas,Upstream,Gas,Continuous LDAR,-5.98,340.0,9520.0,-314.55,-11.23,True
675,Africa,Tunisia,Offshore oil,Upstream,Oil,Continuous LDAR,-5.98,310.0,8680.0,-314.55,-11.23,True
676,Asia Pacific,Philippines,Offshore oil,Upstream,Oil,Biannual LDAR,-5.98,50.0,1400.0,-314.55,-11.23,True
677,Asia Pacific,Philippines,Offshore gas,Upstream,Gas,Biannual LDAR,-5.98,110.0,3080.0,-314.55,-11.23,True
678,Africa,Egypt,Offshore oil,Upstream,Oil,Continuous LDAR,-5.98,6720.0,188160.0,-314.55,-11.23,True
679,Africa,Egypt,Offshore gas,Upstream,Gas,Continuous LDAR,-5.98,14110.0,395080.0,-314.55,-11.23,True
680,Africa,Libya,Offshore oil,Upstream,Oil,Continuous LDAR,-5.98,1100.0,30800.0,-314.55,-11.23,True
681,Africa,Libya,Offshore gas,Upstream,Gas,Continuous LDAR,-5.98,1300.0,36400.0,-314.55,-11.23,True
682,Asia Pacific,Brunei,Offshore oil,Upstream,Oil,Biannual LDAR,-5.98,210.0,5880.0,-314.55,-11.23,True
683,Asia Pacific,Brunei,Offshore gas,Upstream,Gas,Biannual LDAR,-5.98,350.0,9800.0,-314.55,-11.23,True
684,Asia Pacific,Viet Nam,Offshore oil,Upstream,Oil,Biannual LDAR,-5.98,930.0,26040.0,-314.55,-11.23,True
685,Asia Pacific,Viet Nam,Offshore gas,Upstream,Gas,Biannual LDAR,-5.98,310.0,8680.0,-314.55,-11.23,True
686,Central and South America,Venezuela,Offshore oil,Upstream,Oil,Continuous LDAR,-5.97,8170.0,228760.0,-314.02,-11.22,True
687,Central and South America,Venezuela,Offshore gas,Upstream,Gas,Continuous LDAR,-5.97,6340.0,177520.0,-314.02,-11.22,True
688,Central and South America,Cuba,Offshore oil,Upstream,Oil,Continuous LDAR,-5.97,460.0,12880.0,-314.02,-11.22,True
689,Africa,Algeria,Onshore conventional gas,Upstream,Gas,Replace with instrument air systems,-5.97,190.0,5320.0,-314.02,-11.22,True
690,Central and South America,Argentina,Offshore gas,Upstream,Gas,Continuous LDAR,-5.97,3830.0,107240.0,-314.02,-11.22,True
691,Central and South America,Argentina,Offshore oil,Upstream,Oil,Continuous LDAR,-5.97,940.0,26320.0,-314.02,-11.22,True
692,Africa,Libya,Offshore gas,Upstream,Gas,Replace with instrument air systems,-5.97,620.0,17360.0,-314.02,-11.22,True
693,Africa,Libya,Onshore conventional gas,Upstream,Gas,Replace with instrument air systems,-5.97,10.0,280.0,-314.02,-11.22,True
694,Africa,Egypt,Offshore gas,Upstream,Gas,Replace with instrument air systems,-5.97,6730.0,188440.0,-314.02,-11.22,True
695,Africa,Egypt,Onshore conventional gas,Upstream,Gas,Replace with instrument air systems,-5.97,20.0,560.0,-314.02,-11.22,True
696,Central and South America,Ecuador,Offshore oil,Upstream,Oil,Continuous LDAR,-5.97,190.0,5320.0,-314.02,-11.22,True
697,Central and South America,Ecuador,Offshore gas,Upstream,Gas,Continuous LDAR,-5.97,190.0,5320.0,-314.02,-11.22,True
698,Central and South America,Guyana,Offshore oil,Upstream,Oil,Continuous LDAR,-5.97,7590.0,212520.0,-314.02,-11.22,True
699,Africa,Tunisia,Offshore gas,Upstream,Gas,Replace with instrument air systems,-5.97,160.0,4480.0,-314.02,-11.22,True
700,Central and South America,Trinidad and Tobago,Offshore oil,Upstream,Oil,Continuous LDAR,-5.97,1120.0,31360.0,-314.02,-11.22,True
701,Central and South America,Trinidad and Tobago,Offshore gas,Upstream,Gas,Continuous LDAR,-5.97,9510.0,266280.0,-314.02,-11.22,True
702,Europe,Other EU7 countries,Downstream gas,Downstream,Gas,Annual LDAR,-5.97,200.0,5600.0,-314.02,-11.22,True
703,Europe,Other EU7 countries,Downstream oil,Downstream,Oil,Annual LDAR,-5.97,10.0,280.0,-314.02,-11.22,True
704,Central and South America,Peru,Offshore oil,Upstream,Oil,Continuous LDAR,-5.97,130.0,3640.0,-314.02,-11.22,True
705,Central and South America,Peru,Offshore gas,Upstream,Gas,Continuous LDAR,-5.97,140.0,3920.0,-314.02,-11.22,True
706,Europe,United Kingdom,Offshore oil,Upstream,Oil,Annual LDAR,-5.96,290.0,8120.0,-313.5,-11.2,True
707,Europe,United Kingdom,Offshore gas,Upstream,Gas,Annual LDAR,-5.96,190.0,5320.0,-313.5,-11.2,True
708,Africa,Tanzania,Offshore gas,Upstream,Gas,Annual LDAR,-5.95,20.0,560.0,-312.97,-11.18,True
709,Africa,Senegal,Offshore oil,Upstream,Oil,Annual LDAR,-5.95,130.0,3640.0,-312.97,-11.18,True
710,Other,Other,Onshore conventional gas,Upstream,Gas,Biannual LDAR,-5.95,720.0,20160.0,-312.97,-11.18,True
711,Other,Other,Onshore conventional oil,Upstream,Oil,Biannual LDAR,-5.95,200.0,5600.0,-312.97,-11.18,True
712,Africa,Mozambique,Offshore gas,Upstream,Gas,Annual LDAR,-5.95,210.0,5880.0,-312.97,-11.18,True
713,Africa,Mozambique,Offshore oil,Upstream,Oil,Annual LDAR,-5.95,80.0,2240.0,-312.97,-11.18,True
714,Europe,Netherlands,Offshore gas,Upstream,Gas,Annual LDAR,-5.95,20.0,560.0,-312.97,-11.18,True
715,Africa,Nigeria,Offshore gas,Upstream,Gas,Annual LDAR,-5.95,370.0,10360.0,-312.97,-11.18,True
716,Africa,Nigeria,Offshore oil,Upstream,Oil,Annual LDAR,-5.95,2640.0,73920.0,-312.97,-11.18,True
717,Africa,Ghana,Offshore gas,Upstream,Gas,Annual LDAR,-5.95,40.0,1120.0,-312.97,-11.18,True
718,Africa,Ghana,Offshore oil,Upstream,Oil,Annual LDAR,-5.95,170.0,4760.0,-312.97,-11.18,True
719,Africa,Gabon,Offshore oil,Upstream,Oil,Annual LDAR,-5.95,390.0,10920.0,-312.97,-11.18,True
720,Africa,Gabon,Offshore gas,Upstream,Gas,Annual LDAR,-5.95,10.0,280.0,-312.97,-11.18,True
721,Africa,Equatorial Guinea,Offshore gas,Upstream,Gas,Annual LDAR,-5.95,310.0,8680.0,-312.97,-11.18,True
722,Africa,Equatorial Guinea,Offshore oil,Upstream,Oil,Annual LDAR,-5.95,210.0,5880.0,-312.97,-11.18,True
723,Asia Pacific,Japan,Offshore gas,Upstream,Gas,Biannual LDAR,-5.95,10.0,280.0,-312.97,-11.18,True
724,Africa,Angola,Offshore oil,Upstream,Oil,Annual LDAR,-5.95,700.0,19600.0,-312.97,-11.18,True
725,Russia & Caspian,Azerbaijan,Offshore oil,Upstream,Oil,Annual LDAR,-5.95,550.0,15400.0,-312.97,-11.18,True
726,Russia & Caspian,Azerbaijan,Offshore gas,Upstream,Gas,Annual LDAR,-5.95,530.0,14840.0,-312.97,-11.18,True
727,Africa,Cote d'Ivoire,Offshore gas,Upstream,Gas,Annual LDAR,-5.95,50.0,1400.0,-312.97,-11.18,True
728,Africa,Cote d'Ivoire,Offshore oil,Upstream,Oil,Annual LDAR,-5.95,40.0,1120.0,-312.97,-11.18,True
729,Africa,Democratic Republic of Congo,Offshore oil,Upstream,Oil,Annual LDAR,-5.95,40.0,1120.0,-312.97,-11.18,True
730,Africa,Congo,Offshore oil,Upstream,Oil,Annual LDAR,-5.95,940.0,26320.0,-312.97,-11.18,True
731,Africa,Congo,Offshore gas,Upstream,Gas,Annual LDAR,-5.95,10.0,280.0,-312.97,-11.18,True
732,Africa,Cameroon,Offshore oil,Upstream,Oil,Annual LDAR,-5.95,260.0,7280.0,-312.97,-11.18,True
733,Africa,Cameroon,Offshore gas,Upstream,Gas,Annual LDAR,-5.95,60.0,1680.0,-312.97,-11.18,True
734,Asia Pacific,China,Offshore gas,Upstream,Gas,Replace compressor seal or rod,-5.94,30.0,840.0,-312.44,-11.16,True
735,Africa,Cameroon,Offshore oil,Upstream,Oil,Replace with instrument air systems,-5.94,3550.0,99400.0,-312.44,-11.16,True
736,Asia Pacific,Korea,Downstream gas,Downstream,Gas,Annual LDAR,-5.94,1380.0,38640.0,-312.44,-11.16,True
737,Asia Pacific,Korea,Downstream oil,Downstream,Oil,Annual LDAR,-5.94,80.0,2240.0,-312.44,-11.16,True
738,Asia Pacific,India,Offshore gas,Upstream,Gas,Continuous LDAR,-5.93,25470.0,713160.0,-311.92,-11.14,True
739,Asia Pacific,India,Offshore oil,Upstream,Oil,Continuous LDAR,-5.93,28320.0,792960.0,-311.92,-11.14,True
740,Asia Pacific,China,Offshore gas,Upstream,Gas,Continuous LDAR,-5.93,9140.0,255920.0,-311.92,-11.14,True
741,Asia Pacific,China,Offshore oil,Upstream,Oil,Continuous LDAR,-5.93,25410.0,711480.0,-311.92,-11.14,True
742,Russia & Caspian,Azerbaijan,Downstream gas,Downstream,Gas,Vapour recovery units,-5.93,10.0,280.0,-311.92,-11.14,True
743,Europe,Romania,Onshore conventional gas,Upstream,Gas,Quarterly LDAR,-5.93,6180.0,173040.0,-311.92,-11.14,True
744,Europe,Romania,Onshore conventional oil,Upstream,Oil,Quarterly LDAR,-5.93,2260.0,63280.0,-311.92,-11.14,True
745,Russia & Caspian,Turkmenistan,Offshore gas,Upstream,Gas,Annual LDAR,-5.93,460.0,12880.0,-311.92,-11.14,True
746,Russia & Caspian,Turkmenistan,Offshore oil,Upstream,Oil,Annual LDAR,-5.93,1220.0,34160.0,-311.92,-11.14,True
747,Russia & Caspian,Turkmenistan,Downstream gas,Downstream,Gas,Vapour recovery units,-5.92,160.0,4480.0,-311.39,-11.12,True
748,Africa,Tunisia,Offshore oil,Upstream,Oil,Replace with instrument air systems,-5.92,240.0,6720.0,-311.39,-11.12,True
749,Middle East,Qatar,Onshore conventional oil,Upstream,Oil,Blowdown capture,-5.92,120.0,3360.0,-311.39,-11.12,True
750,Middle East,Saudi Arabia,Onshore conventional oil,Upstream,Oil,Blowdown capture,-5.92,1210.0,33880.0,-311.39,-11.12,True
751,Middle East,Oman,Onshore conventional oil,Upstream,Oil,Blowdown capture,-5.92,450.0,12600.0,-311.39,-11.12,True
752,Africa,Mozambique,Onshore conventional oil,Upstream,Oil,Blowdown capture,-5.92,30.0,840.0,-311.39,-11.12,True
753,Middle East,Bahrain,Onshore conventional oil,Upstream,Oil,Blowdown capture,-5.92,100.0,2800.0,-311.39,-11.12,True
754,Africa,Botswana,Unconventional gas,Upstream,Gas,Replace pumps,-5.92,10.0,280.0,-311.39,-11.12,True
755,Middle East,Kuwait,Onshore conventional oil,Upstream,Oil,Blowdown capture,-5.92,820.0,22960.0,-311.39,-11.12,True
756,Middle East,Iraq,Onshore conventional oil,Upstream,Oil,Blowdown capture,-5.92,2950.0,82600.0,-311.39,-11.12,True
757,Middle East,Iran,Onshore conventional oil,Upstream,Oil,Blowdown capture,-5.92,2320.0,64960.0,-311.39,-11.12,True
758,Africa,Libya,Offshore oil,Upstream,Oil,Replace with instrument air systems,-5.91,830.0,23240.0,-310.87,-11.1,True
759,Russia & Caspian,Kazakhstan,Downstream gas,Downstream,Gas,Vapour recovery units,-5.91,20.0,560.0,-310.87,-11.1,True
760,Central and South America,Guyana,Offshore oil,Upstream,Oil,Replace with instrument air systems,-5.91,5720.0,160160.0,-310.87,-11.1,True
761,Central and South America,Ecuador,Offshore gas,Upstream,Gas,Replace with instrument air systems,-5.91,90.0,2520.0,-310.87,-11.1,True
762,Central and South America,Bolivia,Onshore conventional gas,Upstream,Gas,Replace with instrument air systems,-5.91,20.0,560.0,-310.87,-11.1,True
763,Central and South America,Argentina,Onshore conventional gas,Upstream,Gas,Replace with instrument air systems,-5.91,20.0,560.0,-310.87,-11.1,True
764,Central and South America,Argentina,Offshore gas,Upstream,Gas,Replace with instrument air systems,-5.91,1830.0,51240.0,-310.87,-11.1,True
765,Central and South America,Argentina,Unconventional gas,Upstream,Gas,Replace with instrument air systems,-5.91,110.0,3080.0,-310.87,-11.1,True
766,Asia Pacific,Brunei,Onshore conventional gas,Upstream,Gas,Blowdown capture,-5.91,470.0,13160.0,-310.87,-11.1,True
767,Central and South America,Cuba,Offshore oil,Upstream,Oil,Replace with instrument air systems,-5.91,340.0,9520.0,-310.87,-11.1,True
768,Central and South America,Peru,Offshore gas,Upstream,Gas,Replace with instrument air systems,-5.91,70.0,1960.0,-310.87,-11.1,True
769,Central and South America,Peru,Onshore conventional gas,Upstream,Gas,Replace with instrument air systems,-5.91,40.0,1120.0,-310.87,-11.1,True
770,Asia Pacific,Other countries in Southeast Asia,Onshore conventional gas,Upstream,Gas,Blowdown capture,-5.91,440.0,12320.0,-310.87,-11.1,True
771,Central and South America,Trinidad and Tobago,Offshore gas,Upstream,Gas,Replace with instrument air systems,-5.91,4540.0,127120.0,-310.87,-11.1,True
772,Asia Pacific,Thailand,Onshore conventional gas,Upstream,Gas,Blowdown capture,-5.91,1490.0,41720.0,-310.87,-11.1,True
773,Central and South America,Venezuela,Offshore gas,Upstream,Gas,Replace with instrument air systems,-5.91,3020.0,84560.0,-310.87,-11.1,True
774,Central and South America,Venezuela,Onshore conventional gas,Upstream,Gas,Replace with instrument air systems,-5.91,90.0,2520.0,-310.87,-11.1,True
775,Central and South America,Venezuela,Offshore oil,Upstream,Oil,Replace with instrument air systems,-5.91,6160.0,172480.0,-310.87,-11.1,True
776,Asia Pacific,Viet Nam,Onshore conventional gas,Upstream,Gas,Blowdown capture,-5.91,20.0,560.0,-310.87,-11.1,True
777,Middle East,Syria,Onshore conventional oil,Upstream,Oil,Blowdown capture,-5.9,350.0,9800.0,-310.34,-11.08,True
778,Russia & Caspian,Turkmenistan,Offshore gas,Upstream,Gas,Continuous LDAR,-5.9,8210.0,229880.0,-310.34,-11.08,True
779,Russia & Caspian,Turkmenistan,Offshore oil,Upstream,Oil,Continuous LDAR,-5.9,21950.0,614600.0,-310.34,-11.08,True
780,Middle East,United Arab Emirates,Offshore gas,Upstream,Gas,Replace with instrument air systems,-5.9,2490.0,69720.0,-310.34,-11.08,True
781,Middle East,United Arab Emirates,Onshore conventional gas,Upstream,Gas,Replace with instrument air systems,-5.9,40.0,1120.0,-310.34,-11.08,True
782,Middle East,Saudi Arabia,Unconventional gas,Upstream,Gas,Replace with instrument air systems,-5.9,10.0,280.0,-310.34,-11.08,True
783,Middle East,Saudi Arabia,Offshore oil,Upstream,Oil,Replace with instrument air systems,-5.9,25080.0,702240.0,-310.34,-11.08,True
784,Middle East,Saudi Arabia,Offshore gas,Upstream,Gas,Replace with instrument air systems,-5.9,3020.0,84560.0,-310.34,-11.08,True
785,Middle East,Saudi Arabia,Onshore conventional gas,Upstream,Gas,Replace with instrument air systems,-5.9,40.0,1120.0,-310.34,-11.08,True
786,Middle East,Syria,Onshore conventional gas,Upstream,Gas,Replace with instrument air systems,-5.9,40.0,1120.0,-310.34,-11.08,True
787,Middle East,Qatar,Offshore oil,Upstream,Oil,Replace with instrument air systems,-5.9,16970.0,475160.0,-310.34,-11.08,True
788,Middle East,Qatar,Offshore gas,Upstream,Gas,Replace with instrument air systems,-5.9,26900.0,753200.0,-310.34,-11.08,True
789,Middle East,Oman,Offshore oil,Upstream,Oil,Replace with instrument air systems,-5.9,40.0,1120.0,-310.34,-11.08,True
790,Middle East,Oman,Onshore conventional gas,Upstream,Gas,Replace with instrument air systems,-5.9,50.0,1400.0,-310.34,-11.08,True
791,Middle East,Oman,Unconventional gas,Upstream,Gas,Replace with instrument air systems,-5.9,30.0,840.0,-310.34,-11.08,True
792,Middle East,Oman,Offshore gas,Upstream,Gas,Replace with instrument air systems,-5.9,10.0,280.0,-310.34,-11.08,True
793,Central and South America,Argentina,Offshore oil,Upstream,Oil,Replace with instrument air systems,-5.9,710.0,19880.0,-310.34,-11.08,True
794,Middle East,Bahrain,Onshore conventional gas,Upstream,Gas,Replace with instrument air systems,-5.9,50.0,1400.0,-310.34,-11.08,True
795,Africa,Egypt,Offshore oil,Upstream,Oil,Replace with instrument air systems,-5.9,5070.0,141960.0,-310.34,-11.08,True
796,Africa,Gabon,Offshore oil,Upstream,Oil,Replace with instrument air systems,-5.9,5230.0,146440.0,-310.34,-11.08,True
797,Russia & Caspian,Kazakhstan,Offshore gas,Upstream,Gas,Annual LDAR,-5.9,60.0,1680.0,-310.34,-11.08,True
798,Russia & Caspian,Kazakhstan,Offshore oil,Upstream,Oil,Annual LDAR,-5.9,340.0,9520.0,-310.34,-11.08,True
799,Russia & Caspian,Kazakhstan,Onshore conventional oil,Upstream,Oil,Blowdown capture,-5.9,500.0,14000.0,-310.34,-11.08,True
800,Asia Pacific,Japan,Downstream oil,Downstream,Oil,Annual LDAR,-5.9,90.0,2520.0,-310.34,-11.08,True
801,Middle East,Kuwait,Offshore oil,Upstream,Oil,Replace with instrument air systems,-5.9,1750.0,49000.0,-310.34,-11.08,True
802,Middle East,Kuwait,Onshore conventional gas,Upstream,Gas,Replace with instrument air systems,-5.9,30.0,840.0,-310.34,-11.08,True
803,Asia Pacific,Korea,Downstream oil,Downstream,Oil,Biannual LDAR,-5.9,240.0,6720.0,-310.34,-11.08,True
804,Asia Pacific,Korea,Downstream gas,Downstream,Gas,Biannual LDAR,-5.9,4140.0,115920.0,-310.34,-11.08,True
805,Middle East,Iran,Offshore gas,Upstream,Gas,Replace with instrument air systems,-5.9,39540.0,1107120.0,-310.34,-11.08,True
806,Middle East,Iran,Onshore conventional gas,Upstream,Gas,Replace with instrument air systems,-5.9,90.0,2520.0,-310.34,-11.08,True
807,Middle East,Iran,Offshore oil,Upstream,Oil,Replace with instrument air systems,-5.9,45210.0,1265880.0,-310.34,-11.08,True
808,Middle East,Iraq,Onshore conventional gas,Upstream,Gas,Replace with instrument air systems,-5.9,10.0,280.0,-310.34,-11.08,True
809,Asia Pacific,Japan,Downstream gas,Downstream,Gas,Annual LDAR,-5.9,1840.0,51520.0,-310.34,-11.08,True
810,Central and South America,Trinidad and Tobago,Offshore oil,Upstream,Oil,Replace with instrument air systems,-5.89,850.0,23800.0,-309.81,-11.06,True
811,Africa,Niger,Onshore conventional oil,Upstream,Oil,Blowdown capture,-5.88,30.0,840.0,-309.29,-11.05,True
812,Asia Pacific,New Zealand,Onshore conventional gas,Upstream,Gas,Blowdown capture,-5.88,610.0,17080.0,-309.29,-11.05,True
813,Middle East,Yemen,Onshore conventional oil,Upstream,Oil,Blowdown capture,-5.88,150.0,4200.0,-309.29,-11.05,True
814,Central and South America,Peru,Offshore oil,Upstream,Oil,Replace with instrument air systems,-5.87,100.0,2800.0,-308.76,-11.03,True
815,Africa,Congo,Offshore oil,Upstream,Oil,Replace with instrument air systems,-5.87,12810.0,358680.0,-308.76,-11.03,True
816,Africa,Congo,Onshore conventional oil,Upstream,Oil,Quarterly LDAR,-5.86,4380.0,122640.0,-308.24,-11.01,True
817,Africa,Congo,Onshore conventional gas,Upstream,Gas,Quarterly LDAR,-5.86,130.0,3640.0,-308.24,-11.01,True
818,Africa,Democratic Republic of Congo,Onshore conventional oil,Upstream,Oil,Quarterly LDAR,-5.86,400.0,11200.0,-308.24,-11.01,True
819,Africa,Cameroon,Onshore conventional gas,Upstream,Gas,Quarterly LDAR,-5.86,20.0,560.0,-308.24,-11.01,True
820,Africa,Chad,Onshore conventional oil,Upstream,Oil,Quarterly LDAR,-5.86,3760.0,105280.0,-308.24,-11.01,True
821,Russia & Caspian,Azerbaijan,Onshore conventional oil,Upstream,Oil,Blowdown capture,-5.86,10.0,280.0,-308.24,-11.01,True
822,Russia & Caspian,Azerbaijan,Onshore conventional oil,Upstream,Oil,Quarterly LDAR,-5.86,580.0,16240.0,-308.24,-11.01,True
823,Africa,Botswana,Unconventional gas,Upstream,Gas,Quarterly LDAR,-5.86,170.0,4760.0,-308.24,-11.01,True
824,Asia Pacific,Australia,Unconventional gas,Upstream,Gas,Blowdown capture,-5.86,16700.0,467600.0,-308.24,-11.01,True
825,Asia Pacific,Australia,Onshore conventional gas,Upstream,Gas,Blowdown capture,-5.86,980.0,27440.0,-308.24,-11.01,True
826,Africa,Angola,Onshore conventional gas,Upstream,Gas,Quarterly LDAR,-5.86,470.0,13160.0,-308.24,-11.01,True
827,Africa,Angola,Onshore conventional oil,Upstream,Oil,Quarterly LDAR,-5.86,260.0,7280.0,-308.24,-11.01,True
828,Asia Pacific,Japan,Downstream gas,Downstream,Gas,Biannual LDAR,-5.86,5530.0,154840.0,-308.24,-11.01,True
829,Asia Pacific,Japan,Downstream oil,Downstream,Oil,Biannual LDAR,-5.86,270.0,7560.0,-308.24,-11.01,True
830,Africa,Gabon,Onshore conventional gas,Upstream,Gas,Quarterly LDAR,-5.86,150.0,4200.0,-308.24,-11.01,True
831,Africa,Gabon,Onshore conventional oil,Upstream,Oil,Quarterly LDAR,-5.86,5410.0,151480.0,-308.24,-11.01,True
832,Africa,Ghana,Onshore conventional oil,Upstream,Oil,Quarterly LDAR,-5.86,890.0,24920.0,-308.24,-11.01,True
833,Africa,Niger,Onshore conventional oil,Upstream,Oil,Quarterly LDAR,-5.86,1510.0,42280.0,-308.24,-11.01,True
834,Africa,Nigeria,Onshore conventional gas,Upstream,Gas,Quarterly LDAR,-5.86,17610.0,493080.0,-308.24,-11.01,True
835,Africa,Nigeria,Onshore conventional oil,Upstream,Oil,Quarterly LDAR,-5.86,40310.0,1128680.0,-308.24,-11.01,True
836,Africa,Mozambique,Onshore conventional oil,Upstream,Oil,Quarterly LDAR,-5.86,1370.0,38360.0,-308.24,-11.01,True
837,Africa,Mozambique,Onshore conventional gas,Upstream,Gas,Quarterly LDAR,-5.86,2980.0,83440.0,-308.24,-11.01,True
838,Africa,Tanzania,Onshore conventional gas,Upstream,Gas,Quarterly LDAR,-5.86,490.0,13720.0,-308.24,-11.01,True
839,Europe,Ukraine,Downstream oil,Downstream,Oil,Quarterly LDAR,-5.86,890.0,24920.0,-308.24,-11.01,True
840,Europe,Ukraine,Downstream gas,Downstream,Gas,Quarterly LDAR,-5.86,30950.0,866600.0,-308.24,-11.01,True
841,Europe,Poland,Downstream oil,Downstream,Oil,Biannual LDAR,-5.86,70.0,1960.0,-308.24,-11.01,True
842,Europe,Poland,Downstream gas,Downstream,Gas,Biannual LDAR,-5.86,1630.0,45640.0,-308.24,-11.01,True
843,Africa,Sudan,Onshore conventional oil,Upstream,Oil,Quarterly LDAR,-5.86,1290.0,36120.0,-308.24,-11.01,True
844,Africa,South Sudan,Onshore conventional oil,Upstream,Oil,Quarterly LDAR,-5.86,3750.0,105000.0,-308.24,-11.01,True
845,Africa,Senegal,Onshore conventional gas,Upstream,Gas,Quarterly LDAR,-5.86,810.0,22680.0,-308.24,-11.01,True
846,Africa,South Africa,Downstream oil,Downstream,Oil,Quarterly LDAR,-5.85,290.0,8120.0,-307.71,-10.99,True
847,Africa,South Africa,Downstream gas,Downstream,Gas,Quarterly LDAR,-5.85,1140.0,31920.0,-307.71,-10.99,True
848,Europe,Poland,Downstream gas,Downstream,Gas,Annual LDAR,-5.85,540.0,15120.0,-307.71,-10.99,True
849,Europe,Poland,Downstream oil,Downstream,Oil,Annual LDAR,-5.85,20.0,560.0,-307.71,-10.99,True
850,Africa,Tunisia,Offshore gas,Upstream,Gas,Annual LDAR,-5.85,20.0,560.0,-307.71,-10.99,True
851,Africa,Tunisia,Offshore oil,Upstream,Oil,Annual LDAR,-5.85,20.0,560.0,-307.71,-10.99,True
852,Other,Other,Offshore gas,Upstream,Gas,Replace with instrument air systems,-5.85,10.0,280.0,-307.71,-10.99,True
853,Other,Other,Offshore gas,Upstream,Gas,Annual LDAR,-5.85,10.0,280.0,-307.71,-10.99,True
854,Africa,Egypt,Offshore oil,Upstream,Oil,Annual LDAR,-5.85,370.0,10360.0,-307.71,-10.99,True
855,Africa,Egypt,Offshore gas,Upstream,Gas,Annual LDAR,-5.85,780.0,21840.0,-307.71,-10.99,True
856,Africa,Libya,Offshore oil,Upstream,Oil,Annual LDAR,-5.85,60.0,1680.0,-307.71,-10.99,True
857,Africa,Libya,Offshore gas,Upstream,Gas,Annual LDAR,-5.85,70.0,1960.0,-307.71,-10.99,True
858,Europe,Italy,Onshore conventional oil,Upstream,Oil,Continuous LDAR,-5.85,560.0,15680.0,-307.71,-10.99,True
859,Europe,Italy,Onshore conventional gas,Upstream,Gas,Continuous LDAR,-5.85,90.0,2520.0,-307.71,-10.99,True
860,Central and South America,Colombia,Onshore conventional gas,Upstream,Gas,Quarterly LDAR,-5.85,2490.0,69720.0,-307.71,-10.99,True
861,Central and South America,Colombia,Onshore conventional oil,Upstream,Oil,Quarterly LDAR,-5.85,12720.0,356160.0,-307.71,-10.99,True
862,Russia & Caspian,Uzbekistan,Onshore conventional gas,Upstream,Gas,Continuous LDAR,-5.85,71370.0,1998360.0,-307.71,-10.99,True
863,Russia & Caspian,Uzbekistan,Onshore conventional oil,Upstream,Oil,Continuous LDAR,-5.85,9570.0,267960.0,-307.71,-10.99,True
864,Middle East,Yemen,Onshore conventional oil,Upstream,Oil,Continuous LDAR,-5.84,8450.0,236600.0,-307.18,-10.97,True
865,Middle East,Yemen,Onshore conventional gas,Upstream,Gas,Continuous LDAR,-5.84,30.0,840.0,-307.18,-10.97,True
866,Africa,Chad,Onshore conventional oil,Upstream,Oil,Blowdown capture,-5.84,70.0,1960.0,-307.18,-10.97,True
867,Middle East,Bahrain,Onshore conventional gas,Upstream,Gas,Continuous LDAR,-5.84,8980.0,251440.0,-307.18,-10.97,True
868,Middle East,Bahrain,Onshore conventional oil,Upstream,Oil,Continuous LDAR,-5.84,5590.0,156520.0,-307.18,-10.97,True
869,Middle East,Iraq,Onshore conventional oil,Upstream,Oil,Continuous LDAR,-5.84,105950.0,2966600.0,-307.18,-10.97,True
870,Middle East,Iran,Onshore conventional gas,Upstream,Gas,Continuous LDAR,-5.84,16350.0,457800.0,-307.18,-10.97,True
871,Middle East,Iran,Onshore conventional oil,Upstream,Oil,Continuous LDAR,-5.84,129740.0,3632720.0,-307.18,-10.97,True
872,Middle East,Iraq,Onshore conventional gas,Upstream,Gas,Continuous LDAR,-5.84,2400.0,67200.0,-307.18,-10.97,True
873,Middle East,Kuwait,Onshore conventional gas,Upstream,Gas,Continuous LDAR,-5.84,4900.0,137200.0,-307.18,-10.97,True
874,Middle East,Kuwait,Onshore conventional oil,Upstream,Oil,Continuous LDAR,-5.84,45990.0,1287720.0,-307.18,-10.97,True
875,Middle East,Jordan,Onshore conventional gas,Upstream,Gas,Continuous LDAR,-5.84,40.0,1120.0,-307.18,-10.97,True
876,Middle East,Jordan,Onshore conventional oil,Upstream,Oil,Continuous LDAR,-5.84,270.0,7560.0,-307.18,-10.97,True
877,Middle East,Jordan,Unconventional gas,Upstream,Gas,Continuous LDAR,-5.84,10.0,280.0,-307.18,-10.97,True
878,Africa,Nigeria,Onshore conventional oil,Upstream,Oil,Blowdown capture,-5.84,770.0,21560.0,-307.18,-10.97,True
879,Middle East,Oman,Onshore conventional gas,Upstream,Gas,Continuous LDAR,-5.84,10080.0,282240.0,-307.18,-10.97,True
880,Middle East,Oman,Unconventional gas,Upstream,Gas,Continuous LDAR,-5.84,8140.0,227920.0,-307.18,-10.97,True
881,Middle East,Oman,Onshore conventional oil,Upstream,Oil,Continuous LDAR,-5.84,25010.0,700280.0,-307.18,-10.97,True
882,Middle East,United Arab Emirates,Onshore conventional gas,Upstream,Gas,Continuous LDAR,-5.84,7190.0,201320.0,-307.18,-10.97,True
883,Middle East,United Arab Emirates,Onshore conventional oil,Upstream,Oil,Continuous LDAR,-5.84,25750.0,721000.0,-307.18,-10.97,True
884,Middle East,United Arab Emirates,Offshore oil,Upstream,Oil,Replace with instrument air systems,-5.84,22640.0,633920.0,-307.18,-10.97,True
885,Middle East,Qatar,Onshore conventional gas,Upstream,Gas,Continuous LDAR,-5.84,800.0,22400.0,-307.18,-10.97,True
886,Middle East,Qatar,Onshore conventional oil,Upstream,Oil,Continuous LDAR,-5.84,6710.0,187880.0,-307.18,-10.97,True
887,Middle East,Syria,Onshore conventional oil,Upstream,Oil,Continuous LDAR,-5.84,19810.0,554680.0,-307.18,-10.97,True
888,Middle East,Syria,Onshore conventional gas,Upstream,Gas,Continuous LDAR,-5.84,8070.0,225960.0,-307.18,-10.97,True
889,Middle East,Saudi Arabia,Onshore conventional oil,Upstream,Oil,Continuous LDAR,-5.84,67520.0,1890560.0,-307.18,-10.97,True
890,Middle East,Saudi Arabia,Unconventional gas,Upstream,Gas,Continuous LDAR,-5.84,2430.0,68040.0,-307.18,-10.97,True
891,Middle East,Saudi Arabia,Onshore conventional gas,Upstream,Gas,Continuous LDAR,-5.84,7570.0,211960.0,-307.18,-10.97,True
892,Middle East,United Arab Emirates,Onshore conventional oil,Upstream,Oil,Blowdown capture,-5.83,460.0,12880.0,-306.66,-10.95,True
893,Russia & Caspian,Turkmenistan,Onshore conventional oil,Upstream,Oil,Quarterly LDAR,-5.83,25910.0,725480.0,-306.66,-10.95,True
894,Russia & Caspian,Turkmenistan,Onshore conventional gas,Upstream,Gas,Quarterly LDAR,-5.83,122200.0,3421600.0,-306.66,-10.95,True
895,Other,Other,Onshore conventional gas,Upstream,Gas,Quarterly LDAR,-5.83,20.0,560.0,-306.66,-10.95,True
896,Other,Other,Onshore conventional oil,Upstream,Oil,Quarterly LDAR,-5.83,210.0,5880.0,-306.66,-10.95,True
897,Africa,Ghana,Onshore conventional oil,Upstream,Oil,Blowdown capture,-5.83,20.0,560.0,-306.66,-10.95,True
898,Africa,Democratic Republic of Congo,Offshore oil,Upstream,Oil,Replace with instrument air systems,-5.83,590.0,16520.0,-306.66,-10.95,True
899,Central and South America,Colombia,Onshore conventional oil,Upstream,Oil,Blowdown capture,-5.82,390.0,10920.0,-306.13,-10.93,True
900,Asia Pacific,Bangladesh,Onshore conventional gas,Upstream,Gas,Blowdown capture,-5.82,13620.0,381360.0,-306.13,-10.93,True
901,Central and South America,Brazil,Offshore gas,Upstream,Gas,Replace compressor seal or rod,-5.82,20.0,560.0,-306.13,-10.93,True
902,Asia Pacific,Pakistan,Unconventional gas,Upstream,Gas,Blowdown capture,-5.82,1180.0,33040.0,-306.13,-10.93,True
903,Asia Pacific,Pakistan,Onshore conventional gas,Upstream,Gas,Blowdown capture,-5.82,27780.0,777840.0,-306.13,-10.93,True
904,Asia Pacific,New Zealand,Offshore oil,Upstream,Oil,Annual LDAR,-5.82,10.0,280.0,-306.13,-10.93,True
905,Asia Pacific,New Zealand,Offshore gas,Upstream,Gas,Annual LDAR,-5.82,20.0,560.0,-306.13,-10.93,True
906,Europe,Ukraine,Offshore gas,Upstream,Gas,Vapour recovery units,-5.82,1250.0,35000.0,-306.13,-10.93,True
907,Africa,Tunisia,Downstream gas,Downstream,Gas,Vapour recovery units,-5.82,10.0,280.0,-306.13,-10.93,True
908,Russia & Caspian,Uzbekistan,Downstream gas,Downstream,Gas,Vapour recovery units,-5.82,170.0,4760.0,-306.13,-10.93,True
909,Europe,Other countries in Europe,Offshore gas,Upstream,Gas,Annual LDAR,-5.81,30.0,840.0,-305.61,-10.91,True
910,Asia Pacific,Indonesia,Onshore conventional gas,Upstream,Gas,Blowdown capture,-5.81,22390.0,626920.0,-305.61,-10.91,True
911,Asia Pacific,Indonesia,Unconventional gas,Upstream,Gas,Blowdown capture,-5.81,10.0,280.0,-305.61,-10.91,True
912,Europe,Israel,Onshore conventional oil,Upstream,Oil,Quarterly LDAR,-5.8,120.0,3360.0,-305.08,-10.9,True
913,Russia & Caspian,Kazakhstan,Offshore oil,Upstream,Oil,Continuous LDAR,-5.8,6200.0,173600.0,-305.08,-10.9,True
914,Russia & Caspian,Kazakhstan,Offshore gas,Upstream,Gas,Continuous LDAR,-5.8,1140.0,31920.0,-305.08,-10.9,True
915,Central and South America,Brazil,Downstream gas,Downstream,Gas,Biannual LDAR,-5.8,4440.0,124320.0,-305.08,-10.9,True
916,Africa,Angola,Offshore oil,Upstream,Oil,Replace with instrument air systems,-5.8,9540.0,267120.0,-305.08,-10.9,True
917,Central and South America,Brazil,Downstream oil,Downstream,Oil,Biannual LDAR,-5.8,540.0,15120.0,-305.08,-10.9,True
918,Africa,Sudan,Onshore conventional oil,Upstream,Oil,Blowdown capture,-5.8,20.0,560.0,-305.08,-10.9,True
919,Middle East,Saudi Arabia,Downstream gas,Downstream,Gas,Vapour recovery units,-5.79,30.0,840.0,-304.55,-10.88,True
920,Central and South America,Trinidad and Tobago,Offshore gas,Upstream,Gas,Annual LDAR,-5.79,530.0,14840.0,-304.55,-10.88,True
921,Central and South America,Trinidad and Tobago,Offshore oil,Upstream,Oil,Annual LDAR,-5.79,60.0,1680.0,-304.55,-10.88,True
922,Central and South America,Peru,Offshore oil,Upstream,Oil,Annual LDAR,-5.79,10.0,280.0,-304.55,-10.88,True
923,Central and South America,Peru,Offshore gas,Upstream,Gas,Annual LDAR,-5.79,10.0,280.0,-304.55,-10.88,True
924,Central and South America,Cuba,Offshore oil,Upstream,Oil,Annual LDAR,-5.79,30.0,840.0,-304.55,-10.88,True
925,Central and South America,Argentina,Offshore gas,Upstream,Gas,Annual LDAR,-5.79,210.0,5880.0,-304.55,-10.88,True
926,Central and South America,Argentina,Offshore oil,Upstream,Oil,Annual LDAR,-5.79,50.0,1400.0,-304.55,-10.88,True
927,Russia & Caspian,Kazakhstan,Onshore conventional gas,Upstream,Gas,Quarterly LDAR,-5.79,8080.0,226240.0,-304.55,-10.88,True
928,Russia & Caspian,Kazakhstan,Onshore conventional oil,Upstream,Oil,Quarterly LDAR,-5.79,26080.0,730240.0,-304.55,-10.88,True
929,Central and South America,Guyana,Offshore oil,Upstream,Oil,Annual LDAR,-5.79,420.0,11760.0,-304.55,-10.88,True
930,Central and South America,Ecuador,Offshore oil,Upstream,Oil,Annual LDAR,-5.79,10.0,280.0,-304.55,-10.88,True
931,Central and South America,Ecuador,Offshore gas,Upstream,Gas,Annual LDAR,-5.79,10.0,280.0,-304.55,-10.88,True
932,Central and South America,Venezuela,Offshore gas,Upstream,Gas,Annual LDAR,-5.79,350.0,9800.0,-304.55,-10.88,True
933,Central and South America,Venezuela,Offshore oil,Upstream,Oil,Annual LDAR,-5.79,450.0,12600.0,-304.55,-10.88,True
934,Europe,Denmark,Offshore oil,Upstream,Oil,Annual LDAR,-5.78,20.0,560.0,-304.03,-10.86,True
935,Europe,Denmark,Offshore gas,Upstream,Gas,Annual LDAR,-5.78,20.0,560.0,-304.03,-10.86,True
936,Europe,Other EU17 countries,Onshore conventional gas,Upstream,Gas,Continuous LDAR,-5.78,580.0,16240.0,-304.03,-10.86,True
937,Europe,Other EU17 countries,Onshore conventional oil,Upstream,Oil,Continuous LDAR,-5.78,530.0,14840.0,-304.03,-10.86,True
938,Europe,Other EU17 countries,Unconventional gas,Upstream,Gas,Continuous LDAR,-5.78,120.0,3360.0,-304.03,-10.86,True
939,Central and South America,Colombia,Downstream gas,Downstream,Gas,Vapour recovery units,-5.77,30.0,840.0,-303.5,-10.84,True
940,Central and South America,Venezuela,Downstream gas,Downstream,Gas,Vapour recovery units,-5.77,40.0,1120.0,-303.5,-10.84,True
941,Africa,Algeria,Unconventional gas,Upstream,Gas,Quarterly LDAR,-5.76,650.0,18200.0,-302.98,-10.82,True
942,Africa,Algeria,Onshore conventional gas,Upstream,Gas,Quarterly LDAR,-5.76,33010.0,924280.0,-302.98,-10.82,True
943,Africa,Algeria,Onshore conventional oil,Upstream,Oil,Quarterly LDAR,-5.76,57520.0,1610560.0,-302.98,-10.82,True
944,Africa,Egypt,Onshore conventional gas,Upstream,Gas,Quarterly LDAR,-5.76,3180.0,89040.0,-302.98,-10.82,True
945,Africa,Egypt,Unconventional gas,Upstream,Gas,Quarterly LDAR,-5.76,540.0,15120.0,-302.98,-10.82,True
946,Africa,Egypt,Onshore conventional oil,Upstream,Oil,Quarterly LDAR,-5.76,10760.0,301280.0,-302.98,-10.82,True
947,Africa,Libya,Onshore conventional gas,Upstream,Gas,Quarterly LDAR,-5.76,1650.0,46200.0,-302.98,-10.82,True
948,Africa,Libya,Onshore conventional oil,Upstream,Oil,Quarterly LDAR,-5.76,37340.0,1045520.0,-302.98,-10.82,True
949,Africa,Morocco,Onshore conventional gas,Upstream,Gas,Quarterly LDAR,-5.76,10.0,280.0,-302.98,-10.82,True
950,Africa,Tunisia,Onshore conventional gas,Upstream,Gas,Quarterly LDAR,-5.76,490.0,13720.0,-302.98,-10.82,True
951,Africa,Tunisia,Onshore conventional oil,Upstream,Oil,Quarterly LDAR,-5.76,710.0,19880.0,-302.98,-10.82,True
952,Europe,Ukraine,Offshore gas,Upstream,Gas,Other,-5.76,40.0,1120.0,-302.98,-10.82,True
953,Africa,South Sudan,Onshore conventional oil,Upstream,Oil,Blowdown capture,-5.76,70.0,1960.0,-302.98,-10.82,True
954,Asia Pacific,Australia,Satellite - downstream,Downstream,Oil,Daily LDAR,-5.75,160.0,4480.0,-302.45,-10.8,True
955,Central and South America,Brazil,Downstream gas,Downstream,Gas,Annual LDAR,-5.74,1480.0,41440.0,-301.92,-10.78,True
956,Central and South America,Brazil,Downstream oil,Downstream,Oil,Annual LDAR,-5.74,180.0,5040.0,-301.92,-10.78,True
957,Asia Pacific,Indonesia,Offshore oil,Upstream,Oil,Continuous LDAR,-5.74,3970.0,111160.0,-301.92,-10.78,True
958,Central and South America,Ecuador,Offshore oil,Upstream,Oil,Replace with instrument air systems,-5.74,140.0,3920.0,-301.92,-10.78,True
959,Asia Pacific,Indonesia,Offshore gas,Upstream,Gas,Continuous LDAR,-5.74,19530.0,546840.0,-301.92,-10.78,True
960,Middle East,Iran,Offshore gas,Upstream,Gas,Annual LDAR,-5.73,4600.0,128800.0,-301.4,-10.76,True
961,Middle East,Iran,Offshore oil,Upstream,Oil,Annual LDAR,-5.73,3330.0,93240.0,-301.4,-10.76,True
962,Middle East,Kuwait,Offshore oil,Upstream,Oil,Annual LDAR,-5.73,130.0,3640.0,-301.4,-10.76,True
963,Central and South America,Bolivia,Downstream gas,Downstream,Gas,Vapour recovery units,-5.73,10.0,280.0,-301.4,-10.76,True
964,Middle East,Saudi Arabia,Offshore gas,Upstream,Gas,Annual LDAR,-5.73,350.0,9800.0,-301.4,-10.76,True
965,Middle East,Saudi Arabia,Offshore oil,Upstream,Oil,Annual LDAR,-5.73,1850.0,51800.0,-301.4,-10.76,True
966,Middle East,Qatar,Offshore oil,Upstream,Oil,Annual LDAR,-5.73,1250.0,35000.0,-301.4,-10.76,True
967,Middle East,Qatar,Offshore gas,Upstream,Gas,Annual LDAR,-5.73,3130.0,87640.0,-301.4,-10.76,True
968,Middle East,United Arab Emirates,Offshore gas,Upstream,Gas,Annual LDAR,-5.73,290.0,8120.0,-301.4,-10.76,True
969,Middle East,United Arab Emirates,Offshore oil,Upstream,Oil,Annual LDAR,-5.73,1670.0,46760.0,-301.4,-10.76,True
970,Other,Other,Onshore conventional oil,Upstream,Oil,Quarterly LDAR,-5.73,180.0,5040.0,-301.4,-10.76,True
971,Other,Other,Onshore conventional gas,Upstream,Gas,Quarterly LDAR,-5.73,220.0,6160.0,-301.4,-10.76,True
972,Asia Pacific,Malaysia,Offshore gas,Upstream,Gas,Replace compressor seal or rod,-5.72,120.0,3360.0,-300.87,-10.75,True
973,Russia & Caspian,Turkmenistan,Offshore oil,Upstream,Oil,Replace with instrument air systems,-5.72,16550.0,463400.0,-300.87,-10.75,True
974,Africa,Tunisia,Onshore conventional oil,Upstream,Oil,Blowdown capture,-5.72,10.0,280.0,-300.87,-10.75,True
975,Europe,Poland,Offshore oil,Upstream,Oil,Vapour recovery units,-5.71,250.0,7000.0,-300.35,-10.73,True
976,Other,Other,Onshore conventional gas,Upstream,Gas,Continuous LDAR,-5.71,4290.0,120120.0,-300.35,-10.73,True
977,Other,Other,Onshore conventional oil,Upstream,Oil,Continuous LDAR,-5.71,1190.0,33320.0,-300.35,-10.73,True
978,Africa,Algeria,Onshore conventional oil,Upstream,Oil,Blowdown capture,-5.71,1100.0,30800.0,-300.35,-10.73,True
979,Asia Pacific,Australia,Unconventional gas,Upstream,Gas,Biannual LDAR,-5.7,1870.0,52360.0,-299.82,-10.71,True
980,Asia Pacific,Australia,Unconventional gas,Upstream,Gas,Replace with instrument air systems,-5.7,40.0,1120.0,-299.82,-10.71,True
981,Asia Pacific,Australia,Onshore conventional gas,Upstream,Gas,Biannual LDAR,-5.7,90.0,2520.0,-299.82,-10.71,True
982,Asia Pacific,Australia,Offshore gas,Upstream,Gas,Replace with instrument air systems,-5.7,6350.0,177800.0,-299.82,-10.71,True
983,Central and South America,Bolivia,Onshore conventional oil,Upstream,Oil,Blowdown capture,-5.7,30.0,840.0,-299.82,-10.71,True
984,Asia Pacific,Australia,Onshore conventional oil,Upstream,Oil,Biannual LDAR,-5.7,70.0,1960.0,-299.82,-10.71,True
985,Middle East,Iraq,Downstream gas,Downstream,Gas,Vapour recovery units,-5.7,10.0,280.0,-299.82,-10.71,True
986,Middle East,Iran,Downstream gas,Downstream,Gas,Vapour recovery units,-5.7,180.0,5040.0,-299.82,-10.71,True
987,Africa,Libya,Onshore conventional oil,Upstream,Oil,Blowdown capture,-5.7,710.0,19880.0,-299.82,-10.71,True
988,Middle East,Syria,Downstream gas,Downstream,Gas,Vapour recovery units,-5.7,20.0,560.0,-299.82,-10.71,True
989,Central and South America,Trinidad and Tobago,Onshore conventional gas,Upstream,Gas,Quarterly LDAR,-5.69,430.0,12040.0,-299.29,-10.69,True
990,Central and South America,Trinidad and Tobago,Onshore conventional oil,Upstream,Oil,Quarterly LDAR,-5.69,780.0,21840.0,-299.29,-10.69,True
991,Other,Other,Onshore conventional oil,Upstream,Oil,Quarterly LDAR,-5.69,590.0,16520.0,-299.29,-10.69,True
992,Other,Other,Onshore conventional gas,Upstream,Gas,Quarterly LDAR,-5.69,10.0,280.0,-299.29,-10.69,True
993,Other,Other,Offshore gas,Upstream,Gas,Continuous LDAR,-5.69,200.0,5600.0,-299.29,-10.69,True
994,Other,Other,Offshore oil,Upstream,Oil,Continuous LDAR,-5.69,10.0,280.0,-299.29,-10.69,True
995,Central and South America,Peru,Onshore conventional oil,Upstream,Oil,Quarterly LDAR,-5.69,2520.0,70560.0,-299.29,-10.69,True
996,Central and South America,Peru,Onshore conventional gas,Upstream,Gas,Quarterly LDAR,-5.69,7230.0,202440.0,-299.29,-10.69,True
997,Central and South America,Ecuador,Onshore conventional oil,Upstream,Oil,Quarterly LDAR,-5.69,17160.0,480480.0,-299.29,-10.69,True
998,Central and South America,Ecuador,Onshore conventional gas,Upstream,Gas,Quarterly LDAR,-5.69,70.0,1960.0,-299.29,-10.69,True
999,Africa,Egypt,Onshore conventional oil,Upstream,Oil,Blowdown capture,-5.69,210.0,5880.0,-299.29,-10.69,True
1000,Central and South America,Bolivia,Onshore conventional oil,Upstream,Oil,Quarterly LDAR,-5.69,1400.0,39200.0,-299.29,-10.69,True
1001,Central and South America,Bolivia,Onshore conventional gas,Upstream,Gas,Quarterly LDAR,-5.69,3090.0,86520.0,-299.29,-10.69,True
1002,Central and South America,Argentina,Unconventional oil,Upstream,Oil,Quarterly LDAR,-5.69,30830.0,863240.0,-299.29,-10.69,True
1003,Central and South America,Argentina,Onshore conventional oil,Upstream,Oil,Quarterly LDAR,-5.69,9830.0,275240.0,-299.29,-10.69,True
1004,Central and South America,Argentina,Unconventional gas,Upstream,Gas,Quarterly LDAR,-5.69,26900.0,753200.0,-299.29,-10.69,True
1005,Central and South America,Argentina,Onshore conventional gas,Upstream,Gas,Quarterly LDAR,-5.69,4030.0,112840.0,-299.29,-10.69,True
1006,Central and South America,Cuba,Onshore conventional oil,Upstream,Oil,Quarterly LDAR,-5.69,240.0,6720.0,-299.29,-10.69,True
1007,Central and South America,Cuba,Onshore conventional gas,Upstream,Gas,Quarterly LDAR,-5.69,340.0,9520.0,-299.29,-10.69,True
1008,Central and South America,Venezuela,Onshore conventional gas,Upstream,Gas,Quarterly LDAR,-5.69,15780.0,441840.0,-299.29,-10.69,True
1009,Central and South America,Venezuela,Onshore conventional oil,Upstream,Oil,Quarterly LDAR,-5.69,138840.0,3887520.0,-299.29,-10.69,True
1010,Central and South America,Venezuela,Onshore conventional oil,Upstream,Oil,Blowdown capture,-5.69,2650.0,74200.0,-299.29,-10.69,True
1011,Central and South America,Argentina,Onshore conventional oil,Upstream,Oil,Blowdown capture,-5.68,190.0,5320.0,-298.77,-10.67,True
1012,Central and South America,Argentina,Unconventional oil,Upstream,Oil,Blowdown capture,-5.68,580.0,16240.0,-298.77,-10.67,True
1013,Africa,Gabon,Onshore conventional oil,Upstream,Oil,Blowdown capture,-5.68,100.0,2800.0,-298.77,-10.67,True
1014,Europe,Italy,Onshore conventional gas,Upstream,Gas,Vapour recovery units,-5.67,50.0,1400.0,-298.24,-10.65,True
1015,Asia Pacific,Australia,Offshore gas,Upstream,Gas,Replace compressor seal or rod,-5.67,50.0,1400.0,-298.24,-10.65,True
1016,Other,Other,Downstream gas,Downstream,Gas,Vapour recovery units,-5.67,30.0,840.0,-298.24,-10.65,True
1017,Central and South America,Trinidad and Tobago,Onshore conventional oil,Upstream,Oil,Blowdown capture,-5.67,10.0,280.0,-298.24,-10.65,True
1018,Europe,Other EU7 countries,Offshore gas,Upstream,Gas,Vapour recovery units,-5.66,90.0,2520.0,-297.72,-10.63,True
1019,Middle East,Bahrain,Downstream gas,Downstream,Gas,Vapour recovery units,-5.65,10.0,280.0,-297.19,-10.61,True
1020,Europe,Estonia,Downstream gas,Downstream,Gas,Annual LDAR,-5.65,10.0,280.0,-297.19,-10.61,True
1021,Europe,Estonia,Downstream gas,Downstream,Gas,Biannual LDAR,-5.64,40.0,1120.0,-296.66,-10.6,True
1022,Middle East,Jordan,Satellite - downstream,Downstream,Oil,Daily LDAR,-5.64,2720.0,76160.0,-296.66,-10.6,True
1023,Russia & Caspian,Azerbaijan,Satellite - downstream,Downstream,Oil,Daily LDAR,-5.64,6640.0,185920.0,-296.66,-10.6,True
1024,Middle East,Bahrain,Satellite - downstream,Downstream,Oil,Daily LDAR,-5.64,7040.0,197120.0,-296.66,-10.6,True
1025,Africa,Congo,Onshore conventional oil,Upstream,Oil,Blowdown capture,-5.64,80.0,2240.0,-296.66,-10.6,True
1026,Europe,Other EU17 countries,Onshore conventional gas,Upstream,Gas,Vapour recovery units,-5.64,310.0,8680.0,-296.66,-10.6,True
1027,Other,Other,Offshore oil,Upstream,Oil,Replace with instrument air systems,-5.64,10.0,280.0,-296.66,-10.6,True
1028,Middle East,Oman,Satellite - downstream,Downstream,Oil,Daily LDAR,-5.64,480.0,13440.0,-296.66,-10.6,True
1029,Africa,Nigeria,Satellite - downstream,Downstream,Oil,Daily LDAR,-5.64,480.0,13440.0,-296.66,-10.6,True
1030,Middle East,United Arab Emirates,Satellite - downstream,Downstream,Oil,Daily LDAR,-5.64,3360.0,94080.0,-296.66,-10.6,True
1031,Central and South America,Venezuela,Satellite - downstream,Downstream,Oil,Daily LDAR,-5.64,72720.0,2036160.0,-296.66,-10.6,True
1032,Russia & Caspian,Turkmenistan,Satellite - downstream,Downstream,Oil,Daily LDAR,-5.63,935040.0,26181120.0,-296.14,-10.58,True
1033,Central and South America,Peru,Onshore conventional oil,Upstream,Oil,Blowdown capture,-5.63,50.0,1400.0,-296.14,-10.58,True
1034,Africa,Libya,Satellite - downstream,Downstream,Oil,Daily LDAR,-5.63,10880.0,304640.0,-296.14,-10.58,True
1035,Central and South America,Argentina,Satellite - downstream,Downstream,Oil,Daily LDAR,-5.63,7680.0,215040.0,-296.14,-10.58,True
1036,Africa,Algeria,Satellite - downstream,Downstream,Oil,Daily LDAR,-5.63,15200.0,425600.0,-296.14,-10.58,True
1037,Russia & Caspian,Kazakhstan,Satellite - downstream,Downstream,Oil,Daily LDAR,-5.63,88720.0,2484160.0,-296.14,-10.58,True
1038,Middle East,Kuwait,Satellite - downstream,Downstream,Oil,Daily LDAR,-5.63,560.0,15680.0,-296.14,-10.58,True
1039,Middle East,Iran,Satellite - downstream,Downstream,Oil,Daily LDAR,-5.62,167600.0,4692800.0,-295.61,-10.56,True
1040,Russia & Caspian,Uzbekistan,Satellite - downstream,Downstream,Oil,Daily LDAR,-5.62,30800.0,862400.0,-295.61,-10.56,True
1041,Middle East,Yemen,Satellite - downstream,Downstream,Oil,Daily LDAR,-5.61,9680.0,271040.0,-295.09,-10.54,True
1042,Asia Pacific,Japan,Offshore gas,Upstream,Gas,Vapour recovery units,-5.61,50.0,1400.0,-295.09,-10.54,True
1043,Middle East,Iraq,Satellite - downstream,Downstream,Oil,Daily LDAR,-5.61,3040.0,85120.0,-295.09,-10.54,True
1044,Europe,Romania,Onshore conventional gas,Upstream,Gas,Continuous LDAR,-5.61,6590.0,184520.0,-295.09,-10.54,True
1045,Europe,Romania,Onshore conventional oil,Upstream,Oil,Continuous LDAR,-5.61,2410.0,67480.0,-295.09,-10.54,True
1046,Middle East,Syria,Satellite - downstream,Downstream,Oil,Daily LDAR,-5.61,22640.0,633920.0,-295.09,-10.54,True
1047,Russia & Caspian,Uzbekistan,Onshore conventional oil,Upstream,Oil,Blowdown capture,-5.6,170.0,4760.0,-294.56,-10.52,True
1048,Other,Other,Onshore conventional oil,Upstream,Oil,Blowdown capture,-5.59,20.0,560.0,-294.03,-10.5,True
1049,Asia Pacific,India,Offshore gas,Upstream,Gas,Replace compressor seal or rod,-5.59,90.0,2520.0,-294.03,-10.5,True
1050,Africa,Democratic Republic of Congo,Onshore conventional oil,Upstream,Oil,Blowdown capture,-5.58,10.0,280.0,-293.51,-10.48,True
1051,Asia Pacific,China,Offshore gas,Upstream,Gas,Biannual LDAR,-5.58,1520.0,42560.0,-293.51,-10.48,True
1052,Asia Pacific,China,Offshore oil,Upstream,Oil,Biannual LDAR,-5.58,4230.0,118440.0,-293.51,-10.48,True
1053,Middle East,Saudi Arabia,Satellite - downstream,Downstream,Oil,Daily LDAR,-5.58,1920.0,53760.0,-293.51,-10.48,True
1054,Middle East,Saudi Arabia,Onshore conventional oil,Upstream,Oil,Quarterly LDAR,-5.57,63300.0,1772400.0,-292.98,-10.46,True
1055,Middle East,Saudi Arabia,Unconventional gas,Upstream,Gas,Quarterly LDAR,-5.57,2280.0,63840.0,-292.98,-10.46,True
1056,Middle East,Saudi Arabia,Onshore conventional gas,Upstream,Gas,Quarterly LDAR,-5.57,7090.0,198520.0,-292.98,-10.46,True
1057,Middle East,Syria,Onshore conventional gas,Upstream,Gas,Quarterly LDAR,-5.57,7560.0,211680.0,-292.98,-10.46,True
1058,Middle East,Syria,Onshore conventional oil,Upstream,Oil,Quarterly LDAR,-5.57,18570.0,519960.0,-292.98,-10.46,True
1059,Europe,Romania,Onshore conventional gas,Upstream,Gas,Vapour recovery units,-5.57,5110.0,143080.0,-292.98,-10.46,True
1060,Middle East,Qatar,Onshore conventional oil,Upstream,Oil,Quarterly LDAR,-5.57,6290.0,176120.0,-292.98,-10.46,True
1061,Middle East,Qatar,Onshore conventional gas,Upstream,Gas,Quarterly LDAR,-5.57,750.0,21000.0,-292.98,-10.46,True
1062,Middle East,United Arab Emirates,Onshore conventional gas,Upstream,Gas,Quarterly LDAR,-5.57,6740.0,188720.0,-292.98,-10.46,True
1063,Middle East,United Arab Emirates,Onshore conventional oil,Upstream,Oil,Quarterly LDAR,-5.57,24140.0,675920.0,-292.98,-10.46,True
1064,Europe,United Kingdom,Offshore oil,Upstream,Oil,Replace compressor seal or rod,-5.57,10.0,280.0,-292.98,-10.46,True
1065,Middle East,Oman,Onshore conventional gas,Upstream,Gas,Quarterly LDAR,-5.57,9450.0,264600.0,-292.98,-10.46,True
1066,Middle East,Oman,Onshore conventional oil,Upstream,Oil,Quarterly LDAR,-5.57,23440.0,656320.0,-292.98,-10.46,True
1067,Middle East,Oman,Unconventional gas,Upstream,Gas,Quarterly LDAR,-5.57,7640.0,213920.0,-292.98,-10.46,True
1068,Middle East,Bahrain,Onshore conventional oil,Upstream,Oil,Quarterly LDAR,-5.57,5240.0,146720.0,-292.98,-10.46,True
1069,Middle East,Bahrain,Onshore conventional gas,Upstream,Gas,Quarterly LDAR,-5.57,8420.0,235760.0,-292.98,-10.46,True
1070,Middle East,Iraq,Onshore conventional oil,Upstream,Oil,Quarterly LDAR,-5.57,99330.0,2781240.0,-292.98,-10.46,True
1071,Middle East,Iran,Onshore conventional oil,Upstream,Oil,Quarterly LDAR,-5.57,121630.0,3405640.0,-292.98,-10.46,True
1072,Middle East,Iraq,Onshore conventional gas,Upstream,Gas,Quarterly LDAR,-5.57,2250.0,63000.0,-292.98,-10.46,True
1073,Middle East,Iran,Onshore conventional gas,Upstream,Gas,Quarterly LDAR,-5.57,15320.0,428960.0,-292.98,-10.46,True
1074,Middle East,Kuwait,Onshore conventional oil,Upstream,Oil,Quarterly LDAR,-5.57,43120.0,1207360.0,-292.98,-10.46,True
1075,Middle East,Kuwait,Onshore conventional gas,Upstream,Gas,Quarterly LDAR,-5.57,4590.0,128520.0,-292.98,-10.46,True
1076,Middle East,Jordan,Onshore conventional oil,Upstream,Oil,Quarterly LDAR,-5.57,250.0,7000.0,-292.98,-10.46,True
1077,Middle East,Jordan,Unconventional gas,Upstream,Gas,Quarterly LDAR,-5.57,10.0,280.0,-292.98,-10.46,True
1078,Middle East,Jordan,Onshore conventional gas,Upstream,Gas,Quarterly LDAR,-5.57,40.0,1120.0,-292.98,-10.46,True
1079,Russia & Caspian,Uzbekistan,Onshore conventional oil,Upstream,Oil,Quarterly LDAR,-5.57,8970.0,251160.0,-292.98,-10.46,True
1080,Russia & Caspian,Uzbekistan,Onshore conventional gas,Upstream,Gas,Quarterly LDAR,-5.57,66910.0,1873480.0,-292.98,-10.46,True
1081,Middle East,Yemen,Onshore conventional oil,Upstream,Oil,Quarterly LDAR,-5.57,7930.0,222040.0,-292.98,-10.46,True
1082,Middle East,Yemen,Onshore conventional gas,Upstream,Gas,Quarterly LDAR,-5.57,30.0,840.0,-292.98,-10.46,True
1083,Europe,Ukraine,Offshore gas,Upstream,Gas,Associated gas utilisation,-5.56,1970.0,55160.0,-292.46,-10.44,True
1084,Europe,Poland,Offshore gas,Upstream,Gas,Vapour recovery units,-5.54,10.0,280.0,-291.4,-10.41,True
1085,Asia Pacific,India,Offshore gas,Upstream,Gas,Biannual LDAR,-5.54,4240.0,118720.0,-291.4,-10.41,True
1086,Asia Pacific,India,Offshore oil,Upstream,Oil,Biannual LDAR,-5.54,4720.0,132160.0,-291.4,-10.41,True
1087,Asia Pacific,Australia,Offshore oil,Upstream,Oil,Replace with instrument air systems,-5.53,1220.0,34160.0,-290.88,-10.39,True
1088,Central and South America,Brazil,Offshore oil,Upstream,Oil,Replace compressor seal or rod,-5.52,130.0,3640.0,-290.35,-10.37,True
1089,Asia Pacific,Thailand,Offshore gas,Upstream,Gas,Replace compressor seal or rod,-5.52,60.0,1680.0,-290.35,-10.37,True
1090,Europe,United Kingdom,Onshore conventional oil,Upstream,Oil,Quarterly LDAR,-5.5,170.0,4760.0,-289.3,-10.33,True
1091,Europe,United Kingdom,Onshore conventional gas,Upstream,Gas,Quarterly LDAR,-5.5,10.0,280.0,-289.3,-10.33,True
1092,Europe,United Kingdom,Unconventional gas,Upstream,Gas,Quarterly LDAR,-5.5,70.0,1960.0,-289.3,-10.33,True
1093,Other,Other,Onshore conventional oil,Upstream,Oil,Blowdown capture,-5.5,10.0,280.0,-289.3,-10.33,True
1094,Europe,Germany,Onshore conventional gas,Upstream,Gas,Quarterly LDAR,-5.5,650.0,18200.0,-289.3,-10.33,True
1095,Europe,Germany,Unconventional gas,Upstream,Gas,Quarterly LDAR,-5.5,160.0,4480.0,-289.3,-10.33,True
1096,Europe,Germany,Onshore conventional oil,Upstream,Oil,Quarterly LDAR,-5.5,180.0,5040.0,-289.3,-10.33,True
1097,Asia Pacific,Brunei,Offshore gas,Upstream,Gas,Replace compressor seal or rod,-5.49,10.0,280.0,-288.77,-10.31,True
1098,Asia Pacific,Other countries in Southeast Asia,Offshore gas,Upstream,Gas,Replace compressor seal or rod,-5.49,20.0,560.0,-288.77,-10.31,True
1099,Europe,Ukraine,Downstream oil,Downstream,Oil,Replace with electric motor,-5.49,2020.0,56560.0,-288.77,-10.31,True
1100,Asia Pacific,Viet Nam,Offshore gas,Upstream,Gas,Replace compressor seal or rod,-5.49,10.0,280.0,-288.77,-10.31,True
1101,Africa,South Africa,Downstream oil,Downstream,Oil,Replace with electric motor,-5.48,650.0,18200.0,-288.25,-10.29,True
1102,Europe,Israel,Onshore conventional oil,Upstream,Oil,Continuous LDAR,-5.48,130.0,3640.0,-288.25,-10.29,True
1103,Asia Pacific,Brunei,Downstream gas,Downstream,Gas,Biannual LDAR,-5.47,230.0,6440.0,-287.72,-10.28,True
1104,Asia Pacific,Philippines,Downstream gas,Downstream,Gas,Biannual LDAR,-5.47,320.0,8960.0,-287.72,-10.28,True
1105,Asia Pacific,Philippines,Downstream oil,Downstream,Oil,Biannual LDAR,-5.47,80.0,2240.0,-287.72,-10.28,True
1106,Asia Pacific,Thailand,Downstream gas,Downstream,Gas,Biannual LDAR,-5.47,9020.0,252560.0,-287.72,-10.28,True
1107,Asia Pacific,Thailand,Downstream oil,Downstream,Oil,Biannual LDAR,-5.47,440.0,12320.0,-287.72,-10.28,True
1108,Asia Pacific,Other countries in Southeast Asia,Downstream oil,Downstream,Oil,Biannual LDAR,-5.47,330.0,9240.0,-287.72,-10.28,True
1109,Other,Other,Onshore conventional oil,Upstream,Oil,Quarterly LDAR,-5.47,1120.0,31360.0,-287.72,-10.28,True
1110,Asia Pacific,Other countries in Southeast Asia,Downstream gas,Downstream,Gas,Biannual LDAR,-5.47,2130.0,59640.0,-287.72,-10.28,True
1111,Other,Other,Onshore conventional gas,Upstream,Gas,Quarterly LDAR,-5.47,4030.0,112840.0,-287.72,-10.28,True
1112,Asia Pacific,Malaysia,Downstream gas,Downstream,Gas,Biannual LDAR,-5.47,7000.0,196000.0,-287.72,-10.28,True
1113,Asia Pacific,Malaysia,Downstream oil,Downstream,Oil,Biannual LDAR,-5.47,180.0,5040.0,-287.72,-10.28,True
1114,Asia Pacific,Viet Nam,Downstream gas,Downstream,Gas,Biannual LDAR,-5.47,750.0,21000.0,-287.72,-10.28,True
1115,Asia Pacific,Viet Nam,Downstream oil,Downstream,Oil,Biannual LDAR,-5.47,90.0,2520.0,-287.72,-10.28,True
1116,Europe,Other countries in Europe,Downstream oil,Downstream,Oil,Replace with electric motor,-5.46,1730.0,48440.0,-287.2,-10.26,True
1117,Asia Pacific,New Zealand,Onshore conventional gas,Upstream,Gas,Quarterly LDAR,-5.45,330.0,9240.0,-286.67,-10.24,True
1118,Asia Pacific,New Zealand,Onshore conventional oil,Upstream,Oil,Quarterly LDAR,-5.45,50.0,1400.0,-286.67,-10.24,True
1119,Central and South America,Brazil,Onshore conventional gas,Upstream,Gas,Replace pumps,-5.45,600.0,16800.0,-286.67,-10.24,True
1120,Central and South America,Brazil,Onshore conventional gas,Upstream,Gas,Vapour recovery units,-5.44,1400.0,39200.0,-286.14,-10.22,True
1121,Central and South America,Ecuador,Onshore conventional oil,Upstream,Oil,Blowdown capture,-5.44,330.0,9240.0,-286.14,-10.22,True
1122,Europe,Ukraine,Downstream oil,Downstream,Oil,Continuous LDAR,-5.44,410.0,11480.0,-286.14,-10.22,True
1123,Europe,Ukraine,Downstream gas,Downstream,Gas,Continuous LDAR,-5.44,14030.0,392840.0,-286.14,-10.22,True
1124,Russia & Caspian,Turkmenistan,Onshore conventional oil,Upstream,Oil,Blowdown capture,-5.43,490.0,13720.0,-285.62,-10.2,True
1125,Africa,South Africa,Downstream oil,Downstream,Oil,Continuous LDAR,-5.43,130.0,3640.0,-285.62,-10.2,True
1126,Africa,South Africa,Downstream gas,Downstream,Gas,Continuous LDAR,-5.43,520.0,14560.0,-285.62,-10.2,True
1127,Europe,France,Onshore conventional oil,Upstream,Oil,Quarterly LDAR,-5.43,180.0,5040.0,-285.62,-10.2,True
1128,Europe,France,Unconventional gas,Upstream,Gas,Quarterly LDAR,-5.43,10.0,280.0,-285.62,-10.2,True
1129,Europe,Poland,Downstream oil,Downstream,Oil,Replace with electric motor,-5.42,520.0,14560.0,-285.09,-10.18,True
1130,Asia Pacific,Philippines,Downstream oil,Downstream,Oil,Annual LDAR,-5.41,30.0,840.0,-284.57,-10.16,True
1131,Asia Pacific,Philippines,Downstream gas,Downstream,Gas,Annual LDAR,-5.41,110.0,3080.0,-284.57,-10.16,True
1132,Asia Pacific,Thailand,Downstream oil,Downstream,Oil,Annual LDAR,-5.41,150.0,4200.0,-284.57,-10.16,True
1133,Asia Pacific,Thailand,Downstream gas,Downstream,Gas,Annual LDAR,-5.41,3010.0,84280.0,-284.57,-10.16,True
1134,Asia Pacific,Malaysia,Downstream oil,Downstream,Oil,Annual LDAR,-5.41,60.0,1680.0,-284.57,-10.16,True
1135,Asia Pacific,Malaysia,Downstream gas,Downstream,Gas,Annual LDAR,-5.41,2330.0,65240.0,-284.57,-10.16,True
1136,Asia Pacific,Other countries in Southeast Asia,Downstream gas,Downstream,Gas,Annual LDAR,-5.41,710.0,19880.0,-284.57,-10.16,True
1137,Asia Pacific,Other countries in Southeast Asia,Downstream oil,Downstream,Oil,Annual LDAR,-5.41,110.0,3080.0,-284.57,-10.16,True
1138,Central and South America,Brazil,Offshore gas,Upstream,Gas,Quarterly LDAR,-5.41,6140.0,171920.0,-284.57,-10.16,True
1139,Asia Pacific,Brunei,Downstream gas,Downstream,Gas,Annual LDAR,-5.41,80.0,2240.0,-284.57,-10.16,True
1140,Central and South America,Brazil,Offshore oil,Upstream,Oil,Quarterly LDAR,-5.41,62880.0,1760640.0,-284.57,-10.16,True
1141,Asia Pacific,Viet Nam,Downstream oil,Downstream,Oil,Annual LDAR,-5.41,30.0,840.0,-284.57,-10.16,True
1142,Asia Pacific,Viet Nam,Downstream gas,Downstream,Gas,Annual LDAR,-5.41,250.0,7000.0,-284.57,-10.16,True
1143,Europe,Estonia,Downstream oil,Downstream,Oil,Replace with electric motor,-5.4,20.0,560.0,-284.04,-10.14,True
1144,Asia Pacific,Japan,Offshore gas,Upstream,Gas,Continuous LDAR,-5.39,30.0,840.0,-283.51,-10.13,True
1145,Asia Pacific,Japan,Offshore oil,Upstream,Oil,Continuous LDAR,-5.39,10.0,280.0,-283.51,-10.13,True
1146,Asia Pacific,Malaysia,Offshore oil,Upstream,Oil,Replace compressor seal or rod,-5.39,30.0,840.0,-283.51,-10.13,True
1147,Africa,Equatorial Guinea,Offshore oil,Upstream,Oil,Replace with instrument air systems,-5.38,2820.0,78960.0,-282.99,-10.11,True
1148,Asia Pacific,China,Onshore conventional gas,Upstream,Gas,Vapour recovery units,-5.37,28480.0,797440.0,-282.46,-10.09,True
1149,Europe,Other countries in Europe,Downstream oil,Downstream,Oil,Quarterly LDAR,-5.37,770.0,21560.0,-282.46,-10.09,True
1150,Europe,Other countries in Europe,Downstream gas,Downstream,Gas,Quarterly LDAR,-5.37,16310.0,456680.0,-282.46,-10.09,True
1151,Europe,Slovenia,Downstream oil,Downstream,Oil,Replace with electric motor,-5.36,30.0,840.0,-281.94,-10.07,True
1152,Asia Pacific,India,Offshore oil,Upstream,Oil,Replace compressor seal or rod,-5.36,60.0,1680.0,-281.94,-10.07,True
1153,Europe,Poland,Unconventional gas,Upstream,Gas,Vapour recovery units,-5.35,590.0,16520.0,-281.41,-10.05,True
1154,Asia Pacific,New Zealand,Onshore conventional oil,Upstream,Oil,Continuous LDAR,-5.35,60.0,1680.0,-281.41,-10.05,True
1155,Asia Pacific,New Zealand,Onshore conventional gas,Upstream,Gas,Continuous LDAR,-5.35,350.0,9800.0,-281.41,-10.05,True
1156,Europe,Norway,Offshore oil,Upstream,Oil,Replace compressor seal or rod,-5.34,470.0,13160.0,-280.88,-10.03,True
1157,Asia Pacific,Indonesia,Offshore gas,Upstream,Gas,Biannual LDAR,-5.33,3260.0,91280.0,-280.36,-10.01,True
1158,Asia Pacific,Indonesia,Offshore oil,Upstream,Oil,Biannual LDAR,-5.33,660.0,18480.0,-280.36,-10.01,True
1159,Europe,Other EU17 countries,Downstream oil,Downstream,Oil,Replace with electric motor,-5.32,2280.0,63840.0,-279.83,-9.99,True
1160,Europe,Netherlands,Onshore conventional gas,Upstream,Gas,Quarterly LDAR,-5.31,100.0,2800.0,-279.31,-9.98,True
1161,Europe,Netherlands,Onshore conventional oil,Upstream,Oil,Quarterly LDAR,-5.31,10.0,280.0,-279.31,-9.98,True
1162,Asia Pacific,Indonesia,Offshore gas,Upstream,Gas,Replace compressor seal or rod,-5.31,70.0,1960.0,-279.31,-9.98,True
1163,Europe,Germany,Onshore conventional gas,Upstream,Gas,Vapour recovery units,-5.31,540.0,15120.0,-279.31,-9.98,True
1164,Europe,Norway,Offshore oil,Upstream,Oil,Annual LDAR,-5.3,40.0,1120.0,-278.78,-9.96,True
1165,Europe,Norway,Offshore gas,Upstream,Gas,Annual LDAR,-5.3,60.0,1680.0,-278.78,-9.96,True
1166,Europe,Slovenia,Downstream gas,Downstream,Gas,Annual LDAR,-5.29,30.0,840.0,-278.25,-9.94,True
1167,Europe,Ukraine,Onshore conventional gas,Upstream,Gas,Replace with electric motor,-5.28,14360.0,402080.0,-277.73,-9.92,True
1168,Europe,Italy,Downstream oil,Downstream,Oil,Replace with electric motor,-5.28,870.0,24360.0,-277.73,-9.92,True
1169,Europe,Sweden,Downstream oil,Downstream,Oil,Replace with electric motor,-5.27,150.0,4200.0,-277.2,-9.9,True
1170,Europe,Other EU7 countries,Downstream oil,Downstream,Oil,Replace with electric motor,-5.27,300.0,8400.0,-277.2,-9.9,True
1171,Asia Pacific,China,Downstream oil,Downstream,Oil,Biannual LDAR,-5.26,2620.0,73360.0,-276.68,-9.88,True
1172,Asia Pacific,China,Downstream gas,Downstream,Gas,Biannual LDAR,-5.26,43760.0,1225280.0,-276.68,-9.88,True
1173,Central and South America,Brazil,Downstream oil,Downstream,Oil,Quarterly LDAR,-5.26,1690.0,47320.0,-276.68,-9.88,True
1174,Central and South America,Brazil,Downstream gas,Downstream,Gas,Quarterly LDAR,-5.26,13880.0,388640.0,-276.68,-9.88,True
1175,Russia & Caspian,Azerbaijan,Offshore oil,Upstream,Oil,Biannual LDAR,-5.25,1660.0,46480.0,-276.15,-9.86,True
1176,Russia & Caspian,Azerbaijan,Offshore gas,Upstream,Gas,Biannual LDAR,-5.25,1580.0,44240.0,-276.15,-9.86,True
1177,Europe,Slovenia,Downstream gas,Downstream,Gas,Biannual LDAR,-5.25,90.0,2520.0,-276.15,-9.86,True
1178,Europe,United Kingdom,Unconventional gas,Upstream,Gas,Continuous LDAR,-5.25,70.0,1960.0,-276.15,-9.86,True
1179,Europe,United Kingdom,Onshore conventional gas,Upstream,Gas,Continuous LDAR,-5.25,10.0,280.0,-276.15,-9.86,True
1180,Europe,United Kingdom,Onshore conventional oil,Upstream,Oil,Continuous LDAR,-5.25,180.0,5040.0,-276.15,-9.86,True
1181,Africa,Tanzania,Offshore gas,Upstream,Gas,Biannual LDAR,-5.24,60.0,1680.0,-275.62,-9.84,True
1182,Africa,Senegal,Offshore oil,Upstream,Oil,Biannual LDAR,-5.24,380.0,10640.0,-275.62,-9.84,True
1183,Other,Other,Offshore oil,Upstream,Oil,Biannual LDAR,-5.24,10.0,280.0,-275.62,-9.84,True
1184,Africa,Nigeria,Offshore gas,Upstream,Gas,Biannual LDAR,-5.24,1100.0,30800.0,-275.62,-9.84,True
1185,Africa,Nigeria,Offshore oil,Upstream,Oil,Biannual LDAR,-5.24,7920.0,221760.0,-275.62,-9.84,True
1186,Africa,Mozambique,Offshore oil,Upstream,Oil,Biannual LDAR,-5.24,250.0,7000.0,-275.62,-9.84,True
1187,Africa,Mozambique,Offshore gas,Upstream,Gas,Biannual LDAR,-5.24,620.0,17360.0,-275.62,-9.84,True
1188,Africa,Angola,Offshore gas,Upstream,Gas,Biannual LDAR,-5.24,10.0,280.0,-275.62,-9.84,True
1189,Africa,Angola,Offshore oil,Upstream,Oil,Biannual LDAR,-5.24,2110.0,59080.0,-275.62,-9.84,True
1190,Africa,Cameroon,Offshore gas,Upstream,Gas,Biannual LDAR,-5.24,180.0,5040.0,-275.62,-9.84,True
1191,Africa,Cameroon,Offshore oil,Upstream,Oil,Biannual LDAR,-5.24,780.0,21840.0,-275.62,-9.84,True
1192,Asia Pacific,China,Downstream gas,Downstream,Gas,Annual LDAR,-5.24,14590.0,408520.0,-275.62,-9.84,True
1193,Asia Pacific,China,Downstream oil,Downstream,Oil,Annual LDAR,-5.24,870.0,24360.0,-275.62,-9.84,True
1194,Africa,Democratic Republic of Congo,Offshore oil,Upstream,Oil,Biannual LDAR,-5.24,130.0,3640.0,-275.62,-9.84,True
1195,Africa,Cote d'Ivoire,Offshore oil,Upstream,Oil,Biannual LDAR,-5.24,110.0,3080.0,-275.62,-9.84,True
1196,Africa,Cote d'Ivoire,Offshore gas,Upstream,Gas,Biannual LDAR,-5.24,150.0,4200.0,-275.62,-9.84,True
1197,Africa,Congo,Offshore oil,Upstream,Oil,Biannual LDAR,-5.24,2830.0,79240.0,-275.62,-9.84,True
1198,Africa,Congo,Offshore gas,Upstream,Gas,Biannual LDAR,-5.24,40.0,1120.0,-275.62,-9.84,True
1199,Africa,Ghana,Offshore oil,Upstream,Oil,Biannual LDAR,-5.24,520.0,14560.0,-275.62,-9.84,True
1200,Africa,Ghana,Offshore gas,Upstream,Gas,Biannual LDAR,-5.24,120.0,3360.0,-275.62,-9.84,True
1201,Africa,Gabon,Offshore oil,Upstream,Oil,Biannual LDAR,-5.24,1160.0,32480.0,-275.62,-9.84,True
1202,Asia Pacific,India,Downstream oil,Downstream,Oil,Biannual LDAR,-5.24,3180.0,89040.0,-275.62,-9.84,True
1203,Asia Pacific,India,Downstream gas,Downstream,Gas,Biannual LDAR,-5.24,23540.0,659120.0,-275.62,-9.84,True
1204,Africa,Equatorial Guinea,Offshore oil,Upstream,Oil,Biannual LDAR,-5.24,620.0,17360.0,-275.62,-9.84,True
1205,Africa,Equatorial Guinea,Offshore gas,Upstream,Gas,Biannual LDAR,-5.24,930.0,26040.0,-275.62,-9.84,True
1206,Africa,Gabon,Offshore gas,Upstream,Gas,Biannual LDAR,-5.24,20.0,560.0,-275.62,-9.84,True
1207,Europe,Denmark,Downstream oil,Downstream,Oil,Replace with electric motor,-5.24,110.0,3080.0,-275.62,-9.84,True
1208,Europe,Germany,Downstream oil,Downstream,Oil,Replace with electric motor,-5.23,1000.0,28000.0,-275.1,-9.83,True
1209,Middle East,Iran,Offshore gas,Upstream,Gas,Continuous LDAR,-5.23,82870.0,2320360.0,-275.1,-9.83,True
1210,Middle East,Iran,Offshore oil,Upstream,Oil,Continuous LDAR,-5.23,59960.0,1678880.0,-275.1,-9.83,True
1211,Middle East,Kuwait,Offshore gas,Upstream,Gas,Continuous LDAR,-5.23,40.0,1120.0,-275.1,-9.83,True
1212,Middle East,Kuwait,Offshore oil,Upstream,Oil,Continuous LDAR,-5.23,2320.0,64960.0,-275.1,-9.83,True
1213,Middle East,Oman,Offshore gas,Upstream,Gas,Continuous LDAR,-5.23,20.0,560.0,-275.1,-9.83,True
1214,Middle East,Oman,Offshore oil,Upstream,Oil,Continuous LDAR,-5.23,50.0,1400.0,-275.1,-9.83,True
1215,Europe,Other EU7 countries,Downstream oil,Downstream,Oil,Quarterly LDAR,-5.23,130.0,3640.0,-275.1,-9.83,True
1216,Europe,Other EU7 countries,Downstream gas,Downstream,Gas,Quarterly LDAR,-5.23,1890.0,52920.0,-275.1,-9.83,True
1217,Middle East,Saudi Arabia,Offshore gas,Upstream,Gas,Continuous LDAR,-5.23,6330.0,177240.0,-275.1,-9.83,True
1218,Middle East,Saudi Arabia,Offshore oil,Upstream,Oil,Continuous LDAR,-5.23,33260.0,931280.0,-275.1,-9.83,True
1219,Middle East,Qatar,Offshore gas,Upstream,Gas,Continuous LDAR,-5.23,56370.0,1578360.0,-275.1,-9.83,True
1220,Middle East,Qatar,Offshore oil,Upstream,Oil,Continuous LDAR,-5.23,22510.0,630280.0,-275.1,-9.83,True
1221,Middle East,United Arab Emirates,Offshore oil,Upstream,Oil,Continuous LDAR,-5.23,30030.0,840840.0,-275.1,-9.83,True
1222,Middle East,United Arab Emirates,Offshore gas,Upstream,Gas,Continuous LDAR,-5.23,5220.0,146160.0,-275.1,-9.83,True
1223,Asia Pacific,Japan,Onshore conventional gas,Upstream,Gas,Replace with electric motor,-5.22,580.0,16240.0,-274.57,-9.81,True
1224,Europe,France,Downstream oil,Downstream,Oil,Replace with electric motor,-5.22,1350.0,37800.0,-274.57,-9.81,True
1225,Asia Pacific,India,Downstream gas,Downstream,Gas,Annual LDAR,-5.21,7850.0,219800.0,-274.05,-9.79,True
1226,Asia Pacific,India,Downstream oil,Downstream,Oil,Annual LDAR,-5.21,1060.0,29680.0,-274.05,-9.79,True
1227,Europe,Netherlands,Onshore conventional gas,Upstream,Gas,Vapour recovery units,-5.2,60.0,1680.0,-273.52,-9.77,True
1228,Russia & Caspian,Turkmenistan,Offshore oil,Upstream,Oil,Biannual LDAR,-5.19,3660.0,102480.0,-272.99,-9.75,True
1229,Russia & Caspian,Turkmenistan,Offshore gas,Upstream,Gas,Biannual LDAR,-5.19,1370.0,38360.0,-272.99,-9.75,True
1230,Russia & Caspian,Turkmenistan,Onshore conventional gas,Upstream,Gas,Blowdown capture,-5.18,311160.0,8712480.0,-272.47,-9.73,True
1231,Other,Other,Onshore conventional gas,Upstream,Gas,Blowdown capture,-5.18,30.0,840.0,-272.47,-9.73,True
1232,Russia & Caspian,Kazakhstan,Onshore conventional gas,Upstream,Gas,Blowdown capture,-5.18,14890.0,416920.0,-272.47,-9.73,True
1233,Middle East,Jordan,Onshore conventional gas,Upstream,Gas,Blowdown capture,-5.17,10.0,280.0,-271.94,-9.71,True
1234,Middle East,Kuwait,Onshore conventional gas,Upstream,Gas,Blowdown capture,-5.17,8460.0,236880.0,-271.94,-9.71,True
1235,Middle East,Iran,Onshore conventional gas,Upstream,Gas,Blowdown capture,-5.17,28230.0,790440.0,-271.94,-9.71,True
1236,Middle East,Iraq,Onshore conventional gas,Upstream,Gas,Blowdown capture,-5.17,4150.0,116200.0,-271.94,-9.71,True
1237,Africa,Gabon,Onshore conventional gas,Upstream,Gas,Blowdown capture,-5.17,390.0,10920.0,-271.94,-9.71,True
1238,Africa,Congo,Onshore conventional gas,Upstream,Gas,Blowdown capture,-5.17,340.0,9520.0,-271.94,-9.71,True
1239,Africa,Cameroon,Onshore conventional gas,Upstream,Gas,Blowdown capture,-5.17,40.0,1120.0,-271.94,-9.71,True
1240,Africa,Angola,Onshore conventional gas,Upstream,Gas,Blowdown capture,-5.17,870.0,24360.0,-271.94,-9.71,True
1241,Middle East,Bahrain,Onshore conventional gas,Upstream,Gas,Blowdown capture,-5.17,15520.0,434560.0,-271.94,-9.71,True
1242,Africa,Botswana,Unconventional gas,Upstream,Gas,Blowdown capture,-5.17,30.0,840.0,-271.94,-9.71,True
1243,Europe,Other EU7 countries,Offshore gas,Upstream,Gas,Quarterly LDAR,-5.17,50.0,1400.0,-271.94,-9.71,True
1244,Africa,Mozambique,Onshore conventional gas,Upstream,Gas,Blowdown capture,-5.17,7600.0,212800.0,-271.94,-9.71,True
1245,Middle East,Oman,Unconventional gas,Upstream,Gas,Blowdown capture,-5.17,12110.0,339080.0,-271.94,-9.71,True
1246,Middle East,Oman,Onshore conventional gas,Upstream,Gas,Blowdown capture,-5.17,17400.0,487200.0,-271.94,-9.71,True
1247,Africa,Nigeria,Onshore conventional gas,Upstream,Gas,Blowdown capture,-5.17,32430.0,908040.0,-271.94,-9.71,True
1248,Middle East,United Arab Emirates,Onshore conventional gas,Upstream,Gas,Blowdown capture,-5.17,12420.0,347760.0,-271.94,-9.71,True
1249,Europe,Ukraine,Offshore gas,Upstream,Gas,Replace with electric motor,-5.17,100.0,2800.0,-271.94,-9.71,True
1250,Africa,Tanzania,Onshore conventional gas,Upstream,Gas,Blowdown capture,-5.17,900.0,25200.0,-271.94,-9.71,True
1251,Middle East,Qatar,Onshore conventional gas,Upstream,Gas,Blowdown capture,-5.17,1380.0,38640.0,-271.94,-9.71,True
1252,Middle East,Saudi Arabia,Unconventional gas,Upstream,Gas,Blowdown capture,-5.17,3620.0,101360.0,-271.94,-9.71,True
1253,Africa,Senegal,Onshore conventional gas,Upstream,Gas,Blowdown capture,-5.17,1490.0,41720.0,-271.94,-9.71,True
1254,Middle East,Saudi Arabia,Onshore conventional gas,Upstream,Gas,Blowdown capture,-5.17,13070.0,365960.0,-271.94,-9.71,True
1255,Middle East,Syria,Onshore conventional gas,Upstream,Gas,Blowdown capture,-5.17,13930.0,390040.0,-271.94,-9.71,True
1256,Middle East,Yemen,Onshore conventional gas,Upstream,Gas,Blowdown capture,-5.17,50.0,1400.0,-271.94,-9.71,True
1257,Russia & Caspian,Uzbekistan,Onshore conventional gas,Upstream,Gas,Blowdown capture,-5.17,170380.0,4770640.0,-271.94,-9.71,True
1258,Asia Pacific,Thailand,Onshore conventional gas,Upstream,Gas,Replace pumps,-5.16,190.0,5320.0,-271.42,-9.69,True
1259,Asia Pacific,Other countries in Southeast Asia,Onshore conventional gas,Upstream,Gas,Replace pumps,-5.16,60.0,1680.0,-271.42,-9.69,True
1260,Other,Other,Onshore conventional gas,Upstream,Gas,Blowdown capture,-5.16,10250.0,287000.0,-271.42,-9.69,True
1261,Asia Pacific,Brunei,Onshore conventional gas,Upstream,Gas,Replace pumps,-5.16,60.0,1680.0,-271.42,-9.69,True
1262,Asia Pacific,Thailand,Onshore conventional gas,Upstream,Gas,Vapour recovery units,-5.15,450.0,12600.0,-270.89,-9.67,True
1263,Europe,Romania,Downstream oil,Downstream,Oil,Replace with electric motor,-5.15,3240.0,90720.0,-270.89,-9.67,True
1264,Europe,Other countries in Europe,Onshore conventional gas,Upstream,Gas,Quarterly LDAR,-5.14,30.0,840.0,-270.36,-9.66,True
1265,Europe,Other countries in Europe,Onshore conventional oil,Upstream,Oil,Quarterly LDAR,-5.14,1410.0,39480.0,-270.36,-9.66,True
1266,Other,Other,Onshore conventional gas,Upstream,Gas,Blowdown capture,-5.13,440.0,12320.0,-269.84,-9.64,True
1267,Africa,South Africa,Onshore conventional oil,Upstream,Oil,Replace with electric motor,-5.13,4870.0,136360.0,-269.84,-9.64,True
1268,Central and South America,Colombia,Onshore conventional gas,Upstream,Gas,Blowdown capture,-5.13,8090.0,226520.0,-269.84,-9.64,True
1269,Russia & Caspian,Kazakhstan,Offshore gas,Upstream,Gas,Biannual LDAR,-5.13,190.0,5320.0,-269.84,-9.64,True
1270,Russia & Caspian,Kazakhstan,Offshore oil,Upstream,Oil,Biannual LDAR,-5.13,1030.0,28840.0,-269.84,-9.64,True
1271,Asia Pacific,Brunei,Onshore conventional gas,Upstream,Gas,Vapour recovery units,-5.12,140.0,3920.0,-269.31,-9.62,True
1272,Asia Pacific,Other countries in Southeast Asia,Onshore conventional gas,Upstream,Gas,Vapour recovery units,-5.11,140.0,3920.0,-268.79,-9.6,True
1273,Asia Pacific,Viet Nam,Onshore conventional gas,Upstream,Gas,Vapour recovery units,-5.11,10.0,280.0,-268.79,-9.6,True
1274,Asia Pacific,Viet Nam,Offshore oil,Upstream,Oil,Quarterly LDAR,-5.09,5240.0,146720.0,-267.73,-9.56,True
1275,Asia Pacific,Viet Nam,Offshore gas,Upstream,Gas,Quarterly LDAR,-5.09,1720.0,48160.0,-267.73,-9.56,True
1276,Asia Pacific,Other countries in Southeast Asia,Offshore gas,Upstream,Gas,Quarterly LDAR,-5.09,5620.0,157360.0,-267.73,-9.56,True
1277,Europe,Other EU7 countries,Offshore gas,Upstream,Gas,Associated gas utilisation,-5.09,140.0,3920.0,-267.73,-9.56,True
1278,Asia Pacific,Malaysia,Offshore oil,Upstream,Oil,Quarterly LDAR,-5.09,14920.0,417760.0,-267.73,-9.56,True
1279,Asia Pacific,Malaysia,Offshore gas,Upstream,Gas,Quarterly LDAR,-5.09,31260.0,875280.0,-267.73,-9.56,True
1280,Asia Pacific,Philippines,Offshore gas,Upstream,Gas,Quarterly LDAR,-5.09,610.0,17080.0,-267.73,-9.56,True
1281,Asia Pacific,Philippines,Offshore oil,Upstream,Oil,Quarterly LDAR,-5.09,250.0,7000.0,-267.73,-9.56,True
1282,Asia Pacific,Thailand,Offshore oil,Upstream,Oil,Quarterly LDAR,-5.09,8470.0,237160.0,-267.73,-9.56,True
1283,Asia Pacific,Thailand,Offshore gas,Upstream,Gas,Quarterly LDAR,-5.09,16330.0,457240.0,-267.73,-9.56,True
1284,Asia Pacific,Brunei,Offshore oil,Upstream,Oil,Quarterly LDAR,-5.09,1160.0,32480.0,-267.73,-9.56,True
1285,Asia Pacific,Brunei,Offshore gas,Upstream,Gas,Quarterly LDAR,-5.09,2000.0,56000.0,-267.73,-9.56,True
1286,Asia Pacific,Bangladesh,Downstream oil,Downstream,Oil,Biannual LDAR,-5.07,50.0,1400.0,-266.68,-9.52,True
1287,Asia Pacific,Bangladesh,Downstream gas,Downstream,Gas,Biannual LDAR,-5.07,3440.0,96320.0,-266.68,-9.52,True
1288,Asia Pacific,Australia,Offshore gas,Upstream,Gas,Annual LDAR,-5.07,740.0,20720.0,-266.68,-9.52,True
1289,Asia Pacific,Australia,Offshore oil,Upstream,Oil,Annual LDAR,-5.07,90.0,2520.0,-266.68,-9.52,True
1290,Asia Pacific,Pakistan,Downstream gas,Downstream,Gas,Biannual LDAR,-5.07,8090.0,226520.0,-266.68,-9.52,True
1291,Asia Pacific,Pakistan,Downstream oil,Downstream,Oil,Biannual LDAR,-5.07,210.0,5880.0,-266.68,-9.52,True
1292,Europe,Other EU7 countries,Onshore conventional gas,Upstream,Gas,Replace with electric motor,-5.06,140.0,3920.0,-266.16,-9.51,True
1293,Asia Pacific,Indonesia,Downstream oil,Downstream,Oil,Biannual LDAR,-5.06,440.0,12320.0,-266.16,-9.51,True
1294,Asia Pacific,Indonesia,Downstream gas,Downstream,Gas,Biannual LDAR,-5.06,7770.0,217560.0,-266.16,-9.51,True
1295,Africa,Egypt,Offshore gas,Upstream,Gas,Biannual LDAR,-5.05,2350.0,65800.0,-265.63,-9.49,True
1296,Africa,Egypt,Offshore oil,Upstream,Oil,Biannual LDAR,-5.05,1120.0,31360.0,-265.63,-9.49,True
1297,Europe,Italy,Offshore oil,Upstream,Oil,Vapour recovery units,-5.05,140.0,3920.0,-265.63,-9.49,True
1298,Africa,Libya,Offshore gas,Upstream,Gas,Biannual LDAR,-5.05,220.0,6160.0,-265.63,-9.49,True
1299,Africa,Libya,Offshore oil,Upstream,Oil,Biannual LDAR,-5.05,180.0,5040.0,-265.63,-9.49,True
1300,Africa,Tunisia,Offshore oil,Upstream,Oil,Biannual LDAR,-5.05,50.0,1400.0,-265.63,-9.49,True
1301,Africa,Tunisia,Offshore gas,Upstream,Gas,Biannual LDAR,-5.05,60.0,1680.0,-265.63,-9.49,True
1302,Asia Pacific,Pakistan,Downstream gas,Downstream,Gas,Annual LDAR,-5.04,2700.0,75600.0,-265.1,-9.47,True
1303,Asia Pacific,Pakistan,Downstream oil,Downstream,Oil,Annual LDAR,-5.04,70.0,1960.0,-265.1,-9.47,True
1304,Other,Other,Offshore gas,Upstream,Gas,Biannual LDAR,-5.04,30.0,840.0,-265.1,-9.47,True
1305,Asia Pacific,Indonesia,Downstream oil,Downstream,Oil,Annual LDAR,-5.04,150.0,4200.0,-265.1,-9.47,True
1306,Asia Pacific,Indonesia,Downstream gas,Downstream,Gas,Annual LDAR,-5.04,2590.0,72520.0,-265.1,-9.47,True
1307,Asia Pacific,Bangladesh,Downstream gas,Downstream,Gas,Annual LDAR,-5.04,1150.0,32200.0,-265.1,-9.47,True
1308,Asia Pacific,Bangladesh,Downstream oil,Downstream,Oil,Annual LDAR,-5.04,20.0,560.0,-265.1,-9.47,True
1309,Africa,Mozambique,Offshore gas,Upstream,Gas,Replace compressor seal or rod,-5.03,10.0,280.0,-264.58,-9.45,True
1310,Europe,Ukraine,Downstream gas,Downstream,Gas,Replace with electric motor,-5.03,21640.0,605920.0,-264.58,-9.45,True
1311,Europe,Poland,Onshore conventional oil,Upstream,Oil,Replace with electric motor,-5.03,410.0,11480.0,-264.58,-9.45,True
1312,Europe,Poland,Onshore conventional gas,Upstream,Gas,Replace with electric motor,-5.02,840.0,23520.0,-264.05,-9.43,True
1313,Russia & Caspian,Turkmenistan,Offshore gas,Upstream,Gas,Replace compressor seal or rod,-5.02,30.0,840.0,-264.05,-9.43,True
1314,Europe,Other countries in Europe,Onshore conventional oil,Upstream,Oil,Replace pumps,-5.02,3950.0,110600.0,-264.05,-9.43,True
1315,Russia & Caspian,Azerbaijan,Offshore gas,Upstream,Gas,Replace compressor seal or rod,-5.02,30.0,840.0,-264.05,-9.43,True
1316,Europe,Poland,Unconventional gas,Upstream,Gas,Replace with electric motor,-5.01,200.0,5600.0,-263.53,-9.41,True
1317,Europe,Other countries in Europe,Onshore conventional gas,Upstream,Gas,Replace with electric motor,-5.0,820.0,22960.0,-263.0,-9.39,True
1318,Asia Pacific,Pakistan,Unconventional gas,Upstream,Gas,Replace pumps,-4.99,150.0,4200.0,-262.47,-9.37,True
1319,Asia Pacific,Pakistan,Onshore conventional gas,Upstream,Gas,Replace pumps,-4.99,3620.0,101360.0,-262.47,-9.37,True
1320,Asia Pacific,Bangladesh,Onshore conventional gas,Upstream,Gas,Replace pumps,-4.99,1770.0,49560.0,-262.47,-9.37,True
1321,Asia Pacific,India,Onshore conventional gas,Upstream,Gas,Vapour recovery units,-4.99,3990.0,111720.0,-262.47,-9.37,True
1322,Other,Other,Offshore gas,Upstream,Gas,Continuous LDAR,-4.98,20.0,560.0,-261.95,-9.36,True
1323,Other,Other,Offshore oil,Upstream,Oil,Continuous LDAR,-4.98,20.0,560.0,-261.95,-9.36,True
1324,Asia Pacific,New Zealand,Onshore conventional gas,Upstream,Gas,Replace pumps,-4.98,80.0,2240.0,-261.95,-9.36,True
1325,Europe,Poland,Downstream oil,Downstream,Oil,Quarterly LDAR,-4.98,230.0,6440.0,-261.95,-9.36,True
1326,Europe,Poland,Downstream gas,Downstream,Gas,Quarterly LDAR,-4.98,5100.0,142800.0,-261.95,-9.36,True
1327,Europe,Germany,Onshore conventional gas,Upstream,Gas,Continuous LDAR,-4.97,690.0,19320.0,-261.42,-9.34,True
1328,Europe,Germany,Unconventional gas,Upstream,Gas,Continuous LDAR,-4.97,170.0,4760.0,-261.42,-9.34,True
1329,Europe,Germany,Onshore conventional oil,Upstream,Oil,Continuous LDAR,-4.97,190.0,5320.0,-261.42,-9.34,True
1330,Russia & Caspian,Kazakhstan,Offshore oil,Upstream,Oil,Replace compressor seal or rod,-4.97,10.0,280.0,-261.42,-9.34,True
1331,Asia Pacific,Japan,Offshore oil,Upstream,Oil,Vapour recovery units,-4.95,20.0,560.0,-260.37,-9.3,True
1332,Europe,Italy,Downstream oil,Downstream,Oil,Annual LDAR,-4.95,40.0,1120.0,-260.37,-9.3,True
1333,Europe,Italy,Downstream gas,Downstream,Gas,Annual LDAR,-4.95,1310.0,36680.0,-260.37,-9.3,True
1334,Asia Pacific,Brunei,Downstream gas,Downstream,Gas,Quarterly LDAR,-4.95,730.0,20440.0,-260.37,-9.3,True
1335,Asia Pacific,Brunei,Downstream oil,Downstream,Oil,Quarterly LDAR,-4.95,10.0,280.0,-260.37,-9.3,True
1336,Asia Pacific,China,Offshore oil,Upstream,Oil,Replace compressor seal or rod,-4.95,50.0,1400.0,-260.37,-9.3,True
1337,Asia Pacific,Philippines,Downstream oil,Downstream,Oil,Quarterly LDAR,-4.95,240.0,6720.0,-260.37,-9.3,True
1338,Asia Pacific,Philippines,Downstream gas,Downstream,Gas,Quarterly LDAR,-4.95,1000.0,28000.0,-260.37,-9.3,True
1339,Middle East,Saudi Arabia,Offshore gas,Upstream,Gas,Replace compressor seal or rod,-4.95,20.0,560.0,-260.37,-9.3,True
1340,Asia Pacific,Thailand,Downstream gas,Downstream,Gas,Quarterly LDAR,-4.95,28200.0,789600.0,-260.37,-9.3,True
1341,Asia Pacific,Thailand,Downstream oil,Downstream,Oil,Quarterly LDAR,-4.95,1370.0,38360.0,-260.37,-9.3,True
1342,Asia Pacific,Malaysia,Downstream gas,Downstream,Gas,Quarterly LDAR,-4.95,21880.0,612640.0,-260.37,-9.3,True
1343,Asia Pacific,Malaysia,Downstream oil,Downstream,Oil,Quarterly LDAR,-4.95,550.0,15400.0,-260.37,-9.3,True
1344,Asia Pacific,Other countries in Southeast Asia,Downstream gas,Downstream,Gas,Quarterly LDAR,-4.95,6670.0,186760.0,-260.37,-9.3,True
1345,Europe,Other EU7 countries,Offshore gas,Upstream,Gas,Replace with electric motor,-4.95,10.0,280.0,-260.37,-9.3,True
1346,Asia Pacific,Other countries in Southeast Asia,Downstream oil,Downstream,Oil,Quarterly LDAR,-4.95,1030.0,28840.0,-260.37,-9.3,True
1347,Asia Pacific,Viet Nam,Downstream gas,Downstream,Gas,Quarterly LDAR,-4.95,2330.0,65240.0,-260.37,-9.3,True
1348,Asia Pacific,Viet Nam,Downstream oil,Downstream,Oil,Quarterly LDAR,-4.95,280.0,7840.0,-260.37,-9.3,True
1349,Middle East,Saudi Arabia,Offshore oil,Upstream,Oil,Replace compressor seal or rod,-4.94,60.0,1680.0,-259.84,-9.28,True
1350,Central and South America,Trinidad and Tobago,Offshore gas,Upstream,Gas,Biannual LDAR,-4.93,1580.0,44240.0,-259.32,-9.26,True
1351,Central and South America,Trinidad and Tobago,Offshore oil,Upstream,Oil,Biannual LDAR,-4.93,190.0,5320.0,-259.32,-9.26,True
1352,Central and South America,Peru,Offshore oil,Upstream,Oil,Biannual LDAR,-4.93,20.0,560.0,-259.32,-9.26,True
1353,Central and South America,Peru,Offshore gas,Upstream,Gas,Biannual LDAR,-4.93,20.0,560.0,-259.32,-9.26,True
1354,Central and South America,Cuba,Offshore oil,Upstream,Oil,Biannual LDAR,-4.93,80.0,2240.0,-259.32,-9.26,True
1355,Central and South America,Argentina,Offshore oil,Upstream,Oil,Biannual LDAR,-4.93,160.0,4480.0,-259.32,-9.26,True
1356,Central and South America,Argentina,Offshore gas,Upstream,Gas,Biannual LDAR,-4.93,640.0,17920.0,-259.32,-9.26,True
1357,Europe,Israel,Downstream oil,Downstream,Oil,Replace with electric motor,-4.93,140.0,3920.0,-259.32,-9.26,True
1358,Central and South America,Guyana,Offshore oil,Upstream,Oil,Biannual LDAR,-4.93,1270.0,35560.0,-259.32,-9.26,True
1359,Central and South America,Ecuador,Offshore gas,Upstream,Gas,Biannual LDAR,-4.93,30.0,840.0,-259.32,-9.26,True
1360,Central and South America,Ecuador,Offshore oil,Upstream,Oil,Biannual LDAR,-4.93,30.0,840.0,-259.32,-9.26,True
1361,Central and South America,Venezuela,Offshore oil,Upstream,Oil,Biannual LDAR,-4.93,1360.0,38080.0,-259.32,-9.26,True
1362,Central and South America,Venezuela,Offshore gas,Upstream,Gas,Biannual LDAR,-4.93,1060.0,29680.0,-259.32,-9.26,True
1363,Europe,Other EU17 countries,Downstream gas,Downstream,Gas,Annual LDAR,-4.92,1880.0,52640.0,-258.79,-9.24,True
1364,Europe,Other EU17 countries,Downstream oil,Downstream,Oil,Annual LDAR,-4.92,110.0,3080.0,-258.79,-9.24,True
1365,Africa,Morocco,Onshore conventional gas,Upstream,Gas,Blowdown capture,-4.9,20.0,560.0,-257.74,-9.2,True
1366,Africa,Tunisia,Onshore conventional gas,Upstream,Gas,Blowdown capture,-4.9,900.0,25200.0,-257.74,-9.2,True
1367,Africa,Egypt,Unconventional gas,Upstream,Gas,Blowdown capture,-4.9,850.0,23800.0,-257.74,-9.2,True
1368,Africa,Egypt,Onshore conventional gas,Upstream,Gas,Blowdown capture,-4.9,5860.0,164080.0,-257.74,-9.2,True
1369,Africa,Libya,Onshore conventional gas,Upstream,Gas,Blowdown capture,-4.9,3050.0,85400.0,-257.74,-9.2,True
1370,Africa,Algeria,Onshore conventional gas,Upstream,Gas,Blowdown capture,-4.9,60810.0,1702680.0,-257.74,-9.2,True
1371,Africa,Algeria,Unconventional gas,Upstream,Gas,Blowdown capture,-4.9,1030.0,28840.0,-257.74,-9.2,True
1372,Russia & Caspian,Azerbaijan,Offshore oil,Upstream,Oil,Replace compressor seal or rod,-4.89,20.0,560.0,-257.21,-9.19,True
1373,Middle East,United Arab Emirates,Offshore gas,Upstream,Gas,Replace compressor seal or rod,-4.89,20.0,560.0,-257.21,-9.19,True
1374,Middle East,Qatar,Offshore gas,Upstream,Gas,Replace compressor seal or rod,-4.89,200.0,5600.0,-257.21,-9.19,True
1375,Middle East,Qatar,Offshore oil,Upstream,Oil,Replace compressor seal or rod,-4.89,40.0,1120.0,-257.21,-9.19,True
1376,Europe,Other countries in Europe,Downstream gas,Downstream,Gas,Replace with electric motor,-4.89,11400.0,319200.0,-257.21,-9.19,True
1377,Europe,Other EU17 countries,Offshore oil,Upstream,Oil,Vapour recovery units,-4.88,100.0,2800.0,-256.69,-9.17,True
1378,Asia Pacific,Thailand,Offshore oil,Upstream,Oil,Replace compressor seal or rod,-4.88,20.0,560.0,-256.69,-9.17,True
1379,Europe,Italy,Downstream gas,Downstream,Gas,Biannual LDAR,-4.88,3920.0,109760.0,-256.69,-9.17,True
1380,Europe,Italy,Downstream oil,Downstream,Oil,Biannual LDAR,-4.88,120.0,3360.0,-256.69,-9.17,True
1381,Europe,Other countries in Europe,Downstream oil,Downstream,Oil,Replace with electric motor,-4.87,1350.0,37800.0,-256.16,-9.15,True
1382,Europe,Poland,Offshore oil,Upstream,Oil,Replace with electric motor,-4.86,20.0,560.0,-255.64,-9.13,True
1383,Europe,France,Onshore conventional oil,Upstream,Oil,Continuous LDAR,-4.86,200.0,5600.0,-255.64,-9.13,True
1384,Europe,France,Unconventional gas,Upstream,Gas,Continuous LDAR,-4.86,10.0,280.0,-255.64,-9.13,True
1385,Europe,Italy,Offshore gas,Upstream,Gas,Vapour recovery units,-4.84,210.0,5880.0,-254.58,-9.09,True
1386,Asia Pacific,Indonesia,Offshore oil,Upstream,Oil,Replace compressor seal or rod,-4.84,10.0,280.0,-254.58,-9.09,True
1387,Russia & Caspian,Azerbaijan,Downstream oil,Downstream,Oil,Biannual LDAR,-4.84,40.0,1120.0,-254.58,-9.09,True
1388,Russia & Caspian,Azerbaijan,Downstream gas,Downstream,Gas,Biannual LDAR,-4.84,1320.0,36960.0,-254.58,-9.09,True
1389,Europe,Other EU17 countries,Downstream oil,Downstream,Oil,Biannual LDAR,-4.84,320.0,8960.0,-254.58,-9.09,True
1390,Europe,Other EU17 countries,Downstream gas,Downstream,Gas,Biannual LDAR,-4.84,5630.0,157640.0,-254.58,-9.09,True
1391,Other,Other,Downstream oil,Downstream,Oil,Biannual LDAR,-4.83,10.0,280.0,-254.06,-9.07,True
1392,Other,Other,Downstream oil,Downstream,Oil,Biannual LDAR,-4.83,20.0,560.0,-254.06,-9.07,True
1393,Other,Other,Downstream oil,Downstream,Oil,Biannual LDAR,-4.83,10.0,280.0,-254.06,-9.07,True
1394,Other,Other,Downstream oil,Downstream,Oil,Biannual LDAR,-4.83,60.0,1680.0,-254.06,-9.07,True
1395,Africa,Mozambique,Downstream gas,Downstream,Gas,Biannual LDAR,-4.83,210.0,5880.0,-254.06,-9.07,True
1396,Africa,Mozambique,Downstream oil,Downstream,Oil,Biannual LDAR,-4.83,10.0,280.0,-254.06,-9.07,True
1397,Africa,Niger,Downstream gas,Downstream,Gas,Biannual LDAR,-4.83,10.0,280.0,-254.06,-9.07,True
1398,Africa,Niger,Downstream oil,Downstream,Oil,Biannual LDAR,-4.83,30.0,840.0,-254.06,-9.07,True
1399,Africa,Nigeria,Downstream gas,Downstream,Gas,Biannual LDAR,-4.83,2790.0,78120.0,-254.06,-9.07,True
1400,Africa,Nigeria,Downstream oil,Downstream,Oil,Biannual LDAR,-4.83,240.0,6720.0,-254.06,-9.07,True
1401,Africa,Senegal,Downstream oil,Downstream,Oil,Biannual LDAR,-4.83,10.0,280.0,-254.06,-9.07,True
1402,Africa,Sudan,Downstream oil,Downstream,Oil,Biannual LDAR,-4.83,80.0,2240.0,-254.06,-9.07,True
1403,Africa,Togo,Downstream gas,Downstream,Gas,Biannual LDAR,-4.83,20.0,560.0,-254.06,-9.07,True
1404,Africa,Tanzania,Downstream oil,Downstream,Oil,Biannual LDAR,-4.83,30.0,840.0,-254.06,-9.07,True
1405,Africa,Tanzania,Downstream gas,Downstream,Gas,Biannual LDAR,-4.83,310.0,8680.0,-254.06,-9.07,True
1406,Africa,Benin,Downstream gas,Downstream,Gas,Biannual LDAR,-4.83,20.0,560.0,-254.06,-9.07,True
1407,Africa,Benin,Downstream oil,Downstream,Oil,Biannual LDAR,-4.83,20.0,560.0,-254.06,-9.07,True
1408,Central and South America,Brazil,Downstream gas,Downstream,Gas,Continuous LDAR,-4.83,6290.0,176120.0,-254.06,-9.07,True
1409,Africa,Angola,Downstream gas,Downstream,Gas,Biannual LDAR,-4.83,70.0,1960.0,-254.06,-9.07,True
1410,Africa,Angola,Downstream oil,Downstream,Oil,Biannual LDAR,-4.83,20.0,560.0,-254.06,-9.07,True
1411,Asia Pacific,Australia,Unconventional gas,Upstream,Gas,Replace pumps,-4.83,2170.0,60760.0,-254.06,-9.07,True
1412,Asia Pacific,Australia,Onshore conventional gas,Upstream,Gas,Replace pumps,-4.83,130.0,3640.0,-254.06,-9.07,True
1413,Africa,Cote d'Ivoire,Downstream oil,Downstream,Oil,Biannual LDAR,-4.83,20.0,560.0,-254.06,-9.07,True
1414,Africa,Democratic Republic of Congo,Downstream oil,Downstream,Oil,Biannual LDAR,-4.83,10.0,280.0,-254.06,-9.07,True
1415,Africa,Congo,Downstream oil,Downstream,Oil,Biannual LDAR,-4.83,40.0,1120.0,-254.06,-9.07,True
1416,Africa,Congo,Downstream gas,Downstream,Gas,Biannual LDAR,-4.83,180.0,5040.0,-254.06,-9.07,True
1417,Africa,Cote d'Ivoire,Downstream gas,Downstream,Gas,Biannual LDAR,-4.83,260.0,7280.0,-254.06,-9.07,True
1418,Africa,Cameroon,Downstream gas,Downstream,Gas,Biannual LDAR,-4.83,80.0,2240.0,-254.06,-9.07,True
1419,Africa,Cameroon,Downstream oil,Downstream,Oil,Biannual LDAR,-4.83,30.0,840.0,-254.06,-9.07,True
1420,Central and South America,Brazil,Downstream oil,Downstream,Oil,Continuous LDAR,-4.83,770.0,21560.0,-254.06,-9.07,True
1421,Africa,Kenya,Downstream oil,Downstream,Oil,Biannual LDAR,-4.83,30.0,840.0,-254.06,-9.07,True
1422,Africa,Ethiopia,Downstream oil,Downstream,Oil,Biannual LDAR,-4.83,20.0,560.0,-254.06,-9.07,True
1423,Africa,Gabon,Downstream gas,Downstream,Gas,Biannual LDAR,-4.83,100.0,2800.0,-254.06,-9.07,True
1424,Africa,Equatorial Guinea,Downstream gas,Downstream,Gas,Biannual LDAR,-4.83,350.0,9800.0,-254.06,-9.07,True
1425,Africa,Ghana,Downstream gas,Downstream,Gas,Biannual LDAR,-4.83,440.0,12320.0,-254.06,-9.07,True
1426,Africa,Ghana,Downstream oil,Downstream,Oil,Biannual LDAR,-4.83,20.0,560.0,-254.06,-9.07,True
1427,Africa,Gabon,Downstream oil,Downstream,Oil,Biannual LDAR,-4.83,30.0,840.0,-254.06,-9.07,True
1428,Central and South America,Colombia,Downstream gas,Downstream,Gas,Biannual LDAR,-4.82,3180.0,89040.0,-253.53,-9.05,True
1429,Central and South America,Colombia,Downstream oil,Downstream,Oil,Biannual LDAR,-4.82,270.0,7560.0,-253.53,-9.05,True
1430,Central and South America,Colombia,Onshore conventional gas,Upstream,Gas,Vapour recovery units,-4.81,2100.0,58800.0,-253.01,-9.04,True
1431,Europe,Other EU17 countries,Offshore gas,Upstream,Gas,Vapour recovery units,-4.81,370.0,10360.0,-253.01,-9.04,True
1432,Europe,Other EU7 countries,Downstream gas,Downstream,Gas,Replace with electric motor,-4.81,1320.0,36960.0,-253.01,-9.04,True
1433,Other,Other,Downstream oil,Downstream,Oil,Biannual LDAR,-4.8,100.0,2800.0,-252.48,-9.02,True
1434,Other,Other,Downstream gas,Downstream,Gas,Biannual LDAR,-4.8,1120.0,31360.0,-252.48,-9.02,True
1435,Russia & Caspian,Turkmenistan,Downstream gas,Downstream,Gas,Biannual LDAR,-4.8,19160.0,536480.0,-252.48,-9.02,True
1436,Russia & Caspian,Turkmenistan,Downstream oil,Downstream,Oil,Biannual LDAR,-4.8,170.0,4760.0,-252.48,-9.02,True
1437,Africa,South Africa,Downstream gas,Downstream,Gas,Replace with electric motor,-4.8,800.0,22400.0,-252.48,-9.02,True
1438,Europe,Poland,Offshore gas,Upstream,Gas,Associated gas utilisation,-4.8,20.0,560.0,-252.48,-9.02,True
1439,Europe,Poland,Offshore oil,Upstream,Oil,Associated gas utilisation,-4.79,360.0,10080.0,-251.95,-9.0,True
1440,Middle East,Qatar,Offshore gas,Upstream,Gas,Biannual LDAR,-4.79,9400.0,263200.0,-251.95,-9.0,True
1441,Middle East,Qatar,Offshore oil,Upstream,Oil,Biannual LDAR,-4.79,3750.0,105000.0,-251.95,-9.0,True
1442,Middle East,Saudi Arabia,Offshore oil,Upstream,Oil,Biannual LDAR,-4.79,5540.0,155120.0,-251.95,-9.0,True
1443,Middle East,Saudi Arabia,Offshore gas,Upstream,Gas,Biannual LDAR,-4.79,1060.0,29680.0,-251.95,-9.0,True
1444,Middle East,United Arab Emirates,Offshore gas,Upstream,Gas,Biannual LDAR,-4.79,870.0,24360.0,-251.95,-9.0,True
1445,Middle East,United Arab Emirates,Offshore oil,Upstream,Oil,Biannual LDAR,-4.79,5010.0,140280.0,-251.95,-9.0,True
1446,Middle East,Oman,Offshore oil,Upstream,Oil,Biannual LDAR,-4.79,10.0,280.0,-251.95,-9.0,True
1447,Middle East,Kuwait,Offshore gas,Upstream,Gas,Biannual LDAR,-4.79,10.0,280.0,-251.95,-9.0,True
1448,Middle East,Kuwait,Offshore oil,Upstream,Oil,Biannual LDAR,-4.79,390.0,10920.0,-251.95,-9.0,True
1449,Middle East,Iran,Offshore gas,Upstream,Gas,Biannual LDAR,-4.79,13810.0,386680.0,-251.95,-9.0,True
1450,Middle East,Iran,Offshore oil,Upstream,Oil,Biannual LDAR,-4.79,9990.0,279720.0,-251.95,-9.0,True
1451,Asia Pacific,Korea,Downstream gas,Downstream,Gas,Replace with electric motor,-4.78,25220.0,706160.0,-251.43,-8.98,True
1452,Africa,Kenya,Downstream oil,Downstream,Oil,Annual LDAR,-4.78,10.0,280.0,-251.43,-8.98,True
1453,Africa,Gabon,Downstream oil,Downstream,Oil,Annual LDAR,-4.78,10.0,280.0,-251.43,-8.98,True
1454,Africa,Ghana,Downstream oil,Downstream,Oil,Annual LDAR,-4.78,10.0,280.0,-251.43,-8.98,True
1455,Africa,Ghana,Downstream gas,Downstream,Gas,Annual LDAR,-4.78,150.0,4200.0,-251.43,-8.98,True
1456,Africa,Equatorial Guinea,Downstream gas,Downstream,Gas,Annual LDAR,-4.78,120.0,3360.0,-251.43,-8.98,True
1457,Africa,Gabon,Downstream gas,Downstream,Gas,Annual LDAR,-4.78,30.0,840.0,-251.43,-8.98,True
1458,Africa,Ethiopia,Downstream oil,Downstream,Oil,Annual LDAR,-4.78,10.0,280.0,-251.43,-8.98,True
1459,Africa,Congo,Downstream gas,Downstream,Gas,Annual LDAR,-4.78,60.0,1680.0,-251.43,-8.98,True
1460,Africa,Cote d'Ivoire,Downstream gas,Downstream,Gas,Annual LDAR,-4.78,90.0,2520.0,-251.43,-8.98,True
1461,Africa,Congo,Downstream oil,Downstream,Oil,Annual LDAR,-4.78,10.0,280.0,-251.43,-8.98,True
1462,Africa,Cote d'Ivoire,Downstream oil,Downstream,Oil,Annual LDAR,-4.78,10.0,280.0,-251.43,-8.98,True
1463,Africa,Cameroon,Downstream oil,Downstream,Oil,Annual LDAR,-4.78,10.0,280.0,-251.43,-8.98,True
1464,Africa,Cameroon,Downstream gas,Downstream,Gas,Annual LDAR,-4.78,30.0,840.0,-251.43,-8.98,True
1465,Africa,Angola,Downstream oil,Downstream,Oil,Annual LDAR,-4.78,10.0,280.0,-251.43,-8.98,True
1466,Africa,Angola,Downstream gas,Downstream,Gas,Annual LDAR,-4.78,20.0,560.0,-251.43,-8.98,True
1467,Africa,Benin,Downstream gas,Downstream,Gas,Annual LDAR,-4.78,10.0,280.0,-251.43,-8.98,True
1468,Africa,Benin,Downstream oil,Downstream,Oil,Annual LDAR,-4.78,10.0,280.0,-251.43,-8.98,True
1469,Russia & Caspian,Azerbaijan,Downstream gas,Downstream,Gas,Annual LDAR,-4.78,440.0,12320.0,-251.43,-8.98,True
1470,Russia & Caspian,Azerbaijan,Downstream oil,Downstream,Oil,Annual LDAR,-4.78,10.0,280.0,-251.43,-8.98,True
1471,Africa,Nigeria,Downstream oil,Downstream,Oil,Annual LDAR,-4.78,80.0,2240.0,-251.43,-8.98,True
1472,Africa,Nigeria,Downstream gas,Downstream,Gas,Annual LDAR,-4.78,930.0,26040.0,-251.43,-8.98,True
1473,Africa,Niger,Downstream oil,Downstream,Oil,Annual LDAR,-4.78,10.0,280.0,-251.43,-8.98,True
1474,Africa,Mozambique,Downstream gas,Downstream,Gas,Annual LDAR,-4.78,70.0,1960.0,-251.43,-8.98,True
1475,Other,Other,Downstream oil,Downstream,Oil,Annual LDAR,-4.78,20.0,560.0,-251.43,-8.98,True
1476,Other,Other,Downstream oil,Downstream,Oil,Annual LDAR,-4.78,10.0,280.0,-251.43,-8.98,True
1477,Africa,Tanzania,Downstream gas,Downstream,Gas,Annual LDAR,-4.78,100.0,2800.0,-251.43,-8.98,True
1478,Africa,Tanzania,Downstream oil,Downstream,Oil,Annual LDAR,-4.78,10.0,280.0,-251.43,-8.98,True
1479,Africa,Togo,Downstream gas,Downstream,Gas,Annual LDAR,-4.78,10.0,280.0,-251.43,-8.98,True
1480,Africa,Sudan,Downstream oil,Downstream,Oil,Annual LDAR,-4.78,30.0,840.0,-251.43,-8.98,True
1481,Europe,Romania,Downstream oil,Downstream,Oil,Annual LDAR,-4.78,150.0,4200.0,-251.43,-8.98,True
1482,Europe,Romania,Downstream gas,Downstream,Gas,Annual LDAR,-4.78,780.0,21840.0,-251.43,-8.98,True
1483,Europe,Poland,Offshore oil,Upstream,Oil,Quarterly LDAR,-4.78,80.0,2240.0,-251.43,-8.98,True
1484,Europe,Poland,Offshore gas,Upstream,Gas,Quarterly LDAR,-4.78,10.0,280.0,-251.43,-8.98,True
1485,Russia & Caspian,Kazakhstan,Downstream oil,Downstream,Oil,Biannual LDAR,-4.77,120.0,3360.0,-250.9,-8.96,True
1486,Russia & Caspian,Kazakhstan,Downstream gas,Downstream,Gas,Biannual LDAR,-4.77,1920.0,53760.0,-250.9,-8.96,True
1487,Europe,Italy,Offshore gas,Upstream,Gas,Other,-4.76,10.0,280.0,-250.38,-8.94,True
1488,Central and South America,Colombia,Downstream oil,Downstream,Oil,Annual LDAR,-4.76,90.0,2520.0,-250.38,-8.94,True
1489,Central and South America,Colombia,Downstream gas,Downstream,Gas,Annual LDAR,-4.76,1060.0,29680.0,-250.38,-8.94,True
1490,Asia Pacific,Japan,Downstream gas,Downstream,Gas,Replace with electric motor,-4.75,12130.0,339640.0,-249.85,-8.92,True
1491,Africa,Egypt,Offshore gas,Upstream,Gas,Replace compressor seal or rod,-4.75,50.0,1400.0,-249.85,-8.92,True
1492,Russia & Caspian,Turkmenistan,Downstream gas,Downstream,Gas,Annual LDAR,-4.75,6390.0,178920.0,-249.85,-8.92,True
1493,Europe,Ukraine,Downstream oil,Downstream,Oil,Vapour recovery units,-4.75,2350.0,65800.0,-249.85,-8.92,True
1494,Russia & Caspian,Turkmenistan,Downstream oil,Downstream,Oil,Annual LDAR,-4.75,60.0,1680.0,-249.85,-8.92,True
1495,Other,Other,Downstream oil,Downstream,Oil,Annual LDAR,-4.75,30.0,840.0,-249.85,-8.92,True
1496,Other,Other,Downstream gas,Downstream,Gas,Annual LDAR,-4.75,370.0,10360.0,-249.85,-8.92,True
1497,Asia Pacific,Viet Nam,Offshore oil,Upstream,Oil,Replace compressor seal or rod,-4.74,10.0,280.0,-249.32,-8.9,True
1498,Central and South America,Venezuela,Onshore conventional gas,Upstream,Gas,Blowdown capture,-4.73,29060.0,813680.0,-248.8,-8.89,True
1499,Africa,Morocco,Downstream oil,Downstream,Oil,Biannual LDAR,-4.73,30.0,840.0,-248.8,-8.89,True
1500,Africa,Morocco,Downstream gas,Downstream,Gas,Biannual LDAR,-4.73,80.0,2240.0,-248.8,-8.89,True
1501,Other,Other,Onshore conventional gas,Upstream,Gas,Blowdown capture,-4.73,10.0,280.0,-248.8,-8.89,True
1502,Central and South America,Peru,Onshore conventional gas,Upstream,Gas,Blowdown capture,-4.73,13320.0,372960.0,-248.8,-8.89,True
1503,Africa,Tunisia,Downstream oil,Downstream,Oil,Biannual LDAR,-4.73,40.0,1120.0,-248.8,-8.89,True
1504,Central and South America,Trinidad and Tobago,Onshore conventional gas,Upstream,Gas,Blowdown capture,-4.73,780.0,21840.0,-248.8,-8.89,True
1505,Africa,Tunisia,Downstream gas,Downstream,Gas,Biannual LDAR,-4.73,800.0,22400.0,-248.8,-8.89,True
1506,Europe,Romania,Offshore gas,Upstream,Gas,Vapour recovery units,-4.73,2470.0,69160.0,-248.8,-8.89,True
1507,Africa,Egypt,Downstream gas,Downstream,Gas,Biannual LDAR,-4.73,7290.0,204120.0,-248.8,-8.89,True
1508,Africa,Egypt,Downstream oil,Downstream,Oil,Biannual LDAR,-4.73,280.0,7840.0,-248.8,-8.89,True
1509,Central and South America,Ecuador,Onshore conventional gas,Upstream,Gas,Blowdown capture,-4.73,130.0,3640.0,-248.8,-8.89,True
1510,Africa,Libya,Downstream gas,Downstream,Gas,Biannual LDAR,-4.73,810.0,22680.0,-248.8,-8.89,True
1511,Africa,Libya,Downstream oil,Downstream,Oil,Biannual LDAR,-4.73,70.0,1960.0,-248.8,-8.89,True
1512,Central and South America,Cuba,Onshore conventional gas,Upstream,Gas,Blowdown capture,-4.73,860.0,24080.0,-248.8,-8.89,True
1513,Central and South America,Bolivia,Onshore conventional gas,Upstream,Gas,Blowdown capture,-4.73,5700.0,159600.0,-248.8,-8.89,True
1514,Africa,Algeria,Downstream oil,Downstream,Oil,Biannual LDAR,-4.73,160.0,4480.0,-248.8,-8.89,True
1515,Africa,Algeria,Downstream gas,Downstream,Gas,Biannual LDAR,-4.73,5600.0,156800.0,-248.8,-8.89,True
1516,Central and South America,Argentina,Onshore conventional gas,Upstream,Gas,Blowdown capture,-4.73,7420.0,207760.0,-248.8,-8.89,True
1517,Central and South America,Argentina,Unconventional gas,Upstream,Gas,Blowdown capture,-4.73,42660.0,1194480.0,-248.8,-8.89,True
1518,Russia & Caspian,Kazakhstan,Downstream gas,Downstream,Gas,Annual LDAR,-4.72,640.0,17920.0,-248.27,-8.87,True
1519,Russia & Caspian,Kazakhstan,Downstream oil,Downstream,Oil,Annual LDAR,-4.72,40.0,1120.0,-248.27,-8.87,True
1520,Europe,Poland,Downstream gas,Downstream,Gas,Replace with electric motor,-4.72,3570.0,99960.0,-248.27,-8.87,True
1521,Europe,Other EU17 countries,Offshore gas,Upstream,Gas,Other,-4.72,10.0,280.0,-248.27,-8.87,True
1522,Other,Other,Downstream oil,Downstream,Oil,Biannual LDAR,-4.71,70.0,1960.0,-247.75,-8.85,True
1523,Other,Other,Downstream gas,Downstream,Gas,Biannual LDAR,-4.71,1580.0,44240.0,-247.75,-8.85,True
1524,Europe,Romania,Downstream gas,Downstream,Gas,Biannual LDAR,-4.7,2350.0,65800.0,-247.22,-8.83,True
1525,Europe,Romania,Downstream oil,Downstream,Oil,Biannual LDAR,-4.7,460.0,12880.0,-247.22,-8.83,True
1526,Middle East,Iran,Offshore oil,Upstream,Oil,Replace compressor seal or rod,-4.7,120.0,3360.0,-247.22,-8.83,True
1527,Middle East,Iran,Offshore gas,Upstream,Gas,Replace compressor seal or rod,-4.7,300.0,8400.0,-247.22,-8.83,True
1528,Asia Pacific,Indonesia,Onshore conventional gas,Upstream,Gas,Vapour recovery units,-4.69,6840.0,191520.0,-246.69,-8.81,True
1529,Africa,Mozambique,Onshore conventional gas,Upstream,Gas,Vapour recovery units,-4.69,2470.0,69160.0,-246.69,-8.81,True
1530,Europe,Netherlands,Onshore conventional oil,Upstream,Oil,Continuous LDAR,-4.68,10.0,280.0,-246.17,-8.79,True
1531,Europe,Netherlands,Onshore conventional gas,Upstream,Gas,Continuous LDAR,-4.68,110.0,3080.0,-246.17,-8.79,True
1532,Middle East,United Arab Emirates,Offshore oil,Upstream,Oil,Replace compressor seal or rod,-4.67,60.0,1680.0,-245.64,-8.77,True
1533,Russia & Caspian,Turkmenistan,Onshore conventional gas,Upstream,Gas,Vapour recovery units,-4.66,101080.0,2830240.0,-245.12,-8.75,True
1534,Africa,Tunisia,Downstream gas,Downstream,Gas,Annual LDAR,-4.66,270.0,7560.0,-245.12,-8.75,True
1535,Central and South America,Trinidad and Tobago,Downstream oil,Downstream,Oil,Biannual LDAR,-4.66,10.0,280.0,-245.12,-8.75,True
1536,Africa,Tunisia,Downstream oil,Downstream,Oil,Annual LDAR,-4.66,10.0,280.0,-245.12,-8.75,True
1537,Central and South America,Trinidad and Tobago,Downstream gas,Downstream,Gas,Biannual LDAR,-4.66,1580.0,44240.0,-245.12,-8.75,True
1538,Africa,Morocco,Downstream gas,Downstream,Gas,Annual LDAR,-4.66,30.0,840.0,-245.12,-8.75,True
1539,Africa,Morocco,Downstream oil,Downstream,Oil,Annual LDAR,-4.66,10.0,280.0,-245.12,-8.75,True
1540,Other,Other,Downstream gas,Downstream,Gas,Biannual LDAR,-4.66,550.0,15400.0,-245.12,-8.75,True
1541,Other,Other,Downstream gas,Downstream,Gas,Annual LDAR,-4.66,530.0,14840.0,-245.12,-8.75,True
1542,Other,Other,Downstream oil,Downstream,Oil,Biannual LDAR,-4.66,150.0,4200.0,-245.12,-8.75,True
1543,Other,Other,Downstream oil,Downstream,Oil,Annual LDAR,-4.66,20.0,560.0,-245.12,-8.75,True
1544,Central and South America,Peru,Downstream oil,Downstream,Oil,Biannual LDAR,-4.66,70.0,1960.0,-245.12,-8.75,True
1545,Central and South America,Peru,Downstream gas,Downstream,Gas,Biannual LDAR,-4.66,1050.0,29400.0,-245.12,-8.75,True
1546,Europe,Italy,Offshore gas,Upstream,Gas,Biannual LDAR,-4.66,20.0,560.0,-245.12,-8.75,True
1547,Europe,Italy,Offshore oil,Upstream,Oil,Biannual LDAR,-4.66,10.0,280.0,-245.12,-8.75,True
1548,Europe,Israel,Downstream oil,Downstream,Oil,Annual LDAR,-4.66,10.0,280.0,-245.12,-8.75,True
1549,Europe,Israel,Downstream gas,Downstream,Gas,Annual LDAR,-4.66,220.0,6160.0,-245.12,-8.75,True
1550,Africa,Libya,Downstream oil,Downstream,Oil,Annual LDAR,-4.66,20.0,560.0,-245.12,-8.75,True
1551,Africa,Libya,Downstream gas,Downstream,Gas,Annual LDAR,-4.66,270.0,7560.0,-245.12,-8.75,True
1552,Central and South America,Ecuador,Downstream oil,Downstream,Oil,Biannual LDAR,-4.66,110.0,3080.0,-245.12,-8.75,True
1553,Central and South America,Ecuador,Downstream gas,Downstream,Gas,Biannual LDAR,-4.66,60.0,1680.0,-245.12,-8.75,True
1554,Africa,Egypt,Downstream oil,Downstream,Oil,Annual LDAR,-4.66,90.0,2520.0,-245.12,-8.75,True
1555,Africa,Egypt,Downstream gas,Downstream,Gas,Annual LDAR,-4.66,2430.0,68040.0,-245.12,-8.75,True
1556,Central and South America,Argentina,Downstream oil,Downstream,Oil,Biannual LDAR,-4.66,210.0,5880.0,-245.12,-8.75,True
1557,Africa,Algeria,Downstream gas,Downstream,Gas,Annual LDAR,-4.66,1870.0,52360.0,-245.12,-8.75,True
1558,Africa,Algeria,Downstream oil,Downstream,Oil,Annual LDAR,-4.66,50.0,1400.0,-245.12,-8.75,True
1559,Central and South America,Argentina,Downstream gas,Downstream,Gas,Biannual LDAR,-4.66,5860.0,164080.0,-245.12,-8.75,True
1560,Central and South America,Bolivia,Downstream oil,Downstream,Oil,Biannual LDAR,-4.66,90.0,2520.0,-245.12,-8.75,True
1561,Central and South America,Bolivia,Downstream gas,Downstream,Gas,Biannual LDAR,-4.66,1100.0,30800.0,-245.12,-8.75,True
1562,Central and South America,Cuba,Downstream gas,Downstream,Gas,Biannual LDAR,-4.66,130.0,3640.0,-245.12,-8.75,True
1563,Central and South America,Cuba,Downstream oil,Downstream,Oil,Biannual LDAR,-4.66,30.0,840.0,-245.12,-8.75,True
1564,Central and South America,Venezuela,Downstream gas,Downstream,Gas,Biannual LDAR,-4.66,4560.0,127680.0,-245.12,-8.75,True
1565,Central and South America,Uruguay,Downstream gas,Downstream,Gas,Biannual LDAR,-4.66,20.0,560.0,-245.12,-8.75,True
1566,Central and South America,Uruguay,Downstream oil,Downstream,Oil,Biannual LDAR,-4.66,10.0,280.0,-245.12,-8.75,True
1567,Central and South America,Venezuela,Downstream oil,Downstream,Oil,Biannual LDAR,-4.66,330.0,9240.0,-245.12,-8.75,True
1568,Europe,Germany,Offshore oil,Upstream,Oil,Vapour recovery units,-4.65,560.0,15680.0,-244.59,-8.74,True
1569,Russia & Caspian,Kazakhstan,Onshore conventional gas,Upstream,Gas,Vapour recovery units,-4.65,4550.0,127400.0,-244.59,-8.74,True
1570,Asia Pacific,Malaysia,Offshore gas,Upstream,Gas,Vapour recovery units,-4.65,55590.0,1556520.0,-244.59,-8.74,True
1571,Europe,Romania,Offshore gas,Upstream,Gas,Other,-4.65,70.0,1960.0,-244.59,-8.74,True
1572,Central and South America,Trinidad and Tobago,Offshore gas,Upstream,Gas,Replace compressor seal or rod,-4.63,30.0,840.0,-243.54,-8.7,True
1573,Europe,United Kingdom,Downstream oil,Downstream,Oil,Replace with electric motor,-4.63,1030.0,28840.0,-243.54,-8.7,True
1574,Africa,Equatorial Guinea,Offshore gas,Upstream,Gas,Replace compressor seal or rod,-4.63,20.0,560.0,-243.54,-8.7,True
1575,Central and South America,Cuba,Onshore conventional gas,Upstream,Gas,Vapour recovery units,-4.63,280.0,7840.0,-243.54,-8.7,True
1576,Asia Pacific,China,Offshore gas,Upstream,Gas,Vapour recovery units,-4.63,15240.0,426720.0,-243.54,-8.7,True
1577,Central and South America,Paraguay,Downstream oil,Downstream,Oil,Biannual LDAR,-4.62,10.0,280.0,-243.01,-8.68,True
1578,Europe,Other countries in Europe,Downstream oil,Downstream,Oil,Vapour recovery units,-4.62,2010.0,56280.0,-243.01,-8.68,True
1579,Central and South America,Brazil,Downstream oil,Downstream,Oil,Replace with electric motor,-4.61,3830.0,107240.0,-242.49,-8.66,True
1580,Central and South America,Venezuela,Offshore gas,Upstream,Gas,Replace compressor seal or rod,-4.61,20.0,560.0,-242.49,-8.66,True
1581,Europe,Other EU17 countries,Unconventional gas,Upstream,Gas,Vapour recovery units,-4.6,160.0,4480.0,-241.96,-8.64,True
1582,Europe,Other EU17 countries,Offshore oil,Upstream,Oil,Biannual LDAR,-4.59,10.0,280.0,-241.43,-8.62,True
1583,Europe,Other EU17 countries,Offshore gas,Upstream,Gas,Biannual LDAR,-4.59,40.0,1120.0,-241.43,-8.62,True
1584,Asia Pacific,Malaysia,Offshore gas,Upstream,Gas,Other,-4.59,1680.0,47040.0,-241.43,-8.62,True
1585,Asia Pacific,New Zealand,Onshore conventional gas,Upstream,Gas,Vapour recovery units,-4.59,190.0,5320.0,-241.43,-8.62,True
1586,Central and South America,Colombia,Offshore gas,Upstream,Gas,Replace compressor seal or rod,-4.59,30.0,840.0,-241.43,-8.62,True
1587,Europe,Estonia,Downstream oil,Downstream,Oil,Quarterly LDAR,-4.59,10.0,280.0,-241.43,-8.62,True
1588,Europe,Estonia,Downstream gas,Downstream,Gas,Quarterly LDAR,-4.59,130.0,3640.0,-241.43,-8.62,True
1589,Central and South America,Venezuela,Offshore oil,Upstream,Oil,Replace compressor seal or rod,-4.59,20.0,560.0,-241.43,-8.62,True
1590,Central and South America,Venezuela,Downstream oil,Downstream,Oil,Annual LDAR,-4.58,110.0,3080.0,-240.91,-8.6,True
1591,Central and South America,Venezuela,Downstream gas,Downstream,Gas,Annual LDAR,-4.58,1520.0,42560.0,-240.91,-8.6,True
1592,Central and South America,Uruguay,Downstream gas,Downstream,Gas,Annual LDAR,-4.58,10.0,280.0,-240.91,-8.6,True
1593,Central and South America,Ecuador,Downstream gas,Downstream,Gas,Annual LDAR,-4.58,20.0,560.0,-240.91,-8.6,True
1594,Central and South America,Ecuador,Downstream oil,Downstream,Oil,Annual LDAR,-4.58,40.0,1120.0,-240.91,-8.6,True
1595,Europe,Israel,Downstream gas,Downstream,Gas,Biannual LDAR,-4.58,650.0,18200.0,-240.91,-8.6,True
1596,Europe,Israel,Downstream oil,Downstream,Oil,Biannual LDAR,-4.58,20.0,560.0,-240.91,-8.6,True
1597,Central and South America,Cuba,Downstream oil,Downstream,Oil,Annual LDAR,-4.58,10.0,280.0,-240.91,-8.6,True
1598,Central and South America,Cuba,Downstream gas,Downstream,Gas,Annual LDAR,-4.58,40.0,1120.0,-240.91,-8.6,True
1599,Central and South America,Bolivia,Downstream gas,Downstream,Gas,Annual LDAR,-4.58,370.0,10360.0,-240.91,-8.6,True
1600,Central and South America,Bolivia,Downstream oil,Downstream,Oil,Annual LDAR,-4.58,30.0,840.0,-240.91,-8.6,True
1601,Central and South America,Argentina,Downstream gas,Downstream,Gas,Annual LDAR,-4.58,1950.0,54600.0,-240.91,-8.6,True
1602,Central and South America,Argentina,Downstream oil,Downstream,Oil,Annual LDAR,-4.58,70.0,1960.0,-240.91,-8.6,True
1603,Central and South America,Argentina,Offshore gas,Upstream,Gas,Replace compressor seal or rod,-4.58,10.0,280.0,-240.91,-8.6,True
1604,Other,Other,Downstream gas,Downstream,Gas,Annual LDAR,-4.58,180.0,5040.0,-240.91,-8.6,True
1605,Central and South America,Peru,Downstream gas,Downstream,Gas,Annual LDAR,-4.58,350.0,9800.0,-240.91,-8.6,True
1606,Central and South America,Peru,Downstream oil,Downstream,Oil,Annual LDAR,-4.58,20.0,560.0,-240.91,-8.6,True
1607,Europe,Other EU7 countries,Downstream oil,Downstream,Oil,Vapour recovery units,-4.58,350.0,9800.0,-240.91,-8.6,True
1608,Other,Other,Downstream oil,Downstream,Oil,Annual LDAR,-4.58,50.0,1400.0,-240.91,-8.6,True
1609,Central and South America,Trinidad and Tobago,Downstream gas,Downstream,Gas,Annual LDAR,-4.58,530.0,14840.0,-240.91,-8.6,True
1610,Central and South America,Brazil,Offshore gas,Upstream,Gas,Vapour recovery units,-4.57,10920.0,305760.0,-240.38,-8.58,True
1611,Asia Pacific,Bangladesh,Onshore conventional gas,Upstream,Gas,Vapour recovery units,-4.57,4160.0,116480.0,-240.38,-8.58,True
1612,Asia Pacific,Korea,Downstream oil,Downstream,Oil,Quarterly LDAR,-4.57,760.0,21280.0,-240.38,-8.58,True
1613,Asia Pacific,Korea,Downstream gas,Downstream,Gas,Quarterly LDAR,-4.57,12930.0,362040.0,-240.38,-8.58,True
1614,Africa,Gabon,Onshore conventional gas,Upstream,Gas,Vapour recovery units,-4.57,130.0,3640.0,-240.38,-8.58,True
1615,Middle East,Kuwait,Downstream gas,Downstream,Gas,Biannual LDAR,-4.56,1920.0,53760.0,-239.86,-8.57,True
1616,Middle East,Kuwait,Downstream oil,Downstream,Oil,Biannual LDAR,-4.56,70.0,1960.0,-239.86,-8.57,True
1617,Middle East,Lebanon,Downstream oil,Downstream,Oil,Biannual LDAR,-4.56,20.0,560.0,-239.86,-8.57,True
1618,Middle East,Jordan,Downstream oil,Downstream,Oil,Biannual LDAR,-4.56,20.0,560.0,-239.86,-8.57,True
1619,Middle East,Jordan,Downstream gas,Downstream,Gas,Biannual LDAR,-4.56,620.0,17360.0,-239.86,-8.57,True
1620,Middle East,Iraq,Downstream oil,Downstream,Oil,Biannual LDAR,-4.56,140.0,3920.0,-239.86,-8.57,True
1621,Middle East,Iran,Downstream gas,Downstream,Gas,Biannual LDAR,-4.56,21180.0,593040.0,-239.86,-8.57,True
1622,Middle East,Iran,Downstream oil,Downstream,Oil,Biannual LDAR,-4.56,370.0,10360.0,-239.86,-8.57,True
1623,Middle East,Iraq,Downstream gas,Downstream,Gas,Biannual LDAR,-4.56,1120.0,31360.0,-239.86,-8.57,True
1624,Middle East,Bahrain,Downstream oil,Downstream,Oil,Biannual LDAR,-4.56,10.0,280.0,-239.86,-8.57,True
1625,Middle East,Bahrain,Downstream gas,Downstream,Gas,Biannual LDAR,-4.56,1610.0,45080.0,-239.86,-8.57,True
1626,Asia Pacific,China,Offshore gas,Upstream,Gas,Other,-4.56,460.0,12880.0,-239.86,-8.57,True
1627,Middle East,United Arab Emirates,Downstream gas,Downstream,Gas,Biannual LDAR,-4.56,3350.0,93800.0,-239.86,-8.57,True
1628,Middle East,United Arab Emirates,Downstream oil,Downstream,Oil,Biannual LDAR,-4.56,90.0,2520.0,-239.86,-8.57,True
1629,Middle East,Qatar,Downstream oil,Downstream,Oil,Biannual LDAR,-4.56,40.0,1120.0,-239.86,-8.57,True
1630,Middle East,Qatar,Downstream gas,Downstream,Gas,Biannual LDAR,-4.56,3100.0,86800.0,-239.86,-8.57,True
1631,Middle East,Syria,Downstream gas,Downstream,Gas,Biannual LDAR,-4.56,2420.0,67760.0,-239.86,-8.57,True
1632,Middle East,Syria,Downstream oil,Downstream,Oil,Biannual LDAR,-4.56,200.0,5600.0,-239.86,-8.57,True
1633,Middle East,Saudi Arabia,Downstream gas,Downstream,Gas,Biannual LDAR,-4.56,4010.0,112280.0,-239.86,-8.57,True
1634,Middle East,Saudi Arabia,Downstream oil,Downstream,Oil,Biannual LDAR,-4.56,220.0,6160.0,-239.86,-8.57,True
1635,Middle East,Oman,Downstream oil,Downstream,Oil,Biannual LDAR,-4.56,60.0,1680.0,-239.86,-8.57,True
1636,Middle East,Oman,Downstream gas,Downstream,Gas,Biannual LDAR,-4.56,2690.0,75320.0,-239.86,-8.57,True
1637,Russia & Caspian,Uzbekistan,Downstream gas,Downstream,Gas,Biannual LDAR,-4.56,20230.0,566440.0,-239.86,-8.57,True
1638,Russia & Caspian,Uzbekistan,Downstream oil,Downstream,Oil,Biannual LDAR,-4.56,110.0,3080.0,-239.86,-8.57,True
1639,Middle East,Yemen,Downstream oil,Downstream,Oil,Biannual LDAR,-4.56,190.0,5320.0,-239.86,-8.57,True
1640,Europe,Ukraine,Onshore conventional gas,Upstream,Gas,Install plunger,-4.54,1640.0,45920.0,-238.8,-8.53,True
1641,Asia Pacific,China,Downstream oil,Downstream,Oil,Replace with electric motor,-4.54,18560.0,519680.0,-238.8,-8.53,True
1642,Europe,Estonia,Downstream gas,Downstream,Gas,Replace with electric motor,-4.54,90.0,2520.0,-238.8,-8.53,True
1643,Africa,Egypt,Offshore oil,Upstream,Oil,Replace compressor seal or rod,-4.54,10.0,280.0,-238.8,-8.53,True
1644,Middle East,Iraq,Downstream gas,Downstream,Gas,Annual LDAR,-4.53,370.0,10360.0,-238.28,-8.51,True
1645,Middle East,Iran,Downstream oil,Downstream,Oil,Annual LDAR,-4.53,120.0,3360.0,-238.28,-8.51,True
1646,Middle East,Iran,Downstream gas,Downstream,Gas,Annual LDAR,-4.53,7060.0,197680.0,-238.28,-8.51,True
1647,Middle East,Iraq,Downstream oil,Downstream,Oil,Annual LDAR,-4.53,50.0,1400.0,-238.28,-8.51,True
1648,Middle East,Jordan,Downstream gas,Downstream,Gas,Annual LDAR,-4.53,210.0,5880.0,-238.28,-8.51,True
1649,Middle East,Jordan,Downstream oil,Downstream,Oil,Annual LDAR,-4.53,10.0,280.0,-238.28,-8.51,True
1650,Middle East,Lebanon,Downstream oil,Downstream,Oil,Annual LDAR,-4.53,10.0,280.0,-238.28,-8.51,True
1651,Middle East,Kuwait,Downstream oil,Downstream,Oil,Annual LDAR,-4.53,20.0,560.0,-238.28,-8.51,True
1652,Middle East,Kuwait,Downstream gas,Downstream,Gas,Annual LDAR,-4.53,640.0,17920.0,-238.28,-8.51,True
1653,Asia Pacific,Brunei,Downstream gas,Downstream,Gas,Continuous LDAR,-4.53,330.0,9240.0,-238.28,-8.51,True
1654,Asia Pacific,Brunei,Downstream oil,Downstream,Oil,Continuous LDAR,-4.53,10.0,280.0,-238.28,-8.51,True
1655,Middle East,Bahrain,Downstream gas,Downstream,Gas,Annual LDAR,-4.53,540.0,15120.0,-238.28,-8.51,True
1656,Middle East,United Arab Emirates,Downstream gas,Downstream,Gas,Annual LDAR,-4.53,1120.0,31360.0,-238.28,-8.51,True
1657,Middle East,United Arab Emirates,Downstream oil,Downstream,Oil,Annual LDAR,-4.53,30.0,840.0,-238.28,-8.51,True
1658,Asia Pacific,Thailand,Downstream oil,Downstream,Oil,Continuous LDAR,-4.53,620.0,17360.0,-238.28,-8.51,True
1659,Asia Pacific,Thailand,Downstream gas,Downstream,Gas,Continuous LDAR,-4.53,12780.0,357840.0,-238.28,-8.51,True
1660,Middle East,Saudi Arabia,Downstream oil,Downstream,Oil,Annual LDAR,-4.53,70.0,1960.0,-238.28,-8.51,True
1661,Middle East,Saudi Arabia,Downstream gas,Downstream,Gas,Annual LDAR,-4.53,1340.0,37520.0,-238.28,-8.51,True
1662,Middle East,Syria,Downstream oil,Downstream,Oil,Annual LDAR,-4.53,70.0,1960.0,-238.28,-8.51,True
1663,Middle East,Syria,Downstream gas,Downstream,Gas,Annual LDAR,-4.53,810.0,22680.0,-238.28,-8.51,True
1664,Middle East,Qatar,Downstream gas,Downstream,Gas,Annual LDAR,-4.53,1030.0,28840.0,-238.28,-8.51,True
1665,Asia Pacific,Philippines,Downstream gas,Downstream,Gas,Continuous LDAR,-4.53,450.0,12600.0,-238.28,-8.51,True
1666,Asia Pacific,Philippines,Downstream oil,Downstream,Oil,Continuous LDAR,-4.53,110.0,3080.0,-238.28,-8.51,True
1667,Middle East,Qatar,Downstream oil,Downstream,Oil,Annual LDAR,-4.53,10.0,280.0,-238.28,-8.51,True
1668,Middle East,Oman,Downstream oil,Downstream,Oil,Annual LDAR,-4.53,20.0,560.0,-238.28,-8.51,True
1669,Middle East,Oman,Downstream gas,Downstream,Gas,Annual LDAR,-4.53,900.0,25200.0,-238.28,-8.51,True
1670,Asia Pacific,Malaysia,Downstream oil,Downstream,Oil,Continuous LDAR,-4.53,250.0,7000.0,-238.28,-8.51,True
1671,Asia Pacific,Malaysia,Downstream gas,Downstream,Gas,Continuous LDAR,-4.53,9920.0,277760.0,-238.28,-8.51,True
1672,Europe,Other countries in Europe,Downstream oil,Downstream,Oil,Continuous LDAR,-4.53,350.0,9800.0,-238.28,-8.51,True
1673,Europe,Other countries in Europe,Onshore conventional oil,Upstream,Oil,Continuous LDAR,-4.53,1510.0,42280.0,-238.28,-8.51,True
1674,Asia Pacific,Other countries in Southeast Asia,Downstream gas,Downstream,Gas,Continuous LDAR,-4.53,3020.0,84560.0,-238.28,-8.51,True
1675,Europe,Other countries in Europe,Onshore conventional gas,Upstream,Gas,Continuous LDAR,-4.53,30.0,840.0,-238.28,-8.51,True
1676,Europe,Other countries in Europe,Downstream gas,Downstream,Gas,Continuous LDAR,-4.53,7390.0,206920.0,-238.28,-8.51,True
1677,Asia Pacific,Other countries in Southeast Asia,Downstream oil,Downstream,Oil,Continuous LDAR,-4.53,470.0,13160.0,-238.28,-8.51,True
1678,Middle East,Yemen,Downstream oil,Downstream,Oil,Annual LDAR,-4.53,60.0,1680.0,-238.28,-8.51,True
1679,Asia Pacific,Viet Nam,Downstream oil,Downstream,Oil,Continuous LDAR,-4.53,130.0,3640.0,-238.28,-8.51,True
1680,Asia Pacific,Viet Nam,Downstream gas,Downstream,Gas,Continuous LDAR,-4.53,1060.0,29680.0,-238.28,-8.51,True
1681,Russia & Caspian,Uzbekistan,Downstream gas,Downstream,Gas,Annual LDAR,-4.53,6740.0,188720.0,-238.28,-8.51,True
1682,Russia & Caspian,Uzbekistan,Downstream oil,Downstream,Oil,Annual LDAR,-4.53,40.0,1120.0,-238.28,-8.51,True
1683,Europe,Netherlands,Offshore oil,Upstream,Oil,Vapour recovery units,-4.52,50.0,1400.0,-237.75,-8.49,True
1684,Asia Pacific,Philippines,Offshore oil,Upstream,Oil,Vapour recovery units,-4.52,770.0,21560.0,-237.75,-8.49,True
1685,Asia Pacific,China,Onshore conventional gas,Upstream,Gas,Replace pumps,-4.51,12440.0,348320.0,-237.23,-8.47,True
1686,Asia Pacific,China,Unconventional gas,Upstream,Gas,Replace pumps,-4.51,24790.0,694120.0,-237.23,-8.47,True
1687,Russia & Caspian,Uzbekistan,Onshore conventional gas,Upstream,Gas,Vapour recovery units,-4.51,55350.0,1549800.0,-237.23,-8.47,True
1688,Central and South America,Brazil,Offshore gas,Upstream,Gas,Other,-4.5,330.0,9240.0,-236.7,-8.45,True
1689,Europe,Italy,Onshore conventional oil,Upstream,Oil,Replace with electric motor,-4.5,1480.0,41440.0,-236.7,-8.45,True
1690,Asia Pacific,Japan,Downstream gas,Downstream,Gas,Quarterly LDAR,-4.49,17280.0,483840.0,-236.17,-8.43,True
1691,Europe,Israel,Offshore gas,Upstream,Gas,Vapour recovery units,-4.49,4990.0,139720.0,-236.17,-8.43,True
1692,Asia Pacific,Japan,Downstream oil,Downstream,Oil,Quarterly LDAR,-4.49,830.0,23240.0,-236.17,-8.43,True
1693,Europe,Norway,Onshore conventional oil,Upstream,Oil,Quarterly LDAR,-4.48,60.0,1680.0,-235.65,-8.42,True
1694,Asia Pacific,Other countries in Southeast Asia,Onshore conventional oil,Upstream,Oil,Replace pumps,-4.48,330.0,9240.0,-235.65,-8.42,True
1695,Europe,Ukraine,Downstream gas,Downstream,Gas,Other,-4.47,17770.0,497560.0,-235.12,-8.4,True
1696,Asia Pacific,Australia,Onshore conventional oil,Upstream,Oil,Quarterly LDAR,-4.47,380.0,10640.0,-235.12,-8.4,True
1697,Asia Pacific,Australia,Onshore conventional gas,Upstream,Gas,Quarterly LDAR,-4.47,530.0,14840.0,-235.12,-8.4,True
1698,Asia Pacific,Australia,Unconventional gas,Upstream,Gas,Quarterly LDAR,-4.47,10530.0,294840.0,-235.12,-8.4,True
1699,Asia Pacific,China,Downstream oil,Downstream,Oil,Quarterly LDAR,-4.47,8200.0,229600.0,-235.12,-8.4,True
1700,Asia Pacific,China,Downstream gas,Downstream,Gas,Quarterly LDAR,-4.47,136760.0,3829280.0,-235.12,-8.4,True
1701,Africa,South Africa,Downstream gas,Downstream,Gas,Other,-4.46,660.0,18480.0,-234.6,-8.38,True
1702,Other,Other,Downstream oil,Downstream,Oil,Biannual LDAR,-4.46,220.0,6160.0,-234.6,-8.38,True
1703,Other,Other,Downstream gas,Downstream,Gas,Biannual LDAR,-4.46,3210.0,89880.0,-234.6,-8.38,True
1704,Asia Pacific,Bangladesh,Onshore conventional oil,Upstream,Oil,Replace pumps,-4.45,140.0,3920.0,-234.07,-8.36,True
1705,Central and South America,Brazil,Onshore conventional oil,Upstream,Oil,Replace pumps,-4.44,7420.0,207760.0,-233.54,-8.34,True
1706,Asia Pacific,India,Downstream gas,Downstream,Gas,Quarterly LDAR,-4.44,73570.0,2059960.0,-233.54,-8.34,True
1707,Asia Pacific,India,Downstream oil,Downstream,Oil,Quarterly LDAR,-4.44,9930.0,278040.0,-233.54,-8.34,True
1708,Other,Other,Downstream gas,Downstream,Gas,Annual LDAR,-4.44,1070.0,29960.0,-233.54,-8.34,True
1709,Other,Other,Downstream oil,Downstream,Oil,Annual LDAR,-4.44,70.0,1960.0,-233.54,-8.34,True
1710,Africa,South Africa,Downstream oil,Downstream,Oil,Vapour recovery units,-4.44,750.0,21000.0,-233.54,-8.34,True
1711,Middle East,Saudi Arabia,Onshore conventional gas,Upstream,Gas,Vapour recovery units,-4.44,3990.0,111720.0,-233.54,-8.34,True
1712,Asia Pacific,Philippines,Offshore gas,Upstream,Gas,Vapour recovery units,-4.43,1090.0,30520.0,-233.02,-8.32,True
1713,Europe,United Kingdom,Downstream gas,Downstream,Gas,Annual LDAR,-4.43,1140.0,31920.0,-233.02,-8.32,True
1714,Europe,United Kingdom,Downstream oil,Downstream,Oil,Annual LDAR,-4.43,50.0,1400.0,-233.02,-8.32,True
1715,Asia Pacific,India,Downstream oil,Downstream,Oil,Replace with electric motor,-4.43,22450.0,628600.0,-233.02,-8.32,True
1716,Central and South America,Ecuador,Onshore conventional gas,Upstream,Gas,Vapour recovery units,-4.43,40.0,1120.0,-233.02,-8.32,True
1717,Asia Pacific,China,Unconventional gas,Upstream,Gas,Vapour recovery units,-4.43,162730.0,4556440.0,-233.02,-8.32,True
1718,Europe,Germany,Downstream gas,Downstream,Gas,Annual LDAR,-4.42,1240.0,34720.0,-232.49,-8.3,True
1719,Europe,Germany,Downstream oil,Downstream,Oil,Annual LDAR,-4.42,50.0,1400.0,-232.49,-8.3,True
1720,Europe,Poland,Downstream oil,Downstream,Oil,Vapour recovery units,-4.42,600.0,16800.0,-232.49,-8.3,True
1721,Middle East,Oman,Onshore conventional gas,Upstream,Gas,Vapour recovery units,-4.42,5320.0,148960.0,-232.49,-8.3,True
1722,Europe,Other countries in Europe,Onshore conventional oil,Upstream,Oil,Replace with electric motor,-4.41,7190.0,201320.0,-231.97,-8.28,True
1723,Asia Pacific,Pakistan,Onshore conventional oil,Upstream,Oil,Replace pumps,-4.41,5950.0,166600.0,-231.97,-8.28,True
1724,Asia Pacific,New Zealand,Downstream oil,Downstream,Oil,Annual LDAR,-4.4,10.0,280.0,-231.44,-8.27,True
1725,Asia Pacific,New Zealand,Downstream gas,Downstream,Gas,Annual LDAR,-4.4,70.0,1960.0,-231.44,-8.27,True
1726,Asia Pacific,Malaysia,Offshore gas,Upstream,Gas,Associated gas utilisation,-4.4,87620.0,2453360.0,-231.44,-8.27,True
1727,Europe,Sweden,Downstream oil,Downstream,Oil,Annual LDAR,-4.4,10.0,280.0,-231.44,-8.27,True
1728,Europe,Sweden,Downstream gas,Downstream,Gas,Annual LDAR,-4.4,30.0,840.0,-231.44,-8.27,True
1729,Asia Pacific,India,Unconventional gas,Upstream,Gas,Replace pumps,-4.4,830.0,23240.0,-231.44,-8.27,True
1730,Asia Pacific,India,Onshore conventional gas,Upstream,Gas,Replace pumps,-4.4,1740.0,48720.0,-231.44,-8.27,True
1731,Europe,Israel,Offshore gas,Upstream,Gas,Other,-4.4,150.0,4200.0,-231.44,-8.27,True
1732,Africa,Ghana,Offshore oil,Upstream,Oil,Replace compressor seal or rod,-4.39,10.0,280.0,-230.91,-8.25,True
1733,Africa,Nigeria,Offshore gas,Upstream,Gas,Replace compressor seal or rod,-4.39,20.0,560.0,-230.91,-8.25,True
1734,Asia Pacific,Malaysia,Downstream oil,Downstream,Oil,Replace with electric motor,-4.38,1250.0,35000.0,-230.39,-8.23,True
1735,Asia Pacific,Other countries in Southeast Asia,Downstream oil,Downstream,Oil,Replace with electric motor,-4.38,2320.0,64960.0,-230.39,-8.23,True
1736,Africa,South Africa,Onshore conventional oil,Upstream,Oil,Other,-4.38,1790.0,50120.0,-230.39,-8.23,True
1737,Asia Pacific,Philippines,Downstream oil,Downstream,Oil,Replace with electric motor,-4.38,550.0,15400.0,-230.39,-8.23,True
1738,Middle East,United Arab Emirates,Onshore conventional gas,Upstream,Gas,Vapour recovery units,-4.38,3790.0,106120.0,-230.39,-8.23,True
1739,Asia Pacific,Thailand,Downstream oil,Downstream,Oil,Replace with electric motor,-4.38,3100.0,86800.0,-230.39,-8.23,True
1740,Africa,Gabon,Offshore oil,Upstream,Oil,Replace compressor seal or rod,-4.38,10.0,280.0,-230.39,-8.23,True
1741,Africa,Egypt,Onshore conventional gas,Upstream,Gas,Vapour recovery units,-4.38,1790.0,50120.0,-230.39,-8.23,True
1742,Middle East,Jordan,Onshore conventional gas,Upstream,Gas,Vapour recovery units,-4.38,40.0,1120.0,-230.39,-8.23,True
1743,Asia Pacific,Brunei,Downstream oil,Downstream,Oil,Replace with electric motor,-4.38,30.0,840.0,-230.39,-8.23,True
1744,Asia Pacific,Viet Nam,Downstream oil,Downstream,Oil,Replace with electric motor,-4.38,630.0,17640.0,-230.39,-8.23,True
1745,Europe,United Kingdom,Downstream oil,Downstream,Oil,Biannual LDAR,-4.37,150.0,4200.0,-229.86,-8.21,True
1746,Europe,United Kingdom,Downstream gas,Downstream,Gas,Biannual LDAR,-4.37,3430.0,96040.0,-229.86,-8.21,True
1747,Middle East,Qatar,Onshore conventional gas,Upstream,Gas,Vapour recovery units,-4.37,420.0,11760.0,-229.86,-8.21,True
1748,Europe,Romania,Offshore gas,Upstream,Gas,Biannual LDAR,-4.36,250.0,7000.0,-229.34,-8.19,True
1749,Europe,Romania,Offshore oil,Upstream,Oil,Biannual LDAR,-4.36,60.0,1680.0,-229.34,-8.19,True
1750,Asia Pacific,Philippines,Offshore gas,Upstream,Gas,Other,-4.36,30.0,840.0,-229.34,-8.19,True
1751,Asia Pacific,Malaysia,Offshore oil,Upstream,Oil,Vapour recovery units,-4.36,45150.0,1264200.0,-229.34,-8.19,True
1752,Asia Pacific,New Zealand,Downstream gas,Downstream,Gas,Biannual LDAR,-4.36,200.0,5600.0,-229.34,-8.19,True
1753,Asia Pacific,New Zealand,Downstream oil,Downstream,Oil,Biannual LDAR,-4.36,20.0,560.0,-229.34,-8.19,True
1754,Central and South America,Brazil,Offshore oil,Upstream,Oil,Vapour recovery units,-4.36,190290.0,5328120.0,-229.34,-8.19,True
1755,Russia & Caspian,Azerbaijan,Offshore gas,Upstream,Gas,Quarterly LDAR,-4.36,8910.0,249480.0,-229.34,-8.19,True
1756,Russia & Caspian,Azerbaijan,Offshore oil,Upstream,Oil,Quarterly LDAR,-4.36,9310.0,260680.0,-229.34,-8.19,True
1757,Africa,Angola,Offshore oil,Upstream,Oil,Quarterly LDAR,-4.35,11860.0,332080.0,-228.81,-8.17,True
1758,Africa,Angola,Offshore gas,Upstream,Gas,Quarterly LDAR,-4.35,40.0,1120.0,-228.81,-8.17,True
1759,Africa,Cameroon,Offshore oil,Upstream,Oil,Quarterly LDAR,-4.35,4410.0,123480.0,-228.81,-8.17,True
1760,Africa,Cameroon,Offshore gas,Upstream,Gas,Quarterly LDAR,-4.35,1020.0,28560.0,-228.81,-8.17,True
1761,Africa,Cote d'Ivoire,Offshore oil,Upstream,Oil,Quarterly LDAR,-4.35,600.0,16800.0,-228.81,-8.17,True
1762,Africa,Cote d'Ivoire,Offshore gas,Upstream,Gas,Quarterly LDAR,-4.35,850.0,23800.0,-228.81,-8.17,True
1763,Africa,Democratic Republic of Congo,Offshore oil,Upstream,Oil,Quarterly LDAR,-4.35,740.0,20720.0,-228.81,-8.17,True
1764,Africa,Congo,Offshore oil,Upstream,Oil,Quarterly LDAR,-4.35,15930.0,446040.0,-228.81,-8.17,True
1765,Africa,Congo,Offshore gas,Upstream,Gas,Quarterly LDAR,-4.35,220.0,6160.0,-228.81,-8.17,True
1766,Africa,Equatorial Guinea,Offshore gas,Upstream,Gas,Quarterly LDAR,-4.35,5200.0,145600.0,-228.81,-8.17,True
1767,Africa,Equatorial Guinea,Offshore oil,Upstream,Oil,Quarterly LDAR,-4.35,3510.0,98280.0,-228.81,-8.17,True
1768,Europe,France,Downstream gas,Downstream,Gas,Annual LDAR,-4.35,960.0,26880.0,-228.81,-8.17,True
1769,Africa,Gabon,Offshore gas,Upstream,Gas,Quarterly LDAR,-4.35,80.0,2240.0,-228.81,-8.17,True
1770,Europe,France,Downstream oil,Downstream,Oil,Annual LDAR,-4.35,60.0,1680.0,-228.81,-8.17,True
1771,Africa,Gabon,Offshore oil,Upstream,Oil,Quarterly LDAR,-4.35,6510.0,182280.0,-228.81,-8.17,True
1772,Africa,Ghana,Offshore gas,Upstream,Gas,Quarterly LDAR,-4.35,700.0,19600.0,-228.81,-8.17,True
1773,Africa,Ghana,Offshore oil,Upstream,Oil,Quarterly LDAR,-4.35,2950.0,82600.0,-228.81,-8.17,True
1774,Central and South America,Guyana,Offshore oil,Upstream,Oil,Replace compressor seal or rod,-4.35,10.0,280.0,-228.81,-8.17,True
1775,Africa,Nigeria,Offshore gas,Upstream,Gas,Quarterly LDAR,-4.35,6190.0,173320.0,-228.81,-8.17,True
1776,Africa,Nigeria,Offshore oil,Upstream,Oil,Quarterly LDAR,-4.35,44540.0,1247120.0,-228.81,-8.17,True
1777,Africa,Mozambique,Offshore oil,Upstream,Oil,Quarterly LDAR,-4.35,1400.0,39200.0,-228.81,-8.17,True
1778,Africa,Mozambique,Offshore gas,Upstream,Gas,Quarterly LDAR,-4.35,3490.0,97720.0,-228.81,-8.17,True
1779,Other,Other,Offshore oil,Upstream,Oil,Quarterly LDAR,-4.35,30.0,840.0,-228.81,-8.17,True
1780,Africa,Senegal,Offshore oil,Upstream,Oil,Quarterly LDAR,-4.35,2160.0,60480.0,-228.81,-8.17,True
1781,Asia Pacific,Thailand,Offshore gas,Upstream,Gas,Vapour recovery units,-4.35,29040.0,813120.0,-228.81,-8.17,True
1782,Africa,Tanzania,Offshore gas,Upstream,Gas,Quarterly LDAR,-4.35,350.0,9800.0,-228.81,-8.17,True
1783,Africa,Tunisia,Onshore conventional gas,Upstream,Gas,Vapour recovery units,-4.35,270.0,7560.0,-228.81,-8.17,True
1784,Asia Pacific,Korea,Downstream oil,Downstream,Oil,Vapour recovery units,-4.34,1990.0,55720.0,-228.28,-8.15,True
1785,Africa,Kenya,Downstream oil,Downstream,Oil,Quarterly LDAR,-4.32,90.0,2520.0,-227.23,-8.12,True
1786,Africa,Ghana,Downstream oil,Downstream,Oil,Quarterly LDAR,-4.32,60.0,1680.0,-227.23,-8.12,True
1787,Africa,Ghana,Downstream gas,Downstream,Gas,Quarterly LDAR,-4.32,1380.0,38640.0,-227.23,-8.12,True
1788,Africa,Gabon,Downstream oil,Downstream,Oil,Quarterly LDAR,-4.32,100.0,2800.0,-227.23,-8.12,True
1789,Africa,Gabon,Downstream gas,Downstream,Gas,Quarterly LDAR,-4.32,320.0,8960.0,-227.23,-8.12,True
1790,Africa,Ethiopia,Downstream oil,Downstream,Oil,Quarterly LDAR,-4.32,70.0,1960.0,-227.23,-8.12,True
1791,Africa,Equatorial Guinea,Downstream oil,Downstream,Oil,Quarterly LDAR,-4.32,10.0,280.0,-227.23,-8.12,True
1792,Africa,Eritrea,Downstream oil,Downstream,Oil,Quarterly LDAR,-4.32,10.0,280.0,-227.23,-8.12,True
1793,Africa,Equatorial Guinea,Downstream gas,Downstream,Gas,Quarterly LDAR,-4.32,1090.0,30520.0,-227.23,-8.12,True
1794,Africa,Congo,Downstream gas,Downstream,Gas,Quarterly LDAR,-4.32,570.0,15960.0,-227.23,-8.12,True
1795,Africa,Congo,Downstream oil,Downstream,Oil,Quarterly LDAR,-4.32,120.0,3360.0,-227.23,-8.12,True
1796,Africa,Cote d'Ivoire,Downstream gas,Downstream,Gas,Quarterly LDAR,-4.32,830.0,23240.0,-227.23,-8.12,True
1797,Africa,Democratic Republic of Congo,Downstream oil,Downstream,Oil,Quarterly LDAR,-4.32,20.0,560.0,-227.23,-8.12,True
1798,Africa,Cote d'Ivoire,Downstream oil,Downstream,Oil,Quarterly LDAR,-4.32,60.0,1680.0,-227.23,-8.12,True
1799,Africa,Cameroon,Downstream oil,Downstream,Oil,Quarterly LDAR,-4.32,80.0,2240.0,-227.23,-8.12,True
1800,Africa,Cameroon,Downstream gas,Downstream,Gas,Quarterly LDAR,-4.32,240.0,6720.0,-227.23,-8.12,True
1801,Africa,Angola,Downstream gas,Downstream,Gas,Quarterly LDAR,-4.32,200.0,5600.0,-227.23,-8.12,True
1802,Africa,Angola,Downstream oil,Downstream,Oil,Quarterly LDAR,-4.32,70.0,1960.0,-227.23,-8.12,True
1803,Russia & Caspian,Azerbaijan,Downstream oil,Downstream,Oil,Quarterly LDAR,-4.32,130.0,3640.0,-227.23,-8.12,True
1804,Russia & Caspian,Azerbaijan,Downstream gas,Downstream,Gas,Quarterly LDAR,-4.32,4140.0,115920.0,-227.23,-8.12,True
1805,Africa,Benin,Downstream gas,Downstream,Gas,Quarterly LDAR,-4.32,60.0,1680.0,-227.23,-8.12,True
1806,Africa,Benin,Downstream oil,Downstream,Oil,Quarterly LDAR,-4.32,50.0,1400.0,-227.23,-8.12,True
1807,Africa,Botswana,Downstream oil,Downstream,Oil,Quarterly LDAR,-4.32,10.0,280.0,-227.23,-8.12,True
1808,Africa,Tanzania,Downstream gas,Downstream,Gas,Quarterly LDAR,-4.32,960.0,26880.0,-227.23,-8.12,True
1809,Africa,Tanzania,Downstream oil,Downstream,Oil,Quarterly LDAR,-4.32,80.0,2240.0,-227.23,-8.12,True
1810,Africa,Togo,Downstream oil,Downstream,Oil,Quarterly LDAR,-4.32,10.0,280.0,-227.23,-8.12,True
1811,Africa,Togo,Downstream gas,Downstream,Gas,Quarterly LDAR,-4.32,60.0,1680.0,-227.23,-8.12,True
1812,Africa,South Sudan,Downstream oil,Downstream,Oil,Quarterly LDAR,-4.32,20.0,560.0,-227.23,-8.12,True
1813,Africa,Sudan,Downstream oil,Downstream,Oil,Quarterly LDAR,-4.32,240.0,6720.0,-227.23,-8.12,True
1814,Africa,Senegal,Downstream oil,Downstream,Oil,Quarterly LDAR,-4.32,40.0,1120.0,-227.23,-8.12,True
1815,Other,Other,Downstream oil,Downstream,Oil,Quarterly LDAR,-4.32,20.0,560.0,-227.23,-8.12,True
1816,Other,Other,Downstream oil,Downstream,Oil,Quarterly LDAR,-4.32,70.0,1960.0,-227.23,-8.12,True
1817,Other,Other,Downstream oil,Downstream,Oil,Quarterly LDAR,-4.32,30.0,840.0,-227.23,-8.12,True
1818,Other,Other,Downstream oil,Downstream,Oil,Quarterly LDAR,-4.32,200.0,5600.0,-227.23,-8.12,True
1819,Europe,Other EU17 countries,Onshore conventional oil,Upstream,Oil,Replace with electric motor,-4.32,1410.0,39480.0,-227.23,-8.12,True
1820,Africa,Mozambique,Downstream oil,Downstream,Oil,Quarterly LDAR,-4.32,40.0,1120.0,-227.23,-8.12,True
1821,Africa,Mozambique,Downstream gas,Downstream,Gas,Quarterly LDAR,-4.32,660.0,18480.0,-227.23,-8.12,True
1822,Africa,Namibia,Downstream oil,Downstream,Oil,Quarterly LDAR,-4.32,10.0,280.0,-227.23,-8.12,True
1823,Africa,Nigeria,Downstream oil,Downstream,Oil,Quarterly LDAR,-4.32,750.0,21000.0,-227.23,-8.12,True
1824,Africa,Nigeria,Downstream gas,Downstream,Gas,Quarterly LDAR,-4.32,8720.0,244160.0,-227.23,-8.12,True
1825,Africa,Niger,Downstream gas,Downstream,Gas,Quarterly LDAR,-4.32,20.0,560.0,-227.23,-8.12,True
1826,Africa,Niger,Downstream oil,Downstream,Oil,Quarterly LDAR,-4.32,90.0,2520.0,-227.23,-8.12,True
1827,Europe,Other EU7 countries,Downstream gas,Downstream,Gas,Continuous LDAR,-4.31,860.0,24080.0,-226.71,-8.1,True
1828,Europe,Other EU7 countries,Downstream oil,Downstream,Oil,Continuous LDAR,-4.31,60.0,1680.0,-226.71,-8.1,True
1829,Central and South America,Brazil,Offshore gas,Upstream,Gas,Associated gas utilisation,-4.31,17200.0,481600.0,-226.71,-8.1,True
1830,Asia Pacific,Brunei,Offshore gas,Upstream,Gas,Vapour recovery units,-4.31,3550.0,99400.0,-226.71,-8.1,True
1831,Central and South America,Colombia,Offshore gas,Upstream,Gas,Quarterly LDAR,-4.31,140.0,3920.0,-226.71,-8.1,True
1832,Europe,Denmark,Offshore oil,Upstream,Oil,Vapour recovery units,-4.31,1250.0,35000.0,-226.71,-8.1,True
1833,Europe,Germany,Downstream gas,Downstream,Gas,Biannual LDAR,-4.3,3710.0,103880.0,-226.18,-8.08,True
1834,Europe,Germany,Downstream oil,Downstream,Oil,Biannual LDAR,-4.3,140.0,3920.0,-226.18,-8.08,True
1835,Asia Pacific,Other countries in Southeast Asia,Offshore gas,Upstream,Gas,Vapour recovery units,-4.3,10000.0,280000.0,-226.18,-8.08,True
1836,Middle East,Yemen,Onshore conventional gas,Upstream,Gas,Vapour recovery units,-4.3,20.0,560.0,-226.18,-8.08,True
1837,Asia Pacific,Viet Nam,Offshore gas,Upstream,Gas,Vapour recovery units,-4.3,3060.0,85680.0,-226.18,-8.08,True
1838,Europe,Netherlands,Offshore gas,Upstream,Gas,Vapour recovery units,-4.29,620.0,17360.0,-225.65,-8.06,True
1839,Asia Pacific,Japan,Downstream oil,Downstream,Oil,Vapour recovery units,-4.29,2180.0,61040.0,-225.65,-8.06,True
1840,Central and South America,Colombia,Downstream gas,Downstream,Gas,Quarterly LDAR,-4.29,9930.0,278040.0,-225.65,-8.06,True
1841,Central and South America,Colombia,Downstream oil,Downstream,Oil,Quarterly LDAR,-4.29,840.0,23520.0,-225.65,-8.06,True
1842,Europe,Sweden,Downstream gas,Downstream,Gas,Biannual LDAR,-4.28,100.0,2800.0,-225.13,-8.04,True
1843,Europe,Sweden,Downstream oil,Downstream,Oil,Biannual LDAR,-4.28,20.0,560.0,-225.13,-8.04,True
1844,Asia Pacific,Thailand,Offshore gas,Upstream,Gas,Other,-4.28,880.0,24640.0,-225.13,-8.04,True
1845,Africa,Senegal,Onshore conventional gas,Upstream,Gas,Vapour recovery units,-4.27,450.0,12600.0,-224.6,-8.02,True
1846,Europe,Romania,Onshore conventional gas,Upstream,Gas,Replace with electric motor,-4.27,5240.0,146720.0,-224.6,-8.02,True
1847,Central and South America,Peru,Onshore conventional gas,Upstream,Gas,Vapour recovery units,-4.27,4070.0,113960.0,-224.6,-8.02,True
1848,Asia Pacific,China,Offshore oil,Upstream,Oil,Quarterly LDAR,-4.27,23820.0,666960.0,-224.6,-8.02,True
1849,Asia Pacific,China,Offshore gas,Upstream,Gas,Quarterly LDAR,-4.27,8570.0,239960.0,-224.6,-8.02,True
1850,Asia Pacific,Bangladesh,Downstream oil,Downstream,Oil,Quarterly LDAR,-4.26,170.0,4760.0,-224.08,-8.0,True
1851,Asia Pacific,Bangladesh,Downstream gas,Downstream,Gas,Quarterly LDAR,-4.26,10740.0,300720.0,-224.08,-8.0,True
1852,Asia Pacific,Pakistan,Downstream gas,Downstream,Gas,Quarterly LDAR,-4.26,25270.0,707560.0,-224.08,-8.0,True
1853,Asia Pacific,Pakistan,Downstream oil,Downstream,Oil,Quarterly LDAR,-4.26,660.0,18480.0,-224.08,-8.0,True
1854,Other,Other,Downstream oil,Downstream,Oil,Quarterly LDAR,-4.26,300.0,8400.0,-224.08,-8.0,True
1855,Other,Other,Downstream gas,Downstream,Gas,Quarterly LDAR,-4.26,3480.0,97440.0,-224.08,-8.0,True
1856,Russia & Caspian,Turkmenistan,Offshore gas,Upstream,Gas,Quarterly LDAR,-4.26,7700.0,215600.0,-224.08,-8.0,True
1857,Russia & Caspian,Turkmenistan,Downstream gas,Downstream,Gas,Quarterly LDAR,-4.26,59880.0,1676640.0,-224.08,-8.0,True
1858,Russia & Caspian,Turkmenistan,Offshore oil,Upstream,Oil,Quarterly LDAR,-4.26,20580.0,576240.0,-224.08,-8.0,True
1859,Russia & Caspian,Turkmenistan,Downstream oil,Downstream,Oil,Quarterly LDAR,-4.26,540.0,15120.0,-224.08,-8.0,True
1860,Central and South America,Trinidad and Tobago,Onshore conventional gas,Upstream,Gas,Vapour recovery units,-4.25,240.0,6720.0,-223.55,-7.98,True
1861,Europe,Netherlands,Downstream oil,Downstream,Oil,Annual LDAR,-4.25,10.0,280.0,-223.55,-7.98,True
1862,Europe,Netherlands,Downstream gas,Downstream,Gas,Annual LDAR,-4.25,160.0,4480.0,-223.55,-7.98,True
1863,Africa,Algeria,Onshore conventional gas,Upstream,Gas,Vapour recovery units,-4.25,18580.0,520240.0,-223.55,-7.98,True
1864,Africa,Libya,Onshore conventional gas,Upstream,Gas,Vapour recovery units,-4.25,930.0,26040.0,-223.55,-7.98,True
1865,Asia Pacific,Indonesia,Downstream oil,Downstream,Oil,Quarterly LDAR,-4.25,1360.0,38080.0,-223.55,-7.98,True
1866,Asia Pacific,Indonesia,Downstream gas,Downstream,Gas,Quarterly LDAR,-4.25,24270.0,679560.0,-223.55,-7.98,True
1867,Asia Pacific,Japan,Offshore gas,Upstream,Gas,Associated gas utilisation,-4.24,90.0,2520.0,-223.02,-7.97,True
1868,Asia Pacific,Brunei,Offshore gas,Upstream,Gas,Other,-4.24,110.0,3080.0,-223.02,-7.97,True
1869,Africa,Cameroon,Onshore conventional gas,Upstream,Gas,Vapour recovery units,-4.24,10.0,280.0,-223.02,-7.97,True
1870,Africa,Congo,Onshore conventional gas,Upstream,Gas,Vapour recovery units,-4.24,110.0,3080.0,-223.02,-7.97,True
1871,Europe,United Kingdom,Offshore gas,Upstream,Gas,Vapour recovery units,-4.24,5760.0,161280.0,-223.02,-7.97,True
1872,Europe,Slovenia,Downstream gas,Downstream,Gas,Replace with electric motor,-4.24,190.0,5320.0,-223.02,-7.97,True
1873,Asia Pacific,Pakistan,Onshore conventional gas,Upstream,Gas,Vapour recovery units,-4.23,8490.0,237720.0,-222.5,-7.95,True
1874,Asia Pacific,Other countries in Southeast Asia,Offshore gas,Upstream,Gas,Other,-4.23,300.0,8400.0,-222.5,-7.95,True
1875,Europe,France,Downstream gas,Downstream,Gas,Biannual LDAR,-4.23,2890.0,80920.0,-222.5,-7.95,True
1876,Europe,Estonia,Downstream oil,Downstream,Oil,Vapour recovery units,-4.23,20.0,560.0,-222.5,-7.95,True
1877,Europe,France,Downstream oil,Downstream,Oil,Biannual LDAR,-4.23,190.0,5320.0,-222.5,-7.95,True
1878,Asia Pacific,Viet Nam,Offshore gas,Upstream,Gas,Other,-4.23,90.0,2520.0,-222.5,-7.95,True
1879,Central and South America,Venezuela,Onshore conventional gas,Upstream,Gas,Vapour recovery units,-4.22,8880.0,248640.0,-221.97,-7.93,True
1880,Europe,Other countries in Europe,Offshore gas,Upstream,Gas,Vapour recovery units,-4.22,1000.0,28000.0,-221.97,-7.93,True
1881,Asia Pacific,New Zealand,Offshore oil,Upstream,Oil,Biannual LDAR,-4.21,20.0,560.0,-221.45,-7.91,True
1882,Asia Pacific,New Zealand,Offshore gas,Upstream,Gas,Biannual LDAR,-4.21,60.0,1680.0,-221.45,-7.91,True
1883,Asia Pacific,Japan,Onshore conventional oil,Upstream,Oil,Replace with electric motor,-4.21,260.0,7280.0,-221.45,-7.91,True
1884,Asia Pacific,Brunei,Onshore conventional oil,Upstream,Oil,Replace pumps,-4.21,240.0,6720.0,-221.45,-7.91,True
1885,Asia Pacific,Australia,Downstream oil,Downstream,Oil,Replace with electric motor,-4.2,590.0,16520.0,-220.92,-7.89,True
1886,Russia & Caspian,Kazakhstan,Downstream gas,Downstream,Gas,Quarterly LDAR,-4.2,5990.0,167720.0,-220.92,-7.89,True
1887,Russia & Caspian,Kazakhstan,Downstream oil,Downstream,Oil,Quarterly LDAR,-4.2,370.0,10360.0,-220.92,-7.89,True
1888,Asia Pacific,India,Offshore oil,Upstream,Oil,Quarterly LDAR,-4.2,26550.0,743400.0,-220.92,-7.89,True
1889,Asia Pacific,India,Offshore gas,Upstream,Gas,Quarterly LDAR,-4.2,23880.0,668640.0,-220.92,-7.89,True
1890,Europe,Germany,Unconventional gas,Upstream,Gas,Vapour recovery units,-4.2,300.0,8400.0,-220.92,-7.89,True
1891,Europe,Germany,Onshore conventional oil,Upstream,Oil,Replace with electric motor,-4.19,500.0,14000.0,-220.39,-7.87,True
1892,Central and South America,Argentina,Onshore conventional gas,Upstream,Gas,Vapour recovery units,-4.19,2270.0,63560.0,-220.39,-7.87,True
1893,Europe,Netherlands,Offshore gas,Upstream,Gas,Other,-4.19,20.0,560.0,-220.39,-7.87,True
1894,Asia Pacific,Pakistan,Downstream oil,Downstream,Oil,Replace with electric motor,-4.19,1500.0,42000.0,-220.39,-7.87,True
1895,Africa,Mozambique,Offshore oil,Upstream,Oil,Vapour recovery units,-4.18,4230.0,118440.0,-219.87,-7.85,True
1896,Europe,Other countries in Europe,Onshore conventional gas,Upstream,Gas,Install plunger,-4.17,30.0,840.0,-219.34,-7.83,True
1897,Other,Other,Offshore oil,Upstream,Oil,Vapour recovery units,-4.17,90.0,2520.0,-219.34,-7.83,True
1898,Asia Pacific,Philippines,Offshore gas,Upstream,Gas,Associated gas utilisation,-4.17,1720.0,48160.0,-219.34,-7.83,True
1899,Africa,Cameroon,Offshore oil,Upstream,Oil,Replace compressor seal or rod,-4.17,10.0,280.0,-219.34,-7.83,True
1900,Russia & Caspian,Kazakhstan,Offshore gas,Upstream,Gas,Quarterly LDAR,-4.17,1070.0,29960.0,-219.34,-7.83,True
1901,Russia & Caspian,Kazakhstan,Offshore oil,Upstream,Oil,Quarterly LDAR,-4.17,5810.0,162680.0,-219.34,-7.83,True
1902,Asia Pacific,Indonesia,Downstream oil,Downstream,Oil,Replace with electric motor,-4.17,3090.0,86520.0,-219.34,-7.83,True
1903,Middle East,Iran,Onshore conventional gas,Upstream,Gas,Vapour recovery units,-4.16,8620.0,241360.0,-218.82,-7.82,True
1904,Middle East,Iraq,Onshore conventional gas,Upstream,Gas,Vapour recovery units,-4.16,1270.0,35560.0,-218.82,-7.82,True
1905,Middle East,Syria,Onshore conventional gas,Upstream,Gas,Vapour recovery units,-4.16,4250.0,119000.0,-218.82,-7.82,True
1906,Europe,United Kingdom,Offshore gas,Upstream,Gas,Other,-4.16,170.0,4760.0,-218.82,-7.82,True
1907,Africa,Nigeria,Offshore oil,Upstream,Oil,Replace compressor seal or rod,-4.16,90.0,2520.0,-218.82,-7.82,True
1908,Africa,Morocco,Downstream oil,Downstream,Oil,Quarterly LDAR,-4.15,100.0,2800.0,-218.29,-7.8,True
1909,Africa,Morocco,Downstream gas,Downstream,Gas,Quarterly LDAR,-4.15,240.0,6720.0,-218.29,-7.8,True
1910,Africa,Tunisia,Downstream gas,Downstream,Gas,Quarterly LDAR,-4.15,2490.0,69720.0,-218.29,-7.8,True
1911,Africa,Tunisia,Downstream oil,Downstream,Oil,Quarterly LDAR,-4.15,130.0,3640.0,-218.29,-7.8,True
1912,Europe,Israel,Offshore gas,Upstream,Gas,Biannual LDAR,-4.15,500.0,14000.0,-218.29,-7.8,True
1913,Europe,Italy,Offshore oil,Upstream,Oil,Replace with electric motor,-4.15,10.0,280.0,-218.29,-7.8,True
1914,Europe,Italy,Offshore gas,Upstream,Gas,Replace with electric motor,-4.15,20.0,560.0,-218.29,-7.8,True
1915,Africa,Libya,Downstream oil,Downstream,Oil,Quarterly LDAR,-4.15,200.0,5600.0,-218.29,-7.8,True
1916,Africa,Libya,Downstream gas,Downstream,Gas,Quarterly LDAR,-4.15,2530.0,70840.0,-218.29,-7.8,True
1917,Europe,France,Unconventional gas,Upstream,Gas,Vapour recovery units,-4.15,30.0,840.0,-218.29,-7.8,True
1918,Africa,Egypt,Downstream oil,Downstream,Oil,Quarterly LDAR,-4.15,890.0,24920.0,-218.29,-7.8,True
1919,Africa,Egypt,Downstream gas,Downstream,Gas,Quarterly LDAR,-4.15,22790.0,638120.0,-218.29,-7.8,True
1920,Africa,Algeria,Downstream gas,Downstream,Gas,Quarterly LDAR,-4.15,17490.0,489720.0,-218.29,-7.8,True
1921,Africa,Algeria,Downstream oil,Downstream,Oil,Quarterly LDAR,-4.15,500.0,14000.0,-218.29,-7.8,True
1922,Europe,Denmark,Offshore gas,Upstream,Gas,Vapour recovery units,-4.14,480.0,13440.0,-217.76,-7.78,True
1923,Asia Pacific,Indonesia,Onshore conventional gas,Upstream,Gas,Replace pumps,-4.14,2980.0,83440.0,-217.76,-7.78,True
1924,Africa,Morocco,Onshore conventional gas,Upstream,Gas,Vapour recovery units,-4.14,10.0,280.0,-217.76,-7.78,True
1925,Other,Other,Onshore conventional gas,Upstream,Gas,Vapour recovery units,-4.13,3330.0,93240.0,-217.24,-7.76,True
1926,Europe,Other EU17 countries,Offshore gas,Upstream,Gas,Replace with electric motor,-4.13,30.0,840.0,-217.24,-7.76,True
1927,Europe,Other countries in Europe,Offshore gas,Upstream,Gas,Other,-4.12,30.0,840.0,-216.71,-7.74,True
1928,Europe,Italy,Onshore conventional gas,Upstream,Gas,Replace with electric motor,-4.12,160.0,4480.0,-216.71,-7.74,True
1929,Asia Pacific,China,Onshore conventional gas,Upstream,Gas,Replace with electric motor,-4.12,29180.0,817040.0,-216.71,-7.74,True
1930,Other,Other,Downstream oil,Downstream,Oil,Quarterly LDAR,-4.11,220.0,6160.0,-216.19,-7.72,True
1931,Europe,Netherlands,Downstream gas,Downstream,Gas,Biannual LDAR,-4.11,470.0,13160.0,-216.19,-7.72,True
1932,Europe,Netherlands,Downstream oil,Downstream,Oil,Biannual LDAR,-4.11,20.0,560.0,-216.19,-7.72,True
1933,Europe,Netherlands,Onshore conventional oil,Upstream,Oil,Replace with electric motor,-4.11,20.0,560.0,-216.19,-7.72,True
1934,Other,Other,Downstream gas,Downstream,Gas,Quarterly LDAR,-4.11,4930.0,138040.0,-216.19,-7.72,True
1935,Asia Pacific,Malaysia,Onshore conventional oil,Upstream,Oil,Replace pumps,-4.1,1110.0,31080.0,-215.66,-7.7,True
1936,Europe,Other EU17 countries,Onshore conventional gas,Upstream,Gas,Replace with electric motor,-4.1,1010.0,28280.0,-215.66,-7.7,True
1937,Asia Pacific,China,Unconventional gas,Upstream,Gas,Replace with electric motor,-4.1,56510.0,1582280.0,-215.66,-7.7,True
1938,Central and South America,Cuba,Offshore oil,Upstream,Oil,Vapour recovery units,-4.1,1300.0,36400.0,-215.66,-7.7,True
1939,Central and South America,Bolivia,Onshore conventional gas,Upstream,Gas,Vapour recovery units,-4.1,1740.0,48720.0,-215.66,-7.7,True
1940,Europe,Israel,Onshore conventional oil,Upstream,Oil,Replace with electric motor,-4.1,350.0,9800.0,-215.66,-7.7,True
1941,Asia Pacific,India,Offshore gas,Upstream,Gas,Vapour recovery units,-4.1,42460.0,1188880.0,-215.66,-7.7,True
1942,Asia Pacific,Australia,Onshore conventional gas,Upstream,Gas,Vapour recovery units,-4.09,300.0,8400.0,-215.13,-7.68,True
1943,Asia Pacific,Brunei,Offshore oil,Upstream,Oil,Vapour recovery units,-4.09,3510.0,98280.0,-215.13,-7.68,True
1944,Europe,Other EU17 countries,Unconventional gas,Upstream,Gas,Replace with electric motor,-4.09,180.0,5040.0,-215.13,-7.68,True
1945,Asia Pacific,Thailand,Offshore gas,Upstream,Gas,Associated gas utilisation,-4.09,45770.0,1281560.0,-215.13,-7.68,True
1946,Europe,Other countries in Europe,Downstream gas,Downstream,Gas,Annual LDAR,-4.08,1340.0,37520.0,-214.61,-7.66,True
1947,Europe,Other countries in Europe,Downstream oil,Downstream,Oil,Annual LDAR,-4.08,60.0,1680.0,-214.61,-7.66,True
1948,Asia Pacific,New Zealand,Onshore conventional oil,Upstream,Oil,Replace pumps,-4.08,80.0,2240.0,-214.61,-7.66,True
1949,Asia Pacific,Philippines,Offshore oil,Upstream,Oil,Associated gas utilisation,-4.05,1130.0,31640.0,-213.03,-7.61,True
1950,Europe,Denmark,Downstream oil,Downstream,Oil,Annual LDAR,-4.05,10.0,280.0,-213.03,-7.61,True
1951,Europe,Denmark,Downstream gas,Downstream,Gas,Annual LDAR,-4.05,80.0,2240.0,-213.03,-7.61,True
1952,Europe,Germany,Onshore conventional gas,Upstream,Gas,Replace with electric motor,-4.05,550.0,15400.0,-213.03,-7.61,True
1953,Central and South America,Guyana,Downstream oil,Downstream,Oil,Quarterly LDAR,-4.04,10.0,280.0,-212.5,-7.59,True
1954,Africa,Egypt,Offshore gas,Upstream,Gas,Quarterly LDAR,-4.04,13230.0,370440.0,-212.5,-7.59,True
1955,Africa,Egypt,Offshore oil,Upstream,Oil,Quarterly LDAR,-4.04,6300.0,176400.0,-212.5,-7.59,True
1956,Central and South America,Ecuador,Downstream gas,Downstream,Gas,Quarterly LDAR,-4.04,180.0,5040.0,-212.5,-7.59,True
1957,Central and South America,Ecuador,Downstream oil,Downstream,Oil,Quarterly LDAR,-4.04,360.0,10080.0,-212.5,-7.59,True
1958,Africa,Libya,Offshore gas,Upstream,Gas,Quarterly LDAR,-4.04,1220.0,34160.0,-212.5,-7.59,True
1959,Africa,Libya,Offshore oil,Upstream,Oil,Quarterly LDAR,-4.04,1030.0,28840.0,-212.5,-7.59,True
1960,Russia & Caspian,Kazakhstan,Offshore oil,Upstream,Oil,Vapour recovery units,-4.04,17590.0,492520.0,-212.5,-7.59,True
1961,Central and South America,Cuba,Downstream oil,Downstream,Oil,Quarterly LDAR,-4.04,90.0,2520.0,-212.5,-7.59,True
1962,Central and South America,Cuba,Downstream gas,Downstream,Gas,Quarterly LDAR,-4.04,400.0,11200.0,-212.5,-7.59,True
1963,Asia Pacific,Brunei,Offshore gas,Upstream,Gas,Associated gas utilisation,-4.04,5590.0,156520.0,-212.5,-7.59,True
1964,Central and South America,Argentina,Downstream oil,Downstream,Oil,Quarterly LDAR,-4.04,650.0,18200.0,-212.5,-7.59,True
1965,Central and South America,Argentina,Downstream gas,Downstream,Gas,Quarterly LDAR,-4.04,18320.0,512960.0,-212.5,-7.59,True
1966,Central and South America,Bolivia,Downstream oil,Downstream,Oil,Quarterly LDAR,-4.04,280.0,7840.0,-212.5,-7.59,True
1967,Central and South America,Bolivia,Downstream gas,Downstream,Gas,Quarterly LDAR,-4.04,3440.0,96320.0,-212.5,-7.59,True
1968,Central and South America,Trinidad and Tobago,Downstream gas,Downstream,Gas,Quarterly LDAR,-4.04,4950.0,138600.0,-212.5,-7.59,True
1969,Africa,Tunisia,Offshore oil,Upstream,Oil,Quarterly LDAR,-4.04,300.0,8400.0,-212.5,-7.59,True
1970,Africa,Tunisia,Offshore gas,Upstream,Gas,Quarterly LDAR,-4.04,310.0,8680.0,-212.5,-7.59,True
1971,Central and South America,Trinidad and Tobago,Downstream oil,Downstream,Oil,Quarterly LDAR,-4.04,40.0,1120.0,-212.5,-7.59,True
1972,Europe,United Kingdom,Offshore gas,Upstream,Gas,Biannual LDAR,-4.04,580.0,16240.0,-212.5,-7.59,True
1973,Europe,United Kingdom,Offshore oil,Upstream,Oil,Biannual LDAR,-4.04,860.0,24080.0,-212.5,-7.59,True
1974,Other,Other,Downstream gas,Downstream,Gas,Quarterly LDAR,-4.04,1710.0,47880.0,-212.5,-7.59,True
1975,Other,Other,Downstream oil,Downstream,Oil,Quarterly LDAR,-4.04,460.0,12880.0,-212.5,-7.59,True
1976,Central and South America,Peru,Downstream oil,Downstream,Oil,Quarterly LDAR,-4.04,230.0,6440.0,-212.5,-7.59,True
1977,Central and South America,Peru,Downstream gas,Downstream,Gas,Quarterly LDAR,-4.04,3280.0,91840.0,-212.5,-7.59,True
1978,Central and South America,Venezuela,Downstream oil,Downstream,Oil,Quarterly LDAR,-4.04,1040.0,29120.0,-212.5,-7.59,True
1979,Central and South America,Venezuela,Downstream gas,Downstream,Gas,Quarterly LDAR,-4.04,14240.0,398720.0,-212.5,-7.59,True
1980,Central and South America,Uruguay,Downstream oil,Downstream,Oil,Quarterly LDAR,-4.04,20.0,560.0,-212.5,-7.59,True
1981,Central and South America,Uruguay,Downstream gas,Downstream,Gas,Quarterly LDAR,-4.04,60.0,1680.0,-212.5,-7.59,True
1982,Asia Pacific,Viet Nam,Offshore gas,Upstream,Gas,Associated gas utilisation,-4.03,4820.0,134960.0,-211.98,-7.57,True
1983,Asia Pacific,Other countries in Southeast Asia,Offshore gas,Upstream,Gas,Associated gas utilisation,-4.03,15760.0,441280.0,-211.98,-7.57,True
1984,Europe,United Kingdom,Unconventional gas,Upstream,Gas,Vapour recovery units,-4.03,90.0,2520.0,-211.98,-7.57,True
1985,Middle East,Bahrain,Onshore conventional gas,Upstream,Gas,Vapour recovery units,-4.03,4740.0,132720.0,-211.98,-7.57,True
1986,Europe,Denmark,Offshore gas,Upstream,Gas,Other,-4.03,10.0,280.0,-211.98,-7.57,True
1987,Asia Pacific,India,Offshore gas,Upstream,Gas,Other,-4.02,1280.0,35840.0,-211.45,-7.55,True
1988,Europe,Germany,Unconventional gas,Upstream,Gas,Replace with electric motor,-4.02,110.0,3080.0,-211.45,-7.55,True
1989,Asia Pacific,China,Offshore gas,Upstream,Gas,Associated gas utilisation,-4.01,24010.0,672280.0,-210.93,-7.53,True
1990,Europe,Romania,Offshore gas,Upstream,Gas,Replace with electric motor,-4.01,200.0,5600.0,-210.93,-7.53,True
1991,Other,Other,Offshore oil,Upstream,Oil,Quarterly LDAR,-4.01,10.0,280.0,-210.93,-7.53,True
1992,Other,Other,Offshore gas,Upstream,Gas,Quarterly LDAR,-4.01,190.0,5320.0,-210.93,-7.53,True
1993,Asia Pacific,Malaysia,Offshore gas,Upstream,Gas,Replace with electric motor,-4.0,4480.0,125440.0,-210.4,-7.51,True
1994,Africa,Mozambique,Offshore gas,Upstream,Gas,Vapour recovery units,-4.0,6200.0,173600.0,-210.4,-7.51,True
1995,Russia & Caspian,Azerbaijan,Offshore gas,Upstream,Gas,Vapour recovery units,-3.99,15840.0,443520.0,-209.87,-7.5,True
1996,Asia Pacific,India,Offshore oil,Upstream,Oil,Vapour recovery units,-3.99,80350.0,2249800.0,-209.87,-7.5,True
1997,Central and South America,Paraguay,Downstream oil,Downstream,Oil,Quarterly LDAR,-3.98,20.0,560.0,-209.35,-7.48,True
1998,Africa,Nigeria,Onshore conventional gas,Upstream,Gas,Vapour recovery units,-3.97,9910.0,277480.0,-208.82,-7.46,True
1999,Asia Pacific,Indonesia,Offshore gas,Upstream,Gas,Quarterly LDAR,-3.97,18310.0,512680.0,-208.82,-7.46,True
2000,Europe,France,Unconventional gas,Upstream,Gas,Replace with electric motor,-3.97,10.0,280.0,-208.82,-7.46,True
2001,Asia Pacific,Indonesia,Offshore oil,Upstream,Oil,Quarterly LDAR,-3.97,3720.0,104160.0,-208.82,-7.46,True
2002,Russia & Caspian,Azerbaijan,Offshore oil,Upstream,Oil,Vapour recovery units,-3.97,28180.0,789040.0,-208.82,-7.46,True
2003,Asia Pacific,China,Offshore gas,Upstream,Gas,Replace with electric motor,-3.96,1230.0,34440.0,-208.3,-7.44,True
2004,Russia & Caspian,Turkmenistan,Offshore gas,Upstream,Gas,Vapour recovery units,-3.96,13690.0,383320.0,-208.3,-7.44,True
2005,Europe,Other countries in Europe,Downstream oil,Downstream,Oil,Biannual LDAR,-3.95,190.0,5320.0,-207.77,-7.42,True
2006,Europe,Other countries in Europe,Downstream gas,Downstream,Gas,Biannual LDAR,-3.95,4020.0,112560.0,-207.77,-7.42,True
2007,Asia Pacific,Australia,Onshore conventional oil,Upstream,Oil,Continuous LDAR,-3.95,410.0,11480.0,-207.77,-7.42,True
2008,Asia Pacific,Australia,Unconventional gas,Upstream,Gas,Continuous LDAR,-3.95,11230.0,314440.0,-207.77,-7.42,True
2009,Asia Pacific,Australia,Onshore conventional gas,Upstream,Gas,Continuous LDAR,-3.95,570.0,15960.0,-207.77,-7.42,True
2010,Europe,Italy,Downstream gas,Downstream,Gas,Replace with electric motor,-3.95,8600.0,240800.0,-207.77,-7.42,True
2011,Russia & Caspian,Kazakhstan,Offshore gas,Upstream,Gas,Vapour recovery units,-3.95,1900.0,53200.0,-207.77,-7.42,True
2012,Europe,Other EU7 countries,Onshore conventional oil,Upstream,Oil,Replace with electric motor,-3.94,510.0,14280.0,-207.24,-7.4,True
2013,Europe,Other EU17 countries,Offshore oil,Upstream,Oil,Replace with electric motor,-3.94,10.0,280.0,-207.24,-7.4,True
2014,Africa,Mozambique,Offshore gas,Upstream,Gas,Other,-3.94,190.0,5320.0,-207.24,-7.4,True
2015,Europe,Other EU17 countries,Downstream gas,Downstream,Gas,Replace with electric motor,-3.93,12350.0,345800.0,-206.72,-7.38,True
2016,Russia & Caspian,Turkmenistan,Offshore oil,Upstream,Oil,Replace compressor seal or rod,-3.93,40.0,1120.0,-206.72,-7.38,True
2017,Russia & Caspian,Azerbaijan,Offshore gas,Upstream,Gas,Other,-3.93,480.0,13440.0,-206.72,-7.38,True
2018,Europe,Slovenia,Downstream oil,Downstream,Oil,Quarterly LDAR,-3.92,10.0,280.0,-206.19,-7.36,True
2019,Europe,Slovenia,Downstream gas,Downstream,Gas,Quarterly LDAR,-3.92,270.0,7560.0,-206.19,-7.36,True
2020,Russia & Caspian,Russia,Satellite - upstream,Upstream,Gas,Daily LDAR,-3.9,76800.0,2150400.0,-205.14,-7.33,True
2021,Russia & Caspian,Turkmenistan,Offshore gas,Upstream,Gas,Other,-3.9,410.0,11480.0,-205.14,-7.33,True
2022,Russia & Caspian,Azerbaijan,Downstream oil,Downstream,Oil,Continuous LDAR,-3.9,60.0,1680.0,-205.14,-7.33,True
2023,Russia & Caspian,Azerbaijan,Downstream gas,Downstream,Gas,Continuous LDAR,-3.9,1880.0,52640.0,-205.14,-7.33,True
2024,Central and South America,Brazil,Offshore gas,Upstream,Gas,Replace with electric motor,-3.9,880.0,24640.0,-205.14,-7.33,True
2025,Europe,Denmark,Downstream oil,Downstream,Oil,Biannual LDAR,-3.9,20.0,560.0,-205.14,-7.33,True
2026,Europe,Denmark,Downstream gas,Downstream,Gas,Biannual LDAR,-3.9,230.0,6440.0,-205.14,-7.33,True
2027,Africa,Democratic Republic of Congo,Downstream oil,Downstream,Oil,Continuous LDAR,-3.89,10.0,280.0,-204.61,-7.31,True
2028,Africa,Cote d'Ivoire,Downstream oil,Downstream,Oil,Continuous LDAR,-3.89,30.0,840.0,-204.61,-7.31,True
2029,Africa,Congo,Downstream oil,Downstream,Oil,Continuous LDAR,-3.89,60.0,1680.0,-204.61,-7.31,True
2030,Africa,Congo,Downstream gas,Downstream,Gas,Continuous LDAR,-3.89,260.0,7280.0,-204.61,-7.31,True
2031,Africa,Cote d'Ivoire,Downstream gas,Downstream,Gas,Continuous LDAR,-3.89,370.0,10360.0,-204.61,-7.31,True
2032,Africa,Cameroon,Downstream gas,Downstream,Gas,Continuous LDAR,-3.89,110.0,3080.0,-204.61,-7.31,True
2033,Africa,Cameroon,Downstream oil,Downstream,Oil,Continuous LDAR,-3.89,40.0,1120.0,-204.61,-7.31,True
2034,Africa,Benin,Downstream oil,Downstream,Oil,Continuous LDAR,-3.89,20.0,560.0,-204.61,-7.31,True
2035,Africa,Benin,Downstream gas,Downstream,Gas,Continuous LDAR,-3.89,30.0,840.0,-204.61,-7.31,True
2036,Africa,Angola,Downstream oil,Downstream,Oil,Continuous LDAR,-3.89,30.0,840.0,-204.61,-7.31,True
2037,Africa,Angola,Downstream gas,Downstream,Gas,Continuous LDAR,-3.89,90.0,2520.0,-204.61,-7.31,True
2038,Russia & Caspian,Kazakhstan,Offshore gas,Upstream,Gas,Other,-3.89,60.0,1680.0,-204.61,-7.31,True
2039,Africa,Kenya,Downstream oil,Downstream,Oil,Continuous LDAR,-3.89,40.0,1120.0,-204.61,-7.31,True
2040,Africa,Gabon,Downstream gas,Downstream,Gas,Continuous LDAR,-3.89,150.0,4200.0,-204.61,-7.31,True
2041,Africa,Ethiopia,Downstream oil,Downstream,Oil,Continuous LDAR,-3.89,30.0,840.0,-204.61,-7.31,True
2042,Africa,Equatorial Guinea,Downstream gas,Downstream,Gas,Continuous LDAR,-3.89,490.0,13720.0,-204.61,-7.31,True
2043,Africa,Ghana,Downstream gas,Downstream,Gas,Continuous LDAR,-3.89,620.0,17360.0,-204.61,-7.31,True
2044,Africa,Ghana,Downstream oil,Downstream,Oil,Continuous LDAR,-3.89,30.0,840.0,-204.61,-7.31,True
2045,Africa,Gabon,Downstream oil,Downstream,Oil,Continuous LDAR,-3.89,40.0,1120.0,-204.61,-7.31,True
2046,Africa,Togo,Downstream oil,Downstream,Oil,Continuous LDAR,-3.89,10.0,280.0,-204.61,-7.31,True
2047,Africa,Togo,Downstream gas,Downstream,Gas,Continuous LDAR,-3.89,30.0,840.0,-204.61,-7.31,True
2048,Africa,Tanzania,Downstream oil,Downstream,Oil,Continuous LDAR,-3.89,40.0,1120.0,-204.61,-7.31,True
2049,Africa,Tanzania,Downstream gas,Downstream,Gas,Continuous LDAR,-3.89,440.0,12320.0,-204.61,-7.31,True
2050,Europe,Poland,Offshore oil,Upstream,Oil,Other,-3.89,10.0,280.0,-204.61,-7.31,True
2051,Europe,Slovenia,Downstream oil,Downstream,Oil,Vapour recovery units,-3.89,40.0,1120.0,-204.61,-7.31,True
2052,Africa,South Sudan,Downstream oil,Downstream,Oil,Continuous LDAR,-3.89,10.0,280.0,-204.61,-7.31,True
2053,Africa,Sudan,Downstream oil,Downstream,Oil,Continuous LDAR,-3.89,110.0,3080.0,-204.61,-7.31,True
2054,Africa,Senegal,Downstream oil,Downstream,Oil,Continuous LDAR,-3.89,20.0,560.0,-204.61,-7.31,True
2055,Other,Other,Downstream oil,Downstream,Oil,Continuous LDAR,-3.89,10.0,280.0,-204.61,-7.31,True
2056,Other,Other,Downstream oil,Downstream,Oil,Continuous LDAR,-3.89,90.0,2520.0,-204.61,-7.31,True
2057,Other,Other,Downstream oil,Downstream,Oil,Continuous LDAR,-3.89,30.0,840.0,-204.61,-7.31,True
2058,Other,Other,Downstream oil,Downstream,Oil,Continuous LDAR,-3.89,10.0,280.0,-204.61,-7.31,True
2059,Africa,Mozambique,Downstream oil,Downstream,Oil,Continuous LDAR,-3.89,20.0,560.0,-204.61,-7.31,True
2060,Africa,Mozambique,Downstream gas,Downstream,Gas,Continuous LDAR,-3.89,300.0,8400.0,-204.61,-7.31,True
2061,Africa,Namibia,Downstream oil,Downstream,Oil,Continuous LDAR,-3.89,10.0,280.0,-204.61,-7.31,True
2062,Africa,Nigeria,Downstream oil,Downstream,Oil,Continuous LDAR,-3.89,340.0,9520.0,-204.61,-7.31,True
2063,Africa,Nigeria,Downstream gas,Downstream,Gas,Continuous LDAR,-3.89,3960.0,110880.0,-204.61,-7.31,True
2064,Africa,Niger,Downstream gas,Downstream,Gas,Continuous LDAR,-3.89,10.0,280.0,-204.61,-7.31,True
2065,Africa,Niger,Downstream oil,Downstream,Oil,Continuous LDAR,-3.89,40.0,1120.0,-204.61,-7.31,True
2066,Asia Pacific,Malaysia,Offshore oil,Upstream,Oil,Associated gas utilisation,-3.88,66050.0,1849400.0,-204.09,-7.29,True
2067,Europe,Other EU7 countries,Onshore conventional gas,Upstream,Gas,Install plunger,-3.87,20.0,560.0,-203.56,-7.27,True
2068,Asia Pacific,India,Unconventional gas,Upstream,Gas,Vapour recovery units,-3.87,5460.0,152880.0,-203.56,-7.27,True
2069,Africa,Congo,Offshore oil,Upstream,Oil,Replace compressor seal or rod,-3.87,30.0,840.0,-203.56,-7.27,True
2070,Central and South America,Colombia,Downstream oil,Downstream,Oil,Continuous LDAR,-3.87,380.0,10640.0,-203.56,-7.27,True
2071,Central and South America,Colombia,Downstream gas,Downstream,Gas,Continuous LDAR,-3.87,4500.0,126000.0,-203.56,-7.27,True
2072,Middle East,Saudi Arabia,Offshore oil,Upstream,Oil,Vapour recovery units,-3.86,94370.0,2642360.0,-203.04,-7.25,True
2073,Central and South America,Trinidad and Tobago,Offshore gas,Upstream,Gas,Quarterly LDAR,-3.85,8910.0,249480.0,-202.51,-7.23,True
2074,Central and South America,Trinidad and Tobago,Offshore oil,Upstream,Oil,Quarterly LDAR,-3.85,1050.0,29400.0,-202.51,-7.23,True
2075,Central and South America,Peru,Offshore gas,Upstream,Gas,Quarterly LDAR,-3.85,130.0,3640.0,-202.51,-7.23,True
2076,Central and South America,Peru,Offshore oil,Upstream,Oil,Quarterly LDAR,-3.85,120.0,3360.0,-202.51,-7.23,True
2077,Asia Pacific,Other countries in Southeast Asia,Onshore conventional gas,Upstream,Gas,Replace with electric motor,-3.85,150.0,4200.0,-202.51,-7.23,True
2078,Asia Pacific,Malaysia,Downstream gas,Downstream,Gas,Replace with electric motor,-3.85,15360.0,430080.0,-202.51,-7.23,True
2079,Central and South America,Cuba,Offshore oil,Upstream,Oil,Quarterly LDAR,-3.85,430.0,12040.0,-202.51,-7.23,True
2080,Central and South America,Argentina,Offshore gas,Upstream,Gas,Quarterly LDAR,-3.85,3590.0,100520.0,-202.51,-7.23,True
2081,Central and South America,Argentina,Offshore oil,Upstream,Oil,Quarterly LDAR,-3.85,880.0,24640.0,-202.51,-7.23,True
2082,Central and South America,Brazil,Onshore conventional gas,Upstream,Gas,Replace with electric motor,-3.85,4610.0,129080.0,-202.51,-7.23,True
2083,Central and South America,Guyana,Offshore oil,Upstream,Oil,Quarterly LDAR,-3.85,7120.0,199360.0,-202.51,-7.23,True
2084,Central and South America,Ecuador,Offshore oil,Upstream,Oil,Quarterly LDAR,-3.85,180.0,5040.0,-202.51,-7.23,True
2085,Central and South America,Ecuador,Offshore gas,Upstream,Gas,Quarterly LDAR,-3.85,170.0,4760.0,-202.51,-7.23,True
2086,Central and South America,Venezuela,Offshore oil,Upstream,Oil,Quarterly LDAR,-3.85,7660.0,214480.0,-202.51,-7.23,True
2087,Central and South America,Venezuela,Offshore gas,Upstream,Gas,Quarterly LDAR,-3.85,5940.0,166320.0,-202.51,-7.23,True
2088,Russia & Caspian,Uzbekistan,Downstream oil,Downstream,Oil,Quarterly LDAR,-3.84,350.0,9800.0,-201.98,-7.21,True
2089,Russia & Caspian,Uzbekistan,Downstream gas,Downstream,Gas,Quarterly LDAR,-3.84,63210.0,1769880.0,-201.98,-7.21,True
2090,Middle East,Yemen,Downstream oil,Downstream,Oil,Quarterly LDAR,-3.84,600.0,16800.0,-201.98,-7.21,True
2091,Africa,Gabon,Offshore gas,Upstream,Gas,Vapour recovery units,-3.84,150.0,4200.0,-201.98,-7.21,True
2092,Middle East,Jordan,Downstream oil,Downstream,Oil,Quarterly LDAR,-3.84,60.0,1680.0,-201.98,-7.21,True
2093,Middle East,Jordan,Downstream gas,Downstream,Gas,Quarterly LDAR,-3.84,1950.0,54600.0,-201.98,-7.21,True
2094,Middle East,Lebanon,Downstream oil,Downstream,Oil,Quarterly LDAR,-3.84,60.0,1680.0,-201.98,-7.21,True
2095,Middle East,Kuwait,Downstream gas,Downstream,Gas,Quarterly LDAR,-3.84,5990.0,167720.0,-201.98,-7.21,True
2096,Middle East,Kuwait,Downstream oil,Downstream,Oil,Quarterly LDAR,-3.84,200.0,5600.0,-201.98,-7.21,True
2097,Middle East,Iraq,Downstream oil,Downstream,Oil,Quarterly LDAR,-3.84,430.0,12040.0,-201.98,-7.21,True
2098,Middle East,Iran,Downstream gas,Downstream,Gas,Quarterly LDAR,-3.84,66190.0,1853320.0,-201.98,-7.21,True
2099,Middle East,Iran,Downstream oil,Downstream,Oil,Quarterly LDAR,-3.84,1160.0,32480.0,-201.98,-7.21,True
2100,Middle East,Iraq,Downstream gas,Downstream,Gas,Quarterly LDAR,-3.84,3510.0,98280.0,-201.98,-7.21,True
2101,Middle East,Bahrain,Downstream gas,Downstream,Gas,Quarterly LDAR,-3.84,5020.0,140560.0,-201.98,-7.21,True
2102,Middle East,Bahrain,Downstream oil,Downstream,Oil,Quarterly LDAR,-3.84,30.0,840.0,-201.98,-7.21,True
2103,Middle East,Oman,Offshore oil,Upstream,Oil,Vapour recovery units,-3.84,140.0,3920.0,-201.98,-7.21,True
2104,Middle East,Oman,Downstream oil,Downstream,Oil,Quarterly LDAR,-3.84,200.0,5600.0,-201.98,-7.21,True
2105,Middle East,Oman,Downstream gas,Downstream,Gas,Quarterly LDAR,-3.84,8410.0,235480.0,-201.98,-7.21,True
2106,Middle East,United Arab Emirates,Downstream oil,Downstream,Oil,Quarterly LDAR,-3.84,290.0,8120.0,-201.98,-7.21,True
2107,Middle East,United Arab Emirates,Downstream gas,Downstream,Gas,Quarterly LDAR,-3.84,10480.0,293440.0,-201.98,-7.21,True
2108,Middle East,Saudi Arabia,Downstream oil,Downstream,Oil,Quarterly LDAR,-3.84,690.0,19320.0,-201.98,-7.21,True
2109,Middle East,Saudi Arabia,Downstream gas,Downstream,Gas,Quarterly LDAR,-3.84,12520.0,350560.0,-201.98,-7.21,True
2110,Middle East,Syria,Downstream oil,Downstream,Oil,Quarterly LDAR,-3.84,630.0,17640.0,-201.98,-7.21,True
2111,Middle East,Syria,Downstream gas,Downstream,Gas,Quarterly LDAR,-3.84,7560.0,211680.0,-201.98,-7.21,True
2112,Europe,Poland,Unconventional gas,Upstream,Gas,Install plunger,-3.84,20.0,560.0,-201.98,-7.21,True
2113,Middle East,Qatar,Downstream gas,Downstream,Gas,Quarterly LDAR,-3.84,9680.0,271040.0,-201.98,-7.21,True
2114,Europe,Poland,Onshore conventional gas,Upstream,Gas,Install plunger,-3.84,100.0,2800.0,-201.98,-7.21,True
2115,Middle East,Qatar,Downstream oil,Downstream,Oil,Quarterly LDAR,-3.84,130.0,3640.0,-201.98,-7.21,True
2116,Europe,Poland,Onshore conventional oil,Upstream,Oil,Other,-3.83,150.0,4200.0,-201.46,-7.2,True
2117,Central and South America,Brazil,Offshore oil,Upstream,Oil,Associated gas utilisation,-3.83,278360.0,7794080.0,-201.46,-7.2,True
2118,Africa,South Africa,Onshore conventional oil,Upstream,Oil,Associated gas utilisation,-3.81,1110.0,31080.0,-200.41,-7.16,True
2119,Europe,Poland,Downstream oil,Downstream,Oil,Continuous LDAR,-3.8,100.0,2800.0,-199.88,-7.14,True
2120,Europe,Poland,Downstream gas,Downstream,Gas,Continuous LDAR,-3.8,2310.0,64680.0,-199.88,-7.14,True
2121,Europe,Romania,Downstream gas,Downstream,Gas,Replace with electric motor,-3.8,5140.0,143920.0,-199.88,-7.14,True
2122,Asia Pacific,China,Downstream gas,Downstream,Gas,Replace with electric motor,-3.8,96030.0,2688840.0,-199.88,-7.14,True
2123,Middle East,Qatar,Offshore oil,Upstream,Oil,Vapour recovery units,-3.79,63870.0,1788360.0,-199.35,-7.12,True
2124,Asia Pacific,Philippines,Offshore gas,Upstream,Gas,Replace with electric motor,-3.79,90.0,2520.0,-199.35,-7.12,True
2125,Russia & Caspian,Turkmenistan,Downstream oil,Downstream,Oil,Continuous LDAR,-3.79,240.0,6720.0,-199.35,-7.12,True
2126,Russia & Caspian,Turkmenistan,Downstream gas,Downstream,Gas,Continuous LDAR,-3.79,27140.0,759920.0,-199.35,-7.12,True
2127,Other,Other,Downstream gas,Downstream,Gas,Continuous LDAR,-3.79,1580.0,44240.0,-199.35,-7.12,True
2128,Other,Other,Downstream oil,Downstream,Oil,Continuous LDAR,-3.79,140.0,3920.0,-199.35,-7.12,True
2129,Europe,Romania,Offshore oil,Upstream,Oil,Vapour recovery units,-3.77,1050.0,29400.0,-198.3,-7.08,True
2130,Europe,Italy,Offshore oil,Upstream,Oil,Continuous LDAR,-3.77,50.0,1400.0,-198.3,-7.08,True
2131,Europe,Italy,Offshore gas,Upstream,Gas,Continuous LDAR,-3.77,120.0,3360.0,-198.3,-7.08,True
2132,Asia Pacific,Japan,Onshore conventional gas,Upstream,Gas,Install plunger,-3.77,70.0,1960.0,-198.3,-7.08,True
2133,Europe,Estonia,Onshore conventional oil,Upstream,Oil,Replace with electric motor,-3.77,540.0,15120.0,-198.3,-7.08,True
2134,Asia Pacific,Japan,Offshore gas,Upstream,Gas,Quarterly LDAR,-3.76,30.0,840.0,-197.78,-7.06,True
2135,Asia Pacific,Indonesia,Offshore gas,Upstream,Gas,Vapour recovery units,-3.76,32560.0,911680.0,-197.78,-7.06,True
2136,Asia Pacific,Japan,Offshore oil,Upstream,Oil,Quarterly LDAR,-3.76,10.0,280.0,-197.78,-7.06,True
2137,Africa,Angola,Onshore conventional gas,Upstream,Gas,Vapour recovery units,-3.75,270.0,7560.0,-197.25,-7.04,True
2138,Africa,Mozambique,Offshore oil,Upstream,Oil,Associated gas utilisation,-3.75,6180.0,173040.0,-197.25,-7.04,True
2139,Africa,Mozambique,Offshore gas,Upstream,Gas,Associated gas utilisation,-3.75,9780.0,273840.0,-197.25,-7.04,True
2140,Other,Other,Offshore oil,Upstream,Oil,Associated gas utilisation,-3.74,130.0,3640.0,-196.72,-7.03,True
2141,Europe,Poland,Unconventional gas,Upstream,Gas,Other,-3.74,80.0,2240.0,-196.72,-7.03,True
2142,Russia & Caspian,Azerbaijan,Offshore gas,Upstream,Gas,Associated gas utilisation,-3.73,24960.0,698880.0,-196.2,-7.01,True
2143,Europe,Israel,Offshore gas,Upstream,Gas,Replace with electric motor,-3.72,400.0,11200.0,-195.67,-6.99,True
2144,Europe,Germany,Offshore oil,Upstream,Oil,Biannual LDAR,-3.72,30.0,840.0,-195.67,-6.99,True
2145,Europe,Germany,Offshore oil,Upstream,Oil,Replace with electric motor,-3.72,40.0,1120.0,-195.67,-6.99,True
2146,Asia Pacific,New Zealand,Offshore oil,Upstream,Oil,Continuous LDAR,-3.72,140.0,3920.0,-195.67,-6.99,True
2147,Asia Pacific,New Zealand,Offshore gas,Upstream,Gas,Continuous LDAR,-3.72,350.0,9800.0,-195.67,-6.99,True
2148,Asia Pacific,New Zealand,Offshore gas,Upstream,Gas,Vapour recovery units,-3.71,580.0,16240.0,-195.15,-6.97,True
2149,Africa,Morocco,Downstream oil,Downstream,Oil,Continuous LDAR,-3.71,40.0,1120.0,-195.15,-6.97,True
2150,Africa,Morocco,Downstream gas,Downstream,Gas,Continuous LDAR,-3.71,110.0,3080.0,-195.15,-6.97,True
2151,Asia Pacific,Other countries in Southeast Asia,Onshore conventional oil,Upstream,Oil,Replace with electric motor,-3.71,600.0,16800.0,-195.15,-6.97,True
2152,Africa,Tunisia,Downstream oil,Downstream,Oil,Continuous LDAR,-3.71,60.0,1680.0,-195.15,-6.97,True
2153,Africa,Tunisia,Downstream gas,Downstream,Gas,Continuous LDAR,-3.71,1130.0,31640.0,-195.15,-6.97,True
2154,Asia Pacific,Thailand,Offshore gas,Upstream,Gas,Replace with electric motor,-3.71,2340.0,65520.0,-195.15,-6.97,True
2155,Asia Pacific,Thailand,Onshore conventional oil,Upstream,Oil,Replace pumps,-3.71,2060.0,57680.0,-195.15,-6.97,True
2156,Africa,Egypt,Downstream oil,Downstream,Oil,Continuous LDAR,-3.71,400.0,11200.0,-195.15,-6.97,True
2157,Africa,Egypt,Downstream gas,Downstream,Gas,Continuous LDAR,-3.71,10330.0,289240.0,-195.15,-6.97,True
2158,Africa,Libya,Downstream gas,Downstream,Gas,Continuous LDAR,-3.71,1140.0,31920.0,-195.15,-6.97,True
2159,Africa,Libya,Downstream oil,Downstream,Oil,Continuous LDAR,-3.71,90.0,2520.0,-195.15,-6.97,True
2160,Central and South America,Brazil,Downstream gas,Downstream,Gas,Replace with electric motor,-3.71,9740.0,272720.0,-195.15,-6.97,True
2161,Africa,Algeria,Downstream oil,Downstream,Oil,Continuous LDAR,-3.71,230.0,6440.0,-195.15,-6.97,True
2162,Africa,Algeria,Downstream gas,Downstream,Gas,Continuous LDAR,-3.71,7930.0,222040.0,-195.15,-6.97,True
2163,Europe,Other countries in Europe,Onshore conventional oil,Upstream,Oil,Replace with electric motor,-3.7,3990.0,111720.0,-194.62,-6.95,True
2164,Other,Other,Downstream oil,Downstream,Oil,Replace with electric motor,-3.68,680.0,19040.0,-193.57,-6.91,True
2165,Russia & Caspian,Turkmenistan,Downstream oil,Downstream,Oil,Replace with electric motor,-3.68,1210.0,33880.0,-193.57,-6.91,True
2166,Russia & Caspian,Turkmenistan,Onshore conventional gas,Upstream,Gas,Replace pumps,-3.68,44140.0,1235920.0,-193.57,-6.91,True
2167,Middle East,Saudi Arabia,Offshore gas,Upstream,Gas,Vapour recovery units,-3.68,10560.0,295680.0,-193.57,-6.91,True
2168,Central and South America,Brazil,Downstream gas,Downstream,Gas,Other,-3.68,7910.0,221480.0,-193.57,-6.91,True
2169,Russia & Caspian,Azerbaijan,Downstream oil,Downstream,Oil,Replace with electric motor,-3.68,290.0,8120.0,-193.57,-6.91,True
2170,Asia Pacific,Brunei,Offshore gas,Upstream,Gas,Replace with electric motor,-3.68,290.0,8120.0,-193.57,-6.91,True
2171,Asia Pacific,Indonesia,Offshore gas,Upstream,Gas,Other,-3.68,980.0,27440.0,-193.57,-6.91,True
2172,Russia & Caspian,Kazakhstan,Downstream gas,Downstream,Gas,Continuous LDAR,-3.67,2710.0,75880.0,-193.04,-6.89,True
2173,Russia & Caspian,Kazakhstan,Downstream oil,Downstream,Oil,Replace with electric motor,-3.67,850.0,23800.0,-193.04,-6.89,True
2174,Russia & Caspian,Kazakhstan,Downstream oil,Downstream,Oil,Continuous LDAR,-3.67,170.0,4760.0,-193.04,-6.89,True
2175,Russia & Caspian,Kazakhstan,Onshore conventional gas,Upstream,Gas,Replace pumps,-3.67,1980.0,55440.0,-193.04,-6.89,True
2176,Asia Pacific,Thailand,Onshore conventional gas,Upstream,Gas,Replace with electric motor,-3.67,1490.0,41720.0,-193.04,-6.89,True
2177,Russia & Caspian,Turkmenistan,Offshore gas,Upstream,Gas,Associated gas utilisation,-3.67,21580.0,604240.0,-193.04,-6.89,True
2178,Other,Other,Downstream oil,Downstream,Oil,Quarterly LDAR,-3.67,680.0,19040.0,-193.04,-6.89,True
2179,Asia Pacific,Other countries in Southeast Asia,Offshore gas,Upstream,Gas,Replace with electric motor,-3.67,810.0,22680.0,-193.04,-6.89,True
2180,Europe,Other EU7 countries,Downstream gas,Downstream,Gas,Vapour recovery units,-3.67,30.0,840.0,-193.04,-6.89,True
2181,Other,Other,Downstream gas,Downstream,Gas,Quarterly LDAR,-3.67,10040.0,281120.0,-193.04,-6.89,True
2182,Asia Pacific,Viet Nam,Offshore gas,Upstream,Gas,Replace with electric motor,-3.67,250.0,7000.0,-193.04,-6.89,True
2183,Russia & Caspian,Uzbekistan,Downstream oil,Downstream,Oil,Replace with electric motor,-3.66,800.0,22400.0,-192.52,-6.88,True
2184,Central and South America,Cuba,Offshore oil,Upstream,Oil,Associated gas utilisation,-3.66,1900.0,53200.0,-192.52,-6.88,True
2185,Africa,Cote d'Ivoire,Downstream oil,Downstream,Oil,Replace with electric motor,-3.65,120.0,3360.0,-191.99,-6.86,True
2186,Africa,Democratic Republic of Congo,Downstream oil,Downstream,Oil,Replace with electric motor,-3.65,50.0,1400.0,-191.99,-6.86,True
2187,Africa,Congo,Downstream oil,Downstream,Oil,Replace with electric motor,-3.65,270.0,7560.0,-191.99,-6.86,True
2188,Africa,Cameroon,Downstream oil,Downstream,Oil,Replace with electric motor,-3.65,190.0,5320.0,-191.99,-6.86,True
2189,Africa,Botswana,Downstream oil,Downstream,Oil,Replace with electric motor,-3.65,40.0,1120.0,-191.99,-6.86,True
2190,Africa,Benin,Downstream oil,Downstream,Oil,Replace with electric motor,-3.65,230.0,6440.0,-191.99,-6.86,True
2191,Africa,Angola,Downstream oil,Downstream,Oil,Replace with electric motor,-3.65,150.0,4200.0,-191.99,-6.86,True
2192,Africa,Kenya,Downstream oil,Downstream,Oil,Replace with electric motor,-3.65,400.0,11200.0,-191.99,-6.86,True
2193,Africa,Ethiopia,Downstream oil,Downstream,Oil,Replace with electric motor,-3.65,310.0,8680.0,-191.99,-6.86,True
2194,Africa,Eritrea,Downstream oil,Downstream,Oil,Replace with electric motor,-3.65,40.0,1120.0,-191.99,-6.86,True
2195,Africa,Equatorial Guinea,Downstream oil,Downstream,Oil,Replace with electric motor,-3.65,40.0,1120.0,-191.99,-6.86,True
2196,Africa,Ghana,Downstream oil,Downstream,Oil,Replace with electric motor,-3.65,260.0,7280.0,-191.99,-6.86,True
2197,Africa,Gabon,Downstream oil,Downstream,Oil,Replace with electric motor,-3.65,220.0,6160.0,-191.99,-6.86,True
2198,Middle East,Oman,Offshore gas,Upstream,Gas,Vapour recovery units,-3.65,40.0,1120.0,-191.99,-6.86,True
2199,Africa,Niger,Downstream oil,Downstream,Oil,Replace with electric motor,-3.65,360.0,10080.0,-191.99,-6.86,True
2200,Africa,Nigeria,Downstream oil,Downstream,Oil,Replace with electric motor,-3.65,1700.0,47600.0,-191.99,-6.86,True
2201,Africa,Namibia,Downstream oil,Downstream,Oil,Replace with electric motor,-3.65,50.0,1400.0,-191.99,-6.86,True
2202,Other,Other,Downstream oil,Downstream,Oil,Replace with electric motor,-3.65,450.0,12600.0,-191.99,-6.86,True
2203,Other,Other,Downstream oil,Downstream,Oil,Replace with electric motor,-3.65,170.0,4760.0,-191.99,-6.86,True
2204,Other,Other,Downstream oil,Downstream,Oil,Replace with electric motor,-3.65,120.0,3360.0,-191.99,-6.86,True
2205,Other,Other,Downstream oil,Downstream,Oil,Replace with electric motor,-3.65,70.0,1960.0,-191.99,-6.86,True
2206,Africa,Togo,Downstream oil,Downstream,Oil,Replace with electric motor,-3.65,30.0,840.0,-191.99,-6.86,True
2207,Africa,Tanzania,Downstream oil,Downstream,Oil,Replace with electric motor,-3.65,190.0,5320.0,-191.99,-6.86,True
2208,Africa,Senegal,Downstream oil,Downstream,Oil,Replace with electric motor,-3.65,160.0,4480.0,-191.99,-6.86,True
2209,Asia Pacific,Philippines,Offshore oil,Upstream,Oil,Replace with electric motor,-3.65,60.0,1680.0,-191.99,-6.86,True
2210,Middle East,Qatar,Downstream oil,Downstream,Oil,Replace with electric motor,-3.64,290.0,8120.0,-191.46,-6.84,True
2211,Middle East,Saudi Arabia,Downstream oil,Downstream,Oil,Replace with electric motor,-3.64,1570.0,43960.0,-191.46,-6.84,True
2212,Africa,Senegal,Offshore oil,Upstream,Oil,Vapour recovery units,-3.64,6520.0,182560.0,-191.46,-6.84,True
2213,Middle East,Syria,Downstream oil,Downstream,Oil,Replace with electric motor,-3.64,1430.0,40040.0,-191.46,-6.84,True
2214,Asia Pacific,Thailand,Offshore oil,Upstream,Oil,Vapour recovery units,-3.64,25630.0,717640.0,-191.46,-6.84,True
2215,Middle East,United Arab Emirates,Downstream oil,Downstream,Oil,Replace with electric motor,-3.64,660.0,18480.0,-191.46,-6.84,True
2216,Middle East,Oman,Downstream oil,Downstream,Oil,Replace with electric motor,-3.64,450.0,12600.0,-191.46,-6.84,True
2217,Central and South America,Ecuador,Offshore gas,Upstream,Gas,Vapour recovery units,-3.64,310.0,8680.0,-191.46,-6.84,True
2218,Middle East,Jordan,Downstream oil,Downstream,Oil,Replace with electric motor,-3.64,250.0,7000.0,-191.46,-6.84,True
2219,Middle East,Lebanon,Downstream oil,Downstream,Oil,Replace with electric motor,-3.64,240.0,6720.0,-191.46,-6.84,True
2220,Middle East,Kuwait,Downstream oil,Downstream,Oil,Replace with electric motor,-3.64,460.0,12880.0,-191.46,-6.84,True
2221,Middle East,Iran,Downstream oil,Downstream,Oil,Replace with electric motor,-3.64,2620.0,73360.0,-191.46,-6.84,True
2222,Middle East,Iraq,Downstream oil,Downstream,Oil,Replace with electric motor,-3.64,980.0,27440.0,-191.46,-6.84,True
2223,Middle East,Bahrain,Downstream oil,Downstream,Oil,Replace with electric motor,-3.64,60.0,1680.0,-191.46,-6.84,True
2224,Middle East,Yemen,Downstream oil,Downstream,Oil,Replace with electric motor,-3.64,1350.0,37800.0,-191.46,-6.84,True
2225,Russia & Caspian,Uzbekistan,Onshore conventional gas,Upstream,Gas,Replace pumps,-3.63,24170.0,676760.0,-190.94,-6.82,True
2226,Asia Pacific,Brunei,Onshore conventional gas,Upstream,Gas,Replace with electric motor,-3.63,470.0,13160.0,-190.94,-6.82,True
2227,Asia Pacific,New Zealand,Offshore gas,Upstream,Gas,Other,-3.63,20.0,560.0,-190.94,-6.82,True
2228,Europe,Other EU17 countries,Offshore oil,Upstream,Oil,Continuous LDAR,-3.63,40.0,1120.0,-190.94,-6.82,True
2229,Europe,Other EU17 countries,Offshore gas,Upstream,Gas,Continuous LDAR,-3.63,220.0,6160.0,-190.94,-6.82,True
2230,Other,Other,Downstream oil,Downstream,Oil,Replace with electric motor,-3.62,1540.0,43120.0,-190.41,-6.8,True
2231,Middle East,Saudi Arabia,Offshore gas,Upstream,Gas,Other,-3.62,320.0,8960.0,-190.41,-6.8,True
2232,Asia Pacific,Philippines,Downstream gas,Downstream,Gas,Replace with electric motor,-3.62,700.0,19600.0,-190.41,-6.8,True
2233,Russia & Caspian,Kazakhstan,Offshore gas,Upstream,Gas,Associated gas utilisation,-3.62,3000.0,84000.0,-190.41,-6.8,True
2234,Asia Pacific,Viet Nam,Onshore conventional gas,Upstream,Gas,Replace with electric motor,-3.62,20.0,560.0,-190.41,-6.8,True
2235,Middle East,Qatar,Offshore gas,Upstream,Gas,Vapour recovery units,-3.6,93970.0,2631160.0,-189.36,-6.76,True
2236,Middle East,United Arab Emirates,Offshore gas,Upstream,Gas,Vapour recovery units,-3.6,8700.0,243600.0,-189.36,-6.76,True
2237,Europe,Netherlands,Offshore gas,Upstream,Gas,Replace with electric motor,-3.6,50.0,1400.0,-189.36,-6.76,True
2238,Middle East,Oman,Offshore oil,Upstream,Oil,Quarterly LDAR,-3.59,50.0,1400.0,-188.83,-6.74,True
2239,Other,Other,Downstream gas,Downstream,Gas,Continuous LDAR,-3.59,780.0,21840.0,-188.83,-6.74,True
2240,Middle East,Oman,Offshore gas,Upstream,Gas,Quarterly LDAR,-3.59,20.0,560.0,-188.83,-6.74,True
2241,Other,Other,Downstream oil,Downstream,Oil,Continuous LDAR,-3.59,210.0,5880.0,-188.83,-6.74,True
2242,Central and South America,Peru,Downstream oil,Downstream,Oil,Continuous LDAR,-3.59,100.0,2800.0,-188.83,-6.74,True
2243,Central and South America,Peru,Downstream gas,Downstream,Gas,Continuous LDAR,-3.59,1490.0,41720.0,-188.83,-6.74,True
2244,Middle East,United Arab Emirates,Offshore gas,Upstream,Gas,Quarterly LDAR,-3.59,4890.0,136920.0,-188.83,-6.74,True
2245,Middle East,United Arab Emirates,Offshore oil,Upstream,Oil,Quarterly LDAR,-3.59,28160.0,788480.0,-188.83,-6.74,True
2246,Central and South America,Trinidad and Tobago,Downstream gas,Downstream,Gas,Continuous LDAR,-3.59,2240.0,62720.0,-188.83,-6.74,True
2247,Central and South America,Trinidad and Tobago,Downstream oil,Downstream,Oil,Continuous LDAR,-3.59,20.0,560.0,-188.83,-6.74,True
2248,Middle East,Qatar,Offshore gas,Upstream,Gas,Quarterly LDAR,-3.59,52850.0,1479800.0,-188.83,-6.74,True
2249,Middle East,Qatar,Offshore oil,Upstream,Oil,Quarterly LDAR,-3.59,21100.0,590800.0,-188.83,-6.74,True
2250,Middle East,Saudi Arabia,Offshore gas,Upstream,Gas,Quarterly LDAR,-3.59,5940.0,166320.0,-188.83,-6.74,True
2251,Middle East,Saudi Arabia,Offshore oil,Upstream,Oil,Quarterly LDAR,-3.59,31180.0,873040.0,-188.83,-6.74,True
2252,Middle East,Kuwait,Offshore oil,Upstream,Oil,Quarterly LDAR,-3.59,2170.0,60760.0,-188.83,-6.74,True
2253,Middle East,Kuwait,Offshore gas,Upstream,Gas,Quarterly LDAR,-3.59,40.0,1120.0,-188.83,-6.74,True
2254,Middle East,Iran,Offshore oil,Upstream,Oil,Quarterly LDAR,-3.59,56220.0,1574160.0,-188.83,-6.74,True
2255,Middle East,Iran,Offshore gas,Upstream,Gas,Quarterly LDAR,-3.59,77690.0,2175320.0,-188.83,-6.74,True
2256,Central and South America,Ecuador,Downstream oil,Downstream,Oil,Continuous LDAR,-3.59,160.0,4480.0,-188.83,-6.74,True
2257,Central and South America,Ecuador,Downstream gas,Downstream,Gas,Continuous LDAR,-3.59,80.0,2240.0,-188.83,-6.74,True
2258,Central and South America,Guyana,Downstream oil,Downstream,Oil,Continuous LDAR,-3.59,10.0,280.0,-188.83,-6.74,True
2259,Asia Pacific,Brunei,Offshore oil,Upstream,Oil,Associated gas utilisation,-3.59,5130.0,143640.0,-188.83,-6.74,True
2260,Central and South America,Colombia,Downstream oil,Downstream,Oil,Replace with electric motor,-3.59,1910.0,53480.0,-188.83,-6.74,True
2261,Africa,Cote d'Ivoire,Offshore oil,Upstream,Oil,Vapour recovery units,-3.59,1810.0,50680.0,-188.83,-6.74,True
2262,Central and South America,Cuba,Downstream oil,Downstream,Oil,Continuous LDAR,-3.59,40.0,1120.0,-188.83,-6.74,True
2263,Central and South America,Cuba,Downstream gas,Downstream,Gas,Continuous LDAR,-3.59,180.0,5040.0,-188.83,-6.74,True
2264,Central and South America,Bolivia,Downstream gas,Downstream,Gas,Continuous LDAR,-3.59,1560.0,43680.0,-188.83,-6.74,True
2265,Central and South America,Bolivia,Downstream oil,Downstream,Oil,Continuous LDAR,-3.59,130.0,3640.0,-188.83,-6.74,True
2266,Africa,Botswana,Unconventional gas,Upstream,Gas,Vapour recovery units,-3.59,370.0,10360.0,-188.83,-6.74,True
2267,Central and South America,Brazil,Onshore conventional gas,Upstream,Gas,Install plunger,-3.59,160.0,4480.0,-188.83,-6.74,True
2268,Central and South America,Argentina,Downstream gas,Downstream,Gas,Continuous LDAR,-3.59,8300.0,232400.0,-188.83,-6.74,True
2269,Central and South America,Argentina,Downstream oil,Downstream,Oil,Continuous LDAR,-3.59,300.0,8400.0,-188.83,-6.74,True
2270,Central and South America,Venezuela,Downstream oil,Downstream,Oil,Continuous LDAR,-3.59,470.0,13160.0,-188.83,-6.74,True
2271,Central and South America,Venezuela,Downstream gas,Downstream,Gas,Continuous LDAR,-3.59,6460.0,180880.0,-188.83,-6.74,True
2272,Central and South America,Uruguay,Downstream oil,Downstream,Oil,Continuous LDAR,-3.59,10.0,280.0,-188.83,-6.74,True
2273,Central and South America,Uruguay,Downstream gas,Downstream,Gas,Continuous LDAR,-3.59,30.0,840.0,-188.83,-6.74,True
2274,Central and South America,Brazil,Onshore conventional oil,Upstream,Oil,Replace with electric motor,-3.58,13500.0,378000.0,-188.31,-6.73,True
2275,Africa,Gabon,Offshore gas,Upstream,Gas,Associated gas utilisation,-3.58,240.0,6720.0,-188.31,-6.73,True
2276,Other,Other,Downstream oil,Downstream,Oil,Replace with electric motor,-3.58,500.0,14000.0,-188.31,-6.73,True
2277,Europe,Norway,Onshore conventional oil,Upstream,Oil,Continuous LDAR,-3.58,60.0,1680.0,-188.31,-6.73,True
2278,Europe,Netherlands,Onshore conventional gas,Upstream,Gas,Replace with electric motor,-3.58,190.0,5320.0,-188.31,-6.73,True
2279,Other,Other,Onshore conventional gas,Upstream,Gas,Replace pumps,-3.57,60.0,1680.0,-187.78,-6.71,True
2280,Central and South America,Ecuador,Offshore gas,Upstream,Gas,Other,-3.57,10.0,280.0,-187.78,-6.71,True
2281,Africa,Egypt,Offshore gas,Upstream,Gas,Vapour recovery units,-3.57,23520.0,658560.0,-187.78,-6.71,True
2282,Europe,Italy,Downstream oil,Downstream,Oil,Vapour recovery units,-3.57,1010.0,28280.0,-187.78,-6.71,True
2283,Asia Pacific,Australia,Downstream gas,Downstream,Gas,Annual LDAR,-3.55,750.0,21000.0,-186.73,-6.67,True
2284,Asia Pacific,Australia,Downstream oil,Downstream,Oil,Annual LDAR,-3.55,30.0,840.0,-186.73,-6.67,True
2285,Central and South America,Venezuela,Offshore oil,Upstream,Oil,Vapour recovery units,-3.55,23190.0,649320.0,-186.73,-6.67,True
2286,Russia & Caspian,Kazakhstan,Offshore oil,Upstream,Oil,Associated gas utilisation,-3.54,25730.0,720440.0,-186.2,-6.65,True
2287,Asia Pacific,Malaysia,Downstream oil,Downstream,Oil,Vapour recovery units,-3.54,1450.0,40600.0,-186.2,-6.65,True
2288,Asia Pacific,Thailand,Downstream gas,Downstream,Gas,Replace with electric motor,-3.54,19800.0,554400.0,-186.2,-6.65,True
2289,Europe,United Kingdom,Offshore gas,Upstream,Gas,Replace with electric motor,-3.54,460.0,12880.0,-186.2,-6.65,True
2290,Middle East,United Arab Emirates,Offshore gas,Upstream,Gas,Other,-3.53,260.0,7280.0,-185.68,-6.63,True
2291,Central and South America,Trinidad and Tobago,Offshore oil,Upstream,Oil,Vapour recovery units,-3.53,3180.0,89040.0,-185.68,-6.63,True
2292,Africa,Tunisia,Offshore gas,Upstream,Gas,Vapour recovery units,-3.53,560.0,15680.0,-185.68,-6.63,True
2293,Middle East,Qatar,Offshore gas,Upstream,Gas,Other,-3.53,2840.0,79520.0,-185.68,-6.63,True
2294,Asia Pacific,New Zealand,Offshore oil,Upstream,Oil,Vapour recovery units,-3.53,410.0,11480.0,-185.68,-6.63,True
2295,Europe,Other EU17 countries,Downstream oil,Downstream,Oil,Vapour recovery units,-3.53,2650.0,74200.0,-185.68,-6.63,True
2296,Asia Pacific,Indonesia,Unconventional gas,Upstream,Gas,Vapour recovery units,-3.53,10.0,280.0,-185.68,-6.63,True
2297,Russia & Caspian,Azerbaijan,Offshore oil,Upstream,Oil,Associated gas utilisation,-3.52,41220.0,1154160.0,-185.15,-6.61,True
2298,Central and South America,Colombia,Onshore conventional gas,Upstream,Gas,Replace pumps,-3.52,1240.0,34720.0,-185.15,-6.61,True
2299,Other,Other,Downstream oil,Downstream,Oil,Continuous LDAR,-3.52,100.0,2800.0,-185.15,-6.61,True
2300,Other,Other,Downstream gas,Downstream,Gas,Continuous LDAR,-3.52,2240.0,62720.0,-185.15,-6.61,True
2301,Africa,Tunisia,Offshore oil,Upstream,Oil,Vapour recovery units,-3.52,890.0,24920.0,-185.15,-6.61,True
2302,Europe,United Kingdom,Onshore conventional gas,Upstream,Gas,Replace with electric motor,-3.51,20.0,560.0,-184.63,-6.59,True
2303,Europe,Norway,Downstream gas,Downstream,Gas,Annual LDAR,-3.51,10.0,280.0,-184.63,-6.59,True
2304,Middle East,Iran,Offshore oil,Upstream,Oil,Vapour recovery units,-3.51,170140.0,4763920.0,-184.63,-6.59,True
2305,Europe,Israel,Downstream gas,Downstream,Gas,Replace with electric motor,-3.5,1420.0,39760.0,-184.1,-6.58,True
2306,Africa,Egypt,Offshore gas,Upstream,Gas,Other,-3.5,710.0,19880.0,-184.1,-6.58,True
2307,Europe,Germany,Downstream gas,Downstream,Gas,Replace with electric motor,-3.5,8120.0,227360.0,-184.1,-6.58,True
2308,Asia Pacific,Brunei,Downstream gas,Downstream,Gas,Replace with electric motor,-3.5,510.0,14280.0,-184.1,-6.58,True
2309,Asia Pacific,Malaysia,Onshore conventional oil,Upstream,Oil,Replace with electric motor,-3.5,2020.0,56560.0,-184.1,-6.58,True
2310,Europe,United Kingdom,Unconventional gas,Upstream,Gas,Replace with electric motor,-3.5,100.0,2800.0,-184.1,-6.58,True
2311,Middle East,Saudi Arabia,Unconventional gas,Upstream,Gas,Vapour recovery units,-3.49,3160.0,88480.0,-183.57,-6.56,True
2312,Europe,Sweden,Downstream gas,Downstream,Gas,Replace with electric motor,-3.49,210.0,5880.0,-183.57,-6.56,True
2313,Asia Pacific,Other countries in Southeast Asia,Downstream gas,Downstream,Gas,Replace with electric motor,-3.49,4680.0,131040.0,-183.57,-6.56,True
2314,Asia Pacific,China,Downstream gas,Downstream,Gas,Continuous LDAR,-3.49,62000.0,1736000.0,-183.57,-6.56,True
2315,Asia Pacific,China,Downstream oil,Downstream,Oil,Continuous LDAR,-3.49,3720.0,104160.0,-183.57,-6.56,True
2316,Asia Pacific,Viet Nam,Downstream gas,Downstream,Gas,Replace with electric motor,-3.49,1630.0,45640.0,-183.57,-6.56,True
2317,Asia Pacific,India,Offshore gas,Upstream,Gas,Associated gas utilisation,-3.48,66910.0,1873480.0,-183.05,-6.54,True
2318,Central and South America,Paraguay,Downstream oil,Downstream,Oil,Continuous LDAR,-3.48,10.0,280.0,-183.05,-6.54,True
2319,Middle East,United Arab Emirates,Offshore oil,Upstream,Oil,Vapour recovery units,-3.47,85210.0,2385880.0,-182.52,-6.52,True
2320,Africa,Egypt,Offshore oil,Upstream,Oil,Vapour recovery units,-3.47,19080.0,534240.0,-182.52,-6.52,True
2321,Asia Pacific,China,Downstream oil,Downstream,Oil,Vapour recovery units,-3.47,21570.0,603960.0,-182.52,-6.52,True
2322,Asia Pacific,Australia,Onshore conventional oil,Upstream,Oil,Replace pumps,-3.46,590.0,16520.0,-182.0,-6.5,True
2323,Central and South America,Argentina,Offshore oil,Upstream,Oil,Vapour recovery units,-3.46,2670.0,74760.0,-182.0,-6.5,True
2324,Africa,Tunisia,Offshore gas,Upstream,Gas,Other,-3.46,20.0,560.0,-182.0,-6.5,True
2325,Russia & Caspian,Russia,Onshore conventional oil,Upstream,Oil,Replace pumps,-3.46,492760.0,13797280.0,-182.0,-6.5,True
2326,Middle East,Oman,Unconventional gas,Upstream,Gas,Vapour recovery units,-3.46,10580.0,296240.0,-182.0,-6.5,True
2327,Africa,Mozambique,Onshore conventional oil,Upstream,Oil,Replace with electric motor,-3.45,3850.0,107800.0,-181.47,-6.48,True
2328,Africa,Mozambique,Onshore conventional gas,Upstream,Gas,Replace with electric motor,-3.45,2530.0,70840.0,-181.47,-6.48,True
2329,Europe,Denmark,Offshore gas,Upstream,Gas,Replace with electric motor,-3.45,40.0,1120.0,-181.47,-6.48,True
2330,Europe,France,Downstream gas,Downstream,Gas,Replace with electric motor,-3.45,6350.0,177800.0,-181.47,-6.48,True
2331,Asia Pacific,India,Downstream gas,Downstream,Gas,Continuous LDAR,-3.45,33350.0,933800.0,-181.47,-6.48,True
2332,Asia Pacific,India,Downstream oil,Downstream,Oil,Continuous LDAR,-3.45,4500.0,126000.0,-181.47,-6.48,True
2333,Asia Pacific,India,Offshore gas,Upstream,Gas,Replace with electric motor,-3.44,3420.0,95760.0,-180.94,-6.46,True
2334,Central and South America,Peru,Offshore oil,Upstream,Oil,Vapour recovery units,-3.44,370.0,10360.0,-180.94,-6.46,True
2335,Europe,Romania,Downstream oil,Downstream,Oil,Vapour recovery units,-3.44,3760.0,105280.0,-180.94,-6.46,True
2336,Europe,Poland,Onshore conventional oil,Upstream,Oil,Associated gas utilisation,-3.43,90.0,2520.0,-180.42,-6.44,True
2337,Russia & Caspian,Turkmenistan,Onshore conventional gas,Upstream,Gas,Replace with electric motor,-3.43,103590.0,2900520.0,-180.42,-6.44,True
2338,Central and South America,Peru,Offshore gas,Upstream,Gas,Vapour recovery units,-3.43,240.0,6720.0,-180.42,-6.44,True
2339,Europe,Other countries in Europe,Offshore gas,Upstream,Gas,Replace with electric motor,-3.43,80.0,2240.0,-180.42,-6.44,True
2340,Asia Pacific,Australia,Downstream oil,Downstream,Oil,Biannual LDAR,-3.43,80.0,2240.0,-180.42,-6.44,True
2341,Asia Pacific,Australia,Downstream gas,Downstream,Gas,Biannual LDAR,-3.43,2260.0,63280.0,-180.42,-6.44,True
2342,Asia Pacific,Viet Nam,Offshore oil,Upstream,Oil,Vapour recovery units,-3.43,15870.0,444360.0,-180.42,-6.44,True
2343,Middle East,Jordan,Unconventional gas,Upstream,Gas,Vapour recovery units,-3.42,30.0,840.0,-179.89,-6.42,True
2344,Europe,Netherlands,Offshore gas,Upstream,Gas,Biannual LDAR,-3.42,60.0,1680.0,-179.89,-6.42,True
2345,Europe,United Kingdom,Offshore oil,Upstream,Oil,Vapour recovery units,-3.42,14670.0,410760.0,-179.89,-6.42,True
2346,Asia Pacific,Thailand,Onshore conventional gas,Upstream,Gas,Install plunger,-3.41,50.0,1400.0,-179.37,-6.41,True
2347,Asia Pacific,Other countries in Southeast Asia,Onshore conventional gas,Upstream,Gas,Install plunger,-3.41,20.0,560.0,-179.37,-6.41,True
2348,Asia Pacific,Brunei,Onshore conventional gas,Upstream,Gas,Install plunger,-3.41,20.0,560.0,-179.37,-6.41,True
2349,Asia Pacific,China,Offshore oil,Upstream,Oil,Vapour recovery units,-3.4,72100.0,2018800.0,-178.84,-6.39,True
2350,Asia Pacific,India,Onshore conventional gas,Upstream,Gas,Replace with electric motor,-3.4,13120.0,367360.0,-178.84,-6.39,True
2351,Other,Other,Offshore oil,Upstream,Oil,Vapour recovery units,-3.4,20.0,560.0,-178.84,-6.39,True
2352,Central and South America,Trinidad and Tobago,Offshore gas,Upstream,Gas,Vapour recovery units,-3.39,15850.0,443800.0,-178.31,-6.37,True
2353,Asia Pacific,India,Unconventional gas,Upstream,Gas,Replace with electric motor,-3.39,6220.0,174160.0,-178.31,-6.37,True
2354,Africa,Ghana,Offshore gas,Upstream,Gas,Vapour recovery units,-3.39,1240.0,34720.0,-178.31,-6.37,True
2355,Africa,Equatorial Guinea,Offshore gas,Upstream,Gas,Vapour recovery units,-3.39,9250.0,259000.0,-178.31,-6.37,True
2356,Africa,Libya,Offshore gas,Upstream,Gas,Vapour recovery units,-3.39,2160.0,60480.0,-178.31,-6.37,True
2357,Africa,Congo,Offshore gas,Upstream,Gas,Vapour recovery units,-3.39,390.0,10920.0,-178.31,-6.37,True
2358,Africa,Cote d'Ivoire,Offshore gas,Upstream,Gas,Vapour recovery units,-3.39,1500.0,42000.0,-178.31,-6.37,True
2359,Africa,Cameroon,Offshore gas,Upstream,Gas,Vapour recovery units,-3.39,1810.0,50680.0,-178.31,-6.37,True
2360,Asia Pacific,Brunei,Onshore conventional oil,Upstream,Oil,Replace with electric motor,-3.38,430.0,12040.0,-177.79,-6.35,True
2361,Central and South America,Ecuador,Offshore gas,Upstream,Gas,Associated gas utilisation,-3.38,490.0,13720.0,-177.79,-6.35,True
2362,Asia Pacific,Malaysia,Downstream gas,Downstream,Gas,Other,-3.38,12470.0,349160.0,-177.79,-6.35,True
2363,Europe,Netherlands,Downstream gas,Downstream,Gas,Replace with electric motor,-3.37,1030.0,28840.0,-177.26,-6.33,True
2364,Asia Pacific,Other countries in Southeast Asia,Downstream gas,Downstream,Gas,Other,-3.37,3800.0,106400.0,-177.26,-6.33,True
2365,Asia Pacific,Thailand,Downstream gas,Downstream,Gas,Other,-3.37,16080.0,450240.0,-177.26,-6.33,True
2366,Asia Pacific,Philippines,Downstream gas,Downstream,Gas,Other,-3.37,570.0,15960.0,-177.26,-6.33,True
2367,Africa,Egypt,Unconventional gas,Upstream,Gas,Vapour recovery units,-3.37,750.0,21000.0,-177.26,-6.33,True
2368,Asia Pacific,Brunei,Downstream gas,Downstream,Gas,Other,-3.37,410.0,11480.0,-177.26,-6.33,True
2369,Asia Pacific,Viet Nam,Downstream gas,Downstream,Gas,Other,-3.37,1340.0,37520.0,-177.26,-6.33,True
2370,Europe,Denmark,Offshore oil,Upstream,Oil,Replace with electric motor,-3.36,90.0,2520.0,-176.74,-6.31,True
2371,Central and South America,Peru,Offshore gas,Upstream,Gas,Other,-3.36,10.0,280.0,-176.74,-6.31,True
2372,Asia Pacific,Malaysia,Offshore oil,Upstream,Oil,Replace with electric motor,-3.36,3380.0,94640.0,-176.74,-6.31,True
2373,Africa,Mozambique,Offshore oil,Upstream,Oil,Replace with electric motor,-3.35,320.0,8960.0,-176.21,-6.29,True
2374,Africa,Mozambique,Offshore gas,Upstream,Gas,Replace with electric motor,-3.35,500.0,14000.0,-176.21,-6.29,True
2375,Central and South America,Venezuela,Offshore gas,Upstream,Gas,Vapour recovery units,-3.35,10560.0,295680.0,-176.21,-6.29,True
2376,Other,Other,Offshore oil,Upstream,Oil,Replace with electric motor,-3.34,10.0,280.0,-175.68,-6.27,True
2377,Europe,Other countries in Europe,Onshore conventional oil,Upstream,Oil,Other,-3.34,2640.0,73920.0,-175.68,-6.27,True
2378,Europe,Romania,Offshore oil,Upstream,Oil,Continuous LDAR,-3.34,370.0,10360.0,-175.68,-6.27,True
2379,Europe,Romania,Offshore gas,Upstream,Gas,Continuous LDAR,-3.34,1480.0,41440.0,-175.68,-6.27,True
2380,Europe,United Kingdom,Downstream gas,Downstream,Gas,Replace with electric motor,-3.34,7520.0,210560.0,-175.68,-6.27,True
2381,Asia Pacific,India,Onshore conventional oil,Upstream,Oil,Replace with electric motor,-3.34,48030.0,1344840.0,-175.68,-6.27,True
2382,Asia Pacific,Indonesia,Offshore oil,Upstream,Oil,Vapour recovery units,-3.34,11270.0,315560.0,-175.68,-6.27,True
2383,Russia & Caspian,Azerbaijan,Offshore gas,Upstream,Gas,Replace with electric motor,-3.34,1280.0,35840.0,-175.68,-6.27,True
2384,Asia Pacific,Bangladesh,Onshore conventional oil,Upstream,Oil,Replace with electric motor,-3.34,250.0,7000.0,-175.68,-6.27,True
2385,Central and South America,Brazil,Offshore oil,Upstream,Oil,Replace with electric motor,-3.33,14230.0,398440.0,-175.16,-6.26,True
2386,Africa,Libya,Offshore oil,Upstream,Oil,Vapour recovery units,-3.33,3120.0,87360.0,-175.16,-6.26,True
2387,Africa,Gabon,Onshore conventional gas,Upstream,Gas,Replace with electric motor,-3.33,130.0,3640.0,-175.16,-6.26,True
2388,Europe,France,Onshore conventional oil,Upstream,Oil,Replace with electric motor,-3.33,520.0,14560.0,-175.16,-6.26,True
2389,Other,Other,Offshore oil,Upstream,Oil,Quarterly LDAR,-3.33,20.0,560.0,-175.16,-6.26,True
2390,Other,Other,Offshore gas,Upstream,Gas,Quarterly LDAR,-3.33,20.0,560.0,-175.16,-6.26,True
2391,Other,Other,Offshore gas,Upstream,Gas,Vapour recovery units,-3.32,330.0,9240.0,-174.63,-6.24,True
2392,Europe,Norway,Downstream gas,Downstream,Gas,Biannual LDAR,-3.32,20.0,560.0,-174.63,-6.24,True
2393,Russia & Caspian,Turkmenistan,Offshore gas,Upstream,Gas,Replace with electric motor,-3.32,1100.0,30800.0,-174.63,-6.24,True
2394,Central and South America,Trinidad and Tobago,Offshore gas,Upstream,Gas,Other,-3.32,480.0,13440.0,-174.63,-6.24,True
2395,Africa,Equatorial Guinea,Offshore gas,Upstream,Gas,Other,-3.32,280.0,7840.0,-174.63,-6.24,True
2396,Africa,Ghana,Offshore gas,Upstream,Gas,Other,-3.32,40.0,1120.0,-174.63,-6.24,True
2397,Africa,Libya,Offshore gas,Upstream,Gas,Other,-3.32,70.0,1960.0,-174.63,-6.24,True
2398,Russia & Caspian,Kazakhstan,Onshore conventional oil,Upstream,Oil,Replace with electric motor,-3.32,73560.0,2059680.0,-174.63,-6.24,True
2399,Africa,Cameroon,Offshore gas,Upstream,Gas,Other,-3.32,50.0,1400.0,-174.63,-6.24,True
2400,Africa,Cote d'Ivoire,Offshore gas,Upstream,Gas,Other,-3.32,50.0,1400.0,-174.63,-6.24,True
2401,Africa,Congo,Offshore gas,Upstream,Gas,Other,-3.32,10.0,280.0,-174.63,-6.24,True
2402,Central and South America,Argentina,Offshore gas,Upstream,Gas,Vapour recovery units,-3.31,6380.0,178640.0,-174.11,-6.22,True
2403,Africa,Egypt,Offshore gas,Upstream,Gas,Associated gas utilisation,-3.31,37070.0,1037960.0,-174.11,-6.22,True
2404,Russia & Caspian,Kazakhstan,Offshore gas,Upstream,Gas,Replace with electric motor,-3.3,150.0,4200.0,-173.58,-6.2,True
2405,Middle East,Iran,Offshore gas,Upstream,Gas,Vapour recovery units,-3.3,138130.0,3867640.0,-173.58,-6.2,True
2406,Asia Pacific,Japan,Offshore oil,Upstream,Oil,Associated gas utilisation,-3.29,20.0,560.0,-173.05,-6.18,True
2407,Europe,Italy,Downstream gas,Downstream,Gas,Quarterly LDAR,-3.28,12250.0,343000.0,-172.53,-6.16,True
2408,Europe,Italy,Downstream oil,Downstream,Oil,Quarterly LDAR,-3.28,380.0,10640.0,-172.53,-6.16,True
2409,Other,Other,Offshore gas,Upstream,Gas,Vapour recovery units,-3.28,30.0,840.0,-172.53,-6.16,True
2410,Central and South America,Venezuela,Offshore gas,Upstream,Gas,Other,-3.28,320.0,8960.0,-172.53,-6.16,True
2411,Russia & Caspian,Uzbekistan,Onshore conventional gas,Upstream,Gas,Replace with electric motor,-3.28,56720.0,1588160.0,-172.53,-6.16,True
2412,Asia Pacific,Pakistan,Downstream gas,Downstream,Gas,Continuous LDAR,-3.27,11450.0,320600.0,-172.0,-6.14,True
2413,Asia Pacific,Pakistan,Downstream oil,Downstream,Oil,Continuous LDAR,-3.27,300.0,8400.0,-172.0,-6.14,True
2414,Russia & Caspian,Russia,Satellite - downstream,Downstream,Oil,Daily LDAR,-3.27,179280.0,5019840.0,-172.0,-6.14,True
2415,Asia Pacific,Indonesia,Downstream oil,Downstream,Oil,Continuous LDAR,-3.27,620.0,17360.0,-172.0,-6.14,True
2416,Asia Pacific,Indonesia,Downstream gas,Downstream,Gas,Continuous LDAR,-3.27,11000.0,308000.0,-172.0,-6.14,True
2417,Africa,Ghana,Offshore oil,Upstream,Oil,Vapour recovery units,-3.27,8920.0,249760.0,-172.0,-6.14,True
2418,Asia Pacific,Bangladesh,Downstream oil,Downstream,Oil,Continuous LDAR,-3.27,80.0,2240.0,-172.0,-6.14,True
2419,Asia Pacific,Bangladesh,Downstream gas,Downstream,Gas,Continuous LDAR,-3.27,4870.0,136360.0,-172.0,-6.14,True
2420,Russia & Caspian,Kazakhstan,Onshore conventional gas,Upstream,Gas,Replace with electric motor,-3.26,14960.0,418880.0,-171.48,-6.12,True
2421,Africa,Tunisia,Offshore gas,Upstream,Gas,Associated gas utilisation,-3.26,880.0,24640.0,-171.48,-6.12,True
2422,Other,Other,Onshore conventional gas,Upstream,Gas,Replace with electric motor,-3.26,30.0,840.0,-171.48,-6.12,True
2423,Central and South America,Brazil,Downstream oil,Downstream,Oil,Vapour recovery units,-3.25,4450.0,124600.0,-170.95,-6.11,True
2424,Central and South America,Argentina,Offshore gas,Upstream,Gas,Other,-3.24,190.0,5320.0,-170.42,-6.09,True
2425,Asia Pacific,India,Downstream gas,Downstream,Gas,Replace with electric motor,-3.24,51660.0,1446480.0,-170.42,-6.09,True
2426,Africa,Gabon,Offshore oil,Upstream,Oil,Vapour recovery units,-3.24,19700.0,551600.0,-170.42,-6.09,True
2427,Other,Other,Offshore gas,Upstream,Gas,Other,-3.24,10.0,280.0,-170.42,-6.09,True
2428,Europe,Other countries in Europe,Onshore conventional gas,Upstream,Gas,Replace with electric motor,-3.24,90.0,2520.0,-170.42,-6.09,True
2429,Russia & Caspian,Russia,Unconventional gas,Upstream,Gas,Replace pumps,-3.24,5620.0,157360.0,-170.42,-6.09,True
2430,Russia & Caspian,Russia,Onshore conventional gas,Upstream,Gas,Replace pumps,-3.24,52350.0,1465800.0,-170.42,-6.09,True
2431,Asia Pacific,Philippines,Downstream oil,Downstream,Oil,Vapour recovery units,-3.23,640.0,17920.0,-169.9,-6.07,True
2432,Africa,Niger,Onshore conventional oil,Upstream,Oil,Replace with electric motor,-3.23,4270.0,119560.0,-169.9,-6.07,True
2433,Middle East,Iran,Offshore gas,Upstream,Gas,Other,-3.23,4170.0,116760.0,-169.9,-6.07,True
2434,Africa,Benin,Downstream oil,Downstream,Oil,Vapour recovery units,-3.23,140.0,3920.0,-169.9,-6.07,True
2435,Middle East,Saudi Arabia,Onshore conventional oil,Upstream,Oil,Replace with electric motor,-3.22,178570.0,4999960.0,-169.37,-6.05,True
2436,Middle East,Oman,Onshore conventional oil,Upstream,Oil,Replace with electric motor,-3.21,66130.0,1851640.0,-168.85,-6.03,True
2437,Africa,Mozambique,Downstream gas,Downstream,Gas,Replace with electric motor,-3.21,460.0,12880.0,-168.85,-6.03,True
2438,Europe,Other countries in Europe,Downstream gas,Downstream,Gas,Replace with electric motor,-3.2,8850.0,247800.0,-168.32,-6.01,True
2439,Europe,Other EU17 countries,Downstream gas,Downstream,Gas,Quarterly LDAR,-3.2,17590.0,492520.0,-168.32,-6.01,True
2440,Europe,Other EU17 countries,Downstream oil,Downstream,Oil,Quarterly LDAR,-3.2,1010.0,28280.0,-168.32,-6.01,True
2441,Africa,Benin,Downstream gas,Downstream,Gas,Replace with electric motor,-3.2,40.0,1120.0,-168.32,-6.01,True
2442,Russia & Caspian,Azerbaijan,Onshore conventional oil,Upstream,Oil,Replace with electric motor,-3.2,1640.0,45920.0,-168.32,-6.01,True
2443,Russia & Caspian,Azerbaijan,Downstream gas,Downstream,Gas,Replace with electric motor,-3.2,2890.0,80920.0,-168.32,-6.01,True
2444,Central and South America,Colombia,Offshore gas,Upstream,Gas,Other,-3.2,160.0,4480.0,-168.32,-6.01,True
2445,Asia Pacific,Japan,Downstream gas,Downstream,Gas,Vapour recovery units,-3.2,230.0,6440.0,-168.32,-6.01,True
2446,Central and South America,Guyana,Offshore oil,Upstream,Oil,Vapour recovery units,-3.2,21550.0,603400.0,-168.32,-6.01,True
2447,Europe,Denmark,Downstream gas,Downstream,Gas,Replace with electric motor,-3.2,500.0,14000.0,-168.32,-6.01,True
2448,Africa,Gabon,Offshore gas,Upstream,Gas,Replace with electric motor,-3.2,10.0,280.0,-168.32,-6.01,True
2449,Russia & Caspian,Kazakhstan,Offshore oil,Upstream,Oil,Replace with electric motor,-3.19,1320.0,36960.0,-167.79,-5.99,True
2450,Middle East,Jordan,Onshore conventional oil,Upstream,Oil,Replace with electric motor,-3.19,700.0,19600.0,-167.79,-5.99,True
2451,Europe,Italy,Offshore oil,Upstream,Oil,Associated gas utilisation,-3.17,200.0,5600.0,-166.74,-5.96,True
2452,Europe,Italy,Offshore gas,Upstream,Gas,Associated gas utilisation,-3.17,330.0,9240.0,-166.74,-5.96,True
2453,Africa,Algeria,Unconventional gas,Upstream,Gas,Vapour recovery units,-3.17,900.0,25200.0,-166.74,-5.96,True
2454,Other,Other,Downstream gas,Downstream,Gas,Replace with electric motor,-3.17,2460.0,68880.0,-166.74,-5.96,True
2455,Middle East,Qatar,Onshore conventional oil,Upstream,Oil,Replace with electric motor,-3.17,17740.0,496720.0,-166.74,-5.96,True
2456,Russia & Caspian,Turkmenistan,Downstream gas,Downstream,Gas,Replace with electric motor,-3.17,41870.0,1172360.0,-166.74,-5.96,True
2457,Europe,United Kingdom,Offshore oil,Upstream,Oil,Continuous LDAR,-3.17,5170.0,144760.0,-166.74,-5.96,True
2458,Europe,United Kingdom,Offshore gas,Upstream,Gas,Continuous LDAR,-3.17,3460.0,96880.0,-166.74,-5.96,True
2459,Middle East,Saudi Arabia,Offshore gas,Upstream,Gas,Associated gas utilisation,-3.16,16640.0,465920.0,-166.22,-5.94,True
2460,Africa,Senegal,Offshore oil,Upstream,Oil,Associated gas utilisation,-3.16,9540.0,267120.0,-166.22,-5.94,True
2461,Central and South America,Peru,Offshore gas,Upstream,Gas,Associated gas utilisation,-3.16,380.0,10640.0,-166.22,-5.94,True
2462,Russia & Caspian,Kazakhstan,Downstream gas,Downstream,Gas,Replace with electric motor,-3.16,4190.0,117320.0,-166.22,-5.94,True
2463,Asia Pacific,India,Onshore conventional oil,Upstream,Oil,Replace pumps,-3.15,27150.0,760200.0,-165.69,-5.92,True
2464,Middle East,Saudi Arabia,Offshore oil,Upstream,Oil,Associated gas utilisation,-3.15,138050.0,3865400.0,-165.69,-5.92,True
2465,Europe,Other countries in Europe,Offshore gas,Upstream,Gas,Biannual LDAR,-3.14,100.0,2800.0,-165.16,-5.9,True
2466,Asia Pacific,Indonesia,Offshore gas,Upstream,Gas,Associated gas utilisation,-3.14,51310.0,1436680.0,-165.16,-5.9,True
2467,Central and South America,Ecuador,Offshore oil,Upstream,Oil,Vapour recovery units,-3.13,540.0,15120.0,-164.64,-5.88,True
2468,Asia Pacific,Australia,Offshore gas,Upstream,Gas,Vapour recovery units,-3.13,22180.0,621040.0,-164.64,-5.88,True
2469,Asia Pacific,Brunei,Offshore oil,Upstream,Oil,Replace with electric motor,-3.13,260.0,7280.0,-164.64,-5.88,True
2470,Middle East,Oman,Offshore oil,Upstream,Oil,Associated gas utilisation,-3.13,210.0,5880.0,-164.64,-5.88,True
2471,Middle East,Oman,Offshore gas,Upstream,Gas,Associated gas utilisation,-3.13,70.0,1960.0,-164.64,-5.88,True
2472,Central and South America,Trinidad and Tobago,Offshore gas,Upstream,Gas,Associated gas utilisation,-3.13,24980.0,699440.0,-164.64,-5.88,True
2473,Africa,Tunisia,Downstream oil,Downstream,Oil,Replace with electric motor,-3.12,290.0,8120.0,-164.11,-5.86,True
2474,Asia Pacific,Thailand,Downstream oil,Downstream,Oil,Vapour recovery units,-3.12,3600.0,100800.0,-164.11,-5.86,True
2475,Africa,Morocco,Downstream oil,Downstream,Oil,Replace with electric motor,-3.12,220.0,6160.0,-164.11,-5.86,True
2476,Africa,Cameroon,Offshore gas,Upstream,Gas,Associated gas utilisation,-3.12,2850.0,79800.0,-164.11,-5.86,True
2477,Asia Pacific,China,Unconventional gas,Upstream,Gas,Install plunger,-3.12,6650.0,186200.0,-164.11,-5.86,True
2478,Asia Pacific,China,Onshore conventional gas,Upstream,Gas,Install plunger,-3.12,3330.0,93240.0,-164.11,-5.86,True
2479,Africa,Congo,Offshore gas,Upstream,Gas,Associated gas utilisation,-3.12,620.0,17360.0,-164.11,-5.86,True
2480,Africa,Cote d'Ivoire,Offshore gas,Upstream,Gas,Associated gas utilisation,-3.12,2370.0,66360.0,-164.11,-5.86,True
2481,Africa,Algeria,Downstream oil,Downstream,Oil,Replace with electric motor,-3.12,1130.0,31640.0,-164.11,-5.86,True
2482,Africa,Egypt,Downstream oil,Downstream,Oil,Replace with electric motor,-3.12,2010.0,56280.0,-164.11,-5.86,True
2483,Africa,Equatorial Guinea,Offshore gas,Upstream,Gas,Associated gas utilisation,-3.12,14580.0,408240.0,-164.11,-5.86,True
2484,Africa,Ghana,Offshore gas,Upstream,Gas,Associated gas utilisation,-3.12,1950.0,54600.0,-164.11,-5.86,True
2485,Africa,Libya,Offshore gas,Upstream,Gas,Associated gas utilisation,-3.12,3410.0,95480.0,-164.11,-5.86,True
2486,Africa,Libya,Downstream oil,Downstream,Oil,Replace with electric motor,-3.12,460.0,12880.0,-164.11,-5.86,True
2487,Asia Pacific,India,Offshore oil,Upstream,Oil,Associated gas utilisation,-3.11,117540.0,3291120.0,-163.59,-5.84,True
2488,Africa,Cote d'Ivoire,Offshore oil,Upstream,Oil,Associated gas utilisation,-3.11,2650.0,74200.0,-163.59,-5.84,True
2489,Asia Pacific,Indonesia,Offshore gas,Upstream,Gas,Replace with electric motor,-3.1,2620.0,73360.0,-163.06,-5.82,True
2490,Europe,Israel,Downstream oil,Downstream,Oil,Vapour recovery units,-3.1,160.0,4480.0,-163.06,-5.82,True
2491,Europe,Israel,Offshore gas,Upstream,Gas,Continuous LDAR,-3.1,2990.0,83720.0,-163.06,-5.82,True
2492,Central and South America,Argentina,Unconventional gas,Upstream,Gas,Vapour recovery units,-3.09,37270.0,1043560.0,-162.53,-5.8,True
2493,Europe,Other EU17 countries,Offshore gas,Upstream,Gas,Associated gas utilisation,-3.09,580.0,16240.0,-162.53,-5.8,True
2494,Asia Pacific,Thailand,Offshore oil,Upstream,Oil,Associated gas utilisation,-3.09,37490.0,1049720.0,-162.53,-5.8,True
2495,Central and South America,Venezuela,Offshore gas,Upstream,Gas,Associated gas utilisation,-3.09,16650.0,466200.0,-162.53,-5.8,True
2496,Africa,Niger,Downstream oil,Downstream,Oil,Vapour recovery units,-3.08,230.0,6440.0,-162.01,-5.79,True
2497,Russia & Caspian,Azerbaijan,Offshore oil,Upstream,Oil,Replace with electric motor,-3.08,2110.0,59080.0,-162.01,-5.79,True
2498,Europe,Denmark,Offshore gas,Upstream,Gas,Biannual LDAR,-3.07,50.0,1400.0,-161.48,-5.77,True
2499,Europe,Estonia,Downstream gas,Downstream,Gas,Continuous LDAR,-3.07,60.0,1680.0,-161.48,-5.77,True
2500,Europe,Denmark,Offshore oil,Upstream,Oil,Biannual LDAR,-3.07,70.0,1960.0,-161.48,-5.77,True
2501,Middle East,United Arab Emirates,Offshore gas,Upstream,Gas,Associated gas utilisation,-3.07,13710.0,383880.0,-161.48,-5.77,True
2502,Middle East,Qatar,Offshore oil,Upstream,Oil,Associated gas utilisation,-3.07,93440.0,2616320.0,-161.48,-5.77,True
2503,Middle East,Qatar,Offshore gas,Upstream,Gas,Associated gas utilisation,-3.07,148100.0,4146800.0,-161.48,-5.77,True
2504,Asia Pacific,New Zealand,Offshore gas,Upstream,Gas,Replace with electric motor,-3.06,50.0,1400.0,-160.96,-5.75,True
2505,Europe,Germany,Downstream oil,Downstream,Oil,Vapour recovery units,-3.06,1160.0,32480.0,-160.96,-5.75,True
2506,Central and South America,Colombia,Offshore gas,Upstream,Gas,Associated gas utilisation,-3.06,110.0,3080.0,-160.96,-5.75,True
2507,Asia Pacific,Brunei,Downstream oil,Downstream,Oil,Vapour recovery units,-3.06,40.0,1120.0,-160.96,-5.75,True
2508,Central and South America,Venezuela,Offshore oil,Upstream,Oil,Associated gas utilisation,-3.06,33920.0,949760.0,-160.96,-5.75,True
2509,Africa,Gabon,Downstream gas,Downstream,Gas,Replace with electric motor,-3.05,230.0,6440.0,-160.43,-5.73,True
2510,Asia Pacific,Indonesia,Onshore conventional gas,Upstream,Gas,Replace with electric motor,-3.05,22500.0,630000.0,-160.43,-5.73,True
2511,Asia Pacific,Indonesia,Unconventional gas,Upstream,Gas,Replace with electric motor,-3.04,10.0,280.0,-159.9,-5.71,True
2512,Central and South America,Cuba,Onshore conventional gas,Upstream,Gas,Replace with electric motor,-3.04,290.0,8120.0,-159.9,-5.71,True
2513,Central and South America,Argentina,Offshore gas,Upstream,Gas,Associated gas utilisation,-3.04,10060.0,281680.0,-159.9,-5.71,True
2514,Asia Pacific,Other countries in Southeast Asia,Downstream oil,Downstream,Oil,Vapour recovery units,-3.04,2700.0,75600.0,-159.9,-5.71,True
2515,Middle East,Saudi Arabia,Offshore gas,Upstream,Gas,Replace with electric motor,-3.04,850.0,23800.0,-159.9,-5.71,True
2516,Central and South America,Trinidad and Tobago,Offshore oil,Upstream,Oil,Associated gas utilisation,-3.04,4660.0,130480.0,-159.9,-5.71,True
2517,Asia Pacific,Viet Nam,Downstream oil,Downstream,Oil,Vapour recovery units,-3.04,730.0,20440.0,-159.9,-5.71,True
2518,Africa,Tunisia,Offshore oil,Upstream,Oil,Associated gas utilisation,-3.03,1310.0,36680.0,-159.38,-5.69,True
2519,Europe,Sweden,Downstream oil,Downstream,Oil,Vapour recovery units,-3.03,170.0,4760.0,-159.38,-5.69,True
2520,Other,Other,Onshore conventional oil,Upstream,Oil,Replace with electric motor,-3.03,590.0,16520.0,-159.38,-5.69,True
2521,Asia Pacific,New Zealand,Downstream gas,Downstream,Gas,Quarterly LDAR,-3.03,640.0,17920.0,-159.38,-5.69,True
2522,Asia Pacific,New Zealand,Downstream oil,Downstream,Oil,Quarterly LDAR,-3.03,60.0,1680.0,-159.38,-5.69,True
2523,Asia Pacific,Australia,Offshore gas,Upstream,Gas,Other,-3.03,670.0,18760.0,-159.38,-5.69,True
2524,Central and South America,Cuba,Offshore oil,Upstream,Oil,Replace with electric motor,-3.03,100.0,2800.0,-159.38,-5.69,True
2525,Asia Pacific,New Zealand,Onshore conventional gas,Upstream,Gas,Replace with electric motor,-3.02,610.0,17080.0,-158.85,-5.67,True
2526,Africa,Nigeria,Offshore gas,Upstream,Gas,Vapour recovery units,-3.02,11010.0,308280.0,-158.85,-5.67,True
2527,Middle East,Saudi Arabia,Offshore oil,Upstream,Oil,Replace with electric motor,-3.02,7060.0,197680.0,-158.85,-5.67,True
2528,Middle East,Oman,Offshore oil,Upstream,Oil,Replace with electric motor,-3.01,10.0,280.0,-158.33,-5.65,True
2529,Asia Pacific,India,Offshore oil,Upstream,Oil,Replace with electric motor,-3.01,6010.0,168280.0,-158.33,-5.65,True
2530,Europe,France,Downstream oil,Downstream,Oil,Vapour recovery units,-3.0,1570.0,43960.0,-157.8,-5.64,True
2531,Middle East,Iran,Downstream gas,Downstream,Gas,Continuous LDAR,-3.0,30010.0,840280.0,-157.8,-5.64,True
2532,Middle East,Iran,Downstream oil,Downstream,Oil,Continuous LDAR,-3.0,520.0,14560.0,-157.8,-5.64,True
2533,Middle East,Iraq,Downstream gas,Downstream,Gas,Continuous LDAR,-3.0,1590.0,44520.0,-157.8,-5.64,True
2534,Middle East,Iraq,Downstream oil,Downstream,Oil,Continuous LDAR,-3.0,200.0,5600.0,-157.8,-5.64,True
2535,Middle East,Lebanon,Downstream oil,Downstream,Oil,Continuous LDAR,-3.0,30.0,840.0,-157.8,-5.64,True
2536,Middle East,Kuwait,Downstream gas,Downstream,Gas,Continuous LDAR,-3.0,2710.0,75880.0,-157.8,-5.64,True
2537,Middle East,Kuwait,Downstream oil,Downstream,Oil,Continuous LDAR,-3.0,90.0,2520.0,-157.8,-5.64,True
2538,Middle East,Jordan,Downstream oil,Downstream,Oil,Continuous LDAR,-3.0,30.0,840.0,-157.8,-5.64,True
2539,Middle East,Jordan,Downstream gas,Downstream,Gas,Continuous LDAR,-3.0,890.0,24920.0,-157.8,-5.64,True
2540,Middle East,Bahrain,Downstream gas,Downstream,Gas,Continuous LDAR,-3.0,2280.0,63840.0,-157.8,-5.64,True
2541,Middle East,Bahrain,Downstream oil,Downstream,Oil,Continuous LDAR,-3.0,10.0,280.0,-157.8,-5.64,True
2542,Middle East,Oman,Downstream oil,Downstream,Oil,Continuous LDAR,-3.0,90.0,2520.0,-157.8,-5.64,True
2543,Middle East,Oman,Downstream gas,Downstream,Gas,Continuous LDAR,-3.0,3810.0,106680.0,-157.8,-5.64,True
2544,Middle East,Saudi Arabia,Downstream oil,Downstream,Oil,Continuous LDAR,-3.0,310.0,8680.0,-157.8,-5.64,True
2545,Middle East,Saudi Arabia,Downstream gas,Downstream,Gas,Continuous LDAR,-3.0,5670.0,158760.0,-157.8,-5.64,True
2546,Middle East,Syria,Downstream gas,Downstream,Gas,Continuous LDAR,-3.0,3430.0,96040.0,-157.8,-5.64,True
2547,Middle East,Syria,Downstream oil,Downstream,Oil,Continuous LDAR,-3.0,290.0,8120.0,-157.8,-5.64,True
2548,Middle East,Qatar,Downstream gas,Downstream,Gas,Continuous LDAR,-3.0,4390.0,122920.0,-157.8,-5.64,True
2549,Middle East,Qatar,Downstream oil,Downstream,Oil,Continuous LDAR,-3.0,60.0,1680.0,-157.8,-5.64,True
2550,Middle East,United Arab Emirates,Downstream oil,Downstream,Oil,Continuous LDAR,-3.0,130.0,3640.0,-157.8,-5.64,True
2551,Middle East,United Arab Emirates,Downstream gas,Downstream,Gas,Continuous LDAR,-3.0,4750.0,133000.0,-157.8,-5.64,True
2552,Middle East,Yemen,Downstream oil,Downstream,Oil,Continuous LDAR,-3.0,270.0,7560.0,-157.8,-5.64,True
2553,Russia & Caspian,Uzbekistan,Downstream oil,Downstream,Oil,Continuous LDAR,-3.0,160.0,4480.0,-157.8,-5.64,True
2554,Russia & Caspian,Uzbekistan,Downstream gas,Downstream,Gas,Continuous LDAR,-3.0,28650.0,802200.0,-157.8,-5.64,True
2555,Russia & Caspian,Uzbekistan,Downstream gas,Downstream,Gas,Replace with electric motor,-2.99,44190.0,1237320.0,-157.27,-5.62,True
2556,Middle East,Saudi Arabia,Onshore conventional gas,Upstream,Gas,Replace with electric motor,-2.99,13130.0,367640.0,-157.27,-5.62,True
2557,Middle East,Saudi Arabia,Unconventional gas,Upstream,Gas,Replace with electric motor,-2.99,3610.0,101080.0,-157.27,-5.62,True
2558,Asia Pacific,Pakistan,Onshore conventional oil,Upstream,Oil,Replace with electric motor,-2.99,10830.0,303240.0,-157.27,-5.62,True
2559,Africa,Congo,Onshore conventional gas,Upstream,Gas,Replace with electric motor,-2.99,110.0,3080.0,-157.27,-5.62,True
2560,Africa,Cameroon,Onshore conventional gas,Upstream,Gas,Replace with electric motor,-2.99,10.0,280.0,-157.27,-5.62,True
2561,Middle East,Iran,Onshore conventional oil,Upstream,Oil,Replace with electric motor,-2.98,343080.0,9606240.0,-156.75,-5.6,True
2562,Africa,Egypt,Offshore oil,Upstream,Oil,Associated gas utilisation,-2.98,27910.0,781480.0,-156.75,-5.6,True
2563,Asia Pacific,India,Unconventional gas,Upstream,Gas,Install plunger,-2.98,220.0,6160.0,-156.75,-5.6,True
2564,Asia Pacific,India,Onshore conventional gas,Upstream,Gas,Install plunger,-2.98,470.0,13160.0,-156.75,-5.6,True
2565,Middle East,Jordan,Downstream gas,Downstream,Gas,Vapour recovery units,-2.97,10.0,280.0,-156.22,-5.58,True
2566,Africa,Botswana,Downstream oil,Downstream,Oil,Vapour recovery units,-2.97,20.0,560.0,-156.22,-5.58,True
2567,Middle East,Oman,Onshore conventional gas,Upstream,Gas,Replace with electric motor,-2.97,17490.0,489720.0,-156.22,-5.58,True
2568,Africa,Namibia,Downstream oil,Downstream,Oil,Vapour recovery units,-2.97,30.0,840.0,-156.22,-5.58,True
2569,Europe,Romania,Downstream gas,Downstream,Gas,Quarterly LDAR,-2.97,7350.0,205800.0,-156.22,-5.58,True
2570,Europe,Romania,Downstream oil,Downstream,Oil,Quarterly LDAR,-2.97,1430.0,40040.0,-156.22,-5.58,True
2571,Europe,United Kingdom,Downstream oil,Downstream,Oil,Vapour recovery units,-2.97,1200.0,33600.0,-156.22,-5.58,True
2572,Middle East,United Arab Emirates,Offshore gas,Upstream,Gas,Replace with electric motor,-2.96,700.0,19600.0,-155.7,-5.56,True
2573,Middle East,Qatar,Offshore oil,Upstream,Oil,Replace with electric motor,-2.96,4780.0,133840.0,-155.7,-5.56,True
2574,Middle East,Qatar,Offshore gas,Upstream,Gas,Replace with electric motor,-2.96,7570.0,211960.0,-155.7,-5.56,True
2575,Middle East,Oman,Unconventional gas,Upstream,Gas,Replace with electric motor,-2.96,12060.0,337680.0,-155.7,-5.56,True
2576,Central and South America,Argentina,Offshore oil,Upstream,Oil,Associated gas utilisation,-2.96,3910.0,109480.0,-155.7,-5.56,True
2577,Central and South America,Cuba,Onshore conventional oil,Upstream,Oil,Replace with electric motor,-2.96,680.0,19040.0,-155.7,-5.56,True
2578,Africa,Cameroon,Offshore oil,Upstream,Oil,Vapour recovery units,-2.95,13340.0,373520.0,-155.17,-5.54,True
2579,Europe,Norway,Offshore gas,Upstream,Gas,Replace with electric motor,-2.95,230.0,6440.0,-155.17,-5.54,True
2580,Central and South America,Peru,Offshore oil,Upstream,Oil,Associated gas utilisation,-2.95,540.0,15120.0,-155.17,-5.54,True
2581,Other,Other,Offshore gas,Upstream,Gas,Associated gas utilisation,-2.95,520.0,14560.0,-155.17,-5.54,True
2582,Europe,Other EU17 countries,Offshore oil,Upstream,Oil,Associated gas utilisation,-2.94,150.0,4200.0,-154.64,-5.52,True
2583,Africa,Nigeria,Offshore gas,Upstream,Gas,Other,-2.94,330.0,9240.0,-154.64,-5.52,True
2584,Middle East,Kuwait,Onshore conventional gas,Upstream,Gas,Vapour recovery units,-2.94,2580.0,72240.0,-154.64,-5.52,True
2585,Middle East,Iraq,Onshore conventional oil,Upstream,Oil,Replace with electric motor,-2.94,89610.0,2509080.0,-154.64,-5.52,True
2586,Middle East,Yemen,Onshore conventional oil,Upstream,Oil,Replace with electric motor,-2.94,22360.0,626080.0,-154.64,-5.52,True
2587,Asia Pacific,China,Unconventional gas,Upstream,Gas,Other,-2.93,20870.0,584360.0,-154.12,-5.5,True
2588,Africa,Nigeria,Offshore oil,Upstream,Oil,Vapour recovery units,-2.93,134810.0,3774680.0,-154.12,-5.5,True
2589,Asia Pacific,New Zealand,Onshore conventional oil,Upstream,Oil,Replace with electric motor,-2.93,150.0,4200.0,-154.12,-5.5,True
2590,Middle East,United Arab Emirates,Onshore conventional gas,Upstream,Gas,Replace with electric motor,-2.92,12480.0,349440.0,-153.59,-5.49,True
2591,Russia & Caspian,Azerbaijan,Downstream oil,Downstream,Oil,Vapour recovery units,-2.92,340.0,9520.0,-153.59,-5.49,True
2592,Central and South America,Cuba,Downstream gas,Downstream,Gas,Replace with electric motor,-2.91,280.0,7840.0,-153.07,-5.47,True
2593,Middle East,Qatar,Onshore conventional gas,Upstream,Gas,Replace with electric motor,-2.91,1380.0,38640.0,-153.07,-5.47,True
2594,Europe,Romania,Offshore gas,Upstream,Gas,Associated gas utilisation,-2.91,3890.0,108920.0,-153.07,-5.47,True
2595,Asia Pacific,Bangladesh,Onshore conventional gas,Upstream,Gas,Replace with electric motor,-2.9,13690.0,383320.0,-152.54,-5.45,True
2596,Africa,Angola,Offshore oil,Upstream,Oil,Replace compressor seal or rod,-2.9,20.0,560.0,-152.54,-5.45,True
2597,Asia Pacific,Australia,Unconventional gas,Upstream,Gas,Vapour recovery units,-2.89,14590.0,408520.0,-152.01,-5.43,True
2598,Russia & Caspian,Turkmenistan,Downstream oil,Downstream,Oil,Vapour recovery units,-2.89,1410.0,39480.0,-152.01,-5.43,True
2599,Other,Other,Downstream oil,Downstream,Oil,Vapour recovery units,-2.89,790.0,22120.0,-152.01,-5.43,True
2600,Other,Other,Onshore conventional gas,Upstream,Gas,Replace with electric motor,-2.88,3410.0,95480.0,-151.49,-5.41,True
2601,Middle East,Syria,Onshore conventional oil,Upstream,Oil,Replace with electric motor,-2.88,52380.0,1466640.0,-151.49,-5.41,True
2602,Middle East,Bahrain,Onshore conventional oil,Upstream,Oil,Replace with electric motor,-2.88,14780.0,413840.0,-151.49,-5.41,True
2603,Europe,Italy,Offshore oil,Upstream,Oil,Other,-2.88,10.0,280.0,-151.49,-5.41,True
2604,Middle East,Jordan,Onshore conventional gas,Upstream,Gas,Replace with electric motor,-2.88,100.0,2800.0,-151.49,-5.41,True
2605,Asia Pacific,Indonesia,Downstream gas,Downstream,Gas,Replace with electric motor,-2.88,17050.0,477400.0,-151.49,-5.41,True
2606,Middle East,Jordan,Unconventional gas,Upstream,Gas,Replace with electric motor,-2.87,30.0,840.0,-150.96,-5.39,True
2607,Russia & Caspian,Kazakhstan,Downstream oil,Downstream,Oil,Vapour recovery units,-2.87,980.0,27440.0,-150.96,-5.39,True
2608,Middle East,Saudi Arabia,Downstream gas,Downstream,Gas,Replace with electric motor,-2.87,8750.0,245000.0,-150.96,-5.39,True
2609,Asia Pacific,Viet Nam,Offshore oil,Upstream,Oil,Associated gas utilisation,-2.87,23220.0,650160.0,-150.96,-5.39,True
2610,Russia & Caspian,Russia,Onshore conventional oil,Upstream,Oil,Annual LDAR,-2.86,16080.0,450240.0,-150.44,-5.37,True
2611,Russia & Caspian,Russia,Unconventional gas,Upstream,Gas,Annual LDAR,-2.86,1430.0,40040.0,-150.44,-5.37,True
2612,Russia & Caspian,Russia,Onshore conventional gas,Upstream,Gas,Annual LDAR,-2.86,11480.0,321440.0,-150.44,-5.37,True
2613,Asia Pacific,Pakistan,Unconventional gas,Upstream,Gas,Vapour recovery units,-2.86,1030.0,28840.0,-150.44,-5.37,True
2614,Asia Pacific,Other countries in Southeast Asia,Onshore conventional oil,Upstream,Oil,Other,-2.85,220.0,6160.0,-149.91,-5.35,True
2615,Asia Pacific,New Zealand,Downstream gas,Downstream,Gas,Replace with electric motor,-2.85,450.0,12600.0,-149.91,-5.35,True
2616,Africa,Botswana,Unconventional gas,Upstream,Gas,Replace with instrument air systems,-2.85,230.0,6440.0,-149.91,-5.35,True
2617,Middle East,Oman,Downstream gas,Downstream,Gas,Replace with electric motor,-2.84,5900.0,165200.0,-149.38,-5.34,True
2618,Russia & Caspian,Russia,Onshore conventional oil,Upstream,Oil,Blowdown capture,-2.84,5180.0,145040.0,-149.38,-5.34,True
2619,Africa,Senegal,Offshore oil,Upstream,Oil,Replace with electric motor,-2.82,490.0,13720.0,-148.33,-5.3,True
2620,Central and South America,Cuba,Downstream oil,Downstream,Oil,Vapour recovery units,-2.82,240.0,6720.0,-148.33,-5.3,True
2621,Africa,Libya,Offshore oil,Upstream,Oil,Associated gas utilisation,-2.82,4570.0,127960.0,-148.33,-5.3,True
2622,Middle East,Yemen,Onshore conventional gas,Upstream,Gas,Replace with electric motor,-2.82,50.0,1400.0,-148.33,-5.3,True
2623,Middle East,Jordan,Downstream gas,Downstream,Gas,Replace with electric motor,-2.81,1370.0,38360.0,-147.81,-5.28,True
2624,Europe,Other EU7 countries,Onshore conventional oil,Upstream,Oil,Other,-2.81,190.0,5320.0,-147.81,-5.28,True
2625,Europe,Other countries in Europe,Downstream oil,Downstream,Oil,Vapour recovery units,-2.81,1570.0,43960.0,-147.81,-5.28,True
2626,Other,Other,Onshore conventional oil,Upstream,Oil,Replace with electric motor,-2.8,500.0,14000.0,-147.28,-5.26,True
2627,Central and South America,Peru,Onshore conventional gas,Upstream,Gas,Replace pumps,-2.8,1770.0,49560.0,-147.28,-5.26,True
2628,Central and South America,Trinidad and Tobago,Onshore conventional gas,Upstream,Gas,Replace pumps,-2.8,100.0,2800.0,-147.28,-5.26,True
2629,Central and South America,Ecuador,Onshore conventional gas,Upstream,Gas,Replace pumps,-2.8,20.0,560.0,-147.28,-5.26,True
2630,Africa,Egypt,Offshore gas,Upstream,Gas,Replace with electric motor,-2.8,1900.0,53200.0,-147.28,-5.26,True
2631,Central and South America,Cuba,Onshore conventional gas,Upstream,Gas,Replace pumps,-2.8,120.0,3360.0,-147.28,-5.26,True
2632,Central and South America,Bolivia,Onshore conventional gas,Upstream,Gas,Replace pumps,-2.8,760.0,21280.0,-147.28,-5.26,True
2633,Central and South America,Argentina,Unconventional gas,Upstream,Gas,Replace pumps,-2.8,5670.0,158760.0,-147.28,-5.26,True
2634,Central and South America,Argentina,Onshore conventional gas,Upstream,Gas,Replace pumps,-2.8,990.0,27720.0,-147.28,-5.26,True
2635,Central and South America,Venezuela,Onshore conventional gas,Upstream,Gas,Replace pumps,-2.8,3860.0,108080.0,-147.28,-5.26,True
2636,Russia & Caspian,Kazakhstan,Onshore conventional oil,Upstream,Oil,Replace pumps,-2.79,41580.0,1164240.0,-146.75,-5.24,True
2637,Asia Pacific,Thailand,Onshore conventional oil,Upstream,Oil,Replace with electric motor,-2.79,3750.0,105000.0,-146.75,-5.24,True
2638,Middle East,United Arab Emirates,Downstream gas,Downstream,Gas,Replace with electric motor,-2.79,7360.0,206080.0,-146.75,-5.24,True
2639,Middle East,Qatar,Downstream gas,Downstream,Gas,Replace with electric motor,-2.79,6800.0,190400.0,-146.75,-5.24,True
2640,Other,Other,Offshore oil,Upstream,Oil,Associated gas utilisation,-2.79,30.0,840.0,-146.75,-5.24,True
2641,Other,Other,Downstream oil,Downstream,Oil,Vapour recovery units,-2.78,50.0,1400.0,-146.23,-5.22,True
2642,Other,Other,Downstream oil,Downstream,Oil,Replace with electric motor,-2.78,1030.0,28840.0,-146.23,-5.22,True
2643,Central and South America,Peru,Downstream oil,Downstream,Oil,Replace with electric motor,-2.78,520.0,14560.0,-146.23,-5.22,True
2644,Central and South America,Paraguay,Downstream oil,Downstream,Oil,Replace with electric motor,-2.78,80.0,2240.0,-146.23,-5.22,True
2645,Central and South America,Trinidad and Tobago,Downstream oil,Downstream,Oil,Replace with electric motor,-2.78,90.0,2520.0,-146.23,-5.22,True
2646,Central and South America,Ecuador,Downstream oil,Downstream,Oil,Replace with electric motor,-2.78,810.0,22680.0,-146.23,-5.22,True
2647,Africa,Equatorial Guinea,Offshore gas,Upstream,Gas,Replace with electric motor,-2.78,750.0,21000.0,-146.23,-5.22,True
2648,Central and South America,Guyana,Downstream oil,Downstream,Oil,Replace with electric motor,-2.78,60.0,1680.0,-146.23,-5.22,True
2649,Africa,Ghana,Offshore gas,Upstream,Gas,Replace with electric motor,-2.78,100.0,2800.0,-146.23,-5.22,True
2650,Central and South America,Argentina,Downstream oil,Downstream,Oil,Replace with electric motor,-2.78,1480.0,41440.0,-146.23,-5.22,True
2651,Central and South America,Bolivia,Downstream oil,Downstream,Oil,Replace with electric motor,-2.78,640.0,17920.0,-146.23,-5.22,True
2652,Central and South America,Cuba,Downstream oil,Downstream,Oil,Replace with electric motor,-2.78,200.0,5600.0,-146.23,-5.22,True
2653,Africa,Cote d'Ivoire,Offshore gas,Upstream,Gas,Replace with electric motor,-2.78,120.0,3360.0,-146.23,-5.22,True
2654,Africa,Congo,Offshore gas,Upstream,Gas,Replace with electric motor,-2.78,30.0,840.0,-146.23,-5.22,True
2655,Africa,Cameroon,Offshore gas,Upstream,Gas,Replace with electric motor,-2.78,150.0,4200.0,-146.23,-5.22,True
2656,Central and South America,Venezuela,Downstream oil,Downstream,Oil,Replace with electric motor,-2.78,2350.0,65800.0,-146.23,-5.22,True
2657,Central and South America,Uruguay,Downstream oil,Downstream,Oil,Replace with electric motor,-2.78,50.0,1400.0,-146.23,-5.22,True
2658,Africa,Cote d'Ivoire,Offshore oil,Upstream,Oil,Replace with electric motor,-2.77,140.0,3920.0,-145.7,-5.2,True
2659,Central and South America,Ecuador,Offshore gas,Upstream,Gas,Replace with electric motor,-2.77,20.0,560.0,-145.7,-5.2,True
2660,Middle East,Jordan,Downstream oil,Downstream,Oil,Vapour recovery units,-2.77,160.0,4480.0,-145.7,-5.2,True
2661,Middle East,Iran,Offshore oil,Upstream,Oil,Associated gas utilisation,-2.77,248890.0,6968920.0,-145.7,-5.2,True
2662,Middle East,Iran,Offshore gas,Upstream,Gas,Associated gas utilisation,-2.77,217690.0,6095320.0,-145.7,-5.2,True
2663,Middle East,United Arab Emirates,Onshore conventional oil,Upstream,Oil,Replace with electric motor,-2.77,68090.0,1906520.0,-145.7,-5.2,True
2664,Africa,Senegal,Onshore conventional gas,Upstream,Gas,Replace with electric motor,-2.77,1490.0,41720.0,-145.7,-5.2,True
2665,Africa,Mozambique,Onshore conventional oil,Upstream,Oil,Other,-2.77,1420.0,39760.0,-145.7,-5.2,True
2666,Europe,United Kingdom,Downstream gas,Downstream,Gas,Quarterly LDAR,-2.76,10720.0,300160.0,-145.18,-5.18,True
2667,Europe,United Kingdom,Downstream oil,Downstream,Oil,Quarterly LDAR,-2.76,460.0,12880.0,-145.18,-5.18,True
2668,Africa,Tunisia,Offshore gas,Upstream,Gas,Replace with electric motor,-2.76,50.0,1400.0,-145.18,-5.18,True
2669,Africa,Ghana,Offshore oil,Upstream,Oil,Associated gas utilisation,-2.76,13040.0,365120.0,-145.18,-5.18,True
2670,Africa,Egypt,Onshore conventional gas,Upstream,Gas,Replace with electric motor,-2.75,5890.0,164920.0,-144.65,-5.17,True
2671,Europe,Israel,Downstream gas,Downstream,Gas,Quarterly LDAR,-2.75,2020.0,56560.0,-144.65,-5.17,True
2672,Europe,Israel,Downstream oil,Downstream,Oil,Quarterly LDAR,-2.75,60.0,1680.0,-144.65,-5.17,True
2673,Africa,Egypt,Unconventional gas,Upstream,Gas,Replace with electric motor,-2.74,850.0,23800.0,-144.12,-5.15,True
2674,Europe,Romania,Onshore conventional oil,Upstream,Oil,Replace with electric motor,-2.74,6380.0,178640.0,-144.12,-5.15,True
2675,North America,Mexico,Satellite - upstream,Upstream,Gas,Daily LDAR,-2.74,55760.0,1561280.0,-144.12,-5.15,True
2676,Africa,Nigeria,Offshore gas,Upstream,Gas,Associated gas utilisation,-2.74,17350.0,485800.0,-144.12,-5.15,True
2677,Asia Pacific,Pakistan,Unconventional gas,Upstream,Gas,Install plunger,-2.73,40.0,1120.0,-143.6,-5.13,True
2678,Asia Pacific,Pakistan,Onshore conventional gas,Upstream,Gas,Install plunger,-2.73,990.0,27720.0,-143.6,-5.13,True
2679,Africa,Gabon,Offshore oil,Upstream,Oil,Associated gas utilisation,-2.73,28820.0,806960.0,-143.6,-5.13,True
2680,Asia Pacific,India,Downstream oil,Downstream,Oil,Vapour recovery units,-2.73,26090.0,730520.0,-143.6,-5.13,True
2681,Asia Pacific,Bangladesh,Onshore conventional gas,Upstream,Gas,Install plunger,-2.73,490.0,13720.0,-143.6,-5.13,True
2682,Africa,Angola,Offshore gas,Upstream,Gas,Vapour recovery units,-2.72,70.0,1960.0,-143.07,-5.11,True
2683,Africa,Tanzania,Onshore conventional gas,Upstream,Gas,Vapour recovery units,-2.72,280.0,7840.0,-143.07,-5.11,True
2684,Middle East,United Arab Emirates,Offshore oil,Upstream,Oil,Associated gas utilisation,-2.72,124650.0,3490200.0,-143.07,-5.11,True
2685,Asia Pacific,Bangladesh,Downstream gas,Downstream,Gas,Replace with electric motor,-2.71,7510.0,210280.0,-142.55,-5.09,True
2686,Africa,Gabon,Downstream oil,Downstream,Oil,Vapour recovery units,-2.71,260.0,7280.0,-142.55,-5.09,True
2687,Central and South America,Ecuador,Onshore conventional gas,Upstream,Gas,Replace with electric motor,-2.71,130.0,3640.0,-142.55,-5.09,True
2688,Asia Pacific,Indonesia,Onshore conventional gas,Upstream,Gas,Install plunger,-2.71,800.0,22400.0,-142.55,-5.09,True
2689,Europe,Denmark,Downstream oil,Downstream,Oil,Vapour recovery units,-2.7,130.0,3640.0,-142.02,-5.07,True
2690,Asia Pacific,Australia,Offshore oil,Upstream,Oil,Biannual LDAR,-2.7,270.0,7560.0,-142.02,-5.07,True
2691,Asia Pacific,Australia,Offshore gas,Upstream,Gas,Biannual LDAR,-2.7,2220.0,62160.0,-142.02,-5.07,True
2692,Central and South America,Colombia,Offshore gas,Upstream,Gas,Replace with electric motor,-2.7,420.0,11760.0,-142.02,-5.07,True
2693,Africa,Chad,Onshore conventional oil,Upstream,Oil,Replace with electric motor,-2.7,10600.0,296800.0,-142.02,-5.07,True
2694,Africa,Tunisia,Onshore conventional gas,Upstream,Gas,Replace with electric motor,-2.7,900.0,25200.0,-142.02,-5.07,True
2695,Other,Other,Downstream oil,Downstream,Oil,Continuous LDAR,-2.7,310.0,8680.0,-142.02,-5.07,True
2696,Other,Other,Downstream gas,Downstream,Gas,Continuous LDAR,-2.7,4550.0,127400.0,-142.02,-5.07,True
2697,Asia Pacific,Malaysia,Onshore conventional oil,Upstream,Oil,Other,-2.7,740.0,20720.0,-142.02,-5.07,True
2698,Africa,Mozambique,Onshore conventional gas,Upstream,Gas,Install plunger,-2.69,290.0,8120.0,-141.49,-5.05,True
2699,Europe,Norway,Downstream gas,Downstream,Gas,Replace with electric motor,-2.69,40.0,1120.0,-141.49,-5.05,True
2700,Africa,Nigeria,Onshore conventional gas,Upstream,Gas,Install plunger,-2.69,1160.0,32480.0,-141.49,-5.05,True
2701,Other,Other,Offshore gas,Upstream,Gas,Replace with electric motor,-2.69,30.0,840.0,-141.49,-5.05,True
2702,Africa,Tanzania,Onshore conventional gas,Upstream,Gas,Install plunger,-2.69,30.0,840.0,-141.49,-5.05,True
2703,Africa,Senegal,Onshore conventional gas,Upstream,Gas,Install plunger,-2.69,50.0,1400.0,-141.49,-5.05,True
2704,Africa,Congo,Onshore conventional gas,Upstream,Gas,Install plunger,-2.69,10.0,280.0,-141.49,-5.05,True
2705,Africa,Angola,Onshore conventional gas,Upstream,Gas,Install plunger,-2.69,30.0,840.0,-141.49,-5.05,True
2706,Africa,Botswana,Unconventional gas,Upstream,Gas,Install plunger,-2.69,10.0,280.0,-141.49,-5.05,True
2707,Africa,Gabon,Onshore conventional gas,Upstream,Gas,Install plunger,-2.69,10.0,280.0,-141.49,-5.05,True
2708,Central and South America,Guyana,Offshore oil,Upstream,Oil,Associated gas utilisation,-2.68,31520.0,882560.0,-140.97,-5.03,True
2709,Middle East,Iran,Offshore gas,Upstream,Gas,Replace with electric motor,-2.68,11130.0,311640.0,-140.97,-5.03,True
2710,Middle East,Iran,Offshore oil,Upstream,Oil,Replace with electric motor,-2.68,12720.0,356160.0,-140.97,-5.03,True
2711,Russia & Caspian,Turkmenistan,Onshore conventional gas,Upstream,Gas,Install plunger,-2.68,11830.0,331240.0,-140.97,-5.03,True
2712,Europe,Other countries in Europe,Onshore conventional oil,Upstream,Oil,Associated gas utilisation,-2.67,1650.0,46200.0,-140.44,-5.02,True
2713,Russia & Caspian,Uzbekistan,Downstream oil,Downstream,Oil,Vapour recovery units,-2.67,930.0,26040.0,-140.44,-5.02,True
2714,Other,Other,Offshore gas,Upstream,Gas,Associated gas utilisation,-2.66,50.0,1400.0,-139.92,-5.0,True
2715,North America,United States,Satellite - upstream,Upstream,Gas,Daily LDAR,-2.66,186000.0,5208000.0,-139.92,-5.0,True
2716,Europe,Poland,Onshore conventional oil,Upstream,Oil,Vapour recovery units,-2.66,550.0,15400.0,-139.92,-5.0,True
2717,Russia & Caspian,Azerbaijan,Downstream gas,Downstream,Gas,Other,-2.66,2380.0,66640.0,-139.92,-5.0,True
2718,Central and South America,Colombia,Onshore conventional gas,Upstream,Gas,Replace with electric motor,-2.66,8290.0,232120.0,-139.92,-5.0,True
2719,Africa,Ghana,Onshore conventional oil,Upstream,Oil,Replace with electric motor,-2.65,2510.0,70280.0,-139.39,-4.98,True
2720,Africa,Egypt,Downstream gas,Downstream,Gas,Replace with electric motor,-2.64,16000.0,448000.0,-138.86,-4.96,True
2721,Africa,Gabon,Downstream gas,Downstream,Gas,Other,-2.64,190.0,5320.0,-138.86,-4.96,True
2722,Middle East,Iran,Onshore conventional gas,Upstream,Gas,Replace with electric motor,-2.64,28370.0,794360.0,-138.86,-4.96,True
2723,Middle East,Iraq,Onshore conventional gas,Upstream,Gas,Replace with electric motor,-2.64,4170.0,116760.0,-138.86,-4.96,True
2724,Central and South America,Brazil,Onshore conventional oil,Upstream,Oil,Other,-2.64,4960.0,138880.0,-138.86,-4.96,True
2725,Africa,Benin,Downstream gas,Downstream,Gas,Other,-2.64,30.0,840.0,-138.86,-4.96,True
2726,Middle East,Syria,Onshore conventional gas,Upstream,Gas,Replace with electric motor,-2.64,14000.0,392000.0,-138.86,-4.96,True
2727,Africa,Mozambique,Downstream gas,Downstream,Gas,Other,-2.64,380.0,10640.0,-138.86,-4.96,True
2728,Africa,South Africa,Onshore conventional oil,Upstream,Oil,Vapour recovery units,-2.63,6500.0,182000.0,-138.34,-4.94,True
2729,Africa,Togo,Downstream gas,Downstream,Gas,Other,-2.63,40.0,1120.0,-138.34,-4.94,True
2730,Africa,Cameroon,Downstream gas,Downstream,Gas,Other,-2.63,140.0,3920.0,-138.34,-4.94,True
2731,Africa,Congo,Downstream gas,Downstream,Gas,Other,-2.63,330.0,9240.0,-138.34,-4.94,True
2732,Africa,Cote d'Ivoire,Downstream gas,Downstream,Gas,Other,-2.63,470.0,13160.0,-138.34,-4.94,True
2733,Asia Pacific,Indonesia,Onshore conventional oil,Upstream,Oil,Replace with electric motor,-2.63,43890.0,1228920.0,-138.34,-4.94,True
2734,Russia & Caspian,Kazakhstan,Onshore conventional gas,Upstream,Gas,Install plunger,-2.63,530.0,14840.0,-138.34,-4.94,True
2735,Africa,Libya,Offshore gas,Upstream,Gas,Replace with electric motor,-2.63,170.0,4760.0,-138.34,-4.94,True
2736,Africa,Equatorial Guinea,Downstream gas,Downstream,Gas,Other,-2.63,620.0,17360.0,-138.34,-4.94,True
2737,Central and South America,Ecuador,Downstream gas,Downstream,Gas,Replace with electric motor,-2.63,120.0,3360.0,-138.34,-4.94,True
2738,Africa,Ghana,Downstream gas,Downstream,Gas,Other,-2.63,790.0,22120.0,-138.34,-4.94,True
2739,Russia & Caspian,Azerbaijan,Onshore conventional oil,Upstream,Oil,Replace pumps,-2.62,930.0,26040.0,-137.81,-4.92,True
2740,Asia Pacific,Malaysia,Downstream gas,Downstream,Gas,Vapour recovery units,-2.62,290.0,8120.0,-137.81,-4.92,True
2741,Africa,Nigeria,Downstream gas,Downstream,Gas,Other,-2.62,4970.0,139160.0,-137.81,-4.92,True
2742,Other,Other,Onshore conventional gas,Upstream,Gas,Replace with electric motor,-2.61,430.0,12040.0,-137.29,-4.9,True
2743,Europe,Other EU17 countries,Offshore oil,Upstream,Oil,Other,-2.61,10.0,280.0,-137.29,-4.9,True
2744,Africa,Angola,Downstream gas,Downstream,Gas,Other,-2.61,120.0,3360.0,-137.29,-4.9,True
2745,Central and South America,Colombia,Onshore conventional gas,Upstream,Gas,Install plunger,-2.61,670.0,18760.0,-137.29,-4.9,True
2746,Central and South America,Ecuador,Offshore oil,Upstream,Oil,Associated gas utilisation,-2.6,790.0,22120.0,-136.76,-4.88,True
2747,Other,Other,Onshore conventional oil,Upstream,Oil,Replace pumps,-2.6,280.0,7840.0,-136.76,-4.88,True
2748,Africa,Tunisia,Downstream gas,Downstream,Gas,Replace with electric motor,-2.6,1740.0,48720.0,-136.76,-4.88,True
2749,Africa,Tunisia,Onshore conventional oil,Upstream,Oil,Replace with electric motor,-2.59,2000.0,56000.0,-136.23,-4.87,True
2750,Africa,Togo,Downstream gas,Downstream,Gas,Replace with electric motor,-2.59,50.0,1400.0,-136.23,-4.87,True
2751,Africa,Equatorial Guinea,Downstream gas,Downstream,Gas,Replace with electric motor,-2.59,760.0,21280.0,-136.23,-4.87,True
2752,Africa,Ghana,Downstream gas,Downstream,Gas,Replace with electric motor,-2.59,960.0,26880.0,-136.23,-4.87,True
2753,Europe,Israel,Offshore gas,Upstream,Gas,Associated gas utilisation,-2.59,7860.0,220080.0,-136.23,-4.87,True
2754,Central and South America,Colombia,Downstream gas,Downstream,Gas,Other,-2.59,5700.0,159600.0,-136.23,-4.87,True
2755,Africa,Congo,Downstream gas,Downstream,Gas,Replace with electric motor,-2.59,400.0,11200.0,-136.23,-4.87,True
2756,Africa,Cote d'Ivoire,Downstream gas,Downstream,Gas,Replace with electric motor,-2.59,580.0,16240.0,-136.23,-4.87,True
2757,Africa,Cameroon,Downstream gas,Downstream,Gas,Replace with electric motor,-2.59,170.0,4760.0,-136.23,-4.87,True
2758,Africa,Algeria,Onshore conventional gas,Upstream,Gas,Replace with electric motor,-2.58,61110.0,1711080.0,-135.71,-4.85,True
2759,Africa,Libya,Onshore conventional gas,Upstream,Gas,Replace with electric motor,-2.58,3060.0,85680.0,-135.71,-4.85,True
2760,Africa,Tanzania,Downstream gas,Downstream,Gas,Other,-2.58,550.0,15400.0,-135.71,-4.85,True
2761,Europe,United Kingdom,Offshore gas,Upstream,Gas,Associated gas utilisation,-2.58,9080.0,254240.0,-135.71,-4.85,True
2762,Russia & Caspian,Turkmenistan,Offshore oil,Upstream,Oil,Vapour recovery units,-2.58,62280.0,1743840.0,-135.71,-4.85,True
2763,Central and South America,Peru,Offshore gas,Upstream,Gas,Replace with electric motor,-2.57,20.0,560.0,-135.18,-4.83,True
2764,Africa,Mozambique,Downstream oil,Downstream,Oil,Vapour recovery units,-2.57,110.0,3080.0,-135.18,-4.83,True
2765,Africa,Algeria,Unconventional gas,Upstream,Gas,Replace with electric motor,-2.57,1020.0,28560.0,-135.18,-4.83,True
2766,Central and South America,Venezuela,Onshore conventional oil,Upstream,Oil,Replace with electric motor,-2.57,391630.0,10965640.0,-135.18,-4.83,True
2767,Central and South America,Colombia,Onshore conventional oil,Upstream,Oil,Replace with electric motor,-2.55,67770.0,1897560.0,-134.13,-4.79,True
2768,Asia Pacific,Philippines,Offshore oil,Upstream,Oil,Other,-2.55,50.0,1400.0,-134.13,-4.79,True
2769,Middle East,United Arab Emirates,Offshore oil,Upstream,Oil,Replace with electric motor,-2.54,6370.0,178360.0,-133.6,-4.77,True
2770,Central and South America,Trinidad and Tobago,Offshore gas,Upstream,Gas,Replace with electric motor,-2.54,1280.0,35840.0,-133.6,-4.77,True
2771,Russia & Caspian,Kazakhstan,Onshore conventional oil,Upstream,Oil,Other,-2.54,27030.0,756840.0,-133.6,-4.77,True
2772,Asia Pacific,Australia,Offshore oil,Upstream,Oil,Vapour recovery units,-2.52,4600.0,128800.0,-132.55,-4.73,True
2773,Central and South America,Trinidad and Tobago,Onshore conventional oil,Upstream,Oil,Replace with electric motor,-2.52,2200.0,61600.0,-132.55,-4.73,True
2774,Asia Pacific,Thailand,Offshore oil,Upstream,Oil,Replace with electric motor,-2.52,1920.0,53760.0,-132.55,-4.73,True
2775,Middle East,Saudi Arabia,Downstream oil,Downstream,Oil,Vapour recovery units,-2.52,1820.0,50960.0,-132.55,-4.73,True
2776,Asia Pacific,New Zealand,Offshore oil,Upstream,Oil,Replace with electric motor,-2.52,30.0,840.0,-132.55,-4.73,True
2777,Central and South America,Peru,Onshore conventional gas,Upstream,Gas,Replace with electric motor,-2.52,13380.0,374640.0,-132.55,-4.73,True
2778,Africa,Senegal,Downstream oil,Downstream,Oil,Vapour recovery units,-2.51,100.0,2800.0,-132.03,-4.72,True
2779,Africa,Congo,Offshore oil,Upstream,Oil,Vapour recovery units,-2.51,48210.0,1349880.0,-132.03,-4.72,True
2780,Asia Pacific,China,Downstream gas,Downstream,Gas,Vapour recovery units,-2.51,1820.0,50960.0,-132.03,-4.72,True
2781,Europe,Italy,Downstream gas,Downstream,Gas,Vapour recovery units,-2.51,160.0,4480.0,-132.03,-4.72,True
2782,Africa,Egypt,Onshore conventional oil,Upstream,Oil,Replace with electric motor,-2.51,30340.0,849520.0,-132.03,-4.72,True
2783,Central and South America,Colombia,Downstream gas,Downstream,Gas,Replace with electric motor,-2.5,6940.0,194320.0,-131.5,-4.7,True
2784,Central and South America,Bolivia,Onshore conventional oil,Upstream,Oil,Replace with electric motor,-2.5,3940.0,110320.0,-131.5,-4.7,True
2785,Africa,Sudan,Onshore conventional oil,Upstream,Oil,Replace with electric motor,-2.5,3640.0,101920.0,-131.5,-4.7,True
2786,Central and South America,Venezuela,Offshore gas,Upstream,Gas,Replace with electric motor,-2.5,850.0,23800.0,-131.5,-4.7,True
2787,Middle East,Syria,Downstream gas,Downstream,Gas,Replace with electric motor,-2.49,5280.0,147840.0,-130.97,-4.68,True
2788,Europe,Other EU17 countries,Unconventional gas,Upstream,Gas,Replace compressor seal or rod,-2.49,30.0,840.0,-130.97,-4.68,True
2789,Europe,Other EU17 countries,Onshore conventional gas,Upstream,Gas,Replace compressor seal or rod,-2.49,140.0,3920.0,-130.97,-4.68,True
2790,Europe,Other countries in Europe,Onshore conventional gas,Upstream,Gas,Replace compressor seal or rod,-2.49,20.0,560.0,-130.97,-4.68,True
2791,Europe,Other countries in Europe,Onshore conventional gas,Upstream,Gas,Replace compressor seal or rod,-2.49,120.0,3360.0,-130.97,-4.68,True
2792,Other,Other,Downstream gas,Downstream,Gas,Replace with electric motor,-2.49,3490.0,97720.0,-130.97,-4.68,True
2793,Africa,Niger,Onshore conventional oil,Upstream,Oil,Other,-2.49,1570.0,43960.0,-130.97,-4.68,True
2794,Africa,Mozambique,Offshore oil,Upstream,Oil,Other,-2.49,250.0,7000.0,-130.97,-4.68,True
2795,Europe,Netherlands,Onshore conventional gas,Upstream,Gas,Replace compressor seal or rod,-2.49,30.0,840.0,-130.97,-4.68,True
2796,Europe,Italy,Onshore conventional gas,Upstream,Gas,Replace compressor seal or rod,-2.49,20.0,560.0,-130.97,-4.68,True
2797,Europe,Italy,Onshore conventional gas,Upstream,Gas,Install plunger,-2.49,10.0,280.0,-130.97,-4.68,True
2798,Middle East,Iran,Downstream gas,Downstream,Gas,Replace with electric motor,-2.49,46280.0,1295840.0,-130.97,-4.68,True
2799,Middle East,Iraq,Downstream gas,Downstream,Gas,Replace with electric motor,-2.49,2460.0,68880.0,-130.97,-4.68,True
2800,Asia Pacific,Korea,Downstream oil,Downstream,Oil,Continuous LDAR,-2.48,340.0,9520.0,-130.45,-4.66,True
2801,Asia Pacific,Korea,Downstream gas,Downstream,Gas,Continuous LDAR,-2.48,5860.0,164080.0,-130.45,-4.66,True
2802,Russia & Caspian,Azerbaijan,Onshore conventional oil,Upstream,Oil,Other,-2.48,600.0,16800.0,-130.45,-4.66,True
2803,Middle East,Bahrain,Onshore conventional gas,Upstream,Gas,Replace with electric motor,-2.48,15590.0,436520.0,-130.45,-4.66,True
2804,Middle East,Oman,Downstream oil,Downstream,Oil,Vapour recovery units,-2.48,520.0,14560.0,-130.45,-4.66,True
2805,Europe,Other EU17 countries,Onshore conventional gas,Upstream,Gas,Install plunger,-2.48,40.0,1120.0,-130.45,-4.66,True
2806,Europe,Other EU17 countries,Unconventional gas,Upstream,Gas,Install plunger,-2.48,10.0,280.0,-130.45,-4.66,True
2807,Central and South America,Trinidad and Tobago,Onshore conventional gas,Upstream,Gas,Replace with electric motor,-2.48,790.0,22120.0,-130.45,-4.66,True
2808,Europe,United Kingdom,Onshore conventional oil,Upstream,Oil,Replace with electric motor,-2.48,470.0,13160.0,-130.45,-4.66,True
2809,Africa,Tunisia,Offshore oil,Upstream,Oil,Replace with electric motor,-2.47,70.0,1960.0,-129.92,-4.64,True
2810,Asia Pacific,Pakistan,Onshore conventional gas,Upstream,Gas,Replace with electric motor,-2.47,27920.0,781760.0,-129.92,-4.64,True
2811,Other,Other,Onshore conventional gas,Upstream,Gas,Replace with electric motor,-2.47,10.0,280.0,-129.92,-4.64,True
2812,Other,Other,Onshore conventional gas,Upstream,Gas,Install plunger,-2.47,20.0,560.0,-129.92,-4.64,True
2813,Other,Other,Offshore oil,Upstream,Oil,Other,-2.47,10.0,280.0,-129.92,-4.64,True
2814,Africa,Algeria,Onshore conventional oil,Upstream,Oil,Replace with electric motor,-2.47,162230.0,4542440.0,-129.92,-4.64,True
2815,Central and South America,Argentina,Unconventional oil,Upstream,Oil,Replace with electric motor,-2.47,84490.0,2365720.0,-129.92,-4.64,True
2816,Central and South America,Argentina,Onshore conventional oil,Upstream,Oil,Replace with electric motor,-2.47,27730.0,776440.0,-129.92,-4.64,True
2817,Asia Pacific,China,Offshore oil,Upstream,Oil,Associated gas utilisation,-2.47,105470.0,2953160.0,-129.92,-4.64,True
2818,Asia Pacific,Brunei,Onshore conventional oil,Upstream,Oil,Other,-2.47,160.0,4480.0,-129.92,-4.64,True
2819,Central and South America,Venezuela,Offshore oil,Upstream,Oil,Replace with electric motor,-2.47,1730.0,48440.0,-129.92,-4.64,True
2820,Central and South America,Argentina,Offshore gas,Upstream,Gas,Replace with electric motor,-2.46,510.0,14280.0,-129.4,-4.62,True
2821,Asia Pacific,Australia,Offshore gas,Upstream,Gas,Replace with electric motor,-2.46,1790.0,50120.0,-129.4,-4.62,True
2822,Africa,Algeria,Downstream gas,Downstream,Gas,Replace with electric motor,-2.46,12280.0,343840.0,-129.4,-4.62,True
2823,Africa,Libya,Downstream gas,Downstream,Gas,Replace with electric motor,-2.46,1770.0,49560.0,-129.4,-4.62,True
2824,Africa,Kenya,Downstream oil,Downstream,Oil,Vapour recovery units,-2.46,250.0,7000.0,-129.4,-4.62,True
2825,Asia Pacific,Indonesia,Onshore conventional oil,Upstream,Oil,Replace pumps,-2.46,24810.0,694680.0,-129.4,-4.62,True
2826,Africa,Equatorial Guinea,Downstream oil,Downstream,Oil,Vapour recovery units,-2.46,30.0,840.0,-129.4,-4.62,True
2827,Africa,Eritrea,Downstream oil,Downstream,Oil,Vapour recovery units,-2.46,20.0,560.0,-129.4,-4.62,True
2828,Africa,Ethiopia,Downstream oil,Downstream,Oil,Vapour recovery units,-2.46,200.0,5600.0,-129.4,-4.62,True
2829,Africa,Ghana,Downstream oil,Downstream,Oil,Vapour recovery units,-2.46,170.0,4760.0,-129.4,-4.62,True
2830,Asia Pacific,Pakistan,Unconventional gas,Upstream,Gas,Replace with electric motor,-2.46,1170.0,32760.0,-129.4,-4.62,True
2831,Europe,Other EU17 countries,Downstream gas,Downstream,Gas,Vapour recovery units,-2.45,230.0,6440.0,-128.87,-4.6,True
2832,Other,Other,Downstream gas,Downstream,Gas,Replace with electric motor,-2.45,7020.0,196560.0,-128.87,-4.6,True
2833,Africa,Morocco,Onshore conventional gas,Upstream,Gas,Replace with electric motor,-2.45,20.0,560.0,-128.87,-4.6,True
2834,Africa,Nigeria,Onshore conventional oil,Upstream,Oil,Replace with electric motor,-2.44,113710.0,3183880.0,-128.34,-4.58,True
2835,Africa,Angola,Offshore gas,Upstream,Gas,Associated gas utilisation,-2.44,110.0,3080.0,-128.34,-4.58,True
2836,Central and South America,Venezuela,Onshore conventional gas,Upstream,Gas,Replace with electric motor,-2.44,29210.0,817880.0,-128.34,-4.58,True
2837,Asia Pacific,Australia,Onshore conventional gas,Upstream,Gas,Replace with electric motor,-2.43,990.0,27720.0,-127.82,-4.56,True
2838,Central and South America,Ecuador,Downstream oil,Downstream,Oil,Vapour recovery units,-2.43,940.0,26320.0,-127.82,-4.56,True
2839,Africa,Nigeria,Offshore gas,Upstream,Gas,Replace with electric motor,-2.43,890.0,24920.0,-127.82,-4.56,True
2840,Africa,Libya,Onshore conventional oil,Upstream,Oil,Replace with electric motor,-2.43,105340.0,2949520.0,-127.82,-4.56,True
2841,Other,Other,Onshore conventional oil,Upstream,Oil,Replace pumps,-2.43,330.0,9240.0,-127.82,-4.56,True
2842,Central and South America,Trinidad and Tobago,Offshore oil,Upstream,Oil,Replace with electric motor,-2.43,240.0,6720.0,-127.82,-4.56,True
2843,Asia Pacific,Indonesia,Offshore oil,Upstream,Oil,Associated gas utilisation,-2.42,16480.0,461440.0,-127.29,-4.55,True
2844,Asia Pacific,Australia,Unconventional gas,Upstream,Gas,Replace with electric motor,-2.41,16640.0,465920.0,-126.77,-4.53,True
2845,Central and South America,Argentina,Onshore conventional gas,Upstream,Gas,Replace with electric motor,-2.41,7450.0,208600.0,-126.77,-4.53,True
2846,Central and South America,Colombia,Onshore conventional oil,Upstream,Oil,Replace pumps,-2.41,58350.0,1633800.0,-126.77,-4.53,True
2847,Middle East,United Arab Emirates,Downstream oil,Downstream,Oil,Vapour recovery units,-2.41,760.0,21280.0,-126.77,-4.53,True
2848,Central and South America,Peru,Downstream gas,Downstream,Gas,Replace with electric motor,-2.41,2300.0,64400.0,-126.77,-4.53,True
2849,Europe,Netherlands,Downstream oil,Downstream,Oil,Vapour recovery units,-2.4,160.0,4480.0,-126.24,-4.51,True
2850,Middle East,Qatar,Downstream oil,Downstream,Oil,Vapour recovery units,-2.4,340.0,9520.0,-126.24,-4.51,True
2851,Africa,Cameroon,Offshore oil,Upstream,Oil,Associated gas utilisation,-2.4,19520.0,546560.0,-126.24,-4.51,True
2852,Central and South America,Argentina,Unconventional gas,Upstream,Gas,Replace with electric motor,-2.4,42490.0,1189720.0,-126.24,-4.51,True
2853,Africa,Egypt,Offshore oil,Upstream,Oil,Replace with electric motor,-2.39,1430.0,40040.0,-125.71,-4.49,True
2854,Africa,Nigeria,Onshore conventional gas,Upstream,Gas,Replace with electric motor,-2.39,32590.0,912520.0,-125.71,-4.49,True
2855,Africa,Nigeria,Offshore oil,Upstream,Oil,Associated gas utilisation,-2.39,197210.0,5521880.0,-125.71,-4.49,True
2856,Asia Pacific,New Zealand,Offshore gas,Upstream,Gas,Associated gas utilisation,-2.39,920.0,25760.0,-125.71,-4.49,True
2857,Other,Other,Downstream gas,Downstream,Gas,Replace with electric motor,-2.38,1210.0,33880.0,-125.19,-4.47,True
2858,Europe,Romania,Offshore oil,Upstream,Oil,Replace with electric motor,-2.38,80.0,2240.0,-125.19,-4.47,True
2859,Central and South America,Trinidad and Tobago,Downstream gas,Downstream,Gas,Replace with electric motor,-2.38,3470.0,97160.0,-125.19,-4.47,True
2860,Central and South America,Peru,Onshore conventional oil,Upstream,Oil,Replace with electric motor,-2.37,7120.0,199360.0,-124.66,-4.45,True
2861,Middle East,Lebanon,Downstream oil,Downstream,Oil,Vapour recovery units,-2.37,150.0,4200.0,-124.66,-4.45,True
2862,Central and South America,Argentina,Offshore oil,Upstream,Oil,Replace with electric motor,-2.36,200.0,5600.0,-124.14,-4.43,True
2863,Central and South America,Cuba,Onshore conventional oil,Upstream,Oil,Other,-2.36,250.0,7000.0,-124.14,-4.43,True
2864,Central and South America,Cuba,Offshore oil,Upstream,Oil,Other,-2.36,80.0,2240.0,-124.14,-4.43,True
2865,Central and South America,Paraguay,Downstream oil,Downstream,Oil,Vapour recovery units,-2.36,50.0,1400.0,-124.14,-4.43,True
2866,Russia & Caspian,Uzbekistan,Onshore conventional gas,Upstream,Gas,Install plunger,-2.36,6480.0,181440.0,-124.14,-4.43,True
2867,Russia & Caspian,Russia,Onshore conventional gas,Upstream,Gas,Biannual LDAR,-2.35,34430.0,964040.0,-123.61,-4.41,True
2868,Russia & Caspian,Russia,Offshore gas,Upstream,Gas,Replace compressor seal or rod,-2.35,30.0,840.0,-123.61,-4.41,True
2869,Russia & Caspian,Russia,Unconventional gas,Upstream,Gas,Biannual LDAR,-2.35,4290.0,120120.0,-123.61,-4.41,True
2870,Russia & Caspian,Russia,Onshore conventional oil,Upstream,Oil,Biannual LDAR,-2.35,48240.0,1350720.0,-123.61,-4.41,True
2871,Africa,Ghana,Offshore oil,Upstream,Oil,Replace with electric motor,-2.35,670.0,18760.0,-123.61,-4.41,True
2872,Africa,Gabon,Onshore conventional oil,Upstream,Oil,Replace with electric motor,-2.34,15260.0,427280.0,-123.08,-4.4,True
2873,Middle East,Kuwait,Onshore conventional gas,Upstream,Gas,Install plunger,-2.34,300.0,8400.0,-123.08,-4.4,True
2874,Asia Pacific,Indonesia,Downstream oil,Downstream,Oil,Vapour recovery units,-2.34,3590.0,100520.0,-123.08,-4.4,True
2875,Middle East,Iraq,Onshore conventional gas,Upstream,Gas,Install plunger,-2.34,150.0,4200.0,-123.08,-4.4,True
2876,Middle East,Iran,Onshore conventional gas,Upstream,Gas,Install plunger,-2.34,1010.0,28280.0,-123.08,-4.4,True
2877,Middle East,Bahrain,Onshore conventional gas,Upstream,Gas,Install plunger,-2.34,550.0,15400.0,-123.08,-4.4,True
2878,Middle East,Saudi Arabia,Onshore conventional gas,Upstream,Gas,Install plunger,-2.34,470.0,13160.0,-123.08,-4.4,True
2879,Middle East,Saudi Arabia,Unconventional gas,Upstream,Gas,Install plunger,-2.34,130.0,3640.0,-123.08,-4.4,True
2880,Middle East,Syria,Onshore conventional gas,Upstream,Gas,Install plunger,-2.34,500.0,14000.0,-123.08,-4.4,True
2881,Middle East,Qatar,Onshore conventional gas,Upstream,Gas,Install plunger,-2.34,50.0,1400.0,-123.08,-4.4,True
2882,Middle East,United Arab Emirates,Onshore conventional gas,Upstream,Gas,Install plunger,-2.34,440.0,12320.0,-123.08,-4.4,True
2883,Middle East,Oman,Onshore conventional gas,Upstream,Gas,Install plunger,-2.34,620.0,17360.0,-123.08,-4.4,True
2884,Middle East,Oman,Unconventional gas,Upstream,Gas,Install plunger,-2.34,430.0,12040.0,-123.08,-4.4,True
2885,Other,Other,Downstream gas,Downstream,Gas,Other,-2.34,1980.0,55440.0,-123.08,-4.4,True
2886,Central and South America,Venezuela,Downstream gas,Downstream,Gas,Replace with electric motor,-2.34,9960.0,278880.0,-123.08,-4.4,True
2887,Central and South America,Uruguay,Downstream gas,Downstream,Gas,Replace with electric motor,-2.33,40.0,1120.0,-122.56,-4.38,True
2888,North America,Canada,Unconventional oil,Upstream,Oil,Replace pumps,-2.33,16220.0,454160.0,-122.56,-4.38,True
2889,North America,Canada,Onshore conventional oil,Upstream,Oil,Replace pumps,-2.33,125700.0,3519600.0,-122.56,-4.38,True
2890,Asia Pacific,Japan,Downstream gas,Downstream,Gas,Continuous LDAR,-2.33,7830.0,219240.0,-122.56,-4.38,True
2891,Asia Pacific,Japan,Downstream oil,Downstream,Oil,Continuous LDAR,-2.33,380.0,10640.0,-122.56,-4.38,True
2892,Africa,Egypt,Downstream oil,Downstream,Oil,Vapour recovery units,-2.33,2330.0,65240.0,-122.56,-4.38,True
2893,North America,Mexico,Satellite - downstream,Downstream,Oil,Daily LDAR,-2.32,11360.0,318080.0,-122.03,-4.36,True
2894,North America,Mexico,Unconventional gas,Upstream,Gas,Annual LDAR,-2.32,10.0,280.0,-122.03,-4.36,True
2895,North America,Mexico,Onshore conventional gas,Upstream,Gas,Annual LDAR,-2.32,400.0,11200.0,-122.03,-4.36,True
2896,North America,Mexico,Onshore conventional oil,Upstream,Oil,Annual LDAR,-2.32,860.0,24080.0,-122.03,-4.36,True
2897,Russia & Caspian,Turkmenistan,Downstream gas,Downstream,Gas,Other,-2.32,34380.0,962640.0,-122.03,-4.36,True
2898,Africa,Tunisia,Downstream gas,Downstream,Gas,Other,-2.31,1430.0,40040.0,-121.51,-4.34,True
2899,Africa,South Sudan,Onshore conventional oil,Upstream,Oil,Replace with electric motor,-2.31,10590.0,296520.0,-121.51,-4.34,True
2900,Africa,Morocco,Downstream gas,Downstream,Gas,Replace with electric motor,-2.31,170.0,4760.0,-121.51,-4.34,True
2901,Africa,Egypt,Downstream gas,Downstream,Gas,Other,-2.31,12990.0,363720.0,-121.51,-4.34,True
2902,Middle East,Bahrain,Downstream gas,Downstream,Gas,Replace with electric motor,-2.31,3510.0,98280.0,-121.51,-4.34,True
2903,Central and South America,Bolivia,Onshore conventional gas,Upstream,Gas,Replace with electric motor,-2.3,5730.0,160440.0,-120.98,-4.32,True
2904,Africa,Algeria,Downstream gas,Downstream,Gas,Other,-2.3,9970.0,279160.0,-120.98,-4.32,True
2905,Africa,Libya,Downstream gas,Downstream,Gas,Other,-2.3,1440.0,40320.0,-120.98,-4.32,True
2906,Africa,Morocco,Downstream gas,Downstream,Gas,Other,-2.3,140.0,3920.0,-120.98,-4.32,True
2907,Central and South America,Peru,Offshore oil,Upstream,Oil,Replace with electric motor,-2.3,30.0,840.0,-120.98,-4.32,True
2908,Central and South America,Argentina,Downstream gas,Downstream,Gas,Replace with electric motor,-2.29,12860.0,360080.0,-120.45,-4.3,True
2909,Asia Pacific,China,Onshore conventional oil,Upstream,Oil,Replace with electric motor,-2.28,190810.0,5342680.0,-119.93,-4.28,True
2910,Asia Pacific,Malaysia,Offshore oil,Upstream,Oil,Other,-2.28,2700.0,75600.0,-119.93,-4.28,True
2911,Asia Pacific,Other countries in Southeast Asia,Onshore conventional oil,Upstream,Oil,Associated gas utilisation,-2.28,140.0,3920.0,-119.93,-4.28,True
2912,Asia Pacific,Viet Nam,Offshore oil,Upstream,Oil,Replace with electric motor,-2.28,1190.0,33320.0,-119.93,-4.28,True
2913,Middle East,Yemen,Downstream oil,Downstream,Oil,Vapour recovery units,-2.27,1570.0,43960.0,-119.4,-4.26,True
2914,Other,Other,Offshore oil,Upstream,Oil,Vapour recovery units,-2.27,50.0,1400.0,-119.4,-4.26,True
2915,Russia & Caspian,Russia,Onshore conventional gas,Upstream,Gas,Replace with instrument air systems,-2.27,1100.0,30800.0,-119.4,-4.26,True
2916,Russia & Caspian,Russia,Offshore gas,Upstream,Gas,Replace with instrument air systems,-2.27,4080.0,114240.0,-119.4,-4.26,True
2917,Russia & Caspian,Russia,Unconventional gas,Upstream,Gas,Replace with instrument air systems,-2.27,100.0,2800.0,-119.4,-4.26,True
2918,Africa,Tunisia,Downstream oil,Downstream,Oil,Vapour recovery units,-2.27,330.0,9240.0,-119.4,-4.26,True
2919,Russia & Caspian,Kazakhstan,Offshore oil,Upstream,Oil,Other,-2.27,1050.0,29400.0,-119.4,-4.26,True
2920,Europe,Italy,Onshore conventional oil,Upstream,Oil,Associated gas utilisation,-2.27,340.0,9520.0,-119.4,-4.26,True
2921,Europe,Germany,Downstream gas,Downstream,Gas,Quarterly LDAR,-2.27,11610.0,325080.0,-119.4,-4.26,True
2922,Europe,Germany,Offshore oil,Upstream,Oil,Other,-2.27,30.0,840.0,-119.4,-4.26,True
2923,Europe,Germany,Downstream oil,Downstream,Oil,Quarterly LDAR,-2.27,440.0,12320.0,-119.4,-4.26,True
2924,Africa,Libya,Offshore oil,Upstream,Oil,Replace with electric motor,-2.26,230.0,6440.0,-118.88,-4.25,True
2925,Africa,Cameroon,Onshore conventional oil,Upstream,Oil,Replace with electric motor,-2.26,10.0,280.0,-118.88,-4.25,True
2926,Russia & Caspian,Russia,Offshore oil,Upstream,Oil,Replace compressor seal or rod,-2.26,20.0,560.0,-118.88,-4.25,True
2927,Europe,Other countries in Europe,Onshore conventional gas,Upstream,Gas,Vapour recovery units,-2.26,10.0,280.0,-118.88,-4.25,True
2928,Asia Pacific,Pakistan,Downstream gas,Downstream,Gas,Replace with electric motor,-2.25,17740.0,496720.0,-118.35,-4.23,True
2929,Europe,Italy,Onshore conventional oil,Upstream,Oil,Other,-2.25,550.0,15400.0,-118.35,-4.23,True
2930,Asia Pacific,Indonesia,Offshore oil,Upstream,Oil,Replace with electric motor,-2.25,840.0,23520.0,-118.35,-4.23,True
2931,Other,Other,Onshore conventional oil,Upstream,Oil,Other,-2.24,220.0,6160.0,-117.82,-4.21,True
2932,Russia & Caspian,Russia,Offshore oil,Upstream,Oil,Replace with instrument air systems,-2.23,9150.0,256200.0,-117.3,-4.19,True
2933,Europe,Sweden,Downstream gas,Downstream,Gas,Quarterly LDAR,-2.23,300.0,8400.0,-117.3,-4.19,True
2934,Europe,Sweden,Downstream oil,Downstream,Oil,Quarterly LDAR,-2.23,70.0,1960.0,-117.3,-4.19,True
2935,North America,United States,Satellite - downstream,Downstream,Oil,Daily LDAR,-2.22,433920.0,12149760.0,-116.77,-4.17,True
2936,Asia Pacific,Australia,Downstream gas,Downstream,Gas,Replace with electric motor,-2.21,4960.0,138880.0,-116.25,-4.15,True
2937,Europe,Germany,Offshore gas,Upstream,Gas,Associated gas utilisation,-2.2,10.0,280.0,-115.72,-4.13,True
2938,Other,Other,Onshore conventional gas,Upstream,Gas,Install plunger,-2.2,390.0,10920.0,-115.72,-4.13,True
2939,Africa,Nigeria,Downstream gas,Downstream,Gas,Replace with electric motor,-2.2,6130.0,171640.0,-115.72,-4.13,True
2940,Middle East,Saudi Arabia,Onshore conventional oil,Upstream,Oil,Other,-2.19,65630.0,1837640.0,-115.19,-4.11,True
2941,Europe,Germany,Offshore oil,Upstream,Oil,Associated gas utilisation,-2.19,820.0,22960.0,-115.19,-4.11,True
2942,Europe,Germany,Offshore oil,Upstream,Oil,Continuous LDAR,-2.18,200.0,5600.0,-114.67,-4.1,True
2943,Middle East,Oman,Onshore conventional oil,Upstream,Oil,Other,-2.18,24300.0,680400.0,-114.67,-4.1,True
2944,Europe,Estonia,Onshore conventional oil,Upstream,Oil,Other,-2.17,200.0,5600.0,-114.14,-4.08,True
2945,Central and South America,Bolivia,Downstream gas,Downstream,Gas,Replace with electric motor,-2.17,2400.0,67200.0,-114.14,-4.08,True
2946,Africa,Angola,Offshore gas,Upstream,Gas,Replace with electric motor,-2.16,10.0,280.0,-113.62,-4.06,True
2947,North America,Canada,Onshore conventional gas,Upstream,Gas,Replace pumps,-2.16,5440.0,152320.0,-113.62,-4.06,True
2948,North America,Canada,Unconventional gas,Upstream,Gas,Replace pumps,-2.16,16090.0,450520.0,-113.62,-4.06,True
2949,Africa,Gabon,Offshore oil,Upstream,Oil,Replace with electric motor,-2.16,1470.0,41160.0,-113.62,-4.06,True
2950,North America,Mexico,Onshore conventional oil,Upstream,Oil,Biannual LDAR,-2.16,2580.0,72240.0,-113.62,-4.06,True
2951,North America,Mexico,Onshore conventional oil,Upstream,Oil,Continuous LDAR,-2.16,15490.0,433720.0,-113.62,-4.06,True
2952,North America,Mexico,Onshore conventional gas,Upstream,Gas,Biannual LDAR,-2.16,1190.0,33320.0,-113.62,-4.06,True
2953,North America,Mexico,Onshore conventional gas,Upstream,Gas,Continuous LDAR,-2.16,7160.0,200480.0,-113.62,-4.06,True
2954,North America,Mexico,Unconventional gas,Upstream,Gas,Biannual LDAR,-2.16,30.0,840.0,-113.62,-4.06,True
2955,North America,Mexico,Unconventional gas,Upstream,Gas,Continuous LDAR,-2.16,170.0,4760.0,-113.62,-4.06,True
2956,Africa,Mozambique,Onshore conventional oil,Upstream,Oil,Associated gas utilisation,-2.16,880.0,24640.0,-113.62,-4.06,True
2957,Europe,Romania,Onshore conventional gas,Upstream,Gas,Install plunger,-2.14,600.0,16800.0,-112.56,-4.02,True
2958,Europe,France,Downstream gas,Downstream,Gas,Quarterly LDAR,-2.14,9040.0,253120.0,-112.56,-4.02,True
2959,Europe,France,Downstream oil,Downstream,Oil,Quarterly LDAR,-2.14,600.0,16800.0,-112.56,-4.02,True
2960,Middle East,Jordan,Onshore conventional oil,Upstream,Oil,Other,-2.14,260.0,7280.0,-112.56,-4.02,True
2961,Central and South America,Brazil,Downstream gas,Downstream,Gas,Vapour recovery units,-2.14,190.0,5320.0,-112.56,-4.02,True
2962,Russia & Caspian,Azerbaijan,Offshore oil,Upstream,Oil,Other,-2.14,1690.0,47320.0,-112.56,-4.02,True
2963,Central and South America,Guyana,Offshore oil,Upstream,Oil,Replace with electric motor,-2.13,1610.0,45080.0,-112.04,-4.0,True
2964,Europe,United Kingdom,Offshore oil,Upstream,Oil,Replace with electric motor,-2.13,1100.0,30800.0,-112.04,-4.0,True
2965,Other,Other,Downstream gas,Downstream,Gas,Other,-2.13,970.0,27160.0,-112.04,-4.0,True
2966,Central and South America,Peru,Downstream oil,Downstream,Oil,Vapour recovery units,-2.13,610.0,17080.0,-112.04,-4.0,True
2967,Europe,Norway,Offshore gas,Upstream,Gas,Biannual LDAR,-2.12,170.0,4760.0,-111.51,-3.98,True
2968,Europe,Norway,Offshore oil,Upstream,Oil,Biannual LDAR,-2.12,120.0,3360.0,-111.51,-3.98,True
2969,Middle East,Qatar,Onshore conventional oil,Upstream,Oil,Other,-2.12,6520.0,182560.0,-111.51,-3.98,True
2970,Africa,Angola,Onshore conventional gas,Upstream,Gas,Replace with electric motor,-2.11,880.0,24640.0,-110.99,-3.96,True
2971,Central and South America,Cuba,Downstream gas,Downstream,Gas,Other,-2.11,230.0,6440.0,-110.99,-3.96,True
2972,Central and South America,Ecuador,Downstream gas,Downstream,Gas,Other,-2.1,100.0,2800.0,-110.46,-3.94,True
2973,Central and South America,Peru,Downstream gas,Downstream,Gas,Other,-2.1,1870.0,52360.0,-110.46,-3.94,True
2974,Central and South America,Trinidad and Tobago,Downstream gas,Downstream,Gas,Other,-2.09,2820.0,78960.0,-109.93,-3.93,True
2975,Central and South America,Argentina,Downstream gas,Downstream,Gas,Other,-2.09,10440.0,292320.0,-109.93,-3.93,True
2976,Central and South America,Bolivia,Downstream gas,Downstream,Gas,Other,-2.09,1970.0,55160.0,-109.93,-3.93,True
2977,Central and South America,Uruguay,Downstream gas,Downstream,Gas,Other,-2.09,40.0,1120.0,-109.93,-3.93,True
2978,Central and South America,Venezuela,Downstream gas,Downstream,Gas,Other,-2.09,8180.0,229040.0,-109.93,-3.93,True
2979,Europe,Italy,Offshore gas,Upstream,Gas,Quarterly LDAR,-2.08,120.0,3360.0,-109.41,-3.91,True
2980,Europe,Italy,Offshore oil,Upstream,Oil,Quarterly LDAR,-2.08,50.0,1400.0,-109.41,-3.91,True
2981,Asia Pacific,Thailand,Downstream gas,Downstream,Gas,Vapour recovery units,-2.08,380.0,10640.0,-109.41,-3.91,True
2982,Central and South America,Trinidad and Tobago,Downstream oil,Downstream,Oil,Vapour recovery units,-2.08,110.0,3080.0,-109.41,-3.91,True
2983,Other,Other,Downstream oil,Downstream,Oil,Vapour recovery units,-2.08,1200.0,33600.0,-109.41,-3.91,True
2984,Other,Other,Downstream oil,Downstream,Oil,Vapour recovery units,-2.07,520.0,14560.0,-108.88,-3.89,True
2985,Other,Other,Downstream oil,Downstream,Oil,Vapour recovery units,-2.07,200.0,5600.0,-108.88,-3.89,True
2986,Africa,Togo,Downstream oil,Downstream,Oil,Vapour recovery units,-2.07,30.0,840.0,-108.88,-3.89,True
2987,Africa,Libya,Downstream oil,Downstream,Oil,Vapour recovery units,-2.07,540.0,15120.0,-108.88,-3.89,True
2988,Africa,Algeria,Downstream oil,Downstream,Oil,Vapour recovery units,-2.07,1310.0,36680.0,-108.88,-3.89,True
2989,Africa,Cote d'Ivoire,Downstream oil,Downstream,Oil,Vapour recovery units,-2.07,140.0,3920.0,-108.88,-3.89,True
2990,Africa,Congo,Downstream oil,Downstream,Oil,Vapour recovery units,-2.07,320.0,8960.0,-108.88,-3.89,True
2991,Africa,Cameroon,Downstream oil,Downstream,Oil,Vapour recovery units,-2.07,220.0,6160.0,-108.88,-3.89,True
2992,Africa,Cameroon,Onshore conventional gas,Upstream,Gas,Replace pumps,-2.05,10.0,280.0,-107.83,-3.85,True
2993,Africa,Congo,Onshore conventional gas,Upstream,Gas,Replace pumps,-2.05,50.0,1400.0,-107.83,-3.85,True
2994,Asia Pacific,China,Offshore oil,Upstream,Oil,Replace with electric motor,-2.05,5390.0,150920.0,-107.83,-3.85,True
2995,Africa,Angola,Onshore conventional gas,Upstream,Gas,Replace pumps,-2.05,130.0,3640.0,-107.83,-3.85,True
2996,Asia Pacific,Japan,Onshore conventional oil,Upstream,Oil,Other,-2.05,90.0,2520.0,-107.83,-3.85,True
2997,Africa,Gabon,Onshore conventional gas,Upstream,Gas,Replace pumps,-2.05,60.0,1680.0,-107.83,-3.85,True
2998,Africa,Tanzania,Onshore conventional gas,Upstream,Gas,Replace pumps,-2.05,130.0,3640.0,-107.83,-3.85,True
2999,Africa,Senegal,Onshore conventional gas,Upstream,Gas,Replace pumps,-2.05,220.0,6160.0,-107.83,-3.85,True
3000,Africa,Nigeria,Onshore conventional gas,Upstream,Gas,Replace pumps,-2.05,4760.0,133280.0,-107.83,-3.85,True
3001,Asia Pacific,New Zealand,Offshore gas,Upstream,Gas,Quarterly LDAR,-2.05,330.0,9240.0,-107.83,-3.85,True
3002,Asia Pacific,New Zealand,Offshore oil,Upstream,Oil,Quarterly LDAR,-2.05,130.0,3640.0,-107.83,-3.85,True
3003,Africa,Mozambique,Onshore conventional gas,Upstream,Gas,Replace pumps,-2.05,1190.0,33320.0,-107.83,-3.85,True
3004,North America,Mexico,Onshore conventional gas,Upstream,Gas,Replace with instrument air systems,-2.05,40.0,1120.0,-107.83,-3.85,True
3005,North America,Mexico,Offshore gas,Upstream,Gas,Replace with instrument air systems,-2.05,1820.0,50960.0,-107.83,-3.85,True
3006,North America,Mexico,Offshore oil,Upstream,Oil,Replace with instrument air systems,-2.04,24440.0,684320.0,-107.3,-3.83,True
3007,Africa,Tunisia,Onshore conventional gas,Upstream,Gas,Install plunger,-2.04,30.0,840.0,-107.3,-3.83,True
3008,Africa,Egypt,Onshore conventional gas,Upstream,Gas,Install plunger,-2.04,210.0,5880.0,-107.3,-3.83,True
3009,Africa,Egypt,Unconventional gas,Upstream,Gas,Install plunger,-2.04,30.0,840.0,-107.3,-3.83,True
3010,Africa,Libya,Onshore conventional gas,Upstream,Gas,Install plunger,-2.04,110.0,3080.0,-107.3,-3.83,True
3011,Africa,Algeria,Onshore conventional gas,Upstream,Gas,Install plunger,-2.04,2170.0,60760.0,-107.3,-3.83,True
3012,Africa,Algeria,Unconventional gas,Upstream,Gas,Install plunger,-2.04,40.0,1120.0,-107.3,-3.83,True
3013,Asia Pacific,Korea,Downstream gas,Downstream,Gas,Vapour recovery units,-2.03,11020.0,308560.0,-106.78,-3.81,True
3014,Africa,Nigeria,Offshore oil,Upstream,Oil,Replace with electric motor,-2.03,10080.0,282240.0,-106.78,-3.81,True
3015,Asia Pacific,India,Onshore conventional oil,Upstream,Oil,Other,-2.02,17650.0,494200.0,-106.25,-3.79,True
3016,Central and South America,Uruguay,Downstream oil,Downstream,Oil,Vapour recovery units,-2.02,60.0,1680.0,-106.25,-3.79,True
3017,Central and South America,Venezuela,Downstream oil,Downstream,Oil,Vapour recovery units,-2.02,2730.0,76440.0,-106.25,-3.79,True
3018,Asia Pacific,Brunei,Downstream gas,Downstream,Gas,Vapour recovery units,-2.01,10.0,280.0,-105.73,-3.78,True
3019,Europe,Other EU17 countries,Onshore conventional oil,Upstream,Oil,Associated gas utilisation,-2.0,320.0,8960.0,-105.2,-3.76,True
3020,Asia Pacific,Other countries in Southeast Asia,Downstream gas,Downstream,Gas,Vapour recovery units,-1.99,90.0,2520.0,-104.67,-3.74,True
3021,Other,Other,Downstream oil,Downstream,Oil,Vapour recovery units,-1.99,580.0,16240.0,-104.67,-3.74,True
3022,Middle East,Saudi Arabia,Offshore oil,Upstream,Oil,Other,-1.99,5650.0,158200.0,-104.67,-3.74,True
3023,Middle East,Syria,Downstream oil,Downstream,Oil,Vapour recovery units,-1.99,1660.0,46480.0,-104.67,-3.74,True
3024,Central and South America,Colombia,Downstream oil,Downstream,Oil,Vapour recovery units,-1.99,2220.0,62160.0,-104.67,-3.74,True
3025,Asia Pacific,Bangladesh,Onshore conventional oil,Upstream,Oil,Other,-1.99,90.0,2520.0,-104.67,-3.74,True
3026,Middle East,Iraq,Downstream oil,Downstream,Oil,Vapour recovery units,-1.99,1140.0,31920.0,-104.67,-3.74,True
3027,Middle East,Iran,Downstream oil,Downstream,Oil,Vapour recovery units,-1.99,3040.0,85120.0,-104.67,-3.74,True
3028,Other,Other,Downstream gas,Downstream,Gas,Vapour recovery units,-1.98,50.0,1400.0,-104.15,-3.72,True
3029,Europe,Other EU17 countries,Onshore conventional oil,Upstream,Oil,Other,-1.98,520.0,14560.0,-104.15,-3.72,True
3030,Europe,Other EU7 countries,Onshore conventional oil,Upstream,Oil,Associated gas utilisation,-1.98,120.0,3360.0,-104.15,-3.72,True
3031,Europe,Other EU17 countries,Offshore oil,Upstream,Oil,Quarterly LDAR,-1.97,30.0,840.0,-103.62,-3.7,True
3032,Europe,Other EU17 countries,Offshore gas,Upstream,Gas,Quarterly LDAR,-1.97,210.0,5880.0,-103.62,-3.7,True
3033,Russia & Caspian,Turkmenistan,Offshore oil,Upstream,Oil,Associated gas utilisation,-1.97,91110.0,2551080.0,-103.62,-3.7,True
3034,Russia & Caspian,Kazakhstan,Downstream gas,Downstream,Gas,Other,-1.97,3440.0,96320.0,-103.62,-3.7,True
3035,Central and South America,Argentina,Downstream oil,Downstream,Oil,Vapour recovery units,-1.97,1720.0,48160.0,-103.62,-3.7,True
3036,North America,United States,Unconventional oil,Upstream,Oil,Blowdown capture,-1.97,1890.0,52920.0,-103.62,-3.7,True
3037,North America,United States,Onshore conventional oil,Upstream,Oil,Blowdown capture,-1.97,720.0,20160.0,-103.62,-3.7,True
3038,Russia & Caspian,Uzbekistan,Onshore conventional oil,Upstream,Oil,Replace with electric motor,-1.97,25310.0,708680.0,-103.62,-3.7,True
3039,Central and South America,Brazil,Offshore oil,Upstream,Oil,Other,-1.96,11400.0,319200.0,-103.1,-3.68,True
3040,Middle East,Kuwait,Offshore oil,Upstream,Oil,Vapour recovery units,-1.96,6570.0,183960.0,-103.1,-3.68,True
3041,Other,Other,Onshore conventional gas,Upstream,Gas,Replace pumps,-1.96,1600.0,44800.0,-103.1,-3.68,True
3042,Other,Other,Downstream oil,Downstream,Oil,Vapour recovery units,-1.96,1790.0,50120.0,-103.1,-3.68,True
3043,Asia Pacific,New Zealand,Onshore conventional gas,Upstream,Gas,Install plunger,-1.96,20.0,560.0,-103.1,-3.68,True
3044,North America,Mexico,Onshore conventional oil,Upstream,Oil,Blowdown capture,-1.96,280.0,7840.0,-103.1,-3.68,True
3045,Asia Pacific,Malaysia,Onshore conventional oil,Upstream,Oil,Associated gas utilisation,-1.96,460.0,12880.0,-103.1,-3.68,True
3046,Middle East,Oman,Offshore oil,Upstream,Oil,Other,-1.95,10.0,280.0,-102.57,-3.66,True
3047,Russia & Caspian,Kazakhstan,Onshore conventional oil,Upstream,Oil,Associated gas utilisation,-1.95,16830.0,471240.0,-102.57,-3.66,True
3048,Central and South America,Brazil,Onshore conventional oil,Upstream,Oil,Associated gas utilisation,-1.95,3090.0,86520.0,-102.57,-3.66,True
3049,Europe,Israel,Downstream gas,Downstream,Gas,Vapour recovery units,-1.94,30.0,840.0,-102.04,-3.64,True
3050,Asia Pacific,New Zealand,Offshore oil,Upstream,Oil,Associated gas utilisation,-1.94,600.0,16800.0,-102.04,-3.64,True
3051,Europe,Netherlands,Downstream gas,Downstream,Gas,Quarterly LDAR,-1.94,1470.0,41160.0,-102.04,-3.64,True
3052,Europe,Netherlands,Downstream oil,Downstream,Oil,Quarterly LDAR,-1.94,60.0,1680.0,-102.04,-3.64,True
3053,Africa,Cameroon,Offshore oil,Upstream,Oil,Replace with electric motor,-1.93,1000.0,28000.0,-101.52,-3.63,True
3054,Africa,Congo,Offshore oil,Upstream,Oil,Associated gas utilisation,-1.93,70520.0,1974560.0,-101.52,-3.63,True
3055,Middle East,Kuwait,Onshore conventional oil,Upstream,Oil,Replace with electric motor,-1.92,121630.0,3405640.0,-100.99,-3.61,True
3056,North America,Canada,Onshore conventional oil,Upstream,Oil,Blowdown capture,-1.91,1320.0,36960.0,-100.47,-3.59,True
3057,North America,Canada,Unconventional oil,Upstream,Oil,Blowdown capture,-1.91,170.0,4760.0,-100.47,-3.59,True
3058,Asia Pacific,Australia,Onshore conventional oil,Upstream,Oil,Replace with electric motor,-1.91,1080.0,30240.0,-100.47,-3.59,True
3059,North America,Mexico,Offshore oil,Upstream,Oil,Annual LDAR,-1.91,1800.0,50400.0,-100.47,-3.59,True
3060,North America,Mexico,Offshore gas,Upstream,Gas,Annual LDAR,-1.91,210.0,5880.0,-100.47,-3.59,True
3061,Europe,United Kingdom,Downstream gas,Downstream,Gas,Vapour recovery units,-1.91,140.0,3920.0,-100.47,-3.59,True
3062,Other,Other,Downstream oil,Downstream,Oil,Vapour recovery units,-1.9,80.0,2240.0,-99.94,-3.57,True
3063,Africa,Angola,Downstream gas,Downstream,Gas,Replace with electric motor,-1.9,140.0,3920.0,-99.94,-3.57,True
3064,Central and South America,Guyana,Downstream oil,Downstream,Oil,Vapour recovery units,-1.9,40.0,1120.0,-99.94,-3.57,True
3065,Asia Pacific,New Zealand,Downstream oil,Downstream,Oil,Vapour recovery units,-1.89,160.0,4480.0,-99.41,-3.55,True
3066,Africa,Morocco,Downstream oil,Downstream,Oil,Vapour recovery units,-1.88,250.0,7000.0,-98.89,-3.53,True
3067,Europe,United Kingdom,Unconventional gas,Upstream,Gas,Replace compressor seal or rod,-1.88,10.0,280.0,-98.89,-3.53,True
3068,Middle East,Qatar,Offshore oil,Upstream,Oil,Other,-1.87,3830.0,107240.0,-98.36,-3.51,True
3069,Europe,Netherlands,Offshore oil,Upstream,Oil,Associated gas utilisation,-1.87,80.0,2240.0,-98.36,-3.51,True
3070,Europe,Netherlands,Offshore gas,Upstream,Gas,Associated gas utilisation,-1.87,970.0,27160.0,-98.36,-3.51,True
3071,Africa,Niger,Onshore conventional oil,Upstream,Oil,Associated gas utilisation,-1.87,980.0,27440.0,-98.36,-3.51,True
3072,Europe,France,Downstream gas,Downstream,Gas,Vapour recovery units,-1.84,120.0,3360.0,-96.78,-3.46,True
3073,Middle East,Iran,Onshore conventional oil,Upstream,Oil,Other,-1.84,126090.0,3530520.0,-96.78,-3.46,True
3074,Asia Pacific,Brunei,Onshore conventional oil,Upstream,Oil,Associated gas utilisation,-1.84,100.0,2800.0,-96.78,-3.46,True
3075,Middle East,Yemen,Onshore conventional oil,Upstream,Oil,Other,-1.83,8220.0,230160.0,-96.26,-3.44,True
3076,Asia Pacific,Brunei,Offshore oil,Upstream,Oil,Other,-1.82,210.0,5880.0,-95.73,-3.42,True
3077,Russia & Caspian,Azerbaijan,Onshore conventional oil,Upstream,Oil,Associated gas utilisation,-1.82,380.0,10640.0,-95.73,-3.42,True
3078,Europe,Slovenia,Downstream gas,Downstream,Gas,Continuous LDAR,-1.82,120.0,3360.0,-95.73,-3.42,True
3079,Europe,Slovenia,Downstream oil,Downstream,Oil,Continuous LDAR,-1.82,10.0,280.0,-95.73,-3.42,True
3080,Other,Other,Onshore conventional oil,Upstream,Oil,Replace with electric motor,-1.81,1660.0,46480.0,-95.21,-3.4,True
3081,Africa,Equatorial Guinea,Offshore oil,Upstream,Oil,Replace compressor seal or rod,-1.81,10.0,280.0,-95.21,-3.4,True
3082,Central and South America,Bolivia,Downstream oil,Downstream,Oil,Vapour recovery units,-1.8,740.0,20720.0,-94.68,-3.38,True
3083,Central and South America,Bolivia,Onshore conventional oil,Upstream,Oil,Replace pumps,-1.8,2230.0,62440.0,-94.68,-3.38,True
3084,Central and South America,Cuba,Onshore conventional oil,Upstream,Oil,Replace pumps,-1.8,390.0,10920.0,-94.68,-3.38,True
3085,Asia Pacific,Thailand,Onshore conventional oil,Upstream,Oil,Other,-1.8,1380.0,38640.0,-94.68,-3.38,True
3086,Other,Other,Onshore conventional oil,Upstream,Oil,Other,-1.79,180.0,5040.0,-94.15,-3.36,True
3087,Europe,Other countries in Europe,Downstream gas,Downstream,Gas,Other,-1.79,9360.0,262080.0,-94.15,-3.36,True
3088,North America,Mexico,Onshore conventional gas,Upstream,Gas,Quarterly LDAR,-1.79,6710.0,187880.0,-94.15,-3.36,True
3089,North America,Mexico,Unconventional gas,Upstream,Gas,Quarterly LDAR,-1.79,160.0,4480.0,-94.15,-3.36,True
3090,North America,Mexico,Onshore conventional oil,Upstream,Oil,Quarterly LDAR,-1.79,14520.0,406560.0,-94.15,-3.36,True
3091,Africa,Tunisia,Onshore conventional oil,Upstream,Oil,Other,-1.78,730.0,20440.0,-93.63,-3.34,True
3092,Central and South America,Ecuador,Onshore conventional oil,Upstream,Oil,Replace with electric motor,-1.78,48390.0,1354920.0,-93.63,-3.34,True
3093,Central and South America,Venezuela,Onshore conventional oil,Upstream,Oil,Other,-1.78,143930.0,4030040.0,-93.63,-3.34,True
3094,Central and South America,Ecuador,Offshore oil,Upstream,Oil,Replace with electric motor,-1.77,40.0,1120.0,-93.1,-3.32,True
3095,Asia Pacific,Japan,Onshore conventional oil,Upstream,Oil,Associated gas utilisation,-1.77,60.0,1680.0,-93.1,-3.32,True
3096,Africa,Chad,Onshore conventional oil,Upstream,Oil,Other,-1.76,3890.0,108920.0,-92.58,-3.31,True
3097,Central and South America,Venezuela,Onshore conventional oil,Upstream,Oil,Replace pumps,-1.76,221380.0,6198640.0,-92.58,-3.31,True
3098,Middle East,Bahrain,Downstream oil,Downstream,Oil,Vapour recovery units,-1.75,70.0,1960.0,-92.05,-3.29,True
3099,Africa,Congo,Onshore conventional oil,Upstream,Oil,Replace with electric motor,-1.74,12350.0,345800.0,-91.52,-3.27,True
3100,Europe,Denmark,Offshore oil,Upstream,Oil,Other,-1.74,70.0,1960.0,-91.52,-3.27,True
3101,Central and South America,Trinidad and Tobago,Onshore conventional oil,Upstream,Oil,Other,-1.74,810.0,22680.0,-91.52,-3.27,True
3102,Russia & Caspian,Russia,Onshore conventional gas,Upstream,Gas,Blowdown capture,-1.74,356810.0,9990680.0,-91.52,-3.27,True
3103,Russia & Caspian,Russia,Unconventional gas,Upstream,Gas,Blowdown capture,-1.74,38290.0,1072120.0,-91.52,-3.27,True
3104,Middle East,Saudi Arabia,Onshore conventional oil,Upstream,Oil,Associated gas utilisation,-1.73,40850.0,1143800.0,-91.0,-3.25,True
3105,North America,Mexico,Offshore oil,Upstream,Oil,Continuous LDAR,-1.73,32410.0,907480.0,-91.0,-3.25,True
3106,North America,Mexico,Offshore gas,Upstream,Gas,Continuous LDAR,-1.73,3820.0,106960.0,-91.0,-3.25,True
3107,Europe,Netherlands,Downstream gas,Downstream,Gas,Vapour recovery units,-1.72,20.0,560.0,-90.47,-3.23,True
3108,Middle East,Oman,Onshore conventional oil,Upstream,Oil,Associated gas utilisation,-1.72,15130.0,423640.0,-90.47,-3.23,True
3109,Europe,Other countries in Europe,Offshore gas,Upstream,Gas,Associated gas utilisation,-1.72,1580.0,44240.0,-90.47,-3.23,True
3110,Russia & Caspian,Russia,Offshore oil,Upstream,Oil,Annual LDAR,-1.72,670.0,18760.0,-90.47,-3.23,True
3111,Russia & Caspian,Russia,Offshore gas,Upstream,Gas,Annual LDAR,-1.72,470.0,13160.0,-90.47,-3.23,True
3112,Middle East,Syria,Onshore conventional oil,Upstream,Oil,Other,-1.72,19250.0,539000.0,-90.47,-3.23,True
3113,Europe,Germany,Onshore conventional gas,Upstream,Gas,Install plunger,-1.72,60.0,1680.0,-90.47,-3.23,True
3114,Europe,Germany,Unconventional gas,Upstream,Gas,Install plunger,-1.72,10.0,280.0,-90.47,-3.23,True
3115,Africa,Ghana,Onshore conventional oil,Upstream,Oil,Other,-1.7,920.0,25760.0,-89.42,-3.19,True
3116,Africa,Egypt,Onshore conventional oil,Upstream,Oil,Other,-1.7,11150.0,312200.0,-89.42,-3.19,True
3117,Middle East,Jordan,Onshore conventional oil,Upstream,Oil,Associated gas utilisation,-1.7,160.0,4480.0,-89.42,-3.19,True
3118,Europe,Norway,Downstream oil,Downstream,Oil,Vapour recovery units,-1.69,10.0,280.0,-88.89,-3.17,True
3119,Middle East,Qatar,Onshore conventional oil,Upstream,Oil,Associated gas utilisation,-1.68,4060.0,113680.0,-88.37,-3.16,True
3120,Middle East,Bahrain,Onshore conventional oil,Upstream,Oil,Other,-1.68,5430.0,152040.0,-88.37,-3.16,True
3121,Central and South America,Argentina,Onshore conventional oil,Upstream,Oil,Replace pumps,-1.68,15680.0,439040.0,-88.37,-3.16,True
3122,Central and South America,Argentina,Unconventional oil,Upstream,Oil,Replace pumps,-1.68,48670.0,1362760.0,-88.37,-3.16,True
3123,Central and South America,Argentina,Onshore conventional oil,Upstream,Oil,Other,-1.67,10190.0,285320.0,-87.84,-3.14,True
3124,Central and South America,Trinidad and Tobago,Onshore conventional oil,Upstream,Oil,Replace pumps,-1.67,1240.0,34720.0,-87.84,-3.14,True
3125,Europe,Other countries in Europe,Onshore conventional oil,Upstream,Oil,Vapour recovery units,-1.67,9610.0,269080.0,-87.84,-3.14,True
3126,Europe,Other countries in Europe,Downstream oil,Downstream,Oil,Quarterly LDAR,-1.66,600.0,16800.0,-87.32,-3.12,True
3127,Europe,Other countries in Europe,Downstream gas,Downstream,Gas,Quarterly LDAR,-1.66,12560.0,351680.0,-87.32,-3.12,True
3128,Middle East,United Arab Emirates,Onshore conventional oil,Upstream,Oil,Other,-1.66,25020.0,700560.0,-87.32,-3.12,True
3129,Asia Pacific,Australia,Downstream oil,Downstream,Oil,Vapour recovery units,-1.66,680.0,19040.0,-87.32,-3.12,True
3130,Central and South America,Bolivia,Onshore conventional oil,Upstream,Oil,Other,-1.66,1450.0,40600.0,-87.32,-3.12,True
3131,Asia Pacific,Bangladesh,Onshore conventional oil,Upstream,Oil,Associated gas utilisation,-1.64,60.0,1680.0,-86.26,-3.08,True
3132,Europe,Ukraine,Downstream oil,Downstream,Oil,Associated gas utilisation,-1.64,200.0,5600.0,-86.26,-3.08,True
3133,Europe,Netherlands,Offshore oil,Upstream,Oil,Continuous LDAR,-1.64,20.0,560.0,-86.26,-3.08,True
3134,Europe,Netherlands,Offshore gas,Upstream,Gas,Continuous LDAR,-1.64,370.0,10360.0,-86.26,-3.08,True
3135,Europe,Romania,Offshore oil,Upstream,Oil,Associated gas utilisation,-1.63,1540.0,43120.0,-85.74,-3.06,True
3136,Africa,South Sudan,Downstream oil,Downstream,Oil,Vapour recovery units,-1.62,40.0,1120.0,-85.21,-3.04,True
3137,Africa,South Africa,Downstream oil,Downstream,Oil,Associated gas utilisation,-1.62,60.0,1680.0,-85.21,-3.04,True
3138,Africa,Sudan,Downstream oil,Downstream,Oil,Vapour recovery units,-1.62,630.0,17640.0,-85.21,-3.04,True
3139,Central and South America,Trinidad and Tobago,Onshore conventional gas,Upstream,Gas,Install plunger,-1.62,30.0,840.0,-85.21,-3.04,True
3140,Europe,Other countries in Europe,Downstream gas,Downstream,Gas,Vapour recovery units,-1.62,170.0,4760.0,-85.21,-3.04,True
3141,Central and South America,Peru,Onshore conventional gas,Upstream,Gas,Install plunger,-1.62,470.0,13160.0,-85.21,-3.04,True
3142,Central and South America,Bolivia,Onshore conventional gas,Upstream,Gas,Install plunger,-1.62,200.0,5600.0,-85.21,-3.04,True
3143,Central and South America,Argentina,Unconventional gas,Upstream,Gas,Install plunger,-1.62,1520.0,42560.0,-85.21,-3.04,True
3144,Central and South America,Argentina,Onshore conventional gas,Upstream,Gas,Install plunger,-1.62,260.0,7280.0,-85.21,-3.04,True
3145,Central and South America,Cuba,Onshore conventional gas,Upstream,Gas,Install plunger,-1.62,30.0,840.0,-85.21,-3.04,True
3146,Asia Pacific,Japan,Downstream gas,Downstream,Gas,Replace compressor seal or rod,-1.62,9630.0,269640.0,-85.21,-3.04,True
3147,Central and South America,Venezuela,Onshore conventional gas,Upstream,Gas,Install plunger,-1.62,1040.0,29120.0,-85.21,-3.04,True
3148,Africa,Algeria,Onshore conventional oil,Upstream,Oil,Other,-1.61,59620.0,1669360.0,-84.69,-3.02,True
3149,Europe,Israel,Onshore conventional oil,Upstream,Oil,Associated gas utilisation,-1.6,80.0,2240.0,-84.16,-3.01,True
3150,Europe,Estonia,Onshore conventional oil,Upstream,Oil,Associated gas utilisation,-1.59,120.0,3360.0,-83.63,-2.99,True
3151,Other,Other,Downstream gas,Downstream,Gas,Other,-1.59,2790.0,78120.0,-83.63,-2.99,True
3152,North America,United States,Unconventional gas,Upstream,Gas,Annual LDAR,-1.59,39270.0,1099560.0,-83.63,-2.99,True
3153,North America,United States,Onshore conventional gas,Upstream,Gas,Annual LDAR,-1.59,1640.0,45920.0,-83.63,-2.99,True
3154,Europe,Romania,Offshore oil,Upstream,Oil,Quarterly LDAR,-1.59,350.0,9800.0,-83.63,-2.99,True
3155,Europe,Romania,Offshore gas,Upstream,Gas,Quarterly LDAR,-1.59,1390.0,38920.0,-83.63,-2.99,True
3156,North America,United States,Onshore conventional oil,Upstream,Oil,Annual LDAR,-1.59,5980.0,167440.0,-83.63,-2.99,True
3157,North America,United States,Unconventional oil,Upstream,Oil,Annual LDAR,-1.59,15890.0,444920.0,-83.63,-2.99,True
3158,Central and South America,Peru,Onshore conventional oil,Upstream,Oil,Other,-1.58,2620.0,73360.0,-83.11,-2.97,True
3159,Africa,Senegal,Offshore oil,Upstream,Oil,Other,-1.58,390.0,10920.0,-83.11,-2.97,True
3160,Asia Pacific,India,Downstream gas,Downstream,Gas,Vapour recovery units,-1.58,980.0,27440.0,-83.11,-2.97,True
3161,Europe,Germany,Onshore conventional oil,Upstream,Oil,Associated gas utilisation,-1.58,110.0,3080.0,-83.11,-2.97,True
3162,Europe,Denmark,Downstream oil,Downstream,Oil,Quarterly LDAR,-1.57,50.0,1400.0,-82.58,-2.95,True
3163,Europe,Israel,Onshore conventional oil,Upstream,Oil,Other,-1.57,130.0,3640.0,-82.58,-2.95,True
3164,Europe,Italy,Onshore conventional oil,Upstream,Oil,Vapour recovery units,-1.57,1980.0,55440.0,-82.58,-2.95,True
3165,Asia Pacific,Bangladesh,Downstream oil,Downstream,Oil,Vapour recovery units,-1.57,440.0,12320.0,-82.58,-2.95,True
3166,Europe,Denmark,Downstream gas,Downstream,Gas,Quarterly LDAR,-1.57,720.0,20160.0,-82.58,-2.95,True
3167,Other,Other,Onshore conventional oil,Upstream,Oil,Associated gas utilisation,-1.57,130.0,3640.0,-82.58,-2.95,True
3168,Africa,Libya,Onshore conventional oil,Upstream,Oil,Other,-1.56,38710.0,1083880.0,-82.06,-2.93,True
3169,Africa,Nigeria,Downstream oil,Downstream,Oil,Vapour recovery units,-1.55,1970.0,55160.0,-81.53,-2.91,True
3170,Asia Pacific,India,Onshore conventional oil,Upstream,Oil,Associated gas utilisation,-1.55,10990.0,307720.0,-81.53,-2.91,True
3171,Asia Pacific,India,Offshore oil,Upstream,Oil,Other,-1.55,4810.0,134680.0,-81.53,-2.91,True
3172,Africa,Sudan,Onshore conventional oil,Upstream,Oil,Other,-1.53,1340.0,37520.0,-80.48,-2.87,True
3173,Other,Other,Onshore conventional gas,Upstream,Gas,Vapour recovery units,-1.52,50.0,1400.0,-79.95,-2.86,True
3174,Europe,Netherlands,Onshore conventional gas,Upstream,Gas,Install plunger,-1.51,10.0,280.0,-79.43,-2.84,True
3175,Europe,Denmark,Offshore gas,Upstream,Gas,Associated gas utilisation,-1.51,760.0,21280.0,-79.43,-2.84,True
3176,Asia Pacific,China,Onshore conventional oil,Upstream,Oil,Replace pumps,-1.51,107860.0,3020080.0,-79.43,-2.84,True
3177,Central and South America,Colombia,Onshore conventional oil,Upstream,Oil,Other,-1.5,24900.0,697200.0,-78.9,-2.82,True
3178,Europe,Denmark,Downstream gas,Downstream,Gas,Replace compressor seal or rod,-1.5,400.0,11200.0,-78.9,-2.82,True
3179,Africa,Cote d'Ivoire,Offshore oil,Upstream,Oil,Other,-1.5,110.0,3080.0,-78.9,-2.82,True
3180,Europe,Germany,Downstream gas,Downstream,Gas,Replace compressor seal or rod,-1.5,6520.0,182560.0,-78.9,-2.82,True
3181,Europe,Estonia,Downstream gas,Downstream,Gas,Replace compressor seal or rod,-1.5,70.0,1960.0,-78.9,-2.82,True
3182,Europe,France,Downstream gas,Downstream,Gas,Replace compressor seal or rod,-1.5,5040.0,141120.0,-78.9,-2.82,True
3183,Europe,Italy,Downstream gas,Downstream,Gas,Replace compressor seal or rod,-1.5,6830.0,191240.0,-78.9,-2.82,True
3184,Europe,Netherlands,Downstream gas,Downstream,Gas,Replace compressor seal or rod,-1.5,820.0,22960.0,-78.9,-2.82,True
3185,Middle East,Oman,Downstream gas,Downstream,Gas,Vapour recovery units,-1.5,110.0,3080.0,-78.9,-2.82,True
3186,Europe,Other countries in Europe,Downstream gas,Downstream,Gas,Replace compressor seal or rod,-1.5,7030.0,196840.0,-78.9,-2.82,True
3187,Europe,Other countries in Europe,Downstream gas,Downstream,Gas,Replace compressor seal or rod,-1.5,9150.0,256200.0,-78.9,-2.82,True
3188,Europe,Other EU17 countries,Downstream gas,Downstream,Gas,Replace compressor seal or rod,-1.5,9800.0,274400.0,-78.9,-2.82,True
3189,Europe,Other EU7 countries,Downstream gas,Downstream,Gas,Replace compressor seal or rod,-1.5,1050.0,29400.0,-78.9,-2.82,True
3190,Europe,Sweden,Downstream gas,Downstream,Gas,Replace compressor seal or rod,-1.5,170.0,4760.0,-78.9,-2.82,True
3191,Europe,Slovenia,Downstream gas,Downstream,Gas,Replace compressor seal or rod,-1.5,150.0,4200.0,-78.9,-2.82,True
3192,Europe,Poland,Downstream gas,Downstream,Gas,Replace compressor seal or rod,-1.5,2860.0,80080.0,-78.9,-2.82,True
3193,Europe,Romania,Downstream gas,Downstream,Gas,Replace compressor seal or rod,-1.5,4130.0,115640.0,-78.9,-2.82,True
3194,Asia Pacific,Pakistan,Onshore conventional oil,Upstream,Oil,Other,-1.48,3980.0,111440.0,-77.85,-2.78,True
3195,Asia Pacific,Japan,Downstream oil,Downstream,Oil,Associated gas utilisation,-1.47,180.0,5040.0,-77.32,-2.76,True
3196,Central and South America,Peru,Onshore conventional oil,Upstream,Oil,Replace pumps,-1.46,4030.0,112840.0,-76.8,-2.74,True
3197,Europe,United Kingdom,Offshore oil,Upstream,Oil,Quarterly LDAR,-1.46,4850.0,135800.0,-76.8,-2.74,True
3198,Europe,United Kingdom,Offshore gas,Upstream,Gas,Quarterly LDAR,-1.46,3240.0,90720.0,-76.8,-2.74,True
3199,Europe,United Kingdom,Offshore oil,Upstream,Oil,Associated gas utilisation,-1.45,21450.0,600600.0,-76.27,-2.72,True
3200,Asia Pacific,Pakistan,Downstream oil,Downstream,Oil,Vapour recovery units,-1.45,1750.0,49000.0,-76.27,-2.72,True
3201,Other,Other,Onshore conventional oil,Upstream,Oil,Replace with electric motor,-1.45,3150.0,88200.0,-76.27,-2.72,True
3202,Middle East,Iran,Onshore conventional oil,Upstream,Oil,Associated gas utilisation,-1.45,78480.0,2197440.0,-76.27,-2.72,True
3203,Africa,Gabon,Onshore conventional oil,Upstream,Oil,Other,-1.45,5610.0,157080.0,-76.27,-2.72,True
3204,Europe,Denmark,Offshore oil,Upstream,Oil,Associated gas utilisation,-1.44,1820.0,50960.0,-75.74,-2.7,True
3205,Europe,Norway,Offshore gas,Upstream,Gas,Vapour recovery units,-1.43,2460.0,68880.0,-75.22,-2.69,True
3206,Europe,Norway,Downstream gas,Downstream,Gas,Replace compressor seal or rod,-1.43,30.0,840.0,-75.22,-2.69,True
3207,Europe,Other countries in Europe,Downstream oil,Downstream,Oil,Associated gas utilisation,-1.42,170.0,4760.0,-74.69,-2.67,True
3208,Middle East,Iraq,Onshore conventional oil,Upstream,Oil,Associated gas utilisation,-1.42,325710.0,9119880.0,-74.69,-2.67,True
3209,Central and South America,Cuba,Onshore conventional oil,Upstream,Oil,Associated gas utilisation,-1.42,160.0,4480.0,-74.69,-2.67,True
3210,Central and South America,Venezuela,Offshore oil,Upstream,Oil,Other,-1.42,1390.0,38920.0,-74.69,-2.67,True
3211,Asia Pacific,Australia,Downstream oil,Downstream,Oil,Quarterly LDAR,-1.41,260.0,7280.0,-74.17,-2.65,True
3212,Asia Pacific,Australia,Downstream gas,Downstream,Gas,Quarterly LDAR,-1.41,7070.0,197960.0,-74.17,-2.65,True
3213,Middle East,United Arab Emirates,Downstream gas,Downstream,Gas,Vapour recovery units,-1.41,140.0,3920.0,-74.17,-2.65,True
3214,Central and South America,Trinidad and Tobago,Offshore oil,Upstream,Oil,Other,-1.4,190.0,5320.0,-73.64,-2.63,True
3215,Middle East,Qatar,Downstream gas,Downstream,Gas,Vapour recovery units,-1.4,130.0,3640.0,-73.64,-2.63,True
3216,Central and South America,Colombia,Onshore conventional oil,Upstream,Oil,Associated gas utilisation,-1.4,4130.0,115640.0,-73.64,-2.63,True
3217,Middle East,Iran,Offshore oil,Upstream,Oil,Other,-1.4,10190.0,285320.0,-73.64,-2.63,True
3218,Asia Pacific,Korea,Downstream oil,Downstream,Oil,Associated gas utilisation,-1.4,170.0,4760.0,-73.64,-2.63,True
3219,Europe,Other countries in Europe,Onshore conventional oil,Upstream,Oil,Vapour recovery units,-1.39,220.0,6160.0,-73.11,-2.61,True
3220,Europe,Other countries in Europe,Offshore gas,Upstream,Gas,Continuous LDAR,-1.38,600.0,16800.0,-72.59,-2.59,True
3221,Africa,Nigeria,Onshore conventional oil,Upstream,Oil,Other,-1.38,41790.0,1170120.0,-72.59,-2.59,True
3222,Russia & Caspian,Turkmenistan,Onshore conventional oil,Upstream,Oil,Replace with electric motor,-1.38,73070.0,2045960.0,-72.59,-2.59,True
3223,Africa,Congo,Offshore oil,Upstream,Oil,Replace with electric motor,-1.38,3610.0,101080.0,-72.59,-2.59,True
3224,Africa,Tunisia,Offshore oil,Upstream,Oil,Other,-1.37,50.0,1400.0,-72.06,-2.57,True
3225,Middle East,Yemen,Onshore conventional oil,Upstream,Oil,Associated gas utilisation,-1.37,5110.0,143080.0,-72.06,-2.57,True
3226,North America,Mexico,Downstream gas,Downstream,Gas,Biannual LDAR,-1.36,7590.0,212520.0,-71.54,-2.56,True
3227,North America,Mexico,Downstream oil,Downstream,Oil,Biannual LDAR,-1.36,370.0,10360.0,-71.54,-2.56,True
3228,Middle East,United Arab Emirates,Offshore oil,Upstream,Oil,Other,-1.33,5100.0,142800.0,-69.96,-2.5,True
3229,Middle East,Bahrain,Onshore conventional oil,Upstream,Oil,Associated gas utilisation,-1.33,3380.0,94640.0,-69.96,-2.5,True
3230,Asia Pacific,Australia,Offshore oil,Upstream,Oil,Replace with electric motor,-1.32,340.0,9520.0,-69.43,-2.48,True
3231,Other,Other,Offshore oil,Upstream,Oil,Associated gas utilisation,-1.32,70.0,1960.0,-69.43,-2.48,True
3232,North America,Mexico,Downstream oil,Downstream,Oil,Annual LDAR,-1.31,120.0,3360.0,-68.91,-2.46,True
3233,North America,Mexico,Downstream gas,Downstream,Gas,Annual LDAR,-1.31,2530.0,70840.0,-68.91,-2.46,True
3234,Middle East,Syria,Onshore conventional oil,Upstream,Oil,Associated gas utilisation,-1.31,11980.0,335440.0,-68.91,-2.46,True
3235,Africa,Tanzania,Offshore gas,Upstream,Gas,Vapour recovery units,-1.3,620.0,17360.0,-68.38,-2.44,True
3236,Africa,South Sudan,Onshore conventional oil,Upstream,Oil,Other,-1.3,3890.0,108920.0,-68.38,-2.44,True
3237,Africa,Egypt,Offshore oil,Upstream,Oil,Other,-1.3,1140.0,31920.0,-68.38,-2.44,True
3238,Europe,Germany,Onshore conventional oil,Upstream,Oil,Other,-1.3,180.0,5040.0,-68.38,-2.44,True
3239,Africa,Egypt,Downstream gas,Downstream,Gas,Vapour recovery units,-1.29,300.0,8400.0,-67.85,-2.42,True
3240,Europe,Ukraine,Downstream gas,Downstream,Gas,Replace compressor seal or rod,-1.28,17370.0,486360.0,-67.33,-2.4,True
3241,Other,Other,Onshore conventional oil,Upstream,Oil,Associated gas utilisation,-1.28,110.0,3080.0,-67.33,-2.4,True
3242,Russia & Caspian,Uzbekistan,Onshore conventional oil,Upstream,Oil,Replace pumps,-1.28,14310.0,400680.0,-67.33,-2.4,True
3243,Africa,Mozambique,Onshore conventional oil,Upstream,Oil,Vapour recovery units,-1.27,5150.0,144200.0,-66.8,-2.39,True
3244,Central and South America,Argentina,Offshore oil,Upstream,Oil,Other,-1.27,160.0,4480.0,-66.8,-2.39,True
3245,North America,Canada,Downstream gas,Downstream,Gas,Replace with instrument air systems,-1.26,90.0,2520.0,-66.28,-2.37,True
3246,Europe,Germany,Unconventional gas,Upstream,Gas,Other,-1.25,40.0,1120.0,-65.75,-2.35,True
3247,Europe,Israel,Offshore gas,Upstream,Gas,Quarterly LDAR,-1.24,2810.0,78680.0,-65.22,-2.33,True
3248,Central and South America,Peru,Offshore oil,Upstream,Oil,Other,-1.24,20.0,560.0,-65.22,-2.33,True
3249,Europe,Other EU7 countries,Downstream gas,Downstream,Gas,Other,-1.22,1080.0,30240.0,-64.17,-2.29,True
3250,Europe,Other EU17 countries,Onshore conventional oil,Upstream,Oil,Vapour recovery units,-1.22,1880.0,52640.0,-64.17,-2.29,True
3251,Asia Pacific,Pakistan,Onshore conventional oil,Upstream,Oil,Associated gas utilisation,-1.21,2480.0,69440.0,-63.65,-2.27,True
3252,Russia & Caspian,Turkmenistan,Offshore oil,Upstream,Oil,Replace with electric motor,-1.21,4660.0,130480.0,-63.65,-2.27,True
3253,Russia & Caspian,Russia,Onshore conventional oil,Upstream,Oil,Quarterly LDAR,-1.21,271360.0,7598080.0,-63.65,-2.27,True
3254,Russia & Caspian,Russia,Onshore conventional gas,Upstream,Gas,Quarterly LDAR,-1.21,193690.0,5423320.0,-63.65,-2.27,True
3255,Russia & Caspian,Russia,Unconventional gas,Upstream,Gas,Quarterly LDAR,-1.21,24150.0,676200.0,-63.65,-2.27,True
3256,Asia Pacific,Indonesia,Onshore conventional oil,Upstream,Oil,Other,-1.2,16130.0,451640.0,-63.12,-2.25,True
3257,Africa,Chad,Onshore conventional oil,Upstream,Oil,Associated gas utilisation,-1.2,2420.0,67760.0,-63.12,-2.25,True
3258,Africa,South Africa,Onshore conventional oil,Upstream,Oil,Replace pumps,-1.19,3820.0,106960.0,-62.59,-2.24,True
3259,Africa,Tanzania,Offshore gas,Upstream,Gas,Other,-1.18,20.0,560.0,-62.07,-2.22,True
3260,North America,Mexico,Onshore conventional gas,Upstream,Gas,Blowdown capture,-1.18,12360.0,346080.0,-62.07,-2.22,True
3261,North America,Mexico,Unconventional gas,Upstream,Gas,Blowdown capture,-1.18,250.0,7000.0,-62.07,-2.22,True
3262,North America,United States,Onshore conventional gas,Upstream,Gas,Blowdown capture,-1.17,38640.0,1081920.0,-61.54,-2.2,True
3263,North America,United States,Offshore gas,Upstream,Gas,Replace compressor seal or rod,-1.17,20.0,560.0,-61.54,-2.2,True
3264,North America,United States,Unconventional gas,Upstream,Gas,Blowdown capture,-1.17,823390.0,23054920.0,-61.54,-2.2,True
3265,Europe,Poland,Downstream oil,Downstream,Oil,Associated gas utilisation,-1.17,50.0,1400.0,-61.54,-2.2,True
3266,Asia Pacific,Australia,Offshore gas,Upstream,Gas,Continuous LDAR,-1.17,13310.0,372680.0,-61.54,-2.2,True
3267,Asia Pacific,Australia,Offshore oil,Upstream,Oil,Continuous LDAR,-1.17,1620.0,45360.0,-61.54,-2.2,True
3268,North America,Canada,Onshore conventional gas,Upstream,Gas,Blowdown capture,-1.16,37070.0,1037960.0,-61.02,-2.18,True
3269,North America,Canada,Unconventional gas,Upstream,Gas,Blowdown capture,-1.16,109700.0,3071600.0,-61.02,-2.18,True
3270,North America,United States,Offshore oil,Upstream,Oil,Replace compressor seal or rod,-1.15,50.0,1400.0,-60.49,-2.16,True
3271,Middle East,Kuwait,Offshore oil,Upstream,Oil,Replace with electric motor,-1.14,490.0,13720.0,-59.96,-2.14,True
3272,Asia Pacific,Indonesia,Downstream gas,Downstream,Gas,Vapour recovery units,-1.14,320.0,8960.0,-59.96,-2.14,True
3273,Africa,Ghana,Onshore conventional oil,Upstream,Oil,Associated gas utilisation,-1.14,570.0,15960.0,-59.96,-2.14,True
3274,Africa,Angola,Downstream oil,Downstream,Oil,Vapour recovery units,-1.13,180.0,5040.0,-59.44,-2.12,True
3275,Africa,Angola,Offshore oil,Upstream,Oil,Vapour recovery units,-1.13,35900.0,1005200.0,-59.44,-2.12,True
3276,Middle East,United Arab Emirates,Onshore conventional oil,Upstream,Oil,Associated gas utilisation,-1.13,15580.0,436240.0,-59.44,-2.12,True
3277,Russia & Caspian,Russia,Unconventional gas,Upstream,Gas,Continuous LDAR,-1.12,25760.0,721280.0,-58.91,-2.1,True
3278,Russia & Caspian,Russia,Onshore conventional gas,Upstream,Gas,Continuous LDAR,-1.12,206610.0,5785080.0,-58.91,-2.1,True
3279,Russia & Caspian,Russia,Onshore conventional oil,Upstream,Oil,Continuous LDAR,-1.12,289450.0,8104600.0,-58.91,-2.1,True
3280,Europe,Other EU7 countries,Onshore conventional oil,Upstream,Oil,Vapour recovery units,-1.1,680.0,19040.0,-57.86,-2.07,True
3281,Central and South America,Cuba,Onshore conventional oil,Upstream,Oil,Vapour recovery units,-1.1,910.0,25480.0,-57.86,-2.07,True
3282,Middle East,Kuwait,Onshore conventional gas,Upstream,Gas,Replace with electric motor,-1.09,8500.0,238000.0,-57.33,-2.05,True
3283,Middle East,Kuwait,Offshore oil,Upstream,Oil,Associated gas utilisation,-1.07,9620.0,269360.0,-56.28,-2.01,True
3284,North America,Mexico,Offshore gas,Upstream,Gas,Biannual LDAR,-1.07,640.0,17920.0,-56.28,-2.01,True
3285,North America,Mexico,Offshore oil,Upstream,Oil,Biannual LDAR,-1.07,5400.0,151200.0,-56.28,-2.01,True
3286,Africa,Mozambique,Onshore conventional oil,Upstream,Oil,Vapour recovery units,-1.05,6960.0,194880.0,-55.23,-1.97,True
3287,North America,United States,Unconventional gas,Upstream,Gas,Biannual LDAR,-1.05,117820.0,3298960.0,-55.23,-1.97,True
3288,North America,United States,Offshore gas,Upstream,Gas,Replace with instrument air systems,-1.05,3080.0,86240.0,-55.23,-1.97,True
3289,North America,United States,Onshore conventional gas,Upstream,Gas,Biannual LDAR,-1.05,4930.0,138040.0,-55.23,-1.97,True
3290,North America,United States,Downstream gas,Downstream,Gas,Replace with instrument air systems,-1.05,33570.0,939960.0,-55.23,-1.97,True
3291,Asia Pacific,Thailand,Offshore oil,Upstream,Oil,Other,-1.05,1540.0,43120.0,-55.23,-1.97,True
3292,Africa,Libya,Offshore oil,Upstream,Oil,Other,-1.05,190.0,5320.0,-55.23,-1.97,True
3293,Middle East,Iraq,Onshore conventional oil,Upstream,Oil,Vapour recovery units,-1.05,422590.0,11832520.0,-55.23,-1.97,True
3294,Europe,Denmark,Offshore oil,Upstream,Oil,Continuous LDAR,-1.05,440.0,12320.0,-55.23,-1.97,True
3295,Europe,Denmark,Offshore gas,Upstream,Gas,Continuous LDAR,-1.05,290.0,8120.0,-55.23,-1.97,True
3296,North America,United States,Onshore conventional oil,Upstream,Oil,Biannual LDAR,-1.05,17940.0,502320.0,-55.23,-1.97,True
3297,North America,United States,Unconventional oil,Upstream,Oil,Biannual LDAR,-1.05,47670.0,1334760.0,-55.23,-1.97,True
3298,North America,United States,Offshore oil,Upstream,Oil,Replace with instrument air systems,-1.04,18940.0,530320.0,-54.7,-1.95,True
3299,Central and South America,Peru,Downstream gas,Downstream,Gas,Vapour recovery units,-1.04,40.0,1120.0,-54.7,-1.95,True
3300,Asia Pacific,Thailand,Onshore conventional oil,Upstream,Oil,Associated gas utilisation,-1.03,860.0,24080.0,-54.18,-1.94,True
3301,Russia & Caspian,Russia,Onshore conventional gas,Upstream,Gas,Vapour recovery units,-1.03,109000.0,3052000.0,-54.18,-1.94,True
3302,Europe,Netherlands,Onshore conventional oil,Upstream,Oil,Other,-1.01,10.0,280.0,-53.13,-1.9,True
3303,Russia & Caspian,Kazakhstan,Onshore conventional oil,Upstream,Oil,Vapour recovery units,-1.01,98300.0,2752400.0,-53.13,-1.9,True
3304,Africa,Tanzania,Offshore gas,Upstream,Gas,Associated gas utilisation,-1.0,980.0,27440.0,-52.6,-1.88,True
3305,Africa,Tunisia,Onshore conventional oil,Upstream,Oil,Associated gas utilisation,-0.99,460.0,12880.0,-52.07,-1.86,True
3306,Asia Pacific,New Zealand,Offshore oil,Upstream,Oil,Other,-0.99,20.0,560.0,-52.07,-1.86,True
3307,Central and South America,Trinidad and Tobago,Downstream gas,Downstream,Gas,Vapour recovery units,-0.98,70.0,1960.0,-51.55,-1.84,True
3308,Africa,Libya,Downstream gas,Downstream,Gas,Vapour recovery units,-0.97,30.0,840.0,-51.02,-1.82,True
3309,Europe,Israel,Downstream gas,Downstream,Gas,Replace compressor seal or rod,-0.97,1130.0,31640.0,-51.02,-1.82,True
3310,Central and South America,Ecuador,Onshore conventional oil,Upstream,Oil,Other,-0.97,17790.0,498120.0,-51.02,-1.82,True
3311,Africa,Equatorial Guinea,Downstream gas,Downstream,Gas,Vapour recovery units,-0.97,10.0,280.0,-51.02,-1.82,True
3312,Africa,Algeria,Downstream gas,Downstream,Gas,Vapour recovery units,-0.97,230.0,6440.0,-51.02,-1.82,True
3313,Africa,Ghana,Offshore oil,Upstream,Oil,Other,-0.95,530.0,14840.0,-49.97,-1.78,True
3314,Europe,Other EU7 countries,Downstream oil,Downstream,Oil,Associated gas utilisation,-0.94,30.0,840.0,-49.44,-1.77,True
3315,Europe,Other EU17 countries,Onshore conventional oil,Upstream,Oil,Vapour recovery units,-0.94,510.0,14280.0,-49.44,-1.77,True
3316,Europe,Other EU17 countries,Offshore oil,Upstream,Oil,Vapour recovery units,-0.94,20.0,560.0,-49.44,-1.77,True
3317,Other,Other,Onshore conventional oil,Upstream,Oil,Other,-0.94,610.0,17080.0,-49.44,-1.77,True
3318,Central and South America,Venezuela,Onshore conventional oil,Upstream,Oil,Associated gas utilisation,-0.94,89590.0,2508520.0,-49.44,-1.77,True
3319,Asia Pacific,New Zealand,Downstream oil,Downstream,Oil,Continuous LDAR,-0.93,30.0,840.0,-48.92,-1.75,True
3320,Asia Pacific,New Zealand,Downstream gas,Downstream,Gas,Continuous LDAR,-0.93,290.0,8120.0,-48.92,-1.75,True
3321,Africa,Sudan,Onshore conventional oil,Upstream,Oil,Associated gas utilisation,-0.93,830.0,23240.0,-48.92,-1.75,True
3322,Europe,Israel,Onshore conventional oil,Upstream,Oil,Vapour recovery units,-0.93,470.0,13160.0,-48.92,-1.75,True
3323,Africa,Gabon,Offshore oil,Upstream,Oil,Other,-0.91,1180.0,33040.0,-47.87,-1.71,True
3324,Asia Pacific,Australia,Offshore gas,Upstream,Gas,Associated gas utilisation,-0.91,34950.0,978600.0,-47.87,-1.71,True
3325,Asia Pacific,China,Onshore conventional oil,Upstream,Oil,Other,-0.91,70130.0,1963640.0,-47.87,-1.71,True
3326,Europe,Germany,Onshore conventional oil,Upstream,Oil,Vapour recovery units,-0.9,670.0,18760.0,-47.34,-1.69,True
3327,Africa,Nigeria,Onshore conventional oil,Upstream,Oil,Associated gas utilisation,-0.9,26010.0,728280.0,-47.34,-1.69,True
3328,Africa,Mozambique,Onshore conventional oil,Upstream,Oil,Replace pumps,-0.89,2480.0,69440.0,-46.81,-1.67,True
3329,Europe,United Kingdom,Downstream gas,Downstream,Gas,Replace compressor seal or rod,-0.89,5970.0,167160.0,-46.81,-1.67,True
3330,Asia Pacific,New Zealand,Onshore conventional oil,Upstream,Oil,Other,-0.88,50.0,1400.0,-46.29,-1.65,True
3331,Central and South America,Trinidad and Tobago,Onshore conventional oil,Upstream,Oil,Associated gas utilisation,-0.87,500.0,14000.0,-45.76,-1.63,True
3332,Africa,Egypt,Onshore conventional oil,Upstream,Oil,Associated gas utilisation,-0.87,6940.0,194320.0,-45.76,-1.63,True
3333,Central and South America,Cuba,Onshore conventional oil,Upstream,Oil,Vapour recovery units,-0.87,10.0,280.0,-45.76,-1.63,True
3334,Central and South America,Cuba,Offshore oil,Upstream,Oil,Vapour recovery units,-0.87,10.0,280.0,-45.76,-1.63,True
3335,Central and South America,Bolivia,Onshore conventional oil,Upstream,Oil,Associated gas utilisation,-0.86,900.0,25200.0,-45.24,-1.62,True
3336,Asia Pacific,Philippines,Offshore oil,Upstream,Oil,Vapour recovery units,-0.86,70.0,1960.0,-45.24,-1.62,True
3337,Asia Pacific,Philippines,Onshore conventional oil,Upstream,Oil,Vapour recovery units,-0.86,910.0,25480.0,-45.24,-1.62,True
3338,Africa,Tanzania,Offshore gas,Upstream,Gas,Replace with electric motor,-0.84,50.0,1400.0,-44.18,-1.58,True
3339,Central and South America,Argentina,Downstream gas,Downstream,Gas,Vapour recovery units,-0.84,240.0,6720.0,-44.18,-1.58,True
3340,Central and South America,Guyana,Offshore oil,Upstream,Oil,Other,-0.84,1290.0,36120.0,-44.18,-1.58,True
3341,Africa,Algeria,Onshore conventional oil,Upstream,Oil,Associated gas utilisation,-0.83,37110.0,1039080.0,-43.66,-1.56,True
3342,Central and South America,Argentina,Unconventional oil,Upstream,Oil,Associated gas utilisation,-0.82,19690.0,551320.0,-43.13,-1.54,True
3343,Central and South America,Argentina,Onshore conventional oil,Upstream,Oil,Associated gas utilisation,-0.82,6340.0,177520.0,-43.13,-1.54,True
3344,Russia & Caspian,Azerbaijan,Onshore conventional oil,Upstream,Oil,Vapour recovery units,-0.82,2190.0,61320.0,-43.13,-1.54,True
3345,Other,Other,Onshore conventional oil,Upstream,Oil,Replace pumps,-0.8,940.0,26320.0,-42.08,-1.5,True
3346,Europe,Other EU7 countries,Onshore conventional oil,Upstream,Oil,Vapour recovery units,-0.8,50.0,1400.0,-42.08,-1.5,True
3347,Africa,Tanzania,Onshore conventional gas,Upstream,Gas,Replace with electric motor,-0.79,910.0,25480.0,-41.55,-1.48,True
3348,Asia Pacific,Australia,Unconventional gas,Upstream,Gas,Replace compressor seal or rod,-0.79,2360.0,66080.0,-41.55,-1.48,True
3349,Asia Pacific,Australia,Onshore conventional gas,Upstream,Gas,Replace compressor seal or rod,-0.79,140.0,3920.0,-41.55,-1.48,True
3350,Middle East,Kuwait,Downstream gas,Downstream,Gas,Replace with electric motor,-0.78,4200.0,117600.0,-41.03,-1.47,True
3351,Africa,Niger,Onshore conventional oil,Upstream,Oil,Vapour recovery units,-0.78,5700.0,159600.0,-41.03,-1.47,True
3352,Africa,Libya,Onshore conventional oil,Upstream,Oil,Associated gas utilisation,-0.78,24100.0,674800.0,-41.03,-1.47,True
3353,Russia & Caspian,Uzbekistan,Onshore conventional oil,Upstream,Oil,Other,-0.78,9300.0,260400.0,-41.03,-1.47,True
3354,Asia Pacific,Malaysia,Onshore conventional oil,Upstream,Oil,Vapour recovery units,-0.77,2690.0,75320.0,-40.5,-1.45,True
3355,Russia & Caspian,Kazakhstan,Onshore conventional oil,Upstream,Oil,Vapour recovery units,-0.77,18430.0,516040.0,-40.5,-1.45,True
3356,Russia & Caspian,Kazakhstan,Offshore oil,Upstream,Oil,Vapour recovery units,-0.77,1890.0,52920.0,-40.5,-1.45,True
3357,Asia Pacific,Other countries in Southeast Asia,Onshore conventional oil,Upstream,Oil,Vapour recovery units,-0.75,810.0,22680.0,-39.45,-1.41,True
3358,Europe,Other countries in Europe,Onshore conventional oil,Upstream,Oil,Associated gas utilisation,-0.75,910.0,25480.0,-39.45,-1.41,True
3359,North America,Mexico,Downstream gas,Downstream,Gas,Quarterly LDAR,-0.74,23720.0,664160.0,-38.92,-1.39,True
3360,North America,Mexico,Downstream oil,Downstream,Oil,Quarterly LDAR,-0.74,1150.0,32200.0,-38.92,-1.39,True
3361,Europe,Romania,Offshore oil,Upstream,Oil,Other,-0.74,60.0,1680.0,-38.92,-1.39,True
3362,Asia Pacific,Australia,Onshore conventional gas,Upstream,Gas,Install plunger,-0.72,40.0,1120.0,-37.87,-1.35,True
3363,Asia Pacific,Australia,Unconventional gas,Upstream,Gas,Install plunger,-0.72,600.0,16800.0,-37.87,-1.35,True
3364,Central and South America,Ecuador,Offshore oil,Upstream,Oil,Other,-0.71,30.0,840.0,-37.35,-1.33,True
3365,Russia & Caspian,Russia,Downstream gas,Downstream,Gas,Annual LDAR,-0.71,14690.0,411320.0,-37.35,-1.33,True
3366,Russia & Caspian,Russia,Downstream oil,Downstream,Oil,Annual LDAR,-0.71,340.0,9520.0,-37.35,-1.33,True
3367,Asia Pacific,Viet Nam,Offshore oil,Upstream,Oil,Other,-0.71,950.0,26600.0,-37.35,-1.33,True
3368,Asia Pacific,New Zealand,Onshore conventional oil,Upstream,Oil,Associated gas utilisation,-0.7,30.0,840.0,-36.82,-1.32,True
3369,Europe,Netherlands,Onshore conventional oil,Upstream,Oil,Vapour recovery units,-0.69,20.0,560.0,-36.29,-1.3,True
3370,Middle East,Saudi Arabia,Onshore conventional oil,Upstream,Oil,Vapour recovery units,-0.68,238630.0,6681640.0,-35.77,-1.28,True
3371,Africa,South Sudan,Onshore conventional oil,Upstream,Oil,Associated gas utilisation,-0.67,2420.0,67760.0,-35.24,-1.26,True
3372,Central and South America,Peru,Onshore conventional oil,Upstream,Oil,Associated gas utilisation,-0.67,1630.0,45640.0,-35.24,-1.26,True
3373,Asia Pacific,Indonesia,Onshore conventional oil,Upstream,Oil,Associated gas utilisation,-0.67,10040.0,281120.0,-35.24,-1.26,True
3374,Central and South America,Colombia,Offshore gas,Upstream,Gas,Vapour recovery units,-0.67,390.0,10920.0,-35.24,-1.26,True
3375,Russia & Caspian,Russia,Downstream gas,Downstream,Gas,Biannual LDAR,-0.66,44070.0,1233960.0,-34.72,-1.24,True
3376,Russia & Caspian,Russia,Downstream oil,Downstream,Oil,Biannual LDAR,-0.66,1030.0,28840.0,-34.72,-1.24,True
3377,North America,Mexico,Offshore gas,Upstream,Gas,Replace compressor seal or rod,-0.66,10.0,280.0,-34.72,-1.24,True
3378,North America,Mexico,Offshore oil,Upstream,Oil,Replace compressor seal or rod,-0.65,60.0,1680.0,-34.19,-1.22,True
3379,Africa,Niger,Onshore conventional oil,Upstream,Oil,Replace pumps,-0.65,2750.0,77000.0,-34.19,-1.22,True
3380,Africa,Gabon,Onshore conventional oil,Upstream,Oil,Associated gas utilisation,-0.65,3490.0,97720.0,-34.19,-1.22,True
3381,Europe,Israel,Onshore conventional oil,Upstream,Oil,Vapour recovery units,-0.64,60.0,1680.0,-33.66,-1.2,True
3382,Europe,Norway,Offshore gas,Upstream,Gas,Associated gas utilisation,-0.64,870.0,24360.0,-33.66,-1.2,True
3383,Middle East,Oman,Onshore conventional oil,Upstream,Oil,Vapour recovery units,-0.64,88370.0,2474360.0,-33.66,-1.2,True
3384,Africa,South Africa,Downstream gas,Downstream,Gas,Replace compressor seal or rod,-0.64,640.0,17920.0,-33.66,-1.2,True
3385,Europe,Italy,Downstream gas,Downstream,Gas,Continuous LDAR,-0.63,5550.0,155400.0,-33.14,-1.18,True
3386,Europe,Italy,Downstream oil,Downstream,Oil,Continuous LDAR,-0.63,170.0,4760.0,-33.14,-1.18,True
3387,Africa,Congo,Onshore conventional oil,Upstream,Oil,Other,-0.63,4540.0,127120.0,-33.14,-1.18,True
3388,Asia Pacific,New Zealand,Onshore conventional gas,Upstream,Gas,Replace compressor seal or rod,-0.6,90.0,2520.0,-31.56,-1.13,True
3389,Middle East,Oman,Unconventional gas,Upstream,Gas,Replace pumps,-0.58,2080.0,58240.0,-30.51,-1.09,True
3390,Middle East,Oman,Onshore conventional gas,Upstream,Gas,Replace pumps,-0.58,2980.0,83440.0,-30.51,-1.09,True
3391,Middle East,Syria,Onshore conventional gas,Upstream,Gas,Replace pumps,-0.58,2390.0,66920.0,-30.51,-1.09,True
3392,Middle East,Saudi Arabia,Onshore conventional gas,Upstream,Gas,Replace pumps,-0.58,2240.0,62720.0,-30.51,-1.09,True
3393,Middle East,Saudi Arabia,Unconventional gas,Upstream,Gas,Replace pumps,-0.58,620.0,17360.0,-30.51,-1.09,True
3394,Middle East,Qatar,Onshore conventional gas,Upstream,Gas,Replace pumps,-0.58,240.0,6720.0,-30.51,-1.09,True
3395,Middle East,United Arab Emirates,Onshore conventional gas,Upstream,Gas,Replace pumps,-0.58,2130.0,59640.0,-30.51,-1.09,True
3396,Africa,Angola,Onshore conventional oil,Upstream,Oil,Replace with electric motor,-0.58,720.0,20160.0,-30.51,-1.09,True
3397,Russia & Caspian,Azerbaijan,Offshore oil,Upstream,Oil,Vapour recovery units,-0.58,1460.0,40880.0,-30.51,-1.09,True
3398,Russia & Caspian,Azerbaijan,Onshore conventional oil,Upstream,Oil,Vapour recovery units,-0.58,640.0,17920.0,-30.51,-1.09,True
3399,Middle East,Bahrain,Onshore conventional gas,Upstream,Gas,Replace pumps,-0.58,2660.0,74480.0,-30.51,-1.09,True
3400,Asia Pacific,Indonesia,Offshore oil,Upstream,Oil,Other,-0.58,670.0,18760.0,-30.51,-1.09,True
3401,Middle East,Iraq,Onshore conventional gas,Upstream,Gas,Replace pumps,-0.58,710.0,19880.0,-30.51,-1.09,True
3402,Middle East,Iran,Onshore conventional gas,Upstream,Gas,Replace pumps,-0.58,4840.0,135520.0,-30.51,-1.09,True
3403,Middle East,Kuwait,Onshore conventional gas,Upstream,Gas,Replace pumps,-0.58,1450.0,40600.0,-30.51,-1.09,True
3404,Middle East,Yemen,Onshore conventional gas,Upstream,Gas,Replace pumps,-0.58,10.0,280.0,-30.51,-1.09,True
3405,Middle East,Jordan,Onshore conventional oil,Upstream,Oil,Vapour recovery units,-0.57,940.0,26320.0,-29.98,-1.07,True
3406,Europe,Norway,Downstream oil,Downstream,Oil,Quarterly LDAR,-0.57,10.0,280.0,-29.98,-1.07,True
3407,Europe,Norway,Downstream gas,Downstream,Gas,Quarterly LDAR,-0.57,50.0,1400.0,-29.98,-1.07,True
3408,Africa,Botswana,Unconventional gas,Upstream,Gas,Replace with electric motor,-0.56,230.0,6440.0,-29.46,-1.05,True
3409,Asia Pacific,China,Offshore oil,Upstream,Oil,Other,-0.56,4320.0,120960.0,-29.46,-1.05,True
3410,Europe,United Kingdom,Offshore oil,Upstream,Oil,Other,-0.55,880.0,24640.0,-28.93,-1.03,True
3411,Africa,Niger,Onshore conventional oil,Upstream,Oil,Vapour recovery units,-0.54,630.0,17640.0,-28.4,-1.01,True
3412,Middle East,Qatar,Onshore conventional oil,Upstream,Oil,Vapour recovery units,-0.53,23710.0,663880.0,-27.88,-1.0,True
3413,Europe,Estonia,Onshore conventional oil,Upstream,Oil,Vapour recovery units,-0.53,720.0,20160.0,-27.88,-1.0,True
3414,Europe,Other countries in Europe,Onshore conventional oil,Upstream,Oil,Other,-0.52,1470.0,41160.0,-27.35,-0.98,True
3415,Other,Other,Onshore conventional oil,Upstream,Oil,Vapour recovery units,-0.52,790.0,22120.0,-27.35,-0.98,True
3416,Central and South America,Ecuador,Onshore conventional oil,Upstream,Oil,Replace pumps,-0.51,27360.0,766080.0,-26.83,-0.96,True
3417,Europe,Germany,Offshore oil,Upstream,Oil,Quarterly LDAR,-0.49,190.0,5320.0,-25.77,-0.92,True
3418,Asia Pacific,Malaysia,Onshore conventional oil,Upstream,Oil,Vapour recovery units,-0.49,5880.0,164640.0,-25.77,-0.92,True
3419,Asia Pacific,Malaysia,Offshore oil,Upstream,Oil,Vapour recovery units,-0.49,13200.0,369600.0,-25.77,-0.92,True
3420,Europe,Other EU17 countries,Downstream gas,Downstream,Gas,Continuous LDAR,-0.48,7970.0,223160.0,-25.25,-0.9,True
3421,Europe,Other EU17 countries,Downstream oil,Downstream,Oil,Continuous LDAR,-0.48,460.0,12880.0,-25.25,-0.9,True
3422,Asia Pacific,Other countries in Southeast Asia,Onshore conventional oil,Upstream,Oil,Vapour recovery units,-0.47,170.0,4760.0,-24.72,-0.88,True
3423,Russia & Caspian,Kazakhstan,Onshore conventional gas,Upstream,Gas,Replace compressor seal or rod,-0.47,2110.0,59080.0,-24.72,-0.88,True
3424,Europe,Norway,Offshore gas,Upstream,Gas,Other,-0.46,310.0,8680.0,-24.2,-0.86,True
3425,Africa,Tanzania,Downstream gas,Downstream,Gas,Replace with electric motor,-0.46,670.0,18760.0,-24.2,-0.86,True
3426,Asia Pacific,Thailand,Downstream oil,Downstream,Oil,Associated gas utilisation,-0.45,300.0,8400.0,-23.67,-0.85,True
3427,Russia & Caspian,Turkmenistan,Onshore conventional oil,Upstream,Oil,Replace pumps,-0.45,41310.0,1156680.0,-23.67,-0.85,True
3428,Asia Pacific,Philippines,Downstream oil,Downstream,Oil,Associated gas utilisation,-0.45,50.0,1400.0,-23.67,-0.85,True
3429,Asia Pacific,Malaysia,Downstream oil,Downstream,Oil,Associated gas utilisation,-0.45,120.0,3360.0,-23.67,-0.85,True
3430,Asia Pacific,Other countries in Southeast Asia,Downstream oil,Downstream,Oil,Associated gas utilisation,-0.45,220.0,6160.0,-23.67,-0.85,True
3431,Asia Pacific,Viet Nam,Downstream oil,Downstream,Oil,Associated gas utilisation,-0.45,60.0,1680.0,-23.67,-0.85,True
3432,Middle East,Saudi Arabia,Offshore oil,Upstream,Oil,Vapour recovery units,-0.44,1750.0,49000.0,-23.14,-0.83,True
3433,Middle East,Saudi Arabia,Onshore conventional oil,Upstream,Oil,Vapour recovery units,-0.44,8940.0,250320.0,-23.14,-0.83,True
3434,North America,United States,Offshore gas,Upstream,Gas,Annual LDAR,-0.43,360.0,10080.0,-22.62,-0.81,True
3435,Africa,Angola,Offshore oil,Upstream,Oil,Associated gas utilisation,-0.43,52510.0,1470280.0,-22.62,-0.81,True
3436,North America,United States,Offshore oil,Upstream,Oil,Annual LDAR,-0.43,1400.0,39200.0,-22.62,-0.81,True
3437,Asia Pacific,Australia,Downstream gas,Downstream,Gas,Vapour recovery units,-0.42,90.0,2520.0,-22.09,-0.79,True
3438,Africa,Cameroon,Offshore oil,Upstream,Oil,Other,-0.41,800.0,22400.0,-21.57,-0.77,True
3439,Central and South America,Brazil,Downstream oil,Downstream,Oil,Associated gas utilisation,-0.41,370.0,10360.0,-21.57,-0.77,True
3440,Middle East,Oman,Offshore oil,Upstream,Oil,Vapour recovery units,-0.4,40.0,1120.0,-21.04,-0.75,True
3441,Middle East,Oman,Onshore conventional oil,Upstream,Oil,Vapour recovery units,-0.4,41210.0,1153880.0,-21.04,-0.75,True
3442,Africa,Nigeria,Offshore oil,Upstream,Oil,Other,-0.38,8080.0,226240.0,-19.99,-0.71,True
3443,Europe,France,Onshore conventional oil,Upstream,Oil,Associated gas utilisation,-0.37,120.0,3360.0,-19.46,-0.7,True
3444,Asia Pacific,China,Downstream oil,Downstream,Oil,Associated gas utilisation,-0.35,1790.0,50120.0,-18.41,-0.66,True
3445,Russia & Caspian,Turkmenistan,Onshore conventional oil,Upstream,Oil,Other,-0.35,26850.0,751800.0,-18.41,-0.66,True
3446,Europe,Other EU17 countries,Downstream oil,Downstream,Oil,Associated gas utilisation,-0.34,220.0,6160.0,-17.88,-0.64,True
3447,Africa,Democratic Republic of Congo,Offshore oil,Upstream,Oil,Vapour recovery units,-0.34,2240.0,62720.0,-17.88,-0.64,True
3448,Asia Pacific,Japan,Onshore conventional oil,Upstream,Oil,Vapour recovery units,-0.32,340.0,9520.0,-16.83,-0.6,True
3449,Africa,Nigeria,Downstream gas,Downstream,Gas,Vapour recovery units,-0.32,120.0,3360.0,-16.83,-0.6,True
3450,Africa,Nigeria,Onshore conventional oil,Upstream,Oil,Replace pumps,-0.32,73210.0,2049880.0,-16.83,-0.6,True
3451,Europe,Other countries in Europe,Onshore conventional oil,Upstream,Oil,Vapour recovery units,-0.31,5330.0,149240.0,-16.31,-0.58,True
3452,Africa,Chad,Onshore conventional oil,Upstream,Oil,Replace pumps,-0.3,6820.0,190960.0,-15.78,-0.56,True
3453,North America,Canada,Onshore conventional gas,Upstream,Gas,Quarterly LDAR,-0.28,11320.0,316960.0,-14.73,-0.53,True
3454,North America,Canada,Unconventional oil,Upstream,Oil,Quarterly LDAR,-0.28,5010.0,140280.0,-14.73,-0.53,True
3455,North America,Canada,Onshore conventional oil,Upstream,Oil,Quarterly LDAR,-0.28,38450.0,1076600.0,-14.73,-0.53,True
3456,North America,Canada,Unconventional gas,Upstream,Gas,Quarterly LDAR,-0.28,38850.0,1087800.0,-14.73,-0.53,True
3457,Europe,Italy,Downstream oil,Downstream,Oil,Associated gas utilisation,-0.28,80.0,2240.0,-14.73,-0.53,True
3458,Middle East,Qatar,Onshore conventional oil,Upstream,Oil,Vapour recovery units,-0.28,18430.0,516040.0,-14.73,-0.53,True
3459,Middle East,Qatar,Offshore oil,Upstream,Oil,Vapour recovery units,-0.28,5510.0,154280.0,-14.73,-0.53,True
3460,Russia & Caspian,Russia,Offshore oil,Upstream,Oil,Vapour recovery units,-0.26,34440.0,964320.0,-13.68,-0.49,True
3461,Other,Other,Onshore conventional oil,Upstream,Oil,Vapour recovery units,-0.26,160.0,4480.0,-13.68,-0.49,True
3462,Europe,France,Onshore conventional oil,Upstream,Oil,Other,-0.26,190.0,5320.0,-13.68,-0.49,True
3463,Middle East,Kuwait,Onshore conventional oil,Upstream,Oil,Other,-0.24,44700.0,1251600.0,-12.62,-0.45,True
3464,Other,Other,Downstream gas,Downstream,Gas,Vapour recovery units,-0.24,20.0,560.0,-12.62,-0.45,True
3465,Asia Pacific,Thailand,Onshore conventional gas,Upstream,Gas,Replace compressor seal or rod,-0.22,210.0,5880.0,-11.57,-0.41,True
3466,Africa,Ghana,Onshore conventional oil,Upstream,Oil,Replace pumps,-0.22,1610.0,45080.0,-11.57,-0.41,True
3467,Asia Pacific,China,Downstream gas,Downstream,Gas,Replace compressor seal or rod,-0.22,76240.0,2134720.0,-11.57,-0.41,True
3468,Central and South America,Brazil,Onshore conventional oil,Upstream,Oil,Vapour recovery units,-0.22,18040.0,505120.0,-11.57,-0.41,True
3469,North America,Mexico,Onshore conventional gas,Upstream,Gas,Vapour recovery units,-0.19,3780.0,105840.0,-9.99,-0.36,True
3470,Asia Pacific,Brunei,Onshore conventional oil,Upstream,Oil,Vapour recovery units,-0.18,570.0,15960.0,-9.47,-0.34,True
3471,Middle East,Kuwait,Onshore conventional oil,Upstream,Oil,Associated gas utilisation,-0.17,27820.0,778960.0,-8.94,-0.32,True
3472,Middle East,Saudi Arabia,Onshore conventional gas,Upstream,Gas,Replace compressor seal or rod,-0.17,1850.0,51800.0,-8.94,-0.32,True
3473,Middle East,Saudi Arabia,Unconventional gas,Upstream,Gas,Replace compressor seal or rod,-0.17,510.0,14280.0,-8.94,-0.32,True
3474,Russia & Caspian,Russia,Offshore gas,Upstream,Gas,Vapour recovery units,-0.16,14250.0,399000.0,-8.42,-0.3,True
3475,Africa,Democratic Republic of Congo,Onshore conventional oil,Upstream,Oil,Replace with electric motor,-0.14,1120.0,31360.0,-7.36,-0.26,True
3476,Europe,Romania,Onshore conventional oil,Upstream,Oil,Other,-0.13,2340.0,65520.0,-6.84,-0.24,True
3477,North America,Mexico,Downstream gas,Downstream,Gas,Continuous LDAR,-0.13,10750.0,301000.0,-6.84,-0.24,True
3478,North America,Mexico,Downstream oil,Downstream,Oil,Continuous LDAR,-0.13,520.0,14560.0,-6.84,-0.24,True
3479,Other,Other,Downstream gas,Downstream,Gas,Vapour recovery units,-0.12,60.0,1680.0,-6.31,-0.23,True
3480,Central and South America,Brazil,Onshore conventional gas,Upstream,Gas,Replace compressor seal or rod,-0.12,650.0,18200.0,-6.31,-0.23,True
3481,Asia Pacific,Brunei,Onshore conventional gas,Upstream,Gas,Replace compressor seal or rod,-0.11,70.0,1960.0,-5.79,-0.21,True
3482,Europe,United Kingdom,Downstream gas,Downstream,Gas,Continuous LDAR,-0.11,4860.0,136080.0,-5.79,-0.21,True
3483,Europe,United Kingdom,Downstream oil,Downstream,Oil,Continuous LDAR,-0.11,210.0,5880.0,-5.79,-0.21,True
3484,Middle East,Oman,Onshore conventional gas,Upstream,Gas,Replace compressor seal or rod,-0.1,2460.0,68880.0,-5.26,-0.19,True
3485,Middle East,Oman,Unconventional gas,Upstream,Gas,Replace compressor seal or rod,-0.1,1710.0,47880.0,-5.26,-0.19,True
3486,Asia Pacific,India,Downstream oil,Downstream,Oil,Associated gas utilisation,-0.1,2170.0,60760.0,-5.26,-0.19,True
3487,Europe,Romania,Downstream gas,Downstream,Gas,Continuous LDAR,-0.08,3330.0,93240.0,-4.21,-0.15,True
3488,Europe,Romania,Downstream oil,Downstream,Oil,Continuous LDAR,-0.08,650.0,18200.0,-4.21,-0.15,True
3489,Russia & Caspian,Russia,Offshore gas,Upstream,Gas,Other,-0.06,430.0,12040.0,-3.16,-0.11,True
3490,Europe,United Kingdom,Onshore conventional oil,Upstream,Oil,Other,-0.05,170.0,4760.0,-2.63,-0.09,True
3491,Africa,Democratic Republic of Congo,Downstream oil,Downstream,Oil,Vapour recovery units,-0.05,60.0,1680.0,-2.63,-0.09,True
3492,Asia Pacific,China,Onshore conventional oil,Upstream,Oil,Associated gas utilisation,-0.05,43650.0,1222200.0,-2.63,-0.09,True
3493,Asia Pacific,Pakistan,Downstream gas,Downstream,Gas,Vapour recovery units,-0.04,340.0,9520.0,-2.1,-0.08,True
3494,Middle East,Yemen,Onshore conventional oil,Upstream,Oil,Vapour recovery units,-0.02,29880.0,836640.0,-1.05,-0.04,True
3495,Russia & Caspian,Uzbekistan,Onshore conventional oil,Upstream,Oil,Associated gas utilisation,-0.01,5790.0,162120.0,-0.53,-0.02,True
3496,North America,Mexico,Offshore oil,Upstream,Oil,Quarterly LDAR,-0.01,30390.0,850920.0,-0.53,-0.02,True
3497,North America,Mexico,Offshore gas,Upstream,Gas,Quarterly LDAR,-0.01,3580.0,100240.0,-0.53,-0.02,True
3498,Asia Pacific,China,Downstream gas,Downstream,Gas,Other,-0.01,77970.0,2183160.0,-0.53,-0.02,True
3499,Middle East,Jordan,Onshore conventional gas,Upstream,Gas,Replace compressor seal or rod,-0.01,20.0,560.0,-0.53,-0.02,True
3500,Middle East,Jordan,Unconventional gas,Upstream,Gas,Replace compressor seal or rod,-0.01,10.0,280.0,-0.53,-0.02,True
3501,Europe,Denmark,Offshore oil,Upstream,Oil,Vapour recovery units,0.0,120.0,3360.0,0.0,0.0,False
3502,Europe,Denmark,Onshore conventional oil,Upstream,Oil,Vapour recovery units,0.0,50.0,1400.0,0.0,0.0,False
3503,Europe,Other countries in Europe,Onshore conventional oil,Upstream,Oil,Vapour recovery units,0.0,40.0,1120.0,0.0,0.0,False
3504,Europe,Netherlands,Offshore gas,Upstream,Gas,Quarterly LDAR,0.02,350.0,9800.0,1.05,0.04,False
3505,Europe,Netherlands,Offshore oil,Upstream,Oil,Quarterly LDAR,0.02,20.0,560.0,1.05,0.04,False
3506,Africa,Sudan,Onshore conventional oil,Upstream,Oil,Replace pumps,0.02,2340.0,65520.0,1.05,0.04,False
3507,North America,Canada,Onshore conventional oil,Upstream,Oil,Continuous LDAR,0.02,138430.0,3876040.0,1.05,0.04,False
3508,North America,Canada,Unconventional oil,Upstream,Oil,Continuous LDAR,0.02,18050.0,505400.0,1.05,0.04,False
3509,North America,Canada,Onshore conventional gas,Upstream,Gas,Continuous LDAR,0.02,40750.0,1141000.0,1.05,0.04,False
3510,North America,Canada,Unconventional gas,Upstream,Gas,Continuous LDAR,0.02,139850.0,3915800.0,1.05,0.04,False
3511,Asia Pacific,Australia,Offshore oil,Upstream,Oil,Associated gas utilisation,0.02,6740.0,188720.0,1.05,0.04,False
3512,Russia & Caspian,Uzbekistan,Downstream gas,Downstream,Gas,Other,0.02,36290.0,1016120.0,1.05,0.04,False
3513,Middle East,Saudi Arabia,Downstream gas,Downstream,Gas,Other,0.03,7190.0,201320.0,1.58,0.06,False
3514,Middle East,United Arab Emirates,Onshore conventional gas,Upstream,Gas,Replace compressor seal or rod,0.03,1760.0,49280.0,1.58,0.06,False
3515,Middle East,Oman,Downstream gas,Downstream,Gas,Other,0.03,4790.0,134120.0,1.58,0.06,False
3516,Other,Other,Onshore conventional oil,Upstream,Oil,Other,0.04,1160.0,32480.0,2.1,0.08,False
3517,Middle East,United Arab Emirates,Downstream gas,Downstream,Gas,Other,0.04,5970.0,167160.0,2.1,0.08,False
3518,Middle East,Syria,Downstream gas,Downstream,Gas,Other,0.04,4340.0,121520.0,2.1,0.08,False
3519,Middle East,Qatar,Onshore conventional gas,Upstream,Gas,Replace compressor seal or rod,0.04,190.0,5320.0,2.1,0.08,False
3520,Middle East,Qatar,Downstream gas,Downstream,Gas,Other,0.04,5520.0,154560.0,2.1,0.08,False
3521,Asia Pacific,India,Onshore conventional gas,Upstream,Gas,Replace compressor seal or rod,0.04,1850.0,51800.0,2.1,0.08,False
3522,Asia Pacific,India,Unconventional gas,Upstream,Gas,Replace compressor seal or rod,0.04,880.0,24640.0,2.1,0.08,False
3523,Middle East,Jordan,Downstream gas,Downstream,Gas,Other,0.04,1120.0,31360.0,2.1,0.08,False
3524,Middle East,Iraq,Downstream gas,Downstream,Gas,Other,0.04,2020.0,56560.0,2.1,0.08,False
3525,Middle East,Iran,Downstream gas,Downstream,Gas,Other,0.04,38000.0,1064000.0,2.1,0.08,False
3526,Middle East,Bahrain,Downstream gas,Downstream,Gas,Other,0.05,2880.0,80640.0,2.63,0.09,False
3527,Africa,Botswana,Unconventional gas,Upstream,Gas,Replace compressor seal or rod,0.06,60.0,1680.0,3.16,0.11,False
3528,Asia Pacific,India,Downstream gas,Downstream,Gas,Other,0.07,41940.0,1174320.0,3.68,0.13,False
3529,Russia & Caspian,Russia,Unconventional gas,Upstream,Gas,Vapour recovery units,0.07,33450.0,936600.0,3.68,0.13,False
3530,Europe,Norway,Onshore conventional oil,Upstream,Oil,Replace with electric motor,0.07,210.0,5880.0,3.68,0.13,False
3531,Middle East,Iran,Onshore conventional oil,Upstream,Oil,Vapour recovery units,0.08,458480.0,12837440.0,4.21,0.15,False
3532,Middle East,Kuwait,Downstream gas,Downstream,Gas,Other,0.08,3410.0,95480.0,4.21,0.15,False
3533,Africa,Congo,Onshore conventional oil,Upstream,Oil,Associated gas utilisation,0.09,2830.0,79240.0,4.73,0.17,False
3534,Central and South America,Brazil,Offshore oil,Upstream,Oil,Vapour recovery units,0.1,6570.0,183960.0,5.26,0.19,False
3535,Central and South America,Brazil,Unconventional oil,Upstream,Oil,Vapour recovery units,0.1,10.0,280.0,5.26,0.19,False
3536,Central and South America,Brazil,Onshore conventional oil,Upstream,Oil,Vapour recovery units,0.1,1230.0,34440.0,5.26,0.19,False
3537,Asia Pacific,Malaysia,Downstream gas,Downstream,Gas,Replace compressor seal or rod,0.1,12200.0,341600.0,5.26,0.19,False
3538,Other,Other,Onshore conventional oil,Upstream,Oil,Associated gas utilisation,0.1,380.0,10640.0,5.26,0.19,False
3539,Europe,Sweden,Downstream oil,Downstream,Oil,Associated gas utilisation,0.11,10.0,280.0,5.79,0.21,False
3540,Africa,Angola,Offshore oil,Upstream,Oil,Replace with electric motor,0.11,2680.0,75040.0,5.79,0.21,False
3541,Central and South America,Venezuela,Onshore conventional oil,Upstream,Oil,Vapour recovery units,0.11,523360.0,14654080.0,5.79,0.21,False
3542,Europe,Romania,Downstream oil,Downstream,Oil,Associated gas utilisation,0.12,310.0,8680.0,6.31,0.23,False
3543,Europe,Norway,Offshore oil,Upstream,Oil,Replace with electric motor,0.12,260.0,7280.0,6.31,0.23,False
3544,Asia Pacific,Brunei,Onshore conventional oil,Upstream,Oil,Vapour recovery units,0.13,230.0,6440.0,6.84,0.24,False
3545,Asia Pacific,Brunei,Offshore oil,Upstream,Oil,Vapour recovery units,0.13,530.0,14840.0,6.84,0.24,False
3546,North America,United States,Onshore conventional gas,Upstream,Gas,Quarterly LDAR,0.14,27710.0,775880.0,7.36,0.26,False
3547,North America,United States,Unconventional gas,Upstream,Gas,Quarterly LDAR,0.14,662740.0,18556720.0,7.36,0.26,False
3548,North America,United States,Onshore conventional oil,Upstream,Oil,Quarterly LDAR,0.14,100900.0,2825200.0,7.36,0.26,False
3549,North America,United States,Unconventional oil,Upstream,Oil,Quarterly LDAR,0.14,268130.0,7507640.0,7.36,0.26,False
3550,Central and South America,Trinidad and Tobago,Onshore conventional oil,Upstream,Oil,Vapour recovery units,0.15,2940.0,82320.0,7.89,0.28,False
3551,North America,Canada,Onshore conventional gas,Upstream,Gas,Vapour recovery units,0.16,11320.0,316960.0,8.42,0.3,False
3552,Asia Pacific,India,Onshore conventional oil,Upstream,Oil,Vapour recovery units,0.16,64180.0,1797040.0,8.42,0.3,False
3553,Russia & Caspian,Azerbaijan,Downstream oil,Downstream,Oil,Associated gas utilisation,0.17,30.0,840.0,8.94,0.32,False
3554,Middle East,United Arab Emirates,Onshore conventional oil,Upstream,Oil,Vapour recovery units,0.17,90990.0,2547720.0,8.94,0.32,False
3555,Africa,Tunisia,Onshore conventional oil,Upstream,Oil,Vapour recovery units,0.18,2670.0,74760.0,9.47,0.34,False
3556,Africa,Senegal,Offshore oil,Upstream,Oil,Vapour recovery units,0.18,1030.0,28840.0,9.47,0.34,False
3557,Central and South America,Ecuador,Onshore conventional oil,Upstream,Oil,Associated gas utilisation,0.18,11070.0,309960.0,9.47,0.34,False
3558,Europe,Germany,Downstream oil,Downstream,Oil,Associated gas utilisation,0.19,100.0,2800.0,9.99,0.36,False
3559,Asia Pacific,Bangladesh,Downstream oil,Downstream,Oil,Associated gas utilisation,0.19,80.0,2240.0,9.99,0.36,False
3560,Asia Pacific,Pakistan,Downstream oil,Downstream,Oil,Associated gas utilisation,0.19,150.0,4200.0,9.99,0.36,False
3561,Other,Other,Downstream oil,Downstream,Oil,Associated gas utilisation,0.2,70.0,1960.0,10.52,0.38,False
3562,Other,Other,Downstream gas,Downstream,Gas,Improve flaring,0.2,530.0,14840.0,10.52,0.38,False
3563,Russia & Caspian,Turkmenistan,Downstream oil,Downstream,Oil,Associated gas utilisation,0.2,120.0,3360.0,10.52,0.38,False
3564,Russia & Caspian,Turkmenistan,Offshore oil,Upstream,Oil,Other,0.22,3730.0,104440.0,11.57,0.41,False
3565,Africa,Tanzania,Downstream oil,Downstream,Oil,Associated gas utilisation,0.23,20.0,560.0,12.1,0.43,False
3566,Africa,South Sudan,Downstream oil,Downstream,Oil,Associated gas utilisation,0.23,10.0,280.0,12.1,0.43,False
3567,Africa,Sudan,Downstream oil,Downstream,Oil,Associated gas utilisation,0.23,120.0,3360.0,12.1,0.43,False
3568,Africa,Nigeria,Downstream oil,Downstream,Oil,Associated gas utilisation,0.23,160.0,4480.0,12.1,0.43,False
3569,Africa,Mozambique,Downstream oil,Downstream,Oil,Associated gas utilisation,0.23,20.0,560.0,12.1,0.43,False
3570,Other,Other,Downstream oil,Downstream,Oil,Associated gas utilisation,0.23,40.0,1120.0,12.1,0.43,False
3571,Other,Other,Downstream oil,Downstream,Oil,Associated gas utilisation,0.23,20.0,560.0,12.1,0.43,False
3572,Africa,Angola,Downstream oil,Downstream,Oil,Associated gas utilisation,0.23,10.0,280.0,12.1,0.43,False
3573,Africa,Cameroon,Downstream oil,Downstream,Oil,Associated gas utilisation,0.23,20.0,560.0,12.1,0.43,False
3574,Africa,Congo,Downstream oil,Downstream,Oil,Associated gas utilisation,0.23,30.0,840.0,12.1,0.43,False
3575,Africa,Cote d'Ivoire,Downstream oil,Downstream,Oil,Associated gas utilisation,0.23,10.0,280.0,12.1,0.43,False
3576,Africa,Gabon,Downstream oil,Downstream,Oil,Associated gas utilisation,0.23,20.0,560.0,12.1,0.43,False
3577,Russia & Caspian,Kazakhstan,Downstream oil,Downstream,Oil,Associated gas utilisation,0.23,80.0,2240.0,12.1,0.43,False
3578,Asia Pacific,Indonesia,Downstream oil,Downstream,Oil,Associated gas utilisation,0.23,300.0,8400.0,12.1,0.43,False
3579,Europe,Romania,Onshore conventional oil,Upstream,Oil,Associated gas utilisation,0.24,1460.0,40880.0,12.62,0.45,False
3580,Europe,Netherlands,Downstream oil,Downstream,Oil,Associated gas utilisation,0.25,30.0,840.0,13.15,0.47,False
3581,Other,Other,Downstream gas,Downstream,Gas,Improve flaring,0.25,180.0,5040.0,13.15,0.47,False
3582,Europe,France,Downstream oil,Downstream,Oil,Associated gas utilisation,0.25,130.0,3640.0,13.15,0.47,False
3583,Asia Pacific,Bangladesh,Onshore conventional oil,Upstream,Oil,Vapour recovery units,0.25,330.0,9240.0,13.15,0.47,False
3584,Middle East,Yemen,Onshore conventional oil,Upstream,Oil,Vapour recovery units,0.25,15960.0,446880.0,13.15,0.47,False
3585,Asia Pacific,Viet Nam,Downstream gas,Downstream,Gas,Improve flaring,0.26,250.0,7000.0,13.68,0.49,False
3586,Africa,Benin,Downstream gas,Downstream,Gas,Improve flaring,0.26,10.0,280.0,13.68,0.49,False
3587,Russia & Caspian,Azerbaijan,Downstream gas,Downstream,Gas,Improve flaring,0.26,450.0,12600.0,13.68,0.49,False
3588,Africa,Angola,Downstream gas,Downstream,Gas,Improve flaring,0.26,20.0,560.0,13.68,0.49,False
3589,Africa,Congo,Downstream gas,Downstream,Gas,Improve flaring,0.26,60.0,1680.0,13.68,0.49,False
3590,Africa,Cote d'Ivoire,Downstream gas,Downstream,Gas,Improve flaring,0.26,90.0,2520.0,13.68,0.49,False
3591,Central and South America,Colombia,Downstream gas,Downstream,Gas,Improve flaring,0.26,1080.0,30240.0,13.68,0.49,False
3592,Africa,Cameroon,Downstream gas,Downstream,Gas,Improve flaring,0.26,30.0,840.0,13.68,0.49,False
3593,Asia Pacific,Brunei,Downstream gas,Downstream,Gas,Improve flaring,0.26,80.0,2240.0,13.68,0.49,False
3594,Africa,Gabon,Downstream gas,Downstream,Gas,Improve flaring,0.26,40.0,1120.0,13.68,0.49,False
3595,Africa,Equatorial Guinea,Downstream gas,Downstream,Gas,Improve flaring,0.26,120.0,3360.0,13.68,0.49,False
3596,Africa,Ghana,Downstream gas,Downstream,Gas,Improve flaring,0.26,150.0,4200.0,13.68,0.49,False
3597,Russia & Caspian,Kazakhstan,Downstream gas,Downstream,Gas,Improve flaring,0.26,650.0,18200.0,13.68,0.49,False
3598,Other,Other,Downstream gas,Downstream,Gas,Improve flaring,0.26,380.0,10640.0,13.68,0.49,False
3599,Africa,Nigeria,Downstream gas,Downstream,Gas,Improve flaring,0.26,940.0,26320.0,13.68,0.49,False
3600,Africa,Mozambique,Downstream gas,Downstream,Gas,Improve flaring,0.26,70.0,1960.0,13.68,0.49,False
3601,Asia Pacific,Malaysia,Downstream gas,Downstream,Gas,Improve flaring,0.26,2370.0,66360.0,13.68,0.49,False
3602,Asia Pacific,Other countries in Southeast Asia,Downstream gas,Downstream,Gas,Improve flaring,0.26,720.0,20160.0,13.68,0.49,False
3603,Asia Pacific,Philippines,Downstream gas,Downstream,Gas,Improve flaring,0.26,110.0,3080.0,13.68,0.49,False
3604,Africa,South Africa,Downstream gas,Downstream,Gas,Improve flaring,0.26,120.0,3360.0,13.68,0.49,False
3605,Asia Pacific,Thailand,Downstream gas,Downstream,Gas,Improve flaring,0.26,3050.0,85400.0,13.68,0.49,False
3606,Africa,Tanzania,Downstream gas,Downstream,Gas,Improve flaring,0.26,100.0,2800.0,13.68,0.49,False
3607,Africa,Togo,Downstream gas,Downstream,Gas,Improve flaring,0.26,10.0,280.0,13.68,0.49,False
3608,Russia & Caspian,Turkmenistan,Downstream gas,Downstream,Gas,Improve flaring,0.26,6520.0,182560.0,13.68,0.49,False
3609,Europe,Ukraine,Downstream gas,Downstream,Gas,Improve flaring,0.26,3370.0,94360.0,13.68,0.49,False
3610,Middle East,United Arab Emirates,Downstream gas,Downstream,Gas,Improve flaring,0.27,1130.0,31640.0,14.2,0.51,False
3611,Middle East,Syria,Onshore conventional oil,Upstream,Oil,Vapour recovery units,0.27,69990.0,1959720.0,14.2,0.51,False
3612,Middle East,Syria,Downstream gas,Downstream,Gas,Improve flaring,0.27,820.0,22960.0,14.2,0.51,False
3613,Middle East,Saudi Arabia,Downstream gas,Downstream,Gas,Improve flaring,0.27,1360.0,38080.0,14.2,0.51,False
3614,Middle East,Qatar,Downstream gas,Downstream,Gas,Improve flaring,0.27,1050.0,29400.0,14.2,0.51,False
3615,Europe,Other countries in Europe,Downstream gas,Downstream,Gas,Improve flaring,0.27,1780.0,49840.0,14.2,0.51,False
3616,Middle East,Oman,Downstream gas,Downstream,Gas,Improve flaring,0.27,910.0,25480.0,14.2,0.51,False
3617,Middle East,Jordan,Downstream gas,Downstream,Gas,Improve flaring,0.27,210.0,5880.0,14.2,0.51,False
3618,Middle East,Kuwait,Downstream gas,Downstream,Gas,Improve flaring,0.27,650.0,18200.0,14.2,0.51,False
3619,Middle East,Iran,Downstream gas,Downstream,Gas,Improve flaring,0.27,7210.0,201880.0,14.2,0.51,False
3620,Middle East,Iraq,Downstream gas,Downstream,Gas,Improve flaring,0.27,380.0,10640.0,14.2,0.51,False
3621,Europe,Israel,Downstream oil,Downstream,Oil,Continuous LDAR,0.27,30.0,840.0,14.2,0.51,False
3622,Europe,Israel,Downstream gas,Downstream,Gas,Continuous LDAR,0.27,920.0,25760.0,14.2,0.51,False
3623,Middle East,Bahrain,Downstream gas,Downstream,Gas,Improve flaring,0.27,550.0,15400.0,14.2,0.51,False
3624,Russia & Caspian,Uzbekistan,Downstream gas,Downstream,Gas,Improve flaring,0.27,6890.0,192920.0,14.2,0.51,False
3625,Middle East,Yemen,Onshore conventional gas,Upstream,Gas,Replace compressor seal or rod,0.28,10.0,280.0,14.73,0.53,False
3626,Central and South America,Brazil,Downstream gas,Downstream,Gas,Improve flaring,0.28,1500.0,42000.0,14.73,0.53,False
3627,Asia Pacific,China,Downstream gas,Downstream,Gas,Improve flaring,0.28,14800.0,414400.0,14.73,0.53,False
3628,Africa,Egypt,Onshore conventional oil,Upstream,Oil,Vapour recovery units,0.28,40550.0,1135400.0,14.73,0.53,False
3629,Other,Other,Downstream gas,Downstream,Gas,Improve flaring,0.28,1090.0,30520.0,14.73,0.53,False
3630,North America,Mexico,Downstream gas,Downstream,Gas,Improve flaring,0.28,2570.0,71960.0,14.73,0.53,False
3631,Asia Pacific,Pakistan,Downstream gas,Downstream,Gas,Improve flaring,0.29,2730.0,76440.0,15.25,0.54,False
3632,Europe,Other EU7 countries,Downstream gas,Downstream,Gas,Improve flaring,0.29,200.0,5600.0,15.25,0.54,False
3633,Europe,Poland,Downstream gas,Downstream,Gas,Improve flaring,0.29,560.0,15680.0,15.25,0.54,False
3634,Asia Pacific,India,Downstream gas,Downstream,Gas,Improve flaring,0.29,7960.0,222880.0,15.25,0.54,False
3635,Africa,Cote d'Ivoire,Offshore oil,Upstream,Oil,Vapour recovery units,0.29,250.0,7000.0,15.25,0.54,False
3636,Asia Pacific,Bangladesh,Downstream gas,Downstream,Gas,Improve flaring,0.29,1170.0,32760.0,15.25,0.54,False
3637,Asia Pacific,Bangladesh,Downstream gas,Downstream,Gas,Other,0.3,6160.0,172480.0,15.78,0.56,False
3638,Africa,Algeria,Downstream gas,Downstream,Gas,Improve flaring,0.3,1890.0,52920.0,15.78,0.56,False
3639,Asia Pacific,Australia,Downstream gas,Downstream,Gas,Replace compressor seal or rod,0.3,3940.0,110320.0,15.78,0.56,False
3640,Asia Pacific,Indonesia,Downstream gas,Downstream,Gas,Improve flaring,0.3,2630.0,73640.0,15.78,0.56,False
3641,Europe,Estonia,Downstream gas,Downstream,Gas,Improve flaring,0.3,10.0,280.0,15.78,0.56,False
3642,Africa,Egypt,Downstream gas,Downstream,Gas,Improve flaring,0.3,2470.0,69160.0,15.78,0.56,False
3643,Africa,Libya,Downstream gas,Downstream,Gas,Improve flaring,0.3,270.0,7560.0,15.78,0.56,False
3644,Africa,Tunisia,Downstream gas,Downstream,Gas,Improve flaring,0.3,270.0,7560.0,15.78,0.56,False
3645,Europe,United Kingdom,Onshore conventional oil,Upstream,Oil,Associated gas utilisation,0.3,110.0,3080.0,15.78,0.56,False
3646,Africa,Morocco,Downstream gas,Downstream,Gas,Improve flaring,0.3,30.0,840.0,15.78,0.56,False
3647,Asia Pacific,Pakistan,Downstream gas,Downstream,Gas,Other,0.31,14410.0,403480.0,16.31,0.58,False
3648,Asia Pacific,Indonesia,Downstream gas,Downstream,Gas,Other,0.31,13840.0,387520.0,16.31,0.58,False
3649,Central and South America,Argentina,Unconventional oil,Upstream,Oil,Vapour recovery units,0.31,109290.0,3060120.0,16.31,0.58,False
3650,Central and South America,Argentina,Onshore conventional oil,Upstream,Oil,Vapour recovery units,0.31,37060.0,1037680.0,16.31,0.58,False
3651,Asia Pacific,Japan,Downstream gas,Downstream,Gas,Improve flaring,0.32,1870.0,52360.0,16.83,0.6,False
3652,Asia Pacific,New Zealand,Downstream gas,Downstream,Gas,Improve flaring,0.32,70.0,1960.0,16.83,0.6,False
3653,Europe,Slovenia,Downstream gas,Downstream,Gas,Improve flaring,0.32,30.0,840.0,16.83,0.6,False
3654,Central and South America,Trinidad and Tobago,Downstream gas,Downstream,Gas,Improve flaring,0.33,540.0,15120.0,17.36,0.62,False
3655,Central and South America,Peru,Downstream gas,Downstream,Gas,Improve flaring,0.33,350.0,9800.0,17.36,0.62,False
3656,Central and South America,Ecuador,Downstream gas,Downstream,Gas,Improve flaring,0.33,20.0,560.0,17.36,0.62,False
3657,Central and South America,Argentina,Downstream gas,Downstream,Gas,Improve flaring,0.33,1980.0,55440.0,17.36,0.62,False
3658,Central and South America,Bolivia,Downstream gas,Downstream,Gas,Improve flaring,0.33,370.0,10360.0,17.36,0.62,False
3659,Central and South America,Cuba,Downstream gas,Downstream,Gas,Improve flaring,0.33,40.0,1120.0,17.36,0.62,False
3660,Africa,Congo,Offshore oil,Upstream,Oil,Other,0.33,2890.0,80920.0,17.36,0.62,False
3661,Central and South America,Uruguay,Downstream gas,Downstream,Gas,Improve flaring,0.33,10.0,280.0,17.36,0.62,False
3662,Central and South America,Venezuela,Downstream gas,Downstream,Gas,Improve flaring,0.33,1550.0,43400.0,17.36,0.62,False
3663,Europe,Italy,Downstream gas,Downstream,Gas,Improve flaring,0.34,1330.0,37240.0,17.88,0.64,False
3664,Europe,Other EU17 countries,Downstream gas,Downstream,Gas,Improve flaring,0.34,1900.0,53200.0,17.88,0.64,False
3665,Europe,Norway,Offshore oil,Upstream,Oil,Continuous LDAR,0.34,740.0,20720.0,17.88,0.64,False
3666,Europe,Norway,Offshore gas,Upstream,Gas,Continuous LDAR,0.34,1050.0,29400.0,17.88,0.64,False
3667,Europe,United Kingdom,Downstream gas,Downstream,Gas,Improve flaring,0.34,1160.0,32480.0,17.88,0.64,False
3668,Africa,South Sudan,Onshore conventional oil,Upstream,Oil,Replace pumps,0.34,6820.0,190960.0,17.88,0.64,False
3669,Central and South America,Peru,Onshore conventional oil,Upstream,Oil,Vapour recovery units,0.35,9520.0,266560.0,18.41,0.66,False
3670,North America,United States,Onshore conventional gas,Upstream,Gas,Vapour recovery units,0.35,11800.0,330400.0,18.41,0.66,False
3671,Middle East,Iraq,Onshore conventional oil,Upstream,Oil,Vapour recovery units,0.35,639250.0,17899000.0,18.41,0.66,False
3672,North America,Canada,Downstream gas,Downstream,Gas,Improve flaring,0.35,3980.0,111440.0,18.41,0.66,False
3673,Middle East,Iran,Onshore conventional oil,Upstream,Oil,Vapour recovery units,0.36,872230.0,24422440.0,18.94,0.68,False
3674,Middle East,Iran,Offshore oil,Upstream,Oil,Vapour recovery units,0.36,49500.0,1386000.0,18.94,0.68,False
3675,North America,United States,Downstream gas,Downstream,Gas,Annual LDAR,0.36,36430.0,1020040.0,18.94,0.68,False
3676,Europe,Romania,Downstream gas,Downstream,Gas,Improve flaring,0.36,800.0,22400.0,18.94,0.68,False
3677,North America,United States,Downstream oil,Downstream,Oil,Annual LDAR,0.36,1050.0,29400.0,18.94,0.68,False
3678,Europe,Sweden,Downstream gas,Downstream,Gas,Improve flaring,0.37,30.0,840.0,19.46,0.7,False
3679,North America,United States,Downstream gas,Downstream,Gas,Improve flaring,0.37,35420.0,991760.0,19.46,0.7,False
3680,Middle East,Kuwait,Downstream oil,Downstream,Oil,Vapour recovery units,0.37,540.0,15120.0,19.46,0.7,False
3681,Europe,France,Downstream gas,Downstream,Gas,Improve flaring,0.37,980.0,27440.0,19.46,0.7,False
3682,Europe,Germany,Downstream gas,Downstream,Gas,Improve flaring,0.37,1260.0,35280.0,19.46,0.7,False
3683,Asia Pacific,Australia,Downstream gas,Downstream,Gas,Improve flaring,0.37,770.0,21560.0,19.46,0.7,False
3684,Central and South America,Colombia,Downstream oil,Downstream,Oil,Associated gas utilisation,0.38,180.0,5040.0,19.99,0.71,False
3685,Europe,Israel,Downstream gas,Downstream,Gas,Improve flaring,0.38,220.0,6160.0,19.99,0.71,False
3686,Europe,Poland,Downstream gas,Downstream,Gas,Other,0.38,2930.0,82040.0,19.99,0.71,False
3687,Europe,Netherlands,Downstream gas,Downstream,Gas,Improve flaring,0.38,160.0,4480.0,19.99,0.71,False
3688,Europe,Denmark,Downstream gas,Downstream,Gas,Improve flaring,0.39,80.0,2240.0,20.51,0.73,False
3689,Central and South America,Bolivia,Onshore conventional oil,Upstream,Oil,Vapour recovery units,0.39,5270.0,147560.0,20.51,0.73,False
3690,Russia & Caspian,Uzbekistan,Downstream oil,Downstream,Oil,Associated gas utilisation,0.39,80.0,2240.0,20.51,0.73,False
3691,Central and South America,Venezuela,Unconventional oil,Upstream,Oil,Vapour recovery units,0.4,181230.0,5074440.0,21.04,0.75,False
3692,Central and South America,Venezuela,Onshore conventional oil,Upstream,Oil,Vapour recovery units,0.4,271770.0,7609560.0,21.04,0.75,False
3693,Central and South America,Venezuela,Offshore oil,Upstream,Oil,Vapour recovery units,0.4,20700.0,579600.0,21.04,0.75,False
3694,North America,Mexico,Downstream oil,Downstream,Oil,Replace with electric motor,0.41,2590.0,72520.0,21.57,0.77,False
3695,Europe,Other countries in Europe,Downstream gas,Downstream,Gas,Improve flaring,0.41,1360.0,38080.0,21.57,0.77,False
3696,Other,Other,Onshore conventional oil,Upstream,Oil,Vapour recovery units,0.41,670.0,18760.0,21.57,0.77,False
3697,Asia Pacific,New Zealand,Downstream oil,Downstream,Oil,Associated gas utilisation,0.42,30.0,840.0,22.09,0.79,False
3698,Europe,United Kingdom,Downstream oil,Downstream,Oil,Associated gas utilisation,0.42,100.0,2800.0,22.09,0.79,False
3699,Middle East,Bahrain,Onshore conventional oil,Upstream,Oil,Vapour recovery units,0.42,19760.0,553280.0,22.09,0.79,False
3700,Europe,Denmark,Downstream oil,Downstream,Oil,Associated gas utilisation,0.42,10.0,280.0,22.09,0.79,False
3701,Central and South America,Ecuador,Onshore conventional gas,Upstream,Gas,Replace compressor seal or rod,0.42,20.0,560.0,22.09,0.79,False
3702,Africa,Egypt,Onshore conventional gas,Upstream,Gas,Replace pumps,0.43,1000.0,28000.0,22.62,0.81,False
3703,Africa,Egypt,Unconventional gas,Upstream,Gas,Replace pumps,0.43,150.0,4200.0,22.62,0.81,False
3704,Africa,Equatorial Guinea,Offshore oil,Upstream,Oil,Vapour recovery units,0.43,10610.0,297080.0,22.62,0.81,False
3705,Middle East,Iraq,Downstream oil,Downstream,Oil,Associated gas utilisation,0.43,90.0,2520.0,22.62,0.81,False
3706,Middle East,Iran,Downstream oil,Downstream,Oil,Associated gas utilisation,0.43,250.0,7000.0,22.62,0.81,False
3707,Middle East,Kuwait,Downstream oil,Downstream,Oil,Associated gas utilisation,0.43,40.0,1120.0,22.62,0.81,False
3708,Africa,Libya,Onshore conventional gas,Upstream,Gas,Replace pumps,0.43,520.0,14560.0,22.62,0.81,False
3709,Middle East,Bahrain,Downstream oil,Downstream,Oil,Associated gas utilisation,0.43,10.0,280.0,22.62,0.81,False
3710,Africa,Algeria,Unconventional gas,Upstream,Gas,Replace pumps,0.43,180.0,5040.0,22.62,0.81,False
3711,Africa,Algeria,Onshore conventional gas,Upstream,Gas,Replace pumps,0.43,10430.0,292040.0,22.62,0.81,False
3712,Africa,Democratic Republic of Congo,Offshore oil,Upstream,Oil,Associated gas utilisation,0.43,3270.0,91560.0,22.62,0.81,False
3713,Middle East,United Arab Emirates,Downstream oil,Downstream,Oil,Associated gas utilisation,0.43,60.0,1680.0,22.62,0.81,False
3714,Central and South America,Trinidad and Tobago,Offshore oil,Upstream,Oil,Vapour recovery units,0.43,580.0,16240.0,22.62,0.81,False
3715,Central and South America,Trinidad and Tobago,Onshore conventional oil,Upstream,Oil,Vapour recovery units,0.43,1610.0,45080.0,22.62,0.81,False
3716,Africa,Tunisia,Onshore conventional gas,Upstream,Gas,Replace pumps,0.43,150.0,4200.0,22.62,0.81,False
3717,Middle East,Qatar,Downstream oil,Downstream,Oil,Associated gas utilisation,0.43,30.0,840.0,22.62,0.81,False
3718,Middle East,Syria,Downstream oil,Downstream,Oil,Associated gas utilisation,0.43,140.0,3920.0,22.62,0.81,False
3719,Middle East,Saudi Arabia,Downstream oil,Downstream,Oil,Associated gas utilisation,0.43,150.0,4200.0,22.62,0.81,False
3720,Middle East,Oman,Downstream oil,Downstream,Oil,Associated gas utilisation,0.43,40.0,1120.0,22.62,0.81,False
3721,Middle East,Yemen,Downstream oil,Downstream,Oil,Associated gas utilisation,0.43,130.0,3640.0,22.62,0.81,False
3722,Europe,Norway,Downstream gas,Downstream,Gas,Improve flaring,0.45,10.0,280.0,23.67,0.85,False
3723,Middle East,United Arab Emirates,Onshore conventional oil,Upstream,Oil,Vapour recovery units,0.45,8930.0,250040.0,23.67,0.85,False
3724,Middle East,United Arab Emirates,Offshore oil,Upstream,Oil,Vapour recovery units,0.45,4470.0,125160.0,23.67,0.85,False
3725,Russia & Caspian,Russia,Downstream gas,Downstream,Gas,Improve flaring,0.46,14900.0,417200.0,24.2,0.86,False
3726,North America,United States,Downstream gas,Downstream,Gas,Biannual LDAR,0.47,109300.0,3060400.0,24.72,0.88,False
3727,Africa,Tunisia,Offshore oil,Upstream,Oil,Vapour recovery units,0.47,250.0,7000.0,24.72,0.88,False
3728,Africa,Tunisia,Onshore conventional oil,Upstream,Oil,Vapour recovery units,0.47,1650.0,46200.0,24.72,0.88,False
3729,Other,Other,Downstream oil,Downstream,Oil,Associated gas utilisation,0.47,50.0,1400.0,24.72,0.88,False
3730,Asia Pacific,India,Onshore conventional oil,Upstream,Oil,Vapour recovery units,0.47,16620.0,465360.0,24.72,0.88,False
3731,Asia Pacific,India,Offshore oil,Upstream,Oil,Vapour recovery units,0.47,7800.0,218400.0,24.72,0.88,False
3732,North America,United States,Downstream oil,Downstream,Oil,Biannual LDAR,0.47,3140.0,87920.0,24.72,0.88,False
3733,North America,Mexico,Offshore oil,Upstream,Oil,Vapour recovery units,0.48,91970.0,2575160.0,25.25,0.9,False
3734,Europe,Other countries in Europe,Offshore gas,Upstream,Gas,Quarterly LDAR,0.49,560.0,15680.0,25.77,0.92,False
3735,North America,Canada,Downstream oil,Downstream,Oil,Replace with electric motor,0.5,2200.0,61600.0,26.3,0.94,False
3736,North America,United States,Downstream oil,Downstream,Oil,Replace with electric motor,0.5,22240.0,622720.0,26.3,0.94,False
3737,Asia Pacific,Australia,Offshore gas,Upstream,Gas,Quarterly LDAR,0.51,12470.0,349160.0,26.83,0.96,False
3738,Asia Pacific,Australia,Offshore oil,Upstream,Oil,Quarterly LDAR,0.51,1520.0,42560.0,26.83,0.96,False
3739,Europe,France,Onshore conventional oil,Upstream,Oil,Vapour recovery units,0.51,700.0,19600.0,26.83,0.96,False
3740,Other,Other,Downstream oil,Downstream,Oil,Associated gas utilisation,0.53,150.0,4200.0,27.88,1.0,False
3741,Asia Pacific,New Zealand,Downstream gas,Downstream,Gas,Replace compressor seal or rod,0.53,360.0,10080.0,27.88,1.0,False
3742,Africa,Mozambique,Downstream gas,Downstream,Gas,Replace compressor seal or rod,0.54,370.0,10360.0,28.4,1.01,False
3743,Africa,Algeria,Onshore conventional oil,Upstream,Oil,Vapour recovery units,0.54,216800.0,6070400.0,28.4,1.01,False
3744,Middle East,Syria,Onshore conventional oil,Upstream,Oil,Vapour recovery units,0.55,48860.0,1368080.0,28.93,1.03,False
3745,Russia & Caspian,Russia,Offshore oil,Upstream,Oil,Biannual LDAR,0.56,2020.0,56560.0,29.46,1.05,False
3746,Russia & Caspian,Russia,Offshore gas,Upstream,Gas,Biannual LDAR,0.56,1420.0,39760.0,29.46,1.05,False
3747,Africa,Egypt,Onshore conventional oil,Upstream,Oil,Vapour recovery units,0.56,20140.0,563920.0,29.46,1.05,False
3748,Africa,Egypt,Offshore oil,Upstream,Oil,Vapour recovery units,0.56,3660.0,102480.0,29.46,1.05,False
3749,Russia & Caspian,Kazakhstan,Downstream gas,Downstream,Gas,Replace compressor seal or rod,0.56,3360.0,94080.0,29.46,1.05,False
3750,Asia Pacific,Indonesia,Onshore conventional gas,Upstream,Gas,Replace compressor seal or rod,0.58,3170.0,88760.0,30.51,1.09,False
3751,Africa,Benin,Downstream gas,Downstream,Gas,Replace compressor seal or rod,0.58,30.0,840.0,30.51,1.09,False
3752,Russia & Caspian,Azerbaijan,Downstream gas,Downstream,Gas,Replace compressor seal or rod,0.59,2320.0,64960.0,31.03,1.11,False
3753,Africa,Egypt,Unconventional gas,Upstream,Gas,Replace compressor seal or rod,0.59,120.0,3360.0,31.03,1.11,False
3754,Africa,Egypt,Onshore conventional gas,Upstream,Gas,Replace compressor seal or rod,0.59,830.0,23240.0,31.03,1.11,False
3755,Russia & Caspian,Turkmenistan,Downstream gas,Downstream,Gas,Replace compressor seal or rod,0.59,33610.0,941080.0,31.03,1.11,False
3756,Other,Other,Downstream gas,Downstream,Gas,Replace compressor seal or rod,0.59,1950.0,54600.0,31.03,1.11,False
3757,Russia & Caspian,Uzbekistan,Downstream gas,Downstream,Gas,Replace compressor seal or rod,0.59,35480.0,993440.0,31.03,1.11,False
3758,Africa,Libya,Onshore conventional oil,Upstream,Oil,Vapour recovery units,0.6,140770.0,3941560.0,31.56,1.13,False
3759,Russia & Caspian,Russia,Downstream oil,Downstream,Oil,Replace with electric motor,0.6,7280.0,203840.0,31.56,1.13,False
3760,Asia Pacific,Australia,Offshore oil,Upstream,Oil,Other,0.6,280.0,7840.0,31.56,1.13,False
3761,Central and South America,Argentina,Unconventional oil,Upstream,Oil,Vapour recovery units,0.6,27730.0,776440.0,31.56,1.13,False
3762,Central and South America,Argentina,Onshore conventional oil,Upstream,Oil,Vapour recovery units,0.6,6460.0,180880.0,31.56,1.13,False
3763,Central and South America,Argentina,Offshore oil,Upstream,Oil,Vapour recovery units,0.6,20.0,560.0,31.56,1.13,False
3764,Europe,Denmark,Offshore gas,Upstream,Gas,Quarterly LDAR,0.62,270.0,7560.0,32.61,1.16,False
3765,Europe,Denmark,Offshore oil,Upstream,Oil,Quarterly LDAR,0.62,410.0,11480.0,32.61,1.16,False
3766,Africa,Chad,Onshore conventional oil,Upstream,Oil,Vapour recovery units,0.64,14160.0,396480.0,33.66,1.2,False
3767,Central and South America,Peru,Onshore conventional oil,Upstream,Oil,Vapour recovery units,0.64,1580.0,44240.0,33.66,1.2,False
3768,North America,United States,Unconventional gas,Upstream,Gas,Continuous LDAR,0.64,706920.0,19793760.0,33.66,1.2,False
3769,North America,United States,Onshore conventional gas,Upstream,Gas,Continuous LDAR,0.64,29560.0,827680.0,33.66,1.2,False
3770,Central and South America,Peru,Offshore oil,Upstream,Oil,Vapour recovery units,0.64,40.0,1120.0,33.66,1.2,False
3771,North America,United States,Onshore conventional oil,Upstream,Oil,Continuous LDAR,0.64,107630.0,3013640.0,33.66,1.2,False
3772,North America,United States,Unconventional oil,Upstream,Oil,Continuous LDAR,0.64,286010.0,8008280.0,33.66,1.2,False
3773,Asia Pacific,New Zealand,Onshore conventional oil,Upstream,Oil,Vapour recovery units,0.66,200.0,5600.0,34.72,1.24,False
3774,Europe,Israel,Downstream oil,Downstream,Oil,Associated gas utilisation,0.66,10.0,280.0,34.72,1.24,False
3775,Other,Other,Onshore conventional oil,Upstream,Oil,Associated gas utilisation,0.67,720.0,20160.0,35.24,1.26,False
3776,Central and South America,Bolivia,Onshore conventional oil,Upstream,Oil,Vapour recovery units,0.68,630.0,17640.0,35.77,1.28,False
3777,North America,United States,Onshore conventional gas,Upstream,Gas,Replace pumps,0.69,5140.0,143920.0,36.29,1.3,False
3778,North America,United States,Unconventional gas,Upstream,Gas,Replace pumps,0.69,109460.0,3064880.0,36.29,1.3,False
3779,Russia & Caspian,Turkmenistan,Onshore conventional oil,Upstream,Oil,Associated gas utilisation,0.69,16720.0,468160.0,36.29,1.3,False
3780,Africa,Tunisia,Onshore conventional gas,Upstream,Gas,Replace compressor seal or rod,0.7,130.0,3640.0,36.82,1.32,False
3781,Other,Other,Onshore conventional oil,Upstream,Oil,Vapour recovery units,0.7,10.0,280.0,36.82,1.32,False
3782,North America,Mexico,Offshore gas,Upstream,Gas,Vapour recovery units,0.7,6370.0,178360.0,36.82,1.32,False
3783,Middle East,Oman,Onshore conventional oil,Upstream,Oil,Replace pumps,0.71,51920.0,1453760.0,37.35,1.33,False
3784,Middle East,Qatar,Onshore conventional oil,Upstream,Oil,Replace pumps,0.71,13930.0,390040.0,37.35,1.33,False
3785,Middle East,Bahrain,Onshore conventional oil,Upstream,Oil,Replace pumps,0.71,11610.0,325080.0,37.35,1.33,False
3786,Middle East,Bahrain,Onshore conventional oil,Upstream,Oil,Vapour recovery units,0.71,1370.0,38360.0,37.35,1.33,False
3787,Middle East,Jordan,Onshore conventional oil,Upstream,Oil,Replace pumps,0.71,550.0,15400.0,37.35,1.33,False
3788,Middle East,Kuwait,Onshore conventional oil,Upstream,Oil,Replace pumps,0.71,95490.0,2673720.0,37.35,1.33,False
3789,Middle East,Iran,Onshore conventional oil,Upstream,Oil,Replace pumps,0.72,269360.0,7542080.0,37.87,1.35,False
3790,Africa,Ghana,Onshore conventional oil,Upstream,Oil,Vapour recovery units,0.73,3350.0,93800.0,38.4,1.37,False
3791,Middle East,Saudi Arabia,Onshore conventional oil,Upstream,Oil,Replace pumps,0.74,140200.0,3925600.0,38.92,1.39,False
3792,Asia Pacific,Philippines,Downstream gas,Downstream,Gas,Replace compressor seal or rod,0.75,560.0,15680.0,39.45,1.41,False
3793,Middle East,Syria,Onshore conventional gas,Upstream,Gas,Replace compressor seal or rod,0.77,1970.0,55160.0,40.5,1.45,False
3794,North America,Mexico,Offshore gas,Upstream,Gas,Other,0.77,190.0,5320.0,40.5,1.45,False
3795,Middle East,Iraq,Onshore conventional gas,Upstream,Gas,Replace compressor seal or rod,0.77,590.0,16520.0,40.5,1.45,False
3796,Middle East,Iran,Onshore conventional gas,Upstream,Gas,Replace compressor seal or rod,0.77,3990.0,111720.0,40.5,1.45,False
3797,Africa,Gabon,Onshore conventional oil,Upstream,Oil,Vapour recovery units,0.78,20390.0,570920.0,41.03,1.47,False
3798,Central and South America,Cuba,Downstream gas,Downstream,Gas,Replace compressor seal or rod,0.79,230.0,6440.0,41.55,1.48,False
3799,Asia Pacific,Thailand,Onshore conventional oil,Upstream,Oil,Vapour recovery units,0.83,5010.0,140280.0,43.66,1.56,False
3800,Africa,Democratic Republic of Congo,Offshore oil,Upstream,Oil,Replace with electric motor,0.84,170.0,4760.0,44.18,1.58,False
3801,Africa,Algeria,Onshore conventional oil,Upstream,Oil,Vapour recovery units,0.84,278960.0,7810880.0,44.18,1.58,False
3802,Europe,France,Onshore conventional oil,Upstream,Oil,Vapour recovery units,0.86,10.0,280.0,45.24,1.62,False
3803,Africa,Tanzania,Downstream oil,Downstream,Oil,Vapour recovery units,0.87,220.0,6160.0,45.76,1.63,False
3804,Middle East,Saudi Arabia,Downstream gas,Downstream,Gas,Replace compressor seal or rod,0.9,7030.0,196840.0,47.34,1.69,False
3805,Africa,Libya,Onshore conventional oil,Upstream,Oil,Vapour recovery units,0.9,339500.0,9506000.0,47.34,1.69,False
3806,Africa,Libya,Offshore oil,Upstream,Oil,Vapour recovery units,0.9,2880.0,80640.0,47.34,1.69,False
3807,Africa,Gabon,Onshore conventional oil,Upstream,Oil,Replace pumps,0.92,9820.0,274960.0,48.39,1.73,False
3808,North America,Mexico,Unconventional gas,Upstream,Gas,Vapour recovery units,0.92,220.0,6160.0,48.39,1.73,False
3809,Russia & Caspian,Russia,Offshore gas,Upstream,Gas,Replace with electric motor,0.92,1150.0,32200.0,48.39,1.73,False
3810,Middle East,Syria,Onshore conventional oil,Upstream,Oil,Replace pumps,0.93,41120.0,1151360.0,48.92,1.75,False
3811,Other,Other,Downstream gas,Downstream,Gas,Other,0.93,5770.0,161560.0,48.92,1.75,False
3812,Central and South America,Peru,Onshore conventional gas,Upstream,Gas,Replace compressor seal or rod,0.94,1880.0,52640.0,49.44,1.77,False
3813,Africa,Senegal,Onshore conventional gas,Upstream,Gas,Replace compressor seal or rod,0.94,210.0,5880.0,49.44,1.77,False
3814,Africa,Chad,Onshore conventional oil,Upstream,Oil,Vapour recovery units,0.95,2820.0,78960.0,49.97,1.78,False
3815,Africa,Angola,Onshore conventional oil,Upstream,Oil,Other,0.96,270.0,7560.0,50.5,1.8,False
3816,Russia & Caspian,Russia,Unconventional gas,Upstream,Gas,Replace with electric motor,0.97,38140.0,1067920.0,51.02,1.82,False
3817,Russia & Caspian,Russia,Onshore conventional gas,Upstream,Gas,Replace with electric motor,0.97,358580.0,10040240.0,51.02,1.82,False
3818,Asia Pacific,Thailand,Downstream gas,Downstream,Gas,Replace compressor seal or rod,0.98,15720.0,440160.0,51.55,1.84,False
3819,Middle East,Oman,Downstream gas,Downstream,Gas,Replace compressor seal or rod,0.98,4690.0,131320.0,51.55,1.84,False
3820,Asia Pacific,New Zealand,Onshore conventional oil,Upstream,Oil,Vapour recovery units,0.98,10.0,280.0,51.55,1.84,False
3821,Russia & Caspian,Russia,Onshore conventional oil,Upstream,Oil,Replace with electric motor,1.0,765390.0,21430920.0,52.6,1.88,False
3822,Africa,Sudan,Onshore conventional oil,Upstream,Oil,Vapour recovery units,1.0,4860.0,136080.0,52.6,1.88,False
3823,Asia Pacific,Bangladesh,Onshore conventional gas,Upstream,Gas,Replace compressor seal or rod,1.01,1930.0,54040.0,53.13,1.9,False
3824,Africa,Gabon,Downstream gas,Downstream,Gas,Replace compressor seal or rod,1.01,180.0,5040.0,53.13,1.9,False
3825,Central and South America,Trinidad and Tobago,Onshore conventional gas,Upstream,Gas,Replace compressor seal or rod,1.03,110.0,3080.0,54.18,1.94,False
3826,Other,Other,Onshore conventional gas,Upstream,Gas,Replace compressor seal or rod,1.03,60.0,1680.0,54.18,1.94,False
3827,Central and South America,Ecuador,Onshore conventional oil,Upstream,Oil,Vapour recovery units,1.04,64670.0,1810760.0,54.7,1.95,False
3828,Africa,Ghana,Offshore oil,Upstream,Oil,Vapour recovery units,1.04,2390.0,66920.0,54.7,1.95,False
3829,Africa,Ghana,Onshore conventional oil,Upstream,Oil,Vapour recovery units,1.04,840.0,23520.0,54.7,1.95,False
3830,Africa,Libya,Onshore conventional gas,Upstream,Gas,Replace compressor seal or rod,1.04,430.0,12040.0,54.7,1.95,False
3831,Africa,Algeria,Onshore conventional gas,Upstream,Gas,Replace compressor seal or rod,1.04,8600.0,240800.0,54.7,1.95,False
3832,Africa,Algeria,Unconventional gas,Upstream,Gas,Replace compressor seal or rod,1.04,150.0,4200.0,54.7,1.95,False
3833,North America,United States,Offshore oil,Upstream,Oil,Vapour recovery units,1.05,71290.0,1996120.0,55.23,1.97,False
3834,North America,Mexico,Onshore conventional oil,Upstream,Oil,Replace with electric motor,1.06,40960.0,1146880.0,55.76,1.99,False
3835,North America,Mexico,Offshore gas,Upstream,Gas,Associated gas utilisation,1.08,10030.0,280840.0,56.81,2.03,False
3836,North America,Mexico,Offshore oil,Upstream,Oil,Associated gas utilisation,1.09,134540.0,3767120.0,57.33,2.05,False
3837,Russia & Caspian,Russia,Downstream gas,Downstream,Gas,Replace with electric motor,1.09,96700.0,2707600.0,57.33,2.05,False
3838,Asia Pacific,Brunei,Downstream gas,Downstream,Gas,Replace compressor seal or rod,1.09,400.0,11200.0,57.33,2.05,False
3839,Middle East,Jordan,Downstream gas,Downstream,Gas,Replace compressor seal or rod,1.09,1090.0,30520.0,57.33,2.05,False
3840,Africa,Gabon,Onshore conventional oil,Upstream,Oil,Vapour recovery units,1.09,7840.0,219520.0,57.33,2.05,False
3841,Africa,Gabon,Offshore oil,Upstream,Oil,Vapour recovery units,1.09,4050.0,113400.0,57.33,2.05,False
3842,Russia & Caspian,Russia,Offshore oil,Upstream,Oil,Replace with electric motor,1.1,2580.0,72240.0,57.86,2.07,False
3843,Middle East,Yemen,Onshore conventional oil,Upstream,Oil,Replace pumps,1.1,17550.0,491400.0,57.86,2.07,False
3844,Central and South America,Colombia,Onshore conventional oil,Upstream,Oil,Vapour recovery units,1.11,4390.0,122920.0,58.39,2.09,False
3845,Central and South America,Colombia,Onshore conventional oil,Upstream,Oil,Vapour recovery units,1.11,65500.0,1834000.0,58.39,2.09,False
3846,Asia Pacific,Australia,Onshore conventional oil,Upstream,Oil,Associated gas utilisation,1.12,250.0,7000.0,58.91,2.1,False
3847,Asia Pacific,Other countries in Southeast Asia,Downstream gas,Downstream,Gas,Replace compressor seal or rod,1.12,3720.0,104160.0,58.91,2.1,False
3848,Asia Pacific,Viet Nam,Downstream gas,Downstream,Gas,Replace compressor seal or rod,1.12,1310.0,36680.0,58.91,2.1,False
3849,Central and South America,Venezuela,Onshore conventional gas,Upstream,Gas,Replace compressor seal or rod,1.13,4110.0,115080.0,59.44,2.12,False
3850,Middle East,United Arab Emirates,Downstream gas,Downstream,Gas,Replace compressor seal or rod,1.14,5840.0,163520.0,59.96,2.14,False
3851,Middle East,Qatar,Downstream gas,Downstream,Gas,Replace compressor seal or rod,1.15,5400.0,151200.0,60.49,2.16,False
3852,Russia & Caspian,Russia,Offshore gas,Upstream,Gas,Continuous LDAR,1.16,8550.0,239400.0,61.02,2.18,False
3853,Russia & Caspian,Russia,Offshore oil,Upstream,Oil,Continuous LDAR,1.16,12140.0,339920.0,61.02,2.18,False
3854,Asia Pacific,Thailand,Onshore conventional oil,Upstream,Oil,Vapour recovery units,1.17,2750.0,77000.0,61.54,2.2,False
3855,Asia Pacific,Thailand,Offshore oil,Upstream,Oil,Vapour recovery units,1.17,650.0,18200.0,61.54,2.2,False
3856,Europe,Other countries in Europe,Downstream oil,Downstream,Oil,Associated gas utilisation,1.17,130.0,3640.0,61.54,2.2,False
3857,Central and South America,Brazil,Downstream gas,Downstream,Gas,Replace compressor seal or rod,1.17,7740.0,216720.0,61.54,2.2,False
3858,Middle East,Bahrain,Onshore conventional gas,Upstream,Gas,Replace compressor seal or rod,1.18,2200.0,61600.0,62.07,2.22,False
3859,Asia Pacific,Australia,Downstream oil,Downstream,Oil,Associated gas utilisation,1.18,60.0,1680.0,62.07,2.22,False
3860,Europe,Romania,Onshore conventional oil,Upstream,Oil,Vapour recovery units,1.18,8520.0,238560.0,62.07,2.22,False
3861,Russia & Caspian,Russia,Downstream oil,Downstream,Oil,Vapour recovery units,1.19,8460.0,236880.0,62.59,2.24,False
3862,Central and South America,Guyana,Offshore oil,Upstream,Oil,Vapour recovery units,1.19,90.0,2520.0,62.59,2.24,False
3863,Asia Pacific,Australia,Onshore conventional oil,Upstream,Oil,Other,1.22,400.0,11200.0,64.17,2.29,False
3864,Russia & Caspian,Russia,Downstream oil,Downstream,Oil,Quarterly LDAR,1.22,3220.0,90160.0,64.17,2.29,False
3865,Russia & Caspian,Russia,Downstream gas,Downstream,Gas,Quarterly LDAR,1.22,137710.0,3855880.0,64.17,2.29,False
3866,North America,United States,Offshore gas,Upstream,Gas,Vapour recovery units,1.23,10760.0,301280.0,64.7,2.31,False
3867,Central and South America,Argentina,Onshore conventional gas,Upstream,Gas,Replace compressor seal or rod,1.23,1050.0,29400.0,64.7,2.31,False
3868,Central and South America,Argentina,Unconventional gas,Upstream,Gas,Replace compressor seal or rod,1.23,6040.0,169120.0,64.7,2.31,False
3869,North America,Canada,Unconventional gas,Upstream,Gas,Vapour recovery units,1.23,95830.0,2683240.0,64.7,2.31,False
3870,Middle East,Kuwait,Offshore oil,Upstream,Oil,Other,1.23,390.0,10920.0,64.7,2.31,False
3871,Europe,Germany,Downstream gas,Downstream,Gas,Continuous LDAR,1.26,5260.0,147280.0,66.28,2.37,False
3872,Europe,Germany,Downstream oil,Downstream,Oil,Continuous LDAR,1.26,200.0,5600.0,66.28,2.37,False
3873,Africa,Congo,Onshore conventional oil,Upstream,Oil,Replace pumps,1.26,7950.0,222600.0,66.28,2.37,False
3874,Africa,Equatorial Guinea,Offshore oil,Upstream,Oil,Associated gas utilisation,1.28,15520.0,434560.0,67.33,2.4,False
3875,Europe,United Kingdom,Onshore conventional oil,Upstream,Oil,Vapour recovery units,1.29,630.0,17640.0,67.85,2.42,False
3876,Other,Other,Onshore conventional oil,Upstream,Oil,Vapour recovery units,1.3,2220.0,62160.0,68.38,2.44,False
3877,Asia Pacific,Pakistan,Onshore conventional oil,Upstream,Oil,Vapour recovery units,1.31,14470.0,405160.0,68.91,2.46,False
3878,Asia Pacific,India,Downstream gas,Downstream,Gas,Replace compressor seal or rod,1.31,41010.0,1148280.0,68.91,2.46,False
3879,Russia & Caspian,Uzbekistan,Onshore conventional oil,Upstream,Oil,Vapour recovery units,1.31,33830.0,947240.0,68.91,2.46,False
3880,Africa,Sudan,Onshore conventional oil,Upstream,Oil,Vapour recovery units,1.32,1060.0,29680.0,69.43,2.48,False
3881,North America,United States,Offshore gas,Upstream,Gas,Other,1.33,330.0,9240.0,69.96,2.5,False
3882,Europe,Ukraine,Downstream oil,Downstream,Oil,Other,1.34,1700.0,47600.0,70.48,2.52,False
3883,North America,Mexico,Offshore gas,Upstream,Gas,Replace with electric motor,1.34,510.0,14280.0,70.48,2.52,False
3884,North America,Mexico,Offshore oil,Upstream,Oil,Replace with electric motor,1.35,6880.0,192640.0,71.01,2.54,False
3885,Europe,Sweden,Downstream gas,Downstream,Gas,Continuous LDAR,1.35,140.0,3920.0,71.01,2.54,False
3886,Europe,Sweden,Downstream oil,Downstream,Oil,Continuous LDAR,1.35,30.0,840.0,71.01,2.54,False
3887,Africa,South Sudan,Onshore conventional oil,Upstream,Oil,Vapour recovery units,1.36,14150.0,396200.0,71.54,2.56,False
3888,Central and South America,Ecuador,Onshore conventional oil,Upstream,Oil,Vapour recovery units,1.36,12200.0,341600.0,71.54,2.56,False
3889,Asia Pacific,Indonesia,Onshore conventional oil,Upstream,Oil,Vapour recovery units,1.36,58650.0,1642200.0,71.54,2.56,False
3890,North America,Mexico,Onshore conventional gas,Upstream,Gas,Replace with electric motor,1.39,12420.0,347760.0,73.11,2.61,False
3891,North America,Mexico,Unconventional gas,Upstream,Gas,Replace with electric motor,1.4,250.0,7000.0,73.64,2.63,False
3892,Africa,Morocco,Downstream oil,Downstream,Oil,Associated gas utilisation,1.42,20.0,560.0,74.69,2.67,False
3893,Africa,Tunisia,Downstream oil,Downstream,Oil,Associated gas utilisation,1.42,30.0,840.0,74.69,2.67,False
3894,Africa,Libya,Downstream oil,Downstream,Oil,Associated gas utilisation,1.42,40.0,1120.0,74.69,2.67,False
3895,Africa,Egypt,Downstream oil,Downstream,Oil,Associated gas utilisation,1.42,190.0,5320.0,74.69,2.67,False
3896,Africa,Algeria,Downstream oil,Downstream,Oil,Associated gas utilisation,1.42,110.0,3080.0,74.69,2.67,False
3897,Africa,Cameroon,Onshore conventional oil,Upstream,Oil,Vapour recovery units,1.44,10.0,280.0,75.74,2.7,False
3898,Asia Pacific,China,Onshore conventional oil,Upstream,Oil,Vapour recovery units,1.45,254990.0,7139720.0,76.27,2.72,False
3899,Africa,South Africa,Downstream oil,Downstream,Oil,Other,1.45,540.0,15120.0,76.27,2.72,False
3900,North America,United States,Unconventional gas,Upstream,Gas,Vapour recovery units,1.45,719320.0,20140960.0,76.27,2.72,False
3901,North America,United States,Onshore conventional oil,Upstream,Oil,Replace pumps,1.46,59790.0,1674120.0,76.8,2.74,False
3902,North America,United States,Unconventional oil,Upstream,Oil,Replace pumps,1.46,158290.0,4432120.0,76.8,2.74,False
3903,Africa,Nigeria,Onshore conventional oil,Upstream,Oil,Vapour recovery units,1.47,151960.0,4254880.0,77.32,2.76,False
3904,Europe,France,Downstream oil,Downstream,Oil,Continuous LDAR,1.5,270.0,7560.0,78.9,2.82,False
3905,Europe,France,Downstream gas,Downstream,Gas,Continuous LDAR,1.5,4100.0,114800.0,78.9,2.82,False
3906,Central and South America,Bolivia,Onshore conventional gas,Upstream,Gas,Replace compressor seal or rod,1.52,810.0,22680.0,79.95,2.86,False
3907,North America,Mexico,Downstream gas,Downstream,Gas,Replace with electric motor,1.54,16660.0,466480.0,81.0,2.89,False
3908,North America,Mexico,Onshore conventional gas,Upstream,Gas,Install plunger,1.55,440.0,12320.0,81.53,2.91,False
3909,North America,Mexico,Unconventional gas,Upstream,Gas,Install plunger,1.55,10.0,280.0,81.53,2.91,False
3910,Europe,Romania,Onshore conventional oil,Upstream,Oil,Vapour recovery units,1.57,260.0,7280.0,82.58,2.95,False
3911,Europe,Romania,Offshore oil,Upstream,Oil,Vapour recovery units,1.57,20.0,560.0,82.58,2.95,False
3912,Africa,Angola,Onshore conventional oil,Upstream,Oil,Associated gas utilisation,1.58,170.0,4760.0,83.11,2.97,False
3913,Central and South America,Ecuador,Downstream gas,Downstream,Gas,Replace compressor seal or rod,1.6,100.0,2800.0,84.16,3.01,False
3914,North America,Canada,Onshore conventional oil,Upstream,Oil,Replace with electric motor,1.62,195240.0,5466720.0,85.21,3.04,False
3915,North America,Canada,Unconventional oil,Upstream,Oil,Replace with electric motor,1.63,24730.0,692440.0,85.74,3.06,False
3916,Middle East,United Arab Emirates,Onshore conventional oil,Upstream,Oil,Replace pumps,1.63,53460.0,1496880.0,85.74,3.06,False
3917,Other,Other,Onshore conventional oil,Upstream,Oil,Vapour recovery units,1.63,1290.0,36120.0,85.74,3.06,False
3918,Russia & Caspian,Uzbekistan,Onshore conventional oil,Upstream,Oil,Vapour recovery units,1.64,16430.0,460040.0,86.26,3.08,False
3919,Asia Pacific,Viet Nam,Onshore conventional oil,Upstream,Oil,Vapour recovery units,1.64,60.0,1680.0,86.26,3.08,False
3920,Asia Pacific,Viet Nam,Offshore oil,Upstream,Oil,Vapour recovery units,1.64,270.0,7560.0,86.26,3.08,False
3921,Europe,United Kingdom,Onshore conventional oil,Upstream,Oil,Vapour recovery units,1.65,230.0,6440.0,86.79,3.1,False
3922,Europe,United Kingdom,Offshore oil,Upstream,Oil,Vapour recovery units,1.65,1280.0,35840.0,86.79,3.1,False
3923,Asia Pacific,Pakistan,Onshore conventional oil,Upstream,Oil,Vapour recovery units,1.66,4770.0,133560.0,87.32,3.12,False
3924,Russia & Caspian,Russia,Offshore gas,Upstream,Gas,Associated gas utilisation,1.67,22450.0,628600.0,87.84,3.14,False
3925,Africa,Democratic Republic of Congo,Onshore conventional oil,Upstream,Oil,Other,1.69,410.0,11480.0,88.89,3.17,False
3926,Africa,Democratic Republic of Congo,Onshore conventional oil,Upstream,Oil,Replace pumps,1.71,720.0,20160.0,89.95,3.21,False
3927,Asia Pacific,Indonesia,Onshore conventional oil,Upstream,Oil,Vapour recovery units,1.72,19030.0,532840.0,90.47,3.23,False
3928,Asia Pacific,Indonesia,Offshore oil,Upstream,Oil,Vapour recovery units,1.72,1450.0,40600.0,90.47,3.23,False
3929,Other,Other,Onshore conventional oil,Upstream,Oil,Replace pumps,1.73,2030.0,56840.0,91.0,3.25,False
3930,Europe,Norway,Offshore oil,Upstream,Oil,Associated gas utilisation,1.75,990.0,27720.0,92.05,3.29,False
3931,North America,Canada,Onshore conventional gas,Upstream,Gas,Replace with electric motor,1.75,37250.0,1043000.0,92.05,3.29,False
3932,North America,Canada,Downstream gas,Downstream,Gas,Quarterly LDAR,1.76,18390.0,514920.0,92.58,3.31,False
3933,North America,Canada,Downstream oil,Downstream,Oil,Quarterly LDAR,1.76,490.0,13720.0,92.58,3.31,False
3934,North America,Canada,Unconventional gas,Upstream,Gas,Replace with electric motor,1.76,109260.0,3059280.0,92.58,3.31,False
3935,Africa,Cameroon,Offshore oil,Upstream,Oil,Vapour recovery units,1.78,260.0,7280.0,93.63,3.34,False
3936,Africa,Egypt,Downstream gas,Downstream,Gas,Replace compressor seal or rod,1.79,12710.0,355880.0,94.15,3.36,False
3937,Russia & Caspian,Russia,Offshore oil,Upstream,Oil,Associated gas utilisation,1.8,50370.0,1410360.0,94.68,3.38,False
3938,Africa,Nigeria,Onshore conventional oil,Upstream,Oil,Vapour recovery units,1.81,36010.0,1008280.0,95.21,3.4,False
3939,Africa,Nigeria,Offshore oil,Upstream,Oil,Vapour recovery units,1.81,13870.0,388360.0,95.21,3.4,False
3940,Asia Pacific,China,Offshore oil,Upstream,Oil,Vapour recovery units,1.82,3240.0,90720.0,95.73,3.42,False
3941,Asia Pacific,China,Onshore conventional oil,Upstream,Oil,Vapour recovery units,1.82,19730.0,552440.0,95.73,3.42,False
3942,Asia Pacific,China,Unconventional oil,Upstream,Oil,Vapour recovery units,1.82,30.0,840.0,95.73,3.42,False
3943,Europe,Netherlands,Downstream gas,Downstream,Gas,Continuous LDAR,1.88,660.0,18480.0,98.89,3.53,False
3944,Europe,Netherlands,Downstream oil,Downstream,Oil,Continuous LDAR,1.88,30.0,840.0,98.89,3.53,False
3945,Other,Other,Downstream gas,Downstream,Gas,Replace compressor seal or rod,1.88,5640.0,157920.0,98.89,3.53,False
3946,North America,United States,Offshore gas,Upstream,Gas,Biannual LDAR,1.89,1080.0,30240.0,99.41,3.55,False
3947,North America,United States,Offshore oil,Upstream,Oil,Biannual LDAR,1.89,4190.0,117320.0,99.41,3.55,False
3948,Asia Pacific,Indonesia,Downstream gas,Downstream,Gas,Replace compressor seal or rod,1.91,13530.0,378840.0,100.47,3.59,False
3949,North America,Canada,Downstream gas,Downstream,Gas,Replace with electric motor,1.92,25800.0,722400.0,100.99,3.61,False
3950,Africa,Tunisia,Downstream gas,Downstream,Gas,Replace compressor seal or rod,1.92,1400.0,39200.0,100.99,3.61,False
3951,North America,United States,Offshore gas,Upstream,Gas,Replace with electric motor,1.93,870.0,24360.0,101.52,3.63,False
3952,Africa,Nigeria,Onshore conventional gas,Upstream,Gas,Replace compressor seal or rod,1.96,4590.0,128520.0,103.1,3.68,False
3953,Europe,Ukraine,Onshore conventional gas,Upstream,Gas,Other,1.98,5580.0,156240.0,104.15,3.72,False
3954,North America,United States,Offshore oil,Upstream,Oil,Replace with electric motor,1.98,5330.0,149240.0,104.15,3.72,False
3955,Middle East,Syria,Downstream gas,Downstream,Gas,Replace compressor seal or rod,2.0,4240.0,118720.0,105.2,3.76,False
3956,Middle East,Iran,Downstream gas,Downstream,Gas,Replace compressor seal or rod,2.0,37160.0,1040480.0,105.2,3.76,False
3957,Middle East,Iraq,Downstream gas,Downstream,Gas,Replace compressor seal or rod,2.0,1970.0,55160.0,105.2,3.76,False
3958,Middle East,Kuwait,Downstream gas,Downstream,Gas,Vapour recovery units,2.05,80.0,2240.0,107.83,3.85,False
3959,Africa,Democratic Republic of Congo,Onshore conventional oil,Upstream,Oil,Associated gas utilisation,2.07,260.0,7280.0,108.88,3.89,False
3960,North America,Mexico,Downstream oil,Downstream,Oil,Vapour recovery units,2.07,3010.0,84280.0,108.88,3.89,False
3961,North America,Mexico,Onshore conventional oil,Upstream,Oil,Other,2.08,15050.0,421400.0,109.41,3.91,False
3962,Asia Pacific,Australia,Downstream oil,Downstream,Oil,Continuous LDAR,2.09,120.0,3360.0,109.93,3.93,False
3963,Asia Pacific,Australia,Downstream gas,Downstream,Gas,Continuous LDAR,2.09,3210.0,89880.0,109.93,3.93,False
3964,North America,Mexico,Unconventional gas,Upstream,Gas,Replace pumps,2.1,40.0,1120.0,110.46,3.94,False
3965,North America,Mexico,Onshore conventional gas,Upstream,Gas,Replace pumps,2.1,1810.0,50680.0,110.46,3.94,False
3966,Russia & Caspian,Russia,Offshore oil,Upstream,Oil,Other,2.11,2060.0,57680.0,110.99,3.96,False
3967,Africa,Angola,Onshore conventional oil,Upstream,Oil,Replace pumps,2.11,470.0,13160.0,110.99,3.96,False
3968,Asia Pacific,Pakistan,Onshore conventional gas,Upstream,Gas,Replace compressor seal or rod,2.14,3930.0,110040.0,112.56,4.02,False
3969,Asia Pacific,Pakistan,Unconventional gas,Upstream,Gas,Replace compressor seal or rod,2.14,170.0,4760.0,112.56,4.02,False
3970,North America,United States,Downstream gas,Downstream,Gas,Replace with electric motor,2.15,229870.0,6436360.0,113.09,4.04,False
3971,Central and South America,Trinidad and Tobago,Downstream oil,Downstream,Oil,Associated gas utilisation,2.19,10.0,280.0,115.19,4.11,False
3972,Central and South America,Peru,Downstream oil,Downstream,Oil,Associated gas utilisation,2.19,50.0,1400.0,115.19,4.11,False
3973,Other,Other,Downstream oil,Downstream,Oil,Associated gas utilisation,2.19,100.0,2800.0,115.19,4.11,False
3974,Central and South America,Argentina,Downstream oil,Downstream,Oil,Associated gas utilisation,2.19,140.0,3920.0,115.19,4.11,False
3975,Central and South America,Bolivia,Downstream oil,Downstream,Oil,Associated gas utilisation,2.19,60.0,1680.0,115.19,4.11,False
3976,Central and South America,Cuba,Downstream oil,Downstream,Oil,Associated gas utilisation,2.19,20.0,560.0,115.19,4.11,False
3977,Central and South America,Ecuador,Downstream oil,Downstream,Oil,Associated gas utilisation,2.19,80.0,2240.0,115.19,4.11,False
3978,Central and South America,Venezuela,Downstream oil,Downstream,Oil,Associated gas utilisation,2.19,230.0,6440.0,115.19,4.11,False
3979,Central and South America,Peru,Downstream gas,Downstream,Gas,Replace compressor seal or rod,2.2,1830.0,51240.0,115.72,4.13,False
3980,Europe,Norway,Offshore oil,Upstream,Oil,Vapour recovery units,2.21,2960.0,82880.0,116.25,4.15,False
3981,Europe,Norway,Offshore gas,Upstream,Gas,Quarterly LDAR,2.22,980.0,27440.0,116.77,4.17,False
3982,Europe,Norway,Offshore oil,Upstream,Oil,Quarterly LDAR,2.22,690.0,19320.0,116.77,4.17,False
3983,Russia & Caspian,Turkmenistan,Onshore conventional oil,Upstream,Oil,Vapour recovery units,2.24,97650.0,2734200.0,117.82,4.21,False
3984,Russia & Caspian,Russia,Unconventional gas,Upstream,Gas,Replace compressor seal or rod,2.25,5420.0,151760.0,118.35,4.23,False
3985,Russia & Caspian,Russia,Onshore conventional gas,Upstream,Gas,Replace compressor seal or rod,2.25,50480.0,1413440.0,118.35,4.23,False
3986,North America,Canada,Onshore conventional gas,Upstream,Gas,Replace with instrument air systems,2.25,1890.0,52920.0,118.35,4.23,False
3987,North America,Canada,Unconventional gas,Upstream,Gas,Replace with instrument air systems,2.28,5260.0,147280.0,119.93,4.28,False
3988,Central and South America,Trinidad and Tobago,Downstream gas,Downstream,Gas,Replace compressor seal or rod,2.3,2760.0,77280.0,120.98,4.32,False
3989,Other,Other,Downstream gas,Downstream,Gas,Replace compressor seal or rod,2.3,2770.0,77560.0,120.98,4.32,False
3990,Other,Other,Downstream gas,Downstream,Gas,Replace compressor seal or rod,2.3,960.0,26880.0,120.98,4.32,False
3991,Europe,Other countries in Europe,Downstream gas,Downstream,Gas,Continuous LDAR,2.31,5690.0,159320.0,121.51,4.34,False
3992,Europe,Other countries in Europe,Downstream oil,Downstream,Oil,Continuous LDAR,2.31,270.0,7560.0,121.51,4.34,False
3993,Africa,Togo,Downstream gas,Downstream,Gas,Replace compressor seal or rod,2.31,40.0,1120.0,121.51,4.34,False
3994,Russia & Caspian,Russia,Downstream gas,Downstream,Gas,Vapour recovery units,2.31,1840.0,51520.0,121.51,4.34,False
3995,Africa,Cameroon,Downstream gas,Downstream,Gas,Replace compressor seal or rod,2.31,140.0,3920.0,121.51,4.34,False
3996,Africa,Cote d'Ivoire,Downstream gas,Downstream,Gas,Replace compressor seal or rod,2.31,460.0,12880.0,121.51,4.34,False
3997,Africa,Congo,Downstream gas,Downstream,Gas,Replace compressor seal or rod,2.31,320.0,8960.0,121.51,4.34,False
3998,Africa,Algeria,Downstream gas,Downstream,Gas,Replace compressor seal or rod,2.31,9750.0,273000.0,121.51,4.34,False
3999,Africa,Equatorial Guinea,Downstream gas,Downstream,Gas,Replace compressor seal or rod,2.31,610.0,17080.0,121.51,4.34,False
4000,Africa,Ghana,Downstream gas,Downstream,Gas,Replace compressor seal or rod,2.31,770.0,21560.0,121.51,4.34,False
4001,Africa,Libya,Downstream gas,Downstream,Gas,Replace compressor seal or rod,2.31,1410.0,39480.0,121.51,4.34,False
4002,North America,Canada,Downstream oil,Downstream,Oil,Vapour recovery units,2.33,2550.0,71400.0,122.56,4.38,False
4003,Africa,Congo,Onshore conventional oil,Upstream,Oil,Vapour recovery units,2.39,16510.0,462280.0,125.71,4.49,False
4004,Africa,Equatorial Guinea,Offshore oil,Upstream,Oil,Replace with electric motor,2.39,790.0,22120.0,125.71,4.49,False
4005,Asia Pacific,Bangladesh,Downstream gas,Downstream,Gas,Replace compressor seal or rod,2.4,6030.0,168840.0,126.24,4.51,False
4006,Central and South America,Uruguay,Downstream gas,Downstream,Gas,Replace compressor seal or rod,2.42,30.0,840.0,127.29,4.55,False
4007,Central and South America,Venezuela,Downstream gas,Downstream,Gas,Replace compressor seal or rod,2.42,7990.0,223720.0,127.29,4.55,False
4008,North America,United States,Downstream oil,Downstream,Oil,Quarterly LDAR,2.45,9820.0,274960.0,128.87,4.6,False
4009,North America,United States,Downstream gas,Downstream,Gas,Quarterly LDAR,2.45,341560.0,9563680.0,128.87,4.6,False
4010,Middle East,Bahrain,Downstream gas,Downstream,Gas,Replace compressor seal or rod,2.48,2820.0,78960.0,130.45,4.66,False
4011,Central and South America,Colombia,Downstream gas,Downstream,Gas,Replace compressor seal or rod,2.49,5570.0,155960.0,130.97,4.68,False
4012,Asia Pacific,Australia,Onshore conventional oil,Upstream,Oil,Vapour recovery units,2.53,1440.0,40320.0,133.08,4.75,False
4013,Central and South America,Argentina,Downstream gas,Downstream,Gas,Replace compressor seal or rod,2.54,10210.0,285880.0,133.6,4.77,False
4014,Europe,Estonia,Downstream gas,Downstream,Gas,Other,2.54,70.0,1960.0,133.6,4.77,False
4015,North America,Mexico,Onshore conventional oil,Upstream,Oil,Associated gas utilisation,2.56,9370.0,262360.0,134.66,4.81,False
4016,North America,Mexico,Downstream gas,Downstream,Gas,Other,2.57,13520.0,378560.0,135.18,4.83,False
4017,Asia Pacific,Malaysia,Downstream oil,Downstream,Oil,Other,2.57,1050.0,29400.0,135.18,4.83,False
4018,Europe,Denmark,Downstream oil,Downstream,Oil,Continuous LDAR,2.58,20.0,560.0,135.71,4.85,False
4019,Europe,Denmark,Downstream gas,Downstream,Gas,Continuous LDAR,2.58,330.0,9240.0,135.71,4.85,False
4020,North America,United States,Downstream oil,Downstream,Oil,Vapour recovery units,2.58,25840.0,723520.0,135.71,4.85,False
4021,Russia & Caspian,Turkmenistan,Onshore conventional oil,Upstream,Oil,Vapour recovery units,2.61,41550.0,1163400.0,137.29,4.9,False
4022,Russia & Caspian,Turkmenistan,Offshore oil,Upstream,Oil,Vapour recovery units,2.61,16180.0,453040.0,137.29,4.9,False
4023,Africa,Tunisia,Onshore conventional oil,Upstream,Oil,Replace pumps,2.63,1570.0,43960.0,138.34,4.94,False
4024,Asia Pacific,Philippines,Downstream oil,Downstream,Oil,Other,2.66,460.0,12880.0,139.92,5.0,False
4025,Africa,Angola,Offshore oil,Upstream,Oil,Other,2.66,2150.0,60200.0,139.92,5.0,False
4026,North America,Mexico,Offshore oil,Upstream,Oil,Other,2.67,5510.0,154280.0,140.44,5.02,False
4027,Asia Pacific,Thailand,Downstream oil,Downstream,Oil,Other,2.69,2610.0,73080.0,141.49,5.05,False
4028,Africa,Angola,Onshore conventional gas,Upstream,Gas,Replace compressor seal or rod,2.69,120.0,3360.0,141.49,5.05,False
4029,Africa,Algeria,Onshore conventional oil,Upstream,Oil,Replace pumps,2.71,127370.0,3566360.0,142.55,5.09,False
4030,Asia Pacific,Brunei,Downstream oil,Downstream,Oil,Other,2.71,30.0,840.0,142.55,5.09,False
4031,Asia Pacific,Other countries in Southeast Asia,Downstream oil,Downstream,Oil,Other,2.71,1960.0,54880.0,142.55,5.09,False
4032,Asia Pacific,Viet Nam,Downstream oil,Downstream,Oil,Other,2.71,530.0,14840.0,142.55,5.09,False
4033,Africa,Morocco,Downstream gas,Downstream,Gas,Replace compressor seal or rod,2.72,130.0,3640.0,143.07,5.11,False
4034,North America,United States,Onshore conventional gas,Upstream,Gas,Replace with instrument air systems,2.75,24700.0,691600.0,144.65,5.17,False
4035,North America,United States,Unconventional gas,Upstream,Gas,Replace with instrument air systems,2.75,498430.0,13956040.0,144.65,5.17,False
4036,Africa,Congo,Onshore conventional oil,Upstream,Oil,Vapour recovery units,2.77,9490.0,265720.0,145.7,5.2,False
4037,Africa,Congo,Offshore oil,Upstream,Oil,Vapour recovery units,2.77,14020.0,392560.0,145.7,5.2,False
4038,Central and South America,Brazil,Downstream oil,Downstream,Oil,Other,2.79,3230.0,90440.0,146.75,5.24,False
4039,Africa,Libya,Onshore conventional oil,Upstream,Oil,Replace pumps,2.79,82700.0,2315600.0,146.75,5.24,False
4040,Other,Other,Onshore conventional oil,Upstream,Oil,Vapour recovery units,2.8,4210.0,117880.0,147.28,5.26,False
4041,North America,United States,Onshore conventional oil,Upstream,Oil,Replace with instrument air systems,2.83,183140.0,5127920.0,148.86,5.32,False
4042,North America,United States,Unconventional oil,Upstream,Oil,Replace with instrument air systems,2.83,459350.0,12861800.0,148.86,5.32,False
4043,Central and South America,Bolivia,Downstream gas,Downstream,Gas,Replace compressor seal or rod,2.88,1930.0,54040.0,151.49,5.41,False
4044,Africa,Egypt,Onshore conventional oil,Upstream,Oil,Replace pumps,2.91,23820.0,666960.0,153.07,5.47,False
4045,Asia Pacific,Australia,Onshore conventional oil,Upstream,Oil,Vapour recovery units,2.92,2170.0,60760.0,153.59,5.49,False
4046,Asia Pacific,Australia,Offshore oil,Upstream,Oil,Vapour recovery units,2.92,440.0,12320.0,153.59,5.49,False
4047,Africa,Benin,Downstream oil,Downstream,Oil,Other,3.1,180.0,5040.0,163.06,5.82,False
4048,Africa,Niger,Downstream oil,Downstream,Oil,Other,3.15,290.0,8120.0,165.69,5.92,False
4049,Russia & Caspian,Azerbaijan,Downstream oil,Downstream,Oil,Other,3.16,250.0,7000.0,166.22,5.94,False
4050,Africa,Botswana,Downstream oil,Downstream,Oil,Other,3.19,30.0,840.0,167.79,5.99,False
4051,Africa,Namibia,Downstream oil,Downstream,Oil,Other,3.19,40.0,1120.0,167.79,5.99,False
4052,Other,Other,Onshore conventional oil,Upstream,Oil,Vapour recovery units,3.19,1900.0,53200.0,167.79,5.99,False
4053,Africa,Mozambique,Onshore conventional oil,Upstream,Oil,Improve flaring,3.2,3420.0,95760.0,168.32,6.01,False
4054,Europe,Norway,Offshore oil,Upstream,Oil,Other,3.2,270.0,7560.0,168.32,6.01,False
4055,North America,Mexico,Downstream gas,Downstream,Gas,Vapour recovery units,3.21,320.0,8960.0,168.85,6.03,False
4056,North America,United States,Unconventional gas,Upstream,Gas,Replace compressor seal or rod,3.21,116500.0,3262000.0,168.85,6.03,False
4057,North America,United States,Onshore conventional gas,Upstream,Gas,Replace compressor seal or rod,3.21,5470.0,153160.0,168.85,6.03,False
4058,North America,United States,Onshore conventional gas,Upstream,Gas,Replace with electric motor,3.25,59170.0,1656760.0,170.95,6.11,False
4059,Other,Other,Downstream oil,Downstream,Oil,Other,3.25,60.0,1680.0,170.95,6.11,False
4060,North America,United States,Unconventional gas,Upstream,Gas,Replace with electric motor,3.27,1253540.0,35099120.0,172.0,6.14,False
4061,Africa,Gabon,Downstream oil,Downstream,Oil,Other,3.28,190.0,5320.0,172.53,6.16,False
4062,Russia & Caspian,Russia,Downstream gas,Downstream,Gas,Replace compressor seal or rod,3.29,76770.0,2149560.0,173.05,6.18,False
4063,Russia & Caspian,Russia,Onshore conventional oil,Upstream,Oil,Other,3.31,281290.0,7876120.0,174.11,6.22,False
4064,North America,Mexico,Onshore conventional oil,Upstream,Oil,Replace pumps,3.33,26370.0,738360.0,175.16,6.26,False
4065,Russia & Caspian,Kazakhstan,Offshore oil,Upstream,Oil,Improve flaring,3.33,2170.0,60760.0,175.16,6.26,False
4066,Russia & Caspian,Kazakhstan,Onshore conventional oil,Upstream,Oil,Improve flaring,3.33,9070.0,253960.0,175.16,6.26,False
4067,Africa,Senegal,Downstream oil,Downstream,Oil,Other,3.34,130.0,3640.0,175.68,6.27,False
4068,North America,United States,Offshore gas,Upstream,Gas,Continuous LDAR,3.34,6460.0,180880.0,175.68,6.27,False
4069,North America,United States,Offshore oil,Upstream,Oil,Continuous LDAR,3.34,25120.0,703360.0,175.68,6.27,False
4070,Africa,Kenya,Downstream oil,Downstream,Oil,Other,3.36,310.0,8680.0,176.74,6.31,False
4071,Africa,Ghana,Downstream oil,Downstream,Oil,Other,3.36,210.0,5880.0,176.74,6.31,False
4072,Africa,Eritrea,Downstream oil,Downstream,Oil,Other,3.36,30.0,840.0,176.74,6.31,False
4073,Africa,Equatorial Guinea,Downstream oil,Downstream,Oil,Other,3.36,40.0,1120.0,176.74,6.31,False
4074,Africa,Ethiopia,Downstream oil,Downstream,Oil,Other,3.36,240.0,6720.0,176.74,6.31,False
4075,North America,Canada,Unconventional gas,Upstream,Gas,Replace compressor seal or rod,3.39,15520.0,434560.0,178.31,6.37,False
4076,North America,Canada,Onshore conventional gas,Upstream,Gas,Replace compressor seal or rod,3.39,5240.0,146720.0,178.31,6.37,False
4077,North America,United States,Offshore gas,Upstream,Gas,Associated gas utilisation,3.39,16960.0,474880.0,178.31,6.37,False
4078,Africa,Nigeria,Downstream gas,Downstream,Gas,Replace compressor seal or rod,3.39,4860.0,136080.0,178.31,6.37,False
4079,North America,United States,Offshore oil,Upstream,Oil,Other,3.41,4270.0,119560.0,179.37,6.41,False
4080,Africa,Niger,Onshore conventional oil,Upstream,Oil,Improve flaring,3.42,310.0,8680.0,179.89,6.42,False
4081,Middle East,Oman,Onshore conventional oil,Upstream,Oil,Improve flaring,3.42,20270.0,567560.0,179.89,6.42,False
4082,Middle East,Oman,Offshore oil,Upstream,Oil,Improve flaring,3.42,40.0,1120.0,179.89,6.42,False
4083,Middle East,Saudi Arabia,Onshore conventional oil,Upstream,Oil,Improve flaring,3.42,4400.0,123200.0,179.89,6.42,False
4084,Middle East,Saudi Arabia,Offshore oil,Upstream,Oil,Improve flaring,3.42,2010.0,56280.0,179.89,6.42,False
4085,North America,Canada,Unconventional gas,Upstream,Gas,Install plunger,3.42,3910.0,109480.0,179.89,6.42,False
4086,North America,Canada,Onshore conventional gas,Upstream,Gas,Install plunger,3.42,1320.0,36960.0,179.89,6.42,False
4087,North America,Canada,Downstream gas,Downstream,Gas,Vapour recovery units,3.43,490.0,13720.0,180.42,6.44,False
4088,North America,United States,Offshore oil,Upstream,Oil,Associated gas utilisation,3.43,104280.0,2919840.0,180.42,6.44,False
4089,Russia & Caspian,Azerbaijan,Offshore oil,Upstream,Oil,Improve flaring,3.45,1670.0,46760.0,181.47,6.48,False
4090,Russia & Caspian,Azerbaijan,Onshore conventional oil,Upstream,Oil,Improve flaring,3.45,320.0,8960.0,181.47,6.48,False
4091,Africa,Cameroon,Downstream oil,Downstream,Oil,Other,3.46,160.0,4480.0,182.0,6.5,False
4092,Africa,Congo,Downstream oil,Downstream,Oil,Other,3.46,230.0,6440.0,182.0,6.5,False
4093,Africa,Cote d'Ivoire,Downstream oil,Downstream,Oil,Other,3.46,110.0,3080.0,182.0,6.5,False
4094,Middle East,Qatar,Onshore conventional oil,Upstream,Oil,Improve flaring,3.46,9070.0,253960.0,182.0,6.5,False
4095,Middle East,Qatar,Offshore oil,Upstream,Oil,Improve flaring,3.46,6320.0,176960.0,182.0,6.5,False
4096,Africa,Togo,Downstream oil,Downstream,Oil,Other,3.46,20.0,560.0,182.0,6.5,False
4097,Other,Other,Downstream oil,Downstream,Oil,Other,3.46,380.0,10640.0,182.0,6.5,False
4098,Other,Other,Downstream oil,Downstream,Oil,Other,3.46,140.0,3920.0,182.0,6.5,False
4099,Middle East,Kuwait,Onshore conventional oil,Upstream,Oil,Vapour recovery units,3.51,162540.0,4551120.0,184.63,6.59,False
4100,Other,Other,Downstream oil,Downstream,Oil,Other,3.55,100.0,2800.0,186.73,6.67,False
4101,Russia & Caspian,Russia,Onshore conventional oil,Upstream,Oil,Vapour recovery units,3.55,1022840.0,28639520.0,186.73,6.67,False
4102,Asia Pacific,Philippines,Onshore conventional oil,Upstream,Oil,Improve flaring,3.56,450.0,12600.0,187.26,6.69,False
4103,Asia Pacific,Philippines,Offshore oil,Upstream,Oil,Improve flaring,3.56,80.0,2240.0,187.26,6.69,False
4104,Russia & Caspian,Turkmenistan,Downstream oil,Downstream,Oil,Other,3.56,1020.0,28560.0,187.26,6.69,False
4105,Other,Other,Downstream oil,Downstream,Oil,Other,3.56,570.0,15960.0,187.26,6.69,False
4106,Africa,Senegal,Offshore oil,Upstream,Oil,Improve flaring,3.57,1180.0,33040.0,187.78,6.71,False
4107,Russia & Caspian,Russia,Offshore oil,Upstream,Oil,Quarterly LDAR,3.61,11380.0,318640.0,189.89,6.78,False
4108,Russia & Caspian,Russia,Offshore gas,Upstream,Gas,Quarterly LDAR,3.61,8010.0,224280.0,189.89,6.78,False
4109,Asia Pacific,Other countries in Southeast Asia,Onshore conventional gas,Upstream,Gas,Other,3.61,60.0,1680.0,189.89,6.78,False
4110,Africa,Nigeria,Downstream oil,Downstream,Oil,Other,3.61,1430.0,40040.0,189.89,6.78,False
4111,Africa,Cote d'Ivoire,Offshore oil,Upstream,Oil,Improve flaring,3.61,280.0,7840.0,189.89,6.78,False
4112,Other,Other,Onshore conventional oil,Upstream,Oil,Improve flaring,3.62,80.0,2240.0,190.41,6.8,False
4113,Central and South America,Colombia,Downstream oil,Downstream,Oil,Other,3.63,1610.0,45080.0,190.94,6.82,False
4114,Middle East,Iran,Onshore conventional oil,Upstream,Oil,Improve flaring,3.65,429120.0,12015360.0,191.99,6.86,False
4115,Middle East,Iran,Offshore oil,Upstream,Oil,Improve flaring,3.65,56820.0,1590960.0,191.99,6.86,False
4116,Middle East,Iraq,Onshore conventional oil,Upstream,Oil,Improve flaring,3.65,314500.0,8806000.0,191.99,6.86,False
4117,Central and South America,Cuba,Offshore oil,Upstream,Oil,Improve flaring,3.68,10.0,280.0,193.57,6.91,False
4118,Central and South America,Cuba,Onshore conventional oil,Upstream,Oil,Improve flaring,3.68,10.0,280.0,193.57,6.91,False
4119,Middle East,Yemen,Onshore conventional oil,Upstream,Oil,Improve flaring,3.7,7850.0,219800.0,194.62,6.95,False
4120,Asia Pacific,Other countries in Southeast Asia,Onshore conventional oil,Upstream,Oil,Improve flaring,3.71,90.0,2520.0,195.15,6.97,False
4121,North America,United States,Downstream gas,Downstream,Gas,Vapour recovery units,3.71,4370.0,122360.0,195.15,6.97,False
4122,Asia Pacific,Pakistan,Downstream gas,Downstream,Gas,Replace compressor seal or rod,3.72,14090.0,394520.0,195.67,6.99,False
4123,Africa,Angola,Downstream oil,Downstream,Oil,Other,3.73,130.0,3640.0,196.2,7.01,False
4124,Middle East,Bahrain,Onshore conventional oil,Upstream,Oil,Improve flaring,3.76,670.0,18760.0,197.78,7.06,False
4125,Middle East,Syria,Onshore conventional oil,Upstream,Oil,Improve flaring,3.76,24040.0,673120.0,197.78,7.06,False
4126,North America,Mexico,Onshore conventional oil,Upstream,Oil,Improve flaring,3.79,24470.0,685160.0,199.35,7.12,False
4127,North America,Mexico,Offshore oil,Upstream,Oil,Improve flaring,3.79,54970.0,1539160.0,199.35,7.12,False
4128,Russia & Caspian,Russia,Onshore conventional oil,Upstream,Oil,Associated gas utilisation,3.81,175090.0,4902520.0,200.41,7.16,False
4129,Russia & Caspian,Russia,Onshore conventional oil,Upstream,Oil,Vapour recovery units,3.85,812860.0,22760080.0,202.51,7.23,False
4130,Russia & Caspian,Russia,Offshore oil,Upstream,Oil,Vapour recovery units,3.85,13860.0,388080.0,202.51,7.23,False
4131,Africa,Mozambique,Onshore conventional gas,Upstream,Gas,Other,3.86,980.0,27440.0,203.04,7.25,False
4132,Middle East,United Arab Emirates,Offshore oil,Upstream,Oil,Improve flaring,3.87,5130.0,143640.0,203.56,7.27,False
4133,Middle East,United Arab Emirates,Onshore conventional oil,Upstream,Oil,Improve flaring,3.87,4400.0,123200.0,203.56,7.27,False
4134,Russia & Caspian,Russia,Unconventional gas,Upstream,Gas,Install plunger,3.9,1360.0,38080.0,205.14,7.33,False
4135,Russia & Caspian,Russia,Onshore conventional gas,Upstream,Gas,Install plunger,3.9,12710.0,355880.0,205.14,7.33,False
4136,Asia Pacific,Malaysia,Offshore oil,Upstream,Oil,Improve flaring,3.9,15150.0,424200.0,205.14,7.33,False
4137,Asia Pacific,Malaysia,Onshore conventional oil,Upstream,Oil,Improve flaring,3.9,2890.0,80920.0,205.14,7.33,False
4138,North America,United States,Onshore conventional gas,Upstream,Gas,Install plunger,3.92,1380.0,38640.0,206.19,7.36,False
4139,North America,United States,Unconventional gas,Upstream,Gas,Install plunger,3.92,29340.0,821520.0,206.19,7.36,False
4140,Middle East,Kuwait,Onshore conventional oil,Upstream,Oil,Vapour recovery units,3.93,16490.0,461720.0,206.72,7.38,False
4141,Middle East,Kuwait,Offshore oil,Upstream,Oil,Vapour recovery units,3.93,370.0,10360.0,206.72,7.38,False
4142,Africa,Chad,Onshore conventional oil,Upstream,Oil,Improve flaring,3.96,1390.0,38920.0,208.3,7.44,False
4143,Russia & Caspian,Kazakhstan,Downstream oil,Downstream,Oil,Other,3.97,710.0,19880.0,208.82,7.46,False
4144,Africa,Ghana,Offshore oil,Upstream,Oil,Improve flaring,4.0,2750.0,77000.0,210.4,7.51,False
4145,Africa,Ghana,Onshore conventional oil,Upstream,Oil,Improve flaring,4.0,410.0,11480.0,210.4,7.51,False
4146,Africa,Democratic Republic of Congo,Offshore oil,Upstream,Oil,Other,4.0,130.0,3640.0,210.4,7.51,False
4147,Africa,Gabon,Onshore conventional gas,Upstream,Gas,Other,4.01,50.0,1400.0,210.93,7.53,False
4148,Russia & Caspian,Turkmenistan,Onshore conventional gas,Upstream,Gas,Other,4.02,40260.0,1127280.0,211.45,7.55,False
4149,Europe,Other countries in Europe,Onshore conventional oil,Upstream,Oil,Improve flaring,4.03,110.0,3080.0,211.98,7.57,False
4150,North America,Canada,Onshore conventional oil,Upstream,Oil,Other,4.03,71750.0,2009000.0,211.98,7.57,False
4151,Asia Pacific,Brunei,Offshore oil,Upstream,Oil,Improve flaring,4.03,610.0,17080.0,211.98,7.57,False
4152,Asia Pacific,Brunei,Onshore conventional oil,Upstream,Oil,Improve flaring,4.03,110.0,3080.0,211.98,7.57,False
4153,Central and South America,Venezuela,Unconventional oil,Upstream,Oil,Improve flaring,4.03,86190.0,2413320.0,211.98,7.57,False
4154,North America,Canada,Unconventional oil,Upstream,Oil,Associated gas utilisation,4.04,5760.0,161280.0,212.5,7.59,False
4155,North America,Canada,Onshore conventional oil,Upstream,Oil,Associated gas utilisation,4.04,44660.0,1250480.0,212.5,7.59,False
4156,Africa,Democratic Republic of Congo,Downstream oil,Downstream,Oil,Other,4.04,40.0,1120.0,212.5,7.59,False
4157,Central and South America,Colombia,Onshore conventional oil,Upstream,Oil,Improve flaring,4.04,2160.0,60480.0,212.5,7.59,False
4158,Europe,Other EU17 countries,Onshore conventional oil,Upstream,Oil,Improve flaring,4.05,250.0,7000.0,213.03,7.61,False
4159,Europe,Other EU17 countries,Offshore oil,Upstream,Oil,Improve flaring,4.05,20.0,560.0,213.03,7.61,False
4160,Africa,Tunisia,Onshore conventional oil,Upstream,Oil,Improve flaring,4.06,810.0,22680.0,213.56,7.63,False
4161,Africa,Tunisia,Offshore oil,Upstream,Oil,Improve flaring,4.06,290.0,8120.0,213.56,7.63,False
4162,Central and South America,Venezuela,Offshore oil,Upstream,Oil,Improve flaring,4.08,23760.0,665280.0,214.61,7.66,False
4163,Central and South America,Venezuela,Onshore conventional oil,Upstream,Oil,Improve flaring,4.08,133700.0,3743600.0,214.61,7.66,False
4164,Central and South America,Colombia,Onshore conventional gas,Upstream,Gas,Replace compressor seal or rod,4.1,330.0,9240.0,215.66,7.7,False
4165,North America,United States,Onshore conventional oil,Upstream,Oil,Associated gas utilisation,4.11,24190.0,677320.0,216.19,7.72,False
4166,North America,United States,Unconventional oil,Upstream,Oil,Associated gas utilisation,4.11,64060.0,1793680.0,216.19,7.72,False
4167,Central and South America,Argentina,Unconventional oil,Upstream,Oil,Improve flaring,4.12,13190.0,369320.0,216.71,7.74,False
4168,Central and South America,Trinidad and Tobago,Onshore conventional oil,Upstream,Oil,Improve flaring,4.13,790.0,22120.0,217.24,7.76,False
4169,Central and South America,Trinidad and Tobago,Offshore oil,Upstream,Oil,Improve flaring,4.13,660.0,18480.0,217.24,7.76,False
4170,North America,United States,Unconventional oil,Upstream,Oil,Improve flaring,4.13,62220.0,1742160.0,217.24,7.76,False
4171,Russia & Caspian,Russia,Downstream gas,Downstream,Gas,Continuous LDAR,4.14,62430.0,1748040.0,217.76,7.78,False
4172,Russia & Caspian,Russia,Downstream oil,Downstream,Oil,Continuous LDAR,4.14,1460.0,40880.0,217.76,7.78,False
4173,Africa,Egypt,Onshore conventional oil,Upstream,Oil,Improve flaring,4.14,9910.0,277480.0,217.76,7.78,False
4174,Africa,Egypt,Offshore oil,Upstream,Oil,Improve flaring,4.14,4200.0,117600.0,217.76,7.78,False
4175,Central and South America,Bolivia,Onshore conventional oil,Upstream,Oil,Improve flaring,4.15,310.0,8680.0,218.29,7.8,False
4176,North America,United States,Onshore conventional oil,Upstream,Oil,Improve flaring,4.15,12580.0,352240.0,218.29,7.8,False
4177,North America,United States,Offshore oil,Upstream,Oil,Improve flaring,4.15,3550.0,99400.0,218.29,7.8,False
4178,Africa,Sudan,Onshore conventional oil,Upstream,Oil,Improve flaring,4.16,520.0,14560.0,218.82,7.82,False
4179,Central and South America,Argentina,Offshore oil,Upstream,Oil,Improve flaring,4.17,30.0,840.0,219.34,7.83,False
4180,Central and South America,Argentina,Onshore conventional oil,Upstream,Oil,Improve flaring,4.17,3180.0,89040.0,219.34,7.83,False
4181,Africa,Algeria,Onshore conventional oil,Upstream,Oil,Improve flaring,4.18,137240.0,3842720.0,219.87,7.85,False
4182,North America,United States,Downstream gas,Downstream,Gas,Replace compressor seal or rod,4.2,182500.0,5110000.0,220.92,7.89,False
4183,Africa,Nigeria,Offshore oil,Upstream,Oil,Improve flaring,4.22,15930.0,446040.0,221.97,7.93,False
4184,Africa,Nigeria,Onshore conventional oil,Upstream,Oil,Improve flaring,4.22,17720.0,496160.0,221.97,7.93,False
4185,Africa,Libya,Offshore oil,Upstream,Oil,Improve flaring,4.22,3300.0,92400.0,221.97,7.93,False
4186,Africa,Libya,Onshore conventional oil,Upstream,Oil,Improve flaring,4.22,167030.0,4676840.0,221.97,7.93,False
4187,North America,Canada,Unconventional oil,Upstream,Oil,Improve flaring,4.23,2230.0,62440.0,222.5,7.95,False
4188,North America,Mexico,Onshore conventional oil,Upstream,Oil,Vapour recovery units,4.23,54730.0,1532440.0,222.5,7.95,False
4189,Africa,Angola,Downstream gas,Downstream,Gas,Replace compressor seal or rod,4.24,110.0,3080.0,223.02,7.97,False
4190,Asia Pacific,India,Offshore oil,Upstream,Oil,Improve flaring,4.24,8950.0,250600.0,223.02,7.97,False
4191,Asia Pacific,India,Onshore conventional oil,Upstream,Oil,Improve flaring,4.24,8180.0,229040.0,223.02,7.97,False
4192,Europe,Israel,Onshore conventional oil,Upstream,Oil,Improve flaring,4.26,30.0,840.0,224.08,8.0,False
4193,North America,Canada,Onshore conventional oil,Upstream,Oil,Improve flaring,4.26,2140.0,59920.0,224.08,8.0,False
4194,Central and South America,Brazil,Offshore oil,Upstream,Oil,Improve flaring,4.27,7550.0,211400.0,224.6,8.02,False
4195,Central and South America,Brazil,Onshore conventional oil,Upstream,Oil,Improve flaring,4.27,610.0,17080.0,224.6,8.02,False
4196,Europe,Other EU7 countries,Onshore conventional gas,Upstream,Gas,Other,4.27,50.0,1400.0,224.6,8.02,False
4197,Central and South America,Peru,Onshore conventional oil,Upstream,Oil,Improve flaring,4.27,780.0,21840.0,224.6,8.02,False
4198,Central and South America,Peru,Offshore oil,Upstream,Oil,Improve flaring,4.27,50.0,1400.0,224.6,8.02,False
4199,Africa,Tanzania,Downstream oil,Downstream,Oil,Other,4.3,160.0,4480.0,226.18,8.08,False
4200,Central and South America,Guyana,Offshore oil,Upstream,Oil,Improve flaring,4.31,100.0,2800.0,226.71,8.1,False
4201,Africa,Gabon,Offshore oil,Upstream,Oil,Improve flaring,4.31,4640.0,129920.0,226.71,8.1,False
4202,Africa,Gabon,Onshore conventional oil,Upstream,Oil,Improve flaring,4.31,3860.0,108080.0,226.71,8.1,False
4203,North America,United States,Onshore conventional oil,Upstream,Oil,Other,4.34,38870.0,1088360.0,228.28,8.15,False
4204,Europe,Norway,Downstream gas,Downstream,Gas,Continuous LDAR,4.36,20.0,560.0,229.34,8.19,False
4205,Africa,Cameroon,Offshore oil,Upstream,Oil,Improve flaring,4.39,300.0,8400.0,230.91,8.25,False
4206,Europe,Denmark,Onshore conventional oil,Upstream,Oil,Improve flaring,4.4,20.0,560.0,231.44,8.27,False
4207,Europe,Denmark,Offshore oil,Upstream,Oil,Improve flaring,4.4,130.0,3640.0,231.44,8.27,False
4208,North America,Canada,Downstream gas,Downstream,Gas,Replace compressor seal or rod,4.41,20490.0,573720.0,231.97,8.28,False
4209,Asia Pacific,Pakistan,Onshore conventional oil,Upstream,Oil,Improve flaring,4.41,2350.0,65800.0,231.97,8.28,False
4210,Africa,Cameroon,Onshore conventional gas,Upstream,Gas,Other,4.44,10.0,280.0,233.54,8.34,False
4211,Africa,Congo,Onshore conventional gas,Upstream,Gas,Other,4.44,40.0,1120.0,233.54,8.34,False
4212,Europe,Other countries in Europe,Downstream oil,Downstream,Oil,Other,4.47,1460.0,40880.0,235.12,8.4,False
4213,Europe,Other EU7 countries,Onshore conventional oil,Upstream,Oil,Improve flaring,4.5,30.0,840.0,236.7,8.45,False
4214,Africa,Egypt,Downstream oil,Downstream,Oil,Other,4.51,1690.0,47320.0,237.23,8.47,False
4215,North America,Mexico,Offshore oil,Upstream,Oil,Vapour recovery units,4.52,47890.0,1340920.0,237.75,8.49,False
4216,North America,Mexico,Onshore conventional oil,Upstream,Oil,Vapour recovery units,4.52,49740.0,1392720.0,237.75,8.49,False
4217,Africa,Tunisia,Downstream oil,Downstream,Oil,Other,4.53,240.0,6720.0,238.28,8.51,False
4218,North America,Mexico,Downstream oil,Downstream,Oil,Associated gas utilisation,4.55,250.0,7000.0,239.33,8.55,False
4219,North America,Canada,Downstream gas,Downstream,Gas,Continuous LDAR,4.55,62530.0,1750840.0,239.33,8.55,False
4220,North America,Canada,Downstream oil,Downstream,Oil,Continuous LDAR,4.55,1650.0,46200.0,239.33,8.55,False
4221,Africa,Algeria,Downstream oil,Downstream,Oil,Other,4.59,950.0,26600.0,241.43,8.62,False
4222,Africa,Libya,Downstream oil,Downstream,Oil,Other,4.59,390.0,10920.0,241.43,8.62,False
4223,Europe,Other countries in Europe,Onshore conventional oil,Upstream,Oil,Improve flaring,4.62,20.0,560.0,243.01,8.68,False
4224,Asia Pacific,Thailand,Onshore conventional oil,Upstream,Oil,Improve flaring,4.62,1350.0,37800.0,243.01,8.68,False
4225,Asia Pacific,Thailand,Offshore oil,Upstream,Oil,Improve flaring,4.62,750.0,21000.0,243.01,8.68,False
4226,Africa,Morocco,Downstream oil,Downstream,Oil,Other,4.64,180.0,5040.0,244.06,8.72,False
4227,Russia & Caspian,Uzbekistan,Onshore conventional oil,Upstream,Oil,Improve flaring,4.66,8080.0,226240.0,245.12,8.75,False
4228,Middle East,Kuwait,Onshore conventional oil,Upstream,Oil,Improve flaring,4.74,8110.0,227080.0,249.32,8.9,False
4229,Middle East,Kuwait,Offshore oil,Upstream,Oil,Improve flaring,4.74,430.0,12040.0,249.32,8.9,False
4230,Central and South America,Colombia,Onshore conventional gas,Upstream,Gas,Other,4.75,1560.0,43680.0,249.85,8.92,False
4231,Asia Pacific,Indonesia,Onshore conventional oil,Upstream,Oil,Improve flaring,4.76,9360.0,262080.0,250.38,8.94,False
4232,Asia Pacific,Indonesia,Offshore oil,Upstream,Oil,Improve flaring,4.76,1660.0,46480.0,250.38,8.94,False
4233,North America,United States,Unconventional oil,Upstream,Oil,Vapour recovery units,4.78,355490.0,9953720.0,251.43,8.98,False
4234,North America,United States,Onshore conventional oil,Upstream,Oil,Vapour recovery units,4.78,141340.0,3957520.0,251.43,8.98,False
4235,Other,Other,Onshore conventional oil,Upstream,Oil,Improve flaring,4.83,640.0,17920.0,254.06,9.07,False
4236,Other,Other,Downstream oil,Downstream,Oil,Other,4.83,420.0,11760.0,254.06,9.07,False
4237,Asia Pacific,Viet Nam,Offshore oil,Upstream,Oil,Improve flaring,4.84,310.0,8680.0,254.58,9.09,False
4238,Asia Pacific,Viet Nam,Onshore conventional oil,Upstream,Oil,Improve flaring,4.84,30.0,840.0,254.58,9.09,False
4239,North America,Canada,Onshore conventional oil,Upstream,Oil,Vapour recovery units,4.85,260910.0,7305480.0,255.11,9.11,False
4240,North America,Canada,Unconventional oil,Upstream,Oil,Vapour recovery units,4.85,31990.0,895720.0,255.11,9.11,False
4241,Central and South America,Ecuador,Onshore conventional oil,Upstream,Oil,Improve flaring,4.87,6000.0,168000.0,256.16,9.15,False
4242,Russia & Caspian,Russia,Offshore oil,Upstream,Oil,Improve flaring,4.88,15910.0,445480.0,256.69,9.17,False
4243,Russia & Caspian,Russia,Onshore conventional oil,Upstream,Oil,Improve flaring,4.88,399910.0,11197480.0,256.69,9.17,False
4244,Middle East,Kuwait,Onshore conventional gas,Upstream,Gas,Replace compressor seal or rod,4.89,1200.0,33600.0,257.21,9.19,False
4245,Africa,Congo,Offshore oil,Upstream,Oil,Improve flaring,4.91,16100.0,450800.0,258.27,9.22,False
4246,Africa,Congo,Onshore conventional oil,Upstream,Oil,Improve flaring,4.91,4670.0,130760.0,258.27,9.22,False
4247,Europe,Poland,Onshore conventional gas,Upstream,Gas,Other,4.94,330.0,9240.0,259.84,9.28,False
4248,Middle East,Iraq,Onshore conventional oil,Upstream,Oil,Other,4.95,34310.0,960680.0,260.37,9.3,False
4249,Europe,France,Onshore conventional oil,Upstream,Oil,Improve flaring,5.0,10.0,280.0,263.0,9.39,False
4250,North America,United States,Offshore gas,Upstream,Gas,Quarterly LDAR,5.04,6050.0,169400.0,265.1,9.47,False
4251,North America,United States,Offshore oil,Upstream,Oil,Quarterly LDAR,5.04,23550.0,659400.0,265.1,9.47,False
4252,North America,United States,Offshore oil,Upstream,Oil,Vapour recovery units,5.07,3090.0,86520.0,266.68,9.52,False
4253,North America,United States,Onshore conventional oil,Upstream,Oil,Vapour recovery units,5.07,25570.0,715960.0,266.68,9.52,False
4254,North America,United States,Unconventional oil,Upstream,Oil,Vapour recovery units,5.07,130820.0,3662960.0,266.68,9.52,False
4255,Central and South America,Cuba,Downstream oil,Downstream,Oil,Other,5.1,170.0,4760.0,268.26,9.58,False
4256,Africa,Sudan,Downstream oil,Downstream,Oil,Other,5.14,60.0,1680.0,270.36,9.66,False
4257,Africa,Mozambique,Downstream oil,Downstream,Oil,Other,5.14,10.0,280.0,270.36,9.66,False
4258,North America,Mexico,Unconventional gas,Upstream,Gas,Replace compressor seal or rod,5.15,40.0,1120.0,270.89,9.67,False
4259,North America,Mexico,Onshore conventional gas,Upstream,Gas,Replace compressor seal or rod,5.15,1750.0,49000.0,270.89,9.67,False
4260,North America,Canada,Unconventional oil,Upstream,Oil,Vapour recovery units,5.15,4700.0,131600.0,270.89,9.67,False
4261,North America,Canada,Onshore conventional oil,Upstream,Oil,Vapour recovery units,5.15,4340.0,121520.0,270.89,9.67,False
4262,Central and South America,Argentina,Unconventional oil,Upstream,Oil,Other,5.16,33450.0,936600.0,271.42,9.69,False
4263,Other,Other,Onshore conventional oil,Upstream,Oil,Improve flaring,5.18,930.0,26040.0,272.47,9.73,False
4264,Central and South America,Ecuador,Downstream oil,Downstream,Oil,Other,5.21,680.0,19040.0,274.05,9.79,False
4265,Asia Pacific,China,Onshore conventional gas,Upstream,Gas,Other,5.23,11340.0,317520.0,275.1,9.83,False
4266,Asia Pacific,China,Unconventional oil,Upstream,Oil,Improve flaring,5.24,10.0,280.0,275.62,9.84,False
4267,Russia & Caspian,Turkmenistan,Offshore oil,Upstream,Oil,Improve flaring,5.27,18580.0,520240.0,277.2,9.9,False
4268,Russia & Caspian,Turkmenistan,Onshore conventional oil,Upstream,Oil,Improve flaring,5.27,20440.0,572320.0,277.2,9.9,False
4269,Europe,United Kingdom,Onshore conventional oil,Upstream,Oil,Improve flaring,5.29,110.0,3080.0,278.25,9.94,False
4270,Europe,United Kingdom,Offshore oil,Upstream,Oil,Improve flaring,5.29,1470.0,41160.0,278.25,9.94,False
4271,Central and South America,Peru,Downstream oil,Downstream,Oil,Other,5.3,440.0,12320.0,278.78,9.96,False
4272,Asia Pacific,China,Onshore conventional oil,Upstream,Oil,Improve flaring,5.3,9700.0,271600.0,278.78,9.96,False
4273,Asia Pacific,China,Offshore oil,Upstream,Oil,Improve flaring,5.3,3720.0,104160.0,278.78,9.96,False
4274,Africa,Equatorial Guinea,Offshore oil,Upstream,Oil,Other,5.3,640.0,17920.0,278.78,9.96,False
4275,Other,Other,Downstream oil,Downstream,Oil,Other,5.31,870.0,24360.0,279.31,9.98,False
4276,Central and South America,Trinidad and Tobago,Downstream oil,Downstream,Oil,Other,5.31,80.0,2240.0,279.31,9.98,False
4277,Central and South America,Uruguay,Downstream oil,Downstream,Oil,Other,5.33,40.0,1120.0,280.36,10.01,False
4278,Central and South America,Venezuela,Downstream oil,Downstream,Oil,Other,5.33,1980.0,55440.0,280.36,10.01,False
4279,Central and South America,Argentina,Downstream oil,Downstream,Oil,Other,5.34,1250.0,35000.0,280.88,10.03,False
4280,Asia Pacific,Australia,Offshore oil,Upstream,Oil,Improve flaring,5.39,510.0,14280.0,283.51,10.13,False
4281,Central and South America,Bolivia,Downstream oil,Downstream,Oil,Other,5.39,540.0,15120.0,283.51,10.13,False
4282,Asia Pacific,Australia,Onshore conventional oil,Upstream,Oil,Improve flaring,5.39,1070.0,29960.0,283.51,10.13,False
4283,Central and South America,Guyana,Downstream oil,Downstream,Oil,Other,5.39,50.0,1400.0,283.51,10.13,False
4284,Europe,Other EU7 countries,Downstream oil,Downstream,Oil,Other,5.42,250.0,7000.0,285.09,10.18,False
4285,Africa,Angola,Onshore conventional oil,Upstream,Oil,Vapour recovery units,5.43,970.0,27160.0,285.62,10.2,False
4286,Russia & Caspian,Uzbekistan,Onshore conventional gas,Upstream,Gas,Other,5.45,22040.0,617120.0,286.67,10.24,False
4287,North America,United States,Onshore conventional oil,Upstream,Oil,Replace with electric motor,5.46,594420.0,16643760.0,287.2,10.26,False
4288,North America,United States,Unconventional oil,Upstream,Oil,Replace with electric motor,5.47,1568540.0,43919120.0,287.72,10.28,False
4289,Europe,Norway,Offshore oil,Upstream,Oil,Vapour recovery units,5.51,20.0,560.0,289.83,10.35,False
4290,Europe,Norway,Onshore conventional oil,Upstream,Oil,Vapour recovery units,5.51,340.0,9520.0,289.83,10.35,False
4291,Central and South America,Paraguay,Downstream oil,Downstream,Oil,Other,5.61,60.0,1680.0,295.09,10.54,False
4292,Europe,Romania,Onshore conventional oil,Upstream,Oil,Improve flaring,5.62,130.0,3640.0,295.61,10.56,False
4293,Europe,Romania,Offshore oil,Upstream,Oil,Improve flaring,5.62,20.0,560.0,295.61,10.56,False
4294,North America,Canada,Downstream oil,Downstream,Oil,Associated gas utilisation,5.63,210.0,5880.0,296.14,10.58,False
4295,North America,United States,Downstream gas,Downstream,Gas,Continuous LDAR,5.87,154840.0,4335520.0,308.76,11.03,False
4296,North America,United States,Downstream oil,Downstream,Oil,Continuous LDAR,5.87,4450.0,124600.0,308.76,11.03,False
4297,North America,United States,Downstream oil,Downstream,Oil,Associated gas utilisation,5.88,2150.0,60200.0,309.29,11.05,False
4298,Central and South America,Cuba,Onshore conventional gas,Upstream,Gas,Other,5.93,110.0,3080.0,311.92,11.14,False
4299,Africa,Angola,Onshore conventional oil,Upstream,Oil,Vapour recovery units,5.94,90.0,2520.0,312.44,11.16,False
4300,Africa,Angola,Offshore oil,Upstream,Oil,Vapour recovery units,5.94,2490.0,69720.0,312.44,11.16,False
4301,Asia Pacific,Japan,Downstream gas,Downstream,Gas,Other,5.94,9850.0,275800.0,312.44,11.16,False
4302,Africa,Angola,Offshore oil,Upstream,Oil,Improve flaring,6.1,2860.0,80080.0,320.86,11.46,False
4303,Africa,Angola,Onshore conventional oil,Upstream,Oil,Improve flaring,6.1,50.0,1400.0,320.86,11.46,False
4304,Middle East,Jordan,Downstream oil,Downstream,Oil,Other,6.11,200.0,5600.0,321.39,11.48,False
4305,Europe,Norway,Onshore conventional oil,Upstream,Oil,Other,6.11,80.0,2240.0,321.39,11.48,False
4306,Africa,Tanzania,Onshore conventional gas,Upstream,Gas,Replace compressor seal or rod,6.2,130.0,3640.0,326.12,11.65,False
4307,Middle East,Lebanon,Downstream oil,Downstream,Oil,Other,6.24,190.0,5320.0,328.22,11.72,False
4308,Europe,Slovenia,Downstream gas,Downstream,Gas,Other,6.27,160.0,4480.0,329.8,11.78,False
4309,Russia & Caspian,Uzbekistan,Downstream oil,Downstream,Oil,Other,6.32,670.0,18760.0,332.43,11.87,False
4310,Middle East,Saudi Arabia,Unconventional gas,Upstream,Gas,Other,6.39,560.0,15680.0,336.11,12.0,False
4311,Middle East,Saudi Arabia,Downstream oil,Downstream,Oil,Other,6.4,1320.0,36960.0,336.64,12.02,False
4312,Middle East,Oman,Downstream oil,Downstream,Oil,Other,6.41,380.0,10640.0,337.17,12.04,False
4313,Middle East,Qatar,Downstream oil,Downstream,Oil,Other,6.43,240.0,6720.0,338.22,12.08,False
4314,Middle East,United Arab Emirates,Downstream oil,Downstream,Oil,Other,6.43,550.0,15400.0,338.22,12.08,False
4315,North America,Mexico,Downstream gas,Downstream,Gas,Replace compressor seal or rod,6.46,13220.0,370160.0,339.8,12.14,False
4316,Middle East,Yemen,Downstream oil,Downstream,Oil,Other,6.47,1140.0,31920.0,340.32,12.15,False
4317,Other,Other,Onshore conventional gas,Upstream,Gas,Other,6.49,1330.0,37240.0,341.37,12.19,False
4318,Middle East,Oman,Unconventional gas,Upstream,Gas,Other,6.51,1870.0,52360.0,342.43,12.23,False
4319,Europe,Ukraine,Offshore gas,Upstream,Gas,Improve flaring,6.54,20.0,560.0,344.0,12.29,False
4320,Russia & Caspian,Turkmenistan,Offshore gas,Upstream,Gas,Improve flaring,6.54,210.0,5880.0,344.0,12.29,False
4321,Russia & Caspian,Kazakhstan,Offshore gas,Upstream,Gas,Improve flaring,6.54,30.0,840.0,344.0,12.29,False
4322,Russia & Caspian,Azerbaijan,Offshore gas,Upstream,Gas,Improve flaring,6.54,240.0,6720.0,344.0,12.29,False
4323,Africa,Democratic Republic of Congo,Offshore oil,Upstream,Oil,Improve flaring,6.55,910.0,25480.0,344.53,12.3,False
4324,Africa,Democratic Republic of Congo,Onshore conventional oil,Upstream,Oil,Improve flaring,6.55,490.0,13720.0,344.53,12.3,False
4325,Middle East,Iraq,Downstream oil,Downstream,Oil,Other,6.55,830.0,23240.0,344.53,12.3,False
4326,Middle East,Iran,Downstream oil,Downstream,Oil,Other,6.55,2210.0,61880.0,344.53,12.3,False
4327,Middle East,Syria,Downstream oil,Downstream,Oil,Other,6.55,1200.0,33600.0,344.53,12.3,False
4328,Asia Pacific,China,Downstream oil,Downstream,Oil,Other,6.56,15650.0,438200.0,345.06,12.32,False
4329,Middle East,Iran,Offshore gas,Upstream,Gas,Improve flaring,6.57,2070.0,57960.0,345.58,12.34,False
4330,Middle East,Saudi Arabia,Offshore gas,Upstream,Gas,Improve flaring,6.57,160.0,4480.0,345.58,12.34,False
4331,Middle East,Qatar,Offshore gas,Upstream,Gas,Improve flaring,6.57,1410.0,39480.0,345.58,12.34,False
4332,Middle East,United Arab Emirates,Offshore gas,Upstream,Gas,Improve flaring,6.57,130.0,3640.0,345.58,12.34,False
4333,Africa,Tanzania,Offshore gas,Upstream,Gas,Improve flaring,6.6,10.0,280.0,347.16,12.4,False
4334,Africa,Nigeria,Offshore gas,Upstream,Gas,Improve flaring,6.6,170.0,4760.0,347.16,12.4,False
4335,Africa,Mozambique,Offshore gas,Upstream,Gas,Improve flaring,6.6,90.0,2520.0,347.16,12.4,False
4336,Europe,Netherlands,Offshore gas,Upstream,Gas,Improve flaring,6.6,10.0,280.0,347.16,12.4,False
4337,Europe,Other EU17 countries,Offshore gas,Upstream,Gas,Improve flaring,6.6,10.0,280.0,347.16,12.4,False
4338,Africa,Ghana,Offshore gas,Upstream,Gas,Improve flaring,6.6,20.0,560.0,347.16,12.4,False
4339,Africa,Equatorial Guinea,Offshore gas,Upstream,Gas,Improve flaring,6.6,140.0,3920.0,347.16,12.4,False
4340,Africa,Cameroon,Offshore gas,Upstream,Gas,Improve flaring,6.6,30.0,840.0,347.16,12.4,False
4341,Europe,Denmark,Offshore gas,Upstream,Gas,Improve flaring,6.6,10.0,280.0,347.16,12.4,False
4342,Africa,Cote d'Ivoire,Offshore gas,Upstream,Gas,Improve flaring,6.6,20.0,560.0,347.16,12.4,False
4343,Africa,Congo,Offshore gas,Upstream,Gas,Improve flaring,6.6,10.0,280.0,347.16,12.4,False
4344,Middle East,Bahrain,Downstream oil,Downstream,Oil,Other,6.62,50.0,1400.0,348.21,12.44,False
4345,Asia Pacific,Australia,Offshore gas,Upstream,Gas,Improve flaring,6.65,330.0,9240.0,349.79,12.49,False
4346,Asia Pacific,New Zealand,Offshore gas,Upstream,Gas,Improve flaring,6.65,10.0,280.0,349.79,12.49,False
4347,Asia Pacific,China,Offshore gas,Upstream,Gas,Improve flaring,6.67,230.0,6440.0,350.84,12.53,False
4348,Asia Pacific,Brunei,Offshore gas,Upstream,Gas,Improve flaring,6.68,50.0,1400.0,351.37,12.55,False
4349,Asia Pacific,Malaysia,Offshore gas,Upstream,Gas,Improve flaring,6.68,830.0,23240.0,351.37,12.55,False
4350,Asia Pacific,Other countries in Southeast Asia,Offshore gas,Upstream,Gas,Improve flaring,6.68,150.0,4200.0,351.37,12.55,False
4351,Asia Pacific,Thailand,Offshore gas,Upstream,Gas,Improve flaring,6.68,440.0,12320.0,351.37,12.55,False
4352,Asia Pacific,Philippines,Offshore gas,Upstream,Gas,Improve flaring,6.68,20.0,560.0,351.37,12.55,False
4353,Asia Pacific,Viet Nam,Offshore gas,Upstream,Gas,Improve flaring,6.68,50.0,1400.0,351.37,12.55,False
4354,North America,United States,Offshore gas,Upstream,Gas,Improve flaring,6.72,160.0,4480.0,353.47,12.62,False
4355,Europe,United Kingdom,Offshore gas,Upstream,Gas,Improve flaring,6.8,90.0,2520.0,357.68,12.77,False
4356,Africa,Egypt,Unconventional gas,Upstream,Gas,Other,6.81,130.0,3640.0,358.21,12.79,False
4357,Middle East,Kuwait,Downstream gas,Downstream,Gas,Replace compressor seal or rod,6.81,3340.0,93520.0,358.21,12.79,False
4358,North America,Mexico,Offshore gas,Upstream,Gas,Improve flaring,6.9,100.0,2800.0,362.94,12.96,False
4359,Asia Pacific,India,Offshore gas,Upstream,Gas,Improve flaring,6.92,640.0,17920.0,363.99,13.0,False
4360,Europe,Romania,Offshore gas,Upstream,Gas,Improve flaring,6.96,40.0,1120.0,366.1,13.08,False
4361,Middle East,Qatar,Offshore oil,Upstream,Oil,Improve flaring,7.01,2430.0,68040.0,368.73,13.17,False
4362,Middle East,Oman,Offshore oil,Upstream,Oil,Improve flaring,7.01,10.0,280.0,368.73,13.17,False
4363,Asia Pacific,India,Downstream oil,Downstream,Oil,Other,7.01,18930.0,530040.0,368.73,13.17,False
4364,Middle East,Kuwait,Offshore oil,Upstream,Oil,Improve flaring,7.01,250.0,7000.0,368.73,13.17,False
4365,Middle East,Iran,Offshore oil,Upstream,Oil,Improve flaring,7.01,6470.0,181160.0,368.73,13.17,False
4366,Africa,Mozambique,Offshore oil,Upstream,Oil,Improve flaring,7.04,160.0,4480.0,370.3,13.22,False
4367,Middle East,Saudi Arabia,Offshore oil,Upstream,Oil,Improve flaring,7.04,3590.0,100520.0,370.3,13.22,False
4368,Africa,Senegal,Offshore oil,Upstream,Oil,Improve flaring,7.04,250.0,7000.0,370.3,13.22,False
4369,Asia Pacific,Indonesia,Offshore gas,Upstream,Gas,Improve flaring,7.05,490.0,13720.0,370.83,13.24,False
4370,Africa,Cote d'Ivoire,Offshore oil,Upstream,Oil,Improve flaring,7.07,70.0,1960.0,371.88,13.28,False
4371,Europe,Poland,Downstream oil,Downstream,Oil,Other,7.07,440.0,12320.0,371.88,13.28,False
4372,Europe,Poland,Offshore oil,Upstream,Oil,Improve flaring,7.07,10.0,280.0,371.88,13.28,False
4373,Central and South America,Brazil,Offshore gas,Upstream,Gas,Improve flaring,7.15,160.0,4480.0,376.09,13.43,False
4374,Europe,Italy,Offshore oil,Upstream,Oil,Improve flaring,7.16,10.0,280.0,376.62,13.45,False
4375,Europe,Germany,Offshore oil,Upstream,Oil,Improve flaring,7.17,20.0,560.0,377.14,13.47,False
4376,Africa,Democratic Republic of Congo,Onshore conventional oil,Upstream,Oil,Vapour recovery units,7.17,1490.0,41720.0,377.14,13.47,False
4377,Central and South America,Colombia,Offshore gas,Upstream,Gas,Improve flaring,7.18,10.0,280.0,377.67,13.49,False
4378,Russia & Caspian,Kazakhstan,Offshore oil,Upstream,Oil,Improve flaring,7.21,670.0,18760.0,379.25,13.54,False
4379,Middle East,Kuwait,Downstream oil,Downstream,Oil,Other,7.22,390.0,10920.0,379.77,13.56,False
4380,Europe,Denmark,Offshore oil,Upstream,Oil,Improve flaring,7.24,50.0,1400.0,380.82,13.6,False
4381,North America,United States,Offshore oil,Upstream,Oil,Improve flaring,7.28,2710.0,75880.0,382.93,13.68,False
4382,Asia Pacific,New Zealand,Downstream gas,Downstream,Gas,Other,7.31,370.0,10360.0,384.51,13.73,False
4383,North America,Mexico,Offshore oil,Upstream,Oil,Improve flaring,7.38,3500.0,98000.0,388.19,13.86,False
4384,Asia Pacific,Indonesia,Downstream oil,Downstream,Oil,Other,7.39,2600.0,72800.0,388.71,13.88,False
4385,Asia Pacific,Philippines,Offshore oil,Upstream,Oil,Improve flaring,7.4,30.0,840.0,389.24,13.9,False
4386,Europe,Other countries in Europe,Offshore gas,Upstream,Gas,Improve flaring,7.43,20.0,560.0,390.82,13.96,False
4387,Europe,Israel,Offshore gas,Upstream,Gas,Improve flaring,7.43,70.0,1960.0,390.82,13.96,False
4388,Russia & Caspian,Russia,Downstream oil,Downstream,Oil,Associated gas utilisation,7.46,700.0,19600.0,392.4,14.01,False
4389,Russia & Caspian,Azerbaijan,Offshore oil,Upstream,Oil,Improve flaring,7.54,1070.0,29960.0,396.6,14.16,False
4390,Africa,Algeria,Unconventional gas,Upstream,Gas,Other,7.54,160.0,4480.0,396.6,14.16,False
4391,Other,Other,Downstream oil,Downstream,Oil,Other,7.61,1300.0,36400.0,400.29,14.3,False
4392,Asia Pacific,Pakistan,Downstream oil,Downstream,Oil,Other,7.61,1270.0,35560.0,400.29,14.3,False
4393,Asia Pacific,India,Unconventional gas,Upstream,Gas,Other,7.68,970.0,27160.0,403.97,14.43,False
4394,Africa,Nigeria,Offshore oil,Upstream,Oil,Improve flaring,7.74,5130.0,143640.0,407.12,14.54,False
4395,Africa,Democratic Republic of Congo,Onshore conventional oil,Upstream,Oil,Vapour recovery units,7.75,990.0,27720.0,407.65,14.56,False
4396,Africa,Democratic Republic of Congo,Offshore oil,Upstream,Oil,Vapour recovery units,7.75,800.0,22400.0,407.65,14.56,False
4397,Africa,Egypt,Offshore gas,Upstream,Gas,Improve flaring,7.77,350.0,9800.0,408.7,14.6,False
4398,Africa,Libya,Offshore gas,Upstream,Gas,Improve flaring,7.77,30.0,840.0,408.7,14.6,False
4399,Africa,Tunisia,Offshore gas,Upstream,Gas,Improve flaring,7.77,10.0,280.0,408.7,14.6,False
4400,Europe,Norway,Offshore oil,Upstream,Oil,Improve flaring,7.86,20.0,560.0,413.44,14.77,False
4401,Africa,Ghana,Offshore oil,Upstream,Oil,Improve flaring,7.86,340.0,9520.0,413.44,14.77,False
4402,Middle East,United Arab Emirates,Offshore oil,Upstream,Oil,Improve flaring,7.89,3240.0,90720.0,415.01,14.82,False
4403,Central and South America,Argentina,Unconventional gas,Upstream,Gas,Other,7.94,6600.0,184800.0,417.64,14.92,False
4404,Europe,Other EU17 countries,Unconventional gas,Upstream,Gas,Other,8.08,30.0,840.0,425.01,15.18,False
4405,Asia Pacific,Brunei,Offshore oil,Upstream,Oil,Improve flaring,8.2,130.0,3640.0,431.32,15.4,False
4406,Asia Pacific,Japan,Onshore conventional gas,Upstream,Gas,Other,8.21,230.0,6440.0,431.85,15.42,False
4407,Asia Pacific,New Zealand,Offshore oil,Upstream,Oil,Improve flaring,8.21,20.0,560.0,431.85,15.42,False
4408,Europe,Other countries in Europe,Onshore conventional gas,Upstream,Gas,Improve flaring,8.23,30.0,840.0,432.9,15.46,False
4409,Russia & Caspian,Kazakhstan,Onshore conventional gas,Upstream,Gas,Improve flaring,8.23,470.0,13160.0,432.9,15.46,False
4410,Asia Pacific,India,Offshore oil,Upstream,Oil,Improve flaring,8.23,3060.0,85680.0,432.9,15.46,False
4411,Middle East,Kuwait,Onshore conventional gas,Upstream,Gas,Improve flaring,8.27,270.0,7560.0,435.0,15.54,False
4412,Asia Pacific,Japan,Onshore conventional gas,Upstream,Gas,Improve flaring,8.27,60.0,1680.0,435.0,15.54,False
4413,Middle East,Iran,Onshore conventional gas,Upstream,Gas,Improve flaring,8.27,890.0,24920.0,435.0,15.54,False
4414,Middle East,Iraq,Onshore conventional gas,Upstream,Gas,Improve flaring,8.27,130.0,3640.0,435.0,15.54,False
4415,Middle East,Bahrain,Onshore conventional gas,Upstream,Gas,Improve flaring,8.27,490.0,13720.0,435.0,15.54,False
4416,Middle East,Oman,Onshore conventional gas,Upstream,Gas,Improve flaring,8.27,550.0,15400.0,435.0,15.54,False
4417,Middle East,Oman,Unconventional gas,Upstream,Gas,Improve flaring,8.27,380.0,10640.0,435.0,15.54,False
4418,Middle East,United Arab Emirates,Onshore conventional gas,Upstream,Gas,Improve flaring,8.27,390.0,10920.0,435.0,15.54,False
4419,Middle East,Saudi Arabia,Onshore conventional gas,Upstream,Gas,Improve flaring,8.27,410.0,11480.0,435.0,15.54,False
4420,Middle East,Saudi Arabia,Unconventional gas,Upstream,Gas,Improve flaring,8.27,110.0,3080.0,435.0,15.54,False
4421,Middle East,Syria,Onshore conventional gas,Upstream,Gas,Improve flaring,8.27,440.0,12320.0,435.0,15.54,False
4422,Middle East,Qatar,Onshore conventional gas,Upstream,Gas,Improve flaring,8.27,40.0,1120.0,435.0,15.54,False
4423,Europe,Ukraine,Onshore conventional gas,Upstream,Gas,Improve flaring,8.28,1400.0,39200.0,435.53,15.55,False
4424,Russia & Caspian,Turkmenistan,Onshore conventional gas,Upstream,Gas,Improve flaring,8.29,10130.0,283640.0,436.05,15.57,False
4425,Russia & Caspian,Uzbekistan,Onshore conventional gas,Upstream,Gas,Improve flaring,8.29,5550.0,155400.0,436.05,15.57,False
4426,Other,Other,Onshore conventional gas,Upstream,Gas,Improve flaring,8.3,10.0,280.0,436.58,15.59,False
4427,Europe,Other EU17 countries,Unconventional gas,Upstream,Gas,Improve flaring,8.31,10.0,280.0,437.11,15.61,False
4428,Europe,Other EU17 countries,Onshore conventional gas,Upstream,Gas,Improve flaring,8.31,30.0,840.0,437.11,15.61,False
4429,Europe,Netherlands,Onshore conventional gas,Upstream,Gas,Improve flaring,8.31,10.0,280.0,437.11,15.61,False
4430,Africa,Nigeria,Onshore conventional gas,Upstream,Gas,Improve flaring,8.32,1020.0,28560.0,437.63,15.63,False
4431,Africa,Tanzania,Onshore conventional gas,Upstream,Gas,Improve flaring,8.32,30.0,840.0,437.63,15.63,False
4432,Africa,Senegal,Onshore conventional gas,Upstream,Gas,Improve flaring,8.32,50.0,1400.0,437.63,15.63,False
4433,Africa,Angola,Onshore conventional gas,Upstream,Gas,Improve flaring,8.32,30.0,840.0,437.63,15.63,False
4434,Africa,Tanzania,Downstream gas,Downstream,Gas,Replace compressor seal or rod,8.33,540.0,15120.0,438.16,15.65,False
4435,Europe,Poland,Unconventional gas,Upstream,Gas,Improve flaring,8.36,20.0,560.0,439.74,15.7,False
4436,Europe,Poland,Onshore conventional gas,Upstream,Gas,Improve flaring,8.36,80.0,2240.0,439.74,15.7,False
4437,Asia Pacific,New Zealand,Onshore conventional gas,Upstream,Gas,Improve flaring,8.37,20.0,560.0,440.26,15.72,False
4438,Africa,Mozambique,Onshore conventional gas,Upstream,Gas,Improve flaring,8.37,250.0,7000.0,440.26,15.72,False
4439,Other,Other,Onshore conventional gas,Upstream,Gas,Improve flaring,8.37,330.0,9240.0,440.26,15.72,False
4440,Asia Pacific,Australia,Onshore conventional gas,Upstream,Gas,Improve flaring,8.37,30.0,840.0,440.26,15.72,False
4441,Asia Pacific,Australia,Unconventional gas,Upstream,Gas,Improve flaring,8.37,530.0,14840.0,440.26,15.72,False
4442,Africa,Botswana,Unconventional gas,Upstream,Gas,Improve flaring,8.37,10.0,280.0,440.26,15.72,False
4443,Africa,Congo,Onshore conventional gas,Upstream,Gas,Improve flaring,8.37,10.0,280.0,440.26,15.72,False
4444,Africa,Gabon,Onshore conventional gas,Upstream,Gas,Improve flaring,8.37,10.0,280.0,440.26,15.72,False
4445,Asia Pacific,Brunei,Onshore conventional gas,Upstream,Gas,Improve flaring,8.41,10.0,280.0,442.37,15.8,False
4446,Asia Pacific,Thailand,Onshore conventional gas,Upstream,Gas,Improve flaring,8.41,50.0,1400.0,442.37,15.8,False
4447,Europe,Other countries in Europe,Onshore conventional gas,Upstream,Gas,Other,8.45,130.0,3640.0,444.47,15.87,False
4448,Asia Pacific,China,Onshore conventional gas,Upstream,Gas,Improve flaring,8.45,2860.0,80080.0,444.47,15.87,False
4449,Asia Pacific,China,Unconventional gas,Upstream,Gas,Improve flaring,8.45,5690.0,159320.0,444.47,15.87,False
4450,Africa,Equatorial Guinea,Offshore oil,Upstream,Oil,Improve flaring,8.46,1940.0,54320.0,445.0,15.89,False
4451,Africa,Equatorial Guinea,Onshore conventional oil,Upstream,Oil,Improve flaring,8.46,610.0,17080.0,445.0,15.89,False
4452,Asia Pacific,Other countries in Southeast Asia,Onshore conventional gas,Upstream,Gas,Improve flaring,8.46,10.0,280.0,445.0,15.89,False
4453,North America,United States,Onshore conventional gas,Upstream,Gas,Improve flaring,8.46,1220.0,34160.0,445.0,15.89,False
4454,North America,United States,Unconventional gas,Upstream,Gas,Improve flaring,8.46,25900.0,725200.0,445.0,15.89,False
4455,Europe,Norway,Offshore gas,Upstream,Gas,Improve flaring,8.48,160.0,4480.0,446.05,15.93,False
4456,Europe,Germany,Onshore conventional gas,Upstream,Gas,Improve flaring,8.49,50.0,1400.0,446.57,15.95,False
4457,Europe,Germany,Unconventional gas,Upstream,Gas,Improve flaring,8.49,10.0,280.0,446.57,15.95,False
4458,Asia Pacific,Malaysia,Offshore oil,Upstream,Oil,Improve flaring,8.5,1720.0,48160.0,447.1,15.97,False
4459,Europe,United Kingdom,Unconventional gas,Upstream,Gas,Other,8.53,20.0,560.0,448.68,16.02,False
4460,Central and South America,Trinidad and Tobago,Offshore gas,Upstream,Gas,Improve flaring,8.53,240.0,6720.0,448.68,16.02,False
4461,Central and South America,Argentina,Offshore gas,Upstream,Gas,Improve flaring,8.53,100.0,2800.0,448.68,16.02,False
4462,Central and South America,Venezuela,Offshore gas,Upstream,Gas,Improve flaring,8.53,160.0,4480.0,448.68,16.02,False
4463,North America,Canada,Onshore conventional gas,Upstream,Gas,Improve flaring,8.57,1170.0,32760.0,450.78,16.1,False
4464,North America,Canada,Unconventional gas,Upstream,Gas,Improve flaring,8.57,3450.0,96600.0,450.78,16.1,False
4465,Central and South America,Colombia,Onshore conventional gas,Upstream,Gas,Improve flaring,8.62,150.0,4200.0,453.41,16.19,False
4466,Africa,Cameroon,Offshore oil,Upstream,Oil,Improve flaring,8.64,510.0,14280.0,454.46,16.23,False
4467,North America,Mexico,Onshore conventional gas,Upstream,Gas,Improve flaring,8.69,390.0,10920.0,457.09,16.32,False
4468,North America,Mexico,Unconventional gas,Upstream,Gas,Improve flaring,8.69,10.0,280.0,457.09,16.32,False
4469,Asia Pacific,India,Unconventional gas,Upstream,Gas,Improve flaring,8.71,200.0,5600.0,458.15,16.36,False
4470,Asia Pacific,India,Onshore conventional gas,Upstream,Gas,Improve flaring,8.71,410.0,11480.0,458.15,16.36,False
4471,Central and South America,Brazil,Offshore oil,Upstream,Oil,Improve flaring,8.76,7240.0,202720.0,460.78,16.46,False
4472,Asia Pacific,Bangladesh,Onshore conventional gas,Upstream,Gas,Improve flaring,8.83,430.0,12040.0,464.46,16.59,False
4473,Europe,Other EU7 countries,Onshore conventional gas,Upstream,Gas,Improve flaring,8.83,10.0,280.0,464.46,16.59,False
4474,Asia Pacific,Pakistan,Onshore conventional gas,Upstream,Gas,Improve flaring,8.83,870.0,24360.0,464.46,16.59,False
4475,Asia Pacific,Pakistan,Unconventional gas,Upstream,Gas,Improve flaring,8.83,40.0,1120.0,464.46,16.59,False
4476,Europe,Romania,Onshore conventional gas,Upstream,Gas,Improve flaring,8.83,510.0,14280.0,464.46,16.59,False
4477,Asia Pacific,Indonesia,Onshore conventional gas,Upstream,Gas,Improve flaring,8.88,700.0,19600.0,467.09,16.68,False
4478,Africa,Tunisia,Offshore oil,Upstream,Oil,Improve flaring,8.94,30.0,840.0,470.24,16.79,False
4479,Central and South America,Brazil,Onshore conventional gas,Upstream,Gas,Improve flaring,9.01,140.0,3920.0,473.93,16.93,False
4480,Central and South America,Cuba,Offshore oil,Upstream,Oil,Improve flaring,9.09,50.0,1400.0,478.13,17.08,False
4481,Central and South America,Guyana,Offshore oil,Upstream,Oil,Improve flaring,9.09,820.0,22960.0,478.13,17.08,False
4482,Africa,Libya,Offshore oil,Upstream,Oil,Improve flaring,9.09,120.0,3360.0,478.13,17.08,False
4483,North America,Mexico,Downstream oil,Downstream,Oil,Other,9.11,2180.0,61040.0,479.19,17.11,False
4484,Asia Pacific,Indonesia,Offshore oil,Upstream,Oil,Improve flaring,9.17,430.0,12040.0,482.34,17.23,False
4485,Central and South America,Venezuela,Offshore oil,Upstream,Oil,Improve flaring,9.17,880.0,24640.0,482.34,17.23,False
4486,Africa,Egypt,Offshore oil,Upstream,Oil,Improve flaring,9.2,730.0,20440.0,483.92,17.28,False
4487,Russia & Caspian,Kazakhstan,Onshore conventional gas,Upstream,Gas,Other,9.22,2370.0,66360.0,484.97,17.32,False
4488,Africa,Gabon,Offshore oil,Upstream,Oil,Improve flaring,9.26,750.0,21000.0,487.08,17.4,False
4489,Central and South America,Argentina,Offshore oil,Upstream,Oil,Improve flaring,9.32,100.0,2800.0,490.23,17.51,False
4490,Central and South America,Trinidad and Tobago,Offshore oil,Upstream,Oil,Improve flaring,9.34,120.0,3360.0,491.28,17.55,False
4491,Asia Pacific,Thailand,Offshore oil,Upstream,Oil,Improve flaring,9.51,970.0,27160.0,500.23,17.87,False
4492,Asia Pacific,Australia,Offshore oil,Upstream,Oil,Improve flaring,9.51,180.0,5040.0,500.23,17.87,False
4493,Africa,Equatorial Guinea,Onshore conventional oil,Upstream,Oil,Vapour recovery units,9.52,1230.0,34440.0,500.75,17.88,False
4494,Africa,Equatorial Guinea,Offshore oil,Upstream,Oil,Vapour recovery units,9.52,1690.0,47320.0,500.75,17.88,False
4495,Asia Pacific,Thailand,Onshore conventional gas,Upstream,Gas,Other,9.55,240.0,6720.0,502.33,17.94,False
4496,Europe,Estonia,Downstream oil,Downstream,Oil,Other,9.62,10.0,280.0,506.01,18.07,False
4497,Africa,Congo,Offshore oil,Upstream,Oil,Improve flaring,9.69,1830.0,51240.0,509.69,18.2,False
4498,Asia Pacific,Brunei,Onshore conventional gas,Upstream,Gas,Other,9.7,80.0,2240.0,510.22,18.22,False
4499,Central and South America,Peru,Offshore oil,Upstream,Oil,Improve flaring,9.73,10.0,280.0,511.8,18.28,False
4500,Africa,Tunisia,Onshore conventional gas,Upstream,Gas,Improve flaring,9.79,30.0,840.0,514.95,18.39,False
4501,Russia & Caspian,Russia,Offshore gas,Upstream,Gas,Improve flaring,9.79,210.0,5880.0,514.95,18.39,False
4502,Africa,Algeria,Unconventional gas,Upstream,Gas,Improve flaring,9.79,30.0,840.0,514.95,18.39,False
4503,Africa,Algeria,Onshore conventional gas,Upstream,Gas,Improve flaring,9.79,1910.0,53480.0,514.95,18.39,False
4504,Africa,Egypt,Onshore conventional gas,Upstream,Gas,Improve flaring,9.79,180.0,5040.0,514.95,18.39,False
4505,Africa,Egypt,Unconventional gas,Upstream,Gas,Improve flaring,9.79,30.0,840.0,514.95,18.39,False
4506,Africa,Libya,Onshore conventional gas,Upstream,Gas,Improve flaring,9.79,100.0,2800.0,514.95,18.39,False
4507,Europe,Italy,Downstream gas,Downstream,Gas,Other,9.8,6980.0,195440.0,515.48,18.41,False
4508,Asia Pacific,Viet Nam,Offshore oil,Upstream,Oil,Improve flaring,9.88,600.0,16800.0,519.69,18.56,False
4509,Africa,Democratic Republic of Congo,Offshore oil,Upstream,Oil,Improve flaring,10.24,90.0,2520.0,538.62,19.24,False
4510,Central and South America,Brazil,Onshore conventional gas,Upstream,Gas,Other,10.26,730.0,20440.0,539.68,19.27,False
4511,Europe,Other EU17 countries,Downstream gas,Downstream,Gas,Other,10.26,10030.0,280840.0,539.68,19.27,False
4512,Europe,United Kingdom,Downstream gas,Downstream,Gas,Other,10.41,6110.0,171080.0,547.57,19.56,False
4513,Europe,United Kingdom,Offshore oil,Upstream,Oil,Improve flaring,10.55,560.0,15680.0,554.93,19.82,False
4514,Africa,Angola,Offshore oil,Upstream,Oil,Improve flaring,10.73,1370.0,38360.0,564.4,20.16,False
4515,Central and South America,Argentina,Unconventional gas,Upstream,Gas,Improve flaring,10.74,1340.0,37520.0,564.92,20.18,False
4516,Central and South America,Argentina,Onshore conventional gas,Upstream,Gas,Improve flaring,10.74,230.0,6440.0,564.92,20.18,False
4517,Central and South America,Bolivia,Onshore conventional gas,Upstream,Gas,Improve flaring,10.74,180.0,5040.0,564.92,20.18,False
4518,Central and South America,Trinidad and Tobago,Onshore conventional gas,Upstream,Gas,Improve flaring,10.74,20.0,560.0,564.92,20.18,False
4519,Central and South America,Peru,Onshore conventional gas,Upstream,Gas,Improve flaring,10.74,420.0,11760.0,564.92,20.18,False
4520,Central and South America,Venezuela,Onshore conventional gas,Upstream,Gas,Improve flaring,10.74,910.0,25480.0,564.92,20.18,False
4521,Central and South America,Cuba,Onshore conventional gas,Upstream,Gas,Improve flaring,10.81,30.0,840.0,568.61,20.31,False
4522,Africa,Senegal,Onshore conventional gas,Upstream,Gas,Other,10.82,240.0,6720.0,569.13,20.33,False
4523,Russia & Caspian,Russia,Offshore oil,Upstream,Oil,Improve flaring,10.96,1310.0,36680.0,576.5,20.59,False
4524,Asia Pacific,Pakistan,Unconventional gas,Upstream,Gas,Other,10.98,180.0,5040.0,577.55,20.63,False
4525,Middle East,Saudi Arabia,Onshore conventional gas,Upstream,Gas,Other,11.01,2080.0,58240.0,579.13,20.68,False
4526,Middle East,Oman,Onshore conventional gas,Upstream,Gas,Other,11.11,2770.0,77560.0,584.39,20.87,False
4527,Africa,Egypt,Onshore conventional gas,Upstream,Gas,Other,11.23,930.0,26040.0,590.7,21.1,False
4528,Europe,Romania,Offshore oil,Upstream,Oil,Improve flaring,11.29,40.0,1120.0,593.85,21.21,False
4529,Middle East,United Arab Emirates,Onshore conventional gas,Upstream,Gas,Other,11.3,1980.0,55440.0,594.38,21.23,False
4530,Middle East,Qatar,Onshore conventional gas,Upstream,Gas,Other,11.31,220.0,6160.0,594.91,21.25,False
4531,Asia Pacific,China,Offshore oil,Upstream,Oil,Improve flaring,11.32,2740.0,76720.0,595.43,21.27,False
4532,Europe,Romania,Downstream gas,Downstream,Gas,Other,11.37,4220.0,118160.0,598.06,21.36,False
4533,Africa,Tunisia,Onshore conventional gas,Upstream,Gas,Other,11.4,140.0,3920.0,599.64,21.42,False
4534,Central and South America,Ecuador,Offshore oil,Upstream,Oil,Improve flaring,11.51,20.0,560.0,605.43,21.62,False
4535,Central and South America,Ecuador,Onshore conventional gas,Upstream,Gas,Other,11.6,20.0,560.0,610.16,21.79,False
4536,Russia & Caspian,Turkmenistan,Offshore oil,Upstream,Oil,Improve flaring,11.62,2370.0,66360.0,611.21,21.83,False
4537,Middle East,Yemen,Onshore conventional gas,Upstream,Gas,Other,11.65,10.0,280.0,612.79,21.89,False
4538,Africa,Libya,Onshore conventional gas,Upstream,Gas,Other,11.88,490.0,13720.0,624.89,22.32,False
4539,Africa,Algeria,Onshore conventional gas,Upstream,Gas,Other,11.88,9690.0,271320.0,624.89,22.32,False
4540,Asia Pacific,Australia,Unconventional gas,Upstream,Gas,Other,11.97,2580.0,72240.0,629.62,22.49,False
4541,Europe,Romania,Onshore conventional gas,Upstream,Gas,Other,12.01,2040.0,57120.0,631.73,22.56,False
4542,North America,Mexico,Unconventional gas,Upstream,Gas,Other,12.1,40.0,1120.0,636.46,22.73,False
4543,Africa,Nigeria,Onshore conventional gas,Upstream,Gas,Other,12.27,5170.0,144760.0,645.4,23.05,False
4544,Middle East,Iraq,Onshore conventional oil,Upstream,Oil,Improve flaring,12.3,36540.0,1023120.0,646.98,23.11,False
4545,Russia & Caspian,Russia,Onshore conventional gas,Upstream,Gas,Improve flaring,12.32,11220.0,314160.0,648.03,23.14,False
4546,Russia & Caspian,Russia,Unconventional gas,Upstream,Gas,Improve flaring,12.32,1200.0,33600.0,648.03,23.14,False
4547,Central and South America,Peru,Onshore conventional gas,Upstream,Gas,Other,12.33,2120.0,59360.0,648.56,23.16,False
4548,Europe,Israel,Downstream gas,Downstream,Gas,Other,12.33,1150.0,32200.0,648.56,23.16,False
4549,Middle East,Iraq,Onshore conventional gas,Upstream,Gas,Other,12.35,660.0,18480.0,649.61,23.2,False
4550,Middle East,Iran,Onshore conventional gas,Upstream,Gas,Other,12.35,4500.0,126000.0,649.61,23.2,False
4551,Middle East,Syria,Onshore conventional gas,Upstream,Gas,Other,12.35,2220.0,62160.0,649.61,23.2,False
4552,Central and South America,Trinidad and Tobago,Onshore conventional gas,Upstream,Gas,Other,12.46,120.0,3360.0,655.4,23.41,False
4553,Asia Pacific,India,Onshore conventional gas,Upstream,Gas,Other,12.58,2080.0,58240.0,661.71,23.63,False
4554,Central and South America,Venezuela,Onshore conventional gas,Upstream,Gas,Other,12.6,4630.0,129640.0,662.76,23.67,False
4555,Central and South America,Argentina,Onshore conventional gas,Upstream,Gas,Other,12.75,1180.0,33040.0,670.65,23.95,False
4556,Middle East,Bahrain,Onshore conventional gas,Upstream,Gas,Other,12.94,2470.0,69160.0,680.64,24.31,False
4557,Central and South America,Bolivia,Onshore conventional gas,Upstream,Gas,Other,13.17,910.0,25480.0,692.74,24.74,False
4558,Asia Pacific,Korea,Downstream oil,Downstream,Oil,Other,13.31,1450.0,40600.0,700.11,25.0,False
4559,Africa,Angola,Onshore conventional gas,Upstream,Gas,Other,13.32,140.0,3920.0,700.63,25.02,False
4560,Asia Pacific,Indonesia,Onshore conventional gas,Upstream,Gas,Other,13.39,3570.0,99960.0,704.31,25.15,False
4561,Other,Other,Onshore conventional gas,Upstream,Gas,Other,13.46,60.0,1680.0,708.0,25.29,False
4562,Asia Pacific,Bangladesh,Downstream oil,Downstream,Oil,Other,13.51,40.0,1120.0,710.63,25.38,False
4563,Russia & Caspian,Russia,Unconventional gas,Upstream,Gas,Other,13.74,5920.0,165760.0,722.72,25.81,False
4564,Asia Pacific,Japan,Downstream oil,Downstream,Oil,Other,13.81,1580.0,44240.0,726.41,25.94,False
4565,Asia Pacific,Bangladesh,Onshore conventional gas,Upstream,Gas,Other,13.96,2170.0,60760.0,734.3,26.22,False
4566,Europe,Slovenia,Downstream oil,Downstream,Oil,Other,14.02,30.0,840.0,737.45,26.34,False
4567,North America,Canada,Unconventional gas,Upstream,Gas,Other,14.24,16960.0,474880.0,749.02,26.75,False
4568,Europe,Germany,Onshore conventional gas,Upstream,Gas,Other,14.27,210.0,5880.0,750.6,26.81,False
4569,Africa,South Africa,Onshore conventional oil,Upstream,Oil,Improve flaring,14.59,140.0,3920.0,767.43,27.41,False
4570,Middle East,Qatar,Onshore conventional oil,Upstream,Oil,Improve flaring,14.62,510.0,14280.0,769.01,27.46,False
4571,Middle East,Jordan,Onshore conventional oil,Upstream,Oil,Improve flaring,14.62,20.0,560.0,769.01,27.46,False
4572,Middle East,Kuwait,Onshore conventional oil,Upstream,Oil,Improve flaring,14.62,3510.0,98280.0,769.01,27.46,False
4573,Middle East,Bahrain,Onshore conventional oil,Upstream,Oil,Improve flaring,14.62,430.0,12040.0,769.01,27.46,False
4574,Middle East,Iran,Onshore conventional oil,Upstream,Oil,Improve flaring,14.63,9890.0,276920.0,769.54,27.48,False
4575,Middle East,Oman,Onshore conventional oil,Upstream,Oil,Improve flaring,14.63,1910.0,53480.0,769.54,27.48,False
4576,Middle East,Saudi Arabia,Onshore conventional oil,Upstream,Oil,Improve flaring,14.69,5150.0,144200.0,772.69,27.6,False
4577,Africa,Mozambique,Onshore conventional oil,Upstream,Oil,Improve flaring,14.7,110.0,3080.0,773.22,27.62,False
4578,Europe,Poland,Onshore conventional oil,Upstream,Oil,Improve flaring,14.75,10.0,280.0,775.85,27.71,False
4579,Europe,Italy,Onshore conventional oil,Upstream,Oil,Improve flaring,14.94,40.0,1120.0,785.84,28.07,False
4580,Europe,Germany,Onshore conventional oil,Upstream,Oil,Improve flaring,14.97,10.0,280.0,787.42,28.12,False
4581,Russia & Caspian,Kazakhstan,Onshore conventional oil,Upstream,Oil,Improve flaring,15.05,2120.0,59360.0,791.63,28.27,False
4582,Middle East,Syria,Onshore conventional oil,Upstream,Oil,Improve flaring,15.08,1510.0,42280.0,793.21,28.33,False
4583,North America,United States,Onshore conventional oil,Upstream,Oil,Improve flaring,15.2,3050.0,85400.0,799.52,28.55,False
4584,Africa,Niger,Onshore conventional oil,Upstream,Oil,Improve flaring,15.32,120.0,3360.0,805.83,28.78,False
4585,North America,United States,Unconventional gas,Upstream,Gas,Other,15.36,127320.0,3564960.0,807.94,28.86,False
4586,North America,Mexico,Onshore conventional oil,Upstream,Oil,Improve flaring,15.4,1180.0,33040.0,810.04,28.93,False
4587,Middle East,Yemen,Onshore conventional oil,Upstream,Oil,Improve flaring,15.41,640.0,17920.0,810.57,28.95,False
4588,Europe,Germany,Downstream gas,Downstream,Gas,Other,15.42,6660.0,186480.0,811.09,28.97,False
4589,North America,Canada,Unconventional oil,Upstream,Oil,Other,15.48,9790.0,274120.0,814.25,29.08,False
4590,Asia Pacific,Pakistan,Onshore conventional gas,Upstream,Gas,Other,15.57,4430.0,124040.0,818.98,29.25,False
4591,Europe,Other EU17 countries,Onshore conventional oil,Upstream,Oil,Improve flaring,15.58,40.0,1120.0,819.51,29.27,False
4592,Asia Pacific,Bangladesh,Onshore conventional oil,Upstream,Oil,Improve flaring,15.61,10.0,280.0,821.09,29.32,False
4593,Asia Pacific,Other countries in Southeast Asia,Onshore conventional oil,Upstream,Oil,Improve flaring,15.67,20.0,560.0,824.24,29.44,False
4594,Europe,Sweden,Downstream gas,Downstream,Gas,Other,15.69,170.0,4760.0,825.29,29.47,False
4595,Russia & Caspian,Azerbaijan,Onshore conventional oil,Upstream,Oil,Improve flaring,15.73,50.0,1400.0,827.4,29.55,False
4596,Other,Other,Onshore conventional oil,Upstream,Oil,Improve flaring,15.74,10.0,280.0,827.92,29.57,False
4597,Asia Pacific,Pakistan,Onshore conventional oil,Upstream,Oil,Improve flaring,15.83,310.0,8680.0,832.66,29.74,False
4598,Europe,France,Downstream gas,Downstream,Gas,Other,16.13,5150.0,144200.0,848.44,30.3,False
4599,Africa,Nigeria,Onshore conventional oil,Upstream,Oil,Improve flaring,16.16,3280.0,91840.0,850.02,30.36,False
4600,Asia Pacific,New Zealand,Onshore conventional gas,Upstream,Gas,Other,16.18,100.0,2800.0,851.07,30.4,False
4601,North America,Mexico,Onshore conventional gas,Upstream,Gas,Other,16.2,1970.0,55160.0,852.12,30.43,False
4602,Africa,Chad,Onshore conventional oil,Upstream,Oil,Improve flaring,16.2,310.0,8680.0,852.12,30.43,False
4603,Asia Pacific,Australia,Downstream gas,Downstream,Gas,Other,16.32,4030.0,112840.0,858.43,30.66,False
4604,Europe,Italy,Onshore conventional gas,Upstream,Gas,Other,16.35,30.0,840.0,860.01,30.71,False
4605,North America,United States,Unconventional oil,Upstream,Oil,Improve flaring,16.38,7480.0,209440.0,861.59,30.77,False
4606,Africa,Ghana,Onshore conventional oil,Upstream,Oil,Improve flaring,16.4,70.0,1960.0,862.64,30.81,False
4607,Other,Other,Onshore conventional oil,Upstream,Oil,Improve flaring,16.47,20.0,560.0,866.32,30.94,False
4608,Middle East,United Arab Emirates,Onshore conventional oil,Upstream,Oil,Improve flaring,16.48,1960.0,54880.0,866.85,30.96,False
4609,North America,Canada,Downstream gas,Downstream,Gas,Other,16.49,20950.0,586600.0,867.37,30.98,False
4610,North America,Canada,Onshore conventional oil,Upstream,Oil,Improve flaring,16.53,5630.0,157640.0,869.48,31.05,False
4611,Europe,Israel,Onshore conventional oil,Upstream,Oil,Improve flaring,16.54,10.0,280.0,870.0,31.07,False
4612,Europe,Other EU17 countries,Onshore conventional gas,Upstream,Gas,Other,16.59,160.0,4480.0,872.63,31.17,False
4613,Europe,Norway,Offshore oil,Upstream,Oil,Improve flaring,16.61,360.0,10080.0,873.69,31.2,False
4614,Russia & Caspian,Russia,Downstream gas,Downstream,Gas,Other,16.63,78510.0,2198280.0,874.74,31.24,False
4615,Africa,Equatorial Guinea,Offshore oil,Upstream,Oil,Improve flaring,16.82,400.0,11200.0,884.73,31.6,False
4616,North America,United States,Unconventional oil,Upstream,Oil,Other,16.82,108810.0,3046680.0,884.73,31.6,False
4617,Africa,Sudan,Onshore conventional oil,Upstream,Oil,Improve flaring,17.03,100.0,2800.0,895.78,31.99,False
4618,Asia Pacific,Brunei,Onshore conventional oil,Upstream,Oil,Improve flaring,17.12,10.0,280.0,900.51,32.16,False
4619,Asia Pacific,India,Onshore conventional oil,Upstream,Oil,Improve flaring,17.18,1380.0,38640.0,903.67,32.27,False
4620,Europe,Netherlands,Downstream gas,Downstream,Gas,Other,17.28,840.0,23520.0,908.93,32.46,False
4621,Europe,Other countries in Europe,Onshore conventional oil,Upstream,Oil,Improve flaring,17.49,110.0,3080.0,919.97,32.86,False
4622,Asia Pacific,Malaysia,Onshore conventional oil,Upstream,Oil,Improve flaring,17.74,60.0,1680.0,933.12,33.33,False
4623,North America,Canada,Unconventional oil,Upstream,Oil,Improve flaring,17.82,670.0,18760.0,937.33,33.48,False
4624,Africa,South Sudan,Onshore conventional oil,Upstream,Oil,Improve flaring,17.85,310.0,8680.0,938.91,33.53,False
4625,Europe,Other countries in Europe,Downstream gas,Downstream,Gas,Other,18.05,7140.0,199920.0,949.43,33.91,False
4626,Europe,Other countries in Europe,Onshore conventional oil,Upstream,Oil,Improve flaring,18.24,210.0,5880.0,959.42,34.26,False
4627,Middle East,Kuwait,Onshore conventional gas,Upstream,Gas,Other,18.24,1350.0,37800.0,959.42,34.26,False
4628,Europe,Italy,Downstream oil,Downstream,Oil,Other,18.25,730.0,20440.0,959.95,34.28,False
4629,Central and South America,Brazil,Onshore conventional oil,Upstream,Oil,Improve flaring,18.28,390.0,10920.0,961.53,34.34,False
4630,Africa,Tanzania,Onshore conventional gas,Upstream,Gas,Other,18.32,140.0,3920.0,963.63,34.42,False
4631,Africa,Tunisia,Onshore conventional oil,Upstream,Oil,Improve flaring,18.65,60.0,1680.0,980.99,35.04,False
4632,Europe,Other EU17 countries,Downstream oil,Downstream,Oil,Other,18.72,1920.0,53760.0,984.67,35.17,False
4633,Africa,Algeria,Onshore conventional oil,Upstream,Oil,Improve flaring,18.8,4680.0,131040.0,988.88,35.32,False
4634,Europe,United Kingdom,Downstream oil,Downstream,Oil,Other,18.92,870.0,24360.0,995.19,35.54,False
4635,Europe,France,Onshore conventional oil,Upstream,Oil,Improve flaring,18.95,20.0,560.0,996.77,35.6,False
4636,Africa,Libya,Onshore conventional oil,Upstream,Oil,Improve flaring,18.96,3040.0,85120.0,997.3,35.62,False
4637,Central and South America,Bolivia,Onshore conventional oil,Upstream,Oil,Improve flaring,18.97,110.0,3080.0,997.82,35.64,False
4638,Central and South America,Cuba,Onshore conventional oil,Upstream,Oil,Improve flaring,18.97,20.0,560.0,997.82,35.64,False
4639,Central and South America,Venezuela,Onshore conventional oil,Upstream,Oil,Improve flaring,19.13,11290.0,316120.0,1006.24,35.94,False
4640,Asia Pacific,Indonesia,Onshore conventional oil,Upstream,Oil,Improve flaring,19.14,1270.0,35560.0,1006.76,35.96,False
4641,Africa,Egypt,Onshore conventional oil,Upstream,Oil,Improve flaring,19.21,870.0,24360.0,1010.45,36.09,False
4642,Middle East,Jordan,Onshore conventional gas,Upstream,Gas,Other,19.23,10.0,280.0,1011.5,36.12,False
4643,Africa,Gabon,Onshore conventional oil,Upstream,Oil,Improve flaring,19.33,440.0,12320.0,1016.76,36.31,False
4644,Europe,Denmark,Downstream gas,Downstream,Gas,Other,19.37,410.0,11480.0,1018.86,36.39,False
4645,Central and South America,Argentina,Onshore conventional oil,Upstream,Oil,Improve flaring,19.44,800.0,22400.0,1022.54,36.52,False
4646,Central and South America,Trinidad and Tobago,Onshore conventional oil,Upstream,Oil,Improve flaring,19.49,60.0,1680.0,1025.17,36.61,False
4647,Asia Pacific,Japan,Onshore conventional oil,Upstream,Oil,Improve flaring,19.64,10.0,280.0,1033.06,36.89,False
4648,Asia Pacific,Australia,Onshore conventional oil,Upstream,Oil,Improve flaring,19.85,30.0,840.0,1044.11,37.29,False
4649,Asia Pacific,Thailand,Onshore conventional oil,Upstream,Oil,Improve flaring,19.85,110.0,3080.0,1044.11,37.29,False
4650,Africa,Congo,Onshore conventional oil,Upstream,Oil,Improve flaring,20.22,360.0,10080.0,1063.57,37.98,False
4651,Europe,Romania,Downstream oil,Downstream,Oil,Other,20.27,2730.0,76440.0,1066.2,38.08,False
4652,Europe,Estonia,Onshore conventional oil,Upstream,Oil,Improve flaring,20.28,20.0,560.0,1066.73,38.1,False
4653,Central and South America,Peru,Onshore conventional oil,Upstream,Oil,Improve flaring,20.3,210.0,5880.0,1067.78,38.14,False
4654,North America,United States,Downstream gas,Downstream,Gas,Other,20.42,186640.0,5225920.0,1074.09,38.36,False
4655,Africa,Botswana,Unconventional gas,Upstream,Gas,Other,20.65,30.0,840.0,1086.19,38.79,False
4656,Russia & Caspian,Uzbekistan,Onshore conventional oil,Upstream,Oil,Improve flaring,20.85,730.0,20440.0,1096.71,39.17,False
4657,Central and South America,Argentina,Unconventional oil,Upstream,Oil,Improve flaring,20.97,2300.0,64400.0,1103.02,39.39,False
4658,Europe,Other EU7 countries,Onshore conventional oil,Upstream,Oil,Improve flaring,21.04,10.0,280.0,1106.7,39.52,False
4659,Other,Other,Onshore conventional oil,Upstream,Oil,Improve flaring,21.22,90.0,2520.0,1116.17,39.86,False
4660,Europe,Netherlands,Onshore conventional gas,Upstream,Gas,Other,21.32,30.0,840.0,1121.43,40.05,False
4661,Africa,Democratic Republic of Congo,Onshore conventional oil,Upstream,Oil,Improve flaring,21.36,30.0,840.0,1123.54,40.13,False
4662,Europe,Israel,Downstream oil,Downstream,Oil,Other,21.77,120.0,3360.0,1145.1,40.9,False
4663,Asia Pacific,Australia,Onshore conventional gas,Upstream,Gas,Other,21.96,160.0,4480.0,1155.1,41.25,False
4664,Europe,United Kingdom,Onshore conventional oil,Upstream,Oil,Improve flaring,22.03,10.0,280.0,1158.78,41.38,False
4665,Africa,Angola,Onshore conventional oil,Upstream,Oil,Improve flaring,22.39,20.0,560.0,1177.71,42.06,False
4666,Russia & Caspian,Russia,Onshore conventional oil,Upstream,Oil,Improve flaring,22.88,22070.0,617960.0,1203.49,42.98,False
4667,Other,Other,Onshore conventional oil,Upstream,Oil,Improve flaring,22.9,50.0,1400.0,1204.54,43.02,False
4668,North America,Canada,Onshore conventional gas,Upstream,Gas,Other,23.01,5910.0,165480.0,1210.33,43.23,False
4669,Europe,Romania,Onshore conventional oil,Upstream,Oil,Improve flaring,23.57,180.0,5040.0,1239.78,44.28,False
4670,Asia Pacific,China,Onshore conventional oil,Upstream,Oil,Improve flaring,23.63,5500.0,154000.0,1242.94,44.39,False
4671,Central and South America,Ecuador,Onshore conventional oil,Upstream,Oil,Improve flaring,24.03,1400.0,39200.0,1263.98,45.14,False
4672,Russia & Caspian,Turkmenistan,Onshore conventional oil,Upstream,Oil,Improve flaring,24.24,2110.0,59080.0,1275.02,45.54,False
4673,Europe,Norway,Downstream gas,Downstream,Gas,Other,24.5,30.0,840.0,1288.7,46.02,False
4674,Russia & Caspian,Russia,Onshore conventional gas,Upstream,Gas,Other,24.64,56880.0,1592640.0,1296.06,46.29,False
4675,Europe,Germany,Downstream oil,Downstream,Oil,Other,24.88,840.0,23520.0,1308.69,46.74,False
4676,Central and South America,Colombia,Onshore conventional oil,Upstream,Oil,Improve flaring,24.91,350.0,9800.0,1310.27,46.8,False
4677,Europe,Sweden,Downstream oil,Downstream,Oil,Other,25.14,120.0,3360.0,1322.36,47.23,False
4678,North America,Canada,Downstream oil,Downstream,Oil,Other,25.21,1850.0,51800.0,1326.05,47.36,False
4679,North America,United States,Onshore conventional gas,Upstream,Gas,Other,25.34,6160.0,172480.0,1332.88,47.6,False
4680,Europe,France,Downstream oil,Downstream,Oil,Other,25.72,1140.0,31920.0,1352.87,48.32,False
4681,Asia Pacific,Australia,Downstream oil,Downstream,Oil,Other,25.82,490.0,13720.0,1358.13,48.5,False
4682,Russia & Caspian,Russia,Downstream oil,Downstream,Oil,Other,27.51,6140.0,171920.0,1447.03,51.68,False
4683,Europe,Other countries in Europe,Downstream oil,Downstream,Oil,Other,28.87,1140.0,31920.0,1518.56,54.23,False
4684,Europe,Denmark,Downstream oil,Downstream,Oil,Other,29.48,100.0,2800.0,1550.65,55.38,False
4685,North America,United States,Downstream oil,Downstream,Oil,Other,29.76,18750.0,525000.0,1565.38,55.91,False
4686,Asia Pacific,New Zealand,Downstream oil,Downstream,Oil,Other,30.58,10.0,280.0,1608.51,57.45,False
4687,Europe,Netherlands,Downstream oil,Downstream,Oil,Other,56.48,10.0,280.0,2970.85,106.1,False
4688,Europe,Ukraine,Onshore conventional gas,Upstream,Gas,Monitor and plug abandoned wells,63.97,72440.0,2028320.0,3364.82,120.17,False
4689,Europe,Ukraine,Onshore conventional oil,Upstream,Oil,Monitor and plug abandoned wells,63.97,12750.0,357000.0,3364.82,120.17,False
4690,Russia & Caspian,Azerbaijan,Onshore conventional oil,Upstream,Oil,Monitor and plug abandoned wells,63.99,9610.0,269080.0,3365.87,120.21,False
4691,Russia & Caspian,Azerbaijan,Onshore conventional gas,Upstream,Gas,Monitor and plug abandoned wells,63.99,1440.0,40320.0,3365.87,120.21,False
4692,Africa,Angola,Onshore conventional oil,Upstream,Oil,Monitor and plug abandoned wells,64.57,230.0,6440.0,3396.38,121.3,False
4693,Africa,Angola,Onshore conventional gas,Upstream,Gas,Monitor and plug abandoned wells,64.57,40.0,1120.0,3396.38,121.3,False
4694,Africa,Congo,Onshore conventional oil,Upstream,Oil,Monitor and plug abandoned wells,64.57,50.0,1400.0,3396.38,121.3,False
4695,Africa,Democratic Republic of Congo,Onshore conventional oil,Upstream,Oil,Monitor and plug abandoned wells,64.57,90.0,2520.0,3396.38,121.3,False
4696,Africa,Sudan,Onshore conventional oil,Upstream,Oil,Monitor and plug abandoned wells,64.57,160.0,4480.0,3396.38,121.3,False
4697,Africa,South Sudan,Onshore conventional oil,Upstream,Oil,Monitor and plug abandoned wells,64.57,610.0,17080.0,3396.38,121.3,False
4698,Russia & Caspian,Turkmenistan,Onshore conventional oil,Upstream,Oil,Monitor and plug abandoned wells,65.14,24640.0,689920.0,3426.36,122.37,False
4699,Russia & Caspian,Turkmenistan,Onshore conventional gas,Upstream,Gas,Monitor and plug abandoned wells,65.14,192520.0,5390560.0,3426.36,122.37,False
4700,Other,Other,Onshore conventional gas,Upstream,Gas,Monitor and plug abandoned wells,65.14,190.0,5320.0,3426.36,122.37,False
4701,Other,Other,Onshore conventional oil,Upstream,Oil,Monitor and plug abandoned wells,65.14,530.0,14840.0,3426.36,122.37,False
4702,Asia Pacific,Other countries in Southeast Asia,Onshore conventional oil,Upstream,Oil,Monitor and plug abandoned wells,65.21,1390.0,38920.0,3430.05,122.5,False
4703,Asia Pacific,Other countries in Southeast Asia,Onshore conventional gas,Upstream,Gas,Monitor and plug abandoned wells,65.21,2420.0,67760.0,3430.05,122.5,False
4704,Asia Pacific,Malaysia,Onshore conventional oil,Upstream,Oil,Monitor and plug abandoned wells,65.21,660.0,18480.0,3430.05,122.5,False
4705,Asia Pacific,Thailand,Onshore conventional oil,Upstream,Oil,Monitor and plug abandoned wells,65.21,1180.0,33040.0,3430.05,122.5,False
4706,Asia Pacific,Thailand,Onshore conventional gas,Upstream,Gas,Monitor and plug abandoned wells,65.21,1190.0,33320.0,3430.05,122.5,False
4707,Asia Pacific,Brunei,Onshore conventional gas,Upstream,Gas,Monitor and plug abandoned wells,65.21,570.0,15960.0,3430.05,122.5,False
4708,Asia Pacific,Brunei,Onshore conventional oil,Upstream,Oil,Monitor and plug abandoned wells,65.21,1860.0,52080.0,3430.05,122.5,False
4709,Asia Pacific,Viet Nam,Onshore conventional gas,Upstream,Gas,Monitor and plug abandoned wells,65.21,90.0,2520.0,3430.05,122.5,False
4710,Asia Pacific,Viet Nam,Onshore conventional oil,Upstream,Oil,Monitor and plug abandoned wells,65.21,50.0,1400.0,3430.05,122.5,False
4711,Central and South America,Colombia,Onshore conventional oil,Upstream,Oil,Monitor and plug abandoned wells,65.82,6460.0,180880.0,3462.13,123.65,False
4712,Central and South America,Colombia,Onshore conventional gas,Upstream,Gas,Monitor and plug abandoned wells,65.82,1260.0,35280.0,3462.13,123.65,False
4713,Russia & Caspian,Kazakhstan,Onshore conventional oil,Upstream,Oil,Monitor and plug abandoned wells,66.29,7510.0,210280.0,3486.85,124.53,False
4714,Russia & Caspian,Kazakhstan,Onshore conventional gas,Upstream,Gas,Monitor and plug abandoned wells,66.29,3490.0,97720.0,3486.85,124.53,False
4715,Other,Other,Onshore conventional oil,Upstream,Oil,Monitor and plug abandoned wells,69.3,170.0,4760.0,3645.18,130.18,False
4716,Other,Other,Onshore conventional gas,Upstream,Gas,Monitor and plug abandoned wells,69.3,240.0,6720.0,3645.18,130.18,False
4717,Central and South America,Brazil,Onshore conventional oil,Upstream,Oil,Monitor and plug abandoned wells,69.35,4320.0,120960.0,3647.81,130.28,False
4718,Central and South America,Brazil,Onshore conventional gas,Upstream,Gas,Monitor and plug abandoned wells,69.35,1420.0,39760.0,3647.81,130.28,False
4719,North America,Mexico,Onshore conventional gas,Upstream,Gas,Monitor and plug abandoned wells,71.12,4800.0,134400.0,3740.91,133.6,False
4720,North America,Mexico,Onshore conventional oil,Upstream,Oil,Monitor and plug abandoned wells,71.12,7540.0,211120.0,3740.91,133.6,False
4721,Europe,Other countries in Europe,Onshore conventional gas,Upstream,Gas,Monitor and plug abandoned wells,72.88,1190.0,33320.0,3833.49,136.91,False
4722,Europe,Other countries in Europe,Onshore conventional oil,Upstream,Oil,Monitor and plug abandoned wells,72.88,4070.0,113960.0,3833.49,136.91,False
4723,Russia & Caspian,Uzbekistan,Onshore conventional oil,Upstream,Oil,Monitor and plug abandoned wells,72.91,5940.0,166320.0,3835.07,136.97,False
4724,Russia & Caspian,Uzbekistan,Onshore conventional gas,Upstream,Gas,Monitor and plug abandoned wells,72.91,71690.0,2007320.0,3835.07,136.97,False
4725,Middle East,Yemen,Onshore conventional oil,Upstream,Oil,Monitor and plug abandoned wells,73.19,22280.0,623840.0,3849.79,137.49,False
4726,Middle East,Oman,Onshore conventional gas,Upstream,Gas,Monitor and plug abandoned wells,73.19,920.0,25760.0,3849.79,137.49,False
4727,Middle East,Oman,Onshore conventional oil,Upstream,Oil,Monitor and plug abandoned wells,73.19,4850.0,135800.0,3849.79,137.49,False
4728,Middle East,United Arab Emirates,Onshore conventional gas,Upstream,Gas,Monitor and plug abandoned wells,73.19,2180.0,61040.0,3849.79,137.49,False
4729,Middle East,United Arab Emirates,Onshore conventional oil,Upstream,Oil,Monitor and plug abandoned wells,73.19,4890.0,136920.0,3849.79,137.49,False
4730,Middle East,Syria,Onshore conventional gas,Upstream,Gas,Monitor and plug abandoned wells,73.19,3110.0,87080.0,3849.79,137.49,False
4731,Middle East,Syria,Onshore conventional oil,Upstream,Oil,Monitor and plug abandoned wells,73.19,16690.0,467320.0,3849.79,137.49,False
4732,Middle East,Saudi Arabia,Onshore conventional gas,Upstream,Gas,Monitor and plug abandoned wells,73.19,1900.0,53200.0,3849.79,137.49,False
4733,Middle East,Saudi Arabia,Unconventional gas,Upstream,Gas,Monitor and plug abandoned wells,73.19,60.0,1680.0,3849.79,137.49,False
4734,Middle East,Saudi Arabia,Onshore conventional oil,Upstream,Oil,Monitor and plug abandoned wells,73.19,26310.0,736680.0,3849.79,137.49,False
4735,Middle East,Qatar,Onshore conventional oil,Upstream,Oil,Monitor and plug abandoned wells,73.19,2330.0,65240.0,3849.79,137.49,False
4736,Middle East,Qatar,Onshore conventional gas,Upstream,Gas,Monitor and plug abandoned wells,73.19,480.0,13440.0,3849.79,137.49,False
4737,Middle East,Bahrain,Onshore conventional gas,Upstream,Gas,Monitor and plug abandoned wells,73.19,1280.0,35840.0,3849.79,137.49,False
4738,Middle East,Bahrain,Onshore conventional oil,Upstream,Oil,Monitor and plug abandoned wells,73.19,1910.0,53480.0,3849.79,137.49,False
4739,Middle East,Jordan,Onshore conventional gas,Upstream,Gas,Monitor and plug abandoned wells,73.19,50.0,1400.0,3849.79,137.49,False
4740,Middle East,Kuwait,Onshore conventional gas,Upstream,Gas,Monitor and plug abandoned wells,73.19,1800.0,50400.0,3849.79,137.49,False
4741,Middle East,Kuwait,Onshore conventional oil,Upstream,Oil,Monitor and plug abandoned wells,73.19,21360.0,598080.0,3849.79,137.49,False
4742,Middle East,Iraq,Onshore conventional oil,Upstream,Oil,Monitor and plug abandoned wells,73.19,16760.0,469280.0,3849.79,137.49,False
4743,Middle East,Iraq,Onshore conventional gas,Upstream,Gas,Monitor and plug abandoned wells,73.19,650.0,18200.0,3849.79,137.49,False
4744,Middle East,Iran,Onshore conventional gas,Upstream,Gas,Monitor and plug abandoned wells,73.19,6680.0,187040.0,3849.79,137.49,False
4745,Middle East,Iran,Onshore conventional oil,Upstream,Oil,Monitor and plug abandoned wells,73.19,33980.0,951440.0,3849.79,137.49,False
4746,Africa,Libya,Onshore conventional oil,Upstream,Oil,Monitor and plug abandoned wells,74.75,10040.0,281120.0,3931.85,140.42,False
4747,Africa,Libya,Onshore conventional gas,Upstream,Gas,Monitor and plug abandoned wells,74.75,830.0,23240.0,3931.85,140.42,False
4748,Africa,Egypt,Onshore conventional gas,Upstream,Gas,Monitor and plug abandoned wells,74.75,1600.0,44800.0,3931.85,140.42,False
4749,Africa,Egypt,Onshore conventional oil,Upstream,Oil,Monitor and plug abandoned wells,74.75,3420.0,95760.0,3931.85,140.42,False
4750,Africa,Algeria,Onshore conventional oil,Upstream,Oil,Monitor and plug abandoned wells,74.75,13130.0,367640.0,3931.85,140.42,False
4751,Africa,Algeria,Onshore conventional gas,Upstream,Gas,Monitor and plug abandoned wells,74.75,14110.0,395080.0,3931.85,140.42,False
4752,Africa,Tunisia,Onshore conventional oil,Upstream,Oil,Monitor and plug abandoned wells,74.75,800.0,22400.0,3931.85,140.42,False
4753,Africa,Tunisia,Onshore conventional gas,Upstream,Gas,Monitor and plug abandoned wells,74.75,140.0,3920.0,3931.85,140.42,False
4754,Africa,Morocco,Onshore conventional oil,Upstream,Oil,Monitor and plug abandoned wells,74.75,20.0,560.0,3931.85,140.42,False
4755,Africa,Morocco,Onshore conventional gas,Upstream,Gas,Monitor and plug abandoned wells,74.75,10.0,280.0,3931.85,140.42,False
4756,Other,Other,Onshore conventional oil,Upstream,Oil,Monitor and plug abandoned wells,76.42,1910.0,53480.0,4019.69,143.56,False
4757,Other,Other,Onshore conventional gas,Upstream,Gas,Monitor and plug abandoned wells,76.42,3760.0,105280.0,4019.69,143.56,False
4758,Asia Pacific,China,Onshore conventional gas,Upstream,Gas,Monitor and plug abandoned wells,77.0,4230.0,118440.0,4050.2,144.65,False
4759,Asia Pacific,China,Unconventional gas,Upstream,Gas,Monitor and plug abandoned wells,77.0,4830.0,135240.0,4050.2,144.65,False
4760,Asia Pacific,China,Unconventional oil,Upstream,Oil,Monitor and plug abandoned wells,77.0,10.0,280.0,4050.2,144.65,False
4761,Asia Pacific,China,Onshore conventional oil,Upstream,Oil,Monitor and plug abandoned wells,77.0,21190.0,593320.0,4050.2,144.65,False
4762,Europe,Other EU7 countries,Onshore conventional gas,Upstream,Gas,Monitor and plug abandoned wells,78.12,390.0,10920.0,4109.11,146.75,False
4763,Europe,Other EU7 countries,Onshore conventional oil,Upstream,Oil,Monitor and plug abandoned wells,78.12,710.0,19880.0,4109.11,146.75,False
4764,Asia Pacific,India,Onshore conventional oil,Upstream,Oil,Monitor and plug abandoned wells,79.13,23740.0,664720.0,4162.24,148.65,False
4765,Asia Pacific,India,Onshore conventional gas,Upstream,Gas,Monitor and plug abandoned wells,79.13,7750.0,217000.0,4162.24,148.65,False
4766,Asia Pacific,Bangladesh,Onshore conventional gas,Upstream,Gas,Monitor and plug abandoned wells,79.98,5180.0,145040.0,4206.95,150.25,False
4767,Asia Pacific,Bangladesh,Onshore conventional oil,Upstream,Oil,Monitor and plug abandoned wells,79.98,90.0,2520.0,4206.95,150.25,False
4768,Asia Pacific,Pakistan,Onshore conventional gas,Upstream,Gas,Monitor and plug abandoned wells,79.98,27160.0,760480.0,4206.95,150.25,False
4769,Asia Pacific,Pakistan,Onshore conventional oil,Upstream,Oil,Monitor and plug abandoned wells,79.98,3080.0,86240.0,4206.95,150.25,False
4770,Asia Pacific,Indonesia,Onshore conventional oil,Upstream,Oil,Monitor and plug abandoned wells,80.34,56700.0,1587600.0,4225.88,150.92,False
4771,Asia Pacific,Indonesia,Onshore conventional gas,Upstream,Gas,Monitor and plug abandoned wells,80.34,37670.0,1054760.0,4225.88,150.92,False
4772,Europe,Poland,Onshore conventional oil,Upstream,Oil,Monitor and plug abandoned wells,80.56,130.0,3640.0,4237.46,151.34,False
4773,Europe,Poland,Onshore conventional gas,Upstream,Gas,Monitor and plug abandoned wells,80.56,2160.0,60480.0,4237.46,151.34,False
4774,Central and South America,Trinidad and Tobago,Onshore conventional oil,Upstream,Oil,Monitor and plug abandoned wells,81.31,800.0,22400.0,4276.91,152.75,False
4775,Central and South America,Trinidad and Tobago,Onshore conventional gas,Upstream,Gas,Monitor and plug abandoned wells,81.31,380.0,10640.0,4276.91,152.75,False
4776,Central and South America,Peru,Onshore conventional gas,Upstream,Gas,Monitor and plug abandoned wells,81.31,40.0,1120.0,4276.91,152.75,False
4777,Central and South America,Peru,Onshore conventional oil,Upstream,Oil,Monitor and plug abandoned wells,81.31,4150.0,116200.0,4276.91,152.75,False
4778,Other,Other,Onshore conventional oil,Upstream,Oil,Monitor and plug abandoned wells,81.31,170.0,4760.0,4276.91,152.75,False
4779,Central and South America,Ecuador,Onshore conventional oil,Upstream,Oil,Monitor and plug abandoned wells,81.31,7090.0,198520.0,4276.91,152.75,False
4780,Central and South America,Bolivia,Onshore conventional gas,Upstream,Gas,Monitor and plug abandoned wells,81.31,1080.0,30240.0,4276.91,152.75,False
4781,Central and South America,Bolivia,Onshore conventional oil,Upstream,Oil,Monitor and plug abandoned wells,81.31,570.0,15960.0,4276.91,152.75,False
4782,Central and South America,Argentina,Unconventional oil,Upstream,Oil,Monitor and plug abandoned wells,81.31,1570.0,43960.0,4276.91,152.75,False
4783,Central and South America,Argentina,Onshore conventional oil,Upstream,Oil,Monitor and plug abandoned wells,81.31,7170.0,200760.0,4276.91,152.75,False
4784,Central and South America,Argentina,Onshore conventional gas,Upstream,Gas,Monitor and plug abandoned wells,81.31,6770.0,189560.0,4276.91,152.75,False
4785,Central and South America,Argentina,Unconventional gas,Upstream,Gas,Monitor and plug abandoned wells,81.31,2110.0,59080.0,4276.91,152.75,False
4786,Central and South America,Cuba,Onshore conventional oil,Upstream,Oil,Monitor and plug abandoned wells,81.31,290.0,8120.0,4276.91,152.75,False
4787,Central and South America,Cuba,Onshore conventional gas,Upstream,Gas,Monitor and plug abandoned wells,81.31,60.0,1680.0,4276.91,152.75,False
4788,Central and South America,Venezuela,Onshore conventional oil,Upstream,Oil,Monitor and plug abandoned wells,81.31,53710.0,1503880.0,4276.91,152.75,False
4789,Central and South America,Venezuela,Onshore conventional gas,Upstream,Gas,Monitor and plug abandoned wells,81.31,11940.0,334320.0,4276.91,152.75,False
4790,Europe,Estonia,Onshore conventional oil,Upstream,Oil,Monitor and plug abandoned wells,87.76,110.0,3080.0,4616.18,164.86,False
4791,Europe,Slovenia,Onshore conventional gas,Upstream,Gas,Monitor and plug abandoned wells,100.15,10.0,280.0,5267.89,188.14,False
4792,Asia Pacific,New Zealand,Onshore conventional oil,Upstream,Oil,Monitor and plug abandoned wells,100.5,70.0,1960.0,5286.3,188.8,False
4793,Asia Pacific,New Zealand,Onshore conventional gas,Upstream,Gas,Monitor and plug abandoned wells,100.5,160.0,4480.0,5286.3,188.8,False
4794,Europe,Italy,Onshore conventional gas,Upstream,Gas,Monitor and plug abandoned wells,112.69,1130.0,31640.0,5927.49,211.7,False
4795,Europe,Italy,Onshore conventional oil,Upstream,Oil,Monitor and plug abandoned wells,112.69,290.0,8120.0,5927.49,211.7,False
4796,Europe,Other EU17 countries,Onshore conventional oil,Upstream,Oil,Monitor and plug abandoned wells,113.4,1350.0,37800.0,5964.84,213.03,False
4797,Europe,Other EU17 countries,Onshore conventional gas,Upstream,Gas,Monitor and plug abandoned wells,113.4,2920.0,81760.0,5964.84,213.03,False
4798,Europe,United Kingdom,Onshore conventional gas,Upstream,Gas,Monitor and plug abandoned wells,113.48,40.0,1120.0,5969.05,213.18,False
4799,Europe,United Kingdom,Onshore conventional oil,Upstream,Oil,Monitor and plug abandoned wells,113.48,260.0,7280.0,5969.05,213.18,False
4800,North America,Canada,Onshore conventional oil,Upstream,Oil,Monitor and plug abandoned wells,116.71,39020.0,1092560.0,6138.95,219.25,False
4801,North America,Canada,Unconventional oil,Upstream,Oil,Monitor and plug abandoned wells,116.71,11820.0,330960.0,6138.95,219.25,False
4802,North America,Canada,Unconventional gas,Upstream,Gas,Monitor and plug abandoned wells,116.71,5270.0,147560.0,6138.95,219.25,False
4803,North America,Canada,Onshore conventional gas,Upstream,Gas,Monitor and plug abandoned wells,116.71,64970.0,1819160.0,6138.95,219.25,False
4804,Europe,Romania,Onshore conventional gas,Upstream,Gas,Monitor and plug abandoned wells,119.97,33110.0,927080.0,6310.42,225.37,False
4805,Europe,Romania,Onshore conventional oil,Upstream,Oil,Monitor and plug abandoned wells,119.97,15550.0,435400.0,6310.42,225.37,False
4806,North America,United States,Onshore conventional gas,Upstream,Gas,Monitor and plug abandoned wells,129.11,279830.0,7835240.0,6791.19,242.54,False
4807,North America,United States,Unconventional gas,Upstream,Gas,Monitor and plug abandoned wells,129.11,469120.0,13135360.0,6791.19,242.54,False
4808,North America,United States,Onshore conventional oil,Upstream,Oil,Monitor and plug abandoned wells,129.11,199380.0,5582640.0,6791.19,242.54,False
4809,North America,United States,Unconventional oil,Upstream,Oil,Monitor and plug abandoned wells,129.11,151080.0,4230240.0,6791.19,242.54,False
4810,Asia Pacific,Australia,Unconventional gas,Upstream,Gas,Monitor and plug abandoned wells,130.44,10.0,280.0,6861.14,245.04,False
4811,Asia Pacific,Australia,Onshore conventional gas,Upstream,Gas,Monitor and plug abandoned wells,130.44,2540.0,71120.0,6861.14,245.04,False
4812,Asia Pacific,Australia,Onshore conventional oil,Upstream,Oil,Monitor and plug abandoned wells,130.44,970.0,27160.0,6861.14,245.04,False
4813,Europe,Germany,Onshore conventional oil,Upstream,Oil,Monitor and plug abandoned wells,131.37,600.0,16800.0,6910.06,246.79,False
4814,Europe,Germany,Onshore conventional gas,Upstream,Gas,Monitor and plug abandoned wells,131.37,2530.0,70840.0,6910.06,246.79,False
4815,Europe,France,Onshore conventional gas,Upstream,Gas,Monitor and plug abandoned wells,133.76,1180.0,33040.0,7035.78,251.28,False
4816,Europe,France,Onshore conventional oil,Upstream,Oil,Monitor and plug abandoned wells,133.76,460.0,12880.0,7035.78,251.28,False
4817,Europe,Netherlands,Onshore conventional oil,Upstream,Oil,Monitor and plug abandoned wells,136.75,40.0,1120.0,7193.05,256.89,False
4818,Europe,Netherlands,Onshore conventional gas,Upstream,Gas,Monitor and plug abandoned wells,136.75,1940.0,54320.0,7193.05,256.89,False
4819,Europe,Denmark,Onshore conventional oil,Upstream,Oil,Monitor and plug abandoned wells,143.72,20.0,560.0,7559.67,269.99,False
4820,Russia & Caspian,Russia,Onshore conventional gas,Upstream,Gas,Monitor and plug abandoned wells,144.54,249960.0,6998880.0,7602.8,271.53,False
4821,Russia & Caspian,Russia,Onshore conventional oil,Upstream,Oil,Monitor and plug abandoned wells,144.54,172950.0,4842600.0,7602.8,271.53,False
4822,Europe,Other countries in Europe,Onshore conventional gas,Upstream,Gas,Monitor and plug abandoned wells,147.01,100.0,2800.0,7732.73,276.17,False
4823,Europe,Other countries in Europe,Onshore conventional oil,Upstream,Oil,Monitor and plug abandoned wells,147.01,1480.0,41440.0,7732.73,276.17,False
