Purchasing_Document,Item,Document_Date,Supplier,Material,Short_Text,Plant,PO_Qty,Order_Unit,Net_Price,Price_Unit,Currency,Delivery_Date,Net_Order_Value
4500905,10,2022-01-01,2000115,40000108,ACETONE,1020,36590.0,KG,976.02,1000,USD,16.01.2022,35712.57
4500684,10,02.01.2022,2000117,40000106,TRIMETHYLOLPROPANE,1020,29920.0,KG,2601.45,1000,USD,15.01.2022,77835.38
4502048,10,03.01.2022,2000103,10000103,TEREPHTHALIC ACID PURIFIED,1010,45510.0,KG,931.38,1000,USD,14.01.2022,42387.1
4501687,10,03.01.2022,2000101,10000101,PROPYLENE POLYMER GRADE,1010,260100.0,KG,1100.93,1000,USD,15.01.2022,286351.89
4501237,10,2022-01-03,2000115,40000110,ISOPROPYL ALCOHOL,1020,37540.0,KG,1147.73,1000,USD,13.01.2022,43085.78
4504379,10,04.01.2022,2000113,10000210,BUTAN-1-OL,1020,86530.0,KG,1712.59,1000,USD,13.01.2022,148190.41
4500587,10,05.01.2022,2000117,40000105,NEOPENTYL GLYCOL FLAKES,1020,25240.0,KG,2135.99,1000,USD,10.01.2022,53912.39
4502992,10,05.01.2022,2000107,10000201,ACRYLIC ACID GLACIAL,1020,98210.0,KG,2329.4,1000,USD,10.01.2022,228770.37
4501459,10,05.01.2022,2000119,40000111,EPOXIDIZED SOYBEAN OIL,1020,31630.0,KG,2070.02,1000,USD,19.01.2022,65474.73
4501239,10,06.01.2022,2000115,40000110,ISOPROPYL ALCOHOL,1020,37540.0,KG,1113.09,1000,USD,26.01.2022,41785.4
4502991,10,06.01.2022,2000107,10000201,ACRYLIC ACID GLACIAL,1020,98210.0,KG,2471.32,1000,USD,21.01.2022,242708.34
4502467,10,07.01.2022,2000103,10000105,PHTHALIC ANHYDRIDE,1010,32120.0,KG,1104.44,1000,USD,26.01.2022,35474.61
4504094,10,07.01.2022,2000108,10000208,SODIUM HYDROXIDE 50% SOLUTION,1020,320.0,KG,540.05,1000,USD,20.01.2022,172.82
4500685,10,2022-01-07,2000117,40000106,TRIMETHYLOLPROPANE,1020,29920.0,KG,2601.37,1000,USD,18.01.2022,77832.99
4501238,10,08.01.2022,2000115,40000110,ISOPROPYL ALCOHOL,1020,37540.0,KG,1131.54,1000,USD,25.01.2022,42478.01
4504378,10,08.01.2022,2000113,10000210,BUTAN-1-OL,1020,86530.0,KG,1684.35,1000,USD,14.01.2022,145746.81
4502050,10,08.01.2022,2000103,10000103,TEREPHTHALIC ACID PURIFIED,1010,45510.0,KG,938.96,1000,USD,17.01.2022,42732.07
4503740,10,08.01.2022,2000111,10000206,METHANOL,1020,26030.0,KG,441.66,1000,USD,25.01.2022,11496.41
4503331,10,09.01.2022,2000109,10000204,ACETIC ACID GLACIAL,1020,41670.0,KG,894.14,1000,USD,27.01.2022,37258.81
4500404,10,10.01.2022,2000116,40000104,MONOPROPYLENE GLYCOL USP,1020,31370.0,KG,1913.06,1000,USD,25.01.2022,60012.69
4500779,10,11.01.2022,2000118,40000107,METHYL METHACRYLATE,1020,31140.0,KG,2154.64,1000,USD,25.01.2022,67095.49
4502989,10,2022-01-11,2000107,10000201,ACRYLIC ACID GLACIAL,1020,98210.0,KG,2436.59,1000,USD,25.01.2022,239297.5
4501106,10,11.01.2022,2000115,40000109,METHYL ETHYL KETONE,1020,11260.0,KG,1446.46,1000,USD,16.01.2022,16287.14
4502932,10,11.01.2022,2000106,10000108,TETRAISOPROPYL TITANATE CATALYST,1010,970.0,KG,8792.95,1000,USD,18.01.2022,8529.16
4504377,10,11.01.2022,2000113,10000210,BUTAN-1-OL,1020,86530.0,KG,1717.58,1000,USD,31.01.2022,148622.2
4500586,10,11.01.2022,2000117,40000105,NEOPENTYL GLYCOL FLAKES,1020,25240.0,KG,2203.03,1000,USD,31.01.2022,55604.48
4503741,10,11.01.2022,2000111,10000206,METHANOL,1020,26030.0,KG,440.96,1000,USD,16.01.2022,11478.19
4500184,10,12.01.2022,2000116,40000102,DIETHYLENE GLYCOL,1020,53740.0,KG,1311.05,1000,USD,25.01.2022,70455.83
4503216,10,12.01.2022,2000106,10000202,MEHQ INHIBITOR (4-METHOXYPHENOL),1020,170.0,KG,12101.9,1000,USD,19.01.2022,2057.32
4503558,10,12.01.2022,2000110,10000205,ETHANOL ANHYDROUS,1020,34440.0,KG,799.3,1000,USD,26.01.2022,27527.89
4500185,10,13.01.2022,2000116,40000102,DIETHYLENE GLYCOL,1020,53740.0,KG,1231.64,1000,USD,28.01.2022,66188.33
4500780,10,2022-01-14,2000118,40000107,METHYL METHACRYLATE,1020,31140.0,KG,2154.37,1000,USD,02.02.2022,67087.08
4502051,10,14.01.2022,2000103,10000103,TEREPHTHALIC ACID PURIFIED,1010,45510.0,KG,956.67,1000,USD,24.01.2022,43538.05
4500186,10,14.01.2022,2000116,40000102,DIETHYLENE GLYCOL,1020,53740.0,KG,1250.01,1000,USD,23.01.2022,67175.54
4500406,10,15.01.2022,2000116,40000104,MONOPROPYLENE GLYCOL USP,1020,31370.0,KG,1910.04,1000,USD,31.01.2022,59917.95
4504153,10,15.01.2022,2000113,10000209,OCTANOL 2-ETHYL TECH GRADE,1020,72800.0,KG,1886.81,1000,USD,26.01.2022,137359.77
4502651,10,15.01.2022,2000105,10000106,ADIPIC ACID,1010,27650.0,KG,2105.38,1000,USD,26.01.2022,58213.76
4501915,10,15.01.2022,2000102,10000102,HYDROGEN,1010,37900.0,KG,1985.58,1000,USD,27.01.2022,75253.48
4500405,10,16.01.2022,2000116,40000104,MONOPROPYLENE GLYCOL USP,1020,31370.0,KG,1850.23,1000,USD,25.01.2022,58041.72
4504154,10,16.01.2022,2000113,10000209,OCTANOL 2-ETHYL TECH GRADE,1020,72800.0,KG,1818.13,1000,USD,25.01.2022,132359.86
4504376,10,16.01.2022,2000113,10000210,BUTAN-1-OL,1020,86530.0,KG,1707.09,1000,USD,23.01.2022,147714.5
4502250,10,16.01.2022,2000104,10000104,ISONONANOL,1010,32460.0,KG,1350.74,1000,USD,27.01.2022,43845.02
4500187,10,16.01.2022,2000116,40000102,DIETHYLENE GLYCOL,1020,53740.0,KG,1239.81,1000,USD,28.01.2022,66627.39
4500001,10,16.01.2022,2000116,40000101,MONOETHYLENE GLYCOL,1020,36260.0,KG,1087.96,1000,USD,23.01.2022,39449.43
4500002,10,16.01.2022,2000116,40000101,MONOETHYLENE GLYCOL,1020,36260.0,KG,1120.33,1000,USD,29.01.2022,40623.17
4504604,10,17.01.2022,2000115,10000109,CLEANING SOLVENT - GLYCOL ETHER,1010,3200.0,KG,1931.23,1000,USD,23.01.2022,6179.94
4502253,10,17.01.2022,2000104,10000104,ISONONANOL,1010,32460.0,KG,1380.1,1000,USD,26.01.2022,44798.05
4502251,10,2022-01-18,2000104,10000104,ISONONANOL,1010,32460.0,KG,1345.57,1000,USD,24.01.2022,43677.2
4500778,10,18.01.2022,2000118,40000107,METHYL METHACRYLATE,1020,31140.0,KG,2073.24,1000,USD,03.02.2022,64560.69
4501688,10,18.01.2022,2000101,10000101,PROPYLENE POLYMER GRADE,1010,260100.0,KG,1073.44,1000,USD,27.01.2022,279201.74
4504151,10,18.01.2022,2000114,10000209,OCTANOL 2-ETHYL TECH GRADE,1020,72800.0,KG,1937.52,1000,USD,03.02.2022,141051.46
4503877,10,19.01.2022,2000112,10000207,PROPYLENE OXIDE,1020,30200.0,KG,1701.45,1000,USD,06.02.2022,51383.79
4500407,10,20.01.2022,2000116,40000104,MONOPROPYLENE GLYCOL USP,1020,31370.0,KG,1917.05,1000,USD,28.01.2022,60137.86
4502652,10,20.01.2022,2000105,10000106,ADIPIC ACID,1010,27650.0,KG,2186.7,1000,USD,26.01.2022,60462.25
4502466,10,20.01.2022,2000103,10000105,PHTHALIC ANHYDRIDE,1010,32120.0,KG,1051.69,1000,USD,05.02.2022,33780.28
4501461,10,20.01.2022,2000119,40000111,EPOXIDIZED SOYBEAN OIL,1020,31630.0,KG,1992.3,1000,USD,26.01.2022,63016.45
4501689,10,20.01.2022,2000101,10000101,PROPYLENE POLYMER GRADE,1010,260100.0,KG,1121.54,1000,USD,08.02.2022,291712.55
4501914,10,20.01.2022,2000101,10000102,HYDROGEN,1010,37900.0,KG,1994.19,1000,USD,30.01.2022,75579.8
4500003,10,21.01.2022,2000116,40000101,MONOETHYLENE GLYCOL,1020,36260.0,KG,1064.43,1000,USD,31.01.2022,38596.23
4502049,10,21.01.2022,2000103,10000103,TEREPHTHALIC ACID PURIFIED,1010,45510.0,KG,950.65,1000,USD,28.01.2022,43264.08
4502653,10,21.01.2022,2000105,10000106,ADIPIC ACID,1010,27650.0,KG,2095.94,1000,USD,03.02.2022,57952.74
4503332,10,21.01.2022,2000109,10000204,ACETIC ACID GLACIAL,1020,41670.0,KG,895.35,1000,USD,28.01.2022,37309.23
4503273,10,21.01.2022,2000108,10000203,SULFURIC ACID 98%,1020,5620.0,KG,122.26,1000,USD,29.01.2022,687.1
4500906,10,23.01.2022,2000115,40000108,ACETONE,1020,36590.0,KG,994.79,1000,USD,10.02.2022,36399.37
4503330,10,23.01.2022,2000109,10000204,ACETIC ACID GLACIAL,1020,41670.0,KG,895.88,1000,USD,11.02.2022,37331.32
4502990,10,24.01.2022,2000107,10000201,ACRYLIC ACID GLACIAL,1020,98210.0,KG,2412.54,1000,USD,01.02.2022,236935.55
4501460,10,24.01.2022,2000119,40000111,EPOXIDIZED SOYBEAN OIL,1020,31630.0,KG,2005.89,1000,USD,06.02.2022,63446.3
4500357,10,24.01.2022,2000116,40000103,TRIETHYLENE GLYCOL,1020,6890.0,KG,1705.03,1000,USD,10.02.2022,11747.66
4502252,10,24.01.2022,2000104,10000104,ISONONANOL,1010,32460.0,KG,1359.71,1000,USD,03.02.2022,44136.19
4503880,10,24.01.2022,2000112,10000207,PROPYLENE OXIDE,1020,30200.0,KG,1844.94,1000,USD,09.02.2022,55717.19
4500683,10,25.01.2022,2000117,40000106,TRIMETHYLOLPROPANE,1020,29920.0,KG,2622.78,1000,USD,11.02.2022,78473.58
4503879,10,25.01.2022,2000112,10000207,PROPYLENE OXIDE,1020,30200.0,KG,1756.39,1000,USD,09.02.2022,53042.98
4503333,10,27.01.2022,2000109,10000204,ACETIC ACID GLACIAL,1020,41670.0,KG,876.33,1000,USD,09.02.2022,36516.67
4501686,10,27.01.2022,2000101,10000101,PROPYLENE POLYMER GRADE,1010,260100.0,KG,1071.07,1000,USD,03.02.2022,278585.31
4503878,10,27.01.2022,2000112,10000207,PROPYLENE OXIDE,1020,30200.0,KG,1856.1,1000,USD,13.02.2022,56054.22
4502800,10,27.01.2022,2000105,10000107,TRIMELLITIC ANHYDRIDE,1010,37350.0,KG,2569.09,1000,USD,06.02.2022,95955.51
4501240,10,27.01.2022,2000115,40000110,ISOPROPYL ALCOHOL,1020,37540.0,KG,1145.45,1000,USD,12.02.2022,43000.19
4504152,10,2022-01-27,2000114,10000209,OCTANOL 2-ETHYL TECH GRADE,1020,72800.0,KG,1950.25,1000,USD,15.02.2022,141978.2
4501458,10,27.01.2022,2000119,40000111,EPOXIDIZED SOYBEAN OIL,1020,31630.0,KG,1965.84,1000,USD,09.02.2022,62179.52
4504381,10,01.02.2022,2000114,10000210,BUTAN-1-OL,1020,40380.0,KG,1799.99,1000,USD,15.02.2022,72683.6
4501463,10,01.02.2022,2000119,40000111,EPOXIDIZED SOYBEAN OIL,1020,51080.0,KG,2063.17,1000,USD,21.02.2022,105386.72
4502801,10,2022-02-02,2000105,10000107,TRIMELLITIC ANHYDRIDE,1010,27290.0,KG,2684.27,1000,USD,20.02.2022,73253.73
4503882,10,02.02.2022,2000112,10000207,PROPYLENE OXIDE,1020,39130.0,KG,1783.17,1000,USD,18.02.2022,69775.44
4503335,10,02.02.2022,2000109,10000204,ACETIC ACID GLACIAL,1020,76120.0,KG,907.82,1000,USD,10.02.2022,69103.26
4502053,10,03.02.2022,2000103,10000103,TEREPHTHALIC ACID PURIFIED,1010,37380.0,KG,984.37,1000,USD,22.02.2022,36795.75
4504157,10,03.02.2022,2000113,10000209,OCTANOL 2-ETHYL TECH GRADE,1020,62350.0,KG,1866.09,1000,USD,22.02.2022,116350.71
4501693,10,03.02.2022,2000101,10000101,PROPYLENE POLYMER GRADE,1010,248860.0,KG,1137.63,1000,USD,08.02.2022,283110.6
4504383,10,04.02.2022,2000114,10000210,BUTAN-1-OL,1020,40380.0,KG,1815.85,1000,USD,11.02.2022,73324.02
4500006,10,04.02.2022,2000116,40000101,MONOETHYLENE GLYCOL,1020,30280.0,KG,1132.34,1000,USD,18.02.2022,34287.26
4504155,10,04.02.2022,2000113,10000209,OCTANOL 2-ETHYL TECH GRADE,1020,62350.0,KG,1922.26,1000,USD,16.02.2022,119852.91
4503561,10,05.02.2022,2000110,10000205,ETHANOL ANHYDROUS,1020,37830.0,KG,839.41,1000,USD,13.02.2022,31754.88
4503274,10,05.02.2022,2000108,10000203,SULFURIC ACID 98%,1020,5190.0,KG,123.55,1000,USD,23.02.2022,641.22
4501465,10,05.02.2022,2000119,40000111,EPOXIDIZED SOYBEAN OIL,1020,51080.0,KG,2028.29,1000,USD,19.02.2022,103605.05
4503742,10,06.02.2022,2000111,10000206,METHANOL,1020,32760.0,KG,452.29,1000,USD,16.02.2022,14817.02
4503560,10,06.02.2022,2000110,10000205,ETHANOL ANHYDROUS,1020,37830.0,KG,819.57,1000,USD,15.02.2022,31004.33
4502054,10,06.02.2022,2000103,10000103,TEREPHTHALIC ACID PURIFIED,1010,37380.0,KG,964.7,1000,USD,25.02.2022,36060.49
4501691,10,06.02.2022,2000101,10000101,PROPYLENE POLYMER GRADE,1010,248860.0,KG,1114.79,1000,USD,17.02.2022,277426.64
4500410,10,2022-02-06,2000116,40000104,MONOPROPYLENE GLYCOL USP,1020,38730.0,KG,1966.3,1000,USD,24.02.2022,76154.8
4503883,10,07.02.2022,2000112,10000207,PROPYLENE OXIDE,1020,39130.0,KG,1817.79,1000,USD,14.02.2022,71130.12
4504382,10,07.02.2022,2000113,10000210,BUTAN-1-OL,1020,40380.0,KG,1649.9,1000,USD,21.02.2022,66622.96
4502468,10,08.02.2022,2000103,10000105,PHTHALIC ANHYDRIDE,1010,29650.0,KG,1132.34,1000,USD,18.02.2022,33573.88
4501243,10,08.02.2022,2000115,40000110,ISOPROPYL ALCOHOL,1020,36480.0,KG,1206.29,1000,USD,20.02.2022,44005.46
4504605,10,08.02.2022,2000115,10000109,CLEANING SOLVENT - GLYCOL ETHER,1010,1900.0,KG,1927.76,1000,USD,25.02.2022,3662.74
4504095,10,09.02.2022,2000108,10000208,SODIUM HYDROXIDE 50% SOLUTION,1020,360.0,KG,558.36,1000,USD,17.02.2022,201.01
4500588,10,2022-02-09,2000117,40000105,NEOPENTYL GLYCOL FLAKES,1020,22450.0,KG,2224.2,1000,USD,27.02.2022,49933.29
4501242,10,11.02.2022,2000115,40000110,ISOPROPYL ALCOHOL,1020,36480.0,KG,1169.12,1000,USD,02.03.2022,42649.5
4501917,10,11.02.2022,2000102,10000102,HYDROGEN,1010,39520.0,KG,2027.26,1000,USD,18.02.2022,80117.32
4500409,10,11.02.2022,2000116,40000104,MONOPROPYLENE GLYCOL USP,1020,38730.0,KG,1933.02,1000,USD,23.02.2022,74865.86
4504156,10,12.02.2022,2000114,10000209,OCTANOL 2-ETHYL TECH GRADE,1020,62350.0,KG,1998.36,1000,USD,25.02.2022,124597.75
4502654,10,12.02.2022,2000105,10000106,ADIPIC ACID,1010,32800.0,KG,2189.59,1000,USD,01.03.2022,71818.55
4501108,10,12.02.2022,2000115,40000109,METHYL ETHYL KETONE,1020,29820.0,KG,1490.55,1000,USD,04.03.2022,44448.2
4502255,10,14.02.2022,2000104,10000104,ISONONANOL,1010,27970.0,KG,1354.55,1000,USD,02.03.2022,37886.76
4503337,10,15.02.2022,2000109,10000204,ACETIC ACID GLACIAL,1020,76120.0,KG,922.16,1000,USD,22.02.2022,70194.82
4504380,10,15.02.2022,2000114,10000210,BUTAN-1-OL,1020,40380.0,KG,1779.62,1000,USD,01.03.2022,71861.06
4503881,10,15.02.2022,2000112,10000207,PROPYLENE OXIDE,1020,39130.0,KG,1810.97,1000,USD,07.03.2022,70863.26
4501464,10,16.02.2022,2000119,40000111,EPOXIDIZED SOYBEAN OIL,1020,51080.0,KG,2065.15,1000,USD,22.02.2022,105487.86
4502055,10,2022-02-16,2000103,10000103,TEREPHTHALIC ACID PURIFIED,1010,37380.0,KG,977.46,1000,USD,02.03.2022,36537.45
4502995,10,17.02.2022,2000107,10000201,ACRYLIC ACID GLACIAL,1020,58530.0,KG,2463.59,1000,USD,09.03.2022,144193.92
4501107,10,17.02.2022,2000115,40000109,METHYL ETHYL KETONE,1020,29820.0,KG,1483.18,1000,USD,24.02.2022,44228.43
4500909,10,18.02.2022,2000115,40000108,ACETONE,1020,36210.0,KG,1033.35,1000,USD,27.02.2022,37417.6
4502996,10,18.02.2022,2000107,10000201,ACRYLIC ACID GLACIAL,1020,58530.0,KG,2445.03,1000,USD,27.02.2022,143107.61
4503743,10,2022-02-20,2000111,10000206,METHANOL,1020,32760.0,KG,446.3,1000,USD,25.02.2022,14620.79
4500188,10,20.02.2022,2000116,40000102,DIETHYLENE GLYCOL,1020,30940.0,KG,1292.91,1000,USD,11.03.2022,40002.64
4503217,10,21.02.2022,2000106,10000202,MEHQ INHIBITOR (4-METHOXYPHENOL),1020,110.0,KG,12221.65,1000,USD,09.03.2022,1344.38
4500908,10,21.02.2022,2000115,40000108,ACETONE,1020,36210.0,KG,1031.07,1000,USD,09.03.2022,37335.04
4503336,10,21.02.2022,2000109,10000204,ACETIC ACID GLACIAL,1020,76120.0,KG,931.95,1000,USD,26.02.2022,70940.03
4502994,10,22.02.2022,2000107,10000201,ACRYLIC ACID GLACIAL,1020,58530.0,KG,2463.65,1000,USD,28.02.2022,144197.43
4501244,10,22.02.2022,2000115,40000110,ISOPROPYL ALCOHOL,1020,36480.0,KG,1159.75,1000,USD,08.03.2022,42307.68
4503334,10,22.02.2022,2000109,10000204,ACETIC ACID GLACIAL,1020,76120.0,KG,958.94,1000,USD,10.03.2022,72994.51
4500189,10,2022-02-23,2000116,40000102,DIETHYLENE GLYCOL,1020,30940.0,KG,1311.56,1000,USD,03.03.2022,40579.67
4500686,10,23.02.2022,2000117,40000106,TRIMETHYLOLPROPANE,1020,20640.0,KG,2692.7,1000,USD,06.03.2022,55577.33
4502052,10,2022-02-23,2000103,10000103,TEREPHTHALIC ACID PURIFIED,1010,37380.0,KG,960.13,1000,USD,04.03.2022,35889.66
4502802,10,23.02.2022,2000105,10000107,TRIMELLITIC ANHYDRIDE,1010,27290.0,KG,2712.14,1000,USD,13.03.2022,74014.3
4500781,10,24.02.2022,2000118,40000107,METHYL METHACRYLATE,1020,12690.0,KG,2179.96,1000,USD,11.03.2022,27663.69
4500589,10,24.02.2022,2000117,40000105,NEOPENTYL GLYCOL FLAKES,1020,22450.0,KG,2255.65,1000,USD,15.03.2022,50639.34
4500408,10,2022-02-24,2000116,40000104,MONOPROPYLENE GLYCOL USP,1020,38730.0,KG,1901.24,1000,USD,14.03.2022,73635.03
4501462,10,24.02.2022,2000119,40000111,EPOXIDIZED SOYBEAN OIL,1020,51080.0,KG,2068.22,1000,USD,09.03.2022,105644.68
4502993,10,24.02.2022,2000107,10000201,ACRYLIC ACID GLACIAL,1020,58530.0,KG,2457.37,1000,USD,04.03.2022,143829.87
4504158,10,24.02.2022,2000113,10000209,OCTANOL 2-ETHYL TECH GRADE,1020,62350.0,KG,1847.26,1000,USD,16.03.2022,115176.66
4501916,10,25.02.2022,2000102,10000102,HYDROGEN,1010,39520.0,KG,2075.73,1000,USD,07.03.2022,82032.85
4500907,10,26.02.2022,2000115,40000108,ACETONE,1020,36210.0,KG,1038.11,1000,USD,10.03.2022,37589.96
4501241,10,26.02.2022,2000115,40000110,ISOPROPYL ALCOHOL,1020,36480.0,KG,1206.91,1000,USD,10.03.2022,44028.08
4502933,10,26.02.2022,2000106,10000108,TETRAISOPROPYL TITANATE CATALYST,1010,670.0,KG,8898.16,1000,USD,13.03.2022,5961.77
4501690,10,26.02.2022,2000101,10000101,PROPYLENE POLYMER GRADE,1010,248860.0,KG,1115.22,1000,USD,15.03.2022,277533.65
4502254,10,27.02.2022,2000104,10000104,ISONONANOL,1010,27970.0,KG,1394.58,1000,USD,17.03.2022,39006.4
4500004,10,27.02.2022,2000116,40000101,MONOETHYLENE GLYCOL,1020,30280.0,KG,1136.94,1000,USD,08.03.2022,34426.54
4503559,10,27.02.2022,2000110,10000205,ETHANOL ANHYDROUS,1020,37830.0,KG,827.2,1000,USD,06.03.2022,31292.98
4500005,10,27.02.2022,2000116,40000101,MONOETHYLENE GLYCOL,1020,30280.0,KG,1134.39,1000,USD,07.03.2022,34349.33
4501692,10,27.02.2022,2000101,10000101,PROPYLENE POLYMER GRADE,1010,248860.0,KG,1106.65,1000,USD,11.03.2022,275400.92
4500910,10,2022-03-01,2000115,40000108,ACETONE,1020,37600.0,KG,1046.82,1000,USD,07.03.2022,39360.43
4504385,10,02.03.2022,2000113,10000210,BUTAN-1-OL,1020,76790.0,KG,1729.83,1000,USD,15.03.2022,132833.65
4501918,10,02.03.2022,2000102,10000102,HYDROGEN,1010,37120.0,KG,2067.0,1000,USD,19.03.2022,76727.04
4504160,10,03.03.2022,2000114,10000209,OCTANOL 2-ETHYL TECH GRADE,1020,60530.0,KG,2019.86,1000,USD,10.03.2022,122262.13
4504162,10,03.03.2022,2000114,10000209,OCTANOL 2-ETHYL TECH GRADE,1020,60530.0,KG,2058.76,1000,USD,18.03.2022,124616.74
4500008,10,03.03.2022,2000116,40000101,MONOETHYLENE GLYCOL,1020,40800.0,KG,1160.84,1000,USD,22.03.2022,47362.27
4503563,10,04.03.2022,2000110,10000205,ETHANOL ANHYDROUS,1020,33770.0,KG,847.77,1000,USD,11.03.2022,28629.19
4500193,10,04.03.2022,2000116,40000102,DIETHYLENE GLYCOL,1020,37060.0,KG,1324.25,1000,USD,20.03.2022,49076.7
4502655,10,06.03.2022,2000105,10000106,ADIPIC ACID,1010,27370.0,KG,2146.35,1000,USD,25.03.2022,58745.6
4502058,10,2022-03-06,2000103,10000103,TEREPHTHALIC ACID PURIFIED,1010,49110.0,KG,976.13,1000,USD,20.03.2022,47937.74
4502059,10,06.03.2022,2000103,10000103,TEREPHTHALIC ACID PURIFIED,1010,49110.0,KG,959.02,1000,USD,11.03.2022,47097.47
4504096,10,06.03.2022,2000108,10000208,SODIUM HYDROXIDE 50% SOLUTION,1020,180.0,KG,575.95,1000,USD,17.03.2022,103.67
4502934,10,06.03.2022,2000106,10000108,TETRAISOPROPYL TITANATE CATALYST,1010,820.0,KG,9566.63,1000,USD,22.03.2022,7844.64
4500412,10,07.03.2022,2000116,40000104,MONOPROPYLENE GLYCOL USP,1020,39740.0,KG,1992.78,1000,USD,21.03.2022,79193.08
4504384,10,2022-03-07,2000113,10000210,BUTAN-1-OL,1020,76790.0,KG,1787.7,1000,USD,18.03.2022,137277.48
4501469,10,07.03.2022,2000119,40000111,EPOXIDIZED SOYBEAN OIL,1020,51370.0,KG,2162.04,1000,USD,20.03.2022,111063.99
4503885,10,07.03.2022,2000112,10000207,PROPYLENE OXIDE,1020,31020.0,KG,1880.36,1000,USD,19.03.2022,58328.77
4501246,10,07.03.2022,2000115,40000110,ISOPROPYL ALCOHOL,1020,59720.0,KG,1198.39,1000,USD,25.03.2022,71567.85
4500411,10,07.03.2022,2000116,40000104,MONOPROPYLENE GLYCOL USP,1020,39740.0,KG,1980.11,1000,USD,24.03.2022,78689.57
4503339,10,07.03.2022,2000109,10000204,ACETIC ACID GLACIAL,1020,55560.0,KG,933.79,1000,USD,18.03.2022,51881.37
4501245,10,2022-03-08,2000115,40000110,ISOPROPYL ALCOHOL,1020,59720.0,KG,1195.4,1000,USD,24.03.2022,71389.29
4503338,10,10.03.2022,2000109,10000204,ACETIC ACID GLACIAL,1020,55560.0,KG,917.02,1000,USD,25.03.2022,50949.63
4502256,10,10.03.2022,2000104,10000104,ISONONANOL,1010,31640.0,KG,1415.92,1000,USD,24.03.2022,44799.71
4502057,10,10.03.2022,2000103,10000103,TEREPHTHALIC ACID PURIFIED,1010,49110.0,KG,978.34,1000,USD,21.03.2022,48046.28
4501468,10,10.03.2022,2000119,40000111,EPOXIDIZED SOYBEAN OIL,1020,51370.0,KG,2076.33,1000,USD,18.03.2022,106661.07
4501694,10,11.03.2022,2000101,10000101,PROPYLENE POLYMER GRADE,1010,256190.0,KG,1163.43,1000,USD,16.03.2022,298059.13
4502997,10,11.03.2022,2000107,10000201,ACRYLIC ACID GLACIAL,1020,81010.0,KG,2480.59,1000,USD,28.03.2022,200952.6
4500782,10,11.03.2022,2000118,40000107,METHYL METHACRYLATE,1020,38620.0,KG,2180.81,1000,USD,16.03.2022,84222.88
4501111,10,12.03.2022,2000115,40000109,METHYL ETHYL KETONE,1020,28570.0,KG,1541.25,1000,USD,19.03.2022,44033.51
4501919,10,12.03.2022,2000102,10000102,HYDROGEN,1010,37120.0,KG,2057.57,1000,USD,30.03.2022,76377.0
4501109,10,13.03.2022,2000115,40000109,METHYL ETHYL KETONE,1020,28570.0,KG,1498.4,1000,USD,22.03.2022,42809.29
4504161,10,15.03.2022,2000113,10000209,OCTANOL 2-ETHYL TECH GRADE,1020,60530.0,KG,1908.97,1000,USD,02.04.2022,115549.95
4504387,10,15.03.2022,2000113,10000210,BUTAN-1-OL,1020,76790.0,KG,1768.12,1000,USD,02.04.2022,135773.93
4501248,10,15.03.2022,2000115,40000110,ISOPROPYL ALCOHOL,1020,59720.0,KG,1153.63,1000,USD,30.03.2022,68894.78
4501467,10,15.03.2022,2000119,40000111,EPOXIDIZED SOYBEAN OIL,1020,51370.0,KG,2085.57,1000,USD,20.03.2022,107135.73
4501696,10,15.03.2022,2000101,10000101,PROPYLENE POLYMER GRADE,1010,256190.0,KG,1138.84,1000,USD,25.03.2022,291759.42
4502470,10,16.03.2022,2000103,10000105,PHTHALIC ANHYDRIDE,1010,24420.0,KG,1136.4,1000,USD,23.03.2022,27750.89
4501695,10,16.03.2022,2000101,10000101,PROPYLENE POLYMER GRADE,1010,256190.0,KG,1138.66,1000,USD,04.04.2022,291713.31
4503341,10,16.03.2022,2000109,10000204,ACETIC ACID GLACIAL,1020,55560.0,KG,955.93,1000,USD,21.03.2022,53111.47
4500192,10,17.03.2022,2000116,40000102,DIETHYLENE GLYCOL,1020,37060.0,KG,1273.69,1000,USD,05.04.2022,47202.95
4503340,10,17.03.2022,2000109,10000204,ACETIC ACID GLACIAL,1020,55560.0,KG,958.89,1000,USD,30.03.2022,53275.93
4503000,10,18.03.2022,2000107,10000201,ACRYLIC ACID GLACIAL,1020,81010.0,KG,2486.07,1000,USD,27.03.2022,201396.53
4500191,10,18.03.2022,2000116,40000102,DIETHYLENE GLYCOL,1020,37060.0,KG,1304.34,1000,USD,06.04.2022,48338.84
4504159,10,19.03.2022,2000113,10000209,OCTANOL 2-ETHYL TECH GRADE,1020,60530.0,KG,1860.89,1000,USD,03.04.2022,112639.67
4503562,10,19.03.2022,2000110,10000205,ETHANOL ANHYDROUS,1020,33770.0,KG,859.51,1000,USD,25.03.2022,29025.65
4500911,10,20.03.2022,2000115,40000108,ACETONE,1020,37600.0,KG,1016.98,1000,USD,25.03.2022,38238.45
4502999,10,20.03.2022,2000107,10000201,ACRYLIC ACID GLACIAL,1020,81010.0,KG,2469.27,1000,USD,30.03.2022,200035.56
4502056,10,20.03.2022,2000103,10000103,TEREPHTHALIC ACID PURIFIED,1010,49110.0,KG,991.3,1000,USD,07.04.2022,48682.74
4503744,10,21.03.2022,2000111,10000206,METHANOL,1020,27900.0,KG,463.83,1000,USD,28.03.2022,12940.86
4502998,10,21.03.2022,2000107,10000201,ACRYLIC ACID GLACIAL,1020,81010.0,KG,2406.59,1000,USD,08.04.2022,194957.86
4500010,10,21.03.2022,2000116,40000101,MONOETHYLENE GLYCOL,1020,40800.0,KG,1172.39,1000,USD,06.04.2022,47833.51
4500687,10,22.03.2022,2000117,40000106,TRIMETHYLOLPROPANE,1020,3570.0,KG,2697.67,1000,USD,06.04.2022,9630.68
4501697,10,22.03.2022,2000101,10000101,PROPYLENE POLYMER GRADE,1010,256190.0,KG,1123.94,1000,USD,02.04.2022,287942.19
4502257,10,22.03.2022,2000104,10000104,ISONONANOL,1010,31640.0,KG,1389.5,1000,USD,28.03.2022,43963.78
4504606,10,22.03.2022,2000115,10000109,CLEANING SOLVENT - GLYCOL ETHER,1010,1800.0,KG,1904.66,1000,USD,04.04.2022,3428.39
4503275,10,22.03.2022,2000108,10000203,SULFURIC ACID 98%,1020,5370.0,KG,128.76,1000,USD,11.04.2022,691.44
4500007,10,23.03.2022,2000116,40000101,MONOETHYLENE GLYCOL,1020,40800.0,KG,1129.28,1000,USD,29.03.2022,46074.62
4502656,10,23.03.2022,2000105,10000106,ADIPIC ACID,1010,27370.0,KG,2261.93,1000,USD,04.04.2022,61909.02
4500590,10,23.03.2022,2000117,40000105,NEOPENTYL GLYCOL FLAKES,1020,16420.0,KG,2290.69,1000,USD,30.03.2022,37613.13
4501110,10,2022-03-23,2000115,40000109,METHYL ETHYL KETONE,1020,28570.0,KG,1512.72,1000,USD,31.03.2022,43218.41
4503564,10,24.03.2022,2000110,10000205,ETHANOL ANHYDROUS,1020,33770.0,KG,817.37,1000,USD,11.04.2022,27602.58
4503218,10,24.03.2022,2000106,10000202,MEHQ INHIBITOR (4-METHOXYPHENOL),1020,130.0,KG,12580.79,1000,USD,10.04.2022,1635.5
4501466,10,25.03.2022,2000119,40000111,EPOXIDIZED SOYBEAN OIL,1020,51370.0,KG,2047.8,1000,USD,05.04.2022,105195.49
4503884,10,25.03.2022,2000112,10000207,PROPYLENE OXIDE,1020,31020.0,KG,1860.13,1000,USD,06.04.2022,57701.23
4500190,10,25.03.2022,2000116,40000102,DIETHYLENE GLYCOL,1020,37060.0,KG,1372.47,1000,USD,07.04.2022,50863.74
4501247,10,26.03.2022,2000115,40000110,ISOPROPYL ALCOHOL,1020,59720.0,KG,1196.23,1000,USD,05.04.2022,71438.86
4500009,10,26.03.2022,2000116,40000101,MONOETHYLENE GLYCOL,1020,40800.0,KG,1114.54,1000,USD,05.04.2022,45473.23
4502469,10,26.03.2022,2000103,10000105,PHTHALIC ANHYDRIDE,1010,24420.0,KG,1170.09,1000,USD,12.04.2022,28573.6
4502258,10,27.03.2022,2000104,10000104,ISONONANOL,1010,31640.0,KG,1441.59,1000,USD,14.04.2022,45611.91
4504386,10,27.03.2022,2000113,10000210,BUTAN-1-OL,1020,76790.0,KG,1773.99,1000,USD,10.04.2022,136224.69
4502803,10,27.03.2022,2000105,10000107,TRIMELLITIC ANHYDRIDE,1010,27900.0,KG,2651.54,1000,USD,12.04.2022,73977.97
4503745,10,01.04.2022,2000111,10000206,METHANOL,1020,27560.0,KG,484.21,1000,USD,20.04.2022,13344.83
4500011,10,01.04.2022,2000116,40000101,MONOETHYLENE GLYCOL,1020,30970.0,KG,1161.09,1000,USD,09.04.2022,35958.96
4503344,10,02.04.2022,2000109,10000204,ACETIC ACID GLACIAL,1020,63880.0,KG,957.69,1000,USD,16.04.2022,61177.24
4500783,10,02.04.2022,2000118,40000107,METHYL METHACRYLATE,1020,31440.0,KG,2326.25,1000,USD,09.04.2022,73137.3
4501699,10,2022-04-03,2000101,10000101,PROPYLENE POLYMER GRADE,1010,279710.0,KG,1174.32,1000,USD,13.04.2022,328469.05
4500414,10,2022-04-03,2000116,40000104,MONOPROPYLENE GLYCOL USP,1020,30350.0,KG,1975.37,1000,USD,20.04.2022,59952.48
4502062,10,03.04.2022,2000103,10000103,TEREPHTHALIC ACID PURIFIED,1010,42120.0,KG,991.95,1000,USD,18.04.2022,41780.93
4500915,10,03.04.2022,2000115,40000108,ACETONE,1020,50130.0,KG,995.19,1000,USD,13.04.2022,49888.87
4501473,10,03.04.2022,2000119,40000111,EPOXIDIZED SOYBEAN OIL,1020,65470.0,KG,2110.5,1000,USD,22.04.2022,138174.44
4502063,10,03.04.2022,2000103,10000103,TEREPHTHALIC ACID PURIFIED,1010,42120.0,KG,1015.88,1000,USD,16.04.2022,42788.87
4501922,10,04.04.2022,2000102,10000102,HYDROGEN,1010,27280.0,KG,2149.3,1000,USD,17.04.2022,58632.9
4504165,10,05.04.2022,2000114,10000209,OCTANOL 2-ETHYL TECH GRADE,1020,56340.0,KG,2005.99,1000,USD,17.04.2022,113017.48
4502471,10,05.04.2022,2000103,10000105,PHTHALIC ANHYDRIDE,1010,16030.0,KG,1125.38,1000,USD,20.04.2022,18039.84
4500413,10,05.04.2022,2000116,40000104,MONOPROPYLENE GLYCOL USP,1020,30350.0,KG,1989.76,1000,USD,13.04.2022,60389.22
4503002,10,05.04.2022,2000107,10000201,ACRYLIC ACID GLACIAL,1020,48180.0,KG,2505.14,1000,USD,24.04.2022,120697.65
4500415,10,05.04.2022,2000116,40000104,MONOPROPYLENE GLYCOL USP,1020,30350.0,KG,2001.27,1000,USD,15.04.2022,60738.54
4503887,10,06.04.2022,2000112,10000207,PROPYLENE OXIDE,1020,48870.0,KG,1938.14,1000,USD,14.04.2022,94716.9
4502060,10,06.04.2022,2000103,10000103,TEREPHTHALIC ACID PURIFIED,1010,42120.0,KG,1009.9,1000,USD,20.04.2022,42536.99
4504390,10,2022-04-06,2000113,10000210,BUTAN-1-OL,1020,44510.0,KG,1820.54,1000,USD,25.04.2022,81032.24
4501920,10,08.04.2022,2000101,10000102,HYDROGEN,1010,27280.0,KG,2120.12,1000,USD,14.04.2022,57836.87
4502259,10,08.04.2022,2000104,10000104,ISONONANOL,1010,32240.0,KG,1449.76,1000,USD,19.04.2022,46740.26
4502806,10,08.04.2022,2000105,10000107,TRIMELLITIC ANHYDRIDE,1010,31540.0,KG,2849.33,1000,USD,21.04.2022,89867.87
4501113,10,2022-04-08,2000115,40000109,METHYL ETHYL KETONE,1020,33160.0,KG,1566.25,1000,USD,18.04.2022,51936.85
4503889,10,08.04.2022,2000112,10000207,PROPYLENE OXIDE,1020,48870.0,KG,1907.44,1000,USD,25.04.2022,93216.59
4503343,10,09.04.2022,2000109,10000204,ACETIC ACID GLACIAL,1020,63880.0,KG,962.96,1000,USD,26.04.2022,61513.88
4504607,10,2022-04-09,2000115,10000109,CLEANING SOLVENT - GLYCOL ETHER,1010,2600.0,KG,2129.12,1000,USD,28.04.2022,5535.71
4501701,10,10.04.2022,2000101,10000101,PROPYLENE POLYMER GRADE,1010,279710.0,KG,1131.75,1000,USD,29.04.2022,316561.79
4501249,10,11.04.2022,2000115,40000110,ISOPROPYL ALCOHOL,1020,47130.0,KG,1198.86,1000,USD,01.05.2022,56502.27
4502658,10,12.04.2022,2000105,10000106,ADIPIC ACID,1010,29240.0,KG,2143.75,1000,USD,30.04.2022,62683.25
4500012,10,12.04.2022,2000116,40000101,MONOETHYLENE GLYCOL,1020,30970.0,KG,1159.16,1000,USD,30.04.2022,35899.19
4503345,10,12.04.2022,2000109,10000204,ACETIC ACID GLACIAL,1020,63880.0,KG,913.53,1000,USD,30.04.2022,58356.3
4502657,10,13.04.2022,2000105,10000106,ADIPIC ACID,1010,29240.0,KG,2163.79,1000,USD,19.04.2022,63269.22
4503276,10,13.04.2022,2000108,10000203,SULFURIC ACID 98%,1020,4070.0,KG,127.02,1000,USD,03.05.2022,516.97
4500913,10,13.04.2022,2000115,40000108,ACETONE,1020,50130.0,KG,1059.33,1000,USD,18.04.2022,53104.21
4502805,10,13.04.2022,2000105,10000107,TRIMELLITIC ANHYDRIDE,1010,31540.0,KG,2773.42,1000,USD,18.04.2022,87473.67
4503219,10,13.04.2022,2000106,10000202,MEHQ INHIBITOR (4-METHOXYPHENOL),1020,90.0,KG,12546.43,1000,USD,22.04.2022,1129.18
4502061,10,13.04.2022,2000103,10000103,TEREPHTHALIC ACID PURIFIED,1010,42120.0,KG,1017.95,1000,USD,27.04.2022,42876.05
4500195,10,13.04.2022,2000116,40000102,DIETHYLENE GLYCOL,1020,26750.0,KG,1313.83,1000,USD,02.05.2022,35144.95
4501471,10,14.04.2022,2000119,40000111,EPOXIDIZED SOYBEAN OIL,1020,65470.0,KG,2131.1,1000,USD,20.04.2022,139523.12
4501472,10,14.04.2022,2000119,40000111,EPOXIDIZED SOYBEAN OIL,1020,65470.0,KG,2170.65,1000,USD,25.04.2022,142112.46
4503886,10,15.04.2022,2000112,10000207,PROPYLENE OXIDE,1020,48870.0,KG,1884.49,1000,USD,20.04.2022,92095.03
4503003,10,15.04.2022,2000107,10000201,ACRYLIC ACID GLACIAL,1020,48180.0,KG,2551.1,1000,USD,24.04.2022,122912.0
4500914,10,15.04.2022,2000115,40000108,ACETONE,1020,50130.0,KG,1050.83,1000,USD,21.04.2022,52678.11
4504389,10,16.04.2022,2000113,10000210,BUTAN-1-OL,1020,44510.0,KG,1806.65,1000,USD,22.04.2022,80413.99
4503004,10,16.04.2022,2000107,10000201,ACRYLIC ACID GLACIAL,1020,48180.0,KG,2449.23,1000,USD,27.04.2022,118003.9
4501470,10,16.04.2022,2000119,40000111,EPOXIDIZED SOYBEAN OIL,1020,65470.0,KG,2104.64,1000,USD,23.04.2022,137790.78
4503747,10,18.04.2022,2000111,10000206,METHANOL,1020,27560.0,KG,464.04,1000,USD,29.04.2022,12788.94
4504166,10,19.04.2022,2000113,10000209,OCTANOL 2-ETHYL TECH GRADE,1020,56340.0,KG,1991.58,1000,USD,04.05.2022,112205.62
4501250,10,19.04.2022,2000115,40000110,ISOPROPYL ALCOHOL,1020,47130.0,KG,1226.04,1000,USD,29.04.2022,57783.27
4502807,10,19.04.2022,2000105,10000107,TRIMELLITIC ANHYDRIDE,1010,31540.0,KG,2754.52,1000,USD,25.04.2022,86877.56
4501251,10,20.04.2022,2000115,40000110,ISOPROPYL ALCOHOL,1020,47130.0,KG,1167.84,1000,USD,25.04.2022,55040.3
4502659,10,21.04.2022,2000105,10000106,ADIPIC ACID,1010,29240.0,KG,2222.77,1000,USD,08.05.2022,64993.79
4503001,10,22.04.2022,2000107,10000201,ACRYLIC ACID GLACIAL,1020,48180.0,KG,2576.64,1000,USD,08.05.2022,124142.52
4504388,10,22.04.2022,2000113,10000210,BUTAN-1-OL,1020,44510.0,KG,1826.51,1000,USD,30.04.2022,81297.96
4501698,10,22.04.2022,2000101,10000101,PROPYLENE POLYMER GRADE,1010,279710.0,KG,1169.87,1000,USD,06.05.2022,327224.34
4503888,10,24.04.2022,2000112,10000207,PROPYLENE OXIDE,1020,48870.0,KG,1887.6,1000,USD,08.05.2022,92247.01
4503565,10,24.04.2022,2000110,10000205,ETHANOL ANHYDROUS,1020,33300.0,KG,817.44,1000,USD,02.05.2022,27220.75
4504164,10,25.04.2022,2000114,10000209,OCTANOL 2-ETHYL TECH GRADE,1020,56340.0,KG,2075.19,1000,USD,09.05.2022,116916.2
4500912,10,2022-04-25,2000115,40000108,ACETONE,1020,50130.0,KG,1072.3,1000,USD,05.05.2022,53754.4
4500688,10,2022-04-25,2000117,40000106,TRIMETHYLOLPROPANE,1020,34740.0,KG,2789.26,1000,USD,15.05.2022,96898.89
4504097,10,25.04.2022,2000108,10000208,SODIUM HYDROXIDE 50% SOLUTION,1020,580.0,KG,581.53,1000,USD,30.04.2022,337.29
4502935,10,26.04.2022,2000106,10000108,TETRAISOPROPYL TITANATE CATALYST,1010,980.0,KG,9452.52,1000,USD,15.05.2022,9263.47
4504163,10,26.04.2022,2000114,10000209,OCTANOL 2-ETHYL TECH GRADE,1020,56340.0,KG,2029.99,1000,USD,10.05.2022,114369.64
4503566,10,2022-04-26,2000110,10000205,ETHANOL ANHYDROUS,1020,33300.0,KG,851.07,1000,USD,08.05.2022,28340.63
4502804,10,26.04.2022,2000105,10000107,TRIMELLITIC ANHYDRIDE,1010,31540.0,KG,2654.19,1000,USD,11.05.2022,83713.15
4503342,10,26.04.2022,2000109,10000204,ACETIC ACID GLACIAL,1020,63880.0,KG,969.61,1000,USD,14.05.2022,61938.69
4501114,10,26.04.2022,2000115,40000109,METHYL ETHYL KETONE,1020,33160.0,KG,1556.63,1000,USD,14.05.2022,51617.85
4503746,10,26.04.2022,2000111,10000206,METHANOL,1020,27560.0,KG,478.96,1000,USD,01.05.2022,13200.14
4500785,10,26.04.2022,2000118,40000107,METHYL METHACRYLATE,1020,31440.0,KG,2254.44,1000,USD,02.05.2022,70879.59
4500591,10,27.04.2022,2000117,40000105,NEOPENTYL GLYCOL FLAKES,1020,32920.0,KG,2292.7,1000,USD,07.05.2022,75475.68
4501112,10,27.04.2022,2000115,40000109,METHYL ETHYL KETONE,1020,33160.0,KG,1516.31,1000,USD,06.05.2022,50280.84
4500194,10,27.04.2022,2000116,40000102,DIETHYLENE GLYCOL,1020,26750.0,KG,1306.78,1000,USD,16.05.2022,34956.36
4504391,10,27.04.2022,2000113,10000210,BUTAN-1-OL,1020,44510.0,KG,1744.59,1000,USD,08.05.2022,77651.7
4503567,10,27.04.2022,2000110,10000205,ETHANOL ANHYDROUS,1020,33300.0,KG,855.36,1000,USD,05.05.2022,28483.49
4500784,10,27.04.2022,2000118,40000107,METHYL METHACRYLATE,1020,31440.0,KG,2293.14,1000,USD,07.05.2022,72096.32
4501921,10,27.04.2022,2000101,10000102,HYDROGEN,1010,27280.0,KG,2037.04,1000,USD,02.05.2022,55570.45
4501252,10,27.04.2022,2000115,40000110,ISOPROPYL ALCOHOL,1020,47130.0,KG,1279.12,1000,USD,06.05.2022,60284.93
4501700,10,2022-04-27,2000101,10000101,PROPYLENE POLYMER GRADE,1010,279710.0,KG,1171.85,1000,USD,12.05.2022,327778.16
4502808,10,01.05.2022,2000105,10000107,TRIMELLITIC ANHYDRIDE,1010,26410.0,KG,2807.46,1000,USD,18.05.2022,74145.02
4502260,10,01.05.2022,2000104,10000104,ISONONANOL,1010,25250.0,KG,1493.1,1000,USD,20.05.2022,37700.78
4500787,10,02.05.2022,2000118,40000107,METHYL METHACRYLATE,1020,35140.0,KG,2199.74,1000,USD,19.05.2022,77298.86
4501703,10,02.05.2022,2000101,10000101,PROPYLENE POLYMER GRADE,1010,243370.0,KG,1162.53,1000,USD,21.05.2022,282924.93
4500918,10,02.05.2022,2000115,40000108,ACETONE,1020,59150.0,KG,1056.66,1000,USD,15.05.2022,62501.44
4501253,10,2022-05-03,2000115,40000110,ISOPROPYL ALCOHOL,1020,38820.0,KG,1199.42,1000,USD,10.05.2022,46561.48
4500919,10,04.05.2022,2000115,40000108,ACETONE,1020,59150.0,KG,1092.41,1000,USD,15.05.2022,64616.05
4501924,10,05.05.2022,2000102,10000102,HYDROGEN,1010,36900.0,KG,2125.33,1000,USD,15.05.2022,78424.68
4502064,10,05.05.2022,2000103,10000103,TEREPHTHALIC ACID PURIFIED,1010,74890.0,KG,1017.69,1000,USD,20.05.2022,76214.8
4504168,10,2022-05-05,2000113,10000209,OCTANOL 2-ETHYL TECH GRADE,1020,63290.0,KG,2087.63,1000,USD,25.05.2022,132126.1
4504167,10,06.05.2022,2000114,10000209,OCTANOL 2-ETHYL TECH GRADE,1020,63290.0,KG,2068.18,1000,USD,20.05.2022,130895.11
4501705,10,06.05.2022,2000101,10000101,PROPYLENE POLYMER GRADE,1010,243370.0,KG,1233.18,1000,USD,12.05.2022,300119.02
4500199,10,06.05.2022,2000116,40000102,DIETHYLENE GLYCOL,1020,39150.0,KG,1364.38,1000,USD,16.05.2022,53415.48
4502472,10,06.05.2022,2000103,10000105,PHTHALIC ANHYDRIDE,1010,25500.0,KG,1167.35,1000,USD,12.05.2022,29767.42
4501254,10,06.05.2022,2000115,40000110,ISOPROPYL ALCOHOL,1020,38820.0,KG,1258.82,1000,USD,24.05.2022,48867.39
4501255,10,2022-05-06,2000115,40000110,ISOPROPYL ALCOHOL,1020,38820.0,KG,1248.87,1000,USD,20.05.2022,48481.13
4504394,10,06.05.2022,2000113,10000210,BUTAN-1-OL,1020,51350.0,KG,1921.27,1000,USD,23.05.2022,98657.21
4503571,10,07.05.2022,2000110,10000205,ETHANOL ANHYDROUS,1020,44900.0,KG,852.13,1000,USD,25.05.2022,38260.64
4502936,10,07.05.2022,2000106,10000108,TETRAISOPROPYL TITANATE CATALYST,1010,1130.0,KG,9804.74,1000,USD,26.05.2022,11079.36
4503570,10,08.05.2022,2000110,10000205,ETHANOL ANHYDROUS,1020,44900.0,KG,864.69,1000,USD,26.05.2022,38824.58
4501116,10,08.05.2022,2000115,40000109,METHYL ETHYL KETONE,1020,39040.0,KG,1586.39,1000,USD,19.05.2022,61932.67
4504393,10,08.05.2022,2000113,10000210,BUTAN-1-OL,1020,51350.0,KG,1853.7,1000,USD,26.05.2022,95187.5
4503347,10,08.05.2022,2000109,10000204,ACETIC ACID GLACIAL,1020,88730.0,KG,954.74,1000,USD,18.05.2022,84714.08
4503008,10,08.05.2022,2000107,10000201,ACRYLIC ACID GLACIAL,1020,68290.0,KG,2643.74,1000,USD,20.05.2022,180541.0
4502067,10,09.05.2022,2000103,10000103,TEREPHTHALIC ACID PURIFIED,1010,74890.0,KG,1007.27,1000,USD,23.05.2022,75434.45
4500689,10,09.05.2022,2000117,40000106,TRIMETHYLOLPROPANE,1020,22920.0,KG,2852.75,1000,USD,19.05.2022,65385.03
4500198,10,09.05.2022,2000116,40000102,DIETHYLENE GLYCOL,1020,39150.0,KG,1382.87,1000,USD,22.05.2022,54139.36
4500917,10,09.05.2022,2000115,40000108,ACETONE,1020,59150.0,KG,1106.43,1000,USD,16.05.2022,65445.33
4501117,10,10.05.2022,2000115,40000109,METHYL ETHYL KETONE,1020,39040.0,KG,1551.95,1000,USD,21.05.2022,60588.13
4503891,10,11.05.2022,2000112,10000207,PROPYLENE OXIDE,1020,37980.0,KG,1924.34,1000,USD,19.05.2022,73086.43
4501702,10,11.05.2022,2000101,10000101,PROPYLENE POLYMER GRADE,1010,243370.0,KG,1175.84,1000,USD,24.05.2022,286164.18
4500788,10,11.05.2022,2000118,40000107,METHYL METHACRYLATE,1020,35140.0,KG,2344.93,1000,USD,18.05.2022,82400.84
4501477,10,12.05.2022,2000119,40000111,EPOXIDIZED SOYBEAN OIL,1020,52850.0,KG,2140.21,1000,USD,25.05.2022,113110.1
4501474,10,2022-05-12,2000119,40000111,EPOXIDIZED SOYBEAN OIL,1020,52850.0,KG,2215.57,1000,USD,31.05.2022,117092.87
4500916,10,12.05.2022,2000115,40000108,ACETONE,1020,59150.0,KG,1088.78,1000,USD,31.05.2022,64401.34
4501118,10,13.05.2022,2000115,40000109,METHYL ETHYL KETONE,1020,39040.0,KG,1605.73,1000,USD,29.05.2022,62687.7
4502661,10,13.05.2022,2000105,10000106,ADIPIC ACID,1010,35770.0,KG,2313.32,1000,USD,18.05.2022,82747.46
4503348,10,13.05.2022,2000109,10000204,ACETIC ACID GLACIAL,1020,88730.0,KG,967.92,1000,USD,21.05.2022,85883.54
4503569,10,14.05.2022,2000110,10000205,ETHANOL ANHYDROUS,1020,44900.0,KG,880.88,1000,USD,03.06.2022,39551.51
4500418,10,14.05.2022,2000116,40000104,MONOPROPYLENE GLYCOL USP,1020,34010.0,KG,2046.62,1000,USD,01.06.2022,69605.55
4504608,10,14.05.2022,2000115,10000109,CLEANING SOLVENT - GLYCOL ETHER,1010,3000.0,KG,2029.56,1000,USD,23.05.2022,6088.68
4503890,10,15.05.2022,2000112,10000207,PROPYLENE OXIDE,1020,37980.0,KG,1922.52,1000,USD,20.05.2022,73017.31
4504169,10,15.05.2022,2000113,10000209,OCTANOL 2-ETHYL TECH GRADE,1020,63290.0,KG,1965.73,1000,USD,27.05.2022,124411.05
4500786,10,15.05.2022,2000118,40000107,METHYL METHACRYLATE,1020,35140.0,KG,2223.28,1000,USD,24.05.2022,78126.06
4503892,10,16.05.2022,2000112,10000207,PROPYLENE OXIDE,1020,37980.0,KG,1956.59,1000,USD,25.05.2022,74311.29
4501704,10,16.05.2022,2000101,10000101,PROPYLENE POLYMER GRADE,1010,243370.0,KG,1210.52,1000,USD,24.05.2022,294604.25
4502066,10,16.05.2022,2000103,10000103,TEREPHTHALIC ACID PURIFIED,1010,74890.0,KG,1025.7,1000,USD,28.05.2022,76814.67
4503220,10,16.05.2022,2000106,10000202,MEHQ INHIBITOR (4-METHOXYPHENOL),1020,110.0,KG,13331.42,1000,USD,21.05.2022,1466.46
4502065,10,16.05.2022,2000103,10000103,TEREPHTHALIC ACID PURIFIED,1010,74890.0,KG,1042.14,1000,USD,31.05.2022,78045.86
4500416,10,17.05.2022,2000116,40000104,MONOPROPYLENE GLYCOL USP,1020,34010.0,KG,2102.95,1000,USD,24.05.2022,71521.33
4503005,10,17.05.2022,2000107,10000201,ACRYLIC ACID GLACIAL,1020,68290.0,KG,2642.2,1000,USD,27.05.2022,180435.84
4504098,10,17.05.2022,2000108,10000208,SODIUM HYDROXIDE 50% SOLUTION,1020,300.0,KG,597.46,1000,USD,28.05.2022,179.24
4502809,10,17.05.2022,2000105,10000107,TRIMELLITIC ANHYDRIDE,1010,26410.0,KG,2822.73,1000,USD,29.05.2022,74548.3
4504170,10,18.05.2022,2000113,10000209,OCTANOL 2-ETHYL TECH GRADE,1020,63290.0,KG,1939.3,1000,USD,29.05.2022,122738.3
4501923,10,18.05.2022,2000102,10000102,HYDROGEN,1010,36900.0,KG,2162.12,1000,USD,04.06.2022,79782.23
4503277,10,19.05.2022,2000108,10000203,SULFURIC ACID 98%,1020,5790.0,KG,131.16,1000,USD,07.06.2022,759.42
4503006,10,19.05.2022,2000107,10000201,ACRYLIC ACID GLACIAL,1020,68290.0,KG,2629.34,1000,USD,03.06.2022,179557.63
4504395,10,2022-05-19,2000113,10000210,BUTAN-1-OL,1020,51350.0,KG,1811.42,1000,USD,28.05.2022,93016.42
4501475,10,20.05.2022,2000119,40000111,EPOXIDIZED SOYBEAN OIL,1020,52850.0,KG,2211.89,1000,USD,25.05.2022,116898.39
4500358,10,21.05.2022,2000116,40000103,TRIETHYLENE GLYCOL,1020,6260.0,KG,1769.89,1000,USD,31.05.2022,11079.51
4503748,10,21.05.2022,2000111,10000206,METHANOL,1020,25080.0,KG,484.79,1000,USD,26.05.2022,12158.53
4500014,10,21.05.2022,2000116,40000101,MONOETHYLENE GLYCOL,1020,33860.0,KG,1199.45,1000,USD,09.06.2022,40613.38
4502261,10,21.05.2022,2000104,10000104,ISONONANOL,1010,25250.0,KG,1440.71,1000,USD,30.05.2022,36377.93
4500013,10,21.05.2022,2000116,40000101,MONOETHYLENE GLYCOL,1020,33860.0,KG,1196.18,1000,USD,06.06.2022,40502.65
4500196,10,22.05.2022,2000116,40000102,DIETHYLENE GLYCOL,1020,39150.0,KG,1376.19,1000,USD,11.06.2022,53877.84
4504392,10,22.05.2022,2000114,10000210,BUTAN-1-OL,1020,51350.0,KG,1972.42,1000,USD,04.06.2022,101283.77
4503007,10,22.05.2022,2000107,10000201,ACRYLIC ACID GLACIAL,1020,68290.0,KG,2550.57,1000,USD,31.05.2022,174178.43
4501115,10,22.05.2022,2000115,40000109,METHYL ETHYL KETONE,1020,39040.0,KG,1574.38,1000,USD,01.06.2022,61463.8
4501256,10,22.05.2022,2000115,40000110,ISOPROPYL ALCOHOL,1020,38820.0,KG,1285.44,1000,USD,29.05.2022,49900.78
4500592,10,23.05.2022,2000117,40000105,NEOPENTYL GLYCOL FLAKES,1020,36950.0,KG,2352.63,1000,USD,07.06.2022,86929.68
4501476,10,23.05.2022,2000119,40000111,EPOXIDIZED SOYBEAN OIL,1020,52850.0,KG,2176.77,1000,USD,30.05.2022,115042.29
4500419,10,24.05.2022,2000116,40000104,MONOPROPYLENE GLYCOL USP,1020,34010.0,KG,2086.74,1000,USD,03.06.2022,70970.03
4503349,10,25.05.2022,2000109,10000204,ACETIC ACID GLACIAL,1020,88730.0,KG,981.17,1000,USD,03.06.2022,87059.21
4500015,10,25.05.2022,2000116,40000101,MONOETHYLENE GLYCOL,1020,33860.0,KG,1232.11,1000,USD,07.06.2022,41719.24
4500789,10,25.05.2022,2000118,40000107,METHYL METHACRYLATE,1020,35140.0,KG,2298.62,1000,USD,03.06.2022,80773.51
4502660,10,25.05.2022,2000105,10000106,ADIPIC ACID,1010,35770.0,KG,2233.35,1000,USD,02.06.2022,79886.93
4500197,10,25.05.2022,2000116,40000102,DIETHYLENE GLYCOL,1020,39150.0,KG,1358.02,1000,USD,31.05.2022,53166.48
4503346,10,25.05.2022,2000109,10000204,ACETIC ACID GLACIAL,1020,88730.0,KG,954.28,1000,USD,08.06.2022,84673.26
4503749,10,25.05.2022,2000111,10000206,METHANOL,1020,25080.0,KG,482.14,1000,USD,05.06.2022,12092.07
4500417,10,2022-05-26,2000116,40000104,MONOPROPYLENE GLYCOL USP,1020,34010.0,KG,1994.3,1000,USD,09.06.2022,67826.14
4503568,10,27.05.2022,2000110,10000205,ETHANOL ANHYDROUS,1020,44900.0,KG,879.41,1000,USD,07.06.2022,39485.51
4504398,10,2022-06-01,2000113,10000210,BUTAN-1-OL,1020,79660.0,KG,1883.31,1000,USD,17.06.2022,150024.47
4502937,10,01.06.2022,2000106,10000108,TETRAISOPROPYL TITANATE CATALYST,1010,840.0,KG,9711.71,1000,USD,14.06.2022,8157.84
4500018,10,02.06.2022,2000116,40000101,MONOETHYLENE GLYCOL,1020,33060.0,KG,1146.69,1000,USD,17.06.2022,37909.57
4500593,10,02.06.2022,2000117,40000105,NEOPENTYL GLYCOL FLAKES,1020,18930.0,KG,2462.78,1000,USD,15.06.2022,46620.43
4504172,10,02.06.2022,2000114,10000209,OCTANOL 2-ETHYL TECH GRADE,1020,31970.0,KG,2122.84,1000,USD,14.06.2022,67867.19
4503278,10,02.06.2022,2000108,10000203,SULFURIC ACID 98%,1020,5410.0,KG,130.8,1000,USD,08.06.2022,707.63
4503221,10,03.06.2022,2000106,10000202,MEHQ INHIBITOR (4-METHOXYPHENOL),1020,100.0,KG,13070.03,1000,USD,22.06.2022,1307.0
4503896,10,03.06.2022,2000112,10000207,PROPYLENE OXIDE,1020,54130.0,KG,2002.24,1000,USD,14.06.2022,108381.25
4504396,10,04.06.2022,2000113,10000210,BUTAN-1-OL,1020,79660.0,KG,1821.95,1000,USD,22.06.2022,145136.54
4501119,10,04.06.2022,2000115,40000109,METHYL ETHYL KETONE,1020,28380.0,KG,1593.33,1000,USD,17.06.2022,45218.71
4501706,10,04.06.2022,2000101,10000101,PROPYLENE POLYMER GRADE,1010,250930.0,KG,1199.7,1000,USD,23.06.2022,301040.72
4500923,10,2022-06-05,2000115,40000108,ACETONE,1020,35390.0,KG,1071.76,1000,USD,16.06.2022,37929.59
4503011,10,05.06.2022,2000107,10000201,ACRYLIC ACID GLACIAL,1020,68520.0,KG,2647.39,1000,USD,18.06.2022,181399.16
4502263,10,05.06.2022,2000104,10000104,ISONONANOL,1010,34790.0,KG,1429.92,1000,USD,10.06.2022,49746.92
4502071,10,05.06.2022,2000103,10000103,TEREPHTHALIC ACID PURIFIED,1010,46410.0,KG,1049.05,1000,USD,20.06.2022,48686.41
4503895,10,05.06.2022,2000112,10000207,PROPYLENE OXIDE,1020,54130.0,KG,1978.97,1000,USD,14.06.2022,107121.65
4502663,10,2022-06-06,2000105,10000106,ADIPIC ACID,1010,28520.0,KG,2362.52,1000,USD,26.06.2022,67379.07
4503575,10,06.06.2022,2000110,10000205,ETHANOL ANHYDROUS,1020,43770.0,KG,864.68,1000,USD,23.06.2022,37847.04
4503353,10,06.06.2022,2000109,10000204,ACETIC ACID GLACIAL,1020,93630.0,KG,983.64,1000,USD,12.06.2022,92098.21
4501479,10,07.06.2022,2000119,40000111,EPOXIDIZED SOYBEAN OIL,1020,50040.0,KG,2208.15,1000,USD,27.06.2022,110495.83
4501925,10,07.06.2022,2000102,10000102,HYDROGEN,1010,37900.0,KG,2213.4,1000,USD,18.06.2022,83887.86
4500201,10,09.06.2022,2000116,40000102,DIETHYLENE GLYCOL,1020,34590.0,KG,1377.67,1000,USD,18.06.2022,47653.61
4501480,10,09.06.2022,2000119,40000111,EPOXIDIZED SOYBEAN OIL,1020,50040.0,KG,2269.15,1000,USD,19.06.2022,113548.27
4502811,10,2022-06-10,2000105,10000107,TRIMELLITIC ANHYDRIDE,1010,23270.0,KG,2895.0,1000,USD,29.06.2022,67366.65
4503350,10,10.06.2022,2000109,10000204,ACETIC ACID GLACIAL,1020,93630.0,KG,1014.4,1000,USD,20.06.2022,94978.27
4500690,10,2022-06-10,2000117,40000106,TRIMETHYLOLPROPANE,1020,37160.0,KG,2932.95,1000,USD,24.06.2022,108988.42
4504173,10,10.06.2022,2000113,10000209,OCTANOL 2-ETHYL TECH GRADE,1020,31970.0,KG,2018.47,1000,USD,24.06.2022,64530.49
4504609,10,10.06.2022,2000115,10000109,CLEANING SOLVENT - GLYCOL ETHER,1010,2500.0,KG,2147.64,1000,USD,18.06.2022,5369.1
4503010,10,2022-06-11,2000107,10000201,ACRYLIC ACID GLACIAL,1020,68520.0,KG,2751.33,1000,USD,30.06.2022,188521.13
4501257,10,11.06.2022,2000115,40000110,ISOPROPYL ALCOHOL,1020,32030.0,KG,1275.4,1000,USD,16.06.2022,40851.06
4500017,10,11.06.2022,2000116,40000101,MONOETHYLENE GLYCOL,1020,33060.0,KG,1203.31,1000,USD,18.06.2022,39781.43
4500790,10,11.06.2022,2000118,40000107,METHYL METHACRYLATE,1020,32960.0,KG,2227.98,1000,USD,22.06.2022,73434.22
4503573,10,11.06.2022,2000110,10000205,ETHANOL ANHYDROUS,1020,43770.0,KG,860.77,1000,USD,23.06.2022,37675.9
4504099,10,11.06.2022,2000108,10000208,SODIUM HYDROXIDE 50% SOLUTION,1020,640.0,KG,610.5,1000,USD,29.06.2022,390.72
4504397,10,11.06.2022,2000113,10000210,BUTAN-1-OL,1020,79660.0,KG,1898.39,1000,USD,16.06.2022,151225.75
4503351,10,11.06.2022,2000109,10000204,ACETIC ACID GLACIAL,1020,93630.0,KG,994.65,1000,USD,17.06.2022,93129.08
4500922,10,12.06.2022,2000115,40000108,ACETONE,1020,35390.0,KG,1070.07,1000,USD,01.07.2022,37869.78
4503352,10,12.06.2022,2000109,10000204,ACETIC ACID GLACIAL,1020,93630.0,KG,999.41,1000,USD,25.06.2022,93574.76
4501120,10,12.06.2022,2000115,40000109,METHYL ETHYL KETONE,1020,28380.0,KG,1614.68,1000,USD,18.06.2022,45824.62
4503750,10,13.06.2022,2000111,10000206,METHANOL,1020,38300.0,KG,493.86,1000,USD,02.07.2022,18914.84
4502069,10,14.06.2022,2000103,10000103,TEREPHTHALIC ACID PURIFIED,1010,46410.0,KG,1008.95,1000,USD,23.06.2022,46825.37
4502662,10,2022-06-15,2000105,10000106,ADIPIC ACID,1010,28520.0,KG,2314.64,1000,USD,03.07.2022,66013.53
4501478,10,15.06.2022,2000119,40000111,EPOXIDIZED SOYBEAN OIL,1020,50040.0,KG,2255.45,1000,USD,21.06.2022,112862.72
4500016,10,15.06.2022,2000116,40000101,MONOETHYLENE GLYCOL,1020,33060.0,KG,1209.77,1000,USD,30.06.2022,39995.0
4501481,10,2022-06-15,2000119,40000111,EPOXIDIZED SOYBEAN OIL,1020,50040.0,KG,2245.74,1000,USD,21.06.2022,112376.83
4501708,10,16.06.2022,2000101,10000101,PROPYLENE POLYMER GRADE,1010,250930.0,KG,1211.17,1000,USD,22.06.2022,303918.89
4502262,10,16.06.2022,2000104,10000104,ISONONANOL,1010,34790.0,KG,1497.23,1000,USD,26.06.2022,52088.63
4503893,10,16.06.2022,2000112,10000207,PROPYLENE OXIDE,1020,54130.0,KG,1969.8,1000,USD,28.06.2022,106625.27
4500921,10,2022-06-17,2000115,40000108,ACETONE,1020,35390.0,KG,1111.2,1000,USD,07.07.2022,39325.37
4500421,10,17.06.2022,2000116,40000104,MONOPROPYLENE GLYCOL USP,1020,33550.0,KG,2167.02,1000,USD,30.06.2022,72703.52
4504174,10,18.06.2022,2000113,10000209,OCTANOL 2-ETHYL TECH GRADE,1020,31970.0,KG,2008.98,1000,USD,29.06.2022,64227.09
4500920,10,2022-06-19,2000115,40000108,ACETONE,1020,35390.0,KG,1099.56,1000,USD,09.07.2022,38913.43
4501926,10,19.06.2022,2000101,10000102,HYDROGEN,1010,37900.0,KG,2206.03,1000,USD,27.06.2022,83608.54
4502810,10,19.06.2022,2000105,10000107,TRIMELLITIC ANHYDRIDE,1010,23270.0,KG,2886.68,1000,USD,26.06.2022,67173.04
4502068,10,19.06.2022,2000103,10000103,TEREPHTHALIC ACID PURIFIED,1010,46410.0,KG,1074.86,1000,USD,05.07.2022,49884.25
4501709,10,19.06.2022,2000101,10000101,PROPYLENE POLYMER GRADE,1010,250930.0,KG,1227.05,1000,USD,08.07.2022,307903.66
4503009,10,20.06.2022,2000107,10000201,ACRYLIC ACID GLACIAL,1020,68520.0,KG,2592.45,1000,USD,27.06.2022,177634.67
4503572,10,22.06.2022,2000110,10000205,ETHANOL ANHYDROUS,1020,43770.0,KG,877.14,1000,USD,08.07.2022,38392.42
4503574,10,22.06.2022,2000110,10000205,ETHANOL ANHYDROUS,1020,43770.0,KG,853.13,1000,USD,11.07.2022,37341.5
4503012,10,22.06.2022,2000107,10000201,ACRYLIC ACID GLACIAL,1020,68520.0,KG,2736.23,1000,USD,02.07.2022,187486.48
4500791,10,23.06.2022,2000118,40000107,METHYL METHACRYLATE,1020,32960.0,KG,2349.72,1000,USD,28.06.2022,77446.77
4500359,10,2022-06-23,2000116,40000103,TRIETHYLENE GLYCOL,1020,36610.0,KG,1813.33,1000,USD,12.07.2022,66386.01
4504171,10,23.06.2022,2000114,10000209,OCTANOL 2-ETHYL TECH GRADE,1020,31970.0,KG,2113.64,1000,USD,07.07.2022,67573.07
4501258,10,24.06.2022,2000115,40000110,ISOPROPYL ALCOHOL,1020,32030.0,KG,1246.0,1000,USD,05.07.2022,39909.38
4503894,10,24.06.2022,2000112,10000207,PROPYLENE OXIDE,1020,54130.0,KG,1971.55,1000,USD,30.06.2022,106720.0
4504399,10,24.06.2022,2000113,10000210,BUTAN-1-OL,1020,79660.0,KG,1849.87,1000,USD,07.07.2022,147360.64
4502473,10,25.06.2022,2000103,10000105,PHTHALIC ANHYDRIDE,1010,34920.0,KG,1166.34,1000,USD,10.07.2022,40728.59
4501260,10,26.06.2022,2000115,40000110,ISOPROPYL ALCOHOL,1020,32030.0,KG,1282.84,1000,USD,09.07.2022,41089.37
4501707,10,26.06.2022,2000101,10000101,PROPYLENE POLYMER GRADE,1010,250930.0,KG,1210.87,1000,USD,15.07.2022,303843.61
4501259,10,26.06.2022,2000115,40000110,ISOPROPYL ALCOHOL,1020,32030.0,KG,1260.37,1000,USD,10.07.2022,40369.65
4503752,10,26.06.2022,2000111,10000206,METHANOL,1020,38300.0,KG,496.38,1000,USD,05.07.2022,19011.35
4503751,10,26.06.2022,2000111,10000206,METHANOL,1020,38300.0,KG,501.75,1000,USD,06.07.2022,19217.03
4500200,10,26.06.2022,2000116,40000102,DIETHYLENE GLYCOL,1020,34590.0,KG,1373.41,1000,USD,11.07.2022,47506.25
4500420,10,26.06.2022,2000116,40000104,MONOPROPYLENE GLYCOL USP,1020,33550.0,KG,2128.1,1000,USD,14.07.2022,71397.76
4502070,10,27.06.2022,2000103,10000103,TEREPHTHALIC ACID PURIFIED,1010,46410.0,KG,1023.21,1000,USD,10.07.2022,47487.18
4504610,10,01.07.2022,2000115,10000109,CLEANING SOLVENT - GLYCOL ETHER,1010,1600.0,KG,2054.96,1000,USD,13.07.2022,3287.94
4503014,10,01.07.2022,2000107,10000201,ACRYLIC ACID GLACIAL,1020,59640.0,KG,2600.48,1000,USD,11.07.2022,155092.63
4500794,10,01.07.2022,2000118,40000107,METHYL METHACRYLATE,1020,35470.0,KG,2327.13,1000,USD,18.07.2022,82543.3
4504401,10,01.07.2022,2000114,10000210,BUTAN-1-OL,1020,52480.0,KG,1910.5,1000,USD,20.07.2022,100263.04
4501122,10,01.07.2022,2000115,40000109,METHYL ETHYL KETONE,1020,40640.0,KG,1601.91,1000,USD,06.07.2022,65101.62
4500424,10,02.07.2022,2000116,40000104,MONOPROPYLENE GLYCOL USP,1020,42710.0,KG,2088.13,1000,USD,13.07.2022,89184.03
4503013,10,02.07.2022,2000107,10000201,ACRYLIC ACID GLACIAL,1020,59640.0,KG,2666.37,1000,USD,11.07.2022,159022.31
4504175,10,02.07.2022,2000113,10000209,OCTANOL 2-ETHYL TECH GRADE,1020,59720.0,KG,2087.66,1000,USD,09.07.2022,124675.06
4502264,10,02.07.2022,2000104,10000104,ISONONANOL,1010,44410.0,KG,1479.04,1000,USD,18.07.2022,65684.17
4503577,10,2022-07-03,2000110,10000205,ETHANOL ANHYDROUS,1020,31220.0,KG,888.67,1000,USD,17.07.2022,27744.28
4502938,10,03.07.2022,2000106,10000108,TETRAISOPROPYL TITANATE CATALYST,1010,1270.0,KG,10172.41,1000,USD,13.07.2022,12918.96
4502475,10,03.07.2022,2000103,10000105,PHTHALIC ANHYDRIDE,1010,29740.0,KG,1203.7,1000,USD,10.07.2022,35798.04
4501928,10,03.07.2022,2000102,10000102,HYDROGEN,1010,26750.0,KG,2166.51,1000,USD,17.07.2022,57954.14
4501712,10,04.07.2022,2000101,10000101,PROPYLENE POLYMER GRADE,1010,264240.0,KG,1221.62,1000,USD,19.07.2022,322800.87
4504177,10,05.07.2022,2000113,10000209,OCTANOL 2-ETHYL TECH GRADE,1020,59720.0,KG,2014.46,1000,USD,15.07.2022,120303.55
4502075,10,05.07.2022,2000103,10000103,TEREPHTHALIC ACID PURIFIED,1010,60310.0,KG,1040.21,1000,USD,17.07.2022,62735.07
4500020,10,06.07.2022,2000116,40000101,MONOETHYLENE GLYCOL,1020,33350.0,KG,1188.34,1000,USD,21.07.2022,39631.14
4502074,10,07.07.2022,2000103,10000103,TEREPHTHALIC ACID PURIFIED,1010,60310.0,KG,1066.85,1000,USD,22.07.2022,64341.72
4503898,10,07.07.2022,2000112,10000207,PROPYLENE OXIDE,1020,30950.0,KG,2013.82,1000,USD,12.07.2022,62327.73
4504176,10,07.07.2022,2000114,10000209,OCTANOL 2-ETHYL TECH GRADE,1020,59720.0,KG,2125.85,1000,USD,26.07.2022,126955.76
4502476,10,07.07.2022,2000103,10000105,PHTHALIC ANHYDRIDE,1010,29740.0,KG,1198.46,1000,USD,24.07.2022,35642.2
4500594,10,07.07.2022,2000117,40000105,NEOPENTYL GLYCOL FLAKES,1020,20210.0,KG,2501.31,1000,USD,25.07.2022,50551.48
4503357,10,07.07.2022,2000109,10000204,ACETIC ACID GLACIAL,1020,57740.0,KG,1035.43,1000,USD,17.07.2022,59785.73
4502474,10,09.07.2022,2000103,10000105,PHTHALIC ANHYDRIDE,1010,29740.0,KG,1220.35,1000,USD,18.07.2022,36293.21
4500924,10,09.07.2022,2000115,40000108,ACETONE,1020,28200.0,KG,1096.37,1000,USD,29.07.2022,30917.63
4501711,10,2022-07-10,2000101,10000101,PROPYLENE POLYMER GRADE,1010,264240.0,KG,1225.52,1000,USD,16.07.2022,323831.4
4500423,10,10.07.2022,2000116,40000104,MONOPROPYLENE GLYCOL USP,1020,42710.0,KG,2139.23,1000,USD,16.07.2022,91366.51
4501929,10,11.07.2022,2000102,10000102,HYDROGEN,1010,26750.0,KG,2172.39,1000,USD,31.07.2022,58111.43
4501710,10,11.07.2022,2000101,10000101,PROPYLENE POLYMER GRADE,1010,264240.0,KG,1196.78,1000,USD,17.07.2022,316237.15
4501483,10,11.07.2022,2000119,40000111,EPOXIDIZED SOYBEAN OIL,1020,82680.0,KG,2211.93,1000,USD,30.07.2022,182882.37
4504178,10,12.07.2022,2000113,10000209,OCTANOL 2-ETHYL TECH GRADE,1020,59720.0,KG,1985.16,1000,USD,30.07.2022,118553.76
4503754,10,12.07.2022,2000111,10000206,METHANOL,1020,32700.0,KG,500.32,1000,USD,22.07.2022,16360.46
4502665,10,12.07.2022,2000105,10000106,ADIPIC ACID,1010,28370.0,KG,2370.08,1000,USD,01.08.2022,67239.17
4503222,10,2022-07-12,2000106,10000202,MEHQ INHIBITOR (4-METHOXYPHENOL),1020,100.0,KG,12837.8,1000,USD,20.07.2022,1283.78
4501482,10,13.07.2022,2000119,40000111,EPOXIDIZED SOYBEAN OIL,1020,82680.0,KG,2187.99,1000,USD,31.07.2022,180903.01
4500692,10,13.07.2022,2000117,40000106,TRIMETHYLOLPROPANE,1020,34210.0,KG,2821.87,1000,USD,28.07.2022,96536.17
4500425,10,13.07.2022,2000116,40000104,MONOPROPYLENE GLYCOL USP,1020,42710.0,KG,2142.92,1000,USD,28.07.2022,91524.11
4502666,10,13.07.2022,2000105,10000106,ADIPIC ACID,1010,28370.0,KG,2323.07,1000,USD,02.08.2022,65905.5
4500595,10,14.07.2022,2000117,40000105,NEOPENTYL GLYCOL FLAKES,1020,20210.0,KG,2473.26,1000,USD,01.08.2022,49984.58
4502812,10,14.07.2022,2000105,10000107,TRIMELLITIC ANHYDRIDE,1010,37660.0,KG,2879.44,1000,USD,25.07.2022,108439.71
4502664,10,15.07.2022,2000105,10000106,ADIPIC ACID,1010,28370.0,KG,2371.95,1000,USD,24.07.2022,67292.22
4500203,10,15.07.2022,2000116,40000102,DIETHYLENE GLYCOL,1020,31440.0,KG,1403.25,1000,USD,03.08.2022,44118.18
4500422,10,15.07.2022,2000116,40000104,MONOPROPYLENE GLYCOL USP,1020,42710.0,KG,2070.63,1000,USD,26.07.2022,88436.61
4500792,10,15.07.2022,2000118,40000107,METHYL METHACRYLATE,1020,35470.0,KG,2381.17,1000,USD,29.07.2022,84460.1
4503900,10,16.07.2022,2000112,10000207,PROPYLENE OXIDE,1020,30950.0,KG,2044.06,1000,USD,01.08.2022,63263.66
4502267,10,16.07.2022,2000104,10000104,ISONONANOL,1010,44410.0,KG,1502.25,1000,USD,22.07.2022,66714.92
4504400,10,16.07.2022,2000114,10000210,BUTAN-1-OL,1020,52480.0,KG,1960.82,1000,USD,24.07.2022,102903.83
4501484,10,16.07.2022,2000119,40000111,EPOXIDIZED SOYBEAN OIL,1020,82680.0,KG,2138.97,1000,USD,02.08.2022,176850.04
4501927,10,18.07.2022,2000101,10000102,HYDROGEN,1010,26750.0,KG,2240.75,1000,USD,29.07.2022,59940.06
4503015,10,18.07.2022,2000107,10000201,ACRYLIC ACID GLACIAL,1020,59640.0,KG,2634.4,1000,USD,07.08.2022,157115.62
4503354,10,18.07.2022,2000109,10000204,ACETIC ACID GLACIAL,1020,57740.0,KG,1017.39,1000,USD,30.07.2022,58744.1
4504403,10,2022-07-19,2000114,10000210,BUTAN-1-OL,1020,52480.0,KG,2002.69,1000,USD,26.07.2022,105101.17
4500691,10,19.07.2022,2000117,40000106,TRIMETHYLOLPROPANE,1020,34210.0,KG,2907.82,1000,USD,02.08.2022,99476.52
4501261,10,19.07.2022,2000115,40000110,ISOPROPYL ALCOHOL,1020,72920.0,KG,1283.86,1000,USD,03.08.2022,93619.07
4501263,10,20.07.2022,2000115,40000110,ISOPROPYL ALCOHOL,1020,72920.0,KG,1288.41,1000,USD,05.08.2022,93950.86
4500926,10,20.07.2022,2000115,40000108,ACETONE,1020,28200.0,KG,1115.18,1000,USD,04.08.2022,31448.08
4503899,10,20.07.2022,2000112,10000207,PROPYLENE OXIDE,1020,30950.0,KG,2026.56,1000,USD,02.08.2022,62722.03
4500202,10,21.07.2022,2000116,40000102,DIETHYLENE GLYCOL,1020,31440.0,KG,1364.29,1000,USD,05.08.2022,42893.28
4503897,10,21.07.2022,2000112,10000207,PROPYLENE OXIDE,1020,30950.0,KG,1956.14,1000,USD,07.08.2022,60542.53
4501485,10,22.07.2022,2000119,40000111,EPOXIDIZED SOYBEAN OIL,1020,82680.0,KG,2182.1,1000,USD,06.08.2022,180416.03
4503753,10,22.07.2022,2000111,10000206,METHANOL,1020,32700.0,KG,506.81,1000,USD,09.08.2022,16572.69
4501121,10,22.07.2022,2000115,40000109,METHYL ETHYL KETONE,1020,40640.0,KG,1586.51,1000,USD,29.07.2022,64475.77
4504402,10,22.07.2022,2000114,10000210,BUTAN-1-OL,1020,52480.0,KG,1945.93,1000,USD,07.08.2022,102122.41
4501713,10,23.07.2022,2000101,10000101,PROPYLENE POLYMER GRADE,1010,264240.0,KG,1211.56,1000,USD,07.08.2022,320142.61
4501124,10,23.07.2022,2000115,40000109,METHYL ETHYL KETONE,1020,40640.0,KG,1664.37,1000,USD,04.08.2022,67640.0
4502813,10,23.07.2022,2000105,10000107,TRIMELLITIC ANHYDRIDE,1010,37660.0,KG,2833.46,1000,USD,08.08.2022,106708.1
4500925,10,23.07.2022,2000115,40000108,ACETONE,1020,28200.0,KG,1089.84,1000,USD,29.07.2022,30733.49
4501123,10,23.07.2022,2000115,40000109,METHYL ETHYL KETONE,1020,40640.0,KG,1597.47,1000,USD,28.07.2022,64921.18
4501262,10,2022-07-24,2000115,40000110,ISOPROPYL ALCOHOL,1020,72920.0,KG,1278.07,1000,USD,05.08.2022,93196.86
4502072,10,24.07.2022,2000103,10000103,TEREPHTHALIC ACID PURIFIED,1010,60310.0,KG,1044.63,1000,USD,06.08.2022,63001.64
4503355,10,24.07.2022,2000109,10000204,ACETIC ACID GLACIAL,1020,57740.0,KG,980.31,1000,USD,09.08.2022,56603.1
4503356,10,24.07.2022,2000109,10000204,ACETIC ACID GLACIAL,1020,57740.0,KG,1001.98,1000,USD,13.08.2022,57854.33
4500019,10,24.07.2022,2000116,40000101,MONOETHYLENE GLYCOL,1020,33350.0,KG,1229.13,1000,USD,29.07.2022,40991.49
4504100,10,25.07.2022,2000108,10000208,SODIUM HYDROXIDE 50% SOLUTION,1020,360.0,KG,616.96,1000,USD,10.08.2022,222.11
4500204,10,25.07.2022,2000116,40000102,DIETHYLENE GLYCOL,1020,31440.0,KG,1411.99,1000,USD,09.08.2022,44392.97
4501264,10,25.07.2022,2000115,40000110,ISOPROPYL ALCOHOL,1020,72920.0,KG,1281.93,1000,USD,08.08.2022,93478.34
4502266,10,25.07.2022,2000104,10000104,ISONONANOL,1010,44410.0,KG,1500.33,1000,USD,09.08.2022,66629.66
4503578,10,25.07.2022,2000110,10000205,ETHANOL ANHYDROUS,1020,31220.0,KG,865.45,1000,USD,03.08.2022,27019.35
4503576,10,25.07.2022,2000110,10000205,ETHANOL ANHYDROUS,1020,31220.0,KG,903.32,1000,USD,14.08.2022,28201.65
4500793,10,25.07.2022,2000118,40000107,METHYL METHACRYLATE,1020,35470.0,KG,2318.36,1000,USD,31.07.2022,82232.23
4502265,10,26.07.2022,2000104,10000104,ISONONANOL,1010,44410.0,KG,1567.07,1000,USD,08.08.2022,69593.58
4503279,10,27.07.2022,2000108,10000203,SULFURIC ACID 98%,1020,4510.0,KG,133.98,1000,USD,09.08.2022,604.25
4503016,10,27.07.2022,2000107,10000201,ACRYLIC ACID GLACIAL,1020,59640.0,KG,2685.68,1000,USD,02.08.2022,160173.96
4502073,10,27.07.2022,2000103,10000103,TEREPHTHALIC ACID PURIFIED,1010,60310.0,KG,1064.9,1000,USD,03.08.2022,64224.12
4500021,10,27.07.2022,2000116,40000101,MONOETHYLENE GLYCOL,1020,33350.0,KG,1216.66,1000,USD,03.08.2022,40575.61
4504406,10,01.08.2022,2000113,10000210,BUTAN-1-OL,1020,61050.0,KG,1818.29,1000,USD,21.08.2022,111006.6
4501265,10,2022-08-01,2000115,40000110,ISOPROPYL ALCOHOL,1020,38650.0,KG,1251.94,1000,USD,13.08.2022,48387.48
4502269,10,01.08.2022,2000104,10000104,ISONONANOL,1010,32400.0,KG,1465.45,1000,USD,20.08.2022,47480.58
4502079,10,01.08.2022,2000103,10000103,TEREPHTHALIC ACID PURIFIED,1010,55210.0,KG,1063.08,1000,USD,15.08.2022,58692.65
4502076,10,01.08.2022,2000103,10000103,TEREPHTHALIC ACID PURIFIED,1010,55210.0,KG,1041.24,1000,USD,13.08.2022,57486.86
4504180,10,02.08.2022,2000114,10000209,OCTANOL 2-ETHYL TECH GRADE,1020,67980.0,KG,2080.51,1000,USD,11.08.2022,141433.07
4500796,10,02.08.2022,2000118,40000107,METHYL METHACRYLATE,1020,36660.0,KG,2325.55,1000,USD,19.08.2022,85254.66
4500797,10,02.08.2022,2000118,40000107,METHYL METHACRYLATE,1020,36660.0,KG,2327.72,1000,USD,10.08.2022,85334.22
4500023,10,02.08.2022,2000116,40000101,MONOETHYLENE GLYCOL,1020,32890.0,KG,1191.33,1000,USD,20.08.2022,39182.84
4500693,10,02.08.2022,2000117,40000106,TRIMETHYLOLPROPANE,1020,16760.0,KG,2812.61,1000,USD,15.08.2022,47139.34
4503280,10,03.08.2022,2000108,10000203,SULFURIC ACID 98%,1020,5460.0,KG,137.09,1000,USD,08.08.2022,748.51
4503018,10,03.08.2022,2000107,10000201,ACRYLIC ACID GLACIAL,1020,79440.0,KG,2727.04,1000,USD,14.08.2022,216636.06
4503361,10,03.08.2022,2000109,10000204,ACETIC ACID GLACIAL,1020,60380.0,KG,959.59,1000,USD,09.08.2022,57940.04
4504404,10,2022-08-03,2000113,10000210,BUTAN-1-OL,1020,61050.0,KG,1865.76,1000,USD,17.08.2022,113904.65
4501717,10,03.08.2022,2000101,10000101,PROPYLENE POLYMER GRADE,1010,264570.0,KG,1214.27,1000,USD,15.08.2022,321259.41
4503358,10,03.08.2022,2000109,10000204,ACETIC ACID GLACIAL,1020,60380.0,KG,994.36,1000,USD,19.08.2022,60039.46
4500205,10,04.08.2022,2000116,40000102,DIETHYLENE GLYCOL,1020,37000.0,KG,1393.31,1000,USD,24.08.2022,51552.47
4502939,10,04.08.2022,2000106,10000108,TETRAISOPROPYL TITANATE CATALYST,1010,1290.0,KG,10099.41,1000,USD,17.08.2022,13028.24
4500795,10,04.08.2022,2000118,40000107,METHYL METHACRYLATE,1020,36660.0,KG,2360.51,1000,USD,13.08.2022,86536.3
4504181,10,05.08.2022,2000113,10000209,OCTANOL 2-ETHYL TECH GRADE,1020,67980.0,KG,2122.49,1000,USD,11.08.2022,144286.87
4503579,10,05.08.2022,2000110,10000205,ETHANOL ANHYDROUS,1020,36600.0,KG,866.93,1000,USD,17.08.2022,31729.64
4502077,10,05.08.2022,2000103,10000103,TEREPHTHALIC ACID PURIFIED,1010,55210.0,KG,1045.79,1000,USD,21.08.2022,57738.07
4503223,10,05.08.2022,2000106,10000202,MEHQ INHIBITOR (4-METHOXYPHENOL),1020,130.0,KG,13052.54,1000,USD,12.08.2022,1696.83
4500426,10,06.08.2022,2000116,40000104,MONOPROPYLENE GLYCOL USP,1020,36900.0,KG,2134.57,1000,USD,12.08.2022,78765.63
4501488,10,07.08.2022,2000119,40000111,EPOXIDIZED SOYBEAN OIL,1020,65330.0,KG,2192.14,1000,USD,26.08.2022,143212.51
4502667,10,07.08.2022,2000105,10000106,ADIPIC ACID,1010,32320.0,KG,2320.48,1000,USD,21.08.2022,74997.91
4503902,10,07.08.2022,2000112,10000207,PROPYLENE OXIDE,1020,38050.0,KG,2034.16,1000,USD,24.08.2022,77399.79
4501716,10,07.08.2022,2000101,10000101,PROPYLENE POLYMER GRADE,1010,264570.0,KG,1221.69,1000,USD,12.08.2022,323222.52
4501714,10,08.08.2022,2000101,10000101,PROPYLENE POLYMER GRADE,1010,264570.0,KG,1225.01,1000,USD,18.08.2022,324100.9
4500596,10,08.08.2022,2000117,40000105,NEOPENTYL GLYCOL FLAKES,1020,24660.0,KG,2412.02,1000,USD,28.08.2022,59480.41
4502268,10,09.08.2022,2000104,10000104,ISONONANOL,1010,32400.0,KG,1488.46,1000,USD,17.08.2022,48226.1
4503580,10,09.08.2022,2000110,10000205,ETHANOL ANHYDROUS,1020,36600.0,KG,894.56,1000,USD,23.08.2022,32740.9
4501486,10,09.08.2022,2000119,40000111,EPOXIDIZED SOYBEAN OIL,1020,65330.0,KG,2222.16,1000,USD,15.08.2022,145173.71
4502270,10,10.08.2022,2000104,10000104,ISONONANOL,1010,32400.0,KG,1462.8,1000,USD,25.08.2022,47394.72
4502670,10,11.08.2022,2000105,10000106,ADIPIC ACID,1010,32320.0,KG,2332.4,1000,USD,29.08.2022,75383.17
4500207,10,2022-08-11,2000116,40000102,DIETHYLENE GLYCOL,1020,37000.0,KG,1345.05,1000,USD,17.08.2022,49766.85
4500928,10,11.08.2022,2000115,40000108,ACETONE,1020,31990.0,KG,1130.99,1000,USD,22.08.2022,36180.37
4503359,10,11.08.2022,2000109,10000204,ACETIC ACID GLACIAL,1020,60380.0,KG,978.1,1000,USD,18.08.2022,59057.68
4500024,10,12.08.2022,2000116,40000101,MONOETHYLENE GLYCOL,1020,32890.0,KG,1223.99,1000,USD,22.08.2022,40257.03
4502815,10,12.08.2022,2000105,10000107,TRIMELLITIC ANHYDRIDE,1010,35410.0,KG,2934.89,1000,USD,31.08.2022,103924.45
4501931,10,12.08.2022,2000102,10000102,HYDROGEN,1010,27430.0,KG,2208.04,1000,USD,18.08.2022,60566.54
4504405,10,12.08.2022,2000113,10000210,BUTAN-1-OL,1020,61050.0,KG,1848.88,1000,USD,18.08.2022,112874.12
4503581,10,13.08.2022,2000110,10000205,ETHANOL ANHYDROUS,1020,36600.0,KG,886.65,1000,USD,25.08.2022,32451.39
4504179,10,13.08.2022,2000114,10000209,OCTANOL 2-ETHYL TECH GRADE,1020,67980.0,KG,2047.31,1000,USD,29.08.2022,139176.13
4500022,10,13.08.2022,2000116,40000101,MONOETHYLENE GLYCOL,1020,32890.0,KG,1169.5,1000,USD,22.08.2022,38464.86
4503756,10,14.08.2022,2000111,10000206,METHANOL,1020,34060.0,KG,484.05,1000,USD,20.08.2022,16486.74
4504611,10,14.08.2022,2000115,10000109,CLEANING SOLVENT - GLYCOL ETHER,1010,1600.0,KG,2096.81,1000,USD,03.09.2022,3354.9
4500929,10,14.08.2022,2000115,40000108,ACETONE,1020,31990.0,KG,1122.29,1000,USD,20.08.2022,35902.06
4501487,10,14.08.2022,2000119,40000111,EPOXIDIZED SOYBEAN OIL,1020,65330.0,KG,2203.41,1000,USD,20.08.2022,143948.78
4503755,10,15.08.2022,2000111,10000206,METHANOL,1020,34060.0,KG,483.63,1000,USD,29.08.2022,16472.44
4503901,10,15.08.2022,2000112,10000207,PROPYLENE OXIDE,1020,38050.0,KG,2023.61,1000,USD,03.09.2022,76998.36
4503019,10,15.08.2022,2000107,10000201,ACRYLIC ACID GLACIAL,1020,79440.0,KG,2608.96,1000,USD,29.08.2022,207255.78
4500427,10,15.08.2022,2000116,40000104,MONOPROPYLENE GLYCOL USP,1020,36900.0,KG,2073.85,1000,USD,23.08.2022,76525.06
4501266,10,15.08.2022,2000115,40000110,ISOPROPYL ALCOHOL,1020,38650.0,KG,1258.23,1000,USD,02.09.2022,48630.59
4501932,10,16.08.2022,2000102,10000102,HYDROGEN,1010,27430.0,KG,2182.76,1000,USD,25.08.2022,59873.11
4503903,10,16.08.2022,2000112,10000207,PROPYLENE OXIDE,1020,38050.0,KG,1970.92,1000,USD,26.08.2022,74993.51
4504101,10,16.08.2022,2000108,10000208,SODIUM HYDROXIDE 50% SOLUTION,1020,430.0,KG,606.61,1000,USD,30.08.2022,260.84
4503020,10,16.08.2022,2000107,10000201,ACRYLIC ACID GLACIAL,1020,79440.0,KG,2652.61,1000,USD,05.09.2022,210723.34
4501268,10,17.08.2022,2000115,40000110,ISOPROPYL ALCOHOL,1020,38650.0,KG,1251.5,1000,USD,25.08.2022,48370.48
4500208,10,18.08.2022,2000116,40000102,DIETHYLENE GLYCOL,1020,37000.0,KG,1391.88,1000,USD,03.09.2022,51499.56
4504407,10,18.08.2022,2000113,10000210,BUTAN-1-OL,1020,61050.0,KG,1890.04,1000,USD,06.09.2022,115386.94
4501489,10,18.08.2022,2000119,40000111,EPOXIDIZED SOYBEAN OIL,1020,65330.0,KG,2263.03,1000,USD,26.08.2022,147843.75
4503904,10,19.08.2022,2000112,10000207,PROPYLENE OXIDE,1020,38050.0,KG,1992.43,1000,USD,30.08.2022,75811.96
4502478,10,19.08.2022,2000103,10000105,PHTHALIC ANHYDRIDE,1010,32520.0,KG,1168.68,1000,USD,24.08.2022,38005.47
4502668,10,20.08.2022,2000105,10000106,ADIPIC ACID,1010,32320.0,KG,2375.37,1000,USD,26.08.2022,76771.96
4503017,10,20.08.2022,2000107,10000201,ACRYLIC ACID GLACIAL,1020,79440.0,KG,2608.13,1000,USD,09.09.2022,207189.85
4502477,10,21.08.2022,2000103,10000105,PHTHALIC ANHYDRIDE,1010,32520.0,KG,1203.36,1000,USD,30.08.2022,39133.27
4502669,10,21.08.2022,2000105,10000106,ADIPIC ACID,1010,32320.0,KG,2328.6,1000,USD,04.09.2022,75260.35
4501715,10,21.08.2022,2000101,10000101,PROPYLENE POLYMER GRADE,1010,264570.0,KG,1185.83,1000,USD,06.09.2022,313735.04
4500206,10,23.08.2022,2000116,40000102,DIETHYLENE GLYCOL,1020,37000.0,KG,1371.13,1000,USD,29.08.2022,50731.81
4501930,10,23.08.2022,2000102,10000102,HYDROGEN,1010,27430.0,KG,2161.48,1000,USD,11.09.2022,59289.4
4502271,10,23.08.2022,2000104,10000104,ISONONANOL,1010,32400.0,KG,1499.92,1000,USD,08.09.2022,48597.41
4501125,10,23.08.2022,2000115,40000109,METHYL ETHYL KETONE,1020,32150.0,KG,1509.87,1000,USD,08.09.2022,48542.32
4502078,10,23.08.2022,2000103,10000103,TEREPHTHALIC ACID PURIFIED,1010,55210.0,KG,1032.04,1000,USD,29.08.2022,56978.93
4502814,10,24.08.2022,2000105,10000107,TRIMELLITIC ANHYDRIDE,1010,35410.0,KG,2878.71,1000,USD,11.09.2022,101935.12
4501267,10,24.08.2022,2000115,40000110,ISOPROPYL ALCOHOL,1020,38650.0,KG,1257.43,1000,USD,03.09.2022,48599.67
4503360,10,24.08.2022,2000109,10000204,ACETIC ACID GLACIAL,1020,60380.0,KG,977.77,1000,USD,02.09.2022,59037.75
4500927,10,25.08.2022,2000115,40000108,ACETONE,1020,31990.0,KG,1141.84,1000,USD,06.09.2022,36527.46
4504182,10,25.08.2022,2000114,10000209,OCTANOL 2-ETHYL TECH GRADE,1020,67980.0,KG,2145.0,1000,USD,07.09.2022,145817.1
4500025,10,2022-08-26,2000116,40000101,MONOETHYLENE GLYCOL,1020,32890.0,KG,1228.59,1000,USD,03.09.2022,40408.33
4500798,10,01.09.2022,2000118,40000107,METHYL METHACRYLATE,1020,31490.0,KG,2278.13,1000,USD,11.09.2022,71738.31
4502273,10,01.09.2022,2000104,10000104,ISONONANOL,1010,40040.0,KG,1475.36,1000,USD,13.09.2022,59073.41
4504408,10,02.09.2022,2000113,10000210,BUTAN-1-OL,1020,56310.0,KG,1791.26,1000,USD,14.09.2022,100865.85
4501269,10,02.09.2022,2000115,40000110,ISOPROPYL ALCOHOL,1020,35680.0,KG,1218.61,1000,USD,18.09.2022,43480.0
4503759,10,02.09.2022,2000111,10000206,METHANOL,1020,30690.0,KG,476.25,1000,USD,14.09.2022,14616.11
4502083,10,03.09.2022,2000103,10000103,TEREPHTHALIC ACID PURIFIED,1010,60370.0,KG,1074.21,1000,USD,12.09.2022,64850.06
4500430,10,03.09.2022,2000116,40000104,MONOPROPYLENE GLYCOL USP,1020,32630.0,KG,2045.39,1000,USD,19.09.2022,66741.08
4502940,10,04.09.2022,2000106,10000108,TETRAISOPROPYL TITANATE CATALYST,1010,1100.0,KG,9983.5,1000,USD,09.09.2022,10981.85
4501719,10,04.09.2022,2000101,10000101,PROPYLENE POLYMER GRADE,1010,281370.0,KG,1192.98,1000,USD,13.09.2022,335668.78
4503908,10,05.09.2022,2000112,10000207,PROPYLENE OXIDE,1020,49920.0,KG,1949.47,1000,USD,13.09.2022,97317.54
4500027,10,05.09.2022,2000116,40000101,MONOETHYLENE GLYCOL,1020,30280.0,KG,1182.02,1000,USD,20.09.2022,35791.57
4501492,10,06.09.2022,2000119,40000111,EPOXIDIZED SOYBEAN OIL,1020,55970.0,KG,2282.98,1000,USD,15.09.2022,127778.39
4500695,10,06.09.2022,2000117,40000106,TRIMETHYLOLPROPANE,1020,28220.0,KG,2897.5,1000,USD,18.09.2022,81767.45
4504184,10,07.09.2022,2000113,10000209,OCTANOL 2-ETHYL TECH GRADE,1020,56670.0,KG,2006.47,1000,USD,20.09.2022,113706.65
4501491,10,07.09.2022,2000119,40000111,EPOXIDIZED SOYBEAN OIL,1020,55970.0,KG,2203.31,1000,USD,20.09.2022,123319.26
4501934,10,07.09.2022,2000101,10000102,HYDROGEN,1010,27100.0,KG,2093.43,1000,USD,27.09.2022,56731.95
4503584,10,07.09.2022,2000110,10000205,ETHANOL ANHYDROUS,1020,44490.0,KG,902.96,1000,USD,12.09.2022,40172.69
4503906,10,07.09.2022,2000112,10000207,PROPYLENE OXIDE,1020,49920.0,KG,1948.66,1000,USD,19.09.2022,97277.11
4503905,10,07.09.2022,2000112,10000207,PROPYLENE OXIDE,1020,49920.0,KG,1967.15,1000,USD,22.09.2022,98200.13
4503362,10,07.09.2022,2000109,10000204,ACETIC ACID GLACIAL,1020,85470.0,KG,955.49,1000,USD,21.09.2022,81665.73
4501490,10,08.09.2022,2000119,40000111,EPOXIDIZED SOYBEAN OIL,1020,55970.0,KG,2213.1,1000,USD,28.09.2022,123867.21
4500932,10,08.09.2022,2000115,40000108,ACETONE,1020,38060.0,KG,1102.97,1000,USD,13.09.2022,41979.04
4502272,10,09.09.2022,2000104,10000104,ISONONANOL,1010,40040.0,KG,1461.16,1000,USD,18.09.2022,58504.85
4502816,10,09.09.2022,2000105,10000107,TRIMELLITIC ANHYDRIDE,1010,23780.0,KG,2736.27,1000,USD,29.09.2022,65068.5
4502275,10,09.09.2022,2000104,10000104,ISONONANOL,1010,40040.0,KG,1447.97,1000,USD,28.09.2022,57976.72
4503365,10,09.09.2022,2000109,10000204,ACETIC ACID GLACIAL,1020,85470.0,KG,982.06,1000,USD,22.09.2022,83936.67
4503758,10,09.09.2022,2000111,10000206,METHANOL,1020,30690.0,KG,492.94,1000,USD,17.09.2022,15128.33
4504409,10,09.09.2022,2000114,10000210,BUTAN-1-OL,1020,56310.0,KG,1898.94,1000,USD,15.09.2022,106929.31
4502671,10,09.09.2022,2000105,10000106,ADIPIC ACID,1010,27020.0,KG,2252.6,1000,USD,18.09.2022,60865.25
4500799,10,09.09.2022,2000118,40000107,METHYL METHACRYLATE,1020,31490.0,KG,2214.04,1000,USD,22.09.2022,69720.12
4503021,10,10.09.2022,2000107,10000201,ACRYLIC ACID GLACIAL,1020,59220.0,KG,2597.21,1000,USD,23.09.2022,153806.78
4504411,10,11.09.2022,2000113,10000210,BUTAN-1-OL,1020,56310.0,KG,1847.34,1000,USD,26.09.2022,104023.72
4503364,10,11.09.2022,2000109,10000204,ACETIC ACID GLACIAL,1020,85470.0,KG,1009.7,1000,USD,16.09.2022,86299.06
4503757,10,11.09.2022,2000111,10000206,METHANOL,1020,30690.0,KG,476.6,1000,USD,26.09.2022,14626.85
4500930,10,12.09.2022,2000115,40000108,ACETONE,1020,38060.0,KG,1079.1,1000,USD,01.10.2022,41070.55
4500694,10,12.09.2022,2000117,40000106,TRIMETHYLOLPROPANE,1020,28220.0,KG,2761.99,1000,USD,23.09.2022,77943.36
4502480,10,13.09.2022,2000103,10000105,PHTHALIC ANHYDRIDE,1010,39840.0,KG,1232.4,1000,USD,01.10.2022,49098.82
4502274,10,2022-09-13,2000104,10000104,ISONONANOL,1010,40040.0,KG,1445.29,1000,USD,30.09.2022,57869.41
4502080,10,13.09.2022,2000103,10000103,TEREPHTHALIC ACID PURIFIED,1010,60370.0,KG,1009.61,1000,USD,25.09.2022,60950.16
4501718,10,13.09.2022,2000101,10000101,PROPYLENE POLYMER GRADE,1010,281370.0,KG,1220.26,1000,USD,02.10.2022,343344.56
4500428,10,13.09.2022,2000116,40000104,MONOPROPYLENE GLYCOL USP,1020,32630.0,KG,2026.98,1000,USD,27.09.2022,66140.36
4504185,10,14.09.2022,2000113,10000209,OCTANOL 2-ETHYL TECH GRADE,1020,56670.0,KG,2001.45,1000,USD,04.10.2022,113422.17
4501721,10,15.09.2022,2000101,10000101,PROPYLENE POLYMER GRADE,1010,281370.0,KG,1192.68,1000,USD,03.10.2022,335584.37
4500800,10,2022-09-16,2000118,40000107,METHYL METHACRYLATE,1020,31490.0,KG,2326.5,1000,USD,05.10.2022,73261.48
4501270,10,16.09.2022,2000115,40000110,ISOPROPYL ALCOHOL,1020,35680.0,KG,1256.7,1000,USD,05.10.2022,44839.06
4502672,10,16.09.2022,2000105,10000106,ADIPIC ACID,1010,27020.0,KG,2298.11,1000,USD,06.10.2022,62094.93
4501272,10,16.09.2022,2000115,40000110,ISOPROPYL ALCOHOL,1020,35680.0,KG,1224.55,1000,USD,04.10.2022,43691.94
4504102,10,16.09.2022,2000108,10000208,SODIUM HYDROXIDE 50% SOLUTION,1020,580.0,KG,604.69,1000,USD,27.09.2022,350.72
4502479,10,17.09.2022,2000103,10000105,PHTHALIC ANHYDRIDE,1010,39840.0,KG,1212.74,1000,USD,30.09.2022,48315.56
4501933,10,17.09.2022,2000102,10000102,HYDROGEN,1010,27100.0,KG,2143.96,1000,USD,06.10.2022,58101.32
4501720,10,17.09.2022,2000101,10000101,PROPYLENE POLYMER GRADE,1010,281370.0,KG,1239.98,1000,USD,27.09.2022,348893.17
4502817,10,18.09.2022,2000105,10000107,TRIMELLITIC ANHYDRIDE,1010,23780.0,KG,2890.72,1000,USD,23.09.2022,68741.32
4500028,10,18.09.2022,2000116,40000101,MONOETHYLENE GLYCOL,1020,30280.0,KG,1194.41,1000,USD,26.09.2022,36166.73
4503024,10,18.09.2022,2000107,10000201,ACRYLIC ACID GLACIAL,1020,59220.0,KG,2589.07,1000,USD,23.09.2022,153324.73
4503224,10,19.09.2022,2000106,10000202,MEHQ INHIBITOR (4-METHOXYPHENOL),1020,110.0,KG,12974.07,1000,USD,01.10.2022,1427.15
4500429,10,19.09.2022,2000116,40000104,MONOPROPYLENE GLYCOL USP,1020,32630.0,KG,2050.62,1000,USD,04.10.2022,66911.73
4503582,10,20.09.2022,2000110,10000205,ETHANOL ANHYDROUS,1020,44490.0,KG,881.08,1000,USD,27.09.2022,39199.25
4503585,10,20.09.2022,2000110,10000205,ETHANOL ANHYDROUS,1020,44490.0,KG,867.0,1000,USD,29.09.2022,38572.83
4503907,10,20.09.2022,2000112,10000207,PROPYLENE OXIDE,1020,49920.0,KG,1977.17,1000,USD,10.10.2022,98700.33
4501935,10,2022-09-20,2000101,10000102,HYDROGEN,1010,27100.0,KG,2168.11,1000,USD,02.10.2022,58755.78
4504183,10,20.09.2022,2000113,10000209,OCTANOL 2-ETHYL TECH GRADE,1020,56670.0,KG,2024.88,1000,USD,10.10.2022,114749.95
4500597,10,20.09.2022,2000117,40000105,NEOPENTYL GLYCOL FLAKES,1020,19890.0,KG,2355.46,1000,USD,28.09.2022,46850.1
4504410,10,21.09.2022,2000113,10000210,BUTAN-1-OL,1020,56310.0,KG,1851.27,1000,USD,28.09.2022,104245.01
4502082,10,21.09.2022,2000103,10000103,TEREPHTHALIC ACID PURIFIED,1010,60370.0,KG,1022.69,1000,USD,08.10.2022,61739.8
4500026,10,21.09.2022,2000116,40000101,MONOETHYLENE GLYCOL,1020,30280.0,KG,1207.15,1000,USD,26.09.2022,36552.5
4504612,10,22.09.2022,2000115,10000109,CLEANING SOLVENT - GLYCOL ETHER,1010,3500.0,KG,2053.68,1000,USD,05.10.2022,7187.88
4503023,10,22.09.2022,2000107,10000201,ACRYLIC ACID GLACIAL,1020,59220.0,KG,2613.72,1000,USD,29.09.2022,154784.5
4502081,10,2022-09-23,2000103,10000103,TEREPHTHALIC ACID PURIFIED,1010,60370.0,KG,1031.64,1000,USD,03.10.2022,62280.11
4500209,10,23.09.2022,2000116,40000102,DIETHYLENE GLYCOL,1020,27110.0,KG,1411.37,1000,USD,03.10.2022,38262.24
4501493,10,23.09.2022,2000119,40000111,EPOXIDIZED SOYBEAN OIL,1020,55970.0,KG,2159.7,1000,USD,10.10.2022,120878.41
4503363,10,24.09.2022,2000109,10000204,ACETIC ACID GLACIAL,1020,85470.0,KG,1002.4,1000,USD,09.10.2022,85675.13
4502673,10,25.09.2022,2000105,10000106,ADIPIC ACID,1010,27020.0,KG,2230.38,1000,USD,12.10.2022,60264.87
4503281,10,25.09.2022,2000108,10000203,SULFURIC ACID 98%,1020,5560.0,KG,130.85,1000,USD,03.10.2022,727.53
4504186,10,26.09.2022,2000114,10000209,OCTANOL 2-ETHYL TECH GRADE,1020,56670.0,KG,2113.79,1000,USD,12.10.2022,119788.48
4503022,10,26.09.2022,2000107,10000201,ACRYLIC ACID GLACIAL,1020,59220.0,KG,2645.34,1000,USD,04.10.2022,156657.03
4500360,10,26.09.2022,2000116,40000103,TRIETHYLENE GLYCOL,1020,18420.0,KG,1860.12,1000,USD,06.10.2022,34263.41
4501271,10,2022-09-26,2000115,40000110,ISOPROPYL ALCOHOL,1020,35680.0,KG,1273.3,1000,USD,10.10.2022,45431.34
4500029,10,26.09.2022,2000116,40000101,MONOETHYLENE GLYCOL,1020,30280.0,KG,1176.97,1000,USD,16.10.2022,35638.65
4503583,10,27.09.2022,2000110,10000205,ETHANOL ANHYDROUS,1020,44490.0,KG,852.2,1000,USD,17.10.2022,37914.38
4500210,10,2022-09-27,2000116,40000102,DIETHYLENE GLYCOL,1020,27110.0,KG,1377.24,1000,USD,03.10.2022,37336.98
4500931,10,27.09.2022,2000115,40000108,ACETONE,1020,38060.0,KG,1057.25,1000,USD,08.10.2022,40238.94
4500804,10,01.10.2022,2000118,40000107,METHYL METHACRYLATE,1020,30640.0,KG,2317.81,1000,USD,13.10.2022,71017.7
4500803,10,01.10.2022,2000118,40000107,METHYL METHACRYLATE,1020,30640.0,KG,2325.36,1000,USD,09.10.2022,71249.03
4501936,10,02.10.2022,2000101,10000102,HYDROGEN,1010,29940.0,KG,2143.7,1000,USD,16.10.2022,64182.38
4500432,10,2022-10-02,2000116,40000104,MONOPROPYLENE GLYCOL USP,1020,35610.0,KG,2165.4,1000,USD,21.10.2022,77109.89
4503760,10,02.10.2022,2000111,10000206,METHANOL,1020,28270.0,KG,492.93,1000,USD,22.10.2022,13935.13
4500934,10,02.10.2022,2000115,40000108,ACETONE,1020,44380.0,KG,1112.07,1000,USD,11.10.2022,49353.67
4502676,10,03.10.2022,2000105,10000106,ADIPIC ACID,1010,38600.0,KG,2201.86,1000,USD,11.10.2022,84991.8
4502941,10,03.10.2022,2000106,10000108,TETRAISOPROPYL TITANATE CATALYST,1010,1350.0,KG,9619.73,1000,USD,09.10.2022,12986.64
4503369,10,03.10.2022,2000109,10000204,ACETIC ACID GLACIAL,1020,80970.0,KG,1030.94,1000,USD,11.10.2022,83475.21
4503026,10,03.10.2022,2000107,10000201,ACRYLIC ACID GLACIAL,1020,42840.0,KG,2589.48,1000,USD,08.10.2022,110933.32
4502819,10,03.10.2022,2000105,10000107,TRIMELLITIC ANHYDRIDE,1010,37990.0,KG,2757.4,1000,USD,11.10.2022,104753.63
4501725,10,03.10.2022,2000101,10000101,PROPYLENE POLYMER GRADE,1010,304550.0,KG,1190.31,1000,USD,13.10.2022,362508.91
4501938,10,03.10.2022,2000102,10000102,HYDROGEN,1010,29940.0,KG,2171.89,1000,USD,14.10.2022,65026.39
4503367,10,04.10.2022,2000109,10000204,ACETIC ACID GLACIAL,1020,80970.0,KG,962.18,1000,USD,20.10.2022,77907.71
4500801,10,04.10.2022,2000118,40000107,METHYL METHACRYLATE,1020,30640.0,KG,2306.97,1000,USD,23.10.2022,70685.56
4500030,10,05.10.2022,2000116,40000101,MONOETHYLENE GLYCOL,1020,30730.0,KG,1193.83,1000,USD,23.10.2022,36686.4
4503761,10,05.10.2022,2000111,10000206,METHANOL,1020,28270.0,KG,509.67,1000,USD,22.10.2022,14408.37
4503911,10,05.10.2022,2000112,10000207,PROPYLENE OXIDE,1020,44780.0,KG,1921.61,1000,USD,13.10.2022,86049.7
4501724,10,05.10.2022,2000101,10000101,PROPYLENE POLYMER GRADE,1010,304550.0,KG,1187.74,1000,USD,16.10.2022,361726.22
4501937,10,06.10.2022,2000101,10000102,HYDROGEN,1010,29940.0,KG,2160.91,1000,USD,16.10.2022,64697.65
4500434,10,06.10.2022,2000116,40000104,MONOPROPYLENE GLYCOL USP,1020,35610.0,KG,2128.13,1000,USD,20.10.2022,75782.71
4502087,10,06.10.2022,2000103,10000103,TEREPHTHALIC ACID PURIFIED,1010,64770.0,KG,1078.23,1000,USD,26.10.2022,69836.96
4504613,10,06.10.2022,2000115,10000109,CLEANING SOLVENT - GLYCOL ETHER,1010,3400.0,KG,2120.68,1000,USD,23.10.2022,7210.31
4500361,10,07.10.2022,2000116,40000103,TRIETHYLENE GLYCOL,1020,15130.0,KG,1920.16,1000,USD,21.10.2022,29052.02
4501274,10,08.10.2022,2000115,40000110,ISOPROPYL ALCOHOL,1020,45430.0,KG,1258.3,1000,USD,21.10.2022,57164.57
4503225,10,08.10.2022,2000106,10000202,MEHQ INHIBITOR (4-METHOXYPHENOL),1020,70.0,KG,13049.54,1000,USD,18.10.2022,913.47
4500032,10,08.10.2022,2000116,40000101,MONOETHYLENE GLYCOL,1020,30730.0,KG,1205.22,1000,USD,22.10.2022,37036.41
4502279,10,08.10.2022,2000104,10000104,ISONONANOL,1010,32110.0,KG,1464.73,1000,USD,17.10.2022,47032.48
4501495,10,09.10.2022,2000119,40000111,EPOXIDIZED SOYBEAN OIL,1020,74180.0,KG,2248.4,1000,USD,18.10.2022,166786.31
4502277,10,09.10.2022,2000104,10000104,ISONONANOL,1010,32110.0,KG,1449.72,1000,USD,24.10.2022,46550.51
4502276,10,09.10.2022,2000104,10000104,ISONONANOL,1010,32110.0,KG,1513.03,1000,USD,27.10.2022,48583.39
4502085,10,09.10.2022,2000103,10000103,TEREPHTHALIC ACID PURIFIED,1010,64770.0,KG,1043.55,1000,USD,19.10.2022,67590.73
4502481,10,09.10.2022,2000103,10000105,PHTHALIC ANHYDRIDE,1010,31940.0,KG,1241.23,1000,USD,15.10.2022,39644.89
4500211,10,10.10.2022,2000116,40000102,DIETHYLENE GLYCOL,1020,25040.0,KG,1414.32,1000,USD,23.10.2022,35414.57
4501723,10,2022-10-10,2000101,10000101,PROPYLENE POLYMER GRADE,1010,304550.0,KG,1208.16,1000,USD,23.10.2022,367945.13
4503282,10,10.10.2022,2000108,10000203,SULFURIC ACID 98%,1020,4640.0,KG,136.14,1000,USD,18.10.2022,631.69
4503366,10,10.10.2022,2000109,10000204,ACETIC ACID GLACIAL,1020,80970.0,KG,965.81,1000,USD,19.10.2022,78201.64
4503587,10,11.10.2022,2000110,10000205,ETHANOL ANHYDROUS,1020,33180.0,KG,849.49,1000,USD,26.10.2022,28186.08
4500802,10,11.10.2022,2000118,40000107,METHYL METHACRYLATE,1020,30640.0,KG,2278.99,1000,USD,26.10.2022,69828.25
4500598,10,12.10.2022,2000117,40000105,NEOPENTYL GLYCOL FLAKES,1020,27370.0,KG,2390.67,1000,USD,22.10.2022,65432.64
4503762,10,12.10.2022,2000111,10000206,METHANOL,1020,28270.0,KG,481.23,1000,USD,17.10.2022,13604.37
4501126,10,12.10.2022,2000115,40000109,METHYL ETHYL KETONE,1020,32680.0,KG,1608.11,1000,USD,23.10.2022,52553.03
4502084,10,14.10.2022,2000103,10000103,TEREPHTHALIC ACID PURIFIED,1010,64770.0,KG,1055.69,1000,USD,24.10.2022,68377.04
4501276,10,15.10.2022,2000115,40000110,ISOPROPYL ALCOHOL,1020,45430.0,KG,1270.62,1000,USD,22.10.2022,57724.27
4504415,10,15.10.2022,2000113,10000210,BUTAN-1-OL,1020,55160.0,KG,1862.96,1000,USD,30.10.2022,102760.87
4500935,10,16.10.2022,2000115,40000108,ACETONE,1020,44380.0,KG,1105.53,1000,USD,27.10.2022,49063.42
4504103,10,17.10.2022,2000108,10000208,SODIUM HYDROXIDE 50% SOLUTION,1020,510.0,KG,601.78,1000,USD,05.11.2022,306.91
4504187,10,2022-10-17,2000113,10000209,OCTANOL 2-ETHYL TECH GRADE,1020,32540.0,KG,2005.97,1000,USD,25.10.2022,65274.26
4500936,10,2022-10-17,2000115,40000108,ACETONE,1020,44380.0,KG,1101.22,1000,USD,04.11.2022,48872.14
4501494,10,17.10.2022,2000119,40000111,EPOXIDIZED SOYBEAN OIL,1020,74180.0,KG,2226.11,1000,USD,03.11.2022,165132.84
4503586,10,2022-10-17,2000110,10000205,ETHANOL ANHYDROUS,1020,33180.0,KG,893.42,1000,USD,03.11.2022,29643.68
4503027,10,18.10.2022,2000107,10000201,ACRYLIC ACID GLACIAL,1020,42840.0,KG,2581.35,1000,USD,23.10.2022,110585.03
4503028,10,19.10.2022,2000107,10000201,ACRYLIC ACID GLACIAL,1020,42840.0,KG,2572.81,1000,USD,06.11.2022,110219.18
4500933,10,19.10.2022,2000115,40000108,ACETONE,1020,44380.0,KG,1094.81,1000,USD,29.10.2022,48587.67
4500031,10,20.10.2022,2000116,40000101,MONOETHYLENE GLYCOL,1020,30730.0,KG,1181.78,1000,USD,03.11.2022,36316.1
4501497,10,2022-10-20,2000119,40000111,EPOXIDIZED SOYBEAN OIL,1020,74180.0,KG,2137.87,1000,USD,01.11.2022,158587.2
4500599,10,20.10.2022,2000117,40000105,NEOPENTYL GLYCOL FLAKES,1020,27370.0,KG,2472.3,1000,USD,09.11.2022,67666.85
4500431,10,21.10.2022,2000116,40000104,MONOPROPYLENE GLYCOL USP,1020,35610.0,KG,2028.74,1000,USD,26.10.2022,72243.43
4504189,10,2022-10-21,2000113,10000209,OCTANOL 2-ETHYL TECH GRADE,1020,32540.0,KG,2019.02,1000,USD,07.11.2022,65698.91
4501722,10,21.10.2022,2000101,10000101,PROPYLENE POLYMER GRADE,1010,304550.0,KG,1234.12,1000,USD,03.11.2022,375851.25
4503912,10,21.10.2022,2000112,10000207,PROPYLENE OXIDE,1020,44780.0,KG,1953.06,1000,USD,29.10.2022,87458.03
4501496,10,22.10.2022,2000119,40000111,EPOXIDIZED SOYBEAN OIL,1020,74180.0,KG,2215.83,1000,USD,30.10.2022,164370.27
4502278,10,2022-10-23,2000104,10000104,ISONONANOL,1010,32110.0,KG,1468.71,1000,USD,02.11.2022,47160.28
4502086,10,2022-10-23,2000103,10000103,TEREPHTHALIC ACID PURIFIED,1010,64770.0,KG,1032.29,1000,USD,03.11.2022,66861.42
4504188,10,23.10.2022,2000114,10000209,OCTANOL 2-ETHYL TECH GRADE,1020,32540.0,KG,2127.95,1000,USD,03.11.2022,69243.49
4503589,10,23.10.2022,2000110,10000205,ETHANOL ANHYDROUS,1020,33180.0,KG,851.68,1000,USD,04.11.2022,28258.74
4503910,10,23.10.2022,2000112,10000207,PROPYLENE OXIDE,1020,44780.0,KG,1928.54,1000,USD,05.11.2022,86360.02
4504190,10,23.10.2022,2000113,10000209,OCTANOL 2-ETHYL TECH GRADE,1020,32540.0,KG,1975.68,1000,USD,12.11.2022,64288.63
4502675,10,23.10.2022,2000105,10000106,ADIPIC ACID,1010,38600.0,KG,2364.43,1000,USD,01.11.2022,91267.0
4502482,10,24.10.2022,2000103,10000105,PHTHALIC ANHYDRIDE,1010,31940.0,KG,1197.13,1000,USD,11.11.2022,38236.33
4504414,10,24.10.2022,2000114,10000210,BUTAN-1-OL,1020,55160.0,KG,1928.67,1000,USD,07.11.2022,106385.44
4504413,10,24.10.2022,2000113,10000210,BUTAN-1-OL,1020,55160.0,KG,1936.84,1000,USD,30.10.2022,106836.09
4503588,10,24.10.2022,2000110,10000205,ETHANOL ANHYDROUS,1020,33180.0,KG,880.14,1000,USD,10.11.2022,29203.05
4503368,10,24.10.2022,2000109,10000204,ACETIC ACID GLACIAL,1020,80970.0,KG,951.58,1000,USD,13.11.2022,77049.43
4504412,10,25.10.2022,2000113,10000210,BUTAN-1-OL,1020,55160.0,KG,1854.92,1000,USD,10.11.2022,102317.39
4501275,10,26.10.2022,2000115,40000110,ISOPROPYL ALCOHOL,1020,45430.0,KG,1280.94,1000,USD,31.10.2022,58193.1
4501273,10,26.10.2022,2000115,40000110,ISOPROPYL ALCOHOL,1020,45430.0,KG,1259.12,1000,USD,02.11.2022,57201.82
4502818,10,26.10.2022,2000105,10000107,TRIMELLITIC ANHYDRIDE,1010,37990.0,KG,2963.87,1000,USD,11.11.2022,112597.42
4503909,10,26.10.2022,2000112,10000207,PROPYLENE OXIDE,1020,44780.0,KG,2028.14,1000,USD,05.11.2022,90820.11
4503025,10,26.10.2022,2000107,10000201,ACRYLIC ACID GLACIAL,1020,42840.0,KG,2624.72,1000,USD,06.11.2022,112443.0
4502674,10,27.10.2022,2000105,10000106,ADIPIC ACID,1010,38600.0,KG,2304.87,1000,USD,11.11.2022,88967.98
4500433,10,27.10.2022,2000116,40000104,MONOPROPYLENE GLYCOL USP,1020,35610.0,KG,2100.17,1000,USD,12.11.2022,74787.05
4504614,10,01.11.2022,2000115,10000109,CLEANING SOLVENT - GLYCOL ETHER,1010,3200.0,KG,2111.81,1000,USD,11.11.2022,6757.79
4500600,10,01.11.2022,2000117,40000105,NEOPENTYL GLYCOL FLAKES,1020,27370.0,KG,2442.09,1000,USD,15.11.2022,66840.0
4503030,10,01.11.2022,2000107,10000201,ACRYLIC ACID GLACIAL,1020,67400.0,KG,2672.62,1000,USD,06.11.2022,180134.59
4501128,10,01.11.2022,2000115,40000109,METHYL ETHYL KETONE,1020,33060.0,KG,1572.91,1000,USD,17.11.2022,52000.4
4500436,10,02.11.2022,2000116,40000104,MONOPROPYLENE GLYCOL USP,1020,28200.0,KG,1993.52,1000,USD,11.11.2022,56217.26
4501500,10,02.11.2022,2000119,40000111,EPOXIDIZED SOYBEAN OIL,1020,58430.0,KG,2136.03,1000,USD,16.11.2022,124808.23
4501940,10,02.11.2022,2000102,10000102,HYDROGEN,1010,27790.0,KG,2229.1,1000,USD,09.11.2022,61946.69
4503914,10,03.11.2022,2000112,10000207,PROPYLENE OXIDE,1020,35710.0,KG,1962.25,1000,USD,16.11.2022,70071.95
4503764,10,04.11.2022,2000111,10000206,METHANOL,1020,30320.0,KG,500.3,1000,USD,11.11.2022,15169.1
4501729,10,04.11.2022,2000101,10000101,PROPYLENE POLYMER GRADE,1010,272160.0,KG,1194.5,1000,USD,24.11.2022,325095.12
4501939,10,04.11.2022,2000101,10000102,HYDROGEN,1010,27790.0,KG,2167.39,1000,USD,18.11.2022,60231.77
4503591,10,05.11.2022,2000110,10000205,ETHANOL ANHYDROUS,1020,35410.0,KG,868.53,1000,USD,18.11.2022,30754.65
4500214,10,05.11.2022,2000116,40000102,DIETHYLENE GLYCOL,1020,33680.0,KG,1372.78,1000,USD,23.11.2022,46235.23
4502678,10,05.11.2022,2000105,10000106,ADIPIC ACID,1010,38390.0,KG,2287.93,1000,USD,23.11.2022,87833.63
4500212,10,05.11.2022,2000116,40000102,DIETHYLENE GLYCOL,1020,33680.0,KG,1351.25,1000,USD,14.11.2022,45510.1
4504418,10,06.11.2022,2000113,10000210,BUTAN-1-OL,1020,59630.0,KG,1864.82,1000,USD,11.11.2022,111199.22
4503373,10,2022-11-06,2000109,10000204,ACETIC ACID GLACIAL,1020,56650.0,KG,981.83,1000,USD,26.11.2022,55620.67
4500805,10,06.11.2022,2000118,40000107,METHYL METHACRYLATE,1020,32360.0,KG,2336.37,1000,USD,18.11.2022,75604.93
4501501,10,06.11.2022,2000119,40000111,EPOXIDIZED SOYBEAN OIL,1020,58430.0,KG,2248.81,1000,USD,17.11.2022,131397.97
4502280,10,2022-11-06,2000104,10000104,ISONONANOL,1010,49920.0,KG,1517.52,1000,USD,22.11.2022,75754.6
4500213,10,06.11.2022,2000116,40000102,DIETHYLENE GLYCOL,1020,33680.0,KG,1336.03,1000,USD,17.11.2022,44997.49
4502281,10,2022-11-07,2000104,10000104,ISONONANOL,1010,49920.0,KG,1490.43,1000,USD,13.11.2022,74402.27
4501499,10,07.11.2022,2000119,40000111,EPOXIDIZED SOYBEAN OIL,1020,58430.0,KG,2210.99,1000,USD,27.11.2022,129188.15
4501278,10,07.11.2022,2000115,40000110,ISOPROPYL ALCOHOL,1020,46510.0,KG,1265.29,1000,USD,15.11.2022,58848.64
4501129,10,07.11.2022,2000115,40000109,METHYL ETHYL KETONE,1020,33060.0,KG,1536.37,1000,USD,20.11.2022,50792.39
4504194,10,07.11.2022,2000113,10000209,OCTANOL 2-ETHYL TECH GRADE,1020,42970.0,KG,2082.42,1000,USD,12.11.2022,89481.59
4501498,10,08.11.2022,2000119,40000111,EPOXIDIZED SOYBEAN OIL,1020,58430.0,KG,2116.13,1000,USD,17.11.2022,123645.48
4502283,10,08.11.2022,2000104,10000104,ISONONANOL,1010,49920.0,KG,1482.16,1000,USD,26.11.2022,73989.43
4503370,10,08.11.2022,2000109,10000204,ACETIC ACID GLACIAL,1020,56650.0,KG,982.37,1000,USD,17.11.2022,55651.26
4501279,10,2022-11-09,2000115,40000110,ISOPROPYL ALCOHOL,1020,46510.0,KG,1246.81,1000,USD,20.11.2022,57989.13
4501727,10,09.11.2022,2000101,10000101,PROPYLENE POLYMER GRADE,1010,272160.0,KG,1194.26,1000,USD,20.11.2022,325029.8
4500807,10,10.11.2022,2000118,40000107,METHYL METHACRYLATE,1020,32360.0,KG,2277.12,1000,USD,16.11.2022,73687.6
4501726,10,10.11.2022,2000101,10000101,PROPYLENE POLYMER GRADE,1010,272160.0,KG,1217.94,1000,USD,18.11.2022,331474.55
4500937,10,10.11.2022,2000115,40000108,ACETONE,1020,76330.0,KG,1109.43,1000,USD,26.11.2022,84682.79
4502282,10,2022-11-10,2000104,10000104,ISONONANOL,1010,49920.0,KG,1481.91,1000,USD,23.11.2022,73976.95
4501127,10,2022-11-11,2000115,40000109,METHYL ETHYL KETONE,1020,33060.0,KG,1575.37,1000,USD,01.12.2022,52081.73
4501941,10,11.11.2022,2000102,10000102,HYDROGEN,1010,27790.0,KG,2186.68,1000,USD,25.11.2022,60767.84
4503371,10,11.11.2022,2000109,10000204,ACETIC ACID GLACIAL,1020,56650.0,KG,971.91,1000,USD,23.11.2022,55058.7
4503916,10,11.11.2022,2000112,10000207,PROPYLENE OXIDE,1020,35710.0,KG,2031.0,1000,USD,17.11.2022,72527.01
4501728,10,12.11.2022,2000101,10000101,PROPYLENE POLYMER GRADE,1010,272160.0,KG,1158.37,1000,USD,24.11.2022,315261.98
4500939,10,2022-11-12,2000115,40000108,ACETONE,1020,76330.0,KG,1151.75,1000,USD,28.11.2022,87913.08
4502942,10,12.11.2022,2000106,10000108,TETRAISOPROPYL TITANATE CATALYST,1010,1130.0,KG,10027.86,1000,USD,24.11.2022,11331.48
4503590,10,14.11.2022,2000110,10000205,ETHANOL ANHYDROUS,1020,35410.0,KG,899.01,1000,USD,01.12.2022,31833.94
4502091,10,14.11.2022,2000103,10000103,TEREPHTHALIC ACID PURIFIED,1010,47780.0,KG,1037.65,1000,USD,02.12.2022,49578.92
4502089,10,14.11.2022,2000103,10000103,TEREPHTHALIC ACID PURIFIED,1010,47780.0,KG,1042.43,1000,USD,25.11.2022,49807.31
4504191,10,14.11.2022,2000114,10000209,OCTANOL 2-ETHYL TECH GRADE,1020,42970.0,KG,2067.43,1000,USD,01.12.2022,88837.47
4504417,10,14.11.2022,2000113,10000210,BUTAN-1-OL,1020,59630.0,KG,1850.12,1000,USD,26.11.2022,110322.66
4504419,10,14.11.2022,2000113,10000210,BUTAN-1-OL,1020,59630.0,KG,1836.08,1000,USD,02.12.2022,109485.45
4503763,10,2022-11-14,2000111,10000206,METHANOL,1020,30320.0,KG,504.04,1000,USD,02.12.2022,15282.49
4500033,10,15.11.2022,2000116,40000101,MONOETHYLENE GLYCOL,1020,28420.0,KG,1211.21,1000,USD,23.11.2022,34422.59
4504192,10,17.11.2022,2000114,10000209,OCTANOL 2-ETHYL TECH GRADE,1020,42970.0,KG,1968.48,1000,USD,22.11.2022,84585.59
4502088,10,17.11.2022,2000103,10000103,TEREPHTHALIC ACID PURIFIED,1010,47780.0,KG,1055.08,1000,USD,07.12.2022,50411.72
4500696,10,17.11.2022,2000117,40000106,TRIMETHYLOLPROPANE,1020,27940.0,KG,2925.84,1000,USD,07.12.2022,81747.97
4503226,10,17.11.2022,2000106,10000202,MEHQ INHIBITOR (4-METHOXYPHENOL),1020,110.0,KG,13383.66,1000,USD,27.11.2022,1472.2
4500362,10,2022-11-17,2000116,40000103,TRIETHYLENE GLYCOL,1020,18110.0,KG,1869.16,1000,USD,27.11.2022,33850.49
4502090,10,17.11.2022,2000103,10000103,TEREPHTHALIC ACID PURIFIED,1010,47780.0,KG,1037.44,1000,USD,04.12.2022,49568.88
4503029,10,18.11.2022,2000107,10000201,ACRYLIC ACID GLACIAL,1020,67400.0,KG,2694.73,1000,USD,02.12.2022,181624.8
4503592,10,2022-11-19,2000110,10000205,ETHANOL ANHYDROUS,1020,35410.0,KG,854.89,1000,USD,30.11.2022,30271.65
4504416,10,19.11.2022,2000114,10000210,BUTAN-1-OL,1020,59630.0,KG,1949.91,1000,USD,06.12.2022,116273.13
4503913,10,20.11.2022,2000112,10000207,PROPYLENE OXIDE,1020,35710.0,KG,2036.35,1000,USD,05.12.2022,72718.06
4500035,10,20.11.2022,2000116,40000101,MONOETHYLENE GLYCOL,1020,28420.0,KG,1194.32,1000,USD,01.12.2022,33942.57
4503283,10,21.11.2022,2000108,10000203,SULFURIC ACID 98%,1020,4530.0,KG,130.38,1000,USD,04.12.2022,590.62
4502677,10,2022-11-21,2000105,10000106,ADIPIC ACID,1010,38390.0,KG,2325.22,1000,USD,03.12.2022,89265.2
4502483,10,21.11.2022,2000103,10000105,PHTHALIC ANHYDRIDE,1010,31470.0,KG,1201.52,1000,USD,06.12.2022,37811.83
4503915,10,21.11.2022,2000112,10000207,PROPYLENE OXIDE,1020,35710.0,KG,1952.73,1000,USD,01.12.2022,69731.99
4502820,10,22.11.2022,2000105,10000107,TRIMELLITIC ANHYDRIDE,1010,37470.0,KG,2857.65,1000,USD,07.12.2022,107076.15
4502485,10,22.11.2022,2000103,10000105,PHTHALIC ANHYDRIDE,1010,31470.0,KG,1200.59,1000,USD,30.11.2022,37782.57
4500806,10,22.11.2022,2000118,40000107,METHYL METHACRYLATE,1020,32360.0,KG,2344.37,1000,USD,07.12.2022,75863.81
4502821,10,23.11.2022,2000105,10000107,TRIMELLITIC ANHYDRIDE,1010,37470.0,KG,2759.12,1000,USD,28.11.2022,103384.23
4504104,10,23.11.2022,2000108,10000208,SODIUM HYDROXIDE 50% SOLUTION,1020,390.0,KG,612.37,1000,USD,05.12.2022,238.82
4500938,10,23.11.2022,2000115,40000108,ACETONE,1020,76330.0,KG,1107.16,1000,USD,29.11.2022,84509.52
4503032,10,23.11.2022,2000107,10000201,ACRYLIC ACID GLACIAL,1020,67400.0,KG,2617.92,1000,USD,03.12.2022,176447.81
4500034,10,24.11.2022,2000116,40000101,MONOETHYLENE GLYCOL,1020,28420.0,KG,1205.73,1000,USD,04.12.2022,34266.85
4502484,10,24.11.2022,2000103,10000105,PHTHALIC ANHYDRIDE,1010,31470.0,KG,1203.21,1000,USD,14.12.2022,37865.02
4504193,10,24.11.2022,2000114,10000209,OCTANOL 2-ETHYL TECH GRADE,1020,42970.0,KG,2068.29,1000,USD,10.12.2022,88874.42
4501277,10,24.11.2022,2000115,40000110,ISOPROPYL ALCOHOL,1020,46510.0,KG,1254.33,1000,USD,04.12.2022,58338.89
4500435,10,25.11.2022,2000116,40000104,MONOPROPYLENE GLYCOL USP,1020,28200.0,KG,2108.71,1000,USD,11.12.2022,59465.62
4500940,10,25.11.2022,2000115,40000108,ACETONE,1020,76330.0,KG,1099.3,1000,USD,13.12.2022,83909.57
4503372,10,25.11.2022,2000109,10000204,ACETIC ACID GLACIAL,1020,56650.0,KG,1009.61,1000,USD,04.12.2022,57194.41
4503031,10,26.11.2022,2000107,10000201,ACRYLIC ACID GLACIAL,1020,67400.0,KG,2587.08,1000,USD,13.12.2022,174369.19
4501280,10,27.11.2022,2000115,40000110,ISOPROPYL ALCOHOL,1020,46510.0,KG,1291.34,1000,USD,03.12.2022,60060.22
4500697,10,27.11.2022,2000117,40000106,TRIMETHYLOLPROPANE,1020,27940.0,KG,2827.31,1000,USD,07.12.2022,78995.04
4504196,10,01.12.2022,2000114,10000209,OCTANOL 2-ETHYL TECH GRADE,1020,50170.0,KG,2104.48,1000,USD,14.12.2022,105581.76
4501503,10,2022-12-01,2000119,40000111,EPOXIDIZED SOYBEAN OIL,1020,43980.0,KG,2153.63,1000,USD,09.12.2022,94716.65
4501732,10,01.12.2022,2000101,10000101,PROPYLENE POLYMER GRADE,1010,292940.0,KG,1225.41,1000,USD,17.12.2022,358971.61
4500037,10,01.12.2022,2000116,40000101,MONOETHYLENE GLYCOL,1020,36410.0,KG,1185.29,1000,USD,11.12.2022,43156.41
4504195,10,01.12.2022,2000113,10000209,OCTANOL 2-ETHYL TECH GRADE,1020,50170.0,KG,2032.67,1000,USD,07.12.2022,101979.05
4500808,10,01.12.2022,2000118,40000107,METHYL METHACRYLATE,1020,47760.0,KG,2328.97,1000,USD,10.12.2022,111231.61
4503918,10,02.12.2022,2000112,10000207,PROPYLENE OXIDE,1020,39000.0,KG,1977.19,1000,USD,10.12.2022,77110.41
4503594,10,02.12.2022,2000110,10000205,ETHANOL ANHYDROUS,1020,36140.0,KG,864.64,1000,USD,21.12.2022,31248.09
4502822,10,02.12.2022,2000105,10000107,TRIMELLITIC ANHYDRIDE,1010,30130.0,KG,2784.81,1000,USD,16.12.2022,83906.33
4501943,10,02.12.2022,2000101,10000102,HYDROGEN,1010,28090.0,KG,2202.99,1000,USD,19.12.2022,61881.99
4504420,10,2022-12-03,2000113,10000210,BUTAN-1-OL,1020,59420.0,KG,1834.5,1000,USD,08.12.2022,109005.99
4500602,10,03.12.2022,2000117,40000105,NEOPENTYL GLYCOL FLAKES,1020,20360.0,KG,2421.65,1000,USD,16.12.2022,49304.79
4500941,10,03.12.2022,2000115,40000108,ACETONE,1020,50370.0,KG,1072.22,1000,USD,15.12.2022,54007.72
4500809,10,04.12.2022,2000118,40000107,METHYL METHACRYLATE,1020,47760.0,KG,2306.94,1000,USD,12.12.2022,110179.45
4500215,10,05.12.2022,2000116,40000102,DIETHYLENE GLYCOL,1020,32260.0,KG,1368.38,1000,USD,24.12.2022,44143.94
4500601,10,05.12.2022,2000117,40000105,NEOPENTYL GLYCOL FLAKES,1020,20360.0,KG,2391.77,1000,USD,11.12.2022,48696.44
4503377,10,2022-12-05,2000109,10000204,ACETIC ACID GLACIAL,1020,52730.0,KG,969.48,1000,USD,12.12.2022,51120.68
4504422,10,05.12.2022,2000113,10000210,BUTAN-1-OL,1020,59420.0,KG,1886.26,1000,USD,15.12.2022,112081.57
4504105,10,06.12.2022,2000108,10000208,SODIUM HYDROXIDE 50% SOLUTION,1020,340.0,KG,611.43,1000,USD,21.12.2022,207.89
4503033,10,07.12.2022,2000107,10000201,ACRYLIC ACID GLACIAL,1020,55320.0,KG,2525.45,1000,USD,26.12.2022,139707.89
4503227,10,2022-12-07,2000106,10000202,MEHQ INHIBITOR (4-METHOXYPHENOL),1020,90.0,KG,12880.99,1000,USD,21.12.2022,1159.29
4502943,10,08.12.2022,2000106,10000108,TETRAISOPROPYL TITANATE CATALYST,1010,1030.0,KG,9999.53,1000,USD,23.12.2022,10299.52
4501942,10,08.12.2022,2000101,10000102,HYDROGEN,1010,28090.0,KG,2163.73,1000,USD,22.12.2022,60779.18
4500036,10,2022-12-08,2000116,40000101,MONOETHYLENE GLYCOL,1020,36410.0,KG,1163.02,1000,USD,15.12.2022,42345.56
4500943,10,09.12.2022,2000115,40000108,ACETONE,1020,50370.0,KG,1082.55,1000,USD,20.12.2022,54528.04
4504421,10,09.12.2022,2000114,10000210,BUTAN-1-OL,1020,59420.0,KG,1910.46,1000,USD,29.12.2022,113519.53
4500439,10,09.12.2022,2000116,40000104,MONOPROPYLENE GLYCOL USP,1020,35580.0,KG,2051.63,1000,USD,18.12.2022,72997.0
4500437,10,09.12.2022,2000116,40000104,MONOPROPYLENE GLYCOL USP,1020,35580.0,KG,2087.86,1000,USD,22.12.2022,74286.06
4501730,10,2022-12-09,2000101,10000101,PROPYLENE POLYMER GRADE,1010,292940.0,KG,1202.3,1000,USD,14.12.2022,352201.76
4501731,10,10.12.2022,2000101,10000101,PROPYLENE POLYMER GRADE,1010,292940.0,KG,1219.02,1000,USD,23.12.2022,357099.72
4503593,10,11.12.2022,2000110,10000205,ETHANOL ANHYDROUS,1020,36140.0,KG,859.96,1000,USD,24.12.2022,31078.95
4501502,10,11.12.2022,2000119,40000111,EPOXIDIZED SOYBEAN OIL,1020,43980.0,KG,2182.19,1000,USD,16.12.2022,95972.72
4502486,10,12.12.2022,2000103,10000105,PHTHALIC ANHYDRIDE,1010,33640.0,KG,1211.72,1000,USD,21.12.2022,40762.26
4502287,10,14.12.2022,2000104,10000104,ISONONANOL,1010,33150.0,KG,1521.24,1000,USD,25.12.2022,50429.11
4502680,10,15.12.2022,2000105,10000106,ADIPIC ACID,1010,33030.0,KG,2341.81,1000,USD,01.01.2023,77349.98
4501282,10,15.12.2022,2000115,40000110,ISOPROPYL ALCOHOL,1020,56600.0,KG,1209.86,1000,USD,23.12.2022,68478.08
4503284,10,15.12.2022,2000108,10000203,SULFURIC ACID 98%,1020,4090.0,KG,132.34,1000,USD,24.12.2022,541.27
4500944,10,16.12.2022,2000115,40000108,ACETONE,1020,50370.0,KG,1118.69,1000,USD,22.12.2022,56348.42
4503034,10,16.12.2022,2000107,10000201,ACRYLIC ACID GLACIAL,1020,55320.0,KG,2634.22,1000,USD,22.12.2022,145725.05
4503035,10,16.12.2022,2000107,10000201,ACRYLIC ACID GLACIAL,1020,55320.0,KG,2582.69,1000,USD,28.12.2022,142874.41
4502092,10,16.12.2022,2000103,10000103,TEREPHTHALIC ACID PURIFIED,1010,66360.0,KG,1015.61,1000,USD,04.01.2023,67395.88
4502095,10,16.12.2022,2000103,10000103,TEREPHTHALIC ACID PURIFIED,1010,66360.0,KG,1018.48,1000,USD,04.01.2023,67586.33
4501505,10,16.12.2022,2000119,40000111,EPOXIDIZED SOYBEAN OIL,1020,43980.0,KG,2111.25,1000,USD,25.12.2022,92852.78
4502284,10,2022-12-17,2000104,10000104,ISONONANOL,1010,33150.0,KG,1471.96,1000,USD,22.12.2022,48795.47
4500811,10,17.12.2022,2000118,40000107,METHYL METHACRYLATE,1020,47760.0,KG,2330.1,1000,USD,05.01.2023,111285.58
4500438,10,18.12.2022,2000116,40000104,MONOPROPYLENE GLYCOL USP,1020,35580.0,KG,2119.87,1000,USD,05.01.2023,75424.97
4501504,10,18.12.2022,2000119,40000111,EPOXIDIZED SOYBEAN OIL,1020,43980.0,KG,2242.64,1000,USD,31.12.2022,98631.31
4502285,10,18.12.2022,2000104,10000104,ISONONANOL,1010,33150.0,KG,1413.99,1000,USD,06.01.2023,46873.77
4504615,10,2022-12-18,2000115,10000109,CLEANING SOLVENT - GLYCOL ETHER,1010,2000.0,KG,2055.02,1000,USD,01.01.2023,4110.04
4502487,10,18.12.2022,2000103,10000105,PHTHALIC ANHYDRIDE,1010,33640.0,KG,1205.41,1000,USD,05.01.2023,40549.99
4501284,10,18.12.2022,2000115,40000110,ISOPROPYL ALCOHOL,1020,56600.0,KG,1243.42,1000,USD,05.01.2023,70377.57
4501283,10,18.12.2022,2000115,40000110,ISOPROPYL ALCOHOL,1020,56600.0,KG,1251.3,1000,USD,30.12.2022,70823.58
4501281,10,18.12.2022,2000115,40000110,ISOPROPYL ALCOHOL,1020,56600.0,KG,1277.13,1000,USD,27.12.2022,72285.56
4503766,10,2022-12-20,2000111,10000206,METHANOL,1020,29640.0,KG,477.32,1000,USD,27.12.2022,14147.76
4500217,10,20.12.2022,2000116,40000102,DIETHYLENE GLYCOL,1020,32260.0,KG,1329.46,1000,USD,30.12.2022,42888.38
4501733,10,20.12.2022,2000101,10000101,PROPYLENE POLYMER GRADE,1010,292940.0,KG,1187.86,1000,USD,03.01.2023,347971.71
4503375,10,21.12.2022,2000109,10000204,ACETIC ACID GLACIAL,1020,52730.0,KG,992.31,1000,USD,09.01.2023,52324.51
4501131,10,22.12.2022,2000115,40000109,METHYL ETHYL KETONE,1020,39540.0,KG,1588.3,1000,USD,30.12.2022,62801.38
4503919,10,22.12.2022,2000112,10000207,PROPYLENE OXIDE,1020,39000.0,KG,1916.51,1000,USD,04.01.2023,74743.89
4503917,10,23.12.2022,2000112,10000207,PROPYLENE OXIDE,1020,39000.0,KG,1925.11,1000,USD,09.01.2023,75079.29
4504197,10,23.12.2022,2000114,10000209,OCTANOL 2-ETHYL TECH GRADE,1020,50170.0,KG,2121.74,1000,USD,08.01.2023,106447.7
4504423,10,23.12.2022,2000113,10000210,BUTAN-1-OL,1020,59420.0,KG,1809.29,1000,USD,10.01.2023,107508.01
4500942,10,24.12.2022,2000115,40000108,ACETONE,1020,50370.0,KG,1075.69,1000,USD,06.01.2023,54182.51
4500810,10,24.12.2022,2000118,40000107,METHYL METHACRYLATE,1020,47760.0,KG,2303.51,1000,USD,30.12.2022,110015.64
4502093,10,24.12.2022,2000103,10000103,TEREPHTHALIC ACID PURIFIED,1010,66360.0,KG,1006.66,1000,USD,08.01.2023,66801.96
4503376,10,25.12.2022,2000109,10000204,ACETIC ACID GLACIAL,1020,52730.0,KG,1000.74,1000,USD,03.01.2023,52769.02
4503036,10,25.12.2022,2000107,10000201,ACRYLIC ACID GLACIAL,1020,55320.0,KG,2678.84,1000,USD,14.01.2023,148193.43
4504198,10,26.12.2022,2000113,10000209,OCTANOL 2-ETHYL TECH GRADE,1020,50170.0,KG,2013.34,1000,USD,06.01.2023,101009.27
4503765,10,26.12.2022,2000111,10000206,METHANOL,1020,29640.0,KG,490.04,1000,USD,15.01.2023,14524.79
4502286,10,2022-12-26,2000104,10000104,ISONONANOL,1010,33150.0,KG,1501.54,1000,USD,03.01.2023,49776.05
4501944,10,27.12.2022,2000101,10000102,HYDROGEN,1010,28090.0,KG,2221.39,1000,USD,02.01.2023,62398.85
4500216,10,27.12.2022,2000116,40000102,DIETHYLENE GLYCOL,1020,32260.0,KG,1352.54,1000,USD,01.01.2023,43632.94
4502679,10,27.12.2022,2000105,10000106,ADIPIC ACID,1010,33030.0,KG,2270.43,1000,USD,06.01.2023,74992.3
4503374,10,27.12.2022,2000109,10000204,ACETIC ACID GLACIAL,1020,52730.0,KG,1002.2,1000,USD,03.01.2023,52846.01
4501130,10,27.12.2022,2000115,40000109,METHYL ETHYL KETONE,1020,39540.0,KG,1587.6,1000,USD,10.01.2023,62773.7
4502094,10,27.12.2022,2000103,10000103,TEREPHTHALIC ACID PURIFIED,1010,66360.0,KG,1029.44,1000,USD,09.01.2023,68313.64
4500698,10,01.01.2023,2000117,40000106,TRIMETHYLOLPROPANE,1020,27870.0,KG,2864.21,1000,USD,19.01.2023,79825.53
4503039,10,01.01.2023,2000107,10000201,ACRYLIC ACID GLACIAL,1020,62420.0,KG,2575.83,1000,USD,14.01.2023,160783.31
4500440,10,02.01.2023,2000116,40000104,MONOPROPYLENE GLYCOL USP,1020,32850.0,KG,2098.47,1000,USD,08.01.2023,68934.74
4504616,10,03.01.2023,2000115,10000109,CLEANING SOLVENT - GLYCOL ETHER,1010,2100.0,KG,2132.26,1000,USD,16.01.2023,4477.75
4504427,10,03.01.2023,2000113,10000210,BUTAN-1-OL,1020,68230.0,KG,1908.65,1000,USD,12.01.2023,130227.19
4503040,10,03.01.2023,2000107,10000201,ACRYLIC ACID GLACIAL,1020,62420.0,KG,2675.34,1000,USD,08.01.2023,166994.72
4500041,10,2023-01-04,2000116,40000101,MONOETHYLENE GLYCOL,1020,39420.0,KG,1220.11,1000,USD,15.01.2023,48096.74
4500039,10,2023-01-04,2000116,40000101,MONOETHYLENE GLYCOL,1020,39420.0,KG,1151.78,1000,USD,10.01.2023,45403.17
4503381,10,04.01.2023,2000109,10000204,ACETIC ACID GLACIAL,1020,96700.0,KG,984.4,1000,USD,10.01.2023,95191.48
4500040,10,2023-01-04,2000116,40000101,MONOETHYLENE GLYCOL,1020,39420.0,KG,1183.45,1000,USD,12.01.2023,46651.6
4502290,10,05.01.2023,2000104,10000104,ISONONANOL,1010,31500.0,KG,1498.13,1000,USD,17.01.2023,47191.1
4500219,10,05.01.2023,2000116,40000102,DIETHYLENE GLYCOL,1020,54820.0,KG,1383.92,1000,USD,15.01.2023,75866.49
4502097,10,05.01.2023,2000103,10000103,TEREPHTHALIC ACID PURIFIED,1010,60310.0,KG,1046.73,1000,USD,15.01.2023,63128.29
4501736,10,06.01.2023,2000101,10000101,PROPYLENE POLYMER GRADE,1010,250100.0,KG,1173.25,1000,USD,24.01.2023,293429.82
4501509,10,07.01.2023,2000119,40000111,EPOXIDIZED SOYBEAN OIL,1020,65570.0,KG,2221.56,1000,USD,16.01.2023,145667.69
4503921,10,07.01.2023,2000112,10000207,PROPYLENE OXIDE,1020,36720.0,KG,1963.77,1000,USD,22.01.2023,72109.63
4503922,10,07.01.2023,2000112,10000207,PROPYLENE OXIDE,1020,36720.0,KG,2000.23,1000,USD,22.01.2023,73448.45
4500946,10,08.01.2023,2000115,40000108,ACETONE,1020,37690.0,KG,1106.62,1000,USD,14.01.2023,41708.51
4504426,10,08.01.2023,2000113,10000210,BUTAN-1-OL,1020,68230.0,KG,1884.25,1000,USD,14.01.2023,128562.38
4503378,10,08.01.2023,2000109,10000204,ACETIC ACID GLACIAL,1020,96700.0,KG,986.27,1000,USD,24.01.2023,95372.31
4502944,10,08.01.2023,2000106,10000108,TETRAISOPROPYL TITANATE CATALYST,1010,1100.0,KG,10144.4,1000,USD,25.01.2023,11158.84
4502098,10,09.01.2023,2000103,10000103,TEREPHTHALIC ACID PURIFIED,1010,60310.0,KG,1065.84,1000,USD,25.01.2023,64280.81
4504425,10,09.01.2023,2000113,10000210,BUTAN-1-OL,1020,68230.0,KG,1913.91,1000,USD,23.01.2023,130586.08
4504106,10,2023-01-09,2000108,10000208,SODIUM HYDROXIDE 50% SOLUTION,1020,460.0,KG,596.95,1000,USD,28.01.2023,274.6
4501287,10,09.01.2023,2000115,40000110,ISOPROPYL ALCOHOL,1020,46170.0,KG,1239.84,1000,USD,17.01.2023,57243.41
4500220,10,10.01.2023,2000116,40000102,DIETHYLENE GLYCOL,1020,54820.0,KG,1471.31,1000,USD,24.01.2023,80657.21
4500441,10,10.01.2023,2000116,40000104,MONOPROPYLENE GLYCOL USP,1020,32850.0,KG,2054.99,1000,USD,20.01.2023,67506.42
4501508,10,11.01.2023,2000119,40000111,EPOXIDIZED SOYBEAN OIL,1020,65570.0,KG,2200.88,1000,USD,19.01.2023,144311.7
4502099,10,2023-01-11,2000103,10000103,TEREPHTHALIC ACID PURIFIED,1010,60310.0,KG,1045.03,1000,USD,16.01.2023,63025.76
4500812,10,12.01.2023,2000118,40000107,METHYL METHACRYLATE,1020,21200.0,KG,2336.15,1000,USD,19.01.2023,49526.38
4501734,10,12.01.2023,2000101,10000101,PROPYLENE POLYMER GRADE,1010,250100.0,KG,1218.37,1000,USD,31.01.2023,304714.34
4502825,10,12.01.2023,2000105,10000107,TRIMELLITIC ANHYDRIDE,1010,30230.0,KG,2874.22,1000,USD,01.02.2023,86887.67
4501506,10,12.01.2023,2000119,40000111,EPOXIDIZED SOYBEAN OIL,1020,65570.0,KG,2172.13,1000,USD,30.01.2023,142426.56
4503038,10,2023-01-13,2000107,10000201,ACRYLIC ACID GLACIAL,1020,62420.0,KG,2685.56,1000,USD,20.01.2023,167632.66
4501735,10,13.01.2023,2000101,10000101,PROPYLENE POLYMER GRADE,1010,250100.0,KG,1196.98,1000,USD,28.01.2023,299364.7
4500442,10,13.01.2023,2000116,40000104,MONOPROPYLENE GLYCOL USP,1020,32850.0,KG,2053.26,1000,USD,25.01.2023,67449.59
4502096,10,14.01.2023,2000103,10000103,TEREPHTHALIC ACID PURIFIED,1010,60310.0,KG,1065.92,1000,USD,30.01.2023,64285.64
4503380,10,2023-01-14,2000109,10000204,ACETIC ACID GLACIAL,1020,96700.0,KG,949.34,1000,USD,23.01.2023,91801.18
4501132,10,14.01.2023,2000115,40000109,METHYL ETHYL KETONE,1020,22830.0,KG,1576.22,1000,USD,25.01.2023,35985.1
4502288,10,2023-01-14,2000104,10000104,ISONONANOL,1010,31500.0,KG,1407.73,1000,USD,24.01.2023,44343.5
4500947,10,14.01.2023,2000115,40000108,ACETONE,1020,37690.0,KG,1106.15,1000,USD,03.02.2023,41690.79
4503767,10,14.01.2023,2000111,10000206,METHANOL,1020,39670.0,KG,482.31,1000,USD,02.02.2023,19133.24
4502823,10,15.01.2023,2000105,10000107,TRIMELLITIC ANHYDRIDE,1010,30230.0,KG,2897.1,1000,USD,27.01.2023,87579.33
4503597,10,16.01.2023,2000110,10000205,ETHANOL ANHYDROUS,1020,46520.0,KG,901.11,1000,USD,01.02.2023,41919.64
4503923,10,16.01.2023,2000112,10000207,PROPYLENE OXIDE,1020,36720.0,KG,1991.08,1000,USD,21.01.2023,73112.46
4502488,10,16.01.2023,2000103,10000105,PHTHALIC ANHYDRIDE,1010,32060.0,KG,1232.65,1000,USD,02.02.2023,39518.76
4503379,10,17.01.2023,2000109,10000204,ACETIC ACID GLACIAL,1020,96700.0,KG,987.71,1000,USD,03.02.2023,95511.56
4504424,10,18.01.2023,2000114,10000210,BUTAN-1-OL,1020,68230.0,KG,1900.64,1000,USD,03.02.2023,129680.67
4501285,10,18.01.2023,2000115,40000110,ISOPROPYL ALCOHOL,1020,46170.0,KG,1281.07,1000,USD,29.01.2023,59147.0
4503598,10,18.01.2023,2000110,10000205,ETHANOL ANHYDROUS,1020,46520.0,KG,874.2,1000,USD,03.02.2023,40667.78
4501945,10,19.01.2023,2000102,10000102,HYDROGEN,1010,38670.0,KG,2300.48,1000,USD,07.02.2023,88959.56
4502489,10,2023-01-20,2000103,10000105,PHTHALIC ANHYDRIDE,1010,32060.0,KG,1191.01,1000,USD,26.01.2023,38183.78
4501133,10,2023-01-20,2000115,40000109,METHYL ETHYL KETONE,1020,22830.0,KG,1622.22,1000,USD,26.01.2023,37035.28
4504200,10,20.01.2023,2000113,10000209,OCTANOL 2-ETHYL TECH GRADE,1020,48990.0,KG,2017.94,1000,USD,25.01.2023,98858.88
4500038,10,20.01.2023,2000116,40000101,MONOETHYLENE GLYCOL,1020,39420.0,KG,1189.32,1000,USD,09.02.2023,46882.99
4503768,10,21.01.2023,2000111,10000206,METHANOL,1020,39670.0,KG,490.61,1000,USD,07.02.2023,19462.5
4501286,10,22.01.2023,2000115,40000110,ISOPROPYL ALCOHOL,1020,46170.0,KG,1272.66,1000,USD,04.02.2023,58758.71
4503037,10,22.01.2023,2000107,10000201,ACRYLIC ACID GLACIAL,1020,62420.0,KG,2580.9,1000,USD,02.02.2023,161099.78
4500813,10,22.01.2023,2000118,40000107,METHYL METHACRYLATE,1020,21200.0,KG,2328.84,1000,USD,04.02.2023,49371.41
4504199,10,22.01.2023,2000113,10000209,OCTANOL 2-ETHYL TECH GRADE,1020,48990.0,KG,2040.75,1000,USD,08.02.2023,99976.34
4503228,10,22.01.2023,2000106,10000202,MEHQ INHIBITOR (4-METHOXYPHENOL),1020,110.0,KG,13009.2,1000,USD,27.01.2023,1431.01
4502824,10,22.01.2023,2000105,10000107,TRIMELLITIC ANHYDRIDE,1010,30230.0,KG,2809.49,1000,USD,08.02.2023,84930.88
4501507,10,22.01.2023,2000119,40000111,EPOXIDIZED SOYBEAN OIL,1020,65570.0,KG,2147.75,1000,USD,29.01.2023,140827.97
4504201,10,23.01.2023,2000114,10000209,OCTANOL 2-ETHYL TECH GRADE,1020,48990.0,KG,2131.13,1000,USD,11.02.2023,104404.06
4502289,10,24.01.2023,2000104,10000104,ISONONANOL,1010,31500.0,KG,1490.83,1000,USD,01.02.2023,46961.14
4500945,10,24.01.2023,2000115,40000108,ACETONE,1020,37690.0,KG,1117.02,1000,USD,31.01.2023,42100.48
4500221,10,2023-01-24,2000116,40000102,DIETHYLENE GLYCOL,1020,54820.0,KG,1312.2,1000,USD,30.01.2023,71934.8
4503920,10,24.01.2023,2000112,10000207,PROPYLENE OXIDE,1020,36720.0,KG,2008.47,1000,USD,01.02.2023,73751.02
4500363,10,25.01.2023,2000116,40000103,TRIETHYLENE GLYCOL,1020,16260.0,KG,1900.59,1000,USD,14.02.2023,30903.59
4501288,10,25.01.2023,2000115,40000110,ISOPROPYL ALCOHOL,1020,46170.0,KG,1314.23,1000,USD,08.02.2023,60678.0
4504202,10,25.01.2023,2000114,10000209,OCTANOL 2-ETHYL TECH GRADE,1020,48990.0,KG,2078.24,1000,USD,31.01.2023,101812.98
4502291,10,25.01.2023,2000104,10000104,ISONONANOL,1010,31500.0,KG,1472.45,1000,USD,03.02.2023,46382.18
4500948,10,26.01.2023,2000115,40000108,ACETONE,1020,37690.0,KG,1090.45,1000,USD,08.02.2023,41099.06
4502682,10,26.01.2023,2000105,10000106,ADIPIC ACID,1010,28470.0,KG,2353.02,1000,USD,12.02.2023,66990.48
4500603,10,26.01.2023,2000117,40000105,NEOPENTYL GLYCOL FLAKES,1020,39260.0,KG,2412.11,1000,USD,11.02.2023,94699.44
4503285,10,2023-01-26,2000108,10000203,SULFURIC ACID 98%,1020,5550.0,KG,131.86,1000,USD,05.02.2023,731.82
4501737,10,27.01.2023,2000101,10000101,PROPYLENE POLYMER GRADE,1010,250100.0,KG,1236.46,1000,USD,08.02.2023,309238.65
4503595,10,2023-01-27,2000110,10000205,ETHANOL ANHYDROUS,1020,46520.0,KG,875.64,1000,USD,01.02.2023,40734.77
4503596,10,27.01.2023,2000110,10000205,ETHANOL ANHYDROUS,1020,46520.0,KG,851.37,1000,USD,13.02.2023,39605.73
4502681,10,27.01.2023,2000105,10000106,ADIPIC ACID,1010,28470.0,KG,2318.85,1000,USD,14.02.2023,66017.66
4501946,10,27.01.2023,2000102,10000102,HYDROGEN,1010,38670.0,KG,2264.04,1000,USD,02.02.2023,87550.43
4500218,10,27.01.2023,2000116,40000102,DIETHYLENE GLYCOL,1020,54820.0,KG,1385.78,1000,USD,12.02.2023,75968.46
4501292,10,01.02.2023,2000115,40000110,ISOPROPYL ALCOHOL,1020,33290.0,KG,1226.33,1000,USD,10.02.2023,40824.53
4504107,10,01.02.2023,2000108,10000208,SODIUM HYDROXIDE 50% SOLUTION,1020,230.0,KG,588.72,1000,USD,12.02.2023,135.41
4502945,10,02.02.2023,2000106,10000108,TETRAISOPROPYL TITANATE CATALYST,1010,990.0,KG,9644.4,1000,USD,20.02.2023,9547.96
4502684,10,02.02.2023,2000105,10000106,ADIPIC ACID,1010,34400.0,KG,2369.9,1000,USD,15.02.2023,81524.56
4500700,10,02.02.2023,2000117,40000106,TRIMETHYLOLPROPANE,1020,38520.0,KG,2811.4,1000,USD,17.02.2023,108295.13
4501740,10,03.02.2023,2000101,10000101,PROPYLENE POLYMER GRADE,1010,233490.0,KG,1177.32,1000,USD,17.02.2023,274892.45
4503601,10,04.02.2023,2000110,10000205,ETHANOL ANHYDROUS,1020,29150.0,KG,859.73,1000,USD,23.02.2023,25061.13
4500951,10,04.02.2023,2000115,40000108,ACETONE,1020,29550.0,KG,1078.17,1000,USD,15.02.2023,31859.92
4501510,10,04.02.2023,2000119,40000111,EPOXIDIZED SOYBEAN OIL,1020,76240.0,KG,2155.34,1000,USD,24.02.2023,164323.12
4504205,10,05.02.2023,2000114,10000209,OCTANOL 2-ETHYL TECH GRADE,1020,46530.0,KG,2110.74,1000,USD,24.02.2023,98212.73
4503043,10,07.02.2023,2000107,10000201,ACRYLIC ACID GLACIAL,1020,81540.0,KG,2587.96,1000,USD,17.02.2023,211022.26
4503384,10,07.02.2023,2000109,10000204,ACETIC ACID GLACIAL,1020,49390.0,KG,964.64,1000,USD,20.02.2023,47643.57
4500605,10,2023-02-08,2000117,40000105,NEOPENTYL GLYCOL FLAKES,1020,32340.0,KG,2391.16,1000,USD,23.02.2023,77330.11
4500443,10,08.02.2023,2000116,40000104,MONOPROPYLENE GLYCOL USP,1020,31920.0,KG,1945.66,1000,USD,24.02.2023,62105.47
4504206,10,08.02.2023,2000114,10000209,OCTANOL 2-ETHYL TECH GRADE,1020,46530.0,KG,2156.57,1000,USD,17.02.2023,100345.2
4502490,10,09.02.2023,2000103,10000105,PHTHALIC ANHYDRIDE,1010,24190.0,KG,1179.18,1000,USD,21.02.2023,28524.36
4500949,10,09.02.2023,2000115,40000108,ACETONE,1020,29550.0,KG,1104.37,1000,USD,26.02.2023,32634.13
4501290,10,09.02.2023,2000115,40000110,ISOPROPYL ALCOHOL,1020,33290.0,KG,1298.81,1000,USD,20.02.2023,43237.38
4501738,10,09.02.2023,2000101,10000101,PROPYLENE POLYMER GRADE,1010,233490.0,KG,1155.39,1000,USD,23.02.2023,269772.01
4502293,10,09.02.2023,2000104,10000104,ISONONANOL,1010,32320.0,KG,1458.99,1000,USD,22.02.2023,47154.56
4500699,10,09.02.2023,2000117,40000106,TRIMETHYLOLPROPANE,1020,38520.0,KG,2824.64,1000,USD,24.02.2023,108805.13
4503383,10,10.02.2023,2000109,10000204,ACETIC ACID GLACIAL,1020,49390.0,KG,968.41,1000,USD,01.03.2023,47829.77
4502103,10,11.02.2023,2000103,10000103,TEREPHTHALIC ACID PURIFIED,1010,61040.0,KG,1051.15,1000,USD,25.02.2023,64162.2
4502100,10,11.02.2023,2000103,10000103,TEREPHTHALIC ACID PURIFIED,1010,61040.0,KG,980.83,1000,USD,21.02.2023,59869.86
4504429,10,12.02.2023,2000114,10000210,BUTAN-1-OL,1020,67480.0,KG,1951.25,1000,USD,17.02.2023,131670.35
4502294,10,12.02.2023,2000104,10000104,ISONONANOL,1010,32320.0,KG,1514.17,1000,USD,18.02.2023,48937.97
4503924,10,13.02.2023,2000112,10000207,PROPYLENE OXIDE,1020,37580.0,KG,1914.98,1000,USD,24.02.2023,71964.95
4500042,10,13.02.2023,2000116,40000101,MONOETHYLENE GLYCOL,1020,36280.0,KG,1265.45,1000,USD,01.03.2023,45910.53
4503769,10,13.02.2023,2000111,10000206,METHANOL,1020,37930.0,KG,472.54,1000,USD,20.02.2023,17923.44
4500444,10,13.02.2023,2000116,40000104,MONOPROPYLENE GLYCOL USP,1020,31920.0,KG,2110.97,1000,USD,28.02.2023,67382.16
4503286,10,14.02.2023,2000108,10000203,SULFURIC ACID 98%,1020,4860.0,KG,131.93,1000,USD,22.02.2023,641.18
4500445,10,2023-02-16,2000116,40000104,MONOPROPYLENE GLYCOL USP,1020,31920.0,KG,2012.07,1000,USD,05.03.2023,64225.27
4501291,10,16.02.2023,2000115,40000110,ISOPROPYL ALCOHOL,1020,33290.0,KG,1297.14,1000,USD,21.02.2023,43181.79
4504428,10,17.02.2023,2000114,10000210,BUTAN-1-OL,1020,67480.0,KG,1970.66,1000,USD,03.03.2023,132980.14
4504204,10,17.02.2023,2000114,10000209,OCTANOL 2-ETHYL TECH GRADE,1020,46530.0,KG,2206.86,1000,USD,02.03.2023,102685.2
4504203,10,17.02.2023,2000114,10000209,OCTANOL 2-ETHYL TECH GRADE,1020,46530.0,KG,2040.07,1000,USD,27.02.2023,94924.46
4501512,10,17.02.2023,2000119,40000111,EPOXIDIZED SOYBEAN OIL,1020,76240.0,KG,2186.32,1000,USD,05.03.2023,166685.04
4500223,10,17.02.2023,2000116,40000102,DIETHYLENE GLYCOL,1020,29440.0,KG,1348.86,1000,USD,09.03.2023,39710.44
4500814,10,18.02.2023,2000118,40000107,METHYL METHACRYLATE,1020,31880.0,KG,2260.42,1000,USD,10.03.2023,72062.19
4503382,10,18.02.2023,2000109,10000204,ACETIC ACID GLACIAL,1020,49390.0,KG,990.45,1000,USD,10.03.2023,48918.33
4504431,10,2023-02-18,2000114,10000210,BUTAN-1-OL,1020,67480.0,KG,1930.77,1000,USD,25.02.2023,130288.36
4503599,10,18.02.2023,2000110,10000205,ETHANOL ANHYDROUS,1020,29150.0,KG,896.71,1000,USD,02.03.2023,26139.1
4501739,10,18.02.2023,2000101,10000101,PROPYLENE POLYMER GRADE,1010,233490.0,KG,1187.73,1000,USD,10.03.2023,277323.08
4500701,10,19.02.2023,2000117,40000106,TRIMETHYLOLPROPANE,1020,38520.0,KG,2864.82,1000,USD,07.03.2023,110352.87
4501135,10,19.02.2023,2000115,40000109,METHYL ETHYL KETONE,1020,20710.0,KG,1609.64,1000,USD,05.03.2023,33335.64
4502826,10,20.02.2023,2000105,10000107,TRIMELLITIC ANHYDRIDE,1010,27400.0,KG,2745.46,1000,USD,05.03.2023,75225.6
4500044,10,2023-02-20,2000116,40000101,MONOETHYLENE GLYCOL,1020,36280.0,KG,1205.16,1000,USD,04.03.2023,43723.2
4504430,10,20.02.2023,2000114,10000210,BUTAN-1-OL,1020,67480.0,KG,1987.0,1000,USD,25.02.2023,134082.76
4501948,10,20.02.2023,2000102,10000102,HYDROGEN,1010,35300.0,KG,2181.21,1000,USD,10.03.2023,76996.71
4500604,10,2023-02-20,2000117,40000105,NEOPENTYL GLYCOL FLAKES,1020,32340.0,KG,2457.87,1000,USD,02.03.2023,79487.52
4502101,10,20.02.2023,2000103,10000103,TEREPHTHALIC ACID PURIFIED,1010,61040.0,KG,1057.99,1000,USD,08.03.2023,64579.71
4503229,10,21.02.2023,2000106,10000202,MEHQ INHIBITOR (4-METHOXYPHENOL),1020,130.0,KG,13158.16,1000,USD,03.03.2023,1710.56
4503041,10,21.02.2023,2000107,10000201,ACRYLIC ACID GLACIAL,1020,81540.0,KG,2606.08,1000,USD,08.03.2023,212499.76
4500815,10,22.02.2023,2000118,40000107,METHYL METHACRYLATE,1020,31880.0,KG,2314.59,1000,USD,27.02.2023,73789.13
4503600,10,22.02.2023,2000110,10000205,ETHANOL ANHYDROUS,1020,29150.0,KG,856.17,1000,USD,10.03.2023,24957.36
4501289,10,22.02.2023,2000115,40000110,ISOPROPYL ALCOHOL,1020,33290.0,KG,1256.38,1000,USD,05.03.2023,41824.89
4502491,10,22.02.2023,2000103,10000105,PHTHALIC ANHYDRIDE,1010,24190.0,KG,1233.18,1000,USD,05.03.2023,29830.62
4502292,10,22.02.2023,2000104,10000104,ISONONANOL,1010,32320.0,KG,1490.56,1000,USD,14.03.2023,48174.9
4501511,10,23.02.2023,2000119,40000111,EPOXIDIZED SOYBEAN OIL,1020,76240.0,KG,2154.47,1000,USD,10.03.2023,164256.79
4501741,10,23.02.2023,2000101,10000101,PROPYLENE POLYMER GRADE,1010,233490.0,KG,1229.51,1000,USD,12.03.2023,287078.29
4501947,10,23.02.2023,2000102,10000102,HYDROGEN,1010,35300.0,KG,2161.16,1000,USD,08.03.2023,76288.95
4504617,10,24.02.2023,2000115,10000109,CLEANING SOLVENT - GLYCOL ETHER,1010,1800.0,KG,2090.8,1000,USD,15.03.2023,3763.44
4503044,10,24.02.2023,2000107,10000201,ACRYLIC ACID GLACIAL,1020,81540.0,KG,2667.34,1000,USD,14.03.2023,217494.9
4502827,10,25.02.2023,2000105,10000107,TRIMELLITIC ANHYDRIDE,1010,27400.0,KG,2815.77,1000,USD,04.03.2023,77152.1
4502683,10,2023-02-25,2000105,10000106,ADIPIC ACID,1010,34400.0,KG,2311.77,1000,USD,12.03.2023,79524.89
4502102,10,25.02.2023,2000103,10000103,TEREPHTHALIC ACID PURIFIED,1010,61040.0,KG,1022.92,1000,USD,06.03.2023,62439.04
4501513,10,25.02.2023,2000119,40000111,EPOXIDIZED SOYBEAN OIL,1020,76240.0,KG,2180.91,1000,USD,14.03.2023,166272.58
4503042,10,25.02.2023,2000107,10000201,ACRYLIC ACID GLACIAL,1020,81540.0,KG,2609.63,1000,USD,09.03.2023,212789.23
4503385,10,26.02.2023,2000109,10000204,ACETIC ACID GLACIAL,1020,49390.0,KG,962.59,1000,USD,13.03.2023,47542.32
4500222,10,26.02.2023,2000116,40000102,DIETHYLENE GLYCOL,1020,29440.0,KG,1325.46,1000,USD,14.03.2023,39021.54
4500950,10,26.02.2023,2000115,40000108,ACETONE,1020,29550.0,KG,1085.08,1000,USD,03.03.2023,32064.11
4503925,10,27.02.2023,2000112,10000207,PROPYLENE OXIDE,1020,37580.0,KG,1999.11,1000,USD,06.03.2023,75126.55
4500043,10,27.02.2023,2000116,40000101,MONOETHYLENE GLYCOL,1020,36280.0,KG,1179.64,1000,USD,07.03.2023,42797.34
4501134,10,27.02.2023,2000115,40000109,METHYL ETHYL KETONE,1020,20710.0,KG,1558.34,1000,USD,07.03.2023,32273.22
4501514,10,01.03.2023,2000119,40000111,EPOXIDIZED SOYBEAN OIL,1020,49190.0,KG,2225.95,1000,USD,11.03.2023,109494.48
4504433,10,01.03.2023,2000114,10000210,BUTAN-1-OL,1020,49980.0,KG,1948.88,1000,USD,12.03.2023,97405.02
4500818,10,01.03.2023,2000118,40000107,METHYL METHACRYLATE,1020,38270.0,KG,2358.52,1000,USD,07.03.2023,90260.56
4500955,10,02.03.2023,2000115,40000108,ACETONE,1020,57450.0,KG,1122.33,1000,USD,22.03.2023,64477.86
4503387,10,2023-03-02,2000109,10000204,ACETIC ACID GLACIAL,1020,41570.0,KG,976.91,1000,USD,18.03.2023,40610.15
4502828,10,02.03.2023,2000105,10000107,TRIMELLITIC ANHYDRIDE,1010,22000.0,KG,2941.04,1000,USD,09.03.2023,64702.88
4503048,10,02.03.2023,2000107,10000201,ACRYLIC ACID GLACIAL,1020,69050.0,KG,2530.45,1000,USD,11.03.2023,174727.57
4504210,10,02.03.2023,2000114,10000209,OCTANOL 2-ETHYL TECH GRADE,1020,55050.0,KG,2153.75,1000,USD,21.03.2023,118563.94
4503603,10,02.03.2023,2000110,10000205,ETHANOL ANHYDROUS,1020,27320.0,KG,860.7,1000,USD,10.03.2023,23514.32
4501951,10,03.03.2023,2000102,10000102,HYDROGEN,1010,29110.0,KG,2137.17,1000,USD,13.03.2023,62213.02
4500225,10,04.03.2023,2000116,40000102,DIETHYLENE GLYCOL,1020,41140.0,KG,1404.74,1000,USD,11.03.2023,57791.0
4502493,10,04.03.2023,2000103,10000105,PHTHALIC ANHYDRIDE,1010,33440.0,KG,1197.28,1000,USD,09.03.2023,40037.04
4503230,10,04.03.2023,2000106,10000202,MEHQ INHIBITOR (4-METHOXYPHENOL),1020,120.0,KG,12875.86,1000,USD,12.03.2023,1545.1
4503602,10,2023-03-04,2000110,10000205,ETHANOL ANHYDROUS,1020,27320.0,KG,897.17,1000,USD,21.03.2023,24510.68
4500449,10,05.03.2023,2000116,40000104,MONOPROPYLENE GLYCOL USP,1020,36490.0,KG,2120.05,1000,USD,13.03.2023,77360.62
4502687,10,05.03.2023,2000105,10000106,ADIPIC ACID,1010,39720.0,KG,2377.24,1000,USD,20.03.2023,94423.97
4502104,10,05.03.2023,2000103,10000103,TEREPHTHALIC ACID PURIFIED,1010,77920.0,KG,1053.62,1000,USD,24.03.2023,82098.07
4502107,10,05.03.2023,2000103,10000103,TEREPHTHALIC ACID PURIFIED,1010,77920.0,KG,1028.57,1000,USD,15.03.2023,80146.17
4501296,10,07.03.2023,2000115,40000110,ISOPROPYL ALCOHOL,1020,40870.0,KG,1268.7,1000,USD,15.03.2023,51851.77
4500606,10,07.03.2023,2000117,40000105,NEOPENTYL GLYCOL FLAKES,1020,30310.0,KG,2307.8,1000,USD,14.03.2023,69949.42
4504435,10,08.03.2023,2000113,10000210,BUTAN-1-OL,1020,49980.0,KG,1851.66,1000,USD,24.03.2023,92545.97
4504108,10,08.03.2023,2000108,10000208,SODIUM HYDROXIDE 50% SOLUTION,1020,570.0,KG,597.99,1000,USD,21.03.2023,340.85
4500607,10,08.03.2023,2000117,40000105,NEOPENTYL GLYCOL FLAKES,1020,30310.0,KG,2513.13,1000,USD,24.03.2023,76172.97
4501136,10,2023-03-08,2000115,40000109,METHYL ETHYL KETONE,1020,22620.0,KG,1618.72,1000,USD,23.03.2023,36615.45
4501517,10,08.03.2023,2000119,40000111,EPOXIDIZED SOYBEAN OIL,1020,49190.0,KG,2196.22,1000,USD,27.03.2023,108032.06
4500045,10,09.03.2023,2000116,40000101,MONOETHYLENE GLYCOL,1020,32030.0,KG,1192.81,1000,USD,28.03.2023,38205.7
4502297,10,09.03.2023,2000104,10000104,ISONONANOL,1010,35240.0,KG,1534.61,1000,USD,17.03.2023,54079.66
4504208,10,09.03.2023,2000113,10000209,OCTANOL 2-ETHYL TECH GRADE,1020,55050.0,KG,1989.36,1000,USD,21.03.2023,109514.27
4501293,10,10.03.2023,2000115,40000110,ISOPROPYL ALCOHOL,1020,40870.0,KG,1240.59,1000,USD,30.03.2023,50702.91
4501745,10,10.03.2023,2000101,10000101,PROPYLENE POLYMER GRADE,1010,295790.0,KG,1233.37,1000,USD,23.03.2023,364818.51
4500364,10,11.03.2023,2000116,40000103,TRIETHYLENE GLYCOL,1020,31290.0,KG,1815.19,1000,USD,19.03.2023,56797.3
4503287,10,11.03.2023,2000108,10000203,SULFURIC ACID 98%,1020,4160.0,KG,131.1,1000,USD,23.03.2023,545.38
4500952,10,11.03.2023,2000115,40000108,ACETONE,1020,57450.0,KG,1066.75,1000,USD,18.03.2023,61284.79
4503389,10,12.03.2023,2000109,10000204,ACETIC ACID GLACIAL,1020,41570.0,KG,959.56,1000,USD,22.03.2023,39888.91
4503772,10,12.03.2023,2000111,10000206,METHANOL,1020,30270.0,KG,502.76,1000,USD,30.03.2023,15218.55
4502296,10,13.03.2023,2000104,10000104,ISONONANOL,1010,35240.0,KG,1514.15,1000,USD,27.03.2023,53358.65
4503927,10,13.03.2023,2000112,10000207,PROPYLENE OXIDE,1020,49030.0,KG,1995.88,1000,USD,20.03.2023,97858.0
4502688,10,13.03.2023,2000105,10000106,ADIPIC ACID,1010,39720.0,KG,2355.44,1000,USD,19.03.2023,93558.08
4501515,10,2023-03-13,2000119,40000111,EPOXIDIZED SOYBEAN OIL,1020,49190.0,KG,2182.89,1000,USD,30.03.2023,107376.36
4501137,10,13.03.2023,2000115,40000109,METHYL ETHYL KETONE,1020,22620.0,KG,1633.34,1000,USD,01.04.2023,36946.15
4500817,10,2023-03-14,2000118,40000107,METHYL METHACRYLATE,1020,38270.0,KG,2415.41,1000,USD,20.03.2023,92437.74
4502105,10,14.03.2023,2000103,10000103,TEREPHTHALIC ACID PURIFIED,1010,77920.0,KG,1066.15,1000,USD,30.03.2023,83074.41
4504434,10,14.03.2023,2000114,10000210,BUTAN-1-OL,1020,49980.0,KG,1968.57,1000,USD,31.03.2023,98389.13
4501295,10,14.03.2023,2000115,40000110,ISOPROPYL ALCOHOL,1020,40870.0,KG,1224.84,1000,USD,27.03.2023,50059.21
4500447,10,14.03.2023,2000116,40000104,MONOPROPYLENE GLYCOL USP,1020,36490.0,KG,2133.45,1000,USD,21.03.2023,77849.59
4503926,10,15.03.2023,2000112,10000207,PROPYLENE OXIDE,1020,49030.0,KG,1954.3,1000,USD,20.03.2023,95819.33
4500953,10,15.03.2023,2000115,40000108,ACETONE,1020,57450.0,KG,1083.77,1000,USD,21.03.2023,62262.59
4502298,10,2023-03-15,2000104,10000104,ISONONANOL,1010,35240.0,KG,1460.03,1000,USD,24.03.2023,51451.46
4502685,10,16.03.2023,2000105,10000106,ADIPIC ACID,1010,39720.0,KG,2391.18,1000,USD,24.03.2023,94977.67
4500227,10,16.03.2023,2000116,40000102,DIETHYLENE GLYCOL,1020,41140.0,KG,1391.63,1000,USD,25.03.2023,57251.66
4503386,10,17.03.2023,2000109,10000204,ACETIC ACID GLACIAL,1020,41570.0,KG,977.59,1000,USD,30.03.2023,40638.42
4500226,10,18.03.2023,2000116,40000102,DIETHYLENE GLYCOL,1020,41140.0,KG,1359.54,1000,USD,04.04.2023,55931.48
4503771,10,18.03.2023,2000111,10000206,METHANOL,1020,30270.0,KG,488.29,1000,USD,30.03.2023,14780.54
4500703,10,19.03.2023,2000117,40000106,TRIMETHYLOLPROPANE,1020,30730.0,KG,2883.34,1000,USD,27.03.2023,88605.04
4501742,10,19.03.2023,2000101,10000101,PROPYLENE POLYMER GRADE,1010,295790.0,KG,1198.64,1000,USD,03.04.2023,354545.73
4503045,10,19.03.2023,2000107,10000201,ACRYLIC ACID GLACIAL,1020,69050.0,KG,2684.89,1000,USD,07.04.2023,185391.65
4501744,10,20.03.2023,2000101,10000101,PROPYLENE POLYMER GRADE,1010,295790.0,KG,1243.26,1000,USD,05.04.2023,367743.88
4500954,10,20.03.2023,2000115,40000108,ACETONE,1020,57450.0,KG,1110.9,1000,USD,05.04.2023,63821.21
4500448,10,20.03.2023,2000116,40000104,MONOPROPYLENE GLYCOL USP,1020,36490.0,KG,2128.58,1000,USD,29.03.2023,77671.88
4502492,10,20.03.2023,2000103,10000105,PHTHALIC ANHYDRIDE,1010,33440.0,KG,1183.66,1000,USD,28.03.2023,39581.59
4500446,10,20.03.2023,2000116,40000104,MONOPROPYLENE GLYCOL USP,1020,36490.0,KG,2056.15,1000,USD,29.03.2023,75028.91
4504432,10,21.03.2023,2000113,10000210,BUTAN-1-OL,1020,49980.0,KG,1872.09,1000,USD,04.04.2023,93567.06
4501743,10,21.03.2023,2000101,10000101,PROPYLENE POLYMER GRADE,1010,295790.0,KG,1201.9,1000,USD,31.03.2023,355510.0
4503047,10,22.03.2023,2000107,10000201,ACRYLIC ACID GLACIAL,1020,69050.0,KG,2726.47,1000,USD,02.04.2023,188262.75
4502106,10,22.03.2023,2000103,10000103,TEREPHTHALIC ACID PURIFIED,1010,77920.0,KG,1041.0,1000,USD,27.03.2023,81114.72
4502946,10,2023-03-22,2000106,10000108,TETRAISOPROPYL TITANATE CATALYST,1010,1480.0,KG,10052.67,1000,USD,06.04.2023,14877.95
4501950,10,23.03.2023,2000101,10000102,HYDROGEN,1010,29110.0,KG,2253.36,1000,USD,10.04.2023,65595.31
4501294,10,23.03.2023,2000115,40000110,ISOPROPYL ALCOHOL,1020,40870.0,KG,1188.08,1000,USD,31.03.2023,48556.83
4501949,10,23.03.2023,2000102,10000102,HYDROGEN,1010,29110.0,KG,2212.25,1000,USD,06.04.2023,64398.6
4500047,10,23.03.2023,2000116,40000101,MONOETHYLENE GLYCOL,1020,32030.0,KG,1237.86,1000,USD,10.04.2023,39648.66
4502295,10,23.03.2023,2000104,10000104,ISONONANOL,1010,35240.0,KG,1453.53,1000,USD,11.04.2023,51222.4
4503388,10,23.03.2023,2000109,10000204,ACETIC ACID GLACIAL,1020,41570.0,KG,986.79,1000,USD,10.04.2023,41020.86
4504207,10,2023-03-23,2000114,10000209,OCTANOL 2-ETHYL TECH GRADE,1020,55050.0,KG,2109.72,1000,USD,02.04.2023,116140.09
4503928,10,23.03.2023,2000112,10000207,PROPYLENE OXIDE,1020,49030.0,KG,1972.77,1000,USD,07.04.2023,96724.91
4500224,10,24.03.2023,2000116,40000102,DIETHYLENE GLYCOL,1020,41140.0,KG,1400.85,1000,USD,04.04.2023,57630.97
4503046,10,24.03.2023,2000107,10000201,ACRYLIC ACID GLACIAL,1020,69050.0,KG,2579.74,1000,USD,03.04.2023,178131.05
4500702,10,24.03.2023,2000117,40000106,TRIMETHYLOLPROPANE,1020,30730.0,KG,2906.43,1000,USD,03.04.2023,89314.59
4503929,10,24.03.2023,2000112,10000207,PROPYLENE OXIDE,1020,49030.0,KG,2014.57,1000,USD,07.04.2023,98774.37
4503604,10,24.03.2023,2000110,10000205,ETHANOL ANHYDROUS,1020,27320.0,KG,882.7,1000,USD,05.04.2023,24115.36
4504618,10,25.03.2023,2000115,10000109,CLEANING SOLVENT - GLYCOL ETHER,1010,2600.0,KG,2092.49,1000,USD,07.04.2023,5440.47
4504209,10,25.03.2023,2000114,10000209,OCTANOL 2-ETHYL TECH GRADE,1020,55050.0,KG,2101.39,1000,USD,31.03.2023,115681.52
4502829,10,26.03.2023,2000105,10000107,TRIMELLITIC ANHYDRIDE,1010,22000.0,KG,2887.98,1000,USD,10.04.2023,63535.56
4502686,10,26.03.2023,2000105,10000106,ADIPIC ACID,1010,39720.0,KG,2202.04,1000,USD,10.04.2023,87465.03
4503770,10,26.03.2023,2000111,10000206,METHANOL,1020,30270.0,KG,484.54,1000,USD,03.04.2023,14667.03
4501516,10,27.03.2023,2000119,40000111,EPOXIDIZED SOYBEAN OIL,1020,49190.0,KG,2247.47,1000,USD,04.04.2023,110553.05
4500816,10,27.03.2023,2000118,40000107,METHYL METHACRYLATE,1020,38270.0,KG,2248.68,1000,USD,11.04.2023,86056.98
4500819,10,27.03.2023,2000118,40000107,METHYL METHACRYLATE,1020,38270.0,KG,2236.08,1000,USD,07.04.2023,85574.78
4500046,10,27.03.2023,2000116,40000101,MONOETHYLENE GLYCOL,1020,32030.0,KG,1252.68,1000,USD,06.04.2023,40123.34
4504213,10,02.04.2023,2000113,10000209,OCTANOL 2-ETHYL TECH GRADE,1020,48390.0,KG,2029.48,1000,USD,13.04.2023,98206.54
4500822,10,02.04.2023,2000118,40000107,METHYL METHACRYLATE,1020,27550.0,KG,2349.51,1000,USD,17.04.2023,64729.0
4503231,10,02.04.2023,2000106,10000202,MEHQ INHIBITOR (4-METHOXYPHENOL),1020,120.0,KG,12715.05,1000,USD,07.04.2023,1525.81
4502831,10,2023-04-02,2000105,10000107,TRIMELLITIC ANHYDRIDE,1010,35140.0,KG,2756.53,1000,USD,11.04.2023,96864.46
4502830,10,02.04.2023,2000105,10000107,TRIMELLITIC ANHYDRIDE,1010,35140.0,KG,2878.7,1000,USD,10.04.2023,101157.52
4502108,10,02.04.2023,2000103,10000103,TEREPHTHALIC ACID PURIFIED,1010,48820.0,KG,996.78,1000,USD,15.04.2023,48662.8
4501139,10,02.04.2023,2000115,40000109,METHYL ETHYL KETONE,1020,33510.0,KG,1665.03,1000,USD,07.04.2023,55795.16
4503051,10,03.04.2023,2000107,10000201,ACRYLIC ACID GLACIAL,1020,79900.0,KG,2611.11,1000,USD,20.04.2023,208627.69
4502947,10,03.04.2023,2000106,10000108,TETRAISOPROPYL TITANATE CATALYST,1010,1120.0,KG,9772.04,1000,USD,13.04.2023,10944.68
4503392,10,03.04.2023,2000109,10000204,ACETIC ACID GLACIAL,1020,65650.0,KG,989.72,1000,USD,13.04.2023,64975.12
4501749,10,04.04.2023,2000101,10000101,PROPYLENE POLYMER GRADE,1010,258240.0,KG,1203.79,1000,USD,18.04.2023,310866.73
4500608,10,04.04.2023,2000117,40000105,NEOPENTYL GLYCOL FLAKES,1020,35250.0,KG,2396.8,1000,USD,09.04.2023,84487.2
4503774,10,04.04.2023,2000111,10000206,METHANOL,1020,31790.0,KG,478.58,1000,USD,18.04.2023,15214.06
4504619,10,05.04.2023,2000115,10000109,CLEANING SOLVENT - GLYCOL ETHER,1010,2200.0,KG,2020.23,1000,USD,15.04.2023,4444.51
4502109,10,06.04.2023,2000103,10000103,TEREPHTHALIC ACID PURIFIED,1010,48820.0,KG,1004.41,1000,USD,24.04.2023,49035.3
4501300,10,07.04.2023,2000115,40000110,ISOPROPYL ALCOHOL,1020,49320.0,KG,1257.74,1000,USD,25.04.2023,62031.74
4501748,10,07.04.2023,2000101,10000101,PROPYLENE POLYMER GRADE,1010,258240.0,KG,1255.62,1000,USD,25.04.2023,324251.31
4502300,10,07.04.2023,2000104,10000104,ISONONANOL,1010,36210.0,KG,1439.86,1000,USD,25.04.2023,52137.33
4500230,10,09.04.2023,2000116,40000102,DIETHYLENE GLYCOL,1020,31120.0,KG,1371.5,1000,USD,26.04.2023,42681.08
4500049,10,09.04.2023,2000116,40000101,MONOETHYLENE GLYCOL,1020,26080.0,KG,1191.6,1000,USD,26.04.2023,31076.93
4504438,10,10.04.2023,2000114,10000210,BUTAN-1-OL,1020,75700.0,KG,1926.26,1000,USD,25.04.2023,145817.88
4504214,10,10.04.2023,2000114,10000209,OCTANOL 2-ETHYL TECH GRADE,1020,48390.0,KG,2088.4,1000,USD,24.04.2023,101057.68
4503393,10,11.04.2023,2000109,10000204,ACETIC ACID GLACIAL,1020,65650.0,KG,963.29,1000,USD,24.04.2023,63239.99
4500958,10,12.04.2023,2000115,40000108,ACETONE,1020,43490.0,KG,1114.05,1000,USD,24.04.2023,48450.03
4503930,10,12.04.2023,2000112,10000207,PROPYLENE OXIDE,1020,35950.0,KG,1940.1,1000,USD,19.04.2023,69746.6
4504439,10,12.04.2023,2000114,10000210,BUTAN-1-OL,1020,75700.0,KG,1904.11,1000,USD,18.04.2023,144141.13
4501520,10,13.04.2023,2000119,40000111,EPOXIDIZED SOYBEAN OIL,1020,39080.0,KG,2162.42,1000,USD,02.05.2023,84507.37
4501138,10,13.04.2023,2000115,40000109,METHYL ETHYL KETONE,1020,33510.0,KG,1562.88,1000,USD,18.04.2023,52372.11
4503049,10,13.04.2023,2000107,10000201,ACRYLIC ACID GLACIAL,1020,79900.0,KG,2552.8,1000,USD,18.04.2023,203968.72
4502691,10,13.04.2023,2000105,10000106,ADIPIC ACID,1010,32410.0,KG,2208.74,1000,USD,03.05.2023,71585.26
4502299,10,13.04.2023,2000104,10000104,ISONONANOL,1010,36210.0,KG,1417.96,1000,USD,25.04.2023,51344.33
4500704,10,13.04.2023,2000117,40000106,TRIMETHYLOLPROPANE,1020,35930.0,KG,2745.13,1000,USD,20.04.2023,98632.52
4503288,10,14.04.2023,2000108,10000203,SULFURIC ACID 98%,1020,5240.0,KG,131.8,1000,USD,21.04.2023,690.63
4501299,10,2023-04-15,2000115,40000110,ISOPROPYL ALCOHOL,1020,49320.0,KG,1275.28,1000,USD,02.05.2023,62896.81
4500453,10,15.04.2023,2000116,40000104,MONOPROPYLENE GLYCOL USP,1020,40040.0,KG,2057.3,1000,USD,20.04.2023,82374.29
4502690,10,16.04.2023,2000105,10000106,ADIPIC ACID,1010,32410.0,KG,2251.57,1000,USD,04.05.2023,72973.38
4500451,10,16.04.2023,2000116,40000104,MONOPROPYLENE GLYCOL USP,1020,40040.0,KG,2023.97,1000,USD,26.04.2023,81039.76
4501519,10,16.04.2023,2000119,40000111,EPOXIDIZED SOYBEAN OIL,1020,39080.0,KG,2204.67,1000,USD,05.05.2023,86158.5
4500365,10,16.04.2023,2000116,40000103,TRIETHYLENE GLYCOL,1020,8860.0,KG,1865.45,1000,USD,25.04.2023,16527.89
4501298,10,16.04.2023,2000115,40000110,ISOPROPYL ALCOHOL,1020,49320.0,KG,1262.9,1000,USD,30.04.2023,62286.23
4503932,10,2023-04-16,2000112,10000207,PROPYLENE OXIDE,1020,35950.0,KG,1930.02,1000,USD,22.04.2023,69384.22
4501521,10,16.04.2023,2000119,40000111,EPOXIDIZED SOYBEAN OIL,1020,39080.0,KG,2218.38,1000,USD,04.05.2023,86694.29
4500957,10,16.04.2023,2000115,40000108,ACETONE,1020,43490.0,KG,1062.75,1000,USD,05.05.2023,46219.0
4500231,10,16.04.2023,2000116,40000102,DIETHYLENE GLYCOL,1020,31120.0,KG,1330.55,1000,USD,30.04.2023,41406.72
4503390,10,17.04.2023,2000109,10000204,ACETIC ACID GLACIAL,1020,65650.0,KG,979.41,1000,USD,26.04.2023,64298.27
4503607,10,17.04.2023,2000110,10000205,ETHANOL ANHYDROUS,1020,33480.0,KG,839.23,1000,USD,22.04.2023,28097.42
4501518,10,17.04.2023,2000119,40000111,EPOXIDIZED SOYBEAN OIL,1020,39080.0,KG,2161.31,1000,USD,26.04.2023,84463.99
4502689,10,17.04.2023,2000105,10000106,ADIPIC ACID,1010,32410.0,KG,2246.7,1000,USD,25.04.2023,72815.55
4500956,10,17.04.2023,2000115,40000108,ACETONE,1020,43490.0,KG,1087.97,1000,USD,30.04.2023,47315.82
4501747,10,18.04.2023,2000101,10000101,PROPYLENE POLYMER GRADE,1010,258240.0,KG,1226.86,1000,USD,27.04.2023,316824.33
4501953,10,18.04.2023,2000101,10000102,HYDROGEN,1010,39900.0,KG,2167.53,1000,USD,05.05.2023,86484.45
4503605,10,2023-04-18,2000110,10000205,ETHANOL ANHYDROUS,1020,33480.0,KG,878.1,1000,USD,08.05.2023,29398.79
4503606,10,18.04.2023,2000110,10000205,ETHANOL ANHYDROUS,1020,33480.0,KG,872.6,1000,USD,27.04.2023,29214.65
4500705,10,18.04.2023,2000117,40000106,TRIMETHYLOLPROPANE,1020,35930.0,KG,2795.25,1000,USD,24.04.2023,100433.33
4500706,10,18.04.2023,2000117,40000106,TRIMETHYLOLPROPANE,1020,35930.0,KG,2762.14,1000,USD,25.04.2023,99243.69
4500959,10,18.04.2023,2000115,40000108,ACETONE,1020,43490.0,KG,1094.11,1000,USD,03.05.2023,47582.84
4504436,10,2023-04-18,2000113,10000210,BUTAN-1-OL,1020,75700.0,KG,1856.17,1000,USD,07.05.2023,140512.07
4500229,10,18.04.2023,2000116,40000102,DIETHYLENE GLYCOL,1020,31120.0,KG,1317.37,1000,USD,04.05.2023,40996.55
4500048,10,2023-04-18,2000116,40000101,MONOETHYLENE GLYCOL,1020,26080.0,KG,1231.87,1000,USD,25.04.2023,32127.17
4500228,10,2023-04-19,2000116,40000102,DIETHYLENE GLYCOL,1020,31120.0,KG,1314.33,1000,USD,25.04.2023,40901.95
4502111,10,20.04.2023,2000103,10000103,TEREPHTHALIC ACID PURIFIED,1010,48820.0,KG,1033.04,1000,USD,06.05.2023,50433.01
4500452,10,2023-04-20,2000116,40000104,MONOPROPYLENE GLYCOL USP,1020,40040.0,KG,2045.4,1000,USD,25.04.2023,81897.82
4502692,10,20.04.2023,2000105,10000106,ADIPIC ACID,1010,32410.0,KG,2187.03,1000,USD,09.05.2023,70881.64
4502301,10,2023-04-20,2000104,10000104,ISONONANOL,1010,36210.0,KG,1479.83,1000,USD,07.05.2023,53584.64
4503931,10,2023-04-20,2000112,10000207,PROPYLENE OXIDE,1020,35950.0,KG,1950.07,1000,USD,10.05.2023,70105.02
4503052,10,22.04.2023,2000107,10000201,ACRYLIC ACID GLACIAL,1020,79900.0,KG,2685.93,1000,USD,10.05.2023,214605.81
4501952,10,22.04.2023,2000102,10000102,HYDROGEN,1010,39900.0,KG,2154.72,1000,USD,06.05.2023,85973.33
4504437,10,22.04.2023,2000114,10000210,BUTAN-1-OL,1020,75700.0,KG,1901.65,1000,USD,05.05.2023,143954.9
4502110,10,22.04.2023,2000103,10000103,TEREPHTHALIC ACID PURIFIED,1010,48820.0,KG,1038.82,1000,USD,06.05.2023,50715.19
4501297,10,24.04.2023,2000115,40000110,ISOPROPYL ALCOHOL,1020,49320.0,KG,1232.36,1000,USD,11.05.2023,60780.0
4502494,10,24.04.2023,2000103,10000105,PHTHALIC ANHYDRIDE,1010,26550.0,KG,1140.23,1000,USD,13.05.2023,30273.11
4500450,10,24.04.2023,2000116,40000104,MONOPROPYLENE GLYCOL USP,1020,40040.0,KG,1986.83,1000,USD,10.05.2023,79552.67
4502495,10,25.04.2023,2000103,10000105,PHTHALIC ANHYDRIDE,1010,26550.0,KG,1191.04,1000,USD,30.04.2023,31622.11
4503391,10,25.04.2023,2000109,10000204,ACETIC ACID GLACIAL,1020,65650.0,KG,970.42,1000,USD,06.05.2023,63708.07
4500820,10,25.04.2023,2000118,40000107,METHYL METHACRYLATE,1020,27550.0,KG,2312.22,1000,USD,07.05.2023,63701.66
4503050,10,25.04.2023,2000107,10000201,ACRYLIC ACID GLACIAL,1020,79900.0,KG,2576.27,1000,USD,30.04.2023,205843.97
4504109,10,26.04.2023,2000108,10000208,SODIUM HYDROXIDE 50% SOLUTION,1020,390.0,KG,592.34,1000,USD,07.05.2023,231.01
4504212,10,26.04.2023,2000114,10000209,OCTANOL 2-ETHYL TECH GRADE,1020,48390.0,KG,2066.25,1000,USD,03.05.2023,99985.84
4500821,10,27.04.2023,2000118,40000107,METHYL METHACRYLATE,1020,27550.0,KG,2320.62,1000,USD,03.05.2023,63933.08
4503773,10,27.04.2023,2000111,10000206,METHANOL,1020,31790.0,KG,489.74,1000,USD,12.05.2023,15568.83
4504211,10,27.04.2023,2000114,10000209,OCTANOL 2-ETHYL TECH GRADE,1020,48390.0,KG,2033.95,1000,USD,13.05.2023,98422.84
4501746,10,27.04.2023,2000101,10000101,PROPYLENE POLYMER GRADE,1010,258240.0,KG,1202.55,1000,USD,12.05.2023,310546.51
4503933,10,27.04.2023,2000112,10000207,PROPYLENE OXIDE,1020,35950.0,KG,1957.52,1000,USD,14.05.2023,70372.84
4503056,10,2023-05-01,2000107,10000201,ACRYLIC ACID GLACIAL,1020,69120.0,KG,2568.82,1000,USD,16.05.2023,177556.84
4501955,10,01.05.2023,2000101,10000102,HYDROGEN,1010,26910.0,KG,2157.18,1000,USD,08.05.2023,58049.71
4504442,10,01.05.2023,2000114,10000210,BUTAN-1-OL,1020,60110.0,KG,1901.42,1000,USD,18.05.2023,114294.36
4500823,10,2023-05-02,2000118,40000107,METHYL METHACRYLATE,1020,27930.0,KG,2267.17,1000,USD,07.05.2023,63322.06
4501303,10,02.05.2023,2000115,40000110,ISOPROPYL ALCOHOL,1020,33930.0,KG,1248.92,1000,USD,20.05.2023,42375.86
4500610,10,02.05.2023,2000117,40000105,NEOPENTYL GLYCOL FLAKES,1020,27090.0,KG,2354.44,1000,USD,13.05.2023,63781.78
4502302,10,02.05.2023,2000104,10000104,ISONONANOL,1010,65550.0,KG,1539.16,1000,USD,14.05.2023,100891.94
4503053,10,03.05.2023,2000107,10000201,ACRYLIC ACID GLACIAL,1020,69120.0,KG,2467.61,1000,USD,10.05.2023,170561.2
4504217,10,03.05.2023,2000114,10000209,OCTANOL 2-ETHYL TECH GRADE,1020,48870.0,KG,2134.33,1000,USD,19.05.2023,104304.71
4504110,10,03.05.2023,2000108,10000208,SODIUM HYDROXIDE 50% SOLUTION,1020,500.0,KG,613.09,1000,USD,15.05.2023,306.54
4500233,10,04.05.2023,2000116,40000102,DIETHYLENE GLYCOL,1020,31370.0,KG,1370.1,1000,USD,23.05.2023,42980.04
4502114,10,04.05.2023,2000103,10000103,TEREPHTHALIC ACID PURIFIED,1010,50440.0,KG,989.61,1000,USD,09.05.2023,49915.93
4501523,10,04.05.2023,2000119,40000111,EPOXIDIZED SOYBEAN OIL,1020,63390.0,KG,2139.32,1000,USD,15.05.2023,135611.49
4501956,10,04.05.2023,2000101,10000102,HYDROGEN,1010,26910.0,KG,2103.76,1000,USD,14.05.2023,56612.18
4500960,10,04.05.2023,2000115,40000108,ACETONE,1020,34220.0,KG,1037.2,1000,USD,20.05.2023,35492.98
4501524,10,05.05.2023,2000119,40000111,EPOXIDIZED SOYBEAN OIL,1020,63390.0,KG,2102.08,1000,USD,16.05.2023,133250.85
4500456,10,05.05.2023,2000116,40000104,MONOPROPYLENE GLYCOL USP,1020,47890.0,KG,2052.26,1000,USD,16.05.2023,98282.73
4502303,10,05.05.2023,2000104,10000104,ISONONANOL,1010,65550.0,KG,1403.7,1000,USD,14.05.2023,92012.54
4500962,10,05.05.2023,2000115,40000108,ACETONE,1020,34220.0,KG,1099.88,1000,USD,15.05.2023,37637.89
4503232,10,05.05.2023,2000106,10000202,MEHQ INHIBITOR (4-METHOXYPHENOL),1020,120.0,KG,13131.1,1000,USD,14.05.2023,1575.73
4503937,10,07.05.2023,2000112,10000207,PROPYLENE OXIDE,1020,42440.0,KG,1920.55,1000,USD,18.05.2023,81508.14
4503394,10,07.05.2023,2000109,10000204,ACETIC ACID GLACIAL,1020,52560.0,KG,976.46,1000,USD,26.05.2023,51322.74
4501753,10,08.05.2023,2000101,10000101,PROPYLENE POLYMER GRADE,1010,258840.0,KG,1176.87,1000,USD,25.05.2023,304621.03
4502496,10,09.05.2023,2000103,10000105,PHTHALIC ANHYDRIDE,1010,32860.0,KG,1191.27,1000,USD,22.05.2023,39145.13
4501525,10,09.05.2023,2000119,40000111,EPOXIDIZED SOYBEAN OIL,1020,63390.0,KG,2100.29,1000,USD,16.05.2023,133137.38
4501752,10,2023-05-09,2000101,10000101,PROPYLENE POLYMER GRADE,1010,258840.0,KG,1170.45,1000,USD,19.05.2023,302959.28
4503609,10,09.05.2023,2000110,10000205,ETHANOL ANHYDROUS,1020,31360.0,KG,856.79,1000,USD,19.05.2023,26868.93
4502305,10,09.05.2023,2000104,10000104,ISONONANOL,1010,65550.0,KG,1423.43,1000,USD,20.05.2023,93305.84
4500232,10,09.05.2023,2000116,40000102,DIETHYLENE GLYCOL,1020,31370.0,KG,1340.23,1000,USD,24.05.2023,42043.02
4503397,10,09.05.2023,2000109,10000204,ACETIC ACID GLACIAL,1020,52560.0,KG,1001.36,1000,USD,19.05.2023,52631.48
4503934,10,10.05.2023,2000112,10000207,PROPYLENE OXIDE,1020,42440.0,KG,1856.86,1000,USD,21.05.2023,78805.14
4501750,10,10.05.2023,2000101,10000101,PROPYLENE POLYMER GRADE,1010,258840.0,KG,1209.2,1000,USD,29.05.2023,312989.33
4502498,10,10.05.2023,2000103,10000105,PHTHALIC ANHYDRIDE,1010,32860.0,KG,1151.99,1000,USD,15.05.2023,37854.39
4500234,10,10.05.2023,2000116,40000102,DIETHYLENE GLYCOL,1020,31370.0,KG,1379.89,1000,USD,22.05.2023,43287.15
4501522,10,2023-05-10,2000119,40000111,EPOXIDIZED SOYBEAN OIL,1020,63390.0,KG,2115.16,1000,USD,18.05.2023,134079.99
4500052,10,11.05.2023,2000116,40000101,MONOETHYLENE GLYCOL,1020,53750.0,KG,1164.29,1000,USD,23.05.2023,62580.59
4500050,10,11.05.2023,2000116,40000101,MONOETHYLENE GLYCOL,1020,53750.0,KG,1186.82,1000,USD,31.05.2023,63791.58
4502834,10,11.05.2023,2000105,10000107,TRIMELLITIC ANHYDRIDE,1010,34220.0,KG,2845.5,1000,USD,22.05.2023,97373.01
4500609,10,11.05.2023,2000117,40000105,NEOPENTYL GLYCOL FLAKES,1020,27090.0,KG,2390.41,1000,USD,29.05.2023,64756.21
4503610,10,11.05.2023,2000110,10000205,ETHANOL ANHYDROUS,1020,31360.0,KG,875.28,1000,USD,31.05.2023,27448.78
4501141,10,2023-05-11,2000115,40000109,METHYL ETHYL KETONE,1020,29100.0,KG,1593.69,1000,USD,24.05.2023,46376.38
4500051,10,12.05.2023,2000116,40000101,MONOETHYLENE GLYCOL,1020,53750.0,KG,1168.36,1000,USD,27.05.2023,62799.35
4500824,10,12.05.2023,2000118,40000107,METHYL METHACRYLATE,1020,27930.0,KG,2288.4,1000,USD,20.05.2023,63915.01
4502948,10,12.05.2023,2000106,10000108,TETRAISOPROPYL TITANATE CATALYST,1010,1420.0,KG,9863.36,1000,USD,17.05.2023,14005.97
4502497,10,2023-05-13,2000103,10000105,PHTHALIC ANHYDRIDE,1010,32860.0,KG,1195.63,1000,USD,29.05.2023,39288.4
4504441,10,13.05.2023,2000114,10000210,BUTAN-1-OL,1020,60110.0,KG,1893.77,1000,USD,23.05.2023,113834.51
4501954,10,13.05.2023,2000101,10000102,HYDROGEN,1010,26910.0,KG,2158.58,1000,USD,26.05.2023,58087.39
4504620,10,13.05.2023,2000115,10000109,CLEANING SOLVENT - GLYCOL ETHER,1010,1900.0,KG,2032.28,1000,USD,22.05.2023,3861.33
4501304,10,14.05.2023,2000115,40000110,ISOPROPYL ALCOHOL,1020,33930.0,KG,1231.05,1000,USD,03.06.2023,41769.53
4504440,10,14.05.2023,2000114,10000210,BUTAN-1-OL,1020,60110.0,KG,1911.89,1000,USD,02.06.2023,114923.71
4500961,10,15.05.2023,2000115,40000108,ACETONE,1020,34220.0,KG,1048.23,1000,USD,30.05.2023,35870.43
4501301,10,15.05.2023,2000115,40000110,ISOPROPYL ALCOHOL,1020,33930.0,KG,1297.77,1000,USD,24.05.2023,44033.34
4503776,10,15.05.2023,2000111,10000206,METHANOL,1020,30520.0,KG,497.7,1000,USD,01.06.2023,15189.8
4503055,10,16.05.2023,2000107,10000201,ACRYLIC ACID GLACIAL,1020,69120.0,KG,2654.31,1000,USD,05.06.2023,183465.91
4502695,10,16.05.2023,2000105,10000106,ADIPIC ACID,1010,34440.0,KG,2228.58,1000,USD,21.05.2023,76752.3
4503936,10,16.05.2023,2000112,10000207,PROPYLENE OXIDE,1020,42440.0,KG,1973.15,1000,USD,23.05.2023,83740.49
4503775,10,17.05.2023,2000111,10000206,METHANOL,1020,30520.0,KG,466.67,1000,USD,02.06.2023,14242.77
4502499,10,17.05.2023,2000103,10000105,PHTHALIC ANHYDRIDE,1010,32860.0,KG,1208.33,1000,USD,30.05.2023,39705.72
4500455,10,17.05.2023,2000116,40000104,MONOPROPYLENE GLYCOL USP,1020,47890.0,KG,1970.61,1000,USD,02.06.2023,94372.51
4504216,10,17.05.2023,2000114,10000209,OCTANOL 2-ETHYL TECH GRADE,1020,48870.0,KG,2030.05,1000,USD,26.05.2023,99208.54
4500454,10,17.05.2023,2000116,40000104,MONOPROPYLENE GLYCOL USP,1020,47890.0,KG,2061.06,1000,USD,01.06.2023,98704.16
4502833,10,17.05.2023,2000105,10000107,TRIMELLITIC ANHYDRIDE,1010,34220.0,KG,2736.09,1000,USD,30.05.2023,93629.0
4504215,10,18.05.2023,2000114,10000209,OCTANOL 2-ETHYL TECH GRADE,1020,48870.0,KG,2145.44,1000,USD,01.06.2023,104847.65
4503054,10,18.05.2023,2000107,10000201,ACRYLIC ACID GLACIAL,1020,69120.0,KG,2545.04,1000,USD,28.05.2023,175913.16
4501140,10,19.05.2023,2000115,40000109,METHYL ETHYL KETONE,1020,29100.0,KG,1497.5,1000,USD,05.06.2023,43577.25
4504218,10,19.05.2023,2000113,10000209,OCTANOL 2-ETHYL TECH GRADE,1020,48870.0,KG,1971.46,1000,USD,07.06.2023,96345.25
4502112,10,20.05.2023,2000103,10000103,TEREPHTHALIC ACID PURIFIED,1010,50440.0,KG,1009.86,1000,USD,27.05.2023,50937.34
4502832,10,20.05.2023,2000105,10000107,TRIMELLITIC ANHYDRIDE,1010,34220.0,KG,2739.05,1000,USD,02.06.2023,93730.29
4500825,10,20.05.2023,2000118,40000107,METHYL METHACRYLATE,1020,27930.0,KG,2298.72,1000,USD,09.06.2023,64203.25
4501302,10,20.05.2023,2000115,40000110,ISOPROPYL ALCOHOL,1020,33930.0,KG,1257.62,1000,USD,29.05.2023,42671.05
4501751,10,21.05.2023,2000101,10000101,PROPYLENE POLYMER GRADE,1010,258840.0,KG,1155.67,1000,USD,05.06.2023,299133.62
4503289,10,22.05.2023,2000108,10000203,SULFURIC ACID 98%,1020,4870.0,KG,128.77,1000,USD,08.06.2023,627.11
4502113,10,22.05.2023,2000103,10000103,TEREPHTHALIC ACID PURIFIED,1010,50440.0,KG,1026.62,1000,USD,27.05.2023,51782.71
4503935,10,23.05.2023,2000112,10000207,PROPYLENE OXIDE,1020,42440.0,KG,1938.71,1000,USD,04.06.2023,82278.85
4504443,10,23.05.2023,2000114,10000210,BUTAN-1-OL,1020,60110.0,KG,1808.47,1000,USD,04.06.2023,108707.13
4503396,10,23.05.2023,2000109,10000204,ACETIC ACID GLACIAL,1020,52560.0,KG,974.27,1000,USD,30.05.2023,51207.63
4500708,10,24.05.2023,2000117,40000106,TRIMETHYLOLPROPANE,1020,24750.0,KG,2896.49,1000,USD,13.06.2023,71688.13
4502693,10,25.05.2023,2000105,10000106,ADIPIC ACID,1010,34440.0,KG,2367.8,1000,USD,08.06.2023,81547.03
4502115,10,25.05.2023,2000103,10000103,TEREPHTHALIC ACID PURIFIED,1010,50440.0,KG,1034.43,1000,USD,09.06.2023,52176.65
4500366,10,26.05.2023,2000116,40000103,TRIETHYLENE GLYCOL,1020,7770.0,KG,1683.27,1000,USD,31.05.2023,13079.01
4500457,10,26.05.2023,2000116,40000104,MONOPROPYLENE GLYCOL USP,1020,47890.0,KG,2019.43,1000,USD,11.06.2023,96710.5
4503777,10,26.05.2023,2000111,10000206,METHANOL,1020,30520.0,KG,464.68,1000,USD,09.06.2023,14182.03
4503395,10,26.05.2023,2000109,10000204,ACETIC ACID GLACIAL,1020,52560.0,KG,997.13,1000,USD,06.06.2023,52409.15
4503608,10,26.05.2023,2000110,10000205,ETHANOL ANHYDROUS,1020,31360.0,KG,864.15,1000,USD,06.06.2023,27099.74
4500707,10,26.05.2023,2000117,40000106,TRIMETHYLOLPROPANE,1020,24750.0,KG,2813.74,1000,USD,11.06.2023,69640.06
4500053,10,27.05.2023,2000116,40000101,MONOETHYLENE GLYCOL,1020,53750.0,KG,1208.7,1000,USD,14.06.2023,64967.62
4502694,10,27.05.2023,2000105,10000106,ADIPIC ACID,1010,34440.0,KG,2313.97,1000,USD,12.06.2023,79693.13
4502304,10,27.05.2023,2000104,10000104,ISONONANOL,1010,65550.0,KG,1426.78,1000,USD,10.06.2023,93525.43
4500710,10,01.06.2023,2000117,40000106,TRIMETHYLOLPROPANE,1020,35920.0,KG,2665.92,1000,USD,17.06.2023,95759.85
4504222,10,01.06.2023,2000113,10000209,OCTANOL 2-ETHYL TECH GRADE,1020,52090.0,KG,1948.86,1000,USD,12.06.2023,101516.12
4501757,10,02.06.2023,2000101,10000101,PROPYLENE POLYMER GRADE,1010,301630.0,KG,1170.07,1000,USD,07.06.2023,352928.21
4500367,10,02.06.2023,2000116,40000103,TRIETHYLENE GLYCOL,1020,29490.0,KG,1870.76,1000,USD,15.06.2023,55168.71
4502116,10,02.06.2023,2000103,10000103,TEREPHTHALIC ACID PURIFIED,1010,67690.0,KG,1056.01,1000,USD,12.06.2023,71481.32
4501144,10,03.06.2023,2000115,40000109,METHYL ETHYL KETONE,1020,33140.0,KG,1546.19,1000,USD,22.06.2023,51240.74
4501527,10,03.06.2023,2000119,40000111,EPOXIDIZED SOYBEAN OIL,1020,71840.0,KG,2095.5,1000,USD,12.06.2023,150540.72
4502836,10,03.06.2023,2000105,10000107,TRIMELLITIC ANHYDRIDE,1010,33110.0,KG,2740.37,1000,USD,08.06.2023,90733.65
4501754,10,03.06.2023,2000101,10000101,PROPYLENE POLYMER GRADE,1010,301630.0,KG,1148.84,1000,USD,23.06.2023,346524.61
4503400,10,04.06.2023,2000109,10000204,ACETIC ACID GLACIAL,1020,78820.0,KG,943.39,1000,USD,21.06.2023,74358.0
4502119,10,04.06.2023,2000103,10000103,TEREPHTHALIC ACID PURIFIED,1010,67690.0,KG,963.85,1000,USD,11.06.2023,65243.01
4504221,10,2023-06-04,2000114,10000209,OCTANOL 2-ETHYL TECH GRADE,1020,52090.0,KG,2097.03,1000,USD,11.06.2023,109234.29
4502117,10,04.06.2023,2000103,10000103,TEREPHTHALIC ACID PURIFIED,1010,67690.0,KG,1025.2,1000,USD,19.06.2023,69395.79
4501306,10,04.06.2023,2000115,40000110,ISOPROPYL ALCOHOL,1020,47100.0,KG,1201.84,1000,USD,19.06.2023,56606.66
4502307,10,05.06.2023,2000104,10000104,ISONONANOL,1010,43010.0,KG,1449.96,1000,USD,10.06.2023,62362.78
4500237,10,05.06.2023,2000116,40000102,DIETHYLENE GLYCOL,1020,39340.0,KG,1345.81,1000,USD,24.06.2023,52944.17
4503290,10,06.06.2023,2000108,10000203,SULFURIC ACID 98%,1020,5840.0,KG,122.97,1000,USD,19.06.2023,718.14
4503778,10,06.06.2023,2000111,10000206,METHANOL,1020,30750.0,KG,487.01,1000,USD,17.06.2023,14975.56
4502118,10,06.06.2023,2000103,10000103,TEREPHTHALIC ACID PURIFIED,1010,67690.0,KG,1001.74,1000,USD,12.06.2023,67807.78
4501308,10,2023-06-06,2000115,40000110,ISOPROPYL ALCOHOL,1020,47100.0,KG,1223.77,1000,USD,19.06.2023,57639.57
4501529,10,06.06.2023,2000119,40000111,EPOXIDIZED SOYBEAN OIL,1020,71840.0,KG,2198.68,1000,USD,12.06.2023,157953.17
4501526,10,07.06.2023,2000119,40000111,EPOXIDIZED SOYBEAN OIL,1020,71840.0,KG,2097.15,1000,USD,19.06.2023,150659.26
4503939,10,07.06.2023,2000112,10000207,PROPYLENE OXIDE,1020,44890.0,KG,1842.09,1000,USD,19.06.2023,82691.42
4503611,10,07.06.2023,2000110,10000205,ETHANOL ANHYDROUS,1020,28900.0,KG,832.28,1000,USD,24.06.2023,24052.89
4501305,10,08.06.2023,2000115,40000110,ISOPROPYL ALCOHOL,1020,47100.0,KG,1214.27,1000,USD,13.06.2023,57192.12
4500612,10,08.06.2023,2000117,40000105,NEOPENTYL GLYCOL FLAKES,1020,39070.0,KG,2385.35,1000,USD,23.06.2023,93195.62
4502308,10,08.06.2023,2000104,10000104,ISONONANOL,1010,43010.0,KG,1369.32,1000,USD,13.06.2023,58894.45
4502837,10,08.06.2023,2000105,10000107,TRIMELLITIC ANHYDRIDE,1010,33110.0,KG,2754.34,1000,USD,21.06.2023,91196.2
4501142,10,09.06.2023,2000115,40000109,METHYL ETHYL KETONE,1020,33140.0,KG,1540.2,1000,USD,24.06.2023,51042.23
4503938,10,09.06.2023,2000112,10000207,PROPYLENE OXIDE,1020,44890.0,KG,1936.53,1000,USD,15.06.2023,86930.83
4504445,10,09.06.2023,2000113,10000210,BUTAN-1-OL,1020,80360.0,KG,1820.13,1000,USD,29.06.2023,146265.65
4504446,10,09.06.2023,2000114,10000210,BUTAN-1-OL,1020,80360.0,KG,1858.95,1000,USD,15.06.2023,149385.22
4500826,10,09.06.2023,2000118,40000107,METHYL METHACRYLATE,1020,25000.0,KG,2263.57,1000,USD,21.06.2023,56589.25
4500057,10,09.06.2023,2000116,40000101,MONOETHYLENE GLYCOL,1020,35120.0,KG,1125.82,1000,USD,27.06.2023,39538.8
4500056,10,10.06.2023,2000116,40000101,MONOETHYLENE GLYCOL,1020,35120.0,KG,1169.57,1000,USD,18.06.2023,41075.3
4503941,10,10.06.2023,2000112,10000207,PROPYLENE OXIDE,1020,44890.0,KG,1926.62,1000,USD,30.06.2023,86485.97
4502949,10,10.06.2023,2000106,10000108,TETRAISOPROPYL TITANATE CATALYST,1010,1300.0,KG,9308.82,1000,USD,27.06.2023,12101.47
4503779,10,11.06.2023,2000111,10000206,METHANOL,1020,30750.0,KG,483.04,1000,USD,23.06.2023,14853.48
4503060,10,11.06.2023,2000107,10000201,ACRYLIC ACID GLACIAL,1020,67270.0,KG,2471.98,1000,USD,17.06.2023,166290.09
4501528,10,11.06.2023,2000119,40000111,EPOXIDIZED SOYBEAN OIL,1020,71840.0,KG,2093.5,1000,USD,30.06.2023,150397.04
4500611,10,11.06.2023,2000117,40000105,NEOPENTYL GLYCOL FLAKES,1020,39070.0,KG,2349.4,1000,USD,18.06.2023,91791.06
4502309,10,11.06.2023,2000104,10000104,ISONONANOL,1010,43010.0,KG,1375.49,1000,USD,21.06.2023,59159.82
4504219,10,11.06.2023,2000113,10000209,OCTANOL 2-ETHYL TECH GRADE,1020,52090.0,KG,1955.31,1000,USD,27.06.2023,101852.1
4503057,10,12.06.2023,2000107,10000201,ACRYLIC ACID GLACIAL,1020,67270.0,KG,2517.73,1000,USD,23.06.2023,169367.7
4502501,10,12.06.2023,2000103,10000105,PHTHALIC ANHYDRIDE,1010,27560.0,KG,1198.87,1000,USD,25.06.2023,33040.86
4502835,10,13.06.2023,2000105,10000107,TRIMELLITIC ANHYDRIDE,1010,33110.0,KG,2788.24,1000,USD,21.06.2023,92318.63
4503612,10,13.06.2023,2000110,10000205,ETHANOL ANHYDROUS,1020,28900.0,KG,827.65,1000,USD,22.06.2023,23919.08
4500235,10,14.06.2023,2000116,40000102,DIETHYLENE GLYCOL,1020,39340.0,KG,1355.5,1000,USD,02.07.2023,53325.37
4503613,10,15.06.2023,2000110,10000205,ETHANOL ANHYDROUS,1020,28900.0,KG,818.75,1000,USD,20.06.2023,23661.88
4503233,10,16.06.2023,2000106,10000202,MEHQ INHIBITOR (4-METHOXYPHENOL),1020,120.0,KG,12738.61,1000,USD,01.07.2023,1528.63
4500966,10,16.06.2023,2000115,40000108,ACETONE,1020,45980.0,KG,1082.17,1000,USD,26.06.2023,49758.18
4500709,10,16.06.2023,2000117,40000106,TRIMETHYLOLPROPANE,1020,35920.0,KG,2776.19,1000,USD,23.06.2023,99720.74
4501307,10,16.06.2023,2000115,40000110,ISOPROPYL ALCOHOL,1020,47100.0,KG,1229.02,1000,USD,25.06.2023,57886.84
4502502,10,16.06.2023,2000103,10000105,PHTHALIC ANHYDRIDE,1010,27560.0,KG,1170.74,1000,USD,24.06.2023,32265.59
4504111,10,17.06.2023,2000108,10000208,SODIUM HYDROXIDE 50% SOLUTION,1020,520.0,KG,578.37,1000,USD,30.06.2023,300.75
4504444,10,18.06.2023,2000114,10000210,BUTAN-1-OL,1020,80360.0,KG,1857.77,1000,USD,23.06.2023,149290.4
4504220,10,18.06.2023,2000114,10000209,OCTANOL 2-ETHYL TECH GRADE,1020,52090.0,KG,2083.03,1000,USD,30.06.2023,108505.03
4503399,10,18.06.2023,2000109,10000204,ACETIC ACID GLACIAL,1020,78820.0,KG,964.83,1000,USD,25.06.2023,76047.9
4500964,10,18.06.2023,2000115,40000108,ACETONE,1020,45980.0,KG,1079.37,1000,USD,06.07.2023,49629.43
4500460,10,19.06.2023,2000116,40000104,MONOPROPYLENE GLYCOL USP,1020,36570.0,KG,2016.11,1000,USD,08.07.2023,73729.14
4500236,10,19.06.2023,2000116,40000102,DIETHYLENE GLYCOL,1020,39340.0,KG,1364.64,1000,USD,24.06.2023,53684.94
4500055,10,19.06.2023,2000116,40000101,MONOETHYLENE GLYCOL,1020,35120.0,KG,1170.48,1000,USD,28.06.2023,41107.26
4504621,10,20.06.2023,2000115,10000109,CLEANING SOLVENT - GLYCOL ETHER,1010,3400.0,KG,1984.05,1000,USD,30.06.2023,6745.77
4503780,10,20.06.2023,2000111,10000206,METHANOL,1020,30750.0,KG,479.92,1000,USD,25.06.2023,14757.54
4501145,10,20.06.2023,2000115,40000109,METHYL ETHYL KETONE,1020,33140.0,KG,1506.65,1000,USD,28.06.2023,49930.38
4501957,10,21.06.2023,2000102,10000102,HYDROGEN,1010,28030.0,KG,2196.15,1000,USD,02.07.2023,61558.08
4504447,10,21.06.2023,2000113,10000210,BUTAN-1-OL,1020,80360.0,KG,1799.11,1000,USD,02.07.2023,144576.48
4503401,10,21.06.2023,2000109,10000204,ACETIC ACID GLACIAL,1020,78820.0,KG,954.46,1000,USD,03.07.2023,75230.54
4503398,10,21.06.2023,2000109,10000204,ACETIC ACID GLACIAL,1020,78820.0,KG,929.58,1000,USD,01.07.2023,73269.5
4500965,10,22.06.2023,2000115,40000108,ACETONE,1020,45980.0,KG,1062.66,1000,USD,02.07.2023,48861.11
4500054,10,22.06.2023,2000116,40000101,MONOETHYLENE GLYCOL,1020,35120.0,KG,1161.18,1000,USD,30.06.2023,40780.64
4501959,10,22.06.2023,2000102,10000102,HYDROGEN,1010,28030.0,KG,2175.45,1000,USD,04.07.2023,60977.86
4502696,10,22.06.2023,2000105,10000106,ADIPIC ACID,1010,39350.0,KG,2218.13,1000,USD,27.06.2023,87283.42
4500963,10,22.06.2023,2000115,40000108,ACETONE,1020,45980.0,KG,1048.72,1000,USD,08.07.2023,48220.15
4501756,10,24.06.2023,2000101,10000101,PROPYLENE POLYMER GRADE,1010,301630.0,KG,1200.84,1000,USD,02.07.2023,362209.37
4501143,10,24.06.2023,2000115,40000109,METHYL ETHYL KETONE,1020,33140.0,KG,1531.27,1000,USD,04.07.2023,50746.29
4500458,10,25.06.2023,2000116,40000104,MONOPROPYLENE GLYCOL USP,1020,36570.0,KG,2018.93,1000,USD,11.07.2023,73832.27
4500827,10,25.06.2023,2000118,40000107,METHYL METHACRYLATE,1020,25000.0,KG,2192.92,1000,USD,10.07.2023,54823.0
4502500,10,25.06.2023,2000103,10000105,PHTHALIC ANHYDRIDE,1010,27560.0,KG,1165.02,1000,USD,13.07.2023,32107.95
4500238,10,25.06.2023,2000116,40000102,DIETHYLENE GLYCOL,1020,39340.0,KG,1283.89,1000,USD,30.06.2023,50508.23
4502697,10,2023-06-25,2000105,10000106,ADIPIC ACID,1010,39350.0,KG,2197.05,1000,USD,08.07.2023,86453.92
4502306,10,25.06.2023,2000104,10000104,ISONONANOL,1010,43010.0,KG,1433.37,1000,USD,06.07.2023,61649.24
4503940,10,26.06.2023,2000112,10000207,PROPYLENE OXIDE,1020,44890.0,KG,1921.18,1000,USD,09.07.2023,86241.77
4503059,10,26.06.2023,2000107,10000201,ACRYLIC ACID GLACIAL,1020,67270.0,KG,2543.81,1000,USD,14.07.2023,171122.1
4501958,10,26.06.2023,2000102,10000102,HYDROGEN,1010,28030.0,KG,2157.6,1000,USD,11.07.2023,60477.53
4500459,10,26.06.2023,2000116,40000104,MONOPROPYLENE GLYCOL USP,1020,36570.0,KG,1995.76,1000,USD,03.07.2023,72984.94
4503058,10,27.06.2023,2000107,10000201,ACRYLIC ACID GLACIAL,1020,67270.0,KG,2594.69,1000,USD,05.07.2023,174544.8
4501755,10,2023-06-27,2000101,10000101,PROPYLENE POLYMER GRADE,1010,301630.0,KG,1159.17,1000,USD,12.07.2023,349640.45
4501309,10,01.07.2023,2000115,40000110,ISOPROPYL ALCOHOL,1020,78970.0,KG,1204.31,1000,USD,09.07.2023,95104.36
4503615,10,01.07.2023,2000110,10000205,ETHANOL ANHYDROUS,1020,31010.0,KG,823.98,1000,USD,13.07.2023,25551.62
4503943,10,01.07.2023,2000112,10000207,PROPYLENE OXIDE,1020,45940.0,KG,1901.33,1000,USD,20.07.2023,87347.1
4504450,10,02.07.2023,2000113,10000210,BUTAN-1-OL,1020,63140.0,KG,1827.07,1000,USD,09.07.2023,115361.2
4501146,10,02.07.2023,2000115,40000109,METHYL ETHYL KETONE,1020,28860.0,KG,1568.32,1000,USD,09.07.2023,45261.72
4502950,10,03.07.2023,2000106,10000108,TETRAISOPROPYL TITANATE CATALYST,1010,1250.0,KG,9661.24,1000,USD,10.07.2023,12076.55
4501532,10,03.07.2023,2000119,40000111,EPOXIDIZED SOYBEAN OIL,1020,99870.0,KG,2111.48,1000,USD,23.07.2023,210873.51
4501147,10,03.07.2023,2000115,40000109,METHYL ETHYL KETONE,1020,28860.0,KG,1504.74,1000,USD,10.07.2023,43426.8
4503783,10,2023-07-03,2000111,10000206,METHANOL,1020,30010.0,KG,474.73,1000,USD,22.07.2023,14246.65
4500711,10,03.07.2023,2000117,40000106,TRIMETHYLOLPROPANE,1020,11450.0,KG,2693.8,1000,USD,13.07.2023,30844.01
4501311,10,04.07.2023,2000115,40000110,ISOPROPYL ALCOHOL,1020,78970.0,KG,1192.37,1000,USD,18.07.2023,94161.46
4503291,10,04.07.2023,2000108,10000203,SULFURIC ACID 98%,1020,4350.0,KG,128.46,1000,USD,22.07.2023,558.8
4502839,10,04.07.2023,2000105,10000107,TRIMELLITIC ANHYDRIDE,1010,23090.0,KG,2811.13,1000,USD,20.07.2023,64908.99
4504225,10,04.07.2023,2000113,10000209,OCTANOL 2-ETHYL TECH GRADE,1020,34230.0,KG,2034.21,1000,USD,21.07.2023,69631.01
4504112,10,05.07.2023,2000108,10000208,SODIUM HYDROXIDE 50% SOLUTION,1020,540.0,KG,585.06,1000,USD,10.07.2023,315.93
4500060,10,05.07.2023,2000116,40000101,MONOETHYLENE GLYCOL,1020,37540.0,KG,1173.94,1000,USD,19.07.2023,44069.71
4504449,10,06.07.2023,2000114,10000210,BUTAN-1-OL,1020,63140.0,KG,1838.25,1000,USD,24.07.2023,116067.1
4503781,10,06.07.2023,2000111,10000206,METHANOL,1020,30010.0,KG,482.92,1000,USD,16.07.2023,14492.43
4502310,10,07.07.2023,2000104,10000104,ISONONANOL,1010,49630.0,KG,1461.52,1000,USD,26.07.2023,72535.24
4504451,10,08.07.2023,2000113,10000210,BUTAN-1-OL,1020,63140.0,KG,1789.36,1000,USD,27.07.2023,112980.19
4502313,10,08.07.2023,2000104,10000104,ISONONANOL,1010,49630.0,KG,1435.16,1000,USD,26.07.2023,71226.99
4502123,10,08.07.2023,2000103,10000103,TEREPHTHALIC ACID PURIFIED,1010,76410.0,KG,1010.59,1000,USD,28.07.2023,77219.18
4503063,10,09.07.2023,2000107,10000201,ACRYLIC ACID GLACIAL,1020,55110.0,KG,2509.56,1000,USD,29.07.2023,138301.85
4501310,10,09.07.2023,2000115,40000110,ISOPROPYL ALCOHOL,1020,78970.0,KG,1212.74,1000,USD,18.07.2023,95770.08
4500239,10,09.07.2023,2000116,40000102,DIETHYLENE GLYCOL,1020,29220.0,KG,1332.38,1000,USD,27.07.2023,38932.14
4500968,10,2023-07-09,2000115,40000108,ACETONE,1020,27880.0,KG,1032.56,1000,USD,16.07.2023,28787.77
4502699,10,09.07.2023,2000105,10000106,ADIPIC ACID,1010,29010.0,KG,2185.93,1000,USD,20.07.2023,63413.83
4503405,10,09.07.2023,2000109,10000204,ACETIC ACID GLACIAL,1020,66250.0,KG,958.31,1000,USD,14.07.2023,63488.04
4502122,10,09.07.2023,2000103,10000103,TEREPHTHALIC ACID PURIFIED,1010,76410.0,KG,1028.18,1000,USD,24.07.2023,78563.23
4503062,10,10.07.2023,2000107,10000201,ACRYLIC ACID GLACIAL,1020,55110.0,KG,2416.98,1000,USD,24.07.2023,133199.77
4503402,10,10.07.2023,2000109,10000204,ACETIC ACID GLACIAL,1020,66250.0,KG,948.36,1000,USD,16.07.2023,62828.85
4503064,10,10.07.2023,2000107,10000201,ACRYLIC ACID GLACIAL,1020,55110.0,KG,2572.56,1000,USD,29.07.2023,141773.78
4504622,10,10.07.2023,2000115,10000109,CLEANING SOLVENT - GLYCOL ETHER,1010,3200.0,KG,1980.88,1000,USD,30.07.2023,6338.82
4502838,10,11.07.2023,2000105,10000107,TRIMELLITIC ANHYDRIDE,1010,23090.0,KG,2812.19,1000,USD,20.07.2023,64933.47
4502120,10,12.07.2023,2000103,10000103,TEREPHTHALIC ACID PURIFIED,1010,76410.0,KG,1002.02,1000,USD,28.07.2023,76564.35
4500461,10,12.07.2023,2000116,40000104,MONOPROPYLENE GLYCOL USP,1020,39400.0,KG,2009.7,1000,USD,21.07.2023,79182.18
4501533,10,12.07.2023,2000119,40000111,EPOXIDIZED SOYBEAN OIL,1020,99870.0,KG,2153.82,1000,USD,18.07.2023,215102.0
4503404,10,13.07.2023,2000109,10000204,ACETIC ACID GLACIAL,1020,66250.0,KG,970.2,1000,USD,23.07.2023,64275.75
4501759,10,13.07.2023,2000101,10000101,PROPYLENE POLYMER GRADE,1010,272820.0,KG,1199.13,1000,USD,23.07.2023,327146.65
4501530,10,13.07.2023,2000119,40000111,EPOXIDIZED SOYBEAN OIL,1020,99870.0,KG,2120.33,1000,USD,19.07.2023,211757.36
4501960,10,13.07.2023,2000101,10000102,HYDROGEN,1010,38390.0,KG,2147.06,1000,USD,22.07.2023,82425.63
4500061,10,13.07.2023,2000116,40000101,MONOETHYLENE GLYCOL,1020,37540.0,KG,1178.31,1000,USD,18.07.2023,44233.76
4502504,10,13.07.2023,2000103,10000105,PHTHALIC ANHYDRIDE,1010,33730.0,KG,1131.82,1000,USD,23.07.2023,38176.29
4503616,10,13.07.2023,2000110,10000205,ETHANOL ANHYDROUS,1020,31010.0,KG,841.46,1000,USD,18.07.2023,26093.67
4501760,10,13.07.2023,2000101,10000101,PROPYLENE POLYMER GRADE,1010,272820.0,KG,1160.9,1000,USD,24.07.2023,316716.74
4502503,10,14.07.2023,2000103,10000105,PHTHALIC ANHYDRIDE,1010,33730.0,KG,1119.06,1000,USD,02.08.2023,37745.89
4503782,10,2023-07-14,2000111,10000206,METHANOL,1020,30010.0,KG,466.29,1000,USD,27.07.2023,13993.36
4501758,10,14.07.2023,2000101,10000101,PROPYLENE POLYMER GRADE,1010,272820.0,KG,1143.26,1000,USD,23.07.2023,311904.19
4500058,10,15.07.2023,2000116,40000101,MONOETHYLENE GLYCOL,1020,37540.0,KG,1198.16,1000,USD,26.07.2023,44978.93
4504224,10,15.07.2023,2000113,10000209,OCTANOL 2-ETHYL TECH GRADE,1020,34230.0,KG,1912.19,1000,USD,03.08.2023,65454.26
4503061,10,15.07.2023,2000107,10000201,ACRYLIC ACID GLACIAL,1020,55110.0,KG,2580.04,1000,USD,31.07.2023,142186.0
4503944,10,15.07.2023,2000112,10000207,PROPYLENE OXIDE,1020,45940.0,KG,1976.84,1000,USD,24.07.2023,90816.03
4501961,10,15.07.2023,2000102,10000102,HYDROGEN,1010,38390.0,KG,2046.74,1000,USD,30.07.2023,78574.35
4503234,10,15.07.2023,2000106,10000202,MEHQ INHIBITOR (4-METHOXYPHENOL),1020,80.0,KG,12769.06,1000,USD,24.07.2023,1021.52
4500967,10,15.07.2023,2000115,40000108,ACETONE,1020,27880.0,KG,1079.28,1000,USD,21.07.2023,30090.33
4500829,10,16.07.2023,2000118,40000107,METHYL METHACRYLATE,1020,35310.0,KG,2205.95,1000,USD,01.08.2023,77892.09
4502505,10,16.07.2023,2000103,10000105,PHTHALIC ANHYDRIDE,1010,33730.0,KG,1206.41,1000,USD,25.07.2023,40692.21
4500828,10,16.07.2023,2000118,40000107,METHYL METHACRYLATE,1020,35310.0,KG,2195.23,1000,USD,22.07.2023,77513.57
4501148,10,17.07.2023,2000115,40000109,METHYL ETHYL KETONE,1020,28860.0,KG,1568.33,1000,USD,26.07.2023,45262.0
4503614,10,17.07.2023,2000110,10000205,ETHANOL ANHYDROUS,1020,31010.0,KG,836.48,1000,USD,06.08.2023,25939.24
4504223,10,19.07.2023,2000113,10000209,OCTANOL 2-ETHYL TECH GRADE,1020,34230.0,KG,1993.56,1000,USD,26.07.2023,68239.56
4501761,10,19.07.2023,2000101,10000101,PROPYLENE POLYMER GRADE,1010,272820.0,KG,1215.51,1000,USD,26.07.2023,331615.44
4503945,10,19.07.2023,2000112,10000207,PROPYLENE OXIDE,1020,45940.0,KG,1867.78,1000,USD,06.08.2023,85805.81
4500462,10,20.07.2023,2000116,40000104,MONOPROPYLENE GLYCOL USP,1020,39400.0,KG,2094.63,1000,USD,04.08.2023,82528.42
4503942,10,20.07.2023,2000112,10000207,PROPYLENE OXIDE,1020,45940.0,KG,1865.9,1000,USD,28.07.2023,85719.45
4500059,10,20.07.2023,2000116,40000101,MONOETHYLENE GLYCOL,1020,37540.0,KG,1155.96,1000,USD,08.08.2023,43394.74
4504448,10,21.07.2023,2000114,10000210,BUTAN-1-OL,1020,63140.0,KG,1818.63,1000,USD,04.08.2023,114828.3
4500830,10,22.07.2023,2000118,40000107,METHYL METHACRYLATE,1020,35310.0,KG,2272.21,1000,USD,29.07.2023,80231.74
4502698,10,22.07.2023,2000105,10000106,ADIPIC ACID,1010,29010.0,KG,2305.03,1000,USD,09.08.2023,66868.92
4502311,10,22.07.2023,2000104,10000104,ISONONANOL,1010,49630.0,KG,1407.56,1000,USD,30.07.2023,69857.2
4501312,10,23.07.2023,2000115,40000110,ISOPROPYL ALCOHOL,1020,78970.0,KG,1227.0,1000,USD,12.08.2023,96896.19
4500613,10,24.07.2023,2000117,40000105,NEOPENTYL GLYCOL FLAKES,1020,13890.0,KG,2290.62,1000,USD,05.08.2023,31816.71
4503403,10,24.07.2023,2000109,10000204,ACETIC ACID GLACIAL,1020,66250.0,KG,960.48,1000,USD,08.08.2023,63631.8
4501531,10,24.07.2023,2000119,40000111,EPOXIDIZED SOYBEAN OIL,1020,99870.0,KG,2074.68,1000,USD,01.08.2023,207198.29
4502312,10,25.07.2023,2000104,10000104,ISONONANOL,1010,49630.0,KG,1450.82,1000,USD,31.07.2023,72004.2
4502121,10,25.07.2023,2000103,10000103,TEREPHTHALIC ACID PURIFIED,1010,76410.0,KG,966.4,1000,USD,30.07.2023,73842.62
4502315,10,01.08.2023,2000104,10000104,ISONONANOL,1010,36970.0,KG,1394.91,1000,USD,08.08.2023,51569.82
4501536,10,01.08.2023,2000119,40000111,EPOXIDIZED SOYBEAN OIL,1020,63650.0,KG,2191.3,1000,USD,09.08.2023,139476.24
4503066,10,01.08.2023,2000107,10000201,ACRYLIC ACID GLACIAL,1020,80560.0,KG,2479.56,1000,USD,15.08.2023,199753.35
4500970,10,02.08.2023,2000115,40000108,ACETONE,1020,42790.0,KG,1072.15,1000,USD,14.08.2023,45877.3
4503948,10,04.08.2023,2000112,10000207,PROPYLENE OXIDE,1020,61110.0,KG,1891.01,1000,USD,19.08.2023,115559.62
4501763,10,04.08.2023,2000101,10000101,PROPYLENE POLYMER GRADE,1010,269570.0,KG,1169.0,1000,USD,22.08.2023,315127.33
4501534,10,05.08.2023,2000119,40000111,EPOXIDIZED SOYBEAN OIL,1020,63650.0,KG,2123.32,1000,USD,18.08.2023,135149.32
4500241,10,05.08.2023,2000116,40000102,DIETHYLENE GLYCOL,1020,35680.0,KG,1346.9,1000,USD,13.08.2023,48057.39
4503785,10,2023-08-05,2000111,10000206,METHANOL,1020,39270.0,KG,466.34,1000,USD,22.08.2023,18313.17
4502701,10,05.08.2023,2000105,10000106,ADIPIC ACID,1010,37380.0,KG,2174.85,1000,USD,23.08.2023,81295.89
4500969,10,06.08.2023,2000115,40000108,ACETONE,1020,42790.0,KG,1021.66,1000,USD,21.08.2023,43716.83
4503786,10,06.08.2023,2000111,10000206,METHANOL,1020,39270.0,KG,474.81,1000,USD,20.08.2023,18645.79
4503292,10,07.08.2023,2000108,10000203,SULFURIC ACID 98%,1020,5080.0,KG,128.31,1000,USD,16.08.2023,651.81
4502702,10,07.08.2023,2000105,10000106,ADIPIC ACID,1010,37380.0,KG,2245.39,1000,USD,27.08.2023,83932.68
4503619,10,07.08.2023,2000110,10000205,ETHANOL ANHYDROUS,1020,27860.0,KG,836.24,1000,USD,12.08.2023,23297.65
4504623,10,07.08.2023,2000115,10000109,CLEANING SOLVENT - GLYCOL ETHER,1010,1900.0,KG,1970.85,1000,USD,13.08.2023,3744.62
4503947,10,08.08.2023,2000112,10000207,PROPYLENE OXIDE,1020,61110.0,KG,1869.96,1000,USD,24.08.2023,114273.26
4500463,10,08.08.2023,2000116,40000104,MONOPROPYLENE GLYCOL USP,1020,37530.0,KG,2009.29,1000,USD,14.08.2023,75408.65
4502840,10,08.08.2023,2000105,10000107,TRIMELLITIC ANHYDRIDE,1010,23840.0,KG,2741.65,1000,USD,19.08.2023,65360.94
4501764,10,09.08.2023,2000101,10000101,PROPYLENE POLYMER GRADE,1010,269570.0,KG,1168.92,1000,USD,16.08.2023,315105.76
4501962,10,09.08.2023,2000101,10000102,HYDROGEN,1010,26890.0,KG,2097.78,1000,USD,27.08.2023,56409.3
4502700,10,09.08.2023,2000105,10000106,ADIPIC ACID,1010,37380.0,KG,2220.81,1000,USD,28.08.2023,83013.88
4504113,10,2023-08-09,2000108,10000208,SODIUM HYDROXIDE 50% SOLUTION,1020,670.0,KG,574.52,1000,USD,22.08.2023,384.93
4502124,10,10.08.2023,2000103,10000103,TEREPHTHALIC ACID PURIFIED,1010,75370.0,KG,1027.96,1000,USD,27.08.2023,77477.35
4503784,10,10.08.2023,2000111,10000206,METHANOL,1020,39270.0,KG,477.56,1000,USD,19.08.2023,18753.78
4501149,10,10.08.2023,2000115,40000109,METHYL ETHYL KETONE,1020,29730.0,KG,1481.73,1000,USD,19.08.2023,44051.83
4502951,10,11.08.2023,2000106,10000108,TETRAISOPROPYL TITANATE CATALYST,1010,1310.0,KG,9337.04,1000,USD,25.08.2023,12231.52
4500063,10,11.08.2023,2000116,40000101,MONOETHYLENE GLYCOL,1020,38770.0,KG,1180.72,1000,USD,27.08.2023,45776.51
4500972,10,11.08.2023,2000115,40000108,ACETONE,1020,42790.0,KG,1055.79,1000,USD,22.08.2023,45177.25
4503067,10,11.08.2023,2000107,10000201,ACRYLIC ACID GLACIAL,1020,80560.0,KG,2486.91,1000,USD,26.08.2023,200345.47
4501963,10,2023-08-12,2000101,10000102,HYDROGEN,1010,26890.0,KG,2037.76,1000,USD,27.08.2023,54795.37
4504226,10,2023-08-12,2000113,10000209,OCTANOL 2-ETHYL TECH GRADE,1020,53250.0,KG,1953.02,1000,USD,31.08.2023,103998.32
4500368,10,12.08.2023,2000116,40000103,TRIETHYLENE GLYCOL,1020,20800.0,KG,1774.68,1000,USD,23.08.2023,36913.34
4500832,10,2023-08-13,2000118,40000107,METHYL METHACRYLATE,1020,28920.0,KG,2266.23,1000,USD,24.08.2023,65539.37
4501765,10,13.08.2023,2000101,10000101,PROPYLENE POLYMER GRADE,1010,269570.0,KG,1133.6,1000,USD,21.08.2023,305584.55
4503065,10,13.08.2023,2000107,10000201,ACRYLIC ACID GLACIAL,1020,80560.0,KG,2532.04,1000,USD,28.08.2023,203981.14
4504227,10,13.08.2023,2000114,10000209,OCTANOL 2-ETHYL TECH GRADE,1020,53250.0,KG,2018.21,1000,USD,26.08.2023,107469.68
4503949,10,13.08.2023,2000112,10000207,PROPYLENE OXIDE,1020,61110.0,KG,1896.08,1000,USD,30.08.2023,115869.45
4500712,10,13.08.2023,2000117,40000106,TRIMETHYLOLPROPANE,1020,25960.0,KG,2761.21,1000,USD,27.08.2023,71681.01
4503946,10,13.08.2023,2000112,10000207,PROPYLENE OXIDE,1020,61110.0,KG,1891.61,1000,USD,01.09.2023,115596.29
4502126,10,14.08.2023,2000103,10000103,TEREPHTHALIC ACID PURIFIED,1010,75370.0,KG,1038.89,1000,USD,23.08.2023,78301.14
4502506,10,14.08.2023,2000103,10000105,PHTHALIC ANHYDRIDE,1010,34410.0,KG,1155.21,1000,USD,02.09.2023,39750.78
4504228,10,14.08.2023,2000113,10000209,OCTANOL 2-ETHYL TECH GRADE,1020,53250.0,KG,1927.29,1000,USD,02.09.2023,102628.19
4503618,10,14.08.2023,2000110,10000205,ETHANOL ANHYDROUS,1020,27860.0,KG,862.2,1000,USD,28.08.2023,24020.89
4500971,10,15.08.2023,2000115,40000108,ACETONE,1020,42790.0,KG,1038.58,1000,USD,03.09.2023,44440.84
4500614,10,15.08.2023,2000117,40000105,NEOPENTYL GLYCOL FLAKES,1020,31540.0,KG,2372.34,1000,USD,02.09.2023,74823.6
4500831,10,16.08.2023,2000118,40000107,METHYL METHACRYLATE,1020,28920.0,KG,2246.52,1000,USD,25.08.2023,64969.36
4501964,10,17.08.2023,2000101,10000102,HYDROGEN,1010,26890.0,KG,2064.89,1000,USD,28.08.2023,55524.89
4502125,10,17.08.2023,2000103,10000103,TEREPHTHALIC ACID PURIFIED,1010,75370.0,KG,999.69,1000,USD,22.08.2023,75346.64
4502841,10,17.08.2023,2000105,10000107,TRIMELLITIC ANHYDRIDE,1010,23840.0,KG,2712.25,1000,USD,31.08.2023,64660.04
4500242,10,18.08.2023,2000116,40000102,DIETHYLENE GLYCOL,1020,35680.0,KG,1305.29,1000,USD,27.08.2023,46572.75
4501150,10,19.08.2023,2000115,40000109,METHYL ETHYL KETONE,1020,29730.0,KG,1530.72,1000,USD,24.08.2023,45508.31
4500240,10,19.08.2023,2000116,40000102,DIETHYLENE GLYCOL,1020,35680.0,KG,1352.36,1000,USD,28.08.2023,48252.2
4502507,10,19.08.2023,2000103,10000105,PHTHALIC ANHYDRIDE,1010,34410.0,KG,1146.35,1000,USD,28.08.2023,39445.9
4503235,10,2023-08-20,2000106,10000202,MEHQ INHIBITOR (4-METHOXYPHENOL),1020,140.0,KG,12722.29,1000,USD,29.08.2023,1781.12
4502316,10,20.08.2023,2000104,10000104,ISONONANOL,1010,36970.0,KG,1385.0,1000,USD,31.08.2023,51203.45
4500464,10,20.08.2023,2000116,40000104,MONOPROPYLENE GLYCOL USP,1020,37530.0,KG,1988.46,1000,USD,31.08.2023,74626.9
4501313,10,21.08.2023,2000115,40000110,ISOPROPYL ALCOHOL,1020,30130.0,KG,1257.73,1000,USD,10.09.2023,37895.4
4501316,10,2023-08-21,2000115,40000110,ISOPROPYL ALCOHOL,1020,30130.0,KG,1224.5,1000,USD,29.08.2023,36894.18
4501535,10,21.08.2023,2000119,40000111,EPOXIDIZED SOYBEAN OIL,1020,63650.0,KG,2133.19,1000,USD,30.08.2023,135777.54
4504454,10,2023-08-22,2000113,10000210,BUTAN-1-OL,1020,70950.0,KG,1762.14,1000,USD,06.09.2023,125023.83
4504229,10,22.08.2023,2000114,10000209,OCTANOL 2-ETHYL TECH GRADE,1020,53250.0,KG,2021.91,1000,USD,01.09.2023,107666.71
4503407,10,2023-08-22,2000109,10000204,ACETIC ACID GLACIAL,1020,52840.0,KG,934.8,1000,USD,31.08.2023,49394.83
4502317,10,22.08.2023,2000104,10000104,ISONONANOL,1010,36970.0,KG,1463.26,1000,USD,28.08.2023,54096.72
4501315,10,22.08.2023,2000115,40000110,ISOPROPYL ALCOHOL,1020,30130.0,KG,1156.13,1000,USD,09.09.2023,34834.2
4502314,10,2023-08-23,2000104,10000104,ISONONANOL,1010,36970.0,KG,1445.84,1000,USD,05.09.2023,53452.7
4500064,10,23.08.2023,2000116,40000101,MONOETHYLENE GLYCOL,1020,38770.0,KG,1177.99,1000,USD,04.09.2023,45670.67
4503408,10,23.08.2023,2000109,10000204,ACETIC ACID GLACIAL,1020,52840.0,KG,967.5,1000,USD,06.09.2023,51122.7
4500465,10,24.08.2023,2000116,40000104,MONOPROPYLENE GLYCOL USP,1020,37530.0,KG,2041.27,1000,USD,12.09.2023,76608.86
4500369,10,24.08.2023,2000116,40000103,TRIETHYLENE GLYCOL,1020,20800.0,KG,1799.86,1000,USD,29.08.2023,37437.09
4504452,10,24.08.2023,2000114,10000210,BUTAN-1-OL,1020,70950.0,KG,1828.83,1000,USD,30.08.2023,129755.49
4501314,10,24.08.2023,2000115,40000110,ISOPROPYL ALCOHOL,1020,30130.0,KG,1247.97,1000,USD,03.09.2023,37601.34
4504455,10,24.08.2023,2000113,10000210,BUTAN-1-OL,1020,70950.0,KG,1798.99,1000,USD,03.09.2023,127638.34
4503617,10,24.08.2023,2000110,10000205,ETHANOL ANHYDROUS,1020,27860.0,KG,853.79,1000,USD,01.09.2023,23786.59
4504453,10,24.08.2023,2000114,10000210,BUTAN-1-OL,1020,70950.0,KG,1886.31,1000,USD,04.09.2023,133833.69
4502127,10,25.08.2023,2000103,10000103,TEREPHTHALIC ACID PURIFIED,1010,75370.0,KG,980.25,1000,USD,31.08.2023,73881.44
4503409,10,25.08.2023,2000109,10000204,ACETIC ACID GLACIAL,1020,52840.0,KG,936.72,1000,USD,10.09.2023,49496.28
4503406,10,26.08.2023,2000109,10000204,ACETIC ACID GLACIAL,1020,52840.0,KG,944.39,1000,USD,04.09.2023,49901.57
4501537,10,26.08.2023,2000119,40000111,EPOXIDIZED SOYBEAN OIL,1020,63650.0,KG,2125.25,1000,USD,06.09.2023,135272.16
4500062,10,26.08.2023,2000116,40000101,MONOETHYLENE GLYCOL,1020,38770.0,KG,1163.86,1000,USD,31.08.2023,45122.85
4503068,10,27.08.2023,2000107,10000201,ACRYLIC ACID GLACIAL,1020,80560.0,KG,2514.11,1000,USD,12.09.2023,202536.7
4501762,10,27.08.2023,2000101,10000101,PROPYLENE POLYMER GRADE,1010,269570.0,KG,1149.73,1000,USD,10.09.2023,309932.72
4503951,10,01.09.2023,2000112,10000207,PROPYLENE OXIDE,1020,31850.0,KG,1921.9,1000,USD,11.09.2023,61212.52
4503410,10,01.09.2023,2000109,10000204,ACETIC ACID GLACIAL,1020,84930.0,KG,929.72,1000,USD,14.09.2023,78961.12
4501320,10,01.09.2023,2000115,40000110,ISOPROPYL ALCOHOL,1020,52260.0,KG,1198.34,1000,USD,10.09.2023,62625.25
4504232,10,01.09.2023,2000114,10000209,OCTANOL 2-ETHYL TECH GRADE,1020,47540.0,KG,2087.44,1000,USD,08.09.2023,99236.9
4502129,10,01.09.2023,2000103,10000103,TEREPHTHALIC ACID PURIFIED,1010,58190.0,KG,1005.29,1000,USD,11.09.2023,58497.83
4501319,10,02.09.2023,2000115,40000110,ISOPROPYL ALCOHOL,1020,52260.0,KG,1220.72,1000,USD,07.09.2023,63794.83
4502842,10,02.09.2023,2000105,10000107,TRIMELLITIC ANHYDRIDE,1010,32580.0,KG,2696.93,1000,USD,16.09.2023,87865.98
4504230,10,03.09.2023,2000114,10000209,OCTANOL 2-ETHYL TECH GRADE,1020,47540.0,KG,2034.32,1000,USD,10.09.2023,96711.57
4501768,10,03.09.2023,2000101,10000101,PROPYLENE POLYMER GRADE,1010,322960.0,KG,1171.74,1000,USD,10.09.2023,378425.15
4504457,10,03.09.2023,2000113,10000210,BUTAN-1-OL,1020,84130.0,KG,1804.46,1000,USD,12.09.2023,151809.22
4504231,10,05.09.2023,2000113,10000209,OCTANOL 2-ETHYL TECH GRADE,1020,47540.0,KG,2009.63,1000,USD,19.09.2023,95537.81
4500065,10,05.09.2023,2000116,40000101,MONOETHYLENE GLYCOL,1020,11180.0,KG,1173.31,1000,USD,12.09.2023,13117.61
4501967,10,06.09.2023,2000102,10000102,HYDROGEN,1010,29970.0,KG,2170.51,1000,USD,24.09.2023,65050.18
4501540,10,06.09.2023,2000119,40000111,EPOXIDIZED SOYBEAN OIL,1020,47890.0,KG,2156.63,1000,USD,20.09.2023,103281.01
4500370,10,07.09.2023,2000116,40000103,TRIETHYLENE GLYCOL,1020,31920.0,KG,1777.34,1000,USD,15.09.2023,56732.69
4501151,10,07.09.2023,2000115,40000109,METHYL ETHYL KETONE,1020,28860.0,KG,1462.89,1000,USD,19.09.2023,42219.01
4502320,10,07.09.2023,2000104,10000104,ISONONANOL,1010,37300.0,KG,1431.65,1000,USD,23.09.2023,53400.54
4501766,10,2023-09-07,2000101,10000101,PROPYLENE POLYMER GRADE,1010,322960.0,KG,1155.1,1000,USD,22.09.2023,373051.1
4500466,10,08.09.2023,2000116,40000104,MONOPROPYLENE GLYCOL USP,1020,33230.0,KG,2018.23,1000,USD,21.09.2023,67065.78
4503622,10,08.09.2023,2000110,10000205,ETHANOL ANHYDROUS,1020,38990.0,KG,843.7,1000,USD,18.09.2023,32895.86
4502704,10,09.09.2023,2000105,10000106,ADIPIC ACID,1010,27970.0,KG,2217.75,1000,USD,18.09.2023,62030.47
4503952,10,09.09.2023,2000112,10000207,PROPYLENE OXIDE,1020,31850.0,KG,1934.08,1000,USD,24.09.2023,61600.45
4503788,10,10.09.2023,2000111,10000206,METHANOL,1020,27430.0,KG,462.16,1000,USD,25.09.2023,12677.05
4501153,10,10.09.2023,2000115,40000109,METHYL ETHYL KETONE,1020,28860.0,KG,1516.3,1000,USD,24.09.2023,43760.42
4503787,10,10.09.2023,2000111,10000206,METHANOL,1020,27430.0,KG,450.66,1000,USD,17.09.2023,12361.6
4500713,10,10.09.2023,2000117,40000106,TRIMETHYLOLPROPANE,1020,35700.0,KG,2714.1,1000,USD,29.09.2023,96893.37
4501152,10,11.09.2023,2000115,40000109,METHYL ETHYL KETONE,1020,28860.0,KG,1543.08,1000,USD,17.09.2023,44533.29
4503072,10,11.09.2023,2000107,10000201,ACRYLIC ACID GLACIAL,1020,60320.0,KG,2503.02,1000,USD,25.09.2023,150982.17
4503413,10,11.09.2023,2000109,10000204,ACETIC ACID GLACIAL,1020,84930.0,KG,958.81,1000,USD,16.09.2023,81431.73
4502952,10,2023-09-12,2000106,10000108,TETRAISOPROPYL TITANATE CATALYST,1010,970.0,KG,9863.51,1000,USD,27.09.2023,9567.6
4503950,10,13.09.2023,2000112,10000207,PROPYLENE OXIDE,1020,31850.0,KG,1877.33,1000,USD,29.09.2023,59792.96
4502321,10,13.09.2023,2000104,10000104,ISONONANOL,1010,37300.0,KG,1437.28,1000,USD,28.09.2023,53610.54
4503621,10,15.09.2023,2000110,10000205,ETHANOL ANHYDROUS,1020,38990.0,KG,838.27,1000,USD,05.10.2023,32684.15
4501318,10,15.09.2023,2000115,40000110,ISOPROPYL ALCOHOL,1020,52260.0,KG,1200.53,1000,USD,27.09.2023,62739.7
4503071,10,2023-09-15,2000107,10000201,ACRYLIC ACID GLACIAL,1020,60320.0,KG,2464.87,1000,USD,20.09.2023,148680.96
4502128,10,15.09.2023,2000103,10000103,TEREPHTHALIC ACID PURIFIED,1010,58190.0,KG,1003.54,1000,USD,20.09.2023,58395.99
4500976,10,15.09.2023,2000115,40000108,ACETONE,1020,50960.0,KG,1025.73,1000,USD,25.09.2023,52271.2
4500975,10,16.09.2023,2000115,40000108,ACETONE,1020,50960.0,KG,1043.61,1000,USD,25.09.2023,53182.37
4501538,10,16.09.2023,2000119,40000111,EPOXIDIZED SOYBEAN OIL,1020,47890.0,KG,2158.63,1000,USD,06.10.2023,103376.79
4500243,10,17.09.2023,2000116,40000102,DIETHYLENE GLYCOL,1020,33910.0,KG,1250.49,1000,USD,02.10.2023,42404.12
4501539,10,18.09.2023,2000119,40000111,EPOXIDIZED SOYBEAN OIL,1020,47890.0,KG,2047.77,1000,USD,26.09.2023,98067.71
4502131,10,18.09.2023,2000103,10000103,TEREPHTHALIC ACID PURIFIED,1010,58190.0,KG,1014.25,1000,USD,30.09.2023,59019.21
4500615,10,18.09.2023,2000117,40000105,NEOPENTYL GLYCOL FLAKES,1020,12870.0,KG,2347.02,1000,USD,06.10.2023,30206.15
4503069,10,18.09.2023,2000107,10000201,ACRYLIC ACID GLACIAL,1020,60320.0,KG,2557.23,1000,USD,28.09.2023,154252.11
4502319,10,18.09.2023,2000104,10000104,ISONONANOL,1010,37300.0,KG,1434.12,1000,USD,25.09.2023,53492.68
4500714,10,18.09.2023,2000117,40000106,TRIMETHYLOLPROPANE,1020,35700.0,KG,2692.71,1000,USD,24.09.2023,96129.75
4501767,10,19.09.2023,2000101,10000101,PROPYLENE POLYMER GRADE,1010,322960.0,KG,1171.07,1000,USD,02.10.2023,378208.77
4501965,10,19.09.2023,2000102,10000102,HYDROGEN,1010,29970.0,KG,2020.52,1000,USD,02.10.2023,60554.98
4502318,10,20.09.2023,2000104,10000104,ISONONANOL,1010,37300.0,KG,1429.17,1000,USD,25.09.2023,53308.04
4501541,10,20.09.2023,2000119,40000111,EPOXIDIZED SOYBEAN OIL,1020,47890.0,KG,2090.11,1000,USD,25.09.2023,100095.37
4501966,10,21.09.2023,2000101,10000102,HYDROGEN,1010,29970.0,KG,2102.43,1000,USD,05.10.2023,63009.83
4501317,10,21.09.2023,2000115,40000110,ISOPROPYL ALCOHOL,1020,52260.0,KG,1257.35,1000,USD,10.10.2023,65709.11
4504233,10,21.09.2023,2000113,10000209,OCTANOL 2-ETHYL TECH GRADE,1020,47540.0,KG,1917.03,1000,USD,03.10.2023,91135.61
4502703,10,22.09.2023,2000105,10000106,ADIPIC ACID,1010,27970.0,KG,2177.23,1000,USD,07.10.2023,60897.12
4500973,10,22.09.2023,2000115,40000108,ACETONE,1020,50960.0,KG,1042.6,1000,USD,11.10.2023,53130.9
4504456,10,2023-09-22,2000114,10000210,BUTAN-1-OL,1020,84130.0,KG,1865.74,1000,USD,29.09.2023,156964.71
4504459,10,22.09.2023,2000113,10000210,BUTAN-1-OL,1020,84130.0,KG,1808.7,1000,USD,10.10.2023,152165.93
4503293,10,22.09.2023,2000108,10000203,SULFURIC ACID 98%,1020,5110.0,KG,131.38,1000,USD,27.09.2023,671.35
4503953,10,22.09.2023,2000112,10000207,PROPYLENE OXIDE,1020,31850.0,KG,1927.57,1000,USD,08.10.2023,61393.1
4503236,10,23.09.2023,2000106,10000202,MEHQ INHIBITOR (4-METHOXYPHENOL),1020,100.0,KG,12787.24,1000,USD,13.10.2023,1278.72
4500974,10,23.09.2023,2000115,40000108,ACETONE,1020,50960.0,KG,1034.38,1000,USD,11.10.2023,52712.0
4503411,10,23.09.2023,2000109,10000204,ACETIC ACID GLACIAL,1020,84930.0,KG,958.64,1000,USD,01.10.2023,81417.3
4504458,10,23.09.2023,2000114,10000210,BUTAN-1-OL,1020,84130.0,KG,1800.14,1000,USD,02.10.2023,151445.78
4503412,10,23.09.2023,2000109,10000204,ACETIC ACID GLACIAL,1020,84930.0,KG,972.57,1000,USD,12.10.2023,82600.37
4504114,10,23.09.2023,2000108,10000208,SODIUM HYDROXIDE 50% SOLUTION,1020,360.0,KG,568.34,1000,USD,04.10.2023,204.6
4500245,10,24.09.2023,2000116,40000102,DIETHYLENE GLYCOL,1020,33910.0,KG,1295.81,1000,USD,04.10.2023,43940.92
4502509,10,25.09.2023,2000103,10000105,PHTHALIC ANHYDRIDE,1010,36420.0,KG,1151.93,1000,USD,03.10.2023,41953.29
4502508,10,25.09.2023,2000103,10000105,PHTHALIC ANHYDRIDE,1010,36420.0,KG,1161.43,1000,USD,02.10.2023,42299.28
4504624,10,25.09.2023,2000115,10000109,CLEANING SOLVENT - GLYCOL ETHER,1010,1900.0,KG,1989.08,1000,USD,11.10.2023,3779.25
4501769,10,25.09.2023,2000101,10000101,PROPYLENE POLYMER GRADE,1010,322960.0,KG,1192.84,1000,USD,12.10.2023,385239.61
4500244,10,25.09.2023,2000116,40000102,DIETHYLENE GLYCOL,1020,33910.0,KG,1327.17,1000,USD,13.10.2023,45004.33
4503620,10,26.09.2023,2000110,10000205,ETHANOL ANHYDROUS,1020,38990.0,KG,832.75,1000,USD,13.10.2023,32468.92
4502130,10,27.09.2023,2000103,10000103,TEREPHTHALIC ACID PURIFIED,1010,58190.0,KG,987.25,1000,USD,11.10.2023,57448.08
4503070,10,27.09.2023,2000107,10000201,ACRYLIC ACID GLACIAL,1020,60320.0,KG,2546.17,1000,USD,13.10.2023,153584.97
4500467,10,27.09.2023,2000116,40000104,MONOPROPYLENE GLYCOL USP,1020,33230.0,KG,1978.82,1000,USD,02.10.2023,65756.19
4500616,10,01.10.2023,2000117,40000105,NEOPENTYL GLYCOL FLAKES,1020,7310.0,KG,2298.76,1000,USD,15.10.2023,16803.94
4503955,10,01.10.2023,2000112,10000207,PROPYLENE OXIDE,1020,63560.0,KG,1956.19,1000,USD,12.10.2023,124335.44
4503237,10,01.10.2023,2000106,10000202,MEHQ INHIBITOR (4-METHOXYPHENOL),1020,100.0,KG,12386.8,1000,USD,18.10.2023,1238.68
4502132,10,02.10.2023,2000103,10000103,TEREPHTHALIC ACID PURIFIED,1010,69310.0,KG,1037.53,1000,USD,09.10.2023,71911.2
4504237,10,2023-10-02,2000113,10000209,OCTANOL 2-ETHYL TECH GRADE,1020,39780.0,KG,1954.0,1000,USD,07.10.2023,77730.12
4500468,10,02.10.2023,2000116,40000104,MONOPROPYLENE GLYCOL USP,1020,59380.0,KG,2036.1,1000,USD,07.10.2023,120903.62
4501545,10,03.10.2023,2000119,40000111,EPOXIDIZED SOYBEAN OIL,1020,94460.0,KG,2198.48,1000,USD,16.10.2023,207668.42
4502845,10,03.10.2023,2000105,10000107,TRIMELLITIC ANHYDRIDE,1010,28100.0,KG,2798.86,1000,USD,16.10.2023,78647.97
4502511,10,04.10.2023,2000103,10000105,PHTHALIC ANHYDRIDE,1010,30200.0,KG,1170.02,1000,USD,19.10.2023,35334.6
4500249,10,04.10.2023,2000116,40000102,DIETHYLENE GLYCOL,1020,43430.0,KG,1320.81,1000,USD,13.10.2023,57362.78
4501770,10,05.10.2023,2000101,10000101,PROPYLENE POLYMER GRADE,1010,272310.0,KG,1165.25,1000,USD,14.10.2023,317309.23
4503074,10,05.10.2023,2000107,10000201,ACRYLIC ACID GLACIAL,1020,62440.0,KG,2570.76,1000,USD,24.10.2023,160518.25
4500834,10,05.10.2023,2000118,40000107,METHYL METHACRYLATE,1020,29850.0,KG,2174.96,1000,USD,18.10.2023,64922.56
4501544,10,06.10.2023,2000119,40000111,EPOXIDIZED SOYBEAN OIL,1020,94460.0,KG,2147.69,1000,USD,17.10.2023,202870.8
4500978,10,06.10.2023,2000115,40000108,ACETONE,1020,37050.0,KG,1081.78,1000,USD,23.10.2023,40079.95
4503294,10,06.10.2023,2000108,10000203,SULFURIC ACID 98%,1020,5500.0,KG,130.8,1000,USD,12.10.2023,719.4
4502510,10,06.10.2023,2000103,10000105,PHTHALIC ANHYDRIDE,1010,30200.0,KG,1145.47,1000,USD,20.10.2023,34593.19
4503957,10,07.10.2023,2000112,10000207,PROPYLENE OXIDE,1020,63560.0,KG,1825.24,1000,USD,19.10.2023,116012.25
4500067,10,07.10.2023,2000116,40000101,MONOETHYLENE GLYCOL,1020,27040.0,KG,1162.63,1000,USD,26.10.2023,31437.52
4500716,10,07.10.2023,2000117,40000106,TRIMETHYLOLPROPANE,1020,34270.0,KG,2630.15,1000,USD,14.10.2023,90135.24
4501324,10,07.10.2023,2000115,40000110,ISOPROPYL ALCOHOL,1020,43140.0,KG,1249.07,1000,USD,22.10.2023,53884.88
4500068,10,08.10.2023,2000116,40000101,MONOETHYLENE GLYCOL,1020,27040.0,KG,1187.38,1000,USD,24.10.2023,32106.76
4500471,10,08.10.2023,2000116,40000104,MONOPROPYLENE GLYCOL USP,1020,59380.0,KG,2048.2,1000,USD,20.10.2023,121622.12
4500372,10,08.10.2023,2000116,40000103,TRIETHYLENE GLYCOL,1020,34980.0,KG,1783.17,1000,USD,27.10.2023,62375.29
4502512,10,08.10.2023,2000103,10000105,PHTHALIC ANHYDRIDE,1010,30200.0,KG,1168.38,1000,USD,23.10.2023,35285.08
4503073,10,08.10.2023,2000107,10000201,ACRYLIC ACID GLACIAL,1020,62440.0,KG,2544.6,1000,USD,24.10.2023,158884.82
4500248,10,09.10.2023,2000116,40000102,DIETHYLENE GLYCOL,1020,43430.0,KG,1320.85,1000,USD,17.10.2023,57364.52
4502135,10,09.10.2023,2000103,10000103,TEREPHTHALIC ACID PURIFIED,1010,69310.0,KG,1007.61,1000,USD,28.10.2023,69837.45
4503789,10,09.10.2023,2000111,10000206,METHANOL,1020,30260.0,KG,469.85,1000,USD,16.10.2023,14217.66
4501542,10,09.10.2023,2000119,40000111,EPOXIDIZED SOYBEAN OIL,1020,94460.0,KG,2174.28,1000,USD,21.10.2023,205382.49
4503791,10,09.10.2023,2000111,10000206,METHANOL,1020,30260.0,KG,485.48,1000,USD,21.10.2023,14690.62
4500979,10,10.10.2023,2000115,40000108,ACETONE,1020,37050.0,KG,1020.55,1000,USD,15.10.2023,37811.38
4503415,10,10.10.2023,2000109,10000204,ACETIC ACID GLACIAL,1020,94470.0,KG,938.6,1000,USD,29.10.2023,88669.54
4502844,10,10.10.2023,2000105,10000107,TRIMELLITIC ANHYDRIDE,1010,28100.0,KG,2793.74,1000,USD,23.10.2023,78504.09
4503075,10,10.10.2023,2000107,10000201,ACRYLIC ACID GLACIAL,1020,62440.0,KG,2607.11,1000,USD,29.10.2023,162787.95
4500715,10,10.10.2023,2000117,40000106,TRIMETHYLOLPROPANE,1020,34270.0,KG,2734.55,1000,USD,25.10.2023,93713.03
4504462,10,10.10.2023,2000114,10000210,BUTAN-1-OL,1020,69950.0,KG,1946.18,1000,USD,27.10.2023,136135.29
4504460,10,10.10.2023,2000114,10000210,BUTAN-1-OL,1020,69950.0,KG,1880.22,1000,USD,16.10.2023,131521.39
4503417,10,11.10.2023,2000109,10000204,ACETIC ACID GLACIAL,1020,94470.0,KG,952.39,1000,USD,21.10.2023,89972.28
4502323,10,11.10.2023,2000104,10000104,ISONONANOL,1010,59950.0,KG,1433.27,1000,USD,31.10.2023,85924.54
4503626,10,11.10.2023,2000110,10000205,ETHANOL ANHYDROUS,1020,38980.0,KG,841.17,1000,USD,18.10.2023,32788.81
4500371,10,12.10.2023,2000116,40000103,TRIETHYLENE GLYCOL,1020,34980.0,KG,1779.61,1000,USD,01.11.2023,62250.76
4501970,10,13.10.2023,2000102,10000102,HYDROGEN,1010,27400.0,KG,2094.67,1000,USD,24.10.2023,57393.96
4503416,10,13.10.2023,2000109,10000204,ACETIC ACID GLACIAL,1020,94470.0,KG,970.1,1000,USD,19.10.2023,91645.35
4503790,10,14.10.2023,2000111,10000206,METHANOL,1020,30260.0,KG,489.78,1000,USD,03.11.2023,14820.74
4501968,10,14.10.2023,2000101,10000102,HYDROGEN,1010,27400.0,KG,2118.46,1000,USD,26.10.2023,58045.8
4504461,10,14.10.2023,2000114,10000210,BUTAN-1-OL,1020,69950.0,KG,1894.34,1000,USD,26.10.2023,132509.08
4501771,10,14.10.2023,2000101,10000101,PROPYLENE POLYMER GRADE,1010,272310.0,KG,1195.0,1000,USD,29.10.2023,325410.45
4503414,10,14.10.2023,2000109,10000204,ACETIC ACID GLACIAL,1020,94470.0,KG,961.06,1000,USD,23.10.2023,90791.34
4504236,10,15.10.2023,2000113,10000209,OCTANOL 2-ETHYL TECH GRADE,1020,39780.0,KG,1993.55,1000,USD,23.10.2023,79303.42
4503792,10,2023-10-15,2000111,10000206,METHANOL,1020,30260.0,KG,486.64,1000,USD,28.10.2023,14725.73
4500066,10,16.10.2023,2000116,40000101,MONOETHYLENE GLYCOL,1020,27040.0,KG,1186.45,1000,USD,27.10.2023,32081.61
4503956,10,16.10.2023,2000112,10000207,PROPYLENE OXIDE,1020,63560.0,KG,1882.62,1000,USD,02.11.2023,119659.33
4500247,10,16.10.2023,2000116,40000102,DIETHYLENE GLYCOL,1020,43430.0,KG,1377.97,1000,USD,28.10.2023,59845.24
4503623,10,16.10.2023,2000110,10000205,ETHANOL ANHYDROUS,1020,38980.0,KG,832.42,1000,USD,26.10.2023,32447.73
4501773,10,2023-10-16,2000101,10000101,PROPYLENE POLYMER GRADE,1010,272310.0,KG,1169.72,1000,USD,01.11.2023,318526.45
4503076,10,16.10.2023,2000107,10000201,ACRYLIC ACID GLACIAL,1020,62440.0,KG,2539.86,1000,USD,28.10.2023,158588.86
4502513,10,16.10.2023,2000103,10000105,PHTHALIC ANHYDRIDE,1010,30200.0,KG,1172.34,1000,USD,21.10.2023,35404.67
4501969,10,17.10.2023,2000102,10000102,HYDROGEN,1010,27400.0,KG,2192.82,1000,USD,27.10.2023,60083.27
4502322,10,17.10.2023,2000104,10000104,ISONONANOL,1010,59950.0,KG,1440.27,1000,USD,30.10.2023,86344.19
4501543,10,2023-10-18,2000119,40000111,EPOXIDIZED SOYBEAN OIL,1020,94460.0,KG,2079.73,1000,USD,05.11.2023,196451.3
4503954,10,2023-10-18,2000112,10000207,PROPYLENE OXIDE,1020,63560.0,KG,1964.96,1000,USD,01.11.2023,124892.86
4504235,10,18.10.2023,2000113,10000209,OCTANOL 2-ETHYL TECH GRADE,1020,39780.0,KG,1998.55,1000,USD,27.10.2023,79502.32
4500833,10,2023-10-19,2000118,40000107,METHYL METHACRYLATE,1020,29850.0,KG,2244.09,1000,USD,02.11.2023,66986.09
4502843,10,19.10.2023,2000105,10000107,TRIMELLITIC ANHYDRIDE,1010,28100.0,KG,2687.47,1000,USD,26.10.2023,75517.91
4503624,10,20.10.2023,2000110,10000205,ETHANOL ANHYDROUS,1020,38980.0,KG,827.75,1000,USD,27.10.2023,32265.7
4503625,10,20.10.2023,2000110,10000205,ETHANOL ANHYDROUS,1020,38980.0,KG,861.04,1000,USD,02.11.2023,33563.34
4500717,10,2023-10-20,2000117,40000106,TRIMETHYLOLPROPANE,1020,34270.0,KG,2793.74,1000,USD,01.11.2023,95741.47
4501322,10,21.10.2023,2000115,40000110,ISOPROPYL ALCOHOL,1020,43140.0,KG,1246.67,1000,USD,30.10.2023,53781.34
4502325,10,21.10.2023,2000104,10000104,ISONONANOL,1010,59950.0,KG,1442.54,1000,USD,07.11.2023,86480.27
4504234,10,21.10.2023,2000113,10000209,OCTANOL 2-ETHYL TECH GRADE,1020,39780.0,KG,2008.67,1000,USD,06.11.2023,79904.89
4504625,10,2023-10-22,2000115,10000109,CLEANING SOLVENT - GLYCOL ETHER,1010,3400.0,KG,2031.56,1000,USD,06.11.2023,6907.3
4504115,10,22.10.2023,2000108,10000208,SODIUM HYDROXIDE 50% SOLUTION,1020,700.0,KG,571.71,1000,USD,29.10.2023,400.2
4504463,10,22.10.2023,2000113,10000210,BUTAN-1-OL,1020,69950.0,KG,1863.65,1000,USD,06.11.2023,130362.32
4502134,10,23.10.2023,2000103,10000103,TEREPHTHALIC ACID PURIFIED,1010,69310.0,KG,1038.16,1000,USD,10.11.2023,71954.87
4502705,10,24.10.2023,2000105,10000106,ADIPIC ACID,1010,23570.0,KG,2224.82,1000,USD,12.11.2023,52439.01
4502706,10,24.10.2023,2000105,10000106,ADIPIC ACID,1010,23570.0,KG,2140.24,1000,USD,08.11.2023,50445.46
4501154,10,24.10.2023,2000115,40000109,METHYL ETHYL KETONE,1020,39940.0,KG,1504.61,1000,USD,08.11.2023,60094.12
4501772,10,25.10.2023,2000101,10000101,PROPYLENE POLYMER GRADE,1010,272310.0,KG,1181.05,1000,USD,01.11.2023,321611.73
4501323,10,25.10.2023,2000115,40000110,ISOPROPYL ALCOHOL,1020,43140.0,KG,1222.09,1000,USD,31.10.2023,52720.96
4502133,10,25.10.2023,2000103,10000103,TEREPHTHALIC ACID PURIFIED,1010,69310.0,KG,960.33,1000,USD,08.11.2023,66560.47
4502324,10,25.10.2023,2000104,10000104,ISONONANOL,1010,59950.0,KG,1412.31,1000,USD,06.11.2023,84667.98
4500977,10,26.10.2023,2000115,40000108,ACETONE,1020,37050.0,KG,1051.34,1000,USD,11.11.2023,38952.15
4500470,10,26.10.2023,2000116,40000104,MONOPROPYLENE GLYCOL USP,1020,59380.0,KG,2000.96,1000,USD,08.11.2023,118817.0
4501155,10,26.10.2023,2000115,40000109,METHYL ETHYL KETONE,1020,39940.0,KG,1522.16,1000,USD,07.11.2023,60795.07
4502953,10,26.10.2023,2000106,10000108,TETRAISOPROPYL TITANATE CATALYST,1010,1310.0,KG,9897.01,1000,USD,11.11.2023,12965.08
4501321,10,26.10.2023,2000115,40000110,ISOPROPYL ALCOHOL,1020,43140.0,KG,1201.16,1000,USD,05.11.2023,51818.04
4500469,10,27.10.2023,2000116,40000104,MONOPROPYLENE GLYCOL USP,1020,59380.0,KG,1998.43,1000,USD,13.11.2023,118666.77
4500246,10,27.10.2023,2000116,40000102,DIETHYLENE GLYCOL,1020,43430.0,KG,1338.99,1000,USD,14.11.2023,58152.34
4502847,10,01.11.2023,2000105,10000107,TRIMELLITIC ANHYDRIDE,1010,27810.0,KG,2683.39,1000,USD,12.11.2023,74625.08
4501776,10,01.11.2023,2000101,10000101,PROPYLENE POLYMER GRADE,1010,246500.0,KG,1189.56,1000,USD,14.11.2023,293226.54
4502848,10,2023-11-01,2000105,10000107,TRIMELLITIC ANHYDRIDE,1010,27810.0,KG,2703.18,1000,USD,20.11.2023,75175.44
4500070,10,02.11.2023,2000116,40000101,MONOETHYLENE GLYCOL,1020,43460.0,KG,1159.39,1000,USD,21.11.2023,50387.09
4501972,10,02.11.2023,2000102,10000102,HYDROGEN,1010,35630.0,KG,2078.92,1000,USD,22.11.2023,74071.92
4502954,10,02.11.2023,2000106,10000108,TETRAISOPROPYL TITANATE CATALYST,1010,1410.0,KG,9968.28,1000,USD,13.11.2023,14055.27
4501546,10,02.11.2023,2000119,40000111,EPOXIDIZED SOYBEAN OIL,1020,69440.0,KG,2066.34,1000,USD,12.11.2023,143486.65
4500250,10,03.11.2023,2000116,40000102,DIETHYLENE GLYCOL,1020,30050.0,KG,1282.71,1000,USD,15.11.2023,38545.44
4500618,10,03.11.2023,2000117,40000105,NEOPENTYL GLYCOL FLAKES,1020,31300.0,KG,2249.12,1000,USD,22.11.2023,70397.46
4503627,10,03.11.2023,2000110,10000205,ETHANOL ANHYDROUS,1020,38290.0,KG,843.87,1000,USD,20.11.2023,32311.78
4502326,10,04.11.2023,2000104,10000104,ISONONANOL,1010,66510.0,KG,1373.4,1000,USD,10.11.2023,91344.83
4500617,10,04.11.2023,2000117,40000105,NEOPENTYL GLYCOL FLAKES,1020,31300.0,KG,2335.4,1000,USD,12.11.2023,73098.02
4500251,10,04.11.2023,2000116,40000102,DIETHYLENE GLYCOL,1020,30050.0,KG,1300.22,1000,USD,24.11.2023,39071.61
4500982,10,04.11.2023,2000115,40000108,ACETONE,1020,28160.0,KG,1064.41,1000,USD,14.11.2023,29973.79
4500472,10,05.11.2023,2000116,40000104,MONOPROPYLENE GLYCOL USP,1020,28720.0,KG,1955.45,1000,USD,12.11.2023,56160.52
4502517,10,05.11.2023,2000103,10000105,PHTHALIC ANHYDRIDE,1010,32380.0,KG,1176.39,1000,USD,13.11.2023,38091.51
4502709,10,06.11.2023,2000105,10000106,ADIPIC ACID,1010,37870.0,KG,2130.04,1000,USD,25.11.2023,80664.61
4500252,10,06.11.2023,2000116,40000102,DIETHYLENE GLYCOL,1020,30050.0,KG,1299.21,1000,USD,19.11.2023,39041.26
4504241,10,06.11.2023,2000114,10000209,OCTANOL 2-ETHYL TECH GRADE,1020,50550.0,KG,1993.69,1000,USD,20.11.2023,100781.03
4501156,10,06.11.2023,2000115,40000109,METHYL ETHYL KETONE,1020,34920.0,KG,1487.41,1000,USD,15.11.2023,51940.36
4501777,10,06.11.2023,2000101,10000101,PROPYLENE POLYMER GRADE,1010,246500.0,KG,1164.51,1000,USD,18.11.2023,287051.72
4504466,10,07.11.2023,2000114,10000210,BUTAN-1-OL,1020,67300.0,KG,1940.23,1000,USD,26.11.2023,130577.48
4502514,10,07.11.2023,2000103,10000105,PHTHALIC ANHYDRIDE,1010,32380.0,KG,1128.78,1000,USD,25.11.2023,36549.9
4504465,10,2023-11-07,2000113,10000210,BUTAN-1-OL,1020,67300.0,KG,1795.85,1000,USD,27.11.2023,120860.7
4502516,10,08.11.2023,2000103,10000105,PHTHALIC ANHYDRIDE,1010,32380.0,KG,1099.49,1000,USD,23.11.2023,35601.49
4503794,10,08.11.2023,2000111,10000206,METHANOL,1020,25400.0,KG,472.0,1000,USD,28.11.2023,11988.8
4501775,10,08.11.2023,2000101,10000101,PROPYLENE POLYMER GRADE,1010,246500.0,KG,1149.03,1000,USD,27.11.2023,283235.9
4500373,10,10.11.2023,2000116,40000103,TRIETHYLENE GLYCOL,1020,17800.0,KG,1767.46,1000,USD,30.11.2023,31460.79
4500072,10,10.11.2023,2000116,40000101,MONOETHYLENE GLYCOL,1020,43460.0,KG,1158.89,1000,USD,29.11.2023,50365.36
4500071,10,10.11.2023,2000116,40000101,MONOETHYLENE GLYCOL,1020,43460.0,KG,1104.9,1000,USD,28.11.2023,48018.95
4502328,10,11.11.2023,2000104,10000104,ISONONANOL,1010,66510.0,KG,1438.22,1000,USD,22.11.2023,95656.01
4503080,10,11.11.2023,2000107,10000201,ACRYLIC ACID GLACIAL,1020,61940.0,KG,2517.27,1000,USD,24.11.2023,155919.7
4503078,10,11.11.2023,2000107,10000201,ACRYLIC ACID GLACIAL,1020,61940.0,KG,2478.83,1000,USD,29.11.2023,153538.73
4504240,10,11.11.2023,2000113,10000209,OCTANOL 2-ETHYL TECH GRADE,1020,50550.0,KG,1948.66,1000,USD,22.11.2023,98504.76
4503420,10,11.11.2023,2000109,10000204,ACETIC ACID GLACIAL,1020,83720.0,KG,966.07,1000,USD,29.11.2023,80879.38
4503421,10,11.11.2023,2000109,10000204,ACETIC ACID GLACIAL,1020,83720.0,KG,961.87,1000,USD,24.11.2023,80527.76
4502137,10,12.11.2023,2000103,10000103,TEREPHTHALIC ACID PURIFIED,1010,51960.0,KG,963.62,1000,USD,22.11.2023,50069.7
4502327,10,12.11.2023,2000104,10000104,ISONONANOL,1010,66510.0,KG,1403.42,1000,USD,26.11.2023,93341.46
4500719,10,2023-11-13,2000117,40000106,TRIMETHYLOLPROPANE,1020,31380.0,KG,2727.71,1000,USD,01.12.2023,85595.54
4503629,10,13.11.2023,2000110,10000205,ETHANOL ANHYDROUS,1020,38290.0,KG,807.97,1000,USD,21.11.2023,30937.17
4500980,10,14.11.2023,2000115,40000108,ACETONE,1020,28160.0,KG,1016.27,1000,USD,27.11.2023,28618.16
4502136,10,14.11.2023,2000103,10000103,TEREPHTHALIC ACID PURIFIED,1010,51960.0,KG,982.22,1000,USD,01.12.2023,51036.15
4500619,10,14.11.2023,2000117,40000105,NEOPENTYL GLYCOL FLAKES,1020,31300.0,KG,2378.01,1000,USD,28.11.2023,74431.71
4503630,10,14.11.2023,2000110,10000205,ETHANOL ANHYDROUS,1020,38290.0,KG,859.12,1000,USD,03.12.2023,32895.7
4503793,10,14.11.2023,2000111,10000206,METHANOL,1020,25400.0,KG,466.28,1000,USD,29.11.2023,11843.51
4500473,10,15.11.2023,2000116,40000104,MONOPROPYLENE GLYCOL USP,1020,28720.0,KG,2001.52,1000,USD,30.11.2023,57483.65
4503077,10,15.11.2023,2000107,10000201,ACRYLIC ACID GLACIAL,1020,61940.0,KG,2493.98,1000,USD,20.11.2023,154477.12
4502708,10,15.11.2023,2000105,10000106,ADIPIC ACID,1010,37870.0,KG,2204.25,1000,USD,03.12.2023,83474.95
4501548,10,16.11.2023,2000119,40000111,EPOXIDIZED SOYBEAN OIL,1020,69440.0,KG,2090.65,1000,USD,26.11.2023,145174.74
4503960,10,16.11.2023,2000112,10000207,PROPYLENE OXIDE,1020,31940.0,KG,1843.5,1000,USD,23.11.2023,58881.39
4500835,10,16.11.2023,2000118,40000107,METHYL METHACRYLATE,1020,23390.0,KG,2230.19,1000,USD,26.11.2023,52164.14
4501157,10,16.11.2023,2000115,40000109,METHYL ETHYL KETONE,1020,34920.0,KG,1523.99,1000,USD,22.11.2023,53217.73
4500836,10,16.11.2023,2000118,40000107,METHYL METHACRYLATE,1020,23390.0,KG,2140.15,1000,USD,25.11.2023,50058.11
4501325,10,16.11.2023,2000115,40000110,ISOPROPYL ALCOHOL,1020,36320.0,KG,1241.51,1000,USD,04.12.2023,45091.64
4502515,10,2023-11-16,2000103,10000105,PHTHALIC ANHYDRIDE,1010,32380.0,KG,1155.36,1000,USD,01.12.2023,37410.56
4501971,10,17.11.2023,2000101,10000102,HYDROGEN,1010,35630.0,KG,2143.44,1000,USD,05.12.2023,76370.77
4504116,10,17.11.2023,2000108,10000208,SODIUM HYDROXIDE 50% SOLUTION,1020,280.0,KG,578.04,1000,USD,03.12.2023,161.85
4503628,10,17.11.2023,2000110,10000205,ETHANOL ANHYDROUS,1020,38290.0,KG,818.72,1000,USD,29.11.2023,31348.79
4501327,10,17.11.2023,2000115,40000110,ISOPROPYL ALCOHOL,1020,36320.0,KG,1202.13,1000,USD,22.11.2023,43661.36
4503238,10,18.11.2023,2000106,10000202,MEHQ INHIBITOR (4-METHOXYPHENOL),1020,110.0,KG,12325.17,1000,USD,02.12.2023,1355.77
4503079,10,18.11.2023,2000107,10000201,ACRYLIC ACID GLACIAL,1020,61940.0,KG,2542.0,1000,USD,06.12.2023,157451.48
4501774,10,18.11.2023,2000101,10000101,PROPYLENE POLYMER GRADE,1010,246500.0,KG,1145.97,1000,USD,26.11.2023,282481.6
4502329,10,18.11.2023,2000104,10000104,ISONONANOL,1010,66510.0,KG,1389.24,1000,USD,07.12.2023,92398.35
4500981,10,19.11.2023,2000115,40000108,ACETONE,1020,28160.0,KG,1081.86,1000,USD,08.12.2023,30465.18
4502139,10,20.11.2023,2000103,10000103,TEREPHTHALIC ACID PURIFIED,1010,51960.0,KG,994.06,1000,USD,27.11.2023,51651.36
4504464,10,2023-11-20,2000114,10000210,BUTAN-1-OL,1020,67300.0,KG,1898.04,1000,USD,30.11.2023,127738.09
4503959,10,20.11.2023,2000112,10000207,PROPYLENE OXIDE,1020,31940.0,KG,1897.79,1000,USD,08.12.2023,60615.41
4503419,10,2023-11-20,2000109,10000204,ACETIC ACID GLACIAL,1020,83720.0,KG,957.24,1000,USD,25.11.2023,80140.13
4501547,10,20.11.2023,2000119,40000111,EPOXIDIZED SOYBEAN OIL,1020,69440.0,KG,2063.26,1000,USD,05.12.2023,143272.77
4501326,10,21.11.2023,2000115,40000110,ISOPROPYL ALCOHOL,1020,36320.0,KG,1207.74,1000,USD,10.12.2023,43865.12
4503418,10,21.11.2023,2000109,10000204,ACETIC ACID GLACIAL,1020,83720.0,KG,980.69,1000,USD,04.12.2023,82103.37
4503295,10,22.11.2023,2000108,10000203,SULFURIC ACID 98%,1020,5160.0,KG,122.28,1000,USD,27.11.2023,630.96
4501549,10,22.11.2023,2000119,40000111,EPOXIDIZED SOYBEAN OIL,1020,69440.0,KG,2100.77,1000,USD,27.11.2023,145877.47
4502138,10,23.11.2023,2000103,10000103,TEREPHTHALIC ACID PURIFIED,1010,51960.0,KG,1009.09,1000,USD,30.11.2023,52432.32
4503958,10,24.11.2023,2000112,10000207,PROPYLENE OXIDE,1020,31940.0,KG,1891.61,1000,USD,02.12.2023,60418.02
4500069,10,24.11.2023,2000116,40000101,MONOETHYLENE GLYCOL,1020,43460.0,KG,1204.25,1000,USD,14.12.2023,52336.7
4504238,10,24.11.2023,2000114,10000209,OCTANOL 2-ETHYL TECH GRADE,1020,50550.0,KG,2007.21,1000,USD,07.12.2023,101464.47
4502846,10,24.11.2023,2000105,10000107,TRIMELLITIC ANHYDRIDE,1010,27810.0,KG,2747.45,1000,USD,02.12.2023,76406.58
4500718,10,26.11.2023,2000117,40000106,TRIMETHYLOLPROPANE,1020,31380.0,KG,2778.75,1000,USD,09.12.2023,87197.18
4504239,10,26.11.2023,2000113,10000209,OCTANOL 2-ETHYL TECH GRADE,1020,50550.0,KG,1950.68,1000,USD,01.12.2023,98606.87
4502707,10,2023-11-26,2000105,10000106,ADIPIC ACID,1010,37870.0,KG,2214.89,1000,USD,10.12.2023,83877.88
4504467,10,26.11.2023,2000114,10000210,BUTAN-1-OL,1020,67300.0,KG,1917.77,1000,USD,02.12.2023,129065.92
4500474,10,26.11.2023,2000116,40000104,MONOPROPYLENE GLYCOL USP,1020,28720.0,KG,2081.88,1000,USD,15.12.2023,59791.59
4504626,10,26.11.2023,2000115,10000109,CLEANING SOLVENT - GLYCOL ETHER,1010,2400.0,KG,2057.63,1000,USD,08.12.2023,4938.31
4503961,10,01.12.2023,2000112,10000207,PROPYLENE OXIDE,1020,48390.0,KG,1828.3,1000,USD,16.12.2023,88471.44
4502332,10,01.12.2023,2000104,10000104,ISONONANOL,1010,57400.0,KG,1402.21,1000,USD,06.12.2023,80486.85
4500985,10,01.12.2023,2000115,40000108,ACETONE,1020,56700.0,KG,1063.04,1000,USD,20.12.2023,60274.37
4500073,10,02.12.2023,2000116,40000101,MONOETHYLENE GLYCOL,1020,34760.0,KG,1172.98,1000,USD,17.12.2023,40772.78
4502849,10,02.12.2023,2000105,10000107,TRIMELLITIC ANHYDRIDE,1010,38680.0,KG,2697.38,1000,USD,07.12.2023,104334.66
4503633,10,03.12.2023,2000110,10000205,ETHANOL ANHYDROUS,1020,38490.0,KG,798.15,1000,USD,20.12.2023,30720.79
4501780,10,03.12.2023,2000101,10000101,PROPYLENE POLYMER GRADE,1010,303180.0,KG,1165.51,1000,USD,08.12.2023,353359.32
4504243,10,03.12.2023,2000114,10000209,OCTANOL 2-ETHYL TECH GRADE,1020,31690.0,KG,2078.06,1000,USD,12.12.2023,65853.72
4503422,10,04.12.2023,2000109,10000204,ACETIC ACID GLACIAL,1020,79050.0,KG,979.72,1000,USD,16.12.2023,77446.87
4504244,10,2023-12-04,2000114,10000209,OCTANOL 2-ETHYL TECH GRADE,1020,31690.0,KG,2063.35,1000,USD,23.12.2023,65387.56
4500255,10,2023-12-04,2000116,40000102,DIETHYLENE GLYCOL,1020,32990.0,KG,1296.15,1000,USD,22.12.2023,42759.99
4504469,10,05.12.2023,2000113,10000210,BUTAN-1-OL,1020,63660.0,KG,1833.69,1000,USD,12.12.2023,116732.71
4500722,10,05.12.2023,2000117,40000106,TRIMETHYLOLPROPANE,1020,30490.0,KG,2775.22,1000,USD,20.12.2023,84616.46
4503239,10,06.12.2023,2000106,10000202,MEHQ INHIBITOR (4-METHOXYPHENOL),1020,70.0,KG,12656.47,1000,USD,25.12.2023,885.95
4503964,10,06.12.2023,2000112,10000207,PROPYLENE OXIDE,1020,48390.0,KG,1914.25,1000,USD,18.12.2023,92630.56
4500720,10,07.12.2023,2000117,40000106,TRIMETHYLOLPROPANE,1020,30490.0,KG,2783.05,1000,USD,27.12.2023,84855.19
4502143,10,07.12.2023,2000103,10000103,TEREPHTHALIC ACID PURIFIED,1010,58890.0,KG,987.01,1000,USD,18.12.2023,58125.02
4502712,10,07.12.2023,2000105,10000106,ADIPIC ACID,1010,34580.0,KG,2194.83,1000,USD,26.12.2023,75897.22
4503296,10,08.12.2023,2000108,10000203,SULFURIC ACID 98%,1020,4250.0,KG,120.36,1000,USD,21.12.2023,511.53
4500983,10,08.12.2023,2000115,40000108,ACETONE,1020,56700.0,KG,1028.61,1000,USD,16.12.2023,58322.19
4502518,10,08.12.2023,2000103,10000105,PHTHALIC ANHYDRIDE,1010,38320.0,KG,1192.32,1000,USD,17.12.2023,45689.7
4501975,10,08.12.2023,2000101,10000102,HYDROGEN,1010,29670.0,KG,2110.27,1000,USD,18.12.2023,62611.71
4500254,10,08.12.2023,2000116,40000102,DIETHYLENE GLYCOL,1020,32990.0,KG,1368.4,1000,USD,27.12.2023,45143.52
4502850,10,09.12.2023,2000105,10000107,TRIMELLITIC ANHYDRIDE,1010,38680.0,KG,2740.8,1000,USD,19.12.2023,106014.14
4501160,10,10.12.2023,2000115,40000109,METHYL ETHYL KETONE,1020,30220.0,KG,1507.94,1000,USD,20.12.2023,45569.95
4504470,10,10.12.2023,2000114,10000210,BUTAN-1-OL,1020,63660.0,KG,1882.97,1000,USD,29.12.2023,119869.87
4502331,10,10.12.2023,2000104,10000104,ISONONANOL,1010,57400.0,KG,1451.45,1000,USD,28.12.2023,83313.23
4502519,10,2023-12-10,2000103,10000105,PHTHALIC ANHYDRIDE,1010,38320.0,KG,1202.04,1000,USD,18.12.2023,46062.17
4504117,10,10.12.2023,2000108,10000208,SODIUM HYDROXIDE 50% SOLUTION,1020,540.0,KG,593.74,1000,USD,17.12.2023,320.62
4504242,10,10.12.2023,2000113,10000209,OCTANOL 2-ETHYL TECH GRADE,1020,31690.0,KG,2010.19,1000,USD,18.12.2023,63702.92
4503082,10,10.12.2023,2000107,10000201,ACRYLIC ACID GLACIAL,1020,44680.0,KG,2537.17,1000,USD,30.12.2023,113360.76
4500837,10,11.12.2023,2000118,40000107,METHYL METHACRYLATE,1020,28700.0,KG,2269.85,1000,USD,23.12.2023,65144.7
4501551,10,12.12.2023,2000119,40000111,EPOXIDIZED SOYBEAN OIL,1020,59730.0,KG,2165.16,1000,USD,28.12.2023,129325.01
4501331,10,12.12.2023,2000115,40000110,ISOPROPYL ALCOHOL,1020,75630.0,KG,1212.79,1000,USD,27.12.2023,91723.31
4501159,10,13.12.2023,2000115,40000109,METHYL ETHYL KETONE,1020,30220.0,KG,1573.89,1000,USD,02.01.2024,47562.96
4502333,10,13.12.2023,2000104,10000104,ISONONANOL,1010,57400.0,KG,1475.76,1000,USD,25.12.2023,84708.62
4504468,10,13.12.2023,2000114,10000210,BUTAN-1-OL,1020,63660.0,KG,1834.45,1000,USD,23.12.2023,116781.09
4500476,10,14.12.2023,2000116,40000104,MONOPROPYLENE GLYCOL USP,1020,34940.0,KG,2002.72,1000,USD,31.12.2023,69975.04
4503631,10,14.12.2023,2000110,10000205,ETHANOL ANHYDROUS,1020,38490.0,KG,854.42,1000,USD,27.12.2023,32886.63
4503424,10,14.12.2023,2000109,10000204,ACETIC ACID GLACIAL,1020,79050.0,KG,928.27,1000,USD,22.12.2023,73379.74
4503425,10,14.12.2023,2000109,10000204,ACETIC ACID GLACIAL,1020,79050.0,KG,954.02,1000,USD,28.12.2023,75415.28
4500986,10,15.12.2023,2000115,40000108,ACETONE,1020,56700.0,KG,1044.06,1000,USD,28.12.2023,59198.2
4502710,10,15.12.2023,2000105,10000106,ADIPIC ACID,1010,34580.0,KG,2196.53,1000,USD,30.12.2023,75956.01
4501779,10,16.12.2023,2000101,10000101,PROPYLENE POLYMER GRADE,1010,303180.0,KG,1132.64,1000,USD,02.01.2024,343393.8
4500074,10,16.12.2023,2000116,40000101,MONOETHYLENE GLYCOL,1020,34760.0,KG,1157.54,1000,USD,24.12.2023,40236.09
4502520,10,16.12.2023,2000103,10000105,PHTHALIC ANHYDRIDE,1010,38320.0,KG,1135.81,1000,USD,05.01.2024,43524.24
4504471,10,16.12.2023,2000114,10000210,BUTAN-1-OL,1020,63660.0,KG,1866.56,1000,USD,27.12.2023,118825.21
4502955,10,16.12.2023,2000106,10000108,TETRAISOPROPYL TITANATE CATALYST,1010,1460.0,KG,9843.94,1000,USD,04.01.2024,14372.15
4500620,10,16.12.2023,2000117,40000105,NEOPENTYL GLYCOL FLAKES,1020,35540.0,KG,2257.04,1000,USD,22.12.2023,80215.2
4501553,10,16.12.2023,2000119,40000111,EPOXIDIZED SOYBEAN OIL,1020,59730.0,KG,2063.97,1000,USD,02.01.2024,123280.93
4503963,10,18.12.2023,2000112,10000207,PROPYLENE OXIDE,1020,48390.0,KG,1951.26,1000,USD,06.01.2024,94421.47
4501329,10,18.12.2023,2000115,40000110,ISOPROPYL ALCOHOL,1020,75630.0,KG,1229.97,1000,USD,04.01.2024,93022.63
4501778,10,2023-12-18,2000101,10000101,PROPYLENE POLYMER GRADE,1010,303180.0,KG,1138.04,1000,USD,24.12.2023,345030.97
4501781,10,19.12.2023,2000101,10000101,PROPYLENE POLYMER GRADE,1010,303180.0,KG,1156.99,1000,USD,06.01.2024,350776.23
4500253,10,19.12.2023,2000116,40000102,DIETHYLENE GLYCOL,1020,32990.0,KG,1303.49,1000,USD,25.12.2023,43002.14
4501158,10,19.12.2023,2000115,40000109,METHYL ETHYL KETONE,1020,30220.0,KG,1564.08,1000,USD,26.12.2023,47266.5
4500984,10,19.12.2023,2000115,40000108,ACETONE,1020,56700.0,KG,1054.11,1000,USD,26.12.2023,59768.04
4503795,10,2023-12-19,2000111,10000206,METHANOL,1020,38380.0,KG,483.31,1000,USD,26.12.2023,18549.44
4503796,10,19.12.2023,2000111,10000206,METHANOL,1020,38380.0,KG,467.76,1000,USD,26.12.2023,17952.63
4503083,10,20.12.2023,2000107,10000201,ACRYLIC ACID GLACIAL,1020,44680.0,KG,2437.17,1000,USD,08.01.2024,108892.76
4501330,10,20.12.2023,2000115,40000110,ISOPROPYL ALCOHOL,1020,75630.0,KG,1236.32,1000,USD,05.01.2024,93502.88
4501974,10,21.12.2023,2000102,10000102,HYDROGEN,1010,29670.0,KG,2099.63,1000,USD,09.01.2024,62296.02
4502851,10,22.12.2023,2000105,10000107,TRIMELLITIC ANHYDRIDE,1010,38680.0,KG,2775.36,1000,USD,29.12.2023,107350.92
4503632,10,22.12.2023,2000110,10000205,ETHANOL ANHYDROUS,1020,38490.0,KG,826.85,1000,USD,10.01.2024,31825.46
4502142,10,22.12.2023,2000103,10000103,TEREPHTHALIC ACID PURIFIED,1010,58890.0,KG,1014.57,1000,USD,30.12.2023,59748.03
4503081,10,22.12.2023,2000107,10000201,ACRYLIC ACID GLACIAL,1020,44680.0,KG,2516.55,1000,USD,02.01.2024,112439.45
4502330,10,2023-12-22,2000104,10000104,ISONONANOL,1010,57400.0,KG,1392.41,1000,USD,04.01.2024,79924.33
4500256,10,22.12.2023,2000116,40000102,DIETHYLENE GLYCOL,1020,32990.0,KG,1319.08,1000,USD,08.01.2024,43516.45
4501328,10,23.12.2023,2000115,40000110,ISOPROPYL ALCOHOL,1020,75630.0,KG,1266.49,1000,USD,01.01.2024,95784.64
4503962,10,23.12.2023,2000112,10000207,PROPYLENE OXIDE,1020,48390.0,KG,1893.02,1000,USD,06.01.2024,91603.24
4502141,10,23.12.2023,2000103,10000103,TEREPHTHALIC ACID PURIFIED,1010,58890.0,KG,1028.81,1000,USD,05.01.2024,60586.62
4500721,10,23.12.2023,2000117,40000106,TRIMETHYLOLPROPANE,1020,30490.0,KG,2646.69,1000,USD,12.01.2024,80697.58
4500475,10,23.12.2023,2000116,40000104,MONOPROPYLENE GLYCOL USP,1020,34940.0,KG,1909.45,1000,USD,30.12.2023,66716.18
4503084,10,23.12.2023,2000107,10000201,ACRYLIC ACID GLACIAL,1020,44680.0,KG,2634.99,1000,USD,10.01.2024,117731.35
4501552,10,24.12.2023,2000119,40000111,EPOXIDIZED SOYBEAN OIL,1020,59730.0,KG,2101.47,1000,USD,11.01.2024,125520.8
4502711,10,25.12.2023,2000105,10000106,ADIPIC ACID,1010,34580.0,KG,2251.65,1000,USD,10.01.2024,77862.06
4504245,10,25.12.2023,2000114,10000209,OCTANOL 2-ETHYL TECH GRADE,1020,31690.0,KG,2021.49,1000,USD,12.01.2024,64061.02
4500374,10,25.12.2023,2000116,40000103,TRIETHYLENE GLYCOL,1020,22600.0,KG,1776.27,1000,USD,06.01.2024,40143.7
4503423,10,25.12.2023,2000109,10000204,ACETIC ACID GLACIAL,1020,79050.0,KG,970.59,1000,USD,01.01.2024,76725.14
4504627,10,26.12.2023,2000115,10000109,CLEANING SOLVENT - GLYCOL ETHER,1010,1800.0,KG,2017.94,1000,USD,11.01.2024,3632.29
4501973,10,26.12.2023,2000102,10000102,HYDROGEN,1010,29670.0,KG,2083.03,1000,USD,02.01.2024,61803.5
4502140,10,26.12.2023,2000103,10000103,TEREPHTHALIC ACID PURIFIED,1010,58890.0,KG,1006.04,1000,USD,05.01.2024,59245.7
4501550,10,26.12.2023,2000119,40000111,EPOXIDIZED SOYBEAN OIL,1020,59730.0,KG,2064.11,1000,USD,11.01.2024,123289.29
4502146,10,01.01.2024,2000103,10000103,TEREPHTHALIC ACID PURIFIED,1010,63180.0,KG,967.28,1000,USD,10.01.2024,61112.75
4504247,10,01.01.2024,2000113,10000209,OCTANOL 2-ETHYL TECH GRADE,1020,63110.0,KG,1890.43,1000,USD,08.01.2024,119305.04
4502521,10,01.01.2024,2000103,10000105,PHTHALIC ANHYDRIDE,1010,34530.0,KG,1118.25,1000,USD,10.01.2024,38613.17
4500622,10,2024-01-02,2000117,40000105,NEOPENTYL GLYCOL FLAKES,1020,26830.0,KG,2259.43,1000,USD,07.01.2024,60620.51
4503086,10,02.01.2024,2000107,10000201,ACRYLIC ACID GLACIAL,1020,80270.0,KG,2466.24,1000,USD,16.01.2024,197965.08
4504472,10,02.01.2024,2000114,10000210,BUTAN-1-OL,1020,70390.0,KG,1767.52,1000,USD,11.01.2024,124415.73
4503966,10,02.01.2024,2000112,10000207,PROPYLENE OXIDE,1020,48920.0,KG,1849.65,1000,USD,17.01.2024,90484.88
4500480,10,03.01.2024,2000116,40000104,MONOPROPYLENE GLYCOL USP,1020,42710.0,KG,1985.7,1000,USD,18.01.2024,84809.25
4500839,10,03.01.2024,2000118,40000107,METHYL METHACRYLATE,1020,23150.0,KG,2098.63,1000,USD,12.01.2024,48583.28
4500623,10,03.01.2024,2000117,40000105,NEOPENTYL GLYCOL FLAKES,1020,26830.0,KG,2274.55,1000,USD,15.01.2024,61026.18
4500478,10,03.01.2024,2000116,40000104,MONOPROPYLENE GLYCOL USP,1020,42710.0,KG,1920.25,1000,USD,20.01.2024,82013.88
4500989,10,03.01.2024,2000115,40000108,ACETONE,1020,41740.0,KG,1006.61,1000,USD,09.01.2024,42015.9
4500076,10,2024-01-03,2000116,40000101,MONOETHYLENE GLYCOL,1020,44290.0,KG,1120.77,1000,USD,20.01.2024,49638.9
4503637,10,04.01.2024,2000110,10000205,ETHANOL ANHYDROUS,1020,31590.0,KG,826.61,1000,USD,21.01.2024,26112.61
4501555,10,04.01.2024,2000119,40000111,EPOXIDIZED SOYBEAN OIL,1020,101710.0,KG,2016.9,1000,USD,11.01.2024,205138.9
4500077,10,04.01.2024,2000116,40000101,MONOETHYLENE GLYCOL,1020,44290.0,KG,1121.07,1000,USD,24.01.2024,49652.19
4501332,10,2024-01-04,2000115,40000110,ISOPROPYL ALCOHOL,1020,67160.0,KG,1205.24,1000,USD,20.01.2024,80943.92
4500078,10,05.01.2024,2000116,40000101,MONOETHYLENE GLYCOL,1020,44290.0,KG,1115.47,1000,USD,21.01.2024,49404.17
4501978,10,06.01.2024,2000101,10000102,HYDROGEN,1010,29160.0,KG,2102.25,1000,USD,26.01.2024,61301.61
4502713,10,06.01.2024,2000105,10000106,ADIPIC ACID,1010,33490.0,KG,2172.23,1000,USD,15.01.2024,72747.98
4504118,10,06.01.2024,2000108,10000208,SODIUM HYDROXIDE 50% SOLUTION,1020,550.0,KG,578.95,1000,USD,13.01.2024,318.42
4500257,10,06.01.2024,2000116,40000102,DIETHYLENE GLYCOL,1020,24460.0,KG,1281.88,1000,USD,18.01.2024,31354.78
4501783,10,06.01.2024,2000101,10000101,PROPYLENE POLYMER GRADE,1010,289750.0,KG,1108.57,1000,USD,16.01.2024,321208.16
4502523,10,2024-01-06,2000103,10000105,PHTHALIC ANHYDRIDE,1010,34530.0,KG,1120.51,1000,USD,17.01.2024,38691.21
4501977,10,07.01.2024,2000101,10000102,HYDROGEN,1010,29160.0,KG,2100.6,1000,USD,13.01.2024,61253.5
4503297,10,2024-01-07,2000108,10000203,SULFURIC ACID 98%,1020,5880.0,KG,121.63,1000,USD,22.01.2024,715.18
4501784,10,08.01.2024,2000101,10000101,PROPYLENE POLYMER GRADE,1010,289750.0,KG,1142.32,1000,USD,15.01.2024,330987.22
4503429,10,08.01.2024,2000109,10000204,ACETIC ACID GLACIAL,1020,84390.0,KG,930.24,1000,USD,19.01.2024,78502.95
4501162,10,08.01.2024,2000115,40000109,METHYL ETHYL KETONE,1020,20810.0,KG,1480.98,1000,USD,23.01.2024,30819.19
4503636,10,08.01.2024,2000110,10000205,ETHANOL ANHYDROUS,1020,31590.0,KG,814.31,1000,USD,13.01.2024,25724.05
4500479,10,09.01.2024,2000116,40000104,MONOPROPYLENE GLYCOL USP,1020,42710.0,KG,1979.44,1000,USD,28.01.2024,84541.88
4501782,10,2024-01-09,2000101,10000101,PROPYLENE POLYMER GRADE,1010,289750.0,KG,1155.74,1000,USD,18.01.2024,334875.66
4504248,10,09.01.2024,2000114,10000209,OCTANOL 2-ETHYL TECH GRADE,1020,63110.0,KG,2028.57,1000,USD,15.01.2024,128023.05
4503088,10,09.01.2024,2000107,10000201,ACRYLIC ACID GLACIAL,1020,80270.0,KG,2432.56,1000,USD,24.01.2024,195261.59
4502335,10,09.01.2024,2000104,10000104,ISONONANOL,1010,55430.0,KG,1414.32,1000,USD,21.01.2024,78395.76
4503967,10,09.01.2024,2000112,10000207,PROPYLENE OXIDE,1020,48920.0,KG,1806.75,1000,USD,23.01.2024,88386.21
4504628,10,10.01.2024,2000115,10000109,CLEANING SOLVENT - GLYCOL ETHER,1010,3500.0,KG,1942.44,1000,USD,28.01.2024,6798.54
4500838,10,2024-01-10,2000118,40000107,METHYL METHACRYLATE,1020,23150.0,KG,2221.96,1000,USD,26.01.2024,51438.37
4501557,10,10.01.2024,2000119,40000111,EPOXIDIZED SOYBEAN OIL,1020,101710.0,KG,2153.69,1000,USD,16.01.2024,219051.81
4500477,10,11.01.2024,2000116,40000104,MONOPROPYLENE GLYCOL USP,1020,42710.0,KG,2056.1,1000,USD,26.01.2024,87816.03
4503085,10,12.01.2024,2000107,10000201,ACRYLIC ACID GLACIAL,1020,80270.0,KG,2493.4,1000,USD,24.01.2024,200145.22
4503634,10,12.01.2024,2000110,10000205,ETHANOL ANHYDROUS,1020,31590.0,KG,830.09,1000,USD,01.02.2024,26222.54
4502522,10,12.01.2024,2000103,10000105,PHTHALIC ANHYDRIDE,1010,34530.0,KG,1121.21,1000,USD,18.01.2024,38715.38
4502956,10,12.01.2024,2000106,10000108,TETRAISOPROPYL TITANATE CATALYST,1010,1270.0,KG,9217.51,1000,USD,23.01.2024,11706.24
4504474,10,12.01.2024,2000114,10000210,BUTAN-1-OL,1020,70390.0,KG,1854.28,1000,USD,26.01.2024,130522.77
4502337,10,12.01.2024,2000104,10000104,ISONONANOL,1010,55430.0,KG,1376.29,1000,USD,24.01.2024,76287.75
4502336,10,13.01.2024,2000104,10000104,ISONONANOL,1010,55430.0,KG,1359.86,1000,USD,28.01.2024,75377.04
4504473,10,13.01.2024,2000113,10000210,BUTAN-1-OL,1020,70390.0,KG,1763.51,1000,USD,30.01.2024,124133.47
4503968,10,13.01.2024,2000112,10000207,PROPYLENE OXIDE,1020,48920.0,KG,1892.1,1000,USD,26.01.2024,92561.53
4503240,10,14.01.2024,2000106,10000202,MEHQ INHIBITOR (4-METHOXYPHENOL),1020,130.0,KG,12821.48,1000,USD,02.02.2024,1666.79
4502144,10,14.01.2024,2000103,10000103,TEREPHTHALIC ACID PURIFIED,1010,63180.0,KG,973.46,1000,USD,24.01.2024,61503.2
4503965,10,14.01.2024,2000112,10000207,PROPYLENE OXIDE,1020,48920.0,KG,1799.92,1000,USD,21.01.2024,88052.09
4501334,10,15.01.2024,2000115,40000110,ISOPROPYL ALCOHOL,1020,67160.0,KG,1163.9,1000,USD,26.01.2024,78167.52
4502147,10,15.01.2024,2000103,10000103,TEREPHTHALIC ACID PURIFIED,1010,63180.0,KG,978.09,1000,USD,30.01.2024,61795.73
4502852,10,15.01.2024,2000105,10000107,TRIMELLITIC ANHYDRIDE,1010,32250.0,KG,2680.52,1000,USD,29.01.2024,86446.77
4503087,10,15.01.2024,2000107,10000201,ACRYLIC ACID GLACIAL,1020,80270.0,KG,2392.69,1000,USD,31.01.2024,192061.23
4501785,10,16.01.2024,2000101,10000101,PROPYLENE POLYMER GRADE,1010,289750.0,KG,1153.03,1000,USD,02.02.2024,334090.44
4503799,10,16.01.2024,2000111,10000206,METHANOL,1020,30500.0,KG,475.77,1000,USD,27.01.2024,14510.98
4500725,10,18.01.2024,2000117,40000106,TRIMETHYLOLPROPANE,1020,31460.0,KG,2710.93,1000,USD,30.01.2024,85285.86
4503798,10,18.01.2024,2000111,10000206,METHANOL,1020,30500.0,KG,468.26,1000,USD,31.01.2024,14281.93
4502145,10,18.01.2024,2000103,10000103,TEREPHTHALIC ACID PURIFIED,1010,63180.0,KG,1001.73,1000,USD,04.02.2024,63289.3
4503428,10,19.01.2024,2000109,10000204,ACETIC ACID GLACIAL,1020,84390.0,KG,936.53,1000,USD,28.01.2024,79033.77
4501335,10,19.01.2024,2000115,40000110,ISOPROPYL ALCOHOL,1020,67160.0,KG,1195.39,1000,USD,07.02.2024,80282.39
4502334,10,19.01.2024,2000104,10000104,ISONONANOL,1010,55430.0,KG,1405.41,1000,USD,28.01.2024,77901.88
4500258,10,19.01.2024,2000116,40000102,DIETHYLENE GLYCOL,1020,24460.0,KG,1256.75,1000,USD,04.02.2024,30740.1
4501556,10,19.01.2024,2000119,40000111,EPOXIDIZED SOYBEAN OIL,1020,101710.0,KG,2104.1,1000,USD,25.01.2024,214008.01
4500621,10,20.01.2024,2000117,40000105,NEOPENTYL GLYCOL FLAKES,1020,26830.0,KG,2280.88,1000,USD,05.02.2024,61196.01
4504475,10,20.01.2024,2000113,10000210,BUTAN-1-OL,1020,70390.0,KG,1793.31,1000,USD,09.02.2024,126231.09
4504249,10,20.01.2024,2000113,10000209,OCTANOL 2-ETHYL TECH GRADE,1020,63110.0,KG,1931.77,1000,USD,05.02.2024,121914.0
4503427,10,2024-01-21,2000109,10000204,ACETIC ACID GLACIAL,1020,84390.0,KG,906.06,1000,USD,08.02.2024,76462.4
4503426,10,21.01.2024,2000109,10000204,ACETIC ACID GLACIAL,1020,84390.0,KG,911.76,1000,USD,28.01.2024,76943.43
4502853,10,22.01.2024,2000105,10000107,TRIMELLITIC ANHYDRIDE,1010,32250.0,KG,2639.19,1000,USD,27.01.2024,85113.88
4500375,10,23.01.2024,2000116,40000103,TRIETHYLENE GLYCOL,1020,35620.0,KG,1737.74,1000,USD,12.02.2024,61898.3
4500724,10,24.01.2024,2000117,40000106,TRIMETHYLOLPROPANE,1020,31460.0,KG,2605.84,1000,USD,05.02.2024,81979.73
4502714,10,24.01.2024,2000105,10000106,ADIPIC ACID,1010,33490.0,KG,2159.51,1000,USD,07.02.2024,72321.99
4500075,10,24.01.2024,2000116,40000101,MONOETHYLENE GLYCOL,1020,44290.0,KG,1129.4,1000,USD,09.02.2024,50021.13
4504246,10,2024-01-24,2000113,10000209,OCTANOL 2-ETHYL TECH GRADE,1020,63110.0,KG,1899.87,1000,USD,04.02.2024,119900.8
4501554,10,24.01.2024,2000119,40000111,EPOXIDIZED SOYBEAN OIL,1020,101710.0,KG,1999.92,1000,USD,03.02.2024,203411.86
4503797,10,25.01.2024,2000111,10000206,METHANOL,1020,30500.0,KG,452.56,1000,USD,04.02.2024,13803.08
4501976,10,25.01.2024,2000102,10000102,HYDROGEN,1010,29160.0,KG,2002.17,1000,USD,05.02.2024,58383.28
4503635,10,25.01.2024,2000110,10000205,ETHANOL ANHYDROUS,1020,31590.0,KG,838.18,1000,USD,13.02.2024,26478.11
4501333,10,26.01.2024,2000115,40000110,ISOPROPYL ALCOHOL,1020,67160.0,KG,1207.57,1000,USD,15.02.2024,81100.4
4500990,10,26.01.2024,2000115,40000108,ACETONE,1020,41740.0,KG,1008.5,1000,USD,11.02.2024,42094.79
4500987,10,27.01.2024,2000115,40000108,ACETONE,1020,41740.0,KG,1052.77,1000,USD,16.02.2024,43942.62
4500988,10,27.01.2024,2000115,40000108,ACETONE,1020,41740.0,KG,1048.26,1000,USD,08.02.2024,43754.37
4501161,10,27.01.2024,2000115,40000109,METHYL ETHYL KETONE,1020,20810.0,KG,1489.2,1000,USD,04.02.2024,30990.25
4500723,10,27.01.2024,2000117,40000106,TRIMETHYLOLPROPANE,1020,31460.0,KG,2571.13,1000,USD,14.02.2024,80887.75
4504251,10,01.02.2024,2000114,10000209,OCTANOL 2-ETHYL TECH GRADE,1020,31750.0,KG,1978.73,1000,USD,06.02.2024,62824.68
4503430,10,01.02.2024,2000109,10000204,ACETIC ACID GLACIAL,1020,66820.0,KG,921.49,1000,USD,12.02.2024,61573.96
4502526,10,01.02.2024,2000103,10000105,PHTHALIC ANHYDRIDE,1010,37560.0,KG,1160.53,1000,USD,16.02.2024,43589.51
4501558,10,2024-02-02,2000119,40000111,EPOXIDIZED SOYBEAN OIL,1020,45730.0,KG,2099.11,1000,USD,20.02.2024,95992.3
4500840,10,02.02.2024,2000118,40000107,METHYL METHACRYLATE,1020,35950.0,KG,2174.98,1000,USD,08.02.2024,78190.53
4502339,10,03.02.2024,2000104,10000104,ISONONANOL,1010,75690.0,KG,1426.81,1000,USD,12.02.2024,107995.25
4503801,10,03.02.2024,2000111,10000206,METHANOL,1020,33480.0,KG,460.49,1000,USD,14.02.2024,15417.21
4500081,10,03.02.2024,2000116,40000101,MONOETHYLENE GLYCOL,1020,32020.0,KG,1138.58,1000,USD,18.02.2024,36457.33
4501165,10,03.02.2024,2000115,40000109,METHYL ETHYL KETONE,1020,31350.0,KG,1514.4,1000,USD,08.02.2024,47476.44
4501339,10,03.02.2024,2000115,40000110,ISOPROPYL ALCOHOL,1020,59020.0,KG,1246.09,1000,USD,18.02.2024,73544.23
4500482,10,2024-02-03,2000116,40000104,MONOPROPYLENE GLYCOL USP,1020,42250.0,KG,1999.18,1000,USD,18.02.2024,84465.36
4503089,10,04.02.2024,2000107,10000201,ACRYLIC ACID GLACIAL,1020,39210.0,KG,2455.61,1000,USD,21.02.2024,96284.47
4500376,10,04.02.2024,2000116,40000103,TRIETHYLENE GLYCOL,1020,2850.0,KG,1727.21,1000,USD,15.02.2024,4922.55
4500624,10,06.02.2024,2000117,40000105,NEOPENTYL GLYCOL FLAKES,1020,12590.0,KG,2295.5,1000,USD,11.02.2024,28900.34
4504479,10,06.02.2024,2000113,10000210,BUTAN-1-OL,1020,52080.0,KG,1790.37,1000,USD,23.02.2024,93242.47
4501786,10,07.02.2024,2000101,10000101,PROPYLENE POLYMER GRADE,1010,265480.0,KG,1143.83,1000,USD,23.02.2024,303663.99
4500259,10,07.02.2024,2000116,40000102,DIETHYLENE GLYCOL,1020,36820.0,KG,1287.5,1000,USD,27.02.2024,47405.75
4501979,10,08.02.2024,2000101,10000102,HYDROGEN,1010,39670.0,KG,2059.71,1000,USD,26.02.2024,81708.7
4504476,10,08.02.2024,2000114,10000210,BUTAN-1-OL,1020,52080.0,KG,1810.28,1000,USD,16.02.2024,94279.38
4500994,10,08.02.2024,2000115,40000108,ACETONE,1020,42880.0,KG,1059.24,1000,USD,25.02.2024,45420.21
4504629,10,08.02.2024,2000115,10000109,CLEANING SOLVENT - GLYCOL ETHER,1010,2000.0,KG,1983.28,1000,USD,13.02.2024,3966.56
4502957,10,09.02.2024,2000106,10000108,TETRAISOPROPYL TITANATE CATALYST,1010,1330.0,KG,9103.51,1000,USD,15.02.2024,12107.67
4503640,10,09.02.2024,2000110,10000205,ETHANOL ANHYDROUS,1020,26690.0,KG,852.74,1000,USD,15.02.2024,22759.63
4504119,10,09.02.2024,2000108,10000208,SODIUM HYDROXIDE 50% SOLUTION,1020,600.0,KG,567.06,1000,USD,19.02.2024,340.24
4500841,10,09.02.2024,2000118,40000107,METHYL METHACRYLATE,1020,35950.0,KG,2182.66,1000,USD,26.02.2024,78466.63
4502715,10,09.02.2024,2000105,10000106,ADIPIC ACID,1010,28850.0,KG,2149.88,1000,USD,25.02.2024,62024.04
4503970,10,09.02.2024,2000112,10000207,PROPYLENE OXIDE,1020,50790.0,KG,1846.53,1000,USD,15.02.2024,93785.26
4503800,10,09.02.2024,2000111,10000206,METHANOL,1020,33480.0,KG,470.15,1000,USD,27.02.2024,15740.62
4502151,10,09.02.2024,2000103,10000103,TEREPHTHALIC ACID PURIFIED,1010,58170.0,KG,1020.94,1000,USD,19.02.2024,59388.08
4502148,10,10.02.2024,2000103,10000103,TEREPHTHALIC ACID PURIFIED,1010,58170.0,KG,1003.75,1000,USD,27.02.2024,58388.14
4503802,10,10.02.2024,2000111,10000206,METHANOL,1020,33480.0,KG,484.72,1000,USD,01.03.2024,16228.43
4502341,10,10.02.2024,2000104,10000104,ISONONANOL,1010,75690.0,KG,1373.99,1000,USD,29.02.2024,103997.3
4500082,10,10.02.2024,2000116,40000101,MONOETHYLENE GLYCOL,1020,32020.0,KG,1108.02,1000,USD,17.02.2024,35478.8
4500991,10,10.02.2024,2000115,40000108,ACETONE,1020,42880.0,KG,1039.24,1000,USD,19.02.2024,44562.61
4501980,10,10.02.2024,2000102,10000102,HYDROGEN,1010,39670.0,KG,2093.9,1000,USD,28.02.2024,83065.01
4500484,10,11.02.2024,2000116,40000104,MONOPROPYLENE GLYCOL USP,1020,42250.0,KG,1971.41,1000,USD,24.02.2024,83292.07
4504252,10,11.02.2024,2000114,10000209,OCTANOL 2-ETHYL TECH GRADE,1020,31750.0,KG,2002.28,1000,USD,23.02.2024,63572.39
4501787,10,12.02.2024,2000101,10000101,PROPYLENE POLYMER GRADE,1010,265480.0,KG,1121.45,1000,USD,03.03.2024,297722.55
4502716,10,12.02.2024,2000105,10000106,ADIPIC ACID,1010,28850.0,KG,2241.51,1000,USD,03.03.2024,64667.56
4500481,10,13.02.2024,2000116,40000104,MONOPROPYLENE GLYCOL USP,1020,42250.0,KG,1987.67,1000,USD,18.02.2024,83979.06
4503639,10,14.02.2024,2000110,10000205,ETHANOL ANHYDROUS,1020,26690.0,KG,855.0,1000,USD,01.03.2024,22819.95
4501337,10,14.02.2024,2000115,40000110,ISOPROPYL ALCOHOL,1020,59020.0,KG,1217.83,1000,USD,27.02.2024,71876.33
4502150,10,14.02.2024,2000103,10000103,TEREPHTHALIC ACID PURIFIED,1010,58170.0,KG,987.26,1000,USD,23.02.2024,57428.91
4503972,10,15.02.2024,2000112,10000207,PROPYLENE OXIDE,1020,50790.0,KG,1901.13,1000,USD,05.03.2024,96558.39
4502527,10,15.02.2024,2000103,10000105,PHTHALIC ANHYDRIDE,1010,37560.0,KG,1186.48,1000,USD,22.02.2024,44564.19
4500483,10,15.02.2024,2000116,40000104,MONOPROPYLENE GLYCOL USP,1020,42250.0,KG,2104.58,1000,USD,22.02.2024,88918.5
4503091,10,15.02.2024,2000107,10000201,ACRYLIC ACID GLACIAL,1020,39210.0,KG,2455.15,1000,USD,01.03.2024,96266.43
4501560,10,16.02.2024,2000119,40000111,EPOXIDIZED SOYBEAN OIL,1020,45730.0,KG,2116.24,1000,USD,27.02.2024,96775.66
4501561,10,16.02.2024,2000119,40000111,EPOXIDIZED SOYBEAN OIL,1020,45730.0,KG,2059.53,1000,USD,26.02.2024,94182.31
4502525,10,16.02.2024,2000103,10000105,PHTHALIC ANHYDRIDE,1010,37560.0,KG,1134.1,1000,USD,26.02.2024,42596.8
4502717,10,16.02.2024,2000105,10000106,ADIPIC ACID,1010,28850.0,KG,2206.43,1000,USD,02.03.2024,63655.51
4501164,10,17.02.2024,2000115,40000109,METHYL ETHYL KETONE,1020,31350.0,KG,1506.44,1000,USD,23.02.2024,47226.89
4501163,10,17.02.2024,2000115,40000109,METHYL ETHYL KETONE,1020,31350.0,KG,1502.64,1000,USD,29.02.2024,47107.76
4500080,10,2024-02-17,2000116,40000101,MONOETHYLENE GLYCOL,1020,32020.0,KG,1158.08,1000,USD,08.03.2024,37081.72
4501559,10,2024-02-17,2000119,40000111,EPOXIDIZED SOYBEAN OIL,1020,45730.0,KG,2001.39,1000,USD,06.03.2024,91523.56
4501338,10,17.02.2024,2000115,40000110,ISOPROPYL ALCOHOL,1020,59020.0,KG,1199.01,1000,USD,29.02.2024,70765.57
4501336,10,17.02.2024,2000115,40000110,ISOPROPYL ALCOHOL,1020,59020.0,KG,1207.96,1000,USD,03.03.2024,71293.8
4503969,10,2024-02-18,2000112,10000207,PROPYLENE OXIDE,1020,50790.0,KG,1848.18,1000,USD,07.03.2024,93869.06
4503241,10,19.02.2024,2000106,10000202,MEHQ INHIBITOR (4-METHOXYPHENOL),1020,50.0,KG,12380.62,1000,USD,27.02.2024,619.03
4500726,10,19.02.2024,2000117,40000106,TRIMETHYLOLPROPANE,1020,24510.0,KG,2666.13,1000,USD,04.03.2024,65346.85
4502854,10,19.02.2024,2000105,10000107,TRIMELLITIC ANHYDRIDE,1010,34470.0,KG,2796.27,1000,USD,27.02.2024,96387.43
4503298,10,20.02.2024,2000108,10000203,SULFURIC ACID 98%,1020,3840.0,KG,121.29,1000,USD,03.03.2024,465.75
4502338,10,2024-02-21,2000104,10000104,ISONONANOL,1010,75690.0,KG,1440.14,1000,USD,28.02.2024,109004.2
4501788,10,21.02.2024,2000101,10000101,PROPYLENE POLYMER GRADE,1010,265480.0,KG,1115.76,1000,USD,05.03.2024,296211.96
4503433,10,21.02.2024,2000109,10000204,ACETIC ACID GLACIAL,1020,66820.0,KG,941.03,1000,USD,03.03.2024,62879.62
4504250,10,21.02.2024,2000114,10000209,OCTANOL 2-ETHYL TECH GRADE,1020,31750.0,KG,2016.99,1000,USD,01.03.2024,64039.43
4503431,10,22.02.2024,2000109,10000204,ACETIC ACID GLACIAL,1020,66820.0,KG,966.87,1000,USD,03.03.2024,64606.25
4503638,10,22.02.2024,2000110,10000205,ETHANOL ANHYDROUS,1020,26690.0,KG,844.96,1000,USD,28.02.2024,22551.98
4501789,10,22.02.2024,2000101,10000101,PROPYLENE POLYMER GRADE,1010,265480.0,KG,1110.72,1000,USD,07.03.2024,294873.95
4504477,10,22.02.2024,2000114,10000210,BUTAN-1-OL,1020,52080.0,KG,1840.11,1000,USD,03.03.2024,95832.93
4500260,10,23.02.2024,2000116,40000102,DIETHYLENE GLYCOL,1020,36820.0,KG,1285.04,1000,USD,12.03.2024,47315.17
4500261,10,23.02.2024,2000116,40000102,DIETHYLENE GLYCOL,1020,36820.0,KG,1325.91,1000,USD,03.03.2024,48820.01
4504478,10,23.02.2024,2000114,10000210,BUTAN-1-OL,1020,52080.0,KG,1836.26,1000,USD,02.03.2024,95632.42
4503971,10,24.02.2024,2000112,10000207,PROPYLENE OXIDE,1020,50790.0,KG,1938.32,1000,USD,03.03.2024,98447.27
4503432,10,24.02.2024,2000109,10000204,ACETIC ACID GLACIAL,1020,66820.0,KG,965.92,1000,USD,06.03.2024,64542.77
4502524,10,25.02.2024,2000103,10000105,PHTHALIC ANHYDRIDE,1010,37560.0,KG,1170.16,1000,USD,10.03.2024,43951.21
4500992,10,25.02.2024,2000115,40000108,ACETONE,1020,42880.0,KG,1038.58,1000,USD,05.03.2024,44534.31
4500079,10,25.02.2024,2000116,40000101,MONOETHYLENE GLYCOL,1020,32020.0,KG,1144.63,1000,USD,05.03.2024,36651.05
4503090,10,26.02.2024,2000107,10000201,ACRYLIC ACID GLACIAL,1020,39210.0,KG,2414.02,1000,USD,15.03.2024,94653.72
4502149,10,26.02.2024,2000103,10000103,TEREPHTHALIC ACID PURIFIED,1010,58170.0,KG,991.9,1000,USD,03.03.2024,57698.82
4500993,10,26.02.2024,2000115,40000108,ACETONE,1020,42880.0,KG,1082.32,1000,USD,05.03.2024,46409.88
4502340,10,27.02.2024,2000104,10000104,ISONONANOL,1010,75690.0,KG,1422.61,1000,USD,10.03.2024,107677.35
4500084,10,01.03.2024,2000116,40000101,MONOETHYLENE GLYCOL,1020,31010.0,KG,1154.79,1000,USD,19.03.2024,35810.04
4502856,10,01.03.2024,2000105,10000107,TRIMELLITIC ANHYDRIDE,1010,33390.0,KG,2715.61,1000,USD,15.03.2024,90674.22
4502345,10,02.03.2024,2000104,10000104,ISONONANOL,1010,70650.0,KG,1361.02,1000,USD,08.03.2024,96156.06
4500083,10,03.03.2024,2000116,40000101,MONOETHYLENE GLYCOL,1020,31010.0,KG,1116.41,1000,USD,18.03.2024,34619.87
4502857,10,04.03.2024,2000105,10000107,TRIMELLITIC ANHYDRIDE,1010,33390.0,KG,2719.51,1000,USD,17.03.2024,90804.44
4503974,10,04.03.2024,2000112,10000207,PROPYLENE OXIDE,1020,39330.0,KG,1837.96,1000,USD,12.03.2024,72286.97
4501792,10,05.03.2024,2000101,10000101,PROPYLENE POLYMER GRADE,1010,281460.0,KG,1135.88,1000,USD,15.03.2024,319704.78
4504255,10,05.03.2024,2000114,10000209,OCTANOL 2-ETHYL TECH GRADE,1020,54680.0,KG,2044.16,1000,USD,18.03.2024,111774.67
4502344,10,06.03.2024,2000104,10000104,ISONONANOL,1010,70650.0,KG,1394.76,1000,USD,16.03.2024,98539.79
4501564,10,06.03.2024,2000119,40000111,EPOXIDIZED SOYBEAN OIL,1020,76630.0,KG,2194.19,1000,USD,14.03.2024,168140.78
4503973,10,06.03.2024,2000112,10000207,PROPYLENE OXIDE,1020,39330.0,KG,1927.26,1000,USD,16.03.2024,75799.14
4503643,10,06.03.2024,2000110,10000205,ETHANOL ANHYDROUS,1020,39260.0,KG,820.14,1000,USD,25.03.2024,32198.7
4502855,10,06.03.2024,2000105,10000107,TRIMELLITIC ANHYDRIDE,1010,33390.0,KG,2655.21,1000,USD,25.03.2024,88657.46
4501793,10,06.03.2024,2000101,10000101,PROPYLENE POLYMER GRADE,1010,281460.0,KG,1116.55,1000,USD,15.03.2024,314264.16
4503299,10,06.03.2024,2000108,10000203,SULFURIC ACID 98%,1020,5240.0,KG,122.62,1000,USD,25.03.2024,642.53
4502154,10,07.03.2024,2000103,10000103,TEREPHTHALIC ACID PURIFIED,1010,75320.0,KG,968.92,1000,USD,14.03.2024,72979.05
4504254,10,07.03.2024,2000114,10000209,OCTANOL 2-ETHYL TECH GRADE,1020,54680.0,KG,1975.36,1000,USD,12.03.2024,108012.68
4503094,10,07.03.2024,2000107,10000201,ACRYLIC ACID GLACIAL,1020,80000.0,KG,2511.94,1000,USD,19.03.2024,200955.2
4503437,10,07.03.2024,2000109,10000204,ACETIC ACID GLACIAL,1020,71290.0,KG,945.36,1000,USD,17.03.2024,67394.71
4501562,10,07.03.2024,2000119,40000111,EPOXIDIZED SOYBEAN OIL,1020,76630.0,KG,2068.26,1000,USD,22.03.2024,158490.76
4503642,10,08.03.2024,2000110,10000205,ETHANOL ANHYDROUS,1020,39260.0,KG,822.99,1000,USD,16.03.2024,32310.59
4502342,10,08.03.2024,2000104,10000104,ISONONANOL,1010,70650.0,KG,1384.88,1000,USD,26.03.2024,97841.77
4502528,10,08.03.2024,2000103,10000105,PHTHALIC ANHYDRIDE,1010,33450.0,KG,1172.63,1000,USD,26.03.2024,39224.47
4500487,10,2024-03-08,2000116,40000104,MONOPROPYLENE GLYCOL USP,1020,56120.0,KG,2056.79,1000,USD,18.03.2024,115427.05
4501790,10,08.03.2024,2000101,10000101,PROPYLENE POLYMER GRADE,1010,281460.0,KG,1138.58,1000,USD,20.03.2024,320464.73
4503641,10,09.03.2024,2000110,10000205,ETHANOL ANHYDROUS,1020,39260.0,KG,829.15,1000,USD,29.03.2024,32552.43
4503242,10,09.03.2024,2000106,10000202,MEHQ INHIBITOR (4-METHOXYPHENOL),1020,120.0,KG,12459.58,1000,USD,28.03.2024,1495.15
4503436,10,09.03.2024,2000109,10000204,ACETIC ACID GLACIAL,1020,71290.0,KG,922.11,1000,USD,23.03.2024,65737.22
4501981,10,10.03.2024,2000102,10000102,HYDROGEN,1010,39450.0,KG,2084.27,1000,USD,28.03.2024,82224.45
4503095,10,10.03.2024,2000107,10000201,ACRYLIC ACID GLACIAL,1020,80000.0,KG,2579.28,1000,USD,27.03.2024,206342.4
4504253,10,11.03.2024,2000114,10000209,OCTANOL 2-ETHYL TECH GRADE,1020,54680.0,KG,2018.95,1000,USD,16.03.2024,110396.19
4502529,10,12.03.2024,2000103,10000105,PHTHALIC ANHYDRIDE,1010,33450.0,KG,1100.03,1000,USD,23.03.2024,36796.0
4503644,10,12.03.2024,2000110,10000205,ETHANOL ANHYDROUS,1020,39260.0,KG,824.55,1000,USD,28.03.2024,32371.83
4500625,10,12.03.2024,2000117,40000105,NEOPENTYL GLYCOL FLAKES,1020,29830.0,KG,2268.13,1000,USD,24.03.2024,67658.32
4501791,10,2024-03-12,2000101,10000101,PROPYLENE POLYMER GRADE,1010,281460.0,KG,1173.34,1000,USD,31.03.2024,330248.28
4503804,10,13.03.2024,2000111,10000206,METHANOL,1020,39480.0,KG,477.28,1000,USD,23.03.2024,18843.01
4502155,10,13.03.2024,2000103,10000103,TEREPHTHALIC ACID PURIFIED,1010,75320.0,KG,1001.84,1000,USD,30.03.2024,75458.59
4500627,10,14.03.2024,2000117,40000105,NEOPENTYL GLYCOL FLAKES,1020,29830.0,KG,2165.59,1000,USD,30.03.2024,64599.55
4501166,10,14.03.2024,2000115,40000109,METHYL ETHYL KETONE,1020,5740.0,KG,1537.28,1000,USD,30.03.2024,8823.99
4503976,10,2024-03-15,2000112,10000207,PROPYLENE OXIDE,1020,39330.0,KG,1904.7,1000,USD,30.03.2024,74911.85
4500843,10,15.03.2024,2000118,40000107,METHYL METHACRYLATE,1020,26870.0,KG,2196.84,1000,USD,25.03.2024,59029.09
4500997,10,15.03.2024,2000115,40000108,ACETONE,1020,37060.0,KG,1054.92,1000,USD,24.03.2024,39095.34
4500085,10,16.03.2024,2000116,40000101,MONOETHYLENE GLYCOL,1020,31010.0,KG,1166.24,1000,USD,26.03.2024,36165.1
4502718,10,16.03.2024,2000105,10000106,ADIPIC ACID,1010,36780.0,KG,2203.36,1000,USD,03.04.2024,81039.58
4501565,10,2024-03-16,2000119,40000111,EPOXIDIZED SOYBEAN OIL,1020,76630.0,KG,2086.14,1000,USD,21.03.2024,159860.91
4501340,10,16.03.2024,2000115,40000110,ISOPROPYL ALCOHOL,1020,39330.0,KG,1232.99,1000,USD,29.03.2024,48493.5
4500264,10,17.03.2024,2000116,40000102,DIETHYLENE GLYCOL,1020,27600.0,KG,1280.22,1000,USD,24.03.2024,35334.07
4502152,10,17.03.2024,2000103,10000103,TEREPHTHALIC ACID PURIFIED,1010,75320.0,KG,984.01,1000,USD,02.04.2024,74115.63
4504482,10,17.03.2024,2000113,10000210,BUTAN-1-OL,1020,63550.0,KG,1771.83,1000,USD,28.03.2024,112599.8
4500995,10,18.03.2024,2000115,40000108,ACETONE,1020,37060.0,KG,1056.28,1000,USD,05.04.2024,39145.74
4503803,10,18.03.2024,2000111,10000206,METHANOL,1020,39480.0,KG,464.55,1000,USD,31.03.2024,18340.43
4500998,10,18.03.2024,2000115,40000108,ACETONE,1020,37060.0,KG,1040.98,1000,USD,01.04.2024,38578.72
4504483,10,18.03.2024,2000113,10000210,BUTAN-1-OL,1020,63550.0,KG,1813.1,1000,USD,30.03.2024,115222.5
4500485,10,18.03.2024,2000116,40000104,MONOPROPYLENE GLYCOL USP,1020,56120.0,KG,2010.77,1000,USD,01.04.2024,112844.41
4501982,10,19.03.2024,2000101,10000102,HYDROGEN,1010,39450.0,KG,2099.2,1000,USD,28.03.2024,82813.44
4504481,10,2024-03-19,2000114,10000210,BUTAN-1-OL,1020,63550.0,KG,1886.31,1000,USD,02.04.2024,119875.0
4501343,10,20.03.2024,2000115,40000110,ISOPROPYL ALCOHOL,1020,39330.0,KG,1212.72,1000,USD,09.04.2024,47696.28
4502530,10,20.03.2024,2000103,10000105,PHTHALIC ANHYDRIDE,1010,33450.0,KG,1101.9,1000,USD,03.04.2024,36858.56
4500377,10,20.03.2024,2000116,40000103,TRIETHYLENE GLYCOL,1020,16060.0,KG,1788.93,1000,USD,06.04.2024,28730.22
4501563,10,21.03.2024,2000119,40000111,EPOXIDIZED SOYBEAN OIL,1020,76630.0,KG,1996.58,1000,USD,10.04.2024,152997.93
4500996,10,21.03.2024,2000115,40000108,ACETONE,1020,37060.0,KG,1041.62,1000,USD,26.03.2024,38602.44
4500488,10,21.03.2024,2000116,40000104,MONOPROPYLENE GLYCOL USP,1020,56120.0,KG,1909.55,1000,USD,05.04.2024,107163.95
4503435,10,22.03.2024,2000109,10000204,ACETIC ACID GLACIAL,1020,71290.0,KG,948.58,1000,USD,10.04.2024,67624.27
4502719,10,22.03.2024,2000105,10000106,ADIPIC ACID,1010,36780.0,KG,2161.12,1000,USD,04.04.2024,79485.99
4500486,10,22.03.2024,2000116,40000104,MONOPROPYLENE GLYCOL USP,1020,56120.0,KG,1945.26,1000,USD,09.04.2024,109167.99
4500262,10,23.03.2024,2000116,40000102,DIETHYLENE GLYCOL,1020,27600.0,KG,1312.1,1000,USD,10.04.2024,36213.96
4502343,10,23.03.2024,2000104,10000104,ISONONANOL,1010,70650.0,KG,1406.83,1000,USD,10.04.2024,99392.54
4504256,10,2024-03-23,2000114,10000209,OCTANOL 2-ETHYL TECH GRADE,1020,54680.0,KG,2011.15,1000,USD,31.03.2024,109969.68
4501342,10,2024-03-24,2000115,40000110,ISOPROPYL ALCOHOL,1020,39330.0,KG,1200.86,1000,USD,02.04.2024,47229.82
4502153,10,24.03.2024,2000103,10000103,TEREPHTHALIC ACID PURIFIED,1010,75320.0,KG,977.95,1000,USD,02.04.2024,73659.19
4502531,10,24.03.2024,2000103,10000105,PHTHALIC ANHYDRIDE,1010,33450.0,KG,1121.57,1000,USD,07.04.2024,37516.52
4504480,10,24.03.2024,2000113,10000210,BUTAN-1-OL,1020,63550.0,KG,1747.61,1000,USD,31.03.2024,111060.62
4500842,10,24.03.2024,2000118,40000107,METHYL METHACRYLATE,1020,26870.0,KG,2150.26,1000,USD,03.04.2024,57777.49
4503975,10,25.03.2024,2000112,10000207,PROPYLENE OXIDE,1020,39330.0,KG,1849.56,1000,USD,08.04.2024,72743.19
4501341,10,25.03.2024,2000115,40000110,ISOPROPYL ALCOHOL,1020,39330.0,KG,1174.27,1000,USD,06.04.2024,46184.04
4502720,10,25.03.2024,2000105,10000106,ADIPIC ACID,1010,36780.0,KG,2119.72,1000,USD,31.03.2024,77963.3
4504120,10,2024-03-26,2000108,10000208,SODIUM HYDROXIDE 50% SOLUTION,1020,460.0,KG,579.13,1000,USD,03.04.2024,266.4
4500626,10,26.03.2024,2000117,40000105,NEOPENTYL GLYCOL FLAKES,1020,29830.0,KG,2275.87,1000,USD,07.04.2024,67889.2
4504630,10,26.03.2024,2000115,10000109,CLEANING SOLVENT - GLYCOL ETHER,1010,2900.0,KG,1962.37,1000,USD,10.04.2024,5690.87
4500263,10,26.03.2024,2000116,40000102,DIETHYLENE GLYCOL,1020,27600.0,KG,1294.06,1000,USD,31.03.2024,35716.06
4503092,10,27.03.2024,2000107,10000201,ACRYLIC ACID GLACIAL,1020,80000.0,KG,2564.05,1000,USD,04.04.2024,205124.0
4503093,10,27.03.2024,2000107,10000201,ACRYLIC ACID GLACIAL,1020,80000.0,KG,2364.45,1000,USD,13.04.2024,189156.0
4503434,10,27.03.2024,2000109,10000204,ACETIC ACID GLACIAL,1020,71290.0,KG,920.72,1000,USD,09.04.2024,65638.13
4502958,10,27.03.2024,2000106,10000108,TETRAISOPROPYL TITANATE CATALYST,1010,1650.0,KG,9221.2,1000,USD,01.04.2024,15214.98
4500844,10,01.04.2024,2000118,40000107,METHYL METHACRYLATE,1020,29050.0,KG,2176.27,1000,USD,07.04.2024,63220.64
4503243,10,01.04.2024,2000106,10000202,MEHQ INHIBITOR (4-METHOXYPHENOL),1020,150.0,KG,12625.76,1000,USD,19.04.2024,1893.86
4501345,10,01.04.2024,2000115,40000110,ISOPROPYL ALCOHOL,1020,73650.0,KG,1202.27,1000,USD,17.04.2024,88547.19
4504486,10,02.04.2024,2000113,10000210,BUTAN-1-OL,1020,93330.0,KG,1761.77,1000,USD,10.04.2024,164425.99
4500490,10,03.04.2024,2000116,40000104,MONOPROPYLENE GLYCOL USP,1020,47080.0,KG,1970.23,1000,USD,16.04.2024,92758.43
4503099,10,03.04.2024,2000107,10000201,ACRYLIC ACID GLACIAL,1020,90030.0,KG,2487.28,1000,USD,19.04.2024,223929.82
4500267,10,03.04.2024,2000116,40000102,DIETHYLENE GLYCOL,1020,42790.0,KG,1290.37,1000,USD,22.04.2024,55214.93
4503646,10,03.04.2024,2000110,10000205,ETHANOL ANHYDROUS,1020,33410.0,KG,829.18,1000,USD,08.04.2024,27702.9
4500628,10,2024-04-03,2000117,40000105,NEOPENTYL GLYCOL FLAKES,1020,33090.0,KG,2271.8,1000,USD,14.04.2024,75173.86
4503096,10,04.04.2024,2000107,10000201,ACRYLIC ACID GLACIAL,1020,90030.0,KG,2471.71,1000,USD,19.04.2024,222528.05
4504484,10,04.04.2024,2000113,10000210,BUTAN-1-OL,1020,93330.0,KG,1784.61,1000,USD,24.04.2024,166557.65
4503978,10,04.04.2024,2000112,10000207,PROPYLENE OXIDE,1020,33610.0,KG,1833.87,1000,USD,10.04.2024,61636.37
4502156,10,05.04.2024,2000103,10000103,TEREPHTHALIC ACID PURIFIED,1010,39690.0,KG,989.03,1000,USD,19.04.2024,39254.6
4501566,10,05.04.2024,2000119,40000111,EPOXIDIZED SOYBEAN OIL,1020,43490.0,KG,2094.23,1000,USD,15.04.2024,91078.06
4501795,10,05.04.2024,2000101,10000101,PROPYLENE POLYMER GRADE,1010,267350.0,KG,1196.12,1000,USD,15.04.2024,319782.68
4504487,10,05.04.2024,2000114,10000210,BUTAN-1-OL,1020,93330.0,KG,1930.93,1000,USD,24.04.2024,180213.7
4500846,10,06.04.2024,2000118,40000107,METHYL METHACRYLATE,1020,29050.0,KG,2218.52,1000,USD,11.04.2024,64448.01
4500266,10,07.04.2024,2000116,40000102,DIETHYLENE GLYCOL,1020,42790.0,KG,1342.93,1000,USD,19.04.2024,57463.97
4503440,10,07.04.2024,2000109,10000204,ACETIC ACID GLACIAL,1020,49660.0,KG,988.09,1000,USD,20.04.2024,49068.55
4502533,10,2024-04-07,2000103,10000105,PHTHALIC ANHYDRIDE,1010,39710.0,KG,1188.2,1000,USD,12.04.2024,47183.42
4501344,10,07.04.2024,2000115,40000110,ISOPROPYL ALCOHOL,1020,73650.0,KG,1203.85,1000,USD,22.04.2024,88663.55
4500087,10,08.04.2024,2000116,40000101,MONOETHYLENE GLYCOL,1020,33000.0,KG,1145.14,1000,USD,20.04.2024,37789.62
4501347,10,08.04.2024,2000115,40000110,ISOPROPYL ALCOHOL,1020,73650.0,KG,1179.27,1000,USD,21.04.2024,86853.24
4501983,10,08.04.2024,2000101,10000102,HYDROGEN,1010,38560.0,KG,2115.58,1000,USD,13.04.2024,81576.76
4502859,10,08.04.2024,2000105,10000107,TRIMELLITIC ANHYDRIDE,1010,39370.0,KG,2669.06,1000,USD,26.04.2024,105080.89
4502349,10,08.04.2024,2000104,10000104,ISONONANOL,1010,58290.0,KG,1413.27,1000,USD,14.04.2024,82379.51
4502860,10,2024-04-08,2000105,10000107,TRIMELLITIC ANHYDRIDE,1010,39370.0,KG,2784.58,1000,USD,18.04.2024,109628.91
4503806,10,09.04.2024,2000111,10000206,METHANOL,1020,24360.0,KG,475.36,1000,USD,19.04.2024,11579.77
4500999,10,09.04.2024,2000115,40000108,ACETONE,1020,39080.0,KG,1019.87,1000,USD,21.04.2024,39856.52
4504485,10,10.04.2024,2000113,10000210,BUTAN-1-OL,1020,93330.0,KG,1798.67,1000,USD,21.04.2024,167869.87
4503805,10,11.04.2024,2000111,10000206,METHANOL,1020,24360.0,KG,464.69,1000,USD,17.04.2024,11319.85
4500491,10,11.04.2024,2000116,40000104,MONOPROPYLENE GLYCOL USP,1020,47080.0,KG,1951.14,1000,USD,21.04.2024,91859.67
4502959,10,11.04.2024,2000106,10000108,TETRAISOPROPYL TITANATE CATALYST,1010,1360.0,KG,9441.73,1000,USD,29.04.2024,12840.75
4504260,10,12.04.2024,2000114,10000209,OCTANOL 2-ETHYL TECH GRADE,1020,56500.0,KG,2051.81,1000,USD,24.04.2024,115927.26
4502534,10,13.04.2024,2000103,10000105,PHTHALIC ANHYDRIDE,1010,39710.0,KG,1177.5,1000,USD,24.04.2024,46758.52
4501168,10,2024-04-13,2000115,40000109,METHYL ETHYL KETONE,1020,24890.0,KG,1534.48,1000,USD,02.05.2024,38193.21
4501346,10,13.04.2024,2000115,40000110,ISOPROPYL ALCOHOL,1020,73650.0,KG,1151.33,1000,USD,28.04.2024,84795.45
4503441,10,14.04.2024,2000109,10000204,ACETIC ACID GLACIAL,1020,49660.0,KG,912.71,1000,USD,25.04.2024,45325.18
4502721,10,14.04.2024,2000105,10000106,ADIPIC ACID,1010,35990.0,KG,2131.25,1000,USD,21.04.2024,76703.69
4501001,10,14.04.2024,2000115,40000108,ACETONE,1020,39080.0,KG,1010.61,1000,USD,04.05.2024,39494.64
4502159,10,15.04.2024,2000103,10000103,TEREPHTHALIC ACID PURIFIED,1010,39690.0,KG,983.99,1000,USD,20.04.2024,39054.56
4503097,10,15.04.2024,2000107,10000201,ACRYLIC ACID GLACIAL,1020,90030.0,KG,2550.5,1000,USD,25.04.2024,229621.52
4501796,10,15.04.2024,2000101,10000101,PROPYLENE POLYMER GRADE,1010,267350.0,KG,1153.83,1000,USD,28.04.2024,308476.45
4504257,10,16.04.2024,2000114,10000209,OCTANOL 2-ETHYL TECH GRADE,1020,56500.0,KG,1958.14,1000,USD,01.05.2024,110634.91
4503979,10,16.04.2024,2000112,10000207,PROPYLENE OXIDE,1020,33610.0,KG,1865.07,1000,USD,24.04.2024,62685.0
4500492,10,16.04.2024,2000116,40000104,MONOPROPYLENE GLYCOL USP,1020,47080.0,KG,1987.41,1000,USD,06.05.2024,93567.26
4500086,10,16.04.2024,2000116,40000101,MONOETHYLENE GLYCOL,1020,33000.0,KG,1179.29,1000,USD,23.04.2024,38916.57
4500629,10,16.04.2024,2000117,40000105,NEOPENTYL GLYCOL FLAKES,1020,33090.0,KG,2262.43,1000,USD,30.04.2024,74863.81
4501167,10,16.04.2024,2000115,40000109,METHYL ETHYL KETONE,1020,24890.0,KG,1558.88,1000,USD,03.05.2024,38800.52
4501797,10,17.04.2024,2000101,10000101,PROPYLENE POLYMER GRADE,1010,267350.0,KG,1111.67,1000,USD,28.04.2024,297204.97
4501984,10,17.04.2024,2000102,10000102,HYDROGEN,1010,38560.0,KG,2112.84,1000,USD,29.04.2024,81471.11
4503098,10,17.04.2024,2000107,10000201,ACRYLIC ACID GLACIAL,1020,90030.0,KG,2484.36,1000,USD,06.05.2024,223666.93
4502346,10,18.04.2024,2000104,10000104,ISONONANOL,1010,58290.0,KG,1452.07,1000,USD,06.05.2024,84641.16
4502722,10,18.04.2024,2000105,10000106,ADIPIC ACID,1010,35990.0,KG,2127.72,1000,USD,04.05.2024,76576.64
4503980,10,18.04.2024,2000112,10000207,PROPYLENE OXIDE,1020,33610.0,KG,1941.39,1000,USD,05.05.2024,65250.12
4502347,10,18.04.2024,2000104,10000104,ISONONANOL,1010,58290.0,KG,1439.71,1000,USD,04.05.2024,83920.7
4503645,10,18.04.2024,2000110,10000205,ETHANOL ANHYDROUS,1020,33410.0,KG,843.76,1000,USD,03.05.2024,28190.02
4502858,10,2024-04-19,2000105,10000107,TRIMELLITIC ANHYDRIDE,1010,39370.0,KG,2668.86,1000,USD,26.04.2024,105073.02
4504258,10,19.04.2024,2000114,10000209,OCTANOL 2-ETHYL TECH GRADE,1020,56500.0,KG,1947.93,1000,USD,29.04.2024,110058.04
4504631,10,19.04.2024,2000115,10000109,CLEANING SOLVENT - GLYCOL ETHER,1010,1900.0,KG,1999.24,1000,USD,25.04.2024,3798.56
4500378,10,19.04.2024,2000116,40000103,TRIETHYLENE GLYCOL,1020,10490.0,KG,1818.45,1000,USD,24.04.2024,19075.54
4501794,10,19.04.2024,2000101,10000101,PROPYLENE POLYMER GRADE,1010,267350.0,KG,1160.03,1000,USD,30.04.2024,310134.02
4500088,10,2024-04-20,2000116,40000101,MONOETHYLENE GLYCOL,1020,33000.0,KG,1140.2,1000,USD,28.04.2024,37626.6
4500265,10,20.04.2024,2000116,40000102,DIETHYLENE GLYCOL,1020,42790.0,KG,1284.13,1000,USD,04.05.2024,54947.92
4503439,10,20.04.2024,2000109,10000204,ACETIC ACID GLACIAL,1020,49660.0,KG,950.78,1000,USD,26.04.2024,47215.73
4502532,10,2024-04-21,2000103,10000105,PHTHALIC ANHYDRIDE,1010,39710.0,KG,1179.22,1000,USD,26.04.2024,46826.83
4501000,10,21.04.2024,2000115,40000108,ACETONE,1020,39080.0,KG,1048.1,1000,USD,27.04.2024,40959.75
4504121,10,21.04.2024,2000108,10000208,SODIUM HYDROXIDE 50% SOLUTION,1020,360.0,KG,564.6,1000,USD,30.04.2024,203.26
4500727,10,22.04.2024,2000117,40000106,TRIMETHYLOLPROPANE,1020,13780.0,KG,2787.18,1000,USD,11.05.2024,38407.34
4502723,10,22.04.2024,2000105,10000106,ADIPIC ACID,1010,35990.0,KG,2106.74,1000,USD,28.04.2024,75821.57
4503977,10,23.04.2024,2000112,10000207,PROPYLENE OXIDE,1020,33610.0,KG,1910.61,1000,USD,02.05.2024,64215.6
4502158,10,23.04.2024,2000103,10000103,TEREPHTHALIC ACID PURIFIED,1010,39690.0,KG,1002.36,1000,USD,29.04.2024,39783.67
4501569,10,24.04.2024,2000119,40000111,EPOXIDIZED SOYBEAN OIL,1020,43490.0,KG,2114.3,1000,USD,13.05.2024,91950.91
4502157,10,24.04.2024,2000103,10000103,TEREPHTHALIC ACID PURIFIED,1010,39690.0,KG,989.1,1000,USD,09.05.2024,39257.38
4501567,10,24.04.2024,2000119,40000111,EPOXIDIZED SOYBEAN OIL,1020,43490.0,KG,2101.19,1000,USD,12.05.2024,91380.75
4502348,10,24.04.2024,2000104,10000104,ISONONANOL,1010,58290.0,KG,1446.09,1000,USD,04.05.2024,84292.59
4503438,10,24.04.2024,2000109,10000204,ACETIC ACID GLACIAL,1020,49660.0,KG,935.93,1000,USD,01.05.2024,46478.28
4503300,10,24.04.2024,2000108,10000203,SULFURIC ACID 98%,1020,5250.0,KG,121.36,1000,USD,03.05.2024,637.14
4501568,10,25.04.2024,2000119,40000111,EPOXIDIZED SOYBEAN OIL,1020,43490.0,KG,2114.18,1000,USD,15.05.2024,91945.69
4500845,10,25.04.2024,2000118,40000107,METHYL METHACRYLATE,1020,29050.0,KG,2181.22,1000,USD,14.05.2024,63364.44
4500268,10,2024-04-25,2000116,40000102,DIETHYLENE GLYCOL,1020,42790.0,KG,1279.44,1000,USD,30.04.2024,54747.24
4500489,10,25.04.2024,2000116,40000104,MONOPROPYLENE GLYCOL USP,1020,47080.0,KG,1919.11,1000,USD,08.05.2024,90351.7
4504259,10,27.04.2024,2000114,10000209,OCTANOL 2-ETHYL TECH GRADE,1020,56500.0,KG,1977.46,1000,USD,02.05.2024,111726.49
4500848,10,2024-05-01,2000118,40000107,METHYL METHACRYLATE,1020,28710.0,KG,2138.41,1000,USD,18.05.2024,61393.75
4502351,10,01.05.2024,2000104,10000104,ISONONANOL,1010,86740.0,KG,1366.4,1000,USD,08.05.2024,118521.54
4503647,10,01.05.2024,2000110,10000205,ETHANOL ANHYDROUS,1020,35990.0,KG,836.72,1000,USD,19.05.2024,30113.55
4500728,10,2024-05-01,2000117,40000106,TRIMETHYLOLPROPANE,1020,29770.0,KG,2689.75,1000,USD,20.05.2024,80073.86
4500271,10,01.05.2024,2000116,40000102,DIETHYLENE GLYCOL,1020,31510.0,KG,1258.56,1000,USD,12.05.2024,39657.23
4503244,10,02.05.2024,2000106,10000202,MEHQ INHIBITOR (4-METHOXYPHENOL),1020,100.0,KG,11609.0,1000,USD,17.05.2024,1160.9
4504490,10,02.05.2024,2000113,10000210,BUTAN-1-OL,1020,51980.0,KG,1717.26,1000,USD,16.05.2024,89263.17
4504261,10,02.05.2024,2000113,10000209,OCTANOL 2-ETHYL TECH GRADE,1020,36370.0,KG,1860.04,1000,USD,15.05.2024,67649.65
4501801,10,02.05.2024,2000101,10000101,PROPYLENE POLYMER GRADE,1010,252690.0,KG,1091.38,1000,USD,15.05.2024,275780.81
4503650,10,02.05.2024,2000110,10000205,ETHANOL ANHYDROUS,1020,35990.0,KG,792.99,1000,USD,17.05.2024,28539.71
4503648,10,02.05.2024,2000110,10000205,ETHANOL ANHYDROUS,1020,35990.0,KG,799.25,1000,USD,10.05.2024,28765.01
4500270,10,02.05.2024,2000116,40000102,DIETHYLENE GLYCOL,1020,31510.0,KG,1250.72,1000,USD,07.05.2024,39410.19
4502353,10,04.05.2024,2000104,10000104,ISONONANOL,1010,86740.0,KG,1364.57,1000,USD,21.05.2024,118362.8
4503442,10,04.05.2024,2000109,10000204,ACETIC ACID GLACIAL,1020,83330.0,KG,887.22,1000,USD,12.05.2024,73932.04
4501349,10,04.05.2024,2000115,40000110,ISOPROPYL ALCOHOL,1020,68580.0,KG,1190.86,1000,USD,13.05.2024,81669.18
4503981,10,04.05.2024,2000112,10000207,PROPYLENE OXIDE,1020,74390.0,KG,1840.39,1000,USD,09.05.2024,136906.61
4501573,10,04.05.2024,2000119,40000111,EPOXIDIZED SOYBEAN OIL,1020,95910.0,KG,2056.93,1000,USD,12.05.2024,197280.16
4502352,10,05.05.2024,2000104,10000104,ISONONANOL,1010,86740.0,KG,1399.69,1000,USD,18.05.2024,121409.11
4501570,10,05.05.2024,2000119,40000111,EPOXIDIZED SOYBEAN OIL,1020,95910.0,KG,1950.41,1000,USD,24.05.2024,187063.82
4500090,10,2024-05-05,2000116,40000101,MONOETHYLENE GLYCOL,1020,35490.0,KG,1140.25,1000,USD,22.05.2024,40467.47
4502536,10,05.05.2024,2000103,10000105,PHTHALIC ANHYDRIDE,1010,43000.0,KG,1077.81,1000,USD,17.05.2024,46345.83
4502861,10,05.05.2024,2000105,10000107,TRIMELLITIC ANHYDRIDE,1010,29370.0,KG,2664.81,1000,USD,12.05.2024,78265.47
4504262,10,06.05.2024,2000113,10000209,OCTANOL 2-ETHYL TECH GRADE,1020,36370.0,KG,1907.39,1000,USD,12.05.2024,69371.77
4502162,10,06.05.2024,2000103,10000103,TEREPHTHALIC ACID PURIFIED,1010,63550.0,KG,979.34,1000,USD,14.05.2024,62237.06
4501986,10,06.05.2024,2000102,10000102,HYDROGEN,1010,36200.0,KG,2023.09,1000,USD,18.05.2024,73235.86
4502160,10,06.05.2024,2000103,10000103,TEREPHTHALIC ACID PURIFIED,1010,63550.0,KG,938.93,1000,USD,26.05.2024,59669.0
4500494,10,06.05.2024,2000116,40000104,MONOPROPYLENE GLYCOL USP,1020,30480.0,KG,1956.17,1000,USD,11.05.2024,59624.06
4502538,10,06.05.2024,2000103,10000105,PHTHALIC ANHYDRIDE,1010,43000.0,KG,1130.9,1000,USD,19.05.2024,48628.7
4501985,10,08.05.2024,2000101,10000102,HYDROGEN,1010,36200.0,KG,2119.02,1000,USD,20.05.2024,76708.52
4500091,10,08.05.2024,2000116,40000101,MONOETHYLENE GLYCOL,1020,35490.0,KG,1097.28,1000,USD,23.05.2024,38942.47
4501350,10,08.05.2024,2000115,40000110,ISOPROPYL ALCOHOL,1020,68580.0,KG,1205.86,1000,USD,17.05.2024,82697.88
4503101,10,09.05.2024,2000107,10000201,ACRYLIC ACID GLACIAL,1020,60040.0,KG,2531.52,1000,USD,27.05.2024,151992.46
4502161,10,09.05.2024,2000103,10000103,TEREPHTHALIC ACID PURIFIED,1010,63550.0,KG,965.38,1000,USD,20.05.2024,61349.9
4503649,10,09.05.2024,2000110,10000205,ETHANOL ANHYDROUS,1020,35990.0,KG,820.46,1000,USD,28.05.2024,29528.36
4501799,10,10.05.2024,2000101,10000101,PROPYLENE POLYMER GRADE,1010,252690.0,KG,1132.77,1000,USD,26.05.2024,286239.65
4501004,10,10.05.2024,2000115,40000108,ACETONE,1020,35230.0,KG,1003.34,1000,USD,21.05.2024,35347.67
4504491,10,10.05.2024,2000113,10000210,BUTAN-1-OL,1020,51980.0,KG,1709.86,1000,USD,19.05.2024,88878.52
4503982,10,2024-05-10,2000112,10000207,PROPYLENE OXIDE,1020,74390.0,KG,1858.93,1000,USD,29.05.2024,138285.8
4502535,10,11.05.2024,2000103,10000105,PHTHALIC ANHYDRIDE,1010,43000.0,KG,1143.26,1000,USD,23.05.2024,49160.18
4501571,10,11.05.2024,2000119,40000111,EPOXIDIZED SOYBEAN OIL,1020,95910.0,KG,2070.59,1000,USD,29.05.2024,198590.29
4503100,10,2024-05-11,2000107,10000201,ACRYLIC ACID GLACIAL,1020,60040.0,KG,2477.1,1000,USD,27.05.2024,148725.08
4504264,10,2024-05-11,2000113,10000209,OCTANOL 2-ETHYL TECH GRADE,1020,36370.0,KG,1890.81,1000,USD,18.05.2024,68768.76
4501169,10,11.05.2024,2000115,40000109,METHYL ETHYL KETONE,1020,37460.0,KG,1536.44,1000,USD,24.05.2024,57555.04
4503984,10,12.05.2024,2000112,10000207,PROPYLENE OXIDE,1020,74390.0,KG,1846.47,1000,USD,21.05.2024,137358.9
4501798,10,12.05.2024,2000101,10000101,PROPYLENE POLYMER GRADE,1010,252690.0,KG,1137.71,1000,USD,22.05.2024,287487.94
4503103,10,13.05.2024,2000107,10000201,ACRYLIC ACID GLACIAL,1020,60040.0,KG,2396.61,1000,USD,18.05.2024,143892.46
4504632,10,13.05.2024,2000115,10000109,CLEANING SOLVENT - GLYCOL ETHER,1010,2700.0,KG,1962.69,1000,USD,20.05.2024,5299.26
4502863,10,13.05.2024,2000105,10000107,TRIMELLITIC ANHYDRIDE,1010,29370.0,KG,2670.43,1000,USD,28.05.2024,78430.53
4503810,10,14.05.2024,2000111,10000206,METHANOL,1020,36780.0,KG,461.44,1000,USD,03.06.2024,16971.76
4503102,10,2024-05-14,2000107,10000201,ACRYLIC ACID GLACIAL,1020,60040.0,KG,2501.95,1000,USD,27.05.2024,150217.08
4500272,10,16.05.2024,2000116,40000102,DIETHYLENE GLYCOL,1020,31510.0,KG,1286.87,1000,USD,25.05.2024,40549.27
4500849,10,16.05.2024,2000118,40000107,METHYL METHACRYLATE,1020,28710.0,KG,2165.34,1000,USD,03.06.2024,62166.91
4502725,10,16.05.2024,2000105,10000106,ADIPIC ACID,1010,26450.0,KG,2130.36,1000,USD,02.06.2024,56348.02
4501348,10,16.05.2024,2000115,40000110,ISOPROPYL ALCOHOL,1020,68580.0,KG,1196.43,1000,USD,03.06.2024,82051.17
4501572,10,17.05.2024,2000119,40000111,EPOXIDIZED SOYBEAN OIL,1020,95910.0,KG,2044.46,1000,USD,27.05.2024,196084.16
4503807,10,17.05.2024,2000111,10000206,METHANOL,1020,36780.0,KG,458.28,1000,USD,02.06.2024,16855.54
4500089,10,17.05.2024,2000116,40000101,MONOETHYLENE GLYCOL,1020,35490.0,KG,1137.03,1000,USD,23.05.2024,40353.19
4503809,10,17.05.2024,2000111,10000206,METHANOL,1020,36780.0,KG,454.6,1000,USD,22.05.2024,16720.19
4501170,10,17.05.2024,2000115,40000109,METHYL ETHYL KETONE,1020,37460.0,KG,1475.53,1000,USD,02.06.2024,55273.35
4502862,10,18.05.2024,2000105,10000107,TRIMELLITIC ANHYDRIDE,1010,29370.0,KG,2674.84,1000,USD,27.05.2024,78560.05
4504488,10,18.05.2024,2000114,10000210,BUTAN-1-OL,1020,51980.0,KG,1793.23,1000,USD,24.05.2024,93212.1
4500495,10,18.05.2024,2000116,40000104,MONOPROPYLENE GLYCOL USP,1020,30480.0,KG,1913.77,1000,USD,24.05.2024,58331.71
4502960,10,2024-05-19,2000106,10000108,TETRAISOPROPYL TITANATE CATALYST,1010,1510.0,KG,9399.34,1000,USD,30.05.2024,14193.0
4502537,10,19.05.2024,2000103,10000105,PHTHALIC ANHYDRIDE,1010,43000.0,KG,1093.71,1000,USD,30.05.2024,47029.53
4500847,10,19.05.2024,2000118,40000107,METHYL METHACRYLATE,1020,28710.0,KG,2189.38,1000,USD,26.05.2024,62857.1
4503443,10,19.05.2024,2000109,10000204,ACETIC ACID GLACIAL,1020,83330.0,KG,910.32,1000,USD,25.05.2024,75856.97
4502350,10,20.05.2024,2000104,10000104,ISONONANOL,1010,86740.0,KG,1403.08,1000,USD,03.06.2024,121703.16
4503444,10,20.05.2024,2000109,10000204,ACETIC ACID GLACIAL,1020,83330.0,KG,932.06,1000,USD,02.06.2024,77668.56
4502163,10,21.05.2024,2000103,10000103,TEREPHTHALIC ACID PURIFIED,1010,63550.0,KG,979.73,1000,USD,05.06.2024,62261.84
4501800,10,2024-05-21,2000101,10000101,PROPYLENE POLYMER GRADE,1010,252690.0,KG,1102.94,1000,USD,01.06.2024,278701.91
4500630,10,22.05.2024,2000117,40000105,NEOPENTYL GLYCOL FLAKES,1020,12960.0,KG,2273.28,1000,USD,29.05.2024,29461.71
4504489,10,22.05.2024,2000114,10000210,BUTAN-1-OL,1020,51980.0,KG,1846.22,1000,USD,02.06.2024,95966.52
4501171,10,22.05.2024,2000115,40000109,METHYL ETHYL KETONE,1020,37460.0,KG,1505.23,1000,USD,28.05.2024,56385.92
4504263,10,22.05.2024,2000113,10000209,OCTANOL 2-ETHYL TECH GRADE,1020,36370.0,KG,1979.59,1000,USD,06.06.2024,71997.69
4501003,10,23.05.2024,2000115,40000108,ACETONE,1020,35230.0,KG,1025.74,1000,USD,30.05.2024,36136.82
4503301,10,23.05.2024,2000108,10000203,SULFURIC ACID 98%,1020,5160.0,KG,120.61,1000,USD,30.05.2024,622.35
4503808,10,24.05.2024,2000111,10000206,METHANOL,1020,36780.0,KG,466.14,1000,USD,03.06.2024,17144.63
4500269,10,24.05.2024,2000116,40000102,DIETHYLENE GLYCOL,1020,31510.0,KG,1259.33,1000,USD,30.05.2024,39681.49
4503445,10,24.05.2024,2000109,10000204,ACETIC ACID GLACIAL,1020,83330.0,KG,912.13,1000,USD,01.06.2024,76007.79
4501351,10,25.05.2024,2000115,40000110,ISOPROPYL ALCOHOL,1020,68580.0,KG,1146.9,1000,USD,31.05.2024,78654.4
4503983,10,25.05.2024,2000112,10000207,PROPYLENE OXIDE,1020,74390.0,KG,1848.09,1000,USD,05.06.2024,137479.42
4501002,10,2024-05-26,2000115,40000108,ACETONE,1020,35230.0,KG,1011.32,1000,USD,04.06.2024,35628.8
4504122,10,26.05.2024,2000108,10000208,SODIUM HYDROXIDE 50% SOLUTION,1020,880.0,KG,563.68,1000,USD,01.06.2024,496.04
4502724,10,27.05.2024,2000105,10000106,ADIPIC ACID,1010,26450.0,KG,2123.03,1000,USD,04.06.2024,56154.14
4500493,10,27.05.2024,2000116,40000104,MONOPROPYLENE GLYCOL USP,1020,30480.0,KG,1985.96,1000,USD,01.06.2024,60532.06
4502726,10,01.06.2024,2000105,10000106,ADIPIC ACID,1010,27230.0,KG,2179.72,1000,USD,16.06.2024,59353.78
4504492,10,02.06.2024,2000114,10000210,BUTAN-1-OL,1020,67240.0,KG,1781.94,1000,USD,12.06.2024,119817.65
4504494,10,02.06.2024,2000114,10000210,BUTAN-1-OL,1020,67240.0,KG,1865.86,1000,USD,09.06.2024,125460.43
4501804,10,02.06.2024,2000101,10000101,PROPYLENE POLYMER GRADE,1010,263630.0,KG,1114.05,1000,USD,13.06.2024,293697.0
4501006,10,02.06.2024,2000115,40000108,ACETONE,1020,39070.0,KG,1033.89,1000,USD,15.06.2024,40394.08
4502167,10,02.06.2024,2000103,10000103,TEREPHTHALIC ACID PURIFIED,1010,61590.0,KG,984.6,1000,USD,19.06.2024,60641.51
4503652,10,02.06.2024,2000110,10000205,ETHANOL ANHYDROUS,1020,30990.0,KG,830.29,1000,USD,08.06.2024,25730.69
4504268,10,03.06.2024,2000113,10000209,OCTANOL 2-ETHYL TECH GRADE,1020,62120.0,KG,1875.6,1000,USD,11.06.2024,116512.27
4503811,10,03.06.2024,2000111,10000206,METHANOL,1020,30630.0,KG,472.2,1000,USD,19.06.2024,14463.49
4504265,10,03.06.2024,2000114,10000209,OCTANOL 2-ETHYL TECH GRADE,1020,62120.0,KG,1974.06,1000,USD,13.06.2024,122628.61
4501987,10,04.06.2024,2000102,10000102,HYDROGEN,1010,38940.0,KG,2055.82,1000,USD,12.06.2024,80053.63
4502356,10,04.06.2024,2000104,10000104,ISONONANOL,1010,72920.0,KG,1423.6,1000,USD,09.06.2024,103808.91
4500729,10,05.06.2024,2000117,40000106,TRIMETHYLOLPROPANE,1020,39640.0,KG,2644.19,1000,USD,14.06.2024,104815.69
4503812,10,05.06.2024,2000111,10000206,METHANOL,1020,30630.0,KG,456.04,1000,USD,10.06.2024,13968.51
4501354,10,05.06.2024,2000115,40000110,ISOPROPYL ALCOHOL,1020,55130.0,KG,1160.93,1000,USD,13.06.2024,64002.07
4502165,10,2024-06-05,2000103,10000103,TEREPHTHALIC ACID PURIFIED,1010,61590.0,KG,1003.45,1000,USD,15.06.2024,61802.49
4504266,10,06.06.2024,2000113,10000209,OCTANOL 2-ETHYL TECH GRADE,1020,62120.0,KG,1925.69,1000,USD,20.06.2024,119623.86
4503988,10,06.06.2024,2000112,10000207,PROPYLENE OXIDE,1020,48190.0,KG,1848.38,1000,USD,23.06.2024,89073.43
4501007,10,07.06.2024,2000115,40000108,ACETONE,1020,39070.0,KG,1027.25,1000,USD,20.06.2024,40134.66
4501355,10,07.06.2024,2000115,40000110,ISOPROPYL ALCOHOL,1020,55130.0,KG,1211.05,1000,USD,16.06.2024,66765.19
4501988,10,07.06.2024,2000102,10000102,HYDROGEN,1010,38940.0,KG,2086.18,1000,USD,21.06.2024,81235.85
4501173,10,2024-06-08,2000115,40000109,METHYL ETHYL KETONE,1020,38420.0,KG,1529.03,1000,USD,15.06.2024,58745.33
4500850,10,08.06.2024,2000118,40000107,METHYL METHACRYLATE,1020,27490.0,KG,2233.66,1000,USD,23.06.2024,61403.31
4503987,10,08.06.2024,2000112,10000207,PROPYLENE OXIDE,1020,48190.0,KG,1895.99,1000,USD,17.06.2024,91367.76
4502866,10,08.06.2024,2000105,10000107,TRIMELLITIC ANHYDRIDE,1010,28470.0,KG,2625.09,1000,USD,16.06.2024,74736.31
4500095,10,09.06.2024,2000116,40000101,MONOETHYLENE GLYCOL,1020,32180.0,KG,1130.0,1000,USD,27.06.2024,36363.4
4503651,10,10.06.2024,2000110,10000205,ETHANOL ANHYDROUS,1020,30990.0,KG,842.59,1000,USD,18.06.2024,26111.86
4500851,10,10.06.2024,2000118,40000107,METHYL METHACRYLATE,1020,27490.0,KG,2150.19,1000,USD,18.06.2024,59108.72
4503107,10,10.06.2024,2000107,10000201,ACRYLIC ACID GLACIAL,1020,60880.0,KG,2559.4,1000,USD,22.06.2024,155816.27
4504267,10,12.06.2024,2000114,10000209,OCTANOL 2-ETHYL TECH GRADE,1020,62120.0,KG,1979.72,1000,USD,19.06.2024,122980.21
4503449,10,12.06.2024,2000109,10000204,ACETIC ACID GLACIAL,1020,78680.0,KG,941.67,1000,USD,18.06.2024,74090.6
4502728,10,12.06.2024,2000105,10000106,ADIPIC ACID,1010,27230.0,KG,2116.49,1000,USD,26.06.2024,57632.02
4503448,10,13.06.2024,2000109,10000204,ACETIC ACID GLACIAL,1020,78680.0,KG,920.27,1000,USD,25.06.2024,72406.84
4502540,10,13.06.2024,2000103,10000105,PHTHALIC ANHYDRIDE,1010,35320.0,KG,1160.88,1000,USD,20.06.2024,41002.28
4500497,10,2024-06-13,2000116,40000104,MONOPROPYLENE GLYCOL USP,1020,35460.0,KG,1900.73,1000,USD,21.06.2024,67399.89
4503104,10,13.06.2024,2000107,10000201,ACRYLIC ACID GLACIAL,1020,60880.0,KG,2460.87,1000,USD,26.06.2024,149817.77
4502355,10,14.06.2024,2000104,10000104,ISONONANOL,1010,72920.0,KG,1390.37,1000,USD,22.06.2024,101385.78
4501174,10,15.06.2024,2000115,40000109,METHYL ETHYL KETONE,1020,38420.0,KG,1521.89,1000,USD,25.06.2024,58471.01
4501172,10,15.06.2024,2000115,40000109,METHYL ETHYL KETONE,1020,38420.0,KG,1480.97,1000,USD,30.06.2024,56898.87
4500273,10,15.06.2024,2000116,40000102,DIETHYLENE GLYCOL,1020,37270.0,KG,1292.33,1000,USD,28.06.2024,48165.14
4500631,10,16.06.2024,2000117,40000105,NEOPENTYL GLYCOL FLAKES,1020,33730.0,KG,2254.84,1000,USD,27.06.2024,76055.75
4501175,10,16.06.2024,2000115,40000109,METHYL ETHYL KETONE,1020,38420.0,KG,1459.56,1000,USD,29.06.2024,56076.3
4501353,10,16.06.2024,2000115,40000110,ISOPROPYL ALCOHOL,1020,55130.0,KG,1243.33,1000,USD,23.06.2024,68544.78
4502541,10,16.06.2024,2000103,10000105,PHTHALIC ANHYDRIDE,1010,35320.0,KG,1110.77,1000,USD,28.06.2024,39232.4
4500093,10,16.06.2024,2000116,40000101,MONOETHYLENE GLYCOL,1020,32180.0,KG,1150.22,1000,USD,25.06.2024,37014.08
4501577,10,16.06.2024,2000119,40000111,EPOXIDIZED SOYBEAN OIL,1020,81090.0,KG,2078.73,1000,USD,23.06.2024,168564.22
4501574,10,16.06.2024,2000119,40000111,EPOXIDIZED SOYBEAN OIL,1020,81090.0,KG,2084.19,1000,USD,25.06.2024,169006.97
4503985,10,17.06.2024,2000112,10000207,PROPYLENE OXIDE,1020,48190.0,KG,1810.08,1000,USD,07.07.2024,87227.76
4503105,10,18.06.2024,2000107,10000201,ACRYLIC ACID GLACIAL,1020,60880.0,KG,2548.44,1000,USD,02.07.2024,155149.03
4503245,10,2024-06-18,2000106,10000202,MEHQ INHIBITOR (4-METHOXYPHENOL),1020,110.0,KG,12816.2,1000,USD,07.07.2024,1409.78
4504493,10,18.06.2024,2000114,10000210,BUTAN-1-OL,1020,67240.0,KG,1847.06,1000,USD,23.06.2024,124196.31
4500499,10,18.06.2024,2000116,40000104,MONOPROPYLENE GLYCOL USP,1020,35460.0,KG,1947.77,1000,USD,03.07.2024,69067.92
4500498,10,18.06.2024,2000116,40000104,MONOPROPYLENE GLYCOL USP,1020,35460.0,KG,1962.08,1000,USD,07.07.2024,69575.36
4500092,10,19.06.2024,2000116,40000101,MONOETHYLENE GLYCOL,1020,32180.0,KG,1107.5,1000,USD,28.06.2024,35639.35
4502357,10,2024-06-19,2000104,10000104,ISONONANOL,1010,72920.0,KG,1389.36,1000,USD,24.06.2024,101312.13
4503446,10,20.06.2024,2000109,10000204,ACETIC ACID GLACIAL,1020,78680.0,KG,912.03,1000,USD,25.06.2024,71758.52
4503813,10,21.06.2024,2000111,10000206,METHANOL,1020,30630.0,KG,467.5,1000,USD,03.07.2024,14319.52
4501805,10,21.06.2024,2000101,10000101,PROPYLENE POLYMER GRADE,1010,263630.0,KG,1153.05,1000,USD,11.07.2024,303978.57
4501005,10,21.06.2024,2000115,40000108,ACETONE,1020,39070.0,KG,1019.34,1000,USD,10.07.2024,39825.61
4502961,10,21.06.2024,2000106,10000108,TETRAISOPROPYL TITANATE CATALYST,1010,1400.0,KG,9581.39,1000,USD,06.07.2024,13413.95
4500496,10,2024-06-21,2000116,40000104,MONOPROPYLENE GLYCOL USP,1020,35460.0,KG,1991.55,1000,USD,02.07.2024,70620.36
4503986,10,2024-06-22,2000112,10000207,PROPYLENE OXIDE,1020,48190.0,KG,1805.95,1000,USD,05.07.2024,87028.73
4502727,10,22.06.2024,2000105,10000106,ADIPIC ACID,1010,27230.0,KG,2157.46,1000,USD,08.07.2024,58747.64
4502166,10,22.06.2024,2000103,10000103,TEREPHTHALIC ACID PURIFIED,1010,61590.0,KG,974.88,1000,USD,09.07.2024,60042.86
4501802,10,22.06.2024,2000101,10000101,PROPYLENE POLYMER GRADE,1010,263630.0,KG,1135.92,1000,USD,03.07.2024,299462.59
4504633,10,22.06.2024,2000115,10000109,CLEANING SOLVENT - GLYCOL ETHER,1010,1800.0,KG,1994.74,1000,USD,09.07.2024,3590.53
4500379,10,2024-06-22,2000116,40000103,TRIETHYLENE GLYCOL,1020,28550.0,KG,1830.81,1000,USD,06.07.2024,52269.63
4503653,10,22.06.2024,2000110,10000205,ETHANOL ANHYDROUS,1020,30990.0,KG,842.32,1000,USD,01.07.2024,26103.5
4500274,10,22.06.2024,2000116,40000102,DIETHYLENE GLYCOL,1020,37270.0,KG,1300.64,1000,USD,10.07.2024,48474.85
4502354,10,23.06.2024,2000104,10000104,ISONONANOL,1010,72920.0,KG,1391.37,1000,USD,11.07.2024,101458.7
4502539,10,2024-06-23,2000103,10000105,PHTHALIC ANHYDRIDE,1010,35320.0,KG,1179.82,1000,USD,11.07.2024,41671.24
4500730,10,23.06.2024,2000117,40000106,TRIMETHYLOLPROPANE,1020,39640.0,KG,2719.57,1000,USD,12.07.2024,107803.75
4504123,10,2024-06-23,2000108,10000208,SODIUM HYDROXIDE 50% SOLUTION,1020,540.0,KG,581.83,1000,USD,11.07.2024,314.19
4501576,10,23.06.2024,2000119,40000111,EPOXIDIZED SOYBEAN OIL,1020,81090.0,KG,2169.81,1000,USD,11.07.2024,175949.89
4502542,10,23.06.2024,2000103,10000105,PHTHALIC ANHYDRIDE,1010,35320.0,KG,1106.78,1000,USD,06.07.2024,39091.47
4501575,10,24.06.2024,2000119,40000111,EPOXIDIZED SOYBEAN OIL,1020,81090.0,KG,2027.88,1000,USD,02.07.2024,164440.79
4503302,10,24.06.2024,2000108,10000203,SULFURIC ACID 98%,1020,5460.0,KG,122.41,1000,USD,09.07.2024,668.36
4503106,10,24.06.2024,2000107,10000201,ACRYLIC ACID GLACIAL,1020,60880.0,KG,2399.15,1000,USD,03.07.2024,146060.25
4500094,10,24.06.2024,2000116,40000101,MONOETHYLENE GLYCOL,1020,32180.0,KG,1107.39,1000,USD,14.07.2024,35635.81
4501803,10,24.06.2024,2000101,10000101,PROPYLENE POLYMER GRADE,1010,263630.0,KG,1114.16,1000,USD,10.07.2024,293726.0
4502864,10,24.06.2024,2000105,10000107,TRIMELLITIC ANHYDRIDE,1010,28470.0,KG,2672.84,1000,USD,10.07.2024,76095.75
4502164,10,25.06.2024,2000103,10000103,TEREPHTHALIC ACID PURIFIED,1010,61590.0,KG,989.73,1000,USD,01.07.2024,60957.47
4503447,10,2024-06-26,2000109,10000204,ACETIC ACID GLACIAL,1020,78680.0,KG,943.58,1000,USD,14.07.2024,74240.87
4504495,10,26.06.2024,2000113,10000210,BUTAN-1-OL,1020,67240.0,KG,1759.4,1000,USD,16.07.2024,118302.06
4501008,10,26.06.2024,2000115,40000108,ACETONE,1020,39070.0,KG,1009.89,1000,USD,04.07.2024,39456.4
4503654,10,27.06.2024,2000110,10000205,ETHANOL ANHYDROUS,1020,30990.0,KG,829.18,1000,USD,12.07.2024,25696.29
4502865,10,27.06.2024,2000105,10000107,TRIMELLITIC ANHYDRIDE,1010,28470.0,KG,2659.07,1000,USD,15.07.2024,75703.72
4501352,10,27.06.2024,2000115,40000110,ISOPROPYL ALCOHOL,1020,55130.0,KG,1174.69,1000,USD,17.07.2024,64760.66
4500278,10,01.07.2024,2000116,40000102,DIETHYLENE GLYCOL,1020,35460.0,KG,1316.15,1000,USD,12.07.2024,46670.68
4501580,10,01.07.2024,2000119,40000111,EPOXIDIZED SOYBEAN OIL,1020,84100.0,KG,2052.26,1000,USD,17.07.2024,172595.07
4501809,10,02.07.2024,2000101,10000101,PROPYLENE POLYMER GRADE,1010,283230.0,KG,1131.03,1000,USD,20.07.2024,320341.63
4503303,10,03.07.2024,2000108,10000203,SULFURIC ACID 98%,1020,6660.0,KG,124.49,1000,USD,11.07.2024,829.1
4503990,10,03.07.2024,2000112,10000207,PROPYLENE OXIDE,1020,44890.0,KG,1857.57,1000,USD,11.07.2024,83386.32
4500380,10,03.07.2024,2000116,40000103,TRIETHYLENE GLYCOL,1020,33890.0,KG,1711.17,1000,USD,19.07.2024,57991.55
4500503,10,04.07.2024,2000116,40000104,MONOPROPYLENE GLYCOL USP,1020,52010.0,KG,1957.22,1000,USD,20.07.2024,101795.01
4501990,10,04.07.2024,2000102,10000102,HYDROGEN,1010,28950.0,KG,2043.42,1000,USD,24.07.2024,59157.01
4500098,10,05.07.2024,2000116,40000101,MONOETHYLENE GLYCOL,1020,30660.0,KG,1132.01,1000,USD,20.07.2024,34707.43
4501177,10,05.07.2024,2000115,40000109,METHYL ETHYL KETONE,1020,38660.0,KG,1495.33,1000,USD,16.07.2024,57809.46
4502171,10,06.07.2024,2000103,10000103,TEREPHTHALIC ACID PURIFIED,1010,62740.0,KG,1005.5,1000,USD,12.07.2024,63085.07
4504634,10,06.07.2024,2000115,10000109,CLEANING SOLVENT - GLYCOL ETHER,1010,2100.0,KG,1898.17,1000,USD,14.07.2024,3986.16
4500277,10,07.07.2024,2000116,40000102,DIETHYLENE GLYCOL,1020,35460.0,KG,1271.45,1000,USD,12.07.2024,45085.62
4503989,10,07.07.2024,2000112,10000207,PROPYLENE OXIDE,1020,44890.0,KG,1793.65,1000,USD,20.07.2024,80516.95
4502546,10,2024-07-07,2000103,10000105,PHTHALIC ANHYDRIDE,1010,43530.0,KG,1107.28,1000,USD,18.07.2024,48199.9
4504499,10,08.07.2024,2000114,10000210,BUTAN-1-OL,1020,84900.0,KG,1850.96,1000,USD,13.07.2024,157146.5
4502545,10,08.07.2024,2000103,10000105,PHTHALIC ANHYDRIDE,1010,43530.0,KG,1148.31,1000,USD,16.07.2024,49985.93
4502544,10,08.07.2024,2000103,10000105,PHTHALIC ANHYDRIDE,1010,43530.0,KG,1146.25,1000,USD,24.07.2024,49896.26
4501176,10,08.07.2024,2000115,40000109,METHYL ETHYL KETONE,1020,38660.0,KG,1474.96,1000,USD,23.07.2024,57021.95
4501178,10,08.07.2024,2000115,40000109,METHYL ETHYL KETONE,1020,38660.0,KG,1489.63,1000,USD,23.07.2024,57589.1
4500632,10,08.07.2024,2000117,40000105,NEOPENTYL GLYCOL FLAKES,1020,28960.0,KG,2301.01,1000,USD,14.07.2024,66637.25
4503815,10,09.07.2024,2000111,10000206,METHANOL,1020,37510.0,KG,458.63,1000,USD,26.07.2024,17203.21
4503657,10,09.07.2024,2000110,10000205,ETHANOL ANHYDROUS,1020,42990.0,KG,798.55,1000,USD,28.07.2024,34329.66
4503655,10,09.07.2024,2000110,10000205,ETHANOL ANHYDROUS,1020,42990.0,KG,808.53,1000,USD,16.07.2024,34758.7
4503453,10,09.07.2024,2000109,10000204,ACETIC ACID GLACIAL,1020,102340.0,KG,934.0,1000,USD,14.07.2024,95585.56
4502867,10,09.07.2024,2000105,10000107,TRIMELLITIC ANHYDRIDE,1010,38380.0,KG,2679.75,1000,USD,24.07.2024,102848.8
4503991,10,10.07.2024,2000112,10000207,PROPYLENE OXIDE,1020,44890.0,KG,1829.58,1000,USD,16.07.2024,82129.85
4503451,10,10.07.2024,2000109,10000204,ACETIC ACID GLACIAL,1020,102340.0,KG,927.5,1000,USD,22.07.2024,94920.35
4501010,10,10.07.2024,2000115,40000108,ACETONE,1020,47920.0,KG,1018.86,1000,USD,19.07.2024,48823.77
4503111,10,10.07.2024,2000107,10000201,ACRYLIC ACID GLACIAL,1020,82120.0,KG,2512.28,1000,USD,24.07.2024,206308.43
4500500,10,10.07.2024,2000116,40000104,MONOPROPYLENE GLYCOL USP,1020,52010.0,KG,1934.87,1000,USD,21.07.2024,100632.59
4501012,10,10.07.2024,2000115,40000108,ACETONE,1020,47920.0,KG,1045.33,1000,USD,27.07.2024,50092.21
4502358,10,10.07.2024,2000104,10000104,ISONONANOL,1010,88980.0,KG,1377.54,1000,USD,16.07.2024,122573.51
4503992,10,12.07.2024,2000112,10000207,PROPYLENE OXIDE,1020,44890.0,KG,1831.21,1000,USD,29.07.2024,82203.02
4501356,10,12.07.2024,2000115,40000110,ISOPROPYL ALCOHOL,1020,36180.0,KG,1192.39,1000,USD,26.07.2024,43140.67
4501179,10,12.07.2024,2000115,40000109,METHYL ETHYL KETONE,1020,38660.0,KG,1498.83,1000,USD,25.07.2024,57944.77
4502543,10,12.07.2024,2000103,10000105,PHTHALIC ANHYDRIDE,1010,43530.0,KG,1126.52,1000,USD,27.07.2024,49037.42
4501011,10,13.07.2024,2000115,40000108,ACETONE,1020,47920.0,KG,1045.65,1000,USD,26.07.2024,50107.55
4501581,10,13.07.2024,2000119,40000111,EPOXIDIZED SOYBEAN OIL,1020,84100.0,KG,2021.64,1000,USD,24.07.2024,170019.92
4503452,10,13.07.2024,2000109,10000204,ACETIC ACID GLACIAL,1020,102340.0,KG,943.61,1000,USD,22.07.2024,96569.05
4500502,10,13.07.2024,2000116,40000104,MONOPROPYLENE GLYCOL USP,1020,52010.0,KG,1985.33,1000,USD,26.07.2024,103257.01
4503814,10,2024-07-13,2000111,10000206,METHANOL,1020,37510.0,KG,455.54,1000,USD,18.07.2024,17087.31
4502170,10,2024-07-13,2000103,10000103,TEREPHTHALIC ACID PURIFIED,1010,62740.0,KG,1002.35,1000,USD,30.07.2024,62887.44
4504124,10,14.07.2024,2000108,10000208,SODIUM HYDROXIDE 50% SOLUTION,1020,490.0,KG,562.08,1000,USD,31.07.2024,275.42
4501579,10,14.07.2024,2000119,40000111,EPOXIDIZED SOYBEAN OIL,1020,84100.0,KG,2095.92,1000,USD,23.07.2024,176266.87
4502168,10,14.07.2024,2000103,10000103,TEREPHTHALIC ACID PURIFIED,1010,62740.0,KG,1049.33,1000,USD,28.07.2024,65834.96
4503450,10,14.07.2024,2000109,10000204,ACETIC ACID GLACIAL,1020,102340.0,KG,936.01,1000,USD,27.07.2024,95791.26
4500501,10,14.07.2024,2000116,40000104,MONOPROPYLENE GLYCOL USP,1020,52010.0,KG,1954.92,1000,USD,30.07.2024,101675.39
4501806,10,14.07.2024,2000101,10000101,PROPYLENE POLYMER GRADE,1010,283230.0,KG,1176.9,1000,USD,30.07.2024,333333.39
4500275,10,14.07.2024,2000116,40000102,DIETHYLENE GLYCOL,1020,35460.0,KG,1273.97,1000,USD,02.08.2024,45174.98
4501357,10,14.07.2024,2000115,40000110,ISOPROPYL ALCOHOL,1020,36180.0,KG,1186.58,1000,USD,22.07.2024,42930.46
4503656,10,14.07.2024,2000110,10000205,ETHANOL ANHYDROUS,1020,42990.0,KG,846.87,1000,USD,28.07.2024,36406.94
4500276,10,15.07.2024,2000116,40000102,DIETHYLENE GLYCOL,1020,35460.0,KG,1275.9,1000,USD,26.07.2024,45243.41
4501991,10,16.07.2024,2000102,10000102,HYDROGEN,1010,28950.0,KG,2025.34,1000,USD,26.07.2024,58633.59
4501808,10,16.07.2024,2000101,10000101,PROPYLENE POLYMER GRADE,1010,283230.0,KG,1144.05,1000,USD,02.08.2024,324029.28
4500633,10,16.07.2024,2000117,40000105,NEOPENTYL GLYCOL FLAKES,1020,28960.0,KG,2191.91,1000,USD,21.07.2024,63477.71
4503658,10,17.07.2024,2000110,10000205,ETHANOL ANHYDROUS,1020,42990.0,KG,813.12,1000,USD,01.08.2024,34956.03
4504269,10,17.07.2024,2000113,10000209,OCTANOL 2-ETHYL TECH GRADE,1020,63520.0,KG,1897.25,1000,USD,26.07.2024,120513.32
4501807,10,17.07.2024,2000101,10000101,PROPYLENE POLYMER GRADE,1010,283230.0,KG,1165.21,1000,USD,30.07.2024,330022.43
4502360,10,18.07.2024,2000104,10000104,ISONONANOL,1010,88980.0,KG,1394.64,1000,USD,06.08.2024,124095.07
4503108,10,18.07.2024,2000107,10000201,ACRYLIC ACID GLACIAL,1020,82120.0,KG,2412.34,1000,USD,05.08.2024,198101.36
4502169,10,19.07.2024,2000103,10000103,TEREPHTHALIC ACID PURIFIED,1010,62740.0,KG,980.23,1000,USD,04.08.2024,61499.63
4500731,10,19.07.2024,2000117,40000106,TRIMETHYLOLPROPANE,1020,20570.0,KG,2657.55,1000,USD,08.08.2024,54665.8
4502962,10,19.07.2024,2000106,10000108,TETRAISOPROPYL TITANATE CATALYST,1010,1540.0,KG,9280.73,1000,USD,29.07.2024,14292.32
4502359,10,20.07.2024,2000104,10000104,ISONONANOL,1010,88980.0,KG,1367.34,1000,USD,08.08.2024,121665.91
4500732,10,20.07.2024,2000117,40000106,TRIMETHYLOLPROPANE,1020,20570.0,KG,2661.54,1000,USD,29.07.2024,54747.88
4504497,10,20.07.2024,2000113,10000210,BUTAN-1-OL,1020,84900.0,KG,1766.4,1000,USD,09.08.2024,149967.36
4501009,10,20.07.2024,2000115,40000108,ACETONE,1020,47920.0,KG,1061.13,1000,USD,29.07.2024,50849.35
4502361,10,21.07.2024,2000104,10000104,ISONONANOL,1010,88980.0,KG,1383.02,1000,USD,08.08.2024,123061.12
4502869,10,23.07.2024,2000105,10000107,TRIMELLITIC ANHYDRIDE,1010,38380.0,KG,2660.68,1000,USD,12.08.2024,102116.9
4500097,10,23.07.2024,2000116,40000101,MONOETHYLENE GLYCOL,1020,30660.0,KG,1145.88,1000,USD,03.08.2024,35132.68
4504498,10,23.07.2024,2000114,10000210,BUTAN-1-OL,1020,84900.0,KG,1807.43,1000,USD,10.08.2024,153450.81
4501578,10,24.07.2024,2000119,40000111,EPOXIDIZED SOYBEAN OIL,1020,84100.0,KG,2063.5,1000,USD,05.08.2024,173540.35
4500096,10,24.07.2024,2000116,40000101,MONOETHYLENE GLYCOL,1020,30660.0,KG,1137.83,1000,USD,05.08.2024,34885.87
4504271,10,24.07.2024,2000113,10000209,OCTANOL 2-ETHYL TECH GRADE,1020,63520.0,KG,1866.43,1000,USD,29.07.2024,118555.63
4501989,10,24.07.2024,2000102,10000102,HYDROGEN,1010,28950.0,KG,2066.66,1000,USD,07.08.2024,59829.81
4501358,10,25.07.2024,2000115,40000110,ISOPROPYL ALCOHOL,1020,36180.0,KG,1175.2,1000,USD,14.08.2024,42518.74
4502729,10,25.07.2024,2000105,10000106,ADIPIC ACID,1010,27790.0,KG,2181.23,1000,USD,14.08.2024,60616.38
4503109,10,25.07.2024,2000107,10000201,ACRYLIC ACID GLACIAL,1020,82120.0,KG,2453.89,1000,USD,08.08.2024,201513.45
4503246,10,25.07.2024,2000106,10000202,MEHQ INHIBITOR (4-METHOXYPHENOL),1020,140.0,KG,12556.38,1000,USD,05.08.2024,1757.89
4502868,10,25.07.2024,2000105,10000107,TRIMELLITIC ANHYDRIDE,1010,38380.0,KG,2696.75,1000,USD,05.08.2024,103501.26
4504496,10,25.07.2024,2000114,10000210,BUTAN-1-OL,1020,84900.0,KG,1848.13,1000,USD,11.08.2024,156906.24
4502731,10,2024-07-26,2000105,10000106,ADIPIC ACID,1010,27790.0,KG,2114.43,1000,USD,05.08.2024,58760.01
4504272,10,26.07.2024,2000114,10000209,OCTANOL 2-ETHYL TECH GRADE,1020,63520.0,KG,1953.78,1000,USD,05.08.2024,124104.11
4504270,10,27.07.2024,2000114,10000209,OCTANOL 2-ETHYL TECH GRADE,1020,63520.0,KG,1949.94,1000,USD,16.08.2024,123860.19
4503110,10,27.07.2024,2000107,10000201,ACRYLIC ACID GLACIAL,1020,82120.0,KG,2549.55,1000,USD,04.08.2024,209369.05
4502730,10,27.07.2024,2000105,10000106,ADIPIC ACID,1010,27790.0,KG,2164.61,1000,USD,08.08.2024,60154.51
4504635,10,01.08.2024,2000115,10000109,CLEANING SOLVENT - GLYCOL ETHER,1010,2200.0,KG,1907.77,1000,USD,18.08.2024,4197.09
4501582,10,01.08.2024,2000119,40000111,EPOXIDIZED SOYBEAN OIL,1020,78890.0,KG,2084.44,1000,USD,19.08.2024,164441.47
4501813,10,01.08.2024,2000101,10000101,PROPYLENE POLYMER GRADE,1010,268360.0,KG,1110.64,1000,USD,11.08.2024,298051.35
4503454,10,01.08.2024,2000109,10000204,ACETIC ACID GLACIAL,1020,88240.0,KG,950.67,1000,USD,15.08.2024,83887.12
4500505,10,01.08.2024,2000116,40000104,MONOPROPYLENE GLYCOL USP,1020,46780.0,KG,1941.87,1000,USD,21.08.2024,90840.68
4501361,10,01.08.2024,2000115,40000110,ISOPROPYL ALCOHOL,1020,61930.0,KG,1212.67,1000,USD,14.08.2024,75100.65
4502733,10,04.08.2024,2000105,10000106,ADIPIC ACID,1010,32270.0,KG,2203.57,1000,USD,24.08.2024,71109.2
4503114,10,04.08.2024,2000107,10000201,ACRYLIC ACID GLACIAL,1020,49420.0,KG,2485.63,1000,USD,16.08.2024,122839.83
4502963,10,04.08.2024,2000106,10000108,TETRAISOPROPYL TITANATE CATALYST,1010,1470.0,KG,9255.04,1000,USD,24.08.2024,13604.91
4502548,10,04.08.2024,2000103,10000105,PHTHALIC ANHYDRIDE,1010,41930.0,KG,1158.05,1000,USD,18.08.2024,48557.04
4500635,10,06.08.2024,2000117,40000105,NEOPENTYL GLYCOL FLAKES,1020,20380.0,KG,2217.57,1000,USD,26.08.2024,45194.08
4503659,10,2024-08-07,2000110,10000205,ETHANOL ANHYDROUS,1020,47150.0,KG,834.06,1000,USD,17.08.2024,39325.93
4502872,10,07.08.2024,2000105,10000107,TRIMELLITIC ANHYDRIDE,1010,30850.0,KG,2647.49,1000,USD,12.08.2024,81675.07
4503662,10,07.08.2024,2000110,10000205,ETHANOL ANHYDROUS,1020,47150.0,KG,833.65,1000,USD,27.08.2024,39306.6
4501993,10,08.08.2024,2000101,10000102,HYDROGEN,1010,39910.0,KG,2081.05,1000,USD,16.08.2024,83054.71
4500099,10,09.08.2024,2000116,40000101,MONOETHYLENE GLYCOL,1020,55910.0,KG,1138.28,1000,USD,21.08.2024,63641.23
4501583,10,09.08.2024,2000119,40000111,EPOXIDIZED SOYBEAN OIL,1020,78890.0,KG,2145.44,1000,USD,26.08.2024,169253.76
4503112,10,09.08.2024,2000107,10000201,ACRYLIC ACID GLACIAL,1020,49420.0,KG,2501.96,1000,USD,14.08.2024,123646.86
4503660,10,09.08.2024,2000110,10000205,ETHANOL ANHYDROUS,1020,47150.0,KG,812.6,1000,USD,15.08.2024,38314.09
4500504,10,09.08.2024,2000116,40000104,MONOPROPYLENE GLYCOL USP,1020,46780.0,KG,1971.03,1000,USD,25.08.2024,92204.78
4503456,10,10.08.2024,2000109,10000204,ACETIC ACID GLACIAL,1020,88240.0,KG,946.44,1000,USD,17.08.2024,83513.87
4501810,10,10.08.2024,2000101,10000101,PROPYLENE POLYMER GRADE,1010,268360.0,KG,1172.74,1000,USD,15.08.2024,314716.51
4501359,10,10.08.2024,2000115,40000110,ISOPROPYL ALCOHOL,1020,61930.0,KG,1178.27,1000,USD,18.08.2024,72970.26
4501992,10,11.08.2024,2000101,10000102,HYDROGEN,1010,39910.0,KG,2099.32,1000,USD,18.08.2024,83783.86
4501362,10,11.08.2024,2000115,40000110,ISOPROPYL ALCOHOL,1020,61930.0,KG,1193.43,1000,USD,18.08.2024,73909.12
4503113,10,11.08.2024,2000107,10000201,ACRYLIC ACID GLACIAL,1020,49420.0,KG,2482.43,1000,USD,28.08.2024,122681.69
4501015,10,11.08.2024,2000115,40000108,ACETONE,1020,56530.0,KG,1007.39,1000,USD,25.08.2024,56947.76
4503996,10,11.08.2024,2000112,10000207,PROPYLENE OXIDE,1020,35990.0,KG,1861.17,1000,USD,22.08.2024,66983.51
4501013,10,12.08.2024,2000115,40000108,ACETONE,1020,56530.0,KG,1054.01,1000,USD,30.08.2024,59583.19
4503993,10,12.08.2024,2000112,10000207,PROPYLENE OXIDE,1020,35990.0,KG,1806.99,1000,USD,29.08.2024,65033.57
4502365,10,12.08.2024,2000104,10000104,ISONONANOL,1010,81910.0,KG,1419.16,1000,USD,19.08.2024,116243.4
4504125,10,12.08.2024,2000108,10000208,SODIUM HYDROXIDE 50% SOLUTION,1020,410.0,KG,556.33,1000,USD,01.09.2024,228.1
4502732,10,12.08.2024,2000105,10000106,ADIPIC ACID,1010,32270.0,KG,2132.69,1000,USD,23.08.2024,68821.91
4501360,10,13.08.2024,2000115,40000110,ISOPROPYL ALCOHOL,1020,61930.0,KG,1172.8,1000,USD,20.08.2024,72631.5
4503457,10,13.08.2024,2000109,10000204,ACETIC ACID GLACIAL,1020,88240.0,KG,932.29,1000,USD,21.08.2024,82265.27
4500734,10,2024-08-14,2000117,40000106,TRIMETHYLOLPROPANE,1020,20730.0,KG,2676.86,1000,USD,29.08.2024,55491.31
4502175,10,14.08.2024,2000103,10000103,TEREPHTHALIC ACID PURIFIED,1010,47980.0,KG,968.08,1000,USD,26.08.2024,46448.48
4504501,10,14.08.2024,2000113,10000210,BUTAN-1-OL,1020,44940.0,KG,1794.94,1000,USD,22.08.2024,80664.6
4500382,10,14.08.2024,2000116,40000103,TRIETHYLENE GLYCOL,1020,30690.0,KG,1680.58,1000,USD,29.08.2024,51577.0
4503115,10,15.08.2024,2000107,10000201,ACRYLIC ACID GLACIAL,1020,49420.0,KG,2446.21,1000,USD,25.08.2024,120891.7
4502364,10,15.08.2024,2000104,10000104,ISONONANOL,1010,81910.0,KG,1404.18,1000,USD,23.08.2024,115016.38
4502173,10,15.08.2024,2000103,10000103,TEREPHTHALIC ACID PURIFIED,1010,47980.0,KG,950.5,1000,USD,30.08.2024,45604.99
4501180,10,16.08.2024,2000115,40000109,METHYL ETHYL KETONE,1020,31920.0,KG,1429.0,1000,USD,01.09.2024,45613.68
4504273,10,16.08.2024,2000114,10000209,OCTANOL 2-ETHYL TECH GRADE,1020,40250.0,KG,1952.77,1000,USD,27.08.2024,78598.99
4500102,10,17.08.2024,2000116,40000101,MONOETHYLENE GLYCOL,1020,55910.0,KG,1157.42,1000,USD,01.09.2024,64711.35
4502362,10,17.08.2024,2000104,10000104,ISONONANOL,1010,81910.0,KG,1382.1,1000,USD,30.08.2024,113207.81
4501016,10,17.08.2024,2000115,40000108,ACETONE,1020,56530.0,KG,1029.79,1000,USD,22.08.2024,58214.03
4500634,10,18.08.2024,2000117,40000105,NEOPENTYL GLYCOL FLAKES,1020,20380.0,KG,2348.13,1000,USD,28.08.2024,47854.89
4500101,10,18.08.2024,2000116,40000101,MONOETHYLENE GLYCOL,1020,55910.0,KG,1110.51,1000,USD,28.08.2024,62088.61
4503816,10,18.08.2024,2000111,10000206,METHANOL,1020,35710.0,KG,479.17,1000,USD,07.09.2024,17111.16
4504274,10,19.08.2024,2000114,10000209,OCTANOL 2-ETHYL TECH GRADE,1020,40250.0,KG,1960.3,1000,USD,05.09.2024,78902.08
4504502,10,19.08.2024,2000113,10000210,BUTAN-1-OL,1020,44940.0,KG,1707.62,1000,USD,25.08.2024,76740.44
4503995,10,19.08.2024,2000112,10000207,PROPYLENE OXIDE,1020,35990.0,KG,1854.85,1000,USD,27.08.2024,66756.05
4501811,10,20.08.2024,2000101,10000101,PROPYLENE POLYMER GRADE,1010,268360.0,KG,1135.06,1000,USD,05.09.2024,304604.7
4500280,10,2024-08-20,2000116,40000102,DIETHYLENE GLYCOL,1020,34010.0,KG,1260.16,1000,USD,05.09.2024,42858.04
4503994,10,20.08.2024,2000112,10000207,PROPYLENE OXIDE,1020,35990.0,KG,1916.31,1000,USD,31.08.2024,68968.0
4503455,10,20.08.2024,2000109,10000204,ACETIC ACID GLACIAL,1020,88240.0,KG,941.9,1000,USD,06.09.2024,83113.26
4504500,10,20.08.2024,2000114,10000210,BUTAN-1-OL,1020,44940.0,KG,1865.25,1000,USD,01.09.2024,83824.34
4502550,10,20.08.2024,2000103,10000105,PHTHALIC ANHYDRIDE,1010,41930.0,KG,1171.89,1000,USD,05.09.2024,49137.35
4502870,10,20.08.2024,2000105,10000107,TRIMELLITIC ANHYDRIDE,1010,30850.0,KG,2688.08,1000,USD,26.08.2024,82927.27
4501181,10,21.08.2024,2000115,40000109,METHYL ETHYL KETONE,1020,31920.0,KG,1559.77,1000,USD,04.09.2024,49787.86
4500852,10,21.08.2024,2000118,40000107,METHYL METHACRYLATE,1020,26050.0,KG,2153.56,1000,USD,03.09.2024,56100.24
4500381,10,21.08.2024,2000116,40000103,TRIETHYLENE GLYCOL,1020,30690.0,KG,1804.66,1000,USD,08.09.2024,55385.02
4502174,10,22.08.2024,2000103,10000103,TEREPHTHALIC ACID PURIFIED,1010,47980.0,KG,985.49,1000,USD,04.09.2024,47283.81
4501585,10,22.08.2024,2000119,40000111,EPOXIDIZED SOYBEAN OIL,1020,78890.0,KG,2067.23,1000,USD,02.09.2024,163083.77
4503304,10,22.08.2024,2000108,10000203,SULFURIC ACID 98%,1020,4590.0,KG,121.82,1000,USD,09.09.2024,559.15
4502549,10,2024-08-22,2000103,10000105,PHTHALIC ANHYDRIDE,1010,41930.0,KG,1118.21,1000,USD,10.09.2024,46886.55
4502734,10,23.08.2024,2000105,10000106,ADIPIC ACID,1010,32270.0,KG,2158.93,1000,USD,06.09.2024,69668.67
4504503,10,2024-08-23,2000114,10000210,BUTAN-1-OL,1020,44940.0,KG,1825.69,1000,USD,07.09.2024,82046.51
4502871,10,23.08.2024,2000105,10000107,TRIMELLITIC ANHYDRIDE,1010,30850.0,KG,2717.7,1000,USD,10.09.2024,83841.04
4503247,10,23.08.2024,2000106,10000202,MEHQ INHIBITOR (4-METHOXYPHENOL),1020,80.0,KG,12032.52,1000,USD,02.09.2024,962.6
4504275,10,24.08.2024,2000114,10000209,OCTANOL 2-ETHYL TECH GRADE,1020,40250.0,KG,1957.21,1000,USD,29.08.2024,78777.7
4502547,10,2024-08-25,2000103,10000105,PHTHALIC ANHYDRIDE,1010,41930.0,KG,1129.25,1000,USD,05.09.2024,47349.45
4500507,10,25.08.2024,2000116,40000104,MONOPROPYLENE GLYCOL USP,1020,46780.0,KG,1998.45,1000,USD,05.09.2024,93487.49
4504276,10,25.08.2024,2000113,10000209,OCTANOL 2-ETHYL TECH GRADE,1020,40250.0,KG,1892.77,1000,USD,05.09.2024,76183.99
4502172,10,25.08.2024,2000103,10000103,TEREPHTHALIC ACID PURIFIED,1010,47980.0,KG,997.72,1000,USD,08.09.2024,47870.61
4500506,10,25.08.2024,2000116,40000104,MONOPROPYLENE GLYCOL USP,1020,46780.0,KG,1970.45,1000,USD,06.09.2024,92177.65
4500279,10,25.08.2024,2000116,40000102,DIETHYLENE GLYCOL,1020,34010.0,KG,1241.58,1000,USD,05.09.2024,42226.14
4500733,10,2024-08-26,2000117,40000106,TRIMETHYLOLPROPANE,1020,20730.0,KG,2607.97,1000,USD,31.08.2024,54063.22
4501812,10,26.08.2024,2000101,10000101,PROPYLENE POLYMER GRADE,1010,268360.0,KG,1096.67,1000,USD,14.09.2024,294302.36
4503817,10,26.08.2024,2000111,10000206,METHANOL,1020,35710.0,KG,462.26,1000,USD,11.09.2024,16507.3
4500100,10,26.08.2024,2000116,40000101,MONOETHYLENE GLYCOL,1020,55910.0,KG,1168.74,1000,USD,13.09.2024,65344.25
4501182,10,26.08.2024,2000115,40000109,METHYL ETHYL KETONE,1020,31920.0,KG,1441.29,1000,USD,13.09.2024,46005.98
4501584,10,27.08.2024,2000119,40000111,EPOXIDIZED SOYBEAN OIL,1020,78890.0,KG,2056.54,1000,USD,09.09.2024,162240.44
4502363,10,27.08.2024,2000104,10000104,ISONONANOL,1010,81910.0,KG,1396.8,1000,USD,08.09.2024,114411.89
4503661,10,27.08.2024,2000110,10000205,ETHANOL ANHYDROUS,1020,47150.0,KG,845.67,1000,USD,10.09.2024,39873.34
4501014,10,27.08.2024,2000115,40000108,ACETONE,1020,56530.0,KG,1035.4,1000,USD,13.09.2024,58531.16
4501814,10,01.09.2024,2000101,10000101,PROPYLENE POLYMER GRADE,1010,263340.0,KG,1124.46,1000,USD,08.09.2024,296115.3
4502176,10,02.09.2024,2000103,10000103,TEREPHTHALIC ACID PURIFIED,1010,63840.0,KG,1003.25,1000,USD,21.09.2024,64047.48
4502366,10,02.09.2024,2000104,10000104,ISONONANOL,1010,76560.0,KG,1396.4,1000,USD,07.09.2024,106908.38
4504277,10,02.09.2024,2000113,10000209,OCTANOL 2-ETHYL TECH GRADE,1020,46560.0,KG,1844.42,1000,USD,07.09.2024,85876.2
4503820,10,02.09.2024,2000111,10000206,METHANOL,1020,30390.0,KG,462.16,1000,USD,08.09.2024,14045.04
4501366,10,03.09.2024,2000115,40000110,ISOPROPYL ALCOHOL,1020,79170.0,KG,1157.87,1000,USD,11.09.2024,91668.57
4503459,10,03.09.2024,2000109,10000204,ACETIC ACID GLACIAL,1020,95190.0,KG,918.96,1000,USD,08.09.2024,87475.8
4501588,10,2024-09-03,2000119,40000111,EPOXIDIZED SOYBEAN OIL,1020,49400.0,KG,2092.39,1000,USD,20.09.2024,103364.07
4504505,10,03.09.2024,2000114,10000210,BUTAN-1-OL,1020,50230.0,KG,1772.06,1000,USD,23.09.2024,89010.57
4501817,10,04.09.2024,2000101,10000101,PROPYLENE POLYMER GRADE,1010,263340.0,KG,1188.94,1000,USD,10.09.2024,313095.46
4503665,10,04.09.2024,2000110,10000205,ETHANOL ANHYDROUS,1020,37770.0,KG,848.43,1000,USD,23.09.2024,32045.2
4504279,10,04.09.2024,2000113,10000209,OCTANOL 2-ETHYL TECH GRADE,1020,46560.0,KG,1954.52,1000,USD,13.09.2024,91002.45
4502551,10,05.09.2024,2000103,10000105,PHTHALIC ANHYDRIDE,1010,38180.0,KG,1143.37,1000,USD,17.09.2024,43653.87
4504507,10,05.09.2024,2000114,10000210,BUTAN-1-OL,1020,50230.0,KG,1760.83,1000,USD,21.09.2024,88446.49
4503458,10,05.09.2024,2000109,10000204,ACETIC ACID GLACIAL,1020,95190.0,KG,909.86,1000,USD,23.09.2024,86609.57
4502178,10,06.09.2024,2000103,10000103,TEREPHTHALIC ACID PURIFIED,1010,63840.0,KG,967.7,1000,USD,21.09.2024,61777.97
4502554,10,2024-09-06,2000103,10000105,PHTHALIC ANHYDRIDE,1010,38180.0,KG,1140.79,1000,USD,14.09.2024,43555.36
4501816,10,07.09.2024,2000101,10000101,PROPYLENE POLYMER GRADE,1010,263340.0,KG,1110.01,1000,USD,14.09.2024,292310.03
4501995,10,07.09.2024,2000102,10000102,HYDROGEN,1010,38350.0,KG,2072.29,1000,USD,27.09.2024,79472.32
4503664,10,09.09.2024,2000110,10000205,ETHANOL ANHYDROUS,1020,37770.0,KG,825.6,1000,USD,18.09.2024,31182.91
4500284,10,09.09.2024,2000116,40000102,DIETHYLENE GLYCOL,1020,41050.0,KG,1326.64,1000,USD,28.09.2024,54458.57
4503117,10,09.09.2024,2000107,10000201,ACRYLIC ACID GLACIAL,1020,44210.0,KG,2436.87,1000,USD,21.09.2024,107734.02
4500735,10,09.09.2024,2000117,40000106,TRIMETHYLOLPROPANE,1020,38760.0,KG,2670.37,1000,USD,27.09.2024,103503.54
4504504,10,09.09.2024,2000113,10000210,BUTAN-1-OL,1020,50230.0,KG,1790.61,1000,USD,25.09.2024,89942.34
4504000,10,09.09.2024,2000112,10000207,PROPYLENE OXIDE,1020,44390.0,KG,1872.86,1000,USD,28.09.2024,83136.26
4503118,10,10.09.2024,2000107,10000201,ACRYLIC ACID GLACIAL,1020,44210.0,KG,2520.41,1000,USD,18.09.2024,111427.33
4500636,10,10.09.2024,2000117,40000105,NEOPENTYL GLYCOL FLAKES,1020,38160.0,KG,2281.33,1000,USD,19.09.2024,87055.55
4502553,10,2024-09-10,2000103,10000105,PHTHALIC ANHYDRIDE,1010,38180.0,KG,1145.69,1000,USD,30.09.2024,43742.44
4500510,10,10.09.2024,2000116,40000104,MONOPROPYLENE GLYCOL USP,1020,32070.0,KG,2018.17,1000,USD,22.09.2024,64722.71
4502368,10,10.09.2024,2000104,10000104,ISONONANOL,1010,76560.0,KG,1432.47,1000,USD,24.09.2024,109669.9
4500106,10,11.09.2024,2000116,40000101,MONOETHYLENE GLYCOL,1020,45930.0,KG,1156.87,1000,USD,27.09.2024,53135.04
4503460,10,11.09.2024,2000109,10000204,ACETIC ACID GLACIAL,1020,95190.0,KG,937.34,1000,USD,17.09.2024,89225.39
4501184,10,12.09.2024,2000115,40000109,METHYL ETHYL KETONE,1020,35740.0,KG,1507.82,1000,USD,30.09.2024,53889.49
4501018,10,13.09.2024,2000115,40000108,ACETONE,1020,41490.0,KG,1030.88,1000,USD,28.09.2024,42771.21
4500511,10,13.09.2024,2000116,40000104,MONOPROPYLENE GLYCOL USP,1020,32070.0,KG,2000.0,1000,USD,01.10.2024,64140.0
4504126,10,2024-09-13,2000108,10000208,SODIUM HYDROXIDE 50% SOLUTION,1020,560.0,KG,579.9,1000,USD,02.10.2024,324.74
4500283,10,13.09.2024,2000116,40000102,DIETHYLENE GLYCOL,1020,41050.0,KG,1303.96,1000,USD,23.09.2024,53527.56
4502179,10,13.09.2024,2000103,10000103,TEREPHTHALIC ACID PURIFIED,1010,63840.0,KG,965.99,1000,USD,21.09.2024,61668.8
4500103,10,14.09.2024,2000116,40000101,MONOETHYLENE GLYCOL,1020,45930.0,KG,1146.59,1000,USD,28.09.2024,52662.88
4503819,10,14.09.2024,2000111,10000206,METHANOL,1020,30390.0,KG,475.66,1000,USD,02.10.2024,14455.31
4502367,10,15.09.2024,2000104,10000104,ISONONANOL,1010,76560.0,KG,1412.38,1000,USD,03.10.2024,108131.81
4500508,10,2024-09-15,2000116,40000104,MONOPROPYLENE GLYCOL USP,1020,32070.0,KG,1973.94,1000,USD,01.10.2024,63304.26
4502369,10,15.09.2024,2000104,10000104,ISONONANOL,1010,76560.0,KG,1392.48,1000,USD,05.10.2024,106608.27
4503666,10,16.09.2024,2000110,10000205,ETHANOL ANHYDROUS,1020,37770.0,KG,840.73,1000,USD,27.09.2024,31754.37
4501185,10,16.09.2024,2000115,40000109,METHYL ETHYL KETONE,1020,35740.0,KG,1511.26,1000,USD,21.09.2024,54012.43
4503461,10,16.09.2024,2000109,10000204,ACETIC ACID GLACIAL,1020,95190.0,KG,928.9,1000,USD,25.09.2024,88421.99
4503998,10,17.09.2024,2000112,10000207,PROPYLENE OXIDE,1020,44390.0,KG,1817.07,1000,USD,26.09.2024,80659.74
4501019,10,17.09.2024,2000115,40000108,ACETONE,1020,41490.0,KG,1002.49,1000,USD,29.09.2024,41593.31
4502873,10,17.09.2024,2000105,10000107,TRIMELLITIC ANHYDRIDE,1010,39150.0,KG,2687.94,1000,USD,30.09.2024,105232.85
4500509,10,18.09.2024,2000116,40000104,MONOPROPYLENE GLYCOL USP,1020,32070.0,KG,2013.36,1000,USD,30.09.2024,64568.46
4504636,10,18.09.2024,2000115,10000109,CLEANING SOLVENT - GLYCOL ETHER,1010,1500.0,KG,1972.66,1000,USD,07.10.2024,2958.99
4501020,10,18.09.2024,2000115,40000108,ACETONE,1020,41490.0,KG,1043.28,1000,USD,03.10.2024,43285.69
4500282,10,18.09.2024,2000116,40000102,DIETHYLENE GLYCOL,1020,41050.0,KG,1304.26,1000,USD,07.10.2024,53539.87
4502736,10,18.09.2024,2000105,10000106,ADIPIC ACID,1010,37040.0,KG,2189.53,1000,USD,30.09.2024,81100.19
4502552,10,18.09.2024,2000103,10000105,PHTHALIC ANHYDRIDE,1010,38180.0,KG,1118.94,1000,USD,01.10.2024,42721.13
4504278,10,2024-09-19,2000113,10000209,OCTANOL 2-ETHYL TECH GRADE,1020,46560.0,KG,1925.66,1000,USD,01.10.2024,89658.73
4501587,10,19.09.2024,2000119,40000111,EPOXIDIZED SOYBEAN OIL,1020,49400.0,KG,2094.19,1000,USD,01.10.2024,103452.99
4501017,10,19.09.2024,2000115,40000108,ACETONE,1020,41490.0,KG,990.72,1000,USD,03.10.2024,41104.97
4504506,10,19.09.2024,2000113,10000210,BUTAN-1-OL,1020,50230.0,KG,1716.76,1000,USD,24.09.2024,86232.85
4500854,10,19.09.2024,2000118,40000107,METHYL METHACRYLATE,1020,34860.0,KG,2226.69,1000,USD,27.09.2024,77622.41
4502735,10,20.09.2024,2000105,10000106,ADIPIC ACID,1010,37040.0,KG,2187.62,1000,USD,05.10.2024,81029.44
4502964,10,20.09.2024,2000106,10000108,TETRAISOPROPYL TITANATE CATALYST,1010,1410.0,KG,9173.2,1000,USD,02.10.2024,12934.21
4501815,10,20.09.2024,2000101,10000101,PROPYLENE POLYMER GRADE,1010,263340.0,KG,1177.05,1000,USD,04.10.2024,309964.35
4503997,10,20.09.2024,2000112,10000207,PROPYLENE OXIDE,1020,44390.0,KG,1739.34,1000,USD,28.09.2024,77209.3
4501365,10,2024-09-21,2000115,40000110,ISOPROPYL ALCOHOL,1020,79170.0,KG,1187.81,1000,USD,07.10.2024,94038.92
4504280,10,22.09.2024,2000113,10000209,OCTANOL 2-ETHYL TECH GRADE,1020,46560.0,KG,1840.55,1000,USD,05.10.2024,85696.01
4500104,10,22.09.2024,2000116,40000101,MONOETHYLENE GLYCOL,1020,45930.0,KG,1090.05,1000,USD,08.10.2024,50066.0
4503818,10,22.09.2024,2000111,10000206,METHANOL,1020,30390.0,KG,459.76,1000,USD,09.10.2024,13972.11
4503999,10,22.09.2024,2000112,10000207,PROPYLENE OXIDE,1020,44390.0,KG,1917.04,1000,USD,07.10.2024,85097.41
4503116,10,23.09.2024,2000107,10000201,ACRYLIC ACID GLACIAL,1020,44210.0,KG,2438.72,1000,USD,30.09.2024,107815.81
4500105,10,23.09.2024,2000116,40000101,MONOETHYLENE GLYCOL,1020,45930.0,KG,1144.19,1000,USD,09.10.2024,52552.65
4503663,10,23.09.2024,2000110,10000205,ETHANOL ANHYDROUS,1020,37770.0,KG,836.61,1000,USD,01.10.2024,31598.76
4500281,10,23.09.2024,2000116,40000102,DIETHYLENE GLYCOL,1020,41050.0,KG,1315.78,1000,USD,12.10.2024,54012.77
4503248,10,23.09.2024,2000106,10000202,MEHQ INHIBITOR (4-METHOXYPHENOL),1020,80.0,KG,12685.87,1000,USD,01.10.2024,1014.87
4503119,10,23.09.2024,2000107,10000201,ACRYLIC ACID GLACIAL,1020,44210.0,KG,2450.49,1000,USD,10.10.2024,108336.16
4501364,10,23.09.2024,2000115,40000110,ISOPROPYL ALCOHOL,1020,79170.0,KG,1201.09,1000,USD,30.09.2024,95090.3
4501586,10,24.09.2024,2000119,40000111,EPOXIDIZED SOYBEAN OIL,1020,49400.0,KG,2119.95,1000,USD,08.10.2024,104725.53
4501589,10,24.09.2024,2000119,40000111,EPOXIDIZED SOYBEAN OIL,1020,49400.0,KG,2063.26,1000,USD,01.10.2024,101925.04
4502177,10,25.09.2024,2000103,10000103,TEREPHTHALIC ACID PURIFIED,1010,63840.0,KG,977.45,1000,USD,07.10.2024,62400.41
4503305,10,25.09.2024,2000108,10000203,SULFURIC ACID 98%,1020,5140.0,KG,126.5,1000,USD,03.10.2024,650.21
4501183,10,25.09.2024,2000115,40000109,METHYL ETHYL KETONE,1020,35740.0,KG,1512.19,1000,USD,01.10.2024,54045.67
4501994,10,25.09.2024,2000102,10000102,HYDROGEN,1010,38350.0,KG,2051.81,1000,USD,13.10.2024,78686.91
4501363,10,25.09.2024,2000115,40000110,ISOPROPYL ALCOHOL,1020,79170.0,KG,1162.06,1000,USD,10.10.2024,92000.29
4500853,10,26.09.2024,2000118,40000107,METHYL METHACRYLATE,1020,34860.0,KG,2152.31,1000,USD,05.10.2024,75029.53
4502874,10,26.09.2024,2000105,10000107,TRIMELLITIC ANHYDRIDE,1010,39150.0,KG,2702.28,1000,USD,15.10.2024,105794.26
4504003,10,01.10.2024,2000112,10000207,PROPYLENE OXIDE,1020,42970.0,KG,1835.13,1000,USD,12.10.2024,78855.54
4501996,10,01.10.2024,2000101,10000102,HYDROGEN,1010,38960.0,KG,2048.26,1000,USD,10.10.2024,79800.21
4501593,10,01.10.2024,2000119,40000111,EPOXIDIZED SOYBEAN OIL,1020,76000.0,KG,2027.42,1000,USD,21.10.2024,154083.92
4504508,10,02.10.2024,2000114,10000210,BUTAN-1-OL,1020,77730.0,KG,1808.33,1000,USD,22.10.2024,140561.49
4501590,10,02.10.2024,2000119,40000111,EPOXIDIZED SOYBEAN OIL,1020,76000.0,KG,2049.26,1000,USD,11.10.2024,155743.76
4500855,10,02.10.2024,2000118,40000107,METHYL METHACRYLATE,1020,26230.0,KG,2177.76,1000,USD,12.10.2024,57122.64
4504284,10,03.10.2024,2000114,10000209,OCTANOL 2-ETHYL TECH GRADE,1020,53070.0,KG,2003.73,1000,USD,21.10.2024,106337.95
4503668,10,03.10.2024,2000110,10000205,ETHANOL ANHYDROUS,1020,58960.0,KG,819.97,1000,USD,14.10.2024,48345.43
4501368,10,03.10.2024,2000115,40000110,ISOPROPYL ALCOHOL,1020,72190.0,KG,1186.61,1000,USD,20.10.2024,85661.38
4501997,10,03.10.2024,2000102,10000102,HYDROGEN,1010,38960.0,KG,2103.05,1000,USD,18.10.2024,81934.83
4503667,10,04.10.2024,2000110,10000205,ETHANOL ANHYDROUS,1020,58960.0,KG,851.83,1000,USD,16.10.2024,50223.9
4502558,10,04.10.2024,2000103,10000105,PHTHALIC ANHYDRIDE,1010,42520.0,KG,1132.64,1000,USD,14.10.2024,48159.85
4500288,10,04.10.2024,2000116,40000102,DIETHYLENE GLYCOL,1020,40900.0,KG,1303.33,1000,USD,12.10.2024,53306.2
4500287,10,04.10.2024,2000116,40000102,DIETHYLENE GLYCOL,1020,40900.0,KG,1276.09,1000,USD,19.10.2024,52192.08
4501819,10,05.10.2024,2000101,10000101,PROPYLENE POLYMER GRADE,1010,269830.0,KG,1108.6,1000,USD,11.10.2024,299133.54
4503823,10,05.10.2024,2000111,10000206,METHANOL,1020,26690.0,KG,451.15,1000,USD,19.10.2024,12041.19
4503669,10,05.10.2024,2000110,10000205,ETHANOL ANHYDROUS,1020,58960.0,KG,822.24,1000,USD,24.10.2024,48479.27
4503122,10,05.10.2024,2000107,10000201,ACRYLIC ACID GLACIAL,1020,61130.0,KG,2447.65,1000,USD,20.10.2024,149624.84
4500107,10,06.10.2024,2000116,40000101,MONOETHYLENE GLYCOL,1020,43570.0,KG,1151.18,1000,USD,24.10.2024,50156.91
4501818,10,07.10.2024,2000101,10000101,PROPYLENE POLYMER GRADE,1010,269830.0,KG,1103.89,1000,USD,21.10.2024,297862.64
4502181,10,07.10.2024,2000103,10000103,TEREPHTHALIC ACID PURIFIED,1010,56100.0,KG,996.2,1000,USD,16.10.2024,55886.82
4500108,10,07.10.2024,2000116,40000101,MONOETHYLENE GLYCOL,1020,43570.0,KG,1152.78,1000,USD,26.10.2024,50226.62
4502182,10,08.10.2024,2000103,10000103,TEREPHTHALIC ACID PURIFIED,1010,56100.0,KG,957.07,1000,USD,21.10.2024,53691.63
4501024,10,2024-10-09,2000115,40000108,ACETONE,1020,51950.0,KG,1048.22,1000,USD,24.10.2024,54455.03
4500110,10,09.10.2024,2000116,40000101,MONOETHYLENE GLYCOL,1020,43570.0,KG,1104.61,1000,USD,19.10.2024,48127.86
4503123,10,09.10.2024,2000107,10000201,ACRYLIC ACID GLACIAL,1020,61130.0,KG,2454.75,1000,USD,25.10.2024,150058.87
4501023,10,10.10.2024,2000115,40000108,ACETONE,1020,51950.0,KG,1009.81,1000,USD,29.10.2024,52459.63
4502876,10,10.10.2024,2000105,10000107,TRIMELLITIC ANHYDRIDE,1010,28680.0,KG,2580.14,1000,USD,25.10.2024,73998.42
4502555,10,10.10.2024,2000103,10000105,PHTHALIC ANHYDRIDE,1010,42520.0,KG,1147.13,1000,USD,22.10.2024,48775.97
4501591,10,10.10.2024,2000119,40000111,EPOXIDIZED SOYBEAN OIL,1020,76000.0,KG,2091.89,1000,USD,27.10.2024,158983.64
4504127,10,10.10.2024,2000108,10000208,SODIUM HYDROXIDE 50% SOLUTION,1020,480.0,KG,563.38,1000,USD,26.10.2024,270.42
4502737,10,11.10.2024,2000105,10000106,ADIPIC ACID,1010,32810.0,KG,2141.31,1000,USD,25.10.2024,70256.38
4500638,10,11.10.2024,2000117,40000105,NEOPENTYL GLYCOL FLAKES,1020,28130.0,KG,2333.78,1000,USD,23.10.2024,65649.23
4503821,10,12.10.2024,2000111,10000206,METHANOL,1020,26690.0,KG,465.23,1000,USD,01.11.2024,12416.99
4500639,10,12.10.2024,2000117,40000105,NEOPENTYL GLYCOL FLAKES,1020,28130.0,KG,2277.81,1000,USD,24.10.2024,64074.8
4500736,10,12.10.2024,2000117,40000106,TRIMETHYLOLPROPANE,1020,33570.0,KG,2619.64,1000,USD,21.10.2024,87941.31
4501367,10,13.10.2024,2000115,40000110,ISOPROPYL ALCOHOL,1020,72190.0,KG,1139.71,1000,USD,21.10.2024,82275.66
4501370,10,14.10.2024,2000115,40000110,ISOPROPYL ALCOHOL,1020,72190.0,KG,1161.1,1000,USD,01.11.2024,83819.81
4502371,10,14.10.2024,2000104,10000104,ISONONANOL,1010,82090.0,KG,1410.14,1000,USD,22.10.2024,115758.39
4502370,10,14.10.2024,2000104,10000104,ISONONANOL,1010,82090.0,KG,1355.68,1000,USD,25.10.2024,111287.77
4504004,10,15.10.2024,2000112,10000207,PROPYLENE OXIDE,1020,42970.0,KG,1800.87,1000,USD,28.10.2024,77383.38
4501021,10,15.10.2024,2000115,40000108,ACETONE,1020,51950.0,KG,1015.43,1000,USD,28.10.2024,52751.59
4501820,10,15.10.2024,2000101,10000101,PROPYLENE POLYMER GRADE,1010,269830.0,KG,1112.14,1000,USD,02.11.2024,300088.74
4500637,10,15.10.2024,2000117,40000105,NEOPENTYL GLYCOL FLAKES,1020,28130.0,KG,2221.71,1000,USD,02.11.2024,62496.7
4502875,10,15.10.2024,2000105,10000107,TRIMELLITIC ANHYDRIDE,1010,28680.0,KG,2632.97,1000,USD,02.11.2024,75513.58
4501369,10,15.10.2024,2000115,40000110,ISOPROPYL ALCOHOL,1020,72190.0,KG,1176.56,1000,USD,04.11.2024,84935.87
4504511,10,16.10.2024,2000114,10000210,BUTAN-1-OL,1020,77730.0,KG,1822.98,1000,USD,23.10.2024,141700.24
4502372,10,16.10.2024,2000104,10000104,ISONONANOL,1010,82090.0,KG,1370.48,1000,USD,05.11.2024,112502.7
4503120,10,2024-10-16,2000107,10000201,ACRYLIC ACID GLACIAL,1020,61130.0,KG,2421.88,1000,USD,28.10.2024,148049.52
4502965,10,16.10.2024,2000106,10000108,TETRAISOPROPYL TITANATE CATALYST,1010,1240.0,KG,8788.17,1000,USD,24.10.2024,10897.33
4500286,10,17.10.2024,2000116,40000102,DIETHYLENE GLYCOL,1020,40900.0,KG,1321.97,1000,USD,06.11.2024,54068.57
4504001,10,17.10.2024,2000112,10000207,PROPYLENE OXIDE,1020,42970.0,KG,1848.75,1000,USD,23.10.2024,79440.79
4503463,10,18.10.2024,2000109,10000204,ACETIC ACID GLACIAL,1020,121960.0,KG,936.36,1000,USD,01.11.2024,114198.47
4503465,10,2024-10-19,2000109,10000204,ACETIC ACID GLACIAL,1020,121960.0,KG,940.44,1000,USD,31.10.2024,114696.06
4502373,10,19.10.2024,2000104,10000104,ISONONANOL,1010,82090.0,KG,1374.0,1000,USD,28.10.2024,112791.66
4503670,10,20.10.2024,2000110,10000205,ETHANOL ANHYDROUS,1020,58960.0,KG,840.54,1000,USD,29.10.2024,49558.24
4500285,10,20.10.2024,2000116,40000102,DIETHYLENE GLYCOL,1020,40900.0,KG,1267.91,1000,USD,03.11.2024,51857.52
4504637,10,21.10.2024,2000115,10000109,CLEANING SOLVENT - GLYCOL ETHER,1010,2200.0,KG,1948.2,1000,USD,09.11.2024,4286.04
4502180,10,21.10.2024,2000103,10000103,TEREPHTHALIC ACID PURIFIED,1010,56100.0,KG,984.28,1000,USD,08.11.2024,55218.11
4500856,10,21.10.2024,2000118,40000107,METHYL METHACRYLATE,1020,26230.0,KG,2147.17,1000,USD,06.11.2024,56320.27
4503822,10,21.10.2024,2000111,10000206,METHANOL,1020,26690.0,KG,461.55,1000,USD,09.11.2024,12318.77
4501022,10,21.10.2024,2000115,40000108,ACETONE,1020,51950.0,KG,999.86,1000,USD,09.11.2024,51942.73
4503306,10,21.10.2024,2000108,10000203,SULFURIC ACID 98%,1020,6600.0,KG,120.75,1000,USD,31.10.2024,796.95
4504509,10,23.10.2024,2000113,10000210,BUTAN-1-OL,1020,77730.0,KG,1729.76,1000,USD,10.11.2024,134454.24
4502557,10,2024-10-23,2000103,10000105,PHTHALIC ANHYDRIDE,1010,42520.0,KG,1095.61,1000,USD,30.10.2024,46585.34
4500512,10,24.10.2024,2000116,40000104,MONOPROPYLENE GLYCOL USP,1020,5210.0,KG,1963.63,1000,USD,01.11.2024,10230.51
4503464,10,24.10.2024,2000109,10000204,ACETIC ACID GLACIAL,1020,121960.0,KG,932.48,1000,USD,09.11.2024,113725.26
4504510,10,24.10.2024,2000113,10000210,BUTAN-1-OL,1020,77730.0,KG,1689.03,1000,USD,06.11.2024,131288.3
4503462,10,24.10.2024,2000109,10000204,ACETIC ACID GLACIAL,1020,121960.0,KG,924.86,1000,USD,11.11.2024,112795.93
4500109,10,24.10.2024,2000116,40000101,MONOETHYLENE GLYCOL,1020,43570.0,KG,1114.41,1000,USD,02.11.2024,48554.84
4504002,10,25.10.2024,2000112,10000207,PROPYLENE OXIDE,1020,42970.0,KG,1904.02,1000,USD,07.11.2024,81815.74
4503121,10,25.10.2024,2000107,10000201,ACRYLIC ACID GLACIAL,1020,61130.0,KG,2449.15,1000,USD,31.10.2024,149716.54
4503249,10,25.10.2024,2000106,10000202,MEHQ INHIBITOR (4-METHOXYPHENOL),1020,100.0,KG,12380.92,1000,USD,06.11.2024,1238.09
4501186,10,2024-10-25,2000115,40000109,METHYL ETHYL KETONE,1020,33880.0,KG,1474.0,1000,USD,10.11.2024,49939.12
4501821,10,25.10.2024,2000101,10000101,PROPYLENE POLYMER GRADE,1010,269830.0,KG,1119.1,1000,USD,07.11.2024,301966.75
4504283,10,25.10.2024,2000114,10000209,OCTANOL 2-ETHYL TECH GRADE,1020,53070.0,KG,2057.82,1000,USD,30.10.2024,109208.51
4502183,10,26.10.2024,2000103,10000103,TEREPHTHALIC ACID PURIFIED,1010,56100.0,KG,967.76,1000,USD,05.11.2024,54291.34
4502556,10,26.10.2024,2000103,10000105,PHTHALIC ANHYDRIDE,1010,42520.0,KG,1150.14,1000,USD,01.11.2024,48903.95
4501592,10,27.10.2024,2000119,40000111,EPOXIDIZED SOYBEAN OIL,1020,76000.0,KG,2100.21,1000,USD,01.11.2024,159615.96
4504281,10,27.10.2024,2000113,10000209,OCTANOL 2-ETHYL TECH GRADE,1020,53070.0,KG,1936.88,1000,USD,07.11.2024,102790.22
4504282,10,27.10.2024,2000114,10000209,OCTANOL 2-ETHYL TECH GRADE,1020,53070.0,KG,1956.82,1000,USD,11.11.2024,103848.44
4501187,10,2024-11-01,2000115,40000109,METHYL ETHYL KETONE,1020,34620.0,KG,1482.22,1000,USD,09.11.2024,51314.46
4500289,10,01.11.2024,2000116,40000102,DIETHYLENE GLYCOL,1020,38650.0,KG,1260.84,1000,USD,20.11.2024,48731.47
4500514,10,01.11.2024,2000116,40000104,MONOPROPYLENE GLYCOL USP,1020,32580.0,KG,1933.3,1000,USD,14.11.2024,62986.91
4501027,10,01.11.2024,2000115,40000108,ACETONE,1020,55480.0,KG,1014.0,1000,USD,18.11.2024,56256.72
4504285,10,01.11.2024,2000114,10000209,OCTANOL 2-ETHYL TECH GRADE,1020,40150.0,KG,1927.06,1000,USD,18.11.2024,77371.46
4500513,10,01.11.2024,2000116,40000104,MONOPROPYLENE GLYCOL USP,1020,32580.0,KG,1970.96,1000,USD,20.11.2024,64213.88
4502738,10,02.11.2024,2000105,10000106,ADIPIC ACID,1010,32700.0,KG,2148.73,1000,USD,19.11.2024,70263.47
4504008,10,02.11.2024,2000112,10000207,PROPYLENE OXIDE,1020,30130.0,KG,1889.96,1000,USD,11.11.2024,56944.49
4502740,10,02.11.2024,2000105,10000106,ADIPIC ACID,1010,32700.0,KG,2024.73,1000,USD,09.11.2024,66208.67
4501025,10,03.11.2024,2000115,40000108,ACETONE,1020,55480.0,KG,1040.08,1000,USD,18.11.2024,57703.64
4500112,10,2024-11-04,2000116,40000101,MONOETHYLENE GLYCOL,1020,45050.0,KG,1112.48,1000,USD,18.11.2024,50117.22
4504128,10,04.11.2024,2000108,10000208,SODIUM HYDROXIDE 50% SOLUTION,1020,320.0,KG,559.41,1000,USD,24.11.2024,179.01
4504638,10,04.11.2024,2000115,10000109,CLEANING SOLVENT - GLYCOL ETHER,1010,3400.0,KG,1947.75,1000,USD,23.11.2024,6622.35
4503671,10,05.11.2024,2000110,10000205,ETHANOL ANHYDROUS,1020,39480.0,KG,808.59,1000,USD,22.11.2024,31923.13
4504007,10,05.11.2024,2000112,10000207,PROPYLENE OXIDE,1020,30130.0,KG,1838.29,1000,USD,22.11.2024,55387.68
4500857,10,05.11.2024,2000118,40000107,METHYL METHACRYLATE,1020,34400.0,KG,2210.15,1000,USD,15.11.2024,76029.16
4502186,10,06.11.2024,2000103,10000103,TEREPHTHALIC ACID PURIFIED,1010,48580.0,KG,990.55,1000,USD,24.11.2024,48120.92
4500641,10,06.11.2024,2000117,40000105,NEOPENTYL GLYCOL FLAKES,1020,31410.0,KG,2274.21,1000,USD,19.11.2024,71432.94
4503469,10,06.11.2024,2000109,10000204,ACETIC ACID GLACIAL,1020,83730.0,KG,922.65,1000,USD,21.11.2024,77253.48
4500111,10,07.11.2024,2000116,40000101,MONOETHYLENE GLYCOL,1020,45050.0,KG,1150.43,1000,USD,16.11.2024,51826.87
4500737,10,07.11.2024,2000117,40000106,TRIMETHYLOLPROPANE,1020,26670.0,KG,2590.76,1000,USD,18.11.2024,69095.57
4502741,10,07.11.2024,2000105,10000106,ADIPIC ACID,1010,32700.0,KG,2172.95,1000,USD,18.11.2024,71055.46
4501188,10,07.11.2024,2000115,40000109,METHYL ETHYL KETONE,1020,34620.0,KG,1522.71,1000,USD,16.11.2024,52716.22
4501373,10,08.11.2024,2000115,40000110,ISOPROPYL ALCOHOL,1020,61130.0,KG,1192.09,1000,USD,24.11.2024,72872.46
4502966,10,08.11.2024,2000106,10000108,TETRAISOPROPYL TITANATE CATALYST,1010,1530.0,KG,9166.06,1000,USD,14.11.2024,14024.07
4501825,10,08.11.2024,2000101,10000101,PROPYLENE POLYMER GRADE,1010,231020.0,KG,1167.0,1000,USD,28.11.2024,269600.34
4502879,10,08.11.2024,2000105,10000107,TRIMELLITIC ANHYDRIDE,1010,31600.0,KG,2665.67,1000,USD,24.11.2024,84235.17
4502561,10,09.11.2024,2000103,10000105,PHTHALIC ANHYDRIDE,1010,43840.0,KG,1104.87,1000,USD,29.11.2024,48437.5
4500113,10,10.11.2024,2000116,40000101,MONOETHYLENE GLYCOL,1020,45050.0,KG,1172.07,1000,USD,21.11.2024,52801.75
4503307,10,2024-11-10,2000108,10000203,SULFURIC ACID 98%,1020,4490.0,KG,120.5,1000,USD,17.11.2024,541.04
4504006,10,2024-11-10,2000112,10000207,PROPYLENE OXIDE,1020,30130.0,KG,1846.61,1000,USD,30.11.2024,55638.36
4501596,10,10.11.2024,2000119,40000111,EPOXIDIZED SOYBEAN OIL,1020,106940.0,KG,2056.26,1000,USD,27.11.2024,219896.44
4500640,10,10.11.2024,2000117,40000105,NEOPENTYL GLYCOL FLAKES,1020,31410.0,KG,2261.67,1000,USD,29.11.2024,71039.05
4503467,10,10.11.2024,2000109,10000204,ACETIC ACID GLACIAL,1020,83730.0,KG,885.54,1000,USD,16.11.2024,74146.26
4500738,10,11.11.2024,2000117,40000106,TRIMETHYLOLPROPANE,1020,26670.0,KG,2625.21,1000,USD,18.11.2024,70014.35
4502559,10,11.11.2024,2000103,10000105,PHTHALIC ANHYDRIDE,1010,43840.0,KG,1085.79,1000,USD,19.11.2024,47601.03
4502185,10,11.11.2024,2000103,10000103,TEREPHTHALIC ACID PURIFIED,1010,48580.0,KG,991.46,1000,USD,20.11.2024,48165.13
4503673,10,12.11.2024,2000110,10000205,ETHANOL ANHYDROUS,1020,39480.0,KG,827.32,1000,USD,20.11.2024,32662.59
4504288,10,12.11.2024,2000113,10000209,OCTANOL 2-ETHYL TECH GRADE,1020,40150.0,KG,1943.67,1000,USD,19.11.2024,78038.35
4501371,10,12.11.2024,2000115,40000110,ISOPROPYL ALCOHOL,1020,61130.0,KG,1178.69,1000,USD,28.11.2024,72053.32
4503250,10,13.11.2024,2000106,10000202,MEHQ INHIBITOR (4-METHOXYPHENOL),1020,80.0,KG,12290.68,1000,USD,30.11.2024,983.25
4503124,10,14.11.2024,2000107,10000201,ACRYLIC ACID GLACIAL,1020,44290.0,KG,2415.13,1000,USD,29.11.2024,106966.11
4503126,10,15.11.2024,2000107,10000201,ACRYLIC ACID GLACIAL,1020,44290.0,KG,2480.77,1000,USD,24.11.2024,109873.3
4501028,10,15.11.2024,2000115,40000108,ACETONE,1020,55480.0,KG,1062.0,1000,USD,24.11.2024,58919.76
4501822,10,15.11.2024,2000101,10000101,PROPYLENE POLYMER GRADE,1010,231020.0,KG,1144.03,1000,USD,21.11.2024,264293.81
4503825,10,15.11.2024,2000111,10000206,METHANOL,1020,24840.0,KG,461.19,1000,USD,22.11.2024,11455.96
4503674,10,16.11.2024,2000110,10000205,ETHANOL ANHYDROUS,1020,39480.0,KG,824.46,1000,USD,25.11.2024,32549.68
4502184,10,16.11.2024,2000103,10000103,TEREPHTHALIC ACID PURIFIED,1010,48580.0,KG,955.31,1000,USD,30.11.2024,46408.96
4501594,10,16.11.2024,2000119,40000111,EPOXIDIZED SOYBEAN OIL,1020,106940.0,KG,2009.25,1000,USD,01.12.2024,214869.2
4504512,10,16.11.2024,2000114,10000210,BUTAN-1-OL,1020,55680.0,KG,1826.92,1000,USD,04.12.2024,101722.91
4500515,10,16.11.2024,2000116,40000104,MONOPROPYLENE GLYCOL USP,1020,32580.0,KG,1894.72,1000,USD,02.12.2024,61729.98
4503468,10,16.11.2024,2000109,10000204,ACETIC ACID GLACIAL,1020,83730.0,KG,912.39,1000,USD,02.12.2024,76394.41
4502562,10,16.11.2024,2000103,10000105,PHTHALIC ANHYDRIDE,1010,43840.0,KG,1126.24,1000,USD,26.11.2024,49374.36
4500114,10,18.11.2024,2000116,40000101,MONOETHYLENE GLYCOL,1020,45050.0,KG,1109.44,1000,USD,01.12.2024,49980.27
4502187,10,18.11.2024,2000103,10000103,TEREPHTHALIC ACID PURIFIED,1010,48580.0,KG,966.42,1000,USD,26.11.2024,46948.68
4504514,10,18.11.2024,2000113,10000210,BUTAN-1-OL,1020,55680.0,KG,1706.38,1000,USD,03.12.2024,95011.24
4504005,10,19.11.2024,2000112,10000207,PROPYLENE OXIDE,1020,30130.0,KG,1801.26,1000,USD,30.11.2024,54271.96
4501026,10,19.11.2024,2000115,40000108,ACETONE,1020,55480.0,KG,1024.56,1000,USD,25.11.2024,56842.59
4501374,10,19.11.2024,2000115,40000110,ISOPROPYL ALCOHOL,1020,61130.0,KG,1199.74,1000,USD,24.11.2024,73340.11
4501999,10,2024-11-20,2000102,10000102,HYDROGEN,1010,35820.0,KG,2111.41,1000,USD,29.11.2024,75630.71
4503466,10,20.11.2024,2000109,10000204,ACETIC ACID GLACIAL,1020,83730.0,KG,922.12,1000,USD,02.12.2024,77209.11
4504287,10,2024-11-20,2000114,10000209,OCTANOL 2-ETHYL TECH GRADE,1020,40150.0,KG,2023.23,1000,USD,08.12.2024,81232.68
4501372,10,20.11.2024,2000115,40000110,ISOPROPYL ALCOHOL,1020,61130.0,KG,1150.33,1000,USD,05.12.2024,70319.67
4502878,10,20.11.2024,2000105,10000107,TRIMELLITIC ANHYDRIDE,1010,31600.0,KG,2702.63,1000,USD,27.11.2024,85403.11
4500516,10,20.11.2024,2000116,40000104,MONOPROPYLENE GLYCOL USP,1020,32580.0,KG,1979.4,1000,USD,03.12.2024,64488.85
4501597,10,2024-11-21,2000119,40000111,EPOXIDIZED SOYBEAN OIL,1020,106940.0,KG,1948.49,1000,USD,11.12.2024,208371.52
4502374,10,21.11.2024,2000104,10000104,ISONONANOL,1010,85490.0,KG,1367.37,1000,USD,11.12.2024,116896.46
4501824,10,21.11.2024,2000101,10000101,PROPYLENE POLYMER GRADE,1010,231020.0,KG,1133.49,1000,USD,07.12.2024,261858.86
4503125,10,22.11.2024,2000107,10000201,ACRYLIC ACID GLACIAL,1020,44290.0,KG,2569.72,1000,USD,03.12.2024,113812.9
4501595,10,22.11.2024,2000119,40000111,EPOXIDIZED SOYBEAN OIL,1020,106940.0,KG,2071.73,1000,USD,01.12.2024,221550.81
4504286,10,22.11.2024,2000113,10000209,OCTANOL 2-ETHYL TECH GRADE,1020,40150.0,KG,1903.81,1000,USD,10.12.2024,76437.97
4502376,10,22.11.2024,2000104,10000104,ISONONANOL,1010,85490.0,KG,1360.8,1000,USD,28.11.2024,116334.79
4502560,10,23.11.2024,2000103,10000105,PHTHALIC ANHYDRIDE,1010,43840.0,KG,1119.22,1000,USD,05.12.2024,49066.6
4503127,10,23.11.2024,2000107,10000201,ACRYLIC ACID GLACIAL,1020,44290.0,KG,2470.98,1000,USD,13.12.2024,109439.7
4503824,10,23.11.2024,2000111,10000206,METHANOL,1020,24840.0,KG,457.59,1000,USD,04.12.2024,11366.54
4502877,10,2024-11-24,2000105,10000107,TRIMELLITIC ANHYDRIDE,1010,31600.0,KG,2618.19,1000,USD,06.12.2024,82734.8
4504513,10,24.11.2024,2000113,10000210,BUTAN-1-OL,1020,55680.0,KG,1704.43,1000,USD,14.12.2024,94902.66
4502739,10,24.11.2024,2000105,10000106,ADIPIC ACID,1010,32700.0,KG,2140.22,1000,USD,12.12.2024,69985.19
4504515,10,25.11.2024,2000114,10000210,BUTAN-1-OL,1020,55680.0,KG,1878.34,1000,USD,08.12.2024,104585.97
4500290,10,25.11.2024,2000116,40000102,DIETHYLENE GLYCOL,1020,38650.0,KG,1255.57,1000,USD,11.12.2024,48527.78
4501823,10,25.11.2024,2000101,10000101,PROPYLENE POLYMER GRADE,1010,231020.0,KG,1078.03,1000,USD,15.12.2024,249046.49
4502375,10,25.11.2024,2000104,10000104,ISONONANOL,1010,85490.0,KG,1405.94,1000,USD,11.12.2024,120193.81
4503672,10,26.11.2024,2000110,10000205,ETHANOL ANHYDROUS,1020,39480.0,KG,864.72,1000,USD,07.12.2024,34139.15
4501998,10,26.11.2024,2000101,10000102,HYDROGEN,1010,35820.0,KG,2102.38,1000,USD,16.12.2024,75307.25
4502377,10,27.11.2024,2000104,10000104,ISONONANOL,1010,85490.0,KG,1360.15,1000,USD,13.12.2024,116279.22
4500739,10,01.12.2024,2000117,40000106,TRIMETHYLOLPROPANE,1020,18690.0,KG,2611.44,1000,USD,21.12.2024,48807.81
4503678,10,01.12.2024,2000110,10000205,ETHANOL ANHYDROUS,1020,48110.0,KG,827.18,1000,USD,14.12.2024,39795.63
4501599,10,01.12.2024,2000119,40000111,EPOXIDIZED SOYBEAN OIL,1020,38070.0,KG,2015.4,1000,USD,07.12.2024,76726.28
4504290,10,01.12.2024,2000114,10000209,OCTANOL 2-ETHYL TECH GRADE,1020,66320.0,KG,1960.79,1000,USD,07.12.2024,130039.59
4504639,10,02.12.2024,2000115,10000109,CLEANING SOLVENT - GLYCOL ETHER,1010,2100.0,KG,2000.09,1000,USD,07.12.2024,4200.19
4502188,10,02.12.2024,2000103,10000103,TEREPHTHALIC ACID PURIFIED,1010,43180.0,KG,978.73,1000,USD,08.12.2024,42261.56
4504011,10,02.12.2024,2000112,10000207,PROPYLENE OXIDE,1020,30350.0,KG,1838.28,1000,USD,09.12.2024,55791.8
4503130,10,03.12.2024,2000107,10000201,ACRYLIC ACID GLACIAL,1020,75340.0,KG,2408.06,1000,USD,21.12.2024,181423.24
4503471,10,03.12.2024,2000109,10000204,ACETIC ACID GLACIAL,1020,98210.0,KG,914.1,1000,USD,16.12.2024,89773.76
4502001,10,04.12.2024,2000101,10000102,HYDROGEN,1010,27040.0,KG,1958.23,1000,USD,16.12.2024,52950.54
4504009,10,04.12.2024,2000112,10000207,PROPYLENE OXIDE,1020,30350.0,KG,1835.55,1000,USD,10.12.2024,55708.94
4502191,10,04.12.2024,2000103,10000103,TEREPHTHALIC ACID PURIFIED,1010,43180.0,KG,982.66,1000,USD,12.12.2024,42431.26
4501601,10,04.12.2024,2000119,40000111,EPOXIDIZED SOYBEAN OIL,1020,38070.0,KG,2044.11,1000,USD,20.12.2024,77819.27
4502563,10,04.12.2024,2000103,10000105,PHTHALIC ANHYDRIDE,1010,33050.0,KG,1136.77,1000,USD,10.12.2024,37570.25
4501600,10,05.12.2024,2000119,40000111,EPOXIDIZED SOYBEAN OIL,1020,38070.0,KG,1982.68,1000,USD,14.12.2024,75480.63
4500115,10,05.12.2024,2000116,40000101,MONOETHYLENE GLYCOL,1020,31240.0,KG,1146.87,1000,USD,24.12.2024,35828.22
4503827,10,05.12.2024,2000111,10000206,METHANOL,1020,34450.0,KG,482.66,1000,USD,20.12.2024,16627.64
4502564,10,05.12.2024,2000103,10000105,PHTHALIC ANHYDRIDE,1010,33050.0,KG,1133.08,1000,USD,16.12.2024,37448.29
4502565,10,05.12.2024,2000103,10000105,PHTHALIC ANHYDRIDE,1010,33050.0,KG,1083.47,1000,USD,25.12.2024,35808.68
4500518,10,05.12.2024,2000116,40000104,MONOPROPYLENE GLYCOL USP,1020,39130.0,KG,1975.84,1000,USD,23.12.2024,77314.62
4502881,10,05.12.2024,2000105,10000107,TRIMELLITIC ANHYDRIDE,1010,39110.0,KG,2665.98,1000,USD,14.12.2024,104266.48
4500859,10,06.12.2024,2000118,40000107,METHYL METHACRYLATE,1020,39650.0,KG,2178.58,1000,USD,24.12.2024,86380.7
4500291,10,06.12.2024,2000116,40000102,DIETHYLENE GLYCOL,1020,39590.0,KG,1272.04,1000,USD,26.12.2024,50360.06
4501375,10,06.12.2024,2000115,40000110,ISOPROPYL ALCOHOL,1020,55920.0,KG,1196.54,1000,USD,13.12.2024,66910.52
4503677,10,06.12.2024,2000110,10000205,ETHANOL ANHYDROUS,1020,48110.0,KG,811.59,1000,USD,25.12.2024,39045.59
4501598,10,06.12.2024,2000119,40000111,EPOXIDIZED SOYBEAN OIL,1020,38070.0,KG,2047.47,1000,USD,25.12.2024,77947.18
4503676,10,07.12.2024,2000110,10000205,ETHANOL ANHYDROUS,1020,48110.0,KG,796.45,1000,USD,18.12.2024,38317.21
4502744,10,07.12.2024,2000105,10000106,ADIPIC ACID,1010,33130.0,KG,2093.47,1000,USD,22.12.2024,69356.66
4500116,10,07.12.2024,2000116,40000101,MONOETHYLENE GLYCOL,1020,31240.0,KG,1124.78,1000,USD,13.12.2024,35138.13
4504519,10,07.12.2024,2000114,10000210,BUTAN-1-OL,1020,61540.0,KG,1808.17,1000,USD,25.12.2024,111274.78
4504010,10,08.12.2024,2000112,10000207,PROPYLENE OXIDE,1020,30350.0,KG,1813.89,1000,USD,25.12.2024,55051.56
4501032,10,08.12.2024,2000115,40000108,ACETONE,1020,49730.0,KG,961.6,1000,USD,25.12.2024,47820.37
4501827,10,09.12.2024,2000101,10000101,PROPYLENE POLYMER GRADE,1010,278600.0,KG,1146.8,1000,USD,19.12.2024,319498.48
4504129,10,09.12.2024,2000108,10000208,SODIUM HYDROXIDE 50% SOLUTION,1020,390.0,KG,574.51,1000,USD,19.12.2024,224.06
4502000,10,09.12.2024,2000101,10000102,HYDROGEN,1010,27040.0,KG,2000.21,1000,USD,17.12.2024,54085.68
4503308,10,2024-12-10,2000108,10000203,SULFURIC ACID 98%,1020,6160.0,KG,121.78,1000,USD,26.12.2024,750.16
4501376,10,11.12.2024,2000115,40000110,ISOPROPYL ALCOHOL,1020,55920.0,KG,1163.89,1000,USD,28.12.2024,65084.73
4503473,10,11.12.2024,2000109,10000204,ACETIC ACID GLACIAL,1020,98210.0,KG,871.29,1000,USD,24.12.2024,85569.39
4503675,10,11.12.2024,2000110,10000205,ETHANOL ANHYDROUS,1020,48110.0,KG,797.48,1000,USD,28.12.2024,38366.76
4500643,10,11.12.2024,2000117,40000105,NEOPENTYL GLYCOL FLAKES,1020,27180.0,KG,2233.48,1000,USD,23.12.2024,60705.99
4500519,10,12.12.2024,2000116,40000104,MONOPROPYLENE GLYCOL USP,1020,39130.0,KG,1955.27,1000,USD,26.12.2024,76509.72
4502880,10,12.12.2024,2000105,10000107,TRIMELLITIC ANHYDRIDE,1010,39110.0,KG,2749.59,1000,USD,01.01.2025,107536.46
4503470,10,14.12.2024,2000109,10000204,ACETIC ACID GLACIAL,1020,98210.0,KG,916.75,1000,USD,31.12.2024,90034.02
4503251,10,15.12.2024,2000106,10000202,MEHQ INHIBITOR (4-METHOXYPHENOL),1020,130.0,KG,12658.52,1000,USD,30.12.2024,1645.61
4502967,10,16.12.2024,2000106,10000108,TETRAISOPROPYL TITANATE CATALYST,1010,1280.0,KG,9084.11,1000,USD,05.01.2025,11627.66
4502189,10,16.12.2024,2000103,10000103,TEREPHTHALIC ACID PURIFIED,1010,43180.0,KG,985.17,1000,USD,31.12.2024,42539.64
4502743,10,16.12.2024,2000105,10000106,ADIPIC ACID,1010,33130.0,KG,2198.36,1000,USD,26.12.2024,72831.67
4500118,10,17.12.2024,2000116,40000101,MONOETHYLENE GLYCOL,1020,31240.0,KG,1121.86,1000,USD,22.12.2024,35046.91
4501190,10,17.12.2024,2000115,40000109,METHYL ETHYL KETONE,1020,24600.0,KG,1459.32,1000,USD,25.12.2024,35899.27
4501189,10,17.12.2024,2000115,40000109,METHYL ETHYL KETONE,1020,24600.0,KG,1494.9,1000,USD,31.12.2024,36774.54
4501829,10,17.12.2024,2000101,10000101,PROPYLENE POLYMER GRADE,1010,278600.0,KG,1107.62,1000,USD,29.12.2024,308582.93
4500117,10,18.12.2024,2000116,40000101,MONOETHYLENE GLYCOL,1020,31240.0,KG,1138.49,1000,USD,03.01.2025,35566.43
4500858,10,18.12.2024,2000118,40000107,METHYL METHACRYLATE,1020,39650.0,KG,2082.92,1000,USD,25.12.2024,82587.78
4503826,10,2024-12-18,2000111,10000206,METHANOL,1020,34450.0,KG,459.24,1000,USD,23.12.2024,15820.82
4502381,10,18.12.2024,2000104,10000104,ISONONANOL,1010,63970.0,KG,1379.55,1000,USD,28.12.2024,88249.81
4504012,10,18.12.2024,2000112,10000207,PROPYLENE OXIDE,1020,30350.0,KG,1829.11,1000,USD,25.12.2024,55513.49
4501030,10,19.12.2024,2000115,40000108,ACETONE,1020,49730.0,KG,981.81,1000,USD,06.01.2025,48825.41
4503128,10,19.12.2024,2000107,10000201,ACRYLIC ACID GLACIAL,1020,75340.0,KG,2378.06,1000,USD,26.12.2024,179163.04
4502380,10,20.12.2024,2000104,10000104,ISONONANOL,1010,63970.0,KG,1378.33,1000,USD,28.12.2024,88171.77
4501826,10,21.12.2024,2000101,10000101,PROPYLENE POLYMER GRADE,1010,278600.0,KG,1134.62,1000,USD,31.12.2024,316105.13
4501031,10,21.12.2024,2000115,40000108,ACETONE,1020,49730.0,KG,1033.31,1000,USD,28.12.2024,51386.51
4502002,10,2024-12-21,2000102,10000102,HYDROGEN,1010,27040.0,KG,2115.99,1000,USD,09.01.2025,57216.37
4500642,10,21.12.2024,2000117,40000105,NEOPENTYL GLYCOL FLAKES,1020,27180.0,KG,2255.07,1000,USD,29.12.2024,61292.8
4501828,10,21.12.2024,2000101,10000101,PROPYLENE POLYMER GRADE,1010,278600.0,KG,1154.23,1000,USD,10.01.2025,321568.48
4504517,10,22.12.2024,2000114,10000210,BUTAN-1-OL,1020,61540.0,KG,1805.24,1000,USD,08.01.2025,111094.47
4504516,10,22.12.2024,2000114,10000210,BUTAN-1-OL,1020,61540.0,KG,1805.87,1000,USD,05.01.2025,111133.24
4503131,10,23.12.2024,2000107,10000201,ACRYLIC ACID GLACIAL,1020,75340.0,KG,2481.39,1000,USD,07.01.2025,186947.92
4504518,10,23.12.2024,2000114,10000210,BUTAN-1-OL,1020,61540.0,KG,1822.69,1000,USD,31.12.2024,112168.34
4502742,10,24.12.2024,2000105,10000106,ADIPIC ACID,1010,33130.0,KG,2154.35,1000,USD,13.01.2025,71373.62
4502378,10,24.12.2024,2000104,10000104,ISONONANOL,1010,63970.0,KG,1378.15,1000,USD,01.01.2025,88160.26
4503472,10,24.12.2024,2000109,10000204,ACETIC ACID GLACIAL,1020,98210.0,KG,943.95,1000,USD,02.01.2025,92705.33
4501029,10,25.12.2024,2000115,40000108,ACETONE,1020,49730.0,KG,956.19,1000,USD,08.01.2025,47551.33
4504289,10,25.12.2024,2000114,10000209,OCTANOL 2-ETHYL TECH GRADE,1020,66320.0,KG,1985.55,1000,USD,06.01.2025,131681.68
4502190,10,25.12.2024,2000103,10000103,TEREPHTHALIC ACID PURIFIED,1010,43180.0,KG,969.17,1000,USD,07.01.2025,41848.76
4501377,10,26.12.2024,2000115,40000110,ISOPROPYL ALCOHOL,1020,55920.0,KG,1125.63,1000,USD,11.01.2025,62945.23
4502379,10,26.12.2024,2000104,10000104,ISONONANOL,1010,63970.0,KG,1433.91,1000,USD,15.01.2025,91727.22
4502566,10,26.12.2024,2000103,10000105,PHTHALIC ANHYDRIDE,1010,33050.0,KG,1082.36,1000,USD,09.01.2025,35772.0
4500292,10,27.12.2024,2000116,40000102,DIETHYLENE GLYCOL,1020,39590.0,KG,1264.05,1000,USD,15.01.2025,50043.74
4504292,10,27.12.2024,2000114,10000209,OCTANOL 2-ETHYL TECH GRADE,1020,66320.0,KG,2034.24,1000,USD,04.01.2025,134910.8
4504291,10,27.12.2024,2000114,10000209,OCTANOL 2-ETHYL TECH GRADE,1020,66320.0,KG,1971.83,1000,USD,14.01.2025,130771.77
4503129,10,27.12.2024,2000107,10000201,ACRYLIC ACID GLACIAL,1020,75340.0,KG,2332.23,1000,USD,07.01.2025,175710.21
4501378,10,27.12.2024,2000115,40000110,ISOPROPYL ALCOHOL,1020,55920.0,KG,1140.68,1000,USD,11.01.2025,63786.83
4500517,10,27.12.2024,2000116,40000104,MONOPROPYLENE GLYCOL USP,1020,39130.0,KG,1846.25,1000,USD,13.01.2025,72243.76
4503477,10,01.01.2025,2000109,10000204,ACETIC ACID GLACIAL,1020,82050.0,KG,932.84,1000,USD,10.01.2025,76539.52
4501604,10,01.01.2025,2000119,40000111,EPOXIDIZED SOYBEAN OIL,1020,63210.0,KG,2006.61,1000,USD,07.01.2025,126837.82
4504130,10,2025-01-01,2000108,10000208,SODIUM HYDROXIDE 50% SOLUTION,1020,450.0,KG,563.74,1000,USD,09.01.2025,253.68
4502003,10,2025-01-02,2000101,10000102,HYDROGEN,1010,38520.0,KG,1989.59,1000,USD,19.01.2025,76639.01
4504296,10,02.01.2025,2000113,10000209,OCTANOL 2-ETHYL TECH GRADE,1020,61570.0,KG,1921.47,1000,USD,10.01.2025,118304.91
4502567,10,02.01.2025,2000103,10000105,PHTHALIC ANHYDRIDE,1010,34890.0,KG,1143.16,1000,USD,22.01.2025,39884.85
4504016,10,2025-01-02,2000112,10000207,PROPYLENE OXIDE,1020,38170.0,KG,1881.28,1000,USD,10.01.2025,71808.46
4502383,10,02.01.2025,2000104,10000104,ISONONANOL,1010,65200.0,KG,1411.27,1000,USD,09.01.2025,92014.8
4500646,10,02.01.2025,2000117,40000105,NEOPENTYL GLYCOL FLAKES,1020,31470.0,KG,2252.12,1000,USD,07.01.2025,70874.22
4503679,10,03.01.2025,2000110,10000205,ETHANOL ANHYDROUS,1020,40700.0,KG,819.42,1000,USD,10.01.2025,33350.39
4501380,10,03.01.2025,2000115,40000110,ISOPROPYL ALCOHOL,1020,80060.0,KG,1192.11,1000,USD,20.01.2025,95440.33
4501382,10,03.01.2025,2000115,40000110,ISOPROPYL ALCOHOL,1020,80060.0,KG,1184.41,1000,USD,15.01.2025,94823.86
4503681,10,2025-01-03,2000110,10000205,ETHANOL ANHYDROUS,1020,40700.0,KG,845.63,1000,USD,20.01.2025,34417.14
4501603,10,04.01.2025,2000119,40000111,EPOXIDIZED SOYBEAN OIL,1020,63210.0,KG,2037.8,1000,USD,23.01.2025,128809.34
4502968,10,04.01.2025,2000106,10000108,TETRAISOPROPYL TITANATE CATALYST,1010,1450.0,KG,9221.24,1000,USD,11.01.2025,13370.8
4502194,10,05.01.2025,2000103,10000103,TEREPHTHALIC ACID PURIFIED,1010,54940.0,KG,1003.78,1000,USD,25.01.2025,55147.67
4504014,10,06.01.2025,2000112,10000207,PROPYLENE OXIDE,1020,38170.0,KG,1867.54,1000,USD,16.01.2025,71284.0
4504294,10,06.01.2025,2000113,10000209,OCTANOL 2-ETHYL TECH GRADE,1020,61570.0,KG,1916.11,1000,USD,12.01.2025,117974.89
4502885,10,06.01.2025,2000105,10000107,TRIMELLITIC ANHYDRIDE,1010,34550.0,KG,2688.06,1000,USD,14.01.2025,92872.47
4500741,10,06.01.2025,2000117,40000106,TRIMETHYLOLPROPANE,1020,30500.0,KG,2605.5,1000,USD,26.01.2025,79467.75
4500644,10,07.01.2025,2000117,40000105,NEOPENTYL GLYCOL FLAKES,1020,31470.0,KG,2318.01,1000,USD,23.01.2025,72947.77
4501035,10,07.01.2025,2000115,40000108,ACETONE,1020,47600.0,KG,1035.87,1000,USD,17.01.2025,49307.41
4504013,10,07.01.2025,2000112,10000207,PROPYLENE OXIDE,1020,38170.0,KG,1887.8,1000,USD,17.01.2025,72057.33
4501191,10,08.01.2025,2000115,40000109,METHYL ETHYL KETONE,1020,28180.0,KG,1538.22,1000,USD,16.01.2025,43347.04
4500293,10,08.01.2025,2000116,40000102,DIETHYLENE GLYCOL,1020,38950.0,KG,1261.31,1000,USD,17.01.2025,49128.02
4504293,10,09.01.2025,2000113,10000209,OCTANOL 2-ETHYL TECH GRADE,1020,61570.0,KG,1904.37,1000,USD,29.01.2025,117252.06
4502883,10,2025-01-09,2000105,10000107,TRIMELLITIC ANHYDRIDE,1010,34550.0,KG,2712.22,1000,USD,29.01.2025,93707.2
4502384,10,09.01.2025,2000104,10000104,ISONONANOL,1010,65200.0,KG,1430.14,1000,USD,23.01.2025,93245.13
4503476,10,10.01.2025,2000109,10000204,ACETIC ACID GLACIAL,1020,82050.0,KG,938.19,1000,USD,20.01.2025,76978.49
4500384,10,11.01.2025,2000116,40000103,TRIETHYLENE GLYCOL,1020,24740.0,KG,1785.91,1000,USD,20.01.2025,44183.41
4502193,10,11.01.2025,2000103,10000103,TEREPHTHALIC ACID PURIFIED,1010,54940.0,KG,988.16,1000,USD,24.01.2025,54289.51
4504522,10,11.01.2025,2000114,10000210,BUTAN-1-OL,1020,37210.0,KG,1843.17,1000,USD,21.01.2025,68584.36
4500119,10,2025-01-11,2000116,40000101,MONOETHYLENE GLYCOL,1020,31470.0,KG,1108.57,1000,USD,24.01.2025,34886.7
4501193,10,12.01.2025,2000115,40000109,METHYL ETHYL KETONE,1020,28180.0,KG,1499.86,1000,USD,28.01.2025,42266.05
4501831,10,12.01.2025,2000101,10000101,PROPYLENE POLYMER GRADE,1010,255090.0,KG,1145.29,1000,USD,19.01.2025,292152.03
4501832,10,12.01.2025,2000101,10000101,PROPYLENE POLYMER GRADE,1010,255090.0,KG,1100.9,1000,USD,25.01.2025,280828.58
4501602,10,2025-01-12,2000119,40000111,EPOXIDIZED SOYBEAN OIL,1020,63210.0,KG,2103.42,1000,USD,23.01.2025,132957.18
4501605,10,12.01.2025,2000119,40000111,EPOXIDIZED SOYBEAN OIL,1020,63210.0,KG,2075.69,1000,USD,19.01.2025,131204.36
4503474,10,12.01.2025,2000109,10000204,ACETIC ACID GLACIAL,1020,82050.0,KG,899.65,1000,USD,26.01.2025,73816.28
4501379,10,12.01.2025,2000115,40000110,ISOPROPYL ALCOHOL,1020,80060.0,KG,1190.48,1000,USD,26.01.2025,95309.83
4501033,10,13.01.2025,2000115,40000108,ACETONE,1020,47600.0,KG,1004.7,1000,USD,26.01.2025,47823.72
4502192,10,13.01.2025,2000103,10000103,TEREPHTHALIC ACID PURIFIED,1010,54940.0,KG,1002.22,1000,USD,23.01.2025,55061.97
4503680,10,13.01.2025,2000110,10000205,ETHANOL ANHYDROUS,1020,40700.0,KG,832.93,1000,USD,23.01.2025,33900.25
4502882,10,14.01.2025,2000105,10000107,TRIMELLITIC ANHYDRIDE,1010,34550.0,KG,2684.06,1000,USD,02.02.2025,92734.27
4502884,10,14.01.2025,2000105,10000107,TRIMELLITIC ANHYDRIDE,1010,34550.0,KG,2671.69,1000,USD,02.02.2025,92306.89
4502745,10,14.01.2025,2000105,10000106,ADIPIC ACID,1010,35560.0,KG,2173.36,1000,USD,26.01.2025,77284.68
4500521,10,14.01.2025,2000116,40000104,MONOPROPYLENE GLYCOL USP,1020,30720.0,KG,1954.61,1000,USD,25.01.2025,60045.62
4503828,10,14.01.2025,2000111,10000206,METHANOL,1020,37870.0,KG,461.99,1000,USD,02.02.2025,17495.56
4500522,10,14.01.2025,2000116,40000104,MONOPROPYLENE GLYCOL USP,1020,30720.0,KG,1940.25,1000,USD,30.01.2025,59604.48
4500295,10,15.01.2025,2000116,40000102,DIETHYLENE GLYCOL,1020,38950.0,KG,1263.93,1000,USD,01.02.2025,49230.07
4503682,10,2025-01-15,2000110,10000205,ETHANOL ANHYDROUS,1020,40700.0,KG,842.1,1000,USD,01.02.2025,34273.47
4500523,10,16.01.2025,2000116,40000104,MONOPROPYLENE GLYCOL USP,1020,30720.0,KG,1936.79,1000,USD,28.01.2025,59498.19
4501192,10,16.01.2025,2000115,40000109,METHYL ETHYL KETONE,1020,28180.0,KG,1467.02,1000,USD,25.01.2025,41340.62
4500120,10,16.01.2025,2000116,40000101,MONOETHYLENE GLYCOL,1020,31470.0,KG,1128.77,1000,USD,01.02.2025,35522.39
4504523,10,16.01.2025,2000113,10000210,BUTAN-1-OL,1020,37210.0,KG,1753.2,1000,USD,23.01.2025,65236.57
4501036,10,17.01.2025,2000115,40000108,ACETONE,1020,47600.0,KG,1005.97,1000,USD,27.01.2025,47884.17
4502195,10,17.01.2025,2000103,10000103,TEREPHTHALIC ACID PURIFIED,1010,54940.0,KG,1000.18,1000,USD,22.01.2025,54949.89
4500647,10,17.01.2025,2000117,40000105,NEOPENTYL GLYCOL FLAKES,1020,31470.0,KG,2237.76,1000,USD,28.01.2025,70422.31
4500520,10,18.01.2025,2000116,40000104,MONOPROPYLENE GLYCOL USP,1020,30720.0,KG,1959.62,1000,USD,26.01.2025,60199.53
4500862,10,18.01.2025,2000118,40000107,METHYL METHACRYLATE,1020,36210.0,KG,2150.42,1000,USD,25.01.2025,77866.71
4501830,10,18.01.2025,2000101,10000101,PROPYLENE POLYMER GRADE,1010,255090.0,KG,1155.39,1000,USD,01.02.2025,294728.44
4500645,10,19.01.2025,2000117,40000105,NEOPENTYL GLYCOL FLAKES,1020,31470.0,KG,2219.78,1000,USD,03.02.2025,69856.48
4504295,10,19.01.2025,2000114,10000209,OCTANOL 2-ETHYL TECH GRADE,1020,61570.0,KG,2012.95,1000,USD,26.01.2025,123937.33
4503133,10,19.01.2025,2000107,10000201,ACRYLIC ACID GLACIAL,1020,51820.0,KG,2513.06,1000,USD,03.02.2025,130226.77
4504640,10,2025-01-19,2000115,10000109,CLEANING SOLVENT - GLYCOL ETHER,1010,3400.0,KG,1977.76,1000,USD,27.01.2025,6724.38
4504015,10,19.01.2025,2000112,10000207,PROPYLENE OXIDE,1020,38170.0,KG,1924.68,1000,USD,02.02.2025,73465.04
4503252,10,19.01.2025,2000106,10000202,MEHQ INHIBITOR (4-METHOXYPHENOL),1020,90.0,KG,12412.09,1000,USD,07.02.2025,1117.09
4503134,10,19.01.2025,2000107,10000201,ACRYLIC ACID GLACIAL,1020,51820.0,KG,2421.65,1000,USD,30.01.2025,125489.9
4502004,10,19.01.2025,2000102,10000102,HYDROGEN,1010,38520.0,KG,2099.5,1000,USD,29.01.2025,80872.74
4504520,10,20.01.2025,2000113,10000210,BUTAN-1-OL,1020,37210.0,KG,1714.67,1000,USD,04.02.2025,63802.87
4503132,10,20.01.2025,2000107,10000201,ACRYLIC ACID GLACIAL,1020,51820.0,KG,2528.04,1000,USD,30.01.2025,131003.03
4503829,10,21.01.2025,2000111,10000206,METHANOL,1020,37870.0,KG,452.2,1000,USD,05.02.2025,17124.81
4503475,10,21.01.2025,2000109,10000204,ACETIC ACID GLACIAL,1020,82050.0,KG,934.62,1000,USD,27.01.2025,76685.57
4502569,10,21.01.2025,2000103,10000105,PHTHALIC ANHYDRIDE,1010,34890.0,KG,1158.05,1000,USD,09.02.2025,40404.36
4502570,10,22.01.2025,2000103,10000105,PHTHALIC ANHYDRIDE,1010,34890.0,KG,1149.47,1000,USD,02.02.2025,40105.01
4500294,10,23.01.2025,2000116,40000102,DIETHYLENE GLYCOL,1020,38950.0,KG,1242.04,1000,USD,08.02.2025,48377.46
4503135,10,23.01.2025,2000107,10000201,ACRYLIC ACID GLACIAL,1020,51820.0,KG,2442.38,1000,USD,01.02.2025,126564.13
4503309,10,23.01.2025,2000108,10000203,SULFURIC ACID 98%,1020,4790.0,KG,123.75,1000,USD,28.01.2025,592.76
4501034,10,23.01.2025,2000115,40000108,ACETONE,1020,47600.0,KG,1019.68,1000,USD,09.02.2025,48536.77
4501381,10,24.01.2025,2000115,40000110,ISOPROPYL ALCOHOL,1020,80060.0,KG,1184.51,1000,USD,11.02.2025,94831.87
4500861,10,25.01.2025,2000118,40000107,METHYL METHACRYLATE,1020,36210.0,KG,2124.82,1000,USD,30.01.2025,76939.73
4504521,10,25.01.2025,2000114,10000210,BUTAN-1-OL,1020,37210.0,KG,1829.59,1000,USD,01.02.2025,68079.04
4502746,10,25.01.2025,2000105,10000106,ADIPIC ACID,1010,35560.0,KG,2155.33,1000,USD,13.02.2025,76643.53
4500740,10,25.01.2025,2000117,40000106,TRIMETHYLOLPROPANE,1020,30500.0,KG,2686.41,1000,USD,12.02.2025,81935.5
4500383,10,25.01.2025,2000116,40000103,TRIETHYLENE GLYCOL,1020,24740.0,KG,1708.99,1000,USD,10.02.2025,42280.41
4502385,10,25.01.2025,2000104,10000104,ISONONANOL,1010,65200.0,KG,1371.31,1000,USD,11.02.2025,89409.41
4501833,10,25.01.2025,2000101,10000101,PROPYLENE POLYMER GRADE,1010,255090.0,KG,1150.44,1000,USD,07.02.2025,293465.74
4502382,10,26.01.2025,2000104,10000104,ISONONANOL,1010,65200.0,KG,1370.61,1000,USD,31.01.2025,89363.77
4502568,10,27.01.2025,2000103,10000105,PHTHALIC ANHYDRIDE,1010,34890.0,KG,1087.6,1000,USD,13.02.2025,37946.36
4500860,10,27.01.2025,2000118,40000107,METHYL METHACRYLATE,1020,36210.0,KG,2136.07,1000,USD,02.02.2025,77347.09
4504131,10,01.02.2025,2000108,10000208,SODIUM HYDROXIDE 50% SOLUTION,1020,350.0,KG,585.99,1000,USD,13.02.2025,205.1
4502388,10,01.02.2025,2000104,10000104,ISONONANOL,1010,115300.0,KG,1402.02,1000,USD,17.02.2025,161652.91
4502387,10,01.02.2025,2000104,10000104,ISONONANOL,1010,115300.0,KG,1360.7,1000,USD,13.02.2025,156888.71
4503685,10,01.02.2025,2000110,10000205,ETHANOL ANHYDROUS,1020,32990.0,KG,825.86,1000,USD,06.02.2025,27245.12
4503683,10,01.02.2025,2000110,10000205,ETHANOL ANHYDROUS,1020,32990.0,KG,836.72,1000,USD,15.02.2025,27603.39
4502574,10,02.02.2025,2000103,10000105,PHTHALIC ANHYDRIDE,1010,55360.0,KG,1137.27,1000,USD,13.02.2025,62959.27
4501384,10,02.02.2025,2000115,40000110,ISOPROPYL ALCOHOL,1020,62830.0,KG,1185.92,1000,USD,07.02.2025,74511.35
4500524,10,02.02.2025,2000116,40000104,MONOPROPYLENE GLYCOL USP,1020,58310.0,KG,1942.23,1000,USD,21.02.2025,113251.43
4503139,10,2025-02-03,2000107,10000201,ACRYLIC ACID GLACIAL,1020,51300.0,KG,2497.09,1000,USD,14.02.2025,128100.72
4503253,10,03.02.2025,2000106,10000202,MEHQ INHIBITOR (4-METHOXYPHENOL),1020,80.0,KG,12568.3,1000,USD,13.02.2025,1005.46
4502573,10,04.02.2025,2000103,10000105,PHTHALIC ANHYDRIDE,1010,55360.0,KG,1099.81,1000,USD,09.02.2025,60885.48
4504297,10,04.02.2025,2000113,10000209,OCTANOL 2-ETHYL TECH GRADE,1020,38950.0,KG,1930.09,1000,USD,16.02.2025,75177.01
4500298,10,04.02.2025,2000116,40000102,DIETHYLENE GLYCOL,1020,37920.0,KG,1273.74,1000,USD,21.02.2025,48300.22
4503479,10,06.02.2025,2000109,10000204,ACETIC ACID GLACIAL,1020,59510.0,KG,937.99,1000,USD,25.02.2025,55819.78
4501837,10,06.02.2025,2000101,10000101,PROPYLENE POLYMER GRADE,1010,269740.0,KG,1132.19,1000,USD,12.02.2025,305396.93
4502571,10,06.02.2025,2000103,10000105,PHTHALIC ANHYDRIDE,1010,55360.0,KG,1157.02,1000,USD,17.02.2025,64052.63
4500297,10,07.02.2025,2000116,40000102,DIETHYLENE GLYCOL,1020,37920.0,KG,1319.56,1000,USD,19.02.2025,50037.72
4504524,10,07.02.2025,2000113,10000210,BUTAN-1-OL,1020,53400.0,KG,1819.66,1000,USD,20.02.2025,97169.84
4503136,10,08.02.2025,2000107,10000201,ACRYLIC ACID GLACIAL,1020,51300.0,KG,2485.75,1000,USD,20.02.2025,127518.98
4503830,10,08.02.2025,2000111,10000206,METHANOL,1020,32170.0,KG,478.82,1000,USD,25.02.2025,15403.64
4504298,10,09.02.2025,2000114,10000209,OCTANOL 2-ETHYL TECH GRADE,1020,38950.0,KG,1963.13,1000,USD,21.02.2025,76463.91
4503684,10,10.02.2025,2000110,10000205,ETHANOL ANHYDROUS,1020,32990.0,KG,845.56,1000,USD,28.02.2025,27895.02
4502198,10,10.02.2025,2000103,10000103,TEREPHTHALIC ACID PURIFIED,1010,32540.0,KG,1020.36,1000,USD,01.03.2025,33202.51
4500527,10,10.02.2025,2000116,40000104,MONOPROPYLENE GLYCOL USP,1020,58310.0,KG,1967.59,1000,USD,27.02.2025,114730.17
4502572,10,10.02.2025,2000103,10000105,PHTHALIC ANHYDRIDE,1010,55360.0,KG,1116.95,1000,USD,26.02.2025,61834.35
4503831,10,2025-02-11,2000111,10000206,METHANOL,1020,32170.0,KG,460.55,1000,USD,19.02.2025,14815.89
4501834,10,11.02.2025,2000101,10000101,PROPYLENE POLYMER GRADE,1010,269740.0,KG,1127.93,1000,USD,24.02.2025,304247.84
4500525,10,11.02.2025,2000116,40000104,MONOPROPYLENE GLYCOL USP,1020,58310.0,KG,1954.96,1000,USD,16.02.2025,113993.72
4501608,10,11.02.2025,2000119,40000111,EPOXIDIZED SOYBEAN OIL,1020,55190.0,KG,2116.33,1000,USD,20.02.2025,116800.25
4501383,10,11.02.2025,2000115,40000110,ISOPROPYL ALCOHOL,1020,62830.0,KG,1218.32,1000,USD,27.02.2025,76547.05
4502389,10,11.02.2025,2000104,10000104,ISONONANOL,1010,115300.0,KG,1391.55,1000,USD,28.02.2025,160445.72
4501385,10,11.02.2025,2000115,40000110,ISOPROPYL ALCOHOL,1020,62830.0,KG,1180.86,1000,USD,23.02.2025,74193.43
4503480,10,11.02.2025,2000109,10000204,ACETIC ACID GLACIAL,1020,59510.0,KG,923.38,1000,USD,18.02.2025,54950.34
4503481,10,12.02.2025,2000109,10000204,ACETIC ACID GLACIAL,1020,59510.0,KG,939.67,1000,USD,02.03.2025,55919.76
4504018,10,12.02.2025,2000112,10000207,PROPYLENE OXIDE,1020,31320.0,KG,1855.5,1000,USD,03.03.2025,58114.26
4500863,10,12.02.2025,2000118,40000107,METHYL METHACRYLATE,1020,32090.0,KG,2187.45,1000,USD,26.02.2025,70195.27
4501607,10,12.02.2025,2000119,40000111,EPOXIDIZED SOYBEAN OIL,1020,55190.0,KG,2087.74,1000,USD,22.02.2025,115222.37
4500296,10,13.02.2025,2000116,40000102,DIETHYLENE GLYCOL,1020,37920.0,KG,1254.5,1000,USD,20.02.2025,47570.64
4502006,10,13.02.2025,2000101,10000102,HYDROGEN,1010,27210.0,KG,2087.94,1000,USD,22.02.2025,56812.85
4504526,10,13.02.2025,2000113,10000210,BUTAN-1-OL,1020,53400.0,KG,1793.83,1000,USD,24.02.2025,95790.52
4500743,10,14.02.2025,2000117,40000106,TRIMETHYLOLPROPANE,1020,21220.0,KG,2781.3,1000,USD,28.02.2025,59019.19
4502197,10,14.02.2025,2000103,10000103,TEREPHTHALIC ACID PURIFIED,1010,32540.0,KG,1000.12,1000,USD,20.02.2025,32543.9
4500526,10,15.02.2025,2000116,40000104,MONOPROPYLENE GLYCOL USP,1020,58310.0,KG,1942.42,1000,USD,01.03.2025,113262.51
4502748,10,16.02.2025,2000105,10000106,ADIPIC ACID,1010,33350.0,KG,2160.37,1000,USD,26.02.2025,72048.34
4502886,10,16.02.2025,2000105,10000107,TRIMELLITIC ANHYDRIDE,1010,33040.0,KG,2649.31,1000,USD,07.03.2025,87533.2
4501836,10,16.02.2025,2000101,10000101,PROPYLENE POLYMER GRADE,1010,269740.0,KG,1138.06,1000,USD,24.02.2025,306980.3
4500122,10,17.02.2025,2000116,40000101,MONOETHYLENE GLYCOL,1020,25550.0,KG,1134.18,1000,USD,06.03.2025,28978.3
4502199,10,17.02.2025,2000103,10000103,TEREPHTHALIC ACID PURIFIED,1010,32540.0,KG,992.99,1000,USD,05.03.2025,32311.89
4503138,10,17.02.2025,2000107,10000201,ACRYLIC ACID GLACIAL,1020,51300.0,KG,2440.17,1000,USD,27.02.2025,125180.72
4501386,10,18.02.2025,2000115,40000110,ISOPROPYL ALCOHOL,1020,62830.0,KG,1192.06,1000,USD,06.03.2025,74897.13
4500648,10,18.02.2025,2000117,40000105,NEOPENTYL GLYCOL FLAKES,1020,21880.0,KG,2272.29,1000,USD,26.02.2025,49717.71
4504017,10,18.02.2025,2000112,10000207,PROPYLENE OXIDE,1020,31320.0,KG,1888.92,1000,USD,28.02.2025,59160.97
4502005,10,18.02.2025,2000101,10000102,HYDROGEN,1010,27210.0,KG,2017.8,1000,USD,25.02.2025,54904.34
4504641,10,18.02.2025,2000115,10000109,CLEANING SOLVENT - GLYCOL ETHER,1010,1900.0,KG,1962.09,1000,USD,26.02.2025,3727.97
4502747,10,19.02.2025,2000105,10000106,ADIPIC ACID,1010,33350.0,KG,2197.57,1000,USD,24.02.2025,73288.96
4501037,10,20.02.2025,2000115,40000108,ACETONE,1020,35410.0,KG,1020.26,1000,USD,11.03.2025,36127.41
4503137,10,20.02.2025,2000107,10000201,ACRYLIC ACID GLACIAL,1020,51300.0,KG,2494.54,1000,USD,25.02.2025,127969.9
4502887,10,20.02.2025,2000105,10000107,TRIMELLITIC ANHYDRIDE,1010,33040.0,KG,2721.19,1000,USD,06.03.2025,89908.12
4502969,10,20.02.2025,2000106,10000108,TETRAISOPROPYL TITANATE CATALYST,1010,1300.0,KG,9147.71,1000,USD,02.03.2025,11892.02
4500121,10,2025-02-21,2000116,40000101,MONOETHYLENE GLYCOL,1020,25550.0,KG,1176.69,1000,USD,07.03.2025,30064.43
4501195,10,21.02.2025,2000115,40000109,METHYL ETHYL KETONE,1020,25620.0,KG,1528.98,1000,USD,02.03.2025,39172.47
4504299,10,21.02.2025,2000114,10000209,OCTANOL 2-ETHYL TECH GRADE,1020,38950.0,KG,2044.26,1000,USD,11.03.2025,79623.93
4502386,10,21.02.2025,2000104,10000104,ISONONANOL,1010,115300.0,KG,1425.79,1000,USD,05.03.2025,164393.59
4503310,10,21.02.2025,2000108,10000203,SULFURIC ACID 98%,1020,3940.0,KG,124.18,1000,USD,01.03.2025,489.27
4504019,10,21.02.2025,2000112,10000207,PROPYLENE OXIDE,1020,31320.0,KG,1857.35,1000,USD,12.03.2025,58172.2
4503478,10,21.02.2025,2000109,10000204,ACETIC ACID GLACIAL,1020,59510.0,KG,945.9,1000,USD,03.03.2025,56290.51
4504020,10,21.02.2025,2000112,10000207,PROPYLENE OXIDE,1020,31320.0,KG,1882.63,1000,USD,13.03.2025,58963.97
4501038,10,21.02.2025,2000115,40000108,ACETONE,1020,35410.0,KG,994.68,1000,USD,03.03.2025,35221.62
4504527,10,22.02.2025,2000113,10000210,BUTAN-1-OL,1020,53400.0,KG,1801.41,1000,USD,11.03.2025,96195.29
4501194,10,22.02.2025,2000115,40000109,METHYL ETHYL KETONE,1020,25620.0,KG,1431.78,1000,USD,06.03.2025,36682.2
4500649,10,23.02.2025,2000117,40000105,NEOPENTYL GLYCOL FLAKES,1020,21880.0,KG,2224.95,1000,USD,14.03.2025,48681.91
4504525,10,23.02.2025,2000113,10000210,BUTAN-1-OL,1020,53400.0,KG,1727.9,1000,USD,07.03.2025,92269.86
4501606,10,23.02.2025,2000119,40000111,EPOXIDIZED SOYBEAN OIL,1020,55190.0,KG,2071.65,1000,USD,12.03.2025,114334.36
4501835,10,23.02.2025,2000101,10000101,PROPYLENE POLYMER GRADE,1010,269740.0,KG,1172.93,1000,USD,06.03.2025,316386.14
4500864,10,25.02.2025,2000118,40000107,METHYL METHACRYLATE,1020,32090.0,KG,2216.35,1000,USD,11.03.2025,71122.67
4501609,10,25.02.2025,2000119,40000111,EPOXIDIZED SOYBEAN OIL,1020,55190.0,KG,2072.46,1000,USD,15.03.2025,114379.07
4502196,10,25.02.2025,2000103,10000103,TEREPHTHALIC ACID PURIFIED,1010,32540.0,KG,1016.83,1000,USD,14.03.2025,33087.65
4500742,10,26.02.2025,2000117,40000106,TRIMETHYLOLPROPANE,1020,21220.0,KG,2724.62,1000,USD,16.03.2025,57816.44
4502007,10,27.02.2025,2000102,10000102,HYDROGEN,1010,27210.0,KG,2067.22,1000,USD,14.03.2025,56249.06
4501613,10,01.03.2025,2000119,40000111,EPOXIDIZED SOYBEAN OIL,1020,66440.0,KG,2094.24,1000,USD,14.03.2025,139141.31
4504642,10,01.03.2025,2000115,10000109,CLEANING SOLVENT - GLYCOL ETHER,1010,2700.0,KG,2003.5,1000,USD,17.03.2025,5409.45
4500744,10,01.03.2025,2000117,40000106,TRIMETHYLOLPROPANE,1020,17600.0,KG,2634.46,1000,USD,19.03.2025,46366.5
4503485,10,01.03.2025,2000109,10000204,ACETIC ACID GLACIAL,1020,44450.0,KG,936.7,1000,USD,19.03.2025,41636.32
4502970,10,02.03.2025,2000106,10000108,TETRAISOPROPYL TITANATE CATALYST,1010,1490.0,KG,9202.0,1000,USD,22.03.2025,13710.98
4502888,10,03.03.2025,2000105,10000107,TRIMELLITIC ANHYDRIDE,1010,33040.0,KG,2643.09,1000,USD,16.03.2025,87327.69
4502393,10,03.03.2025,2000104,10000104,ISONONANOL,1010,98160.0,KG,1396.01,1000,USD,18.03.2025,137032.34
4504301,10,04.03.2025,2000114,10000209,OCTANOL 2-ETHYL TECH GRADE,1020,68200.0,KG,2039.19,1000,USD,19.03.2025,139072.76
4501197,10,04.03.2025,2000115,40000109,METHYL ETHYL KETONE,1020,31690.0,KG,1516.22,1000,USD,24.03.2025,48049.01
4501611,10,05.03.2025,2000119,40000111,EPOXIDIZED SOYBEAN OIL,1020,66440.0,KG,2090.54,1000,USD,23.03.2025,138895.48
4504132,10,05.03.2025,2000108,10000208,SODIUM HYDROXIDE 50% SOLUTION,1020,540.0,KG,573.2,1000,USD,13.03.2025,309.53
4503834,10,05.03.2025,2000111,10000206,METHANOL,1020,31740.0,KG,477.78,1000,USD,14.03.2025,15164.74
4503687,10,05.03.2025,2000110,10000205,ETHANOL ANHYDROUS,1020,28120.0,KG,833.55,1000,USD,10.03.2025,23439.43
4500865,10,2025-03-06,2000118,40000107,METHYL METHACRYLATE,1020,24720.0,KG,2234.13,1000,USD,14.03.2025,55227.69
4500385,10,06.03.2025,2000116,40000103,TRIETHYLENE GLYCOL,1020,21450.0,KG,1732.8,1000,USD,12.03.2025,37168.56
4504529,10,06.03.2025,2000114,10000210,BUTAN-1-OL,1020,57250.0,KG,1881.1,1000,USD,19.03.2025,107692.98
4501042,10,06.03.2025,2000115,40000108,ACETONE,1020,40590.0,KG,1010.7,1000,USD,15.03.2025,41024.31
4500124,10,07.03.2025,2000116,40000101,MONOETHYLENE GLYCOL,1020,45620.0,KG,1161.02,1000,USD,24.03.2025,52965.73
4502751,10,07.03.2025,2000105,10000106,ADIPIC ACID,1010,39840.0,KG,2139.43,1000,USD,20.03.2025,85234.89
4503833,10,2025-03-07,2000111,10000206,METHANOL,1020,31740.0,KG,470.38,1000,USD,13.03.2025,14929.86
4503484,10,07.03.2025,2000109,10000204,ACETIC ACID GLACIAL,1020,44450.0,KG,941.19,1000,USD,27.03.2025,41835.9
4501040,10,08.03.2025,2000115,40000108,ACETONE,1020,40590.0,KG,1072.87,1000,USD,22.03.2025,43547.79
4501610,10,08.03.2025,2000119,40000111,EPOXIDIZED SOYBEAN OIL,1020,66440.0,KG,2073.43,1000,USD,26.03.2025,137758.69
4503142,10,2025-03-08,2000107,10000201,ACRYLIC ACID GLACIAL,1020,70200.0,KG,2393.32,1000,USD,24.03.2025,168011.06
4502576,10,08.03.2025,2000103,10000105,PHTHALIC ANHYDRIDE,1010,49350.0,KG,1168.22,1000,USD,21.03.2025,57651.66
4502890,10,09.03.2025,2000105,10000107,TRIMELLITIC ANHYDRIDE,1010,33040.0,KG,2737.95,1000,USD,26.03.2025,90461.87
4501198,10,10.03.2025,2000115,40000109,METHYL ETHYL KETONE,1020,31690.0,KG,1515.47,1000,USD,25.03.2025,48025.24
4504531,10,10.03.2025,2000114,10000210,BUTAN-1-OL,1020,57250.0,KG,1831.02,1000,USD,26.03.2025,104825.9
4504021,10,11.03.2025,2000112,10000207,PROPYLENE OXIDE,1020,46470.0,KG,1921.7,1000,USD,19.03.2025,89301.4
4503141,10,11.03.2025,2000107,10000201,ACRYLIC ACID GLACIAL,1020,70200.0,KG,2576.4,1000,USD,30.03.2025,180863.28
4500123,10,11.03.2025,2000116,40000101,MONOETHYLENE GLYCOL,1020,45620.0,KG,1156.67,1000,USD,17.03.2025,52767.29
4501841,10,12.03.2025,2000101,10000101,PROPYLENE POLYMER GRADE,1010,265670.0,KG,1167.34,1000,USD,31.03.2025,310127.22
4503832,10,12.03.2025,2000111,10000206,METHANOL,1020,31740.0,KG,486.01,1000,USD,22.03.2025,15425.96
4504302,10,12.03.2025,2000113,10000209,OCTANOL 2-ETHYL TECH GRADE,1020,68200.0,KG,1996.45,1000,USD,21.03.2025,136157.89
4504530,10,12.03.2025,2000113,10000210,BUTAN-1-OL,1020,57250.0,KG,1773.36,1000,USD,25.03.2025,101524.86
4502749,10,13.03.2025,2000105,10000106,ADIPIC ACID,1010,39840.0,KG,2139.56,1000,USD,31.03.2025,85240.07
4504023,10,14.03.2025,2000112,10000207,PROPYLENE OXIDE,1020,46470.0,KG,1839.7,1000,USD,25.03.2025,85490.86
4504300,10,14.03.2025,2000114,10000209,OCTANOL 2-ETHYL TECH GRADE,1020,68200.0,KG,2055.53,1000,USD,02.04.2025,140187.15
4503140,10,2025-03-14,2000107,10000201,ACRYLIC ACID GLACIAL,1020,70200.0,KG,2622.67,1000,USD,02.04.2025,184111.43
4501387,10,14.03.2025,2000115,40000110,ISOPROPYL ALCOHOL,1020,36570.0,KG,1209.75,1000,USD,27.03.2025,44240.56
4501388,10,15.03.2025,2000115,40000110,ISOPROPYL ALCOHOL,1020,36570.0,KG,1222.93,1000,USD,26.03.2025,44722.55
4500866,10,15.03.2025,2000118,40000107,METHYL METHACRYLATE,1020,24720.0,KG,2167.18,1000,USD,22.03.2025,53572.69
4501838,10,15.03.2025,2000101,10000101,PROPYLENE POLYMER GRADE,1010,265670.0,KG,1169.21,1000,USD,04.04.2025,310624.02
4502203,10,16.03.2025,2000103,10000103,TEREPHTHALIC ACID PURIFIED,1010,31500.0,KG,979.65,1000,USD,04.04.2025,30858.98
4503686,10,17.03.2025,2000110,10000205,ETHANOL ANHYDROUS,1020,28120.0,KG,854.27,1000,USD,27.03.2025,24022.07
4501840,10,17.03.2025,2000101,10000101,PROPYLENE POLYMER GRADE,1010,265670.0,KG,1168.88,1000,USD,24.03.2025,310536.35
4502009,10,17.03.2025,2000101,10000102,HYDROGEN,1010,39360.0,KG,2096.28,1000,USD,29.03.2025,82509.58
4502008,10,17.03.2025,2000102,10000102,HYDROGEN,1010,39360.0,KG,2144.23,1000,USD,30.03.2025,84396.89
4500650,10,17.03.2025,2000117,40000105,NEOPENTYL GLYCOL FLAKES,1020,21710.0,KG,2239.47,1000,USD,24.03.2025,48618.89
4502391,10,17.03.2025,2000104,10000104,ISONONANOL,1010,98160.0,KG,1418.21,1000,USD,01.04.2025,139211.49
4501839,10,17.03.2025,2000101,10000101,PROPYLENE POLYMER GRADE,1010,265670.0,KG,1146.75,1000,USD,24.03.2025,304657.07
4502390,10,17.03.2025,2000104,10000104,ISONONANOL,1010,98160.0,KG,1447.67,1000,USD,24.03.2025,142103.29
4501039,10,18.03.2025,2000115,40000108,ACETONE,1020,40590.0,KG,1049.53,1000,USD,07.04.2025,42600.42
4504022,10,18.03.2025,2000112,10000207,PROPYLENE OXIDE,1020,46470.0,KG,1922.41,1000,USD,28.03.2025,89334.39
4501612,10,18.03.2025,2000119,40000111,EPOXIDIZED SOYBEAN OIL,1020,66440.0,KG,2107.56,1000,USD,07.04.2025,140026.29
4502577,10,19.03.2025,2000103,10000105,PHTHALIC ANHYDRIDE,1010,49350.0,KG,1148.4,1000,USD,08.04.2025,56673.54
4502750,10,19.03.2025,2000105,10000106,ADIPIC ACID,1010,39840.0,KG,2222.82,1000,USD,01.04.2025,88557.15
4500300,10,19.03.2025,2000116,40000102,DIETHYLENE GLYCOL,1020,34240.0,KG,1287.22,1000,USD,29.03.2025,44074.41
4500125,10,19.03.2025,2000116,40000101,MONOETHYLENE GLYCOL,1020,45620.0,KG,1144.67,1000,USD,24.03.2025,52219.85
4503254,10,19.03.2025,2000106,10000202,MEHQ INHIBITOR (4-METHOXYPHENOL),1020,120.0,KG,12489.31,1000,USD,31.03.2025,1498.72
4504528,10,19.03.2025,2000114,10000210,BUTAN-1-OL,1020,57250.0,KG,1839.17,1000,USD,29.03.2025,105292.48
4501196,10,20.03.2025,2000115,40000109,METHYL ETHYL KETONE,1020,31690.0,KG,1529.76,1000,USD,01.04.2025,48478.09
4502392,10,2025-03-20,2000104,10000104,ISONONANOL,1010,98160.0,KG,1413.33,1000,USD,05.04.2025,138732.47
4504024,10,20.03.2025,2000112,10000207,PROPYLENE OXIDE,1020,46470.0,KG,1867.44,1000,USD,26.03.2025,86779.94
4500529,10,21.03.2025,2000116,40000104,MONOPROPYLENE GLYCOL USP,1020,38470.0,KG,1963.31,1000,USD,29.03.2025,75528.54
4503143,10,22.03.2025,2000107,10000201,ACRYLIC ACID GLACIAL,1020,70200.0,KG,2493.18,1000,USD,01.04.2025,175021.24
4502202,10,22.03.2025,2000103,10000103,TEREPHTHALIC ACID PURIFIED,1010,31500.0,KG,974.29,1000,USD,06.04.2025,30690.14
4500126,10,22.03.2025,2000116,40000101,MONOETHYLENE GLYCOL,1020,45620.0,KG,1118.35,1000,USD,31.03.2025,51019.13
4504303,10,22.03.2025,2000113,10000209,OCTANOL 2-ETHYL TECH GRADE,1020,68200.0,KG,1886.23,1000,USD,02.04.2025,128640.89
4502575,10,23.03.2025,2000103,10000105,PHTHALIC ANHYDRIDE,1010,49350.0,KG,1138.18,1000,USD,31.03.2025,56169.18
4503483,10,23.03.2025,2000109,10000204,ACETIC ACID GLACIAL,1020,44450.0,KG,943.08,1000,USD,02.04.2025,41919.91
4501041,10,23.03.2025,2000115,40000108,ACETONE,1020,40590.0,KG,1047.47,1000,USD,30.03.2025,42516.81
4503311,10,24.03.2025,2000108,10000203,SULFURIC ACID 98%,1020,4590.0,KG,126.23,1000,USD,12.04.2025,579.4
4500299,10,24.03.2025,2000116,40000102,DIETHYLENE GLYCOL,1020,34240.0,KG,1281.33,1000,USD,02.04.2025,43872.74
4502201,10,2025-03-24,2000103,10000103,TEREPHTHALIC ACID PURIFIED,1010,31500.0,KG,1014.9,1000,USD,13.04.2025,31969.35
4501389,10,25.03.2025,2000115,40000110,ISOPROPYL ALCOHOL,1020,36570.0,KG,1215.45,1000,USD,05.04.2025,44449.01
4502889,10,26.03.2025,2000105,10000107,TRIMELLITIC ANHYDRIDE,1010,33040.0,KG,2803.58,1000,USD,03.04.2025,92630.28
4503482,10,26.03.2025,2000109,10000204,ACETIC ACID GLACIAL,1020,44450.0,KG,975.53,1000,USD,09.04.2025,43362.31
4502200,10,26.03.2025,2000103,10000103,TEREPHTHALIC ACID PURIFIED,1010,31500.0,KG,985.05,1000,USD,07.04.2025,31029.08
4502578,10,26.03.2025,2000103,10000105,PHTHALIC ANHYDRIDE,1010,49350.0,KG,1138.11,1000,USD,03.04.2025,56165.73
4500528,10,27.03.2025,2000116,40000104,MONOPROPYLENE GLYCOL USP,1020,38470.0,KG,1982.43,1000,USD,13.04.2025,76264.08
4500530,10,27.03.2025,2000116,40000104,MONOPROPYLENE GLYCOL USP,1020,38470.0,KG,2032.52,1000,USD,15.04.2025,78191.04
4503486,10,01.04.2025,2000109,10000204,ACETIC ACID GLACIAL,1020,61300.0,KG,951.02,1000,USD,08.04.2025,58297.53
4504133,10,01.04.2025,2000108,10000208,SODIUM HYDROXIDE 50% SOLUTION,1020,420.0,KG,584.14,1000,USD,13.04.2025,245.34
4500127,10,01.04.2025,2000116,40000101,MONOETHYLENE GLYCOL,1020,44310.0,KG,1167.86,1000,USD,07.04.2025,51747.88
4502011,10,01.04.2025,2000101,10000102,HYDROGEN,1010,37370.0,KG,2104.32,1000,USD,14.04.2025,78638.44
4502892,10,01.04.2025,2000105,10000107,TRIMELLITIC ANHYDRIDE,1010,29740.0,KG,2766.67,1000,USD,16.04.2025,82280.77
4501844,10,02.04.2025,2000101,10000101,PROPYLENE POLYMER GRADE,1010,237380.0,KG,1157.78,1000,USD,19.04.2025,274833.82
4502205,10,02.04.2025,2000103,10000103,TEREPHTHALIC ACID PURIFIED,1010,32500.0,KG,968.91,1000,USD,15.04.2025,31489.58
4503145,10,03.04.2025,2000107,10000201,ACRYLIC ACID GLACIAL,1020,51330.0,KG,2492.33,1000,USD,16.04.2025,127931.3
4501043,10,03.04.2025,2000115,40000108,ACETONE,1020,66080.0,KG,1032.4,1000,USD,22.04.2025,68220.99
4502580,10,03.04.2025,2000103,10000105,PHTHALIC ANHYDRIDE,1010,58900.0,KG,1148.53,1000,USD,19.04.2025,67648.42
4503487,10,03.04.2025,2000109,10000204,ACETIC ACID GLACIAL,1020,61300.0,KG,947.45,1000,USD,17.04.2025,58078.68
4501202,10,04.04.2025,2000115,40000109,METHYL ETHYL KETONE,1020,33310.0,KG,1546.27,1000,USD,21.04.2025,51506.25
4501615,10,04.04.2025,2000119,40000111,EPOXIDIZED SOYBEAN OIL,1020,52600.0,KG,2103.05,1000,USD,14.04.2025,110620.43
4502396,10,04.04.2025,2000104,10000104,ISONONANOL,1010,124270.0,KG,1411.12,1000,USD,24.04.2025,175359.88
4501199,10,04.04.2025,2000115,40000109,METHYL ETHYL KETONE,1020,33310.0,KG,1541.43,1000,USD,20.04.2025,51345.03
4500302,10,2025-04-05,2000116,40000102,DIETHYLENE GLYCOL,1020,31290.0,KG,1294.11,1000,USD,12.04.2025,40492.7
4502752,10,06.04.2025,2000105,10000106,ADIPIC ACID,1010,38310.0,KG,2207.86,1000,USD,22.04.2025,84583.12
4502207,10,06.04.2025,2000103,10000103,TEREPHTHALIC ACID PURIFIED,1010,32500.0,KG,1036.97,1000,USD,21.04.2025,33701.52
4501614,10,2025-04-07,2000119,40000111,EPOXIDIZED SOYBEAN OIL,1020,52600.0,KG,2143.38,1000,USD,24.04.2025,112741.79
4500304,10,07.04.2025,2000116,40000102,DIETHYLENE GLYCOL,1020,31290.0,KG,1295.78,1000,USD,19.04.2025,40544.96
4500868,10,07.04.2025,2000118,40000107,METHYL METHACRYLATE,1020,25660.0,KG,2179.5,1000,USD,25.04.2025,55925.97
4503688,10,08.04.2025,2000110,10000205,ETHANOL ANHYDROUS,1020,30710.0,KG,843.01,1000,USD,18.04.2025,25888.84
4503836,10,08.04.2025,2000111,10000206,METHANOL,1020,37630.0,KG,464.85,1000,USD,19.04.2025,17492.31
4501390,10,08.04.2025,2000115,40000110,ISOPROPYL ALCOHOL,1020,37740.0,KG,1223.34,1000,USD,28.04.2025,46168.85
4501842,10,08.04.2025,2000101,10000101,PROPYLENE POLYMER GRADE,1010,237380.0,KG,1158.33,1000,USD,24.04.2025,274964.38
4501845,10,08.04.2025,2000101,10000101,PROPYLENE POLYMER GRADE,1010,237380.0,KG,1161.63,1000,USD,16.04.2025,275747.73
4503255,10,2025-04-08,2000106,10000202,MEHQ INHIBITOR (4-METHOXYPHENOL),1020,90.0,KG,12693.8,1000,USD,20.04.2025,1142.44
4501393,10,09.04.2025,2000115,40000110,ISOPROPYL ALCOHOL,1020,37740.0,KG,1205.29,1000,USD,19.04.2025,45487.64
4504643,10,09.04.2025,2000115,10000109,CLEANING SOLVENT - GLYCOL ETHER,1010,3200.0,KG,2032.38,1000,USD,16.04.2025,6503.62
4500745,10,09.04.2025,2000117,40000106,TRIMETHYLOLPROPANE,1020,34400.0,KG,2750.01,1000,USD,20.04.2025,94600.34
4502753,10,10.04.2025,2000105,10000106,ADIPIC ACID,1010,38310.0,KG,2221.04,1000,USD,27.04.2025,85088.04
4503690,10,10.04.2025,2000110,10000205,ETHANOL ANHYDROUS,1020,30710.0,KG,833.54,1000,USD,15.04.2025,25598.01
4503835,10,11.04.2025,2000111,10000206,METHANOL,1020,37630.0,KG,481.69,1000,USD,19.04.2025,18125.99
4504535,10,11.04.2025,2000114,10000210,BUTAN-1-OL,1020,52710.0,KG,1876.67,1000,USD,30.04.2025,98919.28
4501201,10,11.04.2025,2000115,40000109,METHYL ETHYL KETONE,1020,33310.0,KG,1549.86,1000,USD,22.04.2025,51625.84
4503144,10,11.04.2025,2000107,10000201,ACRYLIC ACID GLACIAL,1020,51330.0,KG,2477.19,1000,USD,21.04.2025,127154.16
4501391,10,11.04.2025,2000115,40000110,ISOPROPYL ALCOHOL,1020,37740.0,KG,1206.97,1000,USD,23.04.2025,45551.05
4502754,10,2025-04-12,2000105,10000106,ADIPIC ACID,1010,38310.0,KG,2133.75,1000,USD,25.04.2025,81743.96
4501044,10,12.04.2025,2000115,40000108,ACETONE,1020,66080.0,KG,1038.03,1000,USD,01.05.2025,68593.02
4500867,10,13.04.2025,2000118,40000107,METHYL METHACRYLATE,1020,25660.0,KG,2118.93,1000,USD,23.04.2025,54371.74
4502010,10,13.04.2025,2000102,10000102,HYDROGEN,1010,37370.0,KG,2079.19,1000,USD,28.04.2025,77699.33
4504026,10,13.04.2025,2000112,10000207,PROPYLENE OXIDE,1020,36880.0,KG,1844.58,1000,USD,02.05.2025,68028.11
4500129,10,13.04.2025,2000116,40000101,MONOETHYLENE GLYCOL,1020,44310.0,KG,1189.05,1000,USD,02.05.2025,52686.81
4504533,10,14.04.2025,2000114,10000210,BUTAN-1-OL,1020,52710.0,KG,1829.88,1000,USD,01.05.2025,96452.97
4501616,10,14.04.2025,2000119,40000111,EPOXIDIZED SOYBEAN OIL,1020,52600.0,KG,2115.68,1000,USD,23.04.2025,111284.77
4503689,10,14.04.2025,2000110,10000205,ETHANOL ANHYDROUS,1020,30710.0,KG,842.81,1000,USD,24.04.2025,25882.7
4501200,10,15.04.2025,2000115,40000109,METHYL ETHYL KETONE,1020,33310.0,KG,1466.64,1000,USD,24.04.2025,48853.78
4503147,10,15.04.2025,2000107,10000201,ACRYLIC ACID GLACIAL,1020,51330.0,KG,2545.62,1000,USD,27.04.2025,130666.67
4504304,10,16.04.2025,2000113,10000209,OCTANOL 2-ETHYL TECH GRADE,1020,47010.0,KG,1937.38,1000,USD,23.04.2025,91076.23
4504532,10,17.04.2025,2000113,10000210,BUTAN-1-OL,1020,52710.0,KG,1826.82,1000,USD,06.05.2025,96291.68
4502582,10,2025-04-17,2000103,10000105,PHTHALIC ANHYDRIDE,1010,58900.0,KG,1172.31,1000,USD,04.05.2025,69049.06
4501843,10,18.04.2025,2000101,10000101,PROPYLENE POLYMER GRADE,1010,237380.0,KG,1157.35,1000,USD,28.04.2025,274731.74
4504306,10,18.04.2025,2000113,10000209,OCTANOL 2-ETHYL TECH GRADE,1020,47010.0,KG,1963.0,1000,USD,04.05.2025,92280.63
4504305,10,18.04.2025,2000113,10000209,OCTANOL 2-ETHYL TECH GRADE,1020,47010.0,KG,1903.27,1000,USD,06.05.2025,89472.72
4500386,10,18.04.2025,2000116,40000103,TRIETHYLENE GLYCOL,1020,32030.0,KG,1797.73,1000,USD,24.04.2025,57581.29
4502581,10,2025-04-18,2000103,10000105,PHTHALIC ANHYDRIDE,1010,58900.0,KG,1153.62,1000,USD,29.04.2025,67948.22
4503488,10,18.04.2025,2000109,10000204,ACETIC ACID GLACIAL,1020,61300.0,KG,955.14,1000,USD,26.04.2025,58550.08
4501046,10,19.04.2025,2000115,40000108,ACETONE,1020,66080.0,KG,1051.09,1000,USD,29.04.2025,69456.03
4500303,10,19.04.2025,2000116,40000102,DIETHYLENE GLYCOL,1020,31290.0,KG,1319.57,1000,USD,24.04.2025,41289.35
4502394,10,20.04.2025,2000104,10000104,ISONONANOL,1010,124270.0,KG,1421.29,1000,USD,02.05.2025,176623.71
4502891,10,20.04.2025,2000105,10000107,TRIMELLITIC ANHYDRIDE,1010,29740.0,KG,2752.92,1000,USD,03.05.2025,81871.84
4502397,10,20.04.2025,2000104,10000104,ISONONANOL,1010,124270.0,KG,1447.33,1000,USD,28.04.2025,179859.7
4500301,10,21.04.2025,2000116,40000102,DIETHYLENE GLYCOL,1020,31290.0,KG,1325.61,1000,USD,09.05.2025,41478.34
4503489,10,21.04.2025,2000109,10000204,ACETIC ACID GLACIAL,1020,61300.0,KG,955.15,1000,USD,08.05.2025,58550.7
4503146,10,2025-04-21,2000107,10000201,ACRYLIC ACID GLACIAL,1020,51330.0,KG,2465.11,1000,USD,08.05.2025,126534.1
4500531,10,22.04.2025,2000116,40000104,MONOPROPYLENE GLYCOL USP,1020,33130.0,KG,1944.19,1000,USD,01.05.2025,64411.01
4502395,10,22.04.2025,2000104,10000104,ISONONANOL,1010,124270.0,KG,1419.13,1000,USD,07.05.2025,176355.29
4500128,10,22.04.2025,2000116,40000101,MONOETHYLENE GLYCOL,1020,44310.0,KG,1164.44,1000,USD,03.05.2025,51596.34
4503312,10,2025-04-22,2000108,10000203,SULFURIC ACID 98%,1020,4440.0,KG,130.4,1000,USD,09.05.2025,578.98
4504534,10,22.04.2025,2000113,10000210,BUTAN-1-OL,1020,52710.0,KG,1728.11,1000,USD,07.05.2025,91088.68
4502204,10,2025-04-22,2000103,10000103,TEREPHTHALIC ACID PURIFIED,1010,32500.0,KG,996.46,1000,USD,12.05.2025,32384.95
4501392,10,23.04.2025,2000115,40000110,ISOPROPYL ALCOHOL,1020,37740.0,KG,1190.37,1000,USD,02.05.2025,44924.56
4501045,10,23.04.2025,2000115,40000108,ACETONE,1020,66080.0,KG,1049.47,1000,USD,09.05.2025,69348.98
4504307,10,23.04.2025,2000113,10000209,OCTANOL 2-ETHYL TECH GRADE,1020,47010.0,KG,1971.84,1000,USD,05.05.2025,92696.2
4502579,10,2025-04-23,2000103,10000105,PHTHALIC ANHYDRIDE,1010,58900.0,KG,1157.56,1000,USD,06.05.2025,68180.28
4500130,10,2025-04-24,2000116,40000101,MONOETHYLENE GLYCOL,1020,44310.0,KG,1118.15,1000,USD,10.05.2025,49545.23
4504027,10,24.04.2025,2000112,10000207,PROPYLENE OXIDE,1020,36880.0,KG,1910.88,1000,USD,06.05.2025,70473.25
4502206,10,2025-04-24,2000103,10000103,TEREPHTHALIC ACID PURIFIED,1010,32500.0,KG,1033.86,1000,USD,05.05.2025,33600.45
4504028,10,26.04.2025,2000112,10000207,PROPYLENE OXIDE,1020,36880.0,KG,1863.21,1000,USD,07.05.2025,68715.18
4502971,10,26.04.2025,2000106,10000108,TETRAISOPROPYL TITANATE CATALYST,1010,1390.0,KG,9330.81,1000,USD,09.05.2025,12969.83
4504025,10,27.04.2025,2000112,10000207,PROPYLENE OXIDE,1020,36880.0,KG,1882.07,1000,USD,13.05.2025,69410.74
4501617,10,27.04.2025,2000119,40000111,EPOXIDIZED SOYBEAN OIL,1020,52600.0,KG,2037.86,1000,USD,08.05.2025,107191.44
4500387,10,27.04.2025,2000116,40000103,TRIETHYLENE GLYCOL,1020,32030.0,KG,1814.62,1000,USD,04.05.2025,58122.28
4503493,10,01.05.2025,2000109,10000204,ACETIC ACID GLACIAL,1020,64320.0,KG,918.52,1000,USD,13.05.2025,59079.21
4503150,10,02.05.2025,2000107,10000201,ACRYLIC ACID GLACIAL,1020,65630.0,KG,2606.88,1000,USD,22.05.2025,171089.53
4500306,10,02.05.2025,2000116,40000102,DIETHYLENE GLYCOL,1020,28930.0,KG,1281.44,1000,USD,07.05.2025,37072.06
4500305,10,03.05.2025,2000116,40000102,DIETHYLENE GLYCOL,1020,28930.0,KG,1281.67,1000,USD,18.05.2025,37078.71
4500746,10,03.05.2025,2000117,40000106,TRIMETHYLOLPROPANE,1020,10620.0,KG,2763.53,1000,USD,08.05.2025,29348.69
4503490,10,03.05.2025,2000109,10000204,ACETIC ACID GLACIAL,1020,64320.0,KG,941.13,1000,USD,16.05.2025,60533.48
4501396,10,03.05.2025,2000115,40000110,ISOPROPYL ALCOHOL,1020,64330.0,KG,1212.69,1000,USD,10.05.2025,78012.35
4500869,10,03.05.2025,2000118,40000107,METHYL METHACRYLATE,1020,20930.0,KG,2152.62,1000,USD,21.05.2025,45054.34
4500533,10,03.05.2025,2000116,40000104,MONOPROPYLENE GLYCOL USP,1020,37810.0,KG,1984.18,1000,USD,09.05.2025,75021.85
4502972,10,03.05.2025,2000106,10000108,TETRAISOPROPYL TITANATE CATALYST,1010,1220.0,KG,9552.5,1000,USD,19.05.2025,11654.05
4502208,10,04.05.2025,2000103,10000103,TEREPHTHALIC ACID PURIFIED,1010,32490.0,KG,1025.67,1000,USD,14.05.2025,33324.02
4503838,10,04.05.2025,2000111,10000206,METHANOL,1020,27730.0,KG,467.66,1000,USD,23.05.2025,12968.21
4502210,10,04.05.2025,2000103,10000103,TEREPHTHALIC ACID PURIFIED,1010,32490.0,KG,1022.12,1000,USD,22.05.2025,33208.68
4502584,10,04.05.2025,2000103,10000105,PHTHALIC ANHYDRIDE,1010,59180.0,KG,1114.86,1000,USD,22.05.2025,65977.41
4503313,10,05.05.2025,2000108,10000203,SULFURIC ACID 98%,1020,5160.0,KG,126.43,1000,USD,17.05.2025,652.38
4501204,10,05.05.2025,2000115,40000109,METHYL ETHYL KETONE,1020,30690.0,KG,1554.67,1000,USD,10.05.2025,47712.82
4502756,10,05.05.2025,2000105,10000106,ADIPIC ACID,1010,39060.0,KG,2178.64,1000,USD,24.05.2025,85097.68
4504311,10,05.05.2025,2000114,10000209,OCTANOL 2-ETHYL TECH GRADE,1020,42600.0,KG,2029.46,1000,USD,24.05.2025,86455.0
4503491,10,06.05.2025,2000109,10000204,ACETIC ACID GLACIAL,1020,64320.0,KG,949.17,1000,USD,23.05.2025,61050.61
4504537,10,06.05.2025,2000114,10000210,BUTAN-1-OL,1020,74250.0,KG,1939.51,1000,USD,17.05.2025,144008.62
4502400,10,06.05.2025,2000104,10000104,ISONONANOL,1010,115270.0,KG,1359.18,1000,USD,24.05.2025,156672.68
4504308,10,06.05.2025,2000113,10000209,OCTANOL 2-ETHYL TECH GRADE,1020,42600.0,KG,1940.86,1000,USD,25.05.2025,82680.64
4502399,10,07.05.2025,2000104,10000104,ISONONANOL,1010,115270.0,KG,1395.83,1000,USD,17.05.2025,160897.32
4503691,10,08.05.2025,2000110,10000205,ETHANOL ANHYDROUS,1020,30420.0,KG,828.44,1000,USD,26.05.2025,25201.14
4501049,10,09.05.2025,2000115,40000108,ACETONE,1020,55190.0,KG,1051.66,1000,USD,27.05.2025,58041.12
4500388,10,09.05.2025,2000116,40000103,TRIETHYLENE GLYCOL,1020,12900.0,KG,1722.84,1000,USD,27.05.2025,22224.64
4502755,10,10.05.2025,2000105,10000106,ADIPIC ACID,1010,39060.0,KG,2184.37,1000,USD,23.05.2025,85321.49
4501621,10,2025-05-10,2000119,40000111,EPOXIDIZED SOYBEAN OIL,1020,81620.0,KG,2110.93,1000,USD,27.05.2025,172294.11
4501048,10,2025-05-10,2000115,40000108,ACETONE,1020,55190.0,KG,1013.23,1000,USD,26.05.2025,55920.16
4500651,10,11.05.2025,2000117,40000105,NEOPENTYL GLYCOL FLAKES,1020,35370.0,KG,2334.51,1000,USD,26.05.2025,82571.62
4504032,10,11.05.2025,2000112,10000207,PROPYLENE OXIDE,1020,32520.0,KG,1835.99,1000,USD,28.05.2025,59706.39
4500534,10,11.05.2025,2000116,40000104,MONOPROPYLENE GLYCOL USP,1020,37810.0,KG,2054.33,1000,USD,16.05.2025,77674.22
4504539,10,11.05.2025,2000114,10000210,BUTAN-1-OL,1020,74250.0,KG,1894.03,1000,USD,24.05.2025,140631.73
4502893,10,11.05.2025,2000105,10000107,TRIMELLITIC ANHYDRIDE,1010,28070.0,KG,2796.34,1000,USD,19.05.2025,78493.26
4503693,10,12.05.2025,2000110,10000205,ETHANOL ANHYDROUS,1020,30420.0,KG,884.35,1000,USD,26.05.2025,26901.93
4501847,10,12.05.2025,2000101,10000101,PROPYLENE POLYMER GRADE,1010,249470.0,KG,1175.13,1000,USD,27.05.2025,293159.68
4502586,10,12.05.2025,2000103,10000105,PHTHALIC ANHYDRIDE,1010,59180.0,KG,1126.81,1000,USD,24.05.2025,66684.62
4504536,10,12.05.2025,2000113,10000210,BUTAN-1-OL,1020,74250.0,KG,1803.7,1000,USD,23.05.2025,133924.72
4500870,10,13.05.2025,2000118,40000107,METHYL METHACRYLATE,1020,20930.0,KG,2106.9,1000,USD,02.06.2025,44097.42
4501619,10,13.05.2025,2000119,40000111,EPOXIDIZED SOYBEAN OIL,1020,81620.0,KG,2062.02,1000,USD,26.05.2025,168302.07
4503256,10,13.05.2025,2000106,10000202,MEHQ INHIBITOR (4-METHOXYPHENOL),1020,110.0,KG,12383.08,1000,USD,29.05.2025,1362.14
4500532,10,13.05.2025,2000116,40000104,MONOPROPYLENE GLYCOL USP,1020,37810.0,KG,2014.71,1000,USD,24.05.2025,76176.19
4500132,10,14.05.2025,2000116,40000101,MONOETHYLENE GLYCOL,1020,38350.0,KG,1168.98,1000,USD,01.06.2025,44830.38
4502585,10,14.05.2025,2000103,10000105,PHTHALIC ANHYDRIDE,1010,59180.0,KG,1159.74,1000,USD,30.05.2025,68633.41
4501397,10,15.05.2025,2000115,40000110,ISOPROPYL ALCOHOL,1020,64330.0,KG,1176.16,1000,USD,29.05.2025,75662.37
4501394,10,15.05.2025,2000115,40000110,ISOPROPYL ALCOHOL,1020,64330.0,KG,1186.05,1000,USD,28.05.2025,76298.6
4501846,10,16.05.2025,2000101,10000101,PROPYLENE POLYMER GRADE,1010,249470.0,KG,1134.83,1000,USD,25.05.2025,283106.04
4500307,10,17.05.2025,2000116,40000102,DIETHYLENE GLYCOL,1020,28930.0,KG,1299.98,1000,USD,01.06.2025,37608.42
4504029,10,17.05.2025,2000112,10000207,PROPYLENE OXIDE,1020,32520.0,KG,1914.85,1000,USD,28.05.2025,62270.92
4504644,10,2025-05-17,2000115,10000109,CLEANING SOLVENT - GLYCOL ETHER,1010,3500.0,KG,1971.21,1000,USD,02.06.2025,6899.24
4503148,10,18.05.2025,2000107,10000201,ACRYLIC ACID GLACIAL,1020,65630.0,KG,2481.72,1000,USD,25.05.2025,162875.28
4502398,10,18.05.2025,2000104,10000104,ISONONANOL,1010,115270.0,KG,1476.91,1000,USD,26.05.2025,170243.42
4502894,10,18.05.2025,2000105,10000107,TRIMELLITIC ANHYDRIDE,1010,28070.0,KG,2821.68,1000,USD,24.05.2025,79204.56
4502012,10,2025-05-18,2000102,10000102,HYDROGEN,1010,37610.0,KG,2080.94,1000,USD,31.05.2025,78264.15
4502209,10,19.05.2025,2000103,10000103,TEREPHTHALIC ACID PURIFIED,1010,32490.0,KG,1003.29,1000,USD,25.05.2025,32596.89
4501203,10,2025-05-19,2000115,40000109,METHYL ETHYL KETONE,1020,30690.0,KG,1519.53,1000,USD,26.05.2025,46634.38
4501620,10,19.05.2025,2000119,40000111,EPOXIDIZED SOYBEAN OIL,1020,81620.0,KG,2074.6,1000,USD,24.05.2025,169328.85
4502013,10,19.05.2025,2000101,10000102,HYDROGEN,1010,37610.0,KG,2141.94,1000,USD,04.06.2025,80558.36
4501395,10,20.05.2025,2000115,40000110,ISOPROPYL ALCOHOL,1020,64330.0,KG,1200.25,1000,USD,26.05.2025,77212.08
4504030,10,20.05.2025,2000112,10000207,PROPYLENE OXIDE,1020,32520.0,KG,1843.31,1000,USD,08.06.2025,59944.44
4504031,10,20.05.2025,2000112,10000207,PROPYLENE OXIDE,1020,32520.0,KG,1846.68,1000,USD,04.06.2025,60054.03
4501849,10,20.05.2025,2000101,10000101,PROPYLENE POLYMER GRADE,1010,249470.0,KG,1130.31,1000,USD,04.06.2025,281978.44
4503837,10,20.05.2025,2000111,10000206,METHANOL,1020,27730.0,KG,468.52,1000,USD,07.06.2025,12992.06
4504309,10,2025-05-21,2000114,10000209,OCTANOL 2-ETHYL TECH GRADE,1020,42600.0,KG,2033.91,1000,USD,01.06.2025,86644.57
4500652,10,21.05.2025,2000117,40000105,NEOPENTYL GLYCOL FLAKES,1020,35370.0,KG,2242.71,1000,USD,27.05.2025,79324.65
4504538,10,21.05.2025,2000113,10000210,BUTAN-1-OL,1020,74250.0,KG,1750.05,1000,USD,09.06.2025,129941.21
4501047,10,21.05.2025,2000115,40000108,ACETONE,1020,55190.0,KG,1021.58,1000,USD,26.05.2025,56381.0
4503692,10,22.05.2025,2000110,10000205,ETHANOL ANHYDROUS,1020,30420.0,KG,833.57,1000,USD,27.05.2025,25357.2
4503149,10,22.05.2025,2000107,10000201,ACRYLIC ACID GLACIAL,1020,65630.0,KG,2495.67,1000,USD,10.06.2025,163790.82
4504310,10,23.05.2025,2000113,10000209,OCTANOL 2-ETHYL TECH GRADE,1020,42600.0,KG,1963.02,1000,USD,30.05.2025,83624.65
4501618,10,23.05.2025,2000119,40000111,EPOXIDIZED SOYBEAN OIL,1020,81620.0,KG,2063.82,1000,USD,30.05.2025,168448.99
4501050,10,23.05.2025,2000115,40000108,ACETONE,1020,55190.0,KG,1045.74,1000,USD,07.06.2025,57714.39
4502401,10,23.05.2025,2000104,10000104,ISONONANOL,1010,115270.0,KG,1345.88,1000,USD,02.06.2025,155139.59
4504134,10,23.05.2025,2000108,10000208,SODIUM HYDROXIDE 50% SOLUTION,1020,370.0,KG,572.85,1000,USD,28.05.2025,211.95
4500131,10,2025-05-24,2000116,40000101,MONOETHYLENE GLYCOL,1020,38350.0,KG,1150.51,1000,USD,31.05.2025,44122.06
4503492,10,24.05.2025,2000109,10000204,ACETIC ACID GLACIAL,1020,64320.0,KG,911.89,1000,USD,30.05.2025,58652.76
4503151,10,24.05.2025,2000107,10000201,ACRYLIC ACID GLACIAL,1020,65630.0,KG,2421.49,1000,USD,06.06.2025,158922.39
4502583,10,25.05.2025,2000103,10000105,PHTHALIC ANHYDRIDE,1010,59180.0,KG,1150.87,1000,USD,08.06.2025,68108.49
4501848,10,26.05.2025,2000101,10000101,PROPYLENE POLYMER GRADE,1010,249470.0,KG,1139.78,1000,USD,14.06.2025,284340.92
4500535,10,2025-05-26,2000116,40000104,MONOPROPYLENE GLYCOL USP,1020,37810.0,KG,2019.53,1000,USD,08.06.2025,76358.43
4504542,10,01.06.2025,2000114,10000210,BUTAN-1-OL,1020,57610.0,KG,1859.34,1000,USD,07.06.2025,107116.58
4503497,10,01.06.2025,2000109,10000204,ACETIC ACID GLACIAL,1020,86790.0,KG,931.51,1000,USD,21.06.2025,80845.75
4502757,10,02.06.2025,2000105,10000106,ADIPIC ACID,1010,35840.0,KG,2217.16,1000,USD,14.06.2025,79463.01
4503152,10,02.06.2025,2000107,10000201,ACRYLIC ACID GLACIAL,1020,57220.0,KG,2446.99,1000,USD,18.06.2025,140016.77
4502403,10,2025-06-02,2000104,10000104,ISONONANOL,1010,127670.0,KG,1446.35,1000,USD,21.06.2025,184655.5
4503840,10,03.06.2025,2000111,10000206,METHANOL,1020,36170.0,KG,477.1,1000,USD,18.06.2025,17256.71
4502896,10,04.06.2025,2000105,10000107,TRIMELLITIC ANHYDRIDE,1010,36230.0,KG,2810.56,1000,USD,24.06.2025,101826.59
4500656,10,2025-06-05,2000117,40000105,NEOPENTYL GLYCOL FLAKES,1020,34650.0,KG,2299.41,1000,USD,10.06.2025,79674.56
4502405,10,06.06.2025,2000104,10000104,ISONONANOL,1010,127670.0,KG,1421.17,1000,USD,19.06.2025,181440.77
4503839,10,06.06.2025,2000111,10000206,METHANOL,1020,36170.0,KG,475.59,1000,USD,23.06.2025,17202.09
4503496,10,07.06.2025,2000109,10000204,ACETIC ACID GLACIAL,1020,86790.0,KG,948.51,1000,USD,13.06.2025,82321.18
4502895,10,07.06.2025,2000105,10000107,TRIMELLITIC ANHYDRIDE,1010,36230.0,KG,2738.93,1000,USD,21.06.2025,99231.43
4504315,10,08.06.2025,2000113,10000209,OCTANOL 2-ETHYL TECH GRADE,1020,62610.0,KG,1955.5,1000,USD,27.06.2025,122433.86
4500134,10,08.06.2025,2000116,40000101,MONOETHYLENE GLYCOL,1020,38310.0,KG,1154.02,1000,USD,28.06.2025,44210.51
4503495,10,08.06.2025,2000109,10000204,ACETIC ACID GLACIAL,1020,86790.0,KG,971.12,1000,USD,27.06.2025,84283.5
4502015,10,08.06.2025,2000101,10000102,HYDROGEN,1010,38090.0,KG,2123.36,1000,USD,16.06.2025,80878.78
4502014,10,08.06.2025,2000102,10000102,HYDROGEN,1010,38090.0,KG,2151.17,1000,USD,26.06.2025,81938.07
4501399,10,08.06.2025,2000115,40000110,ISOPROPYL ALCOHOL,1020,36430.0,KG,1183.98,1000,USD,14.06.2025,43132.39
4503155,10,2025-06-09,2000107,10000201,ACRYLIC ACID GLACIAL,1020,57220.0,KG,2482.19,1000,USD,18.06.2025,142030.91
4503697,10,09.06.2025,2000110,10000205,ETHANOL ANHYDROUS,1020,34920.0,KG,834.08,1000,USD,24.06.2025,29126.07
4500389,10,2025-06-09,2000116,40000103,TRIETHYLENE GLYCOL,1020,25090.0,KG,1762.76,1000,USD,14.06.2025,44227.65
4502973,10,09.06.2025,2000106,10000108,TETRAISOPROPYL TITANATE CATALYST,1010,1520.0,KG,9547.63,1000,USD,26.06.2025,14512.4
4504035,10,10.06.2025,2000112,10000207,PROPYLENE OXIDE,1020,36400.0,KG,1912.15,1000,USD,18.06.2025,69602.26
4504312,10,2025-06-10,2000113,10000209,OCTANOL 2-ETHYL TECH GRADE,1020,62610.0,KG,1971.63,1000,USD,19.06.2025,123443.75
4502587,10,10.06.2025,2000103,10000105,PHTHALIC ANHYDRIDE,1010,65670.0,KG,1130.96,1000,USD,28.06.2025,74270.14
4500539,10,10.06.2025,2000116,40000104,MONOPROPYLENE GLYCOL USP,1020,38670.0,KG,1983.73,1000,USD,28.06.2025,76710.84
4500654,10,10.06.2025,2000117,40000105,NEOPENTYL GLYCOL FLAKES,1020,34650.0,KG,2351.58,1000,USD,29.06.2025,81482.25
4502402,10,10.06.2025,2000104,10000104,ISONONANOL,1010,127670.0,KG,1426.8,1000,USD,30.06.2025,182159.56
4504540,10,10.06.2025,2000114,10000210,BUTAN-1-OL,1020,57610.0,KG,1881.85,1000,USD,15.06.2025,108413.38
4503494,10,11.06.2025,2000109,10000204,ACETIC ACID GLACIAL,1020,86790.0,KG,925.85,1000,USD,19.06.2025,80354.52
4503154,10,12.06.2025,2000107,10000201,ACRYLIC ACID GLACIAL,1020,57220.0,KG,2526.05,1000,USD,20.06.2025,144540.58
4500653,10,12.06.2025,2000117,40000105,NEOPENTYL GLYCOL FLAKES,1020,34650.0,KG,2358.35,1000,USD,22.06.2025,81716.83
4501622,10,14.06.2025,2000119,40000111,EPOXIDIZED SOYBEAN OIL,1020,106300.0,KG,2184.06,1000,USD,23.06.2025,232165.58
4501850,10,2025-06-14,2000101,10000101,PROPYLENE POLYMER GRADE,1010,269340.0,KG,1144.45,1000,USD,20.06.2025,308246.16
4500308,10,2025-06-14,2000116,40000102,DIETHYLENE GLYCOL,1020,38780.0,KG,1319.68,1000,USD,27.06.2025,51177.19
4503153,10,14.06.2025,2000107,10000201,ACRYLIC ACID GLACIAL,1020,57220.0,KG,2536.49,1000,USD,27.06.2025,145137.96
4502213,10,14.06.2025,2000103,10000103,TEREPHTHALIC ACID PURIFIED,1010,37060.0,KG,1004.04,1000,USD,23.06.2025,37209.72
4504314,10,14.06.2025,2000114,10000209,OCTANOL 2-ETHYL TECH GRADE,1020,62610.0,KG,1983.91,1000,USD,22.06.2025,124212.61
4504036,10,15.06.2025,2000112,10000207,PROPYLENE OXIDE,1020,36400.0,KG,1904.32,1000,USD,27.06.2025,69317.25
4501851,10,2025-06-15,2000101,10000101,PROPYLENE POLYMER GRADE,1010,269340.0,KG,1111.08,1000,USD,30.06.2025,299258.29
4500136,10,16.06.2025,2000116,40000101,MONOETHYLENE GLYCOL,1020,38310.0,KG,1154.51,1000,USD,21.06.2025,44229.28
4500747,10,16.06.2025,2000117,40000106,TRIMETHYLOLPROPANE,1020,22660.0,KG,2795.31,1000,USD,30.06.2025,63341.72
4501852,10,16.06.2025,2000101,10000101,PROPYLENE POLYMER GRADE,1010,269340.0,KG,1177.04,1000,USD,01.07.2025,317023.95
4501623,10,16.06.2025,2000119,40000111,EPOXIDIZED SOYBEAN OIL,1020,106300.0,KG,2142.95,1000,USD,05.07.2025,227795.58
4501205,10,17.06.2025,2000115,40000109,METHYL ETHYL KETONE,1020,36260.0,KG,1550.17,1000,USD,06.07.2025,56209.16
4503314,10,17.06.2025,2000108,10000203,SULFURIC ACID 98%,1020,5390.0,KG,130.48,1000,USD,28.06.2025,703.29
4503695,10,2025-06-17,2000110,10000205,ETHANOL ANHYDROUS,1020,34920.0,KG,843.01,1000,USD,26.06.2025,29437.91
4504034,10,17.06.2025,2000112,10000207,PROPYLENE OXIDE,1020,36400.0,KG,1921.23,1000,USD,29.06.2025,69932.77
4500655,10,2025-06-17,2000117,40000105,NEOPENTYL GLYCOL FLAKES,1020,34650.0,KG,2300.44,1000,USD,23.06.2025,79710.25
4502211,10,18.06.2025,2000103,10000103,TEREPHTHALIC ACID PURIFIED,1010,37060.0,KG,986.71,1000,USD,07.07.2025,36567.47
4500538,10,18.06.2025,2000116,40000104,MONOPROPYLENE GLYCOL USP,1020,38670.0,KG,2003.26,1000,USD,07.07.2025,77466.06
4501052,10,18.06.2025,2000115,40000108,ACETONE,1020,32390.0,KG,1071.96,1000,USD,23.06.2025,34720.78
4504135,10,19.06.2025,2000108,10000208,SODIUM HYDROXIDE 50% SOLUTION,1020,410.0,KG,579.79,1000,USD,04.07.2025,237.71
4500135,10,19.06.2025,2000116,40000101,MONOETHYLENE GLYCOL,1020,38310.0,KG,1178.4,1000,USD,27.06.2025,45144.5
4503257,10,20.06.2025,2000106,10000202,MEHQ INHIBITOR (4-METHOXYPHENOL),1020,100.0,KG,12751.32,1000,USD,27.06.2025,1275.13
4502758,10,20.06.2025,2000105,10000106,ADIPIC ACID,1010,35840.0,KG,2199.8,1000,USD,02.07.2025,78840.83
4500871,10,21.06.2025,2000118,40000107,METHYL METHACRYLATE,1020,12760.0,KG,2273.54,1000,USD,09.07.2025,29010.37
4500536,10,21.06.2025,2000116,40000104,MONOPROPYLENE GLYCOL USP,1020,38670.0,KG,2004.83,1000,USD,10.07.2025,77526.78
4502212,10,22.06.2025,2000103,10000103,TEREPHTHALIC ACID PURIFIED,1010,37060.0,KG,1024.24,1000,USD,29.06.2025,37958.33
4504645,10,22.06.2025,2000115,10000109,CLEANING SOLVENT - GLYCOL ETHER,1010,2700.0,KG,2011.36,1000,USD,03.07.2025,5430.67
4504313,10,22.06.2025,2000114,10000209,OCTANOL 2-ETHYL TECH GRADE,1020,62610.0,KG,2003.75,1000,USD,12.07.2025,125454.79
4501625,10,22.06.2025,2000119,40000111,EPOXIDIZED SOYBEAN OIL,1020,106300.0,KG,2091.8,1000,USD,05.07.2025,222358.34
4500309,10,22.06.2025,2000116,40000102,DIETHYLENE GLYCOL,1020,38780.0,KG,1332.21,1000,USD,11.07.2025,51663.1
4500748,10,23.06.2025,2000117,40000106,TRIMETHYLOLPROPANE,1020,22660.0,KG,2743.9,1000,USD,05.07.2025,62176.77
4501400,10,23.06.2025,2000115,40000110,ISOPROPYL ALCOHOL,1020,36430.0,KG,1205.67,1000,USD,13.07.2025,43922.56
4502590,10,23.06.2025,2000103,10000105,PHTHALIC ANHYDRIDE,1010,65670.0,KG,1171.07,1000,USD,28.06.2025,76904.17
4502589,10,23.06.2025,2000103,10000105,PHTHALIC ANHYDRIDE,1010,65670.0,KG,1130.35,1000,USD,11.07.2025,74230.08
4503694,10,24.06.2025,2000110,10000205,ETHANOL ANHYDROUS,1020,34920.0,KG,849.92,1000,USD,03.07.2025,29679.21
4504033,10,24.06.2025,2000112,10000207,PROPYLENE OXIDE,1020,36400.0,KG,1868.81,1000,USD,30.06.2025,68024.68
4504543,10,24.06.2025,2000114,10000210,BUTAN-1-OL,1020,57610.0,KG,1906.73,1000,USD,01.07.2025,109846.72
4502897,10,24.06.2025,2000105,10000107,TRIMELLITIC ANHYDRIDE,1010,36230.0,KG,2800.34,1000,USD,29.06.2025,101456.32
4501051,10,25.06.2025,2000115,40000108,ACETONE,1020,32390.0,KG,1082.06,1000,USD,02.07.2025,35047.92
4501624,10,25.06.2025,2000119,40000111,EPOXIDIZED SOYBEAN OIL,1020,106300.0,KG,2088.57,1000,USD,08.07.2025,222014.99
4501853,10,25.06.2025,2000101,10000101,PROPYLENE POLYMER GRADE,1010,269340.0,KG,1142.4,1000,USD,30.06.2025,307694.02
4502588,10,26.06.2025,2000103,10000105,PHTHALIC ANHYDRIDE,1010,65670.0,KG,1178.72,1000,USD,10.07.2025,77406.54
4500133,10,26.06.2025,2000116,40000101,MONOETHYLENE GLYCOL,1020,38310.0,KG,1185.42,1000,USD,16.07.2025,45413.44
4501398,10,26.06.2025,2000115,40000110,ISOPROPYL ALCOHOL,1020,36430.0,KG,1217.87,1000,USD,10.07.2025,44367.0
4502404,10,26.06.2025,2000104,10000104,ISONONANOL,1010,127670.0,KG,1452.88,1000,USD,01.07.2025,185489.19
4500537,10,26.06.2025,2000116,40000104,MONOPROPYLENE GLYCOL USP,1020,38670.0,KG,1952.69,1000,USD,12.07.2025,75510.52
4503696,10,27.06.2025,2000110,10000205,ETHANOL ANHYDROUS,1020,34920.0,KG,849.65,1000,USD,03.07.2025,29669.78
4500390,10,27.06.2025,2000116,40000103,TRIETHYLENE GLYCOL,1020,25090.0,KG,1848.83,1000,USD,05.07.2025,46387.14
4504541,10,27.06.2025,2000113,10000210,BUTAN-1-OL,1020,57610.0,KG,1704.71,1000,USD,16.07.2025,98208.34
4501402,10,01.07.2025,2000115,40000110,ISOPROPYL ALCOHOL,1020,54830.0,KG,1199.23,1000,USD,07.07.2025,65753.78
4502215,10,01.07.2025,2000103,10000103,TEREPHTHALIC ACID PURIFIED,1010,39600.0,KG,973.89,1000,USD,07.07.2025,38566.04
4504545,10,01.07.2025,2000113,10000210,BUTAN-1-OL,1020,51800.0,KG,1775.48,1000,USD,14.07.2025,91969.86
4503156,10,01.07.2025,2000107,10000201,ACRYLIC ACID GLACIAL,1020,54480.0,KG,2528.13,1000,USD,12.07.2025,137732.52
4504037,10,02.07.2025,2000112,10000207,PROPYLENE OXIDE,1020,38460.0,KG,1877.17,1000,USD,16.07.2025,72195.96
4503500,10,2025-07-02,2000109,10000204,ACETIC ACID GLACIAL,1020,46300.0,KG,928.24,1000,USD,16.07.2025,42977.51
4501626,10,02.07.2025,2000119,40000111,EPOXIDIZED SOYBEAN OIL,1020,64900.0,KG,2138.61,1000,USD,10.07.2025,138795.79
4501401,10,02.07.2025,2000115,40000110,ISOPROPYL ALCOHOL,1020,54830.0,KG,1245.37,1000,USD,22.07.2025,68283.64
4502407,10,02.07.2025,2000104,10000104,ISONONANOL,1010,117640.0,KG,1432.83,1000,USD,22.07.2025,168558.12
4500543,10,03.07.2025,2000116,40000104,MONOPROPYLENE GLYCOL USP,1020,46580.0,KG,2059.58,1000,USD,12.07.2025,95935.24
4500391,10,03.07.2025,2000116,40000103,TRIETHYLENE GLYCOL,1020,20140.0,KG,1801.76,1000,USD,13.07.2025,36287.45
4501056,10,03.07.2025,2000115,40000108,ACETONE,1020,54220.0,KG,1025.31,1000,USD,14.07.2025,55592.31
4503258,10,03.07.2025,2000106,10000202,MEHQ INHIBITOR (4-METHOXYPHENOL),1020,90.0,KG,12438.01,1000,USD,20.07.2025,1119.42
4501854,10,03.07.2025,2000101,10000101,PROPYLENE POLYMER GRADE,1010,258960.0,KG,1156.39,1000,USD,12.07.2025,299458.75
4502594,10,04.07.2025,2000103,10000105,PHTHALIC ANHYDRIDE,1010,62790.0,KG,1157.25,1000,USD,12.07.2025,72663.73
4502017,10,05.07.2025,2000102,10000102,HYDROGEN,1010,26950.0,KG,2071.03,1000,USD,10.07.2025,55814.26
4504547,10,05.07.2025,2000114,10000210,BUTAN-1-OL,1020,51800.0,KG,1895.8,1000,USD,22.07.2025,98202.44
4503501,10,06.07.2025,2000109,10000204,ACETIC ACID GLACIAL,1020,46300.0,KG,973.55,1000,USD,24.07.2025,45075.36
4501856,10,06.07.2025,2000101,10000101,PROPYLENE POLYMER GRADE,1010,258960.0,KG,1134.61,1000,USD,26.07.2025,293818.61
4502900,10,06.07.2025,2000105,10000107,TRIMELLITIC ANHYDRIDE,1010,27590.0,KG,2808.49,1000,USD,17.07.2025,77486.24
4500540,10,07.07.2025,2000116,40000104,MONOPROPYLENE GLYCOL USP,1020,46580.0,KG,1986.43,1000,USD,21.07.2025,92527.91
4504317,10,07.07.2025,2000114,10000209,OCTANOL 2-ETHYL TECH GRADE,1020,42360.0,KG,2065.19,1000,USD,25.07.2025,87481.45
4504040,10,07.07.2025,2000112,10000207,PROPYLENE OXIDE,1020,38460.0,KG,1852.4,1000,USD,20.07.2025,71243.3
4502409,10,2025-07-08,2000104,10000104,ISONONANOL,1010,117640.0,KG,1421.85,1000,USD,25.07.2025,167266.43
4502593,10,09.07.2025,2000103,10000105,PHTHALIC ANHYDRIDE,1010,62790.0,KG,1135.17,1000,USD,19.07.2025,71277.32
4502018,10,09.07.2025,2000101,10000102,HYDROGEN,1010,26950.0,KG,2100.74,1000,USD,18.07.2025,56614.94
4503841,10,09.07.2025,2000111,10000206,METHANOL,1020,33970.0,KG,461.11,1000,USD,16.07.2025,15663.91
4503315,10,10.07.2025,2000108,10000203,SULFURIC ACID 98%,1020,3770.0,KG,126.23,1000,USD,22.07.2025,475.89
4502759,10,10.07.2025,2000105,10000106,ADIPIC ACID,1010,32420.0,KG,2265.93,1000,USD,22.07.2025,73461.45
4500873,10,10.07.2025,2000118,40000107,METHYL METHACRYLATE,1020,26830.0,KG,2239.57,1000,USD,25.07.2025,60087.66
4503499,10,10.07.2025,2000109,10000204,ACETIC ACID GLACIAL,1020,46300.0,KG,958.18,1000,USD,29.07.2025,44363.73
4500872,10,11.07.2025,2000118,40000107,METHYL METHACRYLATE,1020,26830.0,KG,2265.67,1000,USD,25.07.2025,60787.93
4501404,10,2025-07-11,2000115,40000110,ISOPROPYL ALCOHOL,1020,54830.0,KG,1192.33,1000,USD,26.07.2025,65375.45
4500139,10,11.07.2025,2000116,40000101,MONOETHYLENE GLYCOL,1020,35380.0,KG,1179.07,1000,USD,31.07.2025,41715.5
4502408,10,11.07.2025,2000104,10000104,ISONONANOL,1010,117640.0,KG,1397.55,1000,USD,22.07.2025,164407.78
4501054,10,11.07.2025,2000115,40000108,ACETONE,1020,54220.0,KG,1057.2,1000,USD,31.07.2025,57321.38
4502974,10,11.07.2025,2000106,10000108,TETRAISOPROPYL TITANATE CATALYST,1010,1310.0,KG,9591.91,1000,USD,19.07.2025,12565.4
4502899,10,11.07.2025,2000105,10000107,TRIMELLITIC ANHYDRIDE,1010,27590.0,KG,2712.15,1000,USD,23.07.2025,74828.22
4503157,10,12.07.2025,2000107,10000201,ACRYLIC ACID GLACIAL,1020,54480.0,KG,2587.19,1000,USD,23.07.2025,140950.11
4502016,10,12.07.2025,2000102,10000102,HYDROGEN,1010,26950.0,KG,2014.13,1000,USD,25.07.2025,54280.8
4501628,10,12.07.2025,2000119,40000111,EPOXIDIZED SOYBEAN OIL,1020,64900.0,KG,2133.78,1000,USD,18.07.2025,138482.32
4500749,10,13.07.2025,2000117,40000106,TRIMETHYLOLPROPANE,1020,32470.0,KG,2661.94,1000,USD,18.07.2025,86433.19
4504544,10,13.07.2025,2000113,10000210,BUTAN-1-OL,1020,51800.0,KG,1769.87,1000,USD,22.07.2025,91679.27
4501055,10,13.07.2025,2000115,40000108,ACETONE,1020,54220.0,KG,1046.17,1000,USD,19.07.2025,56723.34
4504039,10,13.07.2025,2000112,10000207,PROPYLENE OXIDE,1020,38460.0,KG,1882.8,1000,USD,25.07.2025,72412.49
4503159,10,14.07.2025,2000107,10000201,ACRYLIC ACID GLACIAL,1020,54480.0,KG,2578.12,1000,USD,02.08.2025,140455.98
4503698,10,14.07.2025,2000110,10000205,ETHANOL ANHYDROUS,1020,25960.0,KG,833.22,1000,USD,01.08.2025,21630.39
4503699,10,14.07.2025,2000110,10000205,ETHANOL ANHYDROUS,1020,25960.0,KG,851.24,1000,USD,28.07.2025,22098.19
4502591,10,14.07.2025,2000103,10000105,PHTHALIC ANHYDRIDE,1010,62790.0,KG,1117.81,1000,USD,02.08.2025,70187.29
4500138,10,14.07.2025,2000116,40000101,MONOETHYLENE GLYCOL,1020,35380.0,KG,1146.32,1000,USD,19.07.2025,40556.8
4504318,10,15.07.2025,2000114,10000209,OCTANOL 2-ETHYL TECH GRADE,1020,42360.0,KG,1984.99,1000,USD,22.07.2025,84084.18
4504646,10,15.07.2025,2000115,10000109,CLEANING SOLVENT - GLYCOL ETHER,1010,3100.0,KG,1955.51,1000,USD,26.07.2025,6062.08
4500658,10,15.07.2025,2000117,40000105,NEOPENTYL GLYCOL FLAKES,1020,32260.0,KG,2302.5,1000,USD,23.07.2025,74278.65
4500542,10,16.07.2025,2000116,40000104,MONOPROPYLENE GLYCOL USP,1020,46580.0,KG,2062.39,1000,USD,24.07.2025,96066.13
4501857,10,17.07.2025,2000101,10000101,PROPYLENE POLYMER GRADE,1010,258960.0,KG,1151.38,1000,USD,05.08.2025,298161.36
4501627,10,18.07.2025,2000119,40000111,EPOXIDIZED SOYBEAN OIL,1020,64900.0,KG,2103.07,1000,USD,05.08.2025,136489.24
4504546,10,18.07.2025,2000114,10000210,BUTAN-1-OL,1020,51800.0,KG,1837.18,1000,USD,30.07.2025,95165.92
4502592,10,18.07.2025,2000103,10000105,PHTHALIC ANHYDRIDE,1010,62790.0,KG,1147.05,1000,USD,03.08.2025,72023.27
4500541,10,18.07.2025,2000116,40000104,MONOPROPYLENE GLYCOL USP,1020,46580.0,KG,2018.17,1000,USD,28.07.2025,94006.36
4500750,10,19.07.2025,2000117,40000106,TRIMETHYLOLPROPANE,1020,32470.0,KG,2773.98,1000,USD,24.07.2025,90071.13
4502406,10,20.07.2025,2000104,10000104,ISONONANOL,1010,117640.0,KG,1395.29,1000,USD,30.07.2025,164141.92
4501207,10,20.07.2025,2000115,40000109,METHYL ETHYL KETONE,1020,32090.0,KG,1539.6,1000,USD,05.08.2025,49405.76
4501053,10,20.07.2025,2000115,40000108,ACETONE,1020,54220.0,KG,1033.78,1000,USD,01.08.2025,56051.55
4501855,10,20.07.2025,2000101,10000101,PROPYLENE POLYMER GRADE,1010,258960.0,KG,1154.77,1000,USD,25.07.2025,299039.24
4502214,10,20.07.2025,2000103,10000103,TEREPHTHALIC ACID PURIFIED,1010,39600.0,KG,973.91,1000,USD,08.08.2025,38566.84
4501206,10,22.07.2025,2000115,40000109,METHYL ETHYL KETONE,1020,32090.0,KG,1537.75,1000,USD,05.08.2025,49346.4
4502898,10,23.07.2025,2000105,10000107,TRIMELLITIC ANHYDRIDE,1010,27590.0,KG,2784.96,1000,USD,31.07.2025,76837.05
4503842,10,23.07.2025,2000111,10000206,METHANOL,1020,33970.0,KG,454.83,1000,USD,30.07.2025,15450.58
4501403,10,23.07.2025,2000115,40000110,ISOPROPYL ALCOHOL,1020,54830.0,KG,1224.73,1000,USD,07.08.2025,67151.95
4504136,10,2025-07-23,2000108,10000208,SODIUM HYDROXIDE 50% SOLUTION,1020,410.0,KG,585.77,1000,USD,03.08.2025,240.17
4501629,10,24.07.2025,2000119,40000111,EPOXIDIZED SOYBEAN OIL,1020,64900.0,KG,2069.9,1000,USD,12.08.2025,134336.51
4502760,10,24.07.2025,2000105,10000106,ADIPIC ACID,1010,32420.0,KG,2220.33,1000,USD,09.08.2025,71983.1
4500137,10,26.07.2025,2000116,40000101,MONOETHYLENE GLYCOL,1020,35380.0,KG,1143.83,1000,USD,10.08.2025,40468.71
4503158,10,26.07.2025,2000107,10000201,ACRYLIC ACID GLACIAL,1020,54480.0,KG,2520.62,1000,USD,12.08.2025,137323.38
4500657,10,26.07.2025,2000117,40000105,NEOPENTYL GLYCOL FLAKES,1020,32260.0,KG,2292.72,1000,USD,14.08.2025,73963.15
4500310,10,27.07.2025,2000116,40000102,DIETHYLENE GLYCOL,1020,23580.0,KG,1322.95,1000,USD,16.08.2025,31195.16
4504038,10,27.07.2025,2000112,10000207,PROPYLENE OXIDE,1020,38460.0,KG,1933.42,1000,USD,09.08.2025,74359.33
4500311,10,27.07.2025,2000116,40000102,DIETHYLENE GLYCOL,1020,23580.0,KG,1345.4,1000,USD,14.08.2025,31724.53
4504319,10,27.07.2025,2000114,10000209,OCTANOL 2-ETHYL TECH GRADE,1020,42360.0,KG,2030.35,1000,USD,15.08.2025,86005.63
4504316,10,27.07.2025,2000114,10000209,OCTANOL 2-ETHYL TECH GRADE,1020,42360.0,KG,2091.11,1000,USD,10.08.2025,88579.42
4503498,10,27.07.2025,2000109,10000204,ACETIC ACID GLACIAL,1020,46300.0,KG,969.84,1000,USD,02.08.2025,44903.59
4500312,10,01.08.2025,2000116,40000102,DIETHYLENE GLYCOL,1020,27880.0,KG,1381.9,1000,USD,18.08.2025,38527.37
4502217,10,01.08.2025,2000103,10000103,TEREPHTHALIC ACID PURIFIED,1010,28270.0,KG,1008.26,1000,USD,11.08.2025,28503.51
4501631,10,2025-08-01,2000119,40000111,EPOXIDIZED SOYBEAN OIL,1020,75590.0,KG,2057.03,1000,USD,06.08.2025,155490.9
4502597,10,01.08.2025,2000103,10000105,PHTHALIC ANHYDRIDE,1010,58950.0,KG,1193.58,1000,USD,16.08.2025,70361.54
4501057,10,2025-08-01,2000115,40000108,ACETONE,1020,37190.0,KG,1037.78,1000,USD,15.08.2025,38595.04
4502413,10,2025-08-01,2000104,10000104,ISONONANOL,1010,119670.0,KG,1402.64,1000,USD,13.08.2025,167853.93
4500392,10,01.08.2025,2000116,40000103,TRIETHYLENE GLYCOL,1020,32070.0,KG,1732.43,1000,USD,10.08.2025,55559.03
4501632,10,02.08.2025,2000119,40000111,EPOXIDIZED SOYBEAN OIL,1020,75590.0,KG,2144.44,1000,USD,15.08.2025,162098.22
4502596,10,02.08.2025,2000103,10000105,PHTHALIC ANHYDRIDE,1010,58950.0,KG,1170.28,1000,USD,17.08.2025,68988.01
4501859,10,02.08.2025,2000101,10000101,PROPYLENE POLYMER GRADE,1010,278970.0,KG,1169.54,1000,USD,15.08.2025,326266.57
4501860,10,02.08.2025,2000101,10000101,PROPYLENE POLYMER GRADE,1010,278970.0,KG,1197.62,1000,USD,10.08.2025,334100.05
4500546,10,02.08.2025,2000116,40000104,MONOPROPYLENE GLYCOL USP,1020,30630.0,KG,2004.95,1000,USD,11.08.2025,61411.62
4502901,10,02.08.2025,2000105,10000107,TRIMELLITIC ANHYDRIDE,1010,33030.0,KG,2744.12,1000,USD,17.08.2025,90638.28
4504321,10,02.08.2025,2000114,10000209,OCTANOL 2-ETHYL TECH GRADE,1020,47120.0,KG,2060.86,1000,USD,17.08.2025,97107.72
4502218,10,02.08.2025,2000103,10000103,TEREPHTHALIC ACID PURIFIED,1010,28270.0,KG,1004.12,1000,USD,11.08.2025,28386.47
4502412,10,02.08.2025,2000104,10000104,ISONONANOL,1010,119670.0,KG,1461.67,1000,USD,14.08.2025,174918.05
4504548,10,03.08.2025,2000113,10000210,BUTAN-1-OL,1020,59620.0,KG,1764.3,1000,USD,16.08.2025,105187.57
4502598,10,03.08.2025,2000103,10000105,PHTHALIC ANHYDRIDE,1010,58950.0,KG,1166.33,1000,USD,20.08.2025,68755.15
4501858,10,03.08.2025,2000101,10000101,PROPYLENE POLYMER GRADE,1010,278970.0,KG,1139.1,1000,USD,09.08.2025,317774.73
4504044,10,04.08.2025,2000112,10000207,PROPYLENE OXIDE,1020,35310.0,KG,1922.38,1000,USD,10.08.2025,67879.24
4501208,10,04.08.2025,2000115,40000109,METHYL ETHYL KETONE,1020,39470.0,KG,1526.5,1000,USD,17.08.2025,60250.96
4503700,10,2025-08-05,2000110,10000205,ETHANOL ANHYDROUS,1020,31800.0,KG,862.97,1000,USD,14.08.2025,27442.45
4500393,10,05.08.2025,2000116,40000103,TRIETHYLENE GLYCOL,1020,32070.0,KG,1790.98,1000,USD,11.08.2025,57436.73
4502902,10,06.08.2025,2000105,10000107,TRIMELLITIC ANHYDRIDE,1010,33030.0,KG,2791.87,1000,USD,25.08.2025,92215.47
4503162,10,06.08.2025,2000107,10000201,ACRYLIC ACID GLACIAL,1020,65240.0,KG,2534.68,1000,USD,14.08.2025,165362.52
4504043,10,06.08.2025,2000112,10000207,PROPYLENE OXIDE,1020,35310.0,KG,1926.63,1000,USD,23.08.2025,68029.31
4501633,10,06.08.2025,2000119,40000111,EPOXIDIZED SOYBEAN OIL,1020,75590.0,KG,2147.12,1000,USD,11.08.2025,162300.8
4500661,10,07.08.2025,2000117,40000105,NEOPENTYL GLYCOL FLAKES,1020,27530.0,KG,2281.69,1000,USD,20.08.2025,62814.93
4503844,10,07.08.2025,2000111,10000206,METHANOL,1020,35960.0,KG,469.2,1000,USD,25.08.2025,16872.43
4500140,10,07.08.2025,2000116,40000101,MONOETHYLENE GLYCOL,1020,31100.0,KG,1149.76,1000,USD,15.08.2025,35757.54
4501630,10,07.08.2025,2000119,40000111,EPOXIDIZED SOYBEAN OIL,1020,75590.0,KG,2158.7,1000,USD,23.08.2025,163176.13
4502904,10,07.08.2025,2000105,10000107,TRIMELLITIC ANHYDRIDE,1010,33030.0,KG,2676.54,1000,USD,16.08.2025,88406.12
4501058,10,08.08.2025,2000115,40000108,ACETONE,1020,37190.0,KG,1065.03,1000,USD,24.08.2025,39608.47
4501407,10,2025-08-08,2000115,40000110,ISOPROPYL ALCOHOL,1020,39400.0,KG,1245.07,1000,USD,24.08.2025,49055.76
4500143,10,08.08.2025,2000116,40000101,MONOETHYLENE GLYCOL,1020,31100.0,KG,1175.22,1000,USD,22.08.2025,36549.34
4500141,10,09.08.2025,2000116,40000101,MONOETHYLENE GLYCOL,1020,31100.0,KG,1208.09,1000,USD,16.08.2025,37571.6
4502761,10,10.08.2025,2000105,10000106,ADIPIC ACID,1010,35410.0,KG,2200.66,1000,USD,22.08.2025,77925.37
4504647,10,10.08.2025,2000115,10000109,CLEANING SOLVENT - GLYCOL ETHER,1010,2200.0,KG,1963.19,1000,USD,24.08.2025,4319.02
4504320,10,10.08.2025,2000113,10000209,OCTANOL 2-ETHYL TECH GRADE,1020,47120.0,KG,1895.69,1000,USD,26.08.2025,89324.91
4502216,10,10.08.2025,2000103,10000103,TEREPHTHALIC ACID PURIFIED,1010,28270.0,KG,979.98,1000,USD,28.08.2025,27704.03
4503504,10,11.08.2025,2000109,10000204,ACETIC ACID GLACIAL,1020,61210.0,KG,942.9,1000,USD,17.08.2025,57714.91
4503503,10,2025-08-11,2000109,10000204,ACETIC ACID GLACIAL,1020,61210.0,KG,969.63,1000,USD,29.08.2025,59351.05
4503502,10,12.08.2025,2000109,10000204,ACETIC ACID GLACIAL,1020,61210.0,KG,971.53,1000,USD,28.08.2025,59467.35
4503701,10,12.08.2025,2000110,10000205,ETHANOL ANHYDROUS,1020,31800.0,KG,853.71,1000,USD,23.08.2025,27147.98
4500752,10,12.08.2025,2000117,40000106,TRIMETHYLOLPROPANE,1020,37820.0,KG,2672.6,1000,USD,25.08.2025,101077.73
4503161,10,12.08.2025,2000107,10000201,ACRYLIC ACID GLACIAL,1020,65240.0,KG,2542.69,1000,USD,27.08.2025,165885.1
4502410,10,2025-08-12,2000104,10000104,ISONONANOL,1010,119670.0,KG,1457.14,1000,USD,22.08.2025,174375.94
4503160,10,2025-08-12,2000107,10000201,ACRYLIC ACID GLACIAL,1020,65240.0,KG,2597.1,1000,USD,28.08.2025,169434.8
4502903,10,13.08.2025,2000105,10000107,TRIMELLITIC ANHYDRIDE,1010,33030.0,KG,2896.25,1000,USD,29.08.2025,95663.14
4500660,10,13.08.2025,2000117,40000105,NEOPENTYL GLYCOL FLAKES,1020,27530.0,KG,2397.6,1000,USD,18.08.2025,66005.93
4504322,10,13.08.2025,2000113,10000209,OCTANOL 2-ETHYL TECH GRADE,1020,47120.0,KG,1990.14,1000,USD,24.08.2025,93775.4
4501060,10,13.08.2025,2000115,40000108,ACETONE,1020,37190.0,KG,1061.99,1000,USD,27.08.2025,39495.41
4504042,10,13.08.2025,2000112,10000207,PROPYLENE OXIDE,1020,35310.0,KG,1889.26,1000,USD,22.08.2025,66709.77
4500874,10,14.08.2025,2000118,40000107,METHYL METHACRYLATE,1020,31150.0,KG,2184.69,1000,USD,01.09.2025,68053.09
4502411,10,14.08.2025,2000104,10000104,ISONONANOL,1010,119670.0,KG,1497.62,1000,USD,27.08.2025,179220.19
4500659,10,15.08.2025,2000117,40000105,NEOPENTYL GLYCOL FLAKES,1020,27530.0,KG,2375.89,1000,USD,29.08.2025,65408.25
4502595,10,15.08.2025,2000103,10000105,PHTHALIC ANHYDRIDE,1010,58950.0,KG,1160.4,1000,USD,26.08.2025,68405.58
4504549,10,15.08.2025,2000114,10000210,BUTAN-1-OL,1020,59620.0,KG,1878.43,1000,USD,31.08.2025,111992.0
4500313,10,15.08.2025,2000116,40000102,DIETHYLENE GLYCOL,1020,27880.0,KG,1310.3,1000,USD,25.08.2025,36531.16
4502762,10,16.08.2025,2000105,10000106,ADIPIC ACID,1010,35410.0,KG,2245.78,1000,USD,31.08.2025,79523.07
4504323,10,16.08.2025,2000113,10000209,OCTANOL 2-ETHYL TECH GRADE,1020,47120.0,KG,1902.33,1000,USD,05.09.2025,89637.79
4503703,10,16.08.2025,2000110,10000205,ETHANOL ANHYDROUS,1020,31800.0,KG,835.57,1000,USD,05.09.2025,26571.13
4502019,10,16.08.2025,2000101,10000102,HYDROGEN,1010,39370.0,KG,2107.22,1000,USD,25.08.2025,82961.25
4504137,10,17.08.2025,2000108,10000208,SODIUM HYDROXIDE 50% SOLUTION,1020,420.0,KG,587.5,1000,USD,31.08.2025,246.75
4500751,10,17.08.2025,2000117,40000106,TRIMETHYLOLPROPANE,1020,37820.0,KG,2674.06,1000,USD,31.08.2025,101132.95
4500545,10,17.08.2025,2000116,40000104,MONOPROPYLENE GLYCOL USP,1020,30630.0,KG,1995.57,1000,USD,05.09.2025,61124.31
4501210,10,19.08.2025,2000115,40000109,METHYL ETHYL KETONE,1020,39470.0,KG,1520.0,1000,USD,31.08.2025,59994.4
4503702,10,19.08.2025,2000110,10000205,ETHANOL ANHYDROUS,1020,31800.0,KG,846.47,1000,USD,06.09.2025,26917.75
4504551,10,21.08.2025,2000113,10000210,BUTAN-1-OL,1020,59620.0,KG,1803.51,1000,USD,29.08.2025,107525.27
4502975,10,21.08.2025,2000106,10000108,TETRAISOPROPYL TITANATE CATALYST,1010,1380.0,KG,9169.53,1000,USD,04.09.2025,12653.95
4501405,10,2025-08-22,2000115,40000110,ISOPROPYL ALCOHOL,1020,39400.0,KG,1213.56,1000,USD,27.08.2025,47814.26
4501406,10,22.08.2025,2000115,40000110,ISOPROPYL ALCOHOL,1020,39400.0,KG,1210.17,1000,USD,31.08.2025,47680.7
4503163,10,23.08.2025,2000107,10000201,ACRYLIC ACID GLACIAL,1020,65240.0,KG,2524.47,1000,USD,08.09.2025,164696.42
4503843,10,2025-08-23,2000111,10000206,METHANOL,1020,35960.0,KG,471.53,1000,USD,09.09.2025,16956.22
4500142,10,24.08.2025,2000116,40000101,MONOETHYLENE GLYCOL,1020,31100.0,KG,1152.68,1000,USD,06.09.2025,35848.35
4501408,10,24.08.2025,2000115,40000110,ISOPROPYL ALCOHOL,1020,39400.0,KG,1228.28,1000,USD,02.09.2025,48394.23
4504550,10,2025-08-24,2000113,10000210,BUTAN-1-OL,1020,59620.0,KG,1803.65,1000,USD,10.09.2025,107533.61
4501059,10,25.08.2025,2000115,40000108,ACETONE,1020,37190.0,KG,1057.46,1000,USD,09.09.2025,39326.94
4503505,10,25.08.2025,2000109,10000204,ACETIC ACID GLACIAL,1020,61210.0,KG,952.04,1000,USD,11.09.2025,58274.37
4502020,10,25.08.2025,2000101,10000102,HYDROGEN,1010,39370.0,KG,2056.66,1000,USD,13.09.2025,80970.7
4500544,10,25.08.2025,2000116,40000104,MONOPROPYLENE GLYCOL USP,1020,30630.0,KG,1983.63,1000,USD,07.09.2025,60758.59
4501209,10,26.08.2025,2000115,40000109,METHYL ETHYL KETONE,1020,39470.0,KG,1550.74,1000,USD,31.08.2025,61207.71
4503316,10,26.08.2025,2000108,10000203,SULFURIC ACID 98%,1020,4590.0,KG,126.73,1000,USD,14.09.2025,581.69
4503259,10,26.08.2025,2000106,10000202,MEHQ INHIBITOR (4-METHOXYPHENOL),1020,110.0,KG,12497.09,1000,USD,31.08.2025,1374.68
4501861,10,26.08.2025,2000101,10000101,PROPYLENE POLYMER GRADE,1010,278970.0,KG,1166.33,1000,USD,01.09.2025,325371.08
4504041,10,27.08.2025,2000112,10000207,PROPYLENE OXIDE,1020,35310.0,KG,1820.32,1000,USD,09.09.2025,64275.5
4500663,10,01.09.2025,2000117,40000105,NEOPENTYL GLYCOL FLAKES,1020,28220.0,KG,2303.24,1000,USD,07.09.2025,64997.43
4502414,10,01.09.2025,2000104,10000104,ISONONANOL,1010,131230.0,KG,1426.52,1000,USD,12.09.2025,187202.22
4501412,10,01.09.2025,2000115,40000110,ISOPROPYL ALCOHOL,1020,33680.0,KG,1235.65,1000,USD,06.09.2025,41616.69
4500753,10,01.09.2025,2000117,40000106,TRIMETHYLOLPROPANE,1020,28010.0,KG,2707.53,1000,USD,16.09.2025,75837.92
4500317,10,01.09.2025,2000116,40000102,DIETHYLENE GLYCOL,1020,30050.0,KG,1332.3,1000,USD,10.09.2025,40035.62
4501634,10,01.09.2025,2000119,40000111,EPOXIDIZED SOYBEAN OIL,1020,44860.0,KG,2028.37,1000,USD,16.09.2025,90992.68
4503164,10,02.09.2025,2000107,10000201,ACRYLIC ACID GLACIAL,1020,72790.0,KG,2563.21,1000,USD,15.09.2025,186576.06
4503317,10,02.09.2025,2000108,10000203,SULFURIC ACID 98%,1020,5360.0,KG,130.17,1000,USD,20.09.2025,697.71
4503507,10,03.09.2025,2000109,10000204,ACETIC ACID GLACIAL,1020,73430.0,KG,957.52,1000,USD,20.09.2025,70310.69
4503508,10,03.09.2025,2000109,10000204,ACETIC ACID GLACIAL,1020,73430.0,KG,937.47,1000,USD,09.09.2025,68838.42
4502416,10,2025-09-03,2000104,10000104,ISONONANOL,1010,131230.0,KG,1476.89,1000,USD,18.09.2025,193812.27
4502220,10,03.09.2025,2000103,10000103,TEREPHTHALIC ACID PURIFIED,1010,27680.0,KG,1033.11,1000,USD,09.09.2025,28596.48
4504048,10,04.09.2025,2000112,10000207,PROPYLENE OXIDE,1020,51060.0,KG,1971.14,1000,USD,23.09.2025,100646.41
4504047,10,04.09.2025,2000112,10000207,PROPYLENE OXIDE,1020,51060.0,KG,1923.47,1000,USD,21.09.2025,98212.38
4502763,10,2025-09-05,2000105,10000106,ADIPIC ACID,1010,32470.0,KG,2259.92,1000,USD,24.09.2025,73379.6
4504555,10,05.09.2025,2000113,10000210,BUTAN-1-OL,1020,77840.0,KG,1749.21,1000,USD,14.09.2025,136158.51
4504046,10,05.09.2025,2000112,10000207,PROPYLENE OXIDE,1020,51060.0,KG,1896.11,1000,USD,17.09.2025,96815.38
4501213,10,06.09.2025,2000115,40000109,METHYL ETHYL KETONE,1020,31720.0,KG,1533.05,1000,USD,17.09.2025,48628.35
4504138,10,06.09.2025,2000108,10000208,SODIUM HYDROXIDE 50% SOLUTION,1020,540.0,KG,580.92,1000,USD,18.09.2025,313.7
4502765,10,06.09.2025,2000105,10000106,ADIPIC ACID,1010,32470.0,KG,2201.81,1000,USD,22.09.2025,71492.77
4500314,10,2025-09-07,2000116,40000102,DIETHYLENE GLYCOL,1020,30050.0,KG,1342.49,1000,USD,27.09.2025,40341.82
4503167,10,07.09.2025,2000107,10000201,ACRYLIC ACID GLACIAL,1020,72790.0,KG,2554.29,1000,USD,21.09.2025,185926.77
4500144,10,07.09.2025,2000116,40000101,MONOETHYLENE GLYCOL,1020,33550.0,KG,1180.12,1000,USD,20.09.2025,39593.03
4503509,10,08.09.2025,2000109,10000204,ACETIC ACID GLACIAL,1020,73430.0,KG,956.57,1000,USD,13.09.2025,70240.94
4503506,10,08.09.2025,2000109,10000204,ACETIC ACID GLACIAL,1020,73430.0,KG,938.43,1000,USD,24.09.2025,68908.91
4504326,10,08.09.2025,2000114,10000209,OCTANOL 2-ETHYL TECH GRADE,1020,53830.0,KG,2000.35,1000,USD,28.09.2025,107678.84
4501865,10,08.09.2025,2000101,10000101,PROPYLENE POLYMER GRADE,1010,257890.0,KG,1175.77,1000,USD,15.09.2025,303219.33
4501212,10,08.09.2025,2000115,40000109,METHYL ETHYL KETONE,1020,31720.0,KG,1545.61,1000,USD,16.09.2025,49026.75
4503166,10,09.09.2025,2000107,10000201,ACRYLIC ACID GLACIAL,1020,72790.0,KG,2526.94,1000,USD,24.09.2025,183935.96
4501061,10,09.09.2025,2000115,40000108,ACETONE,1020,60390.0,KG,1049.45,1000,USD,22.09.2025,63376.29
4502221,10,10.09.2025,2000103,10000103,TEREPHTHALIC ACID PURIFIED,1010,27680.0,KG,1025.95,1000,USD,15.09.2025,28398.3
4502976,10,11.09.2025,2000106,10000108,TETRAISOPROPYL TITANATE CATALYST,1010,1480.0,KG,9473.96,1000,USD,27.09.2025,14021.46
4502417,10,11.09.2025,2000104,10000104,ISONONANOL,1010,131230.0,KG,1451.37,1000,USD,20.09.2025,190463.29
4502905,10,12.09.2025,2000105,10000107,TRIMELLITIC ANHYDRIDE,1010,37460.0,KG,2735.01,1000,USD,19.09.2025,102453.47
4502022,10,12.09.2025,2000101,10000102,HYDROGEN,1010,39180.0,KG,2103.77,1000,USD,26.09.2025,82425.71
4501863,10,12.09.2025,2000101,10000101,PROPYLENE POLYMER GRADE,1010,257890.0,KG,1151.2,1000,USD,25.09.2025,296882.97
4503846,10,12.09.2025,2000111,10000206,METHANOL,1020,29390.0,KG,470.76,1000,USD,21.09.2025,13835.64
4501409,10,12.09.2025,2000115,40000110,ISOPROPYL ALCOHOL,1020,33680.0,KG,1223.66,1000,USD,24.09.2025,41212.87
4503165,10,12.09.2025,2000107,10000201,ACRYLIC ACID GLACIAL,1020,72790.0,KG,2478.96,1000,USD,25.09.2025,180443.5
4504552,10,13.09.2025,2000114,10000210,BUTAN-1-OL,1020,77840.0,KG,1925.48,1000,USD,02.10.2025,149879.36
4502021,10,13.09.2025,2000101,10000102,HYDROGEN,1010,39180.0,KG,2109.93,1000,USD,19.09.2025,82667.06
4503706,10,13.09.2025,2000110,10000205,ETHANOL ANHYDROUS,1020,32560.0,KG,844.37,1000,USD,23.09.2025,27492.69
4502602,10,14.09.2025,2000103,10000105,PHTHALIC ANHYDRIDE,1010,70120.0,KG,1164.53,1000,USD,02.10.2025,81656.84
4501862,10,14.09.2025,2000101,10000101,PROPYLENE POLYMER GRADE,1010,257890.0,KG,1194.19,1000,USD,22.09.2025,307969.66
4502415,10,15.09.2025,2000104,10000104,ISONONANOL,1010,131230.0,KG,1473.6,1000,USD,05.10.2025,193380.53
4504648,10,16.09.2025,2000115,10000109,CLEANING SOLVENT - GLYCOL ETHER,1010,2300.0,KG,2015.27,1000,USD,06.10.2025,4635.12
4501064,10,16.09.2025,2000115,40000108,ACETONE,1020,60390.0,KG,1066.39,1000,USD,28.09.2025,64399.29
4504554,10,16.09.2025,2000113,10000210,BUTAN-1-OL,1020,77840.0,KG,1822.39,1000,USD,22.09.2025,141854.84
4500547,10,17.09.2025,2000116,40000104,MONOPROPYLENE GLYCOL USP,1020,31780.0,KG,2042.26,1000,USD,02.10.2025,64903.02
4500876,10,17.09.2025,2000118,40000107,METHYL METHACRYLATE,1020,22710.0,KG,2238.93,1000,USD,07.10.2025,50846.1
4500548,10,2025-09-17,2000116,40000104,MONOPROPYLENE GLYCOL USP,1020,31780.0,KG,1979.33,1000,USD,01.10.2025,62903.11
4500664,10,17.09.2025,2000117,40000105,NEOPENTYL GLYCOL FLAKES,1020,28220.0,KG,2383.55,1000,USD,02.10.2025,67263.78
4500146,10,17.09.2025,2000116,40000101,MONOETHYLENE GLYCOL,1020,33550.0,KG,1170.78,1000,USD,22.09.2025,39279.67
4504325,10,19.09.2025,2000113,10000209,OCTANOL 2-ETHYL TECH GRADE,1020,53830.0,KG,1964.23,1000,USD,03.10.2025,105734.5
4501636,10,20.09.2025,2000119,40000111,EPOXIDIZED SOYBEAN OIL,1020,44860.0,KG,2096.37,1000,USD,06.10.2025,94043.16
4501211,10,20.09.2025,2000115,40000109,METHYL ETHYL KETONE,1020,31720.0,KG,1521.24,1000,USD,25.09.2025,48253.73
4503847,10,20.09.2025,2000111,10000206,METHANOL,1020,29390.0,KG,486.69,1000,USD,01.10.2025,14303.82
4502600,10,20.09.2025,2000103,10000105,PHTHALIC ANHYDRIDE,1010,70120.0,KG,1168.12,1000,USD,30.09.2025,81908.57
4501411,10,20.09.2025,2000115,40000110,ISOPROPYL ALCOHOL,1020,33680.0,KG,1209.6,1000,USD,02.10.2025,40739.33
4503704,10,21.09.2025,2000110,10000205,ETHANOL ANHYDROUS,1020,32560.0,KG,863.49,1000,USD,05.10.2025,28115.23
4502906,10,2025-09-21,2000105,10000107,TRIMELLITIC ANHYDRIDE,1010,37460.0,KG,2734.86,1000,USD,29.09.2025,102447.86
4501637,10,22.09.2025,2000119,40000111,EPOXIDIZED SOYBEAN OIL,1020,44860.0,KG,2139.68,1000,USD,09.10.2025,95986.04
4500875,10,22.09.2025,2000118,40000107,METHYL METHACRYLATE,1020,22710.0,KG,2161.64,1000,USD,09.10.2025,49090.84
4501410,10,22.09.2025,2000115,40000110,ISOPROPYL ALCOHOL,1020,33680.0,KG,1222.58,1000,USD,10.10.2025,41176.49
4504045,10,22.09.2025,2000112,10000207,PROPYLENE OXIDE,1020,51060.0,KG,1968.4,1000,USD,05.10.2025,100506.5
4502764,10,2025-09-23,2000105,10000106,ADIPIC ACID,1010,32470.0,KG,2220.09,1000,USD,02.10.2025,72086.32
4503705,10,2025-09-23,2000110,10000205,ETHANOL ANHYDROUS,1020,32560.0,KG,852.29,1000,USD,09.10.2025,27750.56
4501063,10,23.09.2025,2000115,40000108,ACETONE,1020,60390.0,KG,1075.16,1000,USD,30.09.2025,64928.91
4500145,10,23.09.2025,2000116,40000101,MONOETHYLENE GLYCOL,1020,33550.0,KG,1210.49,1000,USD,29.09.2025,40611.94
4501062,10,24.09.2025,2000115,40000108,ACETONE,1020,60390.0,KG,1032.65,1000,USD,10.10.2025,62361.73
4500316,10,24.09.2025,2000116,40000102,DIETHYLENE GLYCOL,1020,30050.0,KG,1287.62,1000,USD,12.10.2025,38692.98
4500315,10,25.09.2025,2000116,40000102,DIETHYLENE GLYCOL,1020,30050.0,KG,1349.98,1000,USD,14.10.2025,40566.9
4502219,10,25.09.2025,2000103,10000103,TEREPHTHALIC ACID PURIFIED,1010,27680.0,KG,1012.33,1000,USD,05.10.2025,28021.29
4500662,10,25.09.2025,2000117,40000105,NEOPENTYL GLYCOL FLAKES,1020,28220.0,KG,2384.17,1000,USD,10.10.2025,67281.28
4502599,10,26.09.2025,2000103,10000105,PHTHALIC ANHYDRIDE,1010,70120.0,KG,1143.26,1000,USD,03.10.2025,80165.39
4502601,10,26.09.2025,2000103,10000105,PHTHALIC ANHYDRIDE,1010,70120.0,KG,1155.72,1000,USD,08.10.2025,81039.09
4501864,10,27.09.2025,2000101,10000101,PROPYLENE POLYMER GRADE,1010,257890.0,KG,1148.88,1000,USD,08.10.2025,296284.66
4503260,10,27.09.2025,2000106,10000202,MEHQ INHIBITOR (4-METHOXYPHENOL),1020,120.0,KG,12358.88,1000,USD,14.10.2025,1483.07
4501635,10,27.09.2025,2000119,40000111,EPOXIDIZED SOYBEAN OIL,1020,44860.0,KG,2101.81,1000,USD,05.10.2025,94287.2
4504324,10,27.09.2025,2000113,10000209,OCTANOL 2-ETHYL TECH GRADE,1020,53830.0,KG,1973.42,1000,USD,11.10.2025,106229.2
4503845,10,27.09.2025,2000111,10000206,METHANOL,1020,29390.0,KG,469.0,1000,USD,10.10.2025,13783.91
4504327,10,27.09.2025,2000114,10000209,OCTANOL 2-ETHYL TECH GRADE,1020,53830.0,KG,2016.57,1000,USD,09.10.2025,108551.96
4504553,10,27.09.2025,2000113,10000210,BUTAN-1-OL,1020,77840.0,KG,1812.0,1000,USD,05.10.2025,141046.08
4500665,10,01.10.2025,2000117,40000105,NEOPENTYL GLYCOL FLAKES,1020,34190.0,KG,2319.69,1000,USD,11.10.2025,79310.2
4501415,10,02.10.2025,2000115,40000110,ISOPROPYL ALCOHOL,1020,49890.0,KG,1158.16,1000,USD,12.10.2025,57780.6
4501416,10,02.10.2025,2000115,40000110,ISOPROPYL ALCOHOL,1020,49890.0,KG,1211.12,1000,USD,10.10.2025,60422.78
4501867,10,02.10.2025,2000101,10000101,PROPYLENE POLYMER GRADE,1010,253170.0,KG,1162.28,1000,USD,22.10.2025,294254.43
4504328,10,02.10.2025,2000113,10000209,OCTANOL 2-ETHYL TECH GRADE,1020,48120.0,KG,1957.8,1000,USD,07.10.2025,94209.34
4504329,10,02.10.2025,2000114,10000209,OCTANOL 2-ETHYL TECH GRADE,1020,48120.0,KG,2047.32,1000,USD,17.10.2025,98517.04
4500549,10,03.10.2025,2000116,40000104,MONOPROPYLENE GLYCOL USP,1020,33650.0,KG,1992.99,1000,USD,16.10.2025,67064.11
4504051,10,03.10.2025,2000112,10000207,PROPYLENE OXIDE,1020,54090.0,KG,1852.65,1000,USD,19.10.2025,100209.84
4501869,10,04.10.2025,2000101,10000101,PROPYLENE POLYMER GRADE,1010,253170.0,KG,1138.93,1000,USD,16.10.2025,288342.91
4502418,10,05.10.2025,2000104,10000104,ISONONANOL,1010,131620.0,KG,1408.58,1000,USD,22.10.2025,185397.3
4502767,10,05.10.2025,2000105,10000106,ADIPIC ACID,1010,21640.0,KG,2219.45,1000,USD,12.10.2025,48028.9
4501068,10,05.10.2025,2000115,40000108,ACETONE,1020,30730.0,KG,1080.1,1000,USD,17.10.2025,33191.47
4502419,10,05.10.2025,2000104,10000104,ISONONANOL,1010,131620.0,KG,1438.67,1000,USD,21.10.2025,189357.75
4503171,10,07.10.2025,2000107,10000201,ACRYLIC ACID GLACIAL,1020,59710.0,KG,2525.93,1000,USD,24.10.2025,150823.28
4502024,10,08.10.2025,2000102,10000102,HYDROGEN,1010,38820.0,KG,2110.26,1000,USD,20.10.2025,81920.29
4502222,10,08.10.2025,2000103,10000103,TEREPHTHALIC ACID PURIFIED,1010,27150.0,KG,1025.37,1000,USD,18.10.2025,27838.8
4501641,10,08.10.2025,2000119,40000111,EPOXIDIZED SOYBEAN OIL,1020,76190.0,KG,2072.4,1000,USD,21.10.2025,157896.16
4503261,10,08.10.2025,2000106,10000202,MEHQ INHIBITOR (4-METHOXYPHENOL),1020,100.0,KG,12992.36,1000,USD,17.10.2025,1299.24
4503513,10,08.10.2025,2000109,10000204,ACETIC ACID GLACIAL,1020,78170.0,KG,945.45,1000,USD,23.10.2025,73905.83
4500320,10,09.10.2025,2000116,40000102,DIETHYLENE GLYCOL,1020,53330.0,KG,1343.51,1000,USD,22.10.2025,71649.39
4504052,10,10.10.2025,2000112,10000207,PROPYLENE OXIDE,1020,54090.0,KG,1836.35,1000,USD,18.10.2025,99328.17
4500754,10,10.10.2025,2000117,40000106,TRIMETHYLOLPROPANE,1020,25270.0,KG,2789.39,1000,USD,25.10.2025,70487.89
4502907,10,10.10.2025,2000105,10000107,TRIMELLITIC ANHYDRIDE,1010,34290.0,KG,2705.69,1000,USD,16.10.2025,92778.11
4500318,10,10.10.2025,2000116,40000102,DIETHYLENE GLYCOL,1020,53330.0,KG,1361.85,1000,USD,19.10.2025,72627.46
4504557,10,11.10.2025,2000114,10000210,BUTAN-1-OL,1020,66100.0,KG,1830.59,1000,USD,17.10.2025,121002.0
4504331,10,11.10.2025,2000113,10000209,OCTANOL 2-ETHYL TECH GRADE,1020,48120.0,KG,1981.06,1000,USD,20.10.2025,95328.61
4501640,10,12.10.2025,2000119,40000111,EPOXIDIZED SOYBEAN OIL,1020,76190.0,KG,2092.18,1000,USD,31.10.2025,159403.19
4503511,10,12.10.2025,2000109,10000204,ACETIC ACID GLACIAL,1020,78170.0,KG,940.03,1000,USD,20.10.2025,73482.15
4502420,10,12.10.2025,2000104,10000104,ISONONANOL,1010,131620.0,KG,1382.6,1000,USD,27.10.2025,181977.81
4500147,10,2025-10-12,2000116,40000101,MONOETHYLENE GLYCOL,1020,36530.0,KG,1153.3,1000,USD,31.10.2025,42130.05
4504330,10,13.10.2025,2000114,10000209,OCTANOL 2-ETHYL TECH GRADE,1020,48120.0,KG,2005.32,1000,USD,29.10.2025,96496.0
4502421,10,13.10.2025,2000104,10000104,ISONONANOL,1010,131620.0,KG,1395.94,1000,USD,18.10.2025,183733.62
4502606,10,15.10.2025,2000103,10000105,PHTHALIC ANHYDRIDE,1010,64480.0,KG,1170.35,1000,USD,26.10.2025,75464.17
4502908,10,15.10.2025,2000105,10000107,TRIMELLITIC ANHYDRIDE,1010,34290.0,KG,2838.11,1000,USD,20.10.2025,97318.79
4504139,10,15.10.2025,2000108,10000208,SODIUM HYDROXIDE 50% SOLUTION,1020,560.0,KG,590.45,1000,USD,04.11.2025,330.65
4500877,10,15.10.2025,2000118,40000107,METHYL METHACRYLATE,1020,32240.0,KG,2198.52,1000,USD,03.11.2025,70880.28
4502023,10,16.10.2025,2000101,10000102,HYDROGEN,1010,38820.0,KG,2117.52,1000,USD,24.10.2025,82202.13
4503510,10,2025-10-16,2000109,10000204,ACETIC ACID GLACIAL,1020,78170.0,KG,961.45,1000,USD,31.10.2025,75156.55
4500878,10,17.10.2025,2000118,40000107,METHYL METHACRYLATE,1020,32240.0,KG,2212.49,1000,USD,06.11.2025,71330.68
4501214,10,17.10.2025,2000115,40000109,METHYL ETHYL KETONE,1020,28470.0,KG,1527.37,1000,USD,25.10.2025,43484.22
4502605,10,17.10.2025,2000103,10000105,PHTHALIC ANHYDRIDE,1010,64480.0,KG,1199.87,1000,USD,26.10.2025,77367.62
4501866,10,17.10.2025,2000101,10000101,PROPYLENE POLYMER GRADE,1010,253170.0,KG,1100.71,1000,USD,23.10.2025,278666.75
4502603,10,18.10.2025,2000103,10000105,PHTHALIC ANHYDRIDE,1010,64480.0,KG,1167.67,1000,USD,07.11.2025,75291.36
4501414,10,18.10.2025,2000115,40000110,ISOPROPYL ALCOHOL,1020,49890.0,KG,1234.84,1000,USD,03.11.2025,61606.17
4500321,10,18.10.2025,2000116,40000102,DIETHYLENE GLYCOL,1020,53330.0,KG,1320.85,1000,USD,24.10.2025,70440.93
4503850,10,18.10.2025,2000111,10000206,METHANOL,1020,27010.0,KG,467.28,1000,USD,30.10.2025,12621.23
4503709,10,19.10.2025,2000110,10000205,ETHANOL ANHYDROUS,1020,33880.0,KG,857.09,1000,USD,25.10.2025,29038.21
4504558,10,2025-10-19,2000114,10000210,BUTAN-1-OL,1020,66100.0,KG,1854.11,1000,USD,03.11.2025,122556.67
4503708,10,19.10.2025,2000110,10000205,ETHANOL ANHYDROUS,1020,33880.0,KG,854.02,1000,USD,02.11.2025,28934.2
4503707,10,19.10.2025,2000110,10000205,ETHANOL ANHYDROUS,1020,33880.0,KG,860.49,1000,USD,26.10.2025,29153.4
4501638,10,19.10.2025,2000119,40000111,EPOXIDIZED SOYBEAN OIL,1020,76190.0,KG,2206.09,1000,USD,06.11.2025,168082.0
4503849,10,19.10.2025,2000111,10000206,METHANOL,1020,27010.0,KG,488.16,1000,USD,27.10.2025,13185.2
4500879,10,20.10.2025,2000118,40000107,METHYL METHACRYLATE,1020,32240.0,KG,2292.09,1000,USD,03.11.2025,73896.98
4501639,10,2025-10-20,2000119,40000111,EPOXIDIZED SOYBEAN OIL,1020,76190.0,KG,2164.3,1000,USD,25.10.2025,164898.02
4504649,10,20.10.2025,2000115,10000109,CLEANING SOLVENT - GLYCOL ETHER,1010,2400.0,KG,2003.2,1000,USD,02.11.2025,4807.68
4501868,10,20.10.2025,2000101,10000101,PROPYLENE POLYMER GRADE,1010,253170.0,KG,1179.0,1000,USD,25.10.2025,298487.43
4502766,10,21.10.2025,2000105,10000106,ADIPIC ACID,1010,21640.0,KG,2146.21,1000,USD,30.10.2025,46443.98
4500148,10,21.10.2025,2000116,40000101,MONOETHYLENE GLYCOL,1020,36530.0,KG,1223.26,1000,USD,08.11.2025,44685.69
4504050,10,21.10.2025,2000112,10000207,PROPYLENE OXIDE,1020,54090.0,KG,1928.99,1000,USD,02.11.2025,104339.07
4502224,10,21.10.2025,2000103,10000103,TEREPHTHALIC ACID PURIFIED,1010,27150.0,KG,972.17,1000,USD,06.11.2025,26394.42
4503170,10,22.10.2025,2000107,10000201,ACRYLIC ACID GLACIAL,1020,59710.0,KG,2591.2,1000,USD,01.11.2025,154720.55
4500755,10,22.10.2025,2000117,40000106,TRIMETHYLOLPROPANE,1020,25270.0,KG,2783.71,1000,USD,02.11.2025,70344.35
4503318,10,2025-10-22,2000108,10000203,SULFURIC ACID 98%,1020,5260.0,KG,124.48,1000,USD,05.11.2025,654.76
4504559,10,2025-10-22,2000113,10000210,BUTAN-1-OL,1020,66100.0,KG,1786.53,1000,USD,27.10.2025,118089.63
4500666,10,22.10.2025,2000117,40000105,NEOPENTYL GLYCOL FLAKES,1020,34190.0,KG,2289.35,1000,USD,31.10.2025,78272.88
4501413,10,22.10.2025,2000115,40000110,ISOPROPYL ALCOHOL,1020,49890.0,KG,1205.61,1000,USD,29.10.2025,60147.88
4501066,10,23.10.2025,2000115,40000108,ACETONE,1020,30730.0,KG,1058.06,1000,USD,29.10.2025,32514.18
4503512,10,23.10.2025,2000109,10000204,ACETIC ACID GLACIAL,1020,78170.0,KG,929.55,1000,USD,03.11.2025,72662.92
4500550,10,24.10.2025,2000116,40000104,MONOPROPYLENE GLYCOL USP,1020,33650.0,KG,2045.68,1000,USD,10.11.2025,68837.13
4503848,10,24.10.2025,2000111,10000206,METHANOL,1020,27010.0,KG,489.86,1000,USD,04.11.2025,13231.12
4503169,10,24.10.2025,2000107,10000201,ACRYLIC ACID GLACIAL,1020,59710.0,KG,2548.49,1000,USD,11.11.2025,152170.34
4501067,10,25.10.2025,2000115,40000108,ACETONE,1020,30730.0,KG,1029.18,1000,USD,03.11.2025,31626.7
4504049,10,25.10.2025,2000112,10000207,PROPYLENE OXIDE,1020,54090.0,KG,1879.35,1000,USD,31.10.2025,101654.04
4501065,10,25.10.2025,2000115,40000108,ACETONE,1020,30730.0,KG,1049.96,1000,USD,31.10.2025,32265.27
4500319,10,2025-10-25,2000116,40000102,DIETHYLENE GLYCOL,1020,53330.0,KG,1312.49,1000,USD,05.11.2025,69995.09
4504556,10,26.10.2025,2000113,10000210,BUTAN-1-OL,1020,66100.0,KG,1774.29,1000,USD,14.11.2025,117280.57
4503168,10,27.10.2025,2000107,10000201,ACRYLIC ACID GLACIAL,1020,59710.0,KG,2656.72,1000,USD,05.11.2025,158632.75
4502223,10,2025-10-27,2000103,10000103,TEREPHTHALIC ACID PURIFIED,1010,27150.0,KG,988.86,1000,USD,01.11.2025,26847.55
4502977,10,27.10.2025,2000106,10000108,TETRAISOPROPYL TITANATE CATALYST,1010,1170.0,KG,9442.18,1000,USD,07.11.2025,11047.35
4502604,10,27.10.2025,2000103,10000105,PHTHALIC ANHYDRIDE,1010,64480.0,KG,1147.99,1000,USD,16.11.2025,74022.4
4501215,10,27.10.2025,2000115,40000109,METHYL ETHYL KETONE,1020,28470.0,KG,1546.21,1000,USD,13.11.2025,44020.6
4502423,10,01.11.2025,2000104,10000104,ISONONANOL,1010,125080.0,KG,1398.78,1000,USD,13.11.2025,174959.4
4503515,10,01.11.2025,2000109,10000204,ACETIC ACID GLACIAL,1020,88620.0,KG,981.29,1000,USD,06.11.2025,86961.92
4502910,10,01.11.2025,2000105,10000107,TRIMELLITIC ANHYDRIDE,1010,26350.0,KG,2654.35,1000,USD,18.11.2025,69942.12
4504054,10,01.11.2025,2000112,10000207,PROPYLENE OXIDE,1020,33720.0,KG,1869.75,1000,USD,07.11.2025,63047.97
4500323,10,02.11.2025,2000116,40000102,DIETHYLENE GLYCOL,1020,34770.0,KG,1317.48,1000,USD,11.11.2025,45808.78
4500880,10,02.11.2025,2000118,40000107,METHYL METHACRYLATE,1020,36940.0,KG,2202.19,1000,USD,16.11.2025,81348.9
4500395,10,02.11.2025,2000116,40000103,TRIETHYLENE GLYCOL,1020,21800.0,KG,1779.76,1000,USD,09.11.2025,38798.77
4500881,10,2025-11-02,2000118,40000107,METHYL METHACRYLATE,1020,36940.0,KG,2294.07,1000,USD,18.11.2025,84742.95
4501217,10,02.11.2025,2000115,40000109,METHYL ETHYL KETONE,1020,29440.0,KG,1548.19,1000,USD,18.11.2025,45578.71
4503712,10,03.11.2025,2000110,10000205,ETHANOL ANHYDROUS,1020,43280.0,KG,833.66,1000,USD,19.11.2025,36080.8
4500882,10,04.11.2025,2000118,40000107,METHYL METHACRYLATE,1020,36940.0,KG,2283.27,1000,USD,21.11.2025,84343.99
4501643,10,04.11.2025,2000119,40000111,EPOXIDIZED SOYBEAN OIL,1020,50070.0,KG,2077.21,1000,USD,21.11.2025,104005.9
4502226,10,04.11.2025,2000103,10000103,TEREPHTHALIC ACID PURIFIED,1010,28390.0,KG,983.13,1000,USD,15.11.2025,27911.06
4503175,10,04.11.2025,2000107,10000201,ACRYLIC ACID GLACIAL,1020,64800.0,KG,2501.93,1000,USD,12.11.2025,162125.06
4504334,10,05.11.2025,2000113,10000209,OCTANOL 2-ETHYL TECH GRADE,1020,36050.0,KG,1943.31,1000,USD,21.11.2025,70056.33
4504335,10,05.11.2025,2000113,10000209,OCTANOL 2-ETHYL TECH GRADE,1020,36050.0,KG,1891.86,1000,USD,10.11.2025,68201.55
4502424,10,06.11.2025,2000104,10000104,ISONONANOL,1010,125080.0,KG,1380.14,1000,USD,15.11.2025,172627.91
4502607,10,06.11.2025,2000103,10000105,PHTHALIC ANHYDRIDE,1010,63250.0,KG,1133.1,1000,USD,24.11.2025,71668.58
4504056,10,07.11.2025,2000112,10000207,PROPYLENE OXIDE,1020,33720.0,KG,1876.21,1000,USD,24.11.2025,63265.8
4504332,10,07.11.2025,2000114,10000209,OCTANOL 2-ETHYL TECH GRADE,1020,36050.0,KG,2055.03,1000,USD,25.11.2025,74083.83
4500668,10,08.11.2025,2000117,40000105,NEOPENTYL GLYCOL FLAKES,1020,37630.0,KG,2327.52,1000,USD,18.11.2025,87584.58
4501420,10,08.11.2025,2000115,40000110,ISOPROPYL ALCOHOL,1020,51880.0,KG,1236.32,1000,USD,13.11.2025,64140.28
4504140,10,09.11.2025,2000108,10000208,SODIUM HYDROXIDE 50% SOLUTION,1020,380.0,KG,594.78,1000,USD,25.11.2025,226.02
4502608,10,09.11.2025,2000103,10000105,PHTHALIC ANHYDRIDE,1010,63250.0,KG,1153.02,1000,USD,19.11.2025,72928.52
4502609,10,09.11.2025,2000103,10000105,PHTHALIC ANHYDRIDE,1010,63250.0,KG,1145.2,1000,USD,18.11.2025,72433.9
4500151,10,10.11.2025,2000116,40000101,MONOETHYLENE GLYCOL,1020,36720.0,KG,1192.72,1000,USD,16.11.2025,43796.68
4501069,10,2025-11-11,2000115,40000108,ACETONE,1020,39950.0,KG,1047.84,1000,USD,17.11.2025,41861.21
4504561,10,12.11.2025,2000114,10000210,BUTAN-1-OL,1020,72440.0,KG,1898.48,1000,USD,20.11.2025,137525.89
4502425,10,13.11.2025,2000104,10000104,ISONONANOL,1010,125080.0,KG,1423.59,1000,USD,30.11.2025,178062.64
4504562,10,13.11.2025,2000113,10000210,BUTAN-1-OL,1020,72440.0,KG,1833.72,1000,USD,03.12.2025,132834.68
4501417,10,13.11.2025,2000115,40000110,ISOPROPYL ALCOHOL,1020,51880.0,KG,1194.84,1000,USD,29.11.2025,61988.3
4501645,10,2025-11-14,2000119,40000111,EPOXIDIZED SOYBEAN OIL,1020,50070.0,KG,2035.77,1000,USD,29.11.2025,101931.0
4503262,10,14.11.2025,2000106,10000202,MEHQ INHIBITOR (4-METHOXYPHENOL),1020,100.0,KG,12899.75,1000,USD,25.11.2025,1289.97
4503710,10,14.11.2025,2000110,10000205,ETHANOL ANHYDROUS,1020,43280.0,KG,852.01,1000,USD,21.11.2025,36874.99
4500394,10,2025-11-14,2000116,40000103,TRIETHYLENE GLYCOL,1020,21800.0,KG,1774.16,1000,USD,21.11.2025,38676.69
4502225,10,14.11.2025,2000103,10000103,TEREPHTHALIC ACID PURIFIED,1010,28390.0,KG,1016.09,1000,USD,04.12.2025,28846.8
4500551,10,15.11.2025,2000116,40000104,MONOPROPYLENE GLYCOL USP,1020,33320.0,KG,1984.88,1000,USD,05.12.2025,66136.2
4500757,10,15.11.2025,2000117,40000106,TRIMETHYLOLPROPANE,1020,35320.0,KG,2698.88,1000,USD,26.11.2025,95324.44
4503174,10,15.11.2025,2000107,10000201,ACRYLIC ACID GLACIAL,1020,64800.0,KG,2470.58,1000,USD,24.11.2025,160093.58
4504333,10,16.11.2025,2000114,10000209,OCTANOL 2-ETHYL TECH GRADE,1020,36050.0,KG,2033.3,1000,USD,23.11.2025,73300.46
4501870,10,16.11.2025,2000101,10000101,PROPYLENE POLYMER GRADE,1010,257710.0,KG,1143.11,1000,USD,06.12.2025,294590.88
4501872,10,17.11.2025,2000101,10000101,PROPYLENE POLYMER GRADE,1010,257710.0,KG,1134.61,1000,USD,26.11.2025,292400.34
4502768,10,17.11.2025,2000105,10000106,ADIPIC ACID,1010,37130.0,KG,2168.24,1000,USD,03.12.2025,80506.75
4500322,10,2025-11-17,2000116,40000102,DIETHYLENE GLYCOL,1020,34770.0,KG,1282.74,1000,USD,01.12.2025,44600.87
4500150,10,17.11.2025,2000116,40000101,MONOETHYLENE GLYCOL,1020,36720.0,KG,1166.36,1000,USD,29.11.2025,42828.74
4501642,10,18.11.2025,2000119,40000111,EPOXIDIZED SOYBEAN OIL,1020,50070.0,KG,2138.43,1000,USD,05.12.2025,107071.19
4502610,10,18.11.2025,2000103,10000105,PHTHALIC ANHYDRIDE,1010,63250.0,KG,1170.51,1000,USD,02.12.2025,74034.76
4504055,10,19.11.2025,2000112,10000207,PROPYLENE OXIDE,1020,33720.0,KG,1851.43,1000,USD,06.12.2025,62430.22
4503851,10,19.11.2025,2000111,10000206,METHANOL,1020,35370.0,KG,475.44,1000,USD,27.11.2025,16816.31
4503517,10,19.11.2025,2000109,10000204,ACETIC ACID GLACIAL,1020,88620.0,KG,947.13,1000,USD,09.12.2025,83934.66
4502422,10,19.11.2025,2000104,10000104,ISONONANOL,1010,125080.0,KG,1422.84,1000,USD,06.12.2025,177968.83
4503516,10,20.11.2025,2000109,10000204,ACETIC ACID GLACIAL,1020,88620.0,KG,927.35,1000,USD,30.11.2025,82181.76
4504560,10,20.11.2025,2000114,10000210,BUTAN-1-OL,1020,72440.0,KG,1883.93,1000,USD,08.12.2025,136471.89
4504563,10,20.11.2025,2000114,10000210,BUTAN-1-OL,1020,72440.0,KG,1857.39,1000,USD,09.12.2025,134549.33
4500756,10,21.11.2025,2000117,40000106,TRIMETHYLOLPROPANE,1020,35320.0,KG,2701.55,1000,USD,11.12.2025,95418.75
4501871,10,21.11.2025,2000101,10000101,PROPYLENE POLYMER GRADE,1010,257710.0,KG,1120.23,1000,USD,09.12.2025,288694.47
4502025,10,21.11.2025,2000101,10000102,HYDROGEN,1010,37730.0,KG,2084.42,1000,USD,02.12.2025,78645.17
4501873,10,21.11.2025,2000101,10000101,PROPYLENE POLYMER GRADE,1010,257710.0,KG,1136.01,1000,USD,01.12.2025,292761.14
4502909,10,21.11.2025,2000105,10000107,TRIMELLITIC ANHYDRIDE,1010,26350.0,KG,2630.8,1000,USD,07.12.2025,69321.58
4503713,10,22.11.2025,2000110,10000205,ETHANOL ANHYDROUS,1020,43280.0,KG,847.14,1000,USD,07.12.2025,36664.22
4504650,10,22.11.2025,2000115,10000109,CLEANING SOLVENT - GLYCOL ETHER,1010,2400.0,KG,1980.71,1000,USD,08.12.2025,4753.7
4501644,10,22.11.2025,2000119,40000111,EPOXIDIZED SOYBEAN OIL,1020,50070.0,KG,2046.51,1000,USD,28.11.2025,102468.76
4502978,10,22.11.2025,2000106,10000108,TETRAISOPROPYL TITANATE CATALYST,1010,1210.0,KG,9421.74,1000,USD,09.12.2025,11400.31
4504053,10,23.11.2025,2000112,10000207,PROPYLENE OXIDE,1020,33720.0,KG,1880.87,1000,USD,10.12.2025,63422.94
4500552,10,23.11.2025,2000116,40000104,MONOPROPYLENE GLYCOL USP,1020,33320.0,KG,2012.8,1000,USD,04.12.2025,67066.5
4500149,10,23.11.2025,2000116,40000101,MONOETHYLENE GLYCOL,1020,36720.0,KG,1202.92,1000,USD,05.12.2025,44171.22
4502769,10,23.11.2025,2000105,10000106,ADIPIC ACID,1010,37130.0,KG,2237.54,1000,USD,08.12.2025,83079.86
4503852,10,23.11.2025,2000111,10000206,METHANOL,1020,35370.0,KG,474.15,1000,USD,05.12.2025,16770.69
4503319,10,24.11.2025,2000108,10000203,SULFURIC ACID 98%,1020,5250.0,KG,123.06,1000,USD,05.12.2025,646.07
4503711,10,2025-11-24,2000110,10000205,ETHANOL ANHYDROUS,1020,43280.0,KG,835.12,1000,USD,13.12.2025,36143.99
4503173,10,24.11.2025,2000107,10000201,ACRYLIC ACID GLACIAL,1020,64800.0,KG,2512.12,1000,USD,05.12.2025,162785.38
4501216,10,26.11.2025,2000115,40000109,METHYL ETHYL KETONE,1020,29440.0,KG,1520.63,1000,USD,12.12.2025,44767.35
4502026,10,26.11.2025,2000101,10000102,HYDROGEN,1010,37730.0,KG,2068.77,1000,USD,02.12.2025,78054.69
4501419,10,26.11.2025,2000115,40000110,ISOPROPYL ALCOHOL,1020,51880.0,KG,1231.25,1000,USD,07.12.2025,63877.25
4503172,10,27.11.2025,2000107,10000201,ACRYLIC ACID GLACIAL,1020,64800.0,KG,2624.3,1000,USD,09.12.2025,170054.64
4501070,10,27.11.2025,2000115,40000108,ACETONE,1020,39950.0,KG,994.74,1000,USD,13.12.2025,39739.86
4500324,10,27.11.2025,2000116,40000102,DIETHYLENE GLYCOL,1020,34770.0,KG,1327.97,1000,USD,08.12.2025,46173.52
4501418,10,27.11.2025,2000115,40000110,ISOPROPYL ALCOHOL,1020,51880.0,KG,1195.33,1000,USD,08.12.2025,62013.72
4500667,10,27.11.2025,2000117,40000105,NEOPENTYL GLYCOL FLAKES,1020,37630.0,KG,2370.16,1000,USD,05.12.2025,89189.12
4503514,10,27.11.2025,2000109,10000204,ACETIC ACID GLACIAL,1020,88620.0,KG,936.65,1000,USD,08.12.2025,83005.92
4504059,10,01.12.2025,2000112,10000207,PROPYLENE OXIDE,1020,44400.0,KG,1933.13,1000,USD,20.12.2025,85830.97
4500884,10,02.12.2025,2000118,40000107,METHYL METHACRYLATE,1020,32540.0,KG,2225.45,1000,USD,20.12.2025,72416.14
4503177,10,02.12.2025,2000107,10000201,ACRYLIC ACID GLACIAL,1020,79050.0,KG,2551.27,1000,USD,19.12.2025,201677.89
4504141,10,04.12.2025,2000108,10000208,SODIUM HYDROXIDE 50% SOLUTION,1020,520.0,KG,610.35,1000,USD,18.12.2025,317.38
4503518,10,04.12.2025,2000109,10000204,ACETIC ACID GLACIAL,1020,67690.0,KG,974.18,1000,USD,15.12.2025,65942.24
4504060,10,04.12.2025,2000112,10000207,PROPYLENE OXIDE,1020,44400.0,KG,1923.83,1000,USD,09.12.2025,85418.05
4503715,10,05.12.2025,2000110,10000205,ETHANOL ANHYDROUS,1020,32870.0,KG,843.01,1000,USD,11.12.2025,27709.74
4504565,10,05.12.2025,2000113,10000210,BUTAN-1-OL,1020,68000.0,KG,1764.52,1000,USD,10.12.2025,119987.36
4502770,10,05.12.2025,2000105,10000106,ADIPIC ACID,1010,28270.0,KG,2266.55,1000,USD,18.12.2025,64075.37
4501072,10,05.12.2025,2000115,40000108,ACETONE,1020,35630.0,KG,1044.55,1000,USD,21.12.2025,37217.32
4500152,10,06.12.2025,2000116,40000101,MONOETHYLENE GLYCOL,1020,31230.0,KG,1186.26,1000,USD,20.12.2025,37046.9
4501649,10,06.12.2025,2000119,40000111,EPOXIDIZED SOYBEAN OIL,1020,54870.0,KG,2096.07,1000,USD,12.12.2025,115011.36
4500553,10,06.12.2025,2000116,40000104,MONOPROPYLENE GLYCOL USP,1020,36020.0,KG,2035.67,1000,USD,26.12.2025,73324.83
4501423,10,06.12.2025,2000115,40000110,ISOPROPYL ALCOHOL,1020,31270.0,KG,1251.37,1000,USD,23.12.2025,39130.34
4503714,10,06.12.2025,2000110,10000205,ETHANOL ANHYDROUS,1020,32870.0,KG,857.06,1000,USD,23.12.2025,28171.56
4500883,10,07.12.2025,2000118,40000107,METHYL METHACRYLATE,1020,32540.0,KG,2207.07,1000,USD,22.12.2025,71818.06
4502612,10,07.12.2025,2000103,10000105,PHTHALIC ANHYDRIDE,1010,63120.0,KG,1152.55,1000,USD,24.12.2025,72748.96
4501876,10,07.12.2025,2000101,10000101,PROPYLENE POLYMER GRADE,1010,262340.0,KG,1188.6,1000,USD,21.12.2025,311817.32
4504564,10,07.12.2025,2000113,10000210,BUTAN-1-OL,1020,68000.0,KG,1829.02,1000,USD,14.12.2025,124373.36
4504339,10,07.12.2025,2000114,10000209,OCTANOL 2-ETHYL TECH GRADE,1020,65950.0,KG,2051.25,1000,USD,25.12.2025,135279.94
4503716,10,07.12.2025,2000110,10000205,ETHANOL ANHYDROUS,1020,32870.0,KG,843.2,1000,USD,27.12.2025,27715.98
4504338,10,08.12.2025,2000113,10000209,OCTANOL 2-ETHYL TECH GRADE,1020,65950.0,KG,1978.31,1000,USD,15.12.2025,130469.54
4504336,10,08.12.2025,2000113,10000209,OCTANOL 2-ETHYL TECH GRADE,1020,65950.0,KG,1956.12,1000,USD,16.12.2025,129006.11
4500396,10,08.12.2025,2000116,40000103,TRIETHYLENE GLYCOL,1020,30600.0,KG,1776.72,1000,USD,18.12.2025,54367.63
4502426,10,08.12.2025,2000104,10000104,ISONONANOL,1010,133100.0,KG,1399.54,1000,USD,27.12.2025,186278.77
4503178,10,09.12.2025,2000107,10000201,ACRYLIC ACID GLACIAL,1020,79050.0,KG,2540.61,1000,USD,21.12.2025,200835.22
4501421,10,10.12.2025,2000115,40000110,ISOPROPYL ALCOHOL,1020,31270.0,KG,1234.08,1000,USD,19.12.2025,38589.68
4502427,10,2025-12-10,2000104,10000104,ISONONANOL,1010,133100.0,KG,1410.92,1000,USD,22.12.2025,187793.45
4502428,10,10.12.2025,2000104,10000104,ISONONANOL,1010,133100.0,KG,1418.08,1000,USD,18.12.2025,188746.45
4500758,10,11.12.2025,2000117,40000106,TRIMETHYLOLPROPANE,1020,24710.0,KG,2772.84,1000,USD,19.12.2025,68516.88
4502227,10,11.12.2025,2000103,10000103,TEREPHTHALIC ACID PURIFIED,1010,20520.0,KG,996.51,1000,USD,30.12.2025,20448.39
4501073,10,11.12.2025,2000115,40000108,ACETONE,1020,35630.0,KG,1065.93,1000,USD,25.12.2025,37979.09
4500153,10,2025-12-11,2000116,40000101,MONOETHYLENE GLYCOL,1020,31230.0,KG,1180.06,1000,USD,21.12.2025,36853.27
4503521,10,12.12.2025,2000109,10000204,ACETIC ACID GLACIAL,1020,67690.0,KG,945.34,1000,USD,24.12.2025,63990.06
4500555,10,12.12.2025,2000116,40000104,MONOPROPYLENE GLYCOL USP,1020,36020.0,KG,2056.39,1000,USD,21.12.2025,74071.17
4503176,10,13.12.2025,2000107,10000201,ACRYLIC ACID GLACIAL,1020,79050.0,KG,2481.0,1000,USD,18.12.2025,196123.05
4502771,10,13.12.2025,2000105,10000106,ADIPIC ACID,1010,28270.0,KG,2286.37,1000,USD,18.12.2025,64635.68
4501875,10,13.12.2025,2000101,10000101,PROPYLENE POLYMER GRADE,1010,262340.0,KG,1199.16,1000,USD,30.12.2025,314587.63
4504337,10,14.12.2025,2000114,10000209,OCTANOL 2-ETHYL TECH GRADE,1020,65950.0,KG,2004.63,1000,USD,02.01.2026,132205.35
4500759,10,14.12.2025,2000117,40000106,TRIMETHYLOLPROPANE,1020,24710.0,KG,2766.8,1000,USD,28.12.2025,68367.63
4501648,10,14.12.2025,2000119,40000111,EPOXIDIZED SOYBEAN OIL,1020,54870.0,KG,2088.79,1000,USD,19.12.2025,114611.91
4503519,10,15.12.2025,2000109,10000204,ACETIC ACID GLACIAL,1020,67690.0,KG,928.8,1000,USD,31.12.2025,62870.47
4502611,10,16.12.2025,2000103,10000105,PHTHALIC ANHYDRIDE,1010,63120.0,KG,1175.09,1000,USD,24.12.2025,74171.68
4503853,10,16.12.2025,2000111,10000206,METHANOL,1020,27110.0,KG,480.51,1000,USD,31.12.2025,13026.63
4503179,10,16.12.2025,2000107,10000201,ACRYLIC ACID GLACIAL,1020,79050.0,KG,2475.02,1000,USD,05.01.2026,195650.33
4500886,10,18.12.2025,2000118,40000107,METHYL METHACRYLATE,1020,32540.0,KG,2158.32,1000,USD,05.01.2026,70231.73
4500885,10,19.12.2025,2000118,40000107,METHYL METHACRYLATE,1020,32540.0,KG,2184.29,1000,USD,07.01.2026,71076.8
4501877,10,2025-12-19,2000101,10000101,PROPYLENE POLYMER GRADE,1010,262340.0,KG,1149.19,1000,USD,27.12.2025,301478.5
4501218,10,19.12.2025,2000115,40000109,METHYL ETHYL KETONE,1020,35710.0,KG,1527.78,1000,USD,01.01.2026,54557.02
4500327,10,20.12.2025,2000116,40000102,DIETHYLENE GLYCOL,1020,39550.0,KG,1349.2,1000,USD,03.01.2026,53360.86
4500669,10,20.12.2025,2000117,40000105,NEOPENTYL GLYCOL FLAKES,1020,34870.0,KG,2343.72,1000,USD,04.01.2026,81725.52
4504058,10,21.12.2025,2000112,10000207,PROPYLENE OXIDE,1020,44400.0,KG,1908.84,1000,USD,26.12.2025,84752.5
4502228,10,21.12.2025,2000103,10000103,TEREPHTHALIC ACID PURIFIED,1010,20520.0,KG,1016.92,1000,USD,03.01.2026,20867.2
4502028,10,21.12.2025,2000101,10000102,HYDROGEN,1010,36790.0,KG,2111.64,1000,USD,03.01.2026,77687.24
4504057,10,22.12.2025,2000112,10000207,PROPYLENE OXIDE,1020,44400.0,KG,1891.59,1000,USD,01.01.2026,83986.6
4502979,10,22.12.2025,2000106,10000108,TETRAISOPROPYL TITANATE CATALYST,1010,1240.0,KG,9327.22,1000,USD,08.01.2026,11565.75
4503520,10,23.12.2025,2000109,10000204,ACETIC ACID GLACIAL,1020,67690.0,KG,977.28,1000,USD,28.12.2025,66152.08
4504567,10,2025-12-23,2000113,10000210,BUTAN-1-OL,1020,68000.0,KG,1818.15,1000,USD,11.01.2026,123634.2
4503854,10,23.12.2025,2000111,10000206,METHANOL,1020,27110.0,KG,467.21,1000,USD,03.01.2026,12666.06
4503855,10,24.12.2025,2000111,10000206,METHANOL,1020,27110.0,KG,485.38,1000,USD,09.01.2026,13158.65
4502614,10,24.12.2025,2000103,10000105,PHTHALIC ANHYDRIDE,1010,63120.0,KG,1175.86,1000,USD,10.01.2026,74220.28
4504651,10,24.12.2025,2000115,10000109,CLEANING SOLVENT - GLYCOL ETHER,1010,3500.0,KG,2084.38,1000,USD,07.01.2026,7295.33
4502429,10,24.12.2025,2000104,10000104,ISONONANOL,1010,133100.0,KG,1447.49,1000,USD,30.12.2025,192660.92
4502613,10,25.12.2025,2000103,10000105,PHTHALIC ANHYDRIDE,1010,63120.0,KG,1154.52,1000,USD,08.01.2026,72873.3
4500325,10,25.12.2025,2000116,40000102,DIETHYLENE GLYCOL,1020,39550.0,KG,1330.5,1000,USD,02.01.2026,52621.28
4501071,10,25.12.2025,2000115,40000108,ACETONE,1020,35630.0,KG,1036.91,1000,USD,07.01.2026,36945.1
4503320,10,25.12.2025,2000108,10000203,SULFURIC ACID 98%,1020,5570.0,KG,130.66,1000,USD,05.01.2026,727.78
4500554,10,25.12.2025,2000116,40000104,MONOPROPYLENE GLYCOL USP,1020,36020.0,KG,2065.27,1000,USD,11.01.2026,74391.03
4503263,10,26.12.2025,2000106,10000202,MEHQ INHIBITOR (4-METHOXYPHENOL),1020,140.0,KG,13197.38,1000,USD,05.01.2026,1847.63
4501422,10,26.12.2025,2000115,40000110,ISOPROPYL ALCOHOL,1020,31270.0,KG,1224.91,1000,USD,04.01.2026,38302.94
4502911,10,26.12.2025,2000105,10000107,TRIMELLITIC ANHYDRIDE,1010,38960.0,KG,2774.34,1000,USD,04.01.2026,108088.29
4501647,10,26.12.2025,2000119,40000111,EPOXIDIZED SOYBEAN OIL,1020,54870.0,KG,2080.83,1000,USD,02.01.2026,114175.14
4501874,10,26.12.2025,2000101,10000101,PROPYLENE POLYMER GRADE,1010,262340.0,KG,1166.34,1000,USD,15.01.2026,305977.64
4502027,10,26.12.2025,2000101,10000102,HYDROGEN,1010,36790.0,KG,2128.68,1000,USD,11.01.2026,78314.14
4501646,10,27.12.2025,2000119,40000111,EPOXIDIZED SOYBEAN OIL,1020,54870.0,KG,2144.7,1000,USD,11.01.2026,117679.69
4504566,10,27.12.2025,2000113,10000210,BUTAN-1-OL,1020,68000.0,KG,1786.45,1000,USD,12.01.2026,121478.6
4502912,10,27.12.2025,2000105,10000107,TRIMELLITIC ANHYDRIDE,1010,38960.0,KG,2695.52,1000,USD,15.01.2026,105017.46
4500326,10,27.12.2025,2000116,40000102,DIETHYLENE GLYCOL,1020,39550.0,KG,1306.43,1000,USD,11.01.2026,51669.31
4500329,10,01.01.2026,2000116,40000102,DIETHYLENE GLYCOL,1020,37150.0,KG,1323.48,1000,USD,20.01.2026,49167.28
4501650,10,01.01.2026,2000119,40000111,EPOXIDIZED SOYBEAN OIL,1020,69200.0,KG,2072.66,1000,USD,06.01.2026,143428.07
4503182,10,01.01.2026,2000107,10000201,ACRYLIC ACID GLACIAL,1020,81950.0,KG,2526.82,1000,USD,21.01.2026,207072.9
4504063,10,01.01.2026,2000112,10000207,PROPYLENE OXIDE,1020,45300.0,KG,1844.83,1000,USD,12.01.2026,83570.8
4503181,10,01.01.2026,2000107,10000201,ACRYLIC ACID GLACIAL,1020,81950.0,KG,2557.16,1000,USD,08.01.2026,209559.26
4504570,10,01.01.2026,2000114,10000210,BUTAN-1-OL,1020,82520.0,KG,1882.9,1000,USD,16.01.2026,155376.91
4502913,10,2026-01-01,2000105,10000107,TRIMELLITIC ANHYDRIDE,1010,33140.0,KG,2787.71,1000,USD,13.01.2026,92384.71
4502029,10,02.01.2026,2000101,10000102,HYDROGEN,1010,28470.0,KG,2161.39,1000,USD,20.01.2026,61534.77
4502231,10,02.01.2026,2000103,10000103,TEREPHTHALIC ACID PURIFIED,1010,28460.0,KG,959.8,1000,USD,08.01.2026,27315.91
4502433,10,02.01.2026,2000104,10000104,ISONONANOL,1010,125070.0,KG,1458.41,1000,USD,12.01.2026,182403.34
4503857,10,02.01.2026,2000111,10000206,METHANOL,1020,29670.0,KG,477.17,1000,USD,17.01.2026,14157.63
4502229,10,04.01.2026,2000103,10000103,TEREPHTHALIC ACID PURIFIED,1010,28460.0,KG,1004.84,1000,USD,21.01.2026,28597.75
4503858,10,04.01.2026,2000111,10000206,METHANOL,1020,29670.0,KG,468.11,1000,USD,21.01.2026,13888.82
4503321,10,05.01.2026,2000108,10000203,SULFURIC ACID 98%,1020,5340.0,KG,127.81,1000,USD,24.01.2026,682.51
4501427,10,05.01.2026,2000115,40000110,ISOPROPYL ALCOHOL,1020,62920.0,KG,1218.61,1000,USD,19.01.2026,76674.94
4503183,10,05.01.2026,2000107,10000201,ACRYLIC ACID GLACIAL,1020,81950.0,KG,2571.5,1000,USD,17.01.2026,210734.42
4503525,10,2026-01-05,2000109,10000204,ACETIC ACID GLACIAL,1020,62270.0,KG,968.46,1000,USD,25.01.2026,60306.0
4501221,10,05.01.2026,2000115,40000109,METHYL ETHYL KETONE,1020,31940.0,KG,1501.45,1000,USD,21.01.2026,47956.31
4501222,10,06.01.2026,2000115,40000109,METHYL ETHYL KETONE,1020,31940.0,KG,1576.87,1000,USD,17.01.2026,50365.23
4501219,10,07.01.2026,2000115,40000109,METHYL ETHYL KETONE,1020,31940.0,KG,1535.92,1000,USD,17.01.2026,49057.28
4500888,10,07.01.2026,2000118,40000107,METHYL METHACRYLATE,1020,27290.0,KG,2200.68,1000,USD,17.01.2026,60056.56
4500887,10,08.01.2026,2000118,40000107,METHYL METHACRYLATE,1020,27290.0,KG,2211.92,1000,USD,26.01.2026,60363.3
4504061,10,08.01.2026,2000112,10000207,PROPYLENE OXIDE,1020,45300.0,KG,1915.69,1000,USD,20.01.2026,86780.76
4501075,10,08.01.2026,2000115,40000108,ACETONE,1020,37600.0,KG,1041.92,1000,USD,18.01.2026,39176.19
4502616,10,08.01.2026,2000103,10000105,PHTHALIC ANHYDRIDE,1010,63340.0,KG,1149.87,1000,USD,23.01.2026,72832.77
4500761,10,09.01.2026,2000117,40000106,TRIMETHYLOLPROPANE,1020,22830.0,KG,2717.87,1000,USD,21.01.2026,62048.97
4502914,10,10.01.2026,2000105,10000107,TRIMELLITIC ANHYDRIDE,1010,33140.0,KG,2798.95,1000,USD,29.01.2026,92757.2
4501878,10,11.01.2026,2000101,10000101,PROPYLENE POLYMER GRADE,1010,277690.0,KG,1191.89,1000,USD,19.01.2026,330975.93
4504571,10,11.01.2026,2000114,10000210,BUTAN-1-OL,1020,82520.0,KG,1892.48,1000,USD,30.01.2026,156167.45
4502618,10,11.01.2026,2000103,10000105,PHTHALIC ANHYDRIDE,1010,63340.0,KG,1128.0,1000,USD,30.01.2026,71447.52
4504343,10,11.01.2026,2000114,10000209,OCTANOL 2-ETHYL TECH GRADE,1020,56910.0,KG,2021.12,1000,USD,18.01.2026,115021.94
4503180,10,11.01.2026,2000107,10000201,ACRYLIC ACID GLACIAL,1020,81950.0,KG,2587.95,1000,USD,23.01.2026,212082.5
4504341,10,12.01.2026,2000114,10000209,OCTANOL 2-ETHYL TECH GRADE,1020,56910.0,KG,2051.8,1000,USD,31.01.2026,116767.94
4502615,10,12.01.2026,2000103,10000105,PHTHALIC ANHYDRIDE,1010,63340.0,KG,1128.64,1000,USD,28.01.2026,71488.06
4503717,10,13.01.2026,2000110,10000205,ETHANOL ANHYDROUS,1020,36430.0,KG,855.48,1000,USD,31.01.2026,31165.14
4503718,10,13.01.2026,2000110,10000205,ETHANOL ANHYDROUS,1020,36430.0,KG,849.34,1000,USD,29.01.2026,30941.46
4503856,10,14.01.2026,2000111,10000206,METHANOL,1020,29670.0,KG,479.24,1000,USD,21.01.2026,14219.05
4504568,10,14.01.2026,2000114,10000210,BUTAN-1-OL,1020,82520.0,KG,1879.32,1000,USD,20.01.2026,155081.49
4502774,10,14.01.2026,2000105,10000106,ADIPIC ACID,1010,32490.0,KG,2212.65,1000,USD,29.01.2026,71889.0
4502030,10,14.01.2026,2000102,10000102,HYDROGEN,1010,28470.0,KG,2101.77,1000,USD,22.01.2026,59837.39
4503523,10,14.01.2026,2000109,10000204,ACETIC ACID GLACIAL,1020,62270.0,KG,941.2,1000,USD,23.01.2026,58608.52
4500557,10,15.01.2026,2000116,40000104,MONOPROPYLENE GLYCOL USP,1020,29260.0,KG,2018.52,1000,USD,31.01.2026,59061.9
4501220,10,15.01.2026,2000115,40000109,METHYL ETHYL KETONE,1020,31940.0,KG,1557.66,1000,USD,31.01.2026,49751.66
4502772,10,15.01.2026,2000105,10000106,ADIPIC ACID,1010,32490.0,KG,2173.11,1000,USD,04.02.2026,70604.34
4504062,10,15.01.2026,2000112,10000207,PROPYLENE OXIDE,1020,45300.0,KG,1808.49,1000,USD,23.01.2026,81924.6
4500157,10,15.01.2026,2000116,40000101,MONOETHYLENE GLYCOL,1020,36580.0,KG,1111.6,1000,USD,26.01.2026,40662.33
4502430,10,16.01.2026,2000104,10000104,ISONONANOL,1010,125070.0,KG,1468.86,1000,USD,27.01.2026,183710.32
4502431,10,16.01.2026,2000104,10000104,ISONONANOL,1010,125070.0,KG,1472.78,1000,USD,21.01.2026,184200.59
4501426,10,16.01.2026,2000115,40000110,ISOPROPYL ALCOHOL,1020,62920.0,KG,1221.49,1000,USD,23.01.2026,76856.15
4501651,10,17.01.2026,2000119,40000111,EPOXIDIZED SOYBEAN OIL,1020,69200.0,KG,2108.75,1000,USD,27.01.2026,145925.5
4504569,10,17.01.2026,2000113,10000210,BUTAN-1-OL,1020,82520.0,KG,1769.0,1000,USD,31.01.2026,145977.88
4500155,10,17.01.2026,2000116,40000101,MONOETHYLENE GLYCOL,1020,36580.0,KG,1202.85,1000,USD,29.01.2026,44000.25
4500156,10,17.01.2026,2000116,40000101,MONOETHYLENE GLYCOL,1020,36580.0,KG,1156.19,1000,USD,02.02.2026,42293.43
4501879,10,18.01.2026,2000101,10000101,PROPYLENE POLYMER GRADE,1010,277690.0,KG,1167.48,1000,USD,07.02.2026,324197.52
4500556,10,18.01.2026,2000116,40000104,MONOPROPYLENE GLYCOL USP,1020,29260.0,KG,2038.94,1000,USD,06.02.2026,59659.38
4501653,10,19.01.2026,2000119,40000111,EPOXIDIZED SOYBEAN OIL,1020,69200.0,KG,2141.26,1000,USD,02.02.2026,148175.19
4500154,10,2026-01-19,2000116,40000101,MONOETHYLENE GLYCOL,1020,36580.0,KG,1187.95,1000,USD,05.02.2026,43455.21
4503522,10,20.01.2026,2000109,10000204,ACETIC ACID GLACIAL,1020,62270.0,KG,945.5,1000,USD,29.01.2026,58876.28
4501652,10,21.01.2026,2000119,40000111,EPOXIDIZED SOYBEAN OIL,1020,69200.0,KG,2172.5,1000,USD,05.02.2026,150337.0
4501076,10,21.01.2026,2000115,40000108,ACETONE,1020,37600.0,KG,1039.99,1000,USD,30.01.2026,39103.62
4501424,10,23.01.2026,2000115,40000110,ISOPROPYL ALCOHOL,1020,62920.0,KG,1223.59,1000,USD,31.01.2026,76988.28
4502230,10,23.01.2026,2000103,10000103,TEREPHTHALIC ACID PURIFIED,1010,28460.0,KG,1004.95,1000,USD,28.01.2026,28600.88
4502980,10,23.01.2026,2000106,10000108,TETRAISOPROPYL TITANATE CATALYST,1010,1380.0,KG,9454.49,1000,USD,05.02.2026,13047.2
4504142,10,2026-01-23,2000108,10000208,SODIUM HYDROXIDE 50% SOLUTION,1020,510.0,KG,577.01,1000,USD,05.02.2026,294.28
4502773,10,23.01.2026,2000105,10000106,ADIPIC ACID,1010,32490.0,KG,2215.29,1000,USD,07.02.2026,71974.77
4504064,10,24.01.2026,2000112,10000207,PROPYLENE OXIDE,1020,45300.0,KG,1957.25,1000,USD,31.01.2026,88663.42
4504342,10,25.01.2026,2000113,10000209,OCTANOL 2-ETHYL TECH GRADE,1020,56910.0,KG,1940.36,1000,USD,02.02.2026,110425.89
4501074,10,25.01.2026,2000115,40000108,ACETONE,1020,37600.0,KG,1043.75,1000,USD,05.02.2026,39245.0
4502617,10,25.01.2026,2000103,10000105,PHTHALIC ANHYDRIDE,1010,63340.0,KG,1147.11,1000,USD,02.02.2026,72657.95
4503524,10,25.01.2026,2000109,10000204,ACETIC ACID GLACIAL,1020,62270.0,KG,962.88,1000,USD,03.02.2026,59958.54
4504652,10,2026-01-25,2000115,10000109,CLEANING SOLVENT - GLYCOL ETHER,1010,1700.0,KG,2001.1,1000,USD,02.02.2026,3401.87
4500760,10,25.01.2026,2000117,40000106,TRIMETHYLOLPROPANE,1020,22830.0,KG,2709.37,1000,USD,04.02.2026,61854.92
4500328,10,25.01.2026,2000116,40000102,DIETHYLENE GLYCOL,1020,37150.0,KG,1319.12,1000,USD,30.01.2026,49005.31
4501880,10,25.01.2026,2000101,10000101,PROPYLENE POLYMER GRADE,1010,277690.0,KG,1164.64,1000,USD,06.02.2026,323408.88
4501425,10,26.01.2026,2000115,40000110,ISOPROPYL ALCOHOL,1020,62920.0,KG,1229.45,1000,USD,03.02.2026,77356.99
4501881,10,2026-01-26,2000101,10000101,PROPYLENE POLYMER GRADE,1010,277690.0,KG,1182.78,1000,USD,08.02.2026,328446.18
4502031,10,26.01.2026,2000102,10000102,HYDROGEN,1010,28470.0,KG,2177.82,1000,USD,06.02.2026,62002.54
4502432,10,26.01.2026,2000104,10000104,ISONONANOL,1010,125070.0,KG,1390.43,1000,USD,02.02.2026,173901.08
4504340,10,27.01.2026,2000113,10000209,OCTANOL 2-ETHYL TECH GRADE,1020,56910.0,KG,1943.87,1000,USD,04.02.2026,110625.64
4503264,10,27.01.2026,2000106,10000202,MEHQ INHIBITOR (4-METHOXYPHENOL),1020,120.0,KG,12783.08,1000,USD,12.02.2026,1533.97
4500331,10,01.02.2026,2000116,40000102,DIETHYLENE GLYCOL,1020,30380.0,KG,1361.02,1000,USD,17.02.2026,41347.79
4501656,10,01.02.2026,2000119,40000111,EPOXIDIZED SOYBEAN OIL,1020,85120.0,KG,2115.24,1000,USD,13.02.2026,180049.23
4504344,10,02.02.2026,2000114,10000209,OCTANOL 2-ETHYL TECH GRADE,1020,49550.0,KG,2102.91,1000,USD,22.02.2026,104199.19
4501080,10,02.02.2026,2000115,40000108,ACETONE,1020,54130.0,KG,1102.67,1000,USD,17.02.2026,59687.53
4504065,10,02.02.2026,2000112,10000207,PROPYLENE OXIDE,1020,40900.0,KG,1848.75,1000,USD,13.02.2026,75613.88
4504143,10,02.02.2026,2000108,10000208,SODIUM HYDROXIDE 50% SOLUTION,1020,470.0,KG,615.86,1000,USD,20.02.2026,289.45
4500671,10,02.02.2026,2000117,40000105,NEOPENTYL GLYCOL FLAKES,1020,21420.0,KG,2355.7,1000,USD,15.02.2026,50459.09
4502437,10,02.02.2026,2000104,10000104,ISONONANOL,1010,116050.0,KG,1470.36,1000,USD,08.02.2026,170635.28
4500670,10,03.02.2026,2000117,40000105,NEOPENTYL GLYCOL FLAKES,1020,21420.0,KG,2308.48,1000,USD,10.02.2026,49447.64
4503184,10,03.02.2026,2000107,10000201,ACRYLIC ACID GLACIAL,1020,50330.0,KG,2572.68,1000,USD,08.02.2026,129482.98
4503527,10,04.02.2026,2000109,10000204,ACETIC ACID GLACIAL,1020,57440.0,KG,946.67,1000,USD,14.02.2026,54376.72
4501223,10,04.02.2026,2000115,40000109,METHYL ETHYL KETONE,1020,36150.0,KG,1509.55,1000,USD,12.02.2026,54570.23
4503322,10,04.02.2026,2000108,10000203,SULFURIC ACID 98%,1020,4200.0,KG,124.68,1000,USD,23.02.2026,523.66
4504066,10,04.02.2026,2000112,10000207,PROPYLENE OXIDE,1020,40900.0,KG,1922.56,1000,USD,09.02.2026,78632.7
4501885,10,2026-02-05,2000101,10000101,PROPYLENE POLYMER GRADE,1010,252620.0,KG,1203.65,1000,USD,24.02.2026,304066.06
4503529,10,05.02.2026,2000109,10000204,ACETIC ACID GLACIAL,1020,57440.0,KG,987.33,1000,USD,24.02.2026,56712.24
4500160,10,06.02.2026,2000116,40000101,MONOETHYLENE GLYCOL,1020,38920.0,KG,1178.74,1000,USD,11.02.2026,45876.56
4503185,10,06.02.2026,2000107,10000201,ACRYLIC ACID GLACIAL,1020,50330.0,KG,2552.78,1000,USD,16.02.2026,128481.42
4504068,10,06.02.2026,2000112,10000207,PROPYLENE OXIDE,1020,40900.0,KG,1956.71,1000,USD,13.02.2026,80029.44
4502778,10,06.02.2026,2000105,10000106,ADIPIC ACID,1010,30070.0,KG,2264.04,1000,USD,14.02.2026,68079.68
4503186,10,06.02.2026,2000107,10000201,ACRYLIC ACID GLACIAL,1020,50330.0,KG,2613.78,1000,USD,15.02.2026,131551.55
4501078,10,06.02.2026,2000115,40000108,ACETONE,1020,54130.0,KG,1075.11,1000,USD,22.02.2026,58195.7
4500330,10,07.02.2026,2000116,40000102,DIETHYLENE GLYCOL,1020,30380.0,KG,1380.37,1000,USD,12.02.2026,41935.64
4504572,10,07.02.2026,2000113,10000210,BUTAN-1-OL,1020,53470.0,KG,1858.65,1000,USD,13.02.2026,99382.02
4502435,10,07.02.2026,2000104,10000104,ISONONANOL,1010,116050.0,KG,1474.65,1000,USD,14.02.2026,171133.13
4502032,10,07.02.2026,2000101,10000102,HYDROGEN,1010,38790.0,KG,2200.44,1000,USD,20.02.2026,85355.07
4500558,10,2026-02-08,2000116,40000104,MONOPROPYLENE GLYCOL USP,1020,31030.0,KG,2050.11,1000,USD,19.02.2026,63614.91
4503528,10,09.02.2026,2000109,10000204,ACETIC ACID GLACIAL,1020,57440.0,KG,960.58,1000,USD,25.02.2026,55175.72
4500397,10,09.02.2026,2000116,40000103,TRIETHYLENE GLYCOL,1020,12920.0,KG,1838.91,1000,USD,14.02.2026,23758.72
4502619,10,09.02.2026,2000103,10000105,PHTHALIC ANHYDRIDE,1010,56610.0,KG,1150.94,1000,USD,22.02.2026,65154.71
4502981,10,10.02.2026,2000106,10000108,TETRAISOPROPYL TITANATE CATALYST,1010,1160.0,KG,9936.34,1000,USD,01.03.2026,11526.15
4502776,10,10.02.2026,2000105,10000106,ADIPIC ACID,1010,30070.0,KG,2304.79,1000,USD,15.02.2026,69305.04
4504653,10,11.02.2026,2000115,10000109,CLEANING SOLVENT - GLYCOL ETHER,1010,3100.0,KG,2072.39,1000,USD,26.02.2026,6424.41
4500890,10,11.02.2026,2000118,40000107,METHYL METHACRYLATE,1020,25330.0,KG,2119.34,1000,USD,22.02.2026,53682.88
4500764,10,11.02.2026,2000117,40000106,TRIMETHYLOLPROPANE,1020,29180.0,KG,2952.29,1000,USD,25.02.2026,86147.82
4502033,10,12.02.2026,2000102,10000102,HYDROGEN,1010,38790.0,KG,2200.99,1000,USD,19.02.2026,85376.4
4501077,10,12.02.2026,2000115,40000108,ACETONE,1020,54130.0,KG,1082.34,1000,USD,27.02.2026,58587.06
4502436,10,13.02.2026,2000104,10000104,ISONONANOL,1010,116050.0,KG,1397.87,1000,USD,20.02.2026,162222.81
4502620,10,13.02.2026,2000103,10000105,PHTHALIC ANHYDRIDE,1010,56610.0,KG,1199.62,1000,USD,22.02.2026,67910.49
4501430,10,13.02.2026,2000115,40000110,ISOPROPYL ALCOHOL,1020,29960.0,KG,1241.7,1000,USD,01.03.2026,37201.33
4504347,10,2026-02-13,2000113,10000209,OCTANOL 2-ETHYL TECH GRADE,1020,49550.0,KG,2033.86,1000,USD,05.03.2026,100777.76
4502915,10,14.02.2026,2000105,10000107,TRIMELLITIC ANHYDRIDE,1010,27700.0,KG,2747.92,1000,USD,27.02.2026,76117.38
4501429,10,14.02.2026,2000115,40000110,ISOPROPYL ALCOHOL,1020,29960.0,KG,1220.01,1000,USD,01.03.2026,36551.5
4502775,10,15.02.2026,2000105,10000106,ADIPIC ACID,1010,30070.0,KG,2213.19,1000,USD,28.02.2026,66550.62
4501884,10,15.02.2026,2000101,10000101,PROPYLENE POLYMER GRADE,1010,252620.0,KG,1175.71,1000,USD,05.03.2026,297007.86
4503526,10,2026-02-16,2000109,10000204,ACETIC ACID GLACIAL,1020,57440.0,KG,984.45,1000,USD,26.02.2026,56546.81
4504575,10,16.02.2026,2000114,10000210,BUTAN-1-OL,1020,53470.0,KG,1891.36,1000,USD,27.02.2026,101131.02
4500158,10,16.02.2026,2000116,40000101,MONOETHYLENE GLYCOL,1020,38920.0,KG,1187.57,1000,USD,02.03.2026,46220.22
4501654,10,17.02.2026,2000119,40000111,EPOXIDIZED SOYBEAN OIL,1020,85120.0,KG,2151.99,1000,USD,04.03.2026,183177.39
4502233,10,17.02.2026,2000103,10000103,TEREPHTHALIC ACID PURIFIED,1010,27490.0,KG,1007.11,1000,USD,07.03.2026,27685.45
4502777,10,2026-02-17,2000105,10000106,ADIPIC ACID,1010,30070.0,KG,2227.26,1000,USD,06.03.2026,66973.71
4503265,10,18.02.2026,2000106,10000202,MEHQ INHIBITOR (4-METHOXYPHENOL),1020,80.0,KG,12475.76,1000,USD,26.02.2026,998.06
4504346,10,18.02.2026,2000113,10000209,OCTANOL 2-ETHYL TECH GRADE,1020,49550.0,KG,2029.06,1000,USD,25.02.2026,100539.92
4501655,10,19.02.2026,2000119,40000111,EPOXIDIZED SOYBEAN OIL,1020,85120.0,KG,2232.55,1000,USD,02.03.2026,190034.66
4502622,10,19.02.2026,2000103,10000105,PHTHALIC ANHYDRIDE,1010,56610.0,KG,1203.44,1000,USD,28.02.2026,68126.74
4503187,10,19.02.2026,2000107,10000201,ACRYLIC ACID GLACIAL,1020,50330.0,KG,2529.85,1000,USD,04.03.2026,127327.35
4501657,10,20.02.2026,2000119,40000111,EPOXIDIZED SOYBEAN OIL,1020,85120.0,KG,2173.35,1000,USD,11.03.2026,184995.55
4500332,10,2026-02-20,2000116,40000102,DIETHYLENE GLYCOL,1020,30380.0,KG,1307.39,1000,USD,26.02.2026,39718.51
4501079,10,20.02.2026,2000115,40000108,ACETONE,1020,54130.0,KG,1058.74,1000,USD,03.03.2026,57309.6
4500559,10,21.02.2026,2000116,40000104,MONOPROPYLENE GLYCOL USP,1020,31030.0,KG,1985.84,1000,USD,13.03.2026,61620.62
4502621,10,21.02.2026,2000103,10000105,PHTHALIC ANHYDRIDE,1010,56610.0,KG,1147.61,1000,USD,11.03.2026,64966.2
4504345,10,21.02.2026,2000113,10000209,OCTANOL 2-ETHYL TECH GRADE,1020,49550.0,KG,1973.48,1000,USD,07.03.2026,97785.93
4502434,10,22.02.2026,2000104,10000104,ISONONANOL,1010,116050.0,KG,1461.07,1000,USD,06.03.2026,169557.17
4500161,10,23.02.2026,2000116,40000101,MONOETHYLENE GLYCOL,1020,38920.0,KG,1201.67,1000,USD,06.03.2026,46769.0
4501883,10,24.02.2026,2000101,10000101,PROPYLENE POLYMER GRADE,1010,252620.0,KG,1157.08,1000,USD,16.03.2026,292301.55
4500159,10,24.02.2026,2000116,40000101,MONOETHYLENE GLYCOL,1020,38920.0,KG,1134.37,1000,USD,03.03.2026,44149.68
4503859,10,24.02.2026,2000111,10000206,METHANOL,1020,38660.0,KG,474.23,1000,USD,15.03.2026,18333.73
4501428,10,24.02.2026,2000115,40000110,ISOPROPYL ALCOHOL,1020,29960.0,KG,1244.4,1000,USD,01.03.2026,37282.22
4503860,10,25.02.2026,2000111,10000206,METHANOL,1020,38660.0,KG,492.95,1000,USD,10.03.2026,19057.45
4503720,10,2026-02-25,2000110,10000205,ETHANOL ANHYDROUS,1020,28430.0,KG,841.77,1000,USD,03.03.2026,23931.52
4500763,10,25.02.2026,2000117,40000106,TRIMETHYLOLPROPANE,1020,29180.0,KG,2903.91,1000,USD,13.03.2026,84736.09
4504573,10,25.02.2026,2000114,10000210,BUTAN-1-OL,1020,53470.0,KG,1879.48,1000,USD,11.03.2026,100495.8
4504067,10,26.02.2026,2000112,10000207,PROPYLENE OXIDE,1020,40900.0,KG,1947.66,1000,USD,17.03.2026,79659.29
4500560,10,26.02.2026,2000116,40000104,MONOPROPYLENE GLYCOL USP,1020,31030.0,KG,2025.49,1000,USD,10.03.2026,62850.95
4500889,10,26.02.2026,2000118,40000107,METHYL METHACRYLATE,1020,25330.0,KG,2258.6,1000,USD,12.03.2026,57210.34
4503719,10,27.02.2026,2000110,10000205,ETHANOL ANHYDROUS,1020,28430.0,KG,848.38,1000,USD,08.03.2026,24119.44
4502232,10,2026-02-27,2000103,10000103,TEREPHTHALIC ACID PURIFIED,1010,27490.0,KG,1036.3,1000,USD,16.03.2026,28487.89
4501882,10,27.02.2026,2000101,10000101,PROPYLENE POLYMER GRADE,1010,252620.0,KG,1202.22,1000,USD,17.03.2026,303704.82
4500762,10,2026-02-27,2000117,40000106,TRIMETHYLOLPROPANE,1020,29180.0,KG,2833.88,1000,USD,14.03.2026,82692.62
4504574,10,27.02.2026,2000113,10000210,BUTAN-1-OL,1020,53470.0,KG,1791.51,1000,USD,14.03.2026,95792.04
4502917,10,01.03.2026,2000105,10000107,TRIMELLITIC ANHYDRIDE,1010,31000.0,KG,2774.59,1000,USD,15.03.2026,86012.29
4503861,10,01.03.2026,2000111,10000206,METHANOL,1020,29300.0,KG,483.86,1000,USD,12.03.2026,14177.1
4501660,10,2026-03-01,2000119,40000111,EPOXIDIZED SOYBEAN OIL,1020,61830.0,KG,2146.42,1000,USD,12.03.2026,132713.15
4501225,10,01.03.2026,2000115,40000109,METHYL ETHYL KETONE,1020,31090.0,KG,1546.08,1000,USD,19.03.2026,48067.63
4504578,10,02.03.2026,2000114,10000210,BUTAN-1-OL,1020,73670.0,KG,1863.98,1000,USD,10.03.2026,137319.41
4502235,10,02.03.2026,2000103,10000103,TEREPHTHALIC ACID PURIFIED,1010,30370.0,KG,1038.01,1000,USD,14.03.2026,31524.36
4501658,10,02.03.2026,2000119,40000111,EPOXIDIZED SOYBEAN OIL,1020,61830.0,KG,2158.62,1000,USD,12.03.2026,133467.47
4503191,10,03.03.2026,2000107,10000201,ACRYLIC ACID GLACIAL,1020,66470.0,KG,2592.04,1000,USD,12.03.2026,172292.9
4500399,10,2026-03-03,2000116,40000103,TRIETHYLENE GLYCOL,1020,21030.0,KG,1791.88,1000,USD,23.03.2026,37683.24
4504576,10,03.03.2026,2000113,10000210,BUTAN-1-OL,1020,73670.0,KG,1871.18,1000,USD,10.03.2026,137849.83
4502625,10,03.03.2026,2000103,10000105,PHTHALIC ANHYDRIDE,1010,63960.0,KG,1165.48,1000,USD,19.03.2026,74544.1
4502916,10,03.03.2026,2000105,10000107,TRIMELLITIC ANHYDRIDE,1010,31000.0,KG,2895.62,1000,USD,16.03.2026,89764.22
4502781,10,04.03.2026,2000105,10000106,ADIPIC ACID,1010,37950.0,KG,2267.93,1000,USD,17.03.2026,86067.94
4500562,10,04.03.2026,2000116,40000104,MONOPROPYLENE GLYCOL USP,1020,66720.0,KG,2132.23,1000,USD,17.03.2026,142262.39
4502439,10,05.03.2026,2000104,10000104,ISONONANOL,1010,123490.0,KG,1485.29,1000,USD,20.03.2026,183418.46
4502779,10,05.03.2026,2000105,10000106,ADIPIC ACID,1010,37950.0,KG,2232.09,1000,USD,13.03.2026,84707.82
4504072,10,06.03.2026,2000112,10000207,PROPYLENE OXIDE,1020,41700.0,KG,1985.14,1000,USD,13.03.2026,82780.34
4501661,10,06.03.2026,2000119,40000111,EPOXIDIZED SOYBEAN OIL,1020,61830.0,KG,2188.92,1000,USD,20.03.2026,135340.92
4503722,10,06.03.2026,2000110,10000205,ETHANOL ANHYDROUS,1020,37140.0,KG,870.63,1000,USD,19.03.2026,32335.2
4500563,10,06.03.2026,2000116,40000104,MONOPROPYLENE GLYCOL USP,1020,66720.0,KG,2023.28,1000,USD,20.03.2026,134993.24
4501082,10,06.03.2026,2000115,40000108,ACETONE,1020,42760.0,KG,1068.84,1000,USD,13.03.2026,45703.6
4501889,10,07.03.2026,2000101,10000101,PROPYLENE POLYMER GRADE,1010,240970.0,KG,1157.54,1000,USD,17.03.2026,278932.41
4501888,10,07.03.2026,2000101,10000101,PROPYLENE POLYMER GRADE,1010,240970.0,KG,1204.45,1000,USD,23.03.2026,290236.32
4500672,10,07.03.2026,2000117,40000105,NEOPENTYL GLYCOL FLAKES,1020,31520.0,KG,2374.06,1000,USD,17.03.2026,74830.37
4503188,10,07.03.2026,2000107,10000201,ACRYLIC ACID GLACIAL,1020,66470.0,KG,2600.38,1000,USD,23.03.2026,172847.26
4503532,10,07.03.2026,2000109,10000204,ACETIC ACID GLACIAL,1020,68860.0,KG,981.78,1000,USD,22.03.2026,67605.37
4500767,10,08.03.2026,2000117,40000106,TRIMETHYLOLPROPANE,1020,35900.0,KG,2827.74,1000,USD,18.03.2026,101515.87
4504070,10,08.03.2026,2000112,10000207,PROPYLENE OXIDE,1020,41700.0,KG,1963.35,1000,USD,21.03.2026,81871.7
4503530,10,09.03.2026,2000109,10000204,ACETIC ACID GLACIAL,1020,68860.0,KG,953.5,1000,USD,24.03.2026,65658.01
4501887,10,2026-03-09,2000101,10000101,PROPYLENE POLYMER GRADE,1010,240970.0,KG,1184.03,1000,USD,29.03.2026,285315.71
4503721,10,10.03.2026,2000110,10000205,ETHANOL ANHYDROUS,1020,37140.0,KG,836.77,1000,USD,22.03.2026,31077.64
4504349,10,2026-03-10,2000113,10000209,OCTANOL 2-ETHYL TECH GRADE,1020,46480.0,KG,1880.12,1000,USD,16.03.2026,87387.98
4504577,10,11.03.2026,2000114,10000210,BUTAN-1-OL,1020,73670.0,KG,1905.07,1000,USD,17.03.2026,140346.51
4502438,10,2026-03-12,2000104,10000104,ISONONANOL,1010,123490.0,KG,1452.93,1000,USD,18.03.2026,179422.33
4504350,10,12.03.2026,2000114,10000209,OCTANOL 2-ETHYL TECH GRADE,1020,46480.0,KG,2043.58,1000,USD,29.03.2026,94985.6
4501081,10,12.03.2026,2000115,40000108,ACETONE,1020,42760.0,KG,1070.69,1000,USD,18.03.2026,45782.7
4502624,10,13.03.2026,2000103,10000105,PHTHALIC ANHYDRIDE,1010,63960.0,KG,1174.95,1000,USD,28.03.2026,75149.8
4501431,10,2026-03-13,2000115,40000110,ISOPROPYL ALCOHOL,1020,31620.0,KG,1210.27,1000,USD,18.03.2026,38268.74
4502035,10,13.03.2026,2000102,10000102,HYDROGEN,1010,35270.0,KG,2166.96,1000,USD,21.03.2026,76428.68
4500892,10,13.03.2026,2000118,40000107,METHYL METHACRYLATE,1020,31700.0,KG,2351.43,1000,USD,19.03.2026,74540.33
4501433,10,13.03.2026,2000115,40000110,ISOPROPYL ALCOHOL,1020,31620.0,KG,1225.32,1000,USD,30.03.2026,38744.62
4500164,10,13.03.2026,2000116,40000101,MONOETHYLENE GLYCOL,1020,32190.0,KG,1147.71,1000,USD,28.03.2026,36944.78
4503189,10,13.03.2026,2000107,10000201,ACRYLIC ACID GLACIAL,1020,66470.0,KG,2597.82,1000,USD,30.03.2026,172677.1
4503862,10,14.03.2026,2000111,10000206,METHANOL,1020,29300.0,KG,488.93,1000,USD,31.03.2026,14325.65
4502918,10,14.03.2026,2000105,10000107,TRIMELLITIC ANHYDRIDE,1010,31000.0,KG,2769.91,1000,USD,21.03.2026,85867.21
4500333,10,2026-03-14,2000116,40000102,DIETHYLENE GLYCOL,1020,30500.0,KG,1357.46,1000,USD,20.03.2026,41402.53
4501886,10,14.03.2026,2000101,10000101,PROPYLENE POLYMER GRADE,1010,240970.0,KG,1176.97,1000,USD,02.04.2026,283614.46
4501432,10,14.03.2026,2000115,40000110,ISOPROPYL ALCOHOL,1020,31620.0,KG,1224.75,1000,USD,21.03.2026,38726.6
4504069,10,14.03.2026,2000112,10000207,PROPYLENE OXIDE,1020,41700.0,KG,1867.11,1000,USD,29.03.2026,77858.49
4503266,10,15.03.2026,2000106,10000202,MEHQ INHIBITOR (4-METHOXYPHENOL),1020,110.0,KG,12933.93,1000,USD,25.03.2026,1422.73
4500561,10,15.03.2026,2000116,40000104,MONOPROPYLENE GLYCOL USP,1020,66720.0,KG,2009.69,1000,USD,28.03.2026,134086.52
4502626,10,15.03.2026,2000103,10000105,PHTHALIC ANHYDRIDE,1010,63960.0,KG,1186.1,1000,USD,20.03.2026,75862.96
4500564,10,15.03.2026,2000116,40000104,MONOPROPYLENE GLYCOL USP,1020,66720.0,KG,2045.22,1000,USD,31.03.2026,136457.08
4502237,10,16.03.2026,2000103,10000103,TEREPHTHALIC ACID PURIFIED,1010,30370.0,KG,991.21,1000,USD,21.03.2026,30103.05
4504351,10,16.03.2026,2000113,10000209,OCTANOL 2-ETHYL TECH GRADE,1020,46480.0,KG,2002.78,1000,USD,04.04.2026,93089.21
4500765,10,16.03.2026,2000117,40000106,TRIMETHYLOLPROPANE,1020,35900.0,KG,2864.96,1000,USD,01.04.2026,102852.06
4503323,10,16.03.2026,2000108,10000203,SULFURIC ACID 98%,1020,5340.0,KG,130.66,1000,USD,21.03.2026,697.72
4500163,10,16.03.2026,2000116,40000101,MONOETHYLENE GLYCOL,1020,32190.0,KG,1199.41,1000,USD,26.03.2026,38609.01
4504348,10,17.03.2026,2000114,10000209,OCTANOL 2-ETHYL TECH GRADE,1020,46480.0,KG,2077.94,1000,USD,28.03.2026,96582.65
4503531,10,18.03.2026,2000109,10000204,ACETIC ACID GLACIAL,1020,68860.0,KG,957.72,1000,USD,28.03.2026,65948.6
4502236,10,18.03.2026,2000103,10000103,TEREPHTHALIC ACID PURIFIED,1010,30370.0,KG,1025.2,1000,USD,29.03.2026,31135.32
4502440,10,18.03.2026,2000104,10000104,ISONONANOL,1010,123490.0,KG,1470.02,1000,USD,26.03.2026,181532.77
4502623,10,2026-03-19,2000103,10000105,PHTHALIC ANHYDRIDE,1010,63960.0,KG,1207.03,1000,USD,30.03.2026,77201.64
4504579,10,19.03.2026,2000114,10000210,BUTAN-1-OL,1020,73670.0,KG,1929.22,1000,USD,31.03.2026,142125.64
4500398,10,20.03.2026,2000116,40000103,TRIETHYLENE GLYCOL,1020,21030.0,KG,1818.28,1000,USD,05.04.2026,38238.43
4502982,10,20.03.2026,2000106,10000108,TETRAISOPROPYL TITANATE CATALYST,1010,1590.0,KG,9941.37,1000,USD,25.03.2026,15806.78
4504144,10,20.03.2026,2000108,10000208,SODIUM HYDROXIDE 50% SOLUTION,1020,480.0,KG,589.37,1000,USD,26.03.2026,282.9
4501083,10,2026-03-21,2000115,40000108,ACETONE,1020,42760.0,KG,1051.28,1000,USD,07.04.2026,44952.73
4501084,10,21.03.2026,2000115,40000108,ACETONE,1020,42760.0,KG,1076.39,1000,USD,07.04.2026,46026.44
4502034,10,22.03.2026,2000101,10000102,HYDROGEN,1010,35270.0,KG,2219.27,1000,USD,11.04.2026,78273.65
4502234,10,22.03.2026,2000103,10000103,TEREPHTHALIC ACID PURIFIED,1010,30370.0,KG,1028.6,1000,USD,07.04.2026,31238.58
4500165,10,22.03.2026,2000116,40000101,MONOETHYLENE GLYCOL,1020,32190.0,KG,1199.53,1000,USD,03.04.2026,38612.87
4502441,10,23.03.2026,2000104,10000104,ISONONANOL,1010,123490.0,KG,1493.03,1000,USD,01.04.2026,184374.27
4503533,10,23.03.2026,2000109,10000204,ACETIC ACID GLACIAL,1020,68860.0,KG,957.03,1000,USD,30.03.2026,65901.09
4501659,10,23.03.2026,2000119,40000111,EPOXIDIZED SOYBEAN OIL,1020,61830.0,KG,2182.66,1000,USD,03.04.2026,134953.87
4504654,10,24.03.2026,2000115,10000109,CLEANING SOLVENT - GLYCOL ETHER,1010,1700.0,KG,1986.22,1000,USD,12.04.2026,3376.57
4500162,10,24.03.2026,2000116,40000101,MONOETHYLENE GLYCOL,1020,32190.0,KG,1201.91,1000,USD,30.03.2026,38689.48
4504071,10,24.03.2026,2000112,10000207,PROPYLENE OXIDE,1020,41700.0,KG,1949.7,1000,USD,12.04.2026,81302.49
4500335,10,25.03.2026,2000116,40000102,DIETHYLENE GLYCOL,1020,30500.0,KG,1346.17,1000,USD,03.04.2026,41058.18
4500891,10,25.03.2026,2000118,40000107,METHYL METHACRYLATE,1020,31700.0,KG,2348.47,1000,USD,01.04.2026,74446.5
4503190,10,25.03.2026,2000107,10000201,ACRYLIC ACID GLACIAL,1020,66470.0,KG,2539.86,1000,USD,05.04.2026,168824.49
4501224,10,25.03.2026,2000115,40000109,METHYL ETHYL KETONE,1020,31090.0,KG,1570.33,1000,USD,04.04.2026,48821.56
4500334,10,26.03.2026,2000116,40000102,DIETHYLENE GLYCOL,1020,30500.0,KG,1330.63,1000,USD,07.04.2026,40584.21
4500766,10,26.03.2026,2000117,40000106,TRIMETHYLOLPROPANE,1020,35900.0,KG,2838.35,1000,USD,01.04.2026,101896.76
4503863,10,2026-03-26,2000111,10000206,METHANOL,1020,29300.0,KG,503.97,1000,USD,15.04.2026,14766.32
4502780,10,27.03.2026,2000105,10000106,ADIPIC ACID,1010,37950.0,KG,2197.81,1000,USD,07.04.2026,83406.89
4501434,10,27.03.2026,2000115,40000110,ISOPROPYL ALCOHOL,1020,31620.0,KG,1225.69,1000,USD,05.04.2026,38756.32
4504354,10,01.04.2026,2000114,10000209,OCTANOL 2-ETHYL TECH GRADE,1020,31330.0,KG,2110.37,1000,USD,08.04.2026,66117.89
4502629,10,01.04.2026,2000103,10000105,PHTHALIC ANHYDRIDE,1010,60660.0,KG,1286.68,1000,USD,13.04.2026,78050.01
4504355,10,02.04.2026,2000113,10000209,OCTANOL 2-ETHYL TECH GRADE,1020,31330.0,KG,2173.37,1000,USD,09.04.2026,68091.68
4502784,10,02.04.2026,2000105,10000106,ADIPIC ACID,1010,29840.0,KG,2372.03,1000,USD,14.04.2026,70781.38
4504145,10,02.04.2026,2000108,10000208,SODIUM HYDROXIDE 50% SOLUTION,1020,420.0,KG,629.92,1000,USD,17.04.2026,264.57
4500400,10,03.04.2026,2000116,40000103,TRIETHYLENE GLYCOL,1020,16390.0,KG,1951.58,1000,USD,17.04.2026,31986.4
4501227,10,2026-04-03,2000115,40000109,METHYL ETHYL KETONE,1020,23240.0,KG,1714.82,1000,USD,22.04.2026,39852.42
4504074,10,04.04.2026,2000112,10000207,PROPYLENE OXIDE,1020,35370.0,KG,2030.17,1000,USD,16.04.2026,71807.11
4502238,10,04.04.2026,2000103,10000103,TEREPHTHALIC ACID PURIFIED,1010,25340.0,KG,1107.77,1000,USD,15.04.2026,28070.89
4502782,10,04.04.2026,2000105,10000106,ADIPIC ACID,1010,29840.0,KG,2377.75,1000,USD,18.04.2026,70952.06
4500894,10,05.04.2026,2000118,40000107,METHYL METHACRYLATE,1020,30100.0,KG,2356.97,1000,USD,10.04.2026,70944.8
4501662,10,05.04.2026,2000119,40000111,EPOXIDIZED SOYBEAN OIL,1020,48650.0,KG,2278.01,1000,USD,10.04.2026,110825.19
4504352,10,05.04.2026,2000113,10000209,OCTANOL 2-ETHYL TECH GRADE,1020,31330.0,KG,2075.26,1000,USD,23.04.2026,65017.9
4500565,10,06.04.2026,2000116,40000104,MONOPROPYLENE GLYCOL USP,1020,40640.0,KG,2208.24,1000,USD,14.04.2026,89742.87
4501665,10,06.04.2026,2000119,40000111,EPOXIDIZED SOYBEAN OIL,1020,48650.0,KG,2285.95,1000,USD,26.04.2026,111211.47
4501435,10,06.04.2026,2000115,40000110,ISOPROPYL ALCOHOL,1020,41070.0,KG,1349.1,1000,USD,25.04.2026,55407.54
4503195,10,07.04.2026,2000107,10000201,ACRYLIC ACID GLACIAL,1020,57420.0,KG,2703.35,1000,USD,22.04.2026,155226.36
4502443,10,07.04.2026,2000104,10000104,ISONONANOL,1010,114580.0,KG,1514.52,1000,USD,23.04.2026,173533.7
4504655,10,08.04.2026,2000115,10000109,CLEANING SOLVENT - GLYCOL ETHER,1010,3400.0,KG,2161.49,1000,USD,20.04.2026,7349.07
4500895,10,09.04.2026,2000118,40000107,METHYL METHACRYLATE,1020,30100.0,KG,2328.42,1000,USD,25.04.2026,70085.44
4502783,10,09.04.2026,2000105,10000106,ADIPIC ACID,1010,29840.0,KG,2421.18,1000,USD,20.04.2026,72248.01
4501086,10,09.04.2026,2000115,40000108,ACETONE,1020,35200.0,KG,1118.17,1000,USD,15.04.2026,39359.58
4503194,10,09.04.2026,2000107,10000201,ACRYLIC ACID GLACIAL,1020,57420.0,KG,2649.38,1000,USD,17.04.2026,152127.4
4503534,10,10.04.2026,2000109,10000204,ACETIC ACID GLACIAL,1020,58200.0,KG,1014.8,1000,USD,26.04.2026,59061.36
4503192,10,11.04.2026,2000107,10000201,ACRYLIC ACID GLACIAL,1020,57420.0,KG,2753.15,1000,USD,16.04.2026,158085.87
4503536,10,2026-04-11,2000109,10000204,ACETIC ACID GLACIAL,1020,58200.0,KG,1029.0,1000,USD,27.04.2026,59887.8
4501085,10,2026-04-12,2000115,40000108,ACETONE,1020,35200.0,KG,1151.89,1000,USD,01.05.2026,40546.53
4504581,10,12.04.2026,2000114,10000210,BUTAN-1-OL,1020,60370.0,KG,2054.77,1000,USD,23.04.2026,124046.46
4501891,10,12.04.2026,2000101,10000101,PROPYLENE POLYMER GRADE,1010,265350.0,KG,1221.63,1000,USD,24.04.2026,324159.52
4503535,10,12.04.2026,2000109,10000204,ACETIC ACID GLACIAL,1020,58200.0,KG,1023.03,1000,USD,20.04.2026,59540.35
4500768,10,13.04.2026,2000117,40000106,TRIMETHYLOLPROPANE,1020,10320.0,KG,2837.44,1000,USD,22.04.2026,29282.38
4502630,10,13.04.2026,2000103,10000105,PHTHALIC ANHYDRIDE,1010,60660.0,KG,1228.77,1000,USD,20.04.2026,74537.19
4502628,10,13.04.2026,2000103,10000105,PHTHALIC ANHYDRIDE,1010,60660.0,KG,1213.76,1000,USD,21.04.2026,73626.68
4503723,10,13.04.2026,2000110,10000205,ETHANOL ANHYDROUS,1020,37870.0,KG,887.66,1000,USD,23.04.2026,33615.68
4503724,10,13.04.2026,2000110,10000205,ETHANOL ANHYDROUS,1020,37870.0,KG,897.62,1000,USD,23.04.2026,33992.87
4501438,10,13.04.2026,2000115,40000110,ISOPROPYL ALCOHOL,1020,41070.0,KG,1276.06,1000,USD,27.04.2026,52407.78
4503864,10,14.04.2026,2000111,10000206,METHANOL,1020,33910.0,KG,528.68,1000,USD,25.04.2026,17927.54
4501226,10,14.04.2026,2000115,40000109,METHYL ETHYL KETONE,1020,23240.0,KG,1710.98,1000,USD,26.04.2026,39763.18
4500893,10,14.04.2026,2000118,40000107,METHYL METHACRYLATE,1020,30100.0,KG,2471.48,1000,USD,26.04.2026,74391.55
4501893,10,15.04.2026,2000101,10000101,PROPYLENE POLYMER GRADE,1010,265350.0,KG,1271.26,1000,USD,26.04.2026,337328.84
4501892,10,2026-04-15,2000101,10000101,PROPYLENE POLYMER GRADE,1010,265350.0,KG,1277.39,1000,USD,23.04.2026,338955.44
4500167,10,15.04.2026,2000116,40000101,MONOETHYLENE GLYCOL,1020,35650.0,KG,1243.91,1000,USD,26.04.2026,44345.39
4502442,10,15.04.2026,2000104,10000104,ISONONANOL,1010,114580.0,KG,1455.95,1000,USD,22.04.2026,166822.75
4502036,10,15.04.2026,2000102,10000102,HYDROGEN,1010,39440.0,KG,2284.22,1000,USD,03.05.2026,90089.64
4501663,10,2026-04-15,2000119,40000111,EPOXIDIZED SOYBEAN OIL,1020,48650.0,KG,2184.47,1000,USD,20.04.2026,106274.47
4503193,10,16.04.2026,2000107,10000201,ACRYLIC ACID GLACIAL,1020,57420.0,KG,2685.43,1000,USD,04.05.2026,154197.39
4502445,10,16.04.2026,2000104,10000104,ISONONANOL,1010,114580.0,KG,1483.05,1000,USD,23.04.2026,169927.87
4502444,10,17.04.2026,2000104,10000104,ISONONANOL,1010,114580.0,KG,1548.52,1000,USD,29.04.2026,177429.42
4503324,10,17.04.2026,2000108,10000203,SULFURIC ACID 98%,1020,4110.0,KG,131.09,1000,USD,25.04.2026,538.78
4502920,10,17.04.2026,2000105,10000107,TRIMELLITIC ANHYDRIDE,1010,30430.0,KG,2980.75,1000,USD,06.05.2026,90704.22
4500568,10,18.04.2026,2000116,40000104,MONOPROPYLENE GLYCOL USP,1020,40640.0,KG,2095.74,1000,USD,26.04.2026,85170.87
4504582,10,18.04.2026,2000113,10000210,BUTAN-1-OL,1020,60370.0,KG,1889.77,1000,USD,26.04.2026,114085.41
4504075,10,18.04.2026,2000112,10000207,PROPYLENE OXIDE,1020,35370.0,KG,2092.63,1000,USD,07.05.2026,74016.32
4501890,10,2026-04-19,2000101,10000101,PROPYLENE POLYMER GRADE,1010,265350.0,KG,1261.13,1000,USD,08.05.2026,334640.85
4504073,10,19.04.2026,2000112,10000207,PROPYLENE OXIDE,1020,35370.0,KG,2077.9,1000,USD,26.04.2026,73495.32
4502037,10,19.04.2026,2000101,10000102,HYDROGEN,1010,39440.0,KG,2300.08,1000,USD,27.04.2026,90715.16
4504353,10,19.04.2026,2000114,10000209,OCTANOL 2-ETHYL TECH GRADE,1020,31330.0,KG,2146.59,1000,USD,09.05.2026,67252.66
4500166,10,19.04.2026,2000116,40000101,MONOETHYLENE GLYCOL,1020,35650.0,KG,1283.1,1000,USD,04.05.2026,45742.52
4503267,10,2026-04-19,2000106,10000202,MEHQ INHIBITOR (4-METHOXYPHENOL),1020,90.0,KG,13456.99,1000,USD,24.04.2026,1211.13
4501664,10,19.04.2026,2000119,40000111,EPOXIDIZED SOYBEAN OIL,1020,48650.0,KG,2254.91,1000,USD,07.05.2026,109701.37
4504583,10,20.04.2026,2000114,10000210,BUTAN-1-OL,1020,60370.0,KG,2002.0,1000,USD,10.05.2026,120860.74
4500673,10,20.04.2026,2000117,40000105,NEOPENTYL GLYCOL FLAKES,1020,4620.0,KG,2425.84,1000,USD,08.05.2026,11207.38
4501437,10,21.04.2026,2000115,40000110,ISOPROPYL ALCOHOL,1020,41070.0,KG,1258.03,1000,USD,09.05.2026,51667.29
4504076,10,21.04.2026,2000112,10000207,PROPYLENE OXIDE,1020,35370.0,KG,2051.5,1000,USD,07.05.2026,72561.55
4500336,10,22.04.2026,2000116,40000102,DIETHYLENE GLYCOL,1020,28020.0,KG,1377.27,1000,USD,29.04.2026,38591.11
4502919,10,22.04.2026,2000105,10000107,TRIMELLITIC ANHYDRIDE,1010,30430.0,KG,2909.62,1000,USD,06.05.2026,88539.74
4500338,10,23.04.2026,2000116,40000102,DIETHYLENE GLYCOL,1020,28020.0,KG,1390.93,1000,USD,04.05.2026,38973.86
4501436,10,23.04.2026,2000115,40000110,ISOPROPYL ALCOHOL,1020,41070.0,KG,1312.38,1000,USD,02.05.2026,53899.45
4503537,10,23.04.2026,2000109,10000204,ACETIC ACID GLACIAL,1020,58200.0,KG,975.78,1000,USD,10.05.2026,56790.4
4502983,10,23.04.2026,2000106,10000108,TETRAISOPROPYL TITANATE CATALYST,1010,1200.0,KG,10207.12,1000,USD,28.04.2026,12248.54
4502627,10,23.04.2026,2000103,10000105,PHTHALIC ANHYDRIDE,1010,60660.0,KG,1233.54,1000,USD,04.05.2026,74826.54
4500567,10,24.04.2026,2000116,40000104,MONOPROPYLENE GLYCOL USP,1020,40640.0,KG,2117.53,1000,USD,11.05.2026,86056.42
4502239,10,2026-04-24,2000103,10000103,TEREPHTHALIC ACID PURIFIED,1010,25340.0,KG,1076.69,1000,USD,10.05.2026,27283.32
4503865,10,24.04.2026,2000111,10000206,METHANOL,1020,33910.0,KG,509.25,1000,USD,29.04.2026,17268.67
4504580,10,25.04.2026,2000113,10000210,BUTAN-1-OL,1020,60370.0,KG,1936.09,1000,USD,10.05.2026,116881.75
4500337,10,2026-04-25,2000116,40000102,DIETHYLENE GLYCOL,1020,28020.0,KG,1412.74,1000,USD,15.05.2026,39584.97
4500566,10,27.04.2026,2000116,40000104,MONOPROPYLENE GLYCOL USP,1020,40640.0,KG,2166.75,1000,USD,13.05.2026,88056.72
4504359,10,01.05.2026,2000114,10000209,OCTANOL 2-ETHYL TECH GRADE,1020,60500.0,KG,2137.34,1000,USD,07.05.2026,129309.07
4502632,10,02.05.2026,2000103,10000105,PHTHALIC ANHYDRIDE,1010,52160.0,KG,1227.01,1000,USD,14.05.2026,64000.84
4500342,10,02.05.2026,2000116,40000102,DIETHYLENE GLYCOL,1020,37980.0,KG,1437.71,1000,USD,20.05.2026,54604.23
4502240,10,02.05.2026,2000103,10000103,TEREPHTHALIC ACID PURIFIED,1010,34630.0,KG,1065.57,1000,USD,15.05.2026,36900.69
4500676,10,02.05.2026,2000117,40000105,NEOPENTYL GLYCOL FLAKES,1020,34640.0,KG,2545.76,1000,USD,10.05.2026,88185.13
4502446,10,02.05.2026,2000104,10000104,ISONONANOL,1010,104190.0,KG,1493.99,1000,USD,13.05.2026,155658.82
4503867,10,03.05.2026,2000111,10000206,METHANOL,1020,32860.0,KG,531.39,1000,USD,11.05.2026,17461.48
4503197,10,03.05.2026,2000107,10000201,ACRYLIC ACID GLACIAL,1020,56560.0,KG,2730.78,1000,USD,15.05.2026,154452.92
4502038,10,03.05.2026,2000101,10000102,HYDROGEN,1010,37190.0,KG,2309.48,1000,USD,16.05.2026,85889.56
4501087,10,05.05.2026,2000115,40000108,ACETONE,1020,40070.0,KG,1178.0,1000,USD,19.05.2026,47202.46
4502447,10,05.05.2026,2000104,10000104,ISONONANOL,1010,104190.0,KG,1589.93,1000,USD,14.05.2026,165654.81
4501439,10,2026-05-06,2000115,40000110,ISOPROPYL ALCOHOL,1020,58150.0,KG,1351.81,1000,USD,15.05.2026,78607.75
4503538,10,06.05.2026,2000109,10000204,ACETIC ACID GLACIAL,1020,76650.0,KG,1033.21,1000,USD,26.05.2026,79195.55
4501669,10,06.05.2026,2000119,40000111,EPOXIDIZED SOYBEAN OIL,1020,105200.0,KG,2341.92,1000,USD,11.05.2026,246369.98
4501896,10,06.05.2026,2000101,10000101,PROPYLENE POLYMER GRADE,1010,261120.0,KG,1340.39,1000,USD,20.05.2026,350002.64
4501668,10,06.05.2026,2000119,40000111,EPOXIDIZED SOYBEAN OIL,1020,105200.0,KG,2267.29,1000,USD,15.05.2026,238518.91
4500769,10,06.05.2026,2000117,40000106,TRIMETHYLOLPROPANE,1020,30190.0,KG,2891.78,1000,USD,23.05.2026,87302.84
4500170,10,06.05.2026,2000116,40000101,MONOETHYLENE GLYCOL,1020,36130.0,KG,1271.96,1000,USD,15.05.2026,45955.91
4504656,10,07.05.2026,2000115,10000109,CLEANING SOLVENT - GLYCOL ETHER,1010,1900.0,KG,2179.54,1000,USD,14.05.2026,4141.13
4501229,10,07.05.2026,2000115,40000109,METHYL ETHYL KETONE,1020,29580.0,KG,1640.3,1000,USD,17.05.2026,48520.07
4500401,10,07.05.2026,2000116,40000103,TRIETHYLENE GLYCOL,1020,4980.0,KG,2024.32,1000,USD,22.05.2026,10081.11
4502633,10,08.05.2026,2000103,10000105,PHTHALIC ANHYDRIDE,1010,52160.0,KG,1259.94,1000,USD,26.05.2026,65718.47
4502921,10,08.05.2026,2000105,10000107,TRIMELLITIC ANHYDRIDE,1010,35350.0,KG,2873.96,1000,USD,23.05.2026,101594.49
4503866,10,08.05.2026,2000111,10000206,METHANOL,1020,32860.0,KG,515.4,1000,USD,18.05.2026,16936.04
4501442,10,08.05.2026,2000115,40000110,ISOPROPYL ALCOHOL,1020,58150.0,KG,1313.16,1000,USD,23.05.2026,76360.25
4500675,10,09.05.2026,2000117,40000105,NEOPENTYL GLYCOL FLAKES,1020,34640.0,KG,2579.91,1000,USD,17.05.2026,89368.08
4503727,10,09.05.2026,2000110,10000205,ETHANOL ANHYDROUS,1020,37210.0,KG,917.95,1000,USD,16.05.2026,34156.92
4502785,10,09.05.2026,2000105,10000106,ADIPIC ACID,1010,37990.0,KG,2433.15,1000,USD,16.05.2026,92435.37
4503541,10,09.05.2026,2000109,10000204,ACETIC ACID GLACIAL,1020,76650.0,KG,1073.0,1000,USD,21.05.2026,82245.45
4503325,10,09.05.2026,2000108,10000203,SULFURIC ACID 98%,1020,5110.0,KG,139.41,1000,USD,23.05.2026,712.39
4503540,10,09.05.2026,2000109,10000204,ACETIC ACID GLACIAL,1020,76650.0,KG,1070.68,1000,USD,25.05.2026,82067.62
4504146,10,10.05.2026,2000108,10000208,SODIUM HYDROXIDE 50% SOLUTION,1020,580.0,KG,611.54,1000,USD,19.05.2026,354.69
4504079,10,11.05.2026,2000112,10000207,PROPYLENE OXIDE,1020,50350.0,KG,2040.57,1000,USD,20.05.2026,102742.7
4502634,10,12.05.2026,2000103,10000105,PHTHALIC ANHYDRIDE,1010,52160.0,KG,1321.46,1000,USD,22.05.2026,68927.35
4502241,10,12.05.2026,2000103,10000103,TEREPHTHALIC ACID PURIFIED,1010,34630.0,KG,1110.47,1000,USD,18.05.2026,38455.58
4504587,10,13.05.2026,2000113,10000210,BUTAN-1-OL,1020,57610.0,KG,1893.37,1000,USD,19.05.2026,109077.05
4500570,10,2026-05-13,2000116,40000104,MONOPROPYLENE GLYCOL USP,1020,31460.0,KG,2216.04,1000,USD,31.05.2026,69716.62
4502631,10,13.05.2026,2000103,10000105,PHTHALIC ANHYDRIDE,1010,52160.0,KG,1285.67,1000,USD,24.05.2026,67060.55
4504077,10,13.05.2026,2000112,10000207,PROPYLENE OXIDE,1020,50350.0,KG,2065.26,1000,USD,28.05.2026,103985.84
4504358,10,13.05.2026,2000113,10000209,OCTANOL 2-ETHYL TECH GRADE,1020,60500.0,KG,2128.2,1000,USD,21.05.2026,128756.1
4500341,10,13.05.2026,2000116,40000102,DIETHYLENE GLYCOL,1020,37980.0,KG,1453.18,1000,USD,24.05.2026,55191.78
4500571,10,13.05.2026,2000116,40000104,MONOPROPYLENE GLYCOL USP,1020,31460.0,KG,2197.61,1000,USD,02.06.2026,69136.81
4502039,10,13.05.2026,2000101,10000102,HYDROGEN,1010,37190.0,KG,2325.23,1000,USD,22.05.2026,86475.3
4503728,10,14.05.2026,2000110,10000205,ETHANOL ANHYDROUS,1020,37210.0,KG,926.57,1000,USD,01.06.2026,34477.67
4501666,10,14.05.2026,2000119,40000111,EPOXIDIZED SOYBEAN OIL,1020,105200.0,KG,2330.71,1000,USD,27.05.2026,245190.69
4501667,10,2026-05-15,2000119,40000111,EPOXIDIZED SOYBEAN OIL,1020,105200.0,KG,2316.48,1000,USD,22.05.2026,243693.7
4503196,10,16.05.2026,2000107,10000201,ACRYLIC ACID GLACIAL,1020,56560.0,KG,2723.71,1000,USD,26.05.2026,154053.04
4500340,10,16.05.2026,2000116,40000102,DIETHYLENE GLYCOL,1020,37980.0,KG,1490.99,1000,USD,27.05.2026,56627.8
4502448,10,16.05.2026,2000104,10000104,ISONONANOL,1010,104190.0,KG,1580.28,1000,USD,28.05.2026,164649.37
4503868,10,16.05.2026,2000111,10000206,METHANOL,1020,32860.0,KG,521.39,1000,USD,26.05.2026,17132.88
4500339,10,16.05.2026,2000116,40000102,DIETHYLENE GLYCOL,1020,37980.0,KG,1426.82,1000,USD,27.05.2026,54190.62
4501441,10,17.05.2026,2000115,40000110,ISOPROPYL ALCOHOL,1020,58150.0,KG,1329.87,1000,USD,04.06.2026,77331.94
4503199,10,17.05.2026,2000107,10000201,ACRYLIC ACID GLACIAL,1020,56560.0,KG,2730.01,1000,USD,22.05.2026,154409.37
4502922,10,17.05.2026,2000105,10000107,TRIMELLITIC ANHYDRIDE,1010,35350.0,KG,2939.13,1000,USD,05.06.2026,103898.25
4501090,10,17.05.2026,2000115,40000108,ACETONE,1020,40070.0,KG,1137.73,1000,USD,27.05.2026,45588.84
4501895,10,18.05.2026,2000101,10000101,PROPYLENE POLYMER GRADE,1010,261120.0,KG,1306.68,1000,USD,03.06.2026,341200.28
4503726,10,18.05.2026,2000110,10000205,ETHANOL ANHYDROUS,1020,37210.0,KG,910.44,1000,USD,05.06.2026,33877.47
4500168,10,18.05.2026,2000116,40000101,MONOETHYLENE GLYCOL,1020,36130.0,KG,1264.01,1000,USD,24.05.2026,45668.68
4501088,10,2026-05-18,2000115,40000108,ACETONE,1020,40070.0,KG,1169.67,1000,USD,03.06.2026,46868.68
4501894,10,19.05.2026,2000101,10000101,PROPYLENE POLYMER GRADE,1010,261120.0,KG,1305.23,1000,USD,29.05.2026,340821.66
4504585,10,19.05.2026,2000113,10000210,BUTAN-1-OL,1020,57610.0,KG,1991.97,1000,USD,04.06.2026,114757.39
4501089,10,19.05.2026,2000115,40000108,ACETONE,1020,40070.0,KG,1157.71,1000,USD,04.06.2026,46389.44
4503725,10,19.05.2026,2000110,10000205,ETHANOL ANHYDROUS,1020,37210.0,KG,931.24,1000,USD,02.06.2026,34651.44
4500569,10,20.05.2026,2000116,40000104,MONOPROPYLENE GLYCOL USP,1020,31460.0,KG,2139.3,1000,USD,28.05.2026,67302.38
4502786,10,20.05.2026,2000105,10000106,ADIPIC ACID,1010,37990.0,KG,2436.21,1000,USD,04.06.2026,92551.62
4501228,10,20.05.2026,2000115,40000109,METHYL ETHYL KETONE,1020,29580.0,KG,1633.87,1000,USD,02.06.2026,48329.87
4501440,10,21.05.2026,2000115,40000110,ISOPROPYL ALCOHOL,1020,58150.0,KG,1351.56,1000,USD,01.06.2026,78593.21
4504356,10,21.05.2026,2000114,10000209,OCTANOL 2-ETHYL TECH GRADE,1020,60500.0,KG,2238.18,1000,USD,28.05.2026,135409.89
4504357,10,23.05.2026,2000114,10000209,OCTANOL 2-ETHYL TECH GRADE,1020,60500.0,KG,2131.97,1000,USD,04.06.2026,128984.18
4504586,10,23.05.2026,2000114,10000210,BUTAN-1-OL,1020,57610.0,KG,2022.7,1000,USD,01.06.2026,116527.75
4503198,10,23.05.2026,2000107,10000201,ACRYLIC ACID GLACIAL,1020,56560.0,KG,2638.43,1000,USD,01.06.2026,149229.6
4500169,10,23.05.2026,2000116,40000101,MONOETHYLENE GLYCOL,1020,36130.0,KG,1281.96,1000,USD,29.05.2026,46317.21
4500674,10,23.05.2026,2000117,40000105,NEOPENTYL GLYCOL FLAKES,1020,34640.0,KG,2527.25,1000,USD,30.05.2026,87543.94
4503268,10,23.05.2026,2000106,10000202,MEHQ INHIBITOR (4-METHOXYPHENOL),1020,100.0,KG,14208.2,1000,USD,31.05.2026,1420.82
4501897,10,24.05.2026,2000101,10000101,PROPYLENE POLYMER GRADE,1010,261120.0,KG,1319.9,1000,USD,02.06.2026,344652.29
4503539,10,25.05.2026,2000109,10000204,ACETIC ACID GLACIAL,1020,76650.0,KG,1027.75,1000,USD,04.06.2026,78777.04
4500896,10,25.05.2026,2000118,40000107,METHYL METHACRYLATE,1020,30750.0,KG,2432.42,1000,USD,11.06.2026,74796.91
4504584,10,26.05.2026,2000114,10000210,BUTAN-1-OL,1020,57610.0,KG,2073.58,1000,USD,01.06.2026,119458.94
4504078,10,26.05.2026,2000112,10000207,PROPYLENE OXIDE,1020,50350.0,KG,2130.58,1000,USD,13.06.2026,107274.7
4502449,10,2026-05-27,2000104,10000104,ISONONANOL,1010,104190.0,KG,1595.51,1000,USD,03.06.2026,166236.19
4504080,10,27.05.2026,2000112,10000207,PROPYLENE OXIDE,1020,50350.0,KG,2093.1,1000,USD,03.06.2026,105387.58
4502984,10,27.05.2026,2000106,10000108,TETRAISOPROPYL TITANATE CATALYST,1010,1080.0,KG,10091.06,1000,USD,15.06.2026,10898.34
4503545,10,01.06.2026,2000109,10000204,ACETIC ACID GLACIAL,1020,51470.0,KG,1046.81,1000,USD,07.06.2026,53879.31
4501091,10,02.06.2026,2000115,40000108,ACETONE,1020,42840.0,KG,1166.36,1000,USD,19.06.2026,49966.86
4504363,10,02.06.2026,2000114,10000209,OCTANOL 2-ETHYL TECH GRADE,1020,44820.0,KG,2152.47,1000,USD,09.06.2026,96473.71
4502242,10,02.06.2026,2000103,10000103,TEREPHTHALIC ACID PURIFIED,1010,37080.0,KG,1145.16,1000,USD,19.06.2026,42462.53
4501446,10,04.06.2026,2000115,40000110,ISOPROPYL ALCOHOL,1020,43760.0,KG,1324.33,1000,USD,16.06.2026,57952.68
4500574,10,04.06.2026,2000116,40000104,MONOPROPYLENE GLYCOL USP,1020,35600.0,KG,2163.59,1000,USD,24.06.2026,77023.8
4503730,10,04.06.2026,2000110,10000205,ETHANOL ANHYDROUS,1020,30380.0,KG,942.82,1000,USD,20.06.2026,28642.87
4502923,10,05.06.2026,2000105,10000107,TRIMELLITIC ANHYDRIDE,1010,22560.0,KG,2991.86,1000,USD,17.06.2026,67496.36
4504360,10,05.06.2026,2000113,10000209,OCTANOL 2-ETHYL TECH GRADE,1020,44820.0,KG,2152.58,1000,USD,19.06.2026,96478.64
4500575,10,06.06.2026,2000116,40000104,MONOPROPYLENE GLYCOL USP,1020,35600.0,KG,2140.7,1000,USD,19.06.2026,76208.92
4502924,10,07.06.2026,2000105,10000107,TRIMELLITIC ANHYDRIDE,1010,22560.0,KG,2987.93,1000,USD,19.06.2026,67407.7
4502985,10,07.06.2026,2000106,10000108,TETRAISOPROPYL TITANATE CATALYST,1010,1000.0,KG,10279.99,1000,USD,22.06.2026,10279.99
4500173,10,07.06.2026,2000116,40000101,MONOETHYLENE GLYCOL,1020,30790.0,KG,1321.18,1000,USD,21.06.2026,40679.13
4503202,10,2026-06-07,2000107,10000201,ACRYLIC ACID GLACIAL,1020,71830.0,KG,2775.21,1000,USD,23.06.2026,199343.33
4504657,10,07.06.2026,2000115,10000109,CLEANING SOLVENT - GLYCOL ETHER,1010,2400.0,KG,2213.8,1000,USD,17.06.2026,5313.12
4501444,10,2026-06-07,2000115,40000110,ISOPROPYL ALCOHOL,1020,43760.0,KG,1290.87,1000,USD,25.06.2026,56488.47
4502636,10,07.06.2026,2000103,10000105,PHTHALIC ANHYDRIDE,1010,53880.0,KG,1269.91,1000,USD,20.06.2026,68422.75
4503200,10,08.06.2026,2000107,10000201,ACRYLIC ACID GLACIAL,1020,71830.0,KG,2678.79,1000,USD,21.06.2026,192417.49
4503870,10,08.06.2026,2000111,10000206,METHANOL,1020,26800.0,KG,525.62,1000,USD,25.06.2026,14086.62
4501093,10,08.06.2026,2000115,40000108,ACETONE,1020,42840.0,KG,1150.92,1000,USD,18.06.2026,49305.41
4502788,10,09.06.2026,2000105,10000106,ADIPIC ACID,1010,26020.0,KG,2301.15,1000,USD,18.06.2026,59875.92
4501443,10,09.06.2026,2000115,40000110,ISOPROPYL ALCOHOL,1020,43760.0,KG,1330.82,1000,USD,24.06.2026,58236.68
4500572,10,09.06.2026,2000116,40000104,MONOPROPYLENE GLYCOL USP,1020,35600.0,KG,2231.76,1000,USD,15.06.2026,79450.66
4502787,10,10.06.2026,2000105,10000106,ADIPIC ACID,1010,26020.0,KG,2388.85,1000,USD,18.06.2026,62157.88
4500345,10,10.06.2026,2000116,40000102,DIETHYLENE GLYCOL,1020,41670.0,KG,1418.58,1000,USD,20.06.2026,59112.23
4500770,10,10.06.2026,2000117,40000106,TRIMETHYLOLPROPANE,1020,3430.0,KG,3085.93,1000,USD,23.06.2026,10584.74
4500171,10,10.06.2026,2000116,40000101,MONOETHYLENE GLYCOL,1020,30790.0,KG,1280.6,1000,USD,15.06.2026,39429.67
4504083,10,10.06.2026,2000112,10000207,PROPYLENE OXIDE,1020,37800.0,KG,2088.21,1000,USD,15.06.2026,78934.34
4501899,10,10.06.2026,2000101,10000101,PROPYLENE POLYMER GRADE,1010,248320.0,KG,1277.3,1000,USD,24.06.2026,317179.14
4503326,10,11.06.2026,2000108,10000203,SULFURIC ACID 98%,1020,4360.0,KG,144.09,1000,USD,18.06.2026,628.23
4504361,10,12.06.2026,2000113,10000209,OCTANOL 2-ETHYL TECH GRADE,1020,44820.0,KG,2182.21,1000,USD,25.06.2026,97806.65
4500346,10,12.06.2026,2000116,40000102,DIETHYLENE GLYCOL,1020,41670.0,KG,1447.4,1000,USD,27.06.2026,60313.16
4501898,10,12.06.2026,2000101,10000101,PROPYLENE POLYMER GRADE,1010,248320.0,KG,1274.12,1000,USD,29.06.2026,316389.48
4501672,10,13.06.2026,2000119,40000111,EPOXIDIZED SOYBEAN OIL,1020,57560.0,KG,2235.04,1000,USD,23.06.2026,128648.9
4501092,10,13.06.2026,2000115,40000108,ACETONE,1020,42840.0,KG,1212.28,1000,USD,30.06.2026,51934.08
4502450,10,14.06.2026,2000104,10000104,ISONONANOL,1010,103770.0,KG,1584.7,1000,USD,20.06.2026,164444.32
4503544,10,2026-06-14,2000109,10000204,ACETIC ACID GLACIAL,1020,51470.0,KG,1039.09,1000,USD,22.06.2026,53481.96
4501445,10,14.06.2026,2000115,40000110,ISOPROPYL ALCOHOL,1020,43760.0,KG,1338.66,1000,USD,04.07.2026,58579.76
4504590,10,14.06.2026,2000114,10000210,BUTAN-1-OL,1020,60650.0,KG,2029.75,1000,USD,20.06.2026,123104.34
4500677,10,15.06.2026,2000117,40000105,NEOPENTYL GLYCOL FLAKES,1020,18960.0,KG,2542.84,1000,USD,30.06.2026,48212.25
4500402,10,15.06.2026,2000116,40000103,TRIETHYLENE GLYCOL,1020,18810.0,KG,1952.7,1000,USD,01.07.2026,36730.29
4503203,10,15.06.2026,2000107,10000201,ACRYLIC ACID GLACIAL,1020,71830.0,KG,2764.5,1000,USD,30.06.2026,198574.04
4501230,10,15.06.2026,2000115,40000109,METHYL ETHYL KETONE,1020,24580.0,KG,1722.08,1000,USD,28.06.2026,42328.73
4502453,10,15.06.2026,2000104,10000104,ISONONANOL,1010,103770.0,KG,1585.38,1000,USD,05.07.2026,164514.88
4501673,10,15.06.2026,2000119,40000111,EPOXIDIZED SOYBEAN OIL,1020,57560.0,KG,2331.0,1000,USD,04.07.2026,134172.36
4502451,10,15.06.2026,2000104,10000104,ISONONANOL,1010,103770.0,KG,1573.97,1000,USD,27.06.2026,163330.87
4503542,10,16.06.2026,2000109,10000204,ACETIC ACID GLACIAL,1020,51470.0,KG,1032.44,1000,USD,23.06.2026,53139.69
4504589,10,16.06.2026,2000114,10000210,BUTAN-1-OL,1020,60650.0,KG,2088.65,1000,USD,02.07.2026,126676.62
4504082,10,16.06.2026,2000112,10000207,PROPYLENE OXIDE,1020,37800.0,KG,2076.7,1000,USD,06.07.2026,78499.26
4504591,10,16.06.2026,2000114,10000210,BUTAN-1-OL,1020,60650.0,KG,2124.49,1000,USD,22.06.2026,128850.32
4500343,10,16.06.2026,2000116,40000102,DIETHYLENE GLYCOL,1020,41670.0,KG,1469.39,1000,USD,03.07.2026,61229.48
4500344,10,17.06.2026,2000116,40000102,DIETHYLENE GLYCOL,1020,41670.0,KG,1449.78,1000,USD,25.06.2026,60412.33
4502243,10,17.06.2026,2000103,10000103,TEREPHTHALIC ACID PURIFIED,1010,37080.0,KG,1118.69,1000,USD,25.06.2026,41481.03
4502452,10,18.06.2026,2000104,10000104,ISONONANOL,1010,103770.0,KG,1543.15,1000,USD,08.07.2026,160132.68
4502637,10,18.06.2026,2000103,10000105,PHTHALIC ANHYDRIDE,1010,53880.0,KG,1308.47,1000,USD,27.06.2026,70500.36
4503269,10,18.06.2026,2000106,10000202,MEHQ INHIBITOR (4-METHOXYPHENOL),1020,110.0,KG,14072.5,1000,USD,07.07.2026,1547.98
4502041,10,18.06.2026,2000102,10000102,HYDROGEN,1010,37000.0,KG,2392.9,1000,USD,25.06.2026,88537.3
4502638,10,19.06.2026,2000103,10000105,PHTHALIC ANHYDRIDE,1010,53880.0,KG,1289.96,1000,USD,01.07.2026,69503.04
4503731,10,20.06.2026,2000110,10000205,ETHANOL ANHYDROUS,1020,30380.0,KG,897.9,1000,USD,26.06.2026,27278.2
4500897,10,20.06.2026,2000118,40000107,METHYL METHACRYLATE,1020,19770.0,KG,2383.09,1000,USD,29.06.2026,47113.69
4504147,10,20.06.2026,2000108,10000208,SODIUM HYDROXIDE 50% SOLUTION,1020,320.0,KG,630.49,1000,USD,09.07.2026,201.76
4502635,10,21.06.2026,2000103,10000105,PHTHALIC ANHYDRIDE,1010,53880.0,KG,1314.98,1000,USD,01.07.2026,70851.12
4503729,10,2026-06-22,2000110,10000205,ETHANOL ANHYDROUS,1020,30380.0,KG,944.43,1000,USD,12.07.2026,28691.78
4503869,10,22.06.2026,2000111,10000206,METHANOL,1020,26800.0,KG,525.62,1000,USD,30.06.2026,14086.62
4501094,10,22.06.2026,2000115,40000108,ACETONE,1020,42840.0,KG,1169.27,1000,USD,29.06.2026,50091.53
4501900,10,23.06.2026,2000101,10000101,PROPYLENE POLYMER GRADE,1010,248320.0,KG,1256.49,1000,USD,13.07.2026,312011.6
4500172,10,23.06.2026,2000116,40000101,MONOETHYLENE GLYCOL,1020,30790.0,KG,1285.34,1000,USD,10.07.2026,39575.62
4503201,10,24.06.2026,2000107,10000201,ACRYLIC ACID GLACIAL,1020,71830.0,KG,2831.0,1000,USD,05.07.2026,203350.73
4501231,10,24.06.2026,2000115,40000109,METHYL ETHYL KETONE,1020,24580.0,KG,1686.85,1000,USD,30.06.2026,41462.77
4504588,10,25.06.2026,2000113,10000210,BUTAN-1-OL,1020,60650.0,KG,1992.38,1000,USD,06.07.2026,120837.85
4501670,10,2026-06-25,2000119,40000111,EPOXIDIZED SOYBEAN OIL,1020,57560.0,KG,2349.08,1000,USD,14.07.2026,135213.04
4500573,10,25.06.2026,2000116,40000104,MONOPROPYLENE GLYCOL USP,1020,35600.0,KG,2208.97,1000,USD,04.07.2026,78639.33
4501671,10,26.06.2026,2000119,40000111,EPOXIDIZED SOYBEAN OIL,1020,57560.0,KG,2310.47,1000,USD,11.07.2026,132990.65
4502040,10,26.06.2026,2000102,10000102,HYDROGEN,1010,37000.0,KG,2293.9,1000,USD,03.07.2026,84874.3
4504362,10,26.06.2026,2000113,10000209,OCTANOL 2-ETHYL TECH GRADE,1020,44820.0,KG,2191.64,1000,USD,01.07.2026,98229.3
4501901,10,27.06.2026,2000101,10000101,PROPYLENE POLYMER GRADE,1010,248320.0,KG,1259.24,1000,USD,09.07.2026,312694.48
4504081,10,27.06.2026,2000112,10000207,PROPYLENE OXIDE,1020,37800.0,KG,2076.65,1000,USD,16.07.2026,78497.37
4503543,10,27.06.2026,2000109,10000204,ACETIC ACID GLACIAL,1020,51470.0,KG,1041.15,1000,USD,12.07.2026,53587.99
4501097,10,01.07.2026,2000115,40000108,ACETONE,1020,28420.0,KG,1146.96,1000,USD,06.07.2026,32596.6
4502925,10,01.07.2026,2000105,10000107,TRIMELLITIC ANHYDRIDE,1010,27230.0,KG,3015.76,1000,USD,07.07.2026,82119.14
4504595,10,01.07.2026,2000113,10000210,BUTAN-1-OL,1020,73980.0,KG,2028.96,1000,USD,16.07.2026,150102.46
4504658,10,01.07.2026,2000115,10000109,CLEANING SOLVENT - GLYCOL ETHER,1010,3500.0,KG,2196.77,1000,USD,15.07.2026,7688.7
4503327,10,02.07.2026,2000108,10000203,SULFURIC ACID 98%,1020,5660.0,KG,139.35,1000,USD,18.07.2026,788.72
4502455,10,02.07.2026,2000104,10000104,ISONONANOL,1010,130390.0,KG,1581.16,1000,USD,10.07.2026,206167.45
4504593,10,02.07.2026,2000113,10000210,BUTAN-1-OL,1020,73980.0,KG,2010.93,1000,USD,16.07.2026,148768.6
4501232,10,02.07.2026,2000115,40000109,METHYL ETHYL KETONE,1020,37260.0,KG,1704.6,1000,USD,15.07.2026,63513.4
4500771,10,03.07.2026,2000117,40000106,TRIMETHYLOLPROPANE,1020,24410.0,KG,2968.36,1000,USD,10.07.2026,72457.67
4500349,10,03.07.2026,2000116,40000102,DIETHYLENE GLYCOL,1020,30930.0,KG,1434.56,1000,USD,22.07.2026,44370.94
4500576,10,03.07.2026,2000116,40000104,MONOPROPYLENE GLYCOL USP,1020,39460.0,KG,2176.17,1000,USD,13.07.2026,85871.67
4502042,10,04.07.2026,2000102,10000102,HYDROGEN,1010,38270.0,KG,2378.31,1000,USD,09.07.2026,91017.92
4500898,10,04.07.2026,2000118,40000107,METHYL METHACRYLATE,1020,38180.0,KG,2481.07,1000,USD,14.07.2026,94727.25
4503549,10,04.07.2026,2000109,10000204,ACETIC ACID GLACIAL,1020,69130.0,KG,1025.24,1000,USD,15.07.2026,70874.84
4503546,10,05.07.2026,2000109,10000204,ACETIC ACID GLACIAL,1020,69130.0,KG,1090.07,1000,USD,18.07.2026,75356.54
4501096,10,05.07.2026,2000115,40000108,ACETONE,1020,28420.0,KG,1152.8,1000,USD,19.07.2026,32762.58
4502791,10,06.07.2026,2000105,10000106,ADIPIC ACID,1010,32390.0,KG,2465.95,1000,USD,13.07.2026,79872.12
4500579,10,06.07.2026,2000116,40000104,MONOPROPYLENE GLYCOL USP,1020,39460.0,KG,2265.68,1000,USD,16.07.2026,89403.73
4504364,10,07.07.2026,2000113,10000209,OCTANOL 2-ETHYL TECH GRADE,1020,66340.0,KG,2209.64,1000,USD,16.07.2026,146587.52
4500348,10,07.07.2026,2000116,40000102,DIETHYLENE GLYCOL,1020,30930.0,KG,1462.67,1000,USD,20.07.2026,45240.38
4501449,10,08.07.2026,2000115,40000110,ISOPROPYL ALCOHOL,1020,32480.0,KG,1323.78,1000,USD,20.07.2026,42996.37
4502926,10,2026-07-09,2000105,10000107,TRIMELLITIC ANHYDRIDE,1010,27230.0,KG,2938.87,1000,USD,19.07.2026,80025.43
4501447,10,09.07.2026,2000115,40000110,ISOPROPYL ALCOHOL,1020,32480.0,KG,1282.21,1000,USD,17.07.2026,41646.18
4500678,10,09.07.2026,2000117,40000105,NEOPENTYL GLYCOL FLAKES,1020,29010.0,KG,2507.85,1000,USD,21.07.2026,72752.73
4503871,10,09.07.2026,2000111,10000206,METHANOL,1020,31950.0,KG,518.92,1000,USD,26.07.2026,16579.49
4501233,10,2026-07-10,2000115,40000109,METHYL ETHYL KETONE,1020,37260.0,KG,1696.25,1000,USD,23.07.2026,63202.28
4502639,10,11.07.2026,2000103,10000105,PHTHALIC ANHYDRIDE,1010,66880.0,KG,1247.24,1000,USD,29.07.2026,83415.41
4501674,10,11.07.2026,2000119,40000111,EPOXIDIZED SOYBEAN OIL,1020,60540.0,KG,2282.95,1000,USD,26.07.2026,138209.79
4502245,10,11.07.2026,2000103,10000103,TEREPHTHALIC ACID PURIFIED,1010,27140.0,KG,1081.26,1000,USD,16.07.2026,29345.4
4503270,10,12.07.2026,2000106,10000202,MEHQ INHIBITOR (4-METHOXYPHENOL),1020,130.0,KG,14108.1,1000,USD,19.07.2026,1834.05
4503204,10,12.07.2026,2000107,10000201,ACRYLIC ACID GLACIAL,1020,73280.0,KG,2784.06,1000,USD,20.07.2026,204015.92
4501676,10,12.07.2026,2000119,40000111,EPOXIDIZED SOYBEAN OIL,1020,60540.0,KG,2274.54,1000,USD,24.07.2026,137700.65
4503872,10,12.07.2026,2000111,10000206,METHANOL,1020,31950.0,KG,533.27,1000,USD,17.07.2026,17037.98
4502790,10,12.07.2026,2000105,10000106,ADIPIC ACID,1010,32390.0,KG,2431.12,1000,USD,19.07.2026,78743.98
4504365,10,12.07.2026,2000113,10000209,OCTANOL 2-ETHYL TECH GRADE,1020,66340.0,KG,2130.69,1000,USD,26.07.2026,141349.97
4502244,10,12.07.2026,2000103,10000103,TEREPHTHALIC ACID PURIFIED,1010,27140.0,KG,1120.72,1000,USD,24.07.2026,30416.34
4504084,10,13.07.2026,2000112,10000207,PROPYLENE OXIDE,1020,31520.0,KG,2085.38,1000,USD,28.07.2026,65731.18
4504592,10,13.07.2026,2000114,10000210,BUTAN-1-OL,1020,73980.0,KG,2052.69,1000,USD,31.07.2026,151858.01
4502640,10,13.07.2026,2000103,10000105,PHTHALIC ANHYDRIDE,1010,66880.0,KG,1244.33,1000,USD,26.07.2026,83220.79
4503732,10,13.07.2026,2000110,10000205,ETHANOL ANHYDROUS,1020,36540.0,KG,944.02,1000,USD,30.07.2026,34494.49
4501677,10,2026-07-14,2000119,40000111,EPOXIDIZED SOYBEAN OIL,1020,60540.0,KG,2306.05,1000,USD,20.07.2026,139608.27
4504087,10,14.07.2026,2000112,10000207,PROPYLENE OXIDE,1020,31520.0,KG,2092.54,1000,USD,03.08.2026,65956.86
4504085,10,14.07.2026,2000112,10000207,PROPYLENE OXIDE,1020,31520.0,KG,2027.65,1000,USD,02.08.2026,63911.53
4504086,10,15.07.2026,2000112,10000207,PROPYLENE OXIDE,1020,31520.0,KG,2137.34,1000,USD,27.07.2026,67368.96
4501902,10,16.07.2026,2000101,10000101,PROPYLENE POLYMER GRADE,1010,260350.0,KG,1239.96,1000,USD,31.07.2026,322823.59
4500175,10,16.07.2026,2000116,40000101,MONOETHYLENE GLYCOL,1020,31470.0,KG,1252.29,1000,USD,28.07.2026,39409.57
4501905,10,17.07.2026,2000101,10000101,PROPYLENE POLYMER GRADE,1010,260350.0,KG,1231.2,1000,USD,24.07.2026,320542.92
4501095,10,18.07.2026,2000115,40000108,ACETONE,1020,28420.0,KG,1178.22,1000,USD,24.07.2026,33485.01
4502456,10,18.07.2026,2000104,10000104,ISONONANOL,1010,130390.0,KG,1548.62,1000,USD,28.07.2026,201924.56
4503547,10,18.07.2026,2000109,10000204,ACETIC ACID GLACIAL,1020,69130.0,KG,1050.97,1000,USD,24.07.2026,72653.56
4503548,10,2026-07-18,2000109,10000204,ACETIC ACID GLACIAL,1020,69130.0,KG,1085.3,1000,USD,07.08.2026,75026.79
4500174,10,18.07.2026,2000116,40000101,MONOETHYLENE GLYCOL,1020,31470.0,KG,1319.72,1000,USD,02.08.2026,41531.59
4503205,10,19.07.2026,2000107,10000201,ACRYLIC ACID GLACIAL,1020,73280.0,KG,2857.03,1000,USD,04.08.2026,209363.16
4500347,10,19.07.2026,2000116,40000102,DIETHYLENE GLYCOL,1020,30930.0,KG,1433.52,1000,USD,25.07.2026,44338.77
4502641,10,19.07.2026,2000103,10000105,PHTHALIC ANHYDRIDE,1010,66880.0,KG,1234.16,1000,USD,06.08.2026,82540.62
4501448,10,20.07.2026,2000115,40000110,ISOPROPYL ALCOHOL,1020,32480.0,KG,1358.35,1000,USD,08.08.2026,44119.21
4502457,10,20.07.2026,2000104,10000104,ISONONANOL,1010,130390.0,KG,1567.02,1000,USD,31.07.2026,204323.74
4501675,10,20.07.2026,2000119,40000111,EPOXIDIZED SOYBEAN OIL,1020,60540.0,KG,2370.09,1000,USD,25.07.2026,143485.25
4504148,10,20.07.2026,2000108,10000208,SODIUM HYDROXIDE 50% SOLUTION,1020,370.0,KG,641.86,1000,USD,25.07.2026,237.49
4501903,10,20.07.2026,2000101,10000101,PROPYLENE POLYMER GRADE,1010,260350.0,KG,1251.88,1000,USD,08.08.2026,325926.96
4502986,10,21.07.2026,2000106,10000108,TETRAISOPROPYL TITANATE CATALYST,1010,1390.0,KG,10046.55,1000,USD,30.07.2026,13964.7
4502454,10,21.07.2026,2000104,10000104,ISONONANOL,1010,130390.0,KG,1549.72,1000,USD,30.07.2026,202067.99
4500176,10,22.07.2026,2000116,40000101,MONOETHYLENE GLYCOL,1020,31470.0,KG,1220.52,1000,USD,04.08.2026,38409.76
4500403,10,22.07.2026,2000116,40000103,TRIETHYLENE GLYCOL,1020,17190.0,KG,1969.41,1000,USD,27.07.2026,33854.16
4500350,10,22.07.2026,2000116,40000102,DIETHYLENE GLYCOL,1020,30930.0,KG,1451.61,1000,USD,30.07.2026,44898.3
4500177,10,22.07.2026,2000116,40000101,MONOETHYLENE GLYCOL,1020,31470.0,KG,1232.51,1000,USD,11.08.2026,38787.09
4503207,10,23.07.2026,2000107,10000201,ACRYLIC ACID GLACIAL,1020,73280.0,KG,2695.34,1000,USD,03.08.2026,197514.52
4502642,10,23.07.2026,2000103,10000105,PHTHALIC ANHYDRIDE,1010,66880.0,KG,1260.83,1000,USD,01.08.2026,84324.31
4503734,10,23.07.2026,2000110,10000205,ETHANOL ANHYDROUS,1020,36540.0,KG,944.63,1000,USD,30.07.2026,34516.78
4500679,10,24.07.2026,2000117,40000105,NEOPENTYL GLYCOL FLAKES,1020,29010.0,KG,2478.33,1000,USD,12.08.2026,71896.35
4504366,10,24.07.2026,2000114,10000209,OCTANOL 2-ETHYL TECH GRADE,1020,66340.0,KG,2221.32,1000,USD,13.08.2026,147362.37
4504594,10,24.07.2026,2000113,10000210,BUTAN-1-OL,1020,73980.0,KG,1962.19,1000,USD,08.08.2026,145162.82
4502789,10,25.07.2026,2000105,10000106,ADIPIC ACID,1010,32390.0,KG,2425.3,1000,USD,11.08.2026,78555.47
4504367,10,26.07.2026,2000114,10000209,OCTANOL 2-ETHYL TECH GRADE,1020,66340.0,KG,2173.27,1000,USD,31.07.2026,144174.73
4503206,10,26.07.2026,2000107,10000201,ACRYLIC ACID GLACIAL,1020,73280.0,KG,2830.9,1000,USD,08.08.2026,207448.35
4500577,10,26.07.2026,2000116,40000104,MONOPROPYLENE GLYCOL USP,1020,39460.0,KG,2176.29,1000,USD,13.08.2026,85876.4
4500578,10,27.07.2026,2000116,40000104,MONOPROPYLENE GLYCOL USP,1020,39460.0,KG,2171.02,1000,USD,01.08.2026,85668.45
4502792,10,27.07.2026,2000105,10000106,ADIPIC ACID,1010,32390.0,KG,2340.97,1000,USD,09.08.2026,75824.02
4503733,10,27.07.2026,2000110,10000205,ETHANOL ANHYDROUS,1020,36540.0,KG,913.76,1000,USD,03.08.2026,33388.79
4502043,10,27.07.2026,2000101,10000102,HYDROGEN,1010,38270.0,KG,2356.4,1000,USD,12.08.2026,90179.43
4501904,10,27.07.2026,2000101,10000101,PROPYLENE POLYMER GRADE,1010,260350.0,KG,1299.89,1000,USD,06.08.2026,338426.36
4500772,10,01.08.2026,2000117,40000106,TRIMETHYLOLPROPANE,1020,35490.0,KG,3038.91,1000,USD,08.08.2026,107850.92
4500352,10,02.08.2026,2000116,40000102,DIETHYLENE GLYCOL,1020,34920.0,KG,1445.6,1000,USD,07.08.2026,50480.35
4502458,10,02.08.2026,2000104,10000104,ISONONANOL,1010,108120.0,KG,1598.64,1000,USD,13.08.2026,172844.96
4501100,10,02.08.2026,2000115,40000108,ACETONE,1020,36210.0,KG,1145.29,1000,USD,13.08.2026,41470.95
4500351,10,02.08.2026,2000116,40000102,DIETHYLENE GLYCOL,1020,34920.0,KG,1501.32,1000,USD,13.08.2026,52426.09
4502796,10,03.08.2026,2000105,10000106,ADIPIC ACID,1010,31290.0,KG,2509.93,1000,USD,18.08.2026,78535.71
4503875,10,2026-08-03,2000111,10000206,METHANOL,1020,33100.0,KG,521.55,1000,USD,10.08.2026,17263.3
4502643,10,03.08.2026,2000103,10000105,PHTHALIC ANHYDRIDE,1010,51280.0,KG,1287.99,1000,USD,15.08.2026,66048.13
4504370,10,04.08.2026,2000114,10000209,OCTANOL 2-ETHYL TECH GRADE,1020,45460.0,KG,2238.79,1000,USD,17.08.2026,101775.39
4502793,10,04.08.2026,2000105,10000106,ADIPIC ACID,1010,31290.0,KG,2501.52,1000,USD,09.08.2026,78272.56
4504090,10,2026-08-04,2000112,10000207,PROPYLENE OXIDE,1020,48830.0,KG,2074.98,1000,USD,21.08.2026,101321.27
4503553,10,04.08.2026,2000109,10000204,ACETIC ACID GLACIAL,1020,53150.0,KG,1042.25,1000,USD,09.08.2026,55395.59
4502459,10,05.08.2026,2000104,10000104,ISONONANOL,1010,108120.0,KG,1570.52,1000,USD,19.08.2026,169804.62
4501099,10,06.08.2026,2000115,40000108,ACETONE,1020,36210.0,KG,1213.95,1000,USD,26.08.2026,43957.13
4502795,10,06.08.2026,2000105,10000106,ADIPIC ACID,1010,31290.0,KG,2439.42,1000,USD,21.08.2026,76329.45
4501907,10,07.08.2026,2000101,10000101,PROPYLENE POLYMER GRADE,1010,262450.0,KG,1270.27,1000,USD,22.08.2026,333382.36
4504369,10,2026-08-07,2000114,10000209,OCTANOL 2-ETHYL TECH GRADE,1020,45460.0,KG,2239.42,1000,USD,14.08.2026,101804.03
4501681,10,08.08.2026,2000119,40000111,EPOXIDIZED SOYBEAN OIL,1020,54490.0,KG,2296.41,1000,USD,21.08.2026,125131.38
4504598,10,08.08.2026,2000113,10000210,BUTAN-1-OL,1020,68290.0,KG,2013.29,1000,USD,15.08.2026,137487.57
4500178,10,08.08.2026,2000116,40000101,MONOETHYLENE GLYCOL,1020,56550.0,KG,1244.6,1000,USD,27.08.2026,70382.13
4504368,10,09.08.2026,2000114,10000209,OCTANOL 2-ETHYL TECH GRADE,1020,45460.0,KG,2214.85,1000,USD,24.08.2026,100687.08
4501234,10,09.08.2026,2000115,40000109,METHYL ETHYL KETONE,1020,39670.0,KG,1717.75,1000,USD,17.08.2026,68143.14
4502044,10,09.08.2026,2000102,10000102,HYDROGEN,1010,36830.0,KG,2394.81,1000,USD,14.08.2026,88200.85
4500179,10,09.08.2026,2000116,40000101,MONOETHYLENE GLYCOL,1020,56550.0,KG,1279.01,1000,USD,17.08.2026,72328.02
4504596,10,09.08.2026,2000113,10000210,BUTAN-1-OL,1020,68290.0,KG,1896.39,1000,USD,23.08.2026,129504.47
4502987,10,10.08.2026,2000106,10000108,TETRAISOPROPYL TITANATE CATALYST,1010,1260.0,KG,10479.77,1000,USD,18.08.2026,13204.51
4502460,10,10.08.2026,2000104,10000104,ISONONANOL,1010,108120.0,KG,1622.4,1000,USD,15.08.2026,175413.89
4503874,10,12.08.2026,2000111,10000206,METHANOL,1020,33100.0,KG,524.21,1000,USD,24.08.2026,17351.35
4502927,10,12.08.2026,2000105,10000107,TRIMELLITIC ANHYDRIDE,1010,32810.0,KG,2957.98,1000,USD,21.08.2026,97051.32
4500774,10,13.08.2026,2000117,40000106,TRIMETHYLOLPROPANE,1020,35490.0,KG,3063.15,1000,USD,26.08.2026,108711.19
4501101,10,13.08.2026,2000115,40000108,ACETONE,1020,36210.0,KG,1143.96,1000,USD,21.08.2026,41422.79
4502247,10,13.08.2026,2000103,10000103,TEREPHTHALIC ACID PURIFIED,1010,27550.0,KG,1134.83,1000,USD,24.08.2026,31264.57
4503328,10,13.08.2026,2000108,10000203,SULFURIC ACID 98%,1020,4770.0,KG,141.21,1000,USD,26.08.2026,673.57
4503271,10,13.08.2026,2000106,10000202,MEHQ INHIBITOR (4-METHOXYPHENOL),1020,120.0,KG,14418.76,1000,USD,28.08.2026,1730.25
4502645,10,14.08.2026,2000103,10000105,PHTHALIC ANHYDRIDE,1010,51280.0,KG,1323.51,1000,USD,19.08.2026,67869.59
4501450,10,14.08.2026,2000115,40000110,ISOPROPYL ALCOHOL,1020,83650.0,KG,1332.34,1000,USD,20.08.2026,111450.24
4500181,10,15.08.2026,2000116,40000101,MONOETHYLENE GLYCOL,1020,56550.0,KG,1229.89,1000,USD,23.08.2026,69550.28
4501098,10,15.08.2026,2000115,40000108,ACETONE,1020,36210.0,KG,1175.28,1000,USD,31.08.2026,42556.89
4503211,10,15.08.2026,2000107,10000201,ACRYLIC ACID GLACIAL,1020,70330.0,KG,2797.2,1000,USD,26.08.2026,196727.08
4503552,10,16.08.2026,2000109,10000204,ACETIC ACID GLACIAL,1020,53150.0,KG,1045.47,1000,USD,21.08.2026,55566.73
4503736,10,2026-08-16,2000110,10000205,ETHANOL ANHYDROUS,1020,36640.0,KG,928.83,1000,USD,26.08.2026,34032.33
4504371,10,16.08.2026,2000114,10000209,OCTANOL 2-ETHYL TECH GRADE,1020,45460.0,KG,2277.61,1000,USD,26.08.2026,103540.15
4500580,10,17.08.2026,2000116,40000104,MONOPROPYLENE GLYCOL USP,1020,29670.0,KG,2266.46,1000,USD,04.09.2026,67245.87
4501908,10,18.08.2026,2000101,10000101,PROPYLENE POLYMER GRADE,1010,262450.0,KG,1264.98,1000,USD,24.08.2026,331994.0
4501452,10,18.08.2026,2000115,40000110,ISOPROPYL ALCOHOL,1020,83650.0,KG,1352.7,1000,USD,06.09.2026,113153.36
4501679,10,18.08.2026,2000119,40000111,EPOXIDIZED SOYBEAN OIL,1020,54490.0,KG,2385.16,1000,USD,06.09.2026,129967.37
4504149,10,18.08.2026,2000108,10000208,SODIUM HYDROXIDE 50% SOLUTION,1020,600.0,KG,653.28,1000,USD,27.08.2026,391.97
4500773,10,18.08.2026,2000117,40000106,TRIMETHYLOLPROPANE,1020,35490.0,KG,3096.63,1000,USD,03.09.2026,109899.4
4503873,10,19.08.2026,2000111,10000206,METHANOL,1020,33100.0,KG,539.33,1000,USD,25.08.2026,17851.82
4502461,10,20.08.2026,2000104,10000104,ISONONANOL,1010,108120.0,KG,1545.07,1000,USD,28.08.2026,167052.97
4500581,10,20.08.2026,2000116,40000104,MONOPROPYLENE GLYCOL USP,1020,29670.0,KG,2200.77,1000,USD,01.09.2026,65296.85
4504599,10,20.08.2026,2000113,10000210,BUTAN-1-OL,1020,68290.0,KG,1938.86,1000,USD,04.09.2026,132404.75
4502644,10,20.08.2026,2000103,10000105,PHTHALIC ANHYDRIDE,1010,51280.0,KG,1288.88,1000,USD,25.08.2026,66093.77
4501678,10,20.08.2026,2000119,40000111,EPOXIDIZED SOYBEAN OIL,1020,54490.0,KG,2316.56,1000,USD,25.08.2026,126229.35
4504088,10,20.08.2026,2000112,10000207,PROPYLENE OXIDE,1020,48830.0,KG,2073.95,1000,USD,07.09.2026,101270.98
4503735,10,21.08.2026,2000110,10000205,ETHANOL ANHYDROUS,1020,36640.0,KG,968.79,1000,USD,07.09.2026,35496.47
4502045,10,21.08.2026,2000101,10000102,HYDROGEN,1010,36830.0,KG,2337.95,1000,USD,01.09.2026,86106.7
4504089,10,22.08.2026,2000112,10000207,PROPYLENE OXIDE,1020,48830.0,KG,2117.84,1000,USD,01.09.2026,103414.13
4502646,10,22.08.2026,2000103,10000105,PHTHALIC ANHYDRIDE,1010,51280.0,KG,1290.79,1000,USD,05.09.2026,66191.71
4501453,10,22.08.2026,2000115,40000110,ISOPROPYL ALCOHOL,1020,83650.0,KG,1344.53,1000,USD,27.08.2026,112469.93
4501451,10,22.08.2026,2000115,40000110,ISOPROPYL ALCOHOL,1020,83650.0,KG,1323.3,1000,USD,27.08.2026,110694.04
4504091,10,22.08.2026,2000112,10000207,PROPYLENE OXIDE,1020,48830.0,KG,2079.85,1000,USD,31.08.2026,101559.08
4503550,10,23.08.2026,2000109,10000204,ACETIC ACID GLACIAL,1020,53150.0,KG,1033.07,1000,USD,03.09.2026,54907.67
4502246,10,23.08.2026,2000103,10000103,TEREPHTHALIC ACID PURIFIED,1010,27550.0,KG,1104.8,1000,USD,10.09.2026,30437.24
4501909,10,24.08.2026,2000101,10000101,PROPYLENE POLYMER GRADE,1010,262450.0,KG,1285.62,1000,USD,07.09.2026,337410.97
4504659,10,24.08.2026,2000115,10000109,CLEANING SOLVENT - GLYCOL ETHER,1010,2000.0,KG,2117.82,1000,USD,12.09.2026,4235.64
4503208,10,24.08.2026,2000107,10000201,ACRYLIC ACID GLACIAL,1020,70330.0,KG,2785.69,1000,USD,05.09.2026,195917.58
4503551,10,25.08.2026,2000109,10000204,ACETIC ACID GLACIAL,1020,53150.0,KG,1096.87,1000,USD,31.08.2026,58298.64
4500900,10,25.08.2026,2000118,40000107,METHYL METHACRYLATE,1020,36290.0,KG,2510.36,1000,USD,14.09.2026,91100.96
4502794,10,25.08.2026,2000105,10000106,ADIPIC ACID,1010,31290.0,KG,2478.04,1000,USD,09.09.2026,77537.87
4501906,10,26.08.2026,2000101,10000101,PROPYLENE POLYMER GRADE,1010,262450.0,KG,1313.09,1000,USD,05.09.2026,344620.47
4504597,10,26.08.2026,2000114,10000210,BUTAN-1-OL,1020,68290.0,KG,2018.19,1000,USD,08.09.2026,137822.2
4500582,10,26.08.2026,2000116,40000104,MONOPROPYLENE GLYCOL USP,1020,29670.0,KG,2246.39,1000,USD,13.09.2026,66650.39
4500180,10,26.08.2026,2000116,40000101,MONOETHYLENE GLYCOL,1020,56550.0,KG,1250.54,1000,USD,13.09.2026,70718.04
4500775,10,26.08.2026,2000117,40000106,TRIMETHYLOLPROPANE,1020,35490.0,KG,3113.46,1000,USD,08.09.2026,110496.7
4503210,10,26.08.2026,2000107,10000201,ACRYLIC ACID GLACIAL,1020,70330.0,KG,2817.42,1000,USD,31.08.2026,198149.15
4502928,10,27.08.2026,2000105,10000107,TRIMELLITIC ANHYDRIDE,1010,32810.0,KG,3055.42,1000,USD,15.09.2026,100248.33
4500899,10,27.08.2026,2000118,40000107,METHYL METHACRYLATE,1020,36290.0,KG,2531.74,1000,USD,04.09.2026,91876.84
4501680,10,27.08.2026,2000119,40000111,EPOXIDIZED SOYBEAN OIL,1020,54490.0,KG,2335.58,1000,USD,10.09.2026,127265.75
4503209,10,27.08.2026,2000107,10000201,ACRYLIC ACID GLACIAL,1020,70330.0,KG,2831.92,1000,USD,06.09.2026,199168.93
4502046,10,2026-09-01,2000102,10000102,HYDROGEN,1010,39440.0,KG,2384.52,1000,USD,10.09.2026,94045.47
4504373,10,01.09.2026,2000113,10000209,OCTANOL 2-ETHYL TECH GRADE,1020,40540.0,KG,2215.07,1000,USD,14.09.2026,89798.94
4501682,10,01.09.2026,2000119,40000111,EPOXIDIZED SOYBEAN OIL,1020,46130.0,KG,2350.49,1000,USD,19.09.2026,108428.1
4500682,10,02.09.2026,2000117,40000105,NEOPENTYL GLYCOL FLAKES,1020,34870.0,KG,2581.47,1000,USD,17.09.2026,90015.86
4502798,10,02.09.2026,2000105,10000106,ADIPIC ACID,1010,38140.0,KG,2495.43,1000,USD,16.09.2026,95175.7
4501454,10,02.09.2026,2000115,40000110,ISOPROPYL ALCOHOL,1020,44950.0,KG,1308.33,1000,USD,12.09.2026,58809.43
4503329,10,03.09.2026,2000108,10000203,SULFURIC ACID 98%,1020,4790.0,KG,141.72,1000,USD,22.09.2026,678.84
4504375,10,03.09.2026,2000114,10000209,OCTANOL 2-ETHYL TECH GRADE,1020,40540.0,KG,2183.45,1000,USD,19.09.2026,88517.06
4501911,10,04.09.2026,2000101,10000101,PROPYLENE POLYMER GRADE,1010,286020.0,KG,1260.63,1000,USD,19.09.2026,360565.39
4504093,10,04.09.2026,2000112,10000207,PROPYLENE OXIDE,1020,35060.0,KG,2039.83,1000,USD,15.09.2026,71516.44
4500353,10,05.09.2026,2000116,40000102,DIETHYLENE GLYCOL,1020,32070.0,KG,1468.29,1000,USD,16.09.2026,47088.06
4500182,10,05.09.2026,2000116,40000101,MONOETHYLENE GLYCOL,1020,29220.0,KG,1241.89,1000,USD,16.09.2026,36288.03
4502931,10,05.09.2026,2000105,10000107,TRIMELLITIC ANHYDRIDE,1010,34440.0,KG,3002.12,1000,USD,23.09.2026,103393.01
4500355,10,05.09.2026,2000116,40000102,DIETHYLENE GLYCOL,1020,32070.0,KG,1448.71,1000,USD,24.09.2026,46460.13
4502649,10,05.09.2026,2000103,10000105,PHTHALIC ANHYDRIDE,1010,39550.0,KG,1297.13,1000,USD,12.09.2026,51301.49
4503739,10,06.09.2026,2000110,10000205,ETHANOL ANHYDROUS,1020,35260.0,KG,927.6,1000,USD,24.09.2026,32707.18
4501105,10,06.09.2026,2000115,40000108,ACETONE,1020,54640.0,KG,1223.11,1000,USD,18.09.2026,66830.73
4500901,10,06.09.2026,2000118,40000107,METHYL METHACRYLATE,1020,34770.0,KG,2493.17,1000,USD,20.09.2026,86687.52
4501236,10,06.09.2026,2000115,40000109,METHYL ETHYL KETONE,1020,25080.0,KG,1659.09,1000,USD,19.09.2026,41609.98
4502647,10,06.09.2026,2000103,10000105,PHTHALIC ANHYDRIDE,1010,39550.0,KG,1271.93,1000,USD,14.09.2026,50304.83
4500777,10,06.09.2026,2000117,40000106,TRIMETHYLOLPROPANE,1020,37100.0,KG,3099.63,1000,USD,11.09.2026,114996.27
4501104,10,06.09.2026,2000115,40000108,ACETONE,1020,54640.0,KG,1217.14,1000,USD,20.09.2026,66504.53
4502648,10,2026-09-07,2000103,10000105,PHTHALIC ANHYDRIDE,1010,39550.0,KG,1284.3,1000,USD,20.09.2026,50794.06
4500904,10,07.09.2026,2000118,40000107,METHYL METHACRYLATE,1020,34770.0,KG,2520.1,1000,USD,14.09.2026,87623.88
4502929,10,07.09.2026,2000105,10000107,TRIMELLITIC ANHYDRIDE,1010,34440.0,KG,3063.78,1000,USD,14.09.2026,105516.58
4504374,10,07.09.2026,2000114,10000209,OCTANOL 2-ETHYL TECH GRADE,1020,40540.0,KG,2283.99,1000,USD,16.09.2026,92592.95
4500585,10,08.09.2026,2000116,40000104,MONOPROPYLENE GLYCOL USP,1020,29010.0,KG,2241.83,1000,USD,28.09.2026,65035.49
4501910,10,08.09.2026,2000101,10000101,PROPYLENE POLYMER GRADE,1010,286020.0,KG,1294.87,1000,USD,26.09.2026,370358.72
4500356,10,08.09.2026,2000116,40000102,DIETHYLENE GLYCOL,1020,32070.0,KG,1440.06,1000,USD,18.09.2026,46182.72
4502047,10,09.09.2026,2000101,10000102,HYDROGEN,1010,39440.0,KG,2337.21,1000,USD,27.09.2026,92179.56
4500584,10,09.09.2026,2000116,40000104,MONOPROPYLENE GLYCOL USP,1020,29010.0,KG,2225.48,1000,USD,23.09.2026,64561.17
4503212,10,09.09.2026,2000107,10000201,ACRYLIC ACID GLACIAL,1020,77900.0,KG,2832.4,1000,USD,27.09.2026,220643.96
4501457,10,10.09.2026,2000115,40000110,ISOPROPYL ALCOHOL,1020,44950.0,KG,1352.9,1000,USD,19.09.2026,60812.86
4502797,10,10.09.2026,2000105,10000106,ADIPIC ACID,1010,38140.0,KG,2471.43,1000,USD,25.09.2026,94260.34
4501684,10,10.09.2026,2000119,40000111,EPOXIDIZED SOYBEAN OIL,1020,46130.0,KG,2335.95,1000,USD,15.09.2026,107757.37
4501456,10,11.09.2026,2000115,40000110,ISOPROPYL ALCOHOL,1020,44950.0,KG,1369.89,1000,USD,01.10.2026,61576.56
4502464,10,12.09.2026,2000104,10000104,ISONONANOL,1010,77240.0,KG,1646.91,1000,USD,02.10.2026,127207.33
4502248,10,12.09.2026,2000103,10000103,TEREPHTHALIC ACID PURIFIED,1010,38500.0,KG,1101.37,1000,USD,25.09.2026,42402.74
4502462,10,13.09.2026,2000104,10000104,ISONONANOL,1010,77240.0,KG,1545.43,1000,USD,22.09.2026,119369.01
4504600,10,13.09.2026,2000114,10000210,BUTAN-1-OL,1020,78900.0,KG,2067.89,1000,USD,25.09.2026,163156.52
4501455,10,14.09.2026,2000115,40000110,ISOPROPYL ALCOHOL,1020,44950.0,KG,1305.09,1000,USD,23.09.2026,58663.8
4503272,10,14.09.2026,2000106,10000202,MEHQ INHIBITOR (4-METHOXYPHENOL),1020,120.0,KG,13368.77,1000,USD,02.10.2026,1604.25
4504150,10,14.09.2026,2000108,10000208,SODIUM HYDROXIDE 50% SOLUTION,1020,220.0,KG,644.14,1000,USD,01.10.2026,141.71
4502930,10,14.09.2026,2000105,10000107,TRIMELLITIC ANHYDRIDE,1010,34440.0,KG,2935.77,1000,USD,23.09.2026,101107.92
4501913,10,15.09.2026,2000101,10000101,PROPYLENE POLYMER GRADE,1010,286020.0,KG,1283.86,1000,USD,28.09.2026,367209.64
4500680,10,15.09.2026,2000117,40000105,NEOPENTYL GLYCOL FLAKES,1020,34870.0,KG,2497.04,1000,USD,20.09.2026,87071.78
4500183,10,16.09.2026,2000116,40000101,MONOETHYLENE GLYCOL,1020,29220.0,KG,1241.22,1000,USD,04.10.2026,36268.45
4501103,10,16.09.2026,2000115,40000108,ACETONE,1020,54640.0,KG,1173.67,1000,USD,04.10.2026,64129.33
4501235,10,16.09.2026,2000115,40000109,METHYL ETHYL KETONE,1020,25080.0,KG,1677.19,1000,USD,05.10.2026,42063.93
4502465,10,2026-09-17,2000104,10000104,ISONONANOL,1010,77240.0,KG,1586.4,1000,USD,03.10.2026,122533.54
4503876,10,17.09.2026,2000111,10000206,METHANOL,1020,39900.0,KG,518.58,1000,USD,06.10.2026,20691.34
4500681,10,17.09.2026,2000117,40000105,NEOPENTYL GLYCOL FLAKES,1020,34870.0,KG,2642.8,1000,USD,24.09.2026,92154.44
4503213,10,17.09.2026,2000107,10000201,ACRYLIC ACID GLACIAL,1020,77900.0,KG,2768.13,1000,USD,27.09.2026,215637.33
4500583,10,18.09.2026,2000116,40000104,MONOPROPYLENE GLYCOL USP,1020,29010.0,KG,2245.93,1000,USD,04.10.2026,65154.43
4504092,10,18.09.2026,2000112,10000207,PROPYLENE OXIDE,1020,35060.0,KG,2071.69,1000,USD,30.09.2026,72633.45
4504660,10,19.09.2026,2000115,10000109,CLEANING SOLVENT - GLYCOL ETHER,1010,3100.0,KG,2245.5,1000,USD,29.09.2026,6961.05
4503215,10,19.09.2026,2000107,10000201,ACRYLIC ACID GLACIAL,1020,77900.0,KG,2786.98,1000,USD,28.09.2026,217105.74
4501685,10,19.09.2026,2000119,40000111,EPOXIDIZED SOYBEAN OIL,1020,46130.0,KG,2333.81,1000,USD,02.10.2026,107658.66
4502463,10,19.09.2026,2000104,10000104,ISONONANOL,1010,77240.0,KG,1654.21,1000,USD,24.09.2026,127771.18
4501683,10,19.09.2026,2000119,40000111,EPOXIDIZED SOYBEAN OIL,1020,46130.0,KG,2396.16,1000,USD,26.09.2026,110534.86
4500903,10,20.09.2026,2000118,40000107,METHYL METHACRYLATE,1020,34770.0,KG,2457.5,1000,USD,25.09.2026,85447.28
4504603,10,20.09.2026,2000113,10000210,BUTAN-1-OL,1020,78900.0,KG,2012.75,1000,USD,02.10.2026,158805.98
4503214,10,21.09.2026,2000107,10000201,ACRYLIC ACID GLACIAL,1020,77900.0,KG,2792.24,1000,USD,10.10.2026,217515.5
4502988,10,21.09.2026,2000106,10000108,TETRAISOPROPYL TITANATE CATALYST,1010,1260.0,KG,10461.98,1000,USD,02.10.2026,13182.09
4502799,10,21.09.2026,2000105,10000106,ADIPIC ACID,1010,38140.0,KG,2437.31,1000,USD,29.09.2026,92959.0
4503737,10,21.09.2026,2000110,10000205,ETHANOL ANHYDROUS,1020,35260.0,KG,915.88,1000,USD,10.10.2026,32293.93
4503557,10,21.09.2026,2000109,10000204,ACETIC ACID GLACIAL,1020,60630.0,KG,1024.72,1000,USD,07.10.2026,62128.77
4500776,10,22.09.2026,2000117,40000106,TRIMETHYLOLPROPANE,1020,37100.0,KG,2965.33,1000,USD,06.10.2026,110013.74
4501102,10,22.09.2026,2000115,40000108,ACETONE,1020,54640.0,KG,1156.92,1000,USD,03.10.2026,63214.11
4503555,10,22.09.2026,2000109,10000204,ACETIC ACID GLACIAL,1020,60630.0,KG,1059.85,1000,USD,05.10.2026,64258.71
4504372,10,23.09.2026,2000114,10000209,OCTANOL 2-ETHYL TECH GRADE,1020,40540.0,KG,2321.03,1000,USD,04.10.2026,94094.56
4502249,10,2026-09-24,2000103,10000103,TEREPHTHALIC ACID PURIFIED,1010,38500.0,KG,1133.33,1000,USD,01.10.2026,43633.2
4503738,10,24.09.2026,2000110,10000205,ETHANOL ANHYDROUS,1020,35260.0,KG,938.45,1000,USD,10.10.2026,33089.75
4504601,10,2026-09-24,2000113,10000210,BUTAN-1-OL,1020,78900.0,KG,2037.25,1000,USD,14.10.2026,160739.02
4504602,10,25.09.2026,2000114,10000210,BUTAN-1-OL,1020,78900.0,KG,2051.78,1000,USD,03.10.2026,161885.44
4501912,10,25.09.2026,2000101,10000101,PROPYLENE POLYMER GRADE,1010,286020.0,KG,1272.0,1000,USD,11.10.2026,363817.44
4500902,10,26.09.2026,2000118,40000107,METHYL METHACRYLATE,1020,34770.0,KG,2375.77,1000,USD,12.10.2026,82605.52
4503554,10,27.09.2026,2000109,10000204,ACETIC ACID GLACIAL,1020,60630.0,KG,1057.3,1000,USD,03.10.2026,64104.1
4503556,10,27.09.2026,2000109,10000204,ACETIC ACID GLACIAL,1020,60630.0,KG,1039.3,1000,USD,15.10.2026,63012.76
4500354,10,27.09.2026,2000116,40000102,DIETHYLENE GLYCOL,1020,32070.0,KG,1451.59,1000,USD,15.10.2026,46552.49
4502650,10,2026-09-27,2000103,10000105,PHTHALIC ANHYDRIDE,1010,39550.0,KG,1288.29,1000,USD,17.10.2026,50951.87
