Order,Order_Type,Material,Plant,Basic_Start,Basic_Finish,Planned_Qty,Confirmed_Qty,Unit,Status
1000343,PP01,30000201,1010,01.01.2022,05.01.2022,243300.0,231330.0,KG,TECO
1002707,PP01,30000404,1020,01.01.2022,06.01.2022,30100.0,29310.0,KG,TECO
1000779,PP01,30000203,1010,01.01.2022,03.01.2022,68000.0,67570.0,KG,TECO
1000895,PP01,30000204,1010,01.01.2022,06.01.2022,105500.0,106910.0,KG,TECO
1001115,PP01,30000101,1010,01.01.2022,04.01.2022,108300.0,106510.0,KG,TECO
1001317,PP01,30000102,1010,01.01.2022,05.01.2022,89100.0,87340.0,KG,TECO
1001689,PP01,30000104,1010,01.01.2022,06.01.2022,52600.0,51860.0,KG,TECO
1001855,PP01,30000301,1020,01.01.2022,05.01.2022,104200.0,100720.0,KG,TECO
1002813,PP01,30000405,1020,02.01.2022,07.01.2022,53100.0,52170.0,KG,TECO
1000639,PP01,30000202,1010,02.01.2022,06.01.2022,52300.0,51650.0,KG,TECO
1001519,PP01,30000103,1010,02.01.2022,06.01.2022,51100.0,49090.0,KG,TECO
1002265,PP01,30000401,1020,02.01.2022,06.01.2022,69200.0,66820.0,KG,TECO
1002567,PP01,30000403,1020,03.01.2022,06.01.2022,52300.0,52340.0,KG,TECO
1002399,PP01,30000402,1020,03.01.2022,05.01.2022,31800.0,32440.0,KG,TECO
1002067,PP01,30000302,1020,03.01.2022,05.01.2022,98300.0,97010.0,KG,TECO
1000001,PP01,20000101,1010,03.01.2022,05.01.2022,274600.0,268920.0,KG,TECO
1000002,PP01,20000101,1010,06.01.2022,11.01.2022,274600.0,277230.0,KG,TECO
1002068,PP01,30000302,1020,08.01.2022,11.01.2022,98300.0,97380.0,KG,TECO
1001520,PP01,30000103,1010,08.01.2022,10.01.2022,51100.0,50530.0,KG,TECO
1001856,PP01,30000301,1020,08.01.2022,12.01.2022,104200.0,103080.0,KG,TECO
1001116,PP01,30000101,1010,09.01.2022,14.01.2022,108300.0,108980.0,KG,TECO
1000896,PP01,30000204,1010,09.01.2022,13.01.2022,105500.0,102700.0,KG,TECO
1000344,PP01,30000201,1010,09.01.2022,12.01.2022,243300.0,237340.0,KG,TECO
1000003,PP01,20000101,1010,10.01.2022,14.01.2022,274600.0,270210.0,KG,TECO
1002069,PP01,30000302,1020,15.01.2022,18.01.2022,98300.0,96560.0,KG,TECO
1000897,PP01,30000204,1010,15.01.2022,19.01.2022,105500.0,104200.0,KG,TECO
1001857,PP01,30000301,1020,15.01.2022,20.01.2022,104200.0,105070.0,KG,TECO
1002400,PP01,30000402,1020,15.01.2022,18.01.2022,31800.0,31470.0,KG,TECO
1001318,PP01,30000102,1010,16.01.2022,18.01.2022,89100.0,87910.0,KG,TECO
1001117,PP01,30000101,1010,16.01.2022,21.01.2022,108300.0,106880.0,KG,TECO
1001521,PP01,30000103,1010,16.01.2022,18.01.2022,51100.0,51500.0,KG,TECO
1000780,PP01,30000203,1010,16.01.2022,19.01.2022,68000.0,68000.0,KG,TECO
1000004,PP01,20000101,1010,16.01.2022,21.01.2022,274600.0,276420.0,KG,TECO
1002568,PP01,30000403,1020,16.01.2022,18.01.2022,52300.0,52620.0,KG,TECO
1000345,PP01,30000201,1010,16.01.2022,20.01.2022,243300.0,242400.0,KG,TECO
1002708,PP01,30000404,1020,16.01.2022,18.01.2022,30100.0,29720.0,KG,TECO
1002814,PP01,30000405,1020,16.01.2022,20.01.2022,53100.0,53420.0,KG,TECO
1000640,PP01,30000202,1010,17.01.2022,20.01.2022,52300.0,51310.0,KG,TECO
1002266,PP01,30000401,1020,17.01.2022,19.01.2022,69200.0,65550.0,KG,TECO
1001690,PP01,30000104,1010,17.01.2022,20.01.2022,52600.0,51520.0,KG,TECO
1000005,PP01,20000101,1010,21.01.2022,24.01.2022,274600.0,271830.0,KG,TECO
1000346,PP01,30000201,1010,22.01.2022,25.01.2022,243300.0,237090.0,KG,TECO
1000898,PP01,30000204,1010,22.01.2022,25.01.2022,105500.0,104950.0,KG,TECO
1001858,PP01,30000301,1020,23.01.2022,26.01.2022,104200.0,103740.0,KG,TECO
1001522,PP01,30000103,1010,23.01.2022,28.01.2022,51100.0,51040.0,KG,TECO
1002070,PP01,30000302,1020,23.01.2022,25.01.2022,98300.0,94460.0,KG,TECO
1001118,PP01,30000101,1010,24.01.2022,28.01.2022,108300.0,107570.0,KG,TECO
1000006,PP01,20000101,1010,25.01.2022,27.01.2022,274600.0,271710.0,KG,TECO
1000781,PP01,30000203,1010,01.02.2022,05.02.2022,38400.0,37990.0,KG,TECO
1000007,PP01,20000101,1010,01.02.2022,05.02.2022,270000.0,273530.0,KG,TECO
1002071,PP01,30000302,1020,01.02.2022,03.02.2022,84400.0,84280.0,KG,TECO
1002401,PP01,30000402,1020,01.02.2022,03.02.2022,51500.0,51180.0,KG,TECO
1000641,PP01,30000202,1010,02.02.2022,05.02.2022,80000.0,79770.0,KG,TECO
1000347,PP01,30000201,1010,02.02.2022,07.02.2022,243400.0,244170.0,KG,TECO
1001859,PP01,30000301,1020,02.02.2022,04.02.2022,87900.0,85940.0,KG,TECO
1001119,PP01,30000101,1010,02.02.2022,05.02.2022,88900.0,88570.0,KG,TECO
1001319,PP01,30000102,1010,02.02.2022,06.02.2022,41000.0,39810.0,KG,TECO
1001691,PP01,30000104,1010,02.02.2022,06.02.2022,76300.0,74030.0,KG,TECO
1002815,PP01,30000405,1020,02.02.2022,07.02.2022,50200.0,50210.0,KG,TECO
1002267,PP01,30000401,1020,02.02.2022,04.02.2022,46100.0,45780.0,KG,TECO
1002569,PP01,30000403,1020,03.02.2022,07.02.2022,87700.0,88860.0,KG,TECO
1001523,PP01,30000103,1010,03.02.2022,08.02.2022,40200.0,39590.0,KG,TECO
1000899,PP01,30000204,1010,03.02.2022,06.02.2022,85700.0,82420.0,KG,TECO
1000008,PP01,20000101,1010,07.02.2022,12.02.2022,270000.0,267770.0,KG,TECO
1002402,PP01,30000402,1020,08.02.2022,12.02.2022,51500.0,50550.0,KG,TECO
1001860,PP01,30000301,1020,08.02.2022,13.02.2022,87900.0,92000.0,KG,TECO
1002816,PP01,30000405,1020,08.02.2022,12.02.2022,50200.0,49910.0,KG,TECO
1000900,PP01,30000204,1010,08.02.2022,13.02.2022,85700.0,83750.0,KG,TECO
1001120,PP01,30000101,1010,09.02.2022,12.02.2022,88900.0,88760.0,KG,TECO
1000348,PP01,30000201,1010,09.02.2022,14.02.2022,243400.0,239890.0,KG,TECO
1000009,PP01,20000101,1010,10.02.2022,13.02.2022,270000.0,269750.0,KG,TECO
1001320,PP01,30000102,1010,15.02.2022,20.02.2022,41000.0,40230.0,KG,TECO
1001524,PP01,30000103,1010,16.02.2022,20.02.2022,40200.0,40430.0,KG,TECO
1000349,PP01,30000201,1010,16.02.2022,21.02.2022,243400.0,234800.0,KG,TECO
1000010,PP01,20000101,1010,16.02.2022,18.02.2022,270000.0,263920.0,KG,TECO
1001692,PP01,30000104,1010,16.02.2022,18.02.2022,76300.0,75060.0,KG,TECO
1001861,PP01,30000301,1020,16.02.2022,19.02.2022,87900.0,85520.0,KG,TECO
1002403,PP01,30000402,1020,16.02.2022,18.02.2022,51500.0,50470.0,KG,TECO
1002072,PP01,30000302,1020,16.02.2022,21.02.2022,84400.0,83660.0,KG,TECO
1002268,PP01,30000401,1020,16.02.2022,21.02.2022,46100.0,46720.0,KG,TECO
1002817,PP01,30000405,1020,17.02.2022,21.02.2022,50200.0,48450.0,KG,TECO
1001121,PP01,30000101,1010,17.02.2022,20.02.2022,88900.0,88420.0,KG,TECO
1000782,PP01,30000203,1010,17.02.2022,20.02.2022,38400.0,38610.0,KG,TECO
1000901,PP01,30000204,1010,17.02.2022,22.02.2022,85700.0,85430.0,KG,TECO
1002570,PP01,30000403,1020,17.02.2022,22.02.2022,87700.0,87530.0,KG,TECO
1000642,PP01,30000202,1010,17.02.2022,19.02.2022,80000.0,82170.0,KG,TECO
1000011,PP01,20000101,1010,21.02.2022,25.02.2022,270000.0,267310.0,KG,TECO
1000902,PP01,30000204,1010,22.02.2022,25.02.2022,85700.0,86520.0,KG,TECO
1000350,PP01,30000201,1010,23.02.2022,28.02.2022,243400.0,243910.0,KG,TECO
1001862,PP01,30000301,1020,23.02.2022,25.02.2022,87900.0,85230.0,KG,TECO
1002818,PP01,30000405,1020,24.02.2022,01.03.2022,50200.0,50370.0,KG,TECO
1001122,PP01,30000101,1010,24.02.2022,26.02.2022,88900.0,86070.0,KG,TECO
1002404,PP01,30000402,1020,24.02.2022,01.03.2022,51500.0,50770.0,KG,TECO
1000012,PP01,20000101,1010,25.02.2022,27.02.2022,270000.0,262080.0,KG,TECO
1000783,PP01,30000203,1010,01.03.2022,03.03.2022,47200.0,46300.0,KG,TECO
1000351,PP01,30000201,1010,01.03.2022,05.03.2022,168200.0,165230.0,KG,TECO
1000903,PP01,30000204,1010,01.03.2022,03.03.2022,56000.0,56630.0,KG,TECO
1001863,PP01,30000301,1020,01.03.2022,05.03.2022,84000.0,85420.0,KG,TECO
1002269,PP01,30000401,1020,01.03.2022,03.03.2022,68200.0,66310.0,KG,TECO
1000643,PP01,30000202,1010,02.03.2022,04.03.2022,71500.0,69840.0,KG,TECO
1001525,PP01,30000103,1010,02.03.2022,05.03.2022,69500.0,64190.0,KG,TECO
1001693,PP01,30000104,1010,02.03.2022,04.03.2022,36700.0,37490.0,KG,TECO
1002709,PP01,30000404,1020,02.03.2022,04.03.2022,16000.0,15990.0,KG,TECO
1002571,PP01,30000403,1020,02.03.2022,04.03.2022,27900.0,27820.0,KG,TECO
1000013,PP01,20000101,1010,02.03.2022,04.03.2022,253100.0,253800.0,KG,TECO
1002819,PP01,30000405,1020,03.03.2022,08.03.2022,24700.0,24830.0,KG,TECO
1002405,PP01,30000402,1020,03.03.2022,05.03.2022,91000.0,90460.0,KG,TECO
1002073,PP01,30000302,1020,03.03.2022,06.03.2022,85300.0,82820.0,KG,TECO
1001123,PP01,30000101,1010,03.03.2022,08.03.2022,115200.0,115170.0,KG,TECO
1001321,PP01,30000102,1010,03.03.2022,07.03.2022,66500.0,65250.0,KG,TECO
1000014,PP01,20000101,1010,06.03.2022,08.03.2022,253100.0,249010.0,KG,TECO
1000352,PP01,30000201,1010,07.03.2022,11.03.2022,168200.0,164150.0,KG,TECO
1002074,PP01,30000302,1020,09.03.2022,11.03.2022,85300.0,85170.0,KG,TECO
1001864,PP01,30000301,1020,09.03.2022,14.03.2022,84000.0,83580.0,KG,TECO
1000015,PP01,20000101,1010,10.03.2022,13.03.2022,253100.0,248040.0,KG,TECO
1001124,PP01,30000101,1010,10.03.2022,12.03.2022,115200.0,113810.0,KG,TECO
1000904,PP01,30000204,1010,10.03.2022,12.03.2022,56000.0,56090.0,KG,TECO
1000353,PP01,30000201,1010,10.03.2022,15.03.2022,168200.0,164390.0,KG,TECO
1001865,PP01,30000301,1020,15.03.2022,18.03.2022,84000.0,82830.0,KG,TECO
1002820,PP01,30000405,1020,15.03.2022,17.03.2022,24700.0,24430.0,KG,TECO
1000784,PP01,30000203,1010,15.03.2022,18.03.2022,47200.0,45910.0,KG,TECO
1002075,PP01,30000302,1020,15.03.2022,18.03.2022,85300.0,86250.0,KG,TECO
1002572,PP01,30000403,1020,15.03.2022,20.03.2022,27900.0,27380.0,KG,TECO
1000644,PP01,30000202,1010,16.03.2022,20.03.2022,71500.0,70680.0,KG,TECO
1001322,PP01,30000102,1010,16.03.2022,20.03.2022,66500.0,66400.0,KG,TECO
1000016,PP01,20000101,1010,16.03.2022,18.03.2022,253100.0,251180.0,KG,TECO
1002710,PP01,30000404,1020,16.03.2022,21.03.2022,16000.0,15630.0,KG,TECO
1001694,PP01,30000104,1010,17.03.2022,22.03.2022,36700.0,36030.0,KG,TECO
1000354,PP01,30000201,1010,17.03.2022,21.03.2022,168200.0,165830.0,KG,TECO
1001125,PP01,30000101,1010,17.03.2022,21.03.2022,115200.0,113450.0,KG,TECO
1000905,PP01,30000204,1010,17.03.2022,21.03.2022,56000.0,55110.0,KG,TECO
1002270,PP01,30000401,1020,17.03.2022,20.03.2022,68200.0,67450.0,KG,TECO
1001526,PP01,30000103,1010,17.03.2022,19.03.2022,69500.0,69320.0,KG,TECO
1002406,PP01,30000402,1020,17.03.2022,21.03.2022,91000.0,90410.0,KG,TECO
1000017,PP01,20000101,1010,19.03.2022,22.03.2022,253100.0,252170.0,KG,TECO
1000355,PP01,30000201,1010,20.03.2022,25.03.2022,168200.0,166560.0,KG,TECO
1002076,PP01,30000302,1020,23.03.2022,26.03.2022,85300.0,83910.0,KG,TECO
1000906,PP01,30000204,1010,23.03.2022,26.03.2022,56000.0,55400.0,KG,TECO
1001126,PP01,30000101,1010,24.03.2022,28.03.2022,115200.0,112910.0,KG,TECO
1001866,PP01,30000301,1020,24.03.2022,29.03.2022,84000.0,83780.0,KG,TECO
1000018,PP01,20000101,1010,25.03.2022,27.03.2022,253100.0,247550.0,KG,TECO
1000356,PP01,30000201,1010,26.03.2022,28.03.2022,168200.0,167410.0,KG,TECO
1002407,PP01,30000402,1020,01.04.2022,06.04.2022,92700.0,93090.0,KG,TECO
1001323,PP01,30000102,1010,01.04.2022,06.04.2022,22100.0,21770.0,KG,TECO
1001695,PP01,30000104,1010,01.04.2022,04.04.2022,84000.0,82140.0,KG,TECO
1002077,PP01,30000302,1020,01.04.2022,03.04.2022,63700.0,62550.0,KG,TECO
1000019,PP01,20000101,1010,01.04.2022,05.04.2022,275200.0,270290.0,KG,TECO
1000645,PP01,30000202,1010,01.04.2022,04.04.2022,90100.0,90270.0,KG,TECO
1002711,PP01,30000404,1020,02.04.2022,05.04.2022,59900.0,58810.0,KG,TECO
1001127,PP01,30000101,1010,02.04.2022,07.04.2022,98400.0,97220.0,KG,TECO
1000357,PP01,30000201,1010,02.04.2022,06.04.2022,244600.0,244250.0,KG,TECO
1000785,PP01,30000203,1010,02.04.2022,04.04.2022,57000.0,55380.0,KG,TECO
1002271,PP01,30000401,1020,02.04.2022,05.04.2022,71900.0,72600.0,KG,TECO
1002573,PP01,30000403,1020,02.04.2022,05.04.2022,76200.0,73590.0,KG,TECO
1000907,PP01,30000204,1010,02.04.2022,05.04.2022,87000.0,85170.0,KG,TECO
1002821,PP01,30000405,1020,03.04.2022,07.04.2022,38500.0,39570.0,KG,TECO
1001867,PP01,30000301,1020,03.04.2022,08.04.2022,74500.0,76000.0,KG,TECO
1001527,PP01,30000103,1010,03.04.2022,08.04.2022,53000.0,51670.0,KG,TECO
1000020,PP01,20000101,1010,06.04.2022,08.04.2022,275200.0,269330.0,KG,TECO
1000786,PP01,30000203,1010,08.04.2022,12.04.2022,57000.0,55830.0,KG,TECO
1001128,PP01,30000101,1010,08.04.2022,13.04.2022,98400.0,96300.0,KG,TECO
1000358,PP01,30000201,1010,09.04.2022,14.04.2022,244600.0,242260.0,KG,TECO
1001868,PP01,30000301,1020,09.04.2022,12.04.2022,74500.0,73300.0,KG,TECO
1000908,PP01,30000204,1010,10.04.2022,12.04.2022,87000.0,84170.0,KG,TECO
1001696,PP01,30000104,1010,10.04.2022,14.04.2022,84000.0,83990.0,KG,TECO
1001528,PP01,30000103,1010,10.04.2022,14.04.2022,53000.0,52550.0,KG,TECO
1000021,PP01,20000101,1010,11.04.2022,14.04.2022,275200.0,272420.0,KG,TECO
1002712,PP01,30000404,1020,15.04.2022,17.04.2022,59900.0,60150.0,KG,TECO
1001697,PP01,30000104,1010,15.04.2022,18.04.2022,84000.0,84770.0,KG,TECO
1001529,PP01,30000103,1010,15.04.2022,17.04.2022,53000.0,51800.0,KG,TECO
1002822,PP01,30000405,1020,15.04.2022,20.04.2022,38500.0,37730.0,KG,TECO
1000359,PP01,30000201,1010,15.04.2022,19.04.2022,244600.0,244040.0,KG,TECO
1002574,PP01,30000403,1020,15.04.2022,18.04.2022,76200.0,76110.0,KG,TECO
1002272,PP01,30000401,1020,15.04.2022,20.04.2022,71900.0,70670.0,KG,TECO
1000646,PP01,30000202,1010,15.04.2022,17.04.2022,90100.0,92030.0,KG,TECO
1000909,PP01,30000204,1010,15.04.2022,17.04.2022,87000.0,89700.0,KG,TECO
1002078,PP01,30000302,1020,15.04.2022,18.04.2022,63700.0,62270.0,KG,TECO
1001869,PP01,30000301,1020,16.04.2022,20.04.2022,74500.0,74740.0,KG,TECO
1000022,PP01,20000101,1010,16.04.2022,21.04.2022,275200.0,271850.0,KG,TECO
1002408,PP01,30000402,1020,17.04.2022,21.04.2022,92700.0,87880.0,KG,TECO
1000787,PP01,30000203,1010,17.04.2022,19.04.2022,57000.0,58030.0,KG,TECO
1001324,PP01,30000102,1010,17.04.2022,21.04.2022,22100.0,22430.0,KG,TECO
1001129,PP01,30000101,1010,17.04.2022,20.04.2022,98400.0,99250.0,KG,TECO
1000023,PP01,20000101,1010,19.04.2022,24.04.2022,275200.0,274450.0,KG,TECO
1001698,PP01,30000104,1010,23.04.2022,25.04.2022,84000.0,81540.0,KG,TECO
1000910,PP01,30000204,1010,23.04.2022,25.04.2022,87000.0,86280.0,KG,TECO
1000788,PP01,30000203,1010,24.04.2022,28.04.2022,57000.0,57520.0,KG,TECO
1001870,PP01,30000301,1020,24.04.2022,28.04.2022,74500.0,73260.0,KG,TECO
1000360,PP01,30000201,1010,24.04.2022,29.04.2022,244600.0,237680.0,KG,TECO
1001130,PP01,30000101,1010,24.04.2022,28.04.2022,98400.0,99590.0,KG,TECO
1001530,PP01,30000103,1010,24.04.2022,27.04.2022,53000.0,51870.0,KG,TECO
1000024,PP01,20000101,1010,25.04.2022,28.04.2022,275200.0,271960.0,KG,TECO
1001131,PP01,30000101,1010,01.05.2022,06.05.2022,171200.0,164830.0,KG,TECO
1002409,PP01,30000402,1020,01.05.2022,05.05.2022,82000.0,81770.0,KG,TECO
1002273,PP01,30000401,1020,01.05.2022,05.05.2022,64600.0,63710.0,KG,TECO
1002079,PP01,30000302,1020,01.05.2022,05.05.2022,51500.0,50700.0,KG,TECO
1001699,PP01,30000104,1010,02.05.2022,07.05.2022,71900.0,71980.0,KG,TECO
1002823,PP01,30000405,1020,02.05.2022,06.05.2022,39600.0,38170.0,KG,TECO
1000789,PP01,30000203,1010,02.05.2022,07.05.2022,86700.0,85130.0,KG,TECO
1000647,PP01,30000202,1010,02.05.2022,07.05.2022,90400.0,89500.0,KG,TECO
1001531,PP01,30000103,1010,02.05.2022,06.05.2022,84500.0,82530.0,KG,TECO
1002575,PP01,30000403,1020,02.05.2022,04.05.2022,52700.0,51240.0,KG,TECO
1000025,PP01,20000101,1010,02.05.2022,07.05.2022,246600.0,238980.0,KG,TECO
1001325,PP01,30000102,1010,02.05.2022,06.05.2022,34900.0,33620.0,KG,TECO
1000361,PP01,30000201,1010,03.05.2022,07.05.2022,170500.0,168610.0,KG,TECO
1001871,PP01,30000301,1020,03.05.2022,07.05.2022,89200.0,88810.0,KG,TECO
1002713,PP01,30000404,1020,03.05.2022,05.05.2022,23800.0,23870.0,KG,TECO
1000911,PP01,30000204,1010,03.05.2022,06.05.2022,68200.0,69680.0,KG,TECO
1000026,PP01,20000101,1010,05.05.2022,09.05.2022,246600.0,244410.0,KG,TECO
1000362,PP01,30000201,1010,05.05.2022,08.05.2022,170500.0,167690.0,KG,TECO
1001132,PP01,30000101,1010,08.05.2022,12.05.2022,171200.0,167280.0,KG,TECO
1001872,PP01,30000301,1020,09.05.2022,14.05.2022,89200.0,86740.0,KG,TECO
1002410,PP01,30000402,1020,09.05.2022,14.05.2022,82000.0,77590.0,KG,TECO
1000027,PP01,20000101,1010,10.05.2022,15.05.2022,246600.0,241850.0,KG,TECO
1002080,PP01,30000302,1020,10.05.2022,14.05.2022,51500.0,50070.0,KG,TECO
1000363,PP01,30000201,1010,10.05.2022,15.05.2022,170500.0,168970.0,KG,TECO
1000790,PP01,30000203,1010,15.05.2022,19.05.2022,86700.0,87430.0,KG,TECO
1000028,PP01,20000101,1010,15.05.2022,20.05.2022,246600.0,238830.0,KG,TECO
1001133,PP01,30000101,1010,15.05.2022,18.05.2022,171200.0,170820.0,KG,TECO
1000912,PP01,30000204,1010,15.05.2022,20.05.2022,68200.0,65090.0,KG,TECO
1000364,PP01,30000201,1010,16.05.2022,20.05.2022,170500.0,170040.0,KG,TECO
1002274,PP01,30000401,1020,16.05.2022,20.05.2022,64600.0,63990.0,KG,TECO
1001532,PP01,30000103,1010,16.05.2022,19.05.2022,84500.0,85050.0,KG,TECO
1002411,PP01,30000402,1020,16.05.2022,20.05.2022,82000.0,82160.0,KG,TECO
1002824,PP01,30000405,1020,16.05.2022,19.05.2022,39600.0,38870.0,KG,TECO
1001873,PP01,30000301,1020,16.05.2022,18.05.2022,89200.0,90490.0,KG,TECO
1002081,PP01,30000302,1020,17.05.2022,21.05.2022,51500.0,51820.0,KG,TECO
1002714,PP01,30000404,1020,17.05.2022,20.05.2022,23800.0,23460.0,KG,TECO
1002576,PP01,30000403,1020,17.05.2022,19.05.2022,52700.0,52460.0,KG,TECO
1000648,PP01,30000202,1010,17.05.2022,21.05.2022,90400.0,90660.0,KG,TECO
1001326,PP01,30000102,1010,17.05.2022,20.05.2022,34900.0,35620.0,KG,TECO
1001700,PP01,30000104,1010,17.05.2022,19.05.2022,71900.0,71640.0,KG,TECO
1000365,PP01,30000201,1010,21.05.2022,24.05.2022,170500.0,168110.0,KG,TECO
1000029,PP01,20000101,1010,21.05.2022,24.05.2022,246600.0,247040.0,KG,TECO
1001134,PP01,30000101,1010,22.05.2022,26.05.2022,171200.0,168430.0,KG,TECO
1002412,PP01,30000402,1020,22.05.2022,27.05.2022,82000.0,80210.0,KG,TECO
1001874,PP01,30000301,1020,24.05.2022,27.05.2022,89200.0,88700.0,KG,TECO
1002082,PP01,30000302,1020,24.05.2022,29.05.2022,51500.0,49810.0,KG,TECO
1000030,PP01,20000101,1010,25.05.2022,27.05.2022,246600.0,240280.0,KG,TECO
1000366,PP01,30000201,1010,26.05.2022,31.05.2022,170500.0,167230.0,KG,TECO
1002825,PP01,30000405,1020,01.06.2022,04.06.2022,49200.0,47990.0,KG,TECO
1002413,PP01,30000402,1020,01.06.2022,06.06.2022,79100.0,78110.0,KG,TECO
1000791,PP01,30000203,1010,02.06.2022,05.06.2022,9400.0,9400.0,KG,TECO
1002083,PP01,30000302,1020,02.06.2022,04.06.2022,83300.0,82750.0,KG,TECO
1000031,PP01,20000101,1010,02.06.2022,06.06.2022,263900.0,262150.0,KG,TECO
1000367,PP01,30000201,1010,02.06.2022,05.06.2022,244000.0,239050.0,KG,TECO
1001533,PP01,30000103,1010,03.06.2022,08.06.2022,70600.0,71800.0,KG,TECO
1001875,PP01,30000301,1020,03.06.2022,07.06.2022,90600.0,88910.0,KG,TECO
1002577,PP01,30000403,1020,03.06.2022,08.06.2022,66700.0,65780.0,KG,TECO
1002275,PP01,30000401,1020,03.06.2022,07.06.2022,83700.0,81980.0,KG,TECO
1002715,PP01,30000404,1020,03.06.2022,05.06.2022,22500.0,22000.0,KG,TECO
1000913,PP01,30000204,1010,03.06.2022,05.06.2022,52700.0,52720.0,KG,TECO
1001327,PP01,30000102,1010,03.06.2022,06.06.2022,47700.0,48380.0,KG,TECO
1001701,PP01,30000104,1010,03.06.2022,07.06.2022,64900.0,64280.0,KG,TECO
1000649,PP01,30000202,1010,03.06.2022,08.06.2022,64800.0,62970.0,KG,TECO
1001135,PP01,30000101,1010,03.06.2022,05.06.2022,110000.0,106420.0,KG,TECO
1000032,PP01,20000101,1010,07.06.2022,09.06.2022,263900.0,260040.0,KG,TECO
1002084,PP01,30000302,1020,08.06.2022,13.06.2022,83300.0,81510.0,KG,TECO
1000368,PP01,30000201,1010,08.06.2022,13.06.2022,244000.0,244890.0,KG,TECO
1000650,PP01,30000202,1010,08.06.2022,13.06.2022,64800.0,63170.0,KG,TECO
1002414,PP01,30000402,1020,09.06.2022,14.06.2022,79100.0,78440.0,KG,TECO
1001136,PP01,30000101,1010,09.06.2022,14.06.2022,110000.0,106590.0,KG,TECO
1002578,PP01,30000403,1020,09.06.2022,11.06.2022,66700.0,67220.0,KG,TECO
1000914,PP01,30000204,1010,10.06.2022,12.06.2022,52700.0,52330.0,KG,TECO
1000033,PP01,20000101,1010,11.06.2022,13.06.2022,263900.0,259570.0,KG,TECO
1002826,PP01,30000405,1020,15.06.2022,17.06.2022,49200.0,48060.0,KG,TECO
1000792,PP01,30000203,1010,15.06.2022,18.06.2022,9400.0,9390.0,KG,TECO
1002716,PP01,30000404,1020,15.06.2022,18.06.2022,22500.0,22580.0,KG,TECO
1000034,PP01,20000101,1010,16.06.2022,19.06.2022,263900.0,263580.0,KG,TECO
1001876,PP01,30000301,1020,16.06.2022,20.06.2022,90600.0,92000.0,KG,TECO
1001702,PP01,30000104,1010,16.06.2022,19.06.2022,64900.0,65170.0,KG,TECO
1001534,PP01,30000103,1010,16.06.2022,21.06.2022,70600.0,69590.0,KG,TECO
1000369,PP01,30000201,1010,16.06.2022,18.06.2022,244000.0,236410.0,KG,TECO
1000915,PP01,30000204,1010,17.06.2022,22.06.2022,52700.0,51390.0,KG,TECO
1002276,PP01,30000401,1020,17.06.2022,20.06.2022,83700.0,81860.0,KG,TECO
1001137,PP01,30000101,1010,17.06.2022,20.06.2022,110000.0,107840.0,KG,TECO
1000651,PP01,30000202,1010,17.06.2022,20.06.2022,64800.0,65340.0,KG,TECO
1002415,PP01,30000402,1020,17.06.2022,20.06.2022,79100.0,79280.0,KG,TECO
1002579,PP01,30000403,1020,17.06.2022,20.06.2022,66700.0,66820.0,KG,TECO
1002085,PP01,30000302,1020,17.06.2022,20.06.2022,83300.0,83730.0,KG,TECO
1001328,PP01,30000102,1010,17.06.2022,20.06.2022,47700.0,47680.0,KG,TECO
1000035,PP01,20000101,1010,19.06.2022,23.06.2022,263900.0,257980.0,KG,TECO
1000916,PP01,30000204,1010,22.06.2022,26.06.2022,52700.0,51100.0,KG,TECO
1002580,PP01,30000403,1020,22.06.2022,27.06.2022,66700.0,66460.0,KG,TECO
1002086,PP01,30000302,1020,22.06.2022,25.06.2022,83300.0,82410.0,KG,TECO
1000652,PP01,30000202,1010,22.06.2022,27.06.2022,64800.0,65240.0,KG,TECO
1002416,PP01,30000402,1020,23.06.2022,27.06.2022,79100.0,79480.0,KG,TECO
1000370,PP01,30000201,1010,23.06.2022,26.06.2022,244000.0,237170.0,KG,TECO
1001138,PP01,30000101,1010,23.06.2022,26.06.2022,110000.0,108780.0,KG,TECO
1000036,PP01,20000101,1010,24.06.2022,26.06.2022,263900.0,260880.0,KG,TECO
1001877,PP01,30000301,1020,01.07.2022,04.07.2022,80300.0,81380.0,KG,TECO
1000037,PP01,20000101,1010,01.07.2022,06.07.2022,275900.0,271000.0,KG,TECO
1002417,PP01,30000402,1020,01.07.2022,05.07.2022,81900.0,79440.0,KG,TECO
1000793,PP01,30000203,1010,01.07.2022,04.07.2022,27500.0,27020.0,KG,TECO
1000653,PP01,30000202,1010,01.07.2022,05.07.2022,52000.0,50470.0,KG,TECO
1001329,PP01,30000102,1010,01.07.2022,06.07.2022,62300.0,61540.0,KG,TECO
1002717,PP01,30000404,1020,01.07.2022,06.07.2022,9200.0,9040.0,KG,TECO
1002277,PP01,30000401,1020,01.07.2022,06.07.2022,71100.0,69860.0,KG,TECO
1000917,PP01,30000204,1010,01.07.2022,06.07.2022,80900.0,82250.0,KG,TECO
1002087,PP01,30000302,1020,02.07.2022,07.07.2022,86900.0,85350.0,KG,TECO
1001703,PP01,30000104,1010,02.07.2022,07.07.2022,98900.0,98990.0,KG,TECO
1002581,PP01,30000403,1020,02.07.2022,06.07.2022,80700.0,78120.0,KG,TECO
1002827,PP01,30000405,1020,02.07.2022,05.07.2022,31900.0,31300.0,KG,TECO
1001139,PP01,30000101,1010,02.07.2022,04.07.2022,144200.0,143890.0,KG,TECO
1001535,PP01,30000103,1010,02.07.2022,07.07.2022,51300.0,51490.0,KG,TECO
1000371,PP01,30000201,1010,03.07.2022,05.07.2022,245100.0,239200.0,KG,TECO
1000038,PP01,20000101,1010,06.07.2022,10.07.2022,275900.0,273820.0,KG,TECO
1000918,PP01,30000204,1010,08.07.2022,11.07.2022,80900.0,79210.0,KG,TECO
1001536,PP01,30000103,1010,08.07.2022,12.07.2022,51300.0,50270.0,KG,TECO
1000654,PP01,30000202,1010,09.07.2022,11.07.2022,52000.0,51020.0,KG,TECO
1001330,PP01,30000102,1010,10.07.2022,14.07.2022,62300.0,61590.0,KG,TECO
1001140,PP01,30000101,1010,10.07.2022,12.07.2022,144200.0,140450.0,KG,TECO
1000372,PP01,30000201,1010,10.07.2022,14.07.2022,245100.0,251660.0,KG,TECO
1001878,PP01,30000301,1020,10.07.2022,15.07.2022,80300.0,77490.0,KG,TECO
1000039,PP01,20000101,1010,11.07.2022,16.07.2022,275900.0,274780.0,KG,TECO
1001879,PP01,30000301,1020,15.07.2022,19.07.2022,80300.0,81030.0,KG,TECO
1000794,PP01,30000203,1010,15.07.2022,19.07.2022,27500.0,27650.0,KG,TECO
1000040,PP01,20000101,1010,15.07.2022,19.07.2022,275900.0,278050.0,KG,TECO
1001704,PP01,30000104,1010,15.07.2022,18.07.2022,98900.0,94860.0,KG,TECO
1001537,PP01,30000103,1010,16.07.2022,18.07.2022,51300.0,51140.0,KG,TECO
1002828,PP01,30000405,1020,16.07.2022,21.07.2022,31900.0,31640.0,KG,TECO
1002418,PP01,30000402,1020,16.07.2022,19.07.2022,81900.0,79580.0,KG,TECO
1001141,PP01,30000101,1010,16.07.2022,21.07.2022,144200.0,141800.0,KG,TECO
1001331,PP01,30000102,1010,16.07.2022,19.07.2022,62300.0,59490.0,KG,TECO
1002582,PP01,30000403,1020,16.07.2022,21.07.2022,80700.0,79740.0,KG,TECO
1002278,PP01,30000401,1020,17.07.2022,21.07.2022,71100.0,69580.0,KG,TECO
1002718,PP01,30000404,1020,17.07.2022,19.07.2022,9200.0,9170.0,KG,TECO
1000373,PP01,30000201,1010,17.07.2022,20.07.2022,245100.0,245780.0,KG,TECO
1000655,PP01,30000202,1010,17.07.2022,19.07.2022,52000.0,51110.0,KG,TECO
1000919,PP01,30000204,1010,17.07.2022,20.07.2022,80900.0,80530.0,KG,TECO
1002088,PP01,30000302,1020,17.07.2022,22.07.2022,86900.0,87670.0,KG,TECO
1000041,PP01,20000101,1010,19.07.2022,24.07.2022,275900.0,280050.0,KG,TECO
1001142,PP01,30000101,1010,22.07.2022,24.07.2022,144200.0,140660.0,KG,TECO
1000920,PP01,30000204,1010,22.07.2022,24.07.2022,80900.0,79940.0,KG,TECO
1000374,PP01,30000201,1010,23.07.2022,27.07.2022,245100.0,242300.0,KG,TECO
1001880,PP01,30000301,1020,24.07.2022,27.07.2022,80300.0,80060.0,KG,TECO
1000656,PP01,30000202,1010,24.07.2022,28.07.2022,52000.0,53170.0,KG,TECO
1000042,PP01,20000101,1010,24.07.2022,26.07.2022,275900.0,267610.0,KG,TECO
1001538,PP01,30000103,1010,24.07.2022,27.07.2022,51300.0,49130.0,KG,TECO
1001332,PP01,30000102,1010,24.07.2022,26.07.2022,62300.0,61000.0,KG,TECO
1002279,PP01,30000401,1020,01.08.2022,06.08.2022,57400.0,57300.0,KG,TECO
1000657,PP01,30000202,1010,01.08.2022,04.08.2022,78500.0,78890.0,KG,TECO
1002829,PP01,30000405,1020,01.08.2022,05.08.2022,44700.0,44630.0,KG,TECO
1000921,PP01,30000204,1010,01.08.2022,03.08.2022,54500.0,53170.0,KG,TECO
1001143,PP01,30000101,1010,01.08.2022,03.08.2022,131500.0,129730.0,KG,TECO
1002089,PP01,30000302,1020,01.08.2022,05.08.2022,66000.0,64400.0,KG,TECO
1001881,PP01,30000301,1020,01.08.2022,03.08.2022,92300.0,93040.0,KG,TECO
1000795,PP01,30000203,1010,02.08.2022,05.08.2022,45900.0,46580.0,KG,TECO
1001705,PP01,30000104,1010,02.08.2022,05.08.2022,93500.0,89780.0,KG,TECO
1002583,PP01,30000403,1020,02.08.2022,07.08.2022,68900.0,67230.0,KG,TECO
1000375,PP01,30000201,1010,02.08.2022,07.08.2022,171500.0,168160.0,KG,TECO
1001333,PP01,30000102,1010,02.08.2022,07.08.2022,90500.0,89860.0,KG,TECO
1002719,PP01,30000404,1020,02.08.2022,06.08.2022,39900.0,39910.0,KG,TECO
1000043,PP01,20000101,1010,03.08.2022,07.08.2022,284200.0,280010.0,KG,TECO
1002419,PP01,30000402,1020,03.08.2022,06.08.2022,96900.0,95680.0,KG,TECO
1001539,PP01,30000103,1010,03.08.2022,07.08.2022,81900.0,83670.0,KG,TECO
1000376,PP01,30000201,1010,05.08.2022,08.08.2022,171500.0,167760.0,KG,TECO
1000044,PP01,20000101,1010,05.08.2022,07.08.2022,284200.0,281180.0,KG,TECO
1002090,PP01,30000302,1020,08.08.2022,11.08.2022,66000.0,66130.0,KG,TECO
1000922,PP01,30000204,1010,08.08.2022,12.08.2022,54500.0,52770.0,KG,TECO
1001540,PP01,30000103,1010,09.08.2022,13.08.2022,81900.0,78970.0,KG,TECO
1001144,PP01,30000101,1010,09.08.2022,11.08.2022,131500.0,129870.0,KG,TECO
1001882,PP01,30000301,1020,10.08.2022,15.08.2022,92300.0,91090.0,KG,TECO
1000045,PP01,20000101,1010,10.08.2022,12.08.2022,284200.0,276450.0,KG,TECO
1000658,PP01,30000202,1010,10.08.2022,15.08.2022,78500.0,74330.0,KG,TECO
1000377,PP01,30000201,1010,12.08.2022,14.08.2022,171500.0,169310.0,KG,TECO
1002720,PP01,30000404,1020,15.08.2022,18.08.2022,39900.0,39460.0,KG,TECO
1002280,PP01,30000401,1020,15.08.2022,20.08.2022,57400.0,58540.0,KG,TECO
1001883,PP01,30000301,1020,15.08.2022,17.08.2022,92300.0,91780.0,KG,TECO
1002420,PP01,30000402,1020,15.08.2022,18.08.2022,96900.0,94220.0,KG,TECO
1000923,PP01,30000204,1010,15.08.2022,17.08.2022,54500.0,54010.0,KG,TECO
1001706,PP01,30000104,1010,15.08.2022,19.08.2022,93500.0,90900.0,KG,TECO
1001334,PP01,30000102,1010,15.08.2022,17.08.2022,90500.0,89190.0,KG,TECO
1002091,PP01,30000302,1020,15.08.2022,20.08.2022,66000.0,64020.0,KG,TECO
1002830,PP01,30000405,1020,15.08.2022,17.08.2022,44700.0,43770.0,KG,TECO
1000046,PP01,20000101,1010,16.08.2022,18.08.2022,284200.0,275030.0,KG,TECO
1000659,PP01,30000202,1010,16.08.2022,18.08.2022,78500.0,77340.0,KG,TECO
1000378,PP01,30000201,1010,16.08.2022,20.08.2022,171500.0,169450.0,KG,TECO
1002584,PP01,30000403,1020,17.08.2022,19.08.2022,68900.0,69350.0,KG,TECO
1001145,PP01,30000101,1010,17.08.2022,19.08.2022,131500.0,126700.0,KG,TECO
1001541,PP01,30000103,1010,17.08.2022,20.08.2022,81900.0,82090.0,KG,TECO
1000796,PP01,30000203,1010,17.08.2022,20.08.2022,45900.0,44320.0,KG,TECO
1000047,PP01,20000101,1010,20.08.2022,23.08.2022,284200.0,276650.0,KG,TECO
1000379,PP01,30000201,1010,20.08.2022,25.08.2022,171500.0,175300.0,KG,TECO
1001884,PP01,30000301,1020,23.08.2022,27.08.2022,92300.0,93200.0,KG,TECO
1000660,PP01,30000202,1010,23.08.2022,28.08.2022,78500.0,78830.0,KG,TECO
1001542,PP01,30000103,1010,24.08.2022,26.08.2022,81900.0,81440.0,KG,TECO
1001146,PP01,30000101,1010,24.08.2022,27.08.2022,131500.0,134100.0,KG,TECO
1000048,PP01,20000101,1010,24.08.2022,29.08.2022,284200.0,282630.0,KG,TECO
1000924,PP01,30000204,1010,24.08.2022,28.08.2022,54500.0,53090.0,KG,TECO
1002092,PP01,30000302,1020,24.08.2022,28.08.2022,66000.0,63870.0,KG,TECO
1000380,PP01,30000201,1010,25.08.2022,27.08.2022,171500.0,168550.0,KG,TECO
1002093,PP01,30000302,1020,01.09.2022,03.09.2022,52800.0,51660.0,KG,TECO
1000381,PP01,30000201,1010,01.09.2022,06.09.2022,249500.0,242990.0,KG,TECO
1001707,PP01,30000104,1010,01.09.2022,06.09.2022,64300.0,64070.0,KG,TECO
1002281,PP01,30000401,1020,01.09.2022,03.09.2022,71300.0,72220.0,KG,TECO
1000925,PP01,30000204,1010,01.09.2022,05.09.2022,94900.0,95980.0,KG,TECO
1001335,PP01,30000102,1010,02.09.2022,07.09.2022,55800.0,54280.0,KG,TECO
1002585,PP01,30000403,1020,02.09.2022,07.09.2022,88600.0,86610.0,KG,TECO
1002831,PP01,30000405,1020,02.09.2022,07.09.2022,49000.0,48140.0,KG,TECO
1000049,PP01,20000101,1010,02.09.2022,07.09.2022,272100.0,271850.0,KG,TECO
1001147,PP01,30000101,1010,03.09.2022,08.09.2022,142100.0,138480.0,KG,TECO
1001543,PP01,30000103,1010,03.09.2022,07.09.2022,97900.0,96510.0,KG,TECO
1000797,PP01,30000203,1010,03.09.2022,07.09.2022,90100.0,89890.0,KG,TECO
1002721,PP01,30000404,1020,03.09.2022,08.09.2022,52400.0,50250.0,KG,TECO
1000661,PP01,30000202,1010,03.09.2022,08.09.2022,53200.0,52670.0,KG,TECO
1002421,PP01,30000402,1020,03.09.2022,07.09.2022,80700.0,80310.0,KG,TECO
1001885,PP01,30000301,1020,03.09.2022,08.09.2022,74800.0,72710.0,KG,TECO
1000050,PP01,20000101,1010,07.09.2022,09.09.2022,272100.0,271140.0,KG,TECO
1002094,PP01,30000302,1020,08.09.2022,11.09.2022,52800.0,53310.0,KG,TECO
1000382,PP01,30000201,1010,08.09.2022,12.09.2022,249500.0,247040.0,KG,TECO
1001886,PP01,30000301,1020,09.09.2022,12.09.2022,74800.0,75450.0,KG,TECO
1001148,PP01,30000101,1010,09.09.2022,13.09.2022,142100.0,139670.0,KG,TECO
1000926,PP01,30000204,1010,09.09.2022,11.09.2022,94900.0,95570.0,KG,TECO
1002422,PP01,30000402,1020,10.09.2022,15.09.2022,80700.0,80560.0,KG,TECO
1001336,PP01,30000102,1010,10.09.2022,14.09.2022,55800.0,57380.0,KG,TECO
1000051,PP01,20000101,1010,12.09.2022,16.09.2022,272100.0,265330.0,KG,TECO
1000052,PP01,20000101,1010,15.09.2022,20.09.2022,272100.0,275260.0,KG,TECO
1002423,PP01,30000402,1020,15.09.2022,19.09.2022,80700.0,81310.0,KG,TECO
1000662,PP01,30000202,1010,15.09.2022,17.09.2022,53200.0,53300.0,KG,TECO
1000798,PP01,30000203,1010,15.09.2022,19.09.2022,90100.0,88430.0,KG,TECO
1001337,PP01,30000102,1010,16.09.2022,21.09.2022,55800.0,56360.0,KG,TECO
1001544,PP01,30000103,1010,16.09.2022,20.09.2022,97900.0,94210.0,KG,TECO
1001149,PP01,30000101,1010,17.09.2022,21.09.2022,142100.0,137660.0,KG,TECO
1000927,PP01,30000204,1010,17.09.2022,19.09.2022,94900.0,92530.0,KG,TECO
1001708,PP01,30000104,1010,17.09.2022,21.09.2022,64300.0,63520.0,KG,TECO
1002095,PP01,30000302,1020,17.09.2022,19.09.2022,52800.0,52660.0,KG,TECO
1002832,PP01,30000405,1020,17.09.2022,20.09.2022,49000.0,47340.0,KG,TECO
1000383,PP01,30000201,1010,17.09.2022,22.09.2022,249500.0,245840.0,KG,TECO
1002586,PP01,30000403,1020,17.09.2022,20.09.2022,88600.0,86910.0,KG,TECO
1002282,PP01,30000401,1020,17.09.2022,21.09.2022,71300.0,70810.0,KG,TECO
1002722,PP01,30000404,1020,17.09.2022,20.09.2022,52400.0,51370.0,KG,TECO
1001887,PP01,30000301,1020,17.09.2022,19.09.2022,74800.0,72660.0,KG,TECO
1000053,PP01,20000101,1010,21.09.2022,26.09.2022,272100.0,280780.0,KG,TECO
1001338,PP01,30000102,1010,22.09.2022,26.09.2022,55800.0,54710.0,KG,TECO
1000928,PP01,30000204,1010,22.09.2022,26.09.2022,94900.0,95270.0,KG,TECO
1001888,PP01,30000301,1020,22.09.2022,24.09.2022,74800.0,74190.0,KG,TECO
1002424,PP01,30000402,1020,23.09.2022,25.09.2022,80700.0,78480.0,KG,TECO
1000384,PP01,30000201,1010,24.09.2022,27.09.2022,249500.0,242380.0,KG,TECO
1001150,PP01,30000101,1010,24.09.2022,28.09.2022,142100.0,143770.0,KG,TECO
1002096,PP01,30000302,1020,24.09.2022,28.09.2022,52800.0,53970.0,KG,TECO
1000054,PP01,20000101,1010,24.09.2022,27.09.2022,272100.0,278020.0,KG,TECO
1001889,PP01,30000301,1020,01.10.2022,05.10.2022,92000.0,91310.0,KG,TECO
1000929,PP01,30000204,1010,01.10.2022,03.10.2022,121500.0,117530.0,KG,TECO
1001339,PP01,30000102,1010,01.10.2022,05.10.2022,93400.0,93280.0,KG,TECO
1002097,PP01,30000302,1020,01.10.2022,04.10.2022,76200.0,76160.0,KG,TECO
1002723,PP01,30000404,1020,01.10.2022,04.10.2022,34900.0,34190.0,KG,TECO
1000055,PP01,20000101,1010,01.10.2022,04.10.2022,315100.0,306970.0,KG,TECO
1002425,PP01,30000402,1020,01.10.2022,04.10.2022,62500.0,63070.0,KG,TECO
1002587,PP01,30000403,1020,01.10.2022,06.10.2022,91600.0,91660.0,KG,TECO
1002833,PP01,30000405,1020,02.10.2022,05.10.2022,53500.0,51900.0,KG,TECO
1000385,PP01,30000201,1010,02.10.2022,06.10.2022,167700.0,166310.0,KG,TECO
1001709,PP01,30000104,1010,02.10.2022,07.10.2022,53500.0,53330.0,KG,TECO
1001545,PP01,30000103,1010,02.10.2022,07.10.2022,70100.0,68490.0,KG,TECO
1002283,PP01,30000401,1020,02.10.2022,04.10.2022,98000.0,93970.0,KG,TECO
1000663,PP01,30000202,1010,02.10.2022,06.10.2022,60700.0,58190.0,KG,TECO
1001151,PP01,30000101,1010,03.10.2022,05.10.2022,149400.0,148750.0,KG,TECO
1000799,PP01,30000203,1010,03.10.2022,05.10.2022,56600.0,56280.0,KG,TECO
1000056,PP01,20000101,1010,05.10.2022,08.10.2022,315100.0,315050.0,KG,TECO
1000386,PP01,30000201,1010,05.10.2022,09.10.2022,167700.0,161880.0,KG,TECO
1000930,PP01,30000204,1010,08.10.2022,13.10.2022,121500.0,119660.0,KG,TECO
1001152,PP01,30000101,1010,08.10.2022,13.10.2022,149400.0,149140.0,KG,TECO
1000664,PP01,30000202,1010,08.10.2022,11.10.2022,60700.0,60810.0,KG,TECO
1002426,PP01,30000402,1020,08.10.2022,10.10.2022,62500.0,63660.0,KG,TECO
1001546,PP01,30000103,1010,10.10.2022,12.10.2022,70100.0,69260.0,KG,TECO
1001710,PP01,30000104,1010,10.10.2022,12.10.2022,53500.0,53460.0,KG,TECO
1000057,PP01,20000101,1010,11.10.2022,15.10.2022,315100.0,314300.0,KG,TECO
1000387,PP01,30000201,1010,11.10.2022,14.10.2022,167700.0,166840.0,KG,TECO
1001711,PP01,30000104,1010,15.10.2022,20.10.2022,53500.0,53980.0,KG,TECO
1001340,PP01,30000102,1010,15.10.2022,17.10.2022,93400.0,93800.0,KG,TECO
1001547,PP01,30000103,1010,15.10.2022,20.10.2022,70100.0,68450.0,KG,TECO
1000665,PP01,30000202,1010,15.10.2022,17.10.2022,60700.0,59570.0,KG,TECO
1000800,PP01,30000203,1010,16.10.2022,19.10.2022,56600.0,55310.0,KG,TECO
1000931,PP01,30000204,1010,16.10.2022,21.10.2022,121500.0,121790.0,KG,TECO
1002588,PP01,30000403,1020,16.10.2022,19.10.2022,91600.0,90300.0,KG,TECO
1000388,PP01,30000201,1010,16.10.2022,18.10.2022,167700.0,164680.0,KG,TECO
1002724,PP01,30000404,1020,16.10.2022,20.10.2022,34900.0,34670.0,KG,TECO
1001890,PP01,30000301,1020,16.10.2022,20.10.2022,92000.0,90930.0,KG,TECO
1002098,PP01,30000302,1020,16.10.2022,18.10.2022,76200.0,75250.0,KG,TECO
1002834,PP01,30000405,1020,17.10.2022,21.10.2022,53500.0,54960.0,KG,TECO
1002284,PP01,30000401,1020,17.10.2022,22.10.2022,98000.0,96580.0,KG,TECO
1001153,PP01,30000101,1010,17.10.2022,19.10.2022,149400.0,151240.0,KG,TECO
1002427,PP01,30000402,1020,17.10.2022,19.10.2022,62500.0,61630.0,KG,TECO
1000058,PP01,20000101,1010,17.10.2022,22.10.2022,315100.0,311940.0,KG,TECO
1000059,PP01,20000101,1010,19.10.2022,21.10.2022,315100.0,308430.0,KG,TECO
1000389,PP01,30000201,1010,21.10.2022,25.10.2022,167700.0,164940.0,KG,TECO
1001548,PP01,30000103,1010,22.10.2022,26.10.2022,70100.0,69260.0,KG,TECO
1002428,PP01,30000402,1020,23.10.2022,25.10.2022,62500.0,63430.0,KG,TECO
1001712,PP01,30000104,1010,23.10.2022,25.10.2022,53500.0,53480.0,KG,TECO
1000932,PP01,30000204,1010,24.10.2022,29.10.2022,121500.0,120210.0,KG,TECO
1000390,PP01,30000201,1010,24.10.2022,29.10.2022,167700.0,169210.0,KG,TECO
1000666,PP01,30000202,1010,24.10.2022,29.10.2022,60700.0,59490.0,KG,TECO
1001154,PP01,30000101,1010,24.10.2022,29.10.2022,149400.0,151680.0,KG,TECO
1000060,PP01,20000101,1010,24.10.2022,27.10.2022,315100.0,307710.0,KG,TECO
1000667,PP01,30000202,1010,01.11.2022,04.11.2022,83300.0,80870.0,KG,TECO
1001155,PP01,30000101,1010,01.11.2022,04.11.2022,110000.0,108350.0,KG,TECO
1002589,PP01,30000403,1020,01.11.2022,04.11.2022,53100.0,52250.0,KG,TECO
1000933,PP01,30000204,1010,01.11.2022,06.11.2022,82100.0,81980.0,KG,TECO
1002285,PP01,30000401,1020,02.11.2022,07.11.2022,44100.0,44210.0,KG,TECO
1000061,PP01,20000101,1010,02.11.2022,06.11.2022,276700.0,272120.0,KG,TECO
1000801,PP01,30000203,1010,02.11.2022,06.11.2022,96700.0,95930.0,KG,TECO
1002725,PP01,30000404,1020,03.11.2022,08.11.2022,43300.0,43180.0,KG,TECO
1002099,PP01,30000302,1020,03.11.2022,07.11.2022,76400.0,74750.0,KG,TECO
1001891,PP01,30000301,1020,03.11.2022,05.11.2022,59200.0,58490.0,KG,TECO
1002835,PP01,30000405,1020,03.11.2022,06.11.2022,42700.0,42210.0,KG,TECO
1001713,PP01,30000104,1010,03.11.2022,08.11.2022,99700.0,100630.0,KG,TECO
1001341,PP01,30000102,1010,03.11.2022,05.11.2022,68700.0,67240.0,KG,TECO
1001549,PP01,30000103,1010,03.11.2022,08.11.2022,94100.0,90960.0,KG,TECO
1002429,PP01,30000402,1020,03.11.2022,05.11.2022,50700.0,49400.0,KG,TECO
1000391,PP01,30000201,1010,03.11.2022,05.11.2022,169500.0,165590.0,KG,TECO
1000062,PP01,20000101,1010,05.11.2022,08.11.2022,276700.0,277110.0,KG,TECO
1000392,PP01,30000201,1010,06.11.2022,10.11.2022,169500.0,168560.0,KG,TECO
1002100,PP01,30000302,1020,08.11.2022,12.11.2022,76400.0,75340.0,KG,TECO
1001342,PP01,30000102,1010,08.11.2022,11.11.2022,68700.0,67380.0,KG,TECO
1000934,PP01,30000204,1010,08.11.2022,10.11.2022,82100.0,81980.0,KG,TECO
1002430,PP01,30000402,1020,10.11.2022,13.11.2022,50700.0,49990.0,KG,TECO
1001156,PP01,30000101,1010,10.11.2022,13.11.2022,110000.0,107310.0,KG,TECO
1001892,PP01,30000301,1020,10.11.2022,15.11.2022,59200.0,57350.0,KG,TECO
1000393,PP01,30000201,1010,10.11.2022,15.11.2022,169500.0,165120.0,KG,TECO
1000063,PP01,20000101,1010,11.11.2022,13.11.2022,276700.0,281270.0,KG,TECO
1000668,PP01,30000202,1010,15.11.2022,18.11.2022,83300.0,81560.0,KG,TECO
1001893,PP01,30000301,1020,15.11.2022,20.11.2022,59200.0,58540.0,KG,TECO
1002590,PP01,30000403,1020,15.11.2022,17.11.2022,53100.0,51120.0,KG,TECO
1000064,PP01,20000101,1010,15.11.2022,18.11.2022,276700.0,278230.0,KG,TECO
1001343,PP01,30000102,1010,15.11.2022,18.11.2022,68700.0,68610.0,KG,TECO
1000394,PP01,30000201,1010,15.11.2022,17.11.2022,169500.0,170680.0,KG,TECO
1002101,PP01,30000302,1020,15.11.2022,17.11.2022,76400.0,77000.0,KG,TECO
1000802,PP01,30000203,1010,16.11.2022,19.11.2022,96700.0,94260.0,KG,TECO
1001157,PP01,30000101,1010,16.11.2022,21.11.2022,110000.0,106660.0,KG,TECO
1002431,PP01,30000402,1020,16.11.2022,20.11.2022,50700.0,50990.0,KG,TECO
1002836,PP01,30000405,1020,16.11.2022,19.11.2022,42700.0,41580.0,KG,TECO
1000935,PP01,30000204,1010,16.11.2022,21.11.2022,82100.0,81170.0,KG,TECO
1002726,PP01,30000404,1020,17.11.2022,22.11.2022,43300.0,43920.0,KG,TECO
1002286,PP01,30000401,1020,17.11.2022,19.11.2022,44100.0,43190.0,KG,TECO
1001550,PP01,30000103,1010,17.11.2022,20.11.2022,94100.0,91410.0,KG,TECO
1001714,PP01,30000104,1010,17.11.2022,21.11.2022,99700.0,98120.0,KG,TECO
1000395,PP01,30000201,1010,20.11.2022,22.11.2022,169500.0,168060.0,KG,TECO
1000065,PP01,20000101,1010,21.11.2022,24.11.2022,276700.0,277780.0,KG,TECO
1002102,PP01,30000302,1020,22.11.2022,27.11.2022,76400.0,74170.0,KG,TECO
1001344,PP01,30000102,1010,23.11.2022,26.11.2022,68700.0,68280.0,KG,TECO
1002432,PP01,30000402,1020,24.11.2022,28.11.2022,50700.0,51580.0,KG,TECO
1001158,PP01,30000101,1010,24.11.2022,26.11.2022,110000.0,106090.0,KG,TECO
1000936,PP01,30000204,1010,24.11.2022,27.11.2022,82100.0,80980.0,KG,TECO
1001894,PP01,30000301,1020,24.11.2022,29.11.2022,59200.0,58100.0,KG,TECO
1000396,PP01,30000201,1010,25.11.2022,29.11.2022,169500.0,172410.0,KG,TECO
1000066,PP01,20000101,1010,26.11.2022,30.11.2022,276700.0,276200.0,KG,TECO
1000937,PP01,30000204,1010,01.12.2022,05.12.2022,105900.0,103780.0,KG,TECO
1001159,PP01,30000101,1010,01.12.2022,04.12.2022,150700.0,151400.0,KG,TECO
1001551,PP01,30000103,1010,01.12.2022,03.12.2022,79200.0,78350.0,KG,TECO
1002433,PP01,30000402,1020,01.12.2022,03.12.2022,66400.0,65780.0,KG,TECO
1001895,PP01,30000301,1020,01.12.2022,05.12.2022,66000.0,64470.0,KG,TECO
1002103,PP01,30000302,1020,01.12.2022,04.12.2022,50200.0,49470.0,KG,TECO
1001345,PP01,30000102,1010,01.12.2022,05.12.2022,97100.0,96840.0,KG,TECO
1002837,PP01,30000405,1020,02.12.2022,06.12.2022,27100.0,26630.0,KG,TECO
1002591,PP01,30000403,1020,02.12.2022,07.12.2022,70900.0,70800.0,KG,TECO
1000803,PP01,30000203,1010,02.12.2022,06.12.2022,62200.0,60050.0,KG,TECO
1001715,PP01,30000104,1010,02.12.2022,07.12.2022,40200.0,39710.0,KG,TECO
1002287,PP01,30000401,1020,02.12.2022,04.12.2022,85200.0,85100.0,KG,TECO
1000067,PP01,20000101,1010,02.12.2022,05.12.2022,287700.0,281240.0,KG,TECO
1000669,PP01,30000202,1010,03.12.2022,05.12.2022,75300.0,73600.0,KG,TECO
1000397,PP01,30000201,1010,03.12.2022,08.12.2022,166800.0,161790.0,KG,TECO
1002727,PP01,30000404,1020,03.12.2022,05.12.2022,12600.0,12350.0,KG,TECO
1000398,PP01,30000201,1010,05.12.2022,08.12.2022,166800.0,170400.0,KG,TECO
1000068,PP01,20000101,1010,05.12.2022,07.12.2022,287700.0,284360.0,KG,TECO
1000938,PP01,30000204,1010,08.12.2022,11.12.2022,105900.0,103700.0,KG,TECO
1002104,PP01,30000302,1020,08.12.2022,13.12.2022,50200.0,50050.0,KG,TECO
1001160,PP01,30000101,1010,08.12.2022,13.12.2022,150700.0,149950.0,KG,TECO
1001896,PP01,30000301,1020,09.12.2022,13.12.2022,66000.0,64980.0,KG,TECO
1000069,PP01,20000101,1010,10.12.2022,12.12.2022,287700.0,287650.0,KG,TECO
1000399,PP01,30000201,1010,11.12.2022,14.12.2022,166800.0,163870.0,KG,TECO
1000804,PP01,30000203,1010,15.12.2022,19.12.2022,62200.0,62060.0,KG,TECO
1001897,PP01,30000301,1020,15.12.2022,19.12.2022,66000.0,65730.0,KG,TECO
1002592,PP01,30000403,1020,15.12.2022,17.12.2022,70900.0,70140.0,KG,TECO
1000070,PP01,20000101,1010,15.12.2022,19.12.2022,287700.0,285660.0,KG,TECO
1000400,PP01,30000201,1010,15.12.2022,20.12.2022,166800.0,161540.0,KG,TECO
1000939,PP01,30000204,1010,16.12.2022,18.12.2022,105900.0,103210.0,KG,TECO
1001346,PP01,30000102,1010,16.12.2022,18.12.2022,97100.0,97590.0,KG,TECO
1002105,PP01,30000302,1020,16.12.2022,20.12.2022,50200.0,50450.0,KG,TECO
1002288,PP01,30000401,1020,16.12.2022,19.12.2022,85200.0,86280.0,KG,TECO
1001161,PP01,30000101,1010,16.12.2022,18.12.2022,150700.0,147830.0,KG,TECO
1002728,PP01,30000404,1020,16.12.2022,19.12.2022,12600.0,12520.0,KG,TECO
1000670,PP01,30000202,1010,17.12.2022,21.12.2022,75300.0,76210.0,KG,TECO
1001552,PP01,30000103,1010,17.12.2022,20.12.2022,79200.0,80220.0,KG,TECO
1001716,PP01,30000104,1010,17.12.2022,20.12.2022,40200.0,40090.0,KG,TECO
1002434,PP01,30000402,1020,17.12.2022,21.12.2022,66400.0,66160.0,KG,TECO
1002838,PP01,30000405,1020,17.12.2022,19.12.2022,27100.0,26250.0,KG,TECO
1000401,PP01,30000201,1010,19.12.2022,24.12.2022,166800.0,163970.0,KG,TECO
1000071,PP01,20000101,1010,21.12.2022,25.12.2022,287700.0,282970.0,KG,TECO
1002106,PP01,30000302,1020,22.12.2022,25.12.2022,50200.0,50480.0,KG,TECO
1001898,PP01,30000301,1020,23.12.2022,27.12.2022,66000.0,66720.0,KG,TECO
1001162,PP01,30000101,1010,23.12.2022,27.12.2022,150700.0,152990.0,KG,TECO
1000940,PP01,30000204,1010,24.12.2022,26.12.2022,105900.0,106170.0,KG,TECO
1000072,PP01,20000101,1010,24.12.2022,28.12.2022,287700.0,288350.0,KG,TECO
1000402,PP01,30000201,1010,25.12.2022,28.12.2022,166800.0,168470.0,KG,TECO
1000941,PP01,30000204,1010,01.01.2023,05.01.2023,75500.0,76080.0,KG,TECO
1001717,PP01,30000104,1010,01.01.2023,06.01.2023,61200.0,59990.0,KG,TECO
1001347,PP01,30000102,1010,01.01.2023,03.01.2023,90200.0,87790.0,KG,TECO
1000805,PP01,30000203,1010,01.01.2023,06.01.2023,39100.0,39310.0,KG,TECO
1000073,PP01,20000101,1010,01.01.2023,05.01.2023,267400.0,264130.0,KG,TECO
1000403,PP01,30000201,1010,01.01.2023,06.01.2023,167800.0,162920.0,KG,TECO
1002289,PP01,30000401,1020,02.01.2023,06.01.2023,92200.0,93490.0,KG,TECO
1001553,PP01,30000103,1010,02.01.2023,07.01.2023,72200.0,72410.0,KG,TECO
1001899,PP01,30000301,1020,02.01.2023,06.01.2023,66100.0,66410.0,KG,TECO
1002839,PP01,30000405,1020,02.01.2023,06.01.2023,39400.0,38620.0,KG,TECO
1002729,PP01,30000404,1020,02.01.2023,05.01.2023,15800.0,15770.0,KG,TECO
1002435,PP01,30000402,1020,02.01.2023,05.01.2023,84600.0,84040.0,KG,TECO
1000671,PP01,30000202,1010,02.01.2023,06.01.2023,75100.0,76310.0,KG,TECO
1002593,PP01,30000403,1020,03.01.2023,07.01.2023,94900.0,95330.0,KG,TECO
1002107,PP01,30000302,1020,03.01.2023,06.01.2023,58600.0,57950.0,KG,TECO
1001163,PP01,30000101,1010,03.01.2023,08.01.2023,133400.0,133830.0,KG,TECO
1000404,PP01,30000201,1010,05.01.2023,09.01.2023,167800.0,162800.0,KG,TECO
1000074,PP01,20000101,1010,06.01.2023,08.01.2023,267400.0,260330.0,KG,TECO
1000942,PP01,30000204,1010,08.01.2023,11.01.2023,75500.0,75500.0,KG,TECO
1002108,PP01,30000302,1020,08.01.2023,11.01.2023,58600.0,57190.0,KG,TECO
1001164,PP01,30000101,1010,10.01.2023,12.01.2023,133400.0,132610.0,KG,TECO
1001900,PP01,30000301,1020,10.01.2023,12.01.2023,66100.0,65440.0,KG,TECO
1001718,PP01,30000104,1010,10.01.2023,15.01.2023,61200.0,61360.0,KG,TECO
1000405,PP01,30000201,1010,10.01.2023,14.01.2023,167800.0,169400.0,KG,TECO
1002436,PP01,30000402,1020,10.01.2023,15.01.2023,84600.0,85070.0,KG,TECO
1000075,PP01,20000101,1010,11.01.2023,15.01.2023,267400.0,266300.0,KG,TECO
1000076,PP01,20000101,1010,15.01.2023,20.01.2023,267400.0,261300.0,KG,TECO
1001719,PP01,30000104,1010,15.01.2023,19.01.2023,61200.0,60800.0,KG,TECO
1002290,PP01,30000401,1020,15.01.2023,20.01.2023,92200.0,90860.0,KG,TECO
1001554,PP01,30000103,1010,15.01.2023,17.01.2023,72200.0,70570.0,KG,TECO
1002840,PP01,30000405,1020,15.01.2023,19.01.2023,39400.0,39640.0,KG,TECO
1001348,PP01,30000102,1010,15.01.2023,20.01.2023,90200.0,88270.0,KG,TECO
1000406,PP01,30000201,1010,16.01.2023,20.01.2023,167800.0,166410.0,KG,TECO
1001165,PP01,30000101,1010,16.01.2023,19.01.2023,133400.0,133680.0,KG,TECO
1002109,PP01,30000302,1020,16.01.2023,19.01.2023,58600.0,56500.0,KG,TECO
1000672,PP01,30000202,1010,16.01.2023,18.01.2023,75100.0,73470.0,KG,TECO
1002437,PP01,30000402,1020,16.01.2023,18.01.2023,84600.0,85740.0,KG,TECO
1000806,PP01,30000203,1010,16.01.2023,18.01.2023,39100.0,38750.0,KG,TECO
1002594,PP01,30000403,1020,17.01.2023,19.01.2023,94900.0,92240.0,KG,TECO
1002730,PP01,30000404,1020,17.01.2023,21.01.2023,15800.0,15650.0,KG,TECO
1000943,PP01,30000204,1010,17.01.2023,19.01.2023,75500.0,76980.0,KG,TECO
1001901,PP01,30000301,1020,17.01.2023,21.01.2023,66100.0,64770.0,KG,TECO
1000407,PP01,30000201,1010,20.01.2023,25.01.2023,167800.0,168830.0,KG,TECO
1000077,PP01,20000101,1010,20.01.2023,22.01.2023,267400.0,266980.0,KG,TECO
1002438,PP01,30000402,1020,22.01.2023,27.01.2023,84600.0,83290.0,KG,TECO
1002110,PP01,30000302,1020,22.01.2023,25.01.2023,58600.0,58880.0,KG,TECO
1000944,PP01,30000204,1010,22.01.2023,27.01.2023,75500.0,73260.0,KG,TECO
1001902,PP01,30000301,1020,23.01.2023,28.01.2023,66100.0,64290.0,KG,TECO
1001166,PP01,30000101,1010,23.01.2023,28.01.2023,133400.0,127770.0,KG,TECO
1001720,PP01,30000104,1010,24.01.2023,29.01.2023,61200.0,59050.0,KG,TECO
1000078,PP01,20000101,1010,25.01.2023,30.01.2023,267400.0,272600.0,KG,TECO
1000408,PP01,30000201,1010,26.01.2023,31.01.2023,167800.0,167240.0,KG,TECO
1001721,PP01,30000104,1010,01.02.2023,04.02.2023,76800.0,76370.0,KG,TECO
1002841,PP01,30000405,1020,01.02.2023,05.02.2023,43900.0,43350.0,KG,TECO
1002439,PP01,30000402,1020,01.02.2023,04.02.2023,83300.0,83120.0,KG,TECO
1001555,PP01,30000103,1010,02.02.2023,04.02.2023,81200.0,81750.0,KG,TECO
1001903,PP01,30000301,1020,02.02.2023,04.02.2023,64300.0,63540.0,KG,TECO
1002731,PP01,30000404,1020,02.02.2023,04.02.2023,3200.0,3200.0,KG,TECO
1001349,PP01,30000102,1010,02.02.2023,07.02.2023,68300.0,69180.0,KG,TECO
1000945,PP01,30000204,1010,02.02.2023,04.02.2023,54200.0,55090.0,KG,TECO
1002595,PP01,30000403,1020,02.02.2023,04.02.2023,50100.0,50190.0,KG,TECO
1002111,PP01,30000302,1020,02.02.2023,07.02.2023,96300.0,94260.0,KG,TECO
1000807,PP01,30000203,1010,03.02.2023,05.02.2023,57800.0,58620.0,KG,TECO
1000079,PP01,20000101,1010,03.02.2023,07.02.2023,247600.0,240340.0,KG,TECO
1001167,PP01,30000101,1010,03.02.2023,08.02.2023,138600.0,136700.0,KG,TECO
1000409,PP01,30000201,1010,03.02.2023,07.02.2023,249100.0,245270.0,KG,TECO
1000673,PP01,30000202,1010,03.02.2023,07.02.2023,66000.0,64530.0,KG,TECO
1002291,PP01,30000401,1020,03.02.2023,08.02.2023,29700.0,28500.0,KG,TECO
1000080,PP01,20000101,1010,05.02.2023,07.02.2023,247600.0,244630.0,KG,TECO
1002112,PP01,30000302,1020,08.02.2023,13.02.2023,96300.0,94010.0,KG,TECO
1000946,PP01,30000204,1010,10.02.2023,14.02.2023,54200.0,53210.0,KG,TECO
1001904,PP01,30000301,1020,10.02.2023,14.02.2023,64300.0,65180.0,KG,TECO
1000410,PP01,30000201,1010,10.02.2023,12.02.2023,249100.0,244500.0,KG,TECO
1001168,PP01,30000101,1010,10.02.2023,15.02.2023,138600.0,136860.0,KG,TECO
1000081,PP01,20000101,1010,11.02.2023,16.02.2023,247600.0,246350.0,KG,TECO
1002842,PP01,30000405,1020,15.02.2023,18.02.2023,43900.0,43710.0,KG,TECO
1001169,PP01,30000101,1010,15.02.2023,18.02.2023,138600.0,139460.0,KG,TECO
1001722,PP01,30000104,1010,15.02.2023,17.02.2023,76800.0,75170.0,KG,TECO
1002596,PP01,30000403,1020,15.02.2023,19.02.2023,50100.0,48500.0,KG,TECO
1000947,PP01,30000204,1010,16.02.2023,18.02.2023,54200.0,54990.0,KG,TECO
1002732,PP01,30000404,1020,16.02.2023,18.02.2023,3200.0,3160.0,KG,TECO
1001350,PP01,30000102,1010,16.02.2023,18.02.2023,68300.0,68210.0,KG,TECO
1001905,PP01,30000301,1020,16.02.2023,21.02.2023,64300.0,63030.0,KG,TECO
1002113,PP01,30000302,1020,16.02.2023,21.02.2023,96300.0,96610.0,KG,TECO
1002292,PP01,30000401,1020,16.02.2023,19.02.2023,29700.0,29330.0,KG,TECO
1001556,PP01,30000103,1010,17.02.2023,21.02.2023,81200.0,79780.0,KG,TECO
1000411,PP01,30000201,1010,17.02.2023,22.02.2023,249100.0,239290.0,KG,TECO
1000808,PP01,30000203,1010,17.02.2023,19.02.2023,57800.0,56720.0,KG,TECO
1002440,PP01,30000402,1020,17.02.2023,20.02.2023,83300.0,83050.0,KG,TECO
1000082,PP01,20000101,1010,17.02.2023,19.02.2023,247600.0,240570.0,KG,TECO
1000674,PP01,30000202,1010,17.02.2023,21.02.2023,66000.0,64450.0,KG,TECO
1000083,PP01,20000101,1010,19.02.2023,24.02.2023,247600.0,243280.0,KG,TECO
1001170,PP01,30000101,1010,22.02.2023,24.02.2023,138600.0,138600.0,KG,TECO
1000948,PP01,30000204,1010,23.02.2023,25.02.2023,54200.0,53780.0,KG,TECO
1001906,PP01,30000301,1020,23.02.2023,27.02.2023,64300.0,65090.0,KG,TECO
1000412,PP01,30000201,1010,24.02.2023,01.03.2023,249100.0,238130.0,KG,TECO
1002114,PP01,30000302,1020,24.02.2023,27.02.2023,96300.0,99340.0,KG,TECO
1000084,PP01,20000101,1010,26.02.2023,01.03.2023,247600.0,249100.0,KG,TECO
1002293,PP01,30000401,1020,01.03.2023,04.03.2023,29700.0,29800.0,KG,TECO
1000949,PP01,30000204,1010,01.03.2023,03.03.2023,72700.0,71340.0,KG,TECO
1000413,PP01,30000201,1010,01.03.2023,05.03.2023,169100.0,165210.0,KG,TECO
1002843,PP01,30000405,1020,01.03.2023,06.03.2023,25200.0,24570.0,KG,TECO
1000809,PP01,30000203,1010,02.03.2023,06.03.2023,98400.0,93540.0,KG,TECO
1002441,PP01,30000402,1020,02.03.2023,05.03.2023,75600.0,74430.0,KG,TECO
1001351,PP01,30000102,1010,02.03.2023,05.03.2023,97200.0,97010.0,KG,TECO
1001171,PP01,30000101,1010,02.03.2023,07.03.2023,176400.0,174970.0,KG,TECO
1001557,PP01,30000103,1010,02.03.2023,07.03.2023,95700.0,93890.0,KG,TECO
1000085,PP01,20000101,1010,02.03.2023,06.03.2023,277800.0,281690.0,KG,TECO
1002597,PP01,30000403,1020,02.03.2023,05.03.2023,98400.0,99490.0,KG,TECO
1001907,PP01,30000301,1020,02.03.2023,05.03.2023,77600.0,76720.0,KG,TECO
1002115,PP01,30000302,1020,02.03.2023,04.03.2023,67500.0,69410.0,KG,TECO
1002733,PP01,30000404,1020,03.03.2023,06.03.2023,39500.0,38460.0,KG,TECO
1000675,PP01,30000202,1010,03.03.2023,07.03.2023,53800.0,52940.0,KG,TECO
1001723,PP01,30000104,1010,03.03.2023,06.03.2023,58900.0,58640.0,KG,TECO
1000414,PP01,30000201,1010,06.03.2023,11.03.2023,169100.0,166240.0,KG,TECO
1000086,PP01,20000101,1010,07.03.2023,11.03.2023,277800.0,278750.0,KG,TECO
1000950,PP01,30000204,1010,08.03.2023,12.03.2023,72700.0,71980.0,KG,TECO
1001558,PP01,30000103,1010,08.03.2023,12.03.2023,95700.0,96990.0,KG,TECO
1002116,PP01,30000302,1020,08.03.2023,10.03.2023,67500.0,68520.0,KG,TECO
1001172,PP01,30000101,1010,10.03.2023,15.03.2023,176400.0,171950.0,KG,TECO
1000676,PP01,30000202,1010,10.03.2023,15.03.2023,53800.0,53270.0,KG,TECO
1001908,PP01,30000301,1020,10.03.2023,12.03.2023,77600.0,77790.0,KG,TECO
1000415,PP01,30000201,1010,10.03.2023,14.03.2023,169100.0,165180.0,KG,TECO
1000087,PP01,20000101,1010,11.03.2023,13.03.2023,277800.0,271320.0,KG,TECO
1002734,PP01,30000404,1020,15.03.2023,17.03.2023,39500.0,39600.0,KG,TECO
1000416,PP01,30000201,1010,15.03.2023,19.03.2023,169100.0,170120.0,KG,TECO
1000951,PP01,30000204,1010,15.03.2023,19.03.2023,72700.0,72000.0,KG,TECO
1001352,PP01,30000102,1010,16.03.2023,18.03.2023,97200.0,94830.0,KG,TECO
1000088,PP01,20000101,1010,16.03.2023,18.03.2023,277800.0,276050.0,KG,TECO
1002844,PP01,30000405,1020,16.03.2023,18.03.2023,25200.0,25150.0,KG,TECO
1001909,PP01,30000301,1020,16.03.2023,18.03.2023,77600.0,77670.0,KG,TECO
1002598,PP01,30000403,1020,16.03.2023,20.03.2023,98400.0,95620.0,KG,TECO
1002117,PP01,30000302,1020,17.03.2023,20.03.2023,67500.0,65400.0,KG,TECO
1000810,PP01,30000203,1010,17.03.2023,21.03.2023,98400.0,97800.0,KG,TECO
1000677,PP01,30000202,1010,17.03.2023,21.03.2023,53800.0,51080.0,KG,TECO
1001559,PP01,30000103,1010,17.03.2023,20.03.2023,95700.0,92030.0,KG,TECO
1002442,PP01,30000402,1020,17.03.2023,19.03.2023,75600.0,76990.0,KG,TECO
1001173,PP01,30000101,1010,17.03.2023,21.03.2023,176400.0,176330.0,KG,TECO
1001724,PP01,30000104,1010,17.03.2023,20.03.2023,58900.0,58750.0,KG,TECO
1002294,PP01,30000401,1020,17.03.2023,21.03.2023,29700.0,29830.0,KG,TECO
1000089,PP01,20000101,1010,20.03.2023,24.03.2023,277800.0,273710.0,KG,TECO
1000417,PP01,30000201,1010,21.03.2023,24.03.2023,169100.0,162530.0,KG,TECO
1002118,PP01,30000302,1020,22.03.2023,27.03.2023,67500.0,66940.0,KG,TECO
1001560,PP01,30000103,1010,23.03.2023,28.03.2023,95700.0,95940.0,KG,TECO
1001910,PP01,30000301,1020,24.03.2023,27.03.2023,77600.0,76380.0,KG,TECO
1000952,PP01,30000204,1010,24.03.2023,27.03.2023,72700.0,71570.0,KG,TECO
1000678,PP01,30000202,1010,24.03.2023,29.03.2023,53800.0,54160.0,KG,TECO
1001174,PP01,30000101,1010,24.03.2023,28.03.2023,176400.0,176090.0,KG,TECO
1000418,PP01,30000201,1010,26.03.2023,28.03.2023,169100.0,170340.0,KG,TECO
1000090,PP01,20000101,1010,26.03.2023,30.03.2023,277800.0,281790.0,KG,TECO
1002119,PP01,30000302,1020,01.04.2023,06.04.2023,87200.0,87550.0,KG,TECO
1002599,PP01,30000403,1020,01.04.2023,06.04.2023,72700.0,71820.0,KG,TECO
1002443,PP01,30000402,1020,01.04.2023,03.04.2023,93300.0,93060.0,KG,TECO
1000953,PP01,30000204,1010,01.04.2023,05.04.2023,59200.0,58370.0,KG,TECO
1000811,PP01,30000203,1010,01.04.2023,04.04.2023,35700.0,35740.0,KG,TECO
1000419,PP01,30000201,1010,01.04.2023,06.04.2023,167400.0,163930.0,KG,TECO
1001561,PP01,30000103,1010,01.04.2023,03.04.2023,78500.0,75690.0,KG,TECO
1002845,PP01,30000405,1020,02.04.2023,06.04.2023,57600.0,56190.0,KG,TECO
1002735,PP01,30000404,1020,02.04.2023,06.04.2023,25400.0,25100.0,KG,TECO
1000091,PP01,20000101,1010,02.04.2023,05.04.2023,264000.0,260100.0,KG,TECO
1001353,PP01,30000102,1010,02.04.2023,04.04.2023,77600.0,76900.0,KG,TECO
1001911,PP01,30000301,1020,03.04.2023,07.04.2023,68700.0,68760.0,KG,TECO
1001725,PP01,30000104,1010,03.04.2023,07.04.2023,92600.0,90120.0,KG,TECO
1002295,PP01,30000401,1020,03.04.2023,06.04.2023,64700.0,65240.0,KG,TECO
1001175,PP01,30000101,1010,03.04.2023,06.04.2023,115600.0,115750.0,KG,TECO
1000679,PP01,30000202,1010,03.04.2023,07.04.2023,50100.0,50270.0,KG,TECO
1000420,PP01,30000201,1010,05.04.2023,07.04.2023,167400.0,168630.0,KG,TECO
1000092,PP01,20000101,1010,05.04.2023,07.04.2023,264000.0,257690.0,KG,TECO
1000680,PP01,30000202,1010,08.04.2023,12.04.2023,50100.0,50020.0,KG,TECO
1001912,PP01,30000301,1020,08.04.2023,11.04.2023,68700.0,68880.0,KG,TECO
1000954,PP01,30000204,1010,08.04.2023,12.04.2023,59200.0,57700.0,KG,TECO
1001176,PP01,30000101,1010,09.04.2023,13.04.2023,115600.0,113560.0,KG,TECO
1002120,PP01,30000302,1020,10.04.2023,13.04.2023,87200.0,88430.0,KG,TECO
1001562,PP01,30000103,1010,10.04.2023,14.04.2023,78500.0,77300.0,KG,TECO
1000421,PP01,30000201,1010,10.04.2023,14.04.2023,167400.0,169960.0,KG,TECO
1000093,PP01,20000101,1010,11.04.2023,13.04.2023,264000.0,262610.0,KG,TECO
1001726,PP01,30000104,1010,15.04.2023,20.04.2023,92600.0,91060.0,KG,TECO
1000422,PP01,30000201,1010,15.04.2023,17.04.2023,167400.0,162500.0,KG,TECO
1002296,PP01,30000401,1020,15.04.2023,17.04.2023,64700.0,64330.0,KG,TECO
1002736,PP01,30000404,1020,16.04.2023,19.04.2023,25400.0,25220.0,KG,TECO
1001563,PP01,30000103,1010,16.04.2023,21.04.2023,78500.0,77860.0,KG,TECO
1002444,PP01,30000402,1020,16.04.2023,19.04.2023,93300.0,92080.0,KG,TECO
1002121,PP01,30000302,1020,16.04.2023,18.04.2023,87200.0,86930.0,KG,TECO
1000094,PP01,20000101,1010,16.04.2023,20.04.2023,264000.0,262680.0,KG,TECO
1000681,PP01,30000202,1010,16.04.2023,19.04.2023,50100.0,49280.0,KG,TECO
1000955,PP01,30000204,1010,16.04.2023,21.04.2023,59200.0,58820.0,KG,TECO
1001354,PP01,30000102,1010,16.04.2023,18.04.2023,77600.0,77790.0,KG,TECO
1000812,PP01,30000203,1010,17.04.2023,22.04.2023,35700.0,35250.0,KG,TECO
1002846,PP01,30000405,1020,17.04.2023,20.04.2023,57600.0,56240.0,KG,TECO
1001177,PP01,30000101,1010,17.04.2023,22.04.2023,115600.0,115750.0,KG,TECO
1001913,PP01,30000301,1020,17.04.2023,19.04.2023,68700.0,68800.0,KG,TECO
1002600,PP01,30000403,1020,17.04.2023,22.04.2023,72700.0,74020.0,KG,TECO
1000423,PP01,30000201,1010,20.04.2023,25.04.2023,167400.0,166350.0,KG,TECO
1000095,PP01,20000101,1010,21.04.2023,26.04.2023,264000.0,260240.0,KG,TECO
1001914,PP01,30000301,1020,22.04.2023,24.04.2023,68700.0,68950.0,KG,TECO
1002122,PP01,30000302,1020,22.04.2023,24.04.2023,87200.0,85560.0,KG,TECO
1000682,PP01,30000202,1010,23.04.2023,25.04.2023,50100.0,50530.0,KG,TECO
1001178,PP01,30000101,1010,24.04.2023,29.04.2023,115600.0,114030.0,KG,TECO
1000956,PP01,30000204,1010,24.04.2023,27.04.2023,59200.0,56940.0,KG,TECO
1001564,PP01,30000103,1010,24.04.2023,28.04.2023,78500.0,79170.0,KG,TECO
1000424,PP01,30000201,1010,25.04.2023,30.04.2023,167400.0,166550.0,KG,TECO
1000096,PP01,20000101,1010,25.04.2023,27.04.2023,264000.0,258500.0,KG,TECO
1000683,PP01,30000202,1010,01.05.2023,06.05.2023,84500.0,84450.0,KG,TECO
1001565,PP01,30000103,1010,01.05.2023,06.05.2023,62600.0,62330.0,KG,TECO
1000425,PP01,30000201,1010,01.05.2023,04.05.2023,170700.0,170990.0,KG,TECO
1002123,PP01,30000302,1020,01.05.2023,03.05.2023,75000.0,74740.0,KG,TECO
1001915,PP01,30000301,1020,01.05.2023,03.05.2023,69000.0,67160.0,KG,TECO
1000097,PP01,20000101,1010,01.05.2023,04.05.2023,257300.0,261030.0,KG,TECO
1001355,PP01,30000102,1010,01.05.2023,05.05.2023,95900.0,92710.0,KG,TECO
1000813,PP01,30000203,1010,02.05.2023,04.05.2023,93800.0,92610.0,KG,TECO
1001179,PP01,30000101,1010,02.05.2023,04.05.2023,112400.0,110790.0,KG,TECO
1001727,PP01,30000104,1010,02.05.2023,06.05.2023,68300.0,67240.0,KG,TECO
1002445,PP01,30000402,1020,02.05.2023,07.05.2023,84900.0,83710.0,KG,TECO
1002847,PP01,30000405,1020,02.05.2023,07.05.2023,43700.0,43580.0,KG,TECO
1002601,PP01,30000403,1020,02.05.2023,07.05.2023,62500.0,60970.0,KG,TECO
1002297,PP01,30000401,1020,03.05.2023,05.05.2023,47200.0,46950.0,KG,TECO
1000957,PP01,30000204,1010,03.05.2023,05.05.2023,51700.0,51340.0,KG,TECO
1000426,PP01,30000201,1010,05.05.2023,08.05.2023,170700.0,169140.0,KG,TECO
1000098,PP01,20000101,1010,05.05.2023,09.05.2023,257300.0,255220.0,KG,TECO
1001916,PP01,30000301,1020,08.05.2023,10.05.2023,69000.0,68670.0,KG,TECO
1001356,PP01,30000102,1010,08.05.2023,11.05.2023,95900.0,93150.0,KG,TECO
1001728,PP01,30000104,1010,08.05.2023,13.05.2023,68300.0,66640.0,KG,TECO
1001566,PP01,30000103,1010,09.05.2023,12.05.2023,62600.0,61970.0,KG,TECO
1000958,PP01,30000204,1010,09.05.2023,11.05.2023,51700.0,51190.0,KG,TECO
1002602,PP01,30000403,1020,09.05.2023,13.05.2023,62500.0,60660.0,KG,TECO
1001180,PP01,30000101,1010,10.05.2023,12.05.2023,112400.0,112350.0,KG,TECO
1000099,PP01,20000101,1010,10.05.2023,14.05.2023,257300.0,253750.0,KG,TECO
1002124,PP01,30000302,1020,10.05.2023,13.05.2023,75000.0,73610.0,KG,TECO
1000427,PP01,30000201,1010,11.05.2023,16.05.2023,170700.0,169850.0,KG,TECO
1002298,PP01,30000401,1020,15.05.2023,17.05.2023,47200.0,46440.0,KG,TECO
1001357,PP01,30000102,1010,15.05.2023,19.05.2023,95900.0,94390.0,KG,TECO
1002603,PP01,30000403,1020,15.05.2023,18.05.2023,62500.0,63060.0,KG,TECO
1000100,PP01,20000101,1010,15.05.2023,17.05.2023,257300.0,252770.0,KG,TECO
1002848,PP01,30000405,1020,15.05.2023,19.05.2023,43700.0,43520.0,KG,TECO
1002125,PP01,30000302,1020,16.05.2023,21.05.2023,75000.0,73290.0,KG,TECO
1000959,PP01,30000204,1010,16.05.2023,19.05.2023,51700.0,50620.0,KG,TECO
1001729,PP01,30000104,1010,16.05.2023,21.05.2023,68300.0,67950.0,KG,TECO
1002446,PP01,30000402,1020,17.05.2023,21.05.2023,84900.0,84200.0,KG,TECO
1001917,PP01,30000301,1020,17.05.2023,21.05.2023,69000.0,68790.0,KG,TECO
1001181,PP01,30000101,1010,17.05.2023,20.05.2023,112400.0,114290.0,KG,TECO
1001567,PP01,30000103,1010,17.05.2023,19.05.2023,62600.0,62090.0,KG,TECO
1000814,PP01,30000203,1010,17.05.2023,19.05.2023,93800.0,90760.0,KG,TECO
1000428,PP01,30000201,1010,17.05.2023,19.05.2023,170700.0,170960.0,KG,TECO
1000684,PP01,30000202,1010,17.05.2023,22.05.2023,84500.0,83310.0,KG,TECO
1000101,PP01,20000101,1010,19.05.2023,22.05.2023,257300.0,263850.0,KG,TECO
1000429,PP01,30000201,1010,20.05.2023,24.05.2023,170700.0,167590.0,KG,TECO
1001918,PP01,30000301,1020,22.05.2023,24.05.2023,69000.0,67420.0,KG,TECO
1001182,PP01,30000101,1010,22.05.2023,27.05.2023,112400.0,112030.0,KG,TECO
1000960,PP01,30000204,1010,22.05.2023,27.05.2023,51700.0,50310.0,KG,TECO
1001568,PP01,30000103,1010,23.05.2023,28.05.2023,62600.0,62730.0,KG,TECO
1002604,PP01,30000403,1020,23.05.2023,28.05.2023,62500.0,62950.0,KG,TECO
1001730,PP01,30000104,1010,24.05.2023,29.05.2023,68300.0,68120.0,KG,TECO
1002126,PP01,30000302,1020,24.05.2023,26.05.2023,75000.0,75350.0,KG,TECO
1001358,PP01,30000102,1010,24.05.2023,26.05.2023,95900.0,95690.0,KG,TECO
1000430,PP01,30000201,1010,24.05.2023,26.05.2023,170700.0,168700.0,KG,TECO
1000102,PP01,20000101,1010,24.05.2023,26.05.2023,257300.0,256960.0,KG,TECO
1000815,PP01,30000203,1010,01.06.2023,06.06.2023,51300.0,51030.0,KG,TECO
1000103,PP01,20000101,1010,01.06.2023,03.06.2023,299600.0,296230.0,KG,TECO
1001569,PP01,30000103,1010,01.06.2023,03.06.2023,98300.0,96720.0,KG,TECO
1001359,PP01,30000102,1010,01.06.2023,06.06.2023,58800.0,57840.0,KG,TECO
1000685,PP01,30000202,1010,01.06.2023,05.06.2023,69800.0,69450.0,KG,TECO
1000431,PP01,30000201,1010,01.06.2023,04.06.2023,167500.0,162000.0,KG,TECO
1002849,PP01,30000405,1020,02.06.2023,07.06.2023,77400.0,76770.0,KG,TECO
1002127,PP01,30000302,1020,02.06.2023,06.06.2023,64400.0,61940.0,KG,TECO
1001731,PP01,30000104,1010,02.06.2023,06.06.2023,66900.0,65950.0,KG,TECO
1000961,PP01,30000204,1010,02.06.2023,04.06.2023,91200.0,90590.0,KG,TECO
1001183,PP01,30000101,1010,02.06.2023,06.06.2023,156900.0,155640.0,KG,TECO
1002447,PP01,30000402,1020,03.06.2023,06.06.2023,82700.0,81550.0,KG,TECO
1002737,PP01,30000404,1020,03.06.2023,08.06.2023,4600.0,4560.0,KG,TECO
1002299,PP01,30000401,1020,03.06.2023,06.06.2023,60800.0,59410.0,KG,TECO
1001919,PP01,30000301,1020,03.06.2023,06.06.2023,74400.0,72690.0,KG,TECO
1002605,PP01,30000403,1020,03.06.2023,07.06.2023,61600.0,62140.0,KG,TECO
1000104,PP01,20000101,1010,06.06.2023,11.06.2023,299600.0,297490.0,KG,TECO
1000432,PP01,30000201,1010,07.06.2023,10.06.2023,167500.0,164840.0,KG,TECO
1000962,PP01,30000204,1010,08.06.2023,11.06.2023,91200.0,88580.0,KG,TECO
1000686,PP01,30000202,1010,08.06.2023,11.06.2023,69800.0,68970.0,KG,TECO
1002606,PP01,30000403,1020,08.06.2023,12.06.2023,61600.0,60400.0,KG,TECO
1002300,PP01,30000401,1020,09.06.2023,11.06.2023,60800.0,60000.0,KG,TECO
1001732,PP01,30000104,1010,09.06.2023,12.06.2023,66900.0,66600.0,KG,TECO
1000433,PP01,30000201,1010,10.06.2023,14.06.2023,167500.0,168600.0,KG,TECO
1001920,PP01,30000301,1020,10.06.2023,12.06.2023,74400.0,74580.0,KG,TECO
1002128,PP01,30000302,1020,10.06.2023,14.06.2023,64400.0,66430.0,KG,TECO
1001360,PP01,30000102,1010,10.06.2023,13.06.2023,58800.0,59870.0,KG,TECO
1001184,PP01,30000101,1010,10.06.2023,14.06.2023,156900.0,153690.0,KG,TECO
1000105,PP01,20000101,1010,12.06.2023,15.06.2023,299600.0,297260.0,KG,TECO
1002448,PP01,30000402,1020,15.06.2023,18.06.2023,82700.0,83720.0,KG,TECO
1000963,PP01,30000204,1010,15.06.2023,17.06.2023,91200.0,91420.0,KG,TECO
1001733,PP01,30000104,1010,15.06.2023,17.06.2023,66900.0,67020.0,KG,TECO
1002850,PP01,30000405,1020,15.06.2023,19.06.2023,77400.0,75980.0,KG,TECO
1001570,PP01,30000103,1010,15.06.2023,18.06.2023,98300.0,98250.0,KG,TECO
1001921,PP01,30000301,1020,16.06.2023,21.06.2023,74400.0,73820.0,KG,TECO
1000816,PP01,30000203,1010,16.06.2023,18.06.2023,51300.0,50470.0,KG,TECO
1002301,PP01,30000401,1020,16.06.2023,19.06.2023,60800.0,61860.0,KG,TECO
1002129,PP01,30000302,1020,16.06.2023,19.06.2023,64400.0,63810.0,KG,TECO
1002607,PP01,30000403,1020,16.06.2023,19.06.2023,61600.0,61740.0,KG,TECO
1000106,PP01,20000101,1010,16.06.2023,19.06.2023,299600.0,294310.0,KG,TECO
1002738,PP01,30000404,1020,17.06.2023,20.06.2023,4600.0,4470.0,KG,TECO
1000687,PP01,30000202,1010,17.06.2023,20.06.2023,69800.0,69070.0,KG,TECO
1001185,PP01,30000101,1010,17.06.2023,20.06.2023,156900.0,159410.0,KG,TECO
1001361,PP01,30000102,1010,17.06.2023,19.06.2023,58800.0,58790.0,KG,TECO
1000434,PP01,30000201,1010,17.06.2023,21.06.2023,167500.0,162640.0,KG,TECO
1000107,PP01,20000101,1010,21.06.2023,26.06.2023,299600.0,294470.0,KG,TECO
1000435,PP01,30000201,1010,21.06.2023,26.06.2023,167500.0,164760.0,KG,TECO
1001922,PP01,30000301,1020,22.06.2023,27.06.2023,74400.0,73460.0,KG,TECO
1002302,PP01,30000401,1020,22.06.2023,25.06.2023,60800.0,58520.0,KG,TECO
1001734,PP01,30000104,1010,22.06.2023,26.06.2023,66900.0,66520.0,KG,TECO
1001186,PP01,30000101,1010,23.06.2023,27.06.2023,156900.0,153960.0,KG,TECO
1002130,PP01,30000302,1020,23.06.2023,26.06.2023,64400.0,63660.0,KG,TECO
1002608,PP01,30000403,1020,23.06.2023,26.06.2023,61600.0,61120.0,KG,TECO
1000688,PP01,30000202,1010,23.06.2023,27.06.2023,69800.0,71870.0,KG,TECO
1001362,PP01,30000102,1010,23.06.2023,28.06.2023,58800.0,59370.0,KG,TECO
1000436,PP01,30000201,1010,24.06.2023,26.06.2023,167500.0,165890.0,KG,TECO
1000964,PP01,30000204,1010,24.06.2023,26.06.2023,91200.0,92110.0,KG,TECO
1000108,PP01,20000101,1010,25.06.2023,30.06.2023,299600.0,299440.0,KG,TECO
1000689,PP01,30000202,1010,01.07.2023,03.07.2023,68300.0,66670.0,KG,TECO
1001735,PP01,30000104,1010,01.07.2023,06.07.2023,60700.0,59360.0,KG,TECO
1002739,PP01,30000404,1020,01.07.2023,05.07.2023,25900.0,25450.0,KG,TECO
1002303,PP01,30000401,1020,01.07.2023,03.07.2023,59000.0,58320.0,KG,TECO
1001187,PP01,30000101,1010,01.07.2023,04.07.2023,169400.0,167010.0,KG,TECO
1001363,PP01,30000102,1010,01.07.2023,06.07.2023,68300.0,69100.0,KG,TECO
1000109,PP01,20000101,1010,01.07.2023,06.07.2023,276900.0,276480.0,KG,TECO
1002851,PP01,30000405,1020,01.07.2023,03.07.2023,90300.0,89930.0,KG,TECO
1000817,PP01,30000203,1010,01.07.2023,06.07.2023,62400.0,60930.0,KG,TECO
1000437,PP01,30000201,1010,02.07.2023,04.07.2023,245900.0,238920.0,KG,TECO
1000965,PP01,30000204,1010,02.07.2023,07.07.2023,98400.0,95720.0,KG,TECO
1002131,PP01,30000302,1020,02.07.2023,05.07.2023,68700.0,67430.0,KG,TECO
1001571,PP01,30000103,1010,02.07.2023,05.07.2023,69900.0,69970.0,KG,TECO
1001923,PP01,30000301,1020,03.07.2023,08.07.2023,68800.0,66990.0,KG,TECO
1002449,PP01,30000402,1020,03.07.2023,05.07.2023,88000.0,85650.0,KG,TECO
1002609,PP01,30000403,1020,03.07.2023,08.07.2023,53100.0,51940.0,KG,TECO
1000110,PP01,20000101,1010,06.07.2023,09.07.2023,276900.0,280300.0,KG,TECO
1001364,PP01,30000102,1010,08.07.2023,10.07.2023,68300.0,67580.0,KG,TECO
1002610,PP01,30000403,1020,08.07.2023,12.07.2023,53100.0,53080.0,KG,TECO
1000966,PP01,30000204,1010,09.07.2023,13.07.2023,98400.0,95930.0,KG,TECO
1002132,PP01,30000302,1020,09.07.2023,14.07.2023,68700.0,68140.0,KG,TECO
1001188,PP01,30000101,1010,10.07.2023,15.07.2023,169400.0,163990.0,KG,TECO
1000438,PP01,30000201,1010,10.07.2023,15.07.2023,245900.0,243910.0,KG,TECO
1000111,PP01,20000101,1010,11.07.2023,13.07.2023,276900.0,272680.0,KG,TECO
1001572,PP01,30000103,1010,15.07.2023,19.07.2023,69900.0,69080.0,KG,TECO
1002611,PP01,30000403,1020,15.07.2023,17.07.2023,53100.0,52750.0,KG,TECO
1002304,PP01,30000401,1020,15.07.2023,17.07.2023,59000.0,58600.0,KG,TECO
1002450,PP01,30000402,1020,15.07.2023,20.07.2023,88000.0,85910.0,KG,TECO
1002133,PP01,30000302,1020,15.07.2023,18.07.2023,68700.0,68790.0,KG,TECO
1001189,PP01,30000101,1010,16.07.2023,19.07.2023,169400.0,163340.0,KG,TECO
1001924,PP01,30000301,1020,16.07.2023,21.07.2023,68800.0,67080.0,KG,TECO
1002852,PP01,30000405,1020,16.07.2023,18.07.2023,90300.0,90720.0,KG,TECO
1000690,PP01,30000202,1010,16.07.2023,18.07.2023,68300.0,68010.0,KG,TECO
1001365,PP01,30000102,1010,16.07.2023,21.07.2023,68300.0,67970.0,KG,TECO
1001736,PP01,30000104,1010,16.07.2023,21.07.2023,60700.0,61290.0,KG,TECO
1002740,PP01,30000404,1020,17.07.2023,21.07.2023,25900.0,25980.0,KG,TECO
1000818,PP01,30000203,1010,17.07.2023,19.07.2023,62400.0,61270.0,KG,TECO
1000439,PP01,30000201,1010,17.07.2023,21.07.2023,245900.0,233720.0,KG,TECO
1000967,PP01,30000204,1010,17.07.2023,21.07.2023,98400.0,97810.0,KG,TECO
1000112,PP01,20000101,1010,17.07.2023,21.07.2023,276900.0,266830.0,KG,TECO
1000113,PP01,20000101,1010,19.07.2023,22.07.2023,276900.0,275880.0,KG,TECO
1002134,PP01,30000302,1020,22.07.2023,25.07.2023,68700.0,67210.0,KG,TECO
1001366,PP01,30000102,1010,22.07.2023,26.07.2023,68300.0,68070.0,KG,TECO
1000440,PP01,30000201,1010,22.07.2023,26.07.2023,245900.0,246280.0,KG,TECO
1000968,PP01,30000204,1010,23.07.2023,25.07.2023,98400.0,97620.0,KG,TECO
1001190,PP01,30000101,1010,23.07.2023,28.07.2023,169400.0,167950.0,KG,TECO
1002612,PP01,30000403,1020,24.07.2023,28.07.2023,53100.0,51630.0,KG,TECO
1000114,PP01,20000101,1010,25.07.2023,28.07.2023,276900.0,271870.0,KG,TECO
1001925,PP01,30000301,1020,01.08.2023,06.08.2023,74400.0,74370.0,KG,TECO
1000115,PP01,20000101,1010,01.08.2023,05.08.2023,271300.0,266980.0,KG,TECO
1000819,PP01,30000203,1010,01.08.2023,06.08.2023,82400.0,80730.0,KG,TECO
1000691,PP01,30000202,1010,01.08.2023,04.08.2023,93600.0,91250.0,KG,TECO
1000969,PP01,30000204,1010,02.08.2023,04.08.2023,75300.0,72350.0,KG,TECO
1002135,PP01,30000302,1020,02.08.2023,07.08.2023,87000.0,85890.0,KG,TECO
1002305,PP01,30000401,1020,02.08.2023,07.08.2023,54200.0,51740.0,KG,TECO
1002741,PP01,30000404,1020,02.08.2023,05.08.2023,37700.0,36390.0,KG,TECO
1001737,PP01,30000104,1010,02.08.2023,04.08.2023,66500.0,65570.0,KG,TECO
1000441,PP01,30000201,1010,02.08.2023,05.08.2023,248700.0,245100.0,KG,TECO
1002451,PP01,30000402,1020,03.08.2023,05.08.2023,73000.0,72070.0,KG,TECO
1001573,PP01,30000103,1010,03.08.2023,05.08.2023,68900.0,67610.0,KG,TECO
1002613,PP01,30000403,1020,03.08.2023,06.08.2023,65000.0,64100.0,KG,TECO
1001191,PP01,30000101,1010,03.08.2023,07.08.2023,176300.0,173270.0,KG,TECO
1001367,PP01,30000102,1010,03.08.2023,07.08.2023,50600.0,49550.0,KG,TECO
1002853,PP01,30000405,1020,03.08.2023,05.08.2023,53200.0,52780.0,KG,TECO
1000116,PP01,20000101,1010,05.08.2023,10.08.2023,271300.0,265140.0,KG,TECO
1001192,PP01,30000101,1010,08.08.2023,10.08.2023,176300.0,178800.0,KG,TECO
1000970,PP01,30000204,1010,09.08.2023,11.08.2023,75300.0,73510.0,KG,TECO
1002136,PP01,30000302,1020,09.08.2023,12.08.2023,87000.0,85430.0,KG,TECO
1002614,PP01,30000403,1020,09.08.2023,13.08.2023,65000.0,64330.0,KG,TECO
1001926,PP01,30000301,1020,10.08.2023,13.08.2023,74400.0,73340.0,KG,TECO
1001368,PP01,30000102,1010,10.08.2023,14.08.2023,50600.0,49990.0,KG,TECO
1001574,PP01,30000103,1010,10.08.2023,14.08.2023,68900.0,70210.0,KG,TECO
1000442,PP01,30000201,1010,10.08.2023,13.08.2023,248700.0,245870.0,KG,TECO
1000117,PP01,20000101,1010,11.08.2023,13.08.2023,271300.0,273860.0,KG,TECO
1000820,PP01,30000203,1010,15.08.2023,19.08.2023,82400.0,80610.0,KG,TECO
1001369,PP01,30000102,1010,15.08.2023,17.08.2023,50600.0,50490.0,KG,TECO
1002615,PP01,30000403,1020,15.08.2023,19.08.2023,65000.0,63590.0,KG,TECO
1001738,PP01,30000104,1010,15.08.2023,19.08.2023,66500.0,68020.0,KG,TECO
1002452,PP01,30000402,1020,15.08.2023,19.08.2023,73000.0,72660.0,KG,TECO
1000971,PP01,30000204,1010,15.08.2023,17.08.2023,75300.0,75290.0,KG,TECO
1002742,PP01,30000404,1020,16.08.2023,19.08.2023,37700.0,37330.0,KG,TECO
1001193,PP01,30000101,1010,16.08.2023,18.08.2023,176300.0,179120.0,KG,TECO
1002854,PP01,30000405,1020,16.08.2023,19.08.2023,53200.0,51670.0,KG,TECO
1002137,PP01,30000302,1020,16.08.2023,20.08.2023,87000.0,83890.0,KG,TECO
1000443,PP01,30000201,1010,16.08.2023,19.08.2023,248700.0,242630.0,KG,TECO
1000118,PP01,20000101,1010,16.08.2023,19.08.2023,271300.0,266630.0,KG,TECO
1002306,PP01,30000401,1020,17.08.2023,22.08.2023,54200.0,54270.0,KG,TECO
1001927,PP01,30000301,1020,17.08.2023,22.08.2023,74400.0,74700.0,KG,TECO
1001575,PP01,30000103,1010,17.08.2023,21.08.2023,68900.0,68060.0,KG,TECO
1000692,PP01,30000202,1010,17.08.2023,20.08.2023,93600.0,91810.0,KG,TECO
1000119,PP01,20000101,1010,20.08.2023,22.08.2023,271300.0,262030.0,KG,TECO
1001370,PP01,30000102,1010,22.08.2023,27.08.2023,50600.0,49450.0,KG,TECO
1001576,PP01,30000103,1010,22.08.2023,24.08.2023,68900.0,66380.0,KG,TECO
1000444,PP01,30000201,1010,23.08.2023,28.08.2023,248700.0,250410.0,KG,TECO
1002616,PP01,30000403,1020,23.08.2023,27.08.2023,65000.0,64040.0,KG,TECO
1000972,PP01,30000204,1010,23.08.2023,28.08.2023,75300.0,73840.0,KG,TECO
1002138,PP01,30000302,1020,24.08.2023,26.08.2023,87000.0,84900.0,KG,TECO
1001194,PP01,30000101,1010,24.08.2023,29.08.2023,176300.0,176540.0,KG,TECO
1001928,PP01,30000301,1020,24.08.2023,27.08.2023,74400.0,73290.0,KG,TECO
1000120,PP01,20000101,1010,26.08.2023,31.08.2023,271300.0,271230.0,KG,TECO
1002307,PP01,30000401,1020,01.09.2023,03.09.2023,67600.0,66220.0,KG,TECO
1000973,PP01,30000204,1010,01.09.2023,04.09.2023,155300.0,153760.0,KG,TECO
1002855,PP01,30000405,1020,01.09.2023,05.09.2023,32500.0,31830.0,KG,TECO
1002453,PP01,30000402,1020,01.09.2023,06.09.2023,52900.0,52730.0,KG,TECO
1002617,PP01,30000403,1020,01.09.2023,06.09.2023,48400.0,47450.0,KG,TECO
1001195,PP01,30000101,1010,01.09.2023,05.09.2023,133300.0,133100.0,KG,TECO
1000121,PP01,20000101,1010,01.09.2023,04.09.2023,330600.0,320130.0,KG,TECO
1002743,PP01,30000404,1020,02.09.2023,04.09.2023,36300.0,35920.0,KG,TECO
1001371,PP01,30000102,1010,02.09.2023,04.09.2023,52500.0,51760.0,KG,TECO
1000693,PP01,30000202,1010,02.09.2023,07.09.2023,99700.0,96440.0,KG,TECO
1001929,PP01,30000301,1020,02.09.2023,06.09.2023,64800.0,65180.0,KG,TECO
1002139,PP01,30000302,1020,02.09.2023,06.09.2023,59100.0,59050.0,KG,TECO
1001577,PP01,30000103,1010,02.09.2023,05.09.2023,66000.0,66230.0,KG,TECO
1000821,PP01,30000203,1010,02.09.2023,04.09.2023,94400.0,93070.0,KG,TECO
1000445,PP01,30000201,1010,03.09.2023,06.09.2023,166900.0,162780.0,KG,TECO
1001739,PP01,30000104,1010,03.09.2023,05.09.2023,44900.0,45380.0,KG,TECO
1000446,PP01,30000201,1010,05.09.2023,07.09.2023,166900.0,165510.0,KG,TECO
1000122,PP01,20000101,1010,06.09.2023,09.09.2023,330600.0,327890.0,KG,TECO
1001196,PP01,30000101,1010,08.09.2023,11.09.2023,133300.0,132980.0,KG,TECO
1001930,PP01,30000301,1020,08.09.2023,10.09.2023,64800.0,64250.0,KG,TECO
1002308,PP01,30000401,1020,09.09.2023,14.09.2023,67600.0,68050.0,KG,TECO
1002454,PP01,30000402,1020,09.09.2023,14.09.2023,52900.0,50890.0,KG,TECO
1000974,PP01,30000204,1010,09.09.2023,11.09.2023,155300.0,155850.0,KG,TECO
1002140,PP01,30000302,1020,10.09.2023,13.09.2023,59100.0,57250.0,KG,TECO
1000447,PP01,30000201,1010,10.09.2023,15.09.2023,166900.0,162780.0,KG,TECO
1001372,PP01,30000102,1010,10.09.2023,13.09.2023,52500.0,53360.0,KG,TECO
1000123,PP01,20000101,1010,12.09.2023,15.09.2023,330600.0,332490.0,KG,TECO
1001578,PP01,30000103,1010,15.09.2023,19.09.2023,66000.0,67380.0,KG,TECO
1001931,PP01,30000301,1020,15.09.2023,19.09.2023,64800.0,64240.0,KG,TECO
1000124,PP01,20000101,1010,15.09.2023,18.09.2023,330600.0,329130.0,KG,TECO
1002856,PP01,30000405,1020,15.09.2023,17.09.2023,32500.0,32490.0,KG,TECO
1000975,PP01,30000204,1010,15.09.2023,19.09.2023,155300.0,159580.0,KG,TECO
1002618,PP01,30000403,1020,15.09.2023,18.09.2023,48400.0,48380.0,KG,TECO
1001197,PP01,30000101,1010,15.09.2023,17.09.2023,133300.0,132370.0,KG,TECO
1000694,PP01,30000202,1010,16.09.2023,21.09.2023,99700.0,97420.0,KG,TECO
1001740,PP01,30000104,1010,16.09.2023,21.09.2023,44900.0,44420.0,KG,TECO
1000448,PP01,30000201,1010,16.09.2023,21.09.2023,166900.0,165930.0,KG,TECO
1000822,PP01,30000203,1010,16.09.2023,21.09.2023,94400.0,94640.0,KG,TECO
1002455,PP01,30000402,1020,16.09.2023,19.09.2023,52900.0,50480.0,KG,TECO
1002141,PP01,30000302,1020,17.09.2023,21.09.2023,59100.0,58050.0,KG,TECO
1001373,PP01,30000102,1010,17.09.2023,21.09.2023,52500.0,51740.0,KG,TECO
1002309,PP01,30000401,1020,17.09.2023,19.09.2023,67600.0,67730.0,KG,TECO
1002744,PP01,30000404,1020,17.09.2023,20.09.2023,36300.0,36450.0,KG,TECO
1000449,PP01,30000201,1010,19.09.2023,21.09.2023,166900.0,165840.0,KG,TECO
1000125,PP01,20000101,1010,21.09.2023,26.09.2023,330600.0,338860.0,KG,TECO
1001198,PP01,30000101,1010,22.09.2023,24.09.2023,133300.0,128480.0,KG,TECO
1001932,PP01,30000301,1020,22.09.2023,26.09.2023,64800.0,64690.0,KG,TECO
1002310,PP01,30000401,1020,23.09.2023,27.09.2023,67600.0,66200.0,KG,TECO
1000976,PP01,30000204,1010,23.09.2023,25.09.2023,155300.0,156270.0,KG,TECO
1002142,PP01,30000302,1020,23.09.2023,27.09.2023,59100.0,59610.0,KG,TECO
1000450,PP01,30000201,1010,24.09.2023,28.09.2023,166900.0,163990.0,KG,TECO
1001374,PP01,30000102,1010,24.09.2023,28.09.2023,52500.0,50710.0,KG,TECO
1002456,PP01,30000402,1020,24.09.2023,27.09.2023,52900.0,54030.0,KG,TECO
1000126,PP01,20000101,1010,25.09.2023,27.09.2023,330600.0,328970.0,KG,TECO
1000695,PP01,30000202,1010,01.10.2023,03.10.2023,50400.0,49200.0,KG,TECO
1000823,PP01,30000203,1010,01.10.2023,06.10.2023,44000.0,43180.0,KG,TECO
1001741,PP01,30000104,1010,01.10.2023,04.10.2023,57100.0,58440.0,KG,TECO
1001579,PP01,30000103,1010,01.10.2023,06.10.2023,60200.0,59930.0,KG,TECO
1001199,PP01,30000101,1010,01.10.2023,04.10.2023,159700.0,161550.0,KG,TECO
1001933,PP01,30000301,1020,02.10.2023,05.10.2023,55800.0,55900.0,KG,TECO
1000127,PP01,20000101,1010,02.10.2023,04.10.2023,280000.0,289660.0,KG,TECO
1002619,PP01,30000403,1020,02.10.2023,06.10.2023,62900.0,62160.0,KG,TECO
1002457,PP01,30000402,1020,02.10.2023,04.10.2023,73100.0,73690.0,KG,TECO
1002311,PP01,30000401,1020,02.10.2023,06.10.2023,95100.0,93490.0,KG,TECO
1000451,PP01,30000201,1010,02.10.2023,06.10.2023,173900.0,175770.0,KG,TECO
1002745,PP01,30000404,1020,02.10.2023,07.10.2023,49300.0,47530.0,KG,TECO
1002143,PP01,30000302,1020,02.10.2023,06.10.2023,65300.0,65070.0,KG,TECO
1002857,PP01,30000405,1020,03.10.2023,06.10.2023,64200.0,64170.0,KG,TECO
1000977,PP01,30000204,1010,03.10.2023,06.10.2023,71300.0,70130.0,KG,TECO
1001375,PP01,30000102,1010,03.10.2023,05.10.2023,84300.0,84270.0,KG,TECO
1000452,PP01,30000201,1010,05.10.2023,09.10.2023,173900.0,171960.0,KG,TECO
1000128,PP01,20000101,1010,06.10.2023,08.10.2023,280000.0,276450.0,KG,TECO
1001742,PP01,30000104,1010,08.10.2023,11.10.2023,57100.0,56570.0,KG,TECO
1000978,PP01,30000204,1010,08.10.2023,12.10.2023,71300.0,70410.0,KG,TECO
1001376,PP01,30000102,1010,08.10.2023,13.10.2023,84300.0,82530.0,KG,TECO
1001200,PP01,30000101,1010,08.10.2023,10.10.2023,159700.0,161630.0,KG,TECO
1002144,PP01,30000302,1020,08.10.2023,10.10.2023,65300.0,65300.0,KG,TECO
1001934,PP01,30000301,1020,09.10.2023,13.10.2023,55800.0,55220.0,KG,TECO
1002458,PP01,30000402,1020,09.10.2023,12.10.2023,73100.0,71960.0,KG,TECO
1002620,PP01,30000403,1020,10.10.2023,13.10.2023,62900.0,61290.0,KG,TECO
1000696,PP01,30000202,1010,10.10.2023,12.10.2023,50400.0,49680.0,KG,TECO
1000453,PP01,30000201,1010,10.10.2023,13.10.2023,173900.0,174130.0,KG,TECO
1000129,PP01,20000101,1010,12.10.2023,15.10.2023,280000.0,282870.0,KG,TECO
1000979,PP01,30000204,1010,15.10.2023,18.10.2023,71300.0,70860.0,KG,TECO
1001743,PP01,30000104,1010,15.10.2023,17.10.2023,57100.0,56150.0,KG,TECO
1002459,PP01,30000402,1020,15.10.2023,17.10.2023,73100.0,72590.0,KG,TECO
1002312,PP01,30000401,1020,15.10.2023,18.10.2023,95100.0,95090.0,KG,TECO
1002858,PP01,30000405,1020,15.10.2023,17.10.2023,64200.0,63980.0,KG,TECO
1001201,PP01,30000101,1010,16.10.2023,19.10.2023,159700.0,157390.0,KG,TECO
1000697,PP01,30000202,1010,16.10.2023,19.10.2023,50400.0,50820.0,KG,TECO
1002746,PP01,30000404,1020,16.10.2023,19.10.2023,49300.0,48670.0,KG,TECO
1002145,PP01,30000302,1020,16.10.2023,21.10.2023,65300.0,63140.0,KG,TECO
1001377,PP01,30000102,1010,16.10.2023,21.10.2023,84300.0,82160.0,KG,TECO
1001580,PP01,30000103,1010,16.10.2023,21.10.2023,60200.0,58690.0,KG,TECO
1000130,PP01,20000101,1010,16.10.2023,21.10.2023,280000.0,281690.0,KG,TECO
1000454,PP01,30000201,1010,16.10.2023,21.10.2023,173900.0,174050.0,KG,TECO
1002621,PP01,30000403,1020,16.10.2023,18.10.2023,62900.0,62090.0,KG,TECO
1000824,PP01,30000203,1010,17.10.2023,22.10.2023,44000.0,42230.0,KG,TECO
1001935,PP01,30000301,1020,17.10.2023,22.10.2023,55800.0,54960.0,KG,TECO
1000131,PP01,20000101,1010,19.10.2023,22.10.2023,280000.0,280210.0,KG,TECO
1000455,PP01,30000201,1010,20.10.2023,24.10.2023,173900.0,168650.0,KG,TECO
1001378,PP01,30000102,1010,22.10.2023,25.10.2023,84300.0,84620.0,KG,TECO
1002622,PP01,30000403,1020,22.10.2023,26.10.2023,62900.0,61400.0,KG,TECO
1002146,PP01,30000302,1020,23.10.2023,25.10.2023,65300.0,63920.0,KG,TECO
1000698,PP01,30000202,1010,23.10.2023,27.10.2023,50400.0,50140.0,KG,TECO
1002460,PP01,30000402,1020,23.10.2023,27.10.2023,73100.0,73700.0,KG,TECO
1000980,PP01,30000204,1010,23.10.2023,28.10.2023,71300.0,71780.0,KG,TECO
1001936,PP01,30000301,1020,24.10.2023,28.10.2023,55800.0,54510.0,KG,TECO
1001202,PP01,30000101,1010,24.10.2023,28.10.2023,159700.0,158630.0,KG,TECO
1001744,PP01,30000104,1010,24.10.2023,27.10.2023,57100.0,58670.0,KG,TECO
1000132,PP01,20000101,1010,25.10.2023,29.10.2023,280000.0,279820.0,KG,TECO
1000456,PP01,30000201,1010,26.10.2023,30.10.2023,173900.0,170690.0,KG,TECO
1000981,PP01,30000204,1010,01.11.2023,04.11.2023,75400.0,75940.0,KG,TECO
1001581,PP01,30000103,1010,01.11.2023,05.11.2023,70300.0,69080.0,KG,TECO
1000133,PP01,20000101,1010,01.11.2023,06.11.2023,254200.0,251680.0,KG,TECO
1002313,PP01,30000401,1020,02.11.2023,07.11.2023,50100.0,49090.0,KG,TECO
1002623,PP01,30000403,1020,02.11.2023,07.11.2023,68600.0,68310.0,KG,TECO
1001937,PP01,30000301,1020,02.11.2023,06.11.2023,70500.0,69980.0,KG,TECO
1001379,PP01,30000102,1010,03.11.2023,06.11.2023,92900.0,91010.0,KG,TECO
1000457,PP01,30000201,1010,03.11.2023,06.11.2023,246300.0,248220.0,KG,TECO
1002147,PP01,30000302,1020,03.11.2023,05.11.2023,56700.0,56450.0,KG,TECO
1000825,PP01,30000203,1010,03.11.2023,08.11.2023,17600.0,17150.0,KG,TECO
1001745,PP01,30000104,1010,03.11.2023,06.11.2023,55300.0,55720.0,KG,TECO
1001203,PP01,30000101,1010,03.11.2023,07.11.2023,115300.0,115060.0,KG,TECO
1002859,PP01,30000405,1020,03.11.2023,06.11.2023,41700.0,42490.0,KG,TECO
1002461,PP01,30000402,1020,03.11.2023,05.11.2023,67000.0,66450.0,KG,TECO
1000699,PP01,30000202,1010,03.11.2023,06.11.2023,47600.0,46600.0,KG,TECO
1000134,PP01,20000101,1010,06.11.2023,11.11.2023,254200.0,249370.0,KG,TECO
1002148,PP01,30000302,1020,08.11.2023,13.11.2023,56700.0,56790.0,KG,TECO
1002314,PP01,30000401,1020,08.11.2023,12.11.2023,50100.0,49010.0,KG,TECO
1001746,PP01,30000104,1010,08.11.2023,11.11.2023,55300.0,54910.0,KG,TECO
1001938,PP01,30000301,1020,08.11.2023,13.11.2023,70500.0,69720.0,KG,TECO
1001204,PP01,30000101,1010,09.11.2023,12.11.2023,115300.0,114750.0,KG,TECO
1002462,PP01,30000402,1020,09.11.2023,12.11.2023,67000.0,67320.0,KG,TECO
1001582,PP01,30000103,1010,10.11.2023,13.11.2023,70300.0,70060.0,KG,TECO
1001380,PP01,30000102,1010,10.11.2023,14.11.2023,92900.0,91470.0,KG,TECO
1000458,PP01,30000201,1010,10.11.2023,13.11.2023,246300.0,243790.0,KG,TECO
1000982,PP01,30000204,1010,10.11.2023,13.11.2023,75400.0,76280.0,KG,TECO
1000135,PP01,20000101,1010,10.11.2023,14.11.2023,254200.0,248040.0,KG,TECO
1002315,PP01,30000401,1020,15.11.2023,18.11.2023,50100.0,49280.0,KG,TECO
1000136,PP01,20000101,1010,15.11.2023,18.11.2023,254200.0,258260.0,KG,TECO
1001381,PP01,30000102,1010,15.11.2023,20.11.2023,92900.0,90680.0,KG,TECO
1002463,PP01,30000402,1020,15.11.2023,20.11.2023,67000.0,64870.0,KG,TECO
1001583,PP01,30000103,1010,15.11.2023,20.11.2023,70300.0,68850.0,KG,TECO
1000700,PP01,30000202,1010,15.11.2023,19.11.2023,47600.0,48590.0,KG,TECO
1001939,PP01,30000301,1020,15.11.2023,18.11.2023,70500.0,69110.0,KG,TECO
1001205,PP01,30000101,1010,15.11.2023,19.11.2023,115300.0,115080.0,KG,TECO
1001747,PP01,30000104,1010,16.11.2023,21.11.2023,55300.0,54370.0,KG,TECO
1002149,PP01,30000302,1020,16.11.2023,19.11.2023,56700.0,54460.0,KG,TECO
1000459,PP01,30000201,1010,16.11.2023,19.11.2023,246300.0,248080.0,KG,TECO
1002624,PP01,30000403,1020,16.11.2023,18.11.2023,68600.0,68220.0,KG,TECO
1002860,PP01,30000405,1020,17.11.2023,20.11.2023,41700.0,42170.0,KG,TECO
1000983,PP01,30000204,1010,17.11.2023,20.11.2023,75400.0,74620.0,KG,TECO
1000826,PP01,30000203,1010,17.11.2023,22.11.2023,17600.0,17060.0,KG,TECO
1000137,PP01,20000101,1010,21.11.2023,26.11.2023,254200.0,242840.0,KG,TECO
1000984,PP01,30000204,1010,22.11.2023,24.11.2023,75400.0,74730.0,KG,TECO
1002150,PP01,30000302,1020,23.11.2023,26.11.2023,56700.0,56130.0,KG,TECO
1000460,PP01,30000201,1010,24.11.2023,26.11.2023,246300.0,247900.0,KG,TECO
1002464,PP01,30000402,1020,24.11.2023,26.11.2023,67000.0,64750.0,KG,TECO
1001584,PP01,30000103,1010,24.11.2023,28.11.2023,70300.0,71080.0,KG,TECO
1001940,PP01,30000301,1020,24.11.2023,29.11.2023,70500.0,70410.0,KG,TECO
1002316,PP01,30000401,1020,24.11.2023,28.11.2023,50100.0,49710.0,KG,TECO
1001206,PP01,30000101,1010,24.11.2023,26.11.2023,115300.0,114900.0,KG,TECO
1001382,PP01,30000102,1010,24.11.2023,26.11.2023,92900.0,91360.0,KG,TECO
1001748,PP01,30000104,1010,24.11.2023,28.11.2023,55300.0,55280.0,KG,TECO
1000138,PP01,20000101,1010,25.11.2023,30.11.2023,254200.0,249150.0,KG,TECO
1001207,PP01,30000101,1010,01.12.2023,05.12.2023,129500.0,127310.0,KG,TECO
1001585,PP01,30000103,1010,01.12.2023,04.12.2023,61900.0,61200.0,KG,TECO
1000139,PP01,20000101,1010,01.12.2023,04.12.2023,298200.0,298590.0,KG,TECO
1002151,PP01,30000302,1020,01.12.2023,05.12.2023,96200.0,92500.0,KG,TECO
1002747,PP01,30000404,1020,01.12.2023,04.12.2023,54200.0,54700.0,KG,TECO
1001383,PP01,30000102,1010,02.12.2023,04.12.2023,80900.0,78690.0,KG,TECO
1002465,PP01,30000402,1020,02.12.2023,04.12.2023,53500.0,53630.0,KG,TECO
1000827,PP01,30000203,1010,02.12.2023,07.12.2023,83300.0,84210.0,KG,TECO
1002317,PP01,30000401,1020,03.12.2023,05.12.2023,52000.0,51170.0,KG,TECO
1002861,PP01,30000405,1020,03.12.2023,07.12.2023,41400.0,41610.0,KG,TECO
1000985,PP01,30000204,1010,03.12.2023,07.12.2023,88100.0,87710.0,KG,TECO
1001749,PP01,30000104,1010,03.12.2023,07.12.2023,78600.0,78150.0,KG,TECO
1000701,PP01,30000202,1010,03.12.2023,06.12.2023,70500.0,69030.0,KG,TECO
1000461,PP01,30000201,1010,03.12.2023,06.12.2023,167800.0,162660.0,KG,TECO
1002625,PP01,30000403,1020,03.12.2023,06.12.2023,73200.0,72350.0,KG,TECO
1001941,PP01,30000301,1020,03.12.2023,07.12.2023,84800.0,83610.0,KG,TECO
1000140,PP01,20000101,1010,05.12.2023,10.12.2023,298200.0,296950.0,KG,TECO
1000462,PP01,30000201,1010,06.12.2023,10.12.2023,167800.0,164790.0,KG,TECO
1001208,PP01,30000101,1010,08.12.2023,12.12.2023,129500.0,127870.0,KG,TECO
1000702,PP01,30000202,1010,08.12.2023,11.12.2023,70500.0,69270.0,KG,TECO
1001384,PP01,30000102,1010,09.12.2023,11.12.2023,80900.0,80130.0,KG,TECO
1000986,PP01,30000204,1010,09.12.2023,11.12.2023,88100.0,86230.0,KG,TECO
1001750,PP01,30000104,1010,10.12.2023,15.12.2023,78600.0,76330.0,KG,TECO
1001586,PP01,30000103,1010,10.12.2023,13.12.2023,61900.0,61210.0,KG,TECO
1000141,PP01,20000101,1010,10.12.2023,15.12.2023,298200.0,296680.0,KG,TECO
1002466,PP01,30000402,1020,10.12.2023,13.12.2023,53500.0,53070.0,KG,TECO
1000463,PP01,30000201,1010,10.12.2023,14.12.2023,167800.0,167710.0,KG,TECO
1002318,PP01,30000401,1020,10.12.2023,13.12.2023,52000.0,50970.0,KG,TECO
1001942,PP01,30000301,1020,15.12.2023,20.12.2023,84800.0,83500.0,KG,TECO
1001385,PP01,30000102,1010,15.12.2023,19.12.2023,80900.0,81020.0,KG,TECO
1000703,PP01,30000202,1010,15.12.2023,19.12.2023,70500.0,66600.0,KG,TECO
1002152,PP01,30000302,1020,15.12.2023,20.12.2023,96200.0,95570.0,KG,TECO
1002862,PP01,30000405,1020,15.12.2023,17.12.2023,41400.0,40500.0,KG,TECO
1002467,PP01,30000402,1020,15.12.2023,17.12.2023,53500.0,54170.0,KG,TECO
1000142,PP01,20000101,1010,16.12.2023,18.12.2023,298200.0,293560.0,KG,TECO
1001587,PP01,30000103,1010,16.12.2023,21.12.2023,61900.0,60600.0,KG,TECO
1000464,PP01,30000201,1010,16.12.2023,20.12.2023,167800.0,168270.0,KG,TECO
1000828,PP01,30000203,1010,16.12.2023,19.12.2023,83300.0,82540.0,KG,TECO
1002626,PP01,30000403,1020,16.12.2023,19.12.2023,73200.0,74480.0,KG,TECO
1002748,PP01,30000404,1020,16.12.2023,21.12.2023,54200.0,54180.0,KG,TECO
1000987,PP01,30000204,1010,17.12.2023,19.12.2023,88100.0,88300.0,KG,TECO
1001751,PP01,30000104,1010,17.12.2023,22.12.2023,78600.0,77520.0,KG,TECO
1001209,PP01,30000101,1010,17.12.2023,19.12.2023,129500.0,126390.0,KG,TECO
1002319,PP01,30000401,1020,17.12.2023,21.12.2023,52000.0,51900.0,KG,TECO
1000465,PP01,30000201,1010,20.12.2023,25.12.2023,167800.0,164320.0,KG,TECO
1000143,PP01,20000101,1010,21.12.2023,25.12.2023,298200.0,302520.0,KG,TECO
1000704,PP01,30000202,1010,22.12.2023,26.12.2023,70500.0,69520.0,KG,TECO
1001386,PP01,30000102,1010,22.12.2023,27.12.2023,80900.0,80250.0,KG,TECO
1000988,PP01,30000204,1010,23.12.2023,25.12.2023,88100.0,86170.0,KG,TECO
1001588,PP01,30000103,1010,23.12.2023,27.12.2023,61900.0,60120.0,KG,TECO
1001752,PP01,30000104,1010,24.12.2023,26.12.2023,78600.0,79030.0,KG,TECO
1002320,PP01,30000401,1020,24.12.2023,29.12.2023,52000.0,52510.0,KG,TECO
1001210,PP01,30000101,1010,24.12.2023,28.12.2023,129500.0,132450.0,KG,TECO
1002468,PP01,30000402,1020,24.12.2023,29.12.2023,53500.0,53920.0,KG,TECO
1000466,PP01,30000201,1010,25.12.2023,29.12.2023,167800.0,165450.0,KG,TECO
1000144,PP01,20000101,1010,25.12.2023,28.12.2023,298200.0,292370.0,KG,TECO
1002627,PP01,30000403,1020,01.01.2024,03.01.2024,98100.0,98960.0,KG,TECO
1002749,PP01,30000404,1020,01.01.2024,05.01.2024,38100.0,39010.0,KG,TECO
1000145,PP01,20000101,1010,01.01.2024,04.01.2024,295500.0,292290.0,KG,TECO
1002153,PP01,30000302,1020,01.01.2024,06.01.2024,74200.0,75260.0,KG,TECO
1002863,PP01,30000405,1020,02.01.2024,06.01.2024,75600.0,73140.0,KG,TECO
1001589,PP01,30000103,1010,02.01.2024,07.01.2024,84200.0,83940.0,KG,TECO
1002469,PP01,30000402,1020,02.01.2024,07.01.2024,59300.0,58810.0,KG,TECO
1001387,PP01,30000102,1010,02.01.2024,05.01.2024,75500.0,74180.0,KG,TECO
1000989,PP01,30000204,1010,02.01.2024,06.01.2024,88900.0,87830.0,KG,TECO
1000705,PP01,30000202,1010,02.01.2024,05.01.2024,67300.0,66110.0,KG,TECO
1000829,PP01,30000203,1010,02.01.2024,04.01.2024,75100.0,73310.0,KG,TECO
1002321,PP01,30000401,1020,03.01.2024,05.01.2024,77000.0,76770.0,KG,TECO
1000467,PP01,30000201,1010,03.01.2024,08.01.2024,166700.0,166230.0,KG,TECO
1001753,PP01,30000104,1010,03.01.2024,08.01.2024,91100.0,88080.0,KG,TECO
1001943,PP01,30000301,1020,03.01.2024,06.01.2024,88800.0,88920.0,KG,TECO
1001211,PP01,30000101,1010,03.01.2024,06.01.2024,146300.0,142130.0,KG,TECO
1000468,PP01,30000201,1010,05.01.2024,10.01.2024,166700.0,163410.0,KG,TECO
1000146,PP01,20000101,1010,06.01.2024,11.01.2024,295500.0,298000.0,KG,TECO
1000706,PP01,30000202,1010,08.01.2024,13.01.2024,67300.0,66000.0,KG,TECO
1002470,PP01,30000402,1020,09.01.2024,14.01.2024,59300.0,59240.0,KG,TECO
1001388,PP01,30000102,1010,09.01.2024,12.01.2024,75500.0,73980.0,KG,TECO
1000990,PP01,30000204,1010,09.01.2024,14.01.2024,88900.0,86120.0,KG,TECO
1001212,PP01,30000101,1010,10.01.2024,15.01.2024,146300.0,142530.0,KG,TECO
1001944,PP01,30000301,1020,10.01.2024,12.01.2024,88800.0,87430.0,KG,TECO
1002154,PP01,30000302,1020,10.01.2024,14.01.2024,74200.0,73720.0,KG,TECO
1000469,PP01,30000201,1010,11.01.2024,15.01.2024,166700.0,171290.0,KG,TECO
1000147,PP01,20000101,1010,11.01.2024,14.01.2024,295500.0,299520.0,KG,TECO
1000470,PP01,30000201,1010,15.01.2024,18.01.2024,166700.0,168550.0,KG,TECO
1000707,PP01,30000202,1010,15.01.2024,20.01.2024,67300.0,66560.0,KG,TECO
1000991,PP01,30000204,1010,15.01.2024,19.01.2024,88900.0,87880.0,KG,TECO
1002750,PP01,30000404,1020,16.01.2024,21.01.2024,38100.0,36400.0,KG,TECO
1000148,PP01,20000101,1010,16.01.2024,20.01.2024,295500.0,295330.0,KG,TECO
1001389,PP01,30000102,1010,16.01.2024,18.01.2024,75500.0,78080.0,KG,TECO
1001590,PP01,30000103,1010,16.01.2024,21.01.2024,84200.0,84580.0,KG,TECO
1002155,PP01,30000302,1020,16.01.2024,19.01.2024,74200.0,74450.0,KG,TECO
1000830,PP01,30000203,1010,16.01.2024,20.01.2024,75100.0,75730.0,KG,TECO
1002471,PP01,30000402,1020,16.01.2024,19.01.2024,59300.0,58000.0,KG,TECO
1002864,PP01,30000405,1020,16.01.2024,19.01.2024,75600.0,74340.0,KG,TECO
1002628,PP01,30000403,1020,17.01.2024,21.01.2024,98100.0,97390.0,KG,TECO
1002322,PP01,30000401,1020,17.01.2024,22.01.2024,77000.0,76220.0,KG,TECO
1001945,PP01,30000301,1020,17.01.2024,19.01.2024,88800.0,88350.0,KG,TECO
1001754,PP01,30000104,1010,17.01.2024,21.01.2024,91100.0,90410.0,KG,TECO
1001213,PP01,30000101,1010,17.01.2024,21.01.2024,146300.0,144790.0,KG,TECO
1000149,PP01,20000101,1010,20.01.2024,22.01.2024,295500.0,298560.0,KG,TECO
1000471,PP01,30000201,1010,21.01.2024,26.01.2024,166700.0,168360.0,KG,TECO
1001214,PP01,30000101,1010,22.01.2024,26.01.2024,146300.0,143750.0,KG,TECO
1000708,PP01,30000202,1010,22.01.2024,25.01.2024,67300.0,66390.0,KG,TECO
1002156,PP01,30000302,1020,22.01.2024,24.01.2024,74200.0,73030.0,KG,TECO
1001390,PP01,30000102,1010,22.01.2024,25.01.2024,75500.0,75110.0,KG,TECO
1001946,PP01,30000301,1020,22.01.2024,27.01.2024,88800.0,89340.0,KG,TECO
1002472,PP01,30000402,1020,23.01.2024,28.01.2024,59300.0,59350.0,KG,TECO
1000992,PP01,30000204,1010,24.01.2024,29.01.2024,88900.0,87040.0,KG,TECO
1000472,PP01,30000201,1010,26.01.2024,28.01.2024,166700.0,167300.0,KG,TECO
1000150,PP01,20000101,1010,26.01.2024,29.01.2024,295500.0,292370.0,KG,TECO
1002473,PP01,30000402,1020,01.02.2024,04.02.2024,75300.0,76440.0,KG,TECO
1000709,PP01,30000202,1010,01.02.2024,03.02.2024,66900.0,67800.0,KG,TECO
1002323,PP01,30000401,1020,01.02.2024,04.02.2024,50500.0,50140.0,KG,TECO
1002751,PP01,30000404,1020,01.02.2024,05.02.2024,45800.0,45550.0,KG,TECO
1000473,PP01,30000201,1010,01.02.2024,05.02.2024,248800.0,244330.0,KG,TECO
1000151,PP01,20000101,1010,01.02.2024,03.02.2024,286100.0,279430.0,KG,TECO
1000831,PP01,30000203,1010,01.02.2024,04.02.2024,38200.0,38820.0,KG,TECO
1001947,PP01,30000301,1020,01.02.2024,04.02.2024,64500.0,64430.0,KG,TECO
1002629,PP01,30000403,1020,01.02.2024,06.02.2024,51000.0,50000.0,KG,TECO
1001391,PP01,30000102,1010,02.02.2024,04.02.2024,106600.0,106720.0,KG,TECO
1002157,PP01,30000302,1020,02.02.2024,07.02.2024,59200.0,58260.0,KG,TECO
1000993,PP01,30000204,1010,02.02.2024,06.02.2024,77200.0,75940.0,KG,TECO
1001755,PP01,30000104,1010,02.02.2024,05.02.2024,47400.0,47520.0,KG,TECO
1002865,PP01,30000405,1020,02.02.2024,05.02.2024,62300.0,62890.0,KG,TECO
1001591,PP01,30000103,1010,02.02.2024,07.02.2024,55000.0,55140.0,KG,TECO
1001215,PP01,30000101,1010,03.02.2024,07.02.2024,138300.0,133310.0,KG,TECO
1000152,PP01,20000101,1010,07.02.2024,12.02.2024,286100.0,279720.0,KG,TECO
1002324,PP01,30000401,1020,08.02.2024,10.02.2024,50500.0,49730.0,KG,TECO
1002630,PP01,30000403,1020,08.02.2024,13.02.2024,51000.0,50540.0,KG,TECO
1000710,PP01,30000202,1010,09.02.2024,13.02.2024,66900.0,67130.0,KG,TECO
1001592,PP01,30000103,1010,09.02.2024,14.02.2024,55000.0,53750.0,KG,TECO
1000994,PP01,30000204,1010,09.02.2024,13.02.2024,77200.0,75680.0,KG,TECO
1001216,PP01,30000101,1010,09.02.2024,12.02.2024,138300.0,135530.0,KG,TECO
1001392,PP01,30000102,1010,09.02.2024,11.02.2024,106600.0,104970.0,KG,TECO
1000474,PP01,30000201,1010,10.02.2024,14.02.2024,248800.0,246720.0,KG,TECO
1000153,PP01,20000101,1010,12.02.2024,17.02.2024,286100.0,287000.0,KG,TECO
1002631,PP01,30000403,1020,15.02.2024,19.02.2024,51000.0,51210.0,KG,TECO
1000832,PP01,30000203,1010,15.02.2024,20.02.2024,38200.0,39360.0,KG,TECO
1002474,PP01,30000402,1020,15.02.2024,20.02.2024,75300.0,75170.0,KG,TECO
1000154,PP01,20000101,1010,15.02.2024,20.02.2024,286100.0,283660.0,KG,TECO
1001393,PP01,30000102,1010,15.02.2024,20.02.2024,106600.0,104480.0,KG,TECO
1000475,PP01,30000201,1010,16.02.2024,21.02.2024,248800.0,246350.0,KG,TECO
1001217,PP01,30000101,1010,16.02.2024,18.02.2024,138300.0,141930.0,KG,TECO
1000711,PP01,30000202,1010,17.02.2024,19.02.2024,66900.0,67840.0,KG,TECO
1001593,PP01,30000103,1010,17.02.2024,21.02.2024,55000.0,54620.0,KG,TECO
1002752,PP01,30000404,1020,17.02.2024,21.02.2024,45800.0,43590.0,KG,TECO
1001756,PP01,30000104,1010,17.02.2024,22.02.2024,47400.0,47360.0,KG,TECO
1001948,PP01,30000301,1020,17.02.2024,22.02.2024,64500.0,63220.0,KG,TECO
1002325,PP01,30000401,1020,17.02.2024,22.02.2024,50500.0,51590.0,KG,TECO
1002866,PP01,30000405,1020,17.02.2024,20.02.2024,62300.0,61650.0,KG,TECO
1000995,PP01,30000204,1010,17.02.2024,19.02.2024,77200.0,78860.0,KG,TECO
1002158,PP01,30000302,1020,17.02.2024,22.02.2024,59200.0,59360.0,KG,TECO
1000155,PP01,20000101,1010,21.02.2024,23.02.2024,286100.0,285470.0,KG,TECO
1001594,PP01,30000103,1010,22.02.2024,26.02.2024,55000.0,54820.0,KG,TECO
1002632,PP01,30000403,1020,22.02.2024,27.02.2024,51000.0,50120.0,KG,TECO
1000996,PP01,30000204,1010,23.02.2024,28.02.2024,77200.0,76380.0,KG,TECO
1001218,PP01,30000101,1010,23.02.2024,26.02.2024,138300.0,136900.0,KG,TECO
1001394,PP01,30000102,1010,23.02.2024,28.02.2024,106600.0,106980.0,KG,TECO
1000476,PP01,30000201,1010,23.02.2024,26.02.2024,248800.0,244120.0,KG,TECO
1002326,PP01,30000401,1020,24.02.2024,26.02.2024,50500.0,50310.0,KG,TECO
1000156,PP01,20000101,1010,24.02.2024,27.02.2024,286100.0,285720.0,KG,TECO
1000712,PP01,30000202,1010,24.02.2024,27.02.2024,66900.0,64260.0,KG,TECO
1001395,PP01,30000102,1010,01.03.2024,06.03.2024,95800.0,96140.0,KG,TECO
1002159,PP01,30000302,1020,01.03.2024,06.03.2024,76600.0,75400.0,KG,TECO
1002867,PP01,30000405,1020,01.03.2024,05.03.2024,27900.0,27330.0,KG,TECO
1001757,PP01,30000104,1010,01.03.2024,04.03.2024,71000.0,70660.0,KG,TECO
1000157,PP01,20000101,1010,02.03.2024,07.03.2024,297000.0,293190.0,KG,TECO
1002475,PP01,30000402,1020,02.03.2024,07.03.2024,72400.0,70600.0,KG,TECO
1002327,PP01,30000401,1020,02.03.2024,05.03.2024,46100.0,44970.0,KG,TECO
1000997,PP01,30000204,1010,02.03.2024,04.03.2024,100900.0,99430.0,KG,TECO
1002753,PP01,30000404,1020,02.03.2024,07.03.2024,31600.0,32000.0,KG,TECO
1001219,PP01,30000101,1010,02.03.2024,06.03.2024,170700.0,168330.0,KG,TECO
1000833,PP01,30000203,1010,02.03.2024,06.03.2024,34000.0,33740.0,KG,TECO
1001595,PP01,30000103,1010,02.03.2024,07.03.2024,69800.0,66920.0,KG,TECO
1000713,PP01,30000202,1010,02.03.2024,05.03.2024,45000.0,43980.0,KG,TECO
1002633,PP01,30000403,1020,03.03.2024,05.03.2024,82200.0,81110.0,KG,TECO
1001949,PP01,30000301,1020,03.03.2024,07.03.2024,78300.0,75640.0,KG,TECO
1000477,PP01,30000201,1010,03.03.2024,05.03.2024,187000.0,181460.0,KG,TECO
1000478,PP01,30000201,1010,05.03.2024,07.03.2024,187000.0,185000.0,KG,TECO
1000158,PP01,20000101,1010,06.03.2024,08.03.2024,297000.0,298390.0,KG,TECO
1002160,PP01,30000302,1020,08.03.2024,11.03.2024,76600.0,75200.0,KG,TECO
1001596,PP01,30000103,1010,09.03.2024,14.03.2024,69800.0,68430.0,KG,TECO
1001396,PP01,30000102,1010,09.03.2024,13.03.2024,95800.0,95520.0,KG,TECO
1001220,PP01,30000101,1010,09.03.2024,14.03.2024,170700.0,167820.0,KG,TECO
1001950,PP01,30000301,1020,09.03.2024,13.03.2024,78300.0,79000.0,KG,TECO
1002476,PP01,30000402,1020,09.03.2024,11.03.2024,72400.0,72780.0,KG,TECO
1001758,PP01,30000104,1010,10.03.2024,13.03.2024,71000.0,70990.0,KG,TECO
1000998,PP01,30000204,1010,10.03.2024,14.03.2024,100900.0,99260.0,KG,TECO
1000159,PP01,20000101,1010,11.03.2024,14.03.2024,297000.0,289830.0,KG,TECO
1000479,PP01,30000201,1010,12.03.2024,16.03.2024,187000.0,187970.0,KG,TECO
1001597,PP01,30000103,1010,15.03.2024,17.03.2024,69800.0,67770.0,KG,TECO
1001759,PP01,30000104,1010,15.03.2024,20.03.2024,71000.0,70250.0,KG,TECO
1000999,PP01,30000204,1010,15.03.2024,18.03.2024,100900.0,101810.0,KG,TECO
1002634,PP01,30000403,1020,15.03.2024,19.03.2024,82200.0,80530.0,KG,TECO
1001397,PP01,30000102,1010,15.03.2024,19.03.2024,95800.0,92420.0,KG,TECO
1000160,PP01,20000101,1010,15.03.2024,17.03.2024,297000.0,298990.0,KG,TECO
1001221,PP01,30000101,1010,16.03.2024,19.03.2024,170700.0,168590.0,KG,TECO
1000714,PP01,30000202,1010,16.03.2024,21.03.2024,45000.0,44240.0,KG,TECO
1002161,PP01,30000302,1020,16.03.2024,21.03.2024,76600.0,75450.0,KG,TECO
1002328,PP01,30000401,1020,16.03.2024,18.03.2024,46100.0,45810.0,KG,TECO
1002754,PP01,30000404,1020,16.03.2024,19.03.2024,31600.0,30790.0,KG,TECO
1000834,PP01,30000203,1010,16.03.2024,21.03.2024,34000.0,33640.0,KG,TECO
1002477,PP01,30000402,1020,16.03.2024,19.03.2024,72400.0,72440.0,KG,TECO
1000480,PP01,30000201,1010,16.03.2024,21.03.2024,187000.0,179320.0,KG,TECO
1001951,PP01,30000301,1020,16.03.2024,18.03.2024,78300.0,78660.0,KG,TECO
1002868,PP01,30000405,1020,17.03.2024,20.03.2024,27900.0,27430.0,KG,TECO
1000161,PP01,20000101,1010,19.03.2024,24.03.2024,297000.0,294490.0,KG,TECO
1000481,PP01,30000201,1010,21.03.2024,23.03.2024,187000.0,186300.0,KG,TECO
1001598,PP01,30000103,1010,22.03.2024,27.03.2024,69800.0,66610.0,KG,TECO
1001952,PP01,30000301,1020,22.03.2024,24.03.2024,78300.0,77030.0,KG,TECO
1001000,PP01,30000204,1010,23.03.2024,27.03.2024,100900.0,100790.0,KG,TECO
1002478,PP01,30000402,1020,24.03.2024,28.03.2024,72400.0,69550.0,KG,TECO
1001398,PP01,30000102,1010,24.03.2024,29.03.2024,95800.0,93580.0,KG,TECO
1000162,PP01,20000101,1010,24.03.2024,27.03.2024,297000.0,296030.0,KG,TECO
1001760,PP01,30000104,1010,24.03.2024,27.03.2024,71000.0,68240.0,KG,TECO
1001222,PP01,30000101,1010,24.03.2024,27.03.2024,170700.0,169730.0,KG,TECO
1002162,PP01,30000302,1020,24.03.2024,27.03.2024,76600.0,75930.0,KG,TECO
1000482,PP01,30000201,1010,26.03.2024,31.03.2024,187000.0,183620.0,KG,TECO
1001761,PP01,30000104,1010,01.04.2024,04.04.2024,80600.0,79940.0,KG,TECO
1002755,PP01,30000404,1020,01.04.2024,03.04.2024,54900.0,54170.0,KG,TECO
1001223,PP01,30000101,1010,01.04.2024,04.04.2024,94500.0,93480.0,KG,TECO
1000715,PP01,30000202,1010,01.04.2024,06.04.2024,97200.0,100730.0,KG,TECO
1002163,PP01,30000302,1020,01.04.2024,05.04.2024,104200.0,102470.0,KG,TECO
1002635,PP01,30000403,1020,02.04.2024,05.04.2024,32300.0,32090.0,KG,TECO
1001399,PP01,30000102,1010,02.04.2024,06.04.2024,83800.0,83120.0,KG,TECO
1001001,PP01,30000204,1010,02.04.2024,05.04.2024,69500.0,69570.0,KG,TECO
1000835,PP01,30000203,1010,03.04.2024,07.04.2024,58100.0,57740.0,KG,TECO
1002869,PP01,30000405,1020,03.04.2024,05.04.2024,11300.0,11270.0,KG,TECO
1002479,PP01,30000402,1020,03.04.2024,06.04.2024,62000.0,62990.0,KG,TECO
1002329,PP01,30000401,1020,03.04.2024,08.04.2024,88400.0,86050.0,KG,TECO
1001599,PP01,30000103,1010,03.04.2024,05.04.2024,67900.0,67670.0,KG,TECO
1000163,PP01,20000101,1010,03.04.2024,08.04.2024,268400.0,272310.0,KG,TECO
1001953,PP01,30000301,1020,03.04.2024,05.04.2024,76200.0,74400.0,KG,TECO
1000483,PP01,30000201,1010,03.04.2024,08.04.2024,248700.0,245570.0,KG,TECO
1000164,PP01,20000101,1010,07.04.2024,10.04.2024,268400.0,260950.0,KG,TECO
1001002,PP01,30000204,1010,08.04.2024,13.04.2024,69500.0,68040.0,KG,TECO
1001600,PP01,30000103,1010,09.04.2024,14.04.2024,67900.0,66110.0,KG,TECO
1002164,PP01,30000302,1020,09.04.2024,12.04.2024,104200.0,102590.0,KG,TECO
1001762,PP01,30000104,1010,09.04.2024,13.04.2024,80600.0,80650.0,KG,TECO
1001224,PP01,30000101,1010,10.04.2024,12.04.2024,94500.0,93130.0,KG,TECO
1001400,PP01,30000102,1010,10.04.2024,12.04.2024,83800.0,84570.0,KG,TECO
1000484,PP01,30000201,1010,10.04.2024,12.04.2024,248700.0,248470.0,KG,TECO
1001954,PP01,30000301,1020,10.04.2024,12.04.2024,76200.0,76080.0,KG,TECO
1000165,PP01,20000101,1010,11.04.2024,13.04.2024,268400.0,265200.0,KG,TECO
1002330,PP01,30000401,1020,15.04.2024,19.04.2024,88400.0,87850.0,KG,TECO
1002636,PP01,30000403,1020,15.04.2024,19.04.2024,32300.0,31580.0,KG,TECO
1001003,PP01,30000204,1010,15.04.2024,17.04.2024,69500.0,67610.0,KG,TECO
1002480,PP01,30000402,1020,15.04.2024,17.04.2024,62000.0,63360.0,KG,TECO
1000836,PP01,30000203,1010,15.04.2024,18.04.2024,58100.0,59140.0,KG,TECO
1001601,PP01,30000103,1010,15.04.2024,18.04.2024,67900.0,66480.0,KG,TECO
1002165,PP01,30000302,1020,15.04.2024,19.04.2024,104200.0,101930.0,KG,TECO
1000716,PP01,30000202,1010,16.04.2024,19.04.2024,97200.0,94860.0,KG,TECO
1001955,PP01,30000301,1020,16.04.2024,20.04.2024,76200.0,75010.0,KG,TECO
1000166,PP01,20000101,1010,16.04.2024,18.04.2024,268400.0,262840.0,KG,TECO
1000485,PP01,30000201,1010,16.04.2024,21.04.2024,248700.0,243670.0,KG,TECO
1002870,PP01,30000405,1020,16.04.2024,19.04.2024,11300.0,11070.0,KG,TECO
1001401,PP01,30000102,1010,17.04.2024,19.04.2024,83800.0,80520.0,KG,TECO
1002756,PP01,30000404,1020,17.04.2024,19.04.2024,54900.0,55160.0,KG,TECO
1001225,PP01,30000101,1010,17.04.2024,19.04.2024,94500.0,95470.0,KG,TECO
1001763,PP01,30000104,1010,17.04.2024,19.04.2024,80600.0,81480.0,KG,TECO
1000167,PP01,20000101,1010,19.04.2024,23.04.2024,268400.0,268060.0,KG,TECO
1001602,PP01,30000103,1010,22.04.2024,24.04.2024,67900.0,66190.0,KG,TECO
1002166,PP01,30000302,1020,22.04.2024,27.04.2024,104200.0,103250.0,KG,TECO
1001956,PP01,30000301,1020,22.04.2024,26.04.2024,76200.0,74830.0,KG,TECO
1001764,PP01,30000104,1010,22.04.2024,24.04.2024,80600.0,80400.0,KG,TECO
1000486,PP01,30000201,1010,23.04.2024,25.04.2024,248700.0,244730.0,KG,TECO
1001226,PP01,30000101,1010,24.04.2024,27.04.2024,94500.0,93330.0,KG,TECO
1001402,PP01,30000102,1010,24.04.2024,27.04.2024,83800.0,81390.0,KG,TECO
1001004,PP01,30000204,1010,24.04.2024,28.04.2024,69500.0,68440.0,KG,TECO
1000168,PP01,20000101,1010,26.04.2024,01.05.2024,268400.0,265450.0,KG,TECO
1002871,PP01,30000405,1020,01.05.2024,03.05.2024,50000.0,48730.0,KG,TECO
1000717,PP01,30000202,1010,01.05.2024,05.05.2024,79200.0,78470.0,KG,TECO
1001765,PP01,30000104,1010,01.05.2024,06.05.2024,61200.0,60220.0,KG,TECO
1001957,PP01,30000301,1020,01.05.2024,03.05.2024,97900.0,95540.0,KG,TECO
1001603,PP01,30000103,1010,01.05.2024,06.05.2024,62600.0,62430.0,KG,TECO
1002757,PP01,30000404,1020,02.05.2024,04.05.2024,45400.0,44920.0,KG,TECO
1000487,PP01,30000201,1010,02.05.2024,05.05.2024,247800.0,247670.0,KG,TECO
1002481,PP01,30000402,1020,02.05.2024,04.05.2024,65500.0,64530.0,KG,TECO
1002167,PP01,30000302,1020,02.05.2024,07.05.2024,66600.0,64930.0,KG,TECO
1001403,PP01,30000102,1010,02.05.2024,04.05.2024,124800.0,123540.0,KG,TECO
1002637,PP01,30000403,1020,03.05.2024,08.05.2024,81300.0,80480.0,KG,TECO
1000169,PP01,20000101,1010,03.05.2024,08.05.2024,248300.0,244070.0,KG,TECO
1002331,PP01,30000401,1020,03.05.2024,08.05.2024,40700.0,39400.0,KG,TECO
1001005,PP01,30000204,1010,03.05.2024,06.05.2024,50400.0,50200.0,KG,TECO
1001227,PP01,30000101,1010,03.05.2024,05.05.2024,148700.0,148170.0,KG,TECO
1000837,PP01,30000203,1010,03.05.2024,07.05.2024,75800.0,74850.0,KG,TECO
1000170,PP01,20000101,1010,07.05.2024,10.05.2024,248300.0,247470.0,KG,TECO
1001006,PP01,30000204,1010,08.05.2024,11.05.2024,50400.0,48580.0,KG,TECO
1002168,PP01,30000302,1020,08.05.2024,12.05.2024,66600.0,65600.0,KG,TECO
1001404,PP01,30000102,1010,09.05.2024,13.05.2024,124800.0,124630.0,KG,TECO
1002872,PP01,30000405,1020,10.05.2024,15.05.2024,50000.0,49920.0,KG,TECO
1002638,PP01,30000403,1020,10.05.2024,15.05.2024,81300.0,80560.0,KG,TECO
1000488,PP01,30000201,1010,10.05.2024,15.05.2024,247800.0,246370.0,KG,TECO
1001228,PP01,30000101,1010,10.05.2024,13.05.2024,148700.0,151080.0,KG,TECO
1000171,PP01,20000101,1010,10.05.2024,12.05.2024,248300.0,247970.0,KG,TECO
1001766,PP01,30000104,1010,10.05.2024,15.05.2024,61200.0,61760.0,KG,TECO
1002482,PP01,30000402,1020,10.05.2024,15.05.2024,65500.0,65640.0,KG,TECO
1001604,PP01,30000103,1010,15.05.2024,19.05.2024,62600.0,62820.0,KG,TECO
1002169,PP01,30000302,1020,15.05.2024,19.05.2024,66600.0,66520.0,KG,TECO
1001007,PP01,30000204,1010,15.05.2024,20.05.2024,50400.0,50610.0,KG,TECO
1000718,PP01,30000202,1010,15.05.2024,17.05.2024,79200.0,78180.0,KG,TECO
1000489,PP01,30000201,1010,15.05.2024,20.05.2024,247800.0,247280.0,KG,TECO
1000838,PP01,30000203,1010,15.05.2024,18.05.2024,75800.0,73790.0,KG,TECO
1001767,PP01,30000104,1010,16.05.2024,18.05.2024,61200.0,61390.0,KG,TECO
1000172,PP01,20000101,1010,16.05.2024,19.05.2024,248300.0,245630.0,KG,TECO
1002332,PP01,30000401,1020,16.05.2024,18.05.2024,40700.0,39680.0,KG,TECO
1002483,PP01,30000402,1020,16.05.2024,19.05.2024,65500.0,65280.0,KG,TECO
1001405,PP01,30000102,1010,16.05.2024,20.05.2024,124800.0,123990.0,KG,TECO
1002873,PP01,30000405,1020,17.05.2024,22.05.2024,50000.0,49890.0,KG,TECO
1002639,PP01,30000403,1020,17.05.2024,21.05.2024,81300.0,80170.0,KG,TECO
1002758,PP01,30000404,1020,17.05.2024,19.05.2024,45400.0,45440.0,KG,TECO
1001958,PP01,30000301,1020,17.05.2024,22.05.2024,97900.0,96600.0,KG,TECO
1001229,PP01,30000101,1010,17.05.2024,22.05.2024,148700.0,146540.0,KG,TECO
1000173,PP01,20000101,1010,20.05.2024,24.05.2024,248300.0,249010.0,KG,TECO
1001406,PP01,30000102,1010,22.05.2024,25.05.2024,124800.0,126340.0,KG,TECO
1002874,PP01,30000405,1020,23.05.2024,27.05.2024,50000.0,50520.0,KG,TECO
1001768,PP01,30000104,1010,23.05.2024,26.05.2024,61200.0,61800.0,KG,TECO
1001230,PP01,30000101,1010,23.05.2024,26.05.2024,148700.0,148070.0,KG,TECO
1000490,PP01,30000201,1010,23.05.2024,25.05.2024,247800.0,251510.0,KG,TECO
1001008,PP01,30000204,1010,24.05.2024,28.05.2024,50400.0,48350.0,KG,TECO
1002170,PP01,30000302,1020,24.05.2024,28.05.2024,66600.0,65390.0,KG,TECO
1002484,PP01,30000402,1020,24.05.2024,29.05.2024,65500.0,65710.0,KG,TECO
1002640,PP01,30000403,1020,24.05.2024,29.05.2024,81300.0,77690.0,KG,TECO
1000174,PP01,20000101,1010,25.05.2024,27.05.2024,248300.0,248460.0,KG,TECO
1000839,PP01,30000203,1010,01.06.2024,06.06.2024,58500.0,58480.0,KG,TECO
1002485,PP01,30000402,1020,01.06.2024,05.06.2024,56600.0,54670.0,KG,TECO
1001959,PP01,30000301,1020,01.06.2024,04.06.2024,84200.0,82650.0,KG,TECO
1000175,PP01,20000101,1010,01.06.2024,05.06.2024,259000.0,261250.0,KG,TECO
1002759,PP01,30000404,1020,01.06.2024,03.06.2024,36100.0,35560.0,KG,TECO
1002171,PP01,30000302,1020,01.06.2024,06.06.2024,99400.0,99600.0,KG,TECO
1001605,PP01,30000103,1010,02.06.2024,04.06.2024,97800.0,98380.0,KG,TECO
1001009,PP01,30000204,1010,02.06.2024,05.06.2024,53600.0,53870.0,KG,TECO
1000491,PP01,30000201,1010,02.06.2024,07.06.2024,169400.0,168440.0,KG,TECO
1002333,PP01,30000401,1020,02.06.2024,04.06.2024,54300.0,53070.0,KG,TECO
1002641,PP01,30000403,1020,02.06.2024,05.06.2024,50200.0,49000.0,KG,TECO
1000719,PP01,30000202,1010,03.06.2024,07.06.2024,90200.0,88430.0,KG,TECO
1001769,PP01,30000104,1010,03.06.2024,08.06.2024,60300.0,59620.0,KG,TECO
1001231,PP01,30000101,1010,03.06.2024,08.06.2024,138100.0,133150.0,KG,TECO
1001407,PP01,30000102,1010,03.06.2024,08.06.2024,103200.0,101650.0,KG,TECO
1002875,PP01,30000405,1020,03.06.2024,05.06.2024,49000.0,48490.0,KG,TECO
1000176,PP01,20000101,1010,05.06.2024,09.06.2024,259000.0,258720.0,KG,TECO
1000492,PP01,30000201,1010,05.06.2024,09.06.2024,169400.0,170520.0,KG,TECO
1001232,PP01,30000101,1010,09.06.2024,13.06.2024,138100.0,136250.0,KG,TECO
1001770,PP01,30000104,1010,09.06.2024,12.06.2024,60300.0,59520.0,KG,TECO
1002486,PP01,30000402,1020,09.06.2024,11.06.2024,56600.0,55910.0,KG,TECO
1001010,PP01,30000204,1010,10.06.2024,12.06.2024,53600.0,54540.0,KG,TECO
1000177,PP01,20000101,1010,10.06.2024,13.06.2024,259000.0,260800.0,KG,TECO
1001408,PP01,30000102,1010,10.06.2024,15.06.2024,103200.0,102680.0,KG,TECO
1002642,PP01,30000403,1020,10.06.2024,15.06.2024,50200.0,50240.0,KG,TECO
1002334,PP01,30000401,1020,10.06.2024,12.06.2024,54300.0,53090.0,KG,TECO
1001960,PP01,30000301,1020,10.06.2024,12.06.2024,84200.0,82900.0,KG,TECO
1000493,PP01,30000201,1010,11.06.2024,15.06.2024,169400.0,170300.0,KG,TECO
1002335,PP01,30000401,1020,15.06.2024,19.06.2024,54300.0,54790.0,KG,TECO
1001233,PP01,30000101,1010,15.06.2024,18.06.2024,138100.0,134560.0,KG,TECO
1002876,PP01,30000405,1020,15.06.2024,18.06.2024,49000.0,46980.0,KG,TECO
1001011,PP01,30000204,1010,15.06.2024,19.06.2024,53600.0,52800.0,KG,TECO
1000720,PP01,30000202,1010,15.06.2024,17.06.2024,90200.0,87590.0,KG,TECO
1002172,PP01,30000302,1020,16.06.2024,21.06.2024,99400.0,97250.0,KG,TECO
1000494,PP01,30000201,1010,16.06.2024,19.06.2024,169400.0,164290.0,KG,TECO
1002760,PP01,30000404,1020,16.06.2024,21.06.2024,36100.0,35340.0,KG,TECO
1002487,PP01,30000402,1020,16.06.2024,20.06.2024,56600.0,57590.0,KG,TECO
1001961,PP01,30000301,1020,17.06.2024,21.06.2024,84200.0,83510.0,KG,TECO
1000178,PP01,20000101,1010,17.06.2024,19.06.2024,259000.0,259230.0,KG,TECO
1001606,PP01,30000103,1010,17.06.2024,19.06.2024,97800.0,96480.0,KG,TECO
1002643,PP01,30000403,1020,17.06.2024,19.06.2024,50200.0,50170.0,KG,TECO
1000840,PP01,30000203,1010,17.06.2024,19.06.2024,58500.0,58850.0,KG,TECO
1001771,PP01,30000104,1010,17.06.2024,21.06.2024,60300.0,59340.0,KG,TECO
1001409,PP01,30000102,1010,17.06.2024,21.06.2024,103200.0,99680.0,KG,TECO
1000179,PP01,20000101,1010,19.06.2024,21.06.2024,259000.0,253580.0,KG,TECO
1000495,PP01,30000201,1010,21.06.2024,26.06.2024,169400.0,163460.0,KG,TECO
1002488,PP01,30000402,1020,22.06.2024,27.06.2024,56600.0,56560.0,KG,TECO
1002336,PP01,30000401,1020,22.06.2024,25.06.2024,54300.0,52960.0,KG,TECO
1001962,PP01,30000301,1020,22.06.2024,24.06.2024,84200.0,83970.0,KG,TECO
1001012,PP01,30000204,1010,22.06.2024,25.06.2024,53600.0,52730.0,KG,TECO
1001410,PP01,30000102,1010,23.06.2024,27.06.2024,103200.0,101800.0,KG,TECO
1001772,PP01,30000104,1010,23.06.2024,28.06.2024,60300.0,60170.0,KG,TECO
1002644,PP01,30000403,1020,24.06.2024,26.06.2024,50200.0,47630.0,KG,TECO
1000496,PP01,30000201,1010,24.06.2024,27.06.2024,169400.0,165850.0,KG,TECO
1001234,PP01,30000101,1010,24.06.2024,29.06.2024,138100.0,137750.0,KG,TECO
1000180,PP01,20000101,1010,25.06.2024,27.06.2024,259000.0,257290.0,KG,TECO
1002645,PP01,30000403,1020,01.07.2024,04.07.2024,60000.0,57160.0,KG,TECO
1002337,PP01,30000401,1020,01.07.2024,05.07.2024,59100.0,57400.0,KG,TECO
1001013,PP01,30000204,1010,01.07.2024,04.07.2024,81800.0,81040.0,KG,TECO
1002173,PP01,30000302,1020,01.07.2024,05.07.2024,77800.0,76250.0,KG,TECO
1002877,PP01,30000405,1020,01.07.2024,06.07.2024,60200.0,59600.0,KG,TECO
1002761,PP01,30000404,1020,01.07.2024,04.07.2024,64100.0,64440.0,KG,TECO
1000841,PP01,30000203,1010,01.07.2024,05.07.2024,77100.0,76950.0,KG,TECO
1001411,PP01,30000102,1010,02.07.2024,07.07.2024,125200.0,122390.0,KG,TECO
1001235,PP01,30000101,1010,02.07.2024,07.07.2024,139900.0,144210.0,KG,TECO
1000497,PP01,30000201,1010,02.07.2024,04.07.2024,203700.0,200350.0,KG,TECO
1000181,PP01,20000101,1010,02.07.2024,07.07.2024,282500.0,282690.0,KG,TECO
1001607,PP01,30000103,1010,03.07.2024,08.07.2024,51000.0,50220.0,KG,TECO
1001773,PP01,30000104,1010,03.07.2024,07.07.2024,80900.0,79740.0,KG,TECO
1001963,PP01,30000301,1020,03.07.2024,05.07.2024,90700.0,87730.0,KG,TECO
1000721,PP01,30000202,1010,03.07.2024,08.07.2024,71300.0,70460.0,KG,TECO
1002489,PP01,30000402,1020,03.07.2024,07.07.2024,78300.0,75530.0,KG,TECO
1000182,PP01,20000101,1010,06.07.2024,08.07.2024,282500.0,283000.0,KG,TECO
1000498,PP01,30000201,1010,06.07.2024,10.07.2024,203700.0,201850.0,KG,TECO
1001774,PP01,30000104,1010,08.07.2024,11.07.2024,80900.0,79870.0,KG,TECO
1001608,PP01,30000103,1010,08.07.2024,13.07.2024,51000.0,50920.0,KG,TECO
1002490,PP01,30000402,1020,08.07.2024,10.07.2024,78300.0,78020.0,KG,TECO
1001236,PP01,30000101,1010,09.07.2024,12.07.2024,139900.0,138840.0,KG,TECO
1002338,PP01,30000401,1020,09.07.2024,11.07.2024,59100.0,56900.0,KG,TECO
1002174,PP01,30000302,1020,10.07.2024,15.07.2024,77800.0,77700.0,KG,TECO
1000499,PP01,30000201,1010,10.07.2024,12.07.2024,203700.0,197340.0,KG,TECO
1001412,PP01,30000102,1010,10.07.2024,12.07.2024,125200.0,123350.0,KG,TECO
1001964,PP01,30000301,1020,10.07.2024,15.07.2024,90700.0,89710.0,KG,TECO
1000183,PP01,20000101,1010,12.07.2024,14.07.2024,282500.0,277010.0,KG,TECO
1002175,PP01,30000302,1020,15.07.2024,20.07.2024,77800.0,73780.0,KG,TECO
1000500,PP01,30000201,1010,15.07.2024,17.07.2024,203700.0,197230.0,KG,TECO
1002491,PP01,30000402,1020,15.07.2024,17.07.2024,78300.0,76760.0,KG,TECO
1002339,PP01,30000401,1020,15.07.2024,20.07.2024,59100.0,58210.0,KG,TECO
1000184,PP01,20000101,1010,16.07.2024,20.07.2024,282500.0,284750.0,KG,TECO
1002762,PP01,30000404,1020,16.07.2024,21.07.2024,64100.0,63460.0,KG,TECO
1000842,PP01,30000203,1010,16.07.2024,20.07.2024,77100.0,75400.0,KG,TECO
1001014,PP01,30000204,1010,16.07.2024,19.07.2024,81800.0,80120.0,KG,TECO
1001775,PP01,30000104,1010,16.07.2024,19.07.2024,80900.0,80780.0,KG,TECO
1002878,PP01,30000405,1020,16.07.2024,19.07.2024,60200.0,58710.0,KG,TECO
1000722,PP01,30000202,1010,17.07.2024,21.07.2024,71300.0,70690.0,KG,TECO
1001609,PP01,30000103,1010,17.07.2024,19.07.2024,51000.0,49190.0,KG,TECO
1002646,PP01,30000403,1020,17.07.2024,22.07.2024,60000.0,58640.0,KG,TECO
1001413,PP01,30000102,1010,17.07.2024,21.07.2024,125200.0,124700.0,KG,TECO
1001237,PP01,30000101,1010,17.07.2024,22.07.2024,139900.0,140200.0,KG,TECO
1001965,PP01,30000301,1020,17.07.2024,20.07.2024,90700.0,91240.0,KG,TECO
1000501,PP01,30000201,1010,19.07.2024,24.07.2024,203700.0,207030.0,KG,TECO
1000185,PP01,20000101,1010,20.07.2024,22.07.2024,282500.0,284980.0,KG,TECO
1001966,PP01,30000301,1020,22.07.2024,25.07.2024,90700.0,90580.0,KG,TECO
1002176,PP01,30000302,1020,22.07.2024,25.07.2024,77800.0,77210.0,KG,TECO
1001414,PP01,30000102,1010,22.07.2024,27.07.2024,125200.0,121530.0,KG,TECO
1002492,PP01,30000402,1020,23.07.2024,27.07.2024,78300.0,75370.0,KG,TECO
1001238,PP01,30000101,1010,23.07.2024,28.07.2024,139900.0,138710.0,KG,TECO
1002340,PP01,30000401,1020,23.07.2024,27.07.2024,59100.0,58430.0,KG,TECO
1000502,PP01,30000201,1010,24.07.2024,26.07.2024,203700.0,203860.0,KG,TECO
1001776,PP01,30000104,1010,24.07.2024,28.07.2024,80900.0,80920.0,KG,TECO
1001610,PP01,30000103,1010,24.07.2024,26.07.2024,51000.0,50430.0,KG,TECO
1000186,PP01,20000101,1010,25.07.2024,30.07.2024,282500.0,280170.0,KG,TECO
1002341,PP01,30000401,1020,01.08.2024,04.08.2024,53000.0,52020.0,KG,TECO
1000187,PP01,20000101,1010,01.08.2024,06.08.2024,262900.0,260680.0,KG,TECO
1001415,PP01,30000102,1010,01.08.2024,04.08.2024,119400.0,117710.0,KG,TECO
1000503,PP01,30000201,1010,01.08.2024,06.08.2024,167100.0,167810.0,KG,TECO
1001611,PP01,30000103,1010,01.08.2024,04.08.2024,58100.0,57800.0,KG,TECO
1000723,PP01,30000202,1010,02.08.2024,04.08.2024,62300.0,63170.0,KG,TECO
1002493,PP01,30000402,1020,02.08.2024,06.08.2024,84900.0,85550.0,KG,TECO
1002177,PP01,30000302,1020,02.08.2024,07.08.2024,86900.0,83890.0,KG,TECO
1001239,PP01,30000101,1010,02.08.2024,07.08.2024,115000.0,113580.0,KG,TECO
1001015,PP01,30000204,1010,02.08.2024,04.08.2024,76100.0,75730.0,KG,TECO
1000843,PP01,30000203,1010,02.08.2024,06.08.2024,82600.0,83060.0,KG,TECO
1002763,PP01,30000404,1020,02.08.2024,07.08.2024,22400.0,21940.0,KG,TECO
1002879,PP01,30000405,1020,02.08.2024,04.08.2024,45500.0,46000.0,KG,TECO
1001777,PP01,30000104,1010,03.08.2024,08.08.2024,61900.0,60410.0,KG,TECO
1002647,PP01,30000403,1020,03.08.2024,05.08.2024,82100.0,82060.0,KG,TECO
1001967,PP01,30000301,1020,03.08.2024,05.08.2024,54000.0,52330.0,KG,TECO
1000188,PP01,20000101,1010,07.08.2024,11.08.2024,262900.0,262440.0,KG,TECO
1000504,PP01,30000201,1010,07.08.2024,09.08.2024,167100.0,162660.0,KG,TECO
1001416,PP01,30000102,1010,08.08.2024,10.08.2024,119400.0,117910.0,KG,TECO
1001778,PP01,30000104,1010,08.08.2024,10.08.2024,61900.0,62710.0,KG,TECO
1002494,PP01,30000402,1020,08.08.2024,10.08.2024,84900.0,82980.0,KG,TECO
1001016,PP01,30000204,1010,10.08.2024,14.08.2024,76100.0,73250.0,KG,TECO
1001968,PP01,30000301,1020,10.08.2024,12.08.2024,54000.0,52670.0,KG,TECO
1000189,PP01,20000101,1010,10.08.2024,13.08.2024,262900.0,260330.0,KG,TECO
1001612,PP01,30000103,1010,10.08.2024,15.08.2024,58100.0,58060.0,KG,TECO
1001240,PP01,30000101,1010,10.08.2024,15.08.2024,115000.0,116940.0,KG,TECO
1000505,PP01,30000201,1010,11.08.2024,13.08.2024,167100.0,169270.0,KG,TECO
1001017,PP01,30000204,1010,15.08.2024,20.08.2024,76100.0,76000.0,KG,TECO
1002880,PP01,30000405,1020,15.08.2024,18.08.2024,45500.0,45170.0,KG,TECO
1000190,PP01,20000101,1010,15.08.2024,17.08.2024,262900.0,255120.0,KG,TECO
1001969,PP01,30000301,1020,15.08.2024,17.08.2024,54000.0,53770.0,KG,TECO
1001417,PP01,30000102,1010,16.08.2024,19.08.2024,119400.0,118900.0,KG,TECO
1001613,PP01,30000103,1010,16.08.2024,21.08.2024,58100.0,58150.0,KG,TECO
1002342,PP01,30000401,1020,16.08.2024,21.08.2024,53000.0,51760.0,KG,TECO
1000844,PP01,30000203,1010,17.08.2024,21.08.2024,82600.0,81550.0,KG,TECO
1000724,PP01,30000202,1010,17.08.2024,21.08.2024,62300.0,59730.0,KG,TECO
1002178,PP01,30000302,1020,17.08.2024,19.08.2024,86900.0,86030.0,KG,TECO
1002648,PP01,30000403,1020,17.08.2024,19.08.2024,82100.0,80140.0,KG,TECO
1000506,PP01,30000201,1010,17.08.2024,19.08.2024,167100.0,163540.0,KG,TECO
1001241,PP01,30000101,1010,17.08.2024,22.08.2024,115000.0,111180.0,KG,TECO
1001779,PP01,30000104,1010,17.08.2024,22.08.2024,61900.0,61610.0,KG,TECO
1002764,PP01,30000404,1020,17.08.2024,20.08.2024,22400.0,21940.0,KG,TECO
1002495,PP01,30000402,1020,17.08.2024,21.08.2024,84900.0,82160.0,KG,TECO
1000191,PP01,20000101,1010,20.08.2024,24.08.2024,262900.0,260090.0,KG,TECO
1000507,PP01,30000201,1010,21.08.2024,26.08.2024,167100.0,162380.0,KG,TECO
1001780,PP01,30000104,1010,22.08.2024,27.08.2024,61900.0,59630.0,KG,TECO
1001018,PP01,30000204,1010,22.08.2024,24.08.2024,76100.0,75460.0,KG,TECO
1002496,PP01,30000402,1020,23.08.2024,25.08.2024,84900.0,84150.0,KG,TECO
1001970,PP01,30000301,1020,23.08.2024,25.08.2024,54000.0,52400.0,KG,TECO
1001242,PP01,30000101,1010,23.08.2024,25.08.2024,115000.0,115960.0,KG,TECO
1001418,PP01,30000102,1010,23.08.2024,25.08.2024,119400.0,119460.0,KG,TECO
1000508,PP01,30000201,1010,24.08.2024,29.08.2024,167100.0,162110.0,KG,TECO
1001614,PP01,30000103,1010,24.08.2024,26.08.2024,58100.0,58970.0,KG,TECO
1000192,PP01,20000101,1010,24.08.2024,26.08.2024,262900.0,261270.0,KG,TECO
1002497,PP01,30000402,1020,01.09.2024,05.09.2024,71500.0,72130.0,KG,TECO
1001419,PP01,30000102,1010,01.09.2024,05.09.2024,108000.0,109940.0,KG,TECO
1002343,PP01,30000401,1020,01.09.2024,06.09.2024,87900.0,89260.0,KG,TECO
1000193,PP01,20000101,1010,01.09.2024,05.09.2024,270300.0,265670.0,KG,TECO
1000509,PP01,30000201,1010,01.09.2024,05.09.2024,171500.0,170990.0,KG,TECO
1001019,PP01,30000204,1010,01.09.2024,04.09.2024,77600.0,78130.0,KG,TECO
1001971,PP01,30000301,1020,02.09.2024,04.09.2024,61400.0,58960.0,KG,TECO
1001615,PP01,30000103,1010,02.09.2024,06.09.2024,90700.0,89280.0,KG,TECO
1001243,PP01,30000101,1010,02.09.2024,07.09.2024,151500.0,153280.0,KG,TECO
1002881,PP01,30000405,1020,02.09.2024,06.09.2024,86800.0,85840.0,KG,TECO
1000725,PP01,30000202,1010,02.09.2024,04.09.2024,66700.0,64540.0,KG,TECO
1002649,PP01,30000403,1020,02.09.2024,07.09.2024,55400.0,53900.0,KG,TECO
1000845,PP01,30000203,1010,02.09.2024,05.09.2024,48600.0,47120.0,KG,TECO
1001781,PP01,30000104,1010,03.09.2024,06.09.2024,53100.0,51890.0,KG,TECO
1002179,PP01,30000302,1020,03.09.2024,07.09.2024,71900.0,73280.0,KG,TECO
1002765,PP01,30000404,1020,03.09.2024,08.09.2024,20900.0,21380.0,KG,TECO
1000194,PP01,20000101,1010,06.09.2024,10.09.2024,270300.0,264630.0,KG,TECO
1000510,PP01,30000201,1010,07.09.2024,11.09.2024,171500.0,170790.0,KG,TECO
1002650,PP01,30000403,1020,08.09.2024,13.09.2024,55400.0,54860.0,KG,TECO
1001782,PP01,30000104,1010,08.09.2024,13.09.2024,53100.0,50500.0,KG,TECO
1001972,PP01,30000301,1020,08.09.2024,12.09.2024,61400.0,60210.0,KG,TECO
1001420,PP01,30000102,1010,09.09.2024,11.09.2024,108000.0,104900.0,KG,TECO
1001020,PP01,30000204,1010,09.09.2024,14.09.2024,77600.0,76770.0,KG,TECO
1001244,PP01,30000101,1010,09.09.2024,13.09.2024,151500.0,149050.0,KG,TECO
1002498,PP01,30000402,1020,10.09.2024,14.09.2024,71500.0,69630.0,KG,TECO
1000511,PP01,30000201,1010,12.09.2024,17.09.2024,171500.0,166730.0,KG,TECO
1000195,PP01,20000101,1010,12.09.2024,17.09.2024,270300.0,269610.0,KG,TECO
1001421,PP01,30000102,1010,15.09.2024,19.09.2024,108000.0,105830.0,KG,TECO
1001021,PP01,30000204,1010,15.09.2024,20.09.2024,77600.0,79430.0,KG,TECO
1002766,PP01,30000404,1020,15.09.2024,18.09.2024,20900.0,20660.0,KG,TECO
1002499,PP01,30000402,1020,15.09.2024,19.09.2024,71500.0,70910.0,KG,TECO
1002651,PP01,30000403,1020,16.09.2024,19.09.2024,55400.0,54250.0,KG,TECO
1001973,PP01,30000301,1020,16.09.2024,18.09.2024,61400.0,60010.0,KG,TECO
1000512,PP01,30000201,1010,17.09.2024,20.09.2024,171500.0,167210.0,KG,TECO
1001783,PP01,30000104,1010,17.09.2024,19.09.2024,53100.0,52960.0,KG,TECO
1002882,PP01,30000405,1020,17.09.2024,20.09.2024,86800.0,85540.0,KG,TECO
1000196,PP01,20000101,1010,17.09.2024,22.09.2024,270300.0,266080.0,KG,TECO
1002180,PP01,30000302,1020,17.09.2024,22.09.2024,71900.0,70910.0,KG,TECO
1000846,PP01,30000203,1010,17.09.2024,20.09.2024,48600.0,48000.0,KG,TECO
1002344,PP01,30000401,1020,17.09.2024,22.09.2024,87900.0,83640.0,KG,TECO
1001245,PP01,30000101,1010,17.09.2024,22.09.2024,151500.0,151970.0,KG,TECO
1000726,PP01,30000202,1010,17.09.2024,21.09.2024,66700.0,64800.0,KG,TECO
1001616,PP01,30000103,1010,17.09.2024,21.09.2024,90700.0,88750.0,KG,TECO
1000513,PP01,30000201,1010,20.09.2024,23.09.2024,171500.0,171710.0,KG,TECO
1000197,PP01,20000101,1010,20.09.2024,25.09.2024,270300.0,262740.0,KG,TECO
1001784,PP01,30000104,1010,22.09.2024,24.09.2024,53100.0,51160.0,KG,TECO
1001422,PP01,30000102,1010,22.09.2024,24.09.2024,108000.0,106750.0,KG,TECO
1002652,PP01,30000403,1020,23.09.2024,28.09.2024,55400.0,53860.0,KG,TECO
1001246,PP01,30000101,1010,23.09.2024,25.09.2024,151500.0,150520.0,KG,TECO
1001974,PP01,30000301,1020,23.09.2024,28.09.2024,61400.0,59790.0,KG,TECO
1000514,PP01,30000201,1010,24.09.2024,26.09.2024,171500.0,168440.0,KG,TECO
1001022,PP01,30000204,1010,24.09.2024,26.09.2024,77600.0,78250.0,KG,TECO
1002500,PP01,30000402,1020,24.09.2024,26.09.2024,71500.0,70140.0,KG,TECO
1000198,PP01,20000101,1010,25.09.2024,30.09.2024,270300.0,272260.0,KG,TECO
1001975,PP01,30000301,1020,01.10.2024,04.10.2024,75000.0,74740.0,KG,TECO
1001785,PP01,30000104,1010,01.10.2024,03.10.2024,76100.0,76940.0,KG,TECO
1002653,PP01,30000403,1020,02.10.2024,07.10.2024,79400.0,78070.0,KG,TECO
1002767,PP01,30000404,1020,02.10.2024,05.10.2024,43100.0,41800.0,KG,TECO
1002181,PP01,30000302,1020,02.10.2024,05.10.2024,53000.0,51200.0,KG,TECO
1000847,PP01,30000203,1010,02.10.2024,07.10.2024,76100.0,74770.0,KG,TECO
1002501,PP01,30000402,1020,02.10.2024,07.10.2024,110200.0,111410.0,KG,TECO
1001247,PP01,30000101,1010,02.10.2024,07.10.2024,126500.0,124360.0,KG,TECO
1001423,PP01,30000102,1010,03.10.2024,08.10.2024,118300.0,119030.0,KG,TECO
1002345,PP01,30000401,1020,03.10.2024,07.10.2024,66200.0,65220.0,KG,TECO
1002883,PP01,30000405,1020,03.10.2024,08.10.2024,46600.0,44970.0,KG,TECO
1001023,PP01,30000204,1010,03.10.2024,07.10.2024,100600.0,98210.0,KG,TECO
1000515,PP01,30000201,1010,03.10.2024,07.10.2024,167100.0,166010.0,KG,TECO
1001617,PP01,30000103,1010,03.10.2024,05.10.2024,38700.0,38630.0,KG,TECO
1000199,PP01,20000101,1010,03.10.2024,08.10.2024,278400.0,275110.0,KG,TECO
1000727,PP01,30000202,1010,03.10.2024,07.10.2024,57400.0,56600.0,KG,TECO
1000200,PP01,20000101,1010,05.10.2024,10.10.2024,278400.0,284590.0,KG,TECO
1000516,PP01,30000201,1010,06.10.2024,10.10.2024,167100.0,166990.0,KG,TECO
1001976,PP01,30000301,1020,08.10.2024,11.10.2024,75000.0,72970.0,KG,TECO
1002346,PP01,30000401,1020,08.10.2024,13.10.2024,66200.0,65900.0,KG,TECO
1001248,PP01,30000101,1010,09.10.2024,13.10.2024,126500.0,125800.0,KG,TECO
1002182,PP01,30000302,1020,09.10.2024,13.10.2024,53000.0,53190.0,KG,TECO
1002502,PP01,30000402,1020,09.10.2024,14.10.2024,110200.0,108330.0,KG,TECO
1001424,PP01,30000102,1010,09.10.2024,11.10.2024,118300.0,116130.0,KG,TECO
1001024,PP01,30000204,1010,09.10.2024,14.10.2024,100600.0,99360.0,KG,TECO
1000517,PP01,30000201,1010,10.10.2024,14.10.2024,167100.0,167960.0,KG,TECO
1000201,PP01,20000101,1010,11.10.2024,16.10.2024,278400.0,279950.0,KG,TECO
1002183,PP01,30000302,1020,15.10.2024,20.10.2024,53000.0,51140.0,KG,TECO
1002654,PP01,30000403,1020,15.10.2024,19.10.2024,79400.0,77230.0,KG,TECO
1000518,PP01,30000201,1010,15.10.2024,19.10.2024,167100.0,166040.0,KG,TECO
1002884,PP01,30000405,1020,15.10.2024,19.10.2024,46600.0,45500.0,KG,TECO
1001025,PP01,30000204,1010,15.10.2024,18.10.2024,100600.0,97870.0,KG,TECO
1001618,PP01,30000103,1010,15.10.2024,17.10.2024,38700.0,38400.0,KG,TECO
1001977,PP01,30000301,1020,15.10.2024,20.10.2024,75000.0,73800.0,KG,TECO
1001786,PP01,30000104,1010,16.10.2024,20.10.2024,76100.0,74360.0,KG,TECO
1000848,PP01,30000203,1010,16.10.2024,18.10.2024,76100.0,75140.0,KG,TECO
1002347,PP01,30000401,1020,17.10.2024,20.10.2024,66200.0,65840.0,KG,TECO
1000728,PP01,30000202,1010,17.10.2024,20.10.2024,57400.0,56390.0,KG,TECO
1001425,PP01,30000102,1010,17.10.2024,21.10.2024,118300.0,114980.0,KG,TECO
1000202,PP01,20000101,1010,17.10.2024,19.10.2024,278400.0,276540.0,KG,TECO
1002503,PP01,30000402,1020,17.10.2024,21.10.2024,110200.0,110020.0,KG,TECO
1002768,PP01,30000404,1020,17.10.2024,19.10.2024,43100.0,42430.0,KG,TECO
1001249,PP01,30000101,1010,17.10.2024,21.10.2024,126500.0,126140.0,KG,TECO
1000519,PP01,30000201,1010,20.10.2024,24.10.2024,167100.0,168870.0,KG,TECO
1000203,PP01,20000101,1010,21.10.2024,25.10.2024,278400.0,275240.0,KG,TECO
1002184,PP01,30000302,1020,22.10.2024,26.10.2024,53000.0,53360.0,KG,TECO
1002504,PP01,30000402,1020,22.10.2024,26.10.2024,110200.0,108350.0,KG,TECO
1001978,PP01,30000301,1020,22.10.2024,26.10.2024,75000.0,72530.0,KG,TECO
1001426,PP01,30000102,1010,23.10.2024,27.10.2024,118300.0,115790.0,KG,TECO
1001026,PP01,30000204,1010,23.10.2024,28.10.2024,100600.0,97960.0,KG,TECO
1001250,PP01,30000101,1010,24.10.2024,29.10.2024,126500.0,120940.0,KG,TECO
1002348,PP01,30000401,1020,24.10.2024,29.10.2024,66200.0,65850.0,KG,TECO
1000204,PP01,20000101,1010,25.10.2024,29.10.2024,278400.0,272050.0,KG,TECO
1000520,PP01,30000201,1010,26.10.2024,31.10.2024,167100.0,164860.0,KG,TECO
1002655,PP01,30000403,1020,01.11.2024,06.11.2024,42400.0,42070.0,KG,TECO
1002185,PP01,30000302,1020,01.11.2024,04.11.2024,72700.0,70810.0,KG,TECO
1002769,PP01,30000404,1020,02.11.2024,04.11.2024,37400.0,37290.0,KG,TECO
1002505,PP01,30000402,1020,02.11.2024,06.11.2024,71900.0,71510.0,KG,TECO
1002885,PP01,30000405,1020,02.11.2024,07.11.2024,24600.0,24190.0,KG,TECO
1001427,PP01,30000102,1010,02.11.2024,04.11.2024,118800.0,119440.0,KG,TECO
1000205,PP01,20000101,1010,02.11.2024,06.11.2024,252100.0,246190.0,KG,TECO
1001619,PP01,30000103,1010,02.11.2024,06.11.2024,84000.0,82600.0,KG,TECO
1001787,PP01,30000104,1010,03.11.2024,06.11.2024,64300.0,62960.0,KG,TECO
1000521,PP01,30000201,1010,03.11.2024,07.11.2024,247200.0,246960.0,KG,TECO
1000729,PP01,30000202,1010,03.11.2024,08.11.2024,51300.0,51200.0,KG,TECO
1000849,PP01,30000203,1010,03.11.2024,08.11.2024,28100.0,28470.0,KG,TECO
1001251,PP01,30000101,1010,03.11.2024,08.11.2024,114300.0,113180.0,KG,TECO
1001979,PP01,30000301,1020,03.11.2024,07.11.2024,53600.0,53530.0,KG,TECO
1001027,PP01,30000204,1010,03.11.2024,07.11.2024,69700.0,68960.0,KG,TECO
1002349,PP01,30000401,1020,03.11.2024,05.11.2024,51000.0,50640.0,KG,TECO
1000206,PP01,20000101,1010,07.11.2024,12.11.2024,252100.0,250640.0,KG,TECO
1001980,PP01,30000301,1020,08.11.2024,11.11.2024,53600.0,52440.0,KG,TECO
1002350,PP01,30000401,1020,08.11.2024,12.11.2024,51000.0,50230.0,KG,TECO
1000522,PP01,30000201,1010,08.11.2024,13.11.2024,247200.0,248140.0,KG,TECO
1001788,PP01,30000104,1010,09.11.2024,14.11.2024,64300.0,62980.0,KG,TECO
1001252,PP01,30000101,1010,10.11.2024,15.11.2024,114300.0,112990.0,KG,TECO
1001028,PP01,30000204,1010,10.11.2024,13.11.2024,69700.0,69690.0,KG,TECO
1002506,PP01,30000402,1020,10.11.2024,12.11.2024,71900.0,70550.0,KG,TECO
1001620,PP01,30000103,1010,10.11.2024,13.11.2024,84000.0,85550.0,KG,TECO
1001428,PP01,30000102,1010,10.11.2024,13.11.2024,118800.0,123430.0,KG,TECO
1000207,PP01,20000101,1010,12.11.2024,16.11.2024,252100.0,250190.0,KG,TECO
1001253,PP01,30000101,1010,15.11.2024,20.11.2024,114300.0,113820.0,KG,TECO
1002507,PP01,30000402,1020,15.11.2024,17.11.2024,71900.0,73190.0,KG,TECO
1001981,PP01,30000301,1020,15.11.2024,20.11.2024,53600.0,53770.0,KG,TECO
1001621,PP01,30000103,1010,15.11.2024,20.11.2024,84000.0,82840.0,KG,TECO
1001029,PP01,30000204,1010,15.11.2024,18.11.2024,69700.0,69090.0,KG,TECO
1001429,PP01,30000102,1010,15.11.2024,19.11.2024,118800.0,116090.0,KG,TECO
1002886,PP01,30000405,1020,16.11.2024,19.11.2024,24600.0,24420.0,KG,TECO
1000208,PP01,20000101,1010,16.11.2024,21.11.2024,252100.0,249880.0,KG,TECO
1000730,PP01,30000202,1010,17.11.2024,20.11.2024,51300.0,50110.0,KG,TECO
1000850,PP01,30000203,1010,17.11.2024,20.11.2024,28100.0,27930.0,KG,TECO
1001789,PP01,30000104,1010,17.11.2024,22.11.2024,64300.0,61980.0,KG,TECO
1002186,PP01,30000302,1020,17.11.2024,21.11.2024,72700.0,71860.0,KG,TECO
1002656,PP01,30000403,1020,17.11.2024,20.11.2024,42400.0,42490.0,KG,TECO
1000523,PP01,30000201,1010,17.11.2024,22.11.2024,247200.0,238960.0,KG,TECO
1002770,PP01,30000404,1020,17.11.2024,19.11.2024,37400.0,36320.0,KG,TECO
1002351,PP01,30000401,1020,17.11.2024,21.11.2024,51000.0,51400.0,KG,TECO
1000209,PP01,20000101,1010,21.11.2024,26.11.2024,252100.0,245980.0,KG,TECO
1001430,PP01,30000102,1010,22.11.2024,26.11.2024,118800.0,116980.0,KG,TECO
1001790,PP01,30000104,1010,22.11.2024,25.11.2024,64300.0,61350.0,KG,TECO
1002352,PP01,30000401,1020,23.11.2024,28.11.2024,51000.0,51090.0,KG,TECO
1001030,PP01,30000204,1010,23.11.2024,27.11.2024,69700.0,68280.0,KG,TECO
1002508,PP01,30000402,1020,23.11.2024,26.11.2024,71900.0,73180.0,KG,TECO
1001254,PP01,30000101,1010,24.11.2024,26.11.2024,114300.0,111440.0,KG,TECO
1000524,PP01,30000201,1010,24.11.2024,29.11.2024,247200.0,245560.0,KG,TECO
1001622,PP01,30000103,1010,24.11.2024,29.11.2024,84000.0,83450.0,KG,TECO
1001982,PP01,30000301,1020,24.11.2024,29.11.2024,53600.0,52900.0,KG,TECO
1000210,PP01,20000101,1010,24.11.2024,29.11.2024,252100.0,246500.0,KG,TECO
1002657,PP01,30000403,1020,01.12.2024,03.12.2024,82300.0,81200.0,KG,TECO
1000211,PP01,20000101,1010,01.12.2024,03.12.2024,291300.0,289930.0,KG,TECO
1001791,PP01,30000104,1010,01.12.2024,06.12.2024,53700.0,53440.0,KG,TECO
1001983,PP01,30000301,1020,01.12.2024,05.12.2024,92300.0,91950.0,KG,TECO
1002509,PP01,30000402,1020,01.12.2024,04.12.2024,91300.0,91010.0,KG,TECO
1001031,PP01,30000204,1010,02.12.2024,05.12.2024,118700.0,120570.0,KG,TECO
1001623,PP01,30000103,1010,02.12.2024,04.12.2024,61200.0,61100.0,KG,TECO
1000525,PP01,30000201,1010,02.12.2024,06.12.2024,245800.0,245290.0,KG,TECO
1002353,PP01,30000401,1020,02.12.2024,07.12.2024,66500.0,65810.0,KG,TECO
1001255,PP01,30000101,1010,02.12.2024,06.12.2024,102600.0,101060.0,KG,TECO
1002887,PP01,30000405,1020,02.12.2024,05.12.2024,54800.0,54230.0,KG,TECO
1001431,PP01,30000102,1010,02.12.2024,05.12.2024,89800.0,87150.0,KG,TECO
1000851,PP01,30000203,1010,02.12.2024,05.12.2024,36700.0,36390.0,KG,TECO
1002771,PP01,30000404,1020,03.12.2024,05.12.2024,9900.0,10010.0,KG,TECO
1002187,PP01,30000302,1020,03.12.2024,05.12.2024,67200.0,66120.0,KG,TECO
1000731,PP01,30000202,1010,03.12.2024,07.12.2024,69100.0,66950.0,KG,TECO
1000212,PP01,20000101,1010,05.12.2024,09.12.2024,291300.0,288660.0,KG,TECO
1001256,PP01,30000101,1010,08.12.2024,11.12.2024,102600.0,99560.0,KG,TECO
1000526,PP01,30000201,1010,08.12.2024,11.12.2024,245800.0,247050.0,KG,TECO
1001032,PP01,30000204,1010,08.12.2024,13.12.2024,118700.0,117970.0,KG,TECO
1001624,PP01,30000103,1010,08.12.2024,12.12.2024,61200.0,60820.0,KG,TECO
1001984,PP01,30000301,1020,09.12.2024,14.12.2024,92300.0,91170.0,KG,TECO
1002510,PP01,30000402,1020,09.12.2024,12.12.2024,91300.0,89510.0,KG,TECO
1002188,PP01,30000302,1020,09.12.2024,14.12.2024,67200.0,66610.0,KG,TECO
1001792,PP01,30000104,1010,10.12.2024,15.12.2024,53700.0,52230.0,KG,TECO
1001432,PP01,30000102,1010,10.12.2024,12.12.2024,89800.0,89720.0,KG,TECO
1000213,PP01,20000101,1010,12.12.2024,15.12.2024,291300.0,284790.0,KG,TECO
1001793,PP01,30000104,1010,15.12.2024,17.12.2024,53700.0,54100.0,KG,TECO
1001985,PP01,30000301,1020,15.12.2024,20.12.2024,92300.0,91560.0,KG,TECO
1002658,PP01,30000403,1020,15.12.2024,19.12.2024,82300.0,83030.0,KG,TECO
1000732,PP01,30000202,1010,15.12.2024,19.12.2024,69100.0,68730.0,KG,TECO
1002511,PP01,30000402,1020,15.12.2024,18.12.2024,91300.0,90110.0,KG,TECO
1000527,PP01,30000201,1010,16.12.2024,18.12.2024,245800.0,238490.0,KG,TECO
1000214,PP01,20000101,1010,16.12.2024,21.12.2024,291300.0,292670.0,KG,TECO
1001433,PP01,30000102,1010,16.12.2024,18.12.2024,89800.0,88650.0,KG,TECO
1001033,PP01,30000204,1010,16.12.2024,20.12.2024,118700.0,119380.0,KG,TECO
1002354,PP01,30000401,1020,16.12.2024,21.12.2024,66500.0,64320.0,KG,TECO
1002189,PP01,30000302,1020,17.12.2024,21.12.2024,67200.0,67380.0,KG,TECO
1000852,PP01,30000203,1010,17.12.2024,19.12.2024,36700.0,35560.0,KG,TECO
1001625,PP01,30000103,1010,17.12.2024,20.12.2024,61200.0,60790.0,KG,TECO
1002888,PP01,30000405,1020,17.12.2024,22.12.2024,54800.0,53360.0,KG,TECO
1002772,PP01,30000404,1020,17.12.2024,19.12.2024,9900.0,9880.0,KG,TECO
1001257,PP01,30000101,1010,17.12.2024,22.12.2024,102600.0,103180.0,KG,TECO
1000215,PP01,20000101,1010,19.12.2024,23.12.2024,291300.0,284980.0,KG,TECO
1002512,PP01,30000402,1020,22.12.2024,27.12.2024,91300.0,89150.0,KG,TECO
1002190,PP01,30000302,1020,23.12.2024,28.12.2024,67200.0,65500.0,KG,TECO
1001258,PP01,30000101,1010,23.12.2024,26.12.2024,102600.0,100890.0,KG,TECO
1001034,PP01,30000204,1010,23.12.2024,26.12.2024,118700.0,116000.0,KG,TECO
1000528,PP01,30000201,1010,23.12.2024,26.12.2024,245800.0,237710.0,KG,TECO
1001434,PP01,30000102,1010,24.12.2024,26.12.2024,89800.0,86650.0,KG,TECO
1001986,PP01,30000301,1020,24.12.2024,27.12.2024,92300.0,92100.0,KG,TECO
1001794,PP01,30000104,1010,24.12.2024,28.12.2024,53700.0,52350.0,KG,TECO
1001626,PP01,30000103,1010,24.12.2024,29.12.2024,61200.0,59510.0,KG,TECO
1000216,PP01,20000101,1010,26.12.2024,29.12.2024,291300.0,294110.0,KG,TECO
1001035,PP01,30000204,1010,01.01.2025,04.01.2025,97600.0,96720.0,KG,TECO
1002513,PP01,30000402,1020,01.01.2025,06.01.2025,72800.0,73410.0,KG,TECO
1002191,PP01,30000302,1020,01.01.2025,06.01.2025,62600.0,62560.0,KG,TECO
1002659,PP01,30000403,1020,01.01.2025,04.01.2025,84800.0,85550.0,KG,TECO
1000529,PP01,30000201,1010,01.01.2025,03.01.2025,246500.0,245490.0,KG,TECO
1002355,PP01,30000401,1020,01.01.2025,04.01.2025,56000.0,57300.0,KG,TECO
1001259,PP01,30000101,1010,02.01.2025,06.01.2025,121800.0,117700.0,KG,TECO
1001627,PP01,30000103,1010,02.01.2025,07.01.2025,90700.0,89470.0,KG,TECO
1002889,PP01,30000405,1020,02.01.2025,04.01.2025,56500.0,55600.0,KG,TECO
1000853,PP01,30000203,1010,02.01.2025,06.01.2025,74600.0,73610.0,KG,TECO
1001435,PP01,30000102,1010,03.01.2025,07.01.2025,95800.0,93730.0,KG,TECO
1002773,PP01,30000404,1020,03.01.2025,06.01.2025,23900.0,23690.0,KG,TECO
1000217,PP01,20000101,1010,03.01.2025,06.01.2025,251200.0,253600.0,KG,TECO
1001795,PP01,30000104,1010,03.01.2025,05.01.2025,97000.0,96880.0,KG,TECO
1001987,PP01,30000301,1020,03.01.2025,05.01.2025,82900.0,80050.0,KG,TECO
1000733,PP01,30000202,1010,03.01.2025,07.01.2025,94200.0,94030.0,KG,TECO
1000218,PP01,20000101,1010,07.01.2025,11.01.2025,251200.0,247070.0,KG,TECO
1001988,PP01,30000301,1020,08.01.2025,11.01.2025,82900.0,83120.0,KG,TECO
1001260,PP01,30000101,1010,08.01.2025,13.01.2025,121800.0,118590.0,KG,TECO
1001436,PP01,30000102,1010,08.01.2025,12.01.2025,95800.0,94620.0,KG,TECO
1001796,PP01,30000104,1010,09.01.2025,14.01.2025,97000.0,96230.0,KG,TECO
1002514,PP01,30000402,1020,10.01.2025,15.01.2025,72800.0,71480.0,KG,TECO
1000530,PP01,30000201,1010,10.01.2025,15.01.2025,246500.0,239130.0,KG,TECO
1000219,PP01,20000101,1010,10.01.2025,13.01.2025,251200.0,246950.0,KG,TECO
1001036,PP01,30000204,1010,15.01.2025,17.01.2025,97600.0,98560.0,KG,TECO
1001797,PP01,30000104,1010,15.01.2025,17.01.2025,97000.0,97280.0,KG,TECO
1002890,PP01,30000405,1020,15.01.2025,20.01.2025,56500.0,56860.0,KG,TECO
1000220,PP01,20000101,1010,15.01.2025,18.01.2025,251200.0,244660.0,KG,TECO
1000854,PP01,30000203,1010,15.01.2025,18.01.2025,74600.0,74330.0,KG,TECO
1002192,PP01,30000302,1020,15.01.2025,19.01.2025,62600.0,61140.0,KG,TECO
1001989,PP01,30000301,1020,15.01.2025,18.01.2025,82900.0,83730.0,KG,TECO
1001628,PP01,30000103,1010,16.01.2025,20.01.2025,90700.0,89610.0,KG,TECO
1001261,PP01,30000101,1010,16.01.2025,18.01.2025,121800.0,121910.0,KG,TECO
1002660,PP01,30000403,1020,16.01.2025,20.01.2025,84800.0,84360.0,KG,TECO
1002515,PP01,30000402,1020,16.01.2025,20.01.2025,72800.0,71460.0,KG,TECO
1000734,PP01,30000202,1010,17.01.2025,20.01.2025,94200.0,92220.0,KG,TECO
1002774,PP01,30000404,1020,17.01.2025,22.01.2025,23900.0,23810.0,KG,TECO
1000531,PP01,30000201,1010,17.01.2025,22.01.2025,246500.0,242470.0,KG,TECO
1001437,PP01,30000102,1010,17.01.2025,19.01.2025,95800.0,95930.0,KG,TECO
1002356,PP01,30000401,1020,17.01.2025,21.01.2025,56000.0,56570.0,KG,TECO
1000221,PP01,20000101,1010,20.01.2025,22.01.2025,251200.0,252560.0,KG,TECO
1001990,PP01,30000301,1020,23.01.2025,27.01.2025,82900.0,81760.0,KG,TECO
1002516,PP01,30000402,1020,23.01.2025,25.01.2025,72800.0,72490.0,KG,TECO
1001798,PP01,30000104,1010,23.01.2025,26.01.2025,97000.0,97970.0,KG,TECO
1001262,PP01,30000101,1010,24.01.2025,27.01.2025,121800.0,120890.0,KG,TECO
1001438,PP01,30000102,1010,24.01.2025,28.01.2025,95800.0,95800.0,KG,TECO
1000532,PP01,30000201,1010,24.01.2025,29.01.2025,246500.0,239830.0,KG,TECO
1000222,PP01,20000101,1010,24.01.2025,29.01.2025,251200.0,248460.0,KG,TECO
1002775,PP01,30000404,1020,01.02.2025,03.02.2025,13700.0,13240.0,KG,TECO
1000735,PP01,30000202,1010,01.02.2025,05.02.2025,90800.0,90160.0,KG,TECO
1002357,PP01,30000401,1020,01.02.2025,03.02.2025,59900.0,59120.0,KG,TECO
1001263,PP01,30000101,1010,01.02.2025,06.02.2025,75600.0,76090.0,KG,TECO
1002517,PP01,30000402,1020,02.02.2025,05.02.2025,93300.0,92410.0,KG,TECO
1000223,PP01,20000101,1010,02.02.2025,06.02.2025,286600.0,288640.0,KG,TECO
1002193,PP01,30000302,1020,02.02.2025,07.02.2025,58400.0,57470.0,KG,TECO
1001991,PP01,30000301,1020,02.02.2025,06.02.2025,79100.0,78910.0,KG,TECO
1000855,PP01,30000203,1010,02.02.2025,04.02.2025,31500.0,31150.0,KG,TECO
1001439,PP01,30000102,1010,03.02.2025,08.02.2025,156100.0,158060.0,KG,TECO
1001037,PP01,30000204,1010,03.02.2025,07.02.2025,89300.0,88460.0,KG,TECO
1001629,PP01,30000103,1010,03.02.2025,05.02.2025,79400.0,78840.0,KG,TECO
1002891,PP01,30000405,1020,03.02.2025,07.02.2025,37300.0,37690.0,KG,TECO
1002661,PP01,30000403,1020,03.02.2025,05.02.2025,75800.0,76390.0,KG,TECO
1000533,PP01,30000201,1010,03.02.2025,08.02.2025,171500.0,172730.0,KG,TECO
1001799,PP01,30000104,1010,03.02.2025,07.02.2025,89800.0,89950.0,KG,TECO
1000534,PP01,30000201,1010,05.02.2025,08.02.2025,171500.0,173520.0,KG,TECO
1000224,PP01,20000101,1010,05.02.2025,10.02.2025,286600.0,283290.0,KG,TECO
1001440,PP01,30000102,1010,09.02.2025,13.02.2025,156100.0,151770.0,KG,TECO
1002194,PP01,30000302,1020,09.02.2025,12.02.2025,58400.0,57930.0,KG,TECO
1001038,PP01,30000204,1010,10.02.2025,12.02.2025,89300.0,86370.0,KG,TECO
1001264,PP01,30000101,1010,10.02.2025,12.02.2025,75600.0,76740.0,KG,TECO
1000225,PP01,20000101,1010,11.02.2025,15.02.2025,286600.0,276290.0,KG,TECO
1000535,PP01,30000201,1010,11.02.2025,13.02.2025,171500.0,173020.0,KG,TECO
1000736,PP01,30000202,1010,15.02.2025,17.02.2025,90800.0,91890.0,KG,TECO
1001992,PP01,30000301,1020,15.02.2025,20.02.2025,79100.0,77300.0,KG,TECO
1001630,PP01,30000103,1010,15.02.2025,17.02.2025,79400.0,77950.0,KG,TECO
1001441,PP01,30000102,1010,15.02.2025,19.02.2025,156100.0,155200.0,KG,TECO
1001039,PP01,30000204,1010,15.02.2025,17.02.2025,89300.0,91310.0,KG,TECO
1002358,PP01,30000401,1020,16.02.2025,19.02.2025,59900.0,58750.0,KG,TECO
1002892,PP01,30000405,1020,16.02.2025,19.02.2025,37300.0,37530.0,KG,TECO
1002662,PP01,30000403,1020,16.02.2025,21.02.2025,75800.0,76380.0,KG,TECO
1001800,PP01,30000104,1010,16.02.2025,21.02.2025,89800.0,90000.0,KG,TECO
1000856,PP01,30000203,1010,16.02.2025,20.02.2025,31500.0,31110.0,KG,TECO
1000536,PP01,30000201,1010,16.02.2025,20.02.2025,171500.0,169410.0,KG,TECO
1000226,PP01,20000101,1010,16.02.2025,18.02.2025,286600.0,285900.0,KG,TECO
1002776,PP01,30000404,1020,16.02.2025,20.02.2025,13700.0,13430.0,KG,TECO
1002518,PP01,30000402,1020,16.02.2025,21.02.2025,93300.0,89950.0,KG,TECO
1002195,PP01,30000302,1020,17.02.2025,22.02.2025,58400.0,57390.0,KG,TECO
1001265,PP01,30000101,1010,17.02.2025,19.02.2025,75600.0,75870.0,KG,TECO
1000537,PP01,30000201,1010,19.02.2025,22.02.2025,171500.0,164940.0,KG,TECO
1000227,PP01,20000101,1010,21.02.2025,23.02.2025,286600.0,287000.0,KG,TECO
1001266,PP01,30000101,1010,22.02.2025,27.02.2025,75600.0,74460.0,KG,TECO
1002196,PP01,30000302,1020,23.02.2025,27.02.2025,58400.0,59540.0,KG,TECO
1001442,PP01,30000102,1010,23.02.2025,27.02.2025,156100.0,154140.0,KG,TECO
1001040,PP01,30000204,1010,24.02.2025,28.02.2025,89300.0,87250.0,KG,TECO
1000228,PP01,20000101,1010,25.02.2025,28.02.2025,286600.0,284930.0,KG,TECO
1000538,PP01,30000201,1010,26.02.2025,02.03.2025,171500.0,169600.0,KG,TECO
1000857,PP01,30000203,1010,01.03.2025,05.03.2025,73700.0,72110.0,KG,TECO
1001801,PP01,30000104,1010,01.03.2025,04.03.2025,68500.0,67880.0,KG,TECO
1002663,PP01,30000403,1020,01.03.2025,04.03.2025,56600.0,54690.0,KG,TECO
1002893,PP01,30000405,1020,01.03.2025,03.03.2025,42700.0,42660.0,KG,TECO
1001993,PP01,30000301,1020,01.03.2025,06.03.2025,91000.0,91480.0,KG,TECO
1001041,PP01,30000204,1010,01.03.2025,04.03.2025,74200.0,72250.0,KG,TECO
1000737,PP01,30000202,1010,02.03.2025,06.03.2025,91700.0,90010.0,KG,TECO
1001267,PP01,30000101,1010,02.03.2025,04.03.2025,70100.0,68280.0,KG,TECO
1001443,PP01,30000102,1010,02.03.2025,04.03.2025,140300.0,139790.0,KG,TECO
1002197,PP01,30000302,1020,02.03.2025,05.03.2025,55600.0,55380.0,KG,TECO
1001631,PP01,30000103,1010,02.03.2025,07.03.2025,72900.0,73150.0,KG,TECO
1000539,PP01,30000201,1010,02.03.2025,05.03.2025,168500.0,164410.0,KG,TECO
1002519,PP01,30000402,1020,03.03.2025,05.03.2025,50100.0,48990.0,KG,TECO
1000229,PP01,20000101,1010,03.03.2025,05.03.2025,272900.0,274820.0,KG,TECO
1002359,PP01,30000401,1020,03.03.2025,05.03.2025,67600.0,66190.0,KG,TECO
1002777,PP01,30000404,1020,03.03.2025,05.03.2025,23200.0,23090.0,KG,TECO
1000230,PP01,20000101,1010,05.03.2025,08.03.2025,272900.0,269540.0,KG,TECO
1000540,PP01,30000201,1010,05.03.2025,07.03.2025,168500.0,168810.0,KG,TECO
1002664,PP01,30000403,1020,09.03.2025,14.03.2025,56600.0,55350.0,KG,TECO
1001802,PP01,30000104,1010,09.03.2025,11.03.2025,68500.0,66980.0,KG,TECO
1001042,PP01,30000204,1010,10.03.2025,14.03.2025,74200.0,75090.0,KG,TECO
1001632,PP01,30000103,1010,10.03.2025,15.03.2025,72900.0,72550.0,KG,TECO
1002198,PP01,30000302,1020,10.03.2025,13.03.2025,55600.0,55610.0,KG,TECO
1001268,PP01,30000101,1010,10.03.2025,15.03.2025,70100.0,69640.0,KG,TECO
1001444,PP01,30000102,1010,10.03.2025,14.03.2025,140300.0,138670.0,KG,TECO
1000541,PP01,30000201,1010,10.03.2025,14.03.2025,168500.0,168520.0,KG,TECO
1001994,PP01,30000301,1020,10.03.2025,15.03.2025,91000.0,91610.0,KG,TECO
1000231,PP01,20000101,1010,11.03.2025,13.03.2025,272900.0,269950.0,KG,TECO
1000858,PP01,30000203,1010,15.03.2025,20.03.2025,73700.0,72000.0,KG,TECO
1000232,PP01,20000101,1010,15.03.2025,17.03.2025,272900.0,265640.0,KG,TECO
1001995,PP01,30000301,1020,15.03.2025,19.03.2025,91000.0,90340.0,KG,TECO
1002360,PP01,30000401,1020,15.03.2025,17.03.2025,67600.0,65530.0,KG,TECO
1001633,PP01,30000103,1010,15.03.2025,17.03.2025,72900.0,72610.0,KG,TECO
1001043,PP01,30000204,1010,15.03.2025,20.03.2025,74200.0,70990.0,KG,TECO
1001445,PP01,30000102,1010,16.03.2025,20.03.2025,140300.0,137750.0,KG,TECO
1002894,PP01,30000405,1020,16.03.2025,20.03.2025,42700.0,42270.0,KG,TECO
1002199,PP01,30000302,1020,16.03.2025,21.03.2025,55600.0,56500.0,KG,TECO
1002778,PP01,30000404,1020,16.03.2025,18.03.2025,23200.0,22780.0,KG,TECO
1000542,PP01,30000201,1010,16.03.2025,18.03.2025,168500.0,167480.0,KG,TECO
1002520,PP01,30000402,1020,17.03.2025,19.03.2025,50100.0,49610.0,KG,TECO
1001269,PP01,30000101,1010,17.03.2025,20.03.2025,70100.0,68930.0,KG,TECO
1000738,PP01,30000202,1010,17.03.2025,19.03.2025,91700.0,91600.0,KG,TECO
1002665,PP01,30000403,1020,17.03.2025,21.03.2025,56600.0,56980.0,KG,TECO
1001803,PP01,30000104,1010,17.03.2025,21.03.2025,68500.0,68330.0,KG,TECO
1000543,PP01,30000201,1010,19.03.2025,23.03.2025,168500.0,165810.0,KG,TECO
1000233,PP01,20000101,1010,19.03.2025,23.03.2025,272900.0,266420.0,KG,TECO
1001270,PP01,30000101,1010,22.03.2025,26.03.2025,70100.0,69700.0,KG,TECO
1001446,PP01,30000102,1010,22.03.2025,25.03.2025,140300.0,136220.0,KG,TECO
1001634,PP01,30000103,1010,22.03.2025,26.03.2025,72900.0,73040.0,KG,TECO
1001804,PP01,30000104,1010,22.03.2025,26.03.2025,68500.0,67250.0,KG,TECO
1001044,PP01,30000204,1010,22.03.2025,24.03.2025,74200.0,72790.0,KG,TECO
1002666,PP01,30000403,1020,22.03.2025,26.03.2025,56600.0,56410.0,KG,TECO
1001996,PP01,30000301,1020,24.03.2025,29.03.2025,91000.0,87210.0,KG,TECO
1002200,PP01,30000302,1020,24.03.2025,26.03.2025,55600.0,56430.0,KG,TECO
1000544,PP01,30000201,1010,24.03.2025,28.03.2025,168500.0,170080.0,KG,TECO
1000234,PP01,20000101,1010,25.03.2025,30.03.2025,272900.0,266610.0,KG,TECO
1001997,PP01,30000301,1020,01.04.2025,05.04.2025,63900.0,61150.0,KG,TECO
1001045,PP01,30000204,1010,01.04.2025,05.04.2025,52800.0,53030.0,KG,TECO
1000235,PP01,20000101,1010,01.04.2025,04.04.2025,251200.0,249910.0,KG,TECO
1001805,PP01,30000104,1010,01.04.2025,05.04.2025,81200.0,79570.0,KG,TECO
1001271,PP01,30000101,1010,01.04.2025,05.04.2025,72900.0,72370.0,KG,TECO
1002779,PP01,30000404,1020,02.04.2025,05.04.2025,20000.0,19870.0,KG,TECO
1002201,PP01,30000302,1020,02.04.2025,05.04.2025,91300.0,88530.0,KG,TECO
1000545,PP01,30000201,1010,02.04.2025,06.04.2025,167700.0,166540.0,KG,TECO
1002361,PP01,30000401,1020,02.04.2025,07.04.2025,73200.0,71740.0,KG,TECO
1001635,PP01,30000103,1010,03.04.2025,06.04.2025,70600.0,69540.0,KG,TECO
1000859,PP01,30000203,1010,03.04.2025,05.04.2025,48000.0,47170.0,KG,TECO
1000739,PP01,30000202,1010,03.04.2025,08.04.2025,74100.0,74700.0,KG,TECO
1001447,PP01,30000102,1010,03.04.2025,07.04.2025,168600.0,170230.0,KG,TECO
1002521,PP01,30000402,1020,03.04.2025,06.04.2025,87900.0,87360.0,KG,TECO
1002895,PP01,30000405,1020,03.04.2025,06.04.2025,45400.0,45020.0,KG,TECO
1002667,PP01,30000403,1020,03.04.2025,06.04.2025,83700.0,82210.0,KG,TECO
1000546,PP01,30000201,1010,06.04.2025,09.04.2025,167700.0,163600.0,KG,TECO
1000236,PP01,20000101,1010,07.04.2025,10.04.2025,251200.0,252820.0,KG,TECO
1001272,PP01,30000101,1010,08.04.2025,11.04.2025,72900.0,71450.0,KG,TECO
1001046,PP01,30000204,1010,09.04.2025,11.04.2025,52800.0,51920.0,KG,TECO
1001448,PP01,30000102,1010,09.04.2025,11.04.2025,168600.0,163920.0,KG,TECO
1000547,PP01,30000201,1010,10.04.2025,15.04.2025,167700.0,166880.0,KG,TECO
1001998,PP01,30000301,1020,10.04.2025,15.04.2025,63900.0,63530.0,KG,TECO
1001636,PP01,30000103,1010,10.04.2025,12.04.2025,70600.0,70760.0,KG,TECO
1000237,PP01,20000101,1010,11.04.2025,16.04.2025,251200.0,247240.0,KG,TECO
1001449,PP01,30000102,1010,15.04.2025,19.04.2025,168600.0,166670.0,KG,TECO
1000740,PP01,30000202,1010,15.04.2025,19.04.2025,74100.0,73430.0,KG,TECO
1000548,PP01,30000201,1010,15.04.2025,20.04.2025,167700.0,166290.0,KG,TECO
1000860,PP01,30000203,1010,15.04.2025,19.04.2025,48000.0,47780.0,KG,TECO
1002780,PP01,30000404,1020,15.04.2025,18.04.2025,20000.0,19740.0,KG,TECO
1002202,PP01,30000302,1020,15.04.2025,19.04.2025,91300.0,91060.0,KG,TECO
1002362,PP01,30000401,1020,15.04.2025,20.04.2025,73200.0,72200.0,KG,TECO
1001637,PP01,30000103,1010,15.04.2025,17.04.2025,70600.0,69540.0,KG,TECO
1002522,PP01,30000402,1020,15.04.2025,20.04.2025,87900.0,86590.0,KG,TECO
1000238,PP01,20000101,1010,16.04.2025,19.04.2025,251200.0,248920.0,KG,TECO
1001999,PP01,30000301,1020,16.04.2025,19.04.2025,63900.0,61820.0,KG,TECO
1001806,PP01,30000104,1010,16.04.2025,18.04.2025,81200.0,79920.0,KG,TECO
1002668,PP01,30000403,1020,16.04.2025,18.04.2025,83700.0,86560.0,KG,TECO
1001047,PP01,30000204,1010,17.04.2025,19.04.2025,52800.0,51690.0,KG,TECO
1002896,PP01,30000405,1020,17.04.2025,19.04.2025,45400.0,45460.0,KG,TECO
1001273,PP01,30000101,1010,17.04.2025,22.04.2025,72900.0,70850.0,KG,TECO
1000549,PP01,30000201,1010,19.04.2025,22.04.2025,167700.0,160910.0,KG,TECO
1000239,PP01,20000101,1010,20.04.2025,22.04.2025,251200.0,244150.0,KG,TECO
1001274,PP01,30000101,1010,22.04.2025,26.04.2025,72900.0,72620.0,KG,TECO
1001450,PP01,30000102,1010,23.04.2025,27.04.2025,168600.0,170610.0,KG,TECO
1001638,PP01,30000103,1010,23.04.2025,25.04.2025,70600.0,69500.0,KG,TECO
1002000,PP01,30000301,1020,24.04.2025,29.04.2025,63900.0,64210.0,KG,TECO
1001048,PP01,30000204,1010,24.04.2025,26.04.2025,52800.0,52410.0,KG,TECO
1000240,PP01,20000101,1010,26.04.2025,29.04.2025,251200.0,248100.0,KG,TECO
1000550,PP01,30000201,1010,26.04.2025,28.04.2025,167700.0,165830.0,KG,TECO
1002363,PP01,30000401,1020,01.05.2025,03.05.2025,90400.0,87780.0,KG,TECO
1001807,PP01,30000104,1010,01.05.2025,03.05.2025,73600.0,72550.0,KG,TECO
1001451,PP01,30000102,1010,01.05.2025,06.05.2025,161900.0,156280.0,KG,TECO
1000241,PP01,20000101,1010,01.05.2025,03.05.2025,261600.0,262530.0,KG,TECO
1002203,PP01,30000302,1020,01.05.2025,05.05.2025,77400.0,77450.0,KG,TECO
1001049,PP01,30000204,1010,01.05.2025,03.05.2025,61600.0,61070.0,KG,TECO
1002669,PP01,30000403,1020,02.05.2025,07.05.2025,56000.0,55780.0,KG,TECO
1001639,PP01,30000103,1010,02.05.2025,05.05.2025,95500.0,94270.0,KG,TECO
1002781,PP01,30000404,1020,02.05.2025,06.05.2025,31900.0,31490.0,KG,TECO
1000551,PP01,30000201,1010,02.05.2025,06.05.2025,249300.0,245290.0,KG,TECO
1002001,PP01,30000301,1020,02.05.2025,04.05.2025,56600.0,56330.0,KG,TECO
1000861,PP01,30000203,1010,02.05.2025,06.05.2025,55800.0,56740.0,KG,TECO
1002897,PP01,30000405,1020,03.05.2025,06.05.2025,51200.0,49770.0,KG,TECO
1001275,PP01,30000101,1010,03.05.2025,08.05.2025,55400.0,54870.0,KG,TECO
1002523,PP01,30000402,1020,03.05.2025,05.05.2025,83800.0,83100.0,KG,TECO
1000741,PP01,30000202,1010,03.05.2025,06.05.2025,91900.0,89000.0,KG,TECO
1000242,PP01,20000101,1010,07.05.2025,09.05.2025,261600.0,257050.0,KG,TECO
1002204,PP01,30000302,1020,08.05.2025,11.05.2025,77400.0,76870.0,KG,TECO
1001276,PP01,30000101,1010,08.05.2025,10.05.2025,55400.0,54690.0,KG,TECO
1001050,PP01,30000204,1010,10.05.2025,14.05.2025,61600.0,61890.0,KG,TECO
1000552,PP01,30000201,1010,10.05.2025,12.05.2025,249300.0,244020.0,KG,TECO
1001452,PP01,30000102,1010,10.05.2025,12.05.2025,161900.0,158140.0,KG,TECO
1002002,PP01,30000301,1020,10.05.2025,15.05.2025,56600.0,56030.0,KG,TECO
1000243,PP01,20000101,1010,11.05.2025,14.05.2025,261600.0,258020.0,KG,TECO
1000244,PP01,20000101,1010,15.05.2025,19.05.2025,261600.0,257210.0,KG,TECO
1002205,PP01,30000302,1020,15.05.2025,19.05.2025,77400.0,78550.0,KG,TECO
1001453,PP01,30000102,1010,15.05.2025,20.05.2025,161900.0,165070.0,KG,TECO
1000862,PP01,30000203,1010,15.05.2025,20.05.2025,55800.0,56490.0,KG,TECO
1001277,PP01,30000101,1010,15.05.2025,17.05.2025,55400.0,55180.0,KG,TECO
1002364,PP01,30000401,1020,15.05.2025,17.05.2025,90400.0,89900.0,KG,TECO
1002670,PP01,30000403,1020,15.05.2025,17.05.2025,56000.0,54480.0,KG,TECO
1001640,PP01,30000103,1010,15.05.2025,19.05.2025,95500.0,94210.0,KG,TECO
1001051,PP01,30000204,1010,16.05.2025,20.05.2025,61600.0,61160.0,KG,TECO
1000742,PP01,30000202,1010,16.05.2025,20.05.2025,91900.0,91100.0,KG,TECO
1001808,PP01,30000104,1010,16.05.2025,21.05.2025,73600.0,72340.0,KG,TECO
1002782,PP01,30000404,1020,16.05.2025,20.05.2025,31900.0,32630.0,KG,TECO
1002524,PP01,30000402,1020,17.05.2025,19.05.2025,83800.0,81540.0,KG,TECO
1002003,PP01,30000301,1020,17.05.2025,20.05.2025,56600.0,56800.0,KG,TECO
1000553,PP01,30000201,1010,17.05.2025,22.05.2025,249300.0,250460.0,KG,TECO
1002898,PP01,30000405,1020,17.05.2025,20.05.2025,51200.0,50480.0,KG,TECO
1000245,PP01,20000101,1010,20.05.2025,24.05.2025,261600.0,257470.0,KG,TECO
1001454,PP01,30000102,1010,22.05.2025,26.05.2025,161900.0,164050.0,KG,TECO
1001052,PP01,30000204,1010,23.05.2025,25.05.2025,61600.0,60600.0,KG,TECO
1000554,PP01,30000201,1010,23.05.2025,27.05.2025,249300.0,246250.0,KG,TECO
1001278,PP01,30000101,1010,24.05.2025,29.05.2025,55400.0,54020.0,KG,TECO
1002004,PP01,30000301,1020,24.05.2025,27.05.2025,56600.0,56680.0,KG,TECO
1002206,PP01,30000302,1020,24.05.2025,27.05.2025,77400.0,74740.0,KG,TECO
1000246,PP01,20000101,1010,25.05.2025,27.05.2025,261600.0,256960.0,KG,TECO
1002005,PP01,30000301,1020,01.06.2025,06.06.2025,88600.0,88410.0,KG,TECO
1002525,PP01,30000402,1020,01.06.2025,04.06.2025,66400.0,65370.0,KG,TECO
1002365,PP01,30000401,1020,01.06.2025,04.06.2025,92600.0,93460.0,KG,TECO
1002783,PP01,30000404,1020,01.06.2025,06.06.2025,14100.0,14040.0,KG,TECO
1001455,PP01,30000102,1010,01.06.2025,04.06.2025,182500.0,180130.0,KG,TECO
1000863,PP01,30000203,1010,01.06.2025,05.06.2025,50800.0,49900.0,KG,TECO
1001053,PP01,30000204,1010,01.06.2025,03.06.2025,74100.0,71430.0,KG,TECO
1001809,PP01,30000104,1010,01.06.2025,04.06.2025,71900.0,71840.0,KG,TECO
1002207,PP01,30000302,1020,02.06.2025,07.06.2025,80200.0,78040.0,KG,TECO
1002671,PP01,30000403,1020,02.06.2025,06.06.2025,89100.0,87900.0,KG,TECO
1001279,PP01,30000101,1010,02.06.2025,04.06.2025,63400.0,62830.0,KG,TECO
1000743,PP01,30000202,1010,02.06.2025,06.06.2025,73100.0,74240.0,KG,TECO
1000555,PP01,30000201,1010,02.06.2025,05.06.2025,170800.0,168810.0,KG,TECO
1000247,PP01,20000101,1010,03.06.2025,08.06.2025,269200.0,267650.0,KG,TECO
1002899,PP01,30000405,1020,03.06.2025,06.06.2025,53300.0,52250.0,KG,TECO
1001641,PP01,30000103,1010,03.06.2025,06.06.2025,85900.0,86470.0,KG,TECO
1000556,PP01,30000201,1010,07.06.2025,10.06.2025,170800.0,171500.0,KG,TECO
1000248,PP01,20000101,1010,07.06.2025,09.06.2025,269200.0,272080.0,KG,TECO
1002526,PP01,30000402,1020,08.06.2025,12.06.2025,66400.0,67680.0,KG,TECO
1001280,PP01,30000101,1010,09.06.2025,11.06.2025,63400.0,63880.0,KG,TECO
1001810,PP01,30000104,1010,09.06.2025,11.06.2025,71900.0,68620.0,KG,TECO
1001054,PP01,30000204,1010,09.06.2025,11.06.2025,74100.0,73440.0,KG,TECO
1001456,PP01,30000102,1010,10.06.2025,13.06.2025,182500.0,179540.0,KG,TECO
1002006,PP01,30000301,1020,10.06.2025,15.06.2025,88600.0,85880.0,KG,TECO
1000249,PP01,20000101,1010,12.06.2025,14.06.2025,269200.0,264620.0,KG,TECO
1000557,PP01,30000201,1010,12.06.2025,15.06.2025,170800.0,168420.0,KG,TECO
1002007,PP01,30000301,1020,15.06.2025,18.06.2025,88600.0,88010.0,KG,TECO
1000864,PP01,30000203,1010,15.06.2025,19.06.2025,50800.0,50990.0,KG,TECO
1002208,PP01,30000302,1020,15.06.2025,19.06.2025,80200.0,82050.0,KG,TECO
1002672,PP01,30000403,1020,15.06.2025,20.06.2025,89100.0,87920.0,KG,TECO
1001811,PP01,30000104,1010,16.06.2025,20.06.2025,71900.0,70830.0,KG,TECO
1002366,PP01,30000401,1020,16.06.2025,20.06.2025,92600.0,92320.0,KG,TECO
1000250,PP01,20000101,1010,16.06.2025,19.06.2025,269200.0,261570.0,KG,TECO
1000744,PP01,30000202,1010,16.06.2025,21.06.2025,73100.0,73850.0,KG,TECO
1002527,PP01,30000402,1020,16.06.2025,20.06.2025,66400.0,66280.0,KG,TECO
1002900,PP01,30000405,1020,17.06.2025,20.06.2025,53300.0,53890.0,KG,TECO
1001457,PP01,30000102,1010,17.06.2025,21.06.2025,182500.0,178500.0,KG,TECO
1001281,PP01,30000101,1010,17.06.2025,22.06.2025,63400.0,62980.0,KG,TECO
1002784,PP01,30000404,1020,17.06.2025,22.06.2025,14100.0,13730.0,KG,TECO
1000558,PP01,30000201,1010,17.06.2025,21.06.2025,170800.0,167770.0,KG,TECO
1001642,PP01,30000103,1010,17.06.2025,21.06.2025,85900.0,85620.0,KG,TECO
1001055,PP01,30000204,1010,17.06.2025,21.06.2025,74100.0,74430.0,KG,TECO
1000251,PP01,20000101,1010,19.06.2025,23.06.2025,269200.0,268100.0,KG,TECO
1000559,PP01,30000201,1010,21.06.2025,24.06.2025,170800.0,166440.0,KG,TECO
1002528,PP01,30000402,1020,22.06.2025,24.06.2025,66400.0,63920.0,KG,TECO
1001458,PP01,30000102,1010,22.06.2025,26.06.2025,182500.0,179100.0,KG,TECO
1002008,PP01,30000301,1020,22.06.2025,25.06.2025,88600.0,85270.0,KG,TECO
1001056,PP01,30000204,1010,22.06.2025,25.06.2025,74100.0,73990.0,KG,TECO
1000560,PP01,30000201,1010,24.06.2025,28.06.2025,170800.0,170400.0,KG,TECO
1001282,PP01,30000101,1010,24.06.2025,28.06.2025,63400.0,62180.0,KG,TECO
1001812,PP01,30000104,1010,24.06.2025,27.06.2025,71900.0,71430.0,KG,TECO
1000252,PP01,20000101,1010,26.06.2025,01.07.2025,269200.0,270950.0,KG,TECO
1000253,PP01,20000101,1010,01.07.2025,03.07.2025,271400.0,266010.0,KG,TECO
1001459,PP01,30000102,1010,01.07.2025,06.07.2025,173200.0,172730.0,KG,TECO
1000865,PP01,30000203,1010,01.07.2025,03.07.2025,63600.0,63500.0,KG,TECO
1002209,PP01,30000302,1020,01.07.2025,05.07.2025,52300.0,50710.0,KG,TECO
1002367,PP01,30000401,1020,01.07.2025,06.07.2025,53700.0,52850.0,KG,TECO
1002009,PP01,30000301,1020,01.07.2025,03.07.2025,55600.0,53710.0,KG,TECO
1001813,PP01,30000104,1010,02.07.2025,06.07.2025,56200.0,55330.0,KG,TECO
1001283,PP01,30000101,1010,02.07.2025,04.07.2025,88900.0,85150.0,KG,TECO
1002529,PP01,30000402,1020,02.07.2025,06.07.2025,48600.0,47540.0,KG,TECO
1000561,PP01,30000201,1010,02.07.2025,04.07.2025,170500.0,169880.0,KG,TECO
1000745,PP01,30000202,1010,03.07.2025,05.07.2025,56000.0,55820.0,KG,TECO
1001643,PP01,30000103,1010,03.07.2025,08.07.2025,81600.0,80290.0,KG,TECO
1002673,PP01,30000403,1020,03.07.2025,08.07.2025,66200.0,65210.0,KG,TECO
1002901,PP01,30000405,1020,03.07.2025,06.07.2025,53800.0,53420.0,KG,TECO
1002785,PP01,30000404,1020,03.07.2025,07.07.2025,37600.0,37530.0,KG,TECO
1001057,PP01,30000204,1010,03.07.2025,06.07.2025,85800.0,85470.0,KG,TECO
1000254,PP01,20000101,1010,06.07.2025,08.07.2025,271400.0,272230.0,KG,TECO
1000562,PP01,30000201,1010,07.07.2025,10.07.2025,170500.0,168300.0,KG,TECO
1002210,PP01,30000302,1020,08.07.2025,13.07.2025,52300.0,51330.0,KG,TECO
1001814,PP01,30000104,1010,08.07.2025,10.07.2025,56200.0,55700.0,KG,TECO
1001058,PP01,30000204,1010,09.07.2025,13.07.2025,85800.0,86290.0,KG,TECO
1002010,PP01,30000301,1020,10.07.2025,15.07.2025,55600.0,53970.0,KG,TECO
1001460,PP01,30000102,1010,10.07.2025,15.07.2025,173200.0,170880.0,KG,TECO
1000255,PP01,20000101,1010,11.07.2025,13.07.2025,271400.0,261480.0,KG,TECO
1000563,PP01,30000201,1010,12.07.2025,17.07.2025,170500.0,169660.0,KG,TECO
1001284,PP01,30000101,1010,15.07.2025,19.07.2025,88900.0,88130.0,KG,TECO
1000746,PP01,30000202,1010,15.07.2025,17.07.2025,56000.0,55940.0,KG,TECO
1001644,PP01,30000103,1010,15.07.2025,18.07.2025,81600.0,81060.0,KG,TECO
1001815,PP01,30000104,1010,15.07.2025,19.07.2025,56200.0,55600.0,KG,TECO
1000256,PP01,20000101,1010,15.07.2025,17.07.2025,271400.0,268370.0,KG,TECO
1000564,PP01,30000201,1010,15.07.2025,17.07.2025,170500.0,165480.0,KG,TECO
1002902,PP01,30000405,1020,16.07.2025,21.07.2025,53800.0,52390.0,KG,TECO
1000866,PP01,30000203,1010,16.07.2025,19.07.2025,63600.0,64290.0,KG,TECO
1002011,PP01,30000301,1020,16.07.2025,20.07.2025,55600.0,54690.0,KG,TECO
1002211,PP01,30000302,1020,16.07.2025,20.07.2025,52300.0,53330.0,KG,TECO
1001059,PP01,30000204,1010,16.07.2025,20.07.2025,85800.0,85270.0,KG,TECO
1002674,PP01,30000403,1020,16.07.2025,19.07.2025,66200.0,65230.0,KG,TECO
1002368,PP01,30000401,1020,16.07.2025,21.07.2025,53700.0,52620.0,KG,TECO
1002530,PP01,30000402,1020,16.07.2025,18.07.2025,48600.0,48400.0,KG,TECO
1002786,PP01,30000404,1020,17.07.2025,21.07.2025,37600.0,37070.0,KG,TECO
1001461,PP01,30000102,1010,17.07.2025,21.07.2025,173200.0,170530.0,KG,TECO
1000257,PP01,20000101,1010,20.07.2025,23.07.2025,271400.0,267970.0,KG,TECO
1000565,PP01,30000201,1010,21.07.2025,26.07.2025,170500.0,172200.0,KG,TECO
1001060,PP01,30000204,1010,22.07.2025,26.07.2025,85800.0,86270.0,KG,TECO
1001816,PP01,30000104,1010,22.07.2025,25.07.2025,56200.0,56350.0,KG,TECO
1001462,PP01,30000102,1010,23.07.2025,26.07.2025,173200.0,171570.0,KG,TECO
1000566,PP01,30000201,1010,24.07.2025,29.07.2025,170500.0,168930.0,KG,TECO
1002212,PP01,30000302,1020,24.07.2025,26.07.2025,52300.0,51850.0,KG,TECO
1002012,PP01,30000301,1020,24.07.2025,26.07.2025,55600.0,55720.0,KG,TECO
1000258,PP01,20000101,1010,24.07.2025,29.07.2025,271400.0,274710.0,KG,TECO
1002531,PP01,30000402,1020,01.08.2025,06.08.2025,57700.0,56170.0,KG,TECO
1002213,PP01,30000302,1020,01.08.2025,03.08.2025,70100.0,69520.0,KG,TECO
1002903,PP01,30000405,1020,01.08.2025,03.08.2025,29500.0,29900.0,KG,TECO
1000567,PP01,30000201,1010,01.08.2025,04.08.2025,248100.0,237390.0,KG,TECO
1001061,PP01,30000204,1010,02.08.2025,07.08.2025,71400.0,70460.0,KG,TECO
1002675,PP01,30000403,1020,02.08.2025,07.08.2025,82500.0,81810.0,KG,TECO
1002013,PP01,30000301,1020,02.08.2025,07.08.2025,64700.0,64820.0,KG,TECO
1000259,PP01,20000101,1010,02.08.2025,05.08.2025,264700.0,257250.0,KG,TECO
1001285,PP01,30000101,1010,03.08.2025,08.08.2025,50600.0,49560.0,KG,TECO
1001645,PP01,30000103,1010,03.08.2025,07.08.2025,85300.0,83560.0,KG,TECO
1001817,PP01,30000104,1010,03.08.2025,06.08.2025,87600.0,87030.0,KG,TECO
1002787,PP01,30000404,1020,03.08.2025,07.08.2025,19800.0,19910.0,KG,TECO
1000747,PP01,30000202,1010,03.08.2025,05.08.2025,83400.0,82610.0,KG,TECO
1002369,PP01,30000401,1020,03.08.2025,07.08.2025,53400.0,52940.0,KG,TECO
1001463,PP01,30000102,1010,03.08.2025,08.08.2025,166400.0,164420.0,KG,TECO
1000867,PP01,30000203,1010,03.08.2025,05.08.2025,87300.0,85370.0,KG,TECO
1000260,PP01,20000101,1010,07.08.2025,10.08.2025,264700.0,267460.0,KG,TECO
1001464,PP01,30000102,1010,08.08.2025,13.08.2025,166400.0,170140.0,KG,TECO
1000568,PP01,30000201,1010,08.08.2025,11.08.2025,248100.0,245980.0,KG,TECO
1002014,PP01,30000301,1020,08.08.2025,12.08.2025,64700.0,64940.0,KG,TECO
1001818,PP01,30000104,1010,08.08.2025,13.08.2025,87600.0,86060.0,KG,TECO
1002214,PP01,30000302,1020,08.08.2025,11.08.2025,70100.0,69430.0,KG,TECO
1001286,PP01,30000101,1010,09.08.2025,11.08.2025,50600.0,49940.0,KG,TECO
1001062,PP01,30000204,1010,10.08.2025,15.08.2025,71400.0,70750.0,KG,TECO
1002532,PP01,30000402,1020,10.08.2025,14.08.2025,57700.0,57650.0,KG,TECO
1000261,PP01,20000101,1010,12.08.2025,14.08.2025,264700.0,266720.0,KG,TECO
1001646,PP01,30000103,1010,15.08.2025,18.08.2025,85300.0,86190.0,KG,TECO
1000868,PP01,30000203,1010,15.08.2025,20.08.2025,87300.0,87110.0,KG,TECO
1000262,PP01,20000101,1010,15.08.2025,18.08.2025,264700.0,265680.0,KG,TECO
1001287,PP01,30000101,1010,15.08.2025,18.08.2025,50600.0,49850.0,KG,TECO
1002676,PP01,30000403,1020,15.08.2025,20.08.2025,82500.0,81250.0,KG,TECO
1002533,PP01,30000402,1020,15.08.2025,18.08.2025,57700.0,57810.0,KG,TECO
1000748,PP01,30000202,1010,16.08.2025,19.08.2025,83400.0,82750.0,KG,TECO
1002015,PP01,30000301,1020,16.08.2025,19.08.2025,64700.0,64290.0,KG,TECO
1002904,PP01,30000405,1020,17.08.2025,19.08.2025,29500.0,29550.0,KG,TECO
1002788,PP01,30000404,1020,17.08.2025,22.08.2025,19800.0,19560.0,KG,TECO
1002370,PP01,30000401,1020,17.08.2025,19.08.2025,53400.0,52990.0,KG,TECO
1001465,PP01,30000102,1010,17.08.2025,20.08.2025,166400.0,168400.0,KG,TECO
1001063,PP01,30000204,1010,17.08.2025,22.08.2025,71400.0,70290.0,KG,TECO
1002215,PP01,30000302,1020,17.08.2025,20.08.2025,70100.0,68560.0,KG,TECO
1001819,PP01,30000104,1010,17.08.2025,20.08.2025,87600.0,86000.0,KG,TECO
1000569,PP01,30000201,1010,17.08.2025,19.08.2025,248100.0,250580.0,KG,TECO
1000263,PP01,20000101,1010,21.08.2025,23.08.2025,264700.0,269520.0,KG,TECO
1002534,PP01,30000402,1020,22.08.2025,24.08.2025,57700.0,58340.0,KG,TECO
1002016,PP01,30000301,1020,22.08.2025,26.08.2025,64700.0,63940.0,KG,TECO
1002216,PP01,30000302,1020,23.08.2025,27.08.2025,70100.0,70270.0,KG,TECO
1001064,PP01,30000204,1010,23.08.2025,28.08.2025,71400.0,69380.0,KG,TECO
1000264,PP01,20000101,1010,24.08.2025,26.08.2025,264700.0,261460.0,KG,TECO
1001288,PP01,30000101,1010,24.08.2025,28.08.2025,50600.0,50700.0,KG,TECO
1000570,PP01,30000201,1010,24.08.2025,26.08.2025,248100.0,246400.0,KG,TECO
1001466,PP01,30000102,1010,24.08.2025,27.08.2025,166400.0,162530.0,KG,TECO
1001820,PP01,30000104,1010,24.08.2025,29.08.2025,87600.0,86240.0,KG,TECO
1002789,PP01,30000404,1020,01.09.2025,03.09.2025,46500.0,46500.0,KG,TECO
1001289,PP01,30000101,1010,01.09.2025,05.09.2025,94000.0,91380.0,KG,TECO
1002535,PP01,30000402,1020,01.09.2025,05.09.2025,89400.0,90510.0,KG,TECO
1000749,PP01,30000202,1010,01.09.2025,03.09.2025,38700.0,37310.0,KG,TECO
1002371,PP01,30000401,1020,01.09.2025,04.09.2025,99200.0,99560.0,KG,TECO
1001467,PP01,30000102,1010,01.09.2025,06.09.2025,189600.0,184650.0,KG,TECO
1001647,PP01,30000103,1010,01.09.2025,05.09.2025,62500.0,61970.0,KG,TECO
1000869,PP01,30000203,1010,02.09.2025,06.09.2025,64900.0,64640.0,KG,TECO
1002677,PP01,30000403,1020,02.09.2025,04.09.2025,91100.0,90900.0,KG,TECO
1002017,PP01,30000301,1020,02.09.2025,07.09.2025,71700.0,69670.0,KG,TECO
1001821,PP01,30000104,1010,03.09.2025,08.09.2025,52800.0,52840.0,KG,TECO
1000265,PP01,20000101,1010,03.09.2025,05.09.2025,266100.0,259550.0,KG,TECO
1002217,PP01,30000302,1020,03.09.2025,07.09.2025,70300.0,68550.0,KG,TECO
1000571,PP01,30000201,1010,03.09.2025,07.09.2025,168600.0,165630.0,KG,TECO
1001065,PP01,30000204,1010,03.09.2025,08.09.2025,89600.0,88300.0,KG,TECO
1002905,PP01,30000405,1020,03.09.2025,07.09.2025,52400.0,50790.0,KG,TECO
1000266,PP01,20000101,1010,05.09.2025,09.09.2025,266100.0,265240.0,KG,TECO
1000572,PP01,30000201,1010,06.09.2025,11.09.2025,168600.0,165900.0,KG,TECO
1002018,PP01,30000301,1020,08.09.2025,10.09.2025,71700.0,70900.0,KG,TECO
1001468,PP01,30000102,1010,09.09.2025,12.09.2025,189600.0,186540.0,KG,TECO
1001822,PP01,30000104,1010,09.09.2025,14.09.2025,52800.0,52050.0,KG,TECO
1000573,PP01,30000201,1010,10.09.2025,13.09.2025,168600.0,164340.0,KG,TECO
1002218,PP01,30000302,1020,10.09.2025,13.09.2025,70300.0,69260.0,KG,TECO
1001648,PP01,30000103,1010,10.09.2025,14.09.2025,62500.0,61790.0,KG,TECO
1001066,PP01,30000204,1010,10.09.2025,13.09.2025,89600.0,87790.0,KG,TECO
1000267,PP01,20000101,1010,11.09.2025,14.09.2025,266100.0,262770.0,KG,TECO
1001469,PP01,30000102,1010,15.09.2025,20.09.2025,189600.0,183000.0,KG,TECO
1001290,PP01,30000101,1010,15.09.2025,20.09.2025,94000.0,91860.0,KG,TECO
1000750,PP01,30000202,1010,15.09.2025,17.09.2025,38700.0,38430.0,KG,TECO
1001823,PP01,30000104,1010,15.09.2025,18.09.2025,52800.0,53750.0,KG,TECO
1002019,PP01,30000301,1020,16.09.2025,19.09.2025,71700.0,70650.0,KG,TECO
1001067,PP01,30000204,1010,16.09.2025,18.09.2025,89600.0,87830.0,KG,TECO
1002536,PP01,30000402,1020,16.09.2025,20.09.2025,89400.0,86600.0,KG,TECO
1000268,PP01,20000101,1010,16.09.2025,20.09.2025,266100.0,267250.0,KG,TECO
1002790,PP01,30000404,1020,16.09.2025,18.09.2025,46500.0,45250.0,KG,TECO
1002372,PP01,30000401,1020,17.09.2025,19.09.2025,99200.0,98070.0,KG,TECO
1001649,PP01,30000103,1010,17.09.2025,21.09.2025,62500.0,62180.0,KG,TECO
1002906,PP01,30000405,1020,17.09.2025,21.09.2025,52400.0,51500.0,KG,TECO
1002219,PP01,30000302,1020,17.09.2025,22.09.2025,70300.0,70730.0,KG,TECO
1002678,PP01,30000403,1020,17.09.2025,20.09.2025,91100.0,89960.0,KG,TECO
1000870,PP01,30000203,1010,17.09.2025,21.09.2025,64900.0,63110.0,KG,TECO
1000574,PP01,30000201,1010,17.09.2025,21.09.2025,168600.0,166230.0,KG,TECO
1000575,PP01,30000201,1010,20.09.2025,22.09.2025,168600.0,164120.0,KG,TECO
1000269,PP01,20000101,1010,21.09.2025,24.09.2025,266100.0,270540.0,KG,TECO
1001824,PP01,30000104,1010,22.09.2025,27.09.2025,52800.0,52860.0,KG,TECO
1001470,PP01,30000102,1010,22.09.2025,24.09.2025,189600.0,190110.0,KG,TECO
1002020,PP01,30000301,1020,23.09.2025,27.09.2025,71700.0,70770.0,KG,TECO
1001068,PP01,30000204,1010,23.09.2025,27.09.2025,89600.0,88690.0,KG,TECO
1001650,PP01,30000103,1010,23.09.2025,25.09.2025,62500.0,62160.0,KG,TECO
1002220,PP01,30000302,1020,24.09.2025,29.09.2025,70300.0,68510.0,KG,TECO
1000576,PP01,30000201,1010,25.09.2025,29.09.2025,168600.0,163960.0,KG,TECO
1000270,PP01,20000101,1010,26.09.2025,28.09.2025,266100.0,260410.0,KG,TECO
1001651,PP01,30000103,1010,01.10.2025,04.10.2025,51500.0,49910.0,KG,TECO
1001471,PP01,30000102,1010,01.10.2025,03.10.2025,179000.0,178800.0,KG,TECO
1002791,PP01,30000404,1020,01.10.2025,06.10.2025,85900.0,83830.0,KG,TECO
1000577,PP01,30000201,1010,02.10.2025,06.10.2025,247600.0,243580.0,KG,TECO
1002373,PP01,30000401,1020,02.10.2025,04.10.2025,88300.0,87350.0,KG,TECO
1002537,PP01,30000402,1020,02.10.2025,07.10.2025,95900.0,92530.0,KG,TECO
1001291,PP01,30000101,1010,02.10.2025,06.10.2025,91700.0,92900.0,KG,TECO
1000871,PP01,30000203,1010,02.10.2025,05.10.2025,79000.0,78410.0,KG,TECO
1002907,PP01,30000405,1020,03.10.2025,06.10.2025,76300.0,74660.0,KG,TECO
1002221,PP01,30000302,1020,03.10.2025,05.10.2025,61000.0,61580.0,KG,TECO
1001069,PP01,30000204,1010,03.10.2025,07.10.2025,66100.0,65130.0,KG,TECO
1000271,PP01,20000101,1010,03.10.2025,07.10.2025,253300.0,253230.0,KG,TECO
1002021,PP01,30000301,1020,03.10.2025,08.10.2025,64200.0,62310.0,KG,TECO
1001825,PP01,30000104,1010,03.10.2025,07.10.2025,97800.0,97490.0,KG,TECO
1002679,PP01,30000403,1020,03.10.2025,05.10.2025,56700.0,56280.0,KG,TECO
1000751,PP01,30000202,1010,03.10.2025,08.10.2025,61500.0,61560.0,KG,TECO
1000272,PP01,20000101,1010,07.10.2025,10.10.2025,253300.0,248480.0,KG,TECO
1000578,PP01,30000201,1010,08.10.2025,11.10.2025,247600.0,247910.0,KG,TECO
1001070,PP01,30000204,1010,09.10.2025,12.10.2025,66100.0,65910.0,KG,TECO
1002222,PP01,30000302,1020,10.10.2025,15.10.2025,61000.0,61550.0,KG,TECO
1001472,PP01,30000102,1010,10.10.2025,14.10.2025,179000.0,177990.0,KG,TECO
1002022,PP01,30000301,1020,10.10.2025,12.10.2025,64200.0,62570.0,KG,TECO
1000273,PP01,20000101,1010,11.10.2025,13.10.2025,253300.0,255040.0,KG,TECO
1001652,PP01,30000103,1010,15.10.2025,19.10.2025,51500.0,50160.0,KG,TECO
1000752,PP01,30000202,1010,15.10.2025,20.10.2025,61500.0,60750.0,KG,TECO
1002792,PP01,30000404,1020,15.10.2025,18.10.2025,85900.0,83960.0,KG,TECO
1001826,PP01,30000104,1010,16.10.2025,19.10.2025,97800.0,97080.0,KG,TECO
1002023,PP01,30000301,1020,16.10.2025,21.10.2025,64200.0,62940.0,KG,TECO
1001473,PP01,30000102,1010,16.10.2025,18.10.2025,179000.0,181460.0,KG,TECO
1002680,PP01,30000403,1020,16.10.2025,19.10.2025,56700.0,54630.0,KG,TECO
1000579,PP01,30000201,1010,16.10.2025,20.10.2025,247600.0,251360.0,KG,TECO
1001071,PP01,30000204,1010,17.10.2025,19.10.2025,66100.0,66570.0,KG,TECO
1000872,PP01,30000203,1010,17.10.2025,22.10.2025,79000.0,78040.0,KG,TECO
1002374,PP01,30000401,1020,17.10.2025,22.10.2025,88300.0,87950.0,KG,TECO
1002538,PP01,30000402,1020,17.10.2025,19.10.2025,95900.0,94500.0,KG,TECO
1002908,PP01,30000405,1020,17.10.2025,20.10.2025,76300.0,77570.0,KG,TECO
1000274,PP01,20000101,1010,17.10.2025,22.10.2025,253300.0,247810.0,KG,TECO
1001292,PP01,30000101,1010,17.10.2025,19.10.2025,91700.0,89750.0,KG,TECO
1002223,PP01,30000302,1020,17.10.2025,22.10.2025,61000.0,59070.0,KG,TECO
1000275,PP01,20000101,1010,21.10.2025,25.10.2025,253300.0,255980.0,KG,TECO
1000580,PP01,30000201,1010,22.10.2025,26.10.2025,247600.0,244060.0,KG,TECO
1002224,PP01,30000302,1020,23.10.2025,26.10.2025,61000.0,60690.0,KG,TECO
1001474,PP01,30000102,1010,23.10.2025,26.10.2025,179000.0,184630.0,KG,TECO
1002024,PP01,30000301,1020,23.10.2025,26.10.2025,64200.0,62410.0,KG,TECO
1000276,PP01,20000101,1010,24.10.2025,26.10.2025,253300.0,251550.0,KG,TECO
1001072,PP01,30000204,1010,24.10.2025,26.10.2025,66100.0,64360.0,KG,TECO
1001827,PP01,30000104,1010,01.11.2025,03.11.2025,73000.0,71990.0,KG,TECO
1001653,PP01,30000103,1010,01.11.2025,03.11.2025,91100.0,88600.0,KG,TECO
1002793,PP01,30000404,1020,01.11.2025,03.11.2025,8100.0,8290.0,KG,TECO
1000873,PP01,30000203,1010,01.11.2025,06.11.2025,39000.0,39890.0,KG,TECO
1001475,PP01,30000102,1010,01.11.2025,06.11.2025,179100.0,174040.0,KG,TECO
1002681,PP01,30000403,1020,02.11.2025,04.11.2025,89100.0,89770.0,KG,TECO
1000753,PP01,30000202,1010,02.11.2025,05.11.2025,74400.0,74350.0,KG,TECO
1002025,PP01,30000301,1020,02.11.2025,05.11.2025,51400.0,50900.0,KG,TECO
1000277,PP01,20000101,1010,02.11.2025,07.11.2025,275400.0,274280.0,KG,TECO
1001293,PP01,30000101,1010,02.11.2025,07.11.2025,64000.0,63440.0,KG,TECO
1000581,PP01,30000201,1010,02.11.2025,06.11.2025,169600.0,167940.0,KG,TECO
1001073,PP01,30000204,1010,02.11.2025,07.11.2025,84300.0,83260.0,KG,TECO
1002225,PP01,30000302,1020,03.11.2025,06.11.2025,74800.0,73320.0,KG,TECO
1002539,PP01,30000402,1020,03.11.2025,07.11.2025,76800.0,75450.0,KG,TECO
1002375,PP01,30000401,1020,03.11.2025,07.11.2025,84000.0,81350.0,KG,TECO
1002909,PP01,30000405,1020,03.11.2025,06.11.2025,38700.0,38600.0,KG,TECO
1000278,PP01,20000101,1010,05.11.2025,08.11.2025,275400.0,270930.0,KG,TECO
1000582,PP01,30000201,1010,06.11.2025,09.11.2025,169600.0,168070.0,KG,TECO
1001476,PP01,30000102,1010,08.11.2025,13.11.2025,179100.0,178510.0,KG,TECO
1002226,PP01,30000302,1020,09.11.2025,13.11.2025,74800.0,75210.0,KG,TECO
1001074,PP01,30000204,1010,09.11.2025,12.11.2025,84300.0,84360.0,KG,TECO
1000583,PP01,30000201,1010,10.11.2025,15.11.2025,169600.0,169950.0,KG,TECO
1002540,PP01,30000402,1020,10.11.2025,15.11.2025,76800.0,74840.0,KG,TECO
1000279,PP01,20000101,1010,10.11.2025,13.11.2025,275400.0,272190.0,KG,TECO
1002026,PP01,30000301,1020,10.11.2025,12.11.2025,51400.0,51100.0,KG,TECO
1001294,PP01,30000101,1010,15.11.2025,20.11.2025,64000.0,61990.0,KG,TECO
1000584,PP01,30000201,1010,15.11.2025,17.11.2025,169600.0,171430.0,KG,TECO
1001828,PP01,30000104,1010,15.11.2025,17.11.2025,73000.0,72240.0,KG,TECO
1002682,PP01,30000403,1020,15.11.2025,17.11.2025,89100.0,90490.0,KG,TECO
1002910,PP01,30000405,1020,15.11.2025,20.11.2025,38700.0,37250.0,KG,TECO
1000874,PP01,30000203,1010,15.11.2025,19.11.2025,39000.0,37120.0,KG,TECO
1002541,PP01,30000402,1020,15.11.2025,17.11.2025,76800.0,76160.0,KG,TECO
1002227,PP01,30000302,1020,15.11.2025,20.11.2025,74800.0,75160.0,KG,TECO
1002027,PP01,30000301,1020,16.11.2025,18.11.2025,51400.0,53060.0,KG,TECO
1000754,PP01,30000202,1010,16.11.2025,18.11.2025,74400.0,75150.0,KG,TECO
1001075,PP01,30000204,1010,16.11.2025,20.11.2025,84300.0,81830.0,KG,TECO
1002794,PP01,30000404,1020,16.11.2025,21.11.2025,8100.0,8140.0,KG,TECO
1001654,PP01,30000103,1010,16.11.2025,20.11.2025,91100.0,88490.0,KG,TECO
1002376,PP01,30000401,1020,16.11.2025,20.11.2025,84000.0,84230.0,KG,TECO
1000280,PP01,20000101,1010,17.11.2025,21.11.2025,275400.0,276390.0,KG,TECO
1001477,PP01,30000102,1010,17.11.2025,21.11.2025,179100.0,178250.0,KG,TECO
1000281,PP01,20000101,1010,19.11.2025,23.11.2025,275400.0,276690.0,KG,TECO
1000585,PP01,30000201,1010,21.11.2025,25.11.2025,169600.0,171580.0,KG,TECO
1002028,PP01,30000301,1020,22.11.2025,24.11.2025,51400.0,50850.0,KG,TECO
1002228,PP01,30000302,1020,22.11.2025,25.11.2025,74800.0,74690.0,KG,TECO
1002542,PP01,30000402,1020,23.11.2025,26.11.2025,76800.0,75990.0,KG,TECO
1001478,PP01,30000102,1010,23.11.2025,26.11.2025,179100.0,177450.0,KG,TECO
1001076,PP01,30000204,1010,23.11.2025,27.11.2025,84300.0,83780.0,KG,TECO
1000586,PP01,30000201,1010,25.11.2025,29.11.2025,169600.0,172590.0,KG,TECO
1000282,PP01,20000101,1010,25.11.2025,28.11.2025,275400.0,268750.0,KG,TECO
1002911,PP01,30000405,1020,01.12.2025,05.12.2025,75200.0,74160.0,KG,TECO
1000283,PP01,20000101,1010,01.12.2025,03.12.2025,260200.0,255350.0,KG,TECO
1001655,PP01,30000103,1010,01.12.2025,03.12.2025,68600.0,68770.0,KG,TECO
1000587,PP01,30000201,1010,01.12.2025,04.12.2025,243200.0,241000.0,KG,TECO
1002377,PP01,30000401,1020,01.12.2025,04.12.2025,69200.0,67670.0,KG,TECO
1002683,PP01,30000403,1020,01.12.2025,03.12.2025,85700.0,83460.0,KG,TECO
1000755,PP01,30000202,1010,01.12.2025,03.12.2025,92100.0,92280.0,KG,TECO
1002229,PP01,30000302,1020,01.12.2025,04.12.2025,73600.0,72210.0,KG,TECO
1001479,PP01,30000102,1010,01.12.2025,03.12.2025,180500.0,181740.0,KG,TECO
1001295,PP01,30000101,1010,02.12.2025,07.12.2025,48500.0,47290.0,KG,TECO
1001829,PP01,30000104,1010,02.12.2025,06.12.2025,54800.0,55130.0,KG,TECO
1002029,PP01,30000301,1020,02.12.2025,05.12.2025,92800.0,90690.0,KG,TECO
1000875,PP01,30000203,1010,02.12.2025,04.12.2025,58400.0,58160.0,KG,TECO
1002795,PP01,30000404,1020,03.12.2025,08.12.2025,37900.0,37540.0,KG,TECO
1001077,PP01,30000204,1010,03.12.2025,06.12.2025,66200.0,66340.0,KG,TECO
1002543,PP01,30000402,1020,03.12.2025,07.12.2025,89400.0,87620.0,KG,TECO
1000284,PP01,20000101,1010,05.12.2025,10.12.2025,260200.0,254130.0,KG,TECO
1001480,PP01,30000102,1010,08.12.2025,13.12.2025,180500.0,178480.0,KG,TECO
1001830,PP01,30000104,1010,08.12.2025,13.12.2025,54800.0,53870.0,KG,TECO
1002030,PP01,30000301,1020,08.12.2025,13.12.2025,92800.0,89520.0,KG,TECO
1002230,PP01,30000302,1020,09.12.2025,14.12.2025,73600.0,73620.0,KG,TECO
1000588,PP01,30000201,1010,10.12.2025,15.12.2025,243200.0,242430.0,KG,TECO
1001078,PP01,30000204,1010,10.12.2025,15.12.2025,66200.0,64740.0,KG,TECO
1000285,PP01,20000101,1010,10.12.2025,12.12.2025,260200.0,256140.0,KG,TECO
1001079,PP01,30000204,1010,15.12.2025,20.12.2025,66200.0,63070.0,KG,TECO
1002544,PP01,30000402,1020,15.12.2025,18.12.2025,89400.0,88680.0,KG,TECO
1002031,PP01,30000301,1020,15.12.2025,18.12.2025,92800.0,92620.0,KG,TECO
1002378,PP01,30000401,1020,15.12.2025,18.12.2025,69200.0,67170.0,KG,TECO
1000876,PP01,30000203,1010,15.12.2025,18.12.2025,58400.0,59110.0,KG,TECO
1000756,PP01,30000202,1010,15.12.2025,20.12.2025,92100.0,92190.0,KG,TECO
1002912,PP01,30000405,1020,16.12.2025,20.12.2025,75200.0,74880.0,KG,TECO
1000589,PP01,30000201,1010,16.12.2025,19.12.2025,243200.0,237510.0,KG,TECO
1001481,PP01,30000102,1010,16.12.2025,20.12.2025,180500.0,183130.0,KG,TECO
1001656,PP01,30000103,1010,16.12.2025,18.12.2025,68600.0,67710.0,KG,TECO
1002231,PP01,30000302,1020,16.12.2025,18.12.2025,73600.0,72540.0,KG,TECO
1002684,PP01,30000403,1020,17.12.2025,20.12.2025,85700.0,83030.0,KG,TECO
1001296,PP01,30000101,1010,17.12.2025,21.12.2025,48500.0,49270.0,KG,TECO
1001831,PP01,30000104,1010,17.12.2025,19.12.2025,54800.0,55000.0,KG,TECO
1000286,PP01,20000101,1010,17.12.2025,21.12.2025,260200.0,252430.0,KG,TECO
1002796,PP01,30000404,1020,17.12.2025,20.12.2025,37900.0,37520.0,KG,TECO
1000287,PP01,20000101,1010,21.12.2025,23.12.2025,260200.0,267560.0,KG,TECO
1002032,PP01,30000301,1020,22.12.2025,25.12.2025,92800.0,91690.0,KG,TECO
1002232,PP01,30000302,1020,23.12.2025,28.12.2025,73600.0,71940.0,KG,TECO
1000590,PP01,30000201,1010,23.12.2025,26.12.2025,243200.0,247420.0,KG,TECO
1001482,PP01,30000102,1010,23.12.2025,28.12.2025,180500.0,176080.0,KG,TECO
1001080,PP01,30000204,1010,24.12.2025,29.12.2025,66200.0,67780.0,KG,TECO
1001832,PP01,30000104,1010,24.12.2025,27.12.2025,54800.0,55010.0,KG,TECO
1000288,PP01,20000101,1010,25.12.2025,27.12.2025,260200.0,257310.0,KG,TECO
1001833,PP01,30000104,1010,01.01.2026,03.01.2026,87800.0,86470.0,KG,TECO
1002685,PP01,30000403,1020,01.01.2026,04.01.2026,91700.0,91410.0,KG,TECO
1002797,PP01,30000404,1020,01.01.2026,05.01.2026,35900.0,35240.0,KG,TECO
1001081,PP01,30000204,1010,01.01.2026,04.01.2026,73200.0,71710.0,KG,TECO
1001483,PP01,30000102,1010,01.01.2026,06.01.2026,170800.0,163980.0,KG,TECO
1001297,PP01,30000101,1010,02.01.2026,05.01.2026,99000.0,100910.0,KG,TECO
1000289,PP01,20000101,1010,02.01.2026,05.01.2026,284600.0,282800.0,KG,TECO
1002545,PP01,30000402,1020,02.01.2026,06.01.2026,64800.0,62630.0,KG,TECO
1000877,PP01,30000203,1010,02.01.2026,04.01.2026,56400.0,55580.0,KG,TECO
1001657,PP01,30000103,1010,02.01.2026,07.01.2026,62300.0,61380.0,KG,TECO
1000757,PP01,30000202,1010,02.01.2026,04.01.2026,59600.0,58520.0,KG,TECO
1002233,PP01,30000302,1020,02.01.2026,06.01.2026,81800.0,81020.0,KG,TECO
1002379,PP01,30000401,1020,02.01.2026,07.01.2026,97900.0,97690.0,KG,TECO
1000591,PP01,30000201,1010,03.01.2026,06.01.2026,171300.0,165630.0,KG,TECO
1002913,PP01,30000405,1020,03.01.2026,07.01.2026,48500.0,47430.0,KG,TECO
1002033,PP01,30000301,1020,03.01.2026,08.01.2026,75700.0,76050.0,KG,TECO
1000592,PP01,30000201,1010,05.01.2026,07.01.2026,171300.0,168150.0,KG,TECO
1000290,PP01,20000101,1010,05.01.2026,09.01.2026,284600.0,273020.0,KG,TECO
1001484,PP01,30000102,1010,08.01.2026,13.01.2026,170800.0,169970.0,KG,TECO
1000758,PP01,30000202,1010,08.01.2026,11.01.2026,59600.0,58970.0,KG,TECO
1002034,PP01,30000301,1020,09.01.2026,12.01.2026,75700.0,75240.0,KG,TECO
1001658,PP01,30000103,1010,09.01.2026,12.01.2026,62300.0,61080.0,KG,TECO
1001082,PP01,30000204,1010,10.01.2026,13.01.2026,73200.0,71010.0,KG,TECO
1002234,PP01,30000302,1020,10.01.2026,12.01.2026,81800.0,81360.0,KG,TECO
1000291,PP01,20000101,1010,11.01.2026,13.01.2026,284600.0,276380.0,KG,TECO
1000593,PP01,30000201,1010,11.01.2026,15.01.2026,171300.0,170990.0,KG,TECO
1002035,PP01,30000301,1020,15.01.2026,18.01.2026,75700.0,72240.0,KG,TECO
1002380,PP01,30000401,1020,15.01.2026,20.01.2026,97900.0,96870.0,KG,TECO
1000292,PP01,20000101,1010,15.01.2026,17.01.2026,284600.0,276670.0,KG,TECO
1002235,PP01,30000302,1020,15.01.2026,20.01.2026,81800.0,82230.0,KG,TECO
1000594,PP01,30000201,1010,15.01.2026,18.01.2026,171300.0,169940.0,KG,TECO
1002914,PP01,30000405,1020,15.01.2026,17.01.2026,48500.0,47870.0,KG,TECO
1000878,PP01,30000203,1010,15.01.2026,17.01.2026,56400.0,54110.0,KG,TECO
1002546,PP01,30000402,1020,16.01.2026,18.01.2026,64800.0,65720.0,KG,TECO
1001659,PP01,30000103,1010,16.01.2026,21.01.2026,62300.0,62220.0,KG,TECO
1002798,PP01,30000404,1020,16.01.2026,20.01.2026,35900.0,35200.0,KG,TECO
1001083,PP01,30000204,1010,16.01.2026,21.01.2026,73200.0,72920.0,KG,TECO
1001485,PP01,30000102,1010,17.01.2026,19.01.2026,170800.0,168280.0,KG,TECO
1001298,PP01,30000101,1010,17.01.2026,20.01.2026,99000.0,99270.0,KG,TECO
1002686,PP01,30000403,1020,17.01.2026,20.01.2026,91700.0,91140.0,KG,TECO
1001834,PP01,30000104,1010,17.01.2026,20.01.2026,87800.0,86860.0,KG,TECO
1000759,PP01,30000202,1010,17.01.2026,20.01.2026,59600.0,59230.0,KG,TECO
1000293,PP01,20000101,1010,19.01.2026,22.01.2026,284600.0,278400.0,KG,TECO
1000595,PP01,30000201,1010,21.01.2026,25.01.2026,171300.0,169870.0,KG,TECO
1001084,PP01,30000204,1010,23.01.2026,28.01.2026,73200.0,73330.0,KG,TECO
1002236,PP01,30000302,1020,23.01.2026,25.01.2026,81800.0,80390.0,KG,TECO
1001660,PP01,30000103,1010,23.01.2026,26.01.2026,62300.0,61640.0,KG,TECO
1000596,PP01,30000201,1010,24.01.2026,26.01.2026,171300.0,170900.0,KG,TECO
1001486,PP01,30000102,1010,24.01.2026,27.01.2026,170800.0,162860.0,KG,TECO
1002036,PP01,30000301,1020,24.01.2026,29.01.2026,75700.0,76890.0,KG,TECO
1000760,PP01,30000202,1010,24.01.2026,26.01.2026,59600.0,59340.0,KG,TECO
1000294,PP01,20000101,1010,25.01.2026,27.01.2026,284600.0,278580.0,KG,TECO
1001835,PP01,30000104,1010,01.02.2026,04.02.2026,36700.0,35610.0,KG,TECO
1001487,PP01,30000102,1010,01.02.2026,06.02.2026,158000.0,158670.0,KG,TECO
1001299,PP01,30000101,1010,01.02.2026,05.02.2026,64400.0,65260.0,KG,TECO
1000295,PP01,20000101,1010,01.02.2026,03.02.2026,249500.0,250850.0,KG,TECO
1002687,PP01,30000403,1020,01.02.2026,06.02.2026,81700.0,79550.0,KG,TECO
1002381,PP01,30000401,1020,02.02.2026,05.02.2026,90900.0,90750.0,KG,TECO
1002799,PP01,30000404,1020,02.02.2026,05.02.2026,31500.0,31910.0,KG,TECO
1002915,PP01,30000405,1020,02.02.2026,06.02.2026,57100.0,57940.0,KG,TECO
1002237,PP01,30000302,1020,02.02.2026,07.02.2026,73000.0,71260.0,KG,TECO
1002547,PP01,30000402,1020,02.02.2026,06.02.2026,50600.0,49790.0,KG,TECO
1002037,PP01,30000301,1020,03.02.2026,08.02.2026,67900.0,65360.0,KG,TECO
1000597,PP01,30000201,1010,03.02.2026,06.02.2026,171100.0,167660.0,KG,TECO
1000879,PP01,30000203,1010,03.02.2026,07.02.2026,55200.0,56290.0,KG,TECO
1001085,PP01,30000204,1010,03.02.2026,05.02.2026,65400.0,64000.0,KG,TECO
1001661,PP01,30000103,1010,03.02.2026,05.02.2026,71700.0,70980.0,KG,TECO
1000761,PP01,30000202,1010,03.02.2026,06.02.2026,99700.0,101680.0,KG,TECO
1000296,PP01,20000101,1010,05.02.2026,07.02.2026,249500.0,250510.0,KG,TECO
1000598,PP01,30000201,1010,06.02.2026,11.02.2026,171100.0,171510.0,KG,TECO
1001662,PP01,30000103,1010,09.02.2026,13.02.2026,71700.0,71780.0,KG,TECO
1002038,PP01,30000301,1020,09.02.2026,14.02.2026,67900.0,67270.0,KG,TECO
1001488,PP01,30000102,1010,10.02.2026,14.02.2026,158000.0,161150.0,KG,TECO
1000599,PP01,30000201,1010,11.02.2026,16.02.2026,171100.0,168810.0,KG,TECO
1000297,PP01,20000101,1010,12.02.2026,14.02.2026,249500.0,247360.0,KG,TECO
1001086,PP01,30000204,1010,15.02.2026,19.02.2026,65400.0,63940.0,KG,TECO
1002382,PP01,30000401,1020,15.02.2026,19.02.2026,90900.0,92220.0,KG,TECO
1002039,PP01,30000301,1020,15.02.2026,17.02.2026,67900.0,68470.0,KG,TECO
1002548,PP01,30000402,1020,15.02.2026,20.02.2026,50600.0,49730.0,KG,TECO
1001663,PP01,30000103,1010,16.02.2026,18.02.2026,71700.0,70160.0,KG,TECO
1000762,PP01,30000202,1010,16.02.2026,20.02.2026,99700.0,98390.0,KG,TECO
1002688,PP01,30000403,1020,16.02.2026,19.02.2026,81700.0,81140.0,KG,TECO
1002916,PP01,30000405,1020,16.02.2026,19.02.2026,57100.0,55850.0,KG,TECO
1001489,PP01,30000102,1010,17.02.2026,20.02.2026,158000.0,155610.0,KG,TECO
1000298,PP01,20000101,1010,17.02.2026,20.02.2026,249500.0,246660.0,KG,TECO
1001300,PP01,30000101,1010,17.02.2026,19.02.2026,64400.0,63810.0,KG,TECO
1000880,PP01,30000203,1010,17.02.2026,20.02.2026,55200.0,54520.0,KG,TECO
1002238,PP01,30000302,1020,17.02.2026,20.02.2026,73000.0,73440.0,KG,TECO
1001836,PP01,30000104,1010,17.02.2026,19.02.2026,36700.0,36250.0,KG,TECO
1000600,PP01,30000201,1010,17.02.2026,19.02.2026,171100.0,168780.0,KG,TECO
1002800,PP01,30000404,1020,17.02.2026,20.02.2026,31500.0,30860.0,KG,TECO
1000601,PP01,30000201,1010,19.02.2026,24.02.2026,171100.0,170480.0,KG,TECO
1000299,PP01,20000101,1010,21.02.2026,23.02.2026,249500.0,244330.0,KG,TECO
1001490,PP01,30000102,1010,22.02.2026,27.02.2026,158000.0,154920.0,KG,TECO
1001664,PP01,30000103,1010,22.02.2026,24.02.2026,71700.0,71200.0,KG,TECO
1002040,PP01,30000301,1020,23.02.2026,27.02.2026,67900.0,67360.0,KG,TECO
1000602,PP01,30000201,1010,25.02.2026,01.03.2026,171100.0,173570.0,KG,TECO
1000300,PP01,20000101,1010,25.02.2026,02.03.2026,249500.0,244130.0,KG,TECO
1000763,PP01,30000202,1010,01.03.2026,03.03.2026,35500.0,34720.0,KG,TECO
1000881,PP01,30000203,1010,01.03.2026,04.03.2026,62900.0,61890.0,KG,TECO
1001491,PP01,30000102,1010,01.03.2026,05.03.2026,173000.0,171620.0,KG,TECO
1002917,PP01,30000405,1020,01.03.2026,05.03.2026,78900.0,76670.0,KG,TECO
1001301,PP01,30000101,1010,02.03.2026,06.03.2026,68500.0,66760.0,KG,TECO
1002041,PP01,30000301,1020,02.03.2026,04.03.2026,64900.0,63420.0,KG,TECO
1002383,PP01,30000401,1020,02.03.2026,06.03.2026,50400.0,48700.0,KG,TECO
1001665,PP01,30000103,1010,02.03.2026,07.03.2026,72500.0,71230.0,KG,TECO
1001837,PP01,30000104,1010,02.03.2026,05.03.2026,62100.0,61370.0,KG,TECO
1002549,PP01,30000402,1020,02.03.2026,06.03.2026,68200.0,68030.0,KG,TECO
1000301,PP01,20000101,1010,03.03.2026,08.03.2026,234100.0,228480.0,KG,TECO
1001087,PP01,30000204,1010,03.03.2026,06.03.2026,55300.0,53760.0,KG,TECO
1000603,PP01,30000201,1010,03.03.2026,06.03.2026,243700.0,238160.0,KG,TECO
1002689,PP01,30000403,1020,03.03.2026,05.03.2026,51100.0,50490.0,KG,TECO
1002801,PP01,30000404,1020,03.03.2026,08.03.2026,19600.0,19460.0,KG,TECO
1002239,PP01,30000302,1020,03.03.2026,08.03.2026,70300.0,69300.0,KG,TECO
1000302,PP01,20000101,1010,07.03.2026,12.03.2026,234100.0,227310.0,KG,TECO
1001088,PP01,30000204,1010,08.03.2026,13.03.2026,55300.0,56310.0,KG,TECO
1001492,PP01,30000102,1010,08.03.2026,13.03.2026,173000.0,174730.0,KG,TECO
1002690,PP01,30000403,1020,08.03.2026,11.03.2026,51100.0,50390.0,KG,TECO
1001666,PP01,30000103,1010,08.03.2026,12.03.2026,72500.0,71900.0,KG,TECO
1002384,PP01,30000401,1020,08.03.2026,12.03.2026,50400.0,51340.0,KG,TECO
1002240,PP01,30000302,1020,09.03.2026,14.03.2026,70300.0,71580.0,KG,TECO
1001838,PP01,30000104,1010,09.03.2026,11.03.2026,62100.0,62770.0,KG,TECO
1000604,PP01,30000201,1010,09.03.2026,11.03.2026,243700.0,234580.0,KG,TECO
1002042,PP01,30000301,1020,10.03.2026,13.03.2026,64900.0,64410.0,KG,TECO
1001302,PP01,30000101,1010,10.03.2026,12.03.2026,68500.0,68860.0,KG,TECO
1000303,PP01,20000101,1010,11.03.2026,14.03.2026,234100.0,235840.0,KG,TECO
1000304,PP01,20000101,1010,15.03.2026,18.03.2026,234100.0,230300.0,KG,TECO
1002802,PP01,30000404,1020,15.03.2026,19.03.2026,19600.0,19150.0,KG,TECO
1002550,PP01,30000402,1020,15.03.2026,19.03.2026,68200.0,66760.0,KG,TECO
1001493,PP01,30000102,1010,15.03.2026,19.03.2026,173000.0,169310.0,KG,TECO
1002385,PP01,30000401,1020,15.03.2026,18.03.2026,50400.0,49820.0,KG,TECO
1002691,PP01,30000403,1020,15.03.2026,19.03.2026,51100.0,50310.0,KG,TECO
1002918,PP01,30000405,1020,16.03.2026,20.03.2026,78900.0,78420.0,KG,TECO
1002043,PP01,30000301,1020,16.03.2026,18.03.2026,64900.0,64940.0,KG,TECO
1001839,PP01,30000104,1010,16.03.2026,20.03.2026,62100.0,61600.0,KG,TECO
1001089,PP01,30000204,1010,16.03.2026,18.03.2026,55300.0,53460.0,KG,TECO
1000882,PP01,30000203,1010,16.03.2026,20.03.2026,62900.0,62910.0,KG,TECO
1002241,PP01,30000302,1020,17.03.2026,19.03.2026,70300.0,67100.0,KG,TECO
1001667,PP01,30000103,1010,17.03.2026,21.03.2026,72500.0,72470.0,KG,TECO
1001303,PP01,30000101,1010,17.03.2026,21.03.2026,68500.0,69010.0,KG,TECO
1000605,PP01,30000201,1010,17.03.2026,19.03.2026,243700.0,241120.0,KG,TECO
1000764,PP01,30000202,1010,17.03.2026,20.03.2026,35500.0,35650.0,KG,TECO
1000305,PP01,20000101,1010,20.03.2026,22.03.2026,234100.0,230730.0,KG,TECO
1000606,PP01,30000201,1010,22.03.2026,26.03.2026,243700.0,241080.0,KG,TECO
1002386,PP01,30000401,1020,22.03.2026,25.03.2026,50400.0,49480.0,KG,TECO
1001494,PP01,30000102,1010,22.03.2026,27.03.2026,173000.0,171150.0,KG,TECO
1001668,PP01,30000103,1010,22.03.2026,27.03.2026,72500.0,71100.0,KG,TECO
1001840,PP01,30000104,1010,23.03.2026,28.03.2026,62100.0,59950.0,KG,TECO
1001304,PP01,30000101,1010,23.03.2026,28.03.2026,68500.0,66790.0,KG,TECO
1002242,PP01,30000302,1020,23.03.2026,27.03.2026,70300.0,67110.0,KG,TECO
1002044,PP01,30000301,1020,23.03.2026,25.03.2026,64900.0,65770.0,KG,TECO
1002692,PP01,30000403,1020,24.03.2026,27.03.2026,51100.0,51190.0,KG,TECO
1001090,PP01,30000204,1010,24.03.2026,26.03.2026,55300.0,54330.0,KG,TECO
1000306,PP01,20000101,1010,25.03.2026,27.03.2026,234100.0,237660.0,KG,TECO
1000307,PP01,20000101,1010,01.04.2026,06.04.2026,270300.0,265790.0,KG,TECO
1001495,PP01,30000102,1010,01.04.2026,06.04.2026,166500.0,162330.0,KG,TECO
1002045,PP01,30000301,1020,01.04.2026,04.04.2026,85100.0,85330.0,KG,TECO
1000607,PP01,30000201,1010,01.04.2026,06.04.2026,244300.0,239320.0,KG,TECO
1002919,PP01,30000405,1020,02.04.2026,04.04.2026,68000.0,68180.0,KG,TECO
1002387,PP01,30000401,1020,02.04.2026,07.04.2026,67800.0,68560.0,KG,TECO
1001669,PP01,30000103,1010,02.04.2026,07.04.2026,53200.0,53570.0,KG,TECO
1002551,PP01,30000402,1020,02.04.2026,05.04.2026,69100.0,70910.0,KG,TECO
1001841,PP01,30000104,1010,02.04.2026,04.04.2026,81100.0,80080.0,KG,TECO
1000765,PP01,30000202,1010,02.04.2026,07.04.2026,50900.0,49890.0,KG,TECO
1001091,PP01,30000204,1010,03.04.2026,06.04.2026,74700.0,75120.0,KG,TECO
1002693,PP01,30000403,1020,03.04.2026,06.04.2026,75400.0,74020.0,KG,TECO
1001305,PP01,30000101,1010,03.04.2026,06.04.2026,60600.0,60050.0,KG,TECO
1002243,PP01,30000302,1020,03.04.2026,06.04.2026,65400.0,64180.0,KG,TECO
1002803,PP01,30000404,1020,03.04.2026,07.04.2026,27100.0,26830.0,KG,TECO
1000883,PP01,30000203,1010,03.04.2026,06.04.2026,49100.0,48640.0,KG,TECO
1000308,PP01,20000101,1010,07.04.2026,11.04.2026,270300.0,276580.0,KG,TECO
1001670,PP01,30000103,1010,08.04.2026,13.04.2026,53200.0,52140.0,KG,TECO
1002244,PP01,30000302,1020,08.04.2026,10.04.2026,65400.0,67190.0,KG,TECO
1000608,PP01,30000201,1010,08.04.2026,11.04.2026,244300.0,242490.0,KG,TECO
1001496,PP01,30000102,1010,09.04.2026,11.04.2026,166500.0,166070.0,KG,TECO
1001092,PP01,30000204,1010,09.04.2026,13.04.2026,74700.0,72840.0,KG,TECO
1000766,PP01,30000202,1010,10.04.2026,12.04.2026,50900.0,50970.0,KG,TECO
1000309,PP01,20000101,1010,12.04.2026,16.04.2026,270300.0,262600.0,KG,TECO
1000310,PP01,20000101,1010,15.04.2026,17.04.2026,270300.0,269160.0,KG,TECO
1000884,PP01,30000203,1010,15.04.2026,17.04.2026,49100.0,48080.0,KG,TECO
1001306,PP01,30000101,1010,15.04.2026,20.04.2026,60600.0,58540.0,KG,TECO
1002552,PP01,30000402,1020,15.04.2026,18.04.2026,69100.0,68540.0,KG,TECO
1002920,PP01,30000405,1020,15.04.2026,19.04.2026,68000.0,65990.0,KG,TECO
1001842,PP01,30000104,1010,15.04.2026,17.04.2026,81100.0,80270.0,KG,TECO
1002804,PP01,30000404,1020,16.04.2026,21.04.2026,27100.0,27120.0,KG,TECO
1002388,PP01,30000401,1020,16.04.2026,18.04.2026,67800.0,67310.0,KG,TECO
1001497,PP01,30000102,1010,16.04.2026,21.04.2026,166500.0,164520.0,KG,TECO
1001093,PP01,30000204,1010,16.04.2026,19.04.2026,74700.0,73990.0,KG,TECO
1001671,PP01,30000103,1010,16.04.2026,20.04.2026,53200.0,51690.0,KG,TECO
1002694,PP01,30000403,1020,16.04.2026,20.04.2026,75400.0,75560.0,KG,TECO
1000767,PP01,30000202,1010,16.04.2026,18.04.2026,50900.0,50660.0,KG,TECO
1000609,PP01,30000201,1010,17.04.2026,21.04.2026,244300.0,239210.0,KG,TECO
1002245,PP01,30000302,1020,17.04.2026,21.04.2026,65400.0,63330.0,KG,TECO
1002046,PP01,30000301,1020,17.04.2026,21.04.2026,85100.0,83420.0,KG,TECO
1000311,PP01,20000101,1010,19.04.2026,21.04.2026,270300.0,269570.0,KG,TECO
1000768,PP01,30000202,1010,22.04.2026,27.04.2026,50900.0,50570.0,KG,TECO
1002246,PP01,30000302,1020,23.04.2026,25.04.2026,65400.0,63880.0,KG,TECO
1000610,PP01,30000201,1010,23.04.2026,27.04.2026,244300.0,247390.0,KG,TECO
1001672,PP01,30000103,1010,23.04.2026,25.04.2026,53200.0,54060.0,KG,TECO
1001094,PP01,30000204,1010,23.04.2026,25.04.2026,74700.0,72780.0,KG,TECO
1000312,PP01,20000101,1010,24.04.2026,27.04.2026,270300.0,267410.0,KG,TECO
1001498,PP01,30000102,1010,24.04.2026,28.04.2026,166500.0,168650.0,KG,TECO
1001843,PP01,30000104,1010,01.05.2026,06.05.2026,94900.0,95190.0,KG,TECO
1000769,PP01,30000202,1010,01.05.2026,05.05.2026,82700.0,80380.0,KG,TECO
1002047,PP01,30000301,1020,01.05.2026,06.05.2026,81600.0,82220.0,KG,TECO
1000313,PP01,20000101,1010,02.05.2026,05.05.2026,262100.0,265920.0,KG,TECO
1001499,PP01,30000102,1010,02.05.2026,04.05.2026,145800.0,141190.0,KG,TECO
1002695,PP01,30000403,1020,02.05.2026,07.05.2026,96700.0,94630.0,KG,TECO
1002389,PP01,30000401,1020,02.05.2026,04.05.2026,87100.0,86280.0,KG,TECO
1002553,PP01,30000402,1020,02.05.2026,07.05.2026,65100.0,64260.0,KG,TECO
1000885,PP01,30000203,1010,02.05.2026,04.05.2026,46900.0,47380.0,KG,TECO
1001307,PP01,30000101,1010,02.05.2026,04.05.2026,76400.0,77260.0,KG,TECO
1002805,PP01,30000404,1020,02.05.2026,06.05.2026,48000.0,46300.0,KG,TECO
1001673,PP01,30000103,1010,03.05.2026,07.05.2026,93300.0,93760.0,KG,TECO
1002921,PP01,30000405,1020,03.05.2026,05.05.2026,18100.0,17970.0,KG,TECO
1000611,PP01,30000201,1010,03.05.2026,06.05.2026,168500.0,166910.0,KG,TECO
1001095,PP01,30000204,1010,03.05.2026,07.05.2026,63100.0,61030.0,KG,TECO
1002247,PP01,30000302,1020,03.05.2026,08.05.2026,86300.0,86520.0,KG,TECO
1000612,PP01,30000201,1010,06.05.2026,08.05.2026,168500.0,164510.0,KG,TECO
1000314,PP01,20000101,1010,06.05.2026,11.05.2026,262100.0,261470.0,KG,TECO
1002048,PP01,30000301,1020,08.05.2026,12.05.2026,81600.0,80540.0,KG,TECO
1001096,PP01,30000204,1010,09.05.2026,14.05.2026,63100.0,62310.0,KG,TECO
1002554,PP01,30000402,1020,10.05.2026,13.05.2026,65100.0,65490.0,KG,TECO
1001500,PP01,30000102,1010,10.05.2026,15.05.2026,145800.0,144500.0,KG,TECO
1000613,PP01,30000201,1010,10.05.2026,12.05.2026,168500.0,165410.0,KG,TECO
1000315,PP01,20000101,1010,12.05.2026,15.05.2026,262100.0,259060.0,KG,TECO
1001674,PP01,30000103,1010,15.05.2026,17.05.2026,93300.0,92990.0,KG,TECO
1000614,PP01,30000201,1010,15.05.2026,19.05.2026,168500.0,167240.0,KG,TECO
1000886,PP01,30000203,1010,15.05.2026,20.05.2026,46900.0,46830.0,KG,TECO
1000316,PP01,20000101,1010,15.05.2026,18.05.2026,262100.0,260000.0,KG,TECO
1002555,PP01,30000402,1020,15.05.2026,17.05.2026,65100.0,65100.0,KG,TECO
1001501,PP01,30000102,1010,15.05.2026,19.05.2026,145800.0,148760.0,KG,TECO
1002390,PP01,30000401,1020,16.05.2026,21.05.2026,87100.0,85270.0,KG,TECO
1001097,PP01,30000204,1010,16.05.2026,18.05.2026,63100.0,63120.0,KG,TECO
1002806,PP01,30000404,1020,16.05.2026,20.05.2026,48000.0,46360.0,KG,TECO
1000770,PP01,30000202,1010,16.05.2026,18.05.2026,82700.0,81910.0,KG,TECO
1002248,PP01,30000302,1020,16.05.2026,18.05.2026,86300.0,84420.0,KG,TECO
1002922,PP01,30000405,1020,17.05.2026,19.05.2026,18100.0,17940.0,KG,TECO
1002696,PP01,30000403,1020,17.05.2026,22.05.2026,96700.0,97490.0,KG,TECO
1002049,PP01,30000301,1020,17.05.2026,20.05.2026,81600.0,79780.0,KG,TECO
1001844,PP01,30000104,1010,17.05.2026,21.05.2026,94900.0,95740.0,KG,TECO
1001308,PP01,30000101,1010,17.05.2026,22.05.2026,76400.0,74410.0,KG,TECO
1000615,PP01,30000201,1010,21.05.2026,25.05.2026,168500.0,169500.0,KG,TECO
1000317,PP01,20000101,1010,21.05.2026,23.05.2026,262100.0,256650.0,KG,TECO
1002050,PP01,30000301,1020,22.05.2026,24.05.2026,81600.0,81070.0,KG,TECO
1001098,PP01,30000204,1010,22.05.2026,26.05.2026,63100.0,63800.0,KG,TECO
1002556,PP01,30000402,1020,22.05.2026,24.05.2026,65100.0,65260.0,KG,TECO
1000318,PP01,20000101,1010,24.05.2026,29.05.2026,262100.0,263780.0,KG,TECO
1001502,PP01,30000102,1010,24.05.2026,29.05.2026,145800.0,144900.0,KG,TECO
1000616,PP01,30000201,1010,26.05.2026,29.05.2026,168500.0,165530.0,KG,TECO
1001845,PP01,30000104,1010,01.06.2026,03.06.2026,60900.0,59910.0,KG,TECO
1000319,PP01,20000101,1010,02.06.2026,04.06.2026,254400.0,255780.0,KG,TECO
1001309,PP01,30000101,1010,02.06.2026,06.06.2026,82800.0,81500.0,KG,TECO
1000771,PP01,30000202,1010,02.06.2026,06.06.2026,66300.0,65140.0,KG,TECO
1002697,PP01,30000403,1020,02.06.2026,05.06.2026,58300.0,57030.0,KG,TECO
1002391,PP01,30000401,1020,02.06.2026,06.06.2026,38500.0,37740.0,KG,TECO
1002051,PP01,30000301,1020,02.06.2026,06.06.2026,61100.0,60680.0,KG,TECO
1001099,PP01,30000204,1010,02.06.2026,04.06.2026,61000.0,60400.0,KG,TECO
1002557,PP01,30000402,1020,02.06.2026,04.06.2026,84200.0,82620.0,KG,TECO
1002807,PP01,30000404,1020,02.06.2026,07.06.2026,23500.0,23720.0,KG,TECO
1000617,PP01,30000201,1010,03.06.2026,08.06.2026,167700.0,167720.0,KG,TECO
1002249,PP01,30000302,1020,03.06.2026,07.06.2026,76400.0,76020.0,KG,TECO
1002923,PP01,30000405,1020,03.06.2026,08.06.2026,38800.0,37800.0,KG,TECO
1000887,PP01,30000203,1010,03.06.2026,06.06.2026,35400.0,35620.0,KG,TECO
1001675,PP01,30000103,1010,03.06.2026,07.06.2026,62000.0,60600.0,KG,TECO
1001503,PP01,30000102,1010,03.06.2026,06.06.2026,147500.0,144340.0,KG,TECO
1000320,PP01,20000101,1010,06.06.2026,10.06.2026,254400.0,254140.0,KG,TECO
1000618,PP01,30000201,1010,06.06.2026,08.06.2026,167700.0,167590.0,KG,TECO
1002250,PP01,30000302,1020,08.06.2026,11.06.2026,76400.0,76170.0,KG,TECO
1001504,PP01,30000102,1010,09.06.2026,13.06.2026,147500.0,146130.0,KG,TECO
1001100,PP01,30000204,1010,10.06.2026,14.06.2026,61000.0,61010.0,KG,TECO
1000619,PP01,30000201,1010,10.06.2026,12.06.2026,167700.0,163840.0,KG,TECO
1002052,PP01,30000301,1020,10.06.2026,13.06.2026,61100.0,58560.0,KG,TECO
1000321,PP01,20000101,1010,12.06.2026,15.06.2026,254400.0,250500.0,KG,TECO
1000620,PP01,30000201,1010,15.06.2026,19.06.2026,167700.0,164670.0,KG,TECO
1001676,PP01,30000103,1010,15.06.2026,17.06.2026,62000.0,61190.0,KG,TECO
1000888,PP01,30000203,1010,15.06.2026,20.06.2026,35400.0,35950.0,KG,TECO
1002698,PP01,30000403,1020,15.06.2026,17.06.2026,58300.0,56570.0,KG,TECO
1002558,PP01,30000402,1020,15.06.2026,18.06.2026,84200.0,85560.0,KG,TECO
1002808,PP01,30000404,1020,16.06.2026,18.06.2026,23500.0,23620.0,KG,TECO
1002392,PP01,30000401,1020,16.06.2026,19.06.2026,38500.0,37600.0,KG,TECO
1001310,PP01,30000101,1010,17.06.2026,21.06.2026,82800.0,81960.0,KG,TECO
1002924,PP01,30000405,1020,17.06.2026,19.06.2026,38800.0,38310.0,KG,TECO
1000772,PP01,30000202,1010,17.06.2026,21.06.2026,66300.0,65920.0,KG,TECO
1001846,PP01,30000104,1010,17.06.2026,19.06.2026,60900.0,59640.0,KG,TECO
1001505,PP01,30000102,1010,17.06.2026,22.06.2026,147500.0,146270.0,KG,TECO
1001101,PP01,30000204,1010,17.06.2026,19.06.2026,61000.0,59700.0,KG,TECO
1002053,PP01,30000301,1020,17.06.2026,21.06.2026,61100.0,59550.0,KG,TECO
1000322,PP01,20000101,1010,17.06.2026,20.06.2026,254400.0,251000.0,KG,TECO
1002251,PP01,30000302,1020,17.06.2026,19.06.2026,76400.0,76330.0,KG,TECO
1000323,PP01,20000101,1010,19.06.2026,23.06.2026,254400.0,256610.0,KG,TECO
1000621,PP01,30000201,1010,21.06.2026,25.06.2026,167700.0,169740.0,KG,TECO
1001102,PP01,30000204,1010,22.06.2026,27.06.2026,61000.0,60980.0,KG,TECO
1002252,PP01,30000302,1020,23.06.2026,27.06.2026,76400.0,75210.0,KG,TECO
1001506,PP01,30000102,1010,23.06.2026,28.06.2026,147500.0,149280.0,KG,TECO
1000324,PP01,20000101,1010,24.06.2026,27.06.2026,254400.0,246880.0,KG,TECO
1002054,PP01,30000301,1020,24.06.2026,27.06.2026,61100.0,60100.0,KG,TECO
1000622,PP01,30000201,1010,25.06.2026,27.06.2026,167700.0,164100.0,KG,TECO
1001677,PP01,30000103,1010,01.07.2026,06.07.2026,81100.0,80920.0,KG,TECO
1001103,PP01,30000204,1010,01.07.2026,06.07.2026,62000.0,63630.0,KG,TECO
1001507,PP01,30000102,1010,01.07.2026,03.07.2026,187900.0,187300.0,KG,TECO
1000325,PP01,20000101,1010,01.07.2026,03.07.2026,267900.0,268400.0,KG,TECO
1000623,PP01,30000201,1010,01.07.2026,05.07.2026,169900.0,171010.0,KG,TECO
1002699,PP01,30000403,1020,01.07.2026,04.07.2026,69100.0,69860.0,KG,TECO
1001847,PP01,30000104,1010,01.07.2026,04.07.2026,73000.0,71730.0,KG,TECO
1002253,PP01,30000302,1020,02.07.2026,05.07.2026,66300.0,64110.0,KG,TECO
1002055,PP01,30000301,1020,02.07.2026,07.07.2026,91000.0,90610.0,KG,TECO
1002809,PP01,30000404,1020,02.07.2026,06.07.2026,21800.0,21060.0,KG,TECO
1000773,PP01,30000202,1010,02.07.2026,07.07.2026,97400.0,98030.0,KG,TECO
1000889,PP01,30000203,1010,02.07.2026,06.07.2026,72500.0,71970.0,KG,TECO
1001311,PP01,30000101,1010,03.07.2026,08.07.2026,61500.0,61690.0,KG,TECO
1002925,PP01,30000405,1020,03.07.2026,05.07.2026,31800.0,31100.0,KG,TECO
1002559,PP01,30000402,1020,03.07.2026,06.07.2026,98200.0,97090.0,KG,TECO
1002393,PP01,30000401,1020,03.07.2026,07.07.2026,97100.0,95760.0,KG,TECO
1000624,PP01,30000201,1010,06.07.2026,11.07.2026,169900.0,168920.0,KG,TECO
1000326,PP01,20000101,1010,07.07.2026,12.07.2026,267900.0,266910.0,KG,TECO
1002254,PP01,30000302,1020,09.07.2026,12.07.2026,66300.0,66440.0,KG,TECO
1001678,PP01,30000103,1010,09.07.2026,11.07.2026,81100.0,80560.0,KG,TECO
1001508,PP01,30000102,1010,10.07.2026,15.07.2026,187900.0,184070.0,KG,TECO
1002056,PP01,30000301,1020,10.07.2026,14.07.2026,91000.0,88460.0,KG,TECO
1001104,PP01,30000204,1010,10.07.2026,12.07.2026,62000.0,61860.0,KG,TECO
1000327,PP01,20000101,1010,11.07.2026,13.07.2026,267900.0,257000.0,KG,TECO
1000625,PP01,30000201,1010,12.07.2026,14.07.2026,169900.0,168360.0,KG,TECO
1000774,PP01,30000202,1010,15.07.2026,19.07.2026,97400.0,97960.0,KG,TECO
1002560,PP01,30000402,1020,15.07.2026,19.07.2026,98200.0,100490.0,KG,TECO
1001312,PP01,30000101,1010,15.07.2026,18.07.2026,61500.0,60960.0,KG,TECO
1002394,PP01,30000401,1020,15.07.2026,19.07.2026,97100.0,96170.0,KG,TECO
1002255,PP01,30000302,1020,16.07.2026,18.07.2026,66300.0,66340.0,KG,TECO
1002926,PP01,30000405,1020,16.07.2026,19.07.2026,31800.0,31870.0,KG,TECO
1000328,PP01,20000101,1010,16.07.2026,19.07.2026,267900.0,261770.0,KG,TECO
1000890,PP01,30000203,1010,16.07.2026,18.07.2026,72500.0,71820.0,KG,TECO
1002057,PP01,30000301,1020,16.07.2026,18.07.2026,91000.0,91540.0,KG,TECO
1001509,PP01,30000102,1010,16.07.2026,18.07.2026,187900.0,190250.0,KG,TECO
1002810,PP01,30000404,1020,17.07.2026,22.07.2026,21800.0,21320.0,KG,TECO
1001105,PP01,30000204,1010,17.07.2026,22.07.2026,62000.0,59620.0,KG,TECO
1000626,PP01,30000201,1010,17.07.2026,19.07.2026,169900.0,167520.0,KG,TECO
1002700,PP01,30000403,1020,17.07.2026,19.07.2026,69100.0,69180.0,KG,TECO
1001848,PP01,30000104,1010,17.07.2026,22.07.2026,73000.0,72490.0,KG,TECO
1001679,PP01,30000103,1010,17.07.2026,19.07.2026,81100.0,80430.0,KG,TECO
1000329,PP01,20000101,1010,19.07.2026,21.07.2026,267900.0,262280.0,KG,TECO
1000627,PP01,30000201,1010,21.07.2026,23.07.2026,169900.0,170280.0,KG,TECO
1002058,PP01,30000301,1020,22.07.2026,27.07.2026,91000.0,89920.0,KG,TECO
1002256,PP01,30000302,1020,23.07.2026,26.07.2026,66300.0,66110.0,KG,TECO
1001510,PP01,30000102,1010,23.07.2026,28.07.2026,187900.0,185770.0,KG,TECO
1001106,PP01,30000204,1010,24.07.2026,26.07.2026,62000.0,62110.0,KG,TECO
1001680,PP01,30000103,1010,24.07.2026,28.07.2026,81100.0,79840.0,KG,TECO
1000330,PP01,20000101,1010,25.07.2026,28.07.2026,267900.0,260040.0,KG,TECO
1000628,PP01,30000201,1010,25.07.2026,28.07.2026,169900.0,167120.0,KG,TECO
1000331,PP01,20000101,1010,01.08.2026,06.08.2026,259900.0,252930.0,KG,TECO
1000775,PP01,30000202,1010,01.08.2026,06.08.2026,71200.0,68630.0,KG,TECO
1002811,PP01,30000404,1020,01.08.2026,03.08.2026,31300.0,30660.0,KG,TECO
1002059,PP01,30000301,1020,01.08.2026,04.08.2026,62600.0,61870.0,KG,TECO
1001511,PP01,30000102,1010,01.08.2026,04.08.2026,146000.0,143940.0,KG,TECO
1002927,PP01,30000405,1020,01.08.2026,06.08.2026,46900.0,45830.0,KG,TECO
1001313,PP01,30000101,1010,02.08.2026,06.08.2026,61200.0,60200.0,KG,TECO
1002561,PP01,30000402,1020,02.08.2026,04.08.2026,64400.0,64060.0,KG,TECO
1000629,PP01,30000201,1010,02.08.2026,05.08.2026,249800.0,236410.0,KG,TECO
1001849,PP01,30000104,1010,02.08.2026,04.08.2026,92000.0,90260.0,KG,TECO
1002257,PP01,30000302,1020,03.08.2026,08.08.2026,75200.0,74370.0,KG,TECO
1001107,PP01,30000204,1010,03.08.2026,05.08.2026,68500.0,68610.0,KG,TECO
1002395,PP01,30000401,1020,03.08.2026,08.08.2026,69600.0,67710.0,KG,TECO
1001681,PP01,30000103,1010,03.08.2026,05.08.2026,77900.0,78780.0,KG,TECO
1000891,PP01,30000203,1010,03.08.2026,05.08.2026,71800.0,71590.0,KG,TECO
1002701,PP01,30000403,1020,03.08.2026,05.08.2026,56700.0,54760.0,KG,TECO
1000332,PP01,20000101,1010,06.08.2026,10.08.2026,259900.0,267140.0,KG,TECO
1000630,PP01,30000201,1010,08.08.2026,13.08.2026,249800.0,248550.0,KG,TECO
1002258,PP01,30000302,1020,09.08.2026,14.08.2026,75200.0,76280.0,KG,TECO
1001682,PP01,30000103,1010,09.08.2026,12.08.2026,77900.0,75550.0,KG,TECO
1001108,PP01,30000204,1010,09.08.2026,12.08.2026,68500.0,68120.0,KG,TECO
1002060,PP01,30000301,1020,09.08.2026,12.08.2026,62600.0,61300.0,KG,TECO
1002702,PP01,30000403,1020,09.08.2026,11.08.2026,56700.0,55360.0,KG,TECO
1000333,PP01,20000101,1010,10.08.2026,12.08.2026,259900.0,258440.0,KG,TECO
1001512,PP01,30000102,1010,10.08.2026,15.08.2026,146000.0,140250.0,KG,TECO
1001850,PP01,30000104,1010,15.08.2026,17.08.2026,92000.0,90200.0,KG,TECO
1001513,PP01,30000102,1010,15.08.2026,17.08.2026,146000.0,140640.0,KG,TECO
1002928,PP01,30000405,1020,15.08.2026,18.08.2026,46900.0,46380.0,KG,TECO
1002061,PP01,30000301,1020,15.08.2026,19.08.2026,62600.0,62840.0,KG,TECO
1001109,PP01,30000204,1010,16.08.2026,20.08.2026,68500.0,68640.0,KG,TECO
1002703,PP01,30000403,1020,16.08.2026,18.08.2026,56700.0,54350.0,KG,TECO
1000776,PP01,30000202,1010,16.08.2026,21.08.2026,71200.0,68610.0,KG,TECO
1002259,PP01,30000302,1020,16.08.2026,20.08.2026,75200.0,73790.0,KG,TECO
1000334,PP01,20000101,1010,16.08.2026,20.08.2026,259900.0,259790.0,KG,TECO
1002396,PP01,30000401,1020,16.08.2026,19.08.2026,69600.0,68170.0,KG,TECO
1001314,PP01,30000101,1010,16.08.2026,18.08.2026,61200.0,60280.0,KG,TECO
1002562,PP01,30000402,1020,16.08.2026,20.08.2026,64400.0,61260.0,KG,TECO
1001683,PP01,30000103,1010,16.08.2026,20.08.2026,77900.0,77570.0,KG,TECO
1002812,PP01,30000404,1020,17.08.2026,19.08.2026,31300.0,29700.0,KG,TECO
1000892,PP01,30000203,1010,17.08.2026,19.08.2026,71800.0,72030.0,KG,TECO
1000631,PP01,30000201,1010,17.08.2026,21.08.2026,249800.0,244620.0,KG,TECO
1000335,PP01,20000101,1010,20.08.2026,25.08.2026,259900.0,259190.0,KG,TECO
1001684,PP01,30000103,1010,22.08.2026,26.08.2026,77900.0,75760.0,KG,TECO
1002704,PP01,30000403,1020,23.08.2026,25.08.2026,56700.0,55670.0,KG,TECO
1000632,PP01,30000201,1010,23.08.2026,26.08.2026,249800.0,255760.0,KG,TECO
1001110,PP01,30000204,1010,23.08.2026,26.08.2026,68500.0,66640.0,KG,TECO
1000336,PP01,20000101,1010,24.08.2026,26.08.2026,259900.0,254740.0,KG,TECO
1002062,PP01,30000301,1020,24.08.2026,29.08.2026,62600.0,60670.0,KG,TECO
1002260,PP01,30000302,1020,24.08.2026,29.08.2026,75200.0,76160.0,KG,TECO
1001514,PP01,30000102,1010,24.08.2026,29.08.2026,146000.0,145080.0,KG,TECO
1002563,PP01,30000402,1020,01.09.2026,03.09.2026,50300.0,51210.0,KG,TECO
1002397,PP01,30000401,1020,01.09.2026,03.09.2026,71600.0,71750.0,KG,TECO
1001685,PP01,30000103,1010,01.09.2026,04.09.2026,72700.0,72800.0,KG,TECO
1000777,PP01,30000202,1010,01.09.2026,06.09.2026,69100.0,68740.0,KG,TECO
1002261,PP01,30000302,1020,01.09.2026,03.09.2026,94800.0,93160.0,KG,TECO
1001851,PP01,30000104,1010,02.09.2026,07.09.2026,73900.0,70700.0,KG,TECO
1000337,PP01,20000101,1010,02.09.2026,04.09.2026,281600.0,273840.0,KG,TECO
1001111,PP01,30000204,1010,02.09.2026,04.09.2026,93800.0,93940.0,KG,TECO
1001515,PP01,30000102,1010,02.09.2026,05.09.2026,110200.0,110580.0,KG,TECO
1002929,PP01,30000405,1020,02.09.2026,05.09.2026,18900.0,19300.0,KG,TECO
1000633,PP01,30000201,1010,02.09.2026,07.09.2026,170700.0,165000.0,KG,TECO
1000893,PP01,30000203,1010,02.09.2026,07.09.2026,67900.0,67760.0,KG,TECO
1002705,PP01,30000403,1020,02.09.2026,04.09.2026,53900.0,52870.0,KG,TECO
1001315,PP01,30000101,1010,03.09.2026,05.09.2026,85200.0,83760.0,KG,TECO
1002063,PP01,30000301,1020,03.09.2026,05.09.2026,53400.0,53610.0,KG,TECO
1000338,PP01,20000101,1010,07.09.2026,10.09.2026,281600.0,279200.0,KG,TECO
1000634,PP01,30000201,1010,07.09.2026,10.09.2026,170700.0,169210.0,KG,TECO
1001516,PP01,30000102,1010,08.09.2026,13.09.2026,110200.0,110230.0,KG,TECO
1002564,PP01,30000402,1020,09.09.2026,12.09.2026,50300.0,50390.0,KG,TECO
1001852,PP01,30000104,1010,09.09.2026,12.09.2026,73900.0,73620.0,KG,TECO
1002064,PP01,30000301,1020,09.09.2026,13.09.2026,53400.0,51740.0,KG,TECO
1001686,PP01,30000103,1010,10.09.2026,14.09.2026,72700.0,71390.0,KG,TECO
1001112,PP01,30000204,1010,10.09.2026,13.09.2026,93800.0,91030.0,KG,TECO
1002262,PP01,30000302,1020,10.09.2026,12.09.2026,94800.0,93590.0,KG,TECO
1000339,PP01,20000101,1010,11.09.2026,16.09.2026,281600.0,279590.0,KG,TECO
1000635,PP01,30000201,1010,12.09.2026,14.09.2026,170700.0,170000.0,KG,TECO
1001517,PP01,30000102,1010,15.09.2026,17.09.2026,110200.0,108860.0,KG,TECO
1001853,PP01,30000104,1010,15.09.2026,17.09.2026,73900.0,73740.0,KG,TECO
1002930,PP01,30000405,1020,16.09.2026,20.09.2026,18900.0,18620.0,KG,TECO
1002065,PP01,30000301,1020,16.09.2026,18.09.2026,53400.0,52320.0,KG,TECO
1000778,PP01,30000202,1010,16.09.2026,21.09.2026,69100.0,68830.0,KG,TECO
1001316,PP01,30000101,1010,16.09.2026,20.09.2026,85200.0,83130.0,KG,TECO
1001113,PP01,30000204,1010,16.09.2026,18.09.2026,93800.0,95030.0,KG,TECO
1002565,PP01,30000402,1020,16.09.2026,21.09.2026,50300.0,49480.0,KG,TECO
1000340,PP01,20000101,1010,16.09.2026,18.09.2026,281600.0,275740.0,KG,TECO
1002263,PP01,30000302,1020,17.09.2026,22.09.2026,94800.0,94900.0,KG,TECO
1000636,PP01,30000201,1010,17.09.2026,20.09.2026,170700.0,168710.0,KG,TECO
1002398,PP01,30000401,1020,17.09.2026,20.09.2026,71600.0,70890.0,KG,TECO
1001687,PP01,30000103,1010,17.09.2026,19.09.2026,72700.0,71680.0,KG,TECO
1002706,PP01,30000403,1020,17.09.2026,19.09.2026,53900.0,54680.0,KG,TECO
1000894,PP01,30000203,1010,17.09.2026,22.09.2026,67900.0,67750.0,KG,TECO
1000341,PP01,20000101,1010,20.09.2026,22.09.2026,281600.0,278480.0,KG,TECO
1000637,PP01,30000201,1010,20.09.2026,23.09.2026,170700.0,168330.0,KG,TECO
1002264,PP01,30000302,1020,22.09.2026,25.09.2026,94800.0,93990.0,KG,TECO
1001518,PP01,30000102,1010,22.09.2026,26.09.2026,110200.0,104940.0,KG,TECO
1001688,PP01,30000103,1010,22.09.2026,25.09.2026,72700.0,72610.0,KG,TECO
1002566,PP01,30000402,1020,22.09.2026,26.09.2026,50300.0,50120.0,KG,TECO
1001114,PP01,30000204,1010,23.09.2026,26.09.2026,93800.0,93420.0,KG,TECO
1000638,PP01,30000201,1010,24.09.2026,27.09.2026,170700.0,175660.0,KG,TECO
1001854,PP01,30000104,1010,24.09.2026,29.09.2026,73900.0,71500.0,KG,TECO
1000342,PP01,20000101,1010,24.09.2026,27.09.2026,281600.0,273890.0,KG,TECO
1002066,PP01,30000301,1020,24.09.2026,26.09.2026,53400.0,52720.0,KG,TECO
