Production_Order,Material_Id,Plant,Start_Date,Finish_Date,Planned_Qty_kg,Confirmed_Qty_kg,Status
1000343,30000201,1010,2022-01-01,2022-01-05,243300.0,231330.0,Completed
1002707,30000404,1020,2022-01-01,2022-01-06,30100.0,29310.0,Completed
1000779,30000203,1010,2022-01-01,2022-01-03,68000.0,67570.0,Completed
1000895,30000204,1010,2022-01-01,2022-01-06,105500.0,106910.0,Completed
1001115,30000101,1010,2022-01-01,2022-01-04,108300.0,106510.0,Completed
1001317,30000102,1010,2022-01-01,2022-01-05,89100.0,87340.0,Completed
1001689,30000104,1010,2022-01-01,2022-01-06,52600.0,51860.0,Completed
1001855,30000301,1020,2022-01-01,2022-01-05,104200.0,100720.0,Completed
1002813,30000405,1020,2022-01-02,2022-01-07,53100.0,52170.0,Completed
1000639,30000202,1010,2022-01-02,2022-01-06,52300.0,51650.0,Completed
1001519,30000103,1010,2022-01-02,2022-01-06,51100.0,49090.0,Completed
1002265,30000401,1020,2022-01-02,2022-01-06,69200.0,66820.0,Completed
1002567,30000403,1020,2022-01-03,2022-01-06,52300.0,52340.0,Completed
1002399,30000402,1020,2022-01-03,2022-01-05,31800.0,32440.0,Completed
1002067,30000302,1020,2022-01-03,2022-01-05,98300.0,97010.0,Completed
1000001,20000101,1010,2022-01-03,2022-01-05,274600.0,268920.0,Completed
1000002,20000101,1010,2022-01-06,2022-01-11,274600.0,277230.0,Completed
1002068,30000302,1020,2022-01-08,2022-01-11,98300.0,97380.0,Completed
1001520,30000103,1010,2022-01-08,2022-01-10,51100.0,50530.0,Completed
1001856,30000301,1020,2022-01-08,2022-01-12,104200.0,103080.0,Completed
1001116,30000101,1010,2022-01-09,2022-01-14,108300.0,108980.0,Completed
1000896,30000204,1010,2022-01-09,2022-01-13,105500.0,102700.0,Completed
1000344,30000201,1010,2022-01-09,2022-01-12,243300.0,237340.0,Completed
1000003,20000101,1010,2022-01-10,2022-01-14,274600.0,270210.0,Completed
1002069,30000302,1020,2022-01-15,2022-01-18,98300.0,96560.0,Completed
1000897,30000204,1010,2022-01-15,2022-01-19,105500.0,104200.0,Completed
1001857,30000301,1020,2022-01-15,2022-01-20,104200.0,105070.0,Completed
1002400,30000402,1020,2022-01-15,2022-01-18,31800.0,31470.0,Completed
1001318,30000102,1010,2022-01-16,2022-01-18,89100.0,87910.0,Completed
1001117,30000101,1010,2022-01-16,2022-01-21,108300.0,106880.0,Completed
1001521,30000103,1010,2022-01-16,2022-01-18,51100.0,51500.0,Completed
1000780,30000203,1010,2022-01-16,2022-01-19,68000.0,68000.0,Completed
1000004,20000101,1010,2022-01-16,2022-01-21,274600.0,276420.0,Completed
1002568,30000403,1020,2022-01-16,2022-01-18,52300.0,52620.0,Completed
1000345,30000201,1010,2022-01-16,2022-01-20,243300.0,242400.0,Completed
1002708,30000404,1020,2022-01-16,2022-01-18,30100.0,29720.0,Completed
1002814,30000405,1020,2022-01-16,2022-01-20,53100.0,53420.0,Completed
1000640,30000202,1010,2022-01-17,2022-01-20,52300.0,51310.0,Completed
1002266,30000401,1020,2022-01-17,2022-01-19,69200.0,65550.0,Completed
1001690,30000104,1010,2022-01-17,2022-01-20,52600.0,51520.0,Completed
1000005,20000101,1010,2022-01-21,2022-01-24,274600.0,271830.0,Completed
1000346,30000201,1010,2022-01-22,2022-01-25,243300.0,237090.0,Completed
1000898,30000204,1010,2022-01-22,2022-01-25,105500.0,104950.0,Completed
1001858,30000301,1020,2022-01-23,2022-01-26,104200.0,103740.0,Completed
1001522,30000103,1010,2022-01-23,2022-01-28,51100.0,51040.0,Completed
1002070,30000302,1020,2022-01-23,2022-01-25,98300.0,94460.0,Completed
1001118,30000101,1010,2022-01-24,2022-01-28,108300.0,107570.0,Completed
1000006,20000101,1010,2022-01-25,2022-01-27,274600.0,271710.0,Completed
1000781,30000203,1010,2022-02-01,2022-02-05,38400.0,37990.0,Completed
1000007,20000101,1010,2022-02-01,2022-02-05,270000.0,273530.0,Completed
1002071,30000302,1020,2022-02-01,2022-02-03,84400.0,84280.0,Completed
1002401,30000402,1020,2022-02-01,2022-02-03,51500.0,51180.0,Completed
1000641,30000202,1010,2022-02-02,2022-02-05,80000.0,79770.0,Completed
1000347,30000201,1010,2022-02-02,2022-02-07,243400.0,244170.0,Completed
1001859,30000301,1020,2022-02-02,2022-02-04,87900.0,85940.0,Completed
1001119,30000101,1010,2022-02-02,2022-02-05,88900.0,88570.0,Completed
1001319,30000102,1010,2022-02-02,2022-02-06,41000.0,39810.0,Completed
1001691,30000104,1010,2022-02-02,2022-02-06,76300.0,74030.0,Completed
1002815,30000405,1020,2022-02-02,2022-02-07,50200.0,50210.0,Completed
1002267,30000401,1020,2022-02-02,2022-02-04,46100.0,45780.0,Completed
1002569,30000403,1020,2022-02-03,2022-02-07,87700.0,88860.0,Completed
1001523,30000103,1010,2022-02-03,2022-02-08,40200.0,39590.0,Completed
1000899,30000204,1010,2022-02-03,2022-02-06,85700.0,82420.0,Completed
1000008,20000101,1010,2022-02-07,2022-02-12,270000.0,267770.0,Completed
1002402,30000402,1020,2022-02-08,2022-02-12,51500.0,50550.0,Completed
1001860,30000301,1020,2022-02-08,2022-02-13,87900.0,92000.0,Completed
1002816,30000405,1020,2022-02-08,2022-02-12,50200.0,49910.0,Completed
1000900,30000204,1010,2022-02-08,2022-02-13,85700.0,83750.0,Completed
1001120,30000101,1010,2022-02-09,2022-02-12,88900.0,88760.0,Completed
1000348,30000201,1010,2022-02-09,2022-02-14,243400.0,239890.0,Completed
1000009,20000101,1010,2022-02-10,2022-02-13,270000.0,269750.0,Completed
1001320,30000102,1010,2022-02-15,2022-02-20,41000.0,40230.0,Completed
1001524,30000103,1010,2022-02-16,2022-02-20,40200.0,40430.0,Completed
1000349,30000201,1010,2022-02-16,2022-02-21,243400.0,234800.0,Completed
1000010,20000101,1010,2022-02-16,2022-02-18,270000.0,263920.0,Completed
1001692,30000104,1010,2022-02-16,2022-02-18,76300.0,75060.0,Completed
1001861,30000301,1020,2022-02-16,2022-02-19,87900.0,85520.0,Completed
1002403,30000402,1020,2022-02-16,2022-02-18,51500.0,50470.0,Completed
1002072,30000302,1020,2022-02-16,2022-02-21,84400.0,83660.0,Completed
1002268,30000401,1020,2022-02-16,2022-02-21,46100.0,46720.0,Completed
1002817,30000405,1020,2022-02-17,2022-02-21,50200.0,48450.0,Completed
1001121,30000101,1010,2022-02-17,2022-02-20,88900.0,88420.0,Completed
1000782,30000203,1010,2022-02-17,2022-02-20,38400.0,38610.0,Completed
1000901,30000204,1010,2022-02-17,2022-02-22,85700.0,85430.0,Completed
1002570,30000403,1020,2022-02-17,2022-02-22,87700.0,87530.0,Completed
1000642,30000202,1010,2022-02-17,2022-02-19,80000.0,82170.0,Completed
1000011,20000101,1010,2022-02-21,2022-02-25,270000.0,267310.0,Completed
1000902,30000204,1010,2022-02-22,2022-02-25,85700.0,86520.0,Completed
1000350,30000201,1010,2022-02-23,2022-02-28,243400.0,243910.0,Completed
1001862,30000301,1020,2022-02-23,2022-02-25,87900.0,85230.0,Completed
1002818,30000405,1020,2022-02-24,2022-03-01,50200.0,50370.0,Completed
1001122,30000101,1010,2022-02-24,2022-02-26,88900.0,86070.0,Completed
1002404,30000402,1020,2022-02-24,2022-03-01,51500.0,50770.0,Completed
1000012,20000101,1010,2022-02-25,2022-02-27,270000.0,262080.0,Completed
1000783,30000203,1010,2022-03-01,2022-03-03,47200.0,46300.0,Completed
1000351,30000201,1010,2022-03-01,2022-03-05,168200.0,165230.0,Completed
1000903,30000204,1010,2022-03-01,2022-03-03,56000.0,56630.0,Completed
1001863,30000301,1020,2022-03-01,2022-03-05,84000.0,85420.0,Completed
1002269,30000401,1020,2022-03-01,2022-03-03,68200.0,66310.0,Completed
1000643,30000202,1010,2022-03-02,2022-03-04,71500.0,69840.0,Completed
1001525,30000103,1010,2022-03-02,2022-03-05,69500.0,64190.0,Completed
1001693,30000104,1010,2022-03-02,2022-03-04,36700.0,37490.0,Completed
1002709,30000404,1020,2022-03-02,2022-03-04,16000.0,15990.0,Completed
1002571,30000403,1020,2022-03-02,2022-03-04,27900.0,27820.0,Completed
1000013,20000101,1010,2022-03-02,2022-03-04,253100.0,253800.0,Completed
1002819,30000405,1020,2022-03-03,2022-03-08,24700.0,24830.0,Completed
1002405,30000402,1020,2022-03-03,2022-03-05,91000.0,90460.0,Completed
1002073,30000302,1020,2022-03-03,2022-03-06,85300.0,82820.0,Completed
1001123,30000101,1010,2022-03-03,2022-03-08,115200.0,115170.0,Completed
1001321,30000102,1010,2022-03-03,2022-03-07,66500.0,65250.0,Completed
1000014,20000101,1010,2022-03-06,2022-03-08,253100.0,249010.0,Completed
1000352,30000201,1010,2022-03-07,2022-03-11,168200.0,164150.0,Completed
1002074,30000302,1020,2022-03-09,2022-03-11,85300.0,85170.0,Completed
1001864,30000301,1020,2022-03-09,2022-03-14,84000.0,83580.0,Completed
1000015,20000101,1010,2022-03-10,2022-03-13,253100.0,248040.0,Completed
1001124,30000101,1010,2022-03-10,2022-03-12,115200.0,113810.0,Completed
1000904,30000204,1010,2022-03-10,2022-03-12,56000.0,56090.0,Completed
1000353,30000201,1010,2022-03-10,2022-03-15,168200.0,164390.0,Completed
1001865,30000301,1020,2022-03-15,2022-03-18,84000.0,82830.0,Completed
1002820,30000405,1020,2022-03-15,2022-03-17,24700.0,24430.0,Completed
1000784,30000203,1010,2022-03-15,2022-03-18,47200.0,45910.0,Completed
1002075,30000302,1020,2022-03-15,2022-03-18,85300.0,86250.0,Completed
1002572,30000403,1020,2022-03-15,2022-03-20,27900.0,27380.0,Completed
1000644,30000202,1010,2022-03-16,2022-03-20,71500.0,70680.0,Completed
1001322,30000102,1010,2022-03-16,2022-03-20,66500.0,66400.0,Completed
1000016,20000101,1010,2022-03-16,2022-03-18,253100.0,251180.0,Completed
1002710,30000404,1020,2022-03-16,2022-03-21,16000.0,15630.0,Completed
1001694,30000104,1010,2022-03-17,2022-03-22,36700.0,36030.0,Completed
1000354,30000201,1010,2022-03-17,2022-03-21,168200.0,165830.0,Completed
1001125,30000101,1010,2022-03-17,2022-03-21,115200.0,113450.0,Completed
1000905,30000204,1010,2022-03-17,2022-03-21,56000.0,55110.0,Completed
1002270,30000401,1020,2022-03-17,2022-03-20,68200.0,67450.0,Completed
1001526,30000103,1010,2022-03-17,2022-03-19,69500.0,69320.0,Completed
1002406,30000402,1020,2022-03-17,2022-03-21,91000.0,90410.0,Completed
1000017,20000101,1010,2022-03-19,2022-03-22,253100.0,252170.0,Completed
1000355,30000201,1010,2022-03-20,2022-03-25,168200.0,166560.0,Completed
1002076,30000302,1020,2022-03-23,2022-03-26,85300.0,83910.0,Completed
1000906,30000204,1010,2022-03-23,2022-03-26,56000.0,55400.0,Completed
1001126,30000101,1010,2022-03-24,2022-03-28,115200.0,112910.0,Completed
1001866,30000301,1020,2022-03-24,2022-03-29,84000.0,83780.0,Completed
1000018,20000101,1010,2022-03-25,2022-03-27,253100.0,247550.0,Completed
1000356,30000201,1010,2022-03-26,2022-03-28,168200.0,167410.0,Completed
1002407,30000402,1020,2022-04-01,2022-04-06,92700.0,93090.0,Completed
1001323,30000102,1010,2022-04-01,2022-04-06,22100.0,21770.0,Completed
1001695,30000104,1010,2022-04-01,2022-04-04,84000.0,82140.0,Completed
1002077,30000302,1020,2022-04-01,2022-04-03,63700.0,62550.0,Completed
1000019,20000101,1010,2022-04-01,2022-04-05,275200.0,270290.0,Completed
1000645,30000202,1010,2022-04-01,2022-04-04,90100.0,90270.0,Completed
1002711,30000404,1020,2022-04-02,2022-04-05,59900.0,58810.0,Completed
1001127,30000101,1010,2022-04-02,2022-04-07,98400.0,97220.0,Completed
1000357,30000201,1010,2022-04-02,2022-04-06,244600.0,244250.0,Completed
1000785,30000203,1010,2022-04-02,2022-04-04,57000.0,55380.0,Completed
1002271,30000401,1020,2022-04-02,2022-04-05,71900.0,72600.0,Completed
1002573,30000403,1020,2022-04-02,2022-04-05,76200.0,73590.0,Completed
1000907,30000204,1010,2022-04-02,2022-04-05,87000.0,85170.0,Completed
1002821,30000405,1020,2022-04-03,2022-04-07,38500.0,39570.0,Completed
1001867,30000301,1020,2022-04-03,2022-04-08,74500.0,76000.0,Completed
1001527,30000103,1010,2022-04-03,2022-04-08,53000.0,51670.0,Completed
1000020,20000101,1010,2022-04-06,2022-04-08,275200.0,269330.0,Completed
1000786,30000203,1010,2022-04-08,2022-04-12,57000.0,55830.0,Completed
1001128,30000101,1010,2022-04-08,2022-04-13,98400.0,96300.0,Completed
1000358,30000201,1010,2022-04-09,2022-04-14,244600.0,242260.0,Completed
1001868,30000301,1020,2022-04-09,2022-04-12,74500.0,73300.0,Completed
1000908,30000204,1010,2022-04-10,2022-04-12,87000.0,84170.0,Completed
1001696,30000104,1010,2022-04-10,2022-04-14,84000.0,83990.0,Completed
1001528,30000103,1010,2022-04-10,2022-04-14,53000.0,52550.0,Completed
1000021,20000101,1010,2022-04-11,2022-04-14,275200.0,272420.0,Completed
1002712,30000404,1020,2022-04-15,2022-04-17,59900.0,60150.0,Completed
1001697,30000104,1010,2022-04-15,2022-04-18,84000.0,84770.0,Completed
1001529,30000103,1010,2022-04-15,2022-04-17,53000.0,51800.0,Completed
1002822,30000405,1020,2022-04-15,2022-04-20,38500.0,37730.0,Completed
1000359,30000201,1010,2022-04-15,2022-04-19,244600.0,244040.0,Completed
1002574,30000403,1020,2022-04-15,2022-04-18,76200.0,76110.0,Completed
1002272,30000401,1020,2022-04-15,2022-04-20,71900.0,70670.0,Completed
1000646,30000202,1010,2022-04-15,2022-04-17,90100.0,92030.0,Completed
1000909,30000204,1010,2022-04-15,2022-04-17,87000.0,89700.0,Completed
1002078,30000302,1020,2022-04-15,2022-04-18,63700.0,62270.0,Completed
1001869,30000301,1020,2022-04-16,2022-04-20,74500.0,74740.0,Completed
1000022,20000101,1010,2022-04-16,2022-04-21,275200.0,271850.0,Completed
1002408,30000402,1020,2022-04-17,2022-04-21,92700.0,87880.0,Completed
1000787,30000203,1010,2022-04-17,2022-04-19,57000.0,58030.0,Completed
1001324,30000102,1010,2022-04-17,2022-04-21,22100.0,22430.0,Completed
1001129,30000101,1010,2022-04-17,2022-04-20,98400.0,99250.0,Completed
1000023,20000101,1010,2022-04-19,2022-04-24,275200.0,274450.0,Completed
1001698,30000104,1010,2022-04-23,2022-04-25,84000.0,81540.0,Completed
1000910,30000204,1010,2022-04-23,2022-04-25,87000.0,86280.0,Completed
1000788,30000203,1010,2022-04-24,2022-04-28,57000.0,57520.0,Completed
1001870,30000301,1020,2022-04-24,2022-04-28,74500.0,73260.0,Completed
1000360,30000201,1010,2022-04-24,2022-04-29,244600.0,237680.0,Completed
1001130,30000101,1010,2022-04-24,2022-04-28,98400.0,99590.0,Completed
1001530,30000103,1010,2022-04-24,2022-04-27,53000.0,51870.0,Completed
1000024,20000101,1010,2022-04-25,2022-04-28,275200.0,271960.0,Completed
1001131,30000101,1010,2022-05-01,2022-05-06,171200.0,164830.0,Completed
1002409,30000402,1020,2022-05-01,2022-05-05,82000.0,81770.0,Completed
1002273,30000401,1020,2022-05-01,2022-05-05,64600.0,63710.0,Completed
1002079,30000302,1020,2022-05-01,2022-05-05,51500.0,50700.0,Completed
1001699,30000104,1010,2022-05-02,2022-05-07,71900.0,71980.0,Completed
1002823,30000405,1020,2022-05-02,2022-05-06,39600.0,38170.0,Completed
1000789,30000203,1010,2022-05-02,2022-05-07,86700.0,85130.0,Completed
1000647,30000202,1010,2022-05-02,2022-05-07,90400.0,89500.0,Completed
1001531,30000103,1010,2022-05-02,2022-05-06,84500.0,82530.0,Completed
1002575,30000403,1020,2022-05-02,2022-05-04,52700.0,51240.0,Completed
1000025,20000101,1010,2022-05-02,2022-05-07,246600.0,238980.0,Completed
1001325,30000102,1010,2022-05-02,2022-05-06,34900.0,33620.0,Completed
1000361,30000201,1010,2022-05-03,2022-05-07,170500.0,168610.0,Completed
1001871,30000301,1020,2022-05-03,2022-05-07,89200.0,88810.0,Completed
1002713,30000404,1020,2022-05-03,2022-05-05,23800.0,23870.0,Completed
1000911,30000204,1010,2022-05-03,2022-05-06,68200.0,69680.0,Completed
1000026,20000101,1010,2022-05-05,2022-05-09,246600.0,244410.0,Completed
1000362,30000201,1010,2022-05-05,2022-05-08,170500.0,167690.0,Completed
1001132,30000101,1010,2022-05-08,2022-05-12,171200.0,167280.0,Completed
1001872,30000301,1020,2022-05-09,2022-05-14,89200.0,86740.0,Completed
1002410,30000402,1020,2022-05-09,2022-05-14,82000.0,77590.0,Completed
1000027,20000101,1010,2022-05-10,2022-05-15,246600.0,241850.0,Completed
1002080,30000302,1020,2022-05-10,2022-05-14,51500.0,50070.0,Completed
1000363,30000201,1010,2022-05-10,2022-05-15,170500.0,168970.0,Completed
1000790,30000203,1010,2022-05-15,2022-05-19,86700.0,87430.0,Completed
1000028,20000101,1010,2022-05-15,2022-05-20,246600.0,238830.0,Completed
1001133,30000101,1010,2022-05-15,2022-05-18,171200.0,170820.0,Completed
1000912,30000204,1010,2022-05-15,2022-05-20,68200.0,65090.0,Completed
1000364,30000201,1010,2022-05-16,2022-05-20,170500.0,170040.0,Completed
1002274,30000401,1020,2022-05-16,2022-05-20,64600.0,63990.0,Completed
1001532,30000103,1010,2022-05-16,2022-05-19,84500.0,85050.0,Completed
1002411,30000402,1020,2022-05-16,2022-05-20,82000.0,82160.0,Completed
1002824,30000405,1020,2022-05-16,2022-05-19,39600.0,38870.0,Completed
1001873,30000301,1020,2022-05-16,2022-05-18,89200.0,90490.0,Completed
1002081,30000302,1020,2022-05-17,2022-05-21,51500.0,51820.0,Completed
1002714,30000404,1020,2022-05-17,2022-05-20,23800.0,23460.0,Completed
1002576,30000403,1020,2022-05-17,2022-05-19,52700.0,52460.0,Completed
1000648,30000202,1010,2022-05-17,2022-05-21,90400.0,90660.0,Completed
1001326,30000102,1010,2022-05-17,2022-05-20,34900.0,35620.0,Completed
1001700,30000104,1010,2022-05-17,2022-05-19,71900.0,71640.0,Completed
1000365,30000201,1010,2022-05-21,2022-05-24,170500.0,168110.0,Completed
1000029,20000101,1010,2022-05-21,2022-05-24,246600.0,247040.0,Completed
1001134,30000101,1010,2022-05-22,2022-05-26,171200.0,168430.0,Completed
1002412,30000402,1020,2022-05-22,2022-05-27,82000.0,80210.0,Completed
1001874,30000301,1020,2022-05-24,2022-05-27,89200.0,88700.0,Completed
1002082,30000302,1020,2022-05-24,2022-05-29,51500.0,49810.0,Completed
1000030,20000101,1010,2022-05-25,2022-05-27,246600.0,240280.0,Completed
1000366,30000201,1010,2022-05-26,2022-05-31,170500.0,167230.0,Completed
1002825,30000405,1020,2022-06-01,2022-06-04,49200.0,47990.0,Completed
1002413,30000402,1020,2022-06-01,2022-06-06,79100.0,78110.0,Completed
1000791,30000203,1010,2022-06-02,2022-06-05,9400.0,9400.0,Completed
1002083,30000302,1020,2022-06-02,2022-06-04,83300.0,82750.0,Completed
1000031,20000101,1010,2022-06-02,2022-06-06,263900.0,262150.0,Completed
1000367,30000201,1010,2022-06-02,2022-06-05,244000.0,239050.0,Completed
1001533,30000103,1010,2022-06-03,2022-06-08,70600.0,71800.0,Completed
1001875,30000301,1020,2022-06-03,2022-06-07,90600.0,88910.0,Completed
1002577,30000403,1020,2022-06-03,2022-06-08,66700.0,65780.0,Completed
1002275,30000401,1020,2022-06-03,2022-06-07,83700.0,81980.0,Completed
1002715,30000404,1020,2022-06-03,2022-06-05,22500.0,22000.0,Completed
1000913,30000204,1010,2022-06-03,2022-06-05,52700.0,52720.0,Completed
1001327,30000102,1010,2022-06-03,2022-06-06,47700.0,48380.0,Completed
1001701,30000104,1010,2022-06-03,2022-06-07,64900.0,64280.0,Completed
1000649,30000202,1010,2022-06-03,2022-06-08,64800.0,62970.0,Completed
1001135,30000101,1010,2022-06-03,2022-06-05,110000.0,106420.0,Completed
1000032,20000101,1010,2022-06-07,2022-06-09,263900.0,260040.0,Completed
1002084,30000302,1020,2022-06-08,2022-06-13,83300.0,81510.0,Completed
1000368,30000201,1010,2022-06-08,2022-06-13,244000.0,244890.0,Completed
1000650,30000202,1010,2022-06-08,2022-06-13,64800.0,63170.0,Completed
1002414,30000402,1020,2022-06-09,2022-06-14,79100.0,78440.0,Completed
1001136,30000101,1010,2022-06-09,2022-06-14,110000.0,106590.0,Completed
1002578,30000403,1020,2022-06-09,2022-06-11,66700.0,67220.0,Completed
1000914,30000204,1010,2022-06-10,2022-06-12,52700.0,52330.0,Completed
1000033,20000101,1010,2022-06-11,2022-06-13,263900.0,259570.0,Completed
1002826,30000405,1020,2022-06-15,2022-06-17,49200.0,48060.0,Completed
1000792,30000203,1010,2022-06-15,2022-06-18,9400.0,9390.0,Completed
1002716,30000404,1020,2022-06-15,2022-06-18,22500.0,22580.0,Completed
1000034,20000101,1010,2022-06-16,2022-06-19,263900.0,263580.0,Completed
1001876,30000301,1020,2022-06-16,2022-06-20,90600.0,92000.0,Completed
1001702,30000104,1010,2022-06-16,2022-06-19,64900.0,65170.0,Completed
1001534,30000103,1010,2022-06-16,2022-06-21,70600.0,69590.0,Completed
1000369,30000201,1010,2022-06-16,2022-06-18,244000.0,236410.0,Completed
1000915,30000204,1010,2022-06-17,2022-06-22,52700.0,51390.0,Completed
1002276,30000401,1020,2022-06-17,2022-06-20,83700.0,81860.0,Completed
1001137,30000101,1010,2022-06-17,2022-06-20,110000.0,107840.0,Completed
1000651,30000202,1010,2022-06-17,2022-06-20,64800.0,65340.0,Completed
1002415,30000402,1020,2022-06-17,2022-06-20,79100.0,79280.0,Completed
1002579,30000403,1020,2022-06-17,2022-06-20,66700.0,66820.0,Completed
1002085,30000302,1020,2022-06-17,2022-06-20,83300.0,83730.0,Completed
1001328,30000102,1010,2022-06-17,2022-06-20,47700.0,47680.0,Completed
1000035,20000101,1010,2022-06-19,2022-06-23,263900.0,257980.0,Completed
1000916,30000204,1010,2022-06-22,2022-06-26,52700.0,51100.0,Completed
1002580,30000403,1020,2022-06-22,2022-06-27,66700.0,66460.0,Completed
1002086,30000302,1020,2022-06-22,2022-06-25,83300.0,82410.0,Completed
1000652,30000202,1010,2022-06-22,2022-06-27,64800.0,65240.0,Completed
1002416,30000402,1020,2022-06-23,2022-06-27,79100.0,79480.0,Completed
1000370,30000201,1010,2022-06-23,2022-06-26,244000.0,237170.0,Completed
1001138,30000101,1010,2022-06-23,2022-06-26,110000.0,108780.0,Completed
1000036,20000101,1010,2022-06-24,2022-06-26,263900.0,260880.0,Completed
1001877,30000301,1020,2022-07-01,2022-07-04,80300.0,81380.0,Completed
1000037,20000101,1010,2022-07-01,2022-07-06,275900.0,271000.0,Completed
1002417,30000402,1020,2022-07-01,2022-07-05,81900.0,79440.0,Completed
1000793,30000203,1010,2022-07-01,2022-07-04,27500.0,27020.0,Completed
1000653,30000202,1010,2022-07-01,2022-07-05,52000.0,50470.0,Completed
1001329,30000102,1010,2022-07-01,2022-07-06,62300.0,61540.0,Completed
1002717,30000404,1020,2022-07-01,2022-07-06,9200.0,9040.0,Completed
1002277,30000401,1020,2022-07-01,2022-07-06,71100.0,69860.0,Completed
1000917,30000204,1010,2022-07-01,2022-07-06,80900.0,82250.0,Completed
1002087,30000302,1020,2022-07-02,2022-07-07,86900.0,85350.0,Completed
1001703,30000104,1010,2022-07-02,2022-07-07,98900.0,98990.0,Completed
1002581,30000403,1020,2022-07-02,2022-07-06,80700.0,78120.0,Completed
1002827,30000405,1020,2022-07-02,2022-07-05,31900.0,31300.0,Completed
1001139,30000101,1010,2022-07-02,2022-07-04,144200.0,143890.0,Completed
1001535,30000103,1010,2022-07-02,2022-07-07,51300.0,51490.0,Completed
1000371,30000201,1010,2022-07-03,2022-07-05,245100.0,239200.0,Completed
1000038,20000101,1010,2022-07-06,2022-07-10,275900.0,273820.0,Completed
1000918,30000204,1010,2022-07-08,2022-07-11,80900.0,79210.0,Completed
1001536,30000103,1010,2022-07-08,2022-07-12,51300.0,50270.0,Completed
1000654,30000202,1010,2022-07-09,2022-07-11,52000.0,51020.0,Completed
1001330,30000102,1010,2022-07-10,2022-07-14,62300.0,61590.0,Completed
1001140,30000101,1010,2022-07-10,2022-07-12,144200.0,140450.0,Completed
1000372,30000201,1010,2022-07-10,2022-07-14,245100.0,251660.0,Completed
1001878,30000301,1020,2022-07-10,2022-07-15,80300.0,77490.0,Completed
1000039,20000101,1010,2022-07-11,2022-07-16,275900.0,274780.0,Completed
1001879,30000301,1020,2022-07-15,2022-07-19,80300.0,81030.0,Completed
1000794,30000203,1010,2022-07-15,2022-07-19,27500.0,27650.0,Completed
1000040,20000101,1010,2022-07-15,2022-07-19,275900.0,278050.0,Completed
1001704,30000104,1010,2022-07-15,2022-07-18,98900.0,94860.0,Completed
1001537,30000103,1010,2022-07-16,2022-07-18,51300.0,51140.0,Completed
1002828,30000405,1020,2022-07-16,2022-07-21,31900.0,31640.0,Completed
1002418,30000402,1020,2022-07-16,2022-07-19,81900.0,79580.0,Completed
1001141,30000101,1010,2022-07-16,2022-07-21,144200.0,141800.0,Completed
1001331,30000102,1010,2022-07-16,2022-07-19,62300.0,59490.0,Completed
1002582,30000403,1020,2022-07-16,2022-07-21,80700.0,79740.0,Completed
1002278,30000401,1020,2022-07-17,2022-07-21,71100.0,69580.0,Completed
1002718,30000404,1020,2022-07-17,2022-07-19,9200.0,9170.0,Completed
1000373,30000201,1010,2022-07-17,2022-07-20,245100.0,245780.0,Completed
1000655,30000202,1010,2022-07-17,2022-07-19,52000.0,51110.0,Completed
1000919,30000204,1010,2022-07-17,2022-07-20,80900.0,80530.0,Completed
1002088,30000302,1020,2022-07-17,2022-07-22,86900.0,87670.0,Completed
1000041,20000101,1010,2022-07-19,2022-07-24,275900.0,280050.0,Completed
1001142,30000101,1010,2022-07-22,2022-07-24,144200.0,140660.0,Completed
1000920,30000204,1010,2022-07-22,2022-07-24,80900.0,79940.0,Completed
1000374,30000201,1010,2022-07-23,2022-07-27,245100.0,242300.0,Completed
1001880,30000301,1020,2022-07-24,2022-07-27,80300.0,80060.0,Completed
1000656,30000202,1010,2022-07-24,2022-07-28,52000.0,53170.0,Completed
1000042,20000101,1010,2022-07-24,2022-07-26,275900.0,267610.0,Completed
1001538,30000103,1010,2022-07-24,2022-07-27,51300.0,49130.0,Completed
1001332,30000102,1010,2022-07-24,2022-07-26,62300.0,61000.0,Completed
1002279,30000401,1020,2022-08-01,2022-08-06,57400.0,57300.0,Completed
1000657,30000202,1010,2022-08-01,2022-08-04,78500.0,78890.0,Completed
1002829,30000405,1020,2022-08-01,2022-08-05,44700.0,44630.0,Completed
1000921,30000204,1010,2022-08-01,2022-08-03,54500.0,53170.0,Completed
1001143,30000101,1010,2022-08-01,2022-08-03,131500.0,129730.0,Completed
1002089,30000302,1020,2022-08-01,2022-08-05,66000.0,64400.0,Completed
1001881,30000301,1020,2022-08-01,2022-08-03,92300.0,93040.0,Completed
1000795,30000203,1010,2022-08-02,2022-08-05,45900.0,46580.0,Completed
1001705,30000104,1010,2022-08-02,2022-08-05,93500.0,89780.0,Completed
1002583,30000403,1020,2022-08-02,2022-08-07,68900.0,67230.0,Completed
1000375,30000201,1010,2022-08-02,2022-08-07,171500.0,168160.0,Completed
1001333,30000102,1010,2022-08-02,2022-08-07,90500.0,89860.0,Completed
1002719,30000404,1020,2022-08-02,2022-08-06,39900.0,39910.0,Completed
1000043,20000101,1010,2022-08-03,2022-08-07,284200.0,280010.0,Completed
1002419,30000402,1020,2022-08-03,2022-08-06,96900.0,95680.0,Completed
1001539,30000103,1010,2022-08-03,2022-08-07,81900.0,83670.0,Completed
1000376,30000201,1010,2022-08-05,2022-08-08,171500.0,167760.0,Completed
1000044,20000101,1010,2022-08-05,2022-08-07,284200.0,281180.0,Completed
1002090,30000302,1020,2022-08-08,2022-08-11,66000.0,66130.0,Completed
1000922,30000204,1010,2022-08-08,2022-08-12,54500.0,52770.0,Completed
1001540,30000103,1010,2022-08-09,2022-08-13,81900.0,78970.0,Completed
1001144,30000101,1010,2022-08-09,2022-08-11,131500.0,129870.0,Completed
1001882,30000301,1020,2022-08-10,2022-08-15,92300.0,91090.0,Completed
1000045,20000101,1010,2022-08-10,2022-08-12,284200.0,276450.0,Completed
1000658,30000202,1010,2022-08-10,2022-08-15,78500.0,74330.0,Completed
1000377,30000201,1010,2022-08-12,2022-08-14,171500.0,169310.0,Completed
1002720,30000404,1020,2022-08-15,2022-08-18,39900.0,39460.0,Completed
1002280,30000401,1020,2022-08-15,2022-08-20,57400.0,58540.0,Completed
1001883,30000301,1020,2022-08-15,2022-08-17,92300.0,91780.0,Completed
1002420,30000402,1020,2022-08-15,2022-08-18,96900.0,94220.0,Completed
1000923,30000204,1010,2022-08-15,2022-08-17,54500.0,54010.0,Completed
1001706,30000104,1010,2022-08-15,2022-08-19,93500.0,90900.0,Completed
1001334,30000102,1010,2022-08-15,2022-08-17,90500.0,89190.0,Completed
1002091,30000302,1020,2022-08-15,2022-08-20,66000.0,64020.0,Completed
1002830,30000405,1020,2022-08-15,2022-08-17,44700.0,43770.0,Completed
1000046,20000101,1010,2022-08-16,2022-08-18,284200.0,275030.0,Completed
1000659,30000202,1010,2022-08-16,2022-08-18,78500.0,77340.0,Completed
1000378,30000201,1010,2022-08-16,2022-08-20,171500.0,169450.0,Completed
1002584,30000403,1020,2022-08-17,2022-08-19,68900.0,69350.0,Completed
1001145,30000101,1010,2022-08-17,2022-08-19,131500.0,126700.0,Completed
1001541,30000103,1010,2022-08-17,2022-08-20,81900.0,82090.0,Completed
1000796,30000203,1010,2022-08-17,2022-08-20,45900.0,44320.0,Completed
1000047,20000101,1010,2022-08-20,2022-08-23,284200.0,276650.0,Completed
1000379,30000201,1010,2022-08-20,2022-08-25,171500.0,175300.0,Completed
1001884,30000301,1020,2022-08-23,2022-08-27,92300.0,93200.0,Completed
1000660,30000202,1010,2022-08-23,2022-08-28,78500.0,78830.0,Completed
1001542,30000103,1010,2022-08-24,2022-08-26,81900.0,81440.0,Completed
1001146,30000101,1010,2022-08-24,2022-08-27,131500.0,134100.0,Completed
1000048,20000101,1010,2022-08-24,2022-08-29,284200.0,282630.0,Completed
1000924,30000204,1010,2022-08-24,2022-08-28,54500.0,53090.0,Completed
1002092,30000302,1020,2022-08-24,2022-08-28,66000.0,63870.0,Completed
1000380,30000201,1010,2022-08-25,2022-08-27,171500.0,168550.0,Completed
1002093,30000302,1020,2022-09-01,2022-09-03,52800.0,51660.0,Completed
1000381,30000201,1010,2022-09-01,2022-09-06,249500.0,242990.0,Completed
1001707,30000104,1010,2022-09-01,2022-09-06,64300.0,64070.0,Completed
1002281,30000401,1020,2022-09-01,2022-09-03,71300.0,72220.0,Completed
1000925,30000204,1010,2022-09-01,2022-09-05,94900.0,95980.0,Completed
1001335,30000102,1010,2022-09-02,2022-09-07,55800.0,54280.0,Completed
1002585,30000403,1020,2022-09-02,2022-09-07,88600.0,86610.0,Completed
1002831,30000405,1020,2022-09-02,2022-09-07,49000.0,48140.0,Completed
1000049,20000101,1010,2022-09-02,2022-09-07,272100.0,271850.0,Completed
1001147,30000101,1010,2022-09-03,2022-09-08,142100.0,138480.0,Completed
1001543,30000103,1010,2022-09-03,2022-09-07,97900.0,96510.0,Completed
1000797,30000203,1010,2022-09-03,2022-09-07,90100.0,89890.0,Completed
1002721,30000404,1020,2022-09-03,2022-09-08,52400.0,50250.0,Completed
1000661,30000202,1010,2022-09-03,2022-09-08,53200.0,52670.0,Completed
1002421,30000402,1020,2022-09-03,2022-09-07,80700.0,80310.0,Completed
1001885,30000301,1020,2022-09-03,2022-09-08,74800.0,72710.0,Completed
1000050,20000101,1010,2022-09-07,2022-09-09,272100.0,271140.0,Completed
1002094,30000302,1020,2022-09-08,2022-09-11,52800.0,53310.0,Completed
1000382,30000201,1010,2022-09-08,2022-09-12,249500.0,247040.0,Completed
1001886,30000301,1020,2022-09-09,2022-09-12,74800.0,75450.0,Completed
1001148,30000101,1010,2022-09-09,2022-09-13,142100.0,139670.0,Completed
1000926,30000204,1010,2022-09-09,2022-09-11,94900.0,95570.0,Completed
1002422,30000402,1020,2022-09-10,2022-09-15,80700.0,80560.0,Completed
1001336,30000102,1010,2022-09-10,2022-09-14,55800.0,57380.0,Completed
1000051,20000101,1010,2022-09-12,2022-09-16,272100.0,265330.0,Completed
1000052,20000101,1010,2022-09-15,2022-09-20,272100.0,275260.0,Completed
1002423,30000402,1020,2022-09-15,2022-09-19,80700.0,81310.0,Completed
1000662,30000202,1010,2022-09-15,2022-09-17,53200.0,53300.0,Completed
1000798,30000203,1010,2022-09-15,2022-09-19,90100.0,88430.0,Completed
1001337,30000102,1010,2022-09-16,2022-09-21,55800.0,56360.0,Completed
1001544,30000103,1010,2022-09-16,2022-09-20,97900.0,94210.0,Completed
1001149,30000101,1010,2022-09-17,2022-09-21,142100.0,137660.0,Completed
1000927,30000204,1010,2022-09-17,2022-09-19,94900.0,92530.0,Completed
1001708,30000104,1010,2022-09-17,2022-09-21,64300.0,63520.0,Completed
1002095,30000302,1020,2022-09-17,2022-09-19,52800.0,52660.0,Completed
1002832,30000405,1020,2022-09-17,2022-09-20,49000.0,47340.0,Completed
1000383,30000201,1010,2022-09-17,2022-09-22,249500.0,245840.0,Completed
1002586,30000403,1020,2022-09-17,2022-09-20,88600.0,86910.0,Completed
1002282,30000401,1020,2022-09-17,2022-09-21,71300.0,70810.0,Completed
1002722,30000404,1020,2022-09-17,2022-09-20,52400.0,51370.0,Completed
1001887,30000301,1020,2022-09-17,2022-09-19,74800.0,72660.0,Completed
1000053,20000101,1010,2022-09-21,2022-09-26,272100.0,280780.0,Completed
1001338,30000102,1010,2022-09-22,2022-09-26,55800.0,54710.0,Completed
1000928,30000204,1010,2022-09-22,2022-09-26,94900.0,95270.0,Completed
1001888,30000301,1020,2022-09-22,2022-09-24,74800.0,74190.0,Completed
1002424,30000402,1020,2022-09-23,2022-09-25,80700.0,78480.0,Completed
1000384,30000201,1010,2022-09-24,2022-09-27,249500.0,242380.0,Completed
1001150,30000101,1010,2022-09-24,2022-09-28,142100.0,143770.0,Completed
1002096,30000302,1020,2022-09-24,2022-09-28,52800.0,53970.0,Completed
1000054,20000101,1010,2022-09-24,2022-09-27,272100.0,278020.0,Completed
1001889,30000301,1020,2022-10-01,2022-10-05,92000.0,91310.0,Completed
1000929,30000204,1010,2022-10-01,2022-10-03,121500.0,117530.0,Completed
1001339,30000102,1010,2022-10-01,2022-10-05,93400.0,93280.0,Completed
1002097,30000302,1020,2022-10-01,2022-10-04,76200.0,76160.0,Completed
1002723,30000404,1020,2022-10-01,2022-10-04,34900.0,34190.0,Completed
1000055,20000101,1010,2022-10-01,2022-10-04,315100.0,306970.0,Completed
1002425,30000402,1020,2022-10-01,2022-10-04,62500.0,63070.0,Completed
1002587,30000403,1020,2022-10-01,2022-10-06,91600.0,91660.0,Completed
1002833,30000405,1020,2022-10-02,2022-10-05,53500.0,51900.0,Completed
1000385,30000201,1010,2022-10-02,2022-10-06,167700.0,166310.0,Completed
1001709,30000104,1010,2022-10-02,2022-10-07,53500.0,53330.0,Completed
1001545,30000103,1010,2022-10-02,2022-10-07,70100.0,68490.0,Completed
1002283,30000401,1020,2022-10-02,2022-10-04,98000.0,93970.0,Completed
1000663,30000202,1010,2022-10-02,2022-10-06,60700.0,58190.0,Completed
1001151,30000101,1010,2022-10-03,2022-10-05,149400.0,148750.0,Completed
1000799,30000203,1010,2022-10-03,2022-10-05,56600.0,56280.0,Completed
1000056,20000101,1010,2022-10-05,2022-10-08,315100.0,315050.0,Completed
1000386,30000201,1010,2022-10-05,2022-10-09,167700.0,161880.0,Completed
1000930,30000204,1010,2022-10-08,2022-10-13,121500.0,119660.0,Completed
1001152,30000101,1010,2022-10-08,2022-10-13,149400.0,149140.0,Completed
1000664,30000202,1010,2022-10-08,2022-10-11,60700.0,60810.0,Completed
1002426,30000402,1020,2022-10-08,2022-10-10,62500.0,63660.0,Completed
1001546,30000103,1010,2022-10-10,2022-10-12,70100.0,69260.0,Completed
1001710,30000104,1010,2022-10-10,2022-10-12,53500.0,53460.0,Completed
1000057,20000101,1010,2022-10-11,2022-10-15,315100.0,314300.0,Completed
1000387,30000201,1010,2022-10-11,2022-10-14,167700.0,166840.0,Completed
1001711,30000104,1010,2022-10-15,2022-10-20,53500.0,53980.0,Completed
1001340,30000102,1010,2022-10-15,2022-10-17,93400.0,93800.0,Completed
1001547,30000103,1010,2022-10-15,2022-10-20,70100.0,68450.0,Completed
1000665,30000202,1010,2022-10-15,2022-10-17,60700.0,59570.0,Completed
1000800,30000203,1010,2022-10-16,2022-10-19,56600.0,55310.0,Completed
1000931,30000204,1010,2022-10-16,2022-10-21,121500.0,121790.0,Completed
1002588,30000403,1020,2022-10-16,2022-10-19,91600.0,90300.0,Completed
1000388,30000201,1010,2022-10-16,2022-10-18,167700.0,164680.0,Completed
1002724,30000404,1020,2022-10-16,2022-10-20,34900.0,34670.0,Completed
1001890,30000301,1020,2022-10-16,2022-10-20,92000.0,90930.0,Completed
1002098,30000302,1020,2022-10-16,2022-10-18,76200.0,75250.0,Completed
1002834,30000405,1020,2022-10-17,2022-10-21,53500.0,54960.0,Completed
1002284,30000401,1020,2022-10-17,2022-10-22,98000.0,96580.0,Completed
1001153,30000101,1010,2022-10-17,2022-10-19,149400.0,151240.0,Completed
1002427,30000402,1020,2022-10-17,2022-10-19,62500.0,61630.0,Completed
1000058,20000101,1010,2022-10-17,2022-10-22,315100.0,311940.0,Completed
1000059,20000101,1010,2022-10-19,2022-10-21,315100.0,308430.0,Completed
1000389,30000201,1010,2022-10-21,2022-10-25,167700.0,164940.0,Completed
1001548,30000103,1010,2022-10-22,2022-10-26,70100.0,69260.0,Completed
1002428,30000402,1020,2022-10-23,2022-10-25,62500.0,63430.0,Completed
1001712,30000104,1010,2022-10-23,2022-10-25,53500.0,53480.0,Completed
1000932,30000204,1010,2022-10-24,2022-10-29,121500.0,120210.0,Completed
1000390,30000201,1010,2022-10-24,2022-10-29,167700.0,169210.0,Completed
1000666,30000202,1010,2022-10-24,2022-10-29,60700.0,59490.0,Completed
1001154,30000101,1010,2022-10-24,2022-10-29,149400.0,151680.0,Completed
1000060,20000101,1010,2022-10-24,2022-10-27,315100.0,307710.0,Completed
1000667,30000202,1010,2022-11-01,2022-11-04,83300.0,80870.0,Completed
1001155,30000101,1010,2022-11-01,2022-11-04,110000.0,108350.0,Completed
1002589,30000403,1020,2022-11-01,2022-11-04,53100.0,52250.0,Completed
1000933,30000204,1010,2022-11-01,2022-11-06,82100.0,81980.0,Completed
1002285,30000401,1020,2022-11-02,2022-11-07,44100.0,44210.0,Completed
1000061,20000101,1010,2022-11-02,2022-11-06,276700.0,272120.0,Completed
1000801,30000203,1010,2022-11-02,2022-11-06,96700.0,95930.0,Completed
1002725,30000404,1020,2022-11-03,2022-11-08,43300.0,43180.0,Completed
1002099,30000302,1020,2022-11-03,2022-11-07,76400.0,74750.0,Completed
1001891,30000301,1020,2022-11-03,2022-11-05,59200.0,58490.0,Completed
1002835,30000405,1020,2022-11-03,2022-11-06,42700.0,42210.0,Completed
1001713,30000104,1010,2022-11-03,2022-11-08,99700.0,100630.0,Completed
1001341,30000102,1010,2022-11-03,2022-11-05,68700.0,67240.0,Completed
1001549,30000103,1010,2022-11-03,2022-11-08,94100.0,90960.0,Completed
1002429,30000402,1020,2022-11-03,2022-11-05,50700.0,49400.0,Completed
1000391,30000201,1010,2022-11-03,2022-11-05,169500.0,165590.0,Completed
1000062,20000101,1010,2022-11-05,2022-11-08,276700.0,277110.0,Completed
1000392,30000201,1010,2022-11-06,2022-11-10,169500.0,168560.0,Completed
1002100,30000302,1020,2022-11-08,2022-11-12,76400.0,75340.0,Completed
1001342,30000102,1010,2022-11-08,2022-11-11,68700.0,67380.0,Completed
1000934,30000204,1010,2022-11-08,2022-11-10,82100.0,81980.0,Completed
1002430,30000402,1020,2022-11-10,2022-11-13,50700.0,49990.0,Completed
1001156,30000101,1010,2022-11-10,2022-11-13,110000.0,107310.0,Completed
1001892,30000301,1020,2022-11-10,2022-11-15,59200.0,57350.0,Completed
1000393,30000201,1010,2022-11-10,2022-11-15,169500.0,165120.0,Completed
1000063,20000101,1010,2022-11-11,2022-11-13,276700.0,281270.0,Completed
1000668,30000202,1010,2022-11-15,2022-11-18,83300.0,81560.0,Completed
1001893,30000301,1020,2022-11-15,2022-11-20,59200.0,58540.0,Completed
1002590,30000403,1020,2022-11-15,2022-11-17,53100.0,51120.0,Completed
1000064,20000101,1010,2022-11-15,2022-11-18,276700.0,278230.0,Completed
1001343,30000102,1010,2022-11-15,2022-11-18,68700.0,68610.0,Completed
1000394,30000201,1010,2022-11-15,2022-11-17,169500.0,170680.0,Completed
1002101,30000302,1020,2022-11-15,2022-11-17,76400.0,77000.0,Completed
1000802,30000203,1010,2022-11-16,2022-11-19,96700.0,94260.0,Completed
1001157,30000101,1010,2022-11-16,2022-11-21,110000.0,106660.0,Completed
1002431,30000402,1020,2022-11-16,2022-11-20,50700.0,50990.0,Completed
1002836,30000405,1020,2022-11-16,2022-11-19,42700.0,41580.0,Completed
1000935,30000204,1010,2022-11-16,2022-11-21,82100.0,81170.0,Completed
1002726,30000404,1020,2022-11-17,2022-11-22,43300.0,43920.0,Completed
1002286,30000401,1020,2022-11-17,2022-11-19,44100.0,43190.0,Completed
1001550,30000103,1010,2022-11-17,2022-11-20,94100.0,91410.0,Completed
1001714,30000104,1010,2022-11-17,2022-11-21,99700.0,98120.0,Completed
1000395,30000201,1010,2022-11-20,2022-11-22,169500.0,168060.0,Completed
1000065,20000101,1010,2022-11-21,2022-11-24,276700.0,277780.0,Completed
1002102,30000302,1020,2022-11-22,2022-11-27,76400.0,74170.0,Completed
1001344,30000102,1010,2022-11-23,2022-11-26,68700.0,68280.0,Completed
1002432,30000402,1020,2022-11-24,2022-11-28,50700.0,51580.0,Completed
1001158,30000101,1010,2022-11-24,2022-11-26,110000.0,106090.0,Completed
1000936,30000204,1010,2022-11-24,2022-11-27,82100.0,80980.0,Completed
1001894,30000301,1020,2022-11-24,2022-11-29,59200.0,58100.0,Completed
1000396,30000201,1010,2022-11-25,2022-11-29,169500.0,172410.0,Completed
1000066,20000101,1010,2022-11-26,2022-11-30,276700.0,276200.0,Completed
1000937,30000204,1010,2022-12-01,2022-12-05,105900.0,103780.0,Completed
1001159,30000101,1010,2022-12-01,2022-12-04,150700.0,151400.0,Completed
1001551,30000103,1010,2022-12-01,2022-12-03,79200.0,78350.0,Completed
1002433,30000402,1020,2022-12-01,2022-12-03,66400.0,65780.0,Completed
1001895,30000301,1020,2022-12-01,2022-12-05,66000.0,64470.0,Completed
1002103,30000302,1020,2022-12-01,2022-12-04,50200.0,49470.0,Completed
1001345,30000102,1010,2022-12-01,2022-12-05,97100.0,96840.0,Completed
1002837,30000405,1020,2022-12-02,2022-12-06,27100.0,26630.0,Completed
1002591,30000403,1020,2022-12-02,2022-12-07,70900.0,70800.0,Completed
1000803,30000203,1010,2022-12-02,2022-12-06,62200.0,60050.0,Completed
1001715,30000104,1010,2022-12-02,2022-12-07,40200.0,39710.0,Completed
1002287,30000401,1020,2022-12-02,2022-12-04,85200.0,85100.0,Completed
1000067,20000101,1010,2022-12-02,2022-12-05,287700.0,281240.0,Completed
1000669,30000202,1010,2022-12-03,2022-12-05,75300.0,73600.0,Completed
1000397,30000201,1010,2022-12-03,2022-12-08,166800.0,161790.0,Completed
1002727,30000404,1020,2022-12-03,2022-12-05,12600.0,12350.0,Completed
1000398,30000201,1010,2022-12-05,2022-12-08,166800.0,170400.0,Completed
1000068,20000101,1010,2022-12-05,2022-12-07,287700.0,284360.0,Completed
1000938,30000204,1010,2022-12-08,2022-12-11,105900.0,103700.0,Completed
1002104,30000302,1020,2022-12-08,2022-12-13,50200.0,50050.0,Completed
1001160,30000101,1010,2022-12-08,2022-12-13,150700.0,149950.0,Completed
1001896,30000301,1020,2022-12-09,2022-12-13,66000.0,64980.0,Completed
1000069,20000101,1010,2022-12-10,2022-12-12,287700.0,287650.0,Completed
1000399,30000201,1010,2022-12-11,2022-12-14,166800.0,163870.0,Completed
1000804,30000203,1010,2022-12-15,2022-12-19,62200.0,62060.0,Completed
1001897,30000301,1020,2022-12-15,2022-12-19,66000.0,65730.0,Completed
1002592,30000403,1020,2022-12-15,2022-12-17,70900.0,70140.0,Completed
1000070,20000101,1010,2022-12-15,2022-12-19,287700.0,285660.0,Completed
1000400,30000201,1010,2022-12-15,2022-12-20,166800.0,161540.0,Completed
1000939,30000204,1010,2022-12-16,2022-12-18,105900.0,103210.0,Completed
1001346,30000102,1010,2022-12-16,2022-12-18,97100.0,97590.0,Completed
1002105,30000302,1020,2022-12-16,2022-12-20,50200.0,50450.0,Completed
1002288,30000401,1020,2022-12-16,2022-12-19,85200.0,86280.0,Completed
1001161,30000101,1010,2022-12-16,2022-12-18,150700.0,147830.0,Completed
1002728,30000404,1020,2022-12-16,2022-12-19,12600.0,12520.0,Completed
1000670,30000202,1010,2022-12-17,2022-12-21,75300.0,76210.0,Completed
1001552,30000103,1010,2022-12-17,2022-12-20,79200.0,80220.0,Completed
1001716,30000104,1010,2022-12-17,2022-12-20,40200.0,40090.0,Completed
1002434,30000402,1020,2022-12-17,2022-12-21,66400.0,66160.0,Completed
1002838,30000405,1020,2022-12-17,2022-12-19,27100.0,26250.0,Completed
1000401,30000201,1010,2022-12-19,2022-12-24,166800.0,163970.0,Completed
1000071,20000101,1010,2022-12-21,2022-12-25,287700.0,282970.0,Completed
1002106,30000302,1020,2022-12-22,2022-12-25,50200.0,50480.0,Completed
1001898,30000301,1020,2022-12-23,2022-12-27,66000.0,66720.0,Completed
1001162,30000101,1010,2022-12-23,2022-12-27,150700.0,152990.0,Completed
1000940,30000204,1010,2022-12-24,2022-12-26,105900.0,106170.0,Completed
1000072,20000101,1010,2022-12-24,2022-12-28,287700.0,288350.0,Completed
1000402,30000201,1010,2022-12-25,2022-12-28,166800.0,168470.0,Completed
1000941,30000204,1010,2023-01-01,2023-01-05,75500.0,76080.0,Completed
1001717,30000104,1010,2023-01-01,2023-01-06,61200.0,59990.0,Completed
1001347,30000102,1010,2023-01-01,2023-01-03,90200.0,87790.0,Completed
1000805,30000203,1010,2023-01-01,2023-01-06,39100.0,39310.0,Completed
1000073,20000101,1010,2023-01-01,2023-01-05,267400.0,264130.0,Completed
1000403,30000201,1010,2023-01-01,2023-01-06,167800.0,162920.0,Completed
1002289,30000401,1020,2023-01-02,2023-01-06,92200.0,93490.0,Completed
1001553,30000103,1010,2023-01-02,2023-01-07,72200.0,72410.0,Completed
1001899,30000301,1020,2023-01-02,2023-01-06,66100.0,66410.0,Completed
1002839,30000405,1020,2023-01-02,2023-01-06,39400.0,38620.0,Completed
1002729,30000404,1020,2023-01-02,2023-01-05,15800.0,15770.0,Completed
1002435,30000402,1020,2023-01-02,2023-01-05,84600.0,84040.0,Completed
1000671,30000202,1010,2023-01-02,2023-01-06,75100.0,76310.0,Completed
1002593,30000403,1020,2023-01-03,2023-01-07,94900.0,95330.0,Completed
1002107,30000302,1020,2023-01-03,2023-01-06,58600.0,57950.0,Completed
1001163,30000101,1010,2023-01-03,2023-01-08,133400.0,133830.0,Completed
1000404,30000201,1010,2023-01-05,2023-01-09,167800.0,162800.0,Completed
1000074,20000101,1010,2023-01-06,2023-01-08,267400.0,260330.0,Completed
1000942,30000204,1010,2023-01-08,2023-01-11,75500.0,75500.0,Completed
1002108,30000302,1020,2023-01-08,2023-01-11,58600.0,57190.0,Completed
1001164,30000101,1010,2023-01-10,2023-01-12,133400.0,132610.0,Completed
1001900,30000301,1020,2023-01-10,2023-01-12,66100.0,65440.0,Completed
1001718,30000104,1010,2023-01-10,2023-01-15,61200.0,61360.0,Completed
1000405,30000201,1010,2023-01-10,2023-01-14,167800.0,169400.0,Completed
1002436,30000402,1020,2023-01-10,2023-01-15,84600.0,85070.0,Completed
1000075,20000101,1010,2023-01-11,2023-01-15,267400.0,266300.0,Completed
1000076,20000101,1010,2023-01-15,2023-01-20,267400.0,261300.0,Completed
1001719,30000104,1010,2023-01-15,2023-01-19,61200.0,60800.0,Completed
1002290,30000401,1020,2023-01-15,2023-01-20,92200.0,90860.0,Completed
1001554,30000103,1010,2023-01-15,2023-01-17,72200.0,70570.0,Completed
1002840,30000405,1020,2023-01-15,2023-01-19,39400.0,39640.0,Completed
1001348,30000102,1010,2023-01-15,2023-01-20,90200.0,88270.0,Completed
1000406,30000201,1010,2023-01-16,2023-01-20,167800.0,166410.0,Completed
1001165,30000101,1010,2023-01-16,2023-01-19,133400.0,133680.0,Completed
1002109,30000302,1020,2023-01-16,2023-01-19,58600.0,56500.0,Completed
1000672,30000202,1010,2023-01-16,2023-01-18,75100.0,73470.0,Completed
1002437,30000402,1020,2023-01-16,2023-01-18,84600.0,85740.0,Completed
1000806,30000203,1010,2023-01-16,2023-01-18,39100.0,38750.0,Completed
1002594,30000403,1020,2023-01-17,2023-01-19,94900.0,92240.0,Completed
1002730,30000404,1020,2023-01-17,2023-01-21,15800.0,15650.0,Completed
1000943,30000204,1010,2023-01-17,2023-01-19,75500.0,76980.0,Completed
1001901,30000301,1020,2023-01-17,2023-01-21,66100.0,64770.0,Completed
1000407,30000201,1010,2023-01-20,2023-01-25,167800.0,168830.0,Completed
1000077,20000101,1010,2023-01-20,2023-01-22,267400.0,266980.0,Completed
1002438,30000402,1020,2023-01-22,2023-01-27,84600.0,83290.0,Completed
1002110,30000302,1020,2023-01-22,2023-01-25,58600.0,58880.0,Completed
1000944,30000204,1010,2023-01-22,2023-01-27,75500.0,73260.0,Completed
1001902,30000301,1020,2023-01-23,2023-01-28,66100.0,64290.0,Completed
1001166,30000101,1010,2023-01-23,2023-01-28,133400.0,127770.0,Completed
1001720,30000104,1010,2023-01-24,2023-01-29,61200.0,59050.0,Completed
1000078,20000101,1010,2023-01-25,2023-01-30,267400.0,272600.0,Completed
1000408,30000201,1010,2023-01-26,2023-01-31,167800.0,167240.0,Completed
1001721,30000104,1010,2023-02-01,2023-02-04,76800.0,76370.0,Completed
1002841,30000405,1020,2023-02-01,2023-02-05,43900.0,43350.0,Completed
1002439,30000402,1020,2023-02-01,2023-02-04,83300.0,83120.0,Completed
1001555,30000103,1010,2023-02-02,2023-02-04,81200.0,81750.0,Completed
1001903,30000301,1020,2023-02-02,2023-02-04,64300.0,63540.0,Completed
1002731,30000404,1020,2023-02-02,2023-02-04,3200.0,3200.0,Completed
1001349,30000102,1010,2023-02-02,2023-02-07,68300.0,69180.0,Completed
1000945,30000204,1010,2023-02-02,2023-02-04,54200.0,55090.0,Completed
1002595,30000403,1020,2023-02-02,2023-02-04,50100.0,50190.0,Completed
1002111,30000302,1020,2023-02-02,2023-02-07,96300.0,94260.0,Completed
1000807,30000203,1010,2023-02-03,2023-02-05,57800.0,58620.0,Completed
1000079,20000101,1010,2023-02-03,2023-02-07,247600.0,240340.0,Completed
1001167,30000101,1010,2023-02-03,2023-02-08,138600.0,136700.0,Completed
1000409,30000201,1010,2023-02-03,2023-02-07,249100.0,245270.0,Completed
1000673,30000202,1010,2023-02-03,2023-02-07,66000.0,64530.0,Completed
1002291,30000401,1020,2023-02-03,2023-02-08,29700.0,28500.0,Completed
1000080,20000101,1010,2023-02-05,2023-02-07,247600.0,244630.0,Completed
1002112,30000302,1020,2023-02-08,2023-02-13,96300.0,94010.0,Completed
1000946,30000204,1010,2023-02-10,2023-02-14,54200.0,53210.0,Completed
1001904,30000301,1020,2023-02-10,2023-02-14,64300.0,65180.0,Completed
1000410,30000201,1010,2023-02-10,2023-02-12,249100.0,244500.0,Completed
1001168,30000101,1010,2023-02-10,2023-02-15,138600.0,136860.0,Completed
1000081,20000101,1010,2023-02-11,2023-02-16,247600.0,246350.0,Completed
1002842,30000405,1020,2023-02-15,2023-02-18,43900.0,43710.0,Completed
1001169,30000101,1010,2023-02-15,2023-02-18,138600.0,139460.0,Completed
1001722,30000104,1010,2023-02-15,2023-02-17,76800.0,75170.0,Completed
1002596,30000403,1020,2023-02-15,2023-02-19,50100.0,48500.0,Completed
1000947,30000204,1010,2023-02-16,2023-02-18,54200.0,54990.0,Completed
1002732,30000404,1020,2023-02-16,2023-02-18,3200.0,3160.0,Completed
1001350,30000102,1010,2023-02-16,2023-02-18,68300.0,68210.0,Completed
1001905,30000301,1020,2023-02-16,2023-02-21,64300.0,63030.0,Completed
1002113,30000302,1020,2023-02-16,2023-02-21,96300.0,96610.0,Completed
1002292,30000401,1020,2023-02-16,2023-02-19,29700.0,29330.0,Completed
1001556,30000103,1010,2023-02-17,2023-02-21,81200.0,79780.0,Completed
1000411,30000201,1010,2023-02-17,2023-02-22,249100.0,239290.0,Completed
1000808,30000203,1010,2023-02-17,2023-02-19,57800.0,56720.0,Completed
1002440,30000402,1020,2023-02-17,2023-02-20,83300.0,83050.0,Completed
1000082,20000101,1010,2023-02-17,2023-02-19,247600.0,240570.0,Completed
1000674,30000202,1010,2023-02-17,2023-02-21,66000.0,64450.0,Completed
1000083,20000101,1010,2023-02-19,2023-02-24,247600.0,243280.0,Completed
1001170,30000101,1010,2023-02-22,2023-02-24,138600.0,138600.0,Completed
1000948,30000204,1010,2023-02-23,2023-02-25,54200.0,53780.0,Completed
1001906,30000301,1020,2023-02-23,2023-02-27,64300.0,65090.0,Completed
1000412,30000201,1010,2023-02-24,2023-03-01,249100.0,238130.0,Completed
1002114,30000302,1020,2023-02-24,2023-02-27,96300.0,99340.0,Completed
1000084,20000101,1010,2023-02-26,2023-03-01,247600.0,249100.0,Completed
1002293,30000401,1020,2023-03-01,2023-03-04,29700.0,29800.0,Completed
1000949,30000204,1010,2023-03-01,2023-03-03,72700.0,71340.0,Completed
1000413,30000201,1010,2023-03-01,2023-03-05,169100.0,165210.0,Completed
1002843,30000405,1020,2023-03-01,2023-03-06,25200.0,24570.0,Completed
1000809,30000203,1010,2023-03-02,2023-03-06,98400.0,93540.0,Completed
1002441,30000402,1020,2023-03-02,2023-03-05,75600.0,74430.0,Completed
1001351,30000102,1010,2023-03-02,2023-03-05,97200.0,97010.0,Completed
1001171,30000101,1010,2023-03-02,2023-03-07,176400.0,174970.0,Completed
1001557,30000103,1010,2023-03-02,2023-03-07,95700.0,93890.0,Completed
1000085,20000101,1010,2023-03-02,2023-03-06,277800.0,281690.0,Completed
1002597,30000403,1020,2023-03-02,2023-03-05,98400.0,99490.0,Completed
1001907,30000301,1020,2023-03-02,2023-03-05,77600.0,76720.0,Completed
1002115,30000302,1020,2023-03-02,2023-03-04,67500.0,69410.0,Completed
1002733,30000404,1020,2023-03-03,2023-03-06,39500.0,38460.0,Completed
1000675,30000202,1010,2023-03-03,2023-03-07,53800.0,52940.0,Completed
1001723,30000104,1010,2023-03-03,2023-03-06,58900.0,58640.0,Completed
1000414,30000201,1010,2023-03-06,2023-03-11,169100.0,166240.0,Completed
1000086,20000101,1010,2023-03-07,2023-03-11,277800.0,278750.0,Completed
1000950,30000204,1010,2023-03-08,2023-03-12,72700.0,71980.0,Completed
1001558,30000103,1010,2023-03-08,2023-03-12,95700.0,96990.0,Completed
1002116,30000302,1020,2023-03-08,2023-03-10,67500.0,68520.0,Completed
1001172,30000101,1010,2023-03-10,2023-03-15,176400.0,171950.0,Completed
1000676,30000202,1010,2023-03-10,2023-03-15,53800.0,53270.0,Completed
1001908,30000301,1020,2023-03-10,2023-03-12,77600.0,77790.0,Completed
1000415,30000201,1010,2023-03-10,2023-03-14,169100.0,165180.0,Completed
1000087,20000101,1010,2023-03-11,2023-03-13,277800.0,271320.0,Completed
1002734,30000404,1020,2023-03-15,2023-03-17,39500.0,39600.0,Completed
1000416,30000201,1010,2023-03-15,2023-03-19,169100.0,170120.0,Completed
1000951,30000204,1010,2023-03-15,2023-03-19,72700.0,72000.0,Completed
1001352,30000102,1010,2023-03-16,2023-03-18,97200.0,94830.0,Completed
1000088,20000101,1010,2023-03-16,2023-03-18,277800.0,276050.0,Completed
1002844,30000405,1020,2023-03-16,2023-03-18,25200.0,25150.0,Completed
1001909,30000301,1020,2023-03-16,2023-03-18,77600.0,77670.0,Completed
1002598,30000403,1020,2023-03-16,2023-03-20,98400.0,95620.0,Completed
1002117,30000302,1020,2023-03-17,2023-03-20,67500.0,65400.0,Completed
1000810,30000203,1010,2023-03-17,2023-03-21,98400.0,97800.0,Completed
1000677,30000202,1010,2023-03-17,2023-03-21,53800.0,51080.0,Completed
1001559,30000103,1010,2023-03-17,2023-03-20,95700.0,92030.0,Completed
1002442,30000402,1020,2023-03-17,2023-03-19,75600.0,76990.0,Completed
1001173,30000101,1010,2023-03-17,2023-03-21,176400.0,176330.0,Completed
1001724,30000104,1010,2023-03-17,2023-03-20,58900.0,58750.0,Completed
1002294,30000401,1020,2023-03-17,2023-03-21,29700.0,29830.0,Completed
1000089,20000101,1010,2023-03-20,2023-03-24,277800.0,273710.0,Completed
1000417,30000201,1010,2023-03-21,2023-03-24,169100.0,162530.0,Completed
1002118,30000302,1020,2023-03-22,2023-03-27,67500.0,66940.0,Completed
1001560,30000103,1010,2023-03-23,2023-03-28,95700.0,95940.0,Completed
1001910,30000301,1020,2023-03-24,2023-03-27,77600.0,76380.0,Completed
1000952,30000204,1010,2023-03-24,2023-03-27,72700.0,71570.0,Completed
1000678,30000202,1010,2023-03-24,2023-03-29,53800.0,54160.0,Completed
1001174,30000101,1010,2023-03-24,2023-03-28,176400.0,176090.0,Completed
1000418,30000201,1010,2023-03-26,2023-03-28,169100.0,170340.0,Completed
1000090,20000101,1010,2023-03-26,2023-03-30,277800.0,281790.0,Completed
1002119,30000302,1020,2023-04-01,2023-04-06,87200.0,87550.0,Completed
1002599,30000403,1020,2023-04-01,2023-04-06,72700.0,71820.0,Completed
1002443,30000402,1020,2023-04-01,2023-04-03,93300.0,93060.0,Completed
1000953,30000204,1010,2023-04-01,2023-04-05,59200.0,58370.0,Completed
1000811,30000203,1010,2023-04-01,2023-04-04,35700.0,35740.0,Completed
1000419,30000201,1010,2023-04-01,2023-04-06,167400.0,163930.0,Completed
1001561,30000103,1010,2023-04-01,2023-04-03,78500.0,75690.0,Completed
1002845,30000405,1020,2023-04-02,2023-04-06,57600.0,56190.0,Completed
1002735,30000404,1020,2023-04-02,2023-04-06,25400.0,25100.0,Completed
1000091,20000101,1010,2023-04-02,2023-04-05,264000.0,260100.0,Completed
1001353,30000102,1010,2023-04-02,2023-04-04,77600.0,76900.0,Completed
1001911,30000301,1020,2023-04-03,2023-04-07,68700.0,68760.0,Completed
1001725,30000104,1010,2023-04-03,2023-04-07,92600.0,90120.0,Completed
1002295,30000401,1020,2023-04-03,2023-04-06,64700.0,65240.0,Completed
1001175,30000101,1010,2023-04-03,2023-04-06,115600.0,115750.0,Completed
1000679,30000202,1010,2023-04-03,2023-04-07,50100.0,50270.0,Completed
1000420,30000201,1010,2023-04-05,2023-04-07,167400.0,168630.0,Completed
1000092,20000101,1010,2023-04-05,2023-04-07,264000.0,257690.0,Completed
1000680,30000202,1010,2023-04-08,2023-04-12,50100.0,50020.0,Completed
1001912,30000301,1020,2023-04-08,2023-04-11,68700.0,68880.0,Completed
1000954,30000204,1010,2023-04-08,2023-04-12,59200.0,57700.0,Completed
1001176,30000101,1010,2023-04-09,2023-04-13,115600.0,113560.0,Completed
1002120,30000302,1020,2023-04-10,2023-04-13,87200.0,88430.0,Completed
1001562,30000103,1010,2023-04-10,2023-04-14,78500.0,77300.0,Completed
1000421,30000201,1010,2023-04-10,2023-04-14,167400.0,169960.0,Completed
1000093,20000101,1010,2023-04-11,2023-04-13,264000.0,262610.0,Completed
1001726,30000104,1010,2023-04-15,2023-04-20,92600.0,91060.0,Completed
1000422,30000201,1010,2023-04-15,2023-04-17,167400.0,162500.0,Completed
1002296,30000401,1020,2023-04-15,2023-04-17,64700.0,64330.0,Completed
1002736,30000404,1020,2023-04-16,2023-04-19,25400.0,25220.0,Completed
1001563,30000103,1010,2023-04-16,2023-04-21,78500.0,77860.0,Completed
1002444,30000402,1020,2023-04-16,2023-04-19,93300.0,92080.0,Completed
1002121,30000302,1020,2023-04-16,2023-04-18,87200.0,86930.0,Completed
1000094,20000101,1010,2023-04-16,2023-04-20,264000.0,262680.0,Completed
1000681,30000202,1010,2023-04-16,2023-04-19,50100.0,49280.0,Completed
1000955,30000204,1010,2023-04-16,2023-04-21,59200.0,58820.0,Completed
1001354,30000102,1010,2023-04-16,2023-04-18,77600.0,77790.0,Completed
1000812,30000203,1010,2023-04-17,2023-04-22,35700.0,35250.0,Completed
1002846,30000405,1020,2023-04-17,2023-04-20,57600.0,56240.0,Completed
1001177,30000101,1010,2023-04-17,2023-04-22,115600.0,115750.0,Completed
1001913,30000301,1020,2023-04-17,2023-04-19,68700.0,68800.0,Completed
1002600,30000403,1020,2023-04-17,2023-04-22,72700.0,74020.0,Completed
1000423,30000201,1010,2023-04-20,2023-04-25,167400.0,166350.0,Completed
1000095,20000101,1010,2023-04-21,2023-04-26,264000.0,260240.0,Completed
1001914,30000301,1020,2023-04-22,2023-04-24,68700.0,68950.0,Completed
1002122,30000302,1020,2023-04-22,2023-04-24,87200.0,85560.0,Completed
1000682,30000202,1010,2023-04-23,2023-04-25,50100.0,50530.0,Completed
1001178,30000101,1010,2023-04-24,2023-04-29,115600.0,114030.0,Completed
1000956,30000204,1010,2023-04-24,2023-04-27,59200.0,56940.0,Completed
1001564,30000103,1010,2023-04-24,2023-04-28,78500.0,79170.0,Completed
1000424,30000201,1010,2023-04-25,2023-04-30,167400.0,166550.0,Completed
1000096,20000101,1010,2023-04-25,2023-04-27,264000.0,258500.0,Completed
1000683,30000202,1010,2023-05-01,2023-05-06,84500.0,84450.0,Completed
1001565,30000103,1010,2023-05-01,2023-05-06,62600.0,62330.0,Completed
1000425,30000201,1010,2023-05-01,2023-05-04,170700.0,170990.0,Completed
1002123,30000302,1020,2023-05-01,2023-05-03,75000.0,74740.0,Completed
1001915,30000301,1020,2023-05-01,2023-05-03,69000.0,67160.0,Completed
1000097,20000101,1010,2023-05-01,2023-05-04,257300.0,261030.0,Completed
1001355,30000102,1010,2023-05-01,2023-05-05,95900.0,92710.0,Completed
1000813,30000203,1010,2023-05-02,2023-05-04,93800.0,92610.0,Completed
1001179,30000101,1010,2023-05-02,2023-05-04,112400.0,110790.0,Completed
1001727,30000104,1010,2023-05-02,2023-05-06,68300.0,67240.0,Completed
1002445,30000402,1020,2023-05-02,2023-05-07,84900.0,83710.0,Completed
1002847,30000405,1020,2023-05-02,2023-05-07,43700.0,43580.0,Completed
1002601,30000403,1020,2023-05-02,2023-05-07,62500.0,60970.0,Completed
1002297,30000401,1020,2023-05-03,2023-05-05,47200.0,46950.0,Completed
1000957,30000204,1010,2023-05-03,2023-05-05,51700.0,51340.0,Completed
1000426,30000201,1010,2023-05-05,2023-05-08,170700.0,169140.0,Completed
1000098,20000101,1010,2023-05-05,2023-05-09,257300.0,255220.0,Completed
1001916,30000301,1020,2023-05-08,2023-05-10,69000.0,68670.0,Completed
1001356,30000102,1010,2023-05-08,2023-05-11,95900.0,93150.0,Completed
1001728,30000104,1010,2023-05-08,2023-05-13,68300.0,66640.0,Completed
1001566,30000103,1010,2023-05-09,2023-05-12,62600.0,61970.0,Completed
1000958,30000204,1010,2023-05-09,2023-05-11,51700.0,51190.0,Completed
1002602,30000403,1020,2023-05-09,2023-05-13,62500.0,60660.0,Completed
1001180,30000101,1010,2023-05-10,2023-05-12,112400.0,112350.0,Completed
1000099,20000101,1010,2023-05-10,2023-05-14,257300.0,253750.0,Completed
1002124,30000302,1020,2023-05-10,2023-05-13,75000.0,73610.0,Completed
1000427,30000201,1010,2023-05-11,2023-05-16,170700.0,169850.0,Completed
1002298,30000401,1020,2023-05-15,2023-05-17,47200.0,46440.0,Completed
1001357,30000102,1010,2023-05-15,2023-05-19,95900.0,94390.0,Completed
1002603,30000403,1020,2023-05-15,2023-05-18,62500.0,63060.0,Completed
1000100,20000101,1010,2023-05-15,2023-05-17,257300.0,252770.0,Completed
1002848,30000405,1020,2023-05-15,2023-05-19,43700.0,43520.0,Completed
1002125,30000302,1020,2023-05-16,2023-05-21,75000.0,73290.0,Completed
1000959,30000204,1010,2023-05-16,2023-05-19,51700.0,50620.0,Completed
1001729,30000104,1010,2023-05-16,2023-05-21,68300.0,67950.0,Completed
1002446,30000402,1020,2023-05-17,2023-05-21,84900.0,84200.0,Completed
1001917,30000301,1020,2023-05-17,2023-05-21,69000.0,68790.0,Completed
1001181,30000101,1010,2023-05-17,2023-05-20,112400.0,114290.0,Completed
1001567,30000103,1010,2023-05-17,2023-05-19,62600.0,62090.0,Completed
1000814,30000203,1010,2023-05-17,2023-05-19,93800.0,90760.0,Completed
1000428,30000201,1010,2023-05-17,2023-05-19,170700.0,170960.0,Completed
1000684,30000202,1010,2023-05-17,2023-05-22,84500.0,83310.0,Completed
1000101,20000101,1010,2023-05-19,2023-05-22,257300.0,263850.0,Completed
1000429,30000201,1010,2023-05-20,2023-05-24,170700.0,167590.0,Completed
1001918,30000301,1020,2023-05-22,2023-05-24,69000.0,67420.0,Completed
1001182,30000101,1010,2023-05-22,2023-05-27,112400.0,112030.0,Completed
1000960,30000204,1010,2023-05-22,2023-05-27,51700.0,50310.0,Completed
1001568,30000103,1010,2023-05-23,2023-05-28,62600.0,62730.0,Completed
1002604,30000403,1020,2023-05-23,2023-05-28,62500.0,62950.0,Completed
1001730,30000104,1010,2023-05-24,2023-05-29,68300.0,68120.0,Completed
1002126,30000302,1020,2023-05-24,2023-05-26,75000.0,75350.0,Completed
1001358,30000102,1010,2023-05-24,2023-05-26,95900.0,95690.0,Completed
1000430,30000201,1010,2023-05-24,2023-05-26,170700.0,168700.0,Completed
1000102,20000101,1010,2023-05-24,2023-05-26,257300.0,256960.0,Completed
1000815,30000203,1010,2023-06-01,2023-06-06,51300.0,51030.0,Completed
1000103,20000101,1010,2023-06-01,2023-06-03,299600.0,296230.0,Completed
1001569,30000103,1010,2023-06-01,2023-06-03,98300.0,96720.0,Completed
1001359,30000102,1010,2023-06-01,2023-06-06,58800.0,57840.0,Completed
1000685,30000202,1010,2023-06-01,2023-06-05,69800.0,69450.0,Completed
1000431,30000201,1010,2023-06-01,2023-06-04,167500.0,162000.0,Completed
1002849,30000405,1020,2023-06-02,2023-06-07,77400.0,76770.0,Completed
1002127,30000302,1020,2023-06-02,2023-06-06,64400.0,61940.0,Completed
1001731,30000104,1010,2023-06-02,2023-06-06,66900.0,65950.0,Completed
1000961,30000204,1010,2023-06-02,2023-06-04,91200.0,90590.0,Completed
1001183,30000101,1010,2023-06-02,2023-06-06,156900.0,155640.0,Completed
1002447,30000402,1020,2023-06-03,2023-06-06,82700.0,81550.0,Completed
1002737,30000404,1020,2023-06-03,2023-06-08,4600.0,4560.0,Completed
1002299,30000401,1020,2023-06-03,2023-06-06,60800.0,59410.0,Completed
1001919,30000301,1020,2023-06-03,2023-06-06,74400.0,72690.0,Completed
1002605,30000403,1020,2023-06-03,2023-06-07,61600.0,62140.0,Completed
1000104,20000101,1010,2023-06-06,2023-06-11,299600.0,297490.0,Completed
1000432,30000201,1010,2023-06-07,2023-06-10,167500.0,164840.0,Completed
1000962,30000204,1010,2023-06-08,2023-06-11,91200.0,88580.0,Completed
1000686,30000202,1010,2023-06-08,2023-06-11,69800.0,68970.0,Completed
1002606,30000403,1020,2023-06-08,2023-06-12,61600.0,60400.0,Completed
1002300,30000401,1020,2023-06-09,2023-06-11,60800.0,60000.0,Completed
1001732,30000104,1010,2023-06-09,2023-06-12,66900.0,66600.0,Completed
1000433,30000201,1010,2023-06-10,2023-06-14,167500.0,168600.0,Completed
1001920,30000301,1020,2023-06-10,2023-06-12,74400.0,74580.0,Completed
1002128,30000302,1020,2023-06-10,2023-06-14,64400.0,66430.0,Completed
1001360,30000102,1010,2023-06-10,2023-06-13,58800.0,59870.0,Completed
1001184,30000101,1010,2023-06-10,2023-06-14,156900.0,153690.0,Completed
1000105,20000101,1010,2023-06-12,2023-06-15,299600.0,297260.0,Completed
1002448,30000402,1020,2023-06-15,2023-06-18,82700.0,83720.0,Completed
1000963,30000204,1010,2023-06-15,2023-06-17,91200.0,91420.0,Completed
1001733,30000104,1010,2023-06-15,2023-06-17,66900.0,67020.0,Completed
1002850,30000405,1020,2023-06-15,2023-06-19,77400.0,75980.0,Completed
1001570,30000103,1010,2023-06-15,2023-06-18,98300.0,98250.0,Completed
1001921,30000301,1020,2023-06-16,2023-06-21,74400.0,73820.0,Completed
1000816,30000203,1010,2023-06-16,2023-06-18,51300.0,50470.0,Completed
1002301,30000401,1020,2023-06-16,2023-06-19,60800.0,61860.0,Completed
1002129,30000302,1020,2023-06-16,2023-06-19,64400.0,63810.0,Completed
1002607,30000403,1020,2023-06-16,2023-06-19,61600.0,61740.0,Completed
1000106,20000101,1010,2023-06-16,2023-06-19,299600.0,294310.0,Completed
1002738,30000404,1020,2023-06-17,2023-06-20,4600.0,4470.0,Completed
1000687,30000202,1010,2023-06-17,2023-06-20,69800.0,69070.0,Completed
1001185,30000101,1010,2023-06-17,2023-06-20,156900.0,159410.0,Completed
1001361,30000102,1010,2023-06-17,2023-06-19,58800.0,58790.0,Completed
1000434,30000201,1010,2023-06-17,2023-06-21,167500.0,162640.0,Completed
1000107,20000101,1010,2023-06-21,2023-06-26,299600.0,294470.0,Completed
1000435,30000201,1010,2023-06-21,2023-06-26,167500.0,164760.0,Completed
1001922,30000301,1020,2023-06-22,2023-06-27,74400.0,73460.0,Completed
1002302,30000401,1020,2023-06-22,2023-06-25,60800.0,58520.0,Completed
1001734,30000104,1010,2023-06-22,2023-06-26,66900.0,66520.0,Completed
1001186,30000101,1010,2023-06-23,2023-06-27,156900.0,153960.0,Completed
1002130,30000302,1020,2023-06-23,2023-06-26,64400.0,63660.0,Completed
1002608,30000403,1020,2023-06-23,2023-06-26,61600.0,61120.0,Completed
1000688,30000202,1010,2023-06-23,2023-06-27,69800.0,71870.0,Completed
1001362,30000102,1010,2023-06-23,2023-06-28,58800.0,59370.0,Completed
1000436,30000201,1010,2023-06-24,2023-06-26,167500.0,165890.0,Completed
1000964,30000204,1010,2023-06-24,2023-06-26,91200.0,92110.0,Completed
1000108,20000101,1010,2023-06-25,2023-06-30,299600.0,299440.0,Completed
1000689,30000202,1010,2023-07-01,2023-07-03,68300.0,66670.0,Completed
1001735,30000104,1010,2023-07-01,2023-07-06,60700.0,59360.0,Completed
1002739,30000404,1020,2023-07-01,2023-07-05,25900.0,25450.0,Completed
1002303,30000401,1020,2023-07-01,2023-07-03,59000.0,58320.0,Completed
1001187,30000101,1010,2023-07-01,2023-07-04,169400.0,167010.0,Completed
1001363,30000102,1010,2023-07-01,2023-07-06,68300.0,69100.0,Completed
1000109,20000101,1010,2023-07-01,2023-07-06,276900.0,276480.0,Completed
1002851,30000405,1020,2023-07-01,2023-07-03,90300.0,89930.0,Completed
1000817,30000203,1010,2023-07-01,2023-07-06,62400.0,60930.0,Completed
1000437,30000201,1010,2023-07-02,2023-07-04,245900.0,238920.0,Completed
1000965,30000204,1010,2023-07-02,2023-07-07,98400.0,95720.0,Completed
1002131,30000302,1020,2023-07-02,2023-07-05,68700.0,67430.0,Completed
1001571,30000103,1010,2023-07-02,2023-07-05,69900.0,69970.0,Completed
1001923,30000301,1020,2023-07-03,2023-07-08,68800.0,66990.0,Completed
1002449,30000402,1020,2023-07-03,2023-07-05,88000.0,85650.0,Completed
1002609,30000403,1020,2023-07-03,2023-07-08,53100.0,51940.0,Completed
1000110,20000101,1010,2023-07-06,2023-07-09,276900.0,280300.0,Completed
1001364,30000102,1010,2023-07-08,2023-07-10,68300.0,67580.0,Completed
1002610,30000403,1020,2023-07-08,2023-07-12,53100.0,53080.0,Completed
1000966,30000204,1010,2023-07-09,2023-07-13,98400.0,95930.0,Completed
1002132,30000302,1020,2023-07-09,2023-07-14,68700.0,68140.0,Completed
1001188,30000101,1010,2023-07-10,2023-07-15,169400.0,163990.0,Completed
1000438,30000201,1010,2023-07-10,2023-07-15,245900.0,243910.0,Completed
1000111,20000101,1010,2023-07-11,2023-07-13,276900.0,272680.0,Completed
1001572,30000103,1010,2023-07-15,2023-07-19,69900.0,69080.0,Completed
1002611,30000403,1020,2023-07-15,2023-07-17,53100.0,52750.0,Completed
1002304,30000401,1020,2023-07-15,2023-07-17,59000.0,58600.0,Completed
1002450,30000402,1020,2023-07-15,2023-07-20,88000.0,85910.0,Completed
1002133,30000302,1020,2023-07-15,2023-07-18,68700.0,68790.0,Completed
1001189,30000101,1010,2023-07-16,2023-07-19,169400.0,163340.0,Completed
1001924,30000301,1020,2023-07-16,2023-07-21,68800.0,67080.0,Completed
1002852,30000405,1020,2023-07-16,2023-07-18,90300.0,90720.0,Completed
1000690,30000202,1010,2023-07-16,2023-07-18,68300.0,68010.0,Completed
1001365,30000102,1010,2023-07-16,2023-07-21,68300.0,67970.0,Completed
1001736,30000104,1010,2023-07-16,2023-07-21,60700.0,61290.0,Completed
1002740,30000404,1020,2023-07-17,2023-07-21,25900.0,25980.0,Completed
1000818,30000203,1010,2023-07-17,2023-07-19,62400.0,61270.0,Completed
1000439,30000201,1010,2023-07-17,2023-07-21,245900.0,233720.0,Completed
1000967,30000204,1010,2023-07-17,2023-07-21,98400.0,97810.0,Completed
1000112,20000101,1010,2023-07-17,2023-07-21,276900.0,266830.0,Completed
1000113,20000101,1010,2023-07-19,2023-07-22,276900.0,275880.0,Completed
1002134,30000302,1020,2023-07-22,2023-07-25,68700.0,67210.0,Completed
1001366,30000102,1010,2023-07-22,2023-07-26,68300.0,68070.0,Completed
1000440,30000201,1010,2023-07-22,2023-07-26,245900.0,246280.0,Completed
1000968,30000204,1010,2023-07-23,2023-07-25,98400.0,97620.0,Completed
1001190,30000101,1010,2023-07-23,2023-07-28,169400.0,167950.0,Completed
1002612,30000403,1020,2023-07-24,2023-07-28,53100.0,51630.0,Completed
1000114,20000101,1010,2023-07-25,2023-07-28,276900.0,271870.0,Completed
1001925,30000301,1020,2023-08-01,2023-08-06,74400.0,74370.0,Completed
1000115,20000101,1010,2023-08-01,2023-08-05,271300.0,266980.0,Completed
1000819,30000203,1010,2023-08-01,2023-08-06,82400.0,80730.0,Completed
1000691,30000202,1010,2023-08-01,2023-08-04,93600.0,91250.0,Completed
1000969,30000204,1010,2023-08-02,2023-08-04,75300.0,72350.0,Completed
1002135,30000302,1020,2023-08-02,2023-08-07,87000.0,85890.0,Completed
1002305,30000401,1020,2023-08-02,2023-08-07,54200.0,51740.0,Completed
1002741,30000404,1020,2023-08-02,2023-08-05,37700.0,36390.0,Completed
1001737,30000104,1010,2023-08-02,2023-08-04,66500.0,65570.0,Completed
1000441,30000201,1010,2023-08-02,2023-08-05,248700.0,245100.0,Completed
1002451,30000402,1020,2023-08-03,2023-08-05,73000.0,72070.0,Completed
1001573,30000103,1010,2023-08-03,2023-08-05,68900.0,67610.0,Completed
1002613,30000403,1020,2023-08-03,2023-08-06,65000.0,64100.0,Completed
1001191,30000101,1010,2023-08-03,2023-08-07,176300.0,173270.0,Completed
1001367,30000102,1010,2023-08-03,2023-08-07,50600.0,49550.0,Completed
1002853,30000405,1020,2023-08-03,2023-08-05,53200.0,52780.0,Completed
1000116,20000101,1010,2023-08-05,2023-08-10,271300.0,265140.0,Completed
1001192,30000101,1010,2023-08-08,2023-08-10,176300.0,178800.0,Completed
1000970,30000204,1010,2023-08-09,2023-08-11,75300.0,73510.0,Completed
1002136,30000302,1020,2023-08-09,2023-08-12,87000.0,85430.0,Completed
1002614,30000403,1020,2023-08-09,2023-08-13,65000.0,64330.0,Completed
1001926,30000301,1020,2023-08-10,2023-08-13,74400.0,73340.0,Completed
1001368,30000102,1010,2023-08-10,2023-08-14,50600.0,49990.0,Completed
1001574,30000103,1010,2023-08-10,2023-08-14,68900.0,70210.0,Completed
1000442,30000201,1010,2023-08-10,2023-08-13,248700.0,245870.0,Completed
1000117,20000101,1010,2023-08-11,2023-08-13,271300.0,273860.0,Completed
1000820,30000203,1010,2023-08-15,2023-08-19,82400.0,80610.0,Completed
1001369,30000102,1010,2023-08-15,2023-08-17,50600.0,50490.0,Completed
1002615,30000403,1020,2023-08-15,2023-08-19,65000.0,63590.0,Completed
1001738,30000104,1010,2023-08-15,2023-08-19,66500.0,68020.0,Completed
1002452,30000402,1020,2023-08-15,2023-08-19,73000.0,72660.0,Completed
1000971,30000204,1010,2023-08-15,2023-08-17,75300.0,75290.0,Completed
1002742,30000404,1020,2023-08-16,2023-08-19,37700.0,37330.0,Completed
1001193,30000101,1010,2023-08-16,2023-08-18,176300.0,179120.0,Completed
1002854,30000405,1020,2023-08-16,2023-08-19,53200.0,51670.0,Completed
1002137,30000302,1020,2023-08-16,2023-08-20,87000.0,83890.0,Completed
1000443,30000201,1010,2023-08-16,2023-08-19,248700.0,242630.0,Completed
1000118,20000101,1010,2023-08-16,2023-08-19,271300.0,266630.0,Completed
1002306,30000401,1020,2023-08-17,2023-08-22,54200.0,54270.0,Completed
1001927,30000301,1020,2023-08-17,2023-08-22,74400.0,74700.0,Completed
1001575,30000103,1010,2023-08-17,2023-08-21,68900.0,68060.0,Completed
1000692,30000202,1010,2023-08-17,2023-08-20,93600.0,91810.0,Completed
1000119,20000101,1010,2023-08-20,2023-08-22,271300.0,262030.0,Completed
1001370,30000102,1010,2023-08-22,2023-08-27,50600.0,49450.0,Completed
1001576,30000103,1010,2023-08-22,2023-08-24,68900.0,66380.0,Completed
1000444,30000201,1010,2023-08-23,2023-08-28,248700.0,250410.0,Completed
1002616,30000403,1020,2023-08-23,2023-08-27,65000.0,64040.0,Completed
1000972,30000204,1010,2023-08-23,2023-08-28,75300.0,73840.0,Completed
1002138,30000302,1020,2023-08-24,2023-08-26,87000.0,84900.0,Completed
1001194,30000101,1010,2023-08-24,2023-08-29,176300.0,176540.0,Completed
1001928,30000301,1020,2023-08-24,2023-08-27,74400.0,73290.0,Completed
1000120,20000101,1010,2023-08-26,2023-08-31,271300.0,271230.0,Completed
1002307,30000401,1020,2023-09-01,2023-09-03,67600.0,66220.0,Completed
1000973,30000204,1010,2023-09-01,2023-09-04,155300.0,153760.0,Completed
1002855,30000405,1020,2023-09-01,2023-09-05,32500.0,31830.0,Completed
1002453,30000402,1020,2023-09-01,2023-09-06,52900.0,52730.0,Completed
1002617,30000403,1020,2023-09-01,2023-09-06,48400.0,47450.0,Completed
1001195,30000101,1010,2023-09-01,2023-09-05,133300.0,133100.0,Completed
1000121,20000101,1010,2023-09-01,2023-09-04,330600.0,320130.0,Completed
1002743,30000404,1020,2023-09-02,2023-09-04,36300.0,35920.0,Completed
1001371,30000102,1010,2023-09-02,2023-09-04,52500.0,51760.0,Completed
1000693,30000202,1010,2023-09-02,2023-09-07,99700.0,96440.0,Completed
1001929,30000301,1020,2023-09-02,2023-09-06,64800.0,65180.0,Completed
1002139,30000302,1020,2023-09-02,2023-09-06,59100.0,59050.0,Completed
1001577,30000103,1010,2023-09-02,2023-09-05,66000.0,66230.0,Completed
1000821,30000203,1010,2023-09-02,2023-09-04,94400.0,93070.0,Completed
1000445,30000201,1010,2023-09-03,2023-09-06,166900.0,162780.0,Completed
1001739,30000104,1010,2023-09-03,2023-09-05,44900.0,45380.0,Completed
1000446,30000201,1010,2023-09-05,2023-09-07,166900.0,165510.0,Completed
1000122,20000101,1010,2023-09-06,2023-09-09,330600.0,327890.0,Completed
1001196,30000101,1010,2023-09-08,2023-09-11,133300.0,132980.0,Completed
1001930,30000301,1020,2023-09-08,2023-09-10,64800.0,64250.0,Completed
1002308,30000401,1020,2023-09-09,2023-09-14,67600.0,68050.0,Completed
1002454,30000402,1020,2023-09-09,2023-09-14,52900.0,50890.0,Completed
1000974,30000204,1010,2023-09-09,2023-09-11,155300.0,155850.0,Completed
1002140,30000302,1020,2023-09-10,2023-09-13,59100.0,57250.0,Completed
1000447,30000201,1010,2023-09-10,2023-09-15,166900.0,162780.0,Completed
1001372,30000102,1010,2023-09-10,2023-09-13,52500.0,53360.0,Completed
1000123,20000101,1010,2023-09-12,2023-09-15,330600.0,332490.0,Completed
1001578,30000103,1010,2023-09-15,2023-09-19,66000.0,67380.0,Completed
1001931,30000301,1020,2023-09-15,2023-09-19,64800.0,64240.0,Completed
1000124,20000101,1010,2023-09-15,2023-09-18,330600.0,329130.0,Completed
1002856,30000405,1020,2023-09-15,2023-09-17,32500.0,32490.0,Completed
1000975,30000204,1010,2023-09-15,2023-09-19,155300.0,159580.0,Completed
1002618,30000403,1020,2023-09-15,2023-09-18,48400.0,48380.0,Completed
1001197,30000101,1010,2023-09-15,2023-09-17,133300.0,132370.0,Completed
1000694,30000202,1010,2023-09-16,2023-09-21,99700.0,97420.0,Completed
1001740,30000104,1010,2023-09-16,2023-09-21,44900.0,44420.0,Completed
1000448,30000201,1010,2023-09-16,2023-09-21,166900.0,165930.0,Completed
1000822,30000203,1010,2023-09-16,2023-09-21,94400.0,94640.0,Completed
1002455,30000402,1020,2023-09-16,2023-09-19,52900.0,50480.0,Completed
1002141,30000302,1020,2023-09-17,2023-09-21,59100.0,58050.0,Completed
1001373,30000102,1010,2023-09-17,2023-09-21,52500.0,51740.0,Completed
1002309,30000401,1020,2023-09-17,2023-09-19,67600.0,67730.0,Completed
1002744,30000404,1020,2023-09-17,2023-09-20,36300.0,36450.0,Completed
1000449,30000201,1010,2023-09-19,2023-09-21,166900.0,165840.0,Completed
1000125,20000101,1010,2023-09-21,2023-09-26,330600.0,338860.0,Completed
1001198,30000101,1010,2023-09-22,2023-09-24,133300.0,128480.0,Completed
1001932,30000301,1020,2023-09-22,2023-09-26,64800.0,64690.0,Completed
1002310,30000401,1020,2023-09-23,2023-09-27,67600.0,66200.0,Completed
1000976,30000204,1010,2023-09-23,2023-09-25,155300.0,156270.0,Completed
1002142,30000302,1020,2023-09-23,2023-09-27,59100.0,59610.0,Completed
1000450,30000201,1010,2023-09-24,2023-09-28,166900.0,163990.0,Completed
1001374,30000102,1010,2023-09-24,2023-09-28,52500.0,50710.0,Completed
1002456,30000402,1020,2023-09-24,2023-09-27,52900.0,54030.0,Completed
1000126,20000101,1010,2023-09-25,2023-09-27,330600.0,328970.0,Completed
1000695,30000202,1010,2023-10-01,2023-10-03,50400.0,49200.0,Completed
1000823,30000203,1010,2023-10-01,2023-10-06,44000.0,43180.0,Completed
1001741,30000104,1010,2023-10-01,2023-10-04,57100.0,58440.0,Completed
1001579,30000103,1010,2023-10-01,2023-10-06,60200.0,59930.0,Completed
1001199,30000101,1010,2023-10-01,2023-10-04,159700.0,161550.0,Completed
1001933,30000301,1020,2023-10-02,2023-10-05,55800.0,55900.0,Completed
1000127,20000101,1010,2023-10-02,2023-10-04,280000.0,289660.0,Completed
1002619,30000403,1020,2023-10-02,2023-10-06,62900.0,62160.0,Completed
1002457,30000402,1020,2023-10-02,2023-10-04,73100.0,73690.0,Completed
1002311,30000401,1020,2023-10-02,2023-10-06,95100.0,93490.0,Completed
1000451,30000201,1010,2023-10-02,2023-10-06,173900.0,175770.0,Completed
1002745,30000404,1020,2023-10-02,2023-10-07,49300.0,47530.0,Completed
1002143,30000302,1020,2023-10-02,2023-10-06,65300.0,65070.0,Completed
1002857,30000405,1020,2023-10-03,2023-10-06,64200.0,64170.0,Completed
1000977,30000204,1010,2023-10-03,2023-10-06,71300.0,70130.0,Completed
1001375,30000102,1010,2023-10-03,2023-10-05,84300.0,84270.0,Completed
1000452,30000201,1010,2023-10-05,2023-10-09,173900.0,171960.0,Completed
1000128,20000101,1010,2023-10-06,2023-10-08,280000.0,276450.0,Completed
1001742,30000104,1010,2023-10-08,2023-10-11,57100.0,56570.0,Completed
1000978,30000204,1010,2023-10-08,2023-10-12,71300.0,70410.0,Completed
1001376,30000102,1010,2023-10-08,2023-10-13,84300.0,82530.0,Completed
1001200,30000101,1010,2023-10-08,2023-10-10,159700.0,161630.0,Completed
1002144,30000302,1020,2023-10-08,2023-10-10,65300.0,65300.0,Completed
1001934,30000301,1020,2023-10-09,2023-10-13,55800.0,55220.0,Completed
1002458,30000402,1020,2023-10-09,2023-10-12,73100.0,71960.0,Completed
1002620,30000403,1020,2023-10-10,2023-10-13,62900.0,61290.0,Completed
1000696,30000202,1010,2023-10-10,2023-10-12,50400.0,49680.0,Completed
1000453,30000201,1010,2023-10-10,2023-10-13,173900.0,174130.0,Completed
1000129,20000101,1010,2023-10-12,2023-10-15,280000.0,282870.0,Completed
1000979,30000204,1010,2023-10-15,2023-10-18,71300.0,70860.0,Completed
1001743,30000104,1010,2023-10-15,2023-10-17,57100.0,56150.0,Completed
1002459,30000402,1020,2023-10-15,2023-10-17,73100.0,72590.0,Completed
1002312,30000401,1020,2023-10-15,2023-10-18,95100.0,95090.0,Completed
1002858,30000405,1020,2023-10-15,2023-10-17,64200.0,63980.0,Completed
1001201,30000101,1010,2023-10-16,2023-10-19,159700.0,157390.0,Completed
1000697,30000202,1010,2023-10-16,2023-10-19,50400.0,50820.0,Completed
1002746,30000404,1020,2023-10-16,2023-10-19,49300.0,48670.0,Completed
1002145,30000302,1020,2023-10-16,2023-10-21,65300.0,63140.0,Completed
1001377,30000102,1010,2023-10-16,2023-10-21,84300.0,82160.0,Completed
1001580,30000103,1010,2023-10-16,2023-10-21,60200.0,58690.0,Completed
1000130,20000101,1010,2023-10-16,2023-10-21,280000.0,281690.0,Completed
1000454,30000201,1010,2023-10-16,2023-10-21,173900.0,174050.0,Completed
1002621,30000403,1020,2023-10-16,2023-10-18,62900.0,62090.0,Completed
1000824,30000203,1010,2023-10-17,2023-10-22,44000.0,42230.0,Completed
1001935,30000301,1020,2023-10-17,2023-10-22,55800.0,54960.0,Completed
1000131,20000101,1010,2023-10-19,2023-10-22,280000.0,280210.0,Completed
1000455,30000201,1010,2023-10-20,2023-10-24,173900.0,168650.0,Completed
1001378,30000102,1010,2023-10-22,2023-10-25,84300.0,84620.0,Completed
1002622,30000403,1020,2023-10-22,2023-10-26,62900.0,61400.0,Completed
1002146,30000302,1020,2023-10-23,2023-10-25,65300.0,63920.0,Completed
1000698,30000202,1010,2023-10-23,2023-10-27,50400.0,50140.0,Completed
1002460,30000402,1020,2023-10-23,2023-10-27,73100.0,73700.0,Completed
1000980,30000204,1010,2023-10-23,2023-10-28,71300.0,71780.0,Completed
1001936,30000301,1020,2023-10-24,2023-10-28,55800.0,54510.0,Completed
1001202,30000101,1010,2023-10-24,2023-10-28,159700.0,158630.0,Completed
1001744,30000104,1010,2023-10-24,2023-10-27,57100.0,58670.0,Completed
1000132,20000101,1010,2023-10-25,2023-10-29,280000.0,279820.0,Completed
1000456,30000201,1010,2023-10-26,2023-10-30,173900.0,170690.0,Completed
1000981,30000204,1010,2023-11-01,2023-11-04,75400.0,75940.0,Completed
1001581,30000103,1010,2023-11-01,2023-11-05,70300.0,69080.0,Completed
1000133,20000101,1010,2023-11-01,2023-11-06,254200.0,251680.0,Completed
1002313,30000401,1020,2023-11-02,2023-11-07,50100.0,49090.0,Completed
1002623,30000403,1020,2023-11-02,2023-11-07,68600.0,68310.0,Completed
1001937,30000301,1020,2023-11-02,2023-11-06,70500.0,69980.0,Completed
1001379,30000102,1010,2023-11-03,2023-11-06,92900.0,91010.0,Completed
1000457,30000201,1010,2023-11-03,2023-11-06,246300.0,248220.0,Completed
1002147,30000302,1020,2023-11-03,2023-11-05,56700.0,56450.0,Completed
1000825,30000203,1010,2023-11-03,2023-11-08,17600.0,17150.0,Completed
1001745,30000104,1010,2023-11-03,2023-11-06,55300.0,55720.0,Completed
1001203,30000101,1010,2023-11-03,2023-11-07,115300.0,115060.0,Completed
1002859,30000405,1020,2023-11-03,2023-11-06,41700.0,42490.0,Completed
1002461,30000402,1020,2023-11-03,2023-11-05,67000.0,66450.0,Completed
1000699,30000202,1010,2023-11-03,2023-11-06,47600.0,46600.0,Completed
1000134,20000101,1010,2023-11-06,2023-11-11,254200.0,249370.0,Completed
1002148,30000302,1020,2023-11-08,2023-11-13,56700.0,56790.0,Completed
1002314,30000401,1020,2023-11-08,2023-11-12,50100.0,49010.0,Completed
1001746,30000104,1010,2023-11-08,2023-11-11,55300.0,54910.0,Completed
1001938,30000301,1020,2023-11-08,2023-11-13,70500.0,69720.0,Completed
1001204,30000101,1010,2023-11-09,2023-11-12,115300.0,114750.0,Completed
1002462,30000402,1020,2023-11-09,2023-11-12,67000.0,67320.0,Completed
1001582,30000103,1010,2023-11-10,2023-11-13,70300.0,70060.0,Completed
1001380,30000102,1010,2023-11-10,2023-11-14,92900.0,91470.0,Completed
1000458,30000201,1010,2023-11-10,2023-11-13,246300.0,243790.0,Completed
1000982,30000204,1010,2023-11-10,2023-11-13,75400.0,76280.0,Completed
1000135,20000101,1010,2023-11-10,2023-11-14,254200.0,248040.0,Completed
1002315,30000401,1020,2023-11-15,2023-11-18,50100.0,49280.0,Completed
1000136,20000101,1010,2023-11-15,2023-11-18,254200.0,258260.0,Completed
1001381,30000102,1010,2023-11-15,2023-11-20,92900.0,90680.0,Completed
1002463,30000402,1020,2023-11-15,2023-11-20,67000.0,64870.0,Completed
1001583,30000103,1010,2023-11-15,2023-11-20,70300.0,68850.0,Completed
1000700,30000202,1010,2023-11-15,2023-11-19,47600.0,48590.0,Completed
1001939,30000301,1020,2023-11-15,2023-11-18,70500.0,69110.0,Completed
1001205,30000101,1010,2023-11-15,2023-11-19,115300.0,115080.0,Completed
1001747,30000104,1010,2023-11-16,2023-11-21,55300.0,54370.0,Completed
1002149,30000302,1020,2023-11-16,2023-11-19,56700.0,54460.0,Completed
1000459,30000201,1010,2023-11-16,2023-11-19,246300.0,248080.0,Completed
1002624,30000403,1020,2023-11-16,2023-11-18,68600.0,68220.0,Completed
1002860,30000405,1020,2023-11-17,2023-11-20,41700.0,42170.0,Completed
1000983,30000204,1010,2023-11-17,2023-11-20,75400.0,74620.0,Completed
1000826,30000203,1010,2023-11-17,2023-11-22,17600.0,17060.0,Completed
1000137,20000101,1010,2023-11-21,2023-11-26,254200.0,242840.0,Completed
1000984,30000204,1010,2023-11-22,2023-11-24,75400.0,74730.0,Completed
1002150,30000302,1020,2023-11-23,2023-11-26,56700.0,56130.0,Completed
1000460,30000201,1010,2023-11-24,2023-11-26,246300.0,247900.0,Completed
1002464,30000402,1020,2023-11-24,2023-11-26,67000.0,64750.0,Completed
1001584,30000103,1010,2023-11-24,2023-11-28,70300.0,71080.0,Completed
1001940,30000301,1020,2023-11-24,2023-11-29,70500.0,70410.0,Completed
1002316,30000401,1020,2023-11-24,2023-11-28,50100.0,49710.0,Completed
1001206,30000101,1010,2023-11-24,2023-11-26,115300.0,114900.0,Completed
1001382,30000102,1010,2023-11-24,2023-11-26,92900.0,91360.0,Completed
1001748,30000104,1010,2023-11-24,2023-11-28,55300.0,55280.0,Completed
1000138,20000101,1010,2023-11-25,2023-11-30,254200.0,249150.0,Completed
1001207,30000101,1010,2023-12-01,2023-12-05,129500.0,127310.0,Completed
1001585,30000103,1010,2023-12-01,2023-12-04,61900.0,61200.0,Completed
1000139,20000101,1010,2023-12-01,2023-12-04,298200.0,298590.0,Completed
1002151,30000302,1020,2023-12-01,2023-12-05,96200.0,92500.0,Completed
1002747,30000404,1020,2023-12-01,2023-12-04,54200.0,54700.0,Completed
1001383,30000102,1010,2023-12-02,2023-12-04,80900.0,78690.0,Completed
1002465,30000402,1020,2023-12-02,2023-12-04,53500.0,53630.0,Completed
1000827,30000203,1010,2023-12-02,2023-12-07,83300.0,84210.0,Completed
1002317,30000401,1020,2023-12-03,2023-12-05,52000.0,51170.0,Completed
1002861,30000405,1020,2023-12-03,2023-12-07,41400.0,41610.0,Completed
1000985,30000204,1010,2023-12-03,2023-12-07,88100.0,87710.0,Completed
1001749,30000104,1010,2023-12-03,2023-12-07,78600.0,78150.0,Completed
1000701,30000202,1010,2023-12-03,2023-12-06,70500.0,69030.0,Completed
1000461,30000201,1010,2023-12-03,2023-12-06,167800.0,162660.0,Completed
1002625,30000403,1020,2023-12-03,2023-12-06,73200.0,72350.0,Completed
1001941,30000301,1020,2023-12-03,2023-12-07,84800.0,83610.0,Completed
1000140,20000101,1010,2023-12-05,2023-12-10,298200.0,296950.0,Completed
1000462,30000201,1010,2023-12-06,2023-12-10,167800.0,164790.0,Completed
1001208,30000101,1010,2023-12-08,2023-12-12,129500.0,127870.0,Completed
1000702,30000202,1010,2023-12-08,2023-12-11,70500.0,69270.0,Completed
1001384,30000102,1010,2023-12-09,2023-12-11,80900.0,80130.0,Completed
1000986,30000204,1010,2023-12-09,2023-12-11,88100.0,86230.0,Completed
1001750,30000104,1010,2023-12-10,2023-12-15,78600.0,76330.0,Completed
1001586,30000103,1010,2023-12-10,2023-12-13,61900.0,61210.0,Completed
1000141,20000101,1010,2023-12-10,2023-12-15,298200.0,296680.0,Completed
1002466,30000402,1020,2023-12-10,2023-12-13,53500.0,53070.0,Completed
1000463,30000201,1010,2023-12-10,2023-12-14,167800.0,167710.0,Completed
1002318,30000401,1020,2023-12-10,2023-12-13,52000.0,50970.0,Completed
1001942,30000301,1020,2023-12-15,2023-12-20,84800.0,83500.0,Completed
1001385,30000102,1010,2023-12-15,2023-12-19,80900.0,81020.0,Completed
1000703,30000202,1010,2023-12-15,2023-12-19,70500.0,66600.0,Completed
1002152,30000302,1020,2023-12-15,2023-12-20,96200.0,95570.0,Completed
1002862,30000405,1020,2023-12-15,2023-12-17,41400.0,40500.0,Completed
1002467,30000402,1020,2023-12-15,2023-12-17,53500.0,54170.0,Completed
1000142,20000101,1010,2023-12-16,2023-12-18,298200.0,293560.0,Completed
1001587,30000103,1010,2023-12-16,2023-12-21,61900.0,60600.0,Completed
1000464,30000201,1010,2023-12-16,2023-12-20,167800.0,168270.0,Completed
1000828,30000203,1010,2023-12-16,2023-12-19,83300.0,82540.0,Completed
1002626,30000403,1020,2023-12-16,2023-12-19,73200.0,74480.0,Completed
1002748,30000404,1020,2023-12-16,2023-12-21,54200.0,54180.0,Completed
1000987,30000204,1010,2023-12-17,2023-12-19,88100.0,88300.0,Completed
1001751,30000104,1010,2023-12-17,2023-12-22,78600.0,77520.0,Completed
1001209,30000101,1010,2023-12-17,2023-12-19,129500.0,126390.0,Completed
1002319,30000401,1020,2023-12-17,2023-12-21,52000.0,51900.0,Completed
1000465,30000201,1010,2023-12-20,2023-12-25,167800.0,164320.0,Completed
1000143,20000101,1010,2023-12-21,2023-12-25,298200.0,302520.0,Completed
1000704,30000202,1010,2023-12-22,2023-12-26,70500.0,69520.0,Completed
1001386,30000102,1010,2023-12-22,2023-12-27,80900.0,80250.0,Completed
1000988,30000204,1010,2023-12-23,2023-12-25,88100.0,86170.0,Completed
1001588,30000103,1010,2023-12-23,2023-12-27,61900.0,60120.0,Completed
1001752,30000104,1010,2023-12-24,2023-12-26,78600.0,79030.0,Completed
1002320,30000401,1020,2023-12-24,2023-12-29,52000.0,52510.0,Completed
1001210,30000101,1010,2023-12-24,2023-12-28,129500.0,132450.0,Completed
1002468,30000402,1020,2023-12-24,2023-12-29,53500.0,53920.0,Completed
1000466,30000201,1010,2023-12-25,2023-12-29,167800.0,165450.0,Completed
1000144,20000101,1010,2023-12-25,2023-12-28,298200.0,292370.0,Completed
1002627,30000403,1020,2024-01-01,2024-01-03,98100.0,98960.0,Completed
1002749,30000404,1020,2024-01-01,2024-01-05,38100.0,39010.0,Completed
1000145,20000101,1010,2024-01-01,2024-01-04,295500.0,292290.0,Completed
1002153,30000302,1020,2024-01-01,2024-01-06,74200.0,75260.0,Completed
1002863,30000405,1020,2024-01-02,2024-01-06,75600.0,73140.0,Completed
1001589,30000103,1010,2024-01-02,2024-01-07,84200.0,83940.0,Completed
1002469,30000402,1020,2024-01-02,2024-01-07,59300.0,58810.0,Completed
1001387,30000102,1010,2024-01-02,2024-01-05,75500.0,74180.0,Completed
1000989,30000204,1010,2024-01-02,2024-01-06,88900.0,87830.0,Completed
1000705,30000202,1010,2024-01-02,2024-01-05,67300.0,66110.0,Completed
1000829,30000203,1010,2024-01-02,2024-01-04,75100.0,73310.0,Completed
1002321,30000401,1020,2024-01-03,2024-01-05,77000.0,76770.0,Completed
1000467,30000201,1010,2024-01-03,2024-01-08,166700.0,166230.0,Completed
1001753,30000104,1010,2024-01-03,2024-01-08,91100.0,88080.0,Completed
1001943,30000301,1020,2024-01-03,2024-01-06,88800.0,88920.0,Completed
1001211,30000101,1010,2024-01-03,2024-01-06,146300.0,142130.0,Completed
1000468,30000201,1010,2024-01-05,2024-01-10,166700.0,163410.0,Completed
1000146,20000101,1010,2024-01-06,2024-01-11,295500.0,298000.0,Completed
1000706,30000202,1010,2024-01-08,2024-01-13,67300.0,66000.0,Completed
1002470,30000402,1020,2024-01-09,2024-01-14,59300.0,59240.0,Completed
1001388,30000102,1010,2024-01-09,2024-01-12,75500.0,73980.0,Completed
1000990,30000204,1010,2024-01-09,2024-01-14,88900.0,86120.0,Completed
1001212,30000101,1010,2024-01-10,2024-01-15,146300.0,142530.0,Completed
1001944,30000301,1020,2024-01-10,2024-01-12,88800.0,87430.0,Completed
1002154,30000302,1020,2024-01-10,2024-01-14,74200.0,73720.0,Completed
1000469,30000201,1010,2024-01-11,2024-01-15,166700.0,171290.0,Completed
1000147,20000101,1010,2024-01-11,2024-01-14,295500.0,299520.0,Completed
1000470,30000201,1010,2024-01-15,2024-01-18,166700.0,168550.0,Completed
1000707,30000202,1010,2024-01-15,2024-01-20,67300.0,66560.0,Completed
1000991,30000204,1010,2024-01-15,2024-01-19,88900.0,87880.0,Completed
1002750,30000404,1020,2024-01-16,2024-01-21,38100.0,36400.0,Completed
1000148,20000101,1010,2024-01-16,2024-01-20,295500.0,295330.0,Completed
1001389,30000102,1010,2024-01-16,2024-01-18,75500.0,78080.0,Completed
1001590,30000103,1010,2024-01-16,2024-01-21,84200.0,84580.0,Completed
1002155,30000302,1020,2024-01-16,2024-01-19,74200.0,74450.0,Completed
1000830,30000203,1010,2024-01-16,2024-01-20,75100.0,75730.0,Completed
1002471,30000402,1020,2024-01-16,2024-01-19,59300.0,58000.0,Completed
1002864,30000405,1020,2024-01-16,2024-01-19,75600.0,74340.0,Completed
1002628,30000403,1020,2024-01-17,2024-01-21,98100.0,97390.0,Completed
1002322,30000401,1020,2024-01-17,2024-01-22,77000.0,76220.0,Completed
1001945,30000301,1020,2024-01-17,2024-01-19,88800.0,88350.0,Completed
1001754,30000104,1010,2024-01-17,2024-01-21,91100.0,90410.0,Completed
1001213,30000101,1010,2024-01-17,2024-01-21,146300.0,144790.0,Completed
1000149,20000101,1010,2024-01-20,2024-01-22,295500.0,298560.0,Completed
1000471,30000201,1010,2024-01-21,2024-01-26,166700.0,168360.0,Completed
1001214,30000101,1010,2024-01-22,2024-01-26,146300.0,143750.0,Completed
1000708,30000202,1010,2024-01-22,2024-01-25,67300.0,66390.0,Completed
1002156,30000302,1020,2024-01-22,2024-01-24,74200.0,73030.0,Completed
1001390,30000102,1010,2024-01-22,2024-01-25,75500.0,75110.0,Completed
1001946,30000301,1020,2024-01-22,2024-01-27,88800.0,89340.0,Completed
1002472,30000402,1020,2024-01-23,2024-01-28,59300.0,59350.0,Completed
1000992,30000204,1010,2024-01-24,2024-01-29,88900.0,87040.0,Completed
1000472,30000201,1010,2024-01-26,2024-01-28,166700.0,167300.0,Completed
1000150,20000101,1010,2024-01-26,2024-01-29,295500.0,292370.0,Completed
1002473,30000402,1020,2024-02-01,2024-02-04,75300.0,76440.0,Completed
1000709,30000202,1010,2024-02-01,2024-02-03,66900.0,67800.0,Completed
1002323,30000401,1020,2024-02-01,2024-02-04,50500.0,50140.0,Completed
1002751,30000404,1020,2024-02-01,2024-02-05,45800.0,45550.0,Completed
1000473,30000201,1010,2024-02-01,2024-02-05,248800.0,244330.0,Completed
1000151,20000101,1010,2024-02-01,2024-02-03,286100.0,279430.0,Completed
1000831,30000203,1010,2024-02-01,2024-02-04,38200.0,38820.0,Completed
1001947,30000301,1020,2024-02-01,2024-02-04,64500.0,64430.0,Completed
1002629,30000403,1020,2024-02-01,2024-02-06,51000.0,50000.0,Completed
1001391,30000102,1010,2024-02-02,2024-02-04,106600.0,106720.0,Completed
1002157,30000302,1020,2024-02-02,2024-02-07,59200.0,58260.0,Completed
1000993,30000204,1010,2024-02-02,2024-02-06,77200.0,75940.0,Completed
1001755,30000104,1010,2024-02-02,2024-02-05,47400.0,47520.0,Completed
1002865,30000405,1020,2024-02-02,2024-02-05,62300.0,62890.0,Completed
1001591,30000103,1010,2024-02-02,2024-02-07,55000.0,55140.0,Completed
1001215,30000101,1010,2024-02-03,2024-02-07,138300.0,133310.0,Completed
1000152,20000101,1010,2024-02-07,2024-02-12,286100.0,279720.0,Completed
1002324,30000401,1020,2024-02-08,2024-02-10,50500.0,49730.0,Completed
1002630,30000403,1020,2024-02-08,2024-02-13,51000.0,50540.0,Completed
1000710,30000202,1010,2024-02-09,2024-02-13,66900.0,67130.0,Completed
1001592,30000103,1010,2024-02-09,2024-02-14,55000.0,53750.0,Completed
1000994,30000204,1010,2024-02-09,2024-02-13,77200.0,75680.0,Completed
1001216,30000101,1010,2024-02-09,2024-02-12,138300.0,135530.0,Completed
1001392,30000102,1010,2024-02-09,2024-02-11,106600.0,104970.0,Completed
1000474,30000201,1010,2024-02-10,2024-02-14,248800.0,246720.0,Completed
1000153,20000101,1010,2024-02-12,2024-02-17,286100.0,287000.0,Completed
1002631,30000403,1020,2024-02-15,2024-02-19,51000.0,51210.0,Completed
1000832,30000203,1010,2024-02-15,2024-02-20,38200.0,39360.0,Completed
1002474,30000402,1020,2024-02-15,2024-02-20,75300.0,75170.0,Completed
1000154,20000101,1010,2024-02-15,2024-02-20,286100.0,283660.0,Completed
1001393,30000102,1010,2024-02-15,2024-02-20,106600.0,104480.0,Completed
1000475,30000201,1010,2024-02-16,2024-02-21,248800.0,246350.0,Completed
1001217,30000101,1010,2024-02-16,2024-02-18,138300.0,141930.0,Completed
1000711,30000202,1010,2024-02-17,2024-02-19,66900.0,67840.0,Completed
1001593,30000103,1010,2024-02-17,2024-02-21,55000.0,54620.0,Completed
1002752,30000404,1020,2024-02-17,2024-02-21,45800.0,43590.0,Completed
1001756,30000104,1010,2024-02-17,2024-02-22,47400.0,47360.0,Completed
1001948,30000301,1020,2024-02-17,2024-02-22,64500.0,63220.0,Completed
1002325,30000401,1020,2024-02-17,2024-02-22,50500.0,51590.0,Completed
1002866,30000405,1020,2024-02-17,2024-02-20,62300.0,61650.0,Completed
1000995,30000204,1010,2024-02-17,2024-02-19,77200.0,78860.0,Completed
1002158,30000302,1020,2024-02-17,2024-02-22,59200.0,59360.0,Completed
1000155,20000101,1010,2024-02-21,2024-02-23,286100.0,285470.0,Completed
1001594,30000103,1010,2024-02-22,2024-02-26,55000.0,54820.0,Completed
1002632,30000403,1020,2024-02-22,2024-02-27,51000.0,50120.0,Completed
1000996,30000204,1010,2024-02-23,2024-02-28,77200.0,76380.0,Completed
1001218,30000101,1010,2024-02-23,2024-02-26,138300.0,136900.0,Completed
1001394,30000102,1010,2024-02-23,2024-02-28,106600.0,106980.0,Completed
1000476,30000201,1010,2024-02-23,2024-02-26,248800.0,244120.0,Completed
1002326,30000401,1020,2024-02-24,2024-02-26,50500.0,50310.0,Completed
1000156,20000101,1010,2024-02-24,2024-02-27,286100.0,285720.0,Completed
1000712,30000202,1010,2024-02-24,2024-02-27,66900.0,64260.0,Completed
1001395,30000102,1010,2024-03-01,2024-03-06,95800.0,96140.0,Completed
1002159,30000302,1020,2024-03-01,2024-03-06,76600.0,75400.0,Completed
1002867,30000405,1020,2024-03-01,2024-03-05,27900.0,27330.0,Completed
1001757,30000104,1010,2024-03-01,2024-03-04,71000.0,70660.0,Completed
1000157,20000101,1010,2024-03-02,2024-03-07,297000.0,293190.0,Completed
1002475,30000402,1020,2024-03-02,2024-03-07,72400.0,70600.0,Completed
1002327,30000401,1020,2024-03-02,2024-03-05,46100.0,44970.0,Completed
1000997,30000204,1010,2024-03-02,2024-03-04,100900.0,99430.0,Completed
1002753,30000404,1020,2024-03-02,2024-03-07,31600.0,32000.0,Completed
1001219,30000101,1010,2024-03-02,2024-03-06,170700.0,168330.0,Completed
1000833,30000203,1010,2024-03-02,2024-03-06,34000.0,33740.0,Completed
1001595,30000103,1010,2024-03-02,2024-03-07,69800.0,66920.0,Completed
1000713,30000202,1010,2024-03-02,2024-03-05,45000.0,43980.0,Completed
1002633,30000403,1020,2024-03-03,2024-03-05,82200.0,81110.0,Completed
1001949,30000301,1020,2024-03-03,2024-03-07,78300.0,75640.0,Completed
1000477,30000201,1010,2024-03-03,2024-03-05,187000.0,181460.0,Completed
1000478,30000201,1010,2024-03-05,2024-03-07,187000.0,185000.0,Completed
1000158,20000101,1010,2024-03-06,2024-03-08,297000.0,298390.0,Completed
1002160,30000302,1020,2024-03-08,2024-03-11,76600.0,75200.0,Completed
1001596,30000103,1010,2024-03-09,2024-03-14,69800.0,68430.0,Completed
1001396,30000102,1010,2024-03-09,2024-03-13,95800.0,95520.0,Completed
1001220,30000101,1010,2024-03-09,2024-03-14,170700.0,167820.0,Completed
1001950,30000301,1020,2024-03-09,2024-03-13,78300.0,79000.0,Completed
1002476,30000402,1020,2024-03-09,2024-03-11,72400.0,72780.0,Completed
1001758,30000104,1010,2024-03-10,2024-03-13,71000.0,70990.0,Completed
1000998,30000204,1010,2024-03-10,2024-03-14,100900.0,99260.0,Completed
1000159,20000101,1010,2024-03-11,2024-03-14,297000.0,289830.0,Completed
1000479,30000201,1010,2024-03-12,2024-03-16,187000.0,187970.0,Completed
1001597,30000103,1010,2024-03-15,2024-03-17,69800.0,67770.0,Completed
1001759,30000104,1010,2024-03-15,2024-03-20,71000.0,70250.0,Completed
1000999,30000204,1010,2024-03-15,2024-03-18,100900.0,101810.0,Completed
1002634,30000403,1020,2024-03-15,2024-03-19,82200.0,80530.0,Completed
1001397,30000102,1010,2024-03-15,2024-03-19,95800.0,92420.0,Completed
1000160,20000101,1010,2024-03-15,2024-03-17,297000.0,298990.0,Completed
1001221,30000101,1010,2024-03-16,2024-03-19,170700.0,168590.0,Completed
1000714,30000202,1010,2024-03-16,2024-03-21,45000.0,44240.0,Completed
1002161,30000302,1020,2024-03-16,2024-03-21,76600.0,75450.0,Completed
1002328,30000401,1020,2024-03-16,2024-03-18,46100.0,45810.0,Completed
1002754,30000404,1020,2024-03-16,2024-03-19,31600.0,30790.0,Completed
1000834,30000203,1010,2024-03-16,2024-03-21,34000.0,33640.0,Completed
1002477,30000402,1020,2024-03-16,2024-03-19,72400.0,72440.0,Completed
1000480,30000201,1010,2024-03-16,2024-03-21,187000.0,179320.0,Completed
1001951,30000301,1020,2024-03-16,2024-03-18,78300.0,78660.0,Completed
1002868,30000405,1020,2024-03-17,2024-03-20,27900.0,27430.0,Completed
1000161,20000101,1010,2024-03-19,2024-03-24,297000.0,294490.0,Completed
1000481,30000201,1010,2024-03-21,2024-03-23,187000.0,186300.0,Completed
1001598,30000103,1010,2024-03-22,2024-03-27,69800.0,66610.0,Completed
1001952,30000301,1020,2024-03-22,2024-03-24,78300.0,77030.0,Completed
1001000,30000204,1010,2024-03-23,2024-03-27,100900.0,100790.0,Completed
1002478,30000402,1020,2024-03-24,2024-03-28,72400.0,69550.0,Completed
1001398,30000102,1010,2024-03-24,2024-03-29,95800.0,93580.0,Completed
1000162,20000101,1010,2024-03-24,2024-03-27,297000.0,296030.0,Completed
1001760,30000104,1010,2024-03-24,2024-03-27,71000.0,68240.0,Completed
1001222,30000101,1010,2024-03-24,2024-03-27,170700.0,169730.0,Completed
1002162,30000302,1020,2024-03-24,2024-03-27,76600.0,75930.0,Completed
1000482,30000201,1010,2024-03-26,2024-03-31,187000.0,183620.0,Completed
1001761,30000104,1010,2024-04-01,2024-04-04,80600.0,79940.0,Completed
1002755,30000404,1020,2024-04-01,2024-04-03,54900.0,54170.0,Completed
1001223,30000101,1010,2024-04-01,2024-04-04,94500.0,93480.0,Completed
1000715,30000202,1010,2024-04-01,2024-04-06,97200.0,100730.0,Completed
1002163,30000302,1020,2024-04-01,2024-04-05,104200.0,102470.0,Completed
1002635,30000403,1020,2024-04-02,2024-04-05,32300.0,32090.0,Completed
1001399,30000102,1010,2024-04-02,2024-04-06,83800.0,83120.0,Completed
1001001,30000204,1010,2024-04-02,2024-04-05,69500.0,69570.0,Completed
1000835,30000203,1010,2024-04-03,2024-04-07,58100.0,57740.0,Completed
1002869,30000405,1020,2024-04-03,2024-04-05,11300.0,11270.0,Completed
1002479,30000402,1020,2024-04-03,2024-04-06,62000.0,62990.0,Completed
1002329,30000401,1020,2024-04-03,2024-04-08,88400.0,86050.0,Completed
1001599,30000103,1010,2024-04-03,2024-04-05,67900.0,67670.0,Completed
1000163,20000101,1010,2024-04-03,2024-04-08,268400.0,272310.0,Completed
1001953,30000301,1020,2024-04-03,2024-04-05,76200.0,74400.0,Completed
1000483,30000201,1010,2024-04-03,2024-04-08,248700.0,245570.0,Completed
1000164,20000101,1010,2024-04-07,2024-04-10,268400.0,260950.0,Completed
1001002,30000204,1010,2024-04-08,2024-04-13,69500.0,68040.0,Completed
1001600,30000103,1010,2024-04-09,2024-04-14,67900.0,66110.0,Completed
1002164,30000302,1020,2024-04-09,2024-04-12,104200.0,102590.0,Completed
1001762,30000104,1010,2024-04-09,2024-04-13,80600.0,80650.0,Completed
1001224,30000101,1010,2024-04-10,2024-04-12,94500.0,93130.0,Completed
1001400,30000102,1010,2024-04-10,2024-04-12,83800.0,84570.0,Completed
1000484,30000201,1010,2024-04-10,2024-04-12,248700.0,248470.0,Completed
1001954,30000301,1020,2024-04-10,2024-04-12,76200.0,76080.0,Completed
1000165,20000101,1010,2024-04-11,2024-04-13,268400.0,265200.0,Completed
1002330,30000401,1020,2024-04-15,2024-04-19,88400.0,87850.0,Completed
1002636,30000403,1020,2024-04-15,2024-04-19,32300.0,31580.0,Completed
1001003,30000204,1010,2024-04-15,2024-04-17,69500.0,67610.0,Completed
1002480,30000402,1020,2024-04-15,2024-04-17,62000.0,63360.0,Completed
1000836,30000203,1010,2024-04-15,2024-04-18,58100.0,59140.0,Completed
1001601,30000103,1010,2024-04-15,2024-04-18,67900.0,66480.0,Completed
1002165,30000302,1020,2024-04-15,2024-04-19,104200.0,101930.0,Completed
1000716,30000202,1010,2024-04-16,2024-04-19,97200.0,94860.0,Completed
1001955,30000301,1020,2024-04-16,2024-04-20,76200.0,75010.0,Completed
1000166,20000101,1010,2024-04-16,2024-04-18,268400.0,262840.0,Completed
1000485,30000201,1010,2024-04-16,2024-04-21,248700.0,243670.0,Completed
1002870,30000405,1020,2024-04-16,2024-04-19,11300.0,11070.0,Completed
1001401,30000102,1010,2024-04-17,2024-04-19,83800.0,80520.0,Completed
1002756,30000404,1020,2024-04-17,2024-04-19,54900.0,55160.0,Completed
1001225,30000101,1010,2024-04-17,2024-04-19,94500.0,95470.0,Completed
1001763,30000104,1010,2024-04-17,2024-04-19,80600.0,81480.0,Completed
1000167,20000101,1010,2024-04-19,2024-04-23,268400.0,268060.0,Completed
1001602,30000103,1010,2024-04-22,2024-04-24,67900.0,66190.0,Completed
1002166,30000302,1020,2024-04-22,2024-04-27,104200.0,103250.0,Completed
1001956,30000301,1020,2024-04-22,2024-04-26,76200.0,74830.0,Completed
1001764,30000104,1010,2024-04-22,2024-04-24,80600.0,80400.0,Completed
1000486,30000201,1010,2024-04-23,2024-04-25,248700.0,244730.0,Completed
1001226,30000101,1010,2024-04-24,2024-04-27,94500.0,93330.0,Completed
1001402,30000102,1010,2024-04-24,2024-04-27,83800.0,81390.0,Completed
1001004,30000204,1010,2024-04-24,2024-04-28,69500.0,68440.0,Completed
1000168,20000101,1010,2024-04-26,2024-05-01,268400.0,265450.0,Completed
1002871,30000405,1020,2024-05-01,2024-05-03,50000.0,48730.0,Completed
1000717,30000202,1010,2024-05-01,2024-05-05,79200.0,78470.0,Completed
1001765,30000104,1010,2024-05-01,2024-05-06,61200.0,60220.0,Completed
1001957,30000301,1020,2024-05-01,2024-05-03,97900.0,95540.0,Completed
1001603,30000103,1010,2024-05-01,2024-05-06,62600.0,62430.0,Completed
1002757,30000404,1020,2024-05-02,2024-05-04,45400.0,44920.0,Completed
1000487,30000201,1010,2024-05-02,2024-05-05,247800.0,247670.0,Completed
1002481,30000402,1020,2024-05-02,2024-05-04,65500.0,64530.0,Completed
1002167,30000302,1020,2024-05-02,2024-05-07,66600.0,64930.0,Completed
1001403,30000102,1010,2024-05-02,2024-05-04,124800.0,123540.0,Completed
1002637,30000403,1020,2024-05-03,2024-05-08,81300.0,80480.0,Completed
1000169,20000101,1010,2024-05-03,2024-05-08,248300.0,244070.0,Completed
1002331,30000401,1020,2024-05-03,2024-05-08,40700.0,39400.0,Completed
1001005,30000204,1010,2024-05-03,2024-05-06,50400.0,50200.0,Completed
1001227,30000101,1010,2024-05-03,2024-05-05,148700.0,148170.0,Completed
1000837,30000203,1010,2024-05-03,2024-05-07,75800.0,74850.0,Completed
1000170,20000101,1010,2024-05-07,2024-05-10,248300.0,247470.0,Completed
1001006,30000204,1010,2024-05-08,2024-05-11,50400.0,48580.0,Completed
1002168,30000302,1020,2024-05-08,2024-05-12,66600.0,65600.0,Completed
1001404,30000102,1010,2024-05-09,2024-05-13,124800.0,124630.0,Completed
1002872,30000405,1020,2024-05-10,2024-05-15,50000.0,49920.0,Completed
1002638,30000403,1020,2024-05-10,2024-05-15,81300.0,80560.0,Completed
1000488,30000201,1010,2024-05-10,2024-05-15,247800.0,246370.0,Completed
1001228,30000101,1010,2024-05-10,2024-05-13,148700.0,151080.0,Completed
1000171,20000101,1010,2024-05-10,2024-05-12,248300.0,247970.0,Completed
1001766,30000104,1010,2024-05-10,2024-05-15,61200.0,61760.0,Completed
1002482,30000402,1020,2024-05-10,2024-05-15,65500.0,65640.0,Completed
1001604,30000103,1010,2024-05-15,2024-05-19,62600.0,62820.0,Completed
1002169,30000302,1020,2024-05-15,2024-05-19,66600.0,66520.0,Completed
1001007,30000204,1010,2024-05-15,2024-05-20,50400.0,50610.0,Completed
1000718,30000202,1010,2024-05-15,2024-05-17,79200.0,78180.0,Completed
1000489,30000201,1010,2024-05-15,2024-05-20,247800.0,247280.0,Completed
1000838,30000203,1010,2024-05-15,2024-05-18,75800.0,73790.0,Completed
1001767,30000104,1010,2024-05-16,2024-05-18,61200.0,61390.0,Completed
1000172,20000101,1010,2024-05-16,2024-05-19,248300.0,245630.0,Completed
1002332,30000401,1020,2024-05-16,2024-05-18,40700.0,39680.0,Completed
1002483,30000402,1020,2024-05-16,2024-05-19,65500.0,65280.0,Completed
1001405,30000102,1010,2024-05-16,2024-05-20,124800.0,123990.0,Completed
1002873,30000405,1020,2024-05-17,2024-05-22,50000.0,49890.0,Completed
1002639,30000403,1020,2024-05-17,2024-05-21,81300.0,80170.0,Completed
1002758,30000404,1020,2024-05-17,2024-05-19,45400.0,45440.0,Completed
1001958,30000301,1020,2024-05-17,2024-05-22,97900.0,96600.0,Completed
1001229,30000101,1010,2024-05-17,2024-05-22,148700.0,146540.0,Completed
1000173,20000101,1010,2024-05-20,2024-05-24,248300.0,249010.0,Completed
1001406,30000102,1010,2024-05-22,2024-05-25,124800.0,126340.0,Completed
1002874,30000405,1020,2024-05-23,2024-05-27,50000.0,50520.0,Completed
1001768,30000104,1010,2024-05-23,2024-05-26,61200.0,61800.0,Completed
1001230,30000101,1010,2024-05-23,2024-05-26,148700.0,148070.0,Completed
1000490,30000201,1010,2024-05-23,2024-05-25,247800.0,251510.0,Completed
1001008,30000204,1010,2024-05-24,2024-05-28,50400.0,48350.0,Completed
1002170,30000302,1020,2024-05-24,2024-05-28,66600.0,65390.0,Completed
1002484,30000402,1020,2024-05-24,2024-05-29,65500.0,65710.0,Completed
1002640,30000403,1020,2024-05-24,2024-05-29,81300.0,77690.0,Completed
1000174,20000101,1010,2024-05-25,2024-05-27,248300.0,248460.0,Completed
1000839,30000203,1010,2024-06-01,2024-06-06,58500.0,58480.0,Completed
1002485,30000402,1020,2024-06-01,2024-06-05,56600.0,54670.0,Completed
1001959,30000301,1020,2024-06-01,2024-06-04,84200.0,82650.0,Completed
1000175,20000101,1010,2024-06-01,2024-06-05,259000.0,261250.0,Completed
1002759,30000404,1020,2024-06-01,2024-06-03,36100.0,35560.0,Completed
1002171,30000302,1020,2024-06-01,2024-06-06,99400.0,99600.0,Completed
1001605,30000103,1010,2024-06-02,2024-06-04,97800.0,98380.0,Completed
1001009,30000204,1010,2024-06-02,2024-06-05,53600.0,53870.0,Completed
1000491,30000201,1010,2024-06-02,2024-06-07,169400.0,168440.0,Completed
1002333,30000401,1020,2024-06-02,2024-06-04,54300.0,53070.0,Completed
1002641,30000403,1020,2024-06-02,2024-06-05,50200.0,49000.0,Completed
1000719,30000202,1010,2024-06-03,2024-06-07,90200.0,88430.0,Completed
1001769,30000104,1010,2024-06-03,2024-06-08,60300.0,59620.0,Completed
1001231,30000101,1010,2024-06-03,2024-06-08,138100.0,133150.0,Completed
1001407,30000102,1010,2024-06-03,2024-06-08,103200.0,101650.0,Completed
1002875,30000405,1020,2024-06-03,2024-06-05,49000.0,48490.0,Completed
1000176,20000101,1010,2024-06-05,2024-06-09,259000.0,258720.0,Completed
1000492,30000201,1010,2024-06-05,2024-06-09,169400.0,170520.0,Completed
1001232,30000101,1010,2024-06-09,2024-06-13,138100.0,136250.0,Completed
1001770,30000104,1010,2024-06-09,2024-06-12,60300.0,59520.0,Completed
1002486,30000402,1020,2024-06-09,2024-06-11,56600.0,55910.0,Completed
1001010,30000204,1010,2024-06-10,2024-06-12,53600.0,54540.0,Completed
1000177,20000101,1010,2024-06-10,2024-06-13,259000.0,260800.0,Completed
1001408,30000102,1010,2024-06-10,2024-06-15,103200.0,102680.0,Completed
1002642,30000403,1020,2024-06-10,2024-06-15,50200.0,50240.0,Completed
1002334,30000401,1020,2024-06-10,2024-06-12,54300.0,53090.0,Completed
1001960,30000301,1020,2024-06-10,2024-06-12,84200.0,82900.0,Completed
1000493,30000201,1010,2024-06-11,2024-06-15,169400.0,170300.0,Completed
1002335,30000401,1020,2024-06-15,2024-06-19,54300.0,54790.0,Completed
1001233,30000101,1010,2024-06-15,2024-06-18,138100.0,134560.0,Completed
1002876,30000405,1020,2024-06-15,2024-06-18,49000.0,46980.0,Completed
1001011,30000204,1010,2024-06-15,2024-06-19,53600.0,52800.0,Completed
1000720,30000202,1010,2024-06-15,2024-06-17,90200.0,87590.0,Completed
1002172,30000302,1020,2024-06-16,2024-06-21,99400.0,97250.0,Completed
1000494,30000201,1010,2024-06-16,2024-06-19,169400.0,164290.0,Completed
1002760,30000404,1020,2024-06-16,2024-06-21,36100.0,35340.0,Completed
1002487,30000402,1020,2024-06-16,2024-06-20,56600.0,57590.0,Completed
1001961,30000301,1020,2024-06-17,2024-06-21,84200.0,83510.0,Completed
1000178,20000101,1010,2024-06-17,2024-06-19,259000.0,259230.0,Completed
1001606,30000103,1010,2024-06-17,2024-06-19,97800.0,96480.0,Completed
1002643,30000403,1020,2024-06-17,2024-06-19,50200.0,50170.0,Completed
1000840,30000203,1010,2024-06-17,2024-06-19,58500.0,58850.0,Completed
1001771,30000104,1010,2024-06-17,2024-06-21,60300.0,59340.0,Completed
1001409,30000102,1010,2024-06-17,2024-06-21,103200.0,99680.0,Completed
1000179,20000101,1010,2024-06-19,2024-06-21,259000.0,253580.0,Completed
1000495,30000201,1010,2024-06-21,2024-06-26,169400.0,163460.0,Completed
1002488,30000402,1020,2024-06-22,2024-06-27,56600.0,56560.0,Completed
1002336,30000401,1020,2024-06-22,2024-06-25,54300.0,52960.0,Completed
1001962,30000301,1020,2024-06-22,2024-06-24,84200.0,83970.0,Completed
1001012,30000204,1010,2024-06-22,2024-06-25,53600.0,52730.0,Completed
1001410,30000102,1010,2024-06-23,2024-06-27,103200.0,101800.0,Completed
1001772,30000104,1010,2024-06-23,2024-06-28,60300.0,60170.0,Completed
1002644,30000403,1020,2024-06-24,2024-06-26,50200.0,47630.0,Completed
1000496,30000201,1010,2024-06-24,2024-06-27,169400.0,165850.0,Completed
1001234,30000101,1010,2024-06-24,2024-06-29,138100.0,137750.0,Completed
1000180,20000101,1010,2024-06-25,2024-06-27,259000.0,257290.0,Completed
1002645,30000403,1020,2024-07-01,2024-07-04,60000.0,57160.0,Completed
1002337,30000401,1020,2024-07-01,2024-07-05,59100.0,57400.0,Completed
1001013,30000204,1010,2024-07-01,2024-07-04,81800.0,81040.0,Completed
1002173,30000302,1020,2024-07-01,2024-07-05,77800.0,76250.0,Completed
1002877,30000405,1020,2024-07-01,2024-07-06,60200.0,59600.0,Completed
1002761,30000404,1020,2024-07-01,2024-07-04,64100.0,64440.0,Completed
1000841,30000203,1010,2024-07-01,2024-07-05,77100.0,76950.0,Completed
1001411,30000102,1010,2024-07-02,2024-07-07,125200.0,122390.0,Completed
1001235,30000101,1010,2024-07-02,2024-07-07,139900.0,144210.0,Completed
1000497,30000201,1010,2024-07-02,2024-07-04,203700.0,200350.0,Completed
1000181,20000101,1010,2024-07-02,2024-07-07,282500.0,282690.0,Completed
1001607,30000103,1010,2024-07-03,2024-07-08,51000.0,50220.0,Completed
1001773,30000104,1010,2024-07-03,2024-07-07,80900.0,79740.0,Completed
1001963,30000301,1020,2024-07-03,2024-07-05,90700.0,87730.0,Completed
1000721,30000202,1010,2024-07-03,2024-07-08,71300.0,70460.0,Completed
1002489,30000402,1020,2024-07-03,2024-07-07,78300.0,75530.0,Completed
1000182,20000101,1010,2024-07-06,2024-07-08,282500.0,283000.0,Completed
1000498,30000201,1010,2024-07-06,2024-07-10,203700.0,201850.0,Completed
1001774,30000104,1010,2024-07-08,2024-07-11,80900.0,79870.0,Completed
1001608,30000103,1010,2024-07-08,2024-07-13,51000.0,50920.0,Completed
1002490,30000402,1020,2024-07-08,2024-07-10,78300.0,78020.0,Completed
1001236,30000101,1010,2024-07-09,2024-07-12,139900.0,138840.0,Completed
1002338,30000401,1020,2024-07-09,2024-07-11,59100.0,56900.0,Completed
1002174,30000302,1020,2024-07-10,2024-07-15,77800.0,77700.0,Completed
1000499,30000201,1010,2024-07-10,2024-07-12,203700.0,197340.0,Completed
1001412,30000102,1010,2024-07-10,2024-07-12,125200.0,123350.0,Completed
1001964,30000301,1020,2024-07-10,2024-07-15,90700.0,89710.0,Completed
1000183,20000101,1010,2024-07-12,2024-07-14,282500.0,277010.0,Completed
1002175,30000302,1020,2024-07-15,2024-07-20,77800.0,73780.0,Completed
1000500,30000201,1010,2024-07-15,2024-07-17,203700.0,197230.0,Completed
1002491,30000402,1020,2024-07-15,2024-07-17,78300.0,76760.0,Completed
1002339,30000401,1020,2024-07-15,2024-07-20,59100.0,58210.0,Completed
1000184,20000101,1010,2024-07-16,2024-07-20,282500.0,284750.0,Completed
1002762,30000404,1020,2024-07-16,2024-07-21,64100.0,63460.0,Completed
1000842,30000203,1010,2024-07-16,2024-07-20,77100.0,75400.0,Completed
1001014,30000204,1010,2024-07-16,2024-07-19,81800.0,80120.0,Completed
1001775,30000104,1010,2024-07-16,2024-07-19,80900.0,80780.0,Completed
1002878,30000405,1020,2024-07-16,2024-07-19,60200.0,58710.0,Completed
1000722,30000202,1010,2024-07-17,2024-07-21,71300.0,70690.0,Completed
1001609,30000103,1010,2024-07-17,2024-07-19,51000.0,49190.0,Completed
1002646,30000403,1020,2024-07-17,2024-07-22,60000.0,58640.0,Completed
1001413,30000102,1010,2024-07-17,2024-07-21,125200.0,124700.0,Completed
1001237,30000101,1010,2024-07-17,2024-07-22,139900.0,140200.0,Completed
1001965,30000301,1020,2024-07-17,2024-07-20,90700.0,91240.0,Completed
1000501,30000201,1010,2024-07-19,2024-07-24,203700.0,207030.0,Completed
1000185,20000101,1010,2024-07-20,2024-07-22,282500.0,284980.0,Completed
1001966,30000301,1020,2024-07-22,2024-07-25,90700.0,90580.0,Completed
1002176,30000302,1020,2024-07-22,2024-07-25,77800.0,77210.0,Completed
1001414,30000102,1010,2024-07-22,2024-07-27,125200.0,121530.0,Completed
1002492,30000402,1020,2024-07-23,2024-07-27,78300.0,75370.0,Completed
1001238,30000101,1010,2024-07-23,2024-07-28,139900.0,138710.0,Completed
1002340,30000401,1020,2024-07-23,2024-07-27,59100.0,58430.0,Completed
1000502,30000201,1010,2024-07-24,2024-07-26,203700.0,203860.0,Completed
1001776,30000104,1010,2024-07-24,2024-07-28,80900.0,80920.0,Completed
1001610,30000103,1010,2024-07-24,2024-07-26,51000.0,50430.0,Completed
1000186,20000101,1010,2024-07-25,2024-07-30,282500.0,280170.0,Completed
1002341,30000401,1020,2024-08-01,2024-08-04,53000.0,52020.0,Completed
1000187,20000101,1010,2024-08-01,2024-08-06,262900.0,260680.0,Completed
1001415,30000102,1010,2024-08-01,2024-08-04,119400.0,117710.0,Completed
1000503,30000201,1010,2024-08-01,2024-08-06,167100.0,167810.0,Completed
1001611,30000103,1010,2024-08-01,2024-08-04,58100.0,57800.0,Completed
1000723,30000202,1010,2024-08-02,2024-08-04,62300.0,63170.0,Completed
1002493,30000402,1020,2024-08-02,2024-08-06,84900.0,85550.0,Completed
1002177,30000302,1020,2024-08-02,2024-08-07,86900.0,83890.0,Completed
1001239,30000101,1010,2024-08-02,2024-08-07,115000.0,113580.0,Completed
1001015,30000204,1010,2024-08-02,2024-08-04,76100.0,75730.0,Completed
1000843,30000203,1010,2024-08-02,2024-08-06,82600.0,83060.0,Completed
1002763,30000404,1020,2024-08-02,2024-08-07,22400.0,21940.0,Completed
1002879,30000405,1020,2024-08-02,2024-08-04,45500.0,46000.0,Completed
1001777,30000104,1010,2024-08-03,2024-08-08,61900.0,60410.0,Completed
1002647,30000403,1020,2024-08-03,2024-08-05,82100.0,82060.0,Completed
1001967,30000301,1020,2024-08-03,2024-08-05,54000.0,52330.0,Completed
1000188,20000101,1010,2024-08-07,2024-08-11,262900.0,262440.0,Completed
1000504,30000201,1010,2024-08-07,2024-08-09,167100.0,162660.0,Completed
1001416,30000102,1010,2024-08-08,2024-08-10,119400.0,117910.0,Completed
1001778,30000104,1010,2024-08-08,2024-08-10,61900.0,62710.0,Completed
1002494,30000402,1020,2024-08-08,2024-08-10,84900.0,82980.0,Completed
1001016,30000204,1010,2024-08-10,2024-08-14,76100.0,73250.0,Completed
1001968,30000301,1020,2024-08-10,2024-08-12,54000.0,52670.0,Completed
1000189,20000101,1010,2024-08-10,2024-08-13,262900.0,260330.0,Completed
1001612,30000103,1010,2024-08-10,2024-08-15,58100.0,58060.0,Completed
1001240,30000101,1010,2024-08-10,2024-08-15,115000.0,116940.0,Completed
1000505,30000201,1010,2024-08-11,2024-08-13,167100.0,169270.0,Completed
1001017,30000204,1010,2024-08-15,2024-08-20,76100.0,76000.0,Completed
1002880,30000405,1020,2024-08-15,2024-08-18,45500.0,45170.0,Completed
1000190,20000101,1010,2024-08-15,2024-08-17,262900.0,255120.0,Completed
1001969,30000301,1020,2024-08-15,2024-08-17,54000.0,53770.0,Completed
1001417,30000102,1010,2024-08-16,2024-08-19,119400.0,118900.0,Completed
1001613,30000103,1010,2024-08-16,2024-08-21,58100.0,58150.0,Completed
1002342,30000401,1020,2024-08-16,2024-08-21,53000.0,51760.0,Completed
1000844,30000203,1010,2024-08-17,2024-08-21,82600.0,81550.0,Completed
1000724,30000202,1010,2024-08-17,2024-08-21,62300.0,59730.0,Completed
1002178,30000302,1020,2024-08-17,2024-08-19,86900.0,86030.0,Completed
1002648,30000403,1020,2024-08-17,2024-08-19,82100.0,80140.0,Completed
1000506,30000201,1010,2024-08-17,2024-08-19,167100.0,163540.0,Completed
1001241,30000101,1010,2024-08-17,2024-08-22,115000.0,111180.0,Completed
1001779,30000104,1010,2024-08-17,2024-08-22,61900.0,61610.0,Completed
1002764,30000404,1020,2024-08-17,2024-08-20,22400.0,21940.0,Completed
1002495,30000402,1020,2024-08-17,2024-08-21,84900.0,82160.0,Completed
1000191,20000101,1010,2024-08-20,2024-08-24,262900.0,260090.0,Completed
1000507,30000201,1010,2024-08-21,2024-08-26,167100.0,162380.0,Completed
1001780,30000104,1010,2024-08-22,2024-08-27,61900.0,59630.0,Completed
1001018,30000204,1010,2024-08-22,2024-08-24,76100.0,75460.0,Completed
1002496,30000402,1020,2024-08-23,2024-08-25,84900.0,84150.0,Completed
1001970,30000301,1020,2024-08-23,2024-08-25,54000.0,52400.0,Completed
1001242,30000101,1010,2024-08-23,2024-08-25,115000.0,115960.0,Completed
1001418,30000102,1010,2024-08-23,2024-08-25,119400.0,119460.0,Completed
1000508,30000201,1010,2024-08-24,2024-08-29,167100.0,162110.0,Completed
1001614,30000103,1010,2024-08-24,2024-08-26,58100.0,58970.0,Completed
1000192,20000101,1010,2024-08-24,2024-08-26,262900.0,261270.0,Completed
1002497,30000402,1020,2024-09-01,2024-09-05,71500.0,72130.0,Completed
1001419,30000102,1010,2024-09-01,2024-09-05,108000.0,109940.0,Completed
1002343,30000401,1020,2024-09-01,2024-09-06,87900.0,89260.0,Completed
1000193,20000101,1010,2024-09-01,2024-09-05,270300.0,265670.0,Completed
1000509,30000201,1010,2024-09-01,2024-09-05,171500.0,170990.0,Completed
1001019,30000204,1010,2024-09-01,2024-09-04,77600.0,78130.0,Completed
1001971,30000301,1020,2024-09-02,2024-09-04,61400.0,58960.0,Completed
1001615,30000103,1010,2024-09-02,2024-09-06,90700.0,89280.0,Completed
1001243,30000101,1010,2024-09-02,2024-09-07,151500.0,153280.0,Completed
1002881,30000405,1020,2024-09-02,2024-09-06,86800.0,85840.0,Completed
1000725,30000202,1010,2024-09-02,2024-09-04,66700.0,64540.0,Completed
1002649,30000403,1020,2024-09-02,2024-09-07,55400.0,53900.0,Completed
1000845,30000203,1010,2024-09-02,2024-09-05,48600.0,47120.0,Completed
1001781,30000104,1010,2024-09-03,2024-09-06,53100.0,51890.0,Completed
1002179,30000302,1020,2024-09-03,2024-09-07,71900.0,73280.0,Completed
1002765,30000404,1020,2024-09-03,2024-09-08,20900.0,21380.0,Completed
1000194,20000101,1010,2024-09-06,2024-09-10,270300.0,264630.0,Completed
1000510,30000201,1010,2024-09-07,2024-09-11,171500.0,170790.0,Completed
1002650,30000403,1020,2024-09-08,2024-09-13,55400.0,54860.0,Completed
1001782,30000104,1010,2024-09-08,2024-09-13,53100.0,50500.0,Completed
1001972,30000301,1020,2024-09-08,2024-09-12,61400.0,60210.0,Completed
1001420,30000102,1010,2024-09-09,2024-09-11,108000.0,104900.0,Completed
1001020,30000204,1010,2024-09-09,2024-09-14,77600.0,76770.0,Completed
1001244,30000101,1010,2024-09-09,2024-09-13,151500.0,149050.0,Completed
1002498,30000402,1020,2024-09-10,2024-09-14,71500.0,69630.0,Completed
1000511,30000201,1010,2024-09-12,2024-09-17,171500.0,166730.0,Completed
1000195,20000101,1010,2024-09-12,2024-09-17,270300.0,269610.0,Completed
1001421,30000102,1010,2024-09-15,2024-09-19,108000.0,105830.0,Completed
1001021,30000204,1010,2024-09-15,2024-09-20,77600.0,79430.0,Completed
1002766,30000404,1020,2024-09-15,2024-09-18,20900.0,20660.0,Completed
1002499,30000402,1020,2024-09-15,2024-09-19,71500.0,70910.0,Completed
1002651,30000403,1020,2024-09-16,2024-09-19,55400.0,54250.0,Completed
1001973,30000301,1020,2024-09-16,2024-09-18,61400.0,60010.0,Completed
1000512,30000201,1010,2024-09-17,2024-09-20,171500.0,167210.0,Completed
1001783,30000104,1010,2024-09-17,2024-09-19,53100.0,52960.0,Completed
1002882,30000405,1020,2024-09-17,2024-09-20,86800.0,85540.0,Completed
1000196,20000101,1010,2024-09-17,2024-09-22,270300.0,266080.0,Completed
1002180,30000302,1020,2024-09-17,2024-09-22,71900.0,70910.0,Completed
1000846,30000203,1010,2024-09-17,2024-09-20,48600.0,48000.0,Completed
1002344,30000401,1020,2024-09-17,2024-09-22,87900.0,83640.0,Completed
1001245,30000101,1010,2024-09-17,2024-09-22,151500.0,151970.0,Completed
1000726,30000202,1010,2024-09-17,2024-09-21,66700.0,64800.0,Completed
1001616,30000103,1010,2024-09-17,2024-09-21,90700.0,88750.0,Completed
1000513,30000201,1010,2024-09-20,2024-09-23,171500.0,171710.0,Completed
1000197,20000101,1010,2024-09-20,2024-09-25,270300.0,262740.0,Completed
1001784,30000104,1010,2024-09-22,2024-09-24,53100.0,51160.0,Completed
1001422,30000102,1010,2024-09-22,2024-09-24,108000.0,106750.0,Completed
1002652,30000403,1020,2024-09-23,2024-09-28,55400.0,53860.0,Completed
1001246,30000101,1010,2024-09-23,2024-09-25,151500.0,150520.0,Completed
1001974,30000301,1020,2024-09-23,2024-09-28,61400.0,59790.0,Completed
1000514,30000201,1010,2024-09-24,2024-09-26,171500.0,168440.0,Completed
1001022,30000204,1010,2024-09-24,2024-09-26,77600.0,78250.0,Completed
1002500,30000402,1020,2024-09-24,2024-09-26,71500.0,70140.0,Completed
1000198,20000101,1010,2024-09-25,2024-09-30,270300.0,272260.0,Completed
1001975,30000301,1020,2024-10-01,2024-10-04,75000.0,74740.0,Completed
1001785,30000104,1010,2024-10-01,2024-10-03,76100.0,76940.0,Completed
1002653,30000403,1020,2024-10-02,2024-10-07,79400.0,78070.0,Completed
1002767,30000404,1020,2024-10-02,2024-10-05,43100.0,41800.0,Completed
1002181,30000302,1020,2024-10-02,2024-10-05,53000.0,51200.0,Completed
1000847,30000203,1010,2024-10-02,2024-10-07,76100.0,74770.0,Completed
1002501,30000402,1020,2024-10-02,2024-10-07,110200.0,111410.0,Completed
1001247,30000101,1010,2024-10-02,2024-10-07,126500.0,124360.0,Completed
1001423,30000102,1010,2024-10-03,2024-10-08,118300.0,119030.0,Completed
1002345,30000401,1020,2024-10-03,2024-10-07,66200.0,65220.0,Completed
1002883,30000405,1020,2024-10-03,2024-10-08,46600.0,44970.0,Completed
1001023,30000204,1010,2024-10-03,2024-10-07,100600.0,98210.0,Completed
1000515,30000201,1010,2024-10-03,2024-10-07,167100.0,166010.0,Completed
1001617,30000103,1010,2024-10-03,2024-10-05,38700.0,38630.0,Completed
1000199,20000101,1010,2024-10-03,2024-10-08,278400.0,275110.0,Completed
1000727,30000202,1010,2024-10-03,2024-10-07,57400.0,56600.0,Completed
1000200,20000101,1010,2024-10-05,2024-10-10,278400.0,284590.0,Completed
1000516,30000201,1010,2024-10-06,2024-10-10,167100.0,166990.0,Completed
1001976,30000301,1020,2024-10-08,2024-10-11,75000.0,72970.0,Completed
1002346,30000401,1020,2024-10-08,2024-10-13,66200.0,65900.0,Completed
1001248,30000101,1010,2024-10-09,2024-10-13,126500.0,125800.0,Completed
1002182,30000302,1020,2024-10-09,2024-10-13,53000.0,53190.0,Completed
1002502,30000402,1020,2024-10-09,2024-10-14,110200.0,108330.0,Completed
1001424,30000102,1010,2024-10-09,2024-10-11,118300.0,116130.0,Completed
1001024,30000204,1010,2024-10-09,2024-10-14,100600.0,99360.0,Completed
1000517,30000201,1010,2024-10-10,2024-10-14,167100.0,167960.0,Completed
1000201,20000101,1010,2024-10-11,2024-10-16,278400.0,279950.0,Completed
1002183,30000302,1020,2024-10-15,2024-10-20,53000.0,51140.0,Completed
1002654,30000403,1020,2024-10-15,2024-10-19,79400.0,77230.0,Completed
1000518,30000201,1010,2024-10-15,2024-10-19,167100.0,166040.0,Completed
1002884,30000405,1020,2024-10-15,2024-10-19,46600.0,45500.0,Completed
1001025,30000204,1010,2024-10-15,2024-10-18,100600.0,97870.0,Completed
1001618,30000103,1010,2024-10-15,2024-10-17,38700.0,38400.0,Completed
1001977,30000301,1020,2024-10-15,2024-10-20,75000.0,73800.0,Completed
1001786,30000104,1010,2024-10-16,2024-10-20,76100.0,74360.0,Completed
1000848,30000203,1010,2024-10-16,2024-10-18,76100.0,75140.0,Completed
1002347,30000401,1020,2024-10-17,2024-10-20,66200.0,65840.0,Completed
1000728,30000202,1010,2024-10-17,2024-10-20,57400.0,56390.0,Completed
1001425,30000102,1010,2024-10-17,2024-10-21,118300.0,114980.0,Completed
1000202,20000101,1010,2024-10-17,2024-10-19,278400.0,276540.0,Completed
1002503,30000402,1020,2024-10-17,2024-10-21,110200.0,110020.0,Completed
1002768,30000404,1020,2024-10-17,2024-10-19,43100.0,42430.0,Completed
1001249,30000101,1010,2024-10-17,2024-10-21,126500.0,126140.0,Completed
1000519,30000201,1010,2024-10-20,2024-10-24,167100.0,168870.0,Completed
1000203,20000101,1010,2024-10-21,2024-10-25,278400.0,275240.0,Completed
1002184,30000302,1020,2024-10-22,2024-10-26,53000.0,53360.0,Completed
1002504,30000402,1020,2024-10-22,2024-10-26,110200.0,108350.0,Completed
1001978,30000301,1020,2024-10-22,2024-10-26,75000.0,72530.0,Completed
1001426,30000102,1010,2024-10-23,2024-10-27,118300.0,115790.0,Completed
1001026,30000204,1010,2024-10-23,2024-10-28,100600.0,97960.0,Completed
1001250,30000101,1010,2024-10-24,2024-10-29,126500.0,120940.0,Completed
1002348,30000401,1020,2024-10-24,2024-10-29,66200.0,65850.0,Completed
1000204,20000101,1010,2024-10-25,2024-10-29,278400.0,272050.0,Completed
1000520,30000201,1010,2024-10-26,2024-10-31,167100.0,164860.0,Completed
1002655,30000403,1020,2024-11-01,2024-11-06,42400.0,42070.0,Completed
1002185,30000302,1020,2024-11-01,2024-11-04,72700.0,70810.0,Completed
1002769,30000404,1020,2024-11-02,2024-11-04,37400.0,37290.0,Completed
1002505,30000402,1020,2024-11-02,2024-11-06,71900.0,71510.0,Completed
1002885,30000405,1020,2024-11-02,2024-11-07,24600.0,24190.0,Completed
1001427,30000102,1010,2024-11-02,2024-11-04,118800.0,119440.0,Completed
1000205,20000101,1010,2024-11-02,2024-11-06,252100.0,246190.0,Completed
1001619,30000103,1010,2024-11-02,2024-11-06,84000.0,82600.0,Completed
1001787,30000104,1010,2024-11-03,2024-11-06,64300.0,62960.0,Completed
1000521,30000201,1010,2024-11-03,2024-11-07,247200.0,246960.0,Completed
1000729,30000202,1010,2024-11-03,2024-11-08,51300.0,51200.0,Completed
1000849,30000203,1010,2024-11-03,2024-11-08,28100.0,28470.0,Completed
1001251,30000101,1010,2024-11-03,2024-11-08,114300.0,113180.0,Completed
1001979,30000301,1020,2024-11-03,2024-11-07,53600.0,53530.0,Completed
1001027,30000204,1010,2024-11-03,2024-11-07,69700.0,68960.0,Completed
1002349,30000401,1020,2024-11-03,2024-11-05,51000.0,50640.0,Completed
1000206,20000101,1010,2024-11-07,2024-11-12,252100.0,250640.0,Completed
1001980,30000301,1020,2024-11-08,2024-11-11,53600.0,52440.0,Completed
1002350,30000401,1020,2024-11-08,2024-11-12,51000.0,50230.0,Completed
1000522,30000201,1010,2024-11-08,2024-11-13,247200.0,248140.0,Completed
1001788,30000104,1010,2024-11-09,2024-11-14,64300.0,62980.0,Completed
1001252,30000101,1010,2024-11-10,2024-11-15,114300.0,112990.0,Completed
1001028,30000204,1010,2024-11-10,2024-11-13,69700.0,69690.0,Completed
1002506,30000402,1020,2024-11-10,2024-11-12,71900.0,70550.0,Completed
1001620,30000103,1010,2024-11-10,2024-11-13,84000.0,85550.0,Completed
1001428,30000102,1010,2024-11-10,2024-11-13,118800.0,123430.0,Completed
1000207,20000101,1010,2024-11-12,2024-11-16,252100.0,250190.0,Completed
1001253,30000101,1010,2024-11-15,2024-11-20,114300.0,113820.0,Completed
1002507,30000402,1020,2024-11-15,2024-11-17,71900.0,73190.0,Completed
1001981,30000301,1020,2024-11-15,2024-11-20,53600.0,53770.0,Completed
1001621,30000103,1010,2024-11-15,2024-11-20,84000.0,82840.0,Completed
1001029,30000204,1010,2024-11-15,2024-11-18,69700.0,69090.0,Completed
1001429,30000102,1010,2024-11-15,2024-11-19,118800.0,116090.0,Completed
1002886,30000405,1020,2024-11-16,2024-11-19,24600.0,24420.0,Completed
1000208,20000101,1010,2024-11-16,2024-11-21,252100.0,249880.0,Completed
1000730,30000202,1010,2024-11-17,2024-11-20,51300.0,50110.0,Completed
1000850,30000203,1010,2024-11-17,2024-11-20,28100.0,27930.0,Completed
1001789,30000104,1010,2024-11-17,2024-11-22,64300.0,61980.0,Completed
1002186,30000302,1020,2024-11-17,2024-11-21,72700.0,71860.0,Completed
1002656,30000403,1020,2024-11-17,2024-11-20,42400.0,42490.0,Completed
1000523,30000201,1010,2024-11-17,2024-11-22,247200.0,238960.0,Completed
1002770,30000404,1020,2024-11-17,2024-11-19,37400.0,36320.0,Completed
1002351,30000401,1020,2024-11-17,2024-11-21,51000.0,51400.0,Completed
1000209,20000101,1010,2024-11-21,2024-11-26,252100.0,245980.0,Completed
1001430,30000102,1010,2024-11-22,2024-11-26,118800.0,116980.0,Completed
1001790,30000104,1010,2024-11-22,2024-11-25,64300.0,61350.0,Completed
1002352,30000401,1020,2024-11-23,2024-11-28,51000.0,51090.0,Completed
1001030,30000204,1010,2024-11-23,2024-11-27,69700.0,68280.0,Completed
1002508,30000402,1020,2024-11-23,2024-11-26,71900.0,73180.0,Completed
1001254,30000101,1010,2024-11-24,2024-11-26,114300.0,111440.0,Completed
1000524,30000201,1010,2024-11-24,2024-11-29,247200.0,245560.0,Completed
1001622,30000103,1010,2024-11-24,2024-11-29,84000.0,83450.0,Completed
1001982,30000301,1020,2024-11-24,2024-11-29,53600.0,52900.0,Completed
1000210,20000101,1010,2024-11-24,2024-11-29,252100.0,246500.0,Completed
1002657,30000403,1020,2024-12-01,2024-12-03,82300.0,81200.0,Completed
1000211,20000101,1010,2024-12-01,2024-12-03,291300.0,289930.0,Completed
1001791,30000104,1010,2024-12-01,2024-12-06,53700.0,53440.0,Completed
1001983,30000301,1020,2024-12-01,2024-12-05,92300.0,91950.0,Completed
1002509,30000402,1020,2024-12-01,2024-12-04,91300.0,91010.0,Completed
1001031,30000204,1010,2024-12-02,2024-12-05,118700.0,120570.0,Completed
1001623,30000103,1010,2024-12-02,2024-12-04,61200.0,61100.0,Completed
1000525,30000201,1010,2024-12-02,2024-12-06,245800.0,245290.0,Completed
1002353,30000401,1020,2024-12-02,2024-12-07,66500.0,65810.0,Completed
1001255,30000101,1010,2024-12-02,2024-12-06,102600.0,101060.0,Completed
1002887,30000405,1020,2024-12-02,2024-12-05,54800.0,54230.0,Completed
1001431,30000102,1010,2024-12-02,2024-12-05,89800.0,87150.0,Completed
1000851,30000203,1010,2024-12-02,2024-12-05,36700.0,36390.0,Completed
1002771,30000404,1020,2024-12-03,2024-12-05,9900.0,10010.0,Completed
1002187,30000302,1020,2024-12-03,2024-12-05,67200.0,66120.0,Completed
1000731,30000202,1010,2024-12-03,2024-12-07,69100.0,66950.0,Completed
1000212,20000101,1010,2024-12-05,2024-12-09,291300.0,288660.0,Completed
1001256,30000101,1010,2024-12-08,2024-12-11,102600.0,99560.0,Completed
1000526,30000201,1010,2024-12-08,2024-12-11,245800.0,247050.0,Completed
1001032,30000204,1010,2024-12-08,2024-12-13,118700.0,117970.0,Completed
1001624,30000103,1010,2024-12-08,2024-12-12,61200.0,60820.0,Completed
1001984,30000301,1020,2024-12-09,2024-12-14,92300.0,91170.0,Completed
1002510,30000402,1020,2024-12-09,2024-12-12,91300.0,89510.0,Completed
1002188,30000302,1020,2024-12-09,2024-12-14,67200.0,66610.0,Completed
1001792,30000104,1010,2024-12-10,2024-12-15,53700.0,52230.0,Completed
1001432,30000102,1010,2024-12-10,2024-12-12,89800.0,89720.0,Completed
1000213,20000101,1010,2024-12-12,2024-12-15,291300.0,284790.0,Completed
1001793,30000104,1010,2024-12-15,2024-12-17,53700.0,54100.0,Completed
1001985,30000301,1020,2024-12-15,2024-12-20,92300.0,91560.0,Completed
1002658,30000403,1020,2024-12-15,2024-12-19,82300.0,83030.0,Completed
1000732,30000202,1010,2024-12-15,2024-12-19,69100.0,68730.0,Completed
1002511,30000402,1020,2024-12-15,2024-12-18,91300.0,90110.0,Completed
1000527,30000201,1010,2024-12-16,2024-12-18,245800.0,238490.0,Completed
1000214,20000101,1010,2024-12-16,2024-12-21,291300.0,292670.0,Completed
1001433,30000102,1010,2024-12-16,2024-12-18,89800.0,88650.0,Completed
1001033,30000204,1010,2024-12-16,2024-12-20,118700.0,119380.0,Completed
1002354,30000401,1020,2024-12-16,2024-12-21,66500.0,64320.0,Completed
1002189,30000302,1020,2024-12-17,2024-12-21,67200.0,67380.0,Completed
1000852,30000203,1010,2024-12-17,2024-12-19,36700.0,35560.0,Completed
1001625,30000103,1010,2024-12-17,2024-12-20,61200.0,60790.0,Completed
1002888,30000405,1020,2024-12-17,2024-12-22,54800.0,53360.0,Completed
1002772,30000404,1020,2024-12-17,2024-12-19,9900.0,9880.0,Completed
1001257,30000101,1010,2024-12-17,2024-12-22,102600.0,103180.0,Completed
1000215,20000101,1010,2024-12-19,2024-12-23,291300.0,284980.0,Completed
1002512,30000402,1020,2024-12-22,2024-12-27,91300.0,89150.0,Completed
1002190,30000302,1020,2024-12-23,2024-12-28,67200.0,65500.0,Completed
1001258,30000101,1010,2024-12-23,2024-12-26,102600.0,100890.0,Completed
1001034,30000204,1010,2024-12-23,2024-12-26,118700.0,116000.0,Completed
1000528,30000201,1010,2024-12-23,2024-12-26,245800.0,237710.0,Completed
1001434,30000102,1010,2024-12-24,2024-12-26,89800.0,86650.0,Completed
1001986,30000301,1020,2024-12-24,2024-12-27,92300.0,92100.0,Completed
1001794,30000104,1010,2024-12-24,2024-12-28,53700.0,52350.0,Completed
1001626,30000103,1010,2024-12-24,2024-12-29,61200.0,59510.0,Completed
1000216,20000101,1010,2024-12-26,2024-12-29,291300.0,294110.0,Completed
1001035,30000204,1010,2025-01-01,2025-01-04,97600.0,96720.0,Completed
1002513,30000402,1020,2025-01-01,2025-01-06,72800.0,73410.0,Completed
1002191,30000302,1020,2025-01-01,2025-01-06,62600.0,62560.0,Completed
1002659,30000403,1020,2025-01-01,2025-01-04,84800.0,85550.0,Completed
1000529,30000201,1010,2025-01-01,2025-01-03,246500.0,245490.0,Completed
1002355,30000401,1020,2025-01-01,2025-01-04,56000.0,57300.0,Completed
1001259,30000101,1010,2025-01-02,2025-01-06,121800.0,117700.0,Completed
1001627,30000103,1010,2025-01-02,2025-01-07,90700.0,89470.0,Completed
1002889,30000405,1020,2025-01-02,2025-01-04,56500.0,55600.0,Completed
1000853,30000203,1010,2025-01-02,2025-01-06,74600.0,73610.0,Completed
1001435,30000102,1010,2025-01-03,2025-01-07,95800.0,93730.0,Completed
1002773,30000404,1020,2025-01-03,2025-01-06,23900.0,23690.0,Completed
1000217,20000101,1010,2025-01-03,2025-01-06,251200.0,253600.0,Completed
1001795,30000104,1010,2025-01-03,2025-01-05,97000.0,96880.0,Completed
1001987,30000301,1020,2025-01-03,2025-01-05,82900.0,80050.0,Completed
1000733,30000202,1010,2025-01-03,2025-01-07,94200.0,94030.0,Completed
1000218,20000101,1010,2025-01-07,2025-01-11,251200.0,247070.0,Completed
1001988,30000301,1020,2025-01-08,2025-01-11,82900.0,83120.0,Completed
1001260,30000101,1010,2025-01-08,2025-01-13,121800.0,118590.0,Completed
1001436,30000102,1010,2025-01-08,2025-01-12,95800.0,94620.0,Completed
1001796,30000104,1010,2025-01-09,2025-01-14,97000.0,96230.0,Completed
1002514,30000402,1020,2025-01-10,2025-01-15,72800.0,71480.0,Completed
1000530,30000201,1010,2025-01-10,2025-01-15,246500.0,239130.0,Completed
1000219,20000101,1010,2025-01-10,2025-01-13,251200.0,246950.0,Completed
1001036,30000204,1010,2025-01-15,2025-01-17,97600.0,98560.0,Completed
1001797,30000104,1010,2025-01-15,2025-01-17,97000.0,97280.0,Completed
1002890,30000405,1020,2025-01-15,2025-01-20,56500.0,56860.0,Completed
1000220,20000101,1010,2025-01-15,2025-01-18,251200.0,244660.0,Completed
1000854,30000203,1010,2025-01-15,2025-01-18,74600.0,74330.0,Completed
1002192,30000302,1020,2025-01-15,2025-01-19,62600.0,61140.0,Completed
1001989,30000301,1020,2025-01-15,2025-01-18,82900.0,83730.0,Completed
1001628,30000103,1010,2025-01-16,2025-01-20,90700.0,89610.0,Completed
1001261,30000101,1010,2025-01-16,2025-01-18,121800.0,121910.0,Completed
1002660,30000403,1020,2025-01-16,2025-01-20,84800.0,84360.0,Completed
1002515,30000402,1020,2025-01-16,2025-01-20,72800.0,71460.0,Completed
1000734,30000202,1010,2025-01-17,2025-01-20,94200.0,92220.0,Completed
1002774,30000404,1020,2025-01-17,2025-01-22,23900.0,23810.0,Completed
1000531,30000201,1010,2025-01-17,2025-01-22,246500.0,242470.0,Completed
1001437,30000102,1010,2025-01-17,2025-01-19,95800.0,95930.0,Completed
1002356,30000401,1020,2025-01-17,2025-01-21,56000.0,56570.0,Completed
1000221,20000101,1010,2025-01-20,2025-01-22,251200.0,252560.0,Completed
1001990,30000301,1020,2025-01-23,2025-01-27,82900.0,81760.0,Completed
1002516,30000402,1020,2025-01-23,2025-01-25,72800.0,72490.0,Completed
1001798,30000104,1010,2025-01-23,2025-01-26,97000.0,97970.0,Completed
1001262,30000101,1010,2025-01-24,2025-01-27,121800.0,120890.0,Completed
1001438,30000102,1010,2025-01-24,2025-01-28,95800.0,95800.0,Completed
1000532,30000201,1010,2025-01-24,2025-01-29,246500.0,239830.0,Completed
1000222,20000101,1010,2025-01-24,2025-01-29,251200.0,248460.0,Completed
1002775,30000404,1020,2025-02-01,2025-02-03,13700.0,13240.0,Completed
1000735,30000202,1010,2025-02-01,2025-02-05,90800.0,90160.0,Completed
1002357,30000401,1020,2025-02-01,2025-02-03,59900.0,59120.0,Completed
1001263,30000101,1010,2025-02-01,2025-02-06,75600.0,76090.0,Completed
1002517,30000402,1020,2025-02-02,2025-02-05,93300.0,92410.0,Completed
1000223,20000101,1010,2025-02-02,2025-02-06,286600.0,288640.0,Completed
1002193,30000302,1020,2025-02-02,2025-02-07,58400.0,57470.0,Completed
1001991,30000301,1020,2025-02-02,2025-02-06,79100.0,78910.0,Completed
1000855,30000203,1010,2025-02-02,2025-02-04,31500.0,31150.0,Completed
1001439,30000102,1010,2025-02-03,2025-02-08,156100.0,158060.0,Completed
1001037,30000204,1010,2025-02-03,2025-02-07,89300.0,88460.0,Completed
1001629,30000103,1010,2025-02-03,2025-02-05,79400.0,78840.0,Completed
1002891,30000405,1020,2025-02-03,2025-02-07,37300.0,37690.0,Completed
1002661,30000403,1020,2025-02-03,2025-02-05,75800.0,76390.0,Completed
1000533,30000201,1010,2025-02-03,2025-02-08,171500.0,172730.0,Completed
1001799,30000104,1010,2025-02-03,2025-02-07,89800.0,89950.0,Completed
1000534,30000201,1010,2025-02-05,2025-02-08,171500.0,173520.0,Completed
1000224,20000101,1010,2025-02-05,2025-02-10,286600.0,283290.0,Completed
1001440,30000102,1010,2025-02-09,2025-02-13,156100.0,151770.0,Completed
1002194,30000302,1020,2025-02-09,2025-02-12,58400.0,57930.0,Completed
1001038,30000204,1010,2025-02-10,2025-02-12,89300.0,86370.0,Completed
1001264,30000101,1010,2025-02-10,2025-02-12,75600.0,76740.0,Completed
1000225,20000101,1010,2025-02-11,2025-02-15,286600.0,276290.0,Completed
1000535,30000201,1010,2025-02-11,2025-02-13,171500.0,173020.0,Completed
1000736,30000202,1010,2025-02-15,2025-02-17,90800.0,91890.0,Completed
1001992,30000301,1020,2025-02-15,2025-02-20,79100.0,77300.0,Completed
1001630,30000103,1010,2025-02-15,2025-02-17,79400.0,77950.0,Completed
1001441,30000102,1010,2025-02-15,2025-02-19,156100.0,155200.0,Completed
1001039,30000204,1010,2025-02-15,2025-02-17,89300.0,91310.0,Completed
1002358,30000401,1020,2025-02-16,2025-02-19,59900.0,58750.0,Completed
1002892,30000405,1020,2025-02-16,2025-02-19,37300.0,37530.0,Completed
1002662,30000403,1020,2025-02-16,2025-02-21,75800.0,76380.0,Completed
1001800,30000104,1010,2025-02-16,2025-02-21,89800.0,90000.0,Completed
1000856,30000203,1010,2025-02-16,2025-02-20,31500.0,31110.0,Completed
1000536,30000201,1010,2025-02-16,2025-02-20,171500.0,169410.0,Completed
1000226,20000101,1010,2025-02-16,2025-02-18,286600.0,285900.0,Completed
1002776,30000404,1020,2025-02-16,2025-02-20,13700.0,13430.0,Completed
1002518,30000402,1020,2025-02-16,2025-02-21,93300.0,89950.0,Completed
1002195,30000302,1020,2025-02-17,2025-02-22,58400.0,57390.0,Completed
1001265,30000101,1010,2025-02-17,2025-02-19,75600.0,75870.0,Completed
1000537,30000201,1010,2025-02-19,2025-02-22,171500.0,164940.0,Completed
1000227,20000101,1010,2025-02-21,2025-02-23,286600.0,287000.0,Completed
1001266,30000101,1010,2025-02-22,2025-02-27,75600.0,74460.0,Completed
1002196,30000302,1020,2025-02-23,2025-02-27,58400.0,59540.0,Completed
1001442,30000102,1010,2025-02-23,2025-02-27,156100.0,154140.0,Completed
1001040,30000204,1010,2025-02-24,2025-02-28,89300.0,87250.0,Completed
1000228,20000101,1010,2025-02-25,2025-02-28,286600.0,284930.0,Completed
1000538,30000201,1010,2025-02-26,2025-03-02,171500.0,169600.0,Completed
1000857,30000203,1010,2025-03-01,2025-03-05,73700.0,72110.0,Completed
1001801,30000104,1010,2025-03-01,2025-03-04,68500.0,67880.0,Completed
1002663,30000403,1020,2025-03-01,2025-03-04,56600.0,54690.0,Completed
1002893,30000405,1020,2025-03-01,2025-03-03,42700.0,42660.0,Completed
1001993,30000301,1020,2025-03-01,2025-03-06,91000.0,91480.0,Completed
1001041,30000204,1010,2025-03-01,2025-03-04,74200.0,72250.0,Completed
1000737,30000202,1010,2025-03-02,2025-03-06,91700.0,90010.0,Completed
1001267,30000101,1010,2025-03-02,2025-03-04,70100.0,68280.0,Completed
1001443,30000102,1010,2025-03-02,2025-03-04,140300.0,139790.0,Completed
1002197,30000302,1020,2025-03-02,2025-03-05,55600.0,55380.0,Completed
1001631,30000103,1010,2025-03-02,2025-03-07,72900.0,73150.0,Completed
1000539,30000201,1010,2025-03-02,2025-03-05,168500.0,164410.0,Completed
1002519,30000402,1020,2025-03-03,2025-03-05,50100.0,48990.0,Completed
1000229,20000101,1010,2025-03-03,2025-03-05,272900.0,274820.0,Completed
1002359,30000401,1020,2025-03-03,2025-03-05,67600.0,66190.0,Completed
1002777,30000404,1020,2025-03-03,2025-03-05,23200.0,23090.0,Completed
1000230,20000101,1010,2025-03-05,2025-03-08,272900.0,269540.0,Completed
1000540,30000201,1010,2025-03-05,2025-03-07,168500.0,168810.0,Completed
1002664,30000403,1020,2025-03-09,2025-03-14,56600.0,55350.0,Completed
1001802,30000104,1010,2025-03-09,2025-03-11,68500.0,66980.0,Completed
1001042,30000204,1010,2025-03-10,2025-03-14,74200.0,75090.0,Completed
1001632,30000103,1010,2025-03-10,2025-03-15,72900.0,72550.0,Completed
1002198,30000302,1020,2025-03-10,2025-03-13,55600.0,55610.0,Completed
1001268,30000101,1010,2025-03-10,2025-03-15,70100.0,69640.0,Completed
1001444,30000102,1010,2025-03-10,2025-03-14,140300.0,138670.0,Completed
1000541,30000201,1010,2025-03-10,2025-03-14,168500.0,168520.0,Completed
1001994,30000301,1020,2025-03-10,2025-03-15,91000.0,91610.0,Completed
1000231,20000101,1010,2025-03-11,2025-03-13,272900.0,269950.0,Completed
1000858,30000203,1010,2025-03-15,2025-03-20,73700.0,72000.0,Completed
1000232,20000101,1010,2025-03-15,2025-03-17,272900.0,265640.0,Completed
1001995,30000301,1020,2025-03-15,2025-03-19,91000.0,90340.0,Completed
1002360,30000401,1020,2025-03-15,2025-03-17,67600.0,65530.0,Completed
1001633,30000103,1010,2025-03-15,2025-03-17,72900.0,72610.0,Completed
1001043,30000204,1010,2025-03-15,2025-03-20,74200.0,70990.0,Completed
1001445,30000102,1010,2025-03-16,2025-03-20,140300.0,137750.0,Completed
1002894,30000405,1020,2025-03-16,2025-03-20,42700.0,42270.0,Completed
1002199,30000302,1020,2025-03-16,2025-03-21,55600.0,56500.0,Completed
1002778,30000404,1020,2025-03-16,2025-03-18,23200.0,22780.0,Completed
1000542,30000201,1010,2025-03-16,2025-03-18,168500.0,167480.0,Completed
1002520,30000402,1020,2025-03-17,2025-03-19,50100.0,49610.0,Completed
1001269,30000101,1010,2025-03-17,2025-03-20,70100.0,68930.0,Completed
1000738,30000202,1010,2025-03-17,2025-03-19,91700.0,91600.0,Completed
1002665,30000403,1020,2025-03-17,2025-03-21,56600.0,56980.0,Completed
1001803,30000104,1010,2025-03-17,2025-03-21,68500.0,68330.0,Completed
1000543,30000201,1010,2025-03-19,2025-03-23,168500.0,165810.0,Completed
1000233,20000101,1010,2025-03-19,2025-03-23,272900.0,266420.0,Completed
1001270,30000101,1010,2025-03-22,2025-03-26,70100.0,69700.0,Completed
1001446,30000102,1010,2025-03-22,2025-03-25,140300.0,136220.0,Completed
1001634,30000103,1010,2025-03-22,2025-03-26,72900.0,73040.0,Completed
1001804,30000104,1010,2025-03-22,2025-03-26,68500.0,67250.0,Completed
1001044,30000204,1010,2025-03-22,2025-03-24,74200.0,72790.0,Completed
1002666,30000403,1020,2025-03-22,2025-03-26,56600.0,56410.0,Completed
1001996,30000301,1020,2025-03-24,2025-03-29,91000.0,87210.0,Completed
1002200,30000302,1020,2025-03-24,2025-03-26,55600.0,56430.0,Completed
1000544,30000201,1010,2025-03-24,2025-03-28,168500.0,170080.0,Completed
1000234,20000101,1010,2025-03-25,2025-03-30,272900.0,266610.0,Completed
1001997,30000301,1020,2025-04-01,2025-04-05,63900.0,61150.0,Completed
1001045,30000204,1010,2025-04-01,2025-04-05,52800.0,53030.0,Completed
1000235,20000101,1010,2025-04-01,2025-04-04,251200.0,249910.0,Completed
1001805,30000104,1010,2025-04-01,2025-04-05,81200.0,79570.0,Completed
1001271,30000101,1010,2025-04-01,2025-04-05,72900.0,72370.0,Completed
1002779,30000404,1020,2025-04-02,2025-04-05,20000.0,19870.0,Completed
1002201,30000302,1020,2025-04-02,2025-04-05,91300.0,88530.0,Completed
1000545,30000201,1010,2025-04-02,2025-04-06,167700.0,166540.0,Completed
1002361,30000401,1020,2025-04-02,2025-04-07,73200.0,71740.0,Completed
1001635,30000103,1010,2025-04-03,2025-04-06,70600.0,69540.0,Completed
1000859,30000203,1010,2025-04-03,2025-04-05,48000.0,47170.0,Completed
1000739,30000202,1010,2025-04-03,2025-04-08,74100.0,74700.0,Completed
1001447,30000102,1010,2025-04-03,2025-04-07,168600.0,170230.0,Completed
1002521,30000402,1020,2025-04-03,2025-04-06,87900.0,87360.0,Completed
1002895,30000405,1020,2025-04-03,2025-04-06,45400.0,45020.0,Completed
1002667,30000403,1020,2025-04-03,2025-04-06,83700.0,82210.0,Completed
1000546,30000201,1010,2025-04-06,2025-04-09,167700.0,163600.0,Completed
1000236,20000101,1010,2025-04-07,2025-04-10,251200.0,252820.0,Completed
1001272,30000101,1010,2025-04-08,2025-04-11,72900.0,71450.0,Completed
1001046,30000204,1010,2025-04-09,2025-04-11,52800.0,51920.0,Completed
1001448,30000102,1010,2025-04-09,2025-04-11,168600.0,163920.0,Completed
1000547,30000201,1010,2025-04-10,2025-04-15,167700.0,166880.0,Completed
1001998,30000301,1020,2025-04-10,2025-04-15,63900.0,63530.0,Completed
1001636,30000103,1010,2025-04-10,2025-04-12,70600.0,70760.0,Completed
1000237,20000101,1010,2025-04-11,2025-04-16,251200.0,247240.0,Completed
1001449,30000102,1010,2025-04-15,2025-04-19,168600.0,166670.0,Completed
1000740,30000202,1010,2025-04-15,2025-04-19,74100.0,73430.0,Completed
1000548,30000201,1010,2025-04-15,2025-04-20,167700.0,166290.0,Completed
1000860,30000203,1010,2025-04-15,2025-04-19,48000.0,47780.0,Completed
1002780,30000404,1020,2025-04-15,2025-04-18,20000.0,19740.0,Completed
1002202,30000302,1020,2025-04-15,2025-04-19,91300.0,91060.0,Completed
1002362,30000401,1020,2025-04-15,2025-04-20,73200.0,72200.0,Completed
1001637,30000103,1010,2025-04-15,2025-04-17,70600.0,69540.0,Completed
1002522,30000402,1020,2025-04-15,2025-04-20,87900.0,86590.0,Completed
1000238,20000101,1010,2025-04-16,2025-04-19,251200.0,248920.0,Completed
1001999,30000301,1020,2025-04-16,2025-04-19,63900.0,61820.0,Completed
1001806,30000104,1010,2025-04-16,2025-04-18,81200.0,79920.0,Completed
1002668,30000403,1020,2025-04-16,2025-04-18,83700.0,86560.0,Completed
1001047,30000204,1010,2025-04-17,2025-04-19,52800.0,51690.0,Completed
1002896,30000405,1020,2025-04-17,2025-04-19,45400.0,45460.0,Completed
1001273,30000101,1010,2025-04-17,2025-04-22,72900.0,70850.0,Completed
1000549,30000201,1010,2025-04-19,2025-04-22,167700.0,160910.0,Completed
1000239,20000101,1010,2025-04-20,2025-04-22,251200.0,244150.0,Completed
1001274,30000101,1010,2025-04-22,2025-04-26,72900.0,72620.0,Completed
1001450,30000102,1010,2025-04-23,2025-04-27,168600.0,170610.0,Completed
1001638,30000103,1010,2025-04-23,2025-04-25,70600.0,69500.0,Completed
1002000,30000301,1020,2025-04-24,2025-04-29,63900.0,64210.0,Completed
1001048,30000204,1010,2025-04-24,2025-04-26,52800.0,52410.0,Completed
1000240,20000101,1010,2025-04-26,2025-04-29,251200.0,248100.0,Completed
1000550,30000201,1010,2025-04-26,2025-04-28,167700.0,165830.0,Completed
1002363,30000401,1020,2025-05-01,2025-05-03,90400.0,87780.0,Completed
1001807,30000104,1010,2025-05-01,2025-05-03,73600.0,72550.0,Completed
1001451,30000102,1010,2025-05-01,2025-05-06,161900.0,156280.0,Completed
1000241,20000101,1010,2025-05-01,2025-05-03,261600.0,262530.0,Completed
1002203,30000302,1020,2025-05-01,2025-05-05,77400.0,77450.0,Completed
1001049,30000204,1010,2025-05-01,2025-05-03,61600.0,61070.0,Completed
1002669,30000403,1020,2025-05-02,2025-05-07,56000.0,55780.0,Completed
1001639,30000103,1010,2025-05-02,2025-05-05,95500.0,94270.0,Completed
1002781,30000404,1020,2025-05-02,2025-05-06,31900.0,31490.0,Completed
1000551,30000201,1010,2025-05-02,2025-05-06,249300.0,245290.0,Completed
1002001,30000301,1020,2025-05-02,2025-05-04,56600.0,56330.0,Completed
1000861,30000203,1010,2025-05-02,2025-05-06,55800.0,56740.0,Completed
1002897,30000405,1020,2025-05-03,2025-05-06,51200.0,49770.0,Completed
1001275,30000101,1010,2025-05-03,2025-05-08,55400.0,54870.0,Completed
1002523,30000402,1020,2025-05-03,2025-05-05,83800.0,83100.0,Completed
1000741,30000202,1010,2025-05-03,2025-05-06,91900.0,89000.0,Completed
1000242,20000101,1010,2025-05-07,2025-05-09,261600.0,257050.0,Completed
1002204,30000302,1020,2025-05-08,2025-05-11,77400.0,76870.0,Completed
1001276,30000101,1010,2025-05-08,2025-05-10,55400.0,54690.0,Completed
1001050,30000204,1010,2025-05-10,2025-05-14,61600.0,61890.0,Completed
1000552,30000201,1010,2025-05-10,2025-05-12,249300.0,244020.0,Completed
1001452,30000102,1010,2025-05-10,2025-05-12,161900.0,158140.0,Completed
1002002,30000301,1020,2025-05-10,2025-05-15,56600.0,56030.0,Completed
1000243,20000101,1010,2025-05-11,2025-05-14,261600.0,258020.0,Completed
1000244,20000101,1010,2025-05-15,2025-05-19,261600.0,257210.0,Completed
1002205,30000302,1020,2025-05-15,2025-05-19,77400.0,78550.0,Completed
1001453,30000102,1010,2025-05-15,2025-05-20,161900.0,165070.0,Completed
1000862,30000203,1010,2025-05-15,2025-05-20,55800.0,56490.0,Completed
1001277,30000101,1010,2025-05-15,2025-05-17,55400.0,55180.0,Completed
1002364,30000401,1020,2025-05-15,2025-05-17,90400.0,89900.0,Completed
1002670,30000403,1020,2025-05-15,2025-05-17,56000.0,54480.0,Completed
1001640,30000103,1010,2025-05-15,2025-05-19,95500.0,94210.0,Completed
1001051,30000204,1010,2025-05-16,2025-05-20,61600.0,61160.0,Completed
1000742,30000202,1010,2025-05-16,2025-05-20,91900.0,91100.0,Completed
1001808,30000104,1010,2025-05-16,2025-05-21,73600.0,72340.0,Completed
1002782,30000404,1020,2025-05-16,2025-05-20,31900.0,32630.0,Completed
1002524,30000402,1020,2025-05-17,2025-05-19,83800.0,81540.0,Completed
1002003,30000301,1020,2025-05-17,2025-05-20,56600.0,56800.0,Completed
1000553,30000201,1010,2025-05-17,2025-05-22,249300.0,250460.0,Completed
1002898,30000405,1020,2025-05-17,2025-05-20,51200.0,50480.0,Completed
1000245,20000101,1010,2025-05-20,2025-05-24,261600.0,257470.0,Completed
1001454,30000102,1010,2025-05-22,2025-05-26,161900.0,164050.0,Completed
1001052,30000204,1010,2025-05-23,2025-05-25,61600.0,60600.0,Completed
1000554,30000201,1010,2025-05-23,2025-05-27,249300.0,246250.0,Completed
1001278,30000101,1010,2025-05-24,2025-05-29,55400.0,54020.0,Completed
1002004,30000301,1020,2025-05-24,2025-05-27,56600.0,56680.0,Completed
1002206,30000302,1020,2025-05-24,2025-05-27,77400.0,74740.0,Completed
1000246,20000101,1010,2025-05-25,2025-05-27,261600.0,256960.0,Completed
1002005,30000301,1020,2025-06-01,2025-06-06,88600.0,88410.0,Completed
1002525,30000402,1020,2025-06-01,2025-06-04,66400.0,65370.0,Completed
1002365,30000401,1020,2025-06-01,2025-06-04,92600.0,93460.0,Completed
1002783,30000404,1020,2025-06-01,2025-06-06,14100.0,14040.0,Completed
1001455,30000102,1010,2025-06-01,2025-06-04,182500.0,180130.0,Completed
1000863,30000203,1010,2025-06-01,2025-06-05,50800.0,49900.0,Completed
1001053,30000204,1010,2025-06-01,2025-06-03,74100.0,71430.0,Completed
1001809,30000104,1010,2025-06-01,2025-06-04,71900.0,71840.0,Completed
1002207,30000302,1020,2025-06-02,2025-06-07,80200.0,78040.0,Completed
1002671,30000403,1020,2025-06-02,2025-06-06,89100.0,87900.0,Completed
1001279,30000101,1010,2025-06-02,2025-06-04,63400.0,62830.0,Completed
1000743,30000202,1010,2025-06-02,2025-06-06,73100.0,74240.0,Completed
1000555,30000201,1010,2025-06-02,2025-06-05,170800.0,168810.0,Completed
1000247,20000101,1010,2025-06-03,2025-06-08,269200.0,267650.0,Completed
1002899,30000405,1020,2025-06-03,2025-06-06,53300.0,52250.0,Completed
1001641,30000103,1010,2025-06-03,2025-06-06,85900.0,86470.0,Completed
1000556,30000201,1010,2025-06-07,2025-06-10,170800.0,171500.0,Completed
1000248,20000101,1010,2025-06-07,2025-06-09,269200.0,272080.0,Completed
1002526,30000402,1020,2025-06-08,2025-06-12,66400.0,67680.0,Completed
1001280,30000101,1010,2025-06-09,2025-06-11,63400.0,63880.0,Completed
1001810,30000104,1010,2025-06-09,2025-06-11,71900.0,68620.0,Completed
1001054,30000204,1010,2025-06-09,2025-06-11,74100.0,73440.0,Completed
1001456,30000102,1010,2025-06-10,2025-06-13,182500.0,179540.0,Completed
1002006,30000301,1020,2025-06-10,2025-06-15,88600.0,85880.0,Completed
1000249,20000101,1010,2025-06-12,2025-06-14,269200.0,264620.0,Completed
1000557,30000201,1010,2025-06-12,2025-06-15,170800.0,168420.0,Completed
1002007,30000301,1020,2025-06-15,2025-06-18,88600.0,88010.0,Completed
1000864,30000203,1010,2025-06-15,2025-06-19,50800.0,50990.0,Completed
1002208,30000302,1020,2025-06-15,2025-06-19,80200.0,82050.0,Completed
1002672,30000403,1020,2025-06-15,2025-06-20,89100.0,87920.0,Completed
1001811,30000104,1010,2025-06-16,2025-06-20,71900.0,70830.0,Completed
1002366,30000401,1020,2025-06-16,2025-06-20,92600.0,92320.0,Completed
1000250,20000101,1010,2025-06-16,2025-06-19,269200.0,261570.0,Completed
1000744,30000202,1010,2025-06-16,2025-06-21,73100.0,73850.0,Completed
1002527,30000402,1020,2025-06-16,2025-06-20,66400.0,66280.0,Completed
1002900,30000405,1020,2025-06-17,2025-06-20,53300.0,53890.0,Completed
1001457,30000102,1010,2025-06-17,2025-06-21,182500.0,178500.0,Completed
1001281,30000101,1010,2025-06-17,2025-06-22,63400.0,62980.0,Completed
1002784,30000404,1020,2025-06-17,2025-06-22,14100.0,13730.0,Completed
1000558,30000201,1010,2025-06-17,2025-06-21,170800.0,167770.0,Completed
1001642,30000103,1010,2025-06-17,2025-06-21,85900.0,85620.0,Completed
1001055,30000204,1010,2025-06-17,2025-06-21,74100.0,74430.0,Completed
1000251,20000101,1010,2025-06-19,2025-06-23,269200.0,268100.0,Completed
1000559,30000201,1010,2025-06-21,2025-06-24,170800.0,166440.0,Completed
1002528,30000402,1020,2025-06-22,2025-06-24,66400.0,63920.0,Completed
1001458,30000102,1010,2025-06-22,2025-06-26,182500.0,179100.0,Completed
1002008,30000301,1020,2025-06-22,2025-06-25,88600.0,85270.0,Completed
1001056,30000204,1010,2025-06-22,2025-06-25,74100.0,73990.0,Completed
1000560,30000201,1010,2025-06-24,2025-06-28,170800.0,170400.0,Completed
1001282,30000101,1010,2025-06-24,2025-06-28,63400.0,62180.0,Completed
1001812,30000104,1010,2025-06-24,2025-06-27,71900.0,71430.0,Completed
1000252,20000101,1010,2025-06-26,2025-07-01,269200.0,270950.0,Completed
1000253,20000101,1010,2025-07-01,2025-07-03,271400.0,266010.0,Completed
1001459,30000102,1010,2025-07-01,2025-07-06,173200.0,172730.0,Completed
1000865,30000203,1010,2025-07-01,2025-07-03,63600.0,63500.0,Completed
1002209,30000302,1020,2025-07-01,2025-07-05,52300.0,50710.0,Completed
1002367,30000401,1020,2025-07-01,2025-07-06,53700.0,52850.0,Completed
1002009,30000301,1020,2025-07-01,2025-07-03,55600.0,53710.0,Completed
1001813,30000104,1010,2025-07-02,2025-07-06,56200.0,55330.0,Completed
1001283,30000101,1010,2025-07-02,2025-07-04,88900.0,85150.0,Completed
1002529,30000402,1020,2025-07-02,2025-07-06,48600.0,47540.0,Completed
1000561,30000201,1010,2025-07-02,2025-07-04,170500.0,169880.0,Completed
1000745,30000202,1010,2025-07-03,2025-07-05,56000.0,55820.0,Completed
1001643,30000103,1010,2025-07-03,2025-07-08,81600.0,80290.0,Completed
1002673,30000403,1020,2025-07-03,2025-07-08,66200.0,65210.0,Completed
1002901,30000405,1020,2025-07-03,2025-07-06,53800.0,53420.0,Completed
1002785,30000404,1020,2025-07-03,2025-07-07,37600.0,37530.0,Completed
1001057,30000204,1010,2025-07-03,2025-07-06,85800.0,85470.0,Completed
1000254,20000101,1010,2025-07-06,2025-07-08,271400.0,272230.0,Completed
1000562,30000201,1010,2025-07-07,2025-07-10,170500.0,168300.0,Completed
1002210,30000302,1020,2025-07-08,2025-07-13,52300.0,51330.0,Completed
1001814,30000104,1010,2025-07-08,2025-07-10,56200.0,55700.0,Completed
1001058,30000204,1010,2025-07-09,2025-07-13,85800.0,86290.0,Completed
1002010,30000301,1020,2025-07-10,2025-07-15,55600.0,53970.0,Completed
1001460,30000102,1010,2025-07-10,2025-07-15,173200.0,170880.0,Completed
1000255,20000101,1010,2025-07-11,2025-07-13,271400.0,261480.0,Completed
1000563,30000201,1010,2025-07-12,2025-07-17,170500.0,169660.0,Completed
1001284,30000101,1010,2025-07-15,2025-07-19,88900.0,88130.0,Completed
1000746,30000202,1010,2025-07-15,2025-07-17,56000.0,55940.0,Completed
1001644,30000103,1010,2025-07-15,2025-07-18,81600.0,81060.0,Completed
1001815,30000104,1010,2025-07-15,2025-07-19,56200.0,55600.0,Completed
1000256,20000101,1010,2025-07-15,2025-07-17,271400.0,268370.0,Completed
1000564,30000201,1010,2025-07-15,2025-07-17,170500.0,165480.0,Completed
1002902,30000405,1020,2025-07-16,2025-07-21,53800.0,52390.0,Completed
1000866,30000203,1010,2025-07-16,2025-07-19,63600.0,64290.0,Completed
1002011,30000301,1020,2025-07-16,2025-07-20,55600.0,54690.0,Completed
1002211,30000302,1020,2025-07-16,2025-07-20,52300.0,53330.0,Completed
1001059,30000204,1010,2025-07-16,2025-07-20,85800.0,85270.0,Completed
1002674,30000403,1020,2025-07-16,2025-07-19,66200.0,65230.0,Completed
1002368,30000401,1020,2025-07-16,2025-07-21,53700.0,52620.0,Completed
1002530,30000402,1020,2025-07-16,2025-07-18,48600.0,48400.0,Completed
1002786,30000404,1020,2025-07-17,2025-07-21,37600.0,37070.0,Completed
1001461,30000102,1010,2025-07-17,2025-07-21,173200.0,170530.0,Completed
1000257,20000101,1010,2025-07-20,2025-07-23,271400.0,267970.0,Completed
1000565,30000201,1010,2025-07-21,2025-07-26,170500.0,172200.0,Completed
1001060,30000204,1010,2025-07-22,2025-07-26,85800.0,86270.0,Completed
1001816,30000104,1010,2025-07-22,2025-07-25,56200.0,56350.0,Completed
1001462,30000102,1010,2025-07-23,2025-07-26,173200.0,171570.0,Completed
1000566,30000201,1010,2025-07-24,2025-07-29,170500.0,168930.0,Completed
1002212,30000302,1020,2025-07-24,2025-07-26,52300.0,51850.0,Completed
1002012,30000301,1020,2025-07-24,2025-07-26,55600.0,55720.0,Completed
1000258,20000101,1010,2025-07-24,2025-07-29,271400.0,274710.0,Completed
1002531,30000402,1020,2025-08-01,2025-08-06,57700.0,56170.0,Completed
1002213,30000302,1020,2025-08-01,2025-08-03,70100.0,69520.0,Completed
1002903,30000405,1020,2025-08-01,2025-08-03,29500.0,29900.0,Completed
1000567,30000201,1010,2025-08-01,2025-08-04,248100.0,237390.0,Completed
1001061,30000204,1010,2025-08-02,2025-08-07,71400.0,70460.0,Completed
1002675,30000403,1020,2025-08-02,2025-08-07,82500.0,81810.0,Completed
1002013,30000301,1020,2025-08-02,2025-08-07,64700.0,64820.0,Completed
1000259,20000101,1010,2025-08-02,2025-08-05,264700.0,257250.0,Completed
1001285,30000101,1010,2025-08-03,2025-08-08,50600.0,49560.0,Completed
1001645,30000103,1010,2025-08-03,2025-08-07,85300.0,83560.0,Completed
1001817,30000104,1010,2025-08-03,2025-08-06,87600.0,87030.0,Completed
1002787,30000404,1020,2025-08-03,2025-08-07,19800.0,19910.0,Completed
1000747,30000202,1010,2025-08-03,2025-08-05,83400.0,82610.0,Completed
1002369,30000401,1020,2025-08-03,2025-08-07,53400.0,52940.0,Completed
1001463,30000102,1010,2025-08-03,2025-08-08,166400.0,164420.0,Completed
1000867,30000203,1010,2025-08-03,2025-08-05,87300.0,85370.0,Completed
1000260,20000101,1010,2025-08-07,2025-08-10,264700.0,267460.0,Completed
1001464,30000102,1010,2025-08-08,2025-08-13,166400.0,170140.0,Completed
1000568,30000201,1010,2025-08-08,2025-08-11,248100.0,245980.0,Completed
1002014,30000301,1020,2025-08-08,2025-08-12,64700.0,64940.0,Completed
1001818,30000104,1010,2025-08-08,2025-08-13,87600.0,86060.0,Completed
1002214,30000302,1020,2025-08-08,2025-08-11,70100.0,69430.0,Completed
1001286,30000101,1010,2025-08-09,2025-08-11,50600.0,49940.0,Completed
1001062,30000204,1010,2025-08-10,2025-08-15,71400.0,70750.0,Completed
1002532,30000402,1020,2025-08-10,2025-08-14,57700.0,57650.0,Completed
1000261,20000101,1010,2025-08-12,2025-08-14,264700.0,266720.0,Completed
1001646,30000103,1010,2025-08-15,2025-08-18,85300.0,86190.0,Completed
1000868,30000203,1010,2025-08-15,2025-08-20,87300.0,87110.0,Completed
1000262,20000101,1010,2025-08-15,2025-08-18,264700.0,265680.0,Completed
1001287,30000101,1010,2025-08-15,2025-08-18,50600.0,49850.0,Completed
1002676,30000403,1020,2025-08-15,2025-08-20,82500.0,81250.0,Completed
1002533,30000402,1020,2025-08-15,2025-08-18,57700.0,57810.0,Completed
1000748,30000202,1010,2025-08-16,2025-08-19,83400.0,82750.0,Completed
1002015,30000301,1020,2025-08-16,2025-08-19,64700.0,64290.0,Completed
1002904,30000405,1020,2025-08-17,2025-08-19,29500.0,29550.0,Completed
1002788,30000404,1020,2025-08-17,2025-08-22,19800.0,19560.0,Completed
1002370,30000401,1020,2025-08-17,2025-08-19,53400.0,52990.0,Completed
1001465,30000102,1010,2025-08-17,2025-08-20,166400.0,168400.0,Completed
1001063,30000204,1010,2025-08-17,2025-08-22,71400.0,70290.0,Completed
1002215,30000302,1020,2025-08-17,2025-08-20,70100.0,68560.0,Completed
1001819,30000104,1010,2025-08-17,2025-08-20,87600.0,86000.0,Completed
1000569,30000201,1010,2025-08-17,2025-08-19,248100.0,250580.0,Completed
1000263,20000101,1010,2025-08-21,2025-08-23,264700.0,269520.0,Completed
1002534,30000402,1020,2025-08-22,2025-08-24,57700.0,58340.0,Completed
1002016,30000301,1020,2025-08-22,2025-08-26,64700.0,63940.0,Completed
1002216,30000302,1020,2025-08-23,2025-08-27,70100.0,70270.0,Completed
1001064,30000204,1010,2025-08-23,2025-08-28,71400.0,69380.0,Completed
1000264,20000101,1010,2025-08-24,2025-08-26,264700.0,261460.0,Completed
1001288,30000101,1010,2025-08-24,2025-08-28,50600.0,50700.0,Completed
1000570,30000201,1010,2025-08-24,2025-08-26,248100.0,246400.0,Completed
1001466,30000102,1010,2025-08-24,2025-08-27,166400.0,162530.0,Completed
1001820,30000104,1010,2025-08-24,2025-08-29,87600.0,86240.0,Completed
1002789,30000404,1020,2025-09-01,2025-09-03,46500.0,46500.0,Completed
1001289,30000101,1010,2025-09-01,2025-09-05,94000.0,91380.0,Completed
1002535,30000402,1020,2025-09-01,2025-09-05,89400.0,90510.0,Completed
1000749,30000202,1010,2025-09-01,2025-09-03,38700.0,37310.0,Completed
1002371,30000401,1020,2025-09-01,2025-09-04,99200.0,99560.0,Completed
1001467,30000102,1010,2025-09-01,2025-09-06,189600.0,184650.0,Completed
1001647,30000103,1010,2025-09-01,2025-09-05,62500.0,61970.0,Completed
1000869,30000203,1010,2025-09-02,2025-09-06,64900.0,64640.0,Completed
1002677,30000403,1020,2025-09-02,2025-09-04,91100.0,90900.0,Completed
1002017,30000301,1020,2025-09-02,2025-09-07,71700.0,69670.0,Completed
1001821,30000104,1010,2025-09-03,2025-09-08,52800.0,52840.0,Completed
1000265,20000101,1010,2025-09-03,2025-09-05,266100.0,259550.0,Completed
1002217,30000302,1020,2025-09-03,2025-09-07,70300.0,68550.0,Completed
1000571,30000201,1010,2025-09-03,2025-09-07,168600.0,165630.0,Completed
1001065,30000204,1010,2025-09-03,2025-09-08,89600.0,88300.0,Completed
1002905,30000405,1020,2025-09-03,2025-09-07,52400.0,50790.0,Completed
1000266,20000101,1010,2025-09-05,2025-09-09,266100.0,265240.0,Completed
1000572,30000201,1010,2025-09-06,2025-09-11,168600.0,165900.0,Completed
1002018,30000301,1020,2025-09-08,2025-09-10,71700.0,70900.0,Completed
1001468,30000102,1010,2025-09-09,2025-09-12,189600.0,186540.0,Completed
1001822,30000104,1010,2025-09-09,2025-09-14,52800.0,52050.0,Completed
1000573,30000201,1010,2025-09-10,2025-09-13,168600.0,164340.0,Completed
1002218,30000302,1020,2025-09-10,2025-09-13,70300.0,69260.0,Completed
1001648,30000103,1010,2025-09-10,2025-09-14,62500.0,61790.0,Completed
1001066,30000204,1010,2025-09-10,2025-09-13,89600.0,87790.0,Completed
1000267,20000101,1010,2025-09-11,2025-09-14,266100.0,262770.0,Completed
1001469,30000102,1010,2025-09-15,2025-09-20,189600.0,183000.0,Completed
1001290,30000101,1010,2025-09-15,2025-09-20,94000.0,91860.0,Completed
1000750,30000202,1010,2025-09-15,2025-09-17,38700.0,38430.0,Completed
1001823,30000104,1010,2025-09-15,2025-09-18,52800.0,53750.0,Completed
1002019,30000301,1020,2025-09-16,2025-09-19,71700.0,70650.0,Completed
1001067,30000204,1010,2025-09-16,2025-09-18,89600.0,87830.0,Completed
1002536,30000402,1020,2025-09-16,2025-09-20,89400.0,86600.0,Completed
1000268,20000101,1010,2025-09-16,2025-09-20,266100.0,267250.0,Completed
1002790,30000404,1020,2025-09-16,2025-09-18,46500.0,45250.0,Completed
1002372,30000401,1020,2025-09-17,2025-09-19,99200.0,98070.0,Completed
1001649,30000103,1010,2025-09-17,2025-09-21,62500.0,62180.0,Completed
1002906,30000405,1020,2025-09-17,2025-09-21,52400.0,51500.0,Completed
1002219,30000302,1020,2025-09-17,2025-09-22,70300.0,70730.0,Completed
1002678,30000403,1020,2025-09-17,2025-09-20,91100.0,89960.0,Completed
1000870,30000203,1010,2025-09-17,2025-09-21,64900.0,63110.0,Completed
1000574,30000201,1010,2025-09-17,2025-09-21,168600.0,166230.0,Completed
1000575,30000201,1010,2025-09-20,2025-09-22,168600.0,164120.0,Completed
1000269,20000101,1010,2025-09-21,2025-09-24,266100.0,270540.0,Completed
1001824,30000104,1010,2025-09-22,2025-09-27,52800.0,52860.0,Completed
1001470,30000102,1010,2025-09-22,2025-09-24,189600.0,190110.0,Completed
1002020,30000301,1020,2025-09-23,2025-09-27,71700.0,70770.0,Completed
1001068,30000204,1010,2025-09-23,2025-09-27,89600.0,88690.0,Completed
1001650,30000103,1010,2025-09-23,2025-09-25,62500.0,62160.0,Completed
1002220,30000302,1020,2025-09-24,2025-09-29,70300.0,68510.0,Completed
1000576,30000201,1010,2025-09-25,2025-09-29,168600.0,163960.0,Completed
1000270,20000101,1010,2025-09-26,2025-09-28,266100.0,260410.0,Completed
1001651,30000103,1010,2025-10-01,2025-10-04,51500.0,49910.0,Completed
1001471,30000102,1010,2025-10-01,2025-10-03,179000.0,178800.0,Completed
1002791,30000404,1020,2025-10-01,2025-10-06,85900.0,83830.0,Completed
1000577,30000201,1010,2025-10-02,2025-10-06,247600.0,243580.0,Completed
1002373,30000401,1020,2025-10-02,2025-10-04,88300.0,87350.0,Completed
1002537,30000402,1020,2025-10-02,2025-10-07,95900.0,92530.0,Completed
1001291,30000101,1010,2025-10-02,2025-10-06,91700.0,92900.0,Completed
1000871,30000203,1010,2025-10-02,2025-10-05,79000.0,78410.0,Completed
1002907,30000405,1020,2025-10-03,2025-10-06,76300.0,74660.0,Completed
1002221,30000302,1020,2025-10-03,2025-10-05,61000.0,61580.0,Completed
1001069,30000204,1010,2025-10-03,2025-10-07,66100.0,65130.0,Completed
1000271,20000101,1010,2025-10-03,2025-10-07,253300.0,253230.0,Completed
1002021,30000301,1020,2025-10-03,2025-10-08,64200.0,62310.0,Completed
1001825,30000104,1010,2025-10-03,2025-10-07,97800.0,97490.0,Completed
1002679,30000403,1020,2025-10-03,2025-10-05,56700.0,56280.0,Completed
1000751,30000202,1010,2025-10-03,2025-10-08,61500.0,61560.0,Completed
1000272,20000101,1010,2025-10-07,2025-10-10,253300.0,248480.0,Completed
1000578,30000201,1010,2025-10-08,2025-10-11,247600.0,247910.0,Completed
1001070,30000204,1010,2025-10-09,2025-10-12,66100.0,65910.0,Completed
1002222,30000302,1020,2025-10-10,2025-10-15,61000.0,61550.0,Completed
1001472,30000102,1010,2025-10-10,2025-10-14,179000.0,177990.0,Completed
1002022,30000301,1020,2025-10-10,2025-10-12,64200.0,62570.0,Completed
1000273,20000101,1010,2025-10-11,2025-10-13,253300.0,255040.0,Completed
1001652,30000103,1010,2025-10-15,2025-10-19,51500.0,50160.0,Completed
1000752,30000202,1010,2025-10-15,2025-10-20,61500.0,60750.0,Completed
1002792,30000404,1020,2025-10-15,2025-10-18,85900.0,83960.0,Completed
1001826,30000104,1010,2025-10-16,2025-10-19,97800.0,97080.0,Completed
1002023,30000301,1020,2025-10-16,2025-10-21,64200.0,62940.0,Completed
1001473,30000102,1010,2025-10-16,2025-10-18,179000.0,181460.0,Completed
1002680,30000403,1020,2025-10-16,2025-10-19,56700.0,54630.0,Completed
1000579,30000201,1010,2025-10-16,2025-10-20,247600.0,251360.0,Completed
1001071,30000204,1010,2025-10-17,2025-10-19,66100.0,66570.0,Completed
1000872,30000203,1010,2025-10-17,2025-10-22,79000.0,78040.0,Completed
1002374,30000401,1020,2025-10-17,2025-10-22,88300.0,87950.0,Completed
1002538,30000402,1020,2025-10-17,2025-10-19,95900.0,94500.0,Completed
1002908,30000405,1020,2025-10-17,2025-10-20,76300.0,77570.0,Completed
1000274,20000101,1010,2025-10-17,2025-10-22,253300.0,247810.0,Completed
1001292,30000101,1010,2025-10-17,2025-10-19,91700.0,89750.0,Completed
1002223,30000302,1020,2025-10-17,2025-10-22,61000.0,59070.0,Completed
1000275,20000101,1010,2025-10-21,2025-10-25,253300.0,255980.0,Completed
1000580,30000201,1010,2025-10-22,2025-10-26,247600.0,244060.0,Completed
1002224,30000302,1020,2025-10-23,2025-10-26,61000.0,60690.0,Completed
1001474,30000102,1010,2025-10-23,2025-10-26,179000.0,184630.0,Completed
1002024,30000301,1020,2025-10-23,2025-10-26,64200.0,62410.0,Completed
1000276,20000101,1010,2025-10-24,2025-10-26,253300.0,251550.0,Completed
1001072,30000204,1010,2025-10-24,2025-10-26,66100.0,64360.0,Completed
1001827,30000104,1010,2025-11-01,2025-11-03,73000.0,71990.0,Completed
1001653,30000103,1010,2025-11-01,2025-11-03,91100.0,88600.0,Completed
1002793,30000404,1020,2025-11-01,2025-11-03,8100.0,8290.0,Completed
1000873,30000203,1010,2025-11-01,2025-11-06,39000.0,39890.0,Completed
1001475,30000102,1010,2025-11-01,2025-11-06,179100.0,174040.0,Completed
1002681,30000403,1020,2025-11-02,2025-11-04,89100.0,89770.0,Completed
1000753,30000202,1010,2025-11-02,2025-11-05,74400.0,74350.0,Completed
1002025,30000301,1020,2025-11-02,2025-11-05,51400.0,50900.0,Completed
1000277,20000101,1010,2025-11-02,2025-11-07,275400.0,274280.0,Completed
1001293,30000101,1010,2025-11-02,2025-11-07,64000.0,63440.0,Completed
1000581,30000201,1010,2025-11-02,2025-11-06,169600.0,167940.0,Completed
1001073,30000204,1010,2025-11-02,2025-11-07,84300.0,83260.0,Completed
1002225,30000302,1020,2025-11-03,2025-11-06,74800.0,73320.0,Completed
1002539,30000402,1020,2025-11-03,2025-11-07,76800.0,75450.0,Completed
1002375,30000401,1020,2025-11-03,2025-11-07,84000.0,81350.0,Completed
1002909,30000405,1020,2025-11-03,2025-11-06,38700.0,38600.0,Completed
1000278,20000101,1010,2025-11-05,2025-11-08,275400.0,270930.0,Completed
1000582,30000201,1010,2025-11-06,2025-11-09,169600.0,168070.0,Completed
1001476,30000102,1010,2025-11-08,2025-11-13,179100.0,178510.0,Completed
1002226,30000302,1020,2025-11-09,2025-11-13,74800.0,75210.0,Completed
1001074,30000204,1010,2025-11-09,2025-11-12,84300.0,84360.0,Completed
1000583,30000201,1010,2025-11-10,2025-11-15,169600.0,169950.0,Completed
1002540,30000402,1020,2025-11-10,2025-11-15,76800.0,74840.0,Completed
1000279,20000101,1010,2025-11-10,2025-11-13,275400.0,272190.0,Completed
1002026,30000301,1020,2025-11-10,2025-11-12,51400.0,51100.0,Completed
1001294,30000101,1010,2025-11-15,2025-11-20,64000.0,61990.0,Completed
1000584,30000201,1010,2025-11-15,2025-11-17,169600.0,171430.0,Completed
1001828,30000104,1010,2025-11-15,2025-11-17,73000.0,72240.0,Completed
1002682,30000403,1020,2025-11-15,2025-11-17,89100.0,90490.0,Completed
1002910,30000405,1020,2025-11-15,2025-11-20,38700.0,37250.0,Completed
1000874,30000203,1010,2025-11-15,2025-11-19,39000.0,37120.0,Completed
1002541,30000402,1020,2025-11-15,2025-11-17,76800.0,76160.0,Completed
1002227,30000302,1020,2025-11-15,2025-11-20,74800.0,75160.0,Completed
1002027,30000301,1020,2025-11-16,2025-11-18,51400.0,53060.0,Completed
1000754,30000202,1010,2025-11-16,2025-11-18,74400.0,75150.0,Completed
1001075,30000204,1010,2025-11-16,2025-11-20,84300.0,81830.0,Completed
1002794,30000404,1020,2025-11-16,2025-11-21,8100.0,8140.0,Completed
1001654,30000103,1010,2025-11-16,2025-11-20,91100.0,88490.0,Completed
1002376,30000401,1020,2025-11-16,2025-11-20,84000.0,84230.0,Completed
1000280,20000101,1010,2025-11-17,2025-11-21,275400.0,276390.0,Completed
1001477,30000102,1010,2025-11-17,2025-11-21,179100.0,178250.0,Completed
1000281,20000101,1010,2025-11-19,2025-11-23,275400.0,276690.0,Completed
1000585,30000201,1010,2025-11-21,2025-11-25,169600.0,171580.0,Completed
1002028,30000301,1020,2025-11-22,2025-11-24,51400.0,50850.0,Completed
1002228,30000302,1020,2025-11-22,2025-11-25,74800.0,74690.0,Completed
1002542,30000402,1020,2025-11-23,2025-11-26,76800.0,75990.0,Completed
1001478,30000102,1010,2025-11-23,2025-11-26,179100.0,177450.0,Completed
1001076,30000204,1010,2025-11-23,2025-11-27,84300.0,83780.0,Completed
1000586,30000201,1010,2025-11-25,2025-11-29,169600.0,172590.0,Completed
1000282,20000101,1010,2025-11-25,2025-11-28,275400.0,268750.0,Completed
1002911,30000405,1020,2025-12-01,2025-12-05,75200.0,74160.0,Completed
1000283,20000101,1010,2025-12-01,2025-12-03,260200.0,255350.0,Completed
1001655,30000103,1010,2025-12-01,2025-12-03,68600.0,68770.0,Completed
1000587,30000201,1010,2025-12-01,2025-12-04,243200.0,241000.0,Completed
1002377,30000401,1020,2025-12-01,2025-12-04,69200.0,67670.0,Completed
1002683,30000403,1020,2025-12-01,2025-12-03,85700.0,83460.0,Completed
1000755,30000202,1010,2025-12-01,2025-12-03,92100.0,92280.0,Completed
1002229,30000302,1020,2025-12-01,2025-12-04,73600.0,72210.0,Completed
1001479,30000102,1010,2025-12-01,2025-12-03,180500.0,181740.0,Completed
1001295,30000101,1010,2025-12-02,2025-12-07,48500.0,47290.0,Completed
1001829,30000104,1010,2025-12-02,2025-12-06,54800.0,55130.0,Completed
1002029,30000301,1020,2025-12-02,2025-12-05,92800.0,90690.0,Completed
1000875,30000203,1010,2025-12-02,2025-12-04,58400.0,58160.0,Completed
1002795,30000404,1020,2025-12-03,2025-12-08,37900.0,37540.0,Completed
1001077,30000204,1010,2025-12-03,2025-12-06,66200.0,66340.0,Completed
1002543,30000402,1020,2025-12-03,2025-12-07,89400.0,87620.0,Completed
1000284,20000101,1010,2025-12-05,2025-12-10,260200.0,254130.0,Completed
1001480,30000102,1010,2025-12-08,2025-12-13,180500.0,178480.0,Completed
1001830,30000104,1010,2025-12-08,2025-12-13,54800.0,53870.0,Completed
1002030,30000301,1020,2025-12-08,2025-12-13,92800.0,89520.0,Completed
1002230,30000302,1020,2025-12-09,2025-12-14,73600.0,73620.0,Completed
1000588,30000201,1010,2025-12-10,2025-12-15,243200.0,242430.0,Completed
1001078,30000204,1010,2025-12-10,2025-12-15,66200.0,64740.0,Completed
1000285,20000101,1010,2025-12-10,2025-12-12,260200.0,256140.0,Completed
1001079,30000204,1010,2025-12-15,2025-12-20,66200.0,63070.0,Completed
1002544,30000402,1020,2025-12-15,2025-12-18,89400.0,88680.0,Completed
1002031,30000301,1020,2025-12-15,2025-12-18,92800.0,92620.0,Completed
1002378,30000401,1020,2025-12-15,2025-12-18,69200.0,67170.0,Completed
1000876,30000203,1010,2025-12-15,2025-12-18,58400.0,59110.0,Completed
1000756,30000202,1010,2025-12-15,2025-12-20,92100.0,92190.0,Completed
1002912,30000405,1020,2025-12-16,2025-12-20,75200.0,74880.0,Completed
1000589,30000201,1010,2025-12-16,2025-12-19,243200.0,237510.0,Completed
1001481,30000102,1010,2025-12-16,2025-12-20,180500.0,183130.0,Completed
1001656,30000103,1010,2025-12-16,2025-12-18,68600.0,67710.0,Completed
1002231,30000302,1020,2025-12-16,2025-12-18,73600.0,72540.0,Completed
1002684,30000403,1020,2025-12-17,2025-12-20,85700.0,83030.0,Completed
1001296,30000101,1010,2025-12-17,2025-12-21,48500.0,49270.0,Completed
1001831,30000104,1010,2025-12-17,2025-12-19,54800.0,55000.0,Completed
1000286,20000101,1010,2025-12-17,2025-12-21,260200.0,252430.0,Completed
1002796,30000404,1020,2025-12-17,2025-12-20,37900.0,37520.0,Completed
1000287,20000101,1010,2025-12-21,2025-12-23,260200.0,267560.0,Completed
1002032,30000301,1020,2025-12-22,2025-12-25,92800.0,91690.0,Completed
1002232,30000302,1020,2025-12-23,2025-12-28,73600.0,71940.0,Completed
1000590,30000201,1010,2025-12-23,2025-12-26,243200.0,247420.0,Completed
1001482,30000102,1010,2025-12-23,2025-12-28,180500.0,176080.0,Completed
1001080,30000204,1010,2025-12-24,2025-12-29,66200.0,67780.0,Completed
1001832,30000104,1010,2025-12-24,2025-12-27,54800.0,55010.0,Completed
1000288,20000101,1010,2025-12-25,2025-12-27,260200.0,257310.0,Completed
1001833,30000104,1010,2026-01-01,2026-01-03,87800.0,86470.0,Completed
1002685,30000403,1020,2026-01-01,2026-01-04,91700.0,91410.0,Completed
1002797,30000404,1020,2026-01-01,2026-01-05,35900.0,35240.0,Completed
1001081,30000204,1010,2026-01-01,2026-01-04,73200.0,71710.0,Completed
1001483,30000102,1010,2026-01-01,2026-01-06,170800.0,163980.0,Completed
1001297,30000101,1010,2026-01-02,2026-01-05,99000.0,100910.0,Completed
1000289,20000101,1010,2026-01-02,2026-01-05,284600.0,282800.0,Completed
1002545,30000402,1020,2026-01-02,2026-01-06,64800.0,62630.0,Completed
1000877,30000203,1010,2026-01-02,2026-01-04,56400.0,55580.0,Completed
1001657,30000103,1010,2026-01-02,2026-01-07,62300.0,61380.0,Completed
1000757,30000202,1010,2026-01-02,2026-01-04,59600.0,58520.0,Completed
1002233,30000302,1020,2026-01-02,2026-01-06,81800.0,81020.0,Completed
1002379,30000401,1020,2026-01-02,2026-01-07,97900.0,97690.0,Completed
1000591,30000201,1010,2026-01-03,2026-01-06,171300.0,165630.0,Completed
1002913,30000405,1020,2026-01-03,2026-01-07,48500.0,47430.0,Completed
1002033,30000301,1020,2026-01-03,2026-01-08,75700.0,76050.0,Completed
1000592,30000201,1010,2026-01-05,2026-01-07,171300.0,168150.0,Completed
1000290,20000101,1010,2026-01-05,2026-01-09,284600.0,273020.0,Completed
1001484,30000102,1010,2026-01-08,2026-01-13,170800.0,169970.0,Completed
1000758,30000202,1010,2026-01-08,2026-01-11,59600.0,58970.0,Completed
1002034,30000301,1020,2026-01-09,2026-01-12,75700.0,75240.0,Completed
1001658,30000103,1010,2026-01-09,2026-01-12,62300.0,61080.0,Completed
1001082,30000204,1010,2026-01-10,2026-01-13,73200.0,71010.0,Completed
1002234,30000302,1020,2026-01-10,2026-01-12,81800.0,81360.0,Completed
1000291,20000101,1010,2026-01-11,2026-01-13,284600.0,276380.0,Completed
1000593,30000201,1010,2026-01-11,2026-01-15,171300.0,170990.0,Completed
1002035,30000301,1020,2026-01-15,2026-01-18,75700.0,72240.0,Completed
1002380,30000401,1020,2026-01-15,2026-01-20,97900.0,96870.0,Completed
1000292,20000101,1010,2026-01-15,2026-01-17,284600.0,276670.0,Completed
1002235,30000302,1020,2026-01-15,2026-01-20,81800.0,82230.0,Completed
1000594,30000201,1010,2026-01-15,2026-01-18,171300.0,169940.0,Completed
1002914,30000405,1020,2026-01-15,2026-01-17,48500.0,47870.0,Completed
1000878,30000203,1010,2026-01-15,2026-01-17,56400.0,54110.0,Completed
1002546,30000402,1020,2026-01-16,2026-01-18,64800.0,65720.0,Completed
1001659,30000103,1010,2026-01-16,2026-01-21,62300.0,62220.0,Completed
1002798,30000404,1020,2026-01-16,2026-01-20,35900.0,35200.0,Completed
1001083,30000204,1010,2026-01-16,2026-01-21,73200.0,72920.0,Completed
1001485,30000102,1010,2026-01-17,2026-01-19,170800.0,168280.0,Completed
1001298,30000101,1010,2026-01-17,2026-01-20,99000.0,99270.0,Completed
1002686,30000403,1020,2026-01-17,2026-01-20,91700.0,91140.0,Completed
1001834,30000104,1010,2026-01-17,2026-01-20,87800.0,86860.0,Completed
1000759,30000202,1010,2026-01-17,2026-01-20,59600.0,59230.0,Completed
1000293,20000101,1010,2026-01-19,2026-01-22,284600.0,278400.0,Completed
1000595,30000201,1010,2026-01-21,2026-01-25,171300.0,169870.0,Completed
1001084,30000204,1010,2026-01-23,2026-01-28,73200.0,73330.0,Completed
1002236,30000302,1020,2026-01-23,2026-01-25,81800.0,80390.0,Completed
1001660,30000103,1010,2026-01-23,2026-01-26,62300.0,61640.0,Completed
1000596,30000201,1010,2026-01-24,2026-01-26,171300.0,170900.0,Completed
1001486,30000102,1010,2026-01-24,2026-01-27,170800.0,162860.0,Completed
1002036,30000301,1020,2026-01-24,2026-01-29,75700.0,76890.0,Completed
1000760,30000202,1010,2026-01-24,2026-01-26,59600.0,59340.0,Completed
1000294,20000101,1010,2026-01-25,2026-01-27,284600.0,278580.0,Completed
1001835,30000104,1010,2026-02-01,2026-02-04,36700.0,35610.0,Completed
1001487,30000102,1010,2026-02-01,2026-02-06,158000.0,158670.0,Completed
1001299,30000101,1010,2026-02-01,2026-02-05,64400.0,65260.0,Completed
1000295,20000101,1010,2026-02-01,2026-02-03,249500.0,250850.0,Completed
1002687,30000403,1020,2026-02-01,2026-02-06,81700.0,79550.0,Completed
1002381,30000401,1020,2026-02-02,2026-02-05,90900.0,90750.0,Completed
1002799,30000404,1020,2026-02-02,2026-02-05,31500.0,31910.0,Completed
1002915,30000405,1020,2026-02-02,2026-02-06,57100.0,57940.0,Completed
1002237,30000302,1020,2026-02-02,2026-02-07,73000.0,71260.0,Completed
1002547,30000402,1020,2026-02-02,2026-02-06,50600.0,49790.0,Completed
1002037,30000301,1020,2026-02-03,2026-02-08,67900.0,65360.0,Completed
1000597,30000201,1010,2026-02-03,2026-02-06,171100.0,167660.0,Completed
1000879,30000203,1010,2026-02-03,2026-02-07,55200.0,56290.0,Completed
1001085,30000204,1010,2026-02-03,2026-02-05,65400.0,64000.0,Completed
1001661,30000103,1010,2026-02-03,2026-02-05,71700.0,70980.0,Completed
1000761,30000202,1010,2026-02-03,2026-02-06,99700.0,101680.0,Completed
1000296,20000101,1010,2026-02-05,2026-02-07,249500.0,250510.0,Completed
1000598,30000201,1010,2026-02-06,2026-02-11,171100.0,171510.0,Completed
1001662,30000103,1010,2026-02-09,2026-02-13,71700.0,71780.0,Completed
1002038,30000301,1020,2026-02-09,2026-02-14,67900.0,67270.0,Completed
1001488,30000102,1010,2026-02-10,2026-02-14,158000.0,161150.0,Completed
1000599,30000201,1010,2026-02-11,2026-02-16,171100.0,168810.0,Completed
1000297,20000101,1010,2026-02-12,2026-02-14,249500.0,247360.0,Completed
1001086,30000204,1010,2026-02-15,2026-02-19,65400.0,63940.0,Completed
1002382,30000401,1020,2026-02-15,2026-02-19,90900.0,92220.0,Completed
1002039,30000301,1020,2026-02-15,2026-02-17,67900.0,68470.0,Completed
1002548,30000402,1020,2026-02-15,2026-02-20,50600.0,49730.0,Completed
1001663,30000103,1010,2026-02-16,2026-02-18,71700.0,70160.0,Completed
1000762,30000202,1010,2026-02-16,2026-02-20,99700.0,98390.0,Completed
1002688,30000403,1020,2026-02-16,2026-02-19,81700.0,81140.0,Completed
1002916,30000405,1020,2026-02-16,2026-02-19,57100.0,55850.0,Completed
1001489,30000102,1010,2026-02-17,2026-02-20,158000.0,155610.0,Completed
1000298,20000101,1010,2026-02-17,2026-02-20,249500.0,246660.0,Completed
1001300,30000101,1010,2026-02-17,2026-02-19,64400.0,63810.0,Completed
1000880,30000203,1010,2026-02-17,2026-02-20,55200.0,54520.0,Completed
1002238,30000302,1020,2026-02-17,2026-02-20,73000.0,73440.0,Completed
1001836,30000104,1010,2026-02-17,2026-02-19,36700.0,36250.0,Completed
1000600,30000201,1010,2026-02-17,2026-02-19,171100.0,168780.0,Completed
1002800,30000404,1020,2026-02-17,2026-02-20,31500.0,30860.0,Completed
1000601,30000201,1010,2026-02-19,2026-02-24,171100.0,170480.0,Completed
1000299,20000101,1010,2026-02-21,2026-02-23,249500.0,244330.0,Completed
1001490,30000102,1010,2026-02-22,2026-02-27,158000.0,154920.0,Completed
1001664,30000103,1010,2026-02-22,2026-02-24,71700.0,71200.0,Completed
1002040,30000301,1020,2026-02-23,2026-02-27,67900.0,67360.0,Completed
1000602,30000201,1010,2026-02-25,2026-03-01,171100.0,173570.0,Completed
1000300,20000101,1010,2026-02-25,2026-03-02,249500.0,244130.0,Completed
1000763,30000202,1010,2026-03-01,2026-03-03,35500.0,34720.0,Completed
1000881,30000203,1010,2026-03-01,2026-03-04,62900.0,61890.0,Completed
1001491,30000102,1010,2026-03-01,2026-03-05,173000.0,171620.0,Completed
1002917,30000405,1020,2026-03-01,2026-03-05,78900.0,76670.0,Completed
1001301,30000101,1010,2026-03-02,2026-03-06,68500.0,66760.0,Completed
1002041,30000301,1020,2026-03-02,2026-03-04,64900.0,63420.0,Completed
1002383,30000401,1020,2026-03-02,2026-03-06,50400.0,48700.0,Completed
1001665,30000103,1010,2026-03-02,2026-03-07,72500.0,71230.0,Completed
1001837,30000104,1010,2026-03-02,2026-03-05,62100.0,61370.0,Completed
1002549,30000402,1020,2026-03-02,2026-03-06,68200.0,68030.0,Completed
1000301,20000101,1010,2026-03-03,2026-03-08,234100.0,228480.0,Completed
1001087,30000204,1010,2026-03-03,2026-03-06,55300.0,53760.0,Completed
1000603,30000201,1010,2026-03-03,2026-03-06,243700.0,238160.0,Completed
1002689,30000403,1020,2026-03-03,2026-03-05,51100.0,50490.0,Completed
1002801,30000404,1020,2026-03-03,2026-03-08,19600.0,19460.0,Completed
1002239,30000302,1020,2026-03-03,2026-03-08,70300.0,69300.0,Completed
1000302,20000101,1010,2026-03-07,2026-03-12,234100.0,227310.0,Completed
1001088,30000204,1010,2026-03-08,2026-03-13,55300.0,56310.0,Completed
1001492,30000102,1010,2026-03-08,2026-03-13,173000.0,174730.0,Completed
1002690,30000403,1020,2026-03-08,2026-03-11,51100.0,50390.0,Completed
1001666,30000103,1010,2026-03-08,2026-03-12,72500.0,71900.0,Completed
1002384,30000401,1020,2026-03-08,2026-03-12,50400.0,51340.0,Completed
1002240,30000302,1020,2026-03-09,2026-03-14,70300.0,71580.0,Completed
1001838,30000104,1010,2026-03-09,2026-03-11,62100.0,62770.0,Completed
1000604,30000201,1010,2026-03-09,2026-03-11,243700.0,234580.0,Completed
1002042,30000301,1020,2026-03-10,2026-03-13,64900.0,64410.0,Completed
1001302,30000101,1010,2026-03-10,2026-03-12,68500.0,68860.0,Completed
1000303,20000101,1010,2026-03-11,2026-03-14,234100.0,235840.0,Completed
1000304,20000101,1010,2026-03-15,2026-03-18,234100.0,230300.0,Completed
1002802,30000404,1020,2026-03-15,2026-03-19,19600.0,19150.0,Completed
1002550,30000402,1020,2026-03-15,2026-03-19,68200.0,66760.0,Completed
1001493,30000102,1010,2026-03-15,2026-03-19,173000.0,169310.0,Completed
1002385,30000401,1020,2026-03-15,2026-03-18,50400.0,49820.0,Completed
1002691,30000403,1020,2026-03-15,2026-03-19,51100.0,50310.0,Completed
1002918,30000405,1020,2026-03-16,2026-03-20,78900.0,78420.0,Completed
1002043,30000301,1020,2026-03-16,2026-03-18,64900.0,64940.0,Completed
1001839,30000104,1010,2026-03-16,2026-03-20,62100.0,61600.0,Completed
1001089,30000204,1010,2026-03-16,2026-03-18,55300.0,53460.0,Completed
1000882,30000203,1010,2026-03-16,2026-03-20,62900.0,62910.0,Completed
1002241,30000302,1020,2026-03-17,2026-03-19,70300.0,67100.0,Completed
1001667,30000103,1010,2026-03-17,2026-03-21,72500.0,72470.0,Completed
1001303,30000101,1010,2026-03-17,2026-03-21,68500.0,69010.0,Completed
1000605,30000201,1010,2026-03-17,2026-03-19,243700.0,241120.0,Completed
1000764,30000202,1010,2026-03-17,2026-03-20,35500.0,35650.0,Completed
1000305,20000101,1010,2026-03-20,2026-03-22,234100.0,230730.0,Completed
1000606,30000201,1010,2026-03-22,2026-03-26,243700.0,241080.0,Completed
1002386,30000401,1020,2026-03-22,2026-03-25,50400.0,49480.0,Completed
1001494,30000102,1010,2026-03-22,2026-03-27,173000.0,171150.0,Completed
1001668,30000103,1010,2026-03-22,2026-03-27,72500.0,71100.0,Completed
1001840,30000104,1010,2026-03-23,2026-03-28,62100.0,59950.0,Completed
1001304,30000101,1010,2026-03-23,2026-03-28,68500.0,66790.0,Completed
1002242,30000302,1020,2026-03-23,2026-03-27,70300.0,67110.0,Completed
1002044,30000301,1020,2026-03-23,2026-03-25,64900.0,65770.0,Completed
1002692,30000403,1020,2026-03-24,2026-03-27,51100.0,51190.0,Completed
1001090,30000204,1010,2026-03-24,2026-03-26,55300.0,54330.0,Completed
1000306,20000101,1010,2026-03-25,2026-03-27,234100.0,237660.0,Completed
1000307,20000101,1010,2026-04-01,2026-04-06,270300.0,265790.0,Completed
1001495,30000102,1010,2026-04-01,2026-04-06,166500.0,162330.0,Completed
1002045,30000301,1020,2026-04-01,2026-04-04,85100.0,85330.0,Completed
1000607,30000201,1010,2026-04-01,2026-04-06,244300.0,239320.0,Completed
1002919,30000405,1020,2026-04-02,2026-04-04,68000.0,68180.0,Completed
1002387,30000401,1020,2026-04-02,2026-04-07,67800.0,68560.0,Completed
1001669,30000103,1010,2026-04-02,2026-04-07,53200.0,53570.0,Completed
1002551,30000402,1020,2026-04-02,2026-04-05,69100.0,70910.0,Completed
1001841,30000104,1010,2026-04-02,2026-04-04,81100.0,80080.0,Completed
1000765,30000202,1010,2026-04-02,2026-04-07,50900.0,49890.0,Completed
1001091,30000204,1010,2026-04-03,2026-04-06,74700.0,75120.0,Completed
1002693,30000403,1020,2026-04-03,2026-04-06,75400.0,74020.0,Completed
1001305,30000101,1010,2026-04-03,2026-04-06,60600.0,60050.0,Completed
1002243,30000302,1020,2026-04-03,2026-04-06,65400.0,64180.0,Completed
1002803,30000404,1020,2026-04-03,2026-04-07,27100.0,26830.0,Completed
1000883,30000203,1010,2026-04-03,2026-04-06,49100.0,48640.0,Completed
1000308,20000101,1010,2026-04-07,2026-04-11,270300.0,276580.0,Completed
1001670,30000103,1010,2026-04-08,2026-04-13,53200.0,52140.0,Completed
1002244,30000302,1020,2026-04-08,2026-04-10,65400.0,67190.0,Completed
1000608,30000201,1010,2026-04-08,2026-04-11,244300.0,242490.0,Completed
1001496,30000102,1010,2026-04-09,2026-04-11,166500.0,166070.0,Completed
1001092,30000204,1010,2026-04-09,2026-04-13,74700.0,72840.0,Completed
1000766,30000202,1010,2026-04-10,2026-04-12,50900.0,50970.0,Completed
1000309,20000101,1010,2026-04-12,2026-04-16,270300.0,262600.0,Completed
1000310,20000101,1010,2026-04-15,2026-04-17,270300.0,269160.0,Completed
1000884,30000203,1010,2026-04-15,2026-04-17,49100.0,48080.0,Completed
1001306,30000101,1010,2026-04-15,2026-04-20,60600.0,58540.0,Completed
1002552,30000402,1020,2026-04-15,2026-04-18,69100.0,68540.0,Completed
1002920,30000405,1020,2026-04-15,2026-04-19,68000.0,65990.0,Completed
1001842,30000104,1010,2026-04-15,2026-04-17,81100.0,80270.0,Completed
1002804,30000404,1020,2026-04-16,2026-04-21,27100.0,27120.0,Completed
1002388,30000401,1020,2026-04-16,2026-04-18,67800.0,67310.0,Completed
1001497,30000102,1010,2026-04-16,2026-04-21,166500.0,164520.0,Completed
1001093,30000204,1010,2026-04-16,2026-04-19,74700.0,73990.0,Completed
1001671,30000103,1010,2026-04-16,2026-04-20,53200.0,51690.0,Completed
1002694,30000403,1020,2026-04-16,2026-04-20,75400.0,75560.0,Completed
1000767,30000202,1010,2026-04-16,2026-04-18,50900.0,50660.0,Completed
1000609,30000201,1010,2026-04-17,2026-04-21,244300.0,239210.0,Completed
1002245,30000302,1020,2026-04-17,2026-04-21,65400.0,63330.0,Completed
1002046,30000301,1020,2026-04-17,2026-04-21,85100.0,83420.0,Completed
1000311,20000101,1010,2026-04-19,2026-04-21,270300.0,269570.0,Completed
1000768,30000202,1010,2026-04-22,2026-04-27,50900.0,50570.0,Completed
1002246,30000302,1020,2026-04-23,2026-04-25,65400.0,63880.0,Completed
1000610,30000201,1010,2026-04-23,2026-04-27,244300.0,247390.0,Completed
1001672,30000103,1010,2026-04-23,2026-04-25,53200.0,54060.0,Completed
1001094,30000204,1010,2026-04-23,2026-04-25,74700.0,72780.0,Completed
1000312,20000101,1010,2026-04-24,2026-04-27,270300.0,267410.0,Completed
1001498,30000102,1010,2026-04-24,2026-04-28,166500.0,168650.0,Completed
1001843,30000104,1010,2026-05-01,2026-05-06,94900.0,95190.0,Completed
1000769,30000202,1010,2026-05-01,2026-05-05,82700.0,80380.0,Completed
1002047,30000301,1020,2026-05-01,2026-05-06,81600.0,82220.0,Completed
1000313,20000101,1010,2026-05-02,2026-05-05,262100.0,265920.0,Completed
1001499,30000102,1010,2026-05-02,2026-05-04,145800.0,141190.0,Completed
1002695,30000403,1020,2026-05-02,2026-05-07,96700.0,94630.0,Completed
1002389,30000401,1020,2026-05-02,2026-05-04,87100.0,86280.0,Completed
1002553,30000402,1020,2026-05-02,2026-05-07,65100.0,64260.0,Completed
1000885,30000203,1010,2026-05-02,2026-05-04,46900.0,47380.0,Completed
1001307,30000101,1010,2026-05-02,2026-05-04,76400.0,77260.0,Completed
1002805,30000404,1020,2026-05-02,2026-05-06,48000.0,46300.0,Completed
1001673,30000103,1010,2026-05-03,2026-05-07,93300.0,93760.0,Completed
1002921,30000405,1020,2026-05-03,2026-05-05,18100.0,17970.0,Completed
1000611,30000201,1010,2026-05-03,2026-05-06,168500.0,166910.0,Completed
1001095,30000204,1010,2026-05-03,2026-05-07,63100.0,61030.0,Completed
1002247,30000302,1020,2026-05-03,2026-05-08,86300.0,86520.0,Completed
1000612,30000201,1010,2026-05-06,2026-05-08,168500.0,164510.0,Completed
1000314,20000101,1010,2026-05-06,2026-05-11,262100.0,261470.0,Completed
1002048,30000301,1020,2026-05-08,2026-05-12,81600.0,80540.0,Completed
1001096,30000204,1010,2026-05-09,2026-05-14,63100.0,62310.0,Completed
1002554,30000402,1020,2026-05-10,2026-05-13,65100.0,65490.0,Completed
1001500,30000102,1010,2026-05-10,2026-05-15,145800.0,144500.0,Completed
1000613,30000201,1010,2026-05-10,2026-05-12,168500.0,165410.0,Completed
1000315,20000101,1010,2026-05-12,2026-05-15,262100.0,259060.0,Completed
1001674,30000103,1010,2026-05-15,2026-05-17,93300.0,92990.0,Completed
1000614,30000201,1010,2026-05-15,2026-05-19,168500.0,167240.0,Completed
1000886,30000203,1010,2026-05-15,2026-05-20,46900.0,46830.0,Completed
1000316,20000101,1010,2026-05-15,2026-05-18,262100.0,260000.0,Completed
1002555,30000402,1020,2026-05-15,2026-05-17,65100.0,65100.0,Completed
1001501,30000102,1010,2026-05-15,2026-05-19,145800.0,148760.0,Completed
1002390,30000401,1020,2026-05-16,2026-05-21,87100.0,85270.0,Completed
1001097,30000204,1010,2026-05-16,2026-05-18,63100.0,63120.0,Completed
1002806,30000404,1020,2026-05-16,2026-05-20,48000.0,46360.0,Completed
1000770,30000202,1010,2026-05-16,2026-05-18,82700.0,81910.0,Completed
1002248,30000302,1020,2026-05-16,2026-05-18,86300.0,84420.0,Completed
1002922,30000405,1020,2026-05-17,2026-05-19,18100.0,17940.0,Completed
1002696,30000403,1020,2026-05-17,2026-05-22,96700.0,97490.0,Completed
1002049,30000301,1020,2026-05-17,2026-05-20,81600.0,79780.0,Completed
1001844,30000104,1010,2026-05-17,2026-05-21,94900.0,95740.0,Completed
1001308,30000101,1010,2026-05-17,2026-05-22,76400.0,74410.0,Completed
1000615,30000201,1010,2026-05-21,2026-05-25,168500.0,169500.0,Completed
1000317,20000101,1010,2026-05-21,2026-05-23,262100.0,256650.0,Completed
1002050,30000301,1020,2026-05-22,2026-05-24,81600.0,81070.0,Completed
1001098,30000204,1010,2026-05-22,2026-05-26,63100.0,63800.0,Completed
1002556,30000402,1020,2026-05-22,2026-05-24,65100.0,65260.0,Completed
1000318,20000101,1010,2026-05-24,2026-05-29,262100.0,263780.0,Completed
1001502,30000102,1010,2026-05-24,2026-05-29,145800.0,144900.0,Completed
1000616,30000201,1010,2026-05-26,2026-05-29,168500.0,165530.0,Completed
1001845,30000104,1010,2026-06-01,2026-06-03,60900.0,59910.0,Completed
1000319,20000101,1010,2026-06-02,2026-06-04,254400.0,255780.0,Completed
1001309,30000101,1010,2026-06-02,2026-06-06,82800.0,81500.0,Completed
1000771,30000202,1010,2026-06-02,2026-06-06,66300.0,65140.0,Completed
1002697,30000403,1020,2026-06-02,2026-06-05,58300.0,57030.0,Completed
1002391,30000401,1020,2026-06-02,2026-06-06,38500.0,37740.0,Completed
1002051,30000301,1020,2026-06-02,2026-06-06,61100.0,60680.0,Completed
1001099,30000204,1010,2026-06-02,2026-06-04,61000.0,60400.0,Completed
1002557,30000402,1020,2026-06-02,2026-06-04,84200.0,82620.0,Completed
1002807,30000404,1020,2026-06-02,2026-06-07,23500.0,23720.0,Completed
1000617,30000201,1010,2026-06-03,2026-06-08,167700.0,167720.0,Completed
1002249,30000302,1020,2026-06-03,2026-06-07,76400.0,76020.0,Completed
1002923,30000405,1020,2026-06-03,2026-06-08,38800.0,37800.0,Completed
1000887,30000203,1010,2026-06-03,2026-06-06,35400.0,35620.0,Completed
1001675,30000103,1010,2026-06-03,2026-06-07,62000.0,60600.0,Completed
1001503,30000102,1010,2026-06-03,2026-06-06,147500.0,144340.0,Completed
1000320,20000101,1010,2026-06-06,2026-06-10,254400.0,254140.0,Completed
1000618,30000201,1010,2026-06-06,2026-06-08,167700.0,167590.0,Completed
1002250,30000302,1020,2026-06-08,2026-06-11,76400.0,76170.0,Completed
1001504,30000102,1010,2026-06-09,2026-06-13,147500.0,146130.0,Completed
1001100,30000204,1010,2026-06-10,2026-06-14,61000.0,61010.0,Completed
1000619,30000201,1010,2026-06-10,2026-06-12,167700.0,163840.0,Completed
1002052,30000301,1020,2026-06-10,2026-06-13,61100.0,58560.0,Completed
1000321,20000101,1010,2026-06-12,2026-06-15,254400.0,250500.0,Completed
1000620,30000201,1010,2026-06-15,2026-06-19,167700.0,164670.0,Completed
1001676,30000103,1010,2026-06-15,2026-06-17,62000.0,61190.0,Completed
1000888,30000203,1010,2026-06-15,2026-06-20,35400.0,35950.0,Completed
1002698,30000403,1020,2026-06-15,2026-06-17,58300.0,56570.0,Completed
1002558,30000402,1020,2026-06-15,2026-06-18,84200.0,85560.0,Completed
1002808,30000404,1020,2026-06-16,2026-06-18,23500.0,23620.0,Completed
1002392,30000401,1020,2026-06-16,2026-06-19,38500.0,37600.0,Completed
1001310,30000101,1010,2026-06-17,2026-06-21,82800.0,81960.0,Completed
1002924,30000405,1020,2026-06-17,2026-06-19,38800.0,38310.0,Completed
1000772,30000202,1010,2026-06-17,2026-06-21,66300.0,65920.0,Completed
1001846,30000104,1010,2026-06-17,2026-06-19,60900.0,59640.0,Completed
1001505,30000102,1010,2026-06-17,2026-06-22,147500.0,146270.0,Completed
1001101,30000204,1010,2026-06-17,2026-06-19,61000.0,59700.0,Completed
1002053,30000301,1020,2026-06-17,2026-06-21,61100.0,59550.0,Completed
1000322,20000101,1010,2026-06-17,2026-06-20,254400.0,251000.0,Completed
1002251,30000302,1020,2026-06-17,2026-06-19,76400.0,76330.0,Completed
1000323,20000101,1010,2026-06-19,2026-06-23,254400.0,256610.0,Completed
1000621,30000201,1010,2026-06-21,2026-06-25,167700.0,169740.0,Completed
1001102,30000204,1010,2026-06-22,2026-06-27,61000.0,60980.0,Completed
1002252,30000302,1020,2026-06-23,2026-06-27,76400.0,75210.0,Completed
1001506,30000102,1010,2026-06-23,2026-06-28,147500.0,149280.0,Completed
1000324,20000101,1010,2026-06-24,2026-06-27,254400.0,246880.0,Completed
1002054,30000301,1020,2026-06-24,2026-06-27,61100.0,60100.0,Completed
1000622,30000201,1010,2026-06-25,2026-06-27,167700.0,164100.0,Completed
1001677,30000103,1010,2026-07-01,2026-07-06,81100.0,80920.0,Completed
1001103,30000204,1010,2026-07-01,2026-07-06,62000.0,63630.0,Completed
1001507,30000102,1010,2026-07-01,2026-07-03,187900.0,187300.0,Completed
1000325,20000101,1010,2026-07-01,2026-07-03,267900.0,268400.0,Completed
1000623,30000201,1010,2026-07-01,2026-07-05,169900.0,171010.0,Completed
1002699,30000403,1020,2026-07-01,2026-07-04,69100.0,69860.0,Completed
1001847,30000104,1010,2026-07-01,2026-07-04,73000.0,71730.0,Completed
1002253,30000302,1020,2026-07-02,2026-07-05,66300.0,64110.0,Completed
1002055,30000301,1020,2026-07-02,2026-07-07,91000.0,90610.0,Completed
1002809,30000404,1020,2026-07-02,2026-07-06,21800.0,21060.0,Completed
1000773,30000202,1010,2026-07-02,2026-07-07,97400.0,98030.0,Completed
1000889,30000203,1010,2026-07-02,2026-07-06,72500.0,71970.0,Completed
1001311,30000101,1010,2026-07-03,2026-07-08,61500.0,61690.0,Completed
1002925,30000405,1020,2026-07-03,2026-07-05,31800.0,31100.0,Completed
1002559,30000402,1020,2026-07-03,2026-07-06,98200.0,97090.0,Completed
1002393,30000401,1020,2026-07-03,2026-07-07,97100.0,95760.0,Completed
1000624,30000201,1010,2026-07-06,2026-07-11,169900.0,168920.0,Completed
1000326,20000101,1010,2026-07-07,2026-07-12,267900.0,266910.0,Completed
1002254,30000302,1020,2026-07-09,2026-07-12,66300.0,66440.0,Completed
1001678,30000103,1010,2026-07-09,2026-07-11,81100.0,80560.0,Completed
1001508,30000102,1010,2026-07-10,2026-07-15,187900.0,184070.0,Completed
1002056,30000301,1020,2026-07-10,2026-07-14,91000.0,88460.0,Completed
1001104,30000204,1010,2026-07-10,2026-07-12,62000.0,61860.0,Completed
1000327,20000101,1010,2026-07-11,2026-07-13,267900.0,257000.0,Completed
1000625,30000201,1010,2026-07-12,2026-07-14,169900.0,168360.0,Completed
1000774,30000202,1010,2026-07-15,2026-07-19,97400.0,97960.0,Completed
1002560,30000402,1020,2026-07-15,2026-07-19,98200.0,100490.0,Completed
1001312,30000101,1010,2026-07-15,2026-07-18,61500.0,60960.0,Completed
1002394,30000401,1020,2026-07-15,2026-07-19,97100.0,96170.0,Completed
1002255,30000302,1020,2026-07-16,2026-07-18,66300.0,66340.0,Completed
1002926,30000405,1020,2026-07-16,2026-07-19,31800.0,31870.0,Completed
1000328,20000101,1010,2026-07-16,2026-07-19,267900.0,261770.0,Completed
1000890,30000203,1010,2026-07-16,2026-07-18,72500.0,71820.0,Completed
1002057,30000301,1020,2026-07-16,2026-07-18,91000.0,91540.0,Completed
1001509,30000102,1010,2026-07-16,2026-07-18,187900.0,190250.0,Completed
1002810,30000404,1020,2026-07-17,2026-07-22,21800.0,21320.0,Completed
1001105,30000204,1010,2026-07-17,2026-07-22,62000.0,59620.0,Completed
1000626,30000201,1010,2026-07-17,2026-07-19,169900.0,167520.0,Completed
1002700,30000403,1020,2026-07-17,2026-07-19,69100.0,69180.0,Completed
1001848,30000104,1010,2026-07-17,2026-07-22,73000.0,72490.0,Completed
1001679,30000103,1010,2026-07-17,2026-07-19,81100.0,80430.0,Completed
1000329,20000101,1010,2026-07-19,2026-07-21,267900.0,262280.0,Completed
1000627,30000201,1010,2026-07-21,2026-07-23,169900.0,170280.0,Completed
1002058,30000301,1020,2026-07-22,2026-07-27,91000.0,89920.0,Completed
1002256,30000302,1020,2026-07-23,2026-07-26,66300.0,66110.0,Completed
1001510,30000102,1010,2026-07-23,2026-07-28,187900.0,185770.0,Completed
1001106,30000204,1010,2026-07-24,2026-07-26,62000.0,62110.0,Completed
1001680,30000103,1010,2026-07-24,2026-07-28,81100.0,79840.0,Completed
1000330,20000101,1010,2026-07-25,2026-07-28,267900.0,260040.0,Completed
1000628,30000201,1010,2026-07-25,2026-07-28,169900.0,167120.0,Completed
1000331,20000101,1010,2026-08-01,2026-08-06,259900.0,252930.0,Completed
1000775,30000202,1010,2026-08-01,2026-08-06,71200.0,68630.0,Completed
1002811,30000404,1020,2026-08-01,2026-08-03,31300.0,30660.0,Completed
1002059,30000301,1020,2026-08-01,2026-08-04,62600.0,61870.0,Completed
1001511,30000102,1010,2026-08-01,2026-08-04,146000.0,143940.0,Completed
1002927,30000405,1020,2026-08-01,2026-08-06,46900.0,45830.0,Completed
1001313,30000101,1010,2026-08-02,2026-08-06,61200.0,60200.0,Completed
1002561,30000402,1020,2026-08-02,2026-08-04,64400.0,64060.0,Completed
1000629,30000201,1010,2026-08-02,2026-08-05,249800.0,236410.0,Completed
1001849,30000104,1010,2026-08-02,2026-08-04,92000.0,90260.0,Completed
1002257,30000302,1020,2026-08-03,2026-08-08,75200.0,74370.0,Completed
1001107,30000204,1010,2026-08-03,2026-08-05,68500.0,68610.0,Completed
1002395,30000401,1020,2026-08-03,2026-08-08,69600.0,67710.0,Completed
1001681,30000103,1010,2026-08-03,2026-08-05,77900.0,78780.0,Completed
1000891,30000203,1010,2026-08-03,2026-08-05,71800.0,71590.0,Completed
1002701,30000403,1020,2026-08-03,2026-08-05,56700.0,54760.0,Completed
1000332,20000101,1010,2026-08-06,2026-08-10,259900.0,267140.0,Completed
1000630,30000201,1010,2026-08-08,2026-08-13,249800.0,248550.0,Completed
1002258,30000302,1020,2026-08-09,2026-08-14,75200.0,76280.0,Completed
1001682,30000103,1010,2026-08-09,2026-08-12,77900.0,75550.0,Completed
1001108,30000204,1010,2026-08-09,2026-08-12,68500.0,68120.0,Completed
1002060,30000301,1020,2026-08-09,2026-08-12,62600.0,61300.0,Completed
1002702,30000403,1020,2026-08-09,2026-08-11,56700.0,55360.0,Completed
1000333,20000101,1010,2026-08-10,2026-08-12,259900.0,258440.0,Completed
1001512,30000102,1010,2026-08-10,2026-08-15,146000.0,140250.0,Completed
1001850,30000104,1010,2026-08-15,2026-08-17,92000.0,90200.0,Completed
1001513,30000102,1010,2026-08-15,2026-08-17,146000.0,140640.0,Completed
1002928,30000405,1020,2026-08-15,2026-08-18,46900.0,46380.0,Completed
1002061,30000301,1020,2026-08-15,2026-08-19,62600.0,62840.0,Completed
1001109,30000204,1010,2026-08-16,2026-08-20,68500.0,68640.0,Completed
1002703,30000403,1020,2026-08-16,2026-08-18,56700.0,54350.0,Completed
1000776,30000202,1010,2026-08-16,2026-08-21,71200.0,68610.0,Completed
1002259,30000302,1020,2026-08-16,2026-08-20,75200.0,73790.0,Completed
1000334,20000101,1010,2026-08-16,2026-08-20,259900.0,259790.0,Completed
1002396,30000401,1020,2026-08-16,2026-08-19,69600.0,68170.0,Completed
1001314,30000101,1010,2026-08-16,2026-08-18,61200.0,60280.0,Completed
1002562,30000402,1020,2026-08-16,2026-08-20,64400.0,61260.0,Completed
1001683,30000103,1010,2026-08-16,2026-08-20,77900.0,77570.0,Completed
1002812,30000404,1020,2026-08-17,2026-08-19,31300.0,29700.0,Completed
1000892,30000203,1010,2026-08-17,2026-08-19,71800.0,72030.0,Completed
1000631,30000201,1010,2026-08-17,2026-08-21,249800.0,244620.0,Completed
1000335,20000101,1010,2026-08-20,2026-08-25,259900.0,259190.0,Completed
1001684,30000103,1010,2026-08-22,2026-08-26,77900.0,75760.0,Completed
1002704,30000403,1020,2026-08-23,2026-08-25,56700.0,55670.0,Completed
1000632,30000201,1010,2026-08-23,2026-08-26,249800.0,255760.0,Completed
1001110,30000204,1010,2026-08-23,2026-08-26,68500.0,66640.0,Completed
1000336,20000101,1010,2026-08-24,2026-08-26,259900.0,254740.0,Completed
1002062,30000301,1020,2026-08-24,2026-08-29,62600.0,60670.0,Completed
1002260,30000302,1020,2026-08-24,2026-08-29,75200.0,76160.0,Completed
1001514,30000102,1010,2026-08-24,2026-08-29,146000.0,145080.0,Completed
1002563,30000402,1020,2026-09-01,2026-09-03,50300.0,51210.0,Completed
1002397,30000401,1020,2026-09-01,2026-09-03,71600.0,71750.0,Completed
1001685,30000103,1010,2026-09-01,2026-09-04,72700.0,72800.0,Completed
1000777,30000202,1010,2026-09-01,2026-09-06,69100.0,68740.0,Completed
1002261,30000302,1020,2026-09-01,2026-09-03,94800.0,93160.0,Completed
1001851,30000104,1010,2026-09-02,2026-09-07,73900.0,70700.0,Completed
1000337,20000101,1010,2026-09-02,2026-09-04,281600.0,273840.0,Completed
1001111,30000204,1010,2026-09-02,2026-09-04,93800.0,93940.0,Completed
1001515,30000102,1010,2026-09-02,2026-09-05,110200.0,110580.0,Completed
1002929,30000405,1020,2026-09-02,2026-09-05,18900.0,19300.0,Completed
1000633,30000201,1010,2026-09-02,2026-09-07,170700.0,165000.0,Completed
1000893,30000203,1010,2026-09-02,2026-09-07,67900.0,67760.0,Completed
1002705,30000403,1020,2026-09-02,2026-09-04,53900.0,52870.0,Completed
1001315,30000101,1010,2026-09-03,2026-09-05,85200.0,83760.0,Completed
1002063,30000301,1020,2026-09-03,2026-09-05,53400.0,53610.0,Completed
1000338,20000101,1010,2026-09-07,2026-09-10,281600.0,279200.0,Completed
1000634,30000201,1010,2026-09-07,2026-09-10,170700.0,169210.0,Completed
1001516,30000102,1010,2026-09-08,2026-09-13,110200.0,110230.0,Completed
1002564,30000402,1020,2026-09-09,2026-09-12,50300.0,50390.0,Completed
1001852,30000104,1010,2026-09-09,2026-09-12,73900.0,73620.0,Completed
1002064,30000301,1020,2026-09-09,2026-09-13,53400.0,51740.0,Completed
1001686,30000103,1010,2026-09-10,2026-09-14,72700.0,71390.0,Completed
1001112,30000204,1010,2026-09-10,2026-09-13,93800.0,91030.0,Completed
1002262,30000302,1020,2026-09-10,2026-09-12,94800.0,93590.0,Completed
1000339,20000101,1010,2026-09-11,2026-09-16,281600.0,279590.0,Completed
1000635,30000201,1010,2026-09-12,2026-09-14,170700.0,170000.0,Completed
1001517,30000102,1010,2026-09-15,2026-09-17,110200.0,108860.0,Completed
1001853,30000104,1010,2026-09-15,2026-09-17,73900.0,73740.0,Completed
1002930,30000405,1020,2026-09-16,2026-09-20,18900.0,18620.0,Completed
1002065,30000301,1020,2026-09-16,2026-09-18,53400.0,52320.0,Completed
1000778,30000202,1010,2026-09-16,2026-09-21,69100.0,68830.0,Completed
1001316,30000101,1010,2026-09-16,2026-09-20,85200.0,83130.0,Completed
1001113,30000204,1010,2026-09-16,2026-09-18,93800.0,95030.0,Completed
1002565,30000402,1020,2026-09-16,2026-09-21,50300.0,49480.0,Completed
1000340,20000101,1010,2026-09-16,2026-09-18,281600.0,275740.0,Completed
1002263,30000302,1020,2026-09-17,2026-09-22,94800.0,94900.0,Completed
1000636,30000201,1010,2026-09-17,2026-09-20,170700.0,168710.0,Completed
1002398,30000401,1020,2026-09-17,2026-09-20,71600.0,70890.0,Completed
1001687,30000103,1010,2026-09-17,2026-09-19,72700.0,71680.0,Completed
1002706,30000403,1020,2026-09-17,2026-09-19,53900.0,54680.0,Completed
1000894,30000203,1010,2026-09-17,2026-09-22,67900.0,67750.0,Completed
1000341,20000101,1010,2026-09-20,2026-09-22,281600.0,278480.0,Completed
1000637,30000201,1010,2026-09-20,2026-09-23,170700.0,168330.0,Completed
1002264,30000302,1020,2026-09-22,2026-09-25,94800.0,93990.0,Completed
1001518,30000102,1010,2026-09-22,2026-09-26,110200.0,104940.0,Completed
1001688,30000103,1010,2026-09-22,2026-09-25,72700.0,72610.0,Completed
1002566,30000402,1020,2026-09-22,2026-09-26,50300.0,50120.0,Completed
1001114,30000204,1010,2026-09-23,2026-09-26,93800.0,93420.0,Completed
1000638,30000201,1010,2026-09-24,2026-09-27,170700.0,175660.0,Completed
1001854,30000104,1010,2026-09-24,2026-09-29,73900.0,71500.0,Completed
1000342,20000101,1010,2026-09-24,2026-09-27,281600.0,273890.0,Completed
1002066,30000301,1020,2026-09-24,2026-09-26,53400.0,52720.0,Completed
