PO_Number,Item,PO_Date,Delivery_Date,Supplier_Id,Material_Id,Plant,Qty_kg,Price_USD_per_kg,Value_USD
4500905,10,2022-01-01,2022-01-16,2000115,40000108,1020,36590.0,0.976,35712.57
4500684,10,2022-01-02,2022-01-15,2000117,40000106,1020,29920.0,2.6014,77835.38
4501237,10,2022-01-03,2022-01-13,2000115,40000110,1020,37540.0,1.1477,43085.78
4501687,10,2022-01-03,2022-01-15,2000101,10000101,1010,260100.0,1.1009,286351.89
4502048,10,2022-01-03,2022-01-14,2000103,10000103,1010,45510.0,0.9314,42387.1
4504379,10,2022-01-04,2022-01-13,2000113,10000210,1020,86530.0,1.7126,148190.41
4500587,10,2022-01-05,2022-01-10,2000117,40000105,1020,25240.0,2.136,53912.39
4501459,10,2022-01-05,2022-01-19,2000119,40000111,1020,31630.0,2.07,65474.73
4502992,10,2022-01-05,2022-01-10,2000107,10000201,1020,98210.0,2.3294,228770.37
4501239,10,2022-01-06,2022-01-26,2000115,40000110,1020,37540.0,1.1131,41785.4
4502991,10,2022-01-06,2022-01-21,2000107,10000201,1020,98210.0,2.4713,242708.34
4500685,10,2022-01-07,2022-01-18,2000117,40000106,1020,29920.0,2.6014,77832.99
4502467,10,2022-01-07,2022-01-26,2000103,10000105,1010,32120.0,1.1044,35474.61
4504094,10,2022-01-07,2022-01-20,2000108,10000208,1020,320.0,0.54,172.82
4501238,10,2022-01-08,2022-01-25,2000115,40000110,1020,37540.0,1.1315,42478.01
4502050,10,2022-01-08,2022-01-17,2000103,10000103,1010,45510.0,0.939,42732.07
4503740,10,2022-01-08,2022-01-25,2000111,10000206,1020,26030.0,0.4417,11496.41
4504378,10,2022-01-08,2022-01-14,2000113,10000210,1020,86530.0,1.6844,145746.81
4503331,10,2022-01-09,2022-01-27,2000109,10000204,1020,41670.0,0.8941,37258.81
4500404,10,2022-01-10,2022-01-25,2000116,40000104,1020,31370.0,1.9131,60012.69
4500586,10,2022-01-11,2022-01-31,2000117,40000105,1020,25240.0,2.203,55604.48
4500779,10,2022-01-11,2022-01-25,2000118,40000107,1020,31140.0,2.1546,67095.49
4501106,10,2022-01-11,2022-01-16,2000115,40000109,1020,11260.0,1.4465,16287.14
4502932,10,2022-01-11,2022-01-18,2000106,10000108,1010,970.0,8.793,8529.16
4502989,10,2022-01-11,2022-01-25,2000107,10000201,1020,98210.0,2.4366,239297.5
4503741,10,2022-01-11,2022-01-16,2000111,10000206,1020,26030.0,0.441,11478.19
4504377,10,2022-01-11,2022-01-31,2000113,10000210,1020,86530.0,1.7176,148622.2
4500184,10,2022-01-12,2022-01-25,2000116,40000102,1020,53740.0,1.311,70455.83
4503216,10,2022-01-12,2022-01-19,2000106,10000202,1020,170.0,12.1019,2057.32
4503558,10,2022-01-12,2022-01-26,2000110,10000205,1020,34440.0,0.7993,27527.89
4500185,10,2022-01-13,2022-01-28,2000116,40000102,1020,53740.0,1.2316,66188.33
4500186,10,2022-01-14,2022-01-23,2000116,40000102,1020,53740.0,1.25,67175.54
4500780,10,2022-01-14,2022-02-02,2000118,40000107,1020,31140.0,2.1544,67087.08
4502051,10,2022-01-14,2022-01-24,2000103,10000103,1010,45510.0,0.9567,43538.05
4500406,10,2022-01-15,2022-01-31,2000116,40000104,1020,31370.0,1.91,59917.95
4501915,10,2022-01-15,2022-01-27,2000102,10000102,1010,37900.0,1.9856,75253.48
4502651,10,2022-01-15,2022-01-26,2000105,10000106,1010,27650.0,2.1054,58213.76
4504153,10,2022-01-15,2022-01-26,2000113,10000209,1020,72800.0,1.8868,137359.77
4500001,10,2022-01-16,2022-01-23,2000116,40000101,1020,36260.0,1.088,39449.43
4500002,10,2022-01-16,2022-01-29,2000116,40000101,1020,36260.0,1.1203,40623.17
4500187,10,2022-01-16,2022-01-28,2000116,40000102,1020,53740.0,1.2398,66627.39
4500405,10,2022-01-16,2022-01-25,2000116,40000104,1020,31370.0,1.8502,58041.72
4502250,10,2022-01-16,2022-01-27,2000104,10000104,1010,32460.0,1.3507,43845.02
4504154,10,2022-01-16,2022-01-25,2000113,10000209,1020,72800.0,1.8181,132359.86
4504376,10,2022-01-16,2022-01-23,2000113,10000210,1020,86530.0,1.7071,147714.5
4502253,10,2022-01-17,2022-01-26,2000104,10000104,1010,32460.0,1.3801,44798.05
4504604,10,2022-01-17,2022-01-23,2000115,10000109,1010,3200.0,1.9312,6179.94
4500778,10,2022-01-18,2022-02-03,2000118,40000107,1020,31140.0,2.0732,64560.69
4501688,10,2022-01-18,2022-01-27,2000101,10000101,1010,260100.0,1.0734,279201.74
4502251,10,2022-01-18,2022-01-24,2000104,10000104,1010,32460.0,1.3456,43677.2
4504151,10,2022-01-18,2022-02-03,2000114,10000209,1020,72800.0,1.9375,141051.46
4503877,10,2022-01-19,2022-02-06,2000112,10000207,1020,30200.0,1.7014,51383.79
4500407,10,2022-01-20,2022-01-28,2000116,40000104,1020,31370.0,1.917,60137.86
4501461,10,2022-01-20,2022-01-26,2000119,40000111,1020,31630.0,1.9923,63016.45
4501689,10,2022-01-20,2022-02-08,2000101,10000101,1010,260100.0,1.1215,291712.55
4501914,10,2022-01-20,2022-01-30,2000101,10000102,1010,37900.0,1.9942,75579.8
4502466,10,2022-01-20,2022-02-05,2000103,10000105,1010,32120.0,1.0517,33780.28
4502652,10,2022-01-20,2022-01-26,2000105,10000106,1010,27650.0,2.1867,60462.25
4500003,10,2022-01-21,2022-01-31,2000116,40000101,1020,36260.0,1.0644,38596.23
4502049,10,2022-01-21,2022-01-28,2000103,10000103,1010,45510.0,0.9506,43264.08
4502653,10,2022-01-21,2022-02-03,2000105,10000106,1010,27650.0,2.0959,57952.74
4503273,10,2022-01-21,2022-01-29,2000108,10000203,1020,5620.0,0.1223,687.1
4503332,10,2022-01-21,2022-01-28,2000109,10000204,1020,41670.0,0.8954,37309.23
4500906,10,2022-01-23,2022-02-10,2000115,40000108,1020,36590.0,0.9948,36399.37
4503330,10,2022-01-23,2022-02-11,2000109,10000204,1020,41670.0,0.8959,37331.32
4500357,10,2022-01-24,2022-02-10,2000116,40000103,1020,6890.0,1.705,11747.66
4501460,10,2022-01-24,2022-02-06,2000119,40000111,1020,31630.0,2.0059,63446.3
4502252,10,2022-01-24,2022-02-03,2000104,10000104,1010,32460.0,1.3597,44136.19
4502990,10,2022-01-24,2022-02-01,2000107,10000201,1020,98210.0,2.4125,236935.55
4503880,10,2022-01-24,2022-02-09,2000112,10000207,1020,30200.0,1.8449,55717.19
4500683,10,2022-01-25,2022-02-11,2000117,40000106,1020,29920.0,2.6228,78473.58
4503879,10,2022-01-25,2022-02-09,2000112,10000207,1020,30200.0,1.7564,53042.98
4501240,10,2022-01-27,2022-02-12,2000115,40000110,1020,37540.0,1.1454,43000.19
4501458,10,2022-01-27,2022-02-09,2000119,40000111,1020,31630.0,1.9658,62179.52
4501686,10,2022-01-27,2022-02-03,2000101,10000101,1010,260100.0,1.0711,278585.31
4502800,10,2022-01-27,2022-02-06,2000105,10000107,1010,37350.0,2.5691,95955.51
4503333,10,2022-01-27,2022-02-09,2000109,10000204,1020,41670.0,0.8763,36516.67
4503878,10,2022-01-27,2022-02-13,2000112,10000207,1020,30200.0,1.8561,56054.22
4504152,10,2022-01-27,2022-02-15,2000114,10000209,1020,72800.0,1.9502,141978.2
4501463,10,2022-02-01,2022-02-21,2000119,40000111,1020,51080.0,2.0632,105386.72
4504381,10,2022-02-01,2022-02-15,2000114,10000210,1020,40380.0,1.8,72683.6
4502801,10,2022-02-02,2022-02-20,2000105,10000107,1010,27290.0,2.6843,73253.73
4503335,10,2022-02-02,2022-02-10,2000109,10000204,1020,76120.0,0.9078,69103.26
4503882,10,2022-02-02,2022-02-18,2000112,10000207,1020,39130.0,1.7832,69775.44
4501693,10,2022-02-03,2022-02-08,2000101,10000101,1010,248860.0,1.1376,283110.6
4502053,10,2022-02-03,2022-02-22,2000103,10000103,1010,37380.0,0.9844,36795.75
4504157,10,2022-02-03,2022-02-22,2000113,10000209,1020,62350.0,1.8661,116350.71
4500006,10,2022-02-04,2022-02-18,2000116,40000101,1020,30280.0,1.1323,34287.26
4504155,10,2022-02-04,2022-02-16,2000113,10000209,1020,62350.0,1.9223,119852.91
4504383,10,2022-02-04,2022-02-11,2000114,10000210,1020,40380.0,1.8158,73324.02
4501465,10,2022-02-05,2022-02-19,2000119,40000111,1020,51080.0,2.0283,103605.05
4503274,10,2022-02-05,2022-02-23,2000108,10000203,1020,5190.0,0.1236,641.22
4503561,10,2022-02-05,2022-02-13,2000110,10000205,1020,37830.0,0.8394,31754.88
4500410,10,2022-02-06,2022-02-24,2000116,40000104,1020,38730.0,1.9663,76154.8
4501691,10,2022-02-06,2022-02-17,2000101,10000101,1010,248860.0,1.1148,277426.64
4502054,10,2022-02-06,2022-02-25,2000103,10000103,1010,37380.0,0.9647,36060.49
4503560,10,2022-02-06,2022-02-15,2000110,10000205,1020,37830.0,0.8196,31004.33
4503742,10,2022-02-06,2022-02-16,2000111,10000206,1020,32760.0,0.4523,14817.02
4503883,10,2022-02-07,2022-02-14,2000112,10000207,1020,39130.0,1.8178,71130.12
4504382,10,2022-02-07,2022-02-21,2000113,10000210,1020,40380.0,1.6499,66622.96
4501243,10,2022-02-08,2022-02-20,2000115,40000110,1020,36480.0,1.2063,44005.46
4502468,10,2022-02-08,2022-02-18,2000103,10000105,1010,29650.0,1.1323,33573.88
4504605,10,2022-02-08,2022-02-25,2000115,10000109,1010,1900.0,1.9278,3662.74
4500588,10,2022-02-09,2022-02-27,2000117,40000105,1020,22450.0,2.2242,49933.29
4504095,10,2022-02-09,2022-02-17,2000108,10000208,1020,360.0,0.5584,201.01
4500409,10,2022-02-11,2022-02-23,2000116,40000104,1020,38730.0,1.933,74865.86
4501242,10,2022-02-11,2022-03-02,2000115,40000110,1020,36480.0,1.1691,42649.5
4501917,10,2022-02-11,2022-02-18,2000102,10000102,1010,39520.0,2.0273,80117.32
4501108,10,2022-02-12,2022-03-04,2000115,40000109,1020,29820.0,1.4906,44448.2
4502654,10,2022-02-12,2022-03-01,2000105,10000106,1010,32800.0,2.1896,71818.55
4504156,10,2022-02-12,2022-02-25,2000114,10000209,1020,62350.0,1.9984,124597.75
4502255,10,2022-02-14,2022-03-02,2000104,10000104,1010,27970.0,1.3546,37886.76
4503337,10,2022-02-15,2022-02-22,2000109,10000204,1020,76120.0,0.9222,70194.82
4503881,10,2022-02-15,2022-03-07,2000112,10000207,1020,39130.0,1.811,70863.26
4504380,10,2022-02-15,2022-03-01,2000114,10000210,1020,40380.0,1.7796,71861.06
4501464,10,2022-02-16,2022-02-22,2000119,40000111,1020,51080.0,2.0652,105487.86
4502055,10,2022-02-16,2022-03-02,2000103,10000103,1010,37380.0,0.9775,36537.45
4501107,10,2022-02-17,2022-02-24,2000115,40000109,1020,29820.0,1.4832,44228.43
4502995,10,2022-02-17,2022-03-09,2000107,10000201,1020,58530.0,2.4636,144193.92
4500909,10,2022-02-18,2022-02-27,2000115,40000108,1020,36210.0,1.0334,37417.6
4502996,10,2022-02-18,2022-02-27,2000107,10000201,1020,58530.0,2.445,143107.61
4500188,10,2022-02-20,2022-03-11,2000116,40000102,1020,30940.0,1.2929,40002.64
4503743,10,2022-02-20,2022-02-25,2000111,10000206,1020,32760.0,0.4463,14620.79
4500908,10,2022-02-21,2022-03-09,2000115,40000108,1020,36210.0,1.0311,37335.04
4503217,10,2022-02-21,2022-03-09,2000106,10000202,1020,110.0,12.2216,1344.38
4503336,10,2022-02-21,2022-02-26,2000109,10000204,1020,76120.0,0.932,70940.03
4501244,10,2022-02-22,2022-03-08,2000115,40000110,1020,36480.0,1.1598,42307.68
4502994,10,2022-02-22,2022-02-28,2000107,10000201,1020,58530.0,2.4636,144197.43
4503334,10,2022-02-22,2022-03-10,2000109,10000204,1020,76120.0,0.9589,72994.51
4500189,10,2022-02-23,2022-03-03,2000116,40000102,1020,30940.0,1.3116,40579.67
4500686,10,2022-02-23,2022-03-06,2000117,40000106,1020,20640.0,2.6927,55577.33
4502052,10,2022-02-23,2022-03-04,2000103,10000103,1010,37380.0,0.9601,35889.66
4502802,10,2022-02-23,2022-03-13,2000105,10000107,1010,27290.0,2.7121,74014.3
4500408,10,2022-02-24,2022-03-14,2000116,40000104,1020,38730.0,1.9012,73635.03
4500589,10,2022-02-24,2022-03-15,2000117,40000105,1020,22450.0,2.2556,50639.34
4500781,10,2022-02-24,2022-03-11,2000118,40000107,1020,12690.0,2.18,27663.69
4501462,10,2022-02-24,2022-03-09,2000119,40000111,1020,51080.0,2.0682,105644.68
4502993,10,2022-02-24,2022-03-04,2000107,10000201,1020,58530.0,2.4574,143829.87
4504158,10,2022-02-24,2022-03-16,2000113,10000209,1020,62350.0,1.8473,115176.66
4501916,10,2022-02-25,2022-03-07,2000102,10000102,1010,39520.0,2.0757,82032.85
4500907,10,2022-02-26,2022-03-10,2000115,40000108,1020,36210.0,1.0381,37589.96
4501241,10,2022-02-26,2022-03-10,2000115,40000110,1020,36480.0,1.2069,44028.08
4501690,10,2022-02-26,2022-03-15,2000101,10000101,1010,248860.0,1.1152,277533.65
4502933,10,2022-02-26,2022-03-13,2000106,10000108,1010,670.0,8.8982,5961.77
4500004,10,2022-02-27,2022-03-08,2000116,40000101,1020,30280.0,1.1369,34426.54
4500005,10,2022-02-27,2022-03-07,2000116,40000101,1020,30280.0,1.1344,34349.33
4501692,10,2022-02-27,2022-03-11,2000101,10000101,1010,248860.0,1.1067,275400.92
4502254,10,2022-02-27,2022-03-17,2000104,10000104,1010,27970.0,1.3946,39006.4
4503559,10,2022-02-27,2022-03-06,2000110,10000205,1020,37830.0,0.8272,31292.98
4500910,10,2022-03-01,2022-03-07,2000115,40000108,1020,37600.0,1.0468,39360.43
4501918,10,2022-03-02,2022-03-19,2000102,10000102,1010,37120.0,2.067,76727.04
4504385,10,2022-03-02,2022-03-15,2000113,10000210,1020,76790.0,1.7298,132833.65
4500008,10,2022-03-03,2022-03-22,2000116,40000101,1020,40800.0,1.1608,47362.27
4504160,10,2022-03-03,2022-03-10,2000114,10000209,1020,60530.0,2.0199,122262.13
4504162,10,2022-03-03,2022-03-18,2000114,10000209,1020,60530.0,2.0588,124616.74
4500193,10,2022-03-04,2022-03-20,2000116,40000102,1020,37060.0,1.3242,49076.7
4503563,10,2022-03-04,2022-03-11,2000110,10000205,1020,33770.0,0.8478,28629.19
4502058,10,2022-03-06,2022-03-20,2000103,10000103,1010,49110.0,0.9761,47937.74
4502059,10,2022-03-06,2022-03-11,2000103,10000103,1010,49110.0,0.959,47097.47
4502655,10,2022-03-06,2022-03-25,2000105,10000106,1010,27370.0,2.1464,58745.6
4502934,10,2022-03-06,2022-03-22,2000106,10000108,1010,820.0,9.5666,7844.64
4504096,10,2022-03-06,2022-03-17,2000108,10000208,1020,180.0,0.576,103.67
4500411,10,2022-03-07,2022-03-24,2000116,40000104,1020,39740.0,1.9801,78689.57
4500412,10,2022-03-07,2022-03-21,2000116,40000104,1020,39740.0,1.9928,79193.08
4501246,10,2022-03-07,2022-03-25,2000115,40000110,1020,59720.0,1.1984,71567.85
4501469,10,2022-03-07,2022-03-20,2000119,40000111,1020,51370.0,2.162,111063.99
4503339,10,2022-03-07,2022-03-18,2000109,10000204,1020,55560.0,0.9338,51881.37
4503885,10,2022-03-07,2022-03-19,2000112,10000207,1020,31020.0,1.8804,58328.77
4504384,10,2022-03-07,2022-03-18,2000113,10000210,1020,76790.0,1.7877,137277.48
4501245,10,2022-03-08,2022-03-24,2000115,40000110,1020,59720.0,1.1954,71389.29
4501468,10,2022-03-10,2022-03-18,2000119,40000111,1020,51370.0,2.0763,106661.07
4502057,10,2022-03-10,2022-03-21,2000103,10000103,1010,49110.0,0.9783,48046.28
4502256,10,2022-03-10,2022-03-24,2000104,10000104,1010,31640.0,1.4159,44799.71
4503338,10,2022-03-10,2022-03-25,2000109,10000204,1020,55560.0,0.917,50949.63
4500782,10,2022-03-11,2022-03-16,2000118,40000107,1020,38620.0,2.1808,84222.88
4501694,10,2022-03-11,2022-03-16,2000101,10000101,1010,256190.0,1.1634,298059.13
4502997,10,2022-03-11,2022-03-28,2000107,10000201,1020,81010.0,2.4806,200952.6
4501111,10,2022-03-12,2022-03-19,2000115,40000109,1020,28570.0,1.5412,44033.51
4501919,10,2022-03-12,2022-03-30,2000102,10000102,1010,37120.0,2.0576,76377.0
4501109,10,2022-03-13,2022-03-22,2000115,40000109,1020,28570.0,1.4984,42809.29
4501248,10,2022-03-15,2022-03-30,2000115,40000110,1020,59720.0,1.1536,68894.78
4501467,10,2022-03-15,2022-03-20,2000119,40000111,1020,51370.0,2.0856,107135.73
4501696,10,2022-03-15,2022-03-25,2000101,10000101,1010,256190.0,1.1388,291759.42
4504161,10,2022-03-15,2022-04-02,2000113,10000209,1020,60530.0,1.909,115549.95
4504387,10,2022-03-15,2022-04-02,2000113,10000210,1020,76790.0,1.7681,135773.93
4501695,10,2022-03-16,2022-04-04,2000101,10000101,1010,256190.0,1.1387,291713.31
4502470,10,2022-03-16,2022-03-23,2000103,10000105,1010,24420.0,1.1364,27750.89
4503341,10,2022-03-16,2022-03-21,2000109,10000204,1020,55560.0,0.9559,53111.47
4500192,10,2022-03-17,2022-04-05,2000116,40000102,1020,37060.0,1.2737,47202.95
4503340,10,2022-03-17,2022-03-30,2000109,10000204,1020,55560.0,0.9589,53275.93
4500191,10,2022-03-18,2022-04-06,2000116,40000102,1020,37060.0,1.3043,48338.84
4503000,10,2022-03-18,2022-03-27,2000107,10000201,1020,81010.0,2.4861,201396.53
4503562,10,2022-03-19,2022-03-25,2000110,10000205,1020,33770.0,0.8595,29025.65
4504159,10,2022-03-19,2022-04-03,2000113,10000209,1020,60530.0,1.8609,112639.67
4500911,10,2022-03-20,2022-03-25,2000115,40000108,1020,37600.0,1.017,38238.45
4502056,10,2022-03-20,2022-04-07,2000103,10000103,1010,49110.0,0.9913,48682.74
4502999,10,2022-03-20,2022-03-30,2000107,10000201,1020,81010.0,2.4693,200035.56
4500010,10,2022-03-21,2022-04-06,2000116,40000101,1020,40800.0,1.1724,47833.51
4502998,10,2022-03-21,2022-04-08,2000107,10000201,1020,81010.0,2.4066,194957.86
4503744,10,2022-03-21,2022-03-28,2000111,10000206,1020,27900.0,0.4638,12940.86
4500687,10,2022-03-22,2022-04-06,2000117,40000106,1020,3570.0,2.6977,9630.68
4501697,10,2022-03-22,2022-04-02,2000101,10000101,1010,256190.0,1.1239,287942.19
4502257,10,2022-03-22,2022-03-28,2000104,10000104,1010,31640.0,1.3895,43963.78
4503275,10,2022-03-22,2022-04-11,2000108,10000203,1020,5370.0,0.1288,691.44
4504606,10,2022-03-22,2022-04-04,2000115,10000109,1010,1800.0,1.9047,3428.39
4500007,10,2022-03-23,2022-03-29,2000116,40000101,1020,40800.0,1.1293,46074.62
4500590,10,2022-03-23,2022-03-30,2000117,40000105,1020,16420.0,2.2907,37613.13
4501110,10,2022-03-23,2022-03-31,2000115,40000109,1020,28570.0,1.5127,43218.41
4502656,10,2022-03-23,2022-04-04,2000105,10000106,1010,27370.0,2.2619,61909.02
4503218,10,2022-03-24,2022-04-10,2000106,10000202,1020,130.0,12.5808,1635.5
4503564,10,2022-03-24,2022-04-11,2000110,10000205,1020,33770.0,0.8174,27602.58
4500190,10,2022-03-25,2022-04-07,2000116,40000102,1020,37060.0,1.3725,50863.74
4501466,10,2022-03-25,2022-04-05,2000119,40000111,1020,51370.0,2.0478,105195.49
4503884,10,2022-03-25,2022-04-06,2000112,10000207,1020,31020.0,1.8601,57701.23
4500009,10,2022-03-26,2022-04-05,2000116,40000101,1020,40800.0,1.1145,45473.23
4501247,10,2022-03-26,2022-04-05,2000115,40000110,1020,59720.0,1.1962,71438.86
4502469,10,2022-03-26,2022-04-12,2000103,10000105,1010,24420.0,1.1701,28573.6
4502258,10,2022-03-27,2022-04-14,2000104,10000104,1010,31640.0,1.4416,45611.91
4502803,10,2022-03-27,2022-04-12,2000105,10000107,1010,27900.0,2.6515,73977.97
4504386,10,2022-03-27,2022-04-10,2000113,10000210,1020,76790.0,1.774,136224.69
4500011,10,2022-04-01,2022-04-09,2000116,40000101,1020,30970.0,1.1611,35958.96
4503745,10,2022-04-01,2022-04-20,2000111,10000206,1020,27560.0,0.4842,13344.83
4500783,10,2022-04-02,2022-04-09,2000118,40000107,1020,31440.0,2.3262,73137.3
4503344,10,2022-04-02,2022-04-16,2000109,10000204,1020,63880.0,0.9577,61177.24
4500414,10,2022-04-03,2022-04-20,2000116,40000104,1020,30350.0,1.9754,59952.48
4500915,10,2022-04-03,2022-04-13,2000115,40000108,1020,50130.0,0.9952,49888.87
4501473,10,2022-04-03,2022-04-22,2000119,40000111,1020,65470.0,2.1105,138174.44
4501699,10,2022-04-03,2022-04-13,2000101,10000101,1010,279710.0,1.1743,328469.05
4502062,10,2022-04-03,2022-04-18,2000103,10000103,1010,42120.0,0.992,41780.93
4502063,10,2022-04-03,2022-04-16,2000103,10000103,1010,42120.0,1.0159,42788.87
4501922,10,2022-04-04,2022-04-17,2000102,10000102,1010,27280.0,2.1493,58632.9
4500413,10,2022-04-05,2022-04-13,2000116,40000104,1020,30350.0,1.9898,60389.22
4500415,10,2022-04-05,2022-04-15,2000116,40000104,1020,30350.0,2.0013,60738.54
4502471,10,2022-04-05,2022-04-20,2000103,10000105,1010,16030.0,1.1254,18039.84
4503002,10,2022-04-05,2022-04-24,2000107,10000201,1020,48180.0,2.5051,120697.65
4504165,10,2022-04-05,2022-04-17,2000114,10000209,1020,56340.0,2.006,113017.48
4502060,10,2022-04-06,2022-04-20,2000103,10000103,1010,42120.0,1.0099,42536.99
4503887,10,2022-04-06,2022-04-14,2000112,10000207,1020,48870.0,1.9381,94716.9
4504390,10,2022-04-06,2022-04-25,2000113,10000210,1020,44510.0,1.8205,81032.24
4501113,10,2022-04-08,2022-04-18,2000115,40000109,1020,33160.0,1.5662,51936.85
4501920,10,2022-04-08,2022-04-14,2000101,10000102,1010,27280.0,2.1201,57836.87
4502259,10,2022-04-08,2022-04-19,2000104,10000104,1010,32240.0,1.4498,46740.26
4502806,10,2022-04-08,2022-04-21,2000105,10000107,1010,31540.0,2.8493,89867.87
4503889,10,2022-04-08,2022-04-25,2000112,10000207,1020,48870.0,1.9074,93216.59
4503343,10,2022-04-09,2022-04-26,2000109,10000204,1020,63880.0,0.963,61513.88
4504607,10,2022-04-09,2022-04-28,2000115,10000109,1010,2600.0,2.1291,5535.71
4501701,10,2022-04-10,2022-04-29,2000101,10000101,1010,279710.0,1.1318,316561.79
4501249,10,2022-04-11,2022-05-01,2000115,40000110,1020,47130.0,1.1989,56502.27
4500012,10,2022-04-12,2022-04-30,2000116,40000101,1020,30970.0,1.1592,35899.19
4502658,10,2022-04-12,2022-04-30,2000105,10000106,1010,29240.0,2.1438,62683.25
4503345,10,2022-04-12,2022-04-30,2000109,10000204,1020,63880.0,0.9135,58356.3
4500195,10,2022-04-13,2022-05-02,2000116,40000102,1020,26750.0,1.3138,35144.95
4500913,10,2022-04-13,2022-04-18,2000115,40000108,1020,50130.0,1.0593,53104.21
4502061,10,2022-04-13,2022-04-27,2000103,10000103,1010,42120.0,1.018,42876.05
4502657,10,2022-04-13,2022-04-19,2000105,10000106,1010,29240.0,2.1638,63269.22
4502805,10,2022-04-13,2022-04-18,2000105,10000107,1010,31540.0,2.7734,87473.67
4503219,10,2022-04-13,2022-04-22,2000106,10000202,1020,90.0,12.5464,1129.18
4503276,10,2022-04-13,2022-05-03,2000108,10000203,1020,4070.0,0.127,516.97
4501471,10,2022-04-14,2022-04-20,2000119,40000111,1020,65470.0,2.1311,139523.12
4501472,10,2022-04-14,2022-04-25,2000119,40000111,1020,65470.0,2.1707,142112.46
4500914,10,2022-04-15,2022-04-21,2000115,40000108,1020,50130.0,1.0508,52678.11
4503003,10,2022-04-15,2022-04-24,2000107,10000201,1020,48180.0,2.5511,122912.0
4503886,10,2022-04-15,2022-04-20,2000112,10000207,1020,48870.0,1.8845,92095.03
4501470,10,2022-04-16,2022-04-23,2000119,40000111,1020,65470.0,2.1046,137790.78
4503004,10,2022-04-16,2022-04-27,2000107,10000201,1020,48180.0,2.4492,118003.9
4504389,10,2022-04-16,2022-04-22,2000113,10000210,1020,44510.0,1.8066,80413.99
4503747,10,2022-04-18,2022-04-29,2000111,10000206,1020,27560.0,0.464,12788.94
4501250,10,2022-04-19,2022-04-29,2000115,40000110,1020,47130.0,1.226,57783.27
4502807,10,2022-04-19,2022-04-25,2000105,10000107,1010,31540.0,2.7545,86877.56
4504166,10,2022-04-19,2022-05-04,2000113,10000209,1020,56340.0,1.9916,112205.62
4501251,10,2022-04-20,2022-04-25,2000115,40000110,1020,47130.0,1.1678,55040.3
4502659,10,2022-04-21,2022-05-08,2000105,10000106,1010,29240.0,2.2228,64993.79
4501698,10,2022-04-22,2022-05-06,2000101,10000101,1010,279710.0,1.1699,327224.34
4503001,10,2022-04-22,2022-05-08,2000107,10000201,1020,48180.0,2.5766,124142.52
4504388,10,2022-04-22,2022-04-30,2000113,10000210,1020,44510.0,1.8265,81297.96
4503565,10,2022-04-24,2022-05-02,2000110,10000205,1020,33300.0,0.8174,27220.75
4503888,10,2022-04-24,2022-05-08,2000112,10000207,1020,48870.0,1.8876,92247.01
4500688,10,2022-04-25,2022-05-15,2000117,40000106,1020,34740.0,2.7893,96898.89
4500912,10,2022-04-25,2022-05-05,2000115,40000108,1020,50130.0,1.0723,53754.4
4504097,10,2022-04-25,2022-04-30,2000108,10000208,1020,580.0,0.5815,337.29
4504164,10,2022-04-25,2022-05-09,2000114,10000209,1020,56340.0,2.0752,116916.2
4500785,10,2022-04-26,2022-05-02,2000118,40000107,1020,31440.0,2.2544,70879.59
4501114,10,2022-04-26,2022-05-14,2000115,40000109,1020,33160.0,1.5566,51617.85
4502804,10,2022-04-26,2022-05-11,2000105,10000107,1010,31540.0,2.6542,83713.15
4502935,10,2022-04-26,2022-05-15,2000106,10000108,1010,980.0,9.4525,9263.47
4503342,10,2022-04-26,2022-05-14,2000109,10000204,1020,63880.0,0.9696,61938.69
4503566,10,2022-04-26,2022-05-08,2000110,10000205,1020,33300.0,0.8511,28340.63
4503746,10,2022-04-26,2022-05-01,2000111,10000206,1020,27560.0,0.479,13200.14
4504163,10,2022-04-26,2022-05-10,2000114,10000209,1020,56340.0,2.03,114369.64
4500194,10,2022-04-27,2022-05-16,2000116,40000102,1020,26750.0,1.3068,34956.36
4500591,10,2022-04-27,2022-05-07,2000117,40000105,1020,32920.0,2.2927,75475.68
4500784,10,2022-04-27,2022-05-07,2000118,40000107,1020,31440.0,2.2931,72096.32
4501112,10,2022-04-27,2022-05-06,2000115,40000109,1020,33160.0,1.5163,50280.84
4501252,10,2022-04-27,2022-05-06,2000115,40000110,1020,47130.0,1.2791,60284.93
4501700,10,2022-04-27,2022-05-12,2000101,10000101,1010,279710.0,1.1718,327778.16
4501921,10,2022-04-27,2022-05-02,2000101,10000102,1010,27280.0,2.037,55570.45
4503567,10,2022-04-27,2022-05-05,2000110,10000205,1020,33300.0,0.8554,28483.49
4504391,10,2022-04-27,2022-05-08,2000113,10000210,1020,44510.0,1.7446,77651.7
4502260,10,2022-05-01,2022-05-20,2000104,10000104,1010,25250.0,1.4931,37700.78
4502808,10,2022-05-01,2022-05-18,2000105,10000107,1010,26410.0,2.8075,74145.02
4500787,10,2022-05-02,2022-05-19,2000118,40000107,1020,35140.0,2.1997,77298.86
4500918,10,2022-05-02,2022-05-15,2000115,40000108,1020,59150.0,1.0567,62501.44
4501703,10,2022-05-02,2022-05-21,2000101,10000101,1010,243370.0,1.1625,282924.93
4501253,10,2022-05-03,2022-05-10,2000115,40000110,1020,38820.0,1.1994,46561.48
4500919,10,2022-05-04,2022-05-15,2000115,40000108,1020,59150.0,1.0924,64616.05
4501924,10,2022-05-05,2022-05-15,2000102,10000102,1010,36900.0,2.1253,78424.68
4502064,10,2022-05-05,2022-05-20,2000103,10000103,1010,74890.0,1.0177,76214.8
4504168,10,2022-05-05,2022-05-25,2000113,10000209,1020,63290.0,2.0876,132126.1
4500199,10,2022-05-06,2022-05-16,2000116,40000102,1020,39150.0,1.3644,53415.48
4501254,10,2022-05-06,2022-05-24,2000115,40000110,1020,38820.0,1.2588,48867.39
4501255,10,2022-05-06,2022-05-20,2000115,40000110,1020,38820.0,1.2489,48481.13
4501705,10,2022-05-06,2022-05-12,2000101,10000101,1010,243370.0,1.2332,300119.02
4502472,10,2022-05-06,2022-05-12,2000103,10000105,1010,25500.0,1.1673,29767.42
4504167,10,2022-05-06,2022-05-20,2000114,10000209,1020,63290.0,2.0682,130895.11
4504394,10,2022-05-06,2022-05-23,2000113,10000210,1020,51350.0,1.9213,98657.21
4502936,10,2022-05-07,2022-05-26,2000106,10000108,1010,1130.0,9.8047,11079.36
4503571,10,2022-05-07,2022-05-25,2000110,10000205,1020,44900.0,0.8521,38260.64
4501116,10,2022-05-08,2022-05-19,2000115,40000109,1020,39040.0,1.5864,61932.67
4503008,10,2022-05-08,2022-05-20,2000107,10000201,1020,68290.0,2.6437,180541.0
4503347,10,2022-05-08,2022-05-18,2000109,10000204,1020,88730.0,0.9547,84714.08
4503570,10,2022-05-08,2022-05-26,2000110,10000205,1020,44900.0,0.8647,38824.58
4504393,10,2022-05-08,2022-05-26,2000113,10000210,1020,51350.0,1.8537,95187.5
4500198,10,2022-05-09,2022-05-22,2000116,40000102,1020,39150.0,1.3829,54139.36
4500689,10,2022-05-09,2022-05-19,2000117,40000106,1020,22920.0,2.8528,65385.03
4500917,10,2022-05-09,2022-05-16,2000115,40000108,1020,59150.0,1.1064,65445.33
4502067,10,2022-05-09,2022-05-23,2000103,10000103,1010,74890.0,1.0073,75434.45
4501117,10,2022-05-10,2022-05-21,2000115,40000109,1020,39040.0,1.552,60588.13
4500788,10,2022-05-11,2022-05-18,2000118,40000107,1020,35140.0,2.3449,82400.84
4501702,10,2022-05-11,2022-05-24,2000101,10000101,1010,243370.0,1.1758,286164.18
4503891,10,2022-05-11,2022-05-19,2000112,10000207,1020,37980.0,1.9243,73086.43
4500916,10,2022-05-12,2022-05-31,2000115,40000108,1020,59150.0,1.0888,64401.34
4501474,10,2022-05-12,2022-05-31,2000119,40000111,1020,52850.0,2.2156,117092.87
4501477,10,2022-05-12,2022-05-25,2000119,40000111,1020,52850.0,2.1402,113110.1
4501118,10,2022-05-13,2022-05-29,2000115,40000109,1020,39040.0,1.6057,62687.7
4502661,10,2022-05-13,2022-05-18,2000105,10000106,1010,35770.0,2.3133,82747.46
4503348,10,2022-05-13,2022-05-21,2000109,10000204,1020,88730.0,0.9679,85883.54
4500418,10,2022-05-14,2022-06-01,2000116,40000104,1020,34010.0,2.0466,69605.55
4503569,10,2022-05-14,2022-06-03,2000110,10000205,1020,44900.0,0.8809,39551.51
4504608,10,2022-05-14,2022-05-23,2000115,10000109,1010,3000.0,2.0296,6088.68
4500786,10,2022-05-15,2022-05-24,2000118,40000107,1020,35140.0,2.2233,78126.06
4503890,10,2022-05-15,2022-05-20,2000112,10000207,1020,37980.0,1.9225,73017.31
4504169,10,2022-05-15,2022-05-27,2000113,10000209,1020,63290.0,1.9657,124411.05
4501704,10,2022-05-16,2022-05-24,2000101,10000101,1010,243370.0,1.2105,294604.25
4502065,10,2022-05-16,2022-05-31,2000103,10000103,1010,74890.0,1.0421,78045.86
4502066,10,2022-05-16,2022-05-28,2000103,10000103,1010,74890.0,1.0257,76814.67
4503220,10,2022-05-16,2022-05-21,2000106,10000202,1020,110.0,13.3314,1466.46
4503892,10,2022-05-16,2022-05-25,2000112,10000207,1020,37980.0,1.9566,74311.29
4500416,10,2022-05-17,2022-05-24,2000116,40000104,1020,34010.0,2.103,71521.33
4502809,10,2022-05-17,2022-05-29,2000105,10000107,1010,26410.0,2.8227,74548.3
4503005,10,2022-05-17,2022-05-27,2000107,10000201,1020,68290.0,2.6422,180435.84
4504098,10,2022-05-17,2022-05-28,2000108,10000208,1020,300.0,0.5975,179.24
4501923,10,2022-05-18,2022-06-04,2000102,10000102,1010,36900.0,2.1621,79782.23
4504170,10,2022-05-18,2022-05-29,2000113,10000209,1020,63290.0,1.9393,122738.3
4503006,10,2022-05-19,2022-06-03,2000107,10000201,1020,68290.0,2.6293,179557.63
4503277,10,2022-05-19,2022-06-07,2000108,10000203,1020,5790.0,0.1312,759.42
4504395,10,2022-05-19,2022-05-28,2000113,10000210,1020,51350.0,1.8114,93016.42
4501475,10,2022-05-20,2022-05-25,2000119,40000111,1020,52850.0,2.2119,116898.39
4500013,10,2022-05-21,2022-06-06,2000116,40000101,1020,33860.0,1.1962,40502.65
4500014,10,2022-05-21,2022-06-09,2000116,40000101,1020,33860.0,1.1995,40613.38
4500358,10,2022-05-21,2022-05-31,2000116,40000103,1020,6260.0,1.7699,11079.51
4502261,10,2022-05-21,2022-05-30,2000104,10000104,1010,25250.0,1.4407,36377.93
4503748,10,2022-05-21,2022-05-26,2000111,10000206,1020,25080.0,0.4848,12158.53
4500196,10,2022-05-22,2022-06-11,2000116,40000102,1020,39150.0,1.3762,53877.84
4501115,10,2022-05-22,2022-06-01,2000115,40000109,1020,39040.0,1.5744,61463.8
4501256,10,2022-05-22,2022-05-29,2000115,40000110,1020,38820.0,1.2854,49900.78
4503007,10,2022-05-22,2022-05-31,2000107,10000201,1020,68290.0,2.5506,174178.43
4504392,10,2022-05-22,2022-06-04,2000114,10000210,1020,51350.0,1.9724,101283.77
4500592,10,2022-05-23,2022-06-07,2000117,40000105,1020,36950.0,2.3526,86929.68
4501476,10,2022-05-23,2022-05-30,2000119,40000111,1020,52850.0,2.1768,115042.29
4500419,10,2022-05-24,2022-06-03,2000116,40000104,1020,34010.0,2.0867,70970.03
4500015,10,2022-05-25,2022-06-07,2000116,40000101,1020,33860.0,1.2321,41719.24
4500197,10,2022-05-25,2022-05-31,2000116,40000102,1020,39150.0,1.358,53166.48
4500789,10,2022-05-25,2022-06-03,2000118,40000107,1020,35140.0,2.2986,80773.51
4502660,10,2022-05-25,2022-06-02,2000105,10000106,1010,35770.0,2.2333,79886.93
4503346,10,2022-05-25,2022-06-08,2000109,10000204,1020,88730.0,0.9543,84673.26
4503349,10,2022-05-25,2022-06-03,2000109,10000204,1020,88730.0,0.9812,87059.21
4503749,10,2022-05-25,2022-06-05,2000111,10000206,1020,25080.0,0.4821,12092.07
4500417,10,2022-05-26,2022-06-09,2000116,40000104,1020,34010.0,1.9943,67826.14
4503568,10,2022-05-27,2022-06-07,2000110,10000205,1020,44900.0,0.8794,39485.51
4502937,10,2022-06-01,2022-06-14,2000106,10000108,1010,840.0,9.7117,8157.84
4504398,10,2022-06-01,2022-06-17,2000113,10000210,1020,79660.0,1.8833,150024.47
4500018,10,2022-06-02,2022-06-17,2000116,40000101,1020,33060.0,1.1467,37909.57
4500593,10,2022-06-02,2022-06-15,2000117,40000105,1020,18930.0,2.4628,46620.43
4503278,10,2022-06-02,2022-06-08,2000108,10000203,1020,5410.0,0.1308,707.63
4504172,10,2022-06-02,2022-06-14,2000114,10000209,1020,31970.0,2.1228,67867.19
4503221,10,2022-06-03,2022-06-22,2000106,10000202,1020,100.0,13.07,1307.0
4503896,10,2022-06-03,2022-06-14,2000112,10000207,1020,54130.0,2.0022,108381.25
4501119,10,2022-06-04,2022-06-17,2000115,40000109,1020,28380.0,1.5933,45218.71
4501706,10,2022-06-04,2022-06-23,2000101,10000101,1010,250930.0,1.1997,301040.72
4504396,10,2022-06-04,2022-06-22,2000113,10000210,1020,79660.0,1.822,145136.54
4500923,10,2022-06-05,2022-06-16,2000115,40000108,1020,35390.0,1.0718,37929.59
4502071,10,2022-06-05,2022-06-20,2000103,10000103,1010,46410.0,1.049,48686.41
4502263,10,2022-06-05,2022-06-10,2000104,10000104,1010,34790.0,1.4299,49746.92
4503011,10,2022-06-05,2022-06-18,2000107,10000201,1020,68520.0,2.6474,181399.16
4503895,10,2022-06-05,2022-06-14,2000112,10000207,1020,54130.0,1.979,107121.65
4502663,10,2022-06-06,2022-06-26,2000105,10000106,1010,28520.0,2.3625,67379.07
4503353,10,2022-06-06,2022-06-12,2000109,10000204,1020,93630.0,0.9836,92098.21
4503575,10,2022-06-06,2022-06-23,2000110,10000205,1020,43770.0,0.8647,37847.04
4501479,10,2022-06-07,2022-06-27,2000119,40000111,1020,50040.0,2.2082,110495.83
4501925,10,2022-06-07,2022-06-18,2000102,10000102,1010,37900.0,2.2134,83887.86
4500201,10,2022-06-09,2022-06-18,2000116,40000102,1020,34590.0,1.3777,47653.61
4501480,10,2022-06-09,2022-06-19,2000119,40000111,1020,50040.0,2.2692,113548.27
4500690,10,2022-06-10,2022-06-24,2000117,40000106,1020,37160.0,2.933,108988.42
4502811,10,2022-06-10,2022-06-29,2000105,10000107,1010,23270.0,2.895,67366.65
4503350,10,2022-06-10,2022-06-20,2000109,10000204,1020,93630.0,1.0144,94978.27
4504173,10,2022-06-10,2022-06-24,2000113,10000209,1020,31970.0,2.0185,64530.49
4504609,10,2022-06-10,2022-06-18,2000115,10000109,1010,2500.0,2.1476,5369.1
4500017,10,2022-06-11,2022-06-18,2000116,40000101,1020,33060.0,1.2033,39781.43
4500790,10,2022-06-11,2022-06-22,2000118,40000107,1020,32960.0,2.228,73434.22
4501257,10,2022-06-11,2022-06-16,2000115,40000110,1020,32030.0,1.2754,40851.06
4503010,10,2022-06-11,2022-06-30,2000107,10000201,1020,68520.0,2.7513,188521.13
4503351,10,2022-06-11,2022-06-17,2000109,10000204,1020,93630.0,0.9946,93129.08
4503573,10,2022-06-11,2022-06-23,2000110,10000205,1020,43770.0,0.8608,37675.9
4504099,10,2022-06-11,2022-06-29,2000108,10000208,1020,640.0,0.6105,390.72
4504397,10,2022-06-11,2022-06-16,2000113,10000210,1020,79660.0,1.8984,151225.75
4500922,10,2022-06-12,2022-07-01,2000115,40000108,1020,35390.0,1.0701,37869.78
4501120,10,2022-06-12,2022-06-18,2000115,40000109,1020,28380.0,1.6147,45824.62
4503352,10,2022-06-12,2022-06-25,2000109,10000204,1020,93630.0,0.9994,93574.76
4503750,10,2022-06-13,2022-07-02,2000111,10000206,1020,38300.0,0.4939,18914.84
4502069,10,2022-06-14,2022-06-23,2000103,10000103,1010,46410.0,1.009,46825.37
4500016,10,2022-06-15,2022-06-30,2000116,40000101,1020,33060.0,1.2098,39995.0
4501478,10,2022-06-15,2022-06-21,2000119,40000111,1020,50040.0,2.2554,112862.72
4501481,10,2022-06-15,2022-06-21,2000119,40000111,1020,50040.0,2.2457,112376.83
4502662,10,2022-06-15,2022-07-03,2000105,10000106,1010,28520.0,2.3146,66013.53
4501708,10,2022-06-16,2022-06-22,2000101,10000101,1010,250930.0,1.2112,303918.89
4502262,10,2022-06-16,2022-06-26,2000104,10000104,1010,34790.0,1.4972,52088.63
4503893,10,2022-06-16,2022-06-28,2000112,10000207,1020,54130.0,1.9698,106625.27
4500421,10,2022-06-17,2022-06-30,2000116,40000104,1020,33550.0,2.167,72703.52
4500921,10,2022-06-17,2022-07-07,2000115,40000108,1020,35390.0,1.1112,39325.37
4504174,10,2022-06-18,2022-06-29,2000113,10000209,1020,31970.0,2.009,64227.09
4500920,10,2022-06-19,2022-07-09,2000115,40000108,1020,35390.0,1.0996,38913.43
4501709,10,2022-06-19,2022-07-08,2000101,10000101,1010,250930.0,1.227,307903.66
4501926,10,2022-06-19,2022-06-27,2000101,10000102,1010,37900.0,2.206,83608.54
4502068,10,2022-06-19,2022-07-05,2000103,10000103,1010,46410.0,1.0749,49884.25
4502810,10,2022-06-19,2022-06-26,2000105,10000107,1010,23270.0,2.8867,67173.04
4503009,10,2022-06-20,2022-06-27,2000107,10000201,1020,68520.0,2.5924,177634.67
4503012,10,2022-06-22,2022-07-02,2000107,10000201,1020,68520.0,2.7362,187486.48
4503572,10,2022-06-22,2022-07-08,2000110,10000205,1020,43770.0,0.8771,38392.42
4503574,10,2022-06-22,2022-07-11,2000110,10000205,1020,43770.0,0.8531,37341.5
4500359,10,2022-06-23,2022-07-12,2000116,40000103,1020,36610.0,1.8133,66386.01
4500791,10,2022-06-23,2022-06-28,2000118,40000107,1020,32960.0,2.3497,77446.77
4504171,10,2022-06-23,2022-07-07,2000114,10000209,1020,31970.0,2.1136,67573.07
4501258,10,2022-06-24,2022-07-05,2000115,40000110,1020,32030.0,1.246,39909.38
4503894,10,2022-06-24,2022-06-30,2000112,10000207,1020,54130.0,1.9716,106720.0
4504399,10,2022-06-24,2022-07-07,2000113,10000210,1020,79660.0,1.8499,147360.64
4502473,10,2022-06-25,2022-07-10,2000103,10000105,1010,34920.0,1.1663,40728.59
4500200,10,2022-06-26,2022-07-11,2000116,40000102,1020,34590.0,1.3734,47506.25
4500420,10,2022-06-26,2022-07-14,2000116,40000104,1020,33550.0,2.1281,71397.76
4501259,10,2022-06-26,2022-07-10,2000115,40000110,1020,32030.0,1.2604,40369.65
4501260,10,2022-06-26,2022-07-09,2000115,40000110,1020,32030.0,1.2828,41089.37
4501707,10,2022-06-26,2022-07-15,2000101,10000101,1010,250930.0,1.2109,303843.61
4503751,10,2022-06-26,2022-07-06,2000111,10000206,1020,38300.0,0.5018,19217.03
4503752,10,2022-06-26,2022-07-05,2000111,10000206,1020,38300.0,0.4964,19011.35
4502070,10,2022-06-27,2022-07-10,2000103,10000103,1010,46410.0,1.0232,47487.18
4500794,10,2022-07-01,2022-07-18,2000118,40000107,1020,35470.0,2.3271,82543.3
4501122,10,2022-07-01,2022-07-06,2000115,40000109,1020,40640.0,1.6019,65101.62
4503014,10,2022-07-01,2022-07-11,2000107,10000201,1020,59640.0,2.6005,155092.63
4504401,10,2022-07-01,2022-07-20,2000114,10000210,1020,52480.0,1.9105,100263.04
4504610,10,2022-07-01,2022-07-13,2000115,10000109,1010,1600.0,2.055,3287.94
4500424,10,2022-07-02,2022-07-13,2000116,40000104,1020,42710.0,2.0881,89184.03
4502264,10,2022-07-02,2022-07-18,2000104,10000104,1010,44410.0,1.479,65684.17
4503013,10,2022-07-02,2022-07-11,2000107,10000201,1020,59640.0,2.6664,159022.31
4504175,10,2022-07-02,2022-07-09,2000113,10000209,1020,59720.0,2.0877,124675.06
4501928,10,2022-07-03,2022-07-17,2000102,10000102,1010,26750.0,2.1665,57954.14
4502475,10,2022-07-03,2022-07-10,2000103,10000105,1010,29740.0,1.2037,35798.04
4502938,10,2022-07-03,2022-07-13,2000106,10000108,1010,1270.0,10.1724,12918.96
4503577,10,2022-07-03,2022-07-17,2000110,10000205,1020,31220.0,0.8887,27744.28
4501712,10,2022-07-04,2022-07-19,2000101,10000101,1010,264240.0,1.2216,322800.87
4502075,10,2022-07-05,2022-07-17,2000103,10000103,1010,60310.0,1.0402,62735.07
4504177,10,2022-07-05,2022-07-15,2000113,10000209,1020,59720.0,2.0145,120303.55
4500020,10,2022-07-06,2022-07-21,2000116,40000101,1020,33350.0,1.1883,39631.14
4500594,10,2022-07-07,2022-07-25,2000117,40000105,1020,20210.0,2.5013,50551.48
4502074,10,2022-07-07,2022-07-22,2000103,10000103,1010,60310.0,1.0668,64341.72
4502476,10,2022-07-07,2022-07-24,2000103,10000105,1010,29740.0,1.1985,35642.2
4503357,10,2022-07-07,2022-07-17,2000109,10000204,1020,57740.0,1.0354,59785.73
4503898,10,2022-07-07,2022-07-12,2000112,10000207,1020,30950.0,2.0138,62327.73
4504176,10,2022-07-07,2022-07-26,2000114,10000209,1020,59720.0,2.1258,126955.76
4500924,10,2022-07-09,2022-07-29,2000115,40000108,1020,28200.0,1.0964,30917.63
4502474,10,2022-07-09,2022-07-18,2000103,10000105,1010,29740.0,1.2203,36293.21
4500423,10,2022-07-10,2022-07-16,2000116,40000104,1020,42710.0,2.1392,91366.51
4501711,10,2022-07-10,2022-07-16,2000101,10000101,1010,264240.0,1.2255,323831.4
4501483,10,2022-07-11,2022-07-30,2000119,40000111,1020,82680.0,2.2119,182882.37
4501710,10,2022-07-11,2022-07-17,2000101,10000101,1010,264240.0,1.1968,316237.15
4501929,10,2022-07-11,2022-07-31,2000102,10000102,1010,26750.0,2.1724,58111.43
4502665,10,2022-07-12,2022-08-01,2000105,10000106,1010,28370.0,2.3701,67239.17
4503222,10,2022-07-12,2022-07-20,2000106,10000202,1020,100.0,12.8378,1283.78
4503754,10,2022-07-12,2022-07-22,2000111,10000206,1020,32700.0,0.5003,16360.46
4504178,10,2022-07-12,2022-07-30,2000113,10000209,1020,59720.0,1.9852,118553.76
4500425,10,2022-07-13,2022-07-28,2000116,40000104,1020,42710.0,2.1429,91524.11
4500692,10,2022-07-13,2022-07-28,2000117,40000106,1020,34210.0,2.8219,96536.17
4501482,10,2022-07-13,2022-07-31,2000119,40000111,1020,82680.0,2.188,180903.01
4502666,10,2022-07-13,2022-08-02,2000105,10000106,1010,28370.0,2.3231,65905.5
4500595,10,2022-07-14,2022-08-01,2000117,40000105,1020,20210.0,2.4733,49984.58
4502812,10,2022-07-14,2022-07-25,2000105,10000107,1010,37660.0,2.8794,108439.71
4500203,10,2022-07-15,2022-08-03,2000116,40000102,1020,31440.0,1.4033,44118.18
4500422,10,2022-07-15,2022-07-26,2000116,40000104,1020,42710.0,2.0706,88436.61
4500792,10,2022-07-15,2022-07-29,2000118,40000107,1020,35470.0,2.3812,84460.1
4502664,10,2022-07-15,2022-07-24,2000105,10000106,1010,28370.0,2.372,67292.22
4501484,10,2022-07-16,2022-08-02,2000119,40000111,1020,82680.0,2.139,176850.04
4502267,10,2022-07-16,2022-07-22,2000104,10000104,1010,44410.0,1.5022,66714.92
4503900,10,2022-07-16,2022-08-01,2000112,10000207,1020,30950.0,2.0441,63263.66
4504400,10,2022-07-16,2022-07-24,2000114,10000210,1020,52480.0,1.9608,102903.83
4501927,10,2022-07-18,2022-07-29,2000101,10000102,1010,26750.0,2.2407,59940.06
4503015,10,2022-07-18,2022-08-07,2000107,10000201,1020,59640.0,2.6344,157115.62
4503354,10,2022-07-18,2022-07-30,2000109,10000204,1020,57740.0,1.0174,58744.1
4500691,10,2022-07-19,2022-08-02,2000117,40000106,1020,34210.0,2.9078,99476.52
4501261,10,2022-07-19,2022-08-03,2000115,40000110,1020,72920.0,1.2839,93619.07
4504403,10,2022-07-19,2022-07-26,2000114,10000210,1020,52480.0,2.0027,105101.17
4500926,10,2022-07-20,2022-08-04,2000115,40000108,1020,28200.0,1.1152,31448.08
4501263,10,2022-07-20,2022-08-05,2000115,40000110,1020,72920.0,1.2884,93950.86
4503899,10,2022-07-20,2022-08-02,2000112,10000207,1020,30950.0,2.0266,62722.03
4500202,10,2022-07-21,2022-08-05,2000116,40000102,1020,31440.0,1.3643,42893.28
4503897,10,2022-07-21,2022-08-07,2000112,10000207,1020,30950.0,1.9561,60542.53
4501121,10,2022-07-22,2022-07-29,2000115,40000109,1020,40640.0,1.5865,64475.77
4501485,10,2022-07-22,2022-08-06,2000119,40000111,1020,82680.0,2.1821,180416.03
4503753,10,2022-07-22,2022-08-09,2000111,10000206,1020,32700.0,0.5068,16572.69
4504402,10,2022-07-22,2022-08-07,2000114,10000210,1020,52480.0,1.9459,102122.41
4500925,10,2022-07-23,2022-07-29,2000115,40000108,1020,28200.0,1.0898,30733.49
4501123,10,2022-07-23,2022-07-28,2000115,40000109,1020,40640.0,1.5975,64921.18
4501124,10,2022-07-23,2022-08-04,2000115,40000109,1020,40640.0,1.6644,67640.0
4501713,10,2022-07-23,2022-08-07,2000101,10000101,1010,264240.0,1.2116,320142.61
4502813,10,2022-07-23,2022-08-08,2000105,10000107,1010,37660.0,2.8335,106708.1
4500019,10,2022-07-24,2022-07-29,2000116,40000101,1020,33350.0,1.2291,40991.49
4501262,10,2022-07-24,2022-08-05,2000115,40000110,1020,72920.0,1.2781,93196.86
4502072,10,2022-07-24,2022-08-06,2000103,10000103,1010,60310.0,1.0446,63001.64
4503355,10,2022-07-24,2022-08-09,2000109,10000204,1020,57740.0,0.9803,56603.1
4503356,10,2022-07-24,2022-08-13,2000109,10000204,1020,57740.0,1.002,57854.33
4500204,10,2022-07-25,2022-08-09,2000116,40000102,1020,31440.0,1.412,44392.97
4500793,10,2022-07-25,2022-07-31,2000118,40000107,1020,35470.0,2.3184,82232.23
4501264,10,2022-07-25,2022-08-08,2000115,40000110,1020,72920.0,1.2819,93478.34
4502266,10,2022-07-25,2022-08-09,2000104,10000104,1010,44410.0,1.5003,66629.66
4503576,10,2022-07-25,2022-08-14,2000110,10000205,1020,31220.0,0.9033,28201.65
4503578,10,2022-07-25,2022-08-03,2000110,10000205,1020,31220.0,0.8654,27019.35
4504100,10,2022-07-25,2022-08-10,2000108,10000208,1020,360.0,0.617,222.11
4502265,10,2022-07-26,2022-08-08,2000104,10000104,1010,44410.0,1.5671,69593.58
4500021,10,2022-07-27,2022-08-03,2000116,40000101,1020,33350.0,1.2167,40575.61
4502073,10,2022-07-27,2022-08-03,2000103,10000103,1010,60310.0,1.0649,64224.12
4503016,10,2022-07-27,2022-08-02,2000107,10000201,1020,59640.0,2.6857,160173.96
4503279,10,2022-07-27,2022-08-09,2000108,10000203,1020,4510.0,0.134,604.25
4501265,10,2022-08-01,2022-08-13,2000115,40000110,1020,38650.0,1.2519,48387.48
4502076,10,2022-08-01,2022-08-13,2000103,10000103,1010,55210.0,1.0412,57486.86
4502079,10,2022-08-01,2022-08-15,2000103,10000103,1010,55210.0,1.0631,58692.65
4502269,10,2022-08-01,2022-08-20,2000104,10000104,1010,32400.0,1.4655,47480.58
4504406,10,2022-08-01,2022-08-21,2000113,10000210,1020,61050.0,1.8183,111006.6
4500023,10,2022-08-02,2022-08-20,2000116,40000101,1020,32890.0,1.1913,39182.84
4500693,10,2022-08-02,2022-08-15,2000117,40000106,1020,16760.0,2.8126,47139.34
4500796,10,2022-08-02,2022-08-19,2000118,40000107,1020,36660.0,2.3256,85254.66
4500797,10,2022-08-02,2022-08-10,2000118,40000107,1020,36660.0,2.3277,85334.22
4504180,10,2022-08-02,2022-08-11,2000114,10000209,1020,67980.0,2.0805,141433.07
4501717,10,2022-08-03,2022-08-15,2000101,10000101,1010,264570.0,1.2143,321259.41
4503018,10,2022-08-03,2022-08-14,2000107,10000201,1020,79440.0,2.727,216636.06
4503280,10,2022-08-03,2022-08-08,2000108,10000203,1020,5460.0,0.1371,748.51
4503358,10,2022-08-03,2022-08-19,2000109,10000204,1020,60380.0,0.9944,60039.46
4503361,10,2022-08-03,2022-08-09,2000109,10000204,1020,60380.0,0.9596,57940.04
4504404,10,2022-08-03,2022-08-17,2000113,10000210,1020,61050.0,1.8658,113904.65
4500205,10,2022-08-04,2022-08-24,2000116,40000102,1020,37000.0,1.3933,51552.47
4500795,10,2022-08-04,2022-08-13,2000118,40000107,1020,36660.0,2.3605,86536.3
4502939,10,2022-08-04,2022-08-17,2000106,10000108,1010,1290.0,10.0994,13028.24
4502077,10,2022-08-05,2022-08-21,2000103,10000103,1010,55210.0,1.0458,57738.07
4503223,10,2022-08-05,2022-08-12,2000106,10000202,1020,130.0,13.0525,1696.83
4503579,10,2022-08-05,2022-08-17,2000110,10000205,1020,36600.0,0.8669,31729.64
4504181,10,2022-08-05,2022-08-11,2000113,10000209,1020,67980.0,2.1225,144286.87
4500426,10,2022-08-06,2022-08-12,2000116,40000104,1020,36900.0,2.1346,78765.63
4501488,10,2022-08-07,2022-08-26,2000119,40000111,1020,65330.0,2.1921,143212.51
4501716,10,2022-08-07,2022-08-12,2000101,10000101,1010,264570.0,1.2217,323222.52
4502667,10,2022-08-07,2022-08-21,2000105,10000106,1010,32320.0,2.3205,74997.91
4503902,10,2022-08-07,2022-08-24,2000112,10000207,1020,38050.0,2.0342,77399.79
4500596,10,2022-08-08,2022-08-28,2000117,40000105,1020,24660.0,2.412,59480.41
4501714,10,2022-08-08,2022-08-18,2000101,10000101,1010,264570.0,1.225,324100.9
4501486,10,2022-08-09,2022-08-15,2000119,40000111,1020,65330.0,2.2222,145173.71
4502268,10,2022-08-09,2022-08-17,2000104,10000104,1010,32400.0,1.4885,48226.1
4503580,10,2022-08-09,2022-08-23,2000110,10000205,1020,36600.0,0.8946,32740.9
4502270,10,2022-08-10,2022-08-25,2000104,10000104,1010,32400.0,1.4628,47394.72
4500207,10,2022-08-11,2022-08-17,2000116,40000102,1020,37000.0,1.345,49766.85
4500928,10,2022-08-11,2022-08-22,2000115,40000108,1020,31990.0,1.131,36180.37
4502670,10,2022-08-11,2022-08-29,2000105,10000106,1010,32320.0,2.3324,75383.17
4503359,10,2022-08-11,2022-08-18,2000109,10000204,1020,60380.0,0.9781,59057.68
4500024,10,2022-08-12,2022-08-22,2000116,40000101,1020,32890.0,1.224,40257.03
4501931,10,2022-08-12,2022-08-18,2000102,10000102,1010,27430.0,2.208,60566.54
4502815,10,2022-08-12,2022-08-31,2000105,10000107,1010,35410.0,2.9349,103924.45
4504405,10,2022-08-12,2022-08-18,2000113,10000210,1020,61050.0,1.8489,112874.12
4500022,10,2022-08-13,2022-08-22,2000116,40000101,1020,32890.0,1.1695,38464.86
4503581,10,2022-08-13,2022-08-25,2000110,10000205,1020,36600.0,0.8866,32451.39
4504179,10,2022-08-13,2022-08-29,2000114,10000209,1020,67980.0,2.0473,139176.13
4500929,10,2022-08-14,2022-08-20,2000115,40000108,1020,31990.0,1.1223,35902.06
4501487,10,2022-08-14,2022-08-20,2000119,40000111,1020,65330.0,2.2034,143948.78
4503756,10,2022-08-14,2022-08-20,2000111,10000206,1020,34060.0,0.484,16486.74
4504611,10,2022-08-14,2022-09-03,2000115,10000109,1010,1600.0,2.0968,3354.9
4500427,10,2022-08-15,2022-08-23,2000116,40000104,1020,36900.0,2.0738,76525.06
4501266,10,2022-08-15,2022-09-02,2000115,40000110,1020,38650.0,1.2582,48630.59
4503019,10,2022-08-15,2022-08-29,2000107,10000201,1020,79440.0,2.609,207255.78
4503755,10,2022-08-15,2022-08-29,2000111,10000206,1020,34060.0,0.4836,16472.44
4503901,10,2022-08-15,2022-09-03,2000112,10000207,1020,38050.0,2.0236,76998.36
4501932,10,2022-08-16,2022-08-25,2000102,10000102,1010,27430.0,2.1828,59873.11
4503020,10,2022-08-16,2022-09-05,2000107,10000201,1020,79440.0,2.6526,210723.34
4503903,10,2022-08-16,2022-08-26,2000112,10000207,1020,38050.0,1.9709,74993.51
4504101,10,2022-08-16,2022-08-30,2000108,10000208,1020,430.0,0.6066,260.84
4501268,10,2022-08-17,2022-08-25,2000115,40000110,1020,38650.0,1.2515,48370.48
4500208,10,2022-08-18,2022-09-03,2000116,40000102,1020,37000.0,1.3919,51499.56
4501489,10,2022-08-18,2022-08-26,2000119,40000111,1020,65330.0,2.263,147843.75
4504407,10,2022-08-18,2022-09-06,2000113,10000210,1020,61050.0,1.89,115386.94
4502478,10,2022-08-19,2022-08-24,2000103,10000105,1010,32520.0,1.1687,38005.47
4503904,10,2022-08-19,2022-08-30,2000112,10000207,1020,38050.0,1.9924,75811.96
4502668,10,2022-08-20,2022-08-26,2000105,10000106,1010,32320.0,2.3754,76771.96
4503017,10,2022-08-20,2022-09-09,2000107,10000201,1020,79440.0,2.6081,207189.85
4501715,10,2022-08-21,2022-09-06,2000101,10000101,1010,264570.0,1.1858,313735.04
4502477,10,2022-08-21,2022-08-30,2000103,10000105,1010,32520.0,1.2034,39133.27
4502669,10,2022-08-21,2022-09-04,2000105,10000106,1010,32320.0,2.3286,75260.35
4500206,10,2022-08-23,2022-08-29,2000116,40000102,1020,37000.0,1.3711,50731.81
4501125,10,2022-08-23,2022-09-08,2000115,40000109,1020,32150.0,1.5099,48542.32
4501930,10,2022-08-23,2022-09-11,2000102,10000102,1010,27430.0,2.1615,59289.4
4502078,10,2022-08-23,2022-08-29,2000103,10000103,1010,55210.0,1.032,56978.93
4502271,10,2022-08-23,2022-09-08,2000104,10000104,1010,32400.0,1.4999,48597.41
4501267,10,2022-08-24,2022-09-03,2000115,40000110,1020,38650.0,1.2574,48599.67
4502814,10,2022-08-24,2022-09-11,2000105,10000107,1010,35410.0,2.8787,101935.12
4503360,10,2022-08-24,2022-09-02,2000109,10000204,1020,60380.0,0.9778,59037.75
4500927,10,2022-08-25,2022-09-06,2000115,40000108,1020,31990.0,1.1418,36527.46
4504182,10,2022-08-25,2022-09-07,2000114,10000209,1020,67980.0,2.145,145817.1
4500025,10,2022-08-26,2022-09-03,2000116,40000101,1020,32890.0,1.2286,40408.33
4500798,10,2022-09-01,2022-09-11,2000118,40000107,1020,31490.0,2.2781,71738.31
4502273,10,2022-09-01,2022-09-13,2000104,10000104,1010,40040.0,1.4754,59073.41
4501269,10,2022-09-02,2022-09-18,2000115,40000110,1020,35680.0,1.2186,43480.0
4503759,10,2022-09-02,2022-09-14,2000111,10000206,1020,30690.0,0.4762,14616.11
4504408,10,2022-09-02,2022-09-14,2000113,10000210,1020,56310.0,1.7913,100865.85
4500430,10,2022-09-03,2022-09-19,2000116,40000104,1020,32630.0,2.0454,66741.08
4502083,10,2022-09-03,2022-09-12,2000103,10000103,1010,60370.0,1.0742,64850.06
4501719,10,2022-09-04,2022-09-13,2000101,10000101,1010,281370.0,1.193,335668.78
4502940,10,2022-09-04,2022-09-09,2000106,10000108,1010,1100.0,9.9835,10981.85
4500027,10,2022-09-05,2022-09-20,2000116,40000101,1020,30280.0,1.182,35791.57
4503908,10,2022-09-05,2022-09-13,2000112,10000207,1020,49920.0,1.9495,97317.54
4500695,10,2022-09-06,2022-09-18,2000117,40000106,1020,28220.0,2.8975,81767.45
4501492,10,2022-09-06,2022-09-15,2000119,40000111,1020,55970.0,2.283,127778.39
4501491,10,2022-09-07,2022-09-20,2000119,40000111,1020,55970.0,2.2033,123319.26
4501934,10,2022-09-07,2022-09-27,2000101,10000102,1010,27100.0,2.0934,56731.95
4503362,10,2022-09-07,2022-09-21,2000109,10000204,1020,85470.0,0.9555,81665.73
4503584,10,2022-09-07,2022-09-12,2000110,10000205,1020,44490.0,0.903,40172.69
4503905,10,2022-09-07,2022-09-22,2000112,10000207,1020,49920.0,1.9672,98200.13
4503906,10,2022-09-07,2022-09-19,2000112,10000207,1020,49920.0,1.9487,97277.11
4504184,10,2022-09-07,2022-09-20,2000113,10000209,1020,56670.0,2.0065,113706.65
4500932,10,2022-09-08,2022-09-13,2000115,40000108,1020,38060.0,1.103,41979.04
4501490,10,2022-09-08,2022-09-28,2000119,40000111,1020,55970.0,2.2131,123867.21
4500799,10,2022-09-09,2022-09-22,2000118,40000107,1020,31490.0,2.214,69720.12
4502272,10,2022-09-09,2022-09-18,2000104,10000104,1010,40040.0,1.4612,58504.85
4502275,10,2022-09-09,2022-09-28,2000104,10000104,1010,40040.0,1.448,57976.72
4502671,10,2022-09-09,2022-09-18,2000105,10000106,1010,27020.0,2.2526,60865.25
4502816,10,2022-09-09,2022-09-29,2000105,10000107,1010,23780.0,2.7363,65068.5
4503365,10,2022-09-09,2022-09-22,2000109,10000204,1020,85470.0,0.9821,83936.67
4503758,10,2022-09-09,2022-09-17,2000111,10000206,1020,30690.0,0.4929,15128.33
4504409,10,2022-09-09,2022-09-15,2000114,10000210,1020,56310.0,1.8989,106929.31
4503021,10,2022-09-10,2022-09-23,2000107,10000201,1020,59220.0,2.5972,153806.78
4503364,10,2022-09-11,2022-09-16,2000109,10000204,1020,85470.0,1.0097,86299.06
4503757,10,2022-09-11,2022-09-26,2000111,10000206,1020,30690.0,0.4766,14626.85
4504411,10,2022-09-11,2022-09-26,2000113,10000210,1020,56310.0,1.8473,104023.72
4500694,10,2022-09-12,2022-09-23,2000117,40000106,1020,28220.0,2.762,77943.36
4500930,10,2022-09-12,2022-10-01,2000115,40000108,1020,38060.0,1.0791,41070.55
4500428,10,2022-09-13,2022-09-27,2000116,40000104,1020,32630.0,2.027,66140.36
4501718,10,2022-09-13,2022-10-02,2000101,10000101,1010,281370.0,1.2203,343344.56
4502080,10,2022-09-13,2022-09-25,2000103,10000103,1010,60370.0,1.0096,60950.16
4502274,10,2022-09-13,2022-09-30,2000104,10000104,1010,40040.0,1.4453,57869.41
4502480,10,2022-09-13,2022-10-01,2000103,10000105,1010,39840.0,1.2324,49098.82
4504185,10,2022-09-14,2022-10-04,2000113,10000209,1020,56670.0,2.0014,113422.17
4501721,10,2022-09-15,2022-10-03,2000101,10000101,1010,281370.0,1.1927,335584.37
4500800,10,2022-09-16,2022-10-05,2000118,40000107,1020,31490.0,2.3265,73261.48
4501270,10,2022-09-16,2022-10-05,2000115,40000110,1020,35680.0,1.2567,44839.06
4501272,10,2022-09-16,2022-10-04,2000115,40000110,1020,35680.0,1.2246,43691.94
4502672,10,2022-09-16,2022-10-06,2000105,10000106,1010,27020.0,2.2981,62094.93
4504102,10,2022-09-16,2022-09-27,2000108,10000208,1020,580.0,0.6047,350.72
4501720,10,2022-09-17,2022-09-27,2000101,10000101,1010,281370.0,1.24,348893.17
4501933,10,2022-09-17,2022-10-06,2000102,10000102,1010,27100.0,2.144,58101.32
4502479,10,2022-09-17,2022-09-30,2000103,10000105,1010,39840.0,1.2127,48315.56
4500028,10,2022-09-18,2022-09-26,2000116,40000101,1020,30280.0,1.1944,36166.73
4502817,10,2022-09-18,2022-09-23,2000105,10000107,1010,23780.0,2.8907,68741.32
4503024,10,2022-09-18,2022-09-23,2000107,10000201,1020,59220.0,2.5891,153324.73
4500429,10,2022-09-19,2022-10-04,2000116,40000104,1020,32630.0,2.0506,66911.73
4503224,10,2022-09-19,2022-10-01,2000106,10000202,1020,110.0,12.9741,1427.15
4500597,10,2022-09-20,2022-09-28,2000117,40000105,1020,19890.0,2.3555,46850.1
4501935,10,2022-09-20,2022-10-02,2000101,10000102,1010,27100.0,2.1681,58755.78
4503582,10,2022-09-20,2022-09-27,2000110,10000205,1020,44490.0,0.8811,39199.25
4503585,10,2022-09-20,2022-09-29,2000110,10000205,1020,44490.0,0.867,38572.83
4503907,10,2022-09-20,2022-10-10,2000112,10000207,1020,49920.0,1.9772,98700.33
4504183,10,2022-09-20,2022-10-10,2000113,10000209,1020,56670.0,2.0249,114749.95
4500026,10,2022-09-21,2022-09-26,2000116,40000101,1020,30280.0,1.2072,36552.5
4502082,10,2022-09-21,2022-10-08,2000103,10000103,1010,60370.0,1.0227,61739.8
4504410,10,2022-09-21,2022-09-28,2000113,10000210,1020,56310.0,1.8513,104245.01
4503023,10,2022-09-22,2022-09-29,2000107,10000201,1020,59220.0,2.6137,154784.5
4504612,10,2022-09-22,2022-10-05,2000115,10000109,1010,3500.0,2.0537,7187.88
4500209,10,2022-09-23,2022-10-03,2000116,40000102,1020,27110.0,1.4114,38262.24
4501493,10,2022-09-23,2022-10-10,2000119,40000111,1020,55970.0,2.1597,120878.41
4502081,10,2022-09-23,2022-10-03,2000103,10000103,1010,60370.0,1.0316,62280.11
4503363,10,2022-09-24,2022-10-09,2000109,10000204,1020,85470.0,1.0024,85675.13
4502673,10,2022-09-25,2022-10-12,2000105,10000106,1010,27020.0,2.2304,60264.87
4503281,10,2022-09-25,2022-10-03,2000108,10000203,1020,5560.0,0.1308,727.53
4500029,10,2022-09-26,2022-10-16,2000116,40000101,1020,30280.0,1.177,35638.65
4500360,10,2022-09-26,2022-10-06,2000116,40000103,1020,18420.0,1.8601,34263.41
4501271,10,2022-09-26,2022-10-10,2000115,40000110,1020,35680.0,1.2733,45431.34
4503022,10,2022-09-26,2022-10-04,2000107,10000201,1020,59220.0,2.6453,156657.03
4504186,10,2022-09-26,2022-10-12,2000114,10000209,1020,56670.0,2.1138,119788.48
4500210,10,2022-09-27,2022-10-03,2000116,40000102,1020,27110.0,1.3772,37336.98
4500931,10,2022-09-27,2022-10-08,2000115,40000108,1020,38060.0,1.0572,40238.94
4503583,10,2022-09-27,2022-10-17,2000110,10000205,1020,44490.0,0.8522,37914.38
4500803,10,2022-10-01,2022-10-09,2000118,40000107,1020,30640.0,2.3254,71249.03
4500804,10,2022-10-01,2022-10-13,2000118,40000107,1020,30640.0,2.3178,71017.7
4500432,10,2022-10-02,2022-10-21,2000116,40000104,1020,35610.0,2.1654,77109.89
4500934,10,2022-10-02,2022-10-11,2000115,40000108,1020,44380.0,1.1121,49353.67
4501936,10,2022-10-02,2022-10-16,2000101,10000102,1010,29940.0,2.1437,64182.38
4503760,10,2022-10-02,2022-10-22,2000111,10000206,1020,28270.0,0.4929,13935.13
4501725,10,2022-10-03,2022-10-13,2000101,10000101,1010,304550.0,1.1903,362508.91
4501938,10,2022-10-03,2022-10-14,2000102,10000102,1010,29940.0,2.1719,65026.39
4502676,10,2022-10-03,2022-10-11,2000105,10000106,1010,38600.0,2.2019,84991.8
4502819,10,2022-10-03,2022-10-11,2000105,10000107,1010,37990.0,2.7574,104753.63
4502941,10,2022-10-03,2022-10-09,2000106,10000108,1010,1350.0,9.6197,12986.64
4503026,10,2022-10-03,2022-10-08,2000107,10000201,1020,42840.0,2.5895,110933.32
4503369,10,2022-10-03,2022-10-11,2000109,10000204,1020,80970.0,1.0309,83475.21
4500801,10,2022-10-04,2022-10-23,2000118,40000107,1020,30640.0,2.307,70685.56
4503367,10,2022-10-04,2022-10-20,2000109,10000204,1020,80970.0,0.9622,77907.71
4500030,10,2022-10-05,2022-10-23,2000116,40000101,1020,30730.0,1.1938,36686.4
4501724,10,2022-10-05,2022-10-16,2000101,10000101,1010,304550.0,1.1877,361726.22
4503761,10,2022-10-05,2022-10-22,2000111,10000206,1020,28270.0,0.5097,14408.37
4503911,10,2022-10-05,2022-10-13,2000112,10000207,1020,44780.0,1.9216,86049.7
4500434,10,2022-10-06,2022-10-20,2000116,40000104,1020,35610.0,2.1281,75782.71
4501937,10,2022-10-06,2022-10-16,2000101,10000102,1010,29940.0,2.1609,64697.65
4502087,10,2022-10-06,2022-10-26,2000103,10000103,1010,64770.0,1.0782,69836.96
4504613,10,2022-10-06,2022-10-23,2000115,10000109,1010,3400.0,2.1207,7210.31
4500361,10,2022-10-07,2022-10-21,2000116,40000103,1020,15130.0,1.9202,29052.02
4500032,10,2022-10-08,2022-10-22,2000116,40000101,1020,30730.0,1.2052,37036.41
4501274,10,2022-10-08,2022-10-21,2000115,40000110,1020,45430.0,1.2583,57164.57
4502279,10,2022-10-08,2022-10-17,2000104,10000104,1010,32110.0,1.4647,47032.48
4503225,10,2022-10-08,2022-10-18,2000106,10000202,1020,70.0,13.0495,913.47
4501495,10,2022-10-09,2022-10-18,2000119,40000111,1020,74180.0,2.2484,166786.31
4502085,10,2022-10-09,2022-10-19,2000103,10000103,1010,64770.0,1.0436,67590.73
4502276,10,2022-10-09,2022-10-27,2000104,10000104,1010,32110.0,1.513,48583.39
4502277,10,2022-10-09,2022-10-24,2000104,10000104,1010,32110.0,1.4497,46550.51
4502481,10,2022-10-09,2022-10-15,2000103,10000105,1010,31940.0,1.2412,39644.89
4500211,10,2022-10-10,2022-10-23,2000116,40000102,1020,25040.0,1.4143,35414.57
4501723,10,2022-10-10,2022-10-23,2000101,10000101,1010,304550.0,1.2082,367945.13
4503282,10,2022-10-10,2022-10-18,2000108,10000203,1020,4640.0,0.1361,631.69
4503366,10,2022-10-10,2022-10-19,2000109,10000204,1020,80970.0,0.9658,78201.64
4500802,10,2022-10-11,2022-10-26,2000118,40000107,1020,30640.0,2.279,69828.25
4503587,10,2022-10-11,2022-10-26,2000110,10000205,1020,33180.0,0.8495,28186.08
4500598,10,2022-10-12,2022-10-22,2000117,40000105,1020,27370.0,2.3907,65432.64
4501126,10,2022-10-12,2022-10-23,2000115,40000109,1020,32680.0,1.6081,52553.03
4503762,10,2022-10-12,2022-10-17,2000111,10000206,1020,28270.0,0.4812,13604.37
4502084,10,2022-10-14,2022-10-24,2000103,10000103,1010,64770.0,1.0557,68377.04
4501276,10,2022-10-15,2022-10-22,2000115,40000110,1020,45430.0,1.2706,57724.27
4504415,10,2022-10-15,2022-10-30,2000113,10000210,1020,55160.0,1.863,102760.87
4500935,10,2022-10-16,2022-10-27,2000115,40000108,1020,44380.0,1.1055,49063.42
4500936,10,2022-10-17,2022-11-04,2000115,40000108,1020,44380.0,1.1012,48872.14
4501494,10,2022-10-17,2022-11-03,2000119,40000111,1020,74180.0,2.2261,165132.84
4503586,10,2022-10-17,2022-11-03,2000110,10000205,1020,33180.0,0.8934,29643.68
4504103,10,2022-10-17,2022-11-05,2000108,10000208,1020,510.0,0.6018,306.91
4504187,10,2022-10-17,2022-10-25,2000113,10000209,1020,32540.0,2.006,65274.26
4503027,10,2022-10-18,2022-10-23,2000107,10000201,1020,42840.0,2.5814,110585.03
4500933,10,2022-10-19,2022-10-29,2000115,40000108,1020,44380.0,1.0948,48587.67
4503028,10,2022-10-19,2022-11-06,2000107,10000201,1020,42840.0,2.5728,110219.18
4500031,10,2022-10-20,2022-11-03,2000116,40000101,1020,30730.0,1.1818,36316.1
4500599,10,2022-10-20,2022-11-09,2000117,40000105,1020,27370.0,2.4723,67666.85
4501497,10,2022-10-20,2022-11-01,2000119,40000111,1020,74180.0,2.1379,158587.2
4500431,10,2022-10-21,2022-10-26,2000116,40000104,1020,35610.0,2.0287,72243.43
4501722,10,2022-10-21,2022-11-03,2000101,10000101,1010,304550.0,1.2341,375851.25
4503912,10,2022-10-21,2022-10-29,2000112,10000207,1020,44780.0,1.9531,87458.03
4504189,10,2022-10-21,2022-11-07,2000113,10000209,1020,32540.0,2.019,65698.91
4501496,10,2022-10-22,2022-10-30,2000119,40000111,1020,74180.0,2.2158,164370.27
4502086,10,2022-10-23,2022-11-03,2000103,10000103,1010,64770.0,1.0323,66861.42
4502278,10,2022-10-23,2022-11-02,2000104,10000104,1010,32110.0,1.4687,47160.28
4502675,10,2022-10-23,2022-11-01,2000105,10000106,1010,38600.0,2.3644,91267.0
4503589,10,2022-10-23,2022-11-04,2000110,10000205,1020,33180.0,0.8517,28258.74
4503910,10,2022-10-23,2022-11-05,2000112,10000207,1020,44780.0,1.9285,86360.02
4504188,10,2022-10-23,2022-11-03,2000114,10000209,1020,32540.0,2.1279,69243.49
4504190,10,2022-10-23,2022-11-12,2000113,10000209,1020,32540.0,1.9757,64288.63
4502482,10,2022-10-24,2022-11-11,2000103,10000105,1010,31940.0,1.1971,38236.33
4503368,10,2022-10-24,2022-11-13,2000109,10000204,1020,80970.0,0.9516,77049.43
4503588,10,2022-10-24,2022-11-10,2000110,10000205,1020,33180.0,0.8801,29203.05
4504413,10,2022-10-24,2022-10-30,2000113,10000210,1020,55160.0,1.9368,106836.09
4504414,10,2022-10-24,2022-11-07,2000114,10000210,1020,55160.0,1.9287,106385.44
4504412,10,2022-10-25,2022-11-10,2000113,10000210,1020,55160.0,1.8549,102317.39
4501273,10,2022-10-26,2022-11-02,2000115,40000110,1020,45430.0,1.2591,57201.82
4501275,10,2022-10-26,2022-10-31,2000115,40000110,1020,45430.0,1.2809,58193.1
4502818,10,2022-10-26,2022-11-11,2000105,10000107,1010,37990.0,2.9639,112597.42
4503025,10,2022-10-26,2022-11-06,2000107,10000201,1020,42840.0,2.6247,112443.0
4503909,10,2022-10-26,2022-11-05,2000112,10000207,1020,44780.0,2.0281,90820.11
4500433,10,2022-10-27,2022-11-12,2000116,40000104,1020,35610.0,2.1002,74787.05
4502674,10,2022-10-27,2022-11-11,2000105,10000106,1010,38600.0,2.3049,88967.98
4500600,10,2022-11-01,2022-11-15,2000117,40000105,1020,27370.0,2.4421,66840.0
4501128,10,2022-11-01,2022-11-17,2000115,40000109,1020,33060.0,1.5729,52000.4
4503030,10,2022-11-01,2022-11-06,2000107,10000201,1020,67400.0,2.6726,180134.59
4504614,10,2022-11-01,2022-11-11,2000115,10000109,1010,3200.0,2.1118,6757.79
4500436,10,2022-11-02,2022-11-11,2000116,40000104,1020,28200.0,1.9935,56217.26
4501500,10,2022-11-02,2022-11-16,2000119,40000111,1020,58430.0,2.136,124808.23
4501940,10,2022-11-02,2022-11-09,2000102,10000102,1010,27790.0,2.2291,61946.69
4503914,10,2022-11-03,2022-11-16,2000112,10000207,1020,35710.0,1.9622,70071.95
4501729,10,2022-11-04,2022-11-24,2000101,10000101,1010,272160.0,1.1945,325095.12
4501939,10,2022-11-04,2022-11-18,2000101,10000102,1010,27790.0,2.1674,60231.77
4503764,10,2022-11-04,2022-11-11,2000111,10000206,1020,30320.0,0.5003,15169.1
4500212,10,2022-11-05,2022-11-14,2000116,40000102,1020,33680.0,1.3512,45510.1
4500214,10,2022-11-05,2022-11-23,2000116,40000102,1020,33680.0,1.3728,46235.23
4502678,10,2022-11-05,2022-11-23,2000105,10000106,1010,38390.0,2.2879,87833.63
4503591,10,2022-11-05,2022-11-18,2000110,10000205,1020,35410.0,0.8685,30754.65
4500213,10,2022-11-06,2022-11-17,2000116,40000102,1020,33680.0,1.336,44997.49
4500805,10,2022-11-06,2022-11-18,2000118,40000107,1020,32360.0,2.3364,75604.93
4501501,10,2022-11-06,2022-11-17,2000119,40000111,1020,58430.0,2.2488,131397.97
4502280,10,2022-11-06,2022-11-22,2000104,10000104,1010,49920.0,1.5175,75754.6
4503373,10,2022-11-06,2022-11-26,2000109,10000204,1020,56650.0,0.9818,55620.67
4504418,10,2022-11-06,2022-11-11,2000113,10000210,1020,59630.0,1.8648,111199.22
4501129,10,2022-11-07,2022-11-20,2000115,40000109,1020,33060.0,1.5364,50792.39
4501278,10,2022-11-07,2022-11-15,2000115,40000110,1020,46510.0,1.2653,58848.64
4501499,10,2022-11-07,2022-11-27,2000119,40000111,1020,58430.0,2.211,129188.15
4502281,10,2022-11-07,2022-11-13,2000104,10000104,1010,49920.0,1.4904,74402.27
4504194,10,2022-11-07,2022-11-12,2000113,10000209,1020,42970.0,2.0824,89481.59
4501498,10,2022-11-08,2022-11-17,2000119,40000111,1020,58430.0,2.1161,123645.48
4502283,10,2022-11-08,2022-11-26,2000104,10000104,1010,49920.0,1.4822,73989.43
4503370,10,2022-11-08,2022-11-17,2000109,10000204,1020,56650.0,0.9824,55651.26
4501279,10,2022-11-09,2022-11-20,2000115,40000110,1020,46510.0,1.2468,57989.13
4501727,10,2022-11-09,2022-11-20,2000101,10000101,1010,272160.0,1.1943,325029.8
4500807,10,2022-11-10,2022-11-16,2000118,40000107,1020,32360.0,2.2771,73687.6
4500937,10,2022-11-10,2022-11-26,2000115,40000108,1020,76330.0,1.1094,84682.79
4501726,10,2022-11-10,2022-11-18,2000101,10000101,1010,272160.0,1.2179,331474.55
4502282,10,2022-11-10,2022-11-23,2000104,10000104,1010,49920.0,1.4819,73976.95
4501127,10,2022-11-11,2022-12-01,2000115,40000109,1020,33060.0,1.5754,52081.73
4501941,10,2022-11-11,2022-11-25,2000102,10000102,1010,27790.0,2.1867,60767.84
4503371,10,2022-11-11,2022-11-23,2000109,10000204,1020,56650.0,0.9719,55058.7
4503916,10,2022-11-11,2022-11-17,2000112,10000207,1020,35710.0,2.031,72527.01
4500939,10,2022-11-12,2022-11-28,2000115,40000108,1020,76330.0,1.1518,87913.08
4501728,10,2022-11-12,2022-11-24,2000101,10000101,1010,272160.0,1.1584,315261.98
4502942,10,2022-11-12,2022-11-24,2000106,10000108,1010,1130.0,10.0279,11331.48
4502089,10,2022-11-14,2022-11-25,2000103,10000103,1010,47780.0,1.0424,49807.31
4502091,10,2022-11-14,2022-12-02,2000103,10000103,1010,47780.0,1.0377,49578.92
4503590,10,2022-11-14,2022-12-01,2000110,10000205,1020,35410.0,0.899,31833.94
4503763,10,2022-11-14,2022-12-02,2000111,10000206,1020,30320.0,0.504,15282.49
4504191,10,2022-11-14,2022-12-01,2000114,10000209,1020,42970.0,2.0674,88837.47
4504417,10,2022-11-14,2022-11-26,2000113,10000210,1020,59630.0,1.8501,110322.66
4504419,10,2022-11-14,2022-12-02,2000113,10000210,1020,59630.0,1.8361,109485.45
4500033,10,2022-11-15,2022-11-23,2000116,40000101,1020,28420.0,1.2112,34422.59
4500362,10,2022-11-17,2022-11-27,2000116,40000103,1020,18110.0,1.8692,33850.49
4500696,10,2022-11-17,2022-12-07,2000117,40000106,1020,27940.0,2.9258,81747.97
4502088,10,2022-11-17,2022-12-07,2000103,10000103,1010,47780.0,1.0551,50411.72
4502090,10,2022-11-17,2022-12-04,2000103,10000103,1010,47780.0,1.0374,49568.88
4503226,10,2022-11-17,2022-11-27,2000106,10000202,1020,110.0,13.3837,1472.2
4504192,10,2022-11-17,2022-11-22,2000114,10000209,1020,42970.0,1.9685,84585.59
4503029,10,2022-11-18,2022-12-02,2000107,10000201,1020,67400.0,2.6947,181624.8
4503592,10,2022-11-19,2022-11-30,2000110,10000205,1020,35410.0,0.8549,30271.65
4504416,10,2022-11-19,2022-12-06,2000114,10000210,1020,59630.0,1.9499,116273.13
4500035,10,2022-11-20,2022-12-01,2000116,40000101,1020,28420.0,1.1943,33942.57
4503913,10,2022-11-20,2022-12-05,2000112,10000207,1020,35710.0,2.0364,72718.06
4502483,10,2022-11-21,2022-12-06,2000103,10000105,1010,31470.0,1.2015,37811.83
4502677,10,2022-11-21,2022-12-03,2000105,10000106,1010,38390.0,2.3252,89265.2
4503283,10,2022-11-21,2022-12-04,2000108,10000203,1020,4530.0,0.1304,590.62
4503915,10,2022-11-21,2022-12-01,2000112,10000207,1020,35710.0,1.9527,69731.99
4500806,10,2022-11-22,2022-12-07,2000118,40000107,1020,32360.0,2.3444,75863.81
4502485,10,2022-11-22,2022-11-30,2000103,10000105,1010,31470.0,1.2006,37782.57
4502820,10,2022-11-22,2022-12-07,2000105,10000107,1010,37470.0,2.8576,107076.15
4500938,10,2022-11-23,2022-11-29,2000115,40000108,1020,76330.0,1.1072,84509.52
4502821,10,2022-11-23,2022-11-28,2000105,10000107,1010,37470.0,2.7591,103384.23
4503032,10,2022-11-23,2022-12-03,2000107,10000201,1020,67400.0,2.6179,176447.81
4504104,10,2022-11-23,2022-12-05,2000108,10000208,1020,390.0,0.6124,238.82
4500034,10,2022-11-24,2022-12-04,2000116,40000101,1020,28420.0,1.2057,34266.85
4501277,10,2022-11-24,2022-12-04,2000115,40000110,1020,46510.0,1.2543,58338.89
4502484,10,2022-11-24,2022-12-14,2000103,10000105,1010,31470.0,1.2032,37865.02
4504193,10,2022-11-24,2022-12-10,2000114,10000209,1020,42970.0,2.0683,88874.42
4500435,10,2022-11-25,2022-12-11,2000116,40000104,1020,28200.0,2.1087,59465.62
4500940,10,2022-11-25,2022-12-13,2000115,40000108,1020,76330.0,1.0993,83909.57
4503372,10,2022-11-25,2022-12-04,2000109,10000204,1020,56650.0,1.0096,57194.41
4503031,10,2022-11-26,2022-12-13,2000107,10000201,1020,67400.0,2.5871,174369.19
4500697,10,2022-11-27,2022-12-07,2000117,40000106,1020,27940.0,2.8273,78995.04
4501280,10,2022-11-27,2022-12-03,2000115,40000110,1020,46510.0,1.2913,60060.22
4500037,10,2022-12-01,2022-12-11,2000116,40000101,1020,36410.0,1.1853,43156.41
4500808,10,2022-12-01,2022-12-10,2000118,40000107,1020,47760.0,2.329,111231.61
4501503,10,2022-12-01,2022-12-09,2000119,40000111,1020,43980.0,2.1536,94716.65
4501732,10,2022-12-01,2022-12-17,2000101,10000101,1010,292940.0,1.2254,358971.61
4504195,10,2022-12-01,2022-12-07,2000113,10000209,1020,50170.0,2.0327,101979.05
4504196,10,2022-12-01,2022-12-14,2000114,10000209,1020,50170.0,2.1045,105581.76
4501943,10,2022-12-02,2022-12-19,2000101,10000102,1010,28090.0,2.203,61881.99
4502822,10,2022-12-02,2022-12-16,2000105,10000107,1010,30130.0,2.7848,83906.33
4503594,10,2022-12-02,2022-12-21,2000110,10000205,1020,36140.0,0.8646,31248.09
4503918,10,2022-12-02,2022-12-10,2000112,10000207,1020,39000.0,1.9772,77110.41
4500602,10,2022-12-03,2022-12-16,2000117,40000105,1020,20360.0,2.4216,49304.79
4500941,10,2022-12-03,2022-12-15,2000115,40000108,1020,50370.0,1.0722,54007.72
4504420,10,2022-12-03,2022-12-08,2000113,10000210,1020,59420.0,1.8345,109005.99
4500809,10,2022-12-04,2022-12-12,2000118,40000107,1020,47760.0,2.3069,110179.45
4500215,10,2022-12-05,2022-12-24,2000116,40000102,1020,32260.0,1.3684,44143.94
4500601,10,2022-12-05,2022-12-11,2000117,40000105,1020,20360.0,2.3918,48696.44
4503377,10,2022-12-05,2022-12-12,2000109,10000204,1020,52730.0,0.9695,51120.68
4504422,10,2022-12-05,2022-12-15,2000113,10000210,1020,59420.0,1.8863,112081.57
4504105,10,2022-12-06,2022-12-21,2000108,10000208,1020,340.0,0.6114,207.89
4503033,10,2022-12-07,2022-12-26,2000107,10000201,1020,55320.0,2.5254,139707.89
4503227,10,2022-12-07,2022-12-21,2000106,10000202,1020,90.0,12.881,1159.29
4500036,10,2022-12-08,2022-12-15,2000116,40000101,1020,36410.0,1.163,42345.56
4501942,10,2022-12-08,2022-12-22,2000101,10000102,1010,28090.0,2.1637,60779.18
4502943,10,2022-12-08,2022-12-23,2000106,10000108,1010,1030.0,9.9995,10299.52
4500437,10,2022-12-09,2022-12-22,2000116,40000104,1020,35580.0,2.0879,74286.06
4500439,10,2022-12-09,2022-12-18,2000116,40000104,1020,35580.0,2.0516,72997.0
4500943,10,2022-12-09,2022-12-20,2000115,40000108,1020,50370.0,1.0825,54528.04
4501730,10,2022-12-09,2022-12-14,2000101,10000101,1010,292940.0,1.2023,352201.76
4504421,10,2022-12-09,2022-12-29,2000114,10000210,1020,59420.0,1.9105,113519.53
4501731,10,2022-12-10,2022-12-23,2000101,10000101,1010,292940.0,1.219,357099.72
4501502,10,2022-12-11,2022-12-16,2000119,40000111,1020,43980.0,2.1822,95972.72
4503593,10,2022-12-11,2022-12-24,2000110,10000205,1020,36140.0,0.86,31078.95
4502486,10,2022-12-12,2022-12-21,2000103,10000105,1010,33640.0,1.2117,40762.26
4502287,10,2022-12-14,2022-12-25,2000104,10000104,1010,33150.0,1.5212,50429.11
4501282,10,2022-12-15,2022-12-23,2000115,40000110,1020,56600.0,1.2099,68478.08
4502680,10,2022-12-15,2023-01-01,2000105,10000106,1010,33030.0,2.3418,77349.98
4503284,10,2022-12-15,2022-12-24,2000108,10000203,1020,4090.0,0.1323,541.27
4500944,10,2022-12-16,2022-12-22,2000115,40000108,1020,50370.0,1.1187,56348.42
4501505,10,2022-12-16,2022-12-25,2000119,40000111,1020,43980.0,2.1112,92852.78
4502092,10,2022-12-16,2023-01-04,2000103,10000103,1010,66360.0,1.0156,67395.88
4502095,10,2022-12-16,2023-01-04,2000103,10000103,1010,66360.0,1.0185,67586.33
4503034,10,2022-12-16,2022-12-22,2000107,10000201,1020,55320.0,2.6342,145725.05
4503035,10,2022-12-16,2022-12-28,2000107,10000201,1020,55320.0,2.5827,142874.41
4500811,10,2022-12-17,2023-01-05,2000118,40000107,1020,47760.0,2.3301,111285.58
4502284,10,2022-12-17,2022-12-22,2000104,10000104,1010,33150.0,1.472,48795.47
4500438,10,2022-12-18,2023-01-05,2000116,40000104,1020,35580.0,2.1199,75424.97
4501281,10,2022-12-18,2022-12-27,2000115,40000110,1020,56600.0,1.2771,72285.56
4501283,10,2022-12-18,2022-12-30,2000115,40000110,1020,56600.0,1.2513,70823.58
4501284,10,2022-12-18,2023-01-05,2000115,40000110,1020,56600.0,1.2434,70377.57
4501504,10,2022-12-18,2022-12-31,2000119,40000111,1020,43980.0,2.2426,98631.31
4502285,10,2022-12-18,2023-01-06,2000104,10000104,1010,33150.0,1.414,46873.77
4502487,10,2022-12-18,2023-01-05,2000103,10000105,1010,33640.0,1.2054,40549.99
4504615,10,2022-12-18,2023-01-01,2000115,10000109,1010,2000.0,2.055,4110.04
4500217,10,2022-12-20,2022-12-30,2000116,40000102,1020,32260.0,1.3295,42888.38
4501733,10,2022-12-20,2023-01-03,2000101,10000101,1010,292940.0,1.1879,347971.71
4503766,10,2022-12-20,2022-12-27,2000111,10000206,1020,29640.0,0.4773,14147.76
4503375,10,2022-12-21,2023-01-09,2000109,10000204,1020,52730.0,0.9923,52324.51
4501131,10,2022-12-22,2022-12-30,2000115,40000109,1020,39540.0,1.5883,62801.38
4503919,10,2022-12-22,2023-01-04,2000112,10000207,1020,39000.0,1.9165,74743.89
4503917,10,2022-12-23,2023-01-09,2000112,10000207,1020,39000.0,1.9251,75079.29
4504197,10,2022-12-23,2023-01-08,2000114,10000209,1020,50170.0,2.1217,106447.7
4504423,10,2022-12-23,2023-01-10,2000113,10000210,1020,59420.0,1.8093,107508.01
4500810,10,2022-12-24,2022-12-30,2000118,40000107,1020,47760.0,2.3035,110015.64
4500942,10,2022-12-24,2023-01-06,2000115,40000108,1020,50370.0,1.0757,54182.51
4502093,10,2022-12-24,2023-01-08,2000103,10000103,1010,66360.0,1.0067,66801.96
4503036,10,2022-12-25,2023-01-14,2000107,10000201,1020,55320.0,2.6788,148193.43
4503376,10,2022-12-25,2023-01-03,2000109,10000204,1020,52730.0,1.0007,52769.02
4502286,10,2022-12-26,2023-01-03,2000104,10000104,1010,33150.0,1.5015,49776.05
4503765,10,2022-12-26,2023-01-15,2000111,10000206,1020,29640.0,0.49,14524.79
4504198,10,2022-12-26,2023-01-06,2000113,10000209,1020,50170.0,2.0133,101009.27
4500216,10,2022-12-27,2023-01-01,2000116,40000102,1020,32260.0,1.3525,43632.94
4501130,10,2022-12-27,2023-01-10,2000115,40000109,1020,39540.0,1.5876,62773.7
4501944,10,2022-12-27,2023-01-02,2000101,10000102,1010,28090.0,2.2214,62398.85
4502094,10,2022-12-27,2023-01-09,2000103,10000103,1010,66360.0,1.0294,68313.64
4502679,10,2022-12-27,2023-01-06,2000105,10000106,1010,33030.0,2.2704,74992.3
4503374,10,2022-12-27,2023-01-03,2000109,10000204,1020,52730.0,1.0022,52846.01
4500698,10,2023-01-01,2023-01-19,2000117,40000106,1020,27870.0,2.8642,79825.53
4503039,10,2023-01-01,2023-01-14,2000107,10000201,1020,62420.0,2.5758,160783.31
4500440,10,2023-01-02,2023-01-08,2000116,40000104,1020,32850.0,2.0985,68934.74
4503040,10,2023-01-03,2023-01-08,2000107,10000201,1020,62420.0,2.6753,166994.72
4504427,10,2023-01-03,2023-01-12,2000113,10000210,1020,68230.0,1.9086,130227.19
4504616,10,2023-01-03,2023-01-16,2000115,10000109,1010,2100.0,2.1323,4477.75
4500039,10,2023-01-04,2023-01-10,2000116,40000101,1020,39420.0,1.1518,45403.17
4500040,10,2023-01-04,2023-01-12,2000116,40000101,1020,39420.0,1.1835,46651.6
4500041,10,2023-01-04,2023-01-15,2000116,40000101,1020,39420.0,1.2201,48096.74
4503381,10,2023-01-04,2023-01-10,2000109,10000204,1020,96700.0,0.9844,95191.48
4500219,10,2023-01-05,2023-01-15,2000116,40000102,1020,54820.0,1.3839,75866.49
4502097,10,2023-01-05,2023-01-15,2000103,10000103,1010,60310.0,1.0467,63128.29
4502290,10,2023-01-05,2023-01-17,2000104,10000104,1010,31500.0,1.4981,47191.1
4501736,10,2023-01-06,2023-01-24,2000101,10000101,1010,250100.0,1.1732,293429.82
4501509,10,2023-01-07,2023-01-16,2000119,40000111,1020,65570.0,2.2216,145667.69
4503921,10,2023-01-07,2023-01-22,2000112,10000207,1020,36720.0,1.9638,72109.63
4503922,10,2023-01-07,2023-01-22,2000112,10000207,1020,36720.0,2.0002,73448.45
4500946,10,2023-01-08,2023-01-14,2000115,40000108,1020,37690.0,1.1066,41708.51
4502944,10,2023-01-08,2023-01-25,2000106,10000108,1010,1100.0,10.1444,11158.84
4503378,10,2023-01-08,2023-01-24,2000109,10000204,1020,96700.0,0.9863,95372.31
4504426,10,2023-01-08,2023-01-14,2000113,10000210,1020,68230.0,1.8842,128562.38
4501287,10,2023-01-09,2023-01-17,2000115,40000110,1020,46170.0,1.2398,57243.41
4502098,10,2023-01-09,2023-01-25,2000103,10000103,1010,60310.0,1.0658,64280.81
4504106,10,2023-01-09,2023-01-28,2000108,10000208,1020,460.0,0.597,274.6
4504425,10,2023-01-09,2023-01-23,2000113,10000210,1020,68230.0,1.9139,130586.08
4500220,10,2023-01-10,2023-01-24,2000116,40000102,1020,54820.0,1.4713,80657.21
4500441,10,2023-01-10,2023-01-20,2000116,40000104,1020,32850.0,2.055,67506.42
4501508,10,2023-01-11,2023-01-19,2000119,40000111,1020,65570.0,2.2009,144311.7
4502099,10,2023-01-11,2023-01-16,2000103,10000103,1010,60310.0,1.045,63025.76
4500812,10,2023-01-12,2023-01-19,2000118,40000107,1020,21200.0,2.3362,49526.38
4501506,10,2023-01-12,2023-01-30,2000119,40000111,1020,65570.0,2.1721,142426.56
4501734,10,2023-01-12,2023-01-31,2000101,10000101,1010,250100.0,1.2184,304714.34
4502825,10,2023-01-12,2023-02-01,2000105,10000107,1010,30230.0,2.8742,86887.67
4500442,10,2023-01-13,2023-01-25,2000116,40000104,1020,32850.0,2.0533,67449.59
4501735,10,2023-01-13,2023-01-28,2000101,10000101,1010,250100.0,1.197,299364.7
4503038,10,2023-01-13,2023-01-20,2000107,10000201,1020,62420.0,2.6856,167632.66
4500947,10,2023-01-14,2023-02-03,2000115,40000108,1020,37690.0,1.1062,41690.79
4501132,10,2023-01-14,2023-01-25,2000115,40000109,1020,22830.0,1.5762,35985.1
4502096,10,2023-01-14,2023-01-30,2000103,10000103,1010,60310.0,1.0659,64285.64
4502288,10,2023-01-14,2023-01-24,2000104,10000104,1010,31500.0,1.4077,44343.5
4503380,10,2023-01-14,2023-01-23,2000109,10000204,1020,96700.0,0.9493,91801.18
4503767,10,2023-01-14,2023-02-02,2000111,10000206,1020,39670.0,0.4823,19133.24
4502823,10,2023-01-15,2023-01-27,2000105,10000107,1010,30230.0,2.8971,87579.33
4502488,10,2023-01-16,2023-02-02,2000103,10000105,1010,32060.0,1.2326,39518.76
4503597,10,2023-01-16,2023-02-01,2000110,10000205,1020,46520.0,0.9011,41919.64
4503923,10,2023-01-16,2023-01-21,2000112,10000207,1020,36720.0,1.9911,73112.46
4503379,10,2023-01-17,2023-02-03,2000109,10000204,1020,96700.0,0.9877,95511.56
4501285,10,2023-01-18,2023-01-29,2000115,40000110,1020,46170.0,1.2811,59147.0
4503598,10,2023-01-18,2023-02-03,2000110,10000205,1020,46520.0,0.8742,40667.78
4504424,10,2023-01-18,2023-02-03,2000114,10000210,1020,68230.0,1.9006,129680.67
4501945,10,2023-01-19,2023-02-07,2000102,10000102,1010,38670.0,2.3005,88959.56
4500038,10,2023-01-20,2023-02-09,2000116,40000101,1020,39420.0,1.1893,46882.99
4501133,10,2023-01-20,2023-01-26,2000115,40000109,1020,22830.0,1.6222,37035.28
4502489,10,2023-01-20,2023-01-26,2000103,10000105,1010,32060.0,1.191,38183.78
4504200,10,2023-01-20,2023-01-25,2000113,10000209,1020,48990.0,2.0179,98858.88
4503768,10,2023-01-21,2023-02-07,2000111,10000206,1020,39670.0,0.4906,19462.5
4500813,10,2023-01-22,2023-02-04,2000118,40000107,1020,21200.0,2.3288,49371.41
4501286,10,2023-01-22,2023-02-04,2000115,40000110,1020,46170.0,1.2727,58758.71
4501507,10,2023-01-22,2023-01-29,2000119,40000111,1020,65570.0,2.1478,140827.97
4502824,10,2023-01-22,2023-02-08,2000105,10000107,1010,30230.0,2.8095,84930.88
4503037,10,2023-01-22,2023-02-02,2000107,10000201,1020,62420.0,2.5809,161099.78
4503228,10,2023-01-22,2023-01-27,2000106,10000202,1020,110.0,13.0092,1431.01
4504199,10,2023-01-22,2023-02-08,2000113,10000209,1020,48990.0,2.0408,99976.34
4504201,10,2023-01-23,2023-02-11,2000114,10000209,1020,48990.0,2.1311,104404.06
4500221,10,2023-01-24,2023-01-30,2000116,40000102,1020,54820.0,1.3122,71934.8
4500945,10,2023-01-24,2023-01-31,2000115,40000108,1020,37690.0,1.117,42100.48
4502289,10,2023-01-24,2023-02-01,2000104,10000104,1010,31500.0,1.4908,46961.14
4503920,10,2023-01-24,2023-02-01,2000112,10000207,1020,36720.0,2.0085,73751.02
4500363,10,2023-01-25,2023-02-14,2000116,40000103,1020,16260.0,1.9006,30903.59
4501288,10,2023-01-25,2023-02-08,2000115,40000110,1020,46170.0,1.3142,60678.0
4502291,10,2023-01-25,2023-02-03,2000104,10000104,1010,31500.0,1.4724,46382.18
4504202,10,2023-01-25,2023-01-31,2000114,10000209,1020,48990.0,2.0782,101812.98
4500603,10,2023-01-26,2023-02-11,2000117,40000105,1020,39260.0,2.4121,94699.44
4500948,10,2023-01-26,2023-02-08,2000115,40000108,1020,37690.0,1.0905,41099.06
4502682,10,2023-01-26,2023-02-12,2000105,10000106,1010,28470.0,2.353,66990.48
4503285,10,2023-01-26,2023-02-05,2000108,10000203,1020,5550.0,0.1319,731.82
4500218,10,2023-01-27,2023-02-12,2000116,40000102,1020,54820.0,1.3858,75968.46
4501737,10,2023-01-27,2023-02-08,2000101,10000101,1010,250100.0,1.2365,309238.65
4501946,10,2023-01-27,2023-02-02,2000102,10000102,1010,38670.0,2.264,87550.43
4502681,10,2023-01-27,2023-02-14,2000105,10000106,1010,28470.0,2.3188,66017.66
4503595,10,2023-01-27,2023-02-01,2000110,10000205,1020,46520.0,0.8756,40734.77
4503596,10,2023-01-27,2023-02-13,2000110,10000205,1020,46520.0,0.8514,39605.73
4501292,10,2023-02-01,2023-02-10,2000115,40000110,1020,33290.0,1.2263,40824.53
4504107,10,2023-02-01,2023-02-12,2000108,10000208,1020,230.0,0.5887,135.41
4500700,10,2023-02-02,2023-02-17,2000117,40000106,1020,38520.0,2.8114,108295.13
4502684,10,2023-02-02,2023-02-15,2000105,10000106,1010,34400.0,2.3699,81524.56
4502945,10,2023-02-02,2023-02-20,2000106,10000108,1010,990.0,9.6444,9547.96
4501740,10,2023-02-03,2023-02-17,2000101,10000101,1010,233490.0,1.1773,274892.45
4500951,10,2023-02-04,2023-02-15,2000115,40000108,1020,29550.0,1.0782,31859.92
4501510,10,2023-02-04,2023-02-24,2000119,40000111,1020,76240.0,2.1553,164323.12
4503601,10,2023-02-04,2023-02-23,2000110,10000205,1020,29150.0,0.8597,25061.13
4504205,10,2023-02-05,2023-02-24,2000114,10000209,1020,46530.0,2.1107,98212.73
4503043,10,2023-02-07,2023-02-17,2000107,10000201,1020,81540.0,2.588,211022.26
4503384,10,2023-02-07,2023-02-20,2000109,10000204,1020,49390.0,0.9646,47643.57
4500443,10,2023-02-08,2023-02-24,2000116,40000104,1020,31920.0,1.9457,62105.47
4500605,10,2023-02-08,2023-02-23,2000117,40000105,1020,32340.0,2.3912,77330.11
4504206,10,2023-02-08,2023-02-17,2000114,10000209,1020,46530.0,2.1566,100345.2
4500699,10,2023-02-09,2023-02-24,2000117,40000106,1020,38520.0,2.8246,108805.13
4500949,10,2023-02-09,2023-02-26,2000115,40000108,1020,29550.0,1.1044,32634.13
4501290,10,2023-02-09,2023-02-20,2000115,40000110,1020,33290.0,1.2988,43237.38
4501738,10,2023-02-09,2023-02-23,2000101,10000101,1010,233490.0,1.1554,269772.01
4502293,10,2023-02-09,2023-02-22,2000104,10000104,1010,32320.0,1.459,47154.56
4502490,10,2023-02-09,2023-02-21,2000103,10000105,1010,24190.0,1.1792,28524.36
4503383,10,2023-02-10,2023-03-01,2000109,10000204,1020,49390.0,0.9684,47829.77
4502100,10,2023-02-11,2023-02-21,2000103,10000103,1010,61040.0,0.9808,59869.86
4502103,10,2023-02-11,2023-02-25,2000103,10000103,1010,61040.0,1.0512,64162.2
4502294,10,2023-02-12,2023-02-18,2000104,10000104,1010,32320.0,1.5142,48937.97
4504429,10,2023-02-12,2023-02-17,2000114,10000210,1020,67480.0,1.9512,131670.35
4500042,10,2023-02-13,2023-03-01,2000116,40000101,1020,36280.0,1.2654,45910.53
4500444,10,2023-02-13,2023-02-28,2000116,40000104,1020,31920.0,2.111,67382.16
4503769,10,2023-02-13,2023-02-20,2000111,10000206,1020,37930.0,0.4725,17923.44
4503924,10,2023-02-13,2023-02-24,2000112,10000207,1020,37580.0,1.915,71964.95
4503286,10,2023-02-14,2023-02-22,2000108,10000203,1020,4860.0,0.1319,641.18
4500445,10,2023-02-16,2023-03-05,2000116,40000104,1020,31920.0,2.0121,64225.27
4501291,10,2023-02-16,2023-02-21,2000115,40000110,1020,33290.0,1.2971,43181.79
4500223,10,2023-02-17,2023-03-09,2000116,40000102,1020,29440.0,1.3489,39710.44
4501512,10,2023-02-17,2023-03-05,2000119,40000111,1020,76240.0,2.1863,166685.04
4504203,10,2023-02-17,2023-02-27,2000114,10000209,1020,46530.0,2.0401,94924.46
4504204,10,2023-02-17,2023-03-02,2000114,10000209,1020,46530.0,2.2069,102685.2
4504428,10,2023-02-17,2023-03-03,2000114,10000210,1020,67480.0,1.9707,132980.14
4500814,10,2023-02-18,2023-03-10,2000118,40000107,1020,31880.0,2.2604,72062.19
4501739,10,2023-02-18,2023-03-10,2000101,10000101,1010,233490.0,1.1877,277323.08
4503382,10,2023-02-18,2023-03-10,2000109,10000204,1020,49390.0,0.9904,48918.33
4503599,10,2023-02-18,2023-03-02,2000110,10000205,1020,29150.0,0.8967,26139.1
4504431,10,2023-02-18,2023-02-25,2000114,10000210,1020,67480.0,1.9308,130288.36
4500701,10,2023-02-19,2023-03-07,2000117,40000106,1020,38520.0,2.8648,110352.87
4501135,10,2023-02-19,2023-03-05,2000115,40000109,1020,20710.0,1.6096,33335.64
4500044,10,2023-02-20,2023-03-04,2000116,40000101,1020,36280.0,1.2052,43723.2
4500604,10,2023-02-20,2023-03-02,2000117,40000105,1020,32340.0,2.4579,79487.52
4501948,10,2023-02-20,2023-03-10,2000102,10000102,1010,35300.0,2.1812,76996.71
4502101,10,2023-02-20,2023-03-08,2000103,10000103,1010,61040.0,1.058,64579.71
4502826,10,2023-02-20,2023-03-05,2000105,10000107,1010,27400.0,2.7455,75225.6
4504430,10,2023-02-20,2023-02-25,2000114,10000210,1020,67480.0,1.987,134082.76
4503041,10,2023-02-21,2023-03-08,2000107,10000201,1020,81540.0,2.6061,212499.76
4503229,10,2023-02-21,2023-03-03,2000106,10000202,1020,130.0,13.1582,1710.56
4500815,10,2023-02-22,2023-02-27,2000118,40000107,1020,31880.0,2.3146,73789.13
4501289,10,2023-02-22,2023-03-05,2000115,40000110,1020,33290.0,1.2564,41824.89
4502292,10,2023-02-22,2023-03-14,2000104,10000104,1010,32320.0,1.4906,48174.9
4502491,10,2023-02-22,2023-03-05,2000103,10000105,1010,24190.0,1.2332,29830.62
4503600,10,2023-02-22,2023-03-10,2000110,10000205,1020,29150.0,0.8562,24957.36
4501511,10,2023-02-23,2023-03-10,2000119,40000111,1020,76240.0,2.1545,164256.79
4501741,10,2023-02-23,2023-03-12,2000101,10000101,1010,233490.0,1.2295,287078.29
4501947,10,2023-02-23,2023-03-08,2000102,10000102,1010,35300.0,2.1612,76288.95
4503044,10,2023-02-24,2023-03-14,2000107,10000201,1020,81540.0,2.6673,217494.9
4504617,10,2023-02-24,2023-03-15,2000115,10000109,1010,1800.0,2.0908,3763.44
4501513,10,2023-02-25,2023-03-14,2000119,40000111,1020,76240.0,2.1809,166272.58
4502102,10,2023-02-25,2023-03-06,2000103,10000103,1010,61040.0,1.0229,62439.04
4502683,10,2023-02-25,2023-03-12,2000105,10000106,1010,34400.0,2.3118,79524.89
4502827,10,2023-02-25,2023-03-04,2000105,10000107,1010,27400.0,2.8158,77152.1
4503042,10,2023-02-25,2023-03-09,2000107,10000201,1020,81540.0,2.6096,212789.23
4500222,10,2023-02-26,2023-03-14,2000116,40000102,1020,29440.0,1.3255,39021.54
4500950,10,2023-02-26,2023-03-03,2000115,40000108,1020,29550.0,1.0851,32064.11
4503385,10,2023-02-26,2023-03-13,2000109,10000204,1020,49390.0,0.9626,47542.32
4500043,10,2023-02-27,2023-03-07,2000116,40000101,1020,36280.0,1.1796,42797.34
4501134,10,2023-02-27,2023-03-07,2000115,40000109,1020,20710.0,1.5583,32273.22
4503925,10,2023-02-27,2023-03-06,2000112,10000207,1020,37580.0,1.9991,75126.55
4500818,10,2023-03-01,2023-03-07,2000118,40000107,1020,38270.0,2.3585,90260.56
4501514,10,2023-03-01,2023-03-11,2000119,40000111,1020,49190.0,2.2259,109494.48
4504433,10,2023-03-01,2023-03-12,2000114,10000210,1020,49980.0,1.9489,97405.02
4500955,10,2023-03-02,2023-03-22,2000115,40000108,1020,57450.0,1.1223,64477.86
4502828,10,2023-03-02,2023-03-09,2000105,10000107,1010,22000.0,2.941,64702.88
4503048,10,2023-03-02,2023-03-11,2000107,10000201,1020,69050.0,2.5304,174727.57
4503387,10,2023-03-02,2023-03-18,2000109,10000204,1020,41570.0,0.9769,40610.15
4503603,10,2023-03-02,2023-03-10,2000110,10000205,1020,27320.0,0.8607,23514.32
4504210,10,2023-03-02,2023-03-21,2000114,10000209,1020,55050.0,2.1538,118563.94
4501951,10,2023-03-03,2023-03-13,2000102,10000102,1010,29110.0,2.1372,62213.02
4500225,10,2023-03-04,2023-03-11,2000116,40000102,1020,41140.0,1.4047,57791.0
4502493,10,2023-03-04,2023-03-09,2000103,10000105,1010,33440.0,1.1973,40037.04
4503230,10,2023-03-04,2023-03-12,2000106,10000202,1020,120.0,12.8759,1545.1
4503602,10,2023-03-04,2023-03-21,2000110,10000205,1020,27320.0,0.8972,24510.68
4500449,10,2023-03-05,2023-03-13,2000116,40000104,1020,36490.0,2.12,77360.62
4502104,10,2023-03-05,2023-03-24,2000103,10000103,1010,77920.0,1.0536,82098.07
4502107,10,2023-03-05,2023-03-15,2000103,10000103,1010,77920.0,1.0286,80146.17
4502687,10,2023-03-05,2023-03-20,2000105,10000106,1010,39720.0,2.3772,94423.97
4500606,10,2023-03-07,2023-03-14,2000117,40000105,1020,30310.0,2.3078,69949.42
4501296,10,2023-03-07,2023-03-15,2000115,40000110,1020,40870.0,1.2687,51851.77
4500607,10,2023-03-08,2023-03-24,2000117,40000105,1020,30310.0,2.5131,76172.97
4501136,10,2023-03-08,2023-03-23,2000115,40000109,1020,22620.0,1.6187,36615.45
4501517,10,2023-03-08,2023-03-27,2000119,40000111,1020,49190.0,2.1962,108032.06
4504108,10,2023-03-08,2023-03-21,2000108,10000208,1020,570.0,0.598,340.85
4504435,10,2023-03-08,2023-03-24,2000113,10000210,1020,49980.0,1.8517,92545.97
4500045,10,2023-03-09,2023-03-28,2000116,40000101,1020,32030.0,1.1928,38205.7
4502297,10,2023-03-09,2023-03-17,2000104,10000104,1010,35240.0,1.5346,54079.66
4504208,10,2023-03-09,2023-03-21,2000113,10000209,1020,55050.0,1.9894,109514.27
4501293,10,2023-03-10,2023-03-30,2000115,40000110,1020,40870.0,1.2406,50702.91
4501745,10,2023-03-10,2023-03-23,2000101,10000101,1010,295790.0,1.2334,364818.51
4500364,10,2023-03-11,2023-03-19,2000116,40000103,1020,31290.0,1.8152,56797.3
4500952,10,2023-03-11,2023-03-18,2000115,40000108,1020,57450.0,1.0668,61284.79
4503287,10,2023-03-11,2023-03-23,2000108,10000203,1020,4160.0,0.1311,545.38
4503389,10,2023-03-12,2023-03-22,2000109,10000204,1020,41570.0,0.9596,39888.91
4503772,10,2023-03-12,2023-03-30,2000111,10000206,1020,30270.0,0.5028,15218.55
4501137,10,2023-03-13,2023-04-01,2000115,40000109,1020,22620.0,1.6333,36946.15
4501515,10,2023-03-13,2023-03-30,2000119,40000111,1020,49190.0,2.1829,107376.36
4502296,10,2023-03-13,2023-03-27,2000104,10000104,1010,35240.0,1.5142,53358.65
4502688,10,2023-03-13,2023-03-19,2000105,10000106,1010,39720.0,2.3554,93558.08
4503927,10,2023-03-13,2023-03-20,2000112,10000207,1020,49030.0,1.9959,97858.0
4500447,10,2023-03-14,2023-03-21,2000116,40000104,1020,36490.0,2.1334,77849.59
4500817,10,2023-03-14,2023-03-20,2000118,40000107,1020,38270.0,2.4154,92437.74
4501295,10,2023-03-14,2023-03-27,2000115,40000110,1020,40870.0,1.2248,50059.21
4502105,10,2023-03-14,2023-03-30,2000103,10000103,1010,77920.0,1.0662,83074.41
4504434,10,2023-03-14,2023-03-31,2000114,10000210,1020,49980.0,1.9686,98389.13
4500953,10,2023-03-15,2023-03-21,2000115,40000108,1020,57450.0,1.0838,62262.59
4502298,10,2023-03-15,2023-03-24,2000104,10000104,1010,35240.0,1.46,51451.46
4503926,10,2023-03-15,2023-03-20,2000112,10000207,1020,49030.0,1.9543,95819.33
4500227,10,2023-03-16,2023-03-25,2000116,40000102,1020,41140.0,1.3916,57251.66
4502685,10,2023-03-16,2023-03-24,2000105,10000106,1010,39720.0,2.3912,94977.67
4503386,10,2023-03-17,2023-03-30,2000109,10000204,1020,41570.0,0.9776,40638.42
4500226,10,2023-03-18,2023-04-04,2000116,40000102,1020,41140.0,1.3595,55931.48
4503771,10,2023-03-18,2023-03-30,2000111,10000206,1020,30270.0,0.4883,14780.54
4500703,10,2023-03-19,2023-03-27,2000117,40000106,1020,30730.0,2.8833,88605.04
4501742,10,2023-03-19,2023-04-03,2000101,10000101,1010,295790.0,1.1986,354545.73
4503045,10,2023-03-19,2023-04-07,2000107,10000201,1020,69050.0,2.6849,185391.65
4500446,10,2023-03-20,2023-03-29,2000116,40000104,1020,36490.0,2.0562,75028.91
4500448,10,2023-03-20,2023-03-29,2000116,40000104,1020,36490.0,2.1286,77671.88
4500954,10,2023-03-20,2023-04-05,2000115,40000108,1020,57450.0,1.1109,63821.21
4501744,10,2023-03-20,2023-04-05,2000101,10000101,1010,295790.0,1.2433,367743.88
4502492,10,2023-03-20,2023-03-28,2000103,10000105,1010,33440.0,1.1837,39581.59
4501743,10,2023-03-21,2023-03-31,2000101,10000101,1010,295790.0,1.2019,355510.0
4504432,10,2023-03-21,2023-04-04,2000113,10000210,1020,49980.0,1.8721,93567.06
4502106,10,2023-03-22,2023-03-27,2000103,10000103,1010,77920.0,1.041,81114.72
4502946,10,2023-03-22,2023-04-06,2000106,10000108,1010,1480.0,10.0527,14877.95
4503047,10,2023-03-22,2023-04-02,2000107,10000201,1020,69050.0,2.7265,188262.75
4500047,10,2023-03-23,2023-04-10,2000116,40000101,1020,32030.0,1.2379,39648.66
4501294,10,2023-03-23,2023-03-31,2000115,40000110,1020,40870.0,1.1881,48556.83
4501949,10,2023-03-23,2023-04-06,2000102,10000102,1010,29110.0,2.2122,64398.6
4501950,10,2023-03-23,2023-04-10,2000101,10000102,1010,29110.0,2.2534,65595.31
4502295,10,2023-03-23,2023-04-11,2000104,10000104,1010,35240.0,1.4535,51222.4
4503388,10,2023-03-23,2023-04-10,2000109,10000204,1020,41570.0,0.9868,41020.86
4503928,10,2023-03-23,2023-04-07,2000112,10000207,1020,49030.0,1.9728,96724.91
4504207,10,2023-03-23,2023-04-02,2000114,10000209,1020,55050.0,2.1097,116140.09
4500224,10,2023-03-24,2023-04-04,2000116,40000102,1020,41140.0,1.4008,57630.97
4500702,10,2023-03-24,2023-04-03,2000117,40000106,1020,30730.0,2.9064,89314.59
4503046,10,2023-03-24,2023-04-03,2000107,10000201,1020,69050.0,2.5797,178131.05
4503604,10,2023-03-24,2023-04-05,2000110,10000205,1020,27320.0,0.8827,24115.36
4503929,10,2023-03-24,2023-04-07,2000112,10000207,1020,49030.0,2.0146,98774.37
4504209,10,2023-03-25,2023-03-31,2000114,10000209,1020,55050.0,2.1014,115681.52
4504618,10,2023-03-25,2023-04-07,2000115,10000109,1010,2600.0,2.0925,5440.47
4502686,10,2023-03-26,2023-04-10,2000105,10000106,1010,39720.0,2.202,87465.03
4502829,10,2023-03-26,2023-04-10,2000105,10000107,1010,22000.0,2.888,63535.56
4503770,10,2023-03-26,2023-04-03,2000111,10000206,1020,30270.0,0.4845,14667.03
4500046,10,2023-03-27,2023-04-06,2000116,40000101,1020,32030.0,1.2527,40123.34
4500816,10,2023-03-27,2023-04-11,2000118,40000107,1020,38270.0,2.2487,86056.98
4500819,10,2023-03-27,2023-04-07,2000118,40000107,1020,38270.0,2.2361,85574.78
4501516,10,2023-03-27,2023-04-04,2000119,40000111,1020,49190.0,2.2475,110553.05
4500822,10,2023-04-02,2023-04-17,2000118,40000107,1020,27550.0,2.3495,64729.0
4501139,10,2023-04-02,2023-04-07,2000115,40000109,1020,33510.0,1.665,55795.16
4502108,10,2023-04-02,2023-04-15,2000103,10000103,1010,48820.0,0.9968,48662.8
4502830,10,2023-04-02,2023-04-10,2000105,10000107,1010,35140.0,2.8787,101157.52
4502831,10,2023-04-02,2023-04-11,2000105,10000107,1010,35140.0,2.7565,96864.46
4503231,10,2023-04-02,2023-04-07,2000106,10000202,1020,120.0,12.715,1525.81
4504213,10,2023-04-02,2023-04-13,2000113,10000209,1020,48390.0,2.0295,98206.54
4502947,10,2023-04-03,2023-04-13,2000106,10000108,1010,1120.0,9.772,10944.68
4503051,10,2023-04-03,2023-04-20,2000107,10000201,1020,79900.0,2.6111,208627.69
4503392,10,2023-04-03,2023-04-13,2000109,10000204,1020,65650.0,0.9897,64975.12
4500608,10,2023-04-04,2023-04-09,2000117,40000105,1020,35250.0,2.3968,84487.2
4501749,10,2023-04-04,2023-04-18,2000101,10000101,1010,258240.0,1.2038,310866.73
4503774,10,2023-04-04,2023-04-18,2000111,10000206,1020,31790.0,0.4786,15214.06
4504619,10,2023-04-05,2023-04-15,2000115,10000109,1010,2200.0,2.0202,4444.51
4502109,10,2023-04-06,2023-04-24,2000103,10000103,1010,48820.0,1.0044,49035.3
4501300,10,2023-04-07,2023-04-25,2000115,40000110,1020,49320.0,1.2577,62031.74
4501748,10,2023-04-07,2023-04-25,2000101,10000101,1010,258240.0,1.2556,324251.31
4502300,10,2023-04-07,2023-04-25,2000104,10000104,1010,36210.0,1.4399,52137.33
4500049,10,2023-04-09,2023-04-26,2000116,40000101,1020,26080.0,1.1916,31076.93
4500230,10,2023-04-09,2023-04-26,2000116,40000102,1020,31120.0,1.3715,42681.08
4504214,10,2023-04-10,2023-04-24,2000114,10000209,1020,48390.0,2.0884,101057.68
4504438,10,2023-04-10,2023-04-25,2000114,10000210,1020,75700.0,1.9263,145817.88
4503393,10,2023-04-11,2023-04-24,2000109,10000204,1020,65650.0,0.9633,63239.99
4500958,10,2023-04-12,2023-04-24,2000115,40000108,1020,43490.0,1.114,48450.03
4503930,10,2023-04-12,2023-04-19,2000112,10000207,1020,35950.0,1.9401,69746.6
4504439,10,2023-04-12,2023-04-18,2000114,10000210,1020,75700.0,1.9041,144141.13
4500704,10,2023-04-13,2023-04-20,2000117,40000106,1020,35930.0,2.7451,98632.52
4501138,10,2023-04-13,2023-04-18,2000115,40000109,1020,33510.0,1.5629,52372.11
4501520,10,2023-04-13,2023-05-02,2000119,40000111,1020,39080.0,2.1624,84507.37
4502299,10,2023-04-13,2023-04-25,2000104,10000104,1010,36210.0,1.418,51344.33
4502691,10,2023-04-13,2023-05-03,2000105,10000106,1010,32410.0,2.2087,71585.26
4503049,10,2023-04-13,2023-04-18,2000107,10000201,1020,79900.0,2.5528,203968.72
4503288,10,2023-04-14,2023-04-21,2000108,10000203,1020,5240.0,0.1318,690.63
4500453,10,2023-04-15,2023-04-20,2000116,40000104,1020,40040.0,2.0573,82374.29
4501299,10,2023-04-15,2023-05-02,2000115,40000110,1020,49320.0,1.2753,62896.81
4500231,10,2023-04-16,2023-04-30,2000116,40000102,1020,31120.0,1.3305,41406.72
4500365,10,2023-04-16,2023-04-25,2000116,40000103,1020,8860.0,1.8654,16527.89
4500451,10,2023-04-16,2023-04-26,2000116,40000104,1020,40040.0,2.024,81039.76
4500957,10,2023-04-16,2023-05-05,2000115,40000108,1020,43490.0,1.0628,46219.0
4501298,10,2023-04-16,2023-04-30,2000115,40000110,1020,49320.0,1.2629,62286.23
4501519,10,2023-04-16,2023-05-05,2000119,40000111,1020,39080.0,2.2047,86158.5
4501521,10,2023-04-16,2023-05-04,2000119,40000111,1020,39080.0,2.2184,86694.29
4502690,10,2023-04-16,2023-05-04,2000105,10000106,1010,32410.0,2.2516,72973.38
4503932,10,2023-04-16,2023-04-22,2000112,10000207,1020,35950.0,1.93,69384.22
4500956,10,2023-04-17,2023-04-30,2000115,40000108,1020,43490.0,1.088,47315.82
4501518,10,2023-04-17,2023-04-26,2000119,40000111,1020,39080.0,2.1613,84463.99
4502689,10,2023-04-17,2023-04-25,2000105,10000106,1010,32410.0,2.2467,72815.55
4503390,10,2023-04-17,2023-04-26,2000109,10000204,1020,65650.0,0.9794,64298.27
4503607,10,2023-04-17,2023-04-22,2000110,10000205,1020,33480.0,0.8392,28097.42
4500048,10,2023-04-18,2023-04-25,2000116,40000101,1020,26080.0,1.2319,32127.17
4500229,10,2023-04-18,2023-05-04,2000116,40000102,1020,31120.0,1.3174,40996.55
4500705,10,2023-04-18,2023-04-24,2000117,40000106,1020,35930.0,2.7952,100433.33
4500706,10,2023-04-18,2023-04-25,2000117,40000106,1020,35930.0,2.7621,99243.69
4500959,10,2023-04-18,2023-05-03,2000115,40000108,1020,43490.0,1.0941,47582.84
4501747,10,2023-04-18,2023-04-27,2000101,10000101,1010,258240.0,1.2269,316824.33
4501953,10,2023-04-18,2023-05-05,2000101,10000102,1010,39900.0,2.1675,86484.45
4503605,10,2023-04-18,2023-05-08,2000110,10000205,1020,33480.0,0.8781,29398.79
4503606,10,2023-04-18,2023-04-27,2000110,10000205,1020,33480.0,0.8726,29214.65
4504436,10,2023-04-18,2023-05-07,2000113,10000210,1020,75700.0,1.8562,140512.07
4500228,10,2023-04-19,2023-04-25,2000116,40000102,1020,31120.0,1.3143,40901.95
4500452,10,2023-04-20,2023-04-25,2000116,40000104,1020,40040.0,2.0454,81897.82
4502111,10,2023-04-20,2023-05-06,2000103,10000103,1010,48820.0,1.033,50433.01
4502301,10,2023-04-20,2023-05-07,2000104,10000104,1010,36210.0,1.4798,53584.64
4502692,10,2023-04-20,2023-05-09,2000105,10000106,1010,32410.0,2.187,70881.64
4503931,10,2023-04-20,2023-05-10,2000112,10000207,1020,35950.0,1.9501,70105.02
4501952,10,2023-04-22,2023-05-06,2000102,10000102,1010,39900.0,2.1547,85973.33
4502110,10,2023-04-22,2023-05-06,2000103,10000103,1010,48820.0,1.0388,50715.19
4503052,10,2023-04-22,2023-05-10,2000107,10000201,1020,79900.0,2.6859,214605.81
4504437,10,2023-04-22,2023-05-05,2000114,10000210,1020,75700.0,1.9016,143954.9
4500450,10,2023-04-24,2023-05-10,2000116,40000104,1020,40040.0,1.9868,79552.67
4501297,10,2023-04-24,2023-05-11,2000115,40000110,1020,49320.0,1.2324,60780.0
4502494,10,2023-04-24,2023-05-13,2000103,10000105,1010,26550.0,1.1402,30273.11
4500820,10,2023-04-25,2023-05-07,2000118,40000107,1020,27550.0,2.3122,63701.66
4502495,10,2023-04-25,2023-04-30,2000103,10000105,1010,26550.0,1.191,31622.11
4503050,10,2023-04-25,2023-04-30,2000107,10000201,1020,79900.0,2.5763,205843.97
4503391,10,2023-04-25,2023-05-06,2000109,10000204,1020,65650.0,0.9704,63708.07
4504109,10,2023-04-26,2023-05-07,2000108,10000208,1020,390.0,0.5923,231.01
4504212,10,2023-04-26,2023-05-03,2000114,10000209,1020,48390.0,2.0662,99985.84
4500821,10,2023-04-27,2023-05-03,2000118,40000107,1020,27550.0,2.3206,63933.08
4501746,10,2023-04-27,2023-05-12,2000101,10000101,1010,258240.0,1.2026,310546.51
4503773,10,2023-04-27,2023-05-12,2000111,10000206,1020,31790.0,0.4897,15568.83
4503933,10,2023-04-27,2023-05-14,2000112,10000207,1020,35950.0,1.9575,70372.84
4504211,10,2023-04-27,2023-05-13,2000114,10000209,1020,48390.0,2.034,98422.84
4501955,10,2023-05-01,2023-05-08,2000101,10000102,1010,26910.0,2.1572,58049.71
4503056,10,2023-05-01,2023-05-16,2000107,10000201,1020,69120.0,2.5688,177556.84
4504442,10,2023-05-01,2023-05-18,2000114,10000210,1020,60110.0,1.9014,114294.36
4500610,10,2023-05-02,2023-05-13,2000117,40000105,1020,27090.0,2.3544,63781.78
4500823,10,2023-05-02,2023-05-07,2000118,40000107,1020,27930.0,2.2672,63322.06
4501303,10,2023-05-02,2023-05-20,2000115,40000110,1020,33930.0,1.2489,42375.86
4502302,10,2023-05-02,2023-05-14,2000104,10000104,1010,65550.0,1.5392,100891.94
4503053,10,2023-05-03,2023-05-10,2000107,10000201,1020,69120.0,2.4676,170561.2
4504110,10,2023-05-03,2023-05-15,2000108,10000208,1020,500.0,0.6131,306.54
4504217,10,2023-05-03,2023-05-19,2000114,10000209,1020,48870.0,2.1343,104304.71
4500233,10,2023-05-04,2023-05-23,2000116,40000102,1020,31370.0,1.3701,42980.04
4500960,10,2023-05-04,2023-05-20,2000115,40000108,1020,34220.0,1.0372,35492.98
4501523,10,2023-05-04,2023-05-15,2000119,40000111,1020,63390.0,2.1393,135611.49
4501956,10,2023-05-04,2023-05-14,2000101,10000102,1010,26910.0,2.1038,56612.18
4502114,10,2023-05-04,2023-05-09,2000103,10000103,1010,50440.0,0.9896,49915.93
4500456,10,2023-05-05,2023-05-16,2000116,40000104,1020,47890.0,2.0523,98282.73
4500962,10,2023-05-05,2023-05-15,2000115,40000108,1020,34220.0,1.0999,37637.89
4501524,10,2023-05-05,2023-05-16,2000119,40000111,1020,63390.0,2.1021,133250.85
4502303,10,2023-05-05,2023-05-14,2000104,10000104,1010,65550.0,1.4037,92012.54
4503232,10,2023-05-05,2023-05-14,2000106,10000202,1020,120.0,13.1311,1575.73
4503394,10,2023-05-07,2023-05-26,2000109,10000204,1020,52560.0,0.9765,51322.74
4503937,10,2023-05-07,2023-05-18,2000112,10000207,1020,42440.0,1.9206,81508.14
4501753,10,2023-05-08,2023-05-25,2000101,10000101,1010,258840.0,1.1769,304621.03
4500232,10,2023-05-09,2023-05-24,2000116,40000102,1020,31370.0,1.3402,42043.02
4501525,10,2023-05-09,2023-05-16,2000119,40000111,1020,63390.0,2.1003,133137.38
4501752,10,2023-05-09,2023-05-19,2000101,10000101,1010,258840.0,1.1704,302959.28
4502305,10,2023-05-09,2023-05-20,2000104,10000104,1010,65550.0,1.4234,93305.84
4502496,10,2023-05-09,2023-05-22,2000103,10000105,1010,32860.0,1.1913,39145.13
4503397,10,2023-05-09,2023-05-19,2000109,10000204,1020,52560.0,1.0014,52631.48
4503609,10,2023-05-09,2023-05-19,2000110,10000205,1020,31360.0,0.8568,26868.93
4500234,10,2023-05-10,2023-05-22,2000116,40000102,1020,31370.0,1.3799,43287.15
4501522,10,2023-05-10,2023-05-18,2000119,40000111,1020,63390.0,2.1152,134079.99
4501750,10,2023-05-10,2023-05-29,2000101,10000101,1010,258840.0,1.2092,312989.33
4502498,10,2023-05-10,2023-05-15,2000103,10000105,1010,32860.0,1.152,37854.39
4503934,10,2023-05-10,2023-05-21,2000112,10000207,1020,42440.0,1.8569,78805.14
4500050,10,2023-05-11,2023-05-31,2000116,40000101,1020,53750.0,1.1868,63791.58
4500052,10,2023-05-11,2023-05-23,2000116,40000101,1020,53750.0,1.1643,62580.59
4500609,10,2023-05-11,2023-05-29,2000117,40000105,1020,27090.0,2.3904,64756.21
4501141,10,2023-05-11,2023-05-24,2000115,40000109,1020,29100.0,1.5937,46376.38
4502834,10,2023-05-11,2023-05-22,2000105,10000107,1010,34220.0,2.8455,97373.01
4503610,10,2023-05-11,2023-05-31,2000110,10000205,1020,31360.0,0.8753,27448.78
4500051,10,2023-05-12,2023-05-27,2000116,40000101,1020,53750.0,1.1684,62799.35
4500824,10,2023-05-12,2023-05-20,2000118,40000107,1020,27930.0,2.2884,63915.01
4502948,10,2023-05-12,2023-05-17,2000106,10000108,1010,1420.0,9.8634,14005.97
4501954,10,2023-05-13,2023-05-26,2000101,10000102,1010,26910.0,2.1586,58087.39
4502497,10,2023-05-13,2023-05-29,2000103,10000105,1010,32860.0,1.1956,39288.4
4504441,10,2023-05-13,2023-05-23,2000114,10000210,1020,60110.0,1.8938,113834.51
4504620,10,2023-05-13,2023-05-22,2000115,10000109,1010,1900.0,2.0323,3861.33
4501304,10,2023-05-14,2023-06-03,2000115,40000110,1020,33930.0,1.231,41769.53
4504440,10,2023-05-14,2023-06-02,2000114,10000210,1020,60110.0,1.9119,114923.71
4500961,10,2023-05-15,2023-05-30,2000115,40000108,1020,34220.0,1.0482,35870.43
4501301,10,2023-05-15,2023-05-24,2000115,40000110,1020,33930.0,1.2978,44033.34
4503776,10,2023-05-15,2023-06-01,2000111,10000206,1020,30520.0,0.4977,15189.8
4502695,10,2023-05-16,2023-05-21,2000105,10000106,1010,34440.0,2.2286,76752.3
4503055,10,2023-05-16,2023-06-05,2000107,10000201,1020,69120.0,2.6543,183465.91
4503936,10,2023-05-16,2023-05-23,2000112,10000207,1020,42440.0,1.9732,83740.49
4500454,10,2023-05-17,2023-06-01,2000116,40000104,1020,47890.0,2.0611,98704.16
4500455,10,2023-05-17,2023-06-02,2000116,40000104,1020,47890.0,1.9706,94372.51
4502499,10,2023-05-17,2023-05-30,2000103,10000105,1010,32860.0,1.2083,39705.72
4502833,10,2023-05-17,2023-05-30,2000105,10000107,1010,34220.0,2.7361,93629.0
4503775,10,2023-05-17,2023-06-02,2000111,10000206,1020,30520.0,0.4667,14242.77
4504216,10,2023-05-17,2023-05-26,2000114,10000209,1020,48870.0,2.03,99208.54
4503054,10,2023-05-18,2023-05-28,2000107,10000201,1020,69120.0,2.545,175913.16
4504215,10,2023-05-18,2023-06-01,2000114,10000209,1020,48870.0,2.1454,104847.65
4501140,10,2023-05-19,2023-06-05,2000115,40000109,1020,29100.0,1.4975,43577.25
4504218,10,2023-05-19,2023-06-07,2000113,10000209,1020,48870.0,1.9715,96345.25
4500825,10,2023-05-20,2023-06-09,2000118,40000107,1020,27930.0,2.2987,64203.25
4501302,10,2023-05-20,2023-05-29,2000115,40000110,1020,33930.0,1.2576,42671.05
4502112,10,2023-05-20,2023-05-27,2000103,10000103,1010,50440.0,1.0099,50937.34
4502832,10,2023-05-20,2023-06-02,2000105,10000107,1010,34220.0,2.7391,93730.29
4501751,10,2023-05-21,2023-06-05,2000101,10000101,1010,258840.0,1.1557,299133.62
4502113,10,2023-05-22,2023-05-27,2000103,10000103,1010,50440.0,1.0266,51782.71
4503289,10,2023-05-22,2023-06-08,2000108,10000203,1020,4870.0,0.1288,627.11
4503396,10,2023-05-23,2023-05-30,2000109,10000204,1020,52560.0,0.9743,51207.63
4503935,10,2023-05-23,2023-06-04,2000112,10000207,1020,42440.0,1.9387,82278.85
4504443,10,2023-05-23,2023-06-04,2000114,10000210,1020,60110.0,1.8085,108707.13
4500708,10,2023-05-24,2023-06-13,2000117,40000106,1020,24750.0,2.8965,71688.13
4502115,10,2023-05-25,2023-06-09,2000103,10000103,1010,50440.0,1.0344,52176.65
4502693,10,2023-05-25,2023-06-08,2000105,10000106,1010,34440.0,2.3678,81547.03
4500366,10,2023-05-26,2023-05-31,2000116,40000103,1020,7770.0,1.6833,13079.01
4500457,10,2023-05-26,2023-06-11,2000116,40000104,1020,47890.0,2.0194,96710.5
4500707,10,2023-05-26,2023-06-11,2000117,40000106,1020,24750.0,2.8137,69640.06
4503395,10,2023-05-26,2023-06-06,2000109,10000204,1020,52560.0,0.9971,52409.15
4503608,10,2023-05-26,2023-06-06,2000110,10000205,1020,31360.0,0.8642,27099.74
4503777,10,2023-05-26,2023-06-09,2000111,10000206,1020,30520.0,0.4647,14182.03
4500053,10,2023-05-27,2023-06-14,2000116,40000101,1020,53750.0,1.2087,64967.62
4502304,10,2023-05-27,2023-06-10,2000104,10000104,1010,65550.0,1.4268,93525.43
4502694,10,2023-05-27,2023-06-12,2000105,10000106,1010,34440.0,2.314,79693.13
4500710,10,2023-06-01,2023-06-17,2000117,40000106,1020,35920.0,2.6659,95759.85
4504222,10,2023-06-01,2023-06-12,2000113,10000209,1020,52090.0,1.9489,101516.12
4500367,10,2023-06-02,2023-06-15,2000116,40000103,1020,29490.0,1.8708,55168.71
4501757,10,2023-06-02,2023-06-07,2000101,10000101,1010,301630.0,1.1701,352928.21
4502116,10,2023-06-02,2023-06-12,2000103,10000103,1010,67690.0,1.056,71481.32
4501144,10,2023-06-03,2023-06-22,2000115,40000109,1020,33140.0,1.5462,51240.74
4501527,10,2023-06-03,2023-06-12,2000119,40000111,1020,71840.0,2.0955,150540.72
4501754,10,2023-06-03,2023-06-23,2000101,10000101,1010,301630.0,1.1488,346524.61
4502836,10,2023-06-03,2023-06-08,2000105,10000107,1010,33110.0,2.7404,90733.65
4501306,10,2023-06-04,2023-06-19,2000115,40000110,1020,47100.0,1.2018,56606.66
4502117,10,2023-06-04,2023-06-19,2000103,10000103,1010,67690.0,1.0252,69395.79
4502119,10,2023-06-04,2023-06-11,2000103,10000103,1010,67690.0,0.9638,65243.01
4503400,10,2023-06-04,2023-06-21,2000109,10000204,1020,78820.0,0.9434,74358.0
4504221,10,2023-06-04,2023-06-11,2000114,10000209,1020,52090.0,2.097,109234.29
4500237,10,2023-06-05,2023-06-24,2000116,40000102,1020,39340.0,1.3458,52944.17
4502307,10,2023-06-05,2023-06-10,2000104,10000104,1010,43010.0,1.45,62362.78
4501308,10,2023-06-06,2023-06-19,2000115,40000110,1020,47100.0,1.2238,57639.57
4501529,10,2023-06-06,2023-06-12,2000119,40000111,1020,71840.0,2.1987,157953.17
4502118,10,2023-06-06,2023-06-12,2000103,10000103,1010,67690.0,1.0017,67807.78
4503290,10,2023-06-06,2023-06-19,2000108,10000203,1020,5840.0,0.123,718.14
4503778,10,2023-06-06,2023-06-17,2000111,10000206,1020,30750.0,0.487,14975.56
4501526,10,2023-06-07,2023-06-19,2000119,40000111,1020,71840.0,2.0972,150659.26
4503611,10,2023-06-07,2023-06-24,2000110,10000205,1020,28900.0,0.8323,24052.89
4503939,10,2023-06-07,2023-06-19,2000112,10000207,1020,44890.0,1.8421,82691.42
4500612,10,2023-06-08,2023-06-23,2000117,40000105,1020,39070.0,2.3854,93195.62
4501305,10,2023-06-08,2023-06-13,2000115,40000110,1020,47100.0,1.2143,57192.12
4502308,10,2023-06-08,2023-06-13,2000104,10000104,1010,43010.0,1.3693,58894.45
4502837,10,2023-06-08,2023-06-21,2000105,10000107,1010,33110.0,2.7543,91196.2
4500057,10,2023-06-09,2023-06-27,2000116,40000101,1020,35120.0,1.1258,39538.8
4500826,10,2023-06-09,2023-06-21,2000118,40000107,1020,25000.0,2.2636,56589.25
4501142,10,2023-06-09,2023-06-24,2000115,40000109,1020,33140.0,1.5402,51042.23
4503938,10,2023-06-09,2023-06-15,2000112,10000207,1020,44890.0,1.9365,86930.83
4504445,10,2023-06-09,2023-06-29,2000113,10000210,1020,80360.0,1.8201,146265.65
4504446,10,2023-06-09,2023-06-15,2000114,10000210,1020,80360.0,1.859,149385.22
4500056,10,2023-06-10,2023-06-18,2000116,40000101,1020,35120.0,1.1696,41075.3
4502949,10,2023-06-10,2023-06-27,2000106,10000108,1010,1300.0,9.3088,12101.47
4503941,10,2023-06-10,2023-06-30,2000112,10000207,1020,44890.0,1.9266,86485.97
4500611,10,2023-06-11,2023-06-18,2000117,40000105,1020,39070.0,2.3494,91791.06
4501528,10,2023-06-11,2023-06-30,2000119,40000111,1020,71840.0,2.0935,150397.04
4502309,10,2023-06-11,2023-06-21,2000104,10000104,1010,43010.0,1.3755,59159.82
4503060,10,2023-06-11,2023-06-17,2000107,10000201,1020,67270.0,2.472,166290.09
4503779,10,2023-06-11,2023-06-23,2000111,10000206,1020,30750.0,0.483,14853.48
4504219,10,2023-06-11,2023-06-27,2000113,10000209,1020,52090.0,1.9553,101852.1
4502501,10,2023-06-12,2023-06-25,2000103,10000105,1010,27560.0,1.1989,33040.86
4503057,10,2023-06-12,2023-06-23,2000107,10000201,1020,67270.0,2.5177,169367.7
4502835,10,2023-06-13,2023-06-21,2000105,10000107,1010,33110.0,2.7882,92318.63
4503612,10,2023-06-13,2023-06-22,2000110,10000205,1020,28900.0,0.8276,23919.08
4500235,10,2023-06-14,2023-07-02,2000116,40000102,1020,39340.0,1.3555,53325.37
4503613,10,2023-06-15,2023-06-20,2000110,10000205,1020,28900.0,0.8188,23661.88
4500709,10,2023-06-16,2023-06-23,2000117,40000106,1020,35920.0,2.7762,99720.74
4500966,10,2023-06-16,2023-06-26,2000115,40000108,1020,45980.0,1.0822,49758.18
4501307,10,2023-06-16,2023-06-25,2000115,40000110,1020,47100.0,1.229,57886.84
4502502,10,2023-06-16,2023-06-24,2000103,10000105,1010,27560.0,1.1707,32265.59
4503233,10,2023-06-16,2023-07-01,2000106,10000202,1020,120.0,12.7386,1528.63
4504111,10,2023-06-17,2023-06-30,2000108,10000208,1020,520.0,0.5784,300.75
4500964,10,2023-06-18,2023-07-06,2000115,40000108,1020,45980.0,1.0794,49629.43
4503399,10,2023-06-18,2023-06-25,2000109,10000204,1020,78820.0,0.9648,76047.9
4504220,10,2023-06-18,2023-06-30,2000114,10000209,1020,52090.0,2.083,108505.03
4504444,10,2023-06-18,2023-06-23,2000114,10000210,1020,80360.0,1.8578,149290.4
4500055,10,2023-06-19,2023-06-28,2000116,40000101,1020,35120.0,1.1705,41107.26
4500236,10,2023-06-19,2023-06-24,2000116,40000102,1020,39340.0,1.3646,53684.94
4500460,10,2023-06-19,2023-07-08,2000116,40000104,1020,36570.0,2.0161,73729.14
4501145,10,2023-06-20,2023-06-28,2000115,40000109,1020,33140.0,1.5066,49930.38
4503780,10,2023-06-20,2023-06-25,2000111,10000206,1020,30750.0,0.4799,14757.54
4504621,10,2023-06-20,2023-06-30,2000115,10000109,1010,3400.0,1.984,6745.77
4501957,10,2023-06-21,2023-07-02,2000102,10000102,1010,28030.0,2.1962,61558.08
4503398,10,2023-06-21,2023-07-01,2000109,10000204,1020,78820.0,0.9296,73269.5
4503401,10,2023-06-21,2023-07-03,2000109,10000204,1020,78820.0,0.9545,75230.54
4504447,10,2023-06-21,2023-07-02,2000113,10000210,1020,80360.0,1.7991,144576.48
4500054,10,2023-06-22,2023-06-30,2000116,40000101,1020,35120.0,1.1612,40780.64
4500963,10,2023-06-22,2023-07-08,2000115,40000108,1020,45980.0,1.0487,48220.15
4500965,10,2023-06-22,2023-07-02,2000115,40000108,1020,45980.0,1.0627,48861.11
4501959,10,2023-06-22,2023-07-04,2000102,10000102,1010,28030.0,2.1754,60977.86
4502696,10,2023-06-22,2023-06-27,2000105,10000106,1010,39350.0,2.2181,87283.42
4501143,10,2023-06-24,2023-07-04,2000115,40000109,1020,33140.0,1.5313,50746.29
4501756,10,2023-06-24,2023-07-02,2000101,10000101,1010,301630.0,1.2008,362209.37
4500238,10,2023-06-25,2023-06-30,2000116,40000102,1020,39340.0,1.2839,50508.23
4500458,10,2023-06-25,2023-07-11,2000116,40000104,1020,36570.0,2.0189,73832.27
4500827,10,2023-06-25,2023-07-10,2000118,40000107,1020,25000.0,2.1929,54823.0
4502306,10,2023-06-25,2023-07-06,2000104,10000104,1010,43010.0,1.4334,61649.24
4502500,10,2023-06-25,2023-07-13,2000103,10000105,1010,27560.0,1.165,32107.95
4502697,10,2023-06-25,2023-07-08,2000105,10000106,1010,39350.0,2.1971,86453.92
4500459,10,2023-06-26,2023-07-03,2000116,40000104,1020,36570.0,1.9958,72984.94
4501958,10,2023-06-26,2023-07-11,2000102,10000102,1010,28030.0,2.1576,60477.53
4503059,10,2023-06-26,2023-07-14,2000107,10000201,1020,67270.0,2.5438,171122.1
4503940,10,2023-06-26,2023-07-09,2000112,10000207,1020,44890.0,1.9212,86241.77
4501755,10,2023-06-27,2023-07-12,2000101,10000101,1010,301630.0,1.1592,349640.45
4503058,10,2023-06-27,2023-07-05,2000107,10000201,1020,67270.0,2.5947,174544.8
4501309,10,2023-07-01,2023-07-09,2000115,40000110,1020,78970.0,1.2043,95104.36
4503615,10,2023-07-01,2023-07-13,2000110,10000205,1020,31010.0,0.824,25551.62
4503943,10,2023-07-01,2023-07-20,2000112,10000207,1020,45940.0,1.9013,87347.1
4501146,10,2023-07-02,2023-07-09,2000115,40000109,1020,28860.0,1.5683,45261.72
4504450,10,2023-07-02,2023-07-09,2000113,10000210,1020,63140.0,1.8271,115361.2
4500711,10,2023-07-03,2023-07-13,2000117,40000106,1020,11450.0,2.6938,30844.01
4501147,10,2023-07-03,2023-07-10,2000115,40000109,1020,28860.0,1.5047,43426.8
4501532,10,2023-07-03,2023-07-23,2000119,40000111,1020,99870.0,2.1115,210873.51
4502950,10,2023-07-03,2023-07-10,2000106,10000108,1010,1250.0,9.6612,12076.55
4503783,10,2023-07-03,2023-07-22,2000111,10000206,1020,30010.0,0.4747,14246.65
4501311,10,2023-07-04,2023-07-18,2000115,40000110,1020,78970.0,1.1924,94161.46
4502839,10,2023-07-04,2023-07-20,2000105,10000107,1010,23090.0,2.8111,64908.99
4503291,10,2023-07-04,2023-07-22,2000108,10000203,1020,4350.0,0.1285,558.8
4504225,10,2023-07-04,2023-07-21,2000113,10000209,1020,34230.0,2.0342,69631.01
4500060,10,2023-07-05,2023-07-19,2000116,40000101,1020,37540.0,1.1739,44069.71
4504112,10,2023-07-05,2023-07-10,2000108,10000208,1020,540.0,0.5851,315.93
4503781,10,2023-07-06,2023-07-16,2000111,10000206,1020,30010.0,0.4829,14492.43
4504449,10,2023-07-06,2023-07-24,2000114,10000210,1020,63140.0,1.8382,116067.1
4502310,10,2023-07-07,2023-07-26,2000104,10000104,1010,49630.0,1.4615,72535.24
4502123,10,2023-07-08,2023-07-28,2000103,10000103,1010,76410.0,1.0106,77219.18
4502313,10,2023-07-08,2023-07-26,2000104,10000104,1010,49630.0,1.4352,71226.99
4504451,10,2023-07-08,2023-07-27,2000113,10000210,1020,63140.0,1.7894,112980.19
4500239,10,2023-07-09,2023-07-27,2000116,40000102,1020,29220.0,1.3324,38932.14
4500968,10,2023-07-09,2023-07-16,2000115,40000108,1020,27880.0,1.0326,28787.77
4501310,10,2023-07-09,2023-07-18,2000115,40000110,1020,78970.0,1.2127,95770.08
4502122,10,2023-07-09,2023-07-24,2000103,10000103,1010,76410.0,1.0282,78563.23
4502699,10,2023-07-09,2023-07-20,2000105,10000106,1010,29010.0,2.1859,63413.83
4503063,10,2023-07-09,2023-07-29,2000107,10000201,1020,55110.0,2.5096,138301.85
4503405,10,2023-07-09,2023-07-14,2000109,10000204,1020,66250.0,0.9583,63488.04
4503062,10,2023-07-10,2023-07-24,2000107,10000201,1020,55110.0,2.417,133199.77
4503064,10,2023-07-10,2023-07-29,2000107,10000201,1020,55110.0,2.5726,141773.78
4503402,10,2023-07-10,2023-07-16,2000109,10000204,1020,66250.0,0.9484,62828.85
4504622,10,2023-07-10,2023-07-30,2000115,10000109,1010,3200.0,1.9809,6338.82
4502838,10,2023-07-11,2023-07-20,2000105,10000107,1010,23090.0,2.8122,64933.47
4500461,10,2023-07-12,2023-07-21,2000116,40000104,1020,39400.0,2.0097,79182.18
4501533,10,2023-07-12,2023-07-18,2000119,40000111,1020,99870.0,2.1538,215102.0
4502120,10,2023-07-12,2023-07-28,2000103,10000103,1010,76410.0,1.002,76564.35
4500061,10,2023-07-13,2023-07-18,2000116,40000101,1020,37540.0,1.1783,44233.76
4501530,10,2023-07-13,2023-07-19,2000119,40000111,1020,99870.0,2.1203,211757.36
4501759,10,2023-07-13,2023-07-23,2000101,10000101,1010,272820.0,1.1991,327146.65
4501760,10,2023-07-13,2023-07-24,2000101,10000101,1010,272820.0,1.1609,316716.74
4501960,10,2023-07-13,2023-07-22,2000101,10000102,1010,38390.0,2.1471,82425.63
4502504,10,2023-07-13,2023-07-23,2000103,10000105,1010,33730.0,1.1318,38176.29
4503404,10,2023-07-13,2023-07-23,2000109,10000204,1020,66250.0,0.9702,64275.75
4503616,10,2023-07-13,2023-07-18,2000110,10000205,1020,31010.0,0.8415,26093.67
4501758,10,2023-07-14,2023-07-23,2000101,10000101,1010,272820.0,1.1433,311904.19
4502503,10,2023-07-14,2023-08-02,2000103,10000105,1010,33730.0,1.1191,37745.89
4503782,10,2023-07-14,2023-07-27,2000111,10000206,1020,30010.0,0.4663,13993.36
4500058,10,2023-07-15,2023-07-26,2000116,40000101,1020,37540.0,1.1982,44978.93
4500967,10,2023-07-15,2023-07-21,2000115,40000108,1020,27880.0,1.0793,30090.33
4501961,10,2023-07-15,2023-07-30,2000102,10000102,1010,38390.0,2.0467,78574.35
4503061,10,2023-07-15,2023-07-31,2000107,10000201,1020,55110.0,2.58,142186.0
4503234,10,2023-07-15,2023-07-24,2000106,10000202,1020,80.0,12.7691,1021.52
4503944,10,2023-07-15,2023-07-24,2000112,10000207,1020,45940.0,1.9768,90816.03
4504224,10,2023-07-15,2023-08-03,2000113,10000209,1020,34230.0,1.9122,65454.26
4500828,10,2023-07-16,2023-07-22,2000118,40000107,1020,35310.0,2.1952,77513.57
4500829,10,2023-07-16,2023-08-01,2000118,40000107,1020,35310.0,2.2059,77892.09
4502505,10,2023-07-16,2023-07-25,2000103,10000105,1010,33730.0,1.2064,40692.21
4501148,10,2023-07-17,2023-07-26,2000115,40000109,1020,28860.0,1.5683,45262.0
4503614,10,2023-07-17,2023-08-06,2000110,10000205,1020,31010.0,0.8365,25939.24
4501761,10,2023-07-19,2023-07-26,2000101,10000101,1010,272820.0,1.2155,331615.44
4503945,10,2023-07-19,2023-08-06,2000112,10000207,1020,45940.0,1.8678,85805.81
4504223,10,2023-07-19,2023-07-26,2000113,10000209,1020,34230.0,1.9936,68239.56
4500059,10,2023-07-20,2023-08-08,2000116,40000101,1020,37540.0,1.156,43394.74
4500462,10,2023-07-20,2023-08-04,2000116,40000104,1020,39400.0,2.0946,82528.42
4503942,10,2023-07-20,2023-07-28,2000112,10000207,1020,45940.0,1.8659,85719.45
4504448,10,2023-07-21,2023-08-04,2000114,10000210,1020,63140.0,1.8186,114828.3
4500830,10,2023-07-22,2023-07-29,2000118,40000107,1020,35310.0,2.2722,80231.74
4502311,10,2023-07-22,2023-07-30,2000104,10000104,1010,49630.0,1.4076,69857.2
4502698,10,2023-07-22,2023-08-09,2000105,10000106,1010,29010.0,2.305,66868.92
4501312,10,2023-07-23,2023-08-12,2000115,40000110,1020,78970.0,1.227,96896.19
4500613,10,2023-07-24,2023-08-05,2000117,40000105,1020,13890.0,2.2906,31816.71
4501531,10,2023-07-24,2023-08-01,2000119,40000111,1020,99870.0,2.0747,207198.29
4503403,10,2023-07-24,2023-08-08,2000109,10000204,1020,66250.0,0.9605,63631.8
4502121,10,2023-07-25,2023-07-30,2000103,10000103,1010,76410.0,0.9664,73842.62
4502312,10,2023-07-25,2023-07-31,2000104,10000104,1010,49630.0,1.4508,72004.2
4501536,10,2023-08-01,2023-08-09,2000119,40000111,1020,63650.0,2.1913,139476.24
4502315,10,2023-08-01,2023-08-08,2000104,10000104,1010,36970.0,1.3949,51569.82
4503066,10,2023-08-01,2023-08-15,2000107,10000201,1020,80560.0,2.4796,199753.35
4500970,10,2023-08-02,2023-08-14,2000115,40000108,1020,42790.0,1.0722,45877.3
4501763,10,2023-08-04,2023-08-22,2000101,10000101,1010,269570.0,1.169,315127.33
4503948,10,2023-08-04,2023-08-19,2000112,10000207,1020,61110.0,1.891,115559.62
4500241,10,2023-08-05,2023-08-13,2000116,40000102,1020,35680.0,1.3469,48057.39
4501534,10,2023-08-05,2023-08-18,2000119,40000111,1020,63650.0,2.1233,135149.32
4502701,10,2023-08-05,2023-08-23,2000105,10000106,1010,37380.0,2.1748,81295.89
4503785,10,2023-08-05,2023-08-22,2000111,10000206,1020,39270.0,0.4663,18313.17
4500969,10,2023-08-06,2023-08-21,2000115,40000108,1020,42790.0,1.0217,43716.83
4503786,10,2023-08-06,2023-08-20,2000111,10000206,1020,39270.0,0.4748,18645.79
4502702,10,2023-08-07,2023-08-27,2000105,10000106,1010,37380.0,2.2454,83932.68
4503292,10,2023-08-07,2023-08-16,2000108,10000203,1020,5080.0,0.1283,651.81
4503619,10,2023-08-07,2023-08-12,2000110,10000205,1020,27860.0,0.8362,23297.65
4504623,10,2023-08-07,2023-08-13,2000115,10000109,1010,1900.0,1.9708,3744.62
4500463,10,2023-08-08,2023-08-14,2000116,40000104,1020,37530.0,2.0093,75408.65
4502840,10,2023-08-08,2023-08-19,2000105,10000107,1010,23840.0,2.7416,65360.94
4503947,10,2023-08-08,2023-08-24,2000112,10000207,1020,61110.0,1.87,114273.26
4501764,10,2023-08-09,2023-08-16,2000101,10000101,1010,269570.0,1.1689,315105.76
4501962,10,2023-08-09,2023-08-27,2000101,10000102,1010,26890.0,2.0978,56409.3
4502700,10,2023-08-09,2023-08-28,2000105,10000106,1010,37380.0,2.2208,83013.88
4504113,10,2023-08-09,2023-08-22,2000108,10000208,1020,670.0,0.5745,384.93
4501149,10,2023-08-10,2023-08-19,2000115,40000109,1020,29730.0,1.4817,44051.83
4502124,10,2023-08-10,2023-08-27,2000103,10000103,1010,75370.0,1.028,77477.35
4503784,10,2023-08-10,2023-08-19,2000111,10000206,1020,39270.0,0.4776,18753.78
4500063,10,2023-08-11,2023-08-27,2000116,40000101,1020,38770.0,1.1807,45776.51
4500972,10,2023-08-11,2023-08-22,2000115,40000108,1020,42790.0,1.0558,45177.25
4502951,10,2023-08-11,2023-08-25,2000106,10000108,1010,1310.0,9.337,12231.52
4503067,10,2023-08-11,2023-08-26,2000107,10000201,1020,80560.0,2.4869,200345.47
4500368,10,2023-08-12,2023-08-23,2000116,40000103,1020,20800.0,1.7747,36913.34
4501963,10,2023-08-12,2023-08-27,2000101,10000102,1010,26890.0,2.0378,54795.37
4504226,10,2023-08-12,2023-08-31,2000113,10000209,1020,53250.0,1.953,103998.32
4500712,10,2023-08-13,2023-08-27,2000117,40000106,1020,25960.0,2.7612,71681.01
4500832,10,2023-08-13,2023-08-24,2000118,40000107,1020,28920.0,2.2662,65539.37
4501765,10,2023-08-13,2023-08-21,2000101,10000101,1010,269570.0,1.1336,305584.55
4503065,10,2023-08-13,2023-08-28,2000107,10000201,1020,80560.0,2.532,203981.14
4503946,10,2023-08-13,2023-09-01,2000112,10000207,1020,61110.0,1.8916,115596.29
4503949,10,2023-08-13,2023-08-30,2000112,10000207,1020,61110.0,1.8961,115869.45
4504227,10,2023-08-13,2023-08-26,2000114,10000209,1020,53250.0,2.0182,107469.68
4502126,10,2023-08-14,2023-08-23,2000103,10000103,1010,75370.0,1.0389,78301.14
4502506,10,2023-08-14,2023-09-02,2000103,10000105,1010,34410.0,1.1552,39750.78
4503618,10,2023-08-14,2023-08-28,2000110,10000205,1020,27860.0,0.8622,24020.89
4504228,10,2023-08-14,2023-09-02,2000113,10000209,1020,53250.0,1.9273,102628.19
4500614,10,2023-08-15,2023-09-02,2000117,40000105,1020,31540.0,2.3723,74823.6
4500971,10,2023-08-15,2023-09-03,2000115,40000108,1020,42790.0,1.0386,44440.84
4500831,10,2023-08-16,2023-08-25,2000118,40000107,1020,28920.0,2.2465,64969.36
4501964,10,2023-08-17,2023-08-28,2000101,10000102,1010,26890.0,2.0649,55524.89
4502125,10,2023-08-17,2023-08-22,2000103,10000103,1010,75370.0,0.9997,75346.64
4502841,10,2023-08-17,2023-08-31,2000105,10000107,1010,23840.0,2.7122,64660.04
4500242,10,2023-08-18,2023-08-27,2000116,40000102,1020,35680.0,1.3053,46572.75
4500240,10,2023-08-19,2023-08-28,2000116,40000102,1020,35680.0,1.3524,48252.2
4501150,10,2023-08-19,2023-08-24,2000115,40000109,1020,29730.0,1.5307,45508.31
4502507,10,2023-08-19,2023-08-28,2000103,10000105,1010,34410.0,1.1464,39445.9
4500464,10,2023-08-20,2023-08-31,2000116,40000104,1020,37530.0,1.9885,74626.9
4502316,10,2023-08-20,2023-08-31,2000104,10000104,1010,36970.0,1.385,51203.45
4503235,10,2023-08-20,2023-08-29,2000106,10000202,1020,140.0,12.7223,1781.12
4501313,10,2023-08-21,2023-09-10,2000115,40000110,1020,30130.0,1.2577,37895.4
4501316,10,2023-08-21,2023-08-29,2000115,40000110,1020,30130.0,1.2245,36894.18
4501535,10,2023-08-21,2023-08-30,2000119,40000111,1020,63650.0,2.1332,135777.54
4501315,10,2023-08-22,2023-09-09,2000115,40000110,1020,30130.0,1.1561,34834.2
4502317,10,2023-08-22,2023-08-28,2000104,10000104,1010,36970.0,1.4633,54096.72
4503407,10,2023-08-22,2023-08-31,2000109,10000204,1020,52840.0,0.9348,49394.83
4504229,10,2023-08-22,2023-09-01,2000114,10000209,1020,53250.0,2.0219,107666.71
4504454,10,2023-08-22,2023-09-06,2000113,10000210,1020,70950.0,1.7621,125023.83
4500064,10,2023-08-23,2023-09-04,2000116,40000101,1020,38770.0,1.178,45670.67
4502314,10,2023-08-23,2023-09-05,2000104,10000104,1010,36970.0,1.4458,53452.7
4503408,10,2023-08-23,2023-09-06,2000109,10000204,1020,52840.0,0.9675,51122.7
4500369,10,2023-08-24,2023-08-29,2000116,40000103,1020,20800.0,1.7999,37437.09
4500465,10,2023-08-24,2023-09-12,2000116,40000104,1020,37530.0,2.0413,76608.86
4501314,10,2023-08-24,2023-09-03,2000115,40000110,1020,30130.0,1.248,37601.34
4503617,10,2023-08-24,2023-09-01,2000110,10000205,1020,27860.0,0.8538,23786.59
4504452,10,2023-08-24,2023-08-30,2000114,10000210,1020,70950.0,1.8288,129755.49
4504453,10,2023-08-24,2023-09-04,2000114,10000210,1020,70950.0,1.8863,133833.69
4504455,10,2023-08-24,2023-09-03,2000113,10000210,1020,70950.0,1.799,127638.34
4502127,10,2023-08-25,2023-08-31,2000103,10000103,1010,75370.0,0.9802,73881.44
4503409,10,2023-08-25,2023-09-10,2000109,10000204,1020,52840.0,0.9367,49496.28
4500062,10,2023-08-26,2023-08-31,2000116,40000101,1020,38770.0,1.1639,45122.85
4501537,10,2023-08-26,2023-09-06,2000119,40000111,1020,63650.0,2.1252,135272.16
4503406,10,2023-08-26,2023-09-04,2000109,10000204,1020,52840.0,0.9444,49901.57
4501762,10,2023-08-27,2023-09-10,2000101,10000101,1010,269570.0,1.1497,309932.72
4503068,10,2023-08-27,2023-09-12,2000107,10000201,1020,80560.0,2.5141,202536.7
4501320,10,2023-09-01,2023-09-10,2000115,40000110,1020,52260.0,1.1983,62625.25
4502129,10,2023-09-01,2023-09-11,2000103,10000103,1010,58190.0,1.0053,58497.83
4503410,10,2023-09-01,2023-09-14,2000109,10000204,1020,84930.0,0.9297,78961.12
4503951,10,2023-09-01,2023-09-11,2000112,10000207,1020,31850.0,1.9219,61212.52
4504232,10,2023-09-01,2023-09-08,2000114,10000209,1020,47540.0,2.0874,99236.9
4501319,10,2023-09-02,2023-09-07,2000115,40000110,1020,52260.0,1.2207,63794.83
4502842,10,2023-09-02,2023-09-16,2000105,10000107,1010,32580.0,2.6969,87865.98
4501768,10,2023-09-03,2023-09-10,2000101,10000101,1010,322960.0,1.1717,378425.15
4504230,10,2023-09-03,2023-09-10,2000114,10000209,1020,47540.0,2.0343,96711.57
4504457,10,2023-09-03,2023-09-12,2000113,10000210,1020,84130.0,1.8045,151809.22
4500065,10,2023-09-05,2023-09-12,2000116,40000101,1020,11180.0,1.1733,13117.61
4504231,10,2023-09-05,2023-09-19,2000113,10000209,1020,47540.0,2.0096,95537.81
4501540,10,2023-09-06,2023-09-20,2000119,40000111,1020,47890.0,2.1566,103281.01
4501967,10,2023-09-06,2023-09-24,2000102,10000102,1010,29970.0,2.1705,65050.18
4500370,10,2023-09-07,2023-09-15,2000116,40000103,1020,31920.0,1.7773,56732.69
4501151,10,2023-09-07,2023-09-19,2000115,40000109,1020,28860.0,1.4629,42219.01
4501766,10,2023-09-07,2023-09-22,2000101,10000101,1010,322960.0,1.1551,373051.1
4502320,10,2023-09-07,2023-09-23,2000104,10000104,1010,37300.0,1.4316,53400.54
4500466,10,2023-09-08,2023-09-21,2000116,40000104,1020,33230.0,2.0182,67065.78
4503622,10,2023-09-08,2023-09-18,2000110,10000205,1020,38990.0,0.8437,32895.86
4502704,10,2023-09-09,2023-09-18,2000105,10000106,1010,27970.0,2.2178,62030.47
4503952,10,2023-09-09,2023-09-24,2000112,10000207,1020,31850.0,1.9341,61600.45
4500713,10,2023-09-10,2023-09-29,2000117,40000106,1020,35700.0,2.7141,96893.37
4501153,10,2023-09-10,2023-09-24,2000115,40000109,1020,28860.0,1.5163,43760.42
4503787,10,2023-09-10,2023-09-17,2000111,10000206,1020,27430.0,0.4507,12361.6
4503788,10,2023-09-10,2023-09-25,2000111,10000206,1020,27430.0,0.4622,12677.05
4501152,10,2023-09-11,2023-09-17,2000115,40000109,1020,28860.0,1.5431,44533.29
4503072,10,2023-09-11,2023-09-25,2000107,10000201,1020,60320.0,2.503,150982.17
4503413,10,2023-09-11,2023-09-16,2000109,10000204,1020,84930.0,0.9588,81431.73
4502952,10,2023-09-12,2023-09-27,2000106,10000108,1010,970.0,9.8635,9567.6
4502321,10,2023-09-13,2023-09-28,2000104,10000104,1010,37300.0,1.4373,53610.54
4503950,10,2023-09-13,2023-09-29,2000112,10000207,1020,31850.0,1.8773,59792.96
4500976,10,2023-09-15,2023-09-25,2000115,40000108,1020,50960.0,1.0257,52271.2
4501318,10,2023-09-15,2023-09-27,2000115,40000110,1020,52260.0,1.2005,62739.7
4502128,10,2023-09-15,2023-09-20,2000103,10000103,1010,58190.0,1.0035,58395.99
4503071,10,2023-09-15,2023-09-20,2000107,10000201,1020,60320.0,2.4649,148680.96
4503621,10,2023-09-15,2023-10-05,2000110,10000205,1020,38990.0,0.8383,32684.15
4500975,10,2023-09-16,2023-09-25,2000115,40000108,1020,50960.0,1.0436,53182.37
4501538,10,2023-09-16,2023-10-06,2000119,40000111,1020,47890.0,2.1586,103376.79
4500243,10,2023-09-17,2023-10-02,2000116,40000102,1020,33910.0,1.2505,42404.12
4500615,10,2023-09-18,2023-10-06,2000117,40000105,1020,12870.0,2.347,30206.15
4500714,10,2023-09-18,2023-09-24,2000117,40000106,1020,35700.0,2.6927,96129.75
4501539,10,2023-09-18,2023-09-26,2000119,40000111,1020,47890.0,2.0478,98067.71
4502131,10,2023-09-18,2023-09-30,2000103,10000103,1010,58190.0,1.0143,59019.21
4502319,10,2023-09-18,2023-09-25,2000104,10000104,1010,37300.0,1.4341,53492.68
4503069,10,2023-09-18,2023-09-28,2000107,10000201,1020,60320.0,2.5572,154252.11
4501767,10,2023-09-19,2023-10-02,2000101,10000101,1010,322960.0,1.1711,378208.77
4501965,10,2023-09-19,2023-10-02,2000102,10000102,1010,29970.0,2.0205,60554.98
4501541,10,2023-09-20,2023-09-25,2000119,40000111,1020,47890.0,2.0901,100095.37
4502318,10,2023-09-20,2023-09-25,2000104,10000104,1010,37300.0,1.4292,53308.04
4501317,10,2023-09-21,2023-10-10,2000115,40000110,1020,52260.0,1.2574,65709.11
4501966,10,2023-09-21,2023-10-05,2000101,10000102,1010,29970.0,2.1024,63009.83
4504233,10,2023-09-21,2023-10-03,2000113,10000209,1020,47540.0,1.917,91135.61
4500973,10,2023-09-22,2023-10-11,2000115,40000108,1020,50960.0,1.0426,53130.9
4502703,10,2023-09-22,2023-10-07,2000105,10000106,1010,27970.0,2.1772,60897.12
4503293,10,2023-09-22,2023-09-27,2000108,10000203,1020,5110.0,0.1314,671.35
4503953,10,2023-09-22,2023-10-08,2000112,10000207,1020,31850.0,1.9276,61393.1
4504456,10,2023-09-22,2023-09-29,2000114,10000210,1020,84130.0,1.8657,156964.71
4504459,10,2023-09-22,2023-10-10,2000113,10000210,1020,84130.0,1.8087,152165.93
4500974,10,2023-09-23,2023-10-11,2000115,40000108,1020,50960.0,1.0344,52712.0
4503236,10,2023-09-23,2023-10-13,2000106,10000202,1020,100.0,12.7872,1278.72
4503411,10,2023-09-23,2023-10-01,2000109,10000204,1020,84930.0,0.9586,81417.3
4503412,10,2023-09-23,2023-10-12,2000109,10000204,1020,84930.0,0.9726,82600.37
4504114,10,2023-09-23,2023-10-04,2000108,10000208,1020,360.0,0.5683,204.6
4504458,10,2023-09-23,2023-10-02,2000114,10000210,1020,84130.0,1.8001,151445.78
4500245,10,2023-09-24,2023-10-04,2000116,40000102,1020,33910.0,1.2958,43940.92
4500244,10,2023-09-25,2023-10-13,2000116,40000102,1020,33910.0,1.3272,45004.33
4501769,10,2023-09-25,2023-10-12,2000101,10000101,1010,322960.0,1.1928,385239.61
4502508,10,2023-09-25,2023-10-02,2000103,10000105,1010,36420.0,1.1614,42299.28
4502509,10,2023-09-25,2023-10-03,2000103,10000105,1010,36420.0,1.1519,41953.29
4504624,10,2023-09-25,2023-10-11,2000115,10000109,1010,1900.0,1.9891,3779.25
4503620,10,2023-09-26,2023-10-13,2000110,10000205,1020,38990.0,0.8328,32468.92
4500467,10,2023-09-27,2023-10-02,2000116,40000104,1020,33230.0,1.9788,65756.19
4502130,10,2023-09-27,2023-10-11,2000103,10000103,1010,58190.0,0.9872,57448.08
4503070,10,2023-09-27,2023-10-13,2000107,10000201,1020,60320.0,2.5462,153584.97
4500616,10,2023-10-01,2023-10-15,2000117,40000105,1020,7310.0,2.2988,16803.94
4503237,10,2023-10-01,2023-10-18,2000106,10000202,1020,100.0,12.3868,1238.68
4503955,10,2023-10-01,2023-10-12,2000112,10000207,1020,63560.0,1.9562,124335.44
4500468,10,2023-10-02,2023-10-07,2000116,40000104,1020,59380.0,2.0361,120903.62
4502132,10,2023-10-02,2023-10-09,2000103,10000103,1010,69310.0,1.0375,71911.2
4504237,10,2023-10-02,2023-10-07,2000113,10000209,1020,39780.0,1.954,77730.12
4501545,10,2023-10-03,2023-10-16,2000119,40000111,1020,94460.0,2.1985,207668.42
4502845,10,2023-10-03,2023-10-16,2000105,10000107,1010,28100.0,2.7989,78647.97
4500249,10,2023-10-04,2023-10-13,2000116,40000102,1020,43430.0,1.3208,57362.78
4502511,10,2023-10-04,2023-10-19,2000103,10000105,1010,30200.0,1.17,35334.6
4500834,10,2023-10-05,2023-10-18,2000118,40000107,1020,29850.0,2.175,64922.56
4501770,10,2023-10-05,2023-10-14,2000101,10000101,1010,272310.0,1.1652,317309.23
4503074,10,2023-10-05,2023-10-24,2000107,10000201,1020,62440.0,2.5708,160518.25
4500978,10,2023-10-06,2023-10-23,2000115,40000108,1020,37050.0,1.0818,40079.95
4501544,10,2023-10-06,2023-10-17,2000119,40000111,1020,94460.0,2.1477,202870.8
4502510,10,2023-10-06,2023-10-20,2000103,10000105,1010,30200.0,1.1455,34593.19
4503294,10,2023-10-06,2023-10-12,2000108,10000203,1020,5500.0,0.1308,719.4
4500067,10,2023-10-07,2023-10-26,2000116,40000101,1020,27040.0,1.1626,31437.52
4500716,10,2023-10-07,2023-10-14,2000117,40000106,1020,34270.0,2.6302,90135.24
4501324,10,2023-10-07,2023-10-22,2000115,40000110,1020,43140.0,1.2491,53884.88
4503957,10,2023-10-07,2023-10-19,2000112,10000207,1020,63560.0,1.8252,116012.25
4500068,10,2023-10-08,2023-10-24,2000116,40000101,1020,27040.0,1.1874,32106.76
4500372,10,2023-10-08,2023-10-27,2000116,40000103,1020,34980.0,1.7832,62375.29
4500471,10,2023-10-08,2023-10-20,2000116,40000104,1020,59380.0,2.0482,121622.12
4502512,10,2023-10-08,2023-10-23,2000103,10000105,1010,30200.0,1.1684,35285.08
4503073,10,2023-10-08,2023-10-24,2000107,10000201,1020,62440.0,2.5446,158884.82
4500248,10,2023-10-09,2023-10-17,2000116,40000102,1020,43430.0,1.3208,57364.52
4501542,10,2023-10-09,2023-10-21,2000119,40000111,1020,94460.0,2.1743,205382.49
4502135,10,2023-10-09,2023-10-28,2000103,10000103,1010,69310.0,1.0076,69837.45
4503789,10,2023-10-09,2023-10-16,2000111,10000206,1020,30260.0,0.4698,14217.66
4503791,10,2023-10-09,2023-10-21,2000111,10000206,1020,30260.0,0.4855,14690.62
4500715,10,2023-10-10,2023-10-25,2000117,40000106,1020,34270.0,2.7346,93713.03
4500979,10,2023-10-10,2023-10-15,2000115,40000108,1020,37050.0,1.0205,37811.38
4502844,10,2023-10-10,2023-10-23,2000105,10000107,1010,28100.0,2.7937,78504.09
4503075,10,2023-10-10,2023-10-29,2000107,10000201,1020,62440.0,2.6071,162787.95
4503415,10,2023-10-10,2023-10-29,2000109,10000204,1020,94470.0,0.9386,88669.54
4504460,10,2023-10-10,2023-10-16,2000114,10000210,1020,69950.0,1.8802,131521.39
4504462,10,2023-10-10,2023-10-27,2000114,10000210,1020,69950.0,1.9462,136135.29
4502323,10,2023-10-11,2023-10-31,2000104,10000104,1010,59950.0,1.4333,85924.54
4503417,10,2023-10-11,2023-10-21,2000109,10000204,1020,94470.0,0.9524,89972.28
4503626,10,2023-10-11,2023-10-18,2000110,10000205,1020,38980.0,0.8412,32788.81
4500371,10,2023-10-12,2023-11-01,2000116,40000103,1020,34980.0,1.7796,62250.76
4501970,10,2023-10-13,2023-10-24,2000102,10000102,1010,27400.0,2.0947,57393.96
4503416,10,2023-10-13,2023-10-19,2000109,10000204,1020,94470.0,0.9701,91645.35
4501771,10,2023-10-14,2023-10-29,2000101,10000101,1010,272310.0,1.195,325410.45
4501968,10,2023-10-14,2023-10-26,2000101,10000102,1010,27400.0,2.1185,58045.8
4503414,10,2023-10-14,2023-10-23,2000109,10000204,1020,94470.0,0.9611,90791.34
4503790,10,2023-10-14,2023-11-03,2000111,10000206,1020,30260.0,0.4898,14820.74
4504461,10,2023-10-14,2023-10-26,2000114,10000210,1020,69950.0,1.8943,132509.08
4503792,10,2023-10-15,2023-10-28,2000111,10000206,1020,30260.0,0.4866,14725.73
4504236,10,2023-10-15,2023-10-23,2000113,10000209,1020,39780.0,1.9936,79303.42
4500066,10,2023-10-16,2023-10-27,2000116,40000101,1020,27040.0,1.1864,32081.61
4500247,10,2023-10-16,2023-10-28,2000116,40000102,1020,43430.0,1.378,59845.24
4501773,10,2023-10-16,2023-11-01,2000101,10000101,1010,272310.0,1.1697,318526.45
4502513,10,2023-10-16,2023-10-21,2000103,10000105,1010,30200.0,1.1723,35404.67
4503076,10,2023-10-16,2023-10-28,2000107,10000201,1020,62440.0,2.5399,158588.86
4503623,10,2023-10-16,2023-10-26,2000110,10000205,1020,38980.0,0.8324,32447.73
4503956,10,2023-10-16,2023-11-02,2000112,10000207,1020,63560.0,1.8826,119659.33
4501969,10,2023-10-17,2023-10-27,2000102,10000102,1010,27400.0,2.1928,60083.27
4502322,10,2023-10-17,2023-10-30,2000104,10000104,1010,59950.0,1.4403,86344.19
4501543,10,2023-10-18,2023-11-05,2000119,40000111,1020,94460.0,2.0797,196451.3
4503954,10,2023-10-18,2023-11-01,2000112,10000207,1020,63560.0,1.965,124892.86
4504235,10,2023-10-18,2023-10-27,2000113,10000209,1020,39780.0,1.9986,79502.32
4500833,10,2023-10-19,2023-11-02,2000118,40000107,1020,29850.0,2.2441,66986.09
4502843,10,2023-10-19,2023-10-26,2000105,10000107,1010,28100.0,2.6875,75517.91
4500717,10,2023-10-20,2023-11-01,2000117,40000106,1020,34270.0,2.7937,95741.47
4503624,10,2023-10-20,2023-10-27,2000110,10000205,1020,38980.0,0.8278,32265.7
4503625,10,2023-10-20,2023-11-02,2000110,10000205,1020,38980.0,0.861,33563.34
4501322,10,2023-10-21,2023-10-30,2000115,40000110,1020,43140.0,1.2467,53781.34
4502325,10,2023-10-21,2023-11-07,2000104,10000104,1010,59950.0,1.4425,86480.27
4504234,10,2023-10-21,2023-11-06,2000113,10000209,1020,39780.0,2.0087,79904.89
4504115,10,2023-10-22,2023-10-29,2000108,10000208,1020,700.0,0.5717,400.2
4504463,10,2023-10-22,2023-11-06,2000113,10000210,1020,69950.0,1.8636,130362.32
4504625,10,2023-10-22,2023-11-06,2000115,10000109,1010,3400.0,2.0316,6907.3
4502134,10,2023-10-23,2023-11-10,2000103,10000103,1010,69310.0,1.0382,71954.87
4501154,10,2023-10-24,2023-11-08,2000115,40000109,1020,39940.0,1.5046,60094.12
4502705,10,2023-10-24,2023-11-12,2000105,10000106,1010,23570.0,2.2248,52439.01
4502706,10,2023-10-24,2023-11-08,2000105,10000106,1010,23570.0,2.1402,50445.46
4501323,10,2023-10-25,2023-10-31,2000115,40000110,1020,43140.0,1.2221,52720.96
4501772,10,2023-10-25,2023-11-01,2000101,10000101,1010,272310.0,1.181,321611.73
4502133,10,2023-10-25,2023-11-08,2000103,10000103,1010,69310.0,0.9603,66560.47
4502324,10,2023-10-25,2023-11-06,2000104,10000104,1010,59950.0,1.4123,84667.98
4500470,10,2023-10-26,2023-11-08,2000116,40000104,1020,59380.0,2.001,118817.0
4500977,10,2023-10-26,2023-11-11,2000115,40000108,1020,37050.0,1.0513,38952.15
4501155,10,2023-10-26,2023-11-07,2000115,40000109,1020,39940.0,1.5222,60795.07
4501321,10,2023-10-26,2023-11-05,2000115,40000110,1020,43140.0,1.2012,51818.04
4502953,10,2023-10-26,2023-11-11,2000106,10000108,1010,1310.0,9.897,12965.08
4500246,10,2023-10-27,2023-11-14,2000116,40000102,1020,43430.0,1.339,58152.34
4500469,10,2023-10-27,2023-11-13,2000116,40000104,1020,59380.0,1.9984,118666.77
4501776,10,2023-11-01,2023-11-14,2000101,10000101,1010,246500.0,1.1896,293226.54
4502847,10,2023-11-01,2023-11-12,2000105,10000107,1010,27810.0,2.6834,74625.08
4502848,10,2023-11-01,2023-11-20,2000105,10000107,1010,27810.0,2.7032,75175.44
4500070,10,2023-11-02,2023-11-21,2000116,40000101,1020,43460.0,1.1594,50387.09
4501546,10,2023-11-02,2023-11-12,2000119,40000111,1020,69440.0,2.0663,143486.65
4501972,10,2023-11-02,2023-11-22,2000102,10000102,1010,35630.0,2.0789,74071.92
4502954,10,2023-11-02,2023-11-13,2000106,10000108,1010,1410.0,9.9683,14055.27
4500250,10,2023-11-03,2023-11-15,2000116,40000102,1020,30050.0,1.2827,38545.44
4500618,10,2023-11-03,2023-11-22,2000117,40000105,1020,31300.0,2.2491,70397.46
4503627,10,2023-11-03,2023-11-20,2000110,10000205,1020,38290.0,0.8439,32311.78
4500251,10,2023-11-04,2023-11-24,2000116,40000102,1020,30050.0,1.3002,39071.61
4500617,10,2023-11-04,2023-11-12,2000117,40000105,1020,31300.0,2.3354,73098.02
4500982,10,2023-11-04,2023-11-14,2000115,40000108,1020,28160.0,1.0644,29973.79
4502326,10,2023-11-04,2023-11-10,2000104,10000104,1010,66510.0,1.3734,91344.83
4500472,10,2023-11-05,2023-11-12,2000116,40000104,1020,28720.0,1.9554,56160.52
4502517,10,2023-11-05,2023-11-13,2000103,10000105,1010,32380.0,1.1764,38091.51
4500252,10,2023-11-06,2023-11-19,2000116,40000102,1020,30050.0,1.2992,39041.26
4501156,10,2023-11-06,2023-11-15,2000115,40000109,1020,34920.0,1.4874,51940.36
4501777,10,2023-11-06,2023-11-18,2000101,10000101,1010,246500.0,1.1645,287051.72
4502709,10,2023-11-06,2023-11-25,2000105,10000106,1010,37870.0,2.13,80664.61
4504241,10,2023-11-06,2023-11-20,2000114,10000209,1020,50550.0,1.9937,100781.03
4502514,10,2023-11-07,2023-11-25,2000103,10000105,1010,32380.0,1.1288,36549.9
4504465,10,2023-11-07,2023-11-27,2000113,10000210,1020,67300.0,1.7958,120860.7
4504466,10,2023-11-07,2023-11-26,2000114,10000210,1020,67300.0,1.9402,130577.48
4501775,10,2023-11-08,2023-11-27,2000101,10000101,1010,246500.0,1.149,283235.9
4502516,10,2023-11-08,2023-11-23,2000103,10000105,1010,32380.0,1.0995,35601.49
4503794,10,2023-11-08,2023-11-28,2000111,10000206,1020,25400.0,0.472,11988.8
4500071,10,2023-11-10,2023-11-28,2000116,40000101,1020,43460.0,1.1049,48018.95
4500072,10,2023-11-10,2023-11-29,2000116,40000101,1020,43460.0,1.1589,50365.36
4500373,10,2023-11-10,2023-11-30,2000116,40000103,1020,17800.0,1.7675,31460.79
4502328,10,2023-11-11,2023-11-22,2000104,10000104,1010,66510.0,1.4382,95656.01
4503078,10,2023-11-11,2023-11-29,2000107,10000201,1020,61940.0,2.4788,153538.73
4503080,10,2023-11-11,2023-11-24,2000107,10000201,1020,61940.0,2.5173,155919.7
4503420,10,2023-11-11,2023-11-29,2000109,10000204,1020,83720.0,0.9661,80879.38
4503421,10,2023-11-11,2023-11-24,2000109,10000204,1020,83720.0,0.9619,80527.76
4504240,10,2023-11-11,2023-11-22,2000113,10000209,1020,50550.0,1.9487,98504.76
4502137,10,2023-11-12,2023-11-22,2000103,10000103,1010,51960.0,0.9636,50069.7
4502327,10,2023-11-12,2023-11-26,2000104,10000104,1010,66510.0,1.4034,93341.46
4500719,10,2023-11-13,2023-12-01,2000117,40000106,1020,31380.0,2.7277,85595.54
4503629,10,2023-11-13,2023-11-21,2000110,10000205,1020,38290.0,0.808,30937.17
4500619,10,2023-11-14,2023-11-28,2000117,40000105,1020,31300.0,2.378,74431.71
4500980,10,2023-11-14,2023-11-27,2000115,40000108,1020,28160.0,1.0163,28618.16
4502136,10,2023-11-14,2023-12-01,2000103,10000103,1010,51960.0,0.9822,51036.15
4503630,10,2023-11-14,2023-12-03,2000110,10000205,1020,38290.0,0.8591,32895.7
4503793,10,2023-11-14,2023-11-29,2000111,10000206,1020,25400.0,0.4663,11843.51
4500473,10,2023-11-15,2023-11-30,2000116,40000104,1020,28720.0,2.0015,57483.65
4502708,10,2023-11-15,2023-12-03,2000105,10000106,1010,37870.0,2.2042,83474.95
4503077,10,2023-11-15,2023-11-20,2000107,10000201,1020,61940.0,2.494,154477.12
4500835,10,2023-11-16,2023-11-26,2000118,40000107,1020,23390.0,2.2302,52164.14
4500836,10,2023-11-16,2023-11-25,2000118,40000107,1020,23390.0,2.1402,50058.11
4501157,10,2023-11-16,2023-11-22,2000115,40000109,1020,34920.0,1.524,53217.73
4501325,10,2023-11-16,2023-12-04,2000115,40000110,1020,36320.0,1.2415,45091.64
4501548,10,2023-11-16,2023-11-26,2000119,40000111,1020,69440.0,2.0906,145174.74
4502515,10,2023-11-16,2023-12-01,2000103,10000105,1010,32380.0,1.1554,37410.56
4503960,10,2023-11-16,2023-11-23,2000112,10000207,1020,31940.0,1.8435,58881.39
4501327,10,2023-11-17,2023-11-22,2000115,40000110,1020,36320.0,1.2021,43661.36
4501971,10,2023-11-17,2023-12-05,2000101,10000102,1010,35630.0,2.1434,76370.77
4503628,10,2023-11-17,2023-11-29,2000110,10000205,1020,38290.0,0.8187,31348.79
4504116,10,2023-11-17,2023-12-03,2000108,10000208,1020,280.0,0.578,161.85
4501774,10,2023-11-18,2023-11-26,2000101,10000101,1010,246500.0,1.146,282481.6
4502329,10,2023-11-18,2023-12-07,2000104,10000104,1010,66510.0,1.3892,92398.35
4503079,10,2023-11-18,2023-12-06,2000107,10000201,1020,61940.0,2.542,157451.48
4503238,10,2023-11-18,2023-12-02,2000106,10000202,1020,110.0,12.3252,1355.77
4500981,10,2023-11-19,2023-12-08,2000115,40000108,1020,28160.0,1.0819,30465.18
4501547,10,2023-11-20,2023-12-05,2000119,40000111,1020,69440.0,2.0633,143272.77
4502139,10,2023-11-20,2023-11-27,2000103,10000103,1010,51960.0,0.9941,51651.36
4503419,10,2023-11-20,2023-11-25,2000109,10000204,1020,83720.0,0.9572,80140.13
4503959,10,2023-11-20,2023-12-08,2000112,10000207,1020,31940.0,1.8978,60615.41
4504464,10,2023-11-20,2023-11-30,2000114,10000210,1020,67300.0,1.898,127738.09
4501326,10,2023-11-21,2023-12-10,2000115,40000110,1020,36320.0,1.2077,43865.12
4503418,10,2023-11-21,2023-12-04,2000109,10000204,1020,83720.0,0.9807,82103.37
4501549,10,2023-11-22,2023-11-27,2000119,40000111,1020,69440.0,2.1008,145877.47
4503295,10,2023-11-22,2023-11-27,2000108,10000203,1020,5160.0,0.1223,630.96
4502138,10,2023-11-23,2023-11-30,2000103,10000103,1010,51960.0,1.0091,52432.32
4500069,10,2023-11-24,2023-12-14,2000116,40000101,1020,43460.0,1.2042,52336.7
4502846,10,2023-11-24,2023-12-02,2000105,10000107,1010,27810.0,2.7474,76406.58
4503958,10,2023-11-24,2023-12-02,2000112,10000207,1020,31940.0,1.8916,60418.02
4504238,10,2023-11-24,2023-12-07,2000114,10000209,1020,50550.0,2.0072,101464.47
4500474,10,2023-11-26,2023-12-15,2000116,40000104,1020,28720.0,2.0819,59791.59
4500718,10,2023-11-26,2023-12-09,2000117,40000106,1020,31380.0,2.7788,87197.18
4502707,10,2023-11-26,2023-12-10,2000105,10000106,1010,37870.0,2.2149,83877.88
4504239,10,2023-11-26,2023-12-01,2000113,10000209,1020,50550.0,1.9507,98606.87
4504467,10,2023-11-26,2023-12-02,2000114,10000210,1020,67300.0,1.9178,129065.92
4504626,10,2023-11-26,2023-12-08,2000115,10000109,1010,2400.0,2.0576,4938.31
4500985,10,2023-12-01,2023-12-20,2000115,40000108,1020,56700.0,1.063,60274.37
4502332,10,2023-12-01,2023-12-06,2000104,10000104,1010,57400.0,1.4022,80486.85
4503961,10,2023-12-01,2023-12-16,2000112,10000207,1020,48390.0,1.8283,88471.44
4500073,10,2023-12-02,2023-12-17,2000116,40000101,1020,34760.0,1.173,40772.78
4502849,10,2023-12-02,2023-12-07,2000105,10000107,1010,38680.0,2.6974,104334.66
4501780,10,2023-12-03,2023-12-08,2000101,10000101,1010,303180.0,1.1655,353359.32
4503633,10,2023-12-03,2023-12-20,2000110,10000205,1020,38490.0,0.7982,30720.79
4504243,10,2023-12-03,2023-12-12,2000114,10000209,1020,31690.0,2.0781,65853.72
4500255,10,2023-12-04,2023-12-22,2000116,40000102,1020,32990.0,1.2962,42759.99
4503422,10,2023-12-04,2023-12-16,2000109,10000204,1020,79050.0,0.9797,77446.87
4504244,10,2023-12-04,2023-12-23,2000114,10000209,1020,31690.0,2.0633,65387.56
4500722,10,2023-12-05,2023-12-20,2000117,40000106,1020,30490.0,2.7752,84616.46
4504469,10,2023-12-05,2023-12-12,2000113,10000210,1020,63660.0,1.8337,116732.71
4503239,10,2023-12-06,2023-12-25,2000106,10000202,1020,70.0,12.6565,885.95
4503964,10,2023-12-06,2023-12-18,2000112,10000207,1020,48390.0,1.9142,92630.56
4500720,10,2023-12-07,2023-12-27,2000117,40000106,1020,30490.0,2.7831,84855.19
4502143,10,2023-12-07,2023-12-18,2000103,10000103,1010,58890.0,0.987,58125.02
4502712,10,2023-12-07,2023-12-26,2000105,10000106,1010,34580.0,2.1948,75897.22
4500254,10,2023-12-08,2023-12-27,2000116,40000102,1020,32990.0,1.3684,45143.52
4500983,10,2023-12-08,2023-12-16,2000115,40000108,1020,56700.0,1.0286,58322.19
4501975,10,2023-12-08,2023-12-18,2000101,10000102,1010,29670.0,2.1103,62611.71
4502518,10,2023-12-08,2023-12-17,2000103,10000105,1010,38320.0,1.1923,45689.7
4503296,10,2023-12-08,2023-12-21,2000108,10000203,1020,4250.0,0.1204,511.53
4502850,10,2023-12-09,2023-12-19,2000105,10000107,1010,38680.0,2.7408,106014.14
4501160,10,2023-12-10,2023-12-20,2000115,40000109,1020,30220.0,1.5079,45569.95
4502331,10,2023-12-10,2023-12-28,2000104,10000104,1010,57400.0,1.4515,83313.23
4502519,10,2023-12-10,2023-12-18,2000103,10000105,1010,38320.0,1.202,46062.17
4503082,10,2023-12-10,2023-12-30,2000107,10000201,1020,44680.0,2.5372,113360.76
4504117,10,2023-12-10,2023-12-17,2000108,10000208,1020,540.0,0.5937,320.62
4504242,10,2023-12-10,2023-12-18,2000113,10000209,1020,31690.0,2.0102,63702.92
4504470,10,2023-12-10,2023-12-29,2000114,10000210,1020,63660.0,1.883,119869.87
4500837,10,2023-12-11,2023-12-23,2000118,40000107,1020,28700.0,2.2698,65144.7
4501331,10,2023-12-12,2023-12-27,2000115,40000110,1020,75630.0,1.2128,91723.31
4501551,10,2023-12-12,2023-12-28,2000119,40000111,1020,59730.0,2.1652,129325.01
4501159,10,2023-12-13,2024-01-02,2000115,40000109,1020,30220.0,1.5739,47562.96
4502333,10,2023-12-13,2023-12-25,2000104,10000104,1010,57400.0,1.4758,84708.62
4504468,10,2023-12-13,2023-12-23,2000114,10000210,1020,63660.0,1.8344,116781.09
4500476,10,2023-12-14,2023-12-31,2000116,40000104,1020,34940.0,2.0027,69975.04
4503424,10,2023-12-14,2023-12-22,2000109,10000204,1020,79050.0,0.9283,73379.74
4503425,10,2023-12-14,2023-12-28,2000109,10000204,1020,79050.0,0.954,75415.28
4503631,10,2023-12-14,2023-12-27,2000110,10000205,1020,38490.0,0.8544,32886.63
4500986,10,2023-12-15,2023-12-28,2000115,40000108,1020,56700.0,1.0441,59198.2
4502710,10,2023-12-15,2023-12-30,2000105,10000106,1010,34580.0,2.1965,75956.01
4500074,10,2023-12-16,2023-12-24,2000116,40000101,1020,34760.0,1.1575,40236.09
4500620,10,2023-12-16,2023-12-22,2000117,40000105,1020,35540.0,2.257,80215.2
4501553,10,2023-12-16,2024-01-02,2000119,40000111,1020,59730.0,2.064,123280.93
4501779,10,2023-12-16,2024-01-02,2000101,10000101,1010,303180.0,1.1326,343393.8
4502520,10,2023-12-16,2024-01-05,2000103,10000105,1010,38320.0,1.1358,43524.24
4502955,10,2023-12-16,2024-01-04,2000106,10000108,1010,1460.0,9.8439,14372.15
4504471,10,2023-12-16,2023-12-27,2000114,10000210,1020,63660.0,1.8666,118825.21
4501329,10,2023-12-18,2024-01-04,2000115,40000110,1020,75630.0,1.23,93022.63
4501778,10,2023-12-18,2023-12-24,2000101,10000101,1010,303180.0,1.138,345030.97
4503963,10,2023-12-18,2024-01-06,2000112,10000207,1020,48390.0,1.9513,94421.47
4500253,10,2023-12-19,2023-12-25,2000116,40000102,1020,32990.0,1.3035,43002.14
4500984,10,2023-12-19,2023-12-26,2000115,40000108,1020,56700.0,1.0541,59768.04
4501158,10,2023-12-19,2023-12-26,2000115,40000109,1020,30220.0,1.5641,47266.5
4501781,10,2023-12-19,2024-01-06,2000101,10000101,1010,303180.0,1.157,350776.23
4503795,10,2023-12-19,2023-12-26,2000111,10000206,1020,38380.0,0.4833,18549.44
4503796,10,2023-12-19,2023-12-26,2000111,10000206,1020,38380.0,0.4678,17952.63
4501330,10,2023-12-20,2024-01-05,2000115,40000110,1020,75630.0,1.2363,93502.88
4503083,10,2023-12-20,2024-01-08,2000107,10000201,1020,44680.0,2.4372,108892.76
4501974,10,2023-12-21,2024-01-09,2000102,10000102,1010,29670.0,2.0996,62296.02
4500256,10,2023-12-22,2024-01-08,2000116,40000102,1020,32990.0,1.3191,43516.45
4502142,10,2023-12-22,2023-12-30,2000103,10000103,1010,58890.0,1.0146,59748.03
4502330,10,2023-12-22,2024-01-04,2000104,10000104,1010,57400.0,1.3924,79924.33
4502851,10,2023-12-22,2023-12-29,2000105,10000107,1010,38680.0,2.7754,107350.92
4503081,10,2023-12-22,2024-01-02,2000107,10000201,1020,44680.0,2.5166,112439.45
4503632,10,2023-12-22,2024-01-10,2000110,10000205,1020,38490.0,0.8268,31825.46
4500475,10,2023-12-23,2023-12-30,2000116,40000104,1020,34940.0,1.9094,66716.18
4500721,10,2023-12-23,2024-01-12,2000117,40000106,1020,30490.0,2.6467,80697.58
4501328,10,2023-12-23,2024-01-01,2000115,40000110,1020,75630.0,1.2665,95784.64
4502141,10,2023-12-23,2024-01-05,2000103,10000103,1010,58890.0,1.0288,60586.62
4503084,10,2023-12-23,2024-01-10,2000107,10000201,1020,44680.0,2.635,117731.35
4503962,10,2023-12-23,2024-01-06,2000112,10000207,1020,48390.0,1.893,91603.24
4501552,10,2023-12-24,2024-01-11,2000119,40000111,1020,59730.0,2.1015,125520.8
4500374,10,2023-12-25,2024-01-06,2000116,40000103,1020,22600.0,1.7763,40143.7
4502711,10,2023-12-25,2024-01-10,2000105,10000106,1010,34580.0,2.2516,77862.06
4503423,10,2023-12-25,2024-01-01,2000109,10000204,1020,79050.0,0.9706,76725.14
4504245,10,2023-12-25,2024-01-12,2000114,10000209,1020,31690.0,2.0215,64061.02
4501550,10,2023-12-26,2024-01-11,2000119,40000111,1020,59730.0,2.0641,123289.29
4501973,10,2023-12-26,2024-01-02,2000102,10000102,1010,29670.0,2.083,61803.5
4502140,10,2023-12-26,2024-01-05,2000103,10000103,1010,58890.0,1.006,59245.7
4504627,10,2023-12-26,2024-01-11,2000115,10000109,1010,1800.0,2.0179,3632.29
4502146,10,2024-01-01,2024-01-10,2000103,10000103,1010,63180.0,0.9673,61112.75
4502521,10,2024-01-01,2024-01-10,2000103,10000105,1010,34530.0,1.1182,38613.17
4504247,10,2024-01-01,2024-01-08,2000113,10000209,1020,63110.0,1.8904,119305.04
4500622,10,2024-01-02,2024-01-07,2000117,40000105,1020,26830.0,2.2594,60620.51
4503086,10,2024-01-02,2024-01-16,2000107,10000201,1020,80270.0,2.4662,197965.08
4503966,10,2024-01-02,2024-01-17,2000112,10000207,1020,48920.0,1.8496,90484.88
4504472,10,2024-01-02,2024-01-11,2000114,10000210,1020,70390.0,1.7675,124415.73
4500076,10,2024-01-03,2024-01-20,2000116,40000101,1020,44290.0,1.1208,49638.9
4500478,10,2024-01-03,2024-01-20,2000116,40000104,1020,42710.0,1.9202,82013.88
4500480,10,2024-01-03,2024-01-18,2000116,40000104,1020,42710.0,1.9857,84809.25
4500623,10,2024-01-03,2024-01-15,2000117,40000105,1020,26830.0,2.2746,61026.18
4500839,10,2024-01-03,2024-01-12,2000118,40000107,1020,23150.0,2.0986,48583.28
4500989,10,2024-01-03,2024-01-09,2000115,40000108,1020,41740.0,1.0066,42015.9
4500077,10,2024-01-04,2024-01-24,2000116,40000101,1020,44290.0,1.1211,49652.19
4501332,10,2024-01-04,2024-01-20,2000115,40000110,1020,67160.0,1.2052,80943.92
4501555,10,2024-01-04,2024-01-11,2000119,40000111,1020,101710.0,2.0169,205138.9
4503637,10,2024-01-04,2024-01-21,2000110,10000205,1020,31590.0,0.8266,26112.61
4500078,10,2024-01-05,2024-01-21,2000116,40000101,1020,44290.0,1.1155,49404.17
4500257,10,2024-01-06,2024-01-18,2000116,40000102,1020,24460.0,1.2819,31354.78
4501783,10,2024-01-06,2024-01-16,2000101,10000101,1010,289750.0,1.1086,321208.16
4501978,10,2024-01-06,2024-01-26,2000101,10000102,1010,29160.0,2.1022,61301.61
4502523,10,2024-01-06,2024-01-17,2000103,10000105,1010,34530.0,1.1205,38691.21
4502713,10,2024-01-06,2024-01-15,2000105,10000106,1010,33490.0,2.1722,72747.98
4504118,10,2024-01-06,2024-01-13,2000108,10000208,1020,550.0,0.579,318.42
4501977,10,2024-01-07,2024-01-13,2000101,10000102,1010,29160.0,2.1006,61253.5
4503297,10,2024-01-07,2024-01-22,2000108,10000203,1020,5880.0,0.1216,715.18
4501162,10,2024-01-08,2024-01-23,2000115,40000109,1020,20810.0,1.481,30819.19
4501784,10,2024-01-08,2024-01-15,2000101,10000101,1010,289750.0,1.1423,330987.22
4503429,10,2024-01-08,2024-01-19,2000109,10000204,1020,84390.0,0.9302,78502.95
4503636,10,2024-01-08,2024-01-13,2000110,10000205,1020,31590.0,0.8143,25724.05
4500479,10,2024-01-09,2024-01-28,2000116,40000104,1020,42710.0,1.9794,84541.88
4501782,10,2024-01-09,2024-01-18,2000101,10000101,1010,289750.0,1.1557,334875.66
4502335,10,2024-01-09,2024-01-21,2000104,10000104,1010,55430.0,1.4143,78395.76
4503088,10,2024-01-09,2024-01-24,2000107,10000201,1020,80270.0,2.4326,195261.59
4503967,10,2024-01-09,2024-01-23,2000112,10000207,1020,48920.0,1.8068,88386.21
4504248,10,2024-01-09,2024-01-15,2000114,10000209,1020,63110.0,2.0286,128023.05
4500838,10,2024-01-10,2024-01-26,2000118,40000107,1020,23150.0,2.222,51438.37
4501557,10,2024-01-10,2024-01-16,2000119,40000111,1020,101710.0,2.1537,219051.81
4504628,10,2024-01-10,2024-01-28,2000115,10000109,1010,3500.0,1.9424,6798.54
4500477,10,2024-01-11,2024-01-26,2000116,40000104,1020,42710.0,2.0561,87816.03
4502337,10,2024-01-12,2024-01-24,2000104,10000104,1010,55430.0,1.3763,76287.75
4502522,10,2024-01-12,2024-01-18,2000103,10000105,1010,34530.0,1.1212,38715.38
4502956,10,2024-01-12,2024-01-23,2000106,10000108,1010,1270.0,9.2175,11706.24
4503085,10,2024-01-12,2024-01-24,2000107,10000201,1020,80270.0,2.4934,200145.22
4503634,10,2024-01-12,2024-02-01,2000110,10000205,1020,31590.0,0.8301,26222.54
4504474,10,2024-01-12,2024-01-26,2000114,10000210,1020,70390.0,1.8543,130522.77
4502336,10,2024-01-13,2024-01-28,2000104,10000104,1010,55430.0,1.3599,75377.04
4503968,10,2024-01-13,2024-01-26,2000112,10000207,1020,48920.0,1.8921,92561.53
4504473,10,2024-01-13,2024-01-30,2000113,10000210,1020,70390.0,1.7635,124133.47
4502144,10,2024-01-14,2024-01-24,2000103,10000103,1010,63180.0,0.9735,61503.2
4503240,10,2024-01-14,2024-02-02,2000106,10000202,1020,130.0,12.8215,1666.79
4503965,10,2024-01-14,2024-01-21,2000112,10000207,1020,48920.0,1.7999,88052.09
4501334,10,2024-01-15,2024-01-26,2000115,40000110,1020,67160.0,1.1639,78167.52
4502147,10,2024-01-15,2024-01-30,2000103,10000103,1010,63180.0,0.9781,61795.73
4502852,10,2024-01-15,2024-01-29,2000105,10000107,1010,32250.0,2.6805,86446.77
4503087,10,2024-01-15,2024-01-31,2000107,10000201,1020,80270.0,2.3927,192061.23
4501785,10,2024-01-16,2024-02-02,2000101,10000101,1010,289750.0,1.153,334090.44
4503799,10,2024-01-16,2024-01-27,2000111,10000206,1020,30500.0,0.4758,14510.98
4500725,10,2024-01-18,2024-01-30,2000117,40000106,1020,31460.0,2.7109,85285.86
4502145,10,2024-01-18,2024-02-04,2000103,10000103,1010,63180.0,1.0017,63289.3
4503798,10,2024-01-18,2024-01-31,2000111,10000206,1020,30500.0,0.4683,14281.93
4500258,10,2024-01-19,2024-02-04,2000116,40000102,1020,24460.0,1.2568,30740.1
4501335,10,2024-01-19,2024-02-07,2000115,40000110,1020,67160.0,1.1954,80282.39
4501556,10,2024-01-19,2024-01-25,2000119,40000111,1020,101710.0,2.1041,214008.01
4502334,10,2024-01-19,2024-01-28,2000104,10000104,1010,55430.0,1.4054,77901.88
4503428,10,2024-01-19,2024-01-28,2000109,10000204,1020,84390.0,0.9365,79033.77
4500621,10,2024-01-20,2024-02-05,2000117,40000105,1020,26830.0,2.2809,61196.01
4504249,10,2024-01-20,2024-02-05,2000113,10000209,1020,63110.0,1.9318,121914.0
4504475,10,2024-01-20,2024-02-09,2000113,10000210,1020,70390.0,1.7933,126231.09
4503426,10,2024-01-21,2024-01-28,2000109,10000204,1020,84390.0,0.9118,76943.43
4503427,10,2024-01-21,2024-02-08,2000109,10000204,1020,84390.0,0.9061,76462.4
4502853,10,2024-01-22,2024-01-27,2000105,10000107,1010,32250.0,2.6392,85113.88
4500375,10,2024-01-23,2024-02-12,2000116,40000103,1020,35620.0,1.7377,61898.3
4500075,10,2024-01-24,2024-02-09,2000116,40000101,1020,44290.0,1.1294,50021.13
4500724,10,2024-01-24,2024-02-05,2000117,40000106,1020,31460.0,2.6058,81979.73
4501554,10,2024-01-24,2024-02-03,2000119,40000111,1020,101710.0,1.9999,203411.86
4502714,10,2024-01-24,2024-02-07,2000105,10000106,1010,33490.0,2.1595,72321.99
4504246,10,2024-01-24,2024-02-04,2000113,10000209,1020,63110.0,1.8999,119900.8
4501976,10,2024-01-25,2024-02-05,2000102,10000102,1010,29160.0,2.0022,58383.28
4503635,10,2024-01-25,2024-02-13,2000110,10000205,1020,31590.0,0.8382,26478.11
4503797,10,2024-01-25,2024-02-04,2000111,10000206,1020,30500.0,0.4526,13803.08
4500990,10,2024-01-26,2024-02-11,2000115,40000108,1020,41740.0,1.0085,42094.79
4501333,10,2024-01-26,2024-02-15,2000115,40000110,1020,67160.0,1.2076,81100.4
4500723,10,2024-01-27,2024-02-14,2000117,40000106,1020,31460.0,2.5711,80887.75
4500987,10,2024-01-27,2024-02-16,2000115,40000108,1020,41740.0,1.0528,43942.62
4500988,10,2024-01-27,2024-02-08,2000115,40000108,1020,41740.0,1.0483,43754.37
4501161,10,2024-01-27,2024-02-04,2000115,40000109,1020,20810.0,1.4892,30990.25
4502526,10,2024-02-01,2024-02-16,2000103,10000105,1010,37560.0,1.1605,43589.51
4503430,10,2024-02-01,2024-02-12,2000109,10000204,1020,66820.0,0.9215,61573.96
4504251,10,2024-02-01,2024-02-06,2000114,10000209,1020,31750.0,1.9787,62824.68
4500840,10,2024-02-02,2024-02-08,2000118,40000107,1020,35950.0,2.175,78190.53
4501558,10,2024-02-02,2024-02-20,2000119,40000111,1020,45730.0,2.0991,95992.3
4500081,10,2024-02-03,2024-02-18,2000116,40000101,1020,32020.0,1.1386,36457.33
4500482,10,2024-02-03,2024-02-18,2000116,40000104,1020,42250.0,1.9992,84465.36
4501165,10,2024-02-03,2024-02-08,2000115,40000109,1020,31350.0,1.5144,47476.44
4501339,10,2024-02-03,2024-02-18,2000115,40000110,1020,59020.0,1.2461,73544.23
4502339,10,2024-02-03,2024-02-12,2000104,10000104,1010,75690.0,1.4268,107995.25
4503801,10,2024-02-03,2024-02-14,2000111,10000206,1020,33480.0,0.4605,15417.21
4500376,10,2024-02-04,2024-02-15,2000116,40000103,1020,2850.0,1.7272,4922.55
4503089,10,2024-02-04,2024-02-21,2000107,10000201,1020,39210.0,2.4556,96284.47
4500624,10,2024-02-06,2024-02-11,2000117,40000105,1020,12590.0,2.2955,28900.34
4504479,10,2024-02-06,2024-02-23,2000113,10000210,1020,52080.0,1.7904,93242.47
4500259,10,2024-02-07,2024-02-27,2000116,40000102,1020,36820.0,1.2875,47405.75
4501786,10,2024-02-07,2024-02-23,2000101,10000101,1010,265480.0,1.1438,303663.99
4500994,10,2024-02-08,2024-02-25,2000115,40000108,1020,42880.0,1.0592,45420.21
4501979,10,2024-02-08,2024-02-26,2000101,10000102,1010,39670.0,2.0597,81708.7
4504476,10,2024-02-08,2024-02-16,2000114,10000210,1020,52080.0,1.8103,94279.38
4504629,10,2024-02-08,2024-02-13,2000115,10000109,1010,2000.0,1.9833,3966.56
4500841,10,2024-02-09,2024-02-26,2000118,40000107,1020,35950.0,2.1827,78466.63
4502151,10,2024-02-09,2024-02-19,2000103,10000103,1010,58170.0,1.0209,59388.08
4502715,10,2024-02-09,2024-02-25,2000105,10000106,1010,28850.0,2.1499,62024.04
4502957,10,2024-02-09,2024-02-15,2000106,10000108,1010,1330.0,9.1035,12107.67
4503640,10,2024-02-09,2024-02-15,2000110,10000205,1020,26690.0,0.8527,22759.63
4503800,10,2024-02-09,2024-02-27,2000111,10000206,1020,33480.0,0.4702,15740.62
4503970,10,2024-02-09,2024-02-15,2000112,10000207,1020,50790.0,1.8465,93785.26
4504119,10,2024-02-09,2024-02-19,2000108,10000208,1020,600.0,0.5671,340.24
4500082,10,2024-02-10,2024-02-17,2000116,40000101,1020,32020.0,1.108,35478.8
4500991,10,2024-02-10,2024-02-19,2000115,40000108,1020,42880.0,1.0392,44562.61
4501980,10,2024-02-10,2024-02-28,2000102,10000102,1010,39670.0,2.0939,83065.01
4502148,10,2024-02-10,2024-02-27,2000103,10000103,1010,58170.0,1.0038,58388.14
4502341,10,2024-02-10,2024-02-29,2000104,10000104,1010,75690.0,1.374,103997.3
4503802,10,2024-02-10,2024-03-01,2000111,10000206,1020,33480.0,0.4847,16228.43
4500484,10,2024-02-11,2024-02-24,2000116,40000104,1020,42250.0,1.9714,83292.07
4504252,10,2024-02-11,2024-02-23,2000114,10000209,1020,31750.0,2.0023,63572.39
4501787,10,2024-02-12,2024-03-03,2000101,10000101,1010,265480.0,1.1214,297722.55
4502716,10,2024-02-12,2024-03-03,2000105,10000106,1010,28850.0,2.2415,64667.56
4500481,10,2024-02-13,2024-02-18,2000116,40000104,1020,42250.0,1.9877,83979.06
4501337,10,2024-02-14,2024-02-27,2000115,40000110,1020,59020.0,1.2178,71876.33
4502150,10,2024-02-14,2024-02-23,2000103,10000103,1010,58170.0,0.9873,57428.91
4503639,10,2024-02-14,2024-03-01,2000110,10000205,1020,26690.0,0.855,22819.95
4500483,10,2024-02-15,2024-02-22,2000116,40000104,1020,42250.0,2.1046,88918.5
4502527,10,2024-02-15,2024-02-22,2000103,10000105,1010,37560.0,1.1865,44564.19
4503091,10,2024-02-15,2024-03-01,2000107,10000201,1020,39210.0,2.4552,96266.43
4503972,10,2024-02-15,2024-03-05,2000112,10000207,1020,50790.0,1.9011,96558.39
4501560,10,2024-02-16,2024-02-27,2000119,40000111,1020,45730.0,2.1162,96775.66
4501561,10,2024-02-16,2024-02-26,2000119,40000111,1020,45730.0,2.0595,94182.31
4502525,10,2024-02-16,2024-02-26,2000103,10000105,1010,37560.0,1.1341,42596.8
4502717,10,2024-02-16,2024-03-02,2000105,10000106,1010,28850.0,2.2064,63655.51
4500080,10,2024-02-17,2024-03-08,2000116,40000101,1020,32020.0,1.1581,37081.72
4501163,10,2024-02-17,2024-02-29,2000115,40000109,1020,31350.0,1.5026,47107.76
4501164,10,2024-02-17,2024-02-23,2000115,40000109,1020,31350.0,1.5064,47226.89
4501336,10,2024-02-17,2024-03-03,2000115,40000110,1020,59020.0,1.208,71293.8
4501338,10,2024-02-17,2024-02-29,2000115,40000110,1020,59020.0,1.199,70765.57
4501559,10,2024-02-17,2024-03-06,2000119,40000111,1020,45730.0,2.0014,91523.56
4503969,10,2024-02-18,2024-03-07,2000112,10000207,1020,50790.0,1.8482,93869.06
4500726,10,2024-02-19,2024-03-04,2000117,40000106,1020,24510.0,2.6661,65346.85
4502854,10,2024-02-19,2024-02-27,2000105,10000107,1010,34470.0,2.7963,96387.43
4503241,10,2024-02-19,2024-02-27,2000106,10000202,1020,50.0,12.3806,619.03
4503298,10,2024-02-20,2024-03-03,2000108,10000203,1020,3840.0,0.1213,465.75
4501788,10,2024-02-21,2024-03-05,2000101,10000101,1010,265480.0,1.1158,296211.96
4502338,10,2024-02-21,2024-02-28,2000104,10000104,1010,75690.0,1.4401,109004.2
4503433,10,2024-02-21,2024-03-03,2000109,10000204,1020,66820.0,0.941,62879.62
4504250,10,2024-02-21,2024-03-01,2000114,10000209,1020,31750.0,2.017,64039.43
4501789,10,2024-02-22,2024-03-07,2000101,10000101,1010,265480.0,1.1107,294873.95
4503431,10,2024-02-22,2024-03-03,2000109,10000204,1020,66820.0,0.9669,64606.25
4503638,10,2024-02-22,2024-02-28,2000110,10000205,1020,26690.0,0.845,22551.98
4504477,10,2024-02-22,2024-03-03,2000114,10000210,1020,52080.0,1.8401,95832.93
4500260,10,2024-02-23,2024-03-12,2000116,40000102,1020,36820.0,1.285,47315.17
4500261,10,2024-02-23,2024-03-03,2000116,40000102,1020,36820.0,1.3259,48820.01
4504478,10,2024-02-23,2024-03-02,2000114,10000210,1020,52080.0,1.8363,95632.42
4503432,10,2024-02-24,2024-03-06,2000109,10000204,1020,66820.0,0.9659,64542.77
4503971,10,2024-02-24,2024-03-03,2000112,10000207,1020,50790.0,1.9383,98447.27
4500079,10,2024-02-25,2024-03-05,2000116,40000101,1020,32020.0,1.1446,36651.05
4500992,10,2024-02-25,2024-03-05,2000115,40000108,1020,42880.0,1.0386,44534.31
4502524,10,2024-02-25,2024-03-10,2000103,10000105,1010,37560.0,1.1702,43951.21
4500993,10,2024-02-26,2024-03-05,2000115,40000108,1020,42880.0,1.0823,46409.88
4502149,10,2024-02-26,2024-03-03,2000103,10000103,1010,58170.0,0.9919,57698.82
4503090,10,2024-02-26,2024-03-15,2000107,10000201,1020,39210.0,2.414,94653.72
4502340,10,2024-02-27,2024-03-10,2000104,10000104,1010,75690.0,1.4226,107677.35
4500084,10,2024-03-01,2024-03-19,2000116,40000101,1020,31010.0,1.1548,35810.04
4502856,10,2024-03-01,2024-03-15,2000105,10000107,1010,33390.0,2.7156,90674.22
4502345,10,2024-03-02,2024-03-08,2000104,10000104,1010,70650.0,1.361,96156.06
4500083,10,2024-03-03,2024-03-18,2000116,40000101,1020,31010.0,1.1164,34619.87
4502857,10,2024-03-04,2024-03-17,2000105,10000107,1010,33390.0,2.7195,90804.44
4503974,10,2024-03-04,2024-03-12,2000112,10000207,1020,39330.0,1.838,72286.97
4501792,10,2024-03-05,2024-03-15,2000101,10000101,1010,281460.0,1.1359,319704.78
4504255,10,2024-03-05,2024-03-18,2000114,10000209,1020,54680.0,2.0442,111774.67
4501564,10,2024-03-06,2024-03-14,2000119,40000111,1020,76630.0,2.1942,168140.78
4501793,10,2024-03-06,2024-03-15,2000101,10000101,1010,281460.0,1.1166,314264.16
4502344,10,2024-03-06,2024-03-16,2000104,10000104,1010,70650.0,1.3948,98539.79
4502855,10,2024-03-06,2024-03-25,2000105,10000107,1010,33390.0,2.6552,88657.46
4503299,10,2024-03-06,2024-03-25,2000108,10000203,1020,5240.0,0.1226,642.53
4503643,10,2024-03-06,2024-03-25,2000110,10000205,1020,39260.0,0.8201,32198.7
4503973,10,2024-03-06,2024-03-16,2000112,10000207,1020,39330.0,1.9273,75799.14
4501562,10,2024-03-07,2024-03-22,2000119,40000111,1020,76630.0,2.0683,158490.76
4502154,10,2024-03-07,2024-03-14,2000103,10000103,1010,75320.0,0.9689,72979.05
4503094,10,2024-03-07,2024-03-19,2000107,10000201,1020,80000.0,2.5119,200955.2
4503437,10,2024-03-07,2024-03-17,2000109,10000204,1020,71290.0,0.9454,67394.71
4504254,10,2024-03-07,2024-03-12,2000114,10000209,1020,54680.0,1.9754,108012.68
4500487,10,2024-03-08,2024-03-18,2000116,40000104,1020,56120.0,2.0568,115427.05
4501790,10,2024-03-08,2024-03-20,2000101,10000101,1010,281460.0,1.1386,320464.73
4502342,10,2024-03-08,2024-03-26,2000104,10000104,1010,70650.0,1.3849,97841.77
4502528,10,2024-03-08,2024-03-26,2000103,10000105,1010,33450.0,1.1726,39224.47
4503642,10,2024-03-08,2024-03-16,2000110,10000205,1020,39260.0,0.823,32310.59
4503242,10,2024-03-09,2024-03-28,2000106,10000202,1020,120.0,12.4596,1495.15
4503436,10,2024-03-09,2024-03-23,2000109,10000204,1020,71290.0,0.9221,65737.22
4503641,10,2024-03-09,2024-03-29,2000110,10000205,1020,39260.0,0.8292,32552.43
4501981,10,2024-03-10,2024-03-28,2000102,10000102,1010,39450.0,2.0843,82224.45
4503095,10,2024-03-10,2024-03-27,2000107,10000201,1020,80000.0,2.5793,206342.4
4504253,10,2024-03-11,2024-03-16,2000114,10000209,1020,54680.0,2.019,110396.19
4500625,10,2024-03-12,2024-03-24,2000117,40000105,1020,29830.0,2.2681,67658.32
4501791,10,2024-03-12,2024-03-31,2000101,10000101,1010,281460.0,1.1733,330248.28
4502529,10,2024-03-12,2024-03-23,2000103,10000105,1010,33450.0,1.1,36796.0
4503644,10,2024-03-12,2024-03-28,2000110,10000205,1020,39260.0,0.8246,32371.83
4502155,10,2024-03-13,2024-03-30,2000103,10000103,1010,75320.0,1.0018,75458.59
4503804,10,2024-03-13,2024-03-23,2000111,10000206,1020,39480.0,0.4773,18843.01
4500627,10,2024-03-14,2024-03-30,2000117,40000105,1020,29830.0,2.1656,64599.55
4501166,10,2024-03-14,2024-03-30,2000115,40000109,1020,5740.0,1.5373,8823.99
4500843,10,2024-03-15,2024-03-25,2000118,40000107,1020,26870.0,2.1968,59029.09
4500997,10,2024-03-15,2024-03-24,2000115,40000108,1020,37060.0,1.0549,39095.34
4503976,10,2024-03-15,2024-03-30,2000112,10000207,1020,39330.0,1.9047,74911.85
4500085,10,2024-03-16,2024-03-26,2000116,40000101,1020,31010.0,1.1662,36165.1
4501340,10,2024-03-16,2024-03-29,2000115,40000110,1020,39330.0,1.233,48493.5
4501565,10,2024-03-16,2024-03-21,2000119,40000111,1020,76630.0,2.0861,159860.91
4502718,10,2024-03-16,2024-04-03,2000105,10000106,1010,36780.0,2.2034,81039.58
4500264,10,2024-03-17,2024-03-24,2000116,40000102,1020,27600.0,1.2802,35334.07
4502152,10,2024-03-17,2024-04-02,2000103,10000103,1010,75320.0,0.984,74115.63
4504482,10,2024-03-17,2024-03-28,2000113,10000210,1020,63550.0,1.7718,112599.8
4500485,10,2024-03-18,2024-04-01,2000116,40000104,1020,56120.0,2.0108,112844.41
4500995,10,2024-03-18,2024-04-05,2000115,40000108,1020,37060.0,1.0563,39145.74
4500998,10,2024-03-18,2024-04-01,2000115,40000108,1020,37060.0,1.041,38578.72
4503803,10,2024-03-18,2024-03-31,2000111,10000206,1020,39480.0,0.4646,18340.43
4504483,10,2024-03-18,2024-03-30,2000113,10000210,1020,63550.0,1.8131,115222.5
4501982,10,2024-03-19,2024-03-28,2000101,10000102,1010,39450.0,2.0992,82813.44
4504481,10,2024-03-19,2024-04-02,2000114,10000210,1020,63550.0,1.8863,119875.0
4500377,10,2024-03-20,2024-04-06,2000116,40000103,1020,16060.0,1.7889,28730.22
4501343,10,2024-03-20,2024-04-09,2000115,40000110,1020,39330.0,1.2127,47696.28
4502530,10,2024-03-20,2024-04-03,2000103,10000105,1010,33450.0,1.1019,36858.56
4500488,10,2024-03-21,2024-04-05,2000116,40000104,1020,56120.0,1.9096,107163.95
4500996,10,2024-03-21,2024-03-26,2000115,40000108,1020,37060.0,1.0416,38602.44
4501563,10,2024-03-21,2024-04-10,2000119,40000111,1020,76630.0,1.9966,152997.93
4500486,10,2024-03-22,2024-04-09,2000116,40000104,1020,56120.0,1.9453,109167.99
4502719,10,2024-03-22,2024-04-04,2000105,10000106,1010,36780.0,2.1611,79485.99
4503435,10,2024-03-22,2024-04-10,2000109,10000204,1020,71290.0,0.9486,67624.27
4500262,10,2024-03-23,2024-04-10,2000116,40000102,1020,27600.0,1.3121,36213.96
4502343,10,2024-03-23,2024-04-10,2000104,10000104,1010,70650.0,1.4068,99392.54
4504256,10,2024-03-23,2024-03-31,2000114,10000209,1020,54680.0,2.0112,109969.68
4500842,10,2024-03-24,2024-04-03,2000118,40000107,1020,26870.0,2.1503,57777.49
4501342,10,2024-03-24,2024-04-02,2000115,40000110,1020,39330.0,1.2009,47229.82
4502153,10,2024-03-24,2024-04-02,2000103,10000103,1010,75320.0,0.978,73659.19
4502531,10,2024-03-24,2024-04-07,2000103,10000105,1010,33450.0,1.1216,37516.52
4504480,10,2024-03-24,2024-03-31,2000113,10000210,1020,63550.0,1.7476,111060.62
4501341,10,2024-03-25,2024-04-06,2000115,40000110,1020,39330.0,1.1743,46184.04
4502720,10,2024-03-25,2024-03-31,2000105,10000106,1010,36780.0,2.1197,77963.3
4503975,10,2024-03-25,2024-04-08,2000112,10000207,1020,39330.0,1.8496,72743.19
4500263,10,2024-03-26,2024-03-31,2000116,40000102,1020,27600.0,1.2941,35716.06
4500626,10,2024-03-26,2024-04-07,2000117,40000105,1020,29830.0,2.2759,67889.2
4504120,10,2024-03-26,2024-04-03,2000108,10000208,1020,460.0,0.5791,266.4
4504630,10,2024-03-26,2024-04-10,2000115,10000109,1010,2900.0,1.9624,5690.87
4502958,10,2024-03-27,2024-04-01,2000106,10000108,1010,1650.0,9.2212,15214.98
4503092,10,2024-03-27,2024-04-04,2000107,10000201,1020,80000.0,2.5641,205124.0
4503093,10,2024-03-27,2024-04-13,2000107,10000201,1020,80000.0,2.3644,189156.0
4503434,10,2024-03-27,2024-04-09,2000109,10000204,1020,71290.0,0.9207,65638.13
4500844,10,2024-04-01,2024-04-07,2000118,40000107,1020,29050.0,2.1763,63220.64
4501345,10,2024-04-01,2024-04-17,2000115,40000110,1020,73650.0,1.2023,88547.19
4503243,10,2024-04-01,2024-04-19,2000106,10000202,1020,150.0,12.6258,1893.86
4504486,10,2024-04-02,2024-04-10,2000113,10000210,1020,93330.0,1.7618,164425.99
4500267,10,2024-04-03,2024-04-22,2000116,40000102,1020,42790.0,1.2904,55214.93
4500490,10,2024-04-03,2024-04-16,2000116,40000104,1020,47080.0,1.9702,92758.43
4500628,10,2024-04-03,2024-04-14,2000117,40000105,1020,33090.0,2.2718,75173.86
4503099,10,2024-04-03,2024-04-19,2000107,10000201,1020,90030.0,2.4873,223929.82
4503646,10,2024-04-03,2024-04-08,2000110,10000205,1020,33410.0,0.8292,27702.9
4503096,10,2024-04-04,2024-04-19,2000107,10000201,1020,90030.0,2.4717,222528.05
4503978,10,2024-04-04,2024-04-10,2000112,10000207,1020,33610.0,1.8339,61636.37
4504484,10,2024-04-04,2024-04-24,2000113,10000210,1020,93330.0,1.7846,166557.65
4501566,10,2024-04-05,2024-04-15,2000119,40000111,1020,43490.0,2.0942,91078.06
4501795,10,2024-04-05,2024-04-15,2000101,10000101,1010,267350.0,1.1961,319782.68
4502156,10,2024-04-05,2024-04-19,2000103,10000103,1010,39690.0,0.989,39254.6
4504487,10,2024-04-05,2024-04-24,2000114,10000210,1020,93330.0,1.9309,180213.7
4500846,10,2024-04-06,2024-04-11,2000118,40000107,1020,29050.0,2.2185,64448.01
4500266,10,2024-04-07,2024-04-19,2000116,40000102,1020,42790.0,1.3429,57463.97
4501344,10,2024-04-07,2024-04-22,2000115,40000110,1020,73650.0,1.2038,88663.55
4502533,10,2024-04-07,2024-04-12,2000103,10000105,1010,39710.0,1.1882,47183.42
4503440,10,2024-04-07,2024-04-20,2000109,10000204,1020,49660.0,0.9881,49068.55
4500087,10,2024-04-08,2024-04-20,2000116,40000101,1020,33000.0,1.1451,37789.62
4501347,10,2024-04-08,2024-04-21,2000115,40000110,1020,73650.0,1.1793,86853.24
4501983,10,2024-04-08,2024-04-13,2000101,10000102,1010,38560.0,2.1156,81576.76
4502349,10,2024-04-08,2024-04-14,2000104,10000104,1010,58290.0,1.4133,82379.51
4502859,10,2024-04-08,2024-04-26,2000105,10000107,1010,39370.0,2.6691,105080.89
4502860,10,2024-04-08,2024-04-18,2000105,10000107,1010,39370.0,2.7846,109628.91
4500999,10,2024-04-09,2024-04-21,2000115,40000108,1020,39080.0,1.0199,39856.52
4503806,10,2024-04-09,2024-04-19,2000111,10000206,1020,24360.0,0.4754,11579.77
4504485,10,2024-04-10,2024-04-21,2000113,10000210,1020,93330.0,1.7987,167869.87
4500491,10,2024-04-11,2024-04-21,2000116,40000104,1020,47080.0,1.9511,91859.67
4502959,10,2024-04-11,2024-04-29,2000106,10000108,1010,1360.0,9.4417,12840.75
4503805,10,2024-04-11,2024-04-17,2000111,10000206,1020,24360.0,0.4647,11319.85
4504260,10,2024-04-12,2024-04-24,2000114,10000209,1020,56500.0,2.0518,115927.26
4501168,10,2024-04-13,2024-05-02,2000115,40000109,1020,24890.0,1.5345,38193.21
4501346,10,2024-04-13,2024-04-28,2000115,40000110,1020,73650.0,1.1513,84795.45
4502534,10,2024-04-13,2024-04-24,2000103,10000105,1010,39710.0,1.1775,46758.52
4501001,10,2024-04-14,2024-05-04,2000115,40000108,1020,39080.0,1.0106,39494.64
4502721,10,2024-04-14,2024-04-21,2000105,10000106,1010,35990.0,2.1312,76703.69
4503441,10,2024-04-14,2024-04-25,2000109,10000204,1020,49660.0,0.9127,45325.18
4501796,10,2024-04-15,2024-04-28,2000101,10000101,1010,267350.0,1.1538,308476.45
4502159,10,2024-04-15,2024-04-20,2000103,10000103,1010,39690.0,0.984,39054.56
4503097,10,2024-04-15,2024-04-25,2000107,10000201,1020,90030.0,2.5505,229621.52
4500086,10,2024-04-16,2024-04-23,2000116,40000101,1020,33000.0,1.1793,38916.57
4500492,10,2024-04-16,2024-05-06,2000116,40000104,1020,47080.0,1.9874,93567.26
4500629,10,2024-04-16,2024-04-30,2000117,40000105,1020,33090.0,2.2624,74863.81
4501167,10,2024-04-16,2024-05-03,2000115,40000109,1020,24890.0,1.5589,38800.52
4503979,10,2024-04-16,2024-04-24,2000112,10000207,1020,33610.0,1.8651,62685.0
4504257,10,2024-04-16,2024-05-01,2000114,10000209,1020,56500.0,1.9581,110634.91
4501797,10,2024-04-17,2024-04-28,2000101,10000101,1010,267350.0,1.1117,297204.97
4501984,10,2024-04-17,2024-04-29,2000102,10000102,1010,38560.0,2.1128,81471.11
4503098,10,2024-04-17,2024-05-06,2000107,10000201,1020,90030.0,2.4844,223666.93
4502346,10,2024-04-18,2024-05-06,2000104,10000104,1010,58290.0,1.4521,84641.16
4502347,10,2024-04-18,2024-05-04,2000104,10000104,1010,58290.0,1.4397,83920.7
4502722,10,2024-04-18,2024-05-04,2000105,10000106,1010,35990.0,2.1277,76576.64
4503645,10,2024-04-18,2024-05-03,2000110,10000205,1020,33410.0,0.8438,28190.02
4503980,10,2024-04-18,2024-05-05,2000112,10000207,1020,33610.0,1.9414,65250.12
4500378,10,2024-04-19,2024-04-24,2000116,40000103,1020,10490.0,1.8184,19075.54
4501794,10,2024-04-19,2024-04-30,2000101,10000101,1010,267350.0,1.16,310134.02
4502858,10,2024-04-19,2024-04-26,2000105,10000107,1010,39370.0,2.6689,105073.02
4504258,10,2024-04-19,2024-04-29,2000114,10000209,1020,56500.0,1.9479,110058.04
4504631,10,2024-04-19,2024-04-25,2000115,10000109,1010,1900.0,1.9992,3798.56
4500088,10,2024-04-20,2024-04-28,2000116,40000101,1020,33000.0,1.1402,37626.6
4500265,10,2024-04-20,2024-05-04,2000116,40000102,1020,42790.0,1.2841,54947.92
4503439,10,2024-04-20,2024-04-26,2000109,10000204,1020,49660.0,0.9508,47215.73
4501000,10,2024-04-21,2024-04-27,2000115,40000108,1020,39080.0,1.0481,40959.75
4502532,10,2024-04-21,2024-04-26,2000103,10000105,1010,39710.0,1.1792,46826.83
4504121,10,2024-04-21,2024-04-30,2000108,10000208,1020,360.0,0.5646,203.26
4500727,10,2024-04-22,2024-05-11,2000117,40000106,1020,13780.0,2.7872,38407.34
4502723,10,2024-04-22,2024-04-28,2000105,10000106,1010,35990.0,2.1067,75821.57
4502158,10,2024-04-23,2024-04-29,2000103,10000103,1010,39690.0,1.0024,39783.67
4503977,10,2024-04-23,2024-05-02,2000112,10000207,1020,33610.0,1.9106,64215.6
4501567,10,2024-04-24,2024-05-12,2000119,40000111,1020,43490.0,2.1012,91380.75
4501569,10,2024-04-24,2024-05-13,2000119,40000111,1020,43490.0,2.1143,91950.91
4502157,10,2024-04-24,2024-05-09,2000103,10000103,1010,39690.0,0.9891,39257.38
4502348,10,2024-04-24,2024-05-04,2000104,10000104,1010,58290.0,1.4461,84292.59
4503300,10,2024-04-24,2024-05-03,2000108,10000203,1020,5250.0,0.1214,637.14
4503438,10,2024-04-24,2024-05-01,2000109,10000204,1020,49660.0,0.9359,46478.28
4500268,10,2024-04-25,2024-04-30,2000116,40000102,1020,42790.0,1.2794,54747.24
4500489,10,2024-04-25,2024-05-08,2000116,40000104,1020,47080.0,1.9191,90351.7
4500845,10,2024-04-25,2024-05-14,2000118,40000107,1020,29050.0,2.1812,63364.44
4501568,10,2024-04-25,2024-05-15,2000119,40000111,1020,43490.0,2.1142,91945.69
4504259,10,2024-04-27,2024-05-02,2000114,10000209,1020,56500.0,1.9775,111726.49
4500271,10,2024-05-01,2024-05-12,2000116,40000102,1020,31510.0,1.2586,39657.23
4500728,10,2024-05-01,2024-05-20,2000117,40000106,1020,29770.0,2.6898,80073.86
4500848,10,2024-05-01,2024-05-18,2000118,40000107,1020,28710.0,2.1384,61393.75
4502351,10,2024-05-01,2024-05-08,2000104,10000104,1010,86740.0,1.3664,118521.54
4503647,10,2024-05-01,2024-05-19,2000110,10000205,1020,35990.0,0.8367,30113.55
4500270,10,2024-05-02,2024-05-07,2000116,40000102,1020,31510.0,1.2507,39410.19
4501801,10,2024-05-02,2024-05-15,2000101,10000101,1010,252690.0,1.0914,275780.81
4503244,10,2024-05-02,2024-05-17,2000106,10000202,1020,100.0,11.609,1160.9
4503648,10,2024-05-02,2024-05-10,2000110,10000205,1020,35990.0,0.7992,28765.01
4503650,10,2024-05-02,2024-05-17,2000110,10000205,1020,35990.0,0.793,28539.71
4504261,10,2024-05-02,2024-05-15,2000113,10000209,1020,36370.0,1.86,67649.65
4504490,10,2024-05-02,2024-05-16,2000113,10000210,1020,51980.0,1.7173,89263.17
4501349,10,2024-05-04,2024-05-13,2000115,40000110,1020,68580.0,1.1909,81669.18
4501573,10,2024-05-04,2024-05-12,2000119,40000111,1020,95910.0,2.0569,197280.16
4502353,10,2024-05-04,2024-05-21,2000104,10000104,1010,86740.0,1.3646,118362.8
4503442,10,2024-05-04,2024-05-12,2000109,10000204,1020,83330.0,0.8872,73932.04
4503981,10,2024-05-04,2024-05-09,2000112,10000207,1020,74390.0,1.8404,136906.61
4500090,10,2024-05-05,2024-05-22,2000116,40000101,1020,35490.0,1.1402,40467.47
4501570,10,2024-05-05,2024-05-24,2000119,40000111,1020,95910.0,1.9504,187063.82
4502352,10,2024-05-05,2024-05-18,2000104,10000104,1010,86740.0,1.3997,121409.11
4502536,10,2024-05-05,2024-05-17,2000103,10000105,1010,43000.0,1.0778,46345.83
4502861,10,2024-05-05,2024-05-12,2000105,10000107,1010,29370.0,2.6648,78265.47
4500494,10,2024-05-06,2024-05-11,2000116,40000104,1020,30480.0,1.9562,59624.06
4501986,10,2024-05-06,2024-05-18,2000102,10000102,1010,36200.0,2.0231,73235.86
4502160,10,2024-05-06,2024-05-26,2000103,10000103,1010,63550.0,0.9389,59669.0
4502162,10,2024-05-06,2024-05-14,2000103,10000103,1010,63550.0,0.9793,62237.06
4502538,10,2024-05-06,2024-05-19,2000103,10000105,1010,43000.0,1.1309,48628.7
4504262,10,2024-05-06,2024-05-12,2000113,10000209,1020,36370.0,1.9074,69371.77
4500091,10,2024-05-08,2024-05-23,2000116,40000101,1020,35490.0,1.0973,38942.47
4501350,10,2024-05-08,2024-05-17,2000115,40000110,1020,68580.0,1.2059,82697.88
4501985,10,2024-05-08,2024-05-20,2000101,10000102,1010,36200.0,2.119,76708.52
4502161,10,2024-05-09,2024-05-20,2000103,10000103,1010,63550.0,0.9654,61349.9
4503101,10,2024-05-09,2024-05-27,2000107,10000201,1020,60040.0,2.5315,151992.46
4503649,10,2024-05-09,2024-05-28,2000110,10000205,1020,35990.0,0.8205,29528.36
4501004,10,2024-05-10,2024-05-21,2000115,40000108,1020,35230.0,1.0033,35347.67
4501799,10,2024-05-10,2024-05-26,2000101,10000101,1010,252690.0,1.1328,286239.65
4503982,10,2024-05-10,2024-05-29,2000112,10000207,1020,74390.0,1.8589,138285.8
4504491,10,2024-05-10,2024-05-19,2000113,10000210,1020,51980.0,1.7099,88878.52
4501169,10,2024-05-11,2024-05-24,2000115,40000109,1020,37460.0,1.5364,57555.04
4501571,10,2024-05-11,2024-05-29,2000119,40000111,1020,95910.0,2.0706,198590.29
4502535,10,2024-05-11,2024-05-23,2000103,10000105,1010,43000.0,1.1433,49160.18
4503100,10,2024-05-11,2024-05-27,2000107,10000201,1020,60040.0,2.4771,148725.08
4504264,10,2024-05-11,2024-05-18,2000113,10000209,1020,36370.0,1.8908,68768.76
4501798,10,2024-05-12,2024-05-22,2000101,10000101,1010,252690.0,1.1377,287487.94
4503984,10,2024-05-12,2024-05-21,2000112,10000207,1020,74390.0,1.8465,137358.9
4502863,10,2024-05-13,2024-05-28,2000105,10000107,1010,29370.0,2.6704,78430.53
4503103,10,2024-05-13,2024-05-18,2000107,10000201,1020,60040.0,2.3966,143892.46
4504632,10,2024-05-13,2024-05-20,2000115,10000109,1010,2700.0,1.9627,5299.26
4503102,10,2024-05-14,2024-05-27,2000107,10000201,1020,60040.0,2.502,150217.08
4503810,10,2024-05-14,2024-06-03,2000111,10000206,1020,36780.0,0.4614,16971.76
4500272,10,2024-05-16,2024-05-25,2000116,40000102,1020,31510.0,1.2869,40549.27
4500849,10,2024-05-16,2024-06-03,2000118,40000107,1020,28710.0,2.1653,62166.91
4501348,10,2024-05-16,2024-06-03,2000115,40000110,1020,68580.0,1.1964,82051.17
4502725,10,2024-05-16,2024-06-02,2000105,10000106,1010,26450.0,2.1304,56348.02
4500089,10,2024-05-17,2024-05-23,2000116,40000101,1020,35490.0,1.137,40353.19
4501170,10,2024-05-17,2024-06-02,2000115,40000109,1020,37460.0,1.4755,55273.35
4501572,10,2024-05-17,2024-05-27,2000119,40000111,1020,95910.0,2.0445,196084.16
4503807,10,2024-05-17,2024-06-02,2000111,10000206,1020,36780.0,0.4583,16855.54
4503809,10,2024-05-17,2024-05-22,2000111,10000206,1020,36780.0,0.4546,16720.19
4500495,10,2024-05-18,2024-05-24,2000116,40000104,1020,30480.0,1.9138,58331.71
4502862,10,2024-05-18,2024-05-27,2000105,10000107,1010,29370.0,2.6748,78560.05
4504488,10,2024-05-18,2024-05-24,2000114,10000210,1020,51980.0,1.7932,93212.1
4500847,10,2024-05-19,2024-05-26,2000118,40000107,1020,28710.0,2.1894,62857.1
4502537,10,2024-05-19,2024-05-30,2000103,10000105,1010,43000.0,1.0937,47029.53
4502960,10,2024-05-19,2024-05-30,2000106,10000108,1010,1510.0,9.3993,14193.0
4503443,10,2024-05-19,2024-05-25,2000109,10000204,1020,83330.0,0.9103,75856.97
4502350,10,2024-05-20,2024-06-03,2000104,10000104,1010,86740.0,1.4031,121703.16
4503444,10,2024-05-20,2024-06-02,2000109,10000204,1020,83330.0,0.9321,77668.56
4501800,10,2024-05-21,2024-06-01,2000101,10000101,1010,252690.0,1.1029,278701.91
4502163,10,2024-05-21,2024-06-05,2000103,10000103,1010,63550.0,0.9797,62261.84
4500630,10,2024-05-22,2024-05-29,2000117,40000105,1020,12960.0,2.2733,29461.71
4501171,10,2024-05-22,2024-05-28,2000115,40000109,1020,37460.0,1.5052,56385.92
4504263,10,2024-05-22,2024-06-06,2000113,10000209,1020,36370.0,1.9796,71997.69
4504489,10,2024-05-22,2024-06-02,2000114,10000210,1020,51980.0,1.8462,95966.52
4501003,10,2024-05-23,2024-05-30,2000115,40000108,1020,35230.0,1.0257,36136.82
4503301,10,2024-05-23,2024-05-30,2000108,10000203,1020,5160.0,0.1206,622.35
4500269,10,2024-05-24,2024-05-30,2000116,40000102,1020,31510.0,1.2593,39681.49
4503445,10,2024-05-24,2024-06-01,2000109,10000204,1020,83330.0,0.9121,76007.79
4503808,10,2024-05-24,2024-06-03,2000111,10000206,1020,36780.0,0.4661,17144.63
4501351,10,2024-05-25,2024-05-31,2000115,40000110,1020,68580.0,1.1469,78654.4
4503983,10,2024-05-25,2024-06-05,2000112,10000207,1020,74390.0,1.8481,137479.42
4501002,10,2024-05-26,2024-06-04,2000115,40000108,1020,35230.0,1.0113,35628.8
4504122,10,2024-05-26,2024-06-01,2000108,10000208,1020,880.0,0.5637,496.04
4500493,10,2024-05-27,2024-06-01,2000116,40000104,1020,30480.0,1.986,60532.06
4502724,10,2024-05-27,2024-06-04,2000105,10000106,1010,26450.0,2.123,56154.14
4502726,10,2024-06-01,2024-06-16,2000105,10000106,1010,27230.0,2.1797,59353.78
4501006,10,2024-06-02,2024-06-15,2000115,40000108,1020,39070.0,1.0339,40394.08
4501804,10,2024-06-02,2024-06-13,2000101,10000101,1010,263630.0,1.114,293697.0
4502167,10,2024-06-02,2024-06-19,2000103,10000103,1010,61590.0,0.9846,60641.51
4503652,10,2024-06-02,2024-06-08,2000110,10000205,1020,30990.0,0.8303,25730.69
4504492,10,2024-06-02,2024-06-12,2000114,10000210,1020,67240.0,1.7819,119817.65
4504494,10,2024-06-02,2024-06-09,2000114,10000210,1020,67240.0,1.8659,125460.43
4503811,10,2024-06-03,2024-06-19,2000111,10000206,1020,30630.0,0.4722,14463.49
4504265,10,2024-06-03,2024-06-13,2000114,10000209,1020,62120.0,1.9741,122628.61
4504268,10,2024-06-03,2024-06-11,2000113,10000209,1020,62120.0,1.8756,116512.27
4501987,10,2024-06-04,2024-06-12,2000102,10000102,1010,38940.0,2.0558,80053.63
4502356,10,2024-06-04,2024-06-09,2000104,10000104,1010,72920.0,1.4236,103808.91
4500729,10,2024-06-05,2024-06-14,2000117,40000106,1020,39640.0,2.6442,104815.69
4501354,10,2024-06-05,2024-06-13,2000115,40000110,1020,55130.0,1.1609,64002.07
4502165,10,2024-06-05,2024-06-15,2000103,10000103,1010,61590.0,1.0034,61802.49
4503812,10,2024-06-05,2024-06-10,2000111,10000206,1020,30630.0,0.456,13968.51
4503988,10,2024-06-06,2024-06-23,2000112,10000207,1020,48190.0,1.8484,89073.43
4504266,10,2024-06-06,2024-06-20,2000113,10000209,1020,62120.0,1.9257,119623.86
4501007,10,2024-06-07,2024-06-20,2000115,40000108,1020,39070.0,1.0272,40134.66
4501355,10,2024-06-07,2024-06-16,2000115,40000110,1020,55130.0,1.211,66765.19
4501988,10,2024-06-07,2024-06-21,2000102,10000102,1010,38940.0,2.0862,81235.85
4500850,10,2024-06-08,2024-06-23,2000118,40000107,1020,27490.0,2.2337,61403.31
4501173,10,2024-06-08,2024-06-15,2000115,40000109,1020,38420.0,1.529,58745.33
4502866,10,2024-06-08,2024-06-16,2000105,10000107,1010,28470.0,2.6251,74736.31
4503987,10,2024-06-08,2024-06-17,2000112,10000207,1020,48190.0,1.896,91367.76
4500095,10,2024-06-09,2024-06-27,2000116,40000101,1020,32180.0,1.13,36363.4
4500851,10,2024-06-10,2024-06-18,2000118,40000107,1020,27490.0,2.1502,59108.72
4503107,10,2024-06-10,2024-06-22,2000107,10000201,1020,60880.0,2.5594,155816.27
4503651,10,2024-06-10,2024-06-18,2000110,10000205,1020,30990.0,0.8426,26111.86
4502728,10,2024-06-12,2024-06-26,2000105,10000106,1010,27230.0,2.1165,57632.02
4503449,10,2024-06-12,2024-06-18,2000109,10000204,1020,78680.0,0.9417,74090.6
4504267,10,2024-06-12,2024-06-19,2000114,10000209,1020,62120.0,1.9797,122980.21
4500497,10,2024-06-13,2024-06-21,2000116,40000104,1020,35460.0,1.9007,67399.89
4502540,10,2024-06-13,2024-06-20,2000103,10000105,1010,35320.0,1.1609,41002.28
4503104,10,2024-06-13,2024-06-26,2000107,10000201,1020,60880.0,2.4609,149817.77
4503448,10,2024-06-13,2024-06-25,2000109,10000204,1020,78680.0,0.9203,72406.84
4502355,10,2024-06-14,2024-06-22,2000104,10000104,1010,72920.0,1.3904,101385.78
4500273,10,2024-06-15,2024-06-28,2000116,40000102,1020,37270.0,1.2923,48165.14
4501172,10,2024-06-15,2024-06-30,2000115,40000109,1020,38420.0,1.481,56898.87
4501174,10,2024-06-15,2024-06-25,2000115,40000109,1020,38420.0,1.5219,58471.01
4500093,10,2024-06-16,2024-06-25,2000116,40000101,1020,32180.0,1.1502,37014.08
4500631,10,2024-06-16,2024-06-27,2000117,40000105,1020,33730.0,2.2548,76055.75
4501175,10,2024-06-16,2024-06-29,2000115,40000109,1020,38420.0,1.4596,56076.3
4501353,10,2024-06-16,2024-06-23,2000115,40000110,1020,55130.0,1.2433,68544.78
4501574,10,2024-06-16,2024-06-25,2000119,40000111,1020,81090.0,2.0842,169006.97
4501577,10,2024-06-16,2024-06-23,2000119,40000111,1020,81090.0,2.0787,168564.22
4502541,10,2024-06-16,2024-06-28,2000103,10000105,1010,35320.0,1.1108,39232.4
4503985,10,2024-06-17,2024-07-07,2000112,10000207,1020,48190.0,1.8101,87227.76
4500498,10,2024-06-18,2024-07-07,2000116,40000104,1020,35460.0,1.9621,69575.36
4500499,10,2024-06-18,2024-07-03,2000116,40000104,1020,35460.0,1.9478,69067.92
4503105,10,2024-06-18,2024-07-02,2000107,10000201,1020,60880.0,2.5484,155149.03
4503245,10,2024-06-18,2024-07-07,2000106,10000202,1020,110.0,12.8162,1409.78
4504493,10,2024-06-18,2024-06-23,2000114,10000210,1020,67240.0,1.8471,124196.31
4500092,10,2024-06-19,2024-06-28,2000116,40000101,1020,32180.0,1.1075,35639.35
4502357,10,2024-06-19,2024-06-24,2000104,10000104,1010,72920.0,1.3894,101312.13
4503446,10,2024-06-20,2024-06-25,2000109,10000204,1020,78680.0,0.912,71758.52
4500496,10,2024-06-21,2024-07-02,2000116,40000104,1020,35460.0,1.9916,70620.36
4501005,10,2024-06-21,2024-07-10,2000115,40000108,1020,39070.0,1.0193,39825.61
4501805,10,2024-06-21,2024-07-11,2000101,10000101,1010,263630.0,1.153,303978.57
4502961,10,2024-06-21,2024-07-06,2000106,10000108,1010,1400.0,9.5814,13413.95
4503813,10,2024-06-21,2024-07-03,2000111,10000206,1020,30630.0,0.4675,14319.52
4500274,10,2024-06-22,2024-07-10,2000116,40000102,1020,37270.0,1.3006,48474.85
4500379,10,2024-06-22,2024-07-06,2000116,40000103,1020,28550.0,1.8308,52269.63
4501802,10,2024-06-22,2024-07-03,2000101,10000101,1010,263630.0,1.1359,299462.59
4502166,10,2024-06-22,2024-07-09,2000103,10000103,1010,61590.0,0.9749,60042.86
4502727,10,2024-06-22,2024-07-08,2000105,10000106,1010,27230.0,2.1575,58747.64
4503653,10,2024-06-22,2024-07-01,2000110,10000205,1020,30990.0,0.8423,26103.5
4503986,10,2024-06-22,2024-07-05,2000112,10000207,1020,48190.0,1.806,87028.73
4504633,10,2024-06-22,2024-07-09,2000115,10000109,1010,1800.0,1.9947,3590.53
4500730,10,2024-06-23,2024-07-12,2000117,40000106,1020,39640.0,2.7196,107803.75
4501576,10,2024-06-23,2024-07-11,2000119,40000111,1020,81090.0,2.1698,175949.89
4502354,10,2024-06-23,2024-07-11,2000104,10000104,1010,72920.0,1.3914,101458.7
4502539,10,2024-06-23,2024-07-11,2000103,10000105,1010,35320.0,1.1798,41671.24
4502542,10,2024-06-23,2024-07-06,2000103,10000105,1010,35320.0,1.1068,39091.47
4504123,10,2024-06-23,2024-07-11,2000108,10000208,1020,540.0,0.5818,314.19
4500094,10,2024-06-24,2024-07-14,2000116,40000101,1020,32180.0,1.1074,35635.81
4501575,10,2024-06-24,2024-07-02,2000119,40000111,1020,81090.0,2.0279,164440.79
4501803,10,2024-06-24,2024-07-10,2000101,10000101,1010,263630.0,1.1142,293726.0
4502864,10,2024-06-24,2024-07-10,2000105,10000107,1010,28470.0,2.6728,76095.75
4503106,10,2024-06-24,2024-07-03,2000107,10000201,1020,60880.0,2.3992,146060.25
4503302,10,2024-06-24,2024-07-09,2000108,10000203,1020,5460.0,0.1224,668.36
4502164,10,2024-06-25,2024-07-01,2000103,10000103,1010,61590.0,0.9897,60957.47
4501008,10,2024-06-26,2024-07-04,2000115,40000108,1020,39070.0,1.0099,39456.4
4503447,10,2024-06-26,2024-07-14,2000109,10000204,1020,78680.0,0.9436,74240.87
4504495,10,2024-06-26,2024-07-16,2000113,10000210,1020,67240.0,1.7594,118302.06
4501352,10,2024-06-27,2024-07-17,2000115,40000110,1020,55130.0,1.1747,64760.66
4502865,10,2024-06-27,2024-07-15,2000105,10000107,1010,28470.0,2.6591,75703.72
4503654,10,2024-06-27,2024-07-12,2000110,10000205,1020,30990.0,0.8292,25696.29
4500278,10,2024-07-01,2024-07-12,2000116,40000102,1020,35460.0,1.3162,46670.68
4501580,10,2024-07-01,2024-07-17,2000119,40000111,1020,84100.0,2.0523,172595.07
4501809,10,2024-07-02,2024-07-20,2000101,10000101,1010,283230.0,1.131,320341.63
4500380,10,2024-07-03,2024-07-19,2000116,40000103,1020,33890.0,1.7112,57991.55
4503303,10,2024-07-03,2024-07-11,2000108,10000203,1020,6660.0,0.1245,829.1
4503990,10,2024-07-03,2024-07-11,2000112,10000207,1020,44890.0,1.8576,83386.32
4500503,10,2024-07-04,2024-07-20,2000116,40000104,1020,52010.0,1.9572,101795.01
4501990,10,2024-07-04,2024-07-24,2000102,10000102,1010,28950.0,2.0434,59157.01
4500098,10,2024-07-05,2024-07-20,2000116,40000101,1020,30660.0,1.132,34707.43
4501177,10,2024-07-05,2024-07-16,2000115,40000109,1020,38660.0,1.4953,57809.46
4502171,10,2024-07-06,2024-07-12,2000103,10000103,1010,62740.0,1.0055,63085.07
4504634,10,2024-07-06,2024-07-14,2000115,10000109,1010,2100.0,1.8982,3986.16
4500277,10,2024-07-07,2024-07-12,2000116,40000102,1020,35460.0,1.2714,45085.62
4502546,10,2024-07-07,2024-07-18,2000103,10000105,1010,43530.0,1.1073,48199.9
4503989,10,2024-07-07,2024-07-20,2000112,10000207,1020,44890.0,1.7937,80516.95
4500632,10,2024-07-08,2024-07-14,2000117,40000105,1020,28960.0,2.301,66637.25
4501176,10,2024-07-08,2024-07-23,2000115,40000109,1020,38660.0,1.475,57021.95
4501178,10,2024-07-08,2024-07-23,2000115,40000109,1020,38660.0,1.4896,57589.1
4502544,10,2024-07-08,2024-07-24,2000103,10000105,1010,43530.0,1.1462,49896.26
4502545,10,2024-07-08,2024-07-16,2000103,10000105,1010,43530.0,1.1483,49985.93
4504499,10,2024-07-08,2024-07-13,2000114,10000210,1020,84900.0,1.851,157146.5
4502867,10,2024-07-09,2024-07-24,2000105,10000107,1010,38380.0,2.6798,102848.8
4503453,10,2024-07-09,2024-07-14,2000109,10000204,1020,102340.0,0.934,95585.56
4503655,10,2024-07-09,2024-07-16,2000110,10000205,1020,42990.0,0.8085,34758.7
4503657,10,2024-07-09,2024-07-28,2000110,10000205,1020,42990.0,0.7986,34329.66
4503815,10,2024-07-09,2024-07-26,2000111,10000206,1020,37510.0,0.4586,17203.21
4500500,10,2024-07-10,2024-07-21,2000116,40000104,1020,52010.0,1.9349,100632.59
4501010,10,2024-07-10,2024-07-19,2000115,40000108,1020,47920.0,1.0189,48823.77
4501012,10,2024-07-10,2024-07-27,2000115,40000108,1020,47920.0,1.0453,50092.21
4502358,10,2024-07-10,2024-07-16,2000104,10000104,1010,88980.0,1.3775,122573.51
4503111,10,2024-07-10,2024-07-24,2000107,10000201,1020,82120.0,2.5123,206308.43
4503451,10,2024-07-10,2024-07-22,2000109,10000204,1020,102340.0,0.9275,94920.35
4503991,10,2024-07-10,2024-07-16,2000112,10000207,1020,44890.0,1.8296,82129.85
4501179,10,2024-07-12,2024-07-25,2000115,40000109,1020,38660.0,1.4988,57944.77
4501356,10,2024-07-12,2024-07-26,2000115,40000110,1020,36180.0,1.1924,43140.67
4502543,10,2024-07-12,2024-07-27,2000103,10000105,1010,43530.0,1.1265,49037.42
4503992,10,2024-07-12,2024-07-29,2000112,10000207,1020,44890.0,1.8312,82203.02
4500502,10,2024-07-13,2024-07-26,2000116,40000104,1020,52010.0,1.9853,103257.01
4501011,10,2024-07-13,2024-07-26,2000115,40000108,1020,47920.0,1.0457,50107.55
4501581,10,2024-07-13,2024-07-24,2000119,40000111,1020,84100.0,2.0216,170019.92
4502170,10,2024-07-13,2024-07-30,2000103,10000103,1010,62740.0,1.0024,62887.44
4503452,10,2024-07-13,2024-07-22,2000109,10000204,1020,102340.0,0.9436,96569.05
4503814,10,2024-07-13,2024-07-18,2000111,10000206,1020,37510.0,0.4555,17087.31
4500275,10,2024-07-14,2024-08-02,2000116,40000102,1020,35460.0,1.274,45174.98
4500501,10,2024-07-14,2024-07-30,2000116,40000104,1020,52010.0,1.9549,101675.39
4501357,10,2024-07-14,2024-07-22,2000115,40000110,1020,36180.0,1.1866,42930.46
4501579,10,2024-07-14,2024-07-23,2000119,40000111,1020,84100.0,2.0959,176266.87
4501806,10,2024-07-14,2024-07-30,2000101,10000101,1010,283230.0,1.1769,333333.39
4502168,10,2024-07-14,2024-07-28,2000103,10000103,1010,62740.0,1.0493,65834.96
4503450,10,2024-07-14,2024-07-27,2000109,10000204,1020,102340.0,0.936,95791.26
4503656,10,2024-07-14,2024-07-28,2000110,10000205,1020,42990.0,0.8469,36406.94
4504124,10,2024-07-14,2024-07-31,2000108,10000208,1020,490.0,0.5621,275.42
4500276,10,2024-07-15,2024-07-26,2000116,40000102,1020,35460.0,1.2759,45243.41
4500633,10,2024-07-16,2024-07-21,2000117,40000105,1020,28960.0,2.1919,63477.71
4501808,10,2024-07-16,2024-08-02,2000101,10000101,1010,283230.0,1.144,324029.28
4501991,10,2024-07-16,2024-07-26,2000102,10000102,1010,28950.0,2.0253,58633.59
4501807,10,2024-07-17,2024-07-30,2000101,10000101,1010,283230.0,1.1652,330022.43
4503658,10,2024-07-17,2024-08-01,2000110,10000205,1020,42990.0,0.8131,34956.03
4504269,10,2024-07-17,2024-07-26,2000113,10000209,1020,63520.0,1.8972,120513.32
4502360,10,2024-07-18,2024-08-06,2000104,10000104,1010,88980.0,1.3946,124095.07
4503108,10,2024-07-18,2024-08-05,2000107,10000201,1020,82120.0,2.4123,198101.36
4500731,10,2024-07-19,2024-08-08,2000117,40000106,1020,20570.0,2.6576,54665.8
4502169,10,2024-07-19,2024-08-04,2000103,10000103,1010,62740.0,0.9802,61499.63
4502962,10,2024-07-19,2024-07-29,2000106,10000108,1010,1540.0,9.2807,14292.32
4500732,10,2024-07-20,2024-07-29,2000117,40000106,1020,20570.0,2.6615,54747.88
4501009,10,2024-07-20,2024-07-29,2000115,40000108,1020,47920.0,1.0611,50849.35
4502359,10,2024-07-20,2024-08-08,2000104,10000104,1010,88980.0,1.3673,121665.91
4504497,10,2024-07-20,2024-08-09,2000113,10000210,1020,84900.0,1.7664,149967.36
4502361,10,2024-07-21,2024-08-08,2000104,10000104,1010,88980.0,1.383,123061.12
4500097,10,2024-07-23,2024-08-03,2000116,40000101,1020,30660.0,1.1459,35132.68
4502869,10,2024-07-23,2024-08-12,2000105,10000107,1010,38380.0,2.6607,102116.9
4504498,10,2024-07-23,2024-08-10,2000114,10000210,1020,84900.0,1.8074,153450.81
4500096,10,2024-07-24,2024-08-05,2000116,40000101,1020,30660.0,1.1378,34885.87
4501578,10,2024-07-24,2024-08-05,2000119,40000111,1020,84100.0,2.0635,173540.35
4501989,10,2024-07-24,2024-08-07,2000102,10000102,1010,28950.0,2.0667,59829.81
4504271,10,2024-07-24,2024-07-29,2000113,10000209,1020,63520.0,1.8664,118555.63
4501358,10,2024-07-25,2024-08-14,2000115,40000110,1020,36180.0,1.1752,42518.74
4502729,10,2024-07-25,2024-08-14,2000105,10000106,1010,27790.0,2.1812,60616.38
4502868,10,2024-07-25,2024-08-05,2000105,10000107,1010,38380.0,2.6968,103501.26
4503109,10,2024-07-25,2024-08-08,2000107,10000201,1020,82120.0,2.4539,201513.45
4503246,10,2024-07-25,2024-08-05,2000106,10000202,1020,140.0,12.5564,1757.89
4504496,10,2024-07-25,2024-08-11,2000114,10000210,1020,84900.0,1.8481,156906.24
4502731,10,2024-07-26,2024-08-05,2000105,10000106,1010,27790.0,2.1144,58760.01
4504272,10,2024-07-26,2024-08-05,2000114,10000209,1020,63520.0,1.9538,124104.11
4502730,10,2024-07-27,2024-08-08,2000105,10000106,1010,27790.0,2.1646,60154.51
4503110,10,2024-07-27,2024-08-04,2000107,10000201,1020,82120.0,2.5496,209369.05
4504270,10,2024-07-27,2024-08-16,2000114,10000209,1020,63520.0,1.9499,123860.19
4500505,10,2024-08-01,2024-08-21,2000116,40000104,1020,46780.0,1.9419,90840.68
4501361,10,2024-08-01,2024-08-14,2000115,40000110,1020,61930.0,1.2127,75100.65
4501582,10,2024-08-01,2024-08-19,2000119,40000111,1020,78890.0,2.0844,164441.47
4501813,10,2024-08-01,2024-08-11,2000101,10000101,1010,268360.0,1.1106,298051.35
4503454,10,2024-08-01,2024-08-15,2000109,10000204,1020,88240.0,0.9507,83887.12
4504635,10,2024-08-01,2024-08-18,2000115,10000109,1010,2200.0,1.9078,4197.09
4502548,10,2024-08-04,2024-08-18,2000103,10000105,1010,41930.0,1.158,48557.04
4502733,10,2024-08-04,2024-08-24,2000105,10000106,1010,32270.0,2.2036,71109.2
4502963,10,2024-08-04,2024-08-24,2000106,10000108,1010,1470.0,9.255,13604.91
4503114,10,2024-08-04,2024-08-16,2000107,10000201,1020,49420.0,2.4856,122839.83
4500635,10,2024-08-06,2024-08-26,2000117,40000105,1020,20380.0,2.2176,45194.08
4502872,10,2024-08-07,2024-08-12,2000105,10000107,1010,30850.0,2.6475,81675.07
4503659,10,2024-08-07,2024-08-17,2000110,10000205,1020,47150.0,0.8341,39325.93
4503662,10,2024-08-07,2024-08-27,2000110,10000205,1020,47150.0,0.8336,39306.6
4501993,10,2024-08-08,2024-08-16,2000101,10000102,1010,39910.0,2.0811,83054.71
4500099,10,2024-08-09,2024-08-21,2000116,40000101,1020,55910.0,1.1383,63641.23
4500504,10,2024-08-09,2024-08-25,2000116,40000104,1020,46780.0,1.971,92204.78
4501583,10,2024-08-09,2024-08-26,2000119,40000111,1020,78890.0,2.1454,169253.76
4503112,10,2024-08-09,2024-08-14,2000107,10000201,1020,49420.0,2.502,123646.86
4503660,10,2024-08-09,2024-08-15,2000110,10000205,1020,47150.0,0.8126,38314.09
4501359,10,2024-08-10,2024-08-18,2000115,40000110,1020,61930.0,1.1783,72970.26
4501810,10,2024-08-10,2024-08-15,2000101,10000101,1010,268360.0,1.1727,314716.51
4503456,10,2024-08-10,2024-08-17,2000109,10000204,1020,88240.0,0.9464,83513.87
4501015,10,2024-08-11,2024-08-25,2000115,40000108,1020,56530.0,1.0074,56947.76
4501362,10,2024-08-11,2024-08-18,2000115,40000110,1020,61930.0,1.1934,73909.12
4501992,10,2024-08-11,2024-08-18,2000101,10000102,1010,39910.0,2.0993,83783.86
4503113,10,2024-08-11,2024-08-28,2000107,10000201,1020,49420.0,2.4824,122681.69
4503996,10,2024-08-11,2024-08-22,2000112,10000207,1020,35990.0,1.8612,66983.51
4501013,10,2024-08-12,2024-08-30,2000115,40000108,1020,56530.0,1.054,59583.19
4502365,10,2024-08-12,2024-08-19,2000104,10000104,1010,81910.0,1.4192,116243.4
4502732,10,2024-08-12,2024-08-23,2000105,10000106,1010,32270.0,2.1327,68821.91
4503993,10,2024-08-12,2024-08-29,2000112,10000207,1020,35990.0,1.807,65033.57
4504125,10,2024-08-12,2024-09-01,2000108,10000208,1020,410.0,0.5563,228.1
4501360,10,2024-08-13,2024-08-20,2000115,40000110,1020,61930.0,1.1728,72631.5
4503457,10,2024-08-13,2024-08-21,2000109,10000204,1020,88240.0,0.9323,82265.27
4500382,10,2024-08-14,2024-08-29,2000116,40000103,1020,30690.0,1.6806,51577.0
4500734,10,2024-08-14,2024-08-29,2000117,40000106,1020,20730.0,2.6769,55491.31
4502175,10,2024-08-14,2024-08-26,2000103,10000103,1010,47980.0,0.9681,46448.48
4504501,10,2024-08-14,2024-08-22,2000113,10000210,1020,44940.0,1.7949,80664.6
4502173,10,2024-08-15,2024-08-30,2000103,10000103,1010,47980.0,0.9505,45604.99
4502364,10,2024-08-15,2024-08-23,2000104,10000104,1010,81910.0,1.4042,115016.38
4503115,10,2024-08-15,2024-08-25,2000107,10000201,1020,49420.0,2.4462,120891.7
4501180,10,2024-08-16,2024-09-01,2000115,40000109,1020,31920.0,1.429,45613.68
4504273,10,2024-08-16,2024-08-27,2000114,10000209,1020,40250.0,1.9528,78598.99
4500102,10,2024-08-17,2024-09-01,2000116,40000101,1020,55910.0,1.1574,64711.35
4501016,10,2024-08-17,2024-08-22,2000115,40000108,1020,56530.0,1.0298,58214.03
4502362,10,2024-08-17,2024-08-30,2000104,10000104,1010,81910.0,1.3821,113207.81
4500101,10,2024-08-18,2024-08-28,2000116,40000101,1020,55910.0,1.1105,62088.61
4500634,10,2024-08-18,2024-08-28,2000117,40000105,1020,20380.0,2.3481,47854.89
4503816,10,2024-08-18,2024-09-07,2000111,10000206,1020,35710.0,0.4792,17111.16
4503995,10,2024-08-19,2024-08-27,2000112,10000207,1020,35990.0,1.8548,66756.05
4504274,10,2024-08-19,2024-09-05,2000114,10000209,1020,40250.0,1.9603,78902.08
4504502,10,2024-08-19,2024-08-25,2000113,10000210,1020,44940.0,1.7076,76740.44
4500280,10,2024-08-20,2024-09-05,2000116,40000102,1020,34010.0,1.2602,42858.04
4501811,10,2024-08-20,2024-09-05,2000101,10000101,1010,268360.0,1.1351,304604.7
4502550,10,2024-08-20,2024-09-05,2000103,10000105,1010,41930.0,1.1719,49137.35
4502870,10,2024-08-20,2024-08-26,2000105,10000107,1010,30850.0,2.6881,82927.27
4503455,10,2024-08-20,2024-09-06,2000109,10000204,1020,88240.0,0.9419,83113.26
4503994,10,2024-08-20,2024-08-31,2000112,10000207,1020,35990.0,1.9163,68968.0
4504500,10,2024-08-20,2024-09-01,2000114,10000210,1020,44940.0,1.8652,83824.34
4500381,10,2024-08-21,2024-09-08,2000116,40000103,1020,30690.0,1.8047,55385.02
4500852,10,2024-08-21,2024-09-03,2000118,40000107,1020,26050.0,2.1536,56100.24
4501181,10,2024-08-21,2024-09-04,2000115,40000109,1020,31920.0,1.5598,49787.86
4501585,10,2024-08-22,2024-09-02,2000119,40000111,1020,78890.0,2.0672,163083.77
4502174,10,2024-08-22,2024-09-04,2000103,10000103,1010,47980.0,0.9855,47283.81
4502549,10,2024-08-22,2024-09-10,2000103,10000105,1010,41930.0,1.1182,46886.55
4503304,10,2024-08-22,2024-09-09,2000108,10000203,1020,4590.0,0.1218,559.15
4502734,10,2024-08-23,2024-09-06,2000105,10000106,1010,32270.0,2.1589,69668.67
4502871,10,2024-08-23,2024-09-10,2000105,10000107,1010,30850.0,2.7177,83841.04
4503247,10,2024-08-23,2024-09-02,2000106,10000202,1020,80.0,12.0325,962.6
4504503,10,2024-08-23,2024-09-07,2000114,10000210,1020,44940.0,1.8257,82046.51
4504275,10,2024-08-24,2024-08-29,2000114,10000209,1020,40250.0,1.9572,78777.7
4500279,10,2024-08-25,2024-09-05,2000116,40000102,1020,34010.0,1.2416,42226.14
4500506,10,2024-08-25,2024-09-06,2000116,40000104,1020,46780.0,1.9704,92177.65
4500507,10,2024-08-25,2024-09-05,2000116,40000104,1020,46780.0,1.9984,93487.49
4502172,10,2024-08-25,2024-09-08,2000103,10000103,1010,47980.0,0.9977,47870.61
4502547,10,2024-08-25,2024-09-05,2000103,10000105,1010,41930.0,1.1292,47349.45
4504276,10,2024-08-25,2024-09-05,2000113,10000209,1020,40250.0,1.8928,76183.99
4500100,10,2024-08-26,2024-09-13,2000116,40000101,1020,55910.0,1.1687,65344.25
4500733,10,2024-08-26,2024-08-31,2000117,40000106,1020,20730.0,2.608,54063.22
4501182,10,2024-08-26,2024-09-13,2000115,40000109,1020,31920.0,1.4413,46005.98
4501812,10,2024-08-26,2024-09-14,2000101,10000101,1010,268360.0,1.0967,294302.36
4503817,10,2024-08-26,2024-09-11,2000111,10000206,1020,35710.0,0.4623,16507.3
4501014,10,2024-08-27,2024-09-13,2000115,40000108,1020,56530.0,1.0354,58531.16
4501584,10,2024-08-27,2024-09-09,2000119,40000111,1020,78890.0,2.0565,162240.44
4502363,10,2024-08-27,2024-09-08,2000104,10000104,1010,81910.0,1.3968,114411.89
4503661,10,2024-08-27,2024-09-10,2000110,10000205,1020,47150.0,0.8457,39873.34
4501814,10,2024-09-01,2024-09-08,2000101,10000101,1010,263340.0,1.1245,296115.3
4502176,10,2024-09-02,2024-09-21,2000103,10000103,1010,63840.0,1.0032,64047.48
4502366,10,2024-09-02,2024-09-07,2000104,10000104,1010,76560.0,1.3964,106908.38
4503820,10,2024-09-02,2024-09-08,2000111,10000206,1020,30390.0,0.4622,14045.04
4504277,10,2024-09-02,2024-09-07,2000113,10000209,1020,46560.0,1.8444,85876.2
4501366,10,2024-09-03,2024-09-11,2000115,40000110,1020,79170.0,1.1579,91668.57
4501588,10,2024-09-03,2024-09-20,2000119,40000111,1020,49400.0,2.0924,103364.07
4503459,10,2024-09-03,2024-09-08,2000109,10000204,1020,95190.0,0.919,87475.8
4504505,10,2024-09-03,2024-09-23,2000114,10000210,1020,50230.0,1.7721,89010.57
4501817,10,2024-09-04,2024-09-10,2000101,10000101,1010,263340.0,1.1889,313095.46
4503665,10,2024-09-04,2024-09-23,2000110,10000205,1020,37770.0,0.8484,32045.2
4504279,10,2024-09-04,2024-09-13,2000113,10000209,1020,46560.0,1.9545,91002.45
4502551,10,2024-09-05,2024-09-17,2000103,10000105,1010,38180.0,1.1434,43653.87
4503458,10,2024-09-05,2024-09-23,2000109,10000204,1020,95190.0,0.9099,86609.57
4504507,10,2024-09-05,2024-09-21,2000114,10000210,1020,50230.0,1.7608,88446.49
4502178,10,2024-09-06,2024-09-21,2000103,10000103,1010,63840.0,0.9677,61777.97
4502554,10,2024-09-06,2024-09-14,2000103,10000105,1010,38180.0,1.1408,43555.36
4501816,10,2024-09-07,2024-09-14,2000101,10000101,1010,263340.0,1.11,292310.03
4501995,10,2024-09-07,2024-09-27,2000102,10000102,1010,38350.0,2.0723,79472.32
4500284,10,2024-09-09,2024-09-28,2000116,40000102,1020,41050.0,1.3266,54458.57
4500735,10,2024-09-09,2024-09-27,2000117,40000106,1020,38760.0,2.6704,103503.54
4503117,10,2024-09-09,2024-09-21,2000107,10000201,1020,44210.0,2.4369,107734.02
4503664,10,2024-09-09,2024-09-18,2000110,10000205,1020,37770.0,0.8256,31182.91
4504000,10,2024-09-09,2024-09-28,2000112,10000207,1020,44390.0,1.8729,83136.26
4504504,10,2024-09-09,2024-09-25,2000113,10000210,1020,50230.0,1.7906,89942.34
4500510,10,2024-09-10,2024-09-22,2000116,40000104,1020,32070.0,2.0182,64722.71
4500636,10,2024-09-10,2024-09-19,2000117,40000105,1020,38160.0,2.2813,87055.55
4502368,10,2024-09-10,2024-09-24,2000104,10000104,1010,76560.0,1.4325,109669.9
4502553,10,2024-09-10,2024-09-30,2000103,10000105,1010,38180.0,1.1457,43742.44
4503118,10,2024-09-10,2024-09-18,2000107,10000201,1020,44210.0,2.5204,111427.33
4500106,10,2024-09-11,2024-09-27,2000116,40000101,1020,45930.0,1.1569,53135.04
4503460,10,2024-09-11,2024-09-17,2000109,10000204,1020,95190.0,0.9373,89225.39
4501184,10,2024-09-12,2024-09-30,2000115,40000109,1020,35740.0,1.5078,53889.49
4500283,10,2024-09-13,2024-09-23,2000116,40000102,1020,41050.0,1.304,53527.56
4500511,10,2024-09-13,2024-10-01,2000116,40000104,1020,32070.0,2.0,64140.0
4501018,10,2024-09-13,2024-09-28,2000115,40000108,1020,41490.0,1.0309,42771.21
4502179,10,2024-09-13,2024-09-21,2000103,10000103,1010,63840.0,0.966,61668.8
4504126,10,2024-09-13,2024-10-02,2000108,10000208,1020,560.0,0.5799,324.74
4500103,10,2024-09-14,2024-09-28,2000116,40000101,1020,45930.0,1.1466,52662.88
4503819,10,2024-09-14,2024-10-02,2000111,10000206,1020,30390.0,0.4757,14455.31
4500508,10,2024-09-15,2024-10-01,2000116,40000104,1020,32070.0,1.9739,63304.26
4502367,10,2024-09-15,2024-10-03,2000104,10000104,1010,76560.0,1.4124,108131.81
4502369,10,2024-09-15,2024-10-05,2000104,10000104,1010,76560.0,1.3925,106608.27
4501185,10,2024-09-16,2024-09-21,2000115,40000109,1020,35740.0,1.5113,54012.43
4503461,10,2024-09-16,2024-09-25,2000109,10000204,1020,95190.0,0.9289,88421.99
4503666,10,2024-09-16,2024-09-27,2000110,10000205,1020,37770.0,0.8407,31754.37
4501019,10,2024-09-17,2024-09-29,2000115,40000108,1020,41490.0,1.0025,41593.31
4502873,10,2024-09-17,2024-09-30,2000105,10000107,1010,39150.0,2.6879,105232.85
4503998,10,2024-09-17,2024-09-26,2000112,10000207,1020,44390.0,1.8171,80659.74
4500282,10,2024-09-18,2024-10-07,2000116,40000102,1020,41050.0,1.3043,53539.87
4500509,10,2024-09-18,2024-09-30,2000116,40000104,1020,32070.0,2.0134,64568.46
4501020,10,2024-09-18,2024-10-03,2000115,40000108,1020,41490.0,1.0433,43285.69
4502552,10,2024-09-18,2024-10-01,2000103,10000105,1010,38180.0,1.1189,42721.13
4502736,10,2024-09-18,2024-09-30,2000105,10000106,1010,37040.0,2.1895,81100.19
4504636,10,2024-09-18,2024-10-07,2000115,10000109,1010,1500.0,1.9727,2958.99
4500854,10,2024-09-19,2024-09-27,2000118,40000107,1020,34860.0,2.2267,77622.41
4501017,10,2024-09-19,2024-10-03,2000115,40000108,1020,41490.0,0.9907,41104.97
4501587,10,2024-09-19,2024-10-01,2000119,40000111,1020,49400.0,2.0942,103452.99
4504278,10,2024-09-19,2024-10-01,2000113,10000209,1020,46560.0,1.9257,89658.73
4504506,10,2024-09-19,2024-09-24,2000113,10000210,1020,50230.0,1.7168,86232.85
4501815,10,2024-09-20,2024-10-04,2000101,10000101,1010,263340.0,1.177,309964.35
4502735,10,2024-09-20,2024-10-05,2000105,10000106,1010,37040.0,2.1876,81029.44
4502964,10,2024-09-20,2024-10-02,2000106,10000108,1010,1410.0,9.1732,12934.21
4503997,10,2024-09-20,2024-09-28,2000112,10000207,1020,44390.0,1.7393,77209.3
4501365,10,2024-09-21,2024-10-07,2000115,40000110,1020,79170.0,1.1878,94038.92
4500104,10,2024-09-22,2024-10-08,2000116,40000101,1020,45930.0,1.09,50066.0
4503818,10,2024-09-22,2024-10-09,2000111,10000206,1020,30390.0,0.4598,13972.11
4503999,10,2024-09-22,2024-10-07,2000112,10000207,1020,44390.0,1.917,85097.41
4504280,10,2024-09-22,2024-10-05,2000113,10000209,1020,46560.0,1.8406,85696.01
4500105,10,2024-09-23,2024-10-09,2000116,40000101,1020,45930.0,1.1442,52552.65
4500281,10,2024-09-23,2024-10-12,2000116,40000102,1020,41050.0,1.3158,54012.77
4501364,10,2024-09-23,2024-09-30,2000115,40000110,1020,79170.0,1.2011,95090.3
4503116,10,2024-09-23,2024-09-30,2000107,10000201,1020,44210.0,2.4387,107815.81
4503119,10,2024-09-23,2024-10-10,2000107,10000201,1020,44210.0,2.4505,108336.16
4503248,10,2024-09-23,2024-10-01,2000106,10000202,1020,80.0,12.6859,1014.87
4503663,10,2024-09-23,2024-10-01,2000110,10000205,1020,37770.0,0.8366,31598.76
4501586,10,2024-09-24,2024-10-08,2000119,40000111,1020,49400.0,2.1199,104725.53
4501589,10,2024-09-24,2024-10-01,2000119,40000111,1020,49400.0,2.0633,101925.04
4501183,10,2024-09-25,2024-10-01,2000115,40000109,1020,35740.0,1.5122,54045.67
4501363,10,2024-09-25,2024-10-10,2000115,40000110,1020,79170.0,1.1621,92000.29
4501994,10,2024-09-25,2024-10-13,2000102,10000102,1010,38350.0,2.0518,78686.91
4502177,10,2024-09-25,2024-10-07,2000103,10000103,1010,63840.0,0.9774,62400.41
4503305,10,2024-09-25,2024-10-03,2000108,10000203,1020,5140.0,0.1265,650.21
4500853,10,2024-09-26,2024-10-05,2000118,40000107,1020,34860.0,2.1523,75029.53
4502874,10,2024-09-26,2024-10-15,2000105,10000107,1010,39150.0,2.7023,105794.26
4501593,10,2024-10-01,2024-10-21,2000119,40000111,1020,76000.0,2.0274,154083.92
4501996,10,2024-10-01,2024-10-10,2000101,10000102,1010,38960.0,2.0483,79800.21
4504003,10,2024-10-01,2024-10-12,2000112,10000207,1020,42970.0,1.8351,78855.54
4500855,10,2024-10-02,2024-10-12,2000118,40000107,1020,26230.0,2.1778,57122.64
4501590,10,2024-10-02,2024-10-11,2000119,40000111,1020,76000.0,2.0493,155743.76
4504508,10,2024-10-02,2024-10-22,2000114,10000210,1020,77730.0,1.8083,140561.49
4501368,10,2024-10-03,2024-10-20,2000115,40000110,1020,72190.0,1.1866,85661.38
4501997,10,2024-10-03,2024-10-18,2000102,10000102,1010,38960.0,2.103,81934.83
4503668,10,2024-10-03,2024-10-14,2000110,10000205,1020,58960.0,0.82,48345.43
4504284,10,2024-10-03,2024-10-21,2000114,10000209,1020,53070.0,2.0037,106337.95
4500287,10,2024-10-04,2024-10-19,2000116,40000102,1020,40900.0,1.2761,52192.08
4500288,10,2024-10-04,2024-10-12,2000116,40000102,1020,40900.0,1.3033,53306.2
4502558,10,2024-10-04,2024-10-14,2000103,10000105,1010,42520.0,1.1326,48159.85
4503667,10,2024-10-04,2024-10-16,2000110,10000205,1020,58960.0,0.8518,50223.9
4501819,10,2024-10-05,2024-10-11,2000101,10000101,1010,269830.0,1.1086,299133.54
4503122,10,2024-10-05,2024-10-20,2000107,10000201,1020,61130.0,2.4476,149624.84
4503669,10,2024-10-05,2024-10-24,2000110,10000205,1020,58960.0,0.8222,48479.27
4503823,10,2024-10-05,2024-10-19,2000111,10000206,1020,26690.0,0.4512,12041.19
4500107,10,2024-10-06,2024-10-24,2000116,40000101,1020,43570.0,1.1512,50156.91
4500108,10,2024-10-07,2024-10-26,2000116,40000101,1020,43570.0,1.1528,50226.62
4501818,10,2024-10-07,2024-10-21,2000101,10000101,1010,269830.0,1.1039,297862.64
4502181,10,2024-10-07,2024-10-16,2000103,10000103,1010,56100.0,0.9962,55886.82
4502182,10,2024-10-08,2024-10-21,2000103,10000103,1010,56100.0,0.9571,53691.63
4500110,10,2024-10-09,2024-10-19,2000116,40000101,1020,43570.0,1.1046,48127.86
4501024,10,2024-10-09,2024-10-24,2000115,40000108,1020,51950.0,1.0482,54455.03
4503123,10,2024-10-09,2024-10-25,2000107,10000201,1020,61130.0,2.4548,150058.87
4501023,10,2024-10-10,2024-10-29,2000115,40000108,1020,51950.0,1.0098,52459.63
4501591,10,2024-10-10,2024-10-27,2000119,40000111,1020,76000.0,2.0919,158983.64
4502555,10,2024-10-10,2024-10-22,2000103,10000105,1010,42520.0,1.1471,48775.97
4502876,10,2024-10-10,2024-10-25,2000105,10000107,1010,28680.0,2.5801,73998.42
4504127,10,2024-10-10,2024-10-26,2000108,10000208,1020,480.0,0.5634,270.42
4500638,10,2024-10-11,2024-10-23,2000117,40000105,1020,28130.0,2.3338,65649.23
4502737,10,2024-10-11,2024-10-25,2000105,10000106,1010,32810.0,2.1413,70256.38
4500639,10,2024-10-12,2024-10-24,2000117,40000105,1020,28130.0,2.2778,64074.8
4500736,10,2024-10-12,2024-10-21,2000117,40000106,1020,33570.0,2.6196,87941.31
4503821,10,2024-10-12,2024-11-01,2000111,10000206,1020,26690.0,0.4652,12416.99
4501367,10,2024-10-13,2024-10-21,2000115,40000110,1020,72190.0,1.1397,82275.66
4501370,10,2024-10-14,2024-11-01,2000115,40000110,1020,72190.0,1.1611,83819.81
4502370,10,2024-10-14,2024-10-25,2000104,10000104,1010,82090.0,1.3557,111287.77
4502371,10,2024-10-14,2024-10-22,2000104,10000104,1010,82090.0,1.4101,115758.39
4500637,10,2024-10-15,2024-11-02,2000117,40000105,1020,28130.0,2.2217,62496.7
4501021,10,2024-10-15,2024-10-28,2000115,40000108,1020,51950.0,1.0154,52751.59
4501369,10,2024-10-15,2024-11-04,2000115,40000110,1020,72190.0,1.1766,84935.87
4501820,10,2024-10-15,2024-11-02,2000101,10000101,1010,269830.0,1.1121,300088.74
4502875,10,2024-10-15,2024-11-02,2000105,10000107,1010,28680.0,2.633,75513.58
4504004,10,2024-10-15,2024-10-28,2000112,10000207,1020,42970.0,1.8009,77383.38
4502372,10,2024-10-16,2024-11-05,2000104,10000104,1010,82090.0,1.3705,112502.7
4502965,10,2024-10-16,2024-10-24,2000106,10000108,1010,1240.0,8.7882,10897.33
4503120,10,2024-10-16,2024-10-28,2000107,10000201,1020,61130.0,2.4219,148049.52
4504511,10,2024-10-16,2024-10-23,2000114,10000210,1020,77730.0,1.823,141700.24
4500286,10,2024-10-17,2024-11-06,2000116,40000102,1020,40900.0,1.322,54068.57
4504001,10,2024-10-17,2024-10-23,2000112,10000207,1020,42970.0,1.8488,79440.79
4503463,10,2024-10-18,2024-11-01,2000109,10000204,1020,121960.0,0.9364,114198.47
4502373,10,2024-10-19,2024-10-28,2000104,10000104,1010,82090.0,1.374,112791.66
4503465,10,2024-10-19,2024-10-31,2000109,10000204,1020,121960.0,0.9404,114696.06
4500285,10,2024-10-20,2024-11-03,2000116,40000102,1020,40900.0,1.2679,51857.52
4503670,10,2024-10-20,2024-10-29,2000110,10000205,1020,58960.0,0.8405,49558.24
4500856,10,2024-10-21,2024-11-06,2000118,40000107,1020,26230.0,2.1472,56320.27
4501022,10,2024-10-21,2024-11-09,2000115,40000108,1020,51950.0,0.9999,51942.73
4502180,10,2024-10-21,2024-11-08,2000103,10000103,1010,56100.0,0.9843,55218.11
4503306,10,2024-10-21,2024-10-31,2000108,10000203,1020,6600.0,0.1208,796.95
4503822,10,2024-10-21,2024-11-09,2000111,10000206,1020,26690.0,0.4616,12318.77
4504637,10,2024-10-21,2024-11-09,2000115,10000109,1010,2200.0,1.9482,4286.04
4502557,10,2024-10-23,2024-10-30,2000103,10000105,1010,42520.0,1.0956,46585.34
4504509,10,2024-10-23,2024-11-10,2000113,10000210,1020,77730.0,1.7298,134454.24
4500109,10,2024-10-24,2024-11-02,2000116,40000101,1020,43570.0,1.1144,48554.84
4500512,10,2024-10-24,2024-11-01,2000116,40000104,1020,5210.0,1.9636,10230.51
4503462,10,2024-10-24,2024-11-11,2000109,10000204,1020,121960.0,0.9249,112795.93
4503464,10,2024-10-24,2024-11-09,2000109,10000204,1020,121960.0,0.9325,113725.26
4504510,10,2024-10-24,2024-11-06,2000113,10000210,1020,77730.0,1.689,131288.3
4501186,10,2024-10-25,2024-11-10,2000115,40000109,1020,33880.0,1.474,49939.12
4501821,10,2024-10-25,2024-11-07,2000101,10000101,1010,269830.0,1.1191,301966.75
4503121,10,2024-10-25,2024-10-31,2000107,10000201,1020,61130.0,2.4492,149716.54
4503249,10,2024-10-25,2024-11-06,2000106,10000202,1020,100.0,12.3809,1238.09
4504002,10,2024-10-25,2024-11-07,2000112,10000207,1020,42970.0,1.904,81815.74
4504283,10,2024-10-25,2024-10-30,2000114,10000209,1020,53070.0,2.0578,109208.51
4502183,10,2024-10-26,2024-11-05,2000103,10000103,1010,56100.0,0.9678,54291.34
4502556,10,2024-10-26,2024-11-01,2000103,10000105,1010,42520.0,1.1501,48903.95
4501592,10,2024-10-27,2024-11-01,2000119,40000111,1020,76000.0,2.1002,159615.96
4504281,10,2024-10-27,2024-11-07,2000113,10000209,1020,53070.0,1.9369,102790.22
4504282,10,2024-10-27,2024-11-11,2000114,10000209,1020,53070.0,1.9568,103848.44
4500289,10,2024-11-01,2024-11-20,2000116,40000102,1020,38650.0,1.2608,48731.47
4500513,10,2024-11-01,2024-11-20,2000116,40000104,1020,32580.0,1.971,64213.88
4500514,10,2024-11-01,2024-11-14,2000116,40000104,1020,32580.0,1.9333,62986.91
4501027,10,2024-11-01,2024-11-18,2000115,40000108,1020,55480.0,1.014,56256.72
4501187,10,2024-11-01,2024-11-09,2000115,40000109,1020,34620.0,1.4822,51314.46
4504285,10,2024-11-01,2024-11-18,2000114,10000209,1020,40150.0,1.9271,77371.46
4502738,10,2024-11-02,2024-11-19,2000105,10000106,1010,32700.0,2.1487,70263.47
4502740,10,2024-11-02,2024-11-09,2000105,10000106,1010,32700.0,2.0247,66208.67
4504008,10,2024-11-02,2024-11-11,2000112,10000207,1020,30130.0,1.89,56944.49
4501025,10,2024-11-03,2024-11-18,2000115,40000108,1020,55480.0,1.0401,57703.64
4500112,10,2024-11-04,2024-11-18,2000116,40000101,1020,45050.0,1.1125,50117.22
4504128,10,2024-11-04,2024-11-24,2000108,10000208,1020,320.0,0.5594,179.01
4504638,10,2024-11-04,2024-11-23,2000115,10000109,1010,3400.0,1.9478,6622.35
4500857,10,2024-11-05,2024-11-15,2000118,40000107,1020,34400.0,2.2102,76029.16
4503671,10,2024-11-05,2024-11-22,2000110,10000205,1020,39480.0,0.8086,31923.13
4504007,10,2024-11-05,2024-11-22,2000112,10000207,1020,30130.0,1.8383,55387.68
4500641,10,2024-11-06,2024-11-19,2000117,40000105,1020,31410.0,2.2742,71432.94
4502186,10,2024-11-06,2024-11-24,2000103,10000103,1010,48580.0,0.9906,48120.92
4503469,10,2024-11-06,2024-11-21,2000109,10000204,1020,83730.0,0.9226,77253.48
4500111,10,2024-11-07,2024-11-16,2000116,40000101,1020,45050.0,1.1504,51826.87
4500737,10,2024-11-07,2024-11-18,2000117,40000106,1020,26670.0,2.5908,69095.57
4501188,10,2024-11-07,2024-11-16,2000115,40000109,1020,34620.0,1.5227,52716.22
4502741,10,2024-11-07,2024-11-18,2000105,10000106,1010,32700.0,2.1729,71055.46
4501373,10,2024-11-08,2024-11-24,2000115,40000110,1020,61130.0,1.1921,72872.46
4501825,10,2024-11-08,2024-11-28,2000101,10000101,1010,231020.0,1.167,269600.34
4502879,10,2024-11-08,2024-11-24,2000105,10000107,1010,31600.0,2.6657,84235.17
4502966,10,2024-11-08,2024-11-14,2000106,10000108,1010,1530.0,9.1661,14024.07
4502561,10,2024-11-09,2024-11-29,2000103,10000105,1010,43840.0,1.1049,48437.5
4500113,10,2024-11-10,2024-11-21,2000116,40000101,1020,45050.0,1.1721,52801.75
4500640,10,2024-11-10,2024-11-29,2000117,40000105,1020,31410.0,2.2617,71039.05
4501596,10,2024-11-10,2024-11-27,2000119,40000111,1020,106940.0,2.0563,219896.44
4503307,10,2024-11-10,2024-11-17,2000108,10000203,1020,4490.0,0.1205,541.04
4503467,10,2024-11-10,2024-11-16,2000109,10000204,1020,83730.0,0.8855,74146.26
4504006,10,2024-11-10,2024-11-30,2000112,10000207,1020,30130.0,1.8466,55638.36
4500738,10,2024-11-11,2024-11-18,2000117,40000106,1020,26670.0,2.6252,70014.35
4502185,10,2024-11-11,2024-11-20,2000103,10000103,1010,48580.0,0.9915,48165.13
4502559,10,2024-11-11,2024-11-19,2000103,10000105,1010,43840.0,1.0858,47601.03
4501371,10,2024-11-12,2024-11-28,2000115,40000110,1020,61130.0,1.1787,72053.32
4503673,10,2024-11-12,2024-11-20,2000110,10000205,1020,39480.0,0.8273,32662.59
4504288,10,2024-11-12,2024-11-19,2000113,10000209,1020,40150.0,1.9437,78038.35
4503250,10,2024-11-13,2024-11-30,2000106,10000202,1020,80.0,12.2907,983.25
4503124,10,2024-11-14,2024-11-29,2000107,10000201,1020,44290.0,2.4151,106966.11
4501028,10,2024-11-15,2024-11-24,2000115,40000108,1020,55480.0,1.062,58919.76
4501822,10,2024-11-15,2024-11-21,2000101,10000101,1010,231020.0,1.144,264293.81
4503126,10,2024-11-15,2024-11-24,2000107,10000201,1020,44290.0,2.4808,109873.3
4503825,10,2024-11-15,2024-11-22,2000111,10000206,1020,24840.0,0.4612,11455.96
4500515,10,2024-11-16,2024-12-02,2000116,40000104,1020,32580.0,1.8947,61729.98
4501594,10,2024-11-16,2024-12-01,2000119,40000111,1020,106940.0,2.0093,214869.2
4502184,10,2024-11-16,2024-11-30,2000103,10000103,1010,48580.0,0.9553,46408.96
4502562,10,2024-11-16,2024-11-26,2000103,10000105,1010,43840.0,1.1262,49374.36
4503468,10,2024-11-16,2024-12-02,2000109,10000204,1020,83730.0,0.9124,76394.41
4503674,10,2024-11-16,2024-11-25,2000110,10000205,1020,39480.0,0.8245,32549.68
4504512,10,2024-11-16,2024-12-04,2000114,10000210,1020,55680.0,1.8269,101722.91
4500114,10,2024-11-18,2024-12-01,2000116,40000101,1020,45050.0,1.1094,49980.27
4502187,10,2024-11-18,2024-11-26,2000103,10000103,1010,48580.0,0.9664,46948.68
4504514,10,2024-11-18,2024-12-03,2000113,10000210,1020,55680.0,1.7064,95011.24
4501026,10,2024-11-19,2024-11-25,2000115,40000108,1020,55480.0,1.0246,56842.59
4501374,10,2024-11-19,2024-11-24,2000115,40000110,1020,61130.0,1.1997,73340.11
4504005,10,2024-11-19,2024-11-30,2000112,10000207,1020,30130.0,1.8013,54271.96
4500516,10,2024-11-20,2024-12-03,2000116,40000104,1020,32580.0,1.9794,64488.85
4501372,10,2024-11-20,2024-12-05,2000115,40000110,1020,61130.0,1.1503,70319.67
4501999,10,2024-11-20,2024-11-29,2000102,10000102,1010,35820.0,2.1114,75630.71
4502878,10,2024-11-20,2024-11-27,2000105,10000107,1010,31600.0,2.7026,85403.11
4503466,10,2024-11-20,2024-12-02,2000109,10000204,1020,83730.0,0.9221,77209.11
4504287,10,2024-11-20,2024-12-08,2000114,10000209,1020,40150.0,2.0232,81232.68
4501597,10,2024-11-21,2024-12-11,2000119,40000111,1020,106940.0,1.9485,208371.52
4501824,10,2024-11-21,2024-12-07,2000101,10000101,1010,231020.0,1.1335,261858.86
4502374,10,2024-11-21,2024-12-11,2000104,10000104,1010,85490.0,1.3674,116896.46
4501595,10,2024-11-22,2024-12-01,2000119,40000111,1020,106940.0,2.0717,221550.81
4502376,10,2024-11-22,2024-11-28,2000104,10000104,1010,85490.0,1.3608,116334.79
4503125,10,2024-11-22,2024-12-03,2000107,10000201,1020,44290.0,2.5697,113812.9
4504286,10,2024-11-22,2024-12-10,2000113,10000209,1020,40150.0,1.9038,76437.97
4502560,10,2024-11-23,2024-12-05,2000103,10000105,1010,43840.0,1.1192,49066.6
4503127,10,2024-11-23,2024-12-13,2000107,10000201,1020,44290.0,2.471,109439.7
4503824,10,2024-11-23,2024-12-04,2000111,10000206,1020,24840.0,0.4576,11366.54
4502739,10,2024-11-24,2024-12-12,2000105,10000106,1010,32700.0,2.1402,69985.19
4502877,10,2024-11-24,2024-12-06,2000105,10000107,1010,31600.0,2.6182,82734.8
4504513,10,2024-11-24,2024-12-14,2000113,10000210,1020,55680.0,1.7044,94902.66
4500290,10,2024-11-25,2024-12-11,2000116,40000102,1020,38650.0,1.2556,48527.78
4501823,10,2024-11-25,2024-12-15,2000101,10000101,1010,231020.0,1.078,249046.49
4502375,10,2024-11-25,2024-12-11,2000104,10000104,1010,85490.0,1.4059,120193.81
4504515,10,2024-11-25,2024-12-08,2000114,10000210,1020,55680.0,1.8783,104585.97
4501998,10,2024-11-26,2024-12-16,2000101,10000102,1010,35820.0,2.1024,75307.25
4503672,10,2024-11-26,2024-12-07,2000110,10000205,1020,39480.0,0.8647,34139.15
4502377,10,2024-11-27,2024-12-13,2000104,10000104,1010,85490.0,1.3602,116279.22
4500739,10,2024-12-01,2024-12-21,2000117,40000106,1020,18690.0,2.6114,48807.81
4501599,10,2024-12-01,2024-12-07,2000119,40000111,1020,38070.0,2.0154,76726.28
4503678,10,2024-12-01,2024-12-14,2000110,10000205,1020,48110.0,0.8272,39795.63
4504290,10,2024-12-01,2024-12-07,2000114,10000209,1020,66320.0,1.9608,130039.59
4502188,10,2024-12-02,2024-12-08,2000103,10000103,1010,43180.0,0.9787,42261.56
4504011,10,2024-12-02,2024-12-09,2000112,10000207,1020,30350.0,1.8383,55791.8
4504639,10,2024-12-02,2024-12-07,2000115,10000109,1010,2100.0,2.0001,4200.19
4503130,10,2024-12-03,2024-12-21,2000107,10000201,1020,75340.0,2.4081,181423.24
4503471,10,2024-12-03,2024-12-16,2000109,10000204,1020,98210.0,0.9141,89773.76
4501601,10,2024-12-04,2024-12-20,2000119,40000111,1020,38070.0,2.0441,77819.27
4502001,10,2024-12-04,2024-12-16,2000101,10000102,1010,27040.0,1.9582,52950.54
4502191,10,2024-12-04,2024-12-12,2000103,10000103,1010,43180.0,0.9827,42431.26
4502563,10,2024-12-04,2024-12-10,2000103,10000105,1010,33050.0,1.1368,37570.25
4504009,10,2024-12-04,2024-12-10,2000112,10000207,1020,30350.0,1.8356,55708.94
4500115,10,2024-12-05,2024-12-24,2000116,40000101,1020,31240.0,1.1469,35828.22
4500518,10,2024-12-05,2024-12-23,2000116,40000104,1020,39130.0,1.9758,77314.62
4501600,10,2024-12-05,2024-12-14,2000119,40000111,1020,38070.0,1.9827,75480.63
4502564,10,2024-12-05,2024-12-16,2000103,10000105,1010,33050.0,1.1331,37448.29
4502565,10,2024-12-05,2024-12-25,2000103,10000105,1010,33050.0,1.0835,35808.68
4502881,10,2024-12-05,2024-12-14,2000105,10000107,1010,39110.0,2.666,104266.48
4503827,10,2024-12-05,2024-12-20,2000111,10000206,1020,34450.0,0.4827,16627.64
4500291,10,2024-12-06,2024-12-26,2000116,40000102,1020,39590.0,1.272,50360.06
4500859,10,2024-12-06,2024-12-24,2000118,40000107,1020,39650.0,2.1786,86380.7
4501375,10,2024-12-06,2024-12-13,2000115,40000110,1020,55920.0,1.1965,66910.52
4501598,10,2024-12-06,2024-12-25,2000119,40000111,1020,38070.0,2.0475,77947.18
4503677,10,2024-12-06,2024-12-25,2000110,10000205,1020,48110.0,0.8116,39045.59
4500116,10,2024-12-07,2024-12-13,2000116,40000101,1020,31240.0,1.1248,35138.13
4502744,10,2024-12-07,2024-12-22,2000105,10000106,1010,33130.0,2.0935,69356.66
4503676,10,2024-12-07,2024-12-18,2000110,10000205,1020,48110.0,0.7964,38317.21
4504519,10,2024-12-07,2024-12-25,2000114,10000210,1020,61540.0,1.8082,111274.78
4501032,10,2024-12-08,2024-12-25,2000115,40000108,1020,49730.0,0.9616,47820.37
4504010,10,2024-12-08,2024-12-25,2000112,10000207,1020,30350.0,1.8139,55051.56
4501827,10,2024-12-09,2024-12-19,2000101,10000101,1010,278600.0,1.1468,319498.48
4502000,10,2024-12-09,2024-12-17,2000101,10000102,1010,27040.0,2.0002,54085.68
4504129,10,2024-12-09,2024-12-19,2000108,10000208,1020,390.0,0.5745,224.06
4503308,10,2024-12-10,2024-12-26,2000108,10000203,1020,6160.0,0.1218,750.16
4500643,10,2024-12-11,2024-12-23,2000117,40000105,1020,27180.0,2.2335,60705.99
4501376,10,2024-12-11,2024-12-28,2000115,40000110,1020,55920.0,1.1639,65084.73
4503473,10,2024-12-11,2024-12-24,2000109,10000204,1020,98210.0,0.8713,85569.39
4503675,10,2024-12-11,2024-12-28,2000110,10000205,1020,48110.0,0.7975,38366.76
4500519,10,2024-12-12,2024-12-26,2000116,40000104,1020,39130.0,1.9553,76509.72
4502880,10,2024-12-12,2025-01-01,2000105,10000107,1010,39110.0,2.7496,107536.46
4503470,10,2024-12-14,2024-12-31,2000109,10000204,1020,98210.0,0.9168,90034.02
4503251,10,2024-12-15,2024-12-30,2000106,10000202,1020,130.0,12.6585,1645.61
4502189,10,2024-12-16,2024-12-31,2000103,10000103,1010,43180.0,0.9852,42539.64
4502743,10,2024-12-16,2024-12-26,2000105,10000106,1010,33130.0,2.1984,72831.67
4502967,10,2024-12-16,2025-01-05,2000106,10000108,1010,1280.0,9.0841,11627.66
4500118,10,2024-12-17,2024-12-22,2000116,40000101,1020,31240.0,1.1219,35046.91
4501189,10,2024-12-17,2024-12-31,2000115,40000109,1020,24600.0,1.4949,36774.54
4501190,10,2024-12-17,2024-12-25,2000115,40000109,1020,24600.0,1.4593,35899.27
4501829,10,2024-12-17,2024-12-29,2000101,10000101,1010,278600.0,1.1076,308582.93
4500117,10,2024-12-18,2025-01-03,2000116,40000101,1020,31240.0,1.1385,35566.43
4500858,10,2024-12-18,2024-12-25,2000118,40000107,1020,39650.0,2.0829,82587.78
4502381,10,2024-12-18,2024-12-28,2000104,10000104,1010,63970.0,1.3796,88249.81
4503826,10,2024-12-18,2024-12-23,2000111,10000206,1020,34450.0,0.4592,15820.82
4504012,10,2024-12-18,2024-12-25,2000112,10000207,1020,30350.0,1.8291,55513.49
4501030,10,2024-12-19,2025-01-06,2000115,40000108,1020,49730.0,0.9818,48825.41
4503128,10,2024-12-19,2024-12-26,2000107,10000201,1020,75340.0,2.3781,179163.04
4502380,10,2024-12-20,2024-12-28,2000104,10000104,1010,63970.0,1.3783,88171.77
4500642,10,2024-12-21,2024-12-29,2000117,40000105,1020,27180.0,2.2551,61292.8
4501031,10,2024-12-21,2024-12-28,2000115,40000108,1020,49730.0,1.0333,51386.51
4501826,10,2024-12-21,2024-12-31,2000101,10000101,1010,278600.0,1.1346,316105.13
4501828,10,2024-12-21,2025-01-10,2000101,10000101,1010,278600.0,1.1542,321568.48
4502002,10,2024-12-21,2025-01-09,2000102,10000102,1010,27040.0,2.116,57216.37
4504516,10,2024-12-22,2025-01-05,2000114,10000210,1020,61540.0,1.8059,111133.24
4504517,10,2024-12-22,2025-01-08,2000114,10000210,1020,61540.0,1.8052,111094.47
4503131,10,2024-12-23,2025-01-07,2000107,10000201,1020,75340.0,2.4814,186947.92
4504518,10,2024-12-23,2024-12-31,2000114,10000210,1020,61540.0,1.8227,112168.34
4502378,10,2024-12-24,2025-01-01,2000104,10000104,1010,63970.0,1.3782,88160.26
4502742,10,2024-12-24,2025-01-13,2000105,10000106,1010,33130.0,2.1544,71373.62
4503472,10,2024-12-24,2025-01-02,2000109,10000204,1020,98210.0,0.944,92705.33
4501029,10,2024-12-25,2025-01-08,2000115,40000108,1020,49730.0,0.9562,47551.33
4502190,10,2024-12-25,2025-01-07,2000103,10000103,1010,43180.0,0.9692,41848.76
4504289,10,2024-12-25,2025-01-06,2000114,10000209,1020,66320.0,1.9856,131681.68
4501377,10,2024-12-26,2025-01-11,2000115,40000110,1020,55920.0,1.1256,62945.23
4502379,10,2024-12-26,2025-01-15,2000104,10000104,1010,63970.0,1.4339,91727.22
4502566,10,2024-12-26,2025-01-09,2000103,10000105,1010,33050.0,1.0824,35772.0
4500292,10,2024-12-27,2025-01-15,2000116,40000102,1020,39590.0,1.264,50043.74
4500517,10,2024-12-27,2025-01-13,2000116,40000104,1020,39130.0,1.8462,72243.76
4501378,10,2024-12-27,2025-01-11,2000115,40000110,1020,55920.0,1.1407,63786.83
4503129,10,2024-12-27,2025-01-07,2000107,10000201,1020,75340.0,2.3322,175710.21
4504291,10,2024-12-27,2025-01-14,2000114,10000209,1020,66320.0,1.9718,130771.77
4504292,10,2024-12-27,2025-01-04,2000114,10000209,1020,66320.0,2.0342,134910.8
4501604,10,2025-01-01,2025-01-07,2000119,40000111,1020,63210.0,2.0066,126837.82
4503477,10,2025-01-01,2025-01-10,2000109,10000204,1020,82050.0,0.9328,76539.52
4504130,10,2025-01-01,2025-01-09,2000108,10000208,1020,450.0,0.5637,253.68
4500646,10,2025-01-02,2025-01-07,2000117,40000105,1020,31470.0,2.2521,70874.22
4502003,10,2025-01-02,2025-01-19,2000101,10000102,1010,38520.0,1.9896,76639.01
4502383,10,2025-01-02,2025-01-09,2000104,10000104,1010,65200.0,1.4113,92014.8
4502567,10,2025-01-02,2025-01-22,2000103,10000105,1010,34890.0,1.1432,39884.85
4504016,10,2025-01-02,2025-01-10,2000112,10000207,1020,38170.0,1.8813,71808.46
4504296,10,2025-01-02,2025-01-10,2000113,10000209,1020,61570.0,1.9215,118304.91
4501380,10,2025-01-03,2025-01-20,2000115,40000110,1020,80060.0,1.1921,95440.33
4501382,10,2025-01-03,2025-01-15,2000115,40000110,1020,80060.0,1.1844,94823.86
4503679,10,2025-01-03,2025-01-10,2000110,10000205,1020,40700.0,0.8194,33350.39
4503681,10,2025-01-03,2025-01-20,2000110,10000205,1020,40700.0,0.8456,34417.14
4501603,10,2025-01-04,2025-01-23,2000119,40000111,1020,63210.0,2.0378,128809.34
4502968,10,2025-01-04,2025-01-11,2000106,10000108,1010,1450.0,9.2212,13370.8
4502194,10,2025-01-05,2025-01-25,2000103,10000103,1010,54940.0,1.0038,55147.67
4500741,10,2025-01-06,2025-01-26,2000117,40000106,1020,30500.0,2.6055,79467.75
4502885,10,2025-01-06,2025-01-14,2000105,10000107,1010,34550.0,2.6881,92872.47
4504014,10,2025-01-06,2025-01-16,2000112,10000207,1020,38170.0,1.8675,71284.0
4504294,10,2025-01-06,2025-01-12,2000113,10000209,1020,61570.0,1.9161,117974.89
4500644,10,2025-01-07,2025-01-23,2000117,40000105,1020,31470.0,2.318,72947.77
4501035,10,2025-01-07,2025-01-17,2000115,40000108,1020,47600.0,1.0359,49307.41
4504013,10,2025-01-07,2025-01-17,2000112,10000207,1020,38170.0,1.8878,72057.33
4500293,10,2025-01-08,2025-01-17,2000116,40000102,1020,38950.0,1.2613,49128.02
4501191,10,2025-01-08,2025-01-16,2000115,40000109,1020,28180.0,1.5382,43347.04
4502384,10,2025-01-09,2025-01-23,2000104,10000104,1010,65200.0,1.4301,93245.13
4502883,10,2025-01-09,2025-01-29,2000105,10000107,1010,34550.0,2.7122,93707.2
4504293,10,2025-01-09,2025-01-29,2000113,10000209,1020,61570.0,1.9044,117252.06
4503476,10,2025-01-10,2025-01-20,2000109,10000204,1020,82050.0,0.9382,76978.49
4500119,10,2025-01-11,2025-01-24,2000116,40000101,1020,31470.0,1.1086,34886.7
4500384,10,2025-01-11,2025-01-20,2000116,40000103,1020,24740.0,1.7859,44183.41
4502193,10,2025-01-11,2025-01-24,2000103,10000103,1010,54940.0,0.9882,54289.51
4504522,10,2025-01-11,2025-01-21,2000114,10000210,1020,37210.0,1.8432,68584.36
4501193,10,2025-01-12,2025-01-28,2000115,40000109,1020,28180.0,1.4999,42266.05
4501379,10,2025-01-12,2025-01-26,2000115,40000110,1020,80060.0,1.1905,95309.83
4501602,10,2025-01-12,2025-01-23,2000119,40000111,1020,63210.0,2.1034,132957.18
4501605,10,2025-01-12,2025-01-19,2000119,40000111,1020,63210.0,2.0757,131204.36
4501831,10,2025-01-12,2025-01-19,2000101,10000101,1010,255090.0,1.1453,292152.03
4501832,10,2025-01-12,2025-01-25,2000101,10000101,1010,255090.0,1.1009,280828.58
4503474,10,2025-01-12,2025-01-26,2000109,10000204,1020,82050.0,0.8996,73816.28
4501033,10,2025-01-13,2025-01-26,2000115,40000108,1020,47600.0,1.0047,47823.72
4502192,10,2025-01-13,2025-01-23,2000103,10000103,1010,54940.0,1.0022,55061.97
4503680,10,2025-01-13,2025-01-23,2000110,10000205,1020,40700.0,0.8329,33900.25
4500521,10,2025-01-14,2025-01-25,2000116,40000104,1020,30720.0,1.9546,60045.62
4500522,10,2025-01-14,2025-01-30,2000116,40000104,1020,30720.0,1.9402,59604.48
4502745,10,2025-01-14,2025-01-26,2000105,10000106,1010,35560.0,2.1734,77284.68
4502882,10,2025-01-14,2025-02-02,2000105,10000107,1010,34550.0,2.6841,92734.27
4502884,10,2025-01-14,2025-02-02,2000105,10000107,1010,34550.0,2.6717,92306.89
4503828,10,2025-01-14,2025-02-02,2000111,10000206,1020,37870.0,0.462,17495.56
4500295,10,2025-01-15,2025-02-01,2000116,40000102,1020,38950.0,1.2639,49230.07
4503682,10,2025-01-15,2025-02-01,2000110,10000205,1020,40700.0,0.8421,34273.47
4500120,10,2025-01-16,2025-02-01,2000116,40000101,1020,31470.0,1.1288,35522.39
4500523,10,2025-01-16,2025-01-28,2000116,40000104,1020,30720.0,1.9368,59498.19
4501192,10,2025-01-16,2025-01-25,2000115,40000109,1020,28180.0,1.467,41340.62
4504523,10,2025-01-16,2025-01-23,2000113,10000210,1020,37210.0,1.7532,65236.57
4500647,10,2025-01-17,2025-01-28,2000117,40000105,1020,31470.0,2.2378,70422.31
4501036,10,2025-01-17,2025-01-27,2000115,40000108,1020,47600.0,1.006,47884.17
4502195,10,2025-01-17,2025-01-22,2000103,10000103,1010,54940.0,1.0002,54949.89
4500520,10,2025-01-18,2025-01-26,2000116,40000104,1020,30720.0,1.9596,60199.53
4500862,10,2025-01-18,2025-01-25,2000118,40000107,1020,36210.0,2.1504,77866.71
4501830,10,2025-01-18,2025-02-01,2000101,10000101,1010,255090.0,1.1554,294728.44
4500645,10,2025-01-19,2025-02-03,2000117,40000105,1020,31470.0,2.2198,69856.48
4502004,10,2025-01-19,2025-01-29,2000102,10000102,1010,38520.0,2.0995,80872.74
4503133,10,2025-01-19,2025-02-03,2000107,10000201,1020,51820.0,2.5131,130226.77
4503134,10,2025-01-19,2025-01-30,2000107,10000201,1020,51820.0,2.4216,125489.9
4503252,10,2025-01-19,2025-02-07,2000106,10000202,1020,90.0,12.4121,1117.09
4504015,10,2025-01-19,2025-02-02,2000112,10000207,1020,38170.0,1.9247,73465.04
4504295,10,2025-01-19,2025-01-26,2000114,10000209,1020,61570.0,2.013,123937.33
4504640,10,2025-01-19,2025-01-27,2000115,10000109,1010,3400.0,1.9778,6724.38
4503132,10,2025-01-20,2025-01-30,2000107,10000201,1020,51820.0,2.528,131003.03
4504520,10,2025-01-20,2025-02-04,2000113,10000210,1020,37210.0,1.7147,63802.87
4502569,10,2025-01-21,2025-02-09,2000103,10000105,1010,34890.0,1.158,40404.36
4503475,10,2025-01-21,2025-01-27,2000109,10000204,1020,82050.0,0.9346,76685.57
4503829,10,2025-01-21,2025-02-05,2000111,10000206,1020,37870.0,0.4522,17124.81
4502570,10,2025-01-22,2025-02-02,2000103,10000105,1010,34890.0,1.1495,40105.01
4500294,10,2025-01-23,2025-02-08,2000116,40000102,1020,38950.0,1.242,48377.46
4501034,10,2025-01-23,2025-02-09,2000115,40000108,1020,47600.0,1.0197,48536.77
4503135,10,2025-01-23,2025-02-01,2000107,10000201,1020,51820.0,2.4424,126564.13
4503309,10,2025-01-23,2025-01-28,2000108,10000203,1020,4790.0,0.1238,592.76
4501381,10,2025-01-24,2025-02-11,2000115,40000110,1020,80060.0,1.1845,94831.87
4500383,10,2025-01-25,2025-02-10,2000116,40000103,1020,24740.0,1.709,42280.41
4500740,10,2025-01-25,2025-02-12,2000117,40000106,1020,30500.0,2.6864,81935.5
4500861,10,2025-01-25,2025-01-30,2000118,40000107,1020,36210.0,2.1248,76939.73
4501833,10,2025-01-25,2025-02-07,2000101,10000101,1010,255090.0,1.1504,293465.74
4502385,10,2025-01-25,2025-02-11,2000104,10000104,1010,65200.0,1.3713,89409.41
4502746,10,2025-01-25,2025-02-13,2000105,10000106,1010,35560.0,2.1553,76643.53
4504521,10,2025-01-25,2025-02-01,2000114,10000210,1020,37210.0,1.8296,68079.04
4502382,10,2025-01-26,2025-01-31,2000104,10000104,1010,65200.0,1.3706,89363.77
4500860,10,2025-01-27,2025-02-02,2000118,40000107,1020,36210.0,2.1361,77347.09
4502568,10,2025-01-27,2025-02-13,2000103,10000105,1010,34890.0,1.0876,37946.36
4502387,10,2025-02-01,2025-02-13,2000104,10000104,1010,115300.0,1.3607,156888.71
4502388,10,2025-02-01,2025-02-17,2000104,10000104,1010,115300.0,1.402,161652.91
4503683,10,2025-02-01,2025-02-15,2000110,10000205,1020,32990.0,0.8367,27603.39
4503685,10,2025-02-01,2025-02-06,2000110,10000205,1020,32990.0,0.8259,27245.12
4504131,10,2025-02-01,2025-02-13,2000108,10000208,1020,350.0,0.586,205.1
4500524,10,2025-02-02,2025-02-21,2000116,40000104,1020,58310.0,1.9422,113251.43
4501384,10,2025-02-02,2025-02-07,2000115,40000110,1020,62830.0,1.1859,74511.35
4502574,10,2025-02-02,2025-02-13,2000103,10000105,1010,55360.0,1.1373,62959.27
4503139,10,2025-02-03,2025-02-14,2000107,10000201,1020,51300.0,2.4971,128100.72
4503253,10,2025-02-03,2025-02-13,2000106,10000202,1020,80.0,12.5683,1005.46
4500298,10,2025-02-04,2025-02-21,2000116,40000102,1020,37920.0,1.2737,48300.22
4502573,10,2025-02-04,2025-02-09,2000103,10000105,1010,55360.0,1.0998,60885.48
4504297,10,2025-02-04,2025-02-16,2000113,10000209,1020,38950.0,1.9301,75177.01
4501837,10,2025-02-06,2025-02-12,2000101,10000101,1010,269740.0,1.1322,305396.93
4502571,10,2025-02-06,2025-02-17,2000103,10000105,1010,55360.0,1.157,64052.63
4503479,10,2025-02-06,2025-02-25,2000109,10000204,1020,59510.0,0.938,55819.78
4500297,10,2025-02-07,2025-02-19,2000116,40000102,1020,37920.0,1.3196,50037.72
4504524,10,2025-02-07,2025-02-20,2000113,10000210,1020,53400.0,1.8197,97169.84
4503136,10,2025-02-08,2025-02-20,2000107,10000201,1020,51300.0,2.4858,127518.98
4503830,10,2025-02-08,2025-02-25,2000111,10000206,1020,32170.0,0.4788,15403.64
4504298,10,2025-02-09,2025-02-21,2000114,10000209,1020,38950.0,1.9631,76463.91
4500527,10,2025-02-10,2025-02-27,2000116,40000104,1020,58310.0,1.9676,114730.17
4502198,10,2025-02-10,2025-03-01,2000103,10000103,1010,32540.0,1.0204,33202.51
4502572,10,2025-02-10,2025-02-26,2000103,10000105,1010,55360.0,1.117,61834.35
4503684,10,2025-02-10,2025-02-28,2000110,10000205,1020,32990.0,0.8456,27895.02
4500525,10,2025-02-11,2025-02-16,2000116,40000104,1020,58310.0,1.955,113993.72
4501383,10,2025-02-11,2025-02-27,2000115,40000110,1020,62830.0,1.2183,76547.05
4501385,10,2025-02-11,2025-02-23,2000115,40000110,1020,62830.0,1.1809,74193.43
4501608,10,2025-02-11,2025-02-20,2000119,40000111,1020,55190.0,2.1163,116800.25
4501834,10,2025-02-11,2025-02-24,2000101,10000101,1010,269740.0,1.1279,304247.84
4502389,10,2025-02-11,2025-02-28,2000104,10000104,1010,115300.0,1.3916,160445.72
4503480,10,2025-02-11,2025-02-18,2000109,10000204,1020,59510.0,0.9234,54950.34
4503831,10,2025-02-11,2025-02-19,2000111,10000206,1020,32170.0,0.4606,14815.89
4500863,10,2025-02-12,2025-02-26,2000118,40000107,1020,32090.0,2.1874,70195.27
4501607,10,2025-02-12,2025-02-22,2000119,40000111,1020,55190.0,2.0877,115222.37
4503481,10,2025-02-12,2025-03-02,2000109,10000204,1020,59510.0,0.9397,55919.76
4504018,10,2025-02-12,2025-03-03,2000112,10000207,1020,31320.0,1.8555,58114.26
4500296,10,2025-02-13,2025-02-20,2000116,40000102,1020,37920.0,1.2545,47570.64
4502006,10,2025-02-13,2025-02-22,2000101,10000102,1010,27210.0,2.0879,56812.85
4504526,10,2025-02-13,2025-02-24,2000113,10000210,1020,53400.0,1.7938,95790.52
4500743,10,2025-02-14,2025-02-28,2000117,40000106,1020,21220.0,2.7813,59019.19
4502197,10,2025-02-14,2025-02-20,2000103,10000103,1010,32540.0,1.0001,32543.9
4500526,10,2025-02-15,2025-03-01,2000116,40000104,1020,58310.0,1.9424,113262.51
4501836,10,2025-02-16,2025-02-24,2000101,10000101,1010,269740.0,1.1381,306980.3
4502748,10,2025-02-16,2025-02-26,2000105,10000106,1010,33350.0,2.1604,72048.34
4502886,10,2025-02-16,2025-03-07,2000105,10000107,1010,33040.0,2.6493,87533.2
4500122,10,2025-02-17,2025-03-06,2000116,40000101,1020,25550.0,1.1342,28978.3
4502199,10,2025-02-17,2025-03-05,2000103,10000103,1010,32540.0,0.993,32311.89
4503138,10,2025-02-17,2025-02-27,2000107,10000201,1020,51300.0,2.4402,125180.72
4500648,10,2025-02-18,2025-02-26,2000117,40000105,1020,21880.0,2.2723,49717.71
4501386,10,2025-02-18,2025-03-06,2000115,40000110,1020,62830.0,1.1921,74897.13
4502005,10,2025-02-18,2025-02-25,2000101,10000102,1010,27210.0,2.0178,54904.34
4504017,10,2025-02-18,2025-02-28,2000112,10000207,1020,31320.0,1.8889,59160.97
4504641,10,2025-02-18,2025-02-26,2000115,10000109,1010,1900.0,1.9621,3727.97
4502747,10,2025-02-19,2025-02-24,2000105,10000106,1010,33350.0,2.1976,73288.96
4501037,10,2025-02-20,2025-03-11,2000115,40000108,1020,35410.0,1.0203,36127.41
4502887,10,2025-02-20,2025-03-06,2000105,10000107,1010,33040.0,2.7212,89908.12
4502969,10,2025-02-20,2025-03-02,2000106,10000108,1010,1300.0,9.1477,11892.02
4503137,10,2025-02-20,2025-02-25,2000107,10000201,1020,51300.0,2.4945,127969.9
4500121,10,2025-02-21,2025-03-07,2000116,40000101,1020,25550.0,1.1767,30064.43
4501038,10,2025-02-21,2025-03-03,2000115,40000108,1020,35410.0,0.9947,35221.62
4501195,10,2025-02-21,2025-03-02,2000115,40000109,1020,25620.0,1.529,39172.47
4502386,10,2025-02-21,2025-03-05,2000104,10000104,1010,115300.0,1.4258,164393.59
4503310,10,2025-02-21,2025-03-01,2000108,10000203,1020,3940.0,0.1242,489.27
4503478,10,2025-02-21,2025-03-03,2000109,10000204,1020,59510.0,0.9459,56290.51
4504019,10,2025-02-21,2025-03-12,2000112,10000207,1020,31320.0,1.8574,58172.2
4504020,10,2025-02-21,2025-03-13,2000112,10000207,1020,31320.0,1.8826,58963.97
4504299,10,2025-02-21,2025-03-11,2000114,10000209,1020,38950.0,2.0443,79623.93
4501194,10,2025-02-22,2025-03-06,2000115,40000109,1020,25620.0,1.4318,36682.2
4504527,10,2025-02-22,2025-03-11,2000113,10000210,1020,53400.0,1.8014,96195.29
4500649,10,2025-02-23,2025-03-14,2000117,40000105,1020,21880.0,2.2249,48681.91
4501606,10,2025-02-23,2025-03-12,2000119,40000111,1020,55190.0,2.0716,114334.36
4501835,10,2025-02-23,2025-03-06,2000101,10000101,1010,269740.0,1.1729,316386.14
4504525,10,2025-02-23,2025-03-07,2000113,10000210,1020,53400.0,1.7279,92269.86
4500864,10,2025-02-25,2025-03-11,2000118,40000107,1020,32090.0,2.2164,71122.67
4501609,10,2025-02-25,2025-03-15,2000119,40000111,1020,55190.0,2.0725,114379.07
4502196,10,2025-02-25,2025-03-14,2000103,10000103,1010,32540.0,1.0168,33087.65
4500742,10,2025-02-26,2025-03-16,2000117,40000106,1020,21220.0,2.7246,57816.44
4502007,10,2025-02-27,2025-03-14,2000102,10000102,1010,27210.0,2.0672,56249.06
4500744,10,2025-03-01,2025-03-19,2000117,40000106,1020,17600.0,2.6345,46366.5
4501613,10,2025-03-01,2025-03-14,2000119,40000111,1020,66440.0,2.0942,139141.31
4503485,10,2025-03-01,2025-03-19,2000109,10000204,1020,44450.0,0.9367,41636.32
4504642,10,2025-03-01,2025-03-17,2000115,10000109,1010,2700.0,2.0035,5409.45
4502970,10,2025-03-02,2025-03-22,2000106,10000108,1010,1490.0,9.202,13710.98
4502393,10,2025-03-03,2025-03-18,2000104,10000104,1010,98160.0,1.396,137032.34
4502888,10,2025-03-03,2025-03-16,2000105,10000107,1010,33040.0,2.6431,87327.69
4501197,10,2025-03-04,2025-03-24,2000115,40000109,1020,31690.0,1.5162,48049.01
4504301,10,2025-03-04,2025-03-19,2000114,10000209,1020,68200.0,2.0392,139072.76
4501611,10,2025-03-05,2025-03-23,2000119,40000111,1020,66440.0,2.0905,138895.48
4503687,10,2025-03-05,2025-03-10,2000110,10000205,1020,28120.0,0.8335,23439.43
4503834,10,2025-03-05,2025-03-14,2000111,10000206,1020,31740.0,0.4778,15164.74
4504132,10,2025-03-05,2025-03-13,2000108,10000208,1020,540.0,0.5732,309.53
4500385,10,2025-03-06,2025-03-12,2000116,40000103,1020,21450.0,1.7328,37168.56
4500865,10,2025-03-06,2025-03-14,2000118,40000107,1020,24720.0,2.2341,55227.69
4501042,10,2025-03-06,2025-03-15,2000115,40000108,1020,40590.0,1.0107,41024.31
4504529,10,2025-03-06,2025-03-19,2000114,10000210,1020,57250.0,1.8811,107692.98
4500124,10,2025-03-07,2025-03-24,2000116,40000101,1020,45620.0,1.161,52965.73
4502751,10,2025-03-07,2025-03-20,2000105,10000106,1010,39840.0,2.1394,85234.89
4503484,10,2025-03-07,2025-03-27,2000109,10000204,1020,44450.0,0.9412,41835.9
4503833,10,2025-03-07,2025-03-13,2000111,10000206,1020,31740.0,0.4704,14929.86
4501040,10,2025-03-08,2025-03-22,2000115,40000108,1020,40590.0,1.0729,43547.79
4501610,10,2025-03-08,2025-03-26,2000119,40000111,1020,66440.0,2.0734,137758.69
4502576,10,2025-03-08,2025-03-21,2000103,10000105,1010,49350.0,1.1682,57651.66
4503142,10,2025-03-08,2025-03-24,2000107,10000201,1020,70200.0,2.3933,168011.06
4502890,10,2025-03-09,2025-03-26,2000105,10000107,1010,33040.0,2.7379,90461.87
4501198,10,2025-03-10,2025-03-25,2000115,40000109,1020,31690.0,1.5155,48025.24
4504531,10,2025-03-10,2025-03-26,2000114,10000210,1020,57250.0,1.831,104825.9
4500123,10,2025-03-11,2025-03-17,2000116,40000101,1020,45620.0,1.1567,52767.29
4503141,10,2025-03-11,2025-03-30,2000107,10000201,1020,70200.0,2.5764,180863.28
4504021,10,2025-03-11,2025-03-19,2000112,10000207,1020,46470.0,1.9217,89301.4
4501841,10,2025-03-12,2025-03-31,2000101,10000101,1010,265670.0,1.1673,310127.22
4503832,10,2025-03-12,2025-03-22,2000111,10000206,1020,31740.0,0.486,15425.96
4504302,10,2025-03-12,2025-03-21,2000113,10000209,1020,68200.0,1.9964,136157.89
4504530,10,2025-03-12,2025-03-25,2000113,10000210,1020,57250.0,1.7734,101524.86
4502749,10,2025-03-13,2025-03-31,2000105,10000106,1010,39840.0,2.1396,85240.07
4501387,10,2025-03-14,2025-03-27,2000115,40000110,1020,36570.0,1.2098,44240.56
4503140,10,2025-03-14,2025-04-02,2000107,10000201,1020,70200.0,2.6227,184111.43
4504023,10,2025-03-14,2025-03-25,2000112,10000207,1020,46470.0,1.8397,85490.86
4504300,10,2025-03-14,2025-04-02,2000114,10000209,1020,68200.0,2.0555,140187.15
4500866,10,2025-03-15,2025-03-22,2000118,40000107,1020,24720.0,2.1672,53572.69
4501388,10,2025-03-15,2025-03-26,2000115,40000110,1020,36570.0,1.2229,44722.55
4501838,10,2025-03-15,2025-04-04,2000101,10000101,1010,265670.0,1.1692,310624.02
4502203,10,2025-03-16,2025-04-04,2000103,10000103,1010,31500.0,0.9796,30858.98
4500650,10,2025-03-17,2025-03-24,2000117,40000105,1020,21710.0,2.2395,48618.89
4501839,10,2025-03-17,2025-03-24,2000101,10000101,1010,265670.0,1.1468,304657.07
4501840,10,2025-03-17,2025-03-24,2000101,10000101,1010,265670.0,1.1689,310536.35
4502008,10,2025-03-17,2025-03-30,2000102,10000102,1010,39360.0,2.1442,84396.89
4502009,10,2025-03-17,2025-03-29,2000101,10000102,1010,39360.0,2.0963,82509.58
4502390,10,2025-03-17,2025-03-24,2000104,10000104,1010,98160.0,1.4477,142103.29
4502391,10,2025-03-17,2025-04-01,2000104,10000104,1010,98160.0,1.4182,139211.49
4503686,10,2025-03-17,2025-03-27,2000110,10000205,1020,28120.0,0.8543,24022.07
4501039,10,2025-03-18,2025-04-07,2000115,40000108,1020,40590.0,1.0495,42600.42
4501612,10,2025-03-18,2025-04-07,2000119,40000111,1020,66440.0,2.1076,140026.29
4504022,10,2025-03-18,2025-03-28,2000112,10000207,1020,46470.0,1.9224,89334.39
4500125,10,2025-03-19,2025-03-24,2000116,40000101,1020,45620.0,1.1447,52219.85
4500300,10,2025-03-19,2025-03-29,2000116,40000102,1020,34240.0,1.2872,44074.41
4502577,10,2025-03-19,2025-04-08,2000103,10000105,1010,49350.0,1.1484,56673.54
4502750,10,2025-03-19,2025-04-01,2000105,10000106,1010,39840.0,2.2228,88557.15
4503254,10,2025-03-19,2025-03-31,2000106,10000202,1020,120.0,12.4893,1498.72
4504528,10,2025-03-19,2025-03-29,2000114,10000210,1020,57250.0,1.8392,105292.48
4501196,10,2025-03-20,2025-04-01,2000115,40000109,1020,31690.0,1.5298,48478.09
4502392,10,2025-03-20,2025-04-05,2000104,10000104,1010,98160.0,1.4133,138732.47
4504024,10,2025-03-20,2025-03-26,2000112,10000207,1020,46470.0,1.8674,86779.94
4500529,10,2025-03-21,2025-03-29,2000116,40000104,1020,38470.0,1.9633,75528.54
4500126,10,2025-03-22,2025-03-31,2000116,40000101,1020,45620.0,1.1184,51019.13
4502202,10,2025-03-22,2025-04-06,2000103,10000103,1010,31500.0,0.9743,30690.14
4503143,10,2025-03-22,2025-04-01,2000107,10000201,1020,70200.0,2.4932,175021.24
4504303,10,2025-03-22,2025-04-02,2000113,10000209,1020,68200.0,1.8862,128640.89
4501041,10,2025-03-23,2025-03-30,2000115,40000108,1020,40590.0,1.0475,42516.81
4502575,10,2025-03-23,2025-03-31,2000103,10000105,1010,49350.0,1.1382,56169.18
4503483,10,2025-03-23,2025-04-02,2000109,10000204,1020,44450.0,0.9431,41919.91
4500299,10,2025-03-24,2025-04-02,2000116,40000102,1020,34240.0,1.2813,43872.74
4502201,10,2025-03-24,2025-04-13,2000103,10000103,1010,31500.0,1.0149,31969.35
4503311,10,2025-03-24,2025-04-12,2000108,10000203,1020,4590.0,0.1262,579.4
4501389,10,2025-03-25,2025-04-05,2000115,40000110,1020,36570.0,1.2155,44449.01
4502200,10,2025-03-26,2025-04-07,2000103,10000103,1010,31500.0,0.985,31029.08
4502578,10,2025-03-26,2025-04-03,2000103,10000105,1010,49350.0,1.1381,56165.73
4502889,10,2025-03-26,2025-04-03,2000105,10000107,1010,33040.0,2.8036,92630.28
4503482,10,2025-03-26,2025-04-09,2000109,10000204,1020,44450.0,0.9755,43362.31
4500528,10,2025-03-27,2025-04-13,2000116,40000104,1020,38470.0,1.9824,76264.08
4500530,10,2025-03-27,2025-04-15,2000116,40000104,1020,38470.0,2.0325,78191.04
4500127,10,2025-04-01,2025-04-07,2000116,40000101,1020,44310.0,1.1679,51747.88
4502011,10,2025-04-01,2025-04-14,2000101,10000102,1010,37370.0,2.1043,78638.44
4502892,10,2025-04-01,2025-04-16,2000105,10000107,1010,29740.0,2.7667,82280.77
4503486,10,2025-04-01,2025-04-08,2000109,10000204,1020,61300.0,0.951,58297.53
4504133,10,2025-04-01,2025-04-13,2000108,10000208,1020,420.0,0.5841,245.34
4501844,10,2025-04-02,2025-04-19,2000101,10000101,1010,237380.0,1.1578,274833.82
4502205,10,2025-04-02,2025-04-15,2000103,10000103,1010,32500.0,0.9689,31489.58
4501043,10,2025-04-03,2025-04-22,2000115,40000108,1020,66080.0,1.0324,68220.99
4502580,10,2025-04-03,2025-04-19,2000103,10000105,1010,58900.0,1.1485,67648.42
4503145,10,2025-04-03,2025-04-16,2000107,10000201,1020,51330.0,2.4923,127931.3
4503487,10,2025-04-03,2025-04-17,2000109,10000204,1020,61300.0,0.9474,58078.68
4501199,10,2025-04-04,2025-04-20,2000115,40000109,1020,33310.0,1.5414,51345.03
4501202,10,2025-04-04,2025-04-21,2000115,40000109,1020,33310.0,1.5463,51506.25
4501615,10,2025-04-04,2025-04-14,2000119,40000111,1020,52600.0,2.103,110620.43
4502396,10,2025-04-04,2025-04-24,2000104,10000104,1010,124270.0,1.4111,175359.88
4500302,10,2025-04-05,2025-04-12,2000116,40000102,1020,31290.0,1.2941,40492.7
4502207,10,2025-04-06,2025-04-21,2000103,10000103,1010,32500.0,1.037,33701.52
4502752,10,2025-04-06,2025-04-22,2000105,10000106,1010,38310.0,2.2079,84583.12
4500304,10,2025-04-07,2025-04-19,2000116,40000102,1020,31290.0,1.2958,40544.96
4500868,10,2025-04-07,2025-04-25,2000118,40000107,1020,25660.0,2.1795,55925.97
4501614,10,2025-04-07,2025-04-24,2000119,40000111,1020,52600.0,2.1434,112741.79
4501390,10,2025-04-08,2025-04-28,2000115,40000110,1020,37740.0,1.2233,46168.85
4501842,10,2025-04-08,2025-04-24,2000101,10000101,1010,237380.0,1.1583,274964.38
4501845,10,2025-04-08,2025-04-16,2000101,10000101,1010,237380.0,1.1616,275747.73
4503255,10,2025-04-08,2025-04-20,2000106,10000202,1020,90.0,12.6938,1142.44
4503688,10,2025-04-08,2025-04-18,2000110,10000205,1020,30710.0,0.843,25888.84
4503836,10,2025-04-08,2025-04-19,2000111,10000206,1020,37630.0,0.4648,17492.31
4500745,10,2025-04-09,2025-04-20,2000117,40000106,1020,34400.0,2.75,94600.34
4501393,10,2025-04-09,2025-04-19,2000115,40000110,1020,37740.0,1.2053,45487.64
4504643,10,2025-04-09,2025-04-16,2000115,10000109,1010,3200.0,2.0324,6503.62
4502753,10,2025-04-10,2025-04-27,2000105,10000106,1010,38310.0,2.221,85088.04
4503690,10,2025-04-10,2025-04-15,2000110,10000205,1020,30710.0,0.8335,25598.01
4501201,10,2025-04-11,2025-04-22,2000115,40000109,1020,33310.0,1.5499,51625.84
4501391,10,2025-04-11,2025-04-23,2000115,40000110,1020,37740.0,1.207,45551.05
4503144,10,2025-04-11,2025-04-21,2000107,10000201,1020,51330.0,2.4772,127154.16
4503835,10,2025-04-11,2025-04-19,2000111,10000206,1020,37630.0,0.4817,18125.99
4504535,10,2025-04-11,2025-04-30,2000114,10000210,1020,52710.0,1.8767,98919.28
4501044,10,2025-04-12,2025-05-01,2000115,40000108,1020,66080.0,1.038,68593.02
4502754,10,2025-04-12,2025-04-25,2000105,10000106,1010,38310.0,2.1338,81743.96
4500129,10,2025-04-13,2025-05-02,2000116,40000101,1020,44310.0,1.189,52686.81
4500867,10,2025-04-13,2025-04-23,2000118,40000107,1020,25660.0,2.1189,54371.74
4502010,10,2025-04-13,2025-04-28,2000102,10000102,1010,37370.0,2.0792,77699.33
4504026,10,2025-04-13,2025-05-02,2000112,10000207,1020,36880.0,1.8446,68028.11
4501616,10,2025-04-14,2025-04-23,2000119,40000111,1020,52600.0,2.1157,111284.77
4503689,10,2025-04-14,2025-04-24,2000110,10000205,1020,30710.0,0.8428,25882.7
4504533,10,2025-04-14,2025-05-01,2000114,10000210,1020,52710.0,1.8299,96452.97
4501200,10,2025-04-15,2025-04-24,2000115,40000109,1020,33310.0,1.4666,48853.78
4503147,10,2025-04-15,2025-04-27,2000107,10000201,1020,51330.0,2.5456,130666.67
4504304,10,2025-04-16,2025-04-23,2000113,10000209,1020,47010.0,1.9374,91076.23
4502582,10,2025-04-17,2025-05-04,2000103,10000105,1010,58900.0,1.1723,69049.06
4504532,10,2025-04-17,2025-05-06,2000113,10000210,1020,52710.0,1.8268,96291.68
4500386,10,2025-04-18,2025-04-24,2000116,40000103,1020,32030.0,1.7977,57581.29
4501843,10,2025-04-18,2025-04-28,2000101,10000101,1010,237380.0,1.1573,274731.74
4502581,10,2025-04-18,2025-04-29,2000103,10000105,1010,58900.0,1.1536,67948.22
4503488,10,2025-04-18,2025-04-26,2000109,10000204,1020,61300.0,0.9551,58550.08
4504305,10,2025-04-18,2025-05-06,2000113,10000209,1020,47010.0,1.9033,89472.72
4504306,10,2025-04-18,2025-05-04,2000113,10000209,1020,47010.0,1.963,92280.63
4500303,10,2025-04-19,2025-04-24,2000116,40000102,1020,31290.0,1.3196,41289.35
4501046,10,2025-04-19,2025-04-29,2000115,40000108,1020,66080.0,1.0511,69456.03
4502394,10,2025-04-20,2025-05-02,2000104,10000104,1010,124270.0,1.4213,176623.71
4502397,10,2025-04-20,2025-04-28,2000104,10000104,1010,124270.0,1.4473,179859.7
4502891,10,2025-04-20,2025-05-03,2000105,10000107,1010,29740.0,2.7529,81871.84
4500301,10,2025-04-21,2025-05-09,2000116,40000102,1020,31290.0,1.3256,41478.34
4503146,10,2025-04-21,2025-05-08,2000107,10000201,1020,51330.0,2.4651,126534.1
4503489,10,2025-04-21,2025-05-08,2000109,10000204,1020,61300.0,0.9552,58550.7
4500128,10,2025-04-22,2025-05-03,2000116,40000101,1020,44310.0,1.1644,51596.34
4500531,10,2025-04-22,2025-05-01,2000116,40000104,1020,33130.0,1.9442,64411.01
4502204,10,2025-04-22,2025-05-12,2000103,10000103,1010,32500.0,0.9965,32384.95
4502395,10,2025-04-22,2025-05-07,2000104,10000104,1010,124270.0,1.4191,176355.29
4503312,10,2025-04-22,2025-05-09,2000108,10000203,1020,4440.0,0.1304,578.98
4504534,10,2025-04-22,2025-05-07,2000113,10000210,1020,52710.0,1.7281,91088.68
4501045,10,2025-04-23,2025-05-09,2000115,40000108,1020,66080.0,1.0495,69348.98
4501392,10,2025-04-23,2025-05-02,2000115,40000110,1020,37740.0,1.1904,44924.56
4502579,10,2025-04-23,2025-05-06,2000103,10000105,1010,58900.0,1.1576,68180.28
4504307,10,2025-04-23,2025-05-05,2000113,10000209,1020,47010.0,1.9718,92696.2
4500130,10,2025-04-24,2025-05-10,2000116,40000101,1020,44310.0,1.1182,49545.23
4502206,10,2025-04-24,2025-05-05,2000103,10000103,1010,32500.0,1.0339,33600.45
4504027,10,2025-04-24,2025-05-06,2000112,10000207,1020,36880.0,1.9109,70473.25
4502971,10,2025-04-26,2025-05-09,2000106,10000108,1010,1390.0,9.3308,12969.83
4504028,10,2025-04-26,2025-05-07,2000112,10000207,1020,36880.0,1.8632,68715.18
4500387,10,2025-04-27,2025-05-04,2000116,40000103,1020,32030.0,1.8146,58122.28
4501617,10,2025-04-27,2025-05-08,2000119,40000111,1020,52600.0,2.0379,107191.44
4504025,10,2025-04-27,2025-05-13,2000112,10000207,1020,36880.0,1.8821,69410.74
4503493,10,2025-05-01,2025-05-13,2000109,10000204,1020,64320.0,0.9185,59079.21
4500306,10,2025-05-02,2025-05-07,2000116,40000102,1020,28930.0,1.2814,37072.06
4503150,10,2025-05-02,2025-05-22,2000107,10000201,1020,65630.0,2.6069,171089.53
4500305,10,2025-05-03,2025-05-18,2000116,40000102,1020,28930.0,1.2817,37078.71
4500533,10,2025-05-03,2025-05-09,2000116,40000104,1020,37810.0,1.9842,75021.85
4500746,10,2025-05-03,2025-05-08,2000117,40000106,1020,10620.0,2.7635,29348.69
4500869,10,2025-05-03,2025-05-21,2000118,40000107,1020,20930.0,2.1526,45054.34
4501396,10,2025-05-03,2025-05-10,2000115,40000110,1020,64330.0,1.2127,78012.35
4502972,10,2025-05-03,2025-05-19,2000106,10000108,1010,1220.0,9.5525,11654.05
4503490,10,2025-05-03,2025-05-16,2000109,10000204,1020,64320.0,0.9411,60533.48
4502208,10,2025-05-04,2025-05-14,2000103,10000103,1010,32490.0,1.0257,33324.02
4502210,10,2025-05-04,2025-05-22,2000103,10000103,1010,32490.0,1.0221,33208.68
4502584,10,2025-05-04,2025-05-22,2000103,10000105,1010,59180.0,1.1149,65977.41
4503838,10,2025-05-04,2025-05-23,2000111,10000206,1020,27730.0,0.4677,12968.21
4501204,10,2025-05-05,2025-05-10,2000115,40000109,1020,30690.0,1.5547,47712.82
4502756,10,2025-05-05,2025-05-24,2000105,10000106,1010,39060.0,2.1786,85097.68
4503313,10,2025-05-05,2025-05-17,2000108,10000203,1020,5160.0,0.1264,652.38
4504311,10,2025-05-05,2025-05-24,2000114,10000209,1020,42600.0,2.0295,86455.0
4502400,10,2025-05-06,2025-05-24,2000104,10000104,1010,115270.0,1.3592,156672.68
4503491,10,2025-05-06,2025-05-23,2000109,10000204,1020,64320.0,0.9492,61050.61
4504308,10,2025-05-06,2025-05-25,2000113,10000209,1020,42600.0,1.9409,82680.64
4504537,10,2025-05-06,2025-05-17,2000114,10000210,1020,74250.0,1.9395,144008.62
4502399,10,2025-05-07,2025-05-17,2000104,10000104,1010,115270.0,1.3958,160897.32
4503691,10,2025-05-08,2025-05-26,2000110,10000205,1020,30420.0,0.8284,25201.14
4500388,10,2025-05-09,2025-05-27,2000116,40000103,1020,12900.0,1.7228,22224.64
4501049,10,2025-05-09,2025-05-27,2000115,40000108,1020,55190.0,1.0517,58041.12
4501048,10,2025-05-10,2025-05-26,2000115,40000108,1020,55190.0,1.0132,55920.16
4501621,10,2025-05-10,2025-05-27,2000119,40000111,1020,81620.0,2.1109,172294.11
4502755,10,2025-05-10,2025-05-23,2000105,10000106,1010,39060.0,2.1844,85321.49
4500534,10,2025-05-11,2025-05-16,2000116,40000104,1020,37810.0,2.0543,77674.22
4500651,10,2025-05-11,2025-05-26,2000117,40000105,1020,35370.0,2.3345,82571.62
4502893,10,2025-05-11,2025-05-19,2000105,10000107,1010,28070.0,2.7963,78493.26
4504032,10,2025-05-11,2025-05-28,2000112,10000207,1020,32520.0,1.836,59706.39
4504539,10,2025-05-11,2025-05-24,2000114,10000210,1020,74250.0,1.894,140631.73
4501847,10,2025-05-12,2025-05-27,2000101,10000101,1010,249470.0,1.1751,293159.68
4502586,10,2025-05-12,2025-05-24,2000103,10000105,1010,59180.0,1.1268,66684.62
4503693,10,2025-05-12,2025-05-26,2000110,10000205,1020,30420.0,0.8844,26901.93
4504536,10,2025-05-12,2025-05-23,2000113,10000210,1020,74250.0,1.8037,133924.72
4500532,10,2025-05-13,2025-05-24,2000116,40000104,1020,37810.0,2.0147,76176.19
4500870,10,2025-05-13,2025-06-02,2000118,40000107,1020,20930.0,2.1069,44097.42
4501619,10,2025-05-13,2025-05-26,2000119,40000111,1020,81620.0,2.062,168302.07
4503256,10,2025-05-13,2025-05-29,2000106,10000202,1020,110.0,12.3831,1362.14
4500132,10,2025-05-14,2025-06-01,2000116,40000101,1020,38350.0,1.169,44830.38
4502585,10,2025-05-14,2025-05-30,2000103,10000105,1010,59180.0,1.1597,68633.41
4501394,10,2025-05-15,2025-05-28,2000115,40000110,1020,64330.0,1.186,76298.6
4501397,10,2025-05-15,2025-05-29,2000115,40000110,1020,64330.0,1.1762,75662.37
4501846,10,2025-05-16,2025-05-25,2000101,10000101,1010,249470.0,1.1348,283106.04
4500307,10,2025-05-17,2025-06-01,2000116,40000102,1020,28930.0,1.3,37608.42
4504029,10,2025-05-17,2025-05-28,2000112,10000207,1020,32520.0,1.9148,62270.92
4504644,10,2025-05-17,2025-06-02,2000115,10000109,1010,3500.0,1.9712,6899.24
4502012,10,2025-05-18,2025-05-31,2000102,10000102,1010,37610.0,2.0809,78264.15
4502398,10,2025-05-18,2025-05-26,2000104,10000104,1010,115270.0,1.4769,170243.42
4502894,10,2025-05-18,2025-05-24,2000105,10000107,1010,28070.0,2.8217,79204.56
4503148,10,2025-05-18,2025-05-25,2000107,10000201,1020,65630.0,2.4817,162875.28
4501203,10,2025-05-19,2025-05-26,2000115,40000109,1020,30690.0,1.5195,46634.38
4501620,10,2025-05-19,2025-05-24,2000119,40000111,1020,81620.0,2.0746,169328.85
4502013,10,2025-05-19,2025-06-04,2000101,10000102,1010,37610.0,2.1419,80558.36
4502209,10,2025-05-19,2025-05-25,2000103,10000103,1010,32490.0,1.0033,32596.89
4501395,10,2025-05-20,2025-05-26,2000115,40000110,1020,64330.0,1.2002,77212.08
4501849,10,2025-05-20,2025-06-04,2000101,10000101,1010,249470.0,1.1303,281978.44
4503837,10,2025-05-20,2025-06-07,2000111,10000206,1020,27730.0,0.4685,12992.06
4504030,10,2025-05-20,2025-06-08,2000112,10000207,1020,32520.0,1.8433,59944.44
4504031,10,2025-05-20,2025-06-04,2000112,10000207,1020,32520.0,1.8467,60054.03
4500652,10,2025-05-21,2025-05-27,2000117,40000105,1020,35370.0,2.2427,79324.65
4501047,10,2025-05-21,2025-05-26,2000115,40000108,1020,55190.0,1.0216,56381.0
4504309,10,2025-05-21,2025-06-01,2000114,10000209,1020,42600.0,2.0339,86644.57
4504538,10,2025-05-21,2025-06-09,2000113,10000210,1020,74250.0,1.75,129941.21
4503149,10,2025-05-22,2025-06-10,2000107,10000201,1020,65630.0,2.4957,163790.82
4503692,10,2025-05-22,2025-05-27,2000110,10000205,1020,30420.0,0.8336,25357.2
4501050,10,2025-05-23,2025-06-07,2000115,40000108,1020,55190.0,1.0457,57714.39
4501618,10,2025-05-23,2025-05-30,2000119,40000111,1020,81620.0,2.0638,168448.99
4502401,10,2025-05-23,2025-06-02,2000104,10000104,1010,115270.0,1.3459,155139.59
4504134,10,2025-05-23,2025-05-28,2000108,10000208,1020,370.0,0.5728,211.95
4504310,10,2025-05-23,2025-05-30,2000113,10000209,1020,42600.0,1.963,83624.65
4500131,10,2025-05-24,2025-05-31,2000116,40000101,1020,38350.0,1.1505,44122.06
4503151,10,2025-05-24,2025-06-06,2000107,10000201,1020,65630.0,2.4215,158922.39
4503492,10,2025-05-24,2025-05-30,2000109,10000204,1020,64320.0,0.9119,58652.76
4502583,10,2025-05-25,2025-06-08,2000103,10000105,1010,59180.0,1.1509,68108.49
4500535,10,2025-05-26,2025-06-08,2000116,40000104,1020,37810.0,2.0195,76358.43
4501848,10,2025-05-26,2025-06-14,2000101,10000101,1010,249470.0,1.1398,284340.92
4503497,10,2025-06-01,2025-06-21,2000109,10000204,1020,86790.0,0.9315,80845.75
4504542,10,2025-06-01,2025-06-07,2000114,10000210,1020,57610.0,1.8593,107116.58
4502403,10,2025-06-02,2025-06-21,2000104,10000104,1010,127670.0,1.4463,184655.5
4502757,10,2025-06-02,2025-06-14,2000105,10000106,1010,35840.0,2.2172,79463.01
4503152,10,2025-06-02,2025-06-18,2000107,10000201,1020,57220.0,2.447,140016.77
4503840,10,2025-06-03,2025-06-18,2000111,10000206,1020,36170.0,0.4771,17256.71
4502896,10,2025-06-04,2025-06-24,2000105,10000107,1010,36230.0,2.8106,101826.59
4500656,10,2025-06-05,2025-06-10,2000117,40000105,1020,34650.0,2.2994,79674.56
4502405,10,2025-06-06,2025-06-19,2000104,10000104,1010,127670.0,1.4212,181440.77
4503839,10,2025-06-06,2025-06-23,2000111,10000206,1020,36170.0,0.4756,17202.09
4502895,10,2025-06-07,2025-06-21,2000105,10000107,1010,36230.0,2.7389,99231.43
4503496,10,2025-06-07,2025-06-13,2000109,10000204,1020,86790.0,0.9485,82321.18
4500134,10,2025-06-08,2025-06-28,2000116,40000101,1020,38310.0,1.154,44210.51
4501399,10,2025-06-08,2025-06-14,2000115,40000110,1020,36430.0,1.184,43132.39
4502014,10,2025-06-08,2025-06-26,2000102,10000102,1010,38090.0,2.1512,81938.07
4502015,10,2025-06-08,2025-06-16,2000101,10000102,1010,38090.0,2.1234,80878.78
4503495,10,2025-06-08,2025-06-27,2000109,10000204,1020,86790.0,0.9711,84283.5
4504315,10,2025-06-08,2025-06-27,2000113,10000209,1020,62610.0,1.9555,122433.86
4500389,10,2025-06-09,2025-06-14,2000116,40000103,1020,25090.0,1.7628,44227.65
4502973,10,2025-06-09,2025-06-26,2000106,10000108,1010,1520.0,9.5476,14512.4
4503155,10,2025-06-09,2025-06-18,2000107,10000201,1020,57220.0,2.4822,142030.91
4503697,10,2025-06-09,2025-06-24,2000110,10000205,1020,34920.0,0.8341,29126.07
4500539,10,2025-06-10,2025-06-28,2000116,40000104,1020,38670.0,1.9837,76710.84
4500654,10,2025-06-10,2025-06-29,2000117,40000105,1020,34650.0,2.3516,81482.25
4502402,10,2025-06-10,2025-06-30,2000104,10000104,1010,127670.0,1.4268,182159.56
4502587,10,2025-06-10,2025-06-28,2000103,10000105,1010,65670.0,1.131,74270.14
4504035,10,2025-06-10,2025-06-18,2000112,10000207,1020,36400.0,1.9122,69602.26
4504312,10,2025-06-10,2025-06-19,2000113,10000209,1020,62610.0,1.9716,123443.75
4504540,10,2025-06-10,2025-06-15,2000114,10000210,1020,57610.0,1.8818,108413.38
4503494,10,2025-06-11,2025-06-19,2000109,10000204,1020,86790.0,0.9258,80354.52
4500653,10,2025-06-12,2025-06-22,2000117,40000105,1020,34650.0,2.3583,81716.83
4503154,10,2025-06-12,2025-06-20,2000107,10000201,1020,57220.0,2.526,144540.58
4500308,10,2025-06-14,2025-06-27,2000116,40000102,1020,38780.0,1.3197,51177.19
4501622,10,2025-06-14,2025-06-23,2000119,40000111,1020,106300.0,2.1841,232165.58
4501850,10,2025-06-14,2025-06-20,2000101,10000101,1010,269340.0,1.1444,308246.16
4502213,10,2025-06-14,2025-06-23,2000103,10000103,1010,37060.0,1.004,37209.72
4503153,10,2025-06-14,2025-06-27,2000107,10000201,1020,57220.0,2.5365,145137.96
4504314,10,2025-06-14,2025-06-22,2000114,10000209,1020,62610.0,1.9839,124212.61
4501851,10,2025-06-15,2025-06-30,2000101,10000101,1010,269340.0,1.1111,299258.29
4504036,10,2025-06-15,2025-06-27,2000112,10000207,1020,36400.0,1.9043,69317.25
4500136,10,2025-06-16,2025-06-21,2000116,40000101,1020,38310.0,1.1545,44229.28
4500747,10,2025-06-16,2025-06-30,2000117,40000106,1020,22660.0,2.7953,63341.72
4501623,10,2025-06-16,2025-07-05,2000119,40000111,1020,106300.0,2.143,227795.58
4501852,10,2025-06-16,2025-07-01,2000101,10000101,1010,269340.0,1.177,317023.95
4500655,10,2025-06-17,2025-06-23,2000117,40000105,1020,34650.0,2.3004,79710.25
4501205,10,2025-06-17,2025-07-06,2000115,40000109,1020,36260.0,1.5502,56209.16
4503314,10,2025-06-17,2025-06-28,2000108,10000203,1020,5390.0,0.1305,703.29
4503695,10,2025-06-17,2025-06-26,2000110,10000205,1020,34920.0,0.843,29437.91
4504034,10,2025-06-17,2025-06-29,2000112,10000207,1020,36400.0,1.9212,69932.77
4500538,10,2025-06-18,2025-07-07,2000116,40000104,1020,38670.0,2.0033,77466.06
4501052,10,2025-06-18,2025-06-23,2000115,40000108,1020,32390.0,1.072,34720.78
4502211,10,2025-06-18,2025-07-07,2000103,10000103,1010,37060.0,0.9867,36567.47
4500135,10,2025-06-19,2025-06-27,2000116,40000101,1020,38310.0,1.1784,45144.5
4504135,10,2025-06-19,2025-07-04,2000108,10000208,1020,410.0,0.5798,237.71
4502758,10,2025-06-20,2025-07-02,2000105,10000106,1010,35840.0,2.1998,78840.83
4503257,10,2025-06-20,2025-06-27,2000106,10000202,1020,100.0,12.7513,1275.13
4500536,10,2025-06-21,2025-07-10,2000116,40000104,1020,38670.0,2.0048,77526.78
4500871,10,2025-06-21,2025-07-09,2000118,40000107,1020,12760.0,2.2735,29010.37
4500309,10,2025-06-22,2025-07-11,2000116,40000102,1020,38780.0,1.3322,51663.1
4501625,10,2025-06-22,2025-07-05,2000119,40000111,1020,106300.0,2.0918,222358.34
4502212,10,2025-06-22,2025-06-29,2000103,10000103,1010,37060.0,1.0242,37958.33
4504313,10,2025-06-22,2025-07-12,2000114,10000209,1020,62610.0,2.0038,125454.79
4504645,10,2025-06-22,2025-07-03,2000115,10000109,1010,2700.0,2.0114,5430.67
4500748,10,2025-06-23,2025-07-05,2000117,40000106,1020,22660.0,2.7439,62176.77
4501400,10,2025-06-23,2025-07-13,2000115,40000110,1020,36430.0,1.2057,43922.56
4502589,10,2025-06-23,2025-07-11,2000103,10000105,1010,65670.0,1.1304,74230.08
4502590,10,2025-06-23,2025-06-28,2000103,10000105,1010,65670.0,1.1711,76904.17
4502897,10,2025-06-24,2025-06-29,2000105,10000107,1010,36230.0,2.8003,101456.32
4503694,10,2025-06-24,2025-07-03,2000110,10000205,1020,34920.0,0.8499,29679.21
4504033,10,2025-06-24,2025-06-30,2000112,10000207,1020,36400.0,1.8688,68024.68
4504543,10,2025-06-24,2025-07-01,2000114,10000210,1020,57610.0,1.9067,109846.72
4501051,10,2025-06-25,2025-07-02,2000115,40000108,1020,32390.0,1.0821,35047.92
4501624,10,2025-06-25,2025-07-08,2000119,40000111,1020,106300.0,2.0886,222014.99
4501853,10,2025-06-25,2025-06-30,2000101,10000101,1010,269340.0,1.1424,307694.02
4500133,10,2025-06-26,2025-07-16,2000116,40000101,1020,38310.0,1.1854,45413.44
4500537,10,2025-06-26,2025-07-12,2000116,40000104,1020,38670.0,1.9527,75510.52
4501398,10,2025-06-26,2025-07-10,2000115,40000110,1020,36430.0,1.2179,44367.0
4502404,10,2025-06-26,2025-07-01,2000104,10000104,1010,127670.0,1.4529,185489.19
4502588,10,2025-06-26,2025-07-10,2000103,10000105,1010,65670.0,1.1787,77406.54
4500390,10,2025-06-27,2025-07-05,2000116,40000103,1020,25090.0,1.8488,46387.14
4503696,10,2025-06-27,2025-07-03,2000110,10000205,1020,34920.0,0.8496,29669.78
4504541,10,2025-06-27,2025-07-16,2000113,10000210,1020,57610.0,1.7047,98208.34
4501402,10,2025-07-01,2025-07-07,2000115,40000110,1020,54830.0,1.1992,65753.78
4502215,10,2025-07-01,2025-07-07,2000103,10000103,1010,39600.0,0.9739,38566.04
4503156,10,2025-07-01,2025-07-12,2000107,10000201,1020,54480.0,2.5281,137732.52
4504545,10,2025-07-01,2025-07-14,2000113,10000210,1020,51800.0,1.7755,91969.86
4501401,10,2025-07-02,2025-07-22,2000115,40000110,1020,54830.0,1.2454,68283.64
4501626,10,2025-07-02,2025-07-10,2000119,40000111,1020,64900.0,2.1386,138795.79
4502407,10,2025-07-02,2025-07-22,2000104,10000104,1010,117640.0,1.4328,168558.12
4503500,10,2025-07-02,2025-07-16,2000109,10000204,1020,46300.0,0.9282,42977.51
4504037,10,2025-07-02,2025-07-16,2000112,10000207,1020,38460.0,1.8772,72195.96
4500391,10,2025-07-03,2025-07-13,2000116,40000103,1020,20140.0,1.8018,36287.45
4500543,10,2025-07-03,2025-07-12,2000116,40000104,1020,46580.0,2.0596,95935.24
4501056,10,2025-07-03,2025-07-14,2000115,40000108,1020,54220.0,1.0253,55592.31
4501854,10,2025-07-03,2025-07-12,2000101,10000101,1010,258960.0,1.1564,299458.75
4503258,10,2025-07-03,2025-07-20,2000106,10000202,1020,90.0,12.438,1119.42
4502594,10,2025-07-04,2025-07-12,2000103,10000105,1010,62790.0,1.1572,72663.73
4502017,10,2025-07-05,2025-07-10,2000102,10000102,1010,26950.0,2.071,55814.26
4504547,10,2025-07-05,2025-07-22,2000114,10000210,1020,51800.0,1.8958,98202.44
4501856,10,2025-07-06,2025-07-26,2000101,10000101,1010,258960.0,1.1346,293818.61
4502900,10,2025-07-06,2025-07-17,2000105,10000107,1010,27590.0,2.8085,77486.24
4503501,10,2025-07-06,2025-07-24,2000109,10000204,1020,46300.0,0.9736,45075.36
4500540,10,2025-07-07,2025-07-21,2000116,40000104,1020,46580.0,1.9864,92527.91
4504040,10,2025-07-07,2025-07-20,2000112,10000207,1020,38460.0,1.8524,71243.3
4504317,10,2025-07-07,2025-07-25,2000114,10000209,1020,42360.0,2.0652,87481.45
4502409,10,2025-07-08,2025-07-25,2000104,10000104,1010,117640.0,1.4218,167266.43
4502018,10,2025-07-09,2025-07-18,2000101,10000102,1010,26950.0,2.1007,56614.94
4502593,10,2025-07-09,2025-07-19,2000103,10000105,1010,62790.0,1.1352,71277.32
4503841,10,2025-07-09,2025-07-16,2000111,10000206,1020,33970.0,0.4611,15663.91
4500873,10,2025-07-10,2025-07-25,2000118,40000107,1020,26830.0,2.2396,60087.66
4502759,10,2025-07-10,2025-07-22,2000105,10000106,1010,32420.0,2.2659,73461.45
4503315,10,2025-07-10,2025-07-22,2000108,10000203,1020,3770.0,0.1262,475.89
4503499,10,2025-07-10,2025-07-29,2000109,10000204,1020,46300.0,0.9582,44363.73
4500139,10,2025-07-11,2025-07-31,2000116,40000101,1020,35380.0,1.1791,41715.5
4500872,10,2025-07-11,2025-07-25,2000118,40000107,1020,26830.0,2.2657,60787.93
4501054,10,2025-07-11,2025-07-31,2000115,40000108,1020,54220.0,1.0572,57321.38
4501404,10,2025-07-11,2025-07-26,2000115,40000110,1020,54830.0,1.1923,65375.45
4502408,10,2025-07-11,2025-07-22,2000104,10000104,1010,117640.0,1.3975,164407.78
4502899,10,2025-07-11,2025-07-23,2000105,10000107,1010,27590.0,2.7122,74828.22
4502974,10,2025-07-11,2025-07-19,2000106,10000108,1010,1310.0,9.5919,12565.4
4501628,10,2025-07-12,2025-07-18,2000119,40000111,1020,64900.0,2.1338,138482.32
4502016,10,2025-07-12,2025-07-25,2000102,10000102,1010,26950.0,2.0141,54280.8
4503157,10,2025-07-12,2025-07-23,2000107,10000201,1020,54480.0,2.5872,140950.11
4500749,10,2025-07-13,2025-07-18,2000117,40000106,1020,32470.0,2.6619,86433.19
4501055,10,2025-07-13,2025-07-19,2000115,40000108,1020,54220.0,1.0462,56723.34
4504039,10,2025-07-13,2025-07-25,2000112,10000207,1020,38460.0,1.8828,72412.49
4504544,10,2025-07-13,2025-07-22,2000113,10000210,1020,51800.0,1.7699,91679.27
4500138,10,2025-07-14,2025-07-19,2000116,40000101,1020,35380.0,1.1463,40556.8
4502591,10,2025-07-14,2025-08-02,2000103,10000105,1010,62790.0,1.1178,70187.29
4503159,10,2025-07-14,2025-08-02,2000107,10000201,1020,54480.0,2.5781,140455.98
4503698,10,2025-07-14,2025-08-01,2000110,10000205,1020,25960.0,0.8332,21630.39
4503699,10,2025-07-14,2025-07-28,2000110,10000205,1020,25960.0,0.8512,22098.19
4500658,10,2025-07-15,2025-07-23,2000117,40000105,1020,32260.0,2.3025,74278.65
4504318,10,2025-07-15,2025-07-22,2000114,10000209,1020,42360.0,1.985,84084.18
4504646,10,2025-07-15,2025-07-26,2000115,10000109,1010,3100.0,1.9555,6062.08
4500542,10,2025-07-16,2025-07-24,2000116,40000104,1020,46580.0,2.0624,96066.13
4501857,10,2025-07-17,2025-08-05,2000101,10000101,1010,258960.0,1.1514,298161.36
4500541,10,2025-07-18,2025-07-28,2000116,40000104,1020,46580.0,2.0182,94006.36
4501627,10,2025-07-18,2025-08-05,2000119,40000111,1020,64900.0,2.1031,136489.24
4502592,10,2025-07-18,2025-08-03,2000103,10000105,1010,62790.0,1.147,72023.27
4504546,10,2025-07-18,2025-07-30,2000114,10000210,1020,51800.0,1.8372,95165.92
4500750,10,2025-07-19,2025-07-24,2000117,40000106,1020,32470.0,2.774,90071.13
4501053,10,2025-07-20,2025-08-01,2000115,40000108,1020,54220.0,1.0338,56051.55
4501207,10,2025-07-20,2025-08-05,2000115,40000109,1020,32090.0,1.5396,49405.76
4501855,10,2025-07-20,2025-07-25,2000101,10000101,1010,258960.0,1.1548,299039.24
4502214,10,2025-07-20,2025-08-08,2000103,10000103,1010,39600.0,0.9739,38566.84
4502406,10,2025-07-20,2025-07-30,2000104,10000104,1010,117640.0,1.3953,164141.92
4501206,10,2025-07-22,2025-08-05,2000115,40000109,1020,32090.0,1.5378,49346.4
4501403,10,2025-07-23,2025-08-07,2000115,40000110,1020,54830.0,1.2247,67151.95
4502898,10,2025-07-23,2025-07-31,2000105,10000107,1010,27590.0,2.785,76837.05
4503842,10,2025-07-23,2025-07-30,2000111,10000206,1020,33970.0,0.4548,15450.58
4504136,10,2025-07-23,2025-08-03,2000108,10000208,1020,410.0,0.5858,240.17
4501629,10,2025-07-24,2025-08-12,2000119,40000111,1020,64900.0,2.0699,134336.51
4502760,10,2025-07-24,2025-08-09,2000105,10000106,1010,32420.0,2.2203,71983.1
4500137,10,2025-07-26,2025-08-10,2000116,40000101,1020,35380.0,1.1438,40468.71
4500657,10,2025-07-26,2025-08-14,2000117,40000105,1020,32260.0,2.2927,73963.15
4503158,10,2025-07-26,2025-08-12,2000107,10000201,1020,54480.0,2.5206,137323.38
4500310,10,2025-07-27,2025-08-16,2000116,40000102,1020,23580.0,1.323,31195.16
4500311,10,2025-07-27,2025-08-14,2000116,40000102,1020,23580.0,1.3454,31724.53
4503498,10,2025-07-27,2025-08-02,2000109,10000204,1020,46300.0,0.9698,44903.59
4504038,10,2025-07-27,2025-08-09,2000112,10000207,1020,38460.0,1.9334,74359.33
4504316,10,2025-07-27,2025-08-10,2000114,10000209,1020,42360.0,2.0911,88579.42
4504319,10,2025-07-27,2025-08-15,2000114,10000209,1020,42360.0,2.0304,86005.63
4500312,10,2025-08-01,2025-08-18,2000116,40000102,1020,27880.0,1.3819,38527.37
4500392,10,2025-08-01,2025-08-10,2000116,40000103,1020,32070.0,1.7324,55559.03
4501057,10,2025-08-01,2025-08-15,2000115,40000108,1020,37190.0,1.0378,38595.04
4501631,10,2025-08-01,2025-08-06,2000119,40000111,1020,75590.0,2.057,155490.9
4502217,10,2025-08-01,2025-08-11,2000103,10000103,1010,28270.0,1.0083,28503.51
4502413,10,2025-08-01,2025-08-13,2000104,10000104,1010,119670.0,1.4026,167853.93
4502597,10,2025-08-01,2025-08-16,2000103,10000105,1010,58950.0,1.1936,70361.54
4500546,10,2025-08-02,2025-08-11,2000116,40000104,1020,30630.0,2.005,61411.62
4501632,10,2025-08-02,2025-08-15,2000119,40000111,1020,75590.0,2.1444,162098.22
4501859,10,2025-08-02,2025-08-15,2000101,10000101,1010,278970.0,1.1695,326266.57
4501860,10,2025-08-02,2025-08-10,2000101,10000101,1010,278970.0,1.1976,334100.05
4502218,10,2025-08-02,2025-08-11,2000103,10000103,1010,28270.0,1.0041,28386.47
4502412,10,2025-08-02,2025-08-14,2000104,10000104,1010,119670.0,1.4617,174918.05
4502596,10,2025-08-02,2025-08-17,2000103,10000105,1010,58950.0,1.1703,68988.01
4502901,10,2025-08-02,2025-08-17,2000105,10000107,1010,33030.0,2.7441,90638.28
4504321,10,2025-08-02,2025-08-17,2000114,10000209,1020,47120.0,2.0609,97107.72
4501858,10,2025-08-03,2025-08-09,2000101,10000101,1010,278970.0,1.1391,317774.73
4502598,10,2025-08-03,2025-08-20,2000103,10000105,1010,58950.0,1.1663,68755.15
4504548,10,2025-08-03,2025-08-16,2000113,10000210,1020,59620.0,1.7643,105187.57
4501208,10,2025-08-04,2025-08-17,2000115,40000109,1020,39470.0,1.5265,60250.96
4504044,10,2025-08-04,2025-08-10,2000112,10000207,1020,35310.0,1.9224,67879.24
4500393,10,2025-08-05,2025-08-11,2000116,40000103,1020,32070.0,1.791,57436.73
4503700,10,2025-08-05,2025-08-14,2000110,10000205,1020,31800.0,0.863,27442.45
4501633,10,2025-08-06,2025-08-11,2000119,40000111,1020,75590.0,2.1471,162300.8
4502902,10,2025-08-06,2025-08-25,2000105,10000107,1010,33030.0,2.7919,92215.47
4503162,10,2025-08-06,2025-08-14,2000107,10000201,1020,65240.0,2.5347,165362.52
4504043,10,2025-08-06,2025-08-23,2000112,10000207,1020,35310.0,1.9266,68029.31
4500140,10,2025-08-07,2025-08-15,2000116,40000101,1020,31100.0,1.1498,35757.54
4500661,10,2025-08-07,2025-08-20,2000117,40000105,1020,27530.0,2.2817,62814.93
4501630,10,2025-08-07,2025-08-23,2000119,40000111,1020,75590.0,2.1587,163176.13
4502904,10,2025-08-07,2025-08-16,2000105,10000107,1010,33030.0,2.6765,88406.12
4503844,10,2025-08-07,2025-08-25,2000111,10000206,1020,35960.0,0.4692,16872.43
4500143,10,2025-08-08,2025-08-22,2000116,40000101,1020,31100.0,1.1752,36549.34
4501058,10,2025-08-08,2025-08-24,2000115,40000108,1020,37190.0,1.065,39608.47
4501407,10,2025-08-08,2025-08-24,2000115,40000110,1020,39400.0,1.2451,49055.76
4500141,10,2025-08-09,2025-08-16,2000116,40000101,1020,31100.0,1.2081,37571.6
4502216,10,2025-08-10,2025-08-28,2000103,10000103,1010,28270.0,0.98,27704.03
4502761,10,2025-08-10,2025-08-22,2000105,10000106,1010,35410.0,2.2007,77925.37
4504320,10,2025-08-10,2025-08-26,2000113,10000209,1020,47120.0,1.8957,89324.91
4504647,10,2025-08-10,2025-08-24,2000115,10000109,1010,2200.0,1.9632,4319.02
4503503,10,2025-08-11,2025-08-29,2000109,10000204,1020,61210.0,0.9696,59351.05
4503504,10,2025-08-11,2025-08-17,2000109,10000204,1020,61210.0,0.9429,57714.91
4500752,10,2025-08-12,2025-08-25,2000117,40000106,1020,37820.0,2.6726,101077.73
4502410,10,2025-08-12,2025-08-22,2000104,10000104,1010,119670.0,1.4571,174375.94
4503160,10,2025-08-12,2025-08-28,2000107,10000201,1020,65240.0,2.5971,169434.8
4503161,10,2025-08-12,2025-08-27,2000107,10000201,1020,65240.0,2.5427,165885.1
4503502,10,2025-08-12,2025-08-28,2000109,10000204,1020,61210.0,0.9715,59467.35
4503701,10,2025-08-12,2025-08-23,2000110,10000205,1020,31800.0,0.8537,27147.98
4500660,10,2025-08-13,2025-08-18,2000117,40000105,1020,27530.0,2.3976,66005.93
4501060,10,2025-08-13,2025-08-27,2000115,40000108,1020,37190.0,1.062,39495.41
4502903,10,2025-08-13,2025-08-29,2000105,10000107,1010,33030.0,2.8963,95663.14
4504042,10,2025-08-13,2025-08-22,2000112,10000207,1020,35310.0,1.8893,66709.77
4504322,10,2025-08-13,2025-08-24,2000113,10000209,1020,47120.0,1.9901,93775.4
4500874,10,2025-08-14,2025-09-01,2000118,40000107,1020,31150.0,2.1847,68053.09
4502411,10,2025-08-14,2025-08-27,2000104,10000104,1010,119670.0,1.4976,179220.19
4500313,10,2025-08-15,2025-08-25,2000116,40000102,1020,27880.0,1.3103,36531.16
4500659,10,2025-08-15,2025-08-29,2000117,40000105,1020,27530.0,2.3759,65408.25
4502595,10,2025-08-15,2025-08-26,2000103,10000105,1010,58950.0,1.1604,68405.58
4504549,10,2025-08-15,2025-08-31,2000114,10000210,1020,59620.0,1.8784,111992.0
4502019,10,2025-08-16,2025-08-25,2000101,10000102,1010,39370.0,2.1072,82961.25
4502762,10,2025-08-16,2025-08-31,2000105,10000106,1010,35410.0,2.2458,79523.07
4503703,10,2025-08-16,2025-09-05,2000110,10000205,1020,31800.0,0.8356,26571.13
4504323,10,2025-08-16,2025-09-05,2000113,10000209,1020,47120.0,1.9023,89637.79
4500545,10,2025-08-17,2025-09-05,2000116,40000104,1020,30630.0,1.9956,61124.31
4500751,10,2025-08-17,2025-08-31,2000117,40000106,1020,37820.0,2.6741,101132.95
4504137,10,2025-08-17,2025-08-31,2000108,10000208,1020,420.0,0.5875,246.75
4501210,10,2025-08-19,2025-08-31,2000115,40000109,1020,39470.0,1.52,59994.4
4503702,10,2025-08-19,2025-09-06,2000110,10000205,1020,31800.0,0.8465,26917.75
4502975,10,2025-08-21,2025-09-04,2000106,10000108,1010,1380.0,9.1695,12653.95
4504551,10,2025-08-21,2025-08-29,2000113,10000210,1020,59620.0,1.8035,107525.27
4501405,10,2025-08-22,2025-08-27,2000115,40000110,1020,39400.0,1.2136,47814.26
4501406,10,2025-08-22,2025-08-31,2000115,40000110,1020,39400.0,1.2102,47680.7
4503163,10,2025-08-23,2025-09-08,2000107,10000201,1020,65240.0,2.5245,164696.42
4503843,10,2025-08-23,2025-09-09,2000111,10000206,1020,35960.0,0.4715,16956.22
4500142,10,2025-08-24,2025-09-06,2000116,40000101,1020,31100.0,1.1527,35848.35
4501408,10,2025-08-24,2025-09-02,2000115,40000110,1020,39400.0,1.2283,48394.23
4504550,10,2025-08-24,2025-09-10,2000113,10000210,1020,59620.0,1.8037,107533.61
4500544,10,2025-08-25,2025-09-07,2000116,40000104,1020,30630.0,1.9836,60758.59
4501059,10,2025-08-25,2025-09-09,2000115,40000108,1020,37190.0,1.0575,39326.94
4502020,10,2025-08-25,2025-09-13,2000101,10000102,1010,39370.0,2.0567,80970.7
4503505,10,2025-08-25,2025-09-11,2000109,10000204,1020,61210.0,0.952,58274.37
4501209,10,2025-08-26,2025-08-31,2000115,40000109,1020,39470.0,1.5507,61207.71
4501861,10,2025-08-26,2025-09-01,2000101,10000101,1010,278970.0,1.1663,325371.08
4503259,10,2025-08-26,2025-08-31,2000106,10000202,1020,110.0,12.4971,1374.68
4503316,10,2025-08-26,2025-09-14,2000108,10000203,1020,4590.0,0.1267,581.69
4504041,10,2025-08-27,2025-09-09,2000112,10000207,1020,35310.0,1.8203,64275.5
4500317,10,2025-09-01,2025-09-10,2000116,40000102,1020,30050.0,1.3323,40035.62
4500663,10,2025-09-01,2025-09-07,2000117,40000105,1020,28220.0,2.3032,64997.43
4500753,10,2025-09-01,2025-09-16,2000117,40000106,1020,28010.0,2.7075,75837.92
4501412,10,2025-09-01,2025-09-06,2000115,40000110,1020,33680.0,1.2357,41616.69
4501634,10,2025-09-01,2025-09-16,2000119,40000111,1020,44860.0,2.0284,90992.68
4502414,10,2025-09-01,2025-09-12,2000104,10000104,1010,131230.0,1.4265,187202.22
4503164,10,2025-09-02,2025-09-15,2000107,10000201,1020,72790.0,2.5632,186576.06
4503317,10,2025-09-02,2025-09-20,2000108,10000203,1020,5360.0,0.1302,697.71
4502220,10,2025-09-03,2025-09-09,2000103,10000103,1010,27680.0,1.0331,28596.48
4502416,10,2025-09-03,2025-09-18,2000104,10000104,1010,131230.0,1.4769,193812.27
4503507,10,2025-09-03,2025-09-20,2000109,10000204,1020,73430.0,0.9575,70310.69
4503508,10,2025-09-03,2025-09-09,2000109,10000204,1020,73430.0,0.9375,68838.42
4504047,10,2025-09-04,2025-09-21,2000112,10000207,1020,51060.0,1.9235,98212.38
4504048,10,2025-09-04,2025-09-23,2000112,10000207,1020,51060.0,1.9711,100646.41
4502763,10,2025-09-05,2025-09-24,2000105,10000106,1010,32470.0,2.2599,73379.6
4504046,10,2025-09-05,2025-09-17,2000112,10000207,1020,51060.0,1.8961,96815.38
4504555,10,2025-09-05,2025-09-14,2000113,10000210,1020,77840.0,1.7492,136158.51
4501213,10,2025-09-06,2025-09-17,2000115,40000109,1020,31720.0,1.533,48628.35
4502765,10,2025-09-06,2025-09-22,2000105,10000106,1010,32470.0,2.2018,71492.77
4504138,10,2025-09-06,2025-09-18,2000108,10000208,1020,540.0,0.5809,313.7
4500144,10,2025-09-07,2025-09-20,2000116,40000101,1020,33550.0,1.1801,39593.03
4500314,10,2025-09-07,2025-09-27,2000116,40000102,1020,30050.0,1.3425,40341.82
4503167,10,2025-09-07,2025-09-21,2000107,10000201,1020,72790.0,2.5543,185926.77
4501212,10,2025-09-08,2025-09-16,2000115,40000109,1020,31720.0,1.5456,49026.75
4501865,10,2025-09-08,2025-09-15,2000101,10000101,1010,257890.0,1.1758,303219.33
4503506,10,2025-09-08,2025-09-24,2000109,10000204,1020,73430.0,0.9384,68908.91
4503509,10,2025-09-08,2025-09-13,2000109,10000204,1020,73430.0,0.9566,70240.94
4504326,10,2025-09-08,2025-09-28,2000114,10000209,1020,53830.0,2.0004,107678.84
4501061,10,2025-09-09,2025-09-22,2000115,40000108,1020,60390.0,1.0494,63376.29
4503166,10,2025-09-09,2025-09-24,2000107,10000201,1020,72790.0,2.5269,183935.96
4502221,10,2025-09-10,2025-09-15,2000103,10000103,1010,27680.0,1.026,28398.3
4502417,10,2025-09-11,2025-09-20,2000104,10000104,1010,131230.0,1.4514,190463.29
4502976,10,2025-09-11,2025-09-27,2000106,10000108,1010,1480.0,9.474,14021.46
4501409,10,2025-09-12,2025-09-24,2000115,40000110,1020,33680.0,1.2237,41212.87
4501863,10,2025-09-12,2025-09-25,2000101,10000101,1010,257890.0,1.1512,296882.97
4502022,10,2025-09-12,2025-09-26,2000101,10000102,1010,39180.0,2.1038,82425.71
4502905,10,2025-09-12,2025-09-19,2000105,10000107,1010,37460.0,2.735,102453.47
4503165,10,2025-09-12,2025-09-25,2000107,10000201,1020,72790.0,2.479,180443.5
4503846,10,2025-09-12,2025-09-21,2000111,10000206,1020,29390.0,0.4708,13835.64
4502021,10,2025-09-13,2025-09-19,2000101,10000102,1010,39180.0,2.1099,82667.06
4503706,10,2025-09-13,2025-09-23,2000110,10000205,1020,32560.0,0.8444,27492.69
4504552,10,2025-09-13,2025-10-02,2000114,10000210,1020,77840.0,1.9255,149879.36
4501862,10,2025-09-14,2025-09-22,2000101,10000101,1010,257890.0,1.1942,307969.66
4502602,10,2025-09-14,2025-10-02,2000103,10000105,1010,70120.0,1.1645,81656.84
4502415,10,2025-09-15,2025-10-05,2000104,10000104,1010,131230.0,1.4736,193380.53
4501064,10,2025-09-16,2025-09-28,2000115,40000108,1020,60390.0,1.0664,64399.29
4504554,10,2025-09-16,2025-09-22,2000113,10000210,1020,77840.0,1.8224,141854.84
4504648,10,2025-09-16,2025-10-06,2000115,10000109,1010,2300.0,2.0153,4635.12
4500146,10,2025-09-17,2025-09-22,2000116,40000101,1020,33550.0,1.1708,39279.67
4500547,10,2025-09-17,2025-10-02,2000116,40000104,1020,31780.0,2.0423,64903.02
4500548,10,2025-09-17,2025-10-01,2000116,40000104,1020,31780.0,1.9793,62903.11
4500664,10,2025-09-17,2025-10-02,2000117,40000105,1020,28220.0,2.3836,67263.78
4500876,10,2025-09-17,2025-10-07,2000118,40000107,1020,22710.0,2.2389,50846.1
4504325,10,2025-09-19,2025-10-03,2000113,10000209,1020,53830.0,1.9642,105734.5
4501211,10,2025-09-20,2025-09-25,2000115,40000109,1020,31720.0,1.5212,48253.73
4501411,10,2025-09-20,2025-10-02,2000115,40000110,1020,33680.0,1.2096,40739.33
4501636,10,2025-09-20,2025-10-06,2000119,40000111,1020,44860.0,2.0964,94043.16
4502600,10,2025-09-20,2025-09-30,2000103,10000105,1010,70120.0,1.1681,81908.57
4503847,10,2025-09-20,2025-10-01,2000111,10000206,1020,29390.0,0.4867,14303.82
4502906,10,2025-09-21,2025-09-29,2000105,10000107,1010,37460.0,2.7349,102447.86
4503704,10,2025-09-21,2025-10-05,2000110,10000205,1020,32560.0,0.8635,28115.23
4500875,10,2025-09-22,2025-10-09,2000118,40000107,1020,22710.0,2.1616,49090.84
4501410,10,2025-09-22,2025-10-10,2000115,40000110,1020,33680.0,1.2226,41176.49
4501637,10,2025-09-22,2025-10-09,2000119,40000111,1020,44860.0,2.1397,95986.04
4504045,10,2025-09-22,2025-10-05,2000112,10000207,1020,51060.0,1.9684,100506.5
4500145,10,2025-09-23,2025-09-29,2000116,40000101,1020,33550.0,1.2105,40611.94
4501063,10,2025-09-23,2025-09-30,2000115,40000108,1020,60390.0,1.0752,64928.91
4502764,10,2025-09-23,2025-10-02,2000105,10000106,1010,32470.0,2.2201,72086.32
4503705,10,2025-09-23,2025-10-09,2000110,10000205,1020,32560.0,0.8523,27750.56
4500316,10,2025-09-24,2025-10-12,2000116,40000102,1020,30050.0,1.2876,38692.98
4501062,10,2025-09-24,2025-10-10,2000115,40000108,1020,60390.0,1.0326,62361.73
4500315,10,2025-09-25,2025-10-14,2000116,40000102,1020,30050.0,1.35,40566.9
4500662,10,2025-09-25,2025-10-10,2000117,40000105,1020,28220.0,2.3842,67281.28
4502219,10,2025-09-25,2025-10-05,2000103,10000103,1010,27680.0,1.0123,28021.29
4502599,10,2025-09-26,2025-10-03,2000103,10000105,1010,70120.0,1.1433,80165.39
4502601,10,2025-09-26,2025-10-08,2000103,10000105,1010,70120.0,1.1557,81039.09
4501635,10,2025-09-27,2025-10-05,2000119,40000111,1020,44860.0,2.1018,94287.2
4501864,10,2025-09-27,2025-10-08,2000101,10000101,1010,257890.0,1.1489,296284.66
4503260,10,2025-09-27,2025-10-14,2000106,10000202,1020,120.0,12.3589,1483.07
4503845,10,2025-09-27,2025-10-10,2000111,10000206,1020,29390.0,0.469,13783.91
4504324,10,2025-09-27,2025-10-11,2000113,10000209,1020,53830.0,1.9734,106229.2
4504327,10,2025-09-27,2025-10-09,2000114,10000209,1020,53830.0,2.0166,108551.96
4504553,10,2025-09-27,2025-10-05,2000113,10000210,1020,77840.0,1.812,141046.08
4500665,10,2025-10-01,2025-10-11,2000117,40000105,1020,34190.0,2.3197,79310.2
4501415,10,2025-10-02,2025-10-12,2000115,40000110,1020,49890.0,1.1582,57780.6
4501416,10,2025-10-02,2025-10-10,2000115,40000110,1020,49890.0,1.2111,60422.78
4501867,10,2025-10-02,2025-10-22,2000101,10000101,1010,253170.0,1.1623,294254.43
4504328,10,2025-10-02,2025-10-07,2000113,10000209,1020,48120.0,1.9578,94209.34
4504329,10,2025-10-02,2025-10-17,2000114,10000209,1020,48120.0,2.0473,98517.04
4500549,10,2025-10-03,2025-10-16,2000116,40000104,1020,33650.0,1.993,67064.11
4504051,10,2025-10-03,2025-10-19,2000112,10000207,1020,54090.0,1.8526,100209.84
4501869,10,2025-10-04,2025-10-16,2000101,10000101,1010,253170.0,1.1389,288342.91
4501068,10,2025-10-05,2025-10-17,2000115,40000108,1020,30730.0,1.0801,33191.47
4502418,10,2025-10-05,2025-10-22,2000104,10000104,1010,131620.0,1.4086,185397.3
4502419,10,2025-10-05,2025-10-21,2000104,10000104,1010,131620.0,1.4387,189357.75
4502767,10,2025-10-05,2025-10-12,2000105,10000106,1010,21640.0,2.2194,48028.9
4503171,10,2025-10-07,2025-10-24,2000107,10000201,1020,59710.0,2.5259,150823.28
4501641,10,2025-10-08,2025-10-21,2000119,40000111,1020,76190.0,2.0724,157896.16
4502024,10,2025-10-08,2025-10-20,2000102,10000102,1010,38820.0,2.1103,81920.29
4502222,10,2025-10-08,2025-10-18,2000103,10000103,1010,27150.0,1.0254,27838.8
4503261,10,2025-10-08,2025-10-17,2000106,10000202,1020,100.0,12.9924,1299.24
4503513,10,2025-10-08,2025-10-23,2000109,10000204,1020,78170.0,0.9454,73905.83
4500320,10,2025-10-09,2025-10-22,2000116,40000102,1020,53330.0,1.3435,71649.39
4500318,10,2025-10-10,2025-10-19,2000116,40000102,1020,53330.0,1.3618,72627.46
4500754,10,2025-10-10,2025-10-25,2000117,40000106,1020,25270.0,2.7894,70487.89
4502907,10,2025-10-10,2025-10-16,2000105,10000107,1010,34290.0,2.7057,92778.11
4504052,10,2025-10-10,2025-10-18,2000112,10000207,1020,54090.0,1.8364,99328.17
4504331,10,2025-10-11,2025-10-20,2000113,10000209,1020,48120.0,1.9811,95328.61
4504557,10,2025-10-11,2025-10-17,2000114,10000210,1020,66100.0,1.8306,121002.0
4500147,10,2025-10-12,2025-10-31,2000116,40000101,1020,36530.0,1.1533,42130.05
4501640,10,2025-10-12,2025-10-31,2000119,40000111,1020,76190.0,2.0922,159403.19
4502420,10,2025-10-12,2025-10-27,2000104,10000104,1010,131620.0,1.3826,181977.81
4503511,10,2025-10-12,2025-10-20,2000109,10000204,1020,78170.0,0.94,73482.15
4502421,10,2025-10-13,2025-10-18,2000104,10000104,1010,131620.0,1.3959,183733.62
4504330,10,2025-10-13,2025-10-29,2000114,10000209,1020,48120.0,2.0053,96496.0
4500877,10,2025-10-15,2025-11-03,2000118,40000107,1020,32240.0,2.1985,70880.28
4502606,10,2025-10-15,2025-10-26,2000103,10000105,1010,64480.0,1.1704,75464.17
4502908,10,2025-10-15,2025-10-20,2000105,10000107,1010,34290.0,2.8381,97318.79
4504139,10,2025-10-15,2025-11-04,2000108,10000208,1020,560.0,0.5904,330.65
4502023,10,2025-10-16,2025-10-24,2000101,10000102,1010,38820.0,2.1175,82202.13
4503510,10,2025-10-16,2025-10-31,2000109,10000204,1020,78170.0,0.9614,75156.55
4500878,10,2025-10-17,2025-11-06,2000118,40000107,1020,32240.0,2.2125,71330.68
4501214,10,2025-10-17,2025-10-25,2000115,40000109,1020,28470.0,1.5274,43484.22
4501866,10,2025-10-17,2025-10-23,2000101,10000101,1010,253170.0,1.1007,278666.75
4502605,10,2025-10-17,2025-10-26,2000103,10000105,1010,64480.0,1.1999,77367.62
4500321,10,2025-10-18,2025-10-24,2000116,40000102,1020,53330.0,1.3208,70440.93
4501414,10,2025-10-18,2025-11-03,2000115,40000110,1020,49890.0,1.2348,61606.17
4502603,10,2025-10-18,2025-11-07,2000103,10000105,1010,64480.0,1.1677,75291.36
4503850,10,2025-10-18,2025-10-30,2000111,10000206,1020,27010.0,0.4673,12621.23
4501638,10,2025-10-19,2025-11-06,2000119,40000111,1020,76190.0,2.2061,168082.0
4503707,10,2025-10-19,2025-10-26,2000110,10000205,1020,33880.0,0.8605,29153.4
4503708,10,2025-10-19,2025-11-02,2000110,10000205,1020,33880.0,0.854,28934.2
4503709,10,2025-10-19,2025-10-25,2000110,10000205,1020,33880.0,0.8571,29038.21
4503849,10,2025-10-19,2025-10-27,2000111,10000206,1020,27010.0,0.4882,13185.2
4504558,10,2025-10-19,2025-11-03,2000114,10000210,1020,66100.0,1.8541,122556.67
4500879,10,2025-10-20,2025-11-03,2000118,40000107,1020,32240.0,2.2921,73896.98
4501639,10,2025-10-20,2025-10-25,2000119,40000111,1020,76190.0,2.1643,164898.02
4501868,10,2025-10-20,2025-10-25,2000101,10000101,1010,253170.0,1.179,298487.43
4504649,10,2025-10-20,2025-11-02,2000115,10000109,1010,2400.0,2.0032,4807.68
4500148,10,2025-10-21,2025-11-08,2000116,40000101,1020,36530.0,1.2233,44685.69
4502224,10,2025-10-21,2025-11-06,2000103,10000103,1010,27150.0,0.9722,26394.42
4502766,10,2025-10-21,2025-10-30,2000105,10000106,1010,21640.0,2.1462,46443.98
4504050,10,2025-10-21,2025-11-02,2000112,10000207,1020,54090.0,1.929,104339.07
4500666,10,2025-10-22,2025-10-31,2000117,40000105,1020,34190.0,2.2893,78272.88
4500755,10,2025-10-22,2025-11-02,2000117,40000106,1020,25270.0,2.7837,70344.35
4501413,10,2025-10-22,2025-10-29,2000115,40000110,1020,49890.0,1.2056,60147.88
4503170,10,2025-10-22,2025-11-01,2000107,10000201,1020,59710.0,2.5912,154720.55
4503318,10,2025-10-22,2025-11-05,2000108,10000203,1020,5260.0,0.1245,654.76
4504559,10,2025-10-22,2025-10-27,2000113,10000210,1020,66100.0,1.7865,118089.63
4501066,10,2025-10-23,2025-10-29,2000115,40000108,1020,30730.0,1.0581,32514.18
4503512,10,2025-10-23,2025-11-03,2000109,10000204,1020,78170.0,0.9296,72662.92
4500550,10,2025-10-24,2025-11-10,2000116,40000104,1020,33650.0,2.0457,68837.13
4503169,10,2025-10-24,2025-11-11,2000107,10000201,1020,59710.0,2.5485,152170.34
4503848,10,2025-10-24,2025-11-04,2000111,10000206,1020,27010.0,0.4899,13231.12
4500319,10,2025-10-25,2025-11-05,2000116,40000102,1020,53330.0,1.3125,69995.09
4501065,10,2025-10-25,2025-10-31,2000115,40000108,1020,30730.0,1.05,32265.27
4501067,10,2025-10-25,2025-11-03,2000115,40000108,1020,30730.0,1.0292,31626.7
4504049,10,2025-10-25,2025-10-31,2000112,10000207,1020,54090.0,1.8794,101654.04
4504556,10,2025-10-26,2025-11-14,2000113,10000210,1020,66100.0,1.7743,117280.57
4501215,10,2025-10-27,2025-11-13,2000115,40000109,1020,28470.0,1.5462,44020.6
4502223,10,2025-10-27,2025-11-01,2000103,10000103,1010,27150.0,0.9889,26847.55
4502604,10,2025-10-27,2025-11-16,2000103,10000105,1010,64480.0,1.148,74022.4
4502977,10,2025-10-27,2025-11-07,2000106,10000108,1010,1170.0,9.4422,11047.35
4503168,10,2025-10-27,2025-11-05,2000107,10000201,1020,59710.0,2.6567,158632.75
4502423,10,2025-11-01,2025-11-13,2000104,10000104,1010,125080.0,1.3988,174959.4
4502910,10,2025-11-01,2025-11-18,2000105,10000107,1010,26350.0,2.6544,69942.12
4503515,10,2025-11-01,2025-11-06,2000109,10000204,1020,88620.0,0.9813,86961.92
4504054,10,2025-11-01,2025-11-07,2000112,10000207,1020,33720.0,1.8698,63047.97
4500323,10,2025-11-02,2025-11-11,2000116,40000102,1020,34770.0,1.3175,45808.78
4500395,10,2025-11-02,2025-11-09,2000116,40000103,1020,21800.0,1.7798,38798.77
4500880,10,2025-11-02,2025-11-16,2000118,40000107,1020,36940.0,2.2022,81348.9
4500881,10,2025-11-02,2025-11-18,2000118,40000107,1020,36940.0,2.2941,84742.95
4501217,10,2025-11-02,2025-11-18,2000115,40000109,1020,29440.0,1.5482,45578.71
4503712,10,2025-11-03,2025-11-19,2000110,10000205,1020,43280.0,0.8337,36080.8
4500882,10,2025-11-04,2025-11-21,2000118,40000107,1020,36940.0,2.2833,84343.99
4501643,10,2025-11-04,2025-11-21,2000119,40000111,1020,50070.0,2.0772,104005.9
4502226,10,2025-11-04,2025-11-15,2000103,10000103,1010,28390.0,0.9831,27911.06
4503175,10,2025-11-04,2025-11-12,2000107,10000201,1020,64800.0,2.5019,162125.06
4504334,10,2025-11-05,2025-11-21,2000113,10000209,1020,36050.0,1.9433,70056.33
4504335,10,2025-11-05,2025-11-10,2000113,10000209,1020,36050.0,1.8919,68201.55
4502424,10,2025-11-06,2025-11-15,2000104,10000104,1010,125080.0,1.3801,172627.91
4502607,10,2025-11-06,2025-11-24,2000103,10000105,1010,63250.0,1.1331,71668.58
4504056,10,2025-11-07,2025-11-24,2000112,10000207,1020,33720.0,1.8762,63265.8
4504332,10,2025-11-07,2025-11-25,2000114,10000209,1020,36050.0,2.055,74083.83
4500668,10,2025-11-08,2025-11-18,2000117,40000105,1020,37630.0,2.3275,87584.58
4501420,10,2025-11-08,2025-11-13,2000115,40000110,1020,51880.0,1.2363,64140.28
4502608,10,2025-11-09,2025-11-19,2000103,10000105,1010,63250.0,1.153,72928.52
4502609,10,2025-11-09,2025-11-18,2000103,10000105,1010,63250.0,1.1452,72433.9
4504140,10,2025-11-09,2025-11-25,2000108,10000208,1020,380.0,0.5948,226.02
4500151,10,2025-11-10,2025-11-16,2000116,40000101,1020,36720.0,1.1927,43796.68
4501069,10,2025-11-11,2025-11-17,2000115,40000108,1020,39950.0,1.0478,41861.21
4504561,10,2025-11-12,2025-11-20,2000114,10000210,1020,72440.0,1.8985,137525.89
4501417,10,2025-11-13,2025-11-29,2000115,40000110,1020,51880.0,1.1948,61988.3
4502425,10,2025-11-13,2025-11-30,2000104,10000104,1010,125080.0,1.4236,178062.64
4504562,10,2025-11-13,2025-12-03,2000113,10000210,1020,72440.0,1.8337,132834.68
4500394,10,2025-11-14,2025-11-21,2000116,40000103,1020,21800.0,1.7742,38676.69
4501645,10,2025-11-14,2025-11-29,2000119,40000111,1020,50070.0,2.0358,101931.0
4502225,10,2025-11-14,2025-12-04,2000103,10000103,1010,28390.0,1.0161,28846.8
4503262,10,2025-11-14,2025-11-25,2000106,10000202,1020,100.0,12.8997,1289.97
4503710,10,2025-11-14,2025-11-21,2000110,10000205,1020,43280.0,0.852,36874.99
4500551,10,2025-11-15,2025-12-05,2000116,40000104,1020,33320.0,1.9849,66136.2
4500757,10,2025-11-15,2025-11-26,2000117,40000106,1020,35320.0,2.6989,95324.44
4503174,10,2025-11-15,2025-11-24,2000107,10000201,1020,64800.0,2.4706,160093.58
4501870,10,2025-11-16,2025-12-06,2000101,10000101,1010,257710.0,1.1431,294590.88
4504333,10,2025-11-16,2025-11-23,2000114,10000209,1020,36050.0,2.0333,73300.46
4500150,10,2025-11-17,2025-11-29,2000116,40000101,1020,36720.0,1.1664,42828.74
4500322,10,2025-11-17,2025-12-01,2000116,40000102,1020,34770.0,1.2827,44600.87
4501872,10,2025-11-17,2025-11-26,2000101,10000101,1010,257710.0,1.1346,292400.34
4502768,10,2025-11-17,2025-12-03,2000105,10000106,1010,37130.0,2.1682,80506.75
4501642,10,2025-11-18,2025-12-05,2000119,40000111,1020,50070.0,2.1384,107071.19
4502610,10,2025-11-18,2025-12-02,2000103,10000105,1010,63250.0,1.1705,74034.76
4502422,10,2025-11-19,2025-12-06,2000104,10000104,1010,125080.0,1.4228,177968.83
4503517,10,2025-11-19,2025-12-09,2000109,10000204,1020,88620.0,0.9471,83934.66
4503851,10,2025-11-19,2025-11-27,2000111,10000206,1020,35370.0,0.4754,16816.31
4504055,10,2025-11-19,2025-12-06,2000112,10000207,1020,33720.0,1.8514,62430.22
4503516,10,2025-11-20,2025-11-30,2000109,10000204,1020,88620.0,0.9274,82181.76
4504560,10,2025-11-20,2025-12-08,2000114,10000210,1020,72440.0,1.8839,136471.89
4504563,10,2025-11-20,2025-12-09,2000114,10000210,1020,72440.0,1.8574,134549.33
4500756,10,2025-11-21,2025-12-11,2000117,40000106,1020,35320.0,2.7016,95418.75
4501871,10,2025-11-21,2025-12-09,2000101,10000101,1010,257710.0,1.1202,288694.47
4501873,10,2025-11-21,2025-12-01,2000101,10000101,1010,257710.0,1.136,292761.14
4502025,10,2025-11-21,2025-12-02,2000101,10000102,1010,37730.0,2.0844,78645.17
4502909,10,2025-11-21,2025-12-07,2000105,10000107,1010,26350.0,2.6308,69321.58
4501644,10,2025-11-22,2025-11-28,2000119,40000111,1020,50070.0,2.0465,102468.76
4502978,10,2025-11-22,2025-12-09,2000106,10000108,1010,1210.0,9.4217,11400.31
4503713,10,2025-11-22,2025-12-07,2000110,10000205,1020,43280.0,0.8471,36664.22
4504650,10,2025-11-22,2025-12-08,2000115,10000109,1010,2400.0,1.9807,4753.7
4500149,10,2025-11-23,2025-12-05,2000116,40000101,1020,36720.0,1.2029,44171.22
4500552,10,2025-11-23,2025-12-04,2000116,40000104,1020,33320.0,2.0128,67066.5
4502769,10,2025-11-23,2025-12-08,2000105,10000106,1010,37130.0,2.2375,83079.86
4503852,10,2025-11-23,2025-12-05,2000111,10000206,1020,35370.0,0.4742,16770.69
4504053,10,2025-11-23,2025-12-10,2000112,10000207,1020,33720.0,1.8809,63422.94
4503173,10,2025-11-24,2025-12-05,2000107,10000201,1020,64800.0,2.5121,162785.38
4503319,10,2025-11-24,2025-12-05,2000108,10000203,1020,5250.0,0.1231,646.07
4503711,10,2025-11-24,2025-12-13,2000110,10000205,1020,43280.0,0.8351,36143.99
4501216,10,2025-11-26,2025-12-12,2000115,40000109,1020,29440.0,1.5206,44767.35
4501419,10,2025-11-26,2025-12-07,2000115,40000110,1020,51880.0,1.2312,63877.25
4502026,10,2025-11-26,2025-12-02,2000101,10000102,1010,37730.0,2.0688,78054.69
4500324,10,2025-11-27,2025-12-08,2000116,40000102,1020,34770.0,1.328,46173.52
4500667,10,2025-11-27,2025-12-05,2000117,40000105,1020,37630.0,2.3702,89189.12
4501070,10,2025-11-27,2025-12-13,2000115,40000108,1020,39950.0,0.9947,39739.86
4501418,10,2025-11-27,2025-12-08,2000115,40000110,1020,51880.0,1.1953,62013.72
4503172,10,2025-11-27,2025-12-09,2000107,10000201,1020,64800.0,2.6243,170054.64
4503514,10,2025-11-27,2025-12-08,2000109,10000204,1020,88620.0,0.9366,83005.92
4504059,10,2025-12-01,2025-12-20,2000112,10000207,1020,44400.0,1.9331,85830.97
4500884,10,2025-12-02,2025-12-20,2000118,40000107,1020,32540.0,2.2254,72416.14
4503177,10,2025-12-02,2025-12-19,2000107,10000201,1020,79050.0,2.5513,201677.89
4503518,10,2025-12-04,2025-12-15,2000109,10000204,1020,67690.0,0.9742,65942.24
4504060,10,2025-12-04,2025-12-09,2000112,10000207,1020,44400.0,1.9238,85418.05
4504141,10,2025-12-04,2025-12-18,2000108,10000208,1020,520.0,0.6104,317.38
4501072,10,2025-12-05,2025-12-21,2000115,40000108,1020,35630.0,1.0445,37217.32
4502770,10,2025-12-05,2025-12-18,2000105,10000106,1010,28270.0,2.2666,64075.37
4503715,10,2025-12-05,2025-12-11,2000110,10000205,1020,32870.0,0.843,27709.74
4504565,10,2025-12-05,2025-12-10,2000113,10000210,1020,68000.0,1.7645,119987.36
4500152,10,2025-12-06,2025-12-20,2000116,40000101,1020,31230.0,1.1863,37046.9
4500553,10,2025-12-06,2025-12-26,2000116,40000104,1020,36020.0,2.0357,73324.83
4501423,10,2025-12-06,2025-12-23,2000115,40000110,1020,31270.0,1.2514,39130.34
4501649,10,2025-12-06,2025-12-12,2000119,40000111,1020,54870.0,2.0961,115011.36
4503714,10,2025-12-06,2025-12-23,2000110,10000205,1020,32870.0,0.8571,28171.56
4500883,10,2025-12-07,2025-12-22,2000118,40000107,1020,32540.0,2.2071,71818.06
4501876,10,2025-12-07,2025-12-21,2000101,10000101,1010,262340.0,1.1886,311817.32
4502612,10,2025-12-07,2025-12-24,2000103,10000105,1010,63120.0,1.1526,72748.96
4503716,10,2025-12-07,2025-12-27,2000110,10000205,1020,32870.0,0.8432,27715.98
4504339,10,2025-12-07,2025-12-25,2000114,10000209,1020,65950.0,2.0512,135279.94
4504564,10,2025-12-07,2025-12-14,2000113,10000210,1020,68000.0,1.829,124373.36
4500396,10,2025-12-08,2025-12-18,2000116,40000103,1020,30600.0,1.7767,54367.63
4502426,10,2025-12-08,2025-12-27,2000104,10000104,1010,133100.0,1.3995,186278.77
4504336,10,2025-12-08,2025-12-16,2000113,10000209,1020,65950.0,1.9561,129006.11
4504338,10,2025-12-08,2025-12-15,2000113,10000209,1020,65950.0,1.9783,130469.54
4503178,10,2025-12-09,2025-12-21,2000107,10000201,1020,79050.0,2.5406,200835.22
4501421,10,2025-12-10,2025-12-19,2000115,40000110,1020,31270.0,1.2341,38589.68
4502427,10,2025-12-10,2025-12-22,2000104,10000104,1010,133100.0,1.4109,187793.45
4502428,10,2025-12-10,2025-12-18,2000104,10000104,1010,133100.0,1.4181,188746.45
4500153,10,2025-12-11,2025-12-21,2000116,40000101,1020,31230.0,1.1801,36853.27
4500758,10,2025-12-11,2025-12-19,2000117,40000106,1020,24710.0,2.7728,68516.88
4501073,10,2025-12-11,2025-12-25,2000115,40000108,1020,35630.0,1.0659,37979.09
4502227,10,2025-12-11,2025-12-30,2000103,10000103,1010,20520.0,0.9965,20448.39
4500555,10,2025-12-12,2025-12-21,2000116,40000104,1020,36020.0,2.0564,74071.17
4503521,10,2025-12-12,2025-12-24,2000109,10000204,1020,67690.0,0.9453,63990.06
4501875,10,2025-12-13,2025-12-30,2000101,10000101,1010,262340.0,1.1992,314587.63
4502771,10,2025-12-13,2025-12-18,2000105,10000106,1010,28270.0,2.2864,64635.68
4503176,10,2025-12-13,2025-12-18,2000107,10000201,1020,79050.0,2.481,196123.05
4500759,10,2025-12-14,2025-12-28,2000117,40000106,1020,24710.0,2.7668,68367.63
4501648,10,2025-12-14,2025-12-19,2000119,40000111,1020,54870.0,2.0888,114611.91
4504337,10,2025-12-14,2026-01-02,2000114,10000209,1020,65950.0,2.0046,132205.35
4503519,10,2025-12-15,2025-12-31,2000109,10000204,1020,67690.0,0.9288,62870.47
4502611,10,2025-12-16,2025-12-24,2000103,10000105,1010,63120.0,1.1751,74171.68
4503179,10,2025-12-16,2026-01-05,2000107,10000201,1020,79050.0,2.475,195650.33
4503853,10,2025-12-16,2025-12-31,2000111,10000206,1020,27110.0,0.4805,13026.63
4500886,10,2025-12-18,2026-01-05,2000118,40000107,1020,32540.0,2.1583,70231.73
4500885,10,2025-12-19,2026-01-07,2000118,40000107,1020,32540.0,2.1843,71076.8
4501218,10,2025-12-19,2026-01-01,2000115,40000109,1020,35710.0,1.5278,54557.02
4501877,10,2025-12-19,2025-12-27,2000101,10000101,1010,262340.0,1.1492,301478.5
4500327,10,2025-12-20,2026-01-03,2000116,40000102,1020,39550.0,1.3492,53360.86
4500669,10,2025-12-20,2026-01-04,2000117,40000105,1020,34870.0,2.3437,81725.52
4502028,10,2025-12-21,2026-01-03,2000101,10000102,1010,36790.0,2.1116,77687.24
4502228,10,2025-12-21,2026-01-03,2000103,10000103,1010,20520.0,1.0169,20867.2
4504058,10,2025-12-21,2025-12-26,2000112,10000207,1020,44400.0,1.9088,84752.5
4502979,10,2025-12-22,2026-01-08,2000106,10000108,1010,1240.0,9.3272,11565.75
4504057,10,2025-12-22,2026-01-01,2000112,10000207,1020,44400.0,1.8916,83986.6
4503520,10,2025-12-23,2025-12-28,2000109,10000204,1020,67690.0,0.9773,66152.08
4503854,10,2025-12-23,2026-01-03,2000111,10000206,1020,27110.0,0.4672,12666.06
4504567,10,2025-12-23,2026-01-11,2000113,10000210,1020,68000.0,1.8182,123634.2
4502429,10,2025-12-24,2025-12-30,2000104,10000104,1010,133100.0,1.4475,192660.92
4502614,10,2025-12-24,2026-01-10,2000103,10000105,1010,63120.0,1.1759,74220.28
4503855,10,2025-12-24,2026-01-09,2000111,10000206,1020,27110.0,0.4854,13158.65
4504651,10,2025-12-24,2026-01-07,2000115,10000109,1010,3500.0,2.0844,7295.33
4500325,10,2025-12-25,2026-01-02,2000116,40000102,1020,39550.0,1.3305,52621.28
4500554,10,2025-12-25,2026-01-11,2000116,40000104,1020,36020.0,2.0653,74391.03
4501071,10,2025-12-25,2026-01-07,2000115,40000108,1020,35630.0,1.0369,36945.1
4502613,10,2025-12-25,2026-01-08,2000103,10000105,1010,63120.0,1.1545,72873.3
4503320,10,2025-12-25,2026-01-05,2000108,10000203,1020,5570.0,0.1307,727.78
4501422,10,2025-12-26,2026-01-04,2000115,40000110,1020,31270.0,1.2249,38302.94
4501647,10,2025-12-26,2026-01-02,2000119,40000111,1020,54870.0,2.0808,114175.14
4501874,10,2025-12-26,2026-01-15,2000101,10000101,1010,262340.0,1.1663,305977.64
4502027,10,2025-12-26,2026-01-11,2000101,10000102,1010,36790.0,2.1287,78314.14
4502911,10,2025-12-26,2026-01-04,2000105,10000107,1010,38960.0,2.7743,108088.29
4503263,10,2025-12-26,2026-01-05,2000106,10000202,1020,140.0,13.1974,1847.63
4500326,10,2025-12-27,2026-01-11,2000116,40000102,1020,39550.0,1.3064,51669.31
4501646,10,2025-12-27,2026-01-11,2000119,40000111,1020,54870.0,2.1447,117679.69
4502912,10,2025-12-27,2026-01-15,2000105,10000107,1010,38960.0,2.6955,105017.46
4504566,10,2025-12-27,2026-01-12,2000113,10000210,1020,68000.0,1.7864,121478.6
4500329,10,2026-01-01,2026-01-20,2000116,40000102,1020,37150.0,1.3235,49167.28
4501650,10,2026-01-01,2026-01-06,2000119,40000111,1020,69200.0,2.0727,143428.07
4502913,10,2026-01-01,2026-01-13,2000105,10000107,1010,33140.0,2.7877,92384.71
4503181,10,2026-01-01,2026-01-08,2000107,10000201,1020,81950.0,2.5572,209559.26
4503182,10,2026-01-01,2026-01-21,2000107,10000201,1020,81950.0,2.5268,207072.9
4504063,10,2026-01-01,2026-01-12,2000112,10000207,1020,45300.0,1.8448,83570.8
4504570,10,2026-01-01,2026-01-16,2000114,10000210,1020,82520.0,1.8829,155376.91
4502029,10,2026-01-02,2026-01-20,2000101,10000102,1010,28470.0,2.1614,61534.77
4502231,10,2026-01-02,2026-01-08,2000103,10000103,1010,28460.0,0.9598,27315.91
4502433,10,2026-01-02,2026-01-12,2000104,10000104,1010,125070.0,1.4584,182403.34
4503857,10,2026-01-02,2026-01-17,2000111,10000206,1020,29670.0,0.4772,14157.63
4502229,10,2026-01-04,2026-01-21,2000103,10000103,1010,28460.0,1.0048,28597.75
4503858,10,2026-01-04,2026-01-21,2000111,10000206,1020,29670.0,0.4681,13888.82
4501221,10,2026-01-05,2026-01-21,2000115,40000109,1020,31940.0,1.5014,47956.31
4501427,10,2026-01-05,2026-01-19,2000115,40000110,1020,62920.0,1.2186,76674.94
4503183,10,2026-01-05,2026-01-17,2000107,10000201,1020,81950.0,2.5715,210734.42
4503321,10,2026-01-05,2026-01-24,2000108,10000203,1020,5340.0,0.1278,682.51
4503525,10,2026-01-05,2026-01-25,2000109,10000204,1020,62270.0,0.9685,60306.0
4501222,10,2026-01-06,2026-01-17,2000115,40000109,1020,31940.0,1.5769,50365.23
4500888,10,2026-01-07,2026-01-17,2000118,40000107,1020,27290.0,2.2007,60056.56
4501219,10,2026-01-07,2026-01-17,2000115,40000109,1020,31940.0,1.5359,49057.28
4500887,10,2026-01-08,2026-01-26,2000118,40000107,1020,27290.0,2.2119,60363.3
4501075,10,2026-01-08,2026-01-18,2000115,40000108,1020,37600.0,1.0419,39176.19
4502616,10,2026-01-08,2026-01-23,2000103,10000105,1010,63340.0,1.1499,72832.77
4504061,10,2026-01-08,2026-01-20,2000112,10000207,1020,45300.0,1.9157,86780.76
4500761,10,2026-01-09,2026-01-21,2000117,40000106,1020,22830.0,2.7179,62048.97
4502914,10,2026-01-10,2026-01-29,2000105,10000107,1010,33140.0,2.7989,92757.2
4501878,10,2026-01-11,2026-01-19,2000101,10000101,1010,277690.0,1.1919,330975.93
4502618,10,2026-01-11,2026-01-30,2000103,10000105,1010,63340.0,1.128,71447.52
4503180,10,2026-01-11,2026-01-23,2000107,10000201,1020,81950.0,2.5879,212082.5
4504343,10,2026-01-11,2026-01-18,2000114,10000209,1020,56910.0,2.0211,115021.94
4504571,10,2026-01-11,2026-01-30,2000114,10000210,1020,82520.0,1.8925,156167.45
4502615,10,2026-01-12,2026-01-28,2000103,10000105,1010,63340.0,1.1286,71488.06
4504341,10,2026-01-12,2026-01-31,2000114,10000209,1020,56910.0,2.0518,116767.94
4503717,10,2026-01-13,2026-01-31,2000110,10000205,1020,36430.0,0.8555,31165.14
4503718,10,2026-01-13,2026-01-29,2000110,10000205,1020,36430.0,0.8493,30941.46
4502030,10,2026-01-14,2026-01-22,2000102,10000102,1010,28470.0,2.1018,59837.39
4502774,10,2026-01-14,2026-01-29,2000105,10000106,1010,32490.0,2.2126,71889.0
4503523,10,2026-01-14,2026-01-23,2000109,10000204,1020,62270.0,0.9412,58608.52
4503856,10,2026-01-14,2026-01-21,2000111,10000206,1020,29670.0,0.4792,14219.05
4504568,10,2026-01-14,2026-01-20,2000114,10000210,1020,82520.0,1.8793,155081.49
4500157,10,2026-01-15,2026-01-26,2000116,40000101,1020,36580.0,1.1116,40662.33
4500557,10,2026-01-15,2026-01-31,2000116,40000104,1020,29260.0,2.0185,59061.9
4501220,10,2026-01-15,2026-01-31,2000115,40000109,1020,31940.0,1.5577,49751.66
4502772,10,2026-01-15,2026-02-04,2000105,10000106,1010,32490.0,2.1731,70604.34
4504062,10,2026-01-15,2026-01-23,2000112,10000207,1020,45300.0,1.8085,81924.6
4501426,10,2026-01-16,2026-01-23,2000115,40000110,1020,62920.0,1.2215,76856.15
4502430,10,2026-01-16,2026-01-27,2000104,10000104,1010,125070.0,1.4689,183710.32
4502431,10,2026-01-16,2026-01-21,2000104,10000104,1010,125070.0,1.4728,184200.59
4500155,10,2026-01-17,2026-01-29,2000116,40000101,1020,36580.0,1.2028,44000.25
4500156,10,2026-01-17,2026-02-02,2000116,40000101,1020,36580.0,1.1562,42293.43
4501651,10,2026-01-17,2026-01-27,2000119,40000111,1020,69200.0,2.1088,145925.5
4504569,10,2026-01-17,2026-01-31,2000113,10000210,1020,82520.0,1.769,145977.88
4500556,10,2026-01-18,2026-02-06,2000116,40000104,1020,29260.0,2.0389,59659.38
4501879,10,2026-01-18,2026-02-07,2000101,10000101,1010,277690.0,1.1675,324197.52
4500154,10,2026-01-19,2026-02-05,2000116,40000101,1020,36580.0,1.188,43455.21
4501653,10,2026-01-19,2026-02-02,2000119,40000111,1020,69200.0,2.1413,148175.19
4503522,10,2026-01-20,2026-01-29,2000109,10000204,1020,62270.0,0.9455,58876.28
4501076,10,2026-01-21,2026-01-30,2000115,40000108,1020,37600.0,1.04,39103.62
4501652,10,2026-01-21,2026-02-05,2000119,40000111,1020,69200.0,2.1725,150337.0
4501424,10,2026-01-23,2026-01-31,2000115,40000110,1020,62920.0,1.2236,76988.28
4502230,10,2026-01-23,2026-01-28,2000103,10000103,1010,28460.0,1.005,28600.88
4502773,10,2026-01-23,2026-02-07,2000105,10000106,1010,32490.0,2.2153,71974.77
4502980,10,2026-01-23,2026-02-05,2000106,10000108,1010,1380.0,9.4545,13047.2
4504142,10,2026-01-23,2026-02-05,2000108,10000208,1020,510.0,0.577,294.28
4504064,10,2026-01-24,2026-01-31,2000112,10000207,1020,45300.0,1.9572,88663.42
4500328,10,2026-01-25,2026-01-30,2000116,40000102,1020,37150.0,1.3191,49005.31
4500760,10,2026-01-25,2026-02-04,2000117,40000106,1020,22830.0,2.7094,61854.92
4501074,10,2026-01-25,2026-02-05,2000115,40000108,1020,37600.0,1.0438,39245.0
4501880,10,2026-01-25,2026-02-06,2000101,10000101,1010,277690.0,1.1646,323408.88
4502617,10,2026-01-25,2026-02-02,2000103,10000105,1010,63340.0,1.1471,72657.95
4503524,10,2026-01-25,2026-02-03,2000109,10000204,1020,62270.0,0.9629,59958.54
4504342,10,2026-01-25,2026-02-02,2000113,10000209,1020,56910.0,1.9404,110425.89
4504652,10,2026-01-25,2026-02-02,2000115,10000109,1010,1700.0,2.0011,3401.87
4501425,10,2026-01-26,2026-02-03,2000115,40000110,1020,62920.0,1.2295,77356.99
4501881,10,2026-01-26,2026-02-08,2000101,10000101,1010,277690.0,1.1828,328446.18
4502031,10,2026-01-26,2026-02-06,2000102,10000102,1010,28470.0,2.1778,62002.54
4502432,10,2026-01-26,2026-02-02,2000104,10000104,1010,125070.0,1.3904,173901.08
4503264,10,2026-01-27,2026-02-12,2000106,10000202,1020,120.0,12.7831,1533.97
4504340,10,2026-01-27,2026-02-04,2000113,10000209,1020,56910.0,1.9439,110625.64
4500331,10,2026-02-01,2026-02-17,2000116,40000102,1020,30380.0,1.361,41347.79
4501656,10,2026-02-01,2026-02-13,2000119,40000111,1020,85120.0,2.1152,180049.23
4500671,10,2026-02-02,2026-02-15,2000117,40000105,1020,21420.0,2.3557,50459.09
4501080,10,2026-02-02,2026-02-17,2000115,40000108,1020,54130.0,1.1027,59687.53
4502437,10,2026-02-02,2026-02-08,2000104,10000104,1010,116050.0,1.4704,170635.28
4504065,10,2026-02-02,2026-02-13,2000112,10000207,1020,40900.0,1.8488,75613.88
4504143,10,2026-02-02,2026-02-20,2000108,10000208,1020,470.0,0.6159,289.45
4504344,10,2026-02-02,2026-02-22,2000114,10000209,1020,49550.0,2.1029,104199.19
4500670,10,2026-02-03,2026-02-10,2000117,40000105,1020,21420.0,2.3085,49447.64
4503184,10,2026-02-03,2026-02-08,2000107,10000201,1020,50330.0,2.5727,129482.98
4501223,10,2026-02-04,2026-02-12,2000115,40000109,1020,36150.0,1.5096,54570.23
4503322,10,2026-02-04,2026-02-23,2000108,10000203,1020,4200.0,0.1247,523.66
4503527,10,2026-02-04,2026-02-14,2000109,10000204,1020,57440.0,0.9467,54376.72
4504066,10,2026-02-04,2026-02-09,2000112,10000207,1020,40900.0,1.9226,78632.7
4501885,10,2026-02-05,2026-02-24,2000101,10000101,1010,252620.0,1.2037,304066.06
4503529,10,2026-02-05,2026-02-24,2000109,10000204,1020,57440.0,0.9873,56712.24
4500160,10,2026-02-06,2026-02-11,2000116,40000101,1020,38920.0,1.1787,45876.56
4501078,10,2026-02-06,2026-02-22,2000115,40000108,1020,54130.0,1.0751,58195.7
4502778,10,2026-02-06,2026-02-14,2000105,10000106,1010,30070.0,2.264,68079.68
4503185,10,2026-02-06,2026-02-16,2000107,10000201,1020,50330.0,2.5528,128481.42
4503186,10,2026-02-06,2026-02-15,2000107,10000201,1020,50330.0,2.6138,131551.55
4504068,10,2026-02-06,2026-02-13,2000112,10000207,1020,40900.0,1.9567,80029.44
4500330,10,2026-02-07,2026-02-12,2000116,40000102,1020,30380.0,1.3804,41935.64
4502032,10,2026-02-07,2026-02-20,2000101,10000102,1010,38790.0,2.2004,85355.07
4502435,10,2026-02-07,2026-02-14,2000104,10000104,1010,116050.0,1.4746,171133.13
4504572,10,2026-02-07,2026-02-13,2000113,10000210,1020,53470.0,1.8586,99382.02
4500558,10,2026-02-08,2026-02-19,2000116,40000104,1020,31030.0,2.0501,63614.91
4500397,10,2026-02-09,2026-02-14,2000116,40000103,1020,12920.0,1.8389,23758.72
4502619,10,2026-02-09,2026-02-22,2000103,10000105,1010,56610.0,1.1509,65154.71
4503528,10,2026-02-09,2026-02-25,2000109,10000204,1020,57440.0,0.9606,55175.72
4502776,10,2026-02-10,2026-02-15,2000105,10000106,1010,30070.0,2.3048,69305.04
4502981,10,2026-02-10,2026-03-01,2000106,10000108,1010,1160.0,9.9363,11526.15
4500764,10,2026-02-11,2026-02-25,2000117,40000106,1020,29180.0,2.9523,86147.82
4500890,10,2026-02-11,2026-02-22,2000118,40000107,1020,25330.0,2.1193,53682.88
4504653,10,2026-02-11,2026-02-26,2000115,10000109,1010,3100.0,2.0724,6424.41
4501077,10,2026-02-12,2026-02-27,2000115,40000108,1020,54130.0,1.0823,58587.06
4502033,10,2026-02-12,2026-02-19,2000102,10000102,1010,38790.0,2.201,85376.4
4501430,10,2026-02-13,2026-03-01,2000115,40000110,1020,29960.0,1.2417,37201.33
4502436,10,2026-02-13,2026-02-20,2000104,10000104,1010,116050.0,1.3979,162222.81
4502620,10,2026-02-13,2026-02-22,2000103,10000105,1010,56610.0,1.1996,67910.49
4504347,10,2026-02-13,2026-03-05,2000113,10000209,1020,49550.0,2.0339,100777.76
4501429,10,2026-02-14,2026-03-01,2000115,40000110,1020,29960.0,1.22,36551.5
4502915,10,2026-02-14,2026-02-27,2000105,10000107,1010,27700.0,2.7479,76117.38
4501884,10,2026-02-15,2026-03-05,2000101,10000101,1010,252620.0,1.1757,297007.86
4502775,10,2026-02-15,2026-02-28,2000105,10000106,1010,30070.0,2.2132,66550.62
4500158,10,2026-02-16,2026-03-02,2000116,40000101,1020,38920.0,1.1876,46220.22
4503526,10,2026-02-16,2026-02-26,2000109,10000204,1020,57440.0,0.9844,56546.81
4504575,10,2026-02-16,2026-02-27,2000114,10000210,1020,53470.0,1.8914,101131.02
4501654,10,2026-02-17,2026-03-04,2000119,40000111,1020,85120.0,2.152,183177.39
4502233,10,2026-02-17,2026-03-07,2000103,10000103,1010,27490.0,1.0071,27685.45
4502777,10,2026-02-17,2026-03-06,2000105,10000106,1010,30070.0,2.2273,66973.71
4503265,10,2026-02-18,2026-02-26,2000106,10000202,1020,80.0,12.4758,998.06
4504346,10,2026-02-18,2026-02-25,2000113,10000209,1020,49550.0,2.0291,100539.92
4501655,10,2026-02-19,2026-03-02,2000119,40000111,1020,85120.0,2.2326,190034.66
4502622,10,2026-02-19,2026-02-28,2000103,10000105,1010,56610.0,1.2034,68126.74
4503187,10,2026-02-19,2026-03-04,2000107,10000201,1020,50330.0,2.5298,127327.35
4500332,10,2026-02-20,2026-02-26,2000116,40000102,1020,30380.0,1.3074,39718.51
4501079,10,2026-02-20,2026-03-03,2000115,40000108,1020,54130.0,1.0587,57309.6
4501657,10,2026-02-20,2026-03-11,2000119,40000111,1020,85120.0,2.1734,184995.55
4500559,10,2026-02-21,2026-03-13,2000116,40000104,1020,31030.0,1.9858,61620.62
4502621,10,2026-02-21,2026-03-11,2000103,10000105,1010,56610.0,1.1476,64966.2
4504345,10,2026-02-21,2026-03-07,2000113,10000209,1020,49550.0,1.9735,97785.93
4502434,10,2026-02-22,2026-03-06,2000104,10000104,1010,116050.0,1.4611,169557.17
4500161,10,2026-02-23,2026-03-06,2000116,40000101,1020,38920.0,1.2017,46769.0
4500159,10,2026-02-24,2026-03-03,2000116,40000101,1020,38920.0,1.1344,44149.68
4501428,10,2026-02-24,2026-03-01,2000115,40000110,1020,29960.0,1.2444,37282.22
4501883,10,2026-02-24,2026-03-16,2000101,10000101,1010,252620.0,1.1571,292301.55
4503859,10,2026-02-24,2026-03-15,2000111,10000206,1020,38660.0,0.4742,18333.73
4500763,10,2026-02-25,2026-03-13,2000117,40000106,1020,29180.0,2.9039,84736.09
4503720,10,2026-02-25,2026-03-03,2000110,10000205,1020,28430.0,0.8418,23931.52
4503860,10,2026-02-25,2026-03-10,2000111,10000206,1020,38660.0,0.493,19057.45
4504573,10,2026-02-25,2026-03-11,2000114,10000210,1020,53470.0,1.8795,100495.8
4500560,10,2026-02-26,2026-03-10,2000116,40000104,1020,31030.0,2.0255,62850.95
4500889,10,2026-02-26,2026-03-12,2000118,40000107,1020,25330.0,2.2586,57210.34
4504067,10,2026-02-26,2026-03-17,2000112,10000207,1020,40900.0,1.9477,79659.29
4500762,10,2026-02-27,2026-03-14,2000117,40000106,1020,29180.0,2.8339,82692.62
4501882,10,2026-02-27,2026-03-17,2000101,10000101,1010,252620.0,1.2022,303704.82
4502232,10,2026-02-27,2026-03-16,2000103,10000103,1010,27490.0,1.0363,28487.89
4503719,10,2026-02-27,2026-03-08,2000110,10000205,1020,28430.0,0.8484,24119.44
4504574,10,2026-02-27,2026-03-14,2000113,10000210,1020,53470.0,1.7915,95792.04
4501225,10,2026-03-01,2026-03-19,2000115,40000109,1020,31090.0,1.5461,48067.63
4501660,10,2026-03-01,2026-03-12,2000119,40000111,1020,61830.0,2.1464,132713.15
4502917,10,2026-03-01,2026-03-15,2000105,10000107,1010,31000.0,2.7746,86012.29
4503861,10,2026-03-01,2026-03-12,2000111,10000206,1020,29300.0,0.4839,14177.1
4501658,10,2026-03-02,2026-03-12,2000119,40000111,1020,61830.0,2.1586,133467.47
4502235,10,2026-03-02,2026-03-14,2000103,10000103,1010,30370.0,1.038,31524.36
4504578,10,2026-03-02,2026-03-10,2000114,10000210,1020,73670.0,1.864,137319.41
4500399,10,2026-03-03,2026-03-23,2000116,40000103,1020,21030.0,1.7919,37683.24
4502625,10,2026-03-03,2026-03-19,2000103,10000105,1010,63960.0,1.1655,74544.1
4502916,10,2026-03-03,2026-03-16,2000105,10000107,1010,31000.0,2.8956,89764.22
4503191,10,2026-03-03,2026-03-12,2000107,10000201,1020,66470.0,2.592,172292.9
4504576,10,2026-03-03,2026-03-10,2000113,10000210,1020,73670.0,1.8712,137849.83
4500562,10,2026-03-04,2026-03-17,2000116,40000104,1020,66720.0,2.1322,142262.39
4502781,10,2026-03-04,2026-03-17,2000105,10000106,1010,37950.0,2.2679,86067.94
4502439,10,2026-03-05,2026-03-20,2000104,10000104,1010,123490.0,1.4853,183418.46
4502779,10,2026-03-05,2026-03-13,2000105,10000106,1010,37950.0,2.2321,84707.82
4500563,10,2026-03-06,2026-03-20,2000116,40000104,1020,66720.0,2.0233,134993.24
4501082,10,2026-03-06,2026-03-13,2000115,40000108,1020,42760.0,1.0688,45703.6
4501661,10,2026-03-06,2026-03-20,2000119,40000111,1020,61830.0,2.1889,135340.92
4503722,10,2026-03-06,2026-03-19,2000110,10000205,1020,37140.0,0.8706,32335.2
4504072,10,2026-03-06,2026-03-13,2000112,10000207,1020,41700.0,1.9851,82780.34
4500672,10,2026-03-07,2026-03-17,2000117,40000105,1020,31520.0,2.3741,74830.37
4501888,10,2026-03-07,2026-03-23,2000101,10000101,1010,240970.0,1.2044,290236.32
4501889,10,2026-03-07,2026-03-17,2000101,10000101,1010,240970.0,1.1575,278932.41
4503188,10,2026-03-07,2026-03-23,2000107,10000201,1020,66470.0,2.6004,172847.26
4503532,10,2026-03-07,2026-03-22,2000109,10000204,1020,68860.0,0.9818,67605.37
4500767,10,2026-03-08,2026-03-18,2000117,40000106,1020,35900.0,2.8277,101515.87
4504070,10,2026-03-08,2026-03-21,2000112,10000207,1020,41700.0,1.9634,81871.7
4501887,10,2026-03-09,2026-03-29,2000101,10000101,1010,240970.0,1.184,285315.71
4503530,10,2026-03-09,2026-03-24,2000109,10000204,1020,68860.0,0.9535,65658.01
4503721,10,2026-03-10,2026-03-22,2000110,10000205,1020,37140.0,0.8368,31077.64
4504349,10,2026-03-10,2026-03-16,2000113,10000209,1020,46480.0,1.8801,87387.98
4504577,10,2026-03-11,2026-03-17,2000114,10000210,1020,73670.0,1.9051,140346.51
4501081,10,2026-03-12,2026-03-18,2000115,40000108,1020,42760.0,1.0707,45782.7
4502438,10,2026-03-12,2026-03-18,2000104,10000104,1010,123490.0,1.4529,179422.33
4504350,10,2026-03-12,2026-03-29,2000114,10000209,1020,46480.0,2.0436,94985.6
4500164,10,2026-03-13,2026-03-28,2000116,40000101,1020,32190.0,1.1477,36944.78
4500892,10,2026-03-13,2026-03-19,2000118,40000107,1020,31700.0,2.3514,74540.33
4501431,10,2026-03-13,2026-03-18,2000115,40000110,1020,31620.0,1.2103,38268.74
4501433,10,2026-03-13,2026-03-30,2000115,40000110,1020,31620.0,1.2253,38744.62
4502035,10,2026-03-13,2026-03-21,2000102,10000102,1010,35270.0,2.167,76428.68
4502624,10,2026-03-13,2026-03-28,2000103,10000105,1010,63960.0,1.175,75149.8
4503189,10,2026-03-13,2026-03-30,2000107,10000201,1020,66470.0,2.5978,172677.1
4500333,10,2026-03-14,2026-03-20,2000116,40000102,1020,30500.0,1.3575,41402.53
4501432,10,2026-03-14,2026-03-21,2000115,40000110,1020,31620.0,1.2248,38726.6
4501886,10,2026-03-14,2026-04-02,2000101,10000101,1010,240970.0,1.177,283614.46
4502918,10,2026-03-14,2026-03-21,2000105,10000107,1010,31000.0,2.7699,85867.21
4503862,10,2026-03-14,2026-03-31,2000111,10000206,1020,29300.0,0.4889,14325.65
4504069,10,2026-03-14,2026-03-29,2000112,10000207,1020,41700.0,1.8671,77858.49
4500561,10,2026-03-15,2026-03-28,2000116,40000104,1020,66720.0,2.0097,134086.52
4500564,10,2026-03-15,2026-03-31,2000116,40000104,1020,66720.0,2.0452,136457.08
4502626,10,2026-03-15,2026-03-20,2000103,10000105,1010,63960.0,1.1861,75862.96
4503266,10,2026-03-15,2026-03-25,2000106,10000202,1020,110.0,12.9339,1422.73
4500163,10,2026-03-16,2026-03-26,2000116,40000101,1020,32190.0,1.1994,38609.01
4500765,10,2026-03-16,2026-04-01,2000117,40000106,1020,35900.0,2.865,102852.06
4502237,10,2026-03-16,2026-03-21,2000103,10000103,1010,30370.0,0.9912,30103.05
4503323,10,2026-03-16,2026-03-21,2000108,10000203,1020,5340.0,0.1307,697.72
4504351,10,2026-03-16,2026-04-04,2000113,10000209,1020,46480.0,2.0028,93089.21
4504348,10,2026-03-17,2026-03-28,2000114,10000209,1020,46480.0,2.0779,96582.65
4502236,10,2026-03-18,2026-03-29,2000103,10000103,1010,30370.0,1.0252,31135.32
4502440,10,2026-03-18,2026-03-26,2000104,10000104,1010,123490.0,1.47,181532.77
4503531,10,2026-03-18,2026-03-28,2000109,10000204,1020,68860.0,0.9577,65948.6
4502623,10,2026-03-19,2026-03-30,2000103,10000105,1010,63960.0,1.207,77201.64
4504579,10,2026-03-19,2026-03-31,2000114,10000210,1020,73670.0,1.9292,142125.64
4500398,10,2026-03-20,2026-04-05,2000116,40000103,1020,21030.0,1.8183,38238.43
4502982,10,2026-03-20,2026-03-25,2000106,10000108,1010,1590.0,9.9414,15806.78
4504144,10,2026-03-20,2026-03-26,2000108,10000208,1020,480.0,0.5894,282.9
4501083,10,2026-03-21,2026-04-07,2000115,40000108,1020,42760.0,1.0513,44952.73
4501084,10,2026-03-21,2026-04-07,2000115,40000108,1020,42760.0,1.0764,46026.44
4500165,10,2026-03-22,2026-04-03,2000116,40000101,1020,32190.0,1.1995,38612.87
4502034,10,2026-03-22,2026-04-11,2000101,10000102,1010,35270.0,2.2193,78273.65
4502234,10,2026-03-22,2026-04-07,2000103,10000103,1010,30370.0,1.0286,31238.58
4501659,10,2026-03-23,2026-04-03,2000119,40000111,1020,61830.0,2.1827,134953.87
4502441,10,2026-03-23,2026-04-01,2000104,10000104,1010,123490.0,1.493,184374.27
4503533,10,2026-03-23,2026-03-30,2000109,10000204,1020,68860.0,0.957,65901.09
4500162,10,2026-03-24,2026-03-30,2000116,40000101,1020,32190.0,1.2019,38689.48
4504071,10,2026-03-24,2026-04-12,2000112,10000207,1020,41700.0,1.9497,81302.49
4504654,10,2026-03-24,2026-04-12,2000115,10000109,1010,1700.0,1.9862,3376.57
4500335,10,2026-03-25,2026-04-03,2000116,40000102,1020,30500.0,1.3462,41058.18
4500891,10,2026-03-25,2026-04-01,2000118,40000107,1020,31700.0,2.3485,74446.5
4501224,10,2026-03-25,2026-04-04,2000115,40000109,1020,31090.0,1.5703,48821.56
4503190,10,2026-03-25,2026-04-05,2000107,10000201,1020,66470.0,2.5399,168824.49
4500334,10,2026-03-26,2026-04-07,2000116,40000102,1020,30500.0,1.3306,40584.21
4500766,10,2026-03-26,2026-04-01,2000117,40000106,1020,35900.0,2.8383,101896.76
4503863,10,2026-03-26,2026-04-15,2000111,10000206,1020,29300.0,0.504,14766.32
4501434,10,2026-03-27,2026-04-05,2000115,40000110,1020,31620.0,1.2257,38756.32
4502780,10,2026-03-27,2026-04-07,2000105,10000106,1010,37950.0,2.1978,83406.89
4502629,10,2026-04-01,2026-04-13,2000103,10000105,1010,60660.0,1.2867,78050.01
4504354,10,2026-04-01,2026-04-08,2000114,10000209,1020,31330.0,2.1104,66117.89
4502784,10,2026-04-02,2026-04-14,2000105,10000106,1010,29840.0,2.372,70781.38
4504145,10,2026-04-02,2026-04-17,2000108,10000208,1020,420.0,0.6299,264.57
4504355,10,2026-04-02,2026-04-09,2000113,10000209,1020,31330.0,2.1734,68091.68
4500400,10,2026-04-03,2026-04-17,2000116,40000103,1020,16390.0,1.9516,31986.4
4501227,10,2026-04-03,2026-04-22,2000115,40000109,1020,23240.0,1.7148,39852.42
4502238,10,2026-04-04,2026-04-15,2000103,10000103,1010,25340.0,1.1078,28070.89
4502782,10,2026-04-04,2026-04-18,2000105,10000106,1010,29840.0,2.3777,70952.06
4504074,10,2026-04-04,2026-04-16,2000112,10000207,1020,35370.0,2.0302,71807.11
4500894,10,2026-04-05,2026-04-10,2000118,40000107,1020,30100.0,2.357,70944.8
4501662,10,2026-04-05,2026-04-10,2000119,40000111,1020,48650.0,2.278,110825.19
4504352,10,2026-04-05,2026-04-23,2000113,10000209,1020,31330.0,2.0753,65017.9
4500565,10,2026-04-06,2026-04-14,2000116,40000104,1020,40640.0,2.2082,89742.87
4501435,10,2026-04-06,2026-04-25,2000115,40000110,1020,41070.0,1.3491,55407.54
4501665,10,2026-04-06,2026-04-26,2000119,40000111,1020,48650.0,2.2859,111211.47
4502443,10,2026-04-07,2026-04-23,2000104,10000104,1010,114580.0,1.5145,173533.7
4503195,10,2026-04-07,2026-04-22,2000107,10000201,1020,57420.0,2.7034,155226.36
4504655,10,2026-04-08,2026-04-20,2000115,10000109,1010,3400.0,2.1615,7349.07
4500895,10,2026-04-09,2026-04-25,2000118,40000107,1020,30100.0,2.3284,70085.44
4501086,10,2026-04-09,2026-04-15,2000115,40000108,1020,35200.0,1.1182,39359.58
4502783,10,2026-04-09,2026-04-20,2000105,10000106,1010,29840.0,2.4212,72248.01
4503194,10,2026-04-09,2026-04-17,2000107,10000201,1020,57420.0,2.6494,152127.4
4503534,10,2026-04-10,2026-04-26,2000109,10000204,1020,58200.0,1.0148,59061.36
4503192,10,2026-04-11,2026-04-16,2000107,10000201,1020,57420.0,2.7532,158085.87
4503536,10,2026-04-11,2026-04-27,2000109,10000204,1020,58200.0,1.029,59887.8
4501085,10,2026-04-12,2026-05-01,2000115,40000108,1020,35200.0,1.1519,40546.53
4501891,10,2026-04-12,2026-04-24,2000101,10000101,1010,265350.0,1.2216,324159.52
4503535,10,2026-04-12,2026-04-20,2000109,10000204,1020,58200.0,1.023,59540.35
4504581,10,2026-04-12,2026-04-23,2000114,10000210,1020,60370.0,2.0548,124046.46
4500768,10,2026-04-13,2026-04-22,2000117,40000106,1020,10320.0,2.8374,29282.38
4501438,10,2026-04-13,2026-04-27,2000115,40000110,1020,41070.0,1.2761,52407.78
4502628,10,2026-04-13,2026-04-21,2000103,10000105,1010,60660.0,1.2138,73626.68
4502630,10,2026-04-13,2026-04-20,2000103,10000105,1010,60660.0,1.2288,74537.19
4503723,10,2026-04-13,2026-04-23,2000110,10000205,1020,37870.0,0.8877,33615.68
4503724,10,2026-04-13,2026-04-23,2000110,10000205,1020,37870.0,0.8976,33992.87
4500893,10,2026-04-14,2026-04-26,2000118,40000107,1020,30100.0,2.4715,74391.55
4501226,10,2026-04-14,2026-04-26,2000115,40000109,1020,23240.0,1.711,39763.18
4503864,10,2026-04-14,2026-04-25,2000111,10000206,1020,33910.0,0.5287,17927.54
4500167,10,2026-04-15,2026-04-26,2000116,40000101,1020,35650.0,1.2439,44345.39
4501663,10,2026-04-15,2026-04-20,2000119,40000111,1020,48650.0,2.1845,106274.47
4501892,10,2026-04-15,2026-04-23,2000101,10000101,1010,265350.0,1.2774,338955.44
4501893,10,2026-04-15,2026-04-26,2000101,10000101,1010,265350.0,1.2713,337328.84
4502036,10,2026-04-15,2026-05-03,2000102,10000102,1010,39440.0,2.2842,90089.64
4502442,10,2026-04-15,2026-04-22,2000104,10000104,1010,114580.0,1.456,166822.75
4502445,10,2026-04-16,2026-04-23,2000104,10000104,1010,114580.0,1.483,169927.87
4503193,10,2026-04-16,2026-05-04,2000107,10000201,1020,57420.0,2.6854,154197.39
4502444,10,2026-04-17,2026-04-29,2000104,10000104,1010,114580.0,1.5485,177429.42
4502920,10,2026-04-17,2026-05-06,2000105,10000107,1010,30430.0,2.9808,90704.22
4503324,10,2026-04-17,2026-04-25,2000108,10000203,1020,4110.0,0.1311,538.78
4500568,10,2026-04-18,2026-04-26,2000116,40000104,1020,40640.0,2.0957,85170.87
4504075,10,2026-04-18,2026-05-07,2000112,10000207,1020,35370.0,2.0926,74016.32
4504582,10,2026-04-18,2026-04-26,2000113,10000210,1020,60370.0,1.8898,114085.41
4500166,10,2026-04-19,2026-05-04,2000116,40000101,1020,35650.0,1.2831,45742.52
4501664,10,2026-04-19,2026-05-07,2000119,40000111,1020,48650.0,2.2549,109701.37
4501890,10,2026-04-19,2026-05-08,2000101,10000101,1010,265350.0,1.2611,334640.85
4502037,10,2026-04-19,2026-04-27,2000101,10000102,1010,39440.0,2.3001,90715.16
4503267,10,2026-04-19,2026-04-24,2000106,10000202,1020,90.0,13.457,1211.13
4504073,10,2026-04-19,2026-04-26,2000112,10000207,1020,35370.0,2.0779,73495.32
4504353,10,2026-04-19,2026-05-09,2000114,10000209,1020,31330.0,2.1466,67252.66
4500673,10,2026-04-20,2026-05-08,2000117,40000105,1020,4620.0,2.4258,11207.38
4504583,10,2026-04-20,2026-05-10,2000114,10000210,1020,60370.0,2.002,120860.74
4501437,10,2026-04-21,2026-05-09,2000115,40000110,1020,41070.0,1.258,51667.29
4504076,10,2026-04-21,2026-05-07,2000112,10000207,1020,35370.0,2.0515,72561.55
4500336,10,2026-04-22,2026-04-29,2000116,40000102,1020,28020.0,1.3773,38591.11
4502919,10,2026-04-22,2026-05-06,2000105,10000107,1010,30430.0,2.9096,88539.74
4500338,10,2026-04-23,2026-05-04,2000116,40000102,1020,28020.0,1.3909,38973.86
4501436,10,2026-04-23,2026-05-02,2000115,40000110,1020,41070.0,1.3124,53899.45
4502627,10,2026-04-23,2026-05-04,2000103,10000105,1010,60660.0,1.2335,74826.54
4502983,10,2026-04-23,2026-04-28,2000106,10000108,1010,1200.0,10.2071,12248.54
4503537,10,2026-04-23,2026-05-10,2000109,10000204,1020,58200.0,0.9758,56790.4
4500567,10,2026-04-24,2026-05-11,2000116,40000104,1020,40640.0,2.1175,86056.42
4502239,10,2026-04-24,2026-05-10,2000103,10000103,1010,25340.0,1.0767,27283.32
4503865,10,2026-04-24,2026-04-29,2000111,10000206,1020,33910.0,0.5092,17268.67
4500337,10,2026-04-25,2026-05-15,2000116,40000102,1020,28020.0,1.4127,39584.97
4504580,10,2026-04-25,2026-05-10,2000113,10000210,1020,60370.0,1.9361,116881.75
4500566,10,2026-04-27,2026-05-13,2000116,40000104,1020,40640.0,2.1668,88056.72
4504359,10,2026-05-01,2026-05-07,2000114,10000209,1020,60500.0,2.1373,129309.07
4500342,10,2026-05-02,2026-05-20,2000116,40000102,1020,37980.0,1.4377,54604.23
4500676,10,2026-05-02,2026-05-10,2000117,40000105,1020,34640.0,2.5458,88185.13
4502240,10,2026-05-02,2026-05-15,2000103,10000103,1010,34630.0,1.0656,36900.69
4502446,10,2026-05-02,2026-05-13,2000104,10000104,1010,104190.0,1.494,155658.82
4502632,10,2026-05-02,2026-05-14,2000103,10000105,1010,52160.0,1.227,64000.84
4502038,10,2026-05-03,2026-05-16,2000101,10000102,1010,37190.0,2.3095,85889.56
4503197,10,2026-05-03,2026-05-15,2000107,10000201,1020,56560.0,2.7308,154452.92
4503867,10,2026-05-03,2026-05-11,2000111,10000206,1020,32860.0,0.5314,17461.48
4501087,10,2026-05-05,2026-05-19,2000115,40000108,1020,40070.0,1.178,47202.46
4502447,10,2026-05-05,2026-05-14,2000104,10000104,1010,104190.0,1.5899,165654.81
4500170,10,2026-05-06,2026-05-15,2000116,40000101,1020,36130.0,1.272,45955.91
4500769,10,2026-05-06,2026-05-23,2000117,40000106,1020,30190.0,2.8918,87302.84
4501439,10,2026-05-06,2026-05-15,2000115,40000110,1020,58150.0,1.3518,78607.75
4501668,10,2026-05-06,2026-05-15,2000119,40000111,1020,105200.0,2.2673,238518.91
4501669,10,2026-05-06,2026-05-11,2000119,40000111,1020,105200.0,2.3419,246369.98
4501896,10,2026-05-06,2026-05-20,2000101,10000101,1010,261120.0,1.3404,350002.64
4503538,10,2026-05-06,2026-05-26,2000109,10000204,1020,76650.0,1.0332,79195.55
4500401,10,2026-05-07,2026-05-22,2000116,40000103,1020,4980.0,2.0243,10081.11
4501229,10,2026-05-07,2026-05-17,2000115,40000109,1020,29580.0,1.6403,48520.07
4504656,10,2026-05-07,2026-05-14,2000115,10000109,1010,1900.0,2.1795,4141.13
4501442,10,2026-05-08,2026-05-23,2000115,40000110,1020,58150.0,1.3132,76360.25
4502633,10,2026-05-08,2026-05-26,2000103,10000105,1010,52160.0,1.2599,65718.47
4502921,10,2026-05-08,2026-05-23,2000105,10000107,1010,35350.0,2.874,101594.49
4503866,10,2026-05-08,2026-05-18,2000111,10000206,1020,32860.0,0.5154,16936.04
4500675,10,2026-05-09,2026-05-17,2000117,40000105,1020,34640.0,2.5799,89368.08
4502785,10,2026-05-09,2026-05-16,2000105,10000106,1010,37990.0,2.4332,92435.37
4503325,10,2026-05-09,2026-05-23,2000108,10000203,1020,5110.0,0.1394,712.39
4503540,10,2026-05-09,2026-05-25,2000109,10000204,1020,76650.0,1.0707,82067.62
4503541,10,2026-05-09,2026-05-21,2000109,10000204,1020,76650.0,1.073,82245.45
4503727,10,2026-05-09,2026-05-16,2000110,10000205,1020,37210.0,0.918,34156.92
4504146,10,2026-05-10,2026-05-19,2000108,10000208,1020,580.0,0.6115,354.69
4504079,10,2026-05-11,2026-05-20,2000112,10000207,1020,50350.0,2.0406,102742.7
4502241,10,2026-05-12,2026-05-18,2000103,10000103,1010,34630.0,1.1105,38455.58
4502634,10,2026-05-12,2026-05-22,2000103,10000105,1010,52160.0,1.3215,68927.35
4500341,10,2026-05-13,2026-05-24,2000116,40000102,1020,37980.0,1.4532,55191.78
4500570,10,2026-05-13,2026-05-31,2000116,40000104,1020,31460.0,2.216,69716.62
4500571,10,2026-05-13,2026-06-02,2000116,40000104,1020,31460.0,2.1976,69136.81
4502039,10,2026-05-13,2026-05-22,2000101,10000102,1010,37190.0,2.3252,86475.3
4502631,10,2026-05-13,2026-05-24,2000103,10000105,1010,52160.0,1.2857,67060.55
4504077,10,2026-05-13,2026-05-28,2000112,10000207,1020,50350.0,2.0653,103985.84
4504358,10,2026-05-13,2026-05-21,2000113,10000209,1020,60500.0,2.1282,128756.1
4504587,10,2026-05-13,2026-05-19,2000113,10000210,1020,57610.0,1.8934,109077.05
4501666,10,2026-05-14,2026-05-27,2000119,40000111,1020,105200.0,2.3307,245190.69
4503728,10,2026-05-14,2026-06-01,2000110,10000205,1020,37210.0,0.9266,34477.67
4501667,10,2026-05-15,2026-05-22,2000119,40000111,1020,105200.0,2.3165,243693.7
4500339,10,2026-05-16,2026-05-27,2000116,40000102,1020,37980.0,1.4268,54190.62
4500340,10,2026-05-16,2026-05-27,2000116,40000102,1020,37980.0,1.491,56627.8
4502448,10,2026-05-16,2026-05-28,2000104,10000104,1010,104190.0,1.5803,164649.37
4503196,10,2026-05-16,2026-05-26,2000107,10000201,1020,56560.0,2.7237,154053.04
4503868,10,2026-05-16,2026-05-26,2000111,10000206,1020,32860.0,0.5214,17132.88
4501090,10,2026-05-17,2026-05-27,2000115,40000108,1020,40070.0,1.1377,45588.84
4501441,10,2026-05-17,2026-06-04,2000115,40000110,1020,58150.0,1.3299,77331.94
4502922,10,2026-05-17,2026-06-05,2000105,10000107,1010,35350.0,2.9391,103898.25
4503199,10,2026-05-17,2026-05-22,2000107,10000201,1020,56560.0,2.73,154409.37
4500168,10,2026-05-18,2026-05-24,2000116,40000101,1020,36130.0,1.264,45668.68
4501088,10,2026-05-18,2026-06-03,2000115,40000108,1020,40070.0,1.1697,46868.68
4501895,10,2026-05-18,2026-06-03,2000101,10000101,1010,261120.0,1.3067,341200.28
4503726,10,2026-05-18,2026-06-05,2000110,10000205,1020,37210.0,0.9104,33877.47
4501089,10,2026-05-19,2026-06-04,2000115,40000108,1020,40070.0,1.1577,46389.44
4501894,10,2026-05-19,2026-05-29,2000101,10000101,1010,261120.0,1.3052,340821.66
4503725,10,2026-05-19,2026-06-02,2000110,10000205,1020,37210.0,0.9312,34651.44
4504585,10,2026-05-19,2026-06-04,2000113,10000210,1020,57610.0,1.992,114757.39
4500569,10,2026-05-20,2026-05-28,2000116,40000104,1020,31460.0,2.1393,67302.38
4501228,10,2026-05-20,2026-06-02,2000115,40000109,1020,29580.0,1.6339,48329.87
4502786,10,2026-05-20,2026-06-04,2000105,10000106,1010,37990.0,2.4362,92551.62
4501440,10,2026-05-21,2026-06-01,2000115,40000110,1020,58150.0,1.3516,78593.21
4504356,10,2026-05-21,2026-05-28,2000114,10000209,1020,60500.0,2.2382,135409.89
4500169,10,2026-05-23,2026-05-29,2000116,40000101,1020,36130.0,1.282,46317.21
4500674,10,2026-05-23,2026-05-30,2000117,40000105,1020,34640.0,2.5272,87543.94
4503198,10,2026-05-23,2026-06-01,2000107,10000201,1020,56560.0,2.6384,149229.6
4503268,10,2026-05-23,2026-05-31,2000106,10000202,1020,100.0,14.2082,1420.82
4504357,10,2026-05-23,2026-06-04,2000114,10000209,1020,60500.0,2.132,128984.18
4504586,10,2026-05-23,2026-06-01,2000114,10000210,1020,57610.0,2.0227,116527.75
4501897,10,2026-05-24,2026-06-02,2000101,10000101,1010,261120.0,1.3199,344652.29
4500896,10,2026-05-25,2026-06-11,2000118,40000107,1020,30750.0,2.4324,74796.91
4503539,10,2026-05-25,2026-06-04,2000109,10000204,1020,76650.0,1.0278,78777.04
4504078,10,2026-05-26,2026-06-13,2000112,10000207,1020,50350.0,2.1306,107274.7
4504584,10,2026-05-26,2026-06-01,2000114,10000210,1020,57610.0,2.0736,119458.94
4502449,10,2026-05-27,2026-06-03,2000104,10000104,1010,104190.0,1.5955,166236.19
4502984,10,2026-05-27,2026-06-15,2000106,10000108,1010,1080.0,10.0911,10898.34
4504080,10,2026-05-27,2026-06-03,2000112,10000207,1020,50350.0,2.0931,105387.58
4503545,10,2026-06-01,2026-06-07,2000109,10000204,1020,51470.0,1.0468,53879.31
4501091,10,2026-06-02,2026-06-19,2000115,40000108,1020,42840.0,1.1664,49966.86
4502242,10,2026-06-02,2026-06-19,2000103,10000103,1010,37080.0,1.1452,42462.53
4504363,10,2026-06-02,2026-06-09,2000114,10000209,1020,44820.0,2.1525,96473.71
4500574,10,2026-06-04,2026-06-24,2000116,40000104,1020,35600.0,2.1636,77023.8
4501446,10,2026-06-04,2026-06-16,2000115,40000110,1020,43760.0,1.3243,57952.68
4503730,10,2026-06-04,2026-06-20,2000110,10000205,1020,30380.0,0.9428,28642.87
4502923,10,2026-06-05,2026-06-17,2000105,10000107,1010,22560.0,2.9919,67496.36
4504360,10,2026-06-05,2026-06-19,2000113,10000209,1020,44820.0,2.1526,96478.64
4500575,10,2026-06-06,2026-06-19,2000116,40000104,1020,35600.0,2.1407,76208.92
4500173,10,2026-06-07,2026-06-21,2000116,40000101,1020,30790.0,1.3212,40679.13
4501444,10,2026-06-07,2026-06-25,2000115,40000110,1020,43760.0,1.2909,56488.47
4502636,10,2026-06-07,2026-06-20,2000103,10000105,1010,53880.0,1.2699,68422.75
4502924,10,2026-06-07,2026-06-19,2000105,10000107,1010,22560.0,2.9879,67407.7
4502985,10,2026-06-07,2026-06-22,2000106,10000108,1010,1000.0,10.28,10279.99
4503202,10,2026-06-07,2026-06-23,2000107,10000201,1020,71830.0,2.7752,199343.33
4504657,10,2026-06-07,2026-06-17,2000115,10000109,1010,2400.0,2.2138,5313.12
4501093,10,2026-06-08,2026-06-18,2000115,40000108,1020,42840.0,1.1509,49305.41
4503200,10,2026-06-08,2026-06-21,2000107,10000201,1020,71830.0,2.6788,192417.49
4503870,10,2026-06-08,2026-06-25,2000111,10000206,1020,26800.0,0.5256,14086.62
4500572,10,2026-06-09,2026-06-15,2000116,40000104,1020,35600.0,2.2318,79450.66
4501443,10,2026-06-09,2026-06-24,2000115,40000110,1020,43760.0,1.3308,58236.68
4502788,10,2026-06-09,2026-06-18,2000105,10000106,1010,26020.0,2.3012,59875.92
4500171,10,2026-06-10,2026-06-15,2000116,40000101,1020,30790.0,1.2806,39429.67
4500345,10,2026-06-10,2026-06-20,2000116,40000102,1020,41670.0,1.4186,59112.23
4500770,10,2026-06-10,2026-06-23,2000117,40000106,1020,3430.0,3.0859,10584.74
4501899,10,2026-06-10,2026-06-24,2000101,10000101,1010,248320.0,1.2773,317179.14
4502787,10,2026-06-10,2026-06-18,2000105,10000106,1010,26020.0,2.3888,62157.88
4504083,10,2026-06-10,2026-06-15,2000112,10000207,1020,37800.0,2.0882,78934.34
4503326,10,2026-06-11,2026-06-18,2000108,10000203,1020,4360.0,0.1441,628.23
4500346,10,2026-06-12,2026-06-27,2000116,40000102,1020,41670.0,1.4474,60313.16
4501898,10,2026-06-12,2026-06-29,2000101,10000101,1010,248320.0,1.2741,316389.48
4504361,10,2026-06-12,2026-06-25,2000113,10000209,1020,44820.0,2.1822,97806.65
4501092,10,2026-06-13,2026-06-30,2000115,40000108,1020,42840.0,1.2123,51934.08
4501672,10,2026-06-13,2026-06-23,2000119,40000111,1020,57560.0,2.235,128648.9
4501445,10,2026-06-14,2026-07-04,2000115,40000110,1020,43760.0,1.3387,58579.76
4502450,10,2026-06-14,2026-06-20,2000104,10000104,1010,103770.0,1.5847,164444.32
4503544,10,2026-06-14,2026-06-22,2000109,10000204,1020,51470.0,1.0391,53481.96
4504590,10,2026-06-14,2026-06-20,2000114,10000210,1020,60650.0,2.0298,123104.34
4500402,10,2026-06-15,2026-07-01,2000116,40000103,1020,18810.0,1.9527,36730.29
4500677,10,2026-06-15,2026-06-30,2000117,40000105,1020,18960.0,2.5428,48212.25
4501230,10,2026-06-15,2026-06-28,2000115,40000109,1020,24580.0,1.7221,42328.73
4501673,10,2026-06-15,2026-07-04,2000119,40000111,1020,57560.0,2.331,134172.36
4502451,10,2026-06-15,2026-06-27,2000104,10000104,1010,103770.0,1.574,163330.87
4502453,10,2026-06-15,2026-07-05,2000104,10000104,1010,103770.0,1.5854,164514.88
4503203,10,2026-06-15,2026-06-30,2000107,10000201,1020,71830.0,2.7645,198574.04
4500343,10,2026-06-16,2026-07-03,2000116,40000102,1020,41670.0,1.4694,61229.48
4503542,10,2026-06-16,2026-06-23,2000109,10000204,1020,51470.0,1.0324,53139.69
4504082,10,2026-06-16,2026-07-06,2000112,10000207,1020,37800.0,2.0767,78499.26
4504589,10,2026-06-16,2026-07-02,2000114,10000210,1020,60650.0,2.0886,126676.62
4504591,10,2026-06-16,2026-06-22,2000114,10000210,1020,60650.0,2.1245,128850.32
4500344,10,2026-06-17,2026-06-25,2000116,40000102,1020,41670.0,1.4498,60412.33
4502243,10,2026-06-17,2026-06-25,2000103,10000103,1010,37080.0,1.1187,41481.03
4502041,10,2026-06-18,2026-06-25,2000102,10000102,1010,37000.0,2.3929,88537.3
4502452,10,2026-06-18,2026-07-08,2000104,10000104,1010,103770.0,1.5432,160132.68
4502637,10,2026-06-18,2026-06-27,2000103,10000105,1010,53880.0,1.3085,70500.36
4503269,10,2026-06-18,2026-07-07,2000106,10000202,1020,110.0,14.0725,1547.98
4502638,10,2026-06-19,2026-07-01,2000103,10000105,1010,53880.0,1.29,69503.04
4500897,10,2026-06-20,2026-06-29,2000118,40000107,1020,19770.0,2.3831,47113.69
4503731,10,2026-06-20,2026-06-26,2000110,10000205,1020,30380.0,0.8979,27278.2
4504147,10,2026-06-20,2026-07-09,2000108,10000208,1020,320.0,0.6305,201.76
4502635,10,2026-06-21,2026-07-01,2000103,10000105,1010,53880.0,1.315,70851.12
4501094,10,2026-06-22,2026-06-29,2000115,40000108,1020,42840.0,1.1693,50091.53
4503729,10,2026-06-22,2026-07-12,2000110,10000205,1020,30380.0,0.9444,28691.78
4503869,10,2026-06-22,2026-06-30,2000111,10000206,1020,26800.0,0.5256,14086.62
4500172,10,2026-06-23,2026-07-10,2000116,40000101,1020,30790.0,1.2853,39575.62
4501900,10,2026-06-23,2026-07-13,2000101,10000101,1010,248320.0,1.2565,312011.6
4501231,10,2026-06-24,2026-06-30,2000115,40000109,1020,24580.0,1.6868,41462.77
4503201,10,2026-06-24,2026-07-05,2000107,10000201,1020,71830.0,2.831,203350.73
4500573,10,2026-06-25,2026-07-04,2000116,40000104,1020,35600.0,2.209,78639.33
4501670,10,2026-06-25,2026-07-14,2000119,40000111,1020,57560.0,2.3491,135213.04
4504588,10,2026-06-25,2026-07-06,2000113,10000210,1020,60650.0,1.9924,120837.85
4501671,10,2026-06-26,2026-07-11,2000119,40000111,1020,57560.0,2.3105,132990.65
4502040,10,2026-06-26,2026-07-03,2000102,10000102,1010,37000.0,2.2939,84874.3
4504362,10,2026-06-26,2026-07-01,2000113,10000209,1020,44820.0,2.1916,98229.3
4501901,10,2026-06-27,2026-07-09,2000101,10000101,1010,248320.0,1.2592,312694.48
4503543,10,2026-06-27,2026-07-12,2000109,10000204,1020,51470.0,1.0412,53587.99
4504081,10,2026-06-27,2026-07-16,2000112,10000207,1020,37800.0,2.0766,78497.37
4501097,10,2026-07-01,2026-07-06,2000115,40000108,1020,28420.0,1.147,32596.6
4502925,10,2026-07-01,2026-07-07,2000105,10000107,1010,27230.0,3.0158,82119.14
4504595,10,2026-07-01,2026-07-16,2000113,10000210,1020,73980.0,2.029,150102.46
4504658,10,2026-07-01,2026-07-15,2000115,10000109,1010,3500.0,2.1968,7688.7
4501232,10,2026-07-02,2026-07-15,2000115,40000109,1020,37260.0,1.7046,63513.4
4502455,10,2026-07-02,2026-07-10,2000104,10000104,1010,130390.0,1.5812,206167.45
4503327,10,2026-07-02,2026-07-18,2000108,10000203,1020,5660.0,0.1394,788.72
4504593,10,2026-07-02,2026-07-16,2000113,10000210,1020,73980.0,2.0109,148768.6
4500349,10,2026-07-03,2026-07-22,2000116,40000102,1020,30930.0,1.4346,44370.94
4500576,10,2026-07-03,2026-07-13,2000116,40000104,1020,39460.0,2.1762,85871.67
4500771,10,2026-07-03,2026-07-10,2000117,40000106,1020,24410.0,2.9684,72457.67
4500898,10,2026-07-04,2026-07-14,2000118,40000107,1020,38180.0,2.4811,94727.25
4502042,10,2026-07-04,2026-07-09,2000102,10000102,1010,38270.0,2.3783,91017.92
4503549,10,2026-07-04,2026-07-15,2000109,10000204,1020,69130.0,1.0252,70874.84
4501096,10,2026-07-05,2026-07-19,2000115,40000108,1020,28420.0,1.1528,32762.58
4503546,10,2026-07-05,2026-07-18,2000109,10000204,1020,69130.0,1.0901,75356.54
4500579,10,2026-07-06,2026-07-16,2000116,40000104,1020,39460.0,2.2657,89403.73
4502791,10,2026-07-06,2026-07-13,2000105,10000106,1010,32390.0,2.466,79872.12
4500348,10,2026-07-07,2026-07-20,2000116,40000102,1020,30930.0,1.4627,45240.38
4504364,10,2026-07-07,2026-07-16,2000113,10000209,1020,66340.0,2.2096,146587.52
4501449,10,2026-07-08,2026-07-20,2000115,40000110,1020,32480.0,1.3238,42996.37
4500678,10,2026-07-09,2026-07-21,2000117,40000105,1020,29010.0,2.5078,72752.73
4501447,10,2026-07-09,2026-07-17,2000115,40000110,1020,32480.0,1.2822,41646.18
4502926,10,2026-07-09,2026-07-19,2000105,10000107,1010,27230.0,2.9389,80025.43
4503871,10,2026-07-09,2026-07-26,2000111,10000206,1020,31950.0,0.5189,16579.49
4501233,10,2026-07-10,2026-07-23,2000115,40000109,1020,37260.0,1.6962,63202.28
4501674,10,2026-07-11,2026-07-26,2000119,40000111,1020,60540.0,2.283,138209.79
4502245,10,2026-07-11,2026-07-16,2000103,10000103,1010,27140.0,1.0813,29345.4
4502639,10,2026-07-11,2026-07-29,2000103,10000105,1010,66880.0,1.2472,83415.41
4501676,10,2026-07-12,2026-07-24,2000119,40000111,1020,60540.0,2.2745,137700.65
4502244,10,2026-07-12,2026-07-24,2000103,10000103,1010,27140.0,1.1207,30416.34
4502790,10,2026-07-12,2026-07-19,2000105,10000106,1010,32390.0,2.4311,78743.98
4503204,10,2026-07-12,2026-07-20,2000107,10000201,1020,73280.0,2.7841,204015.92
4503270,10,2026-07-12,2026-07-19,2000106,10000202,1020,130.0,14.1081,1834.05
4503872,10,2026-07-12,2026-07-17,2000111,10000206,1020,31950.0,0.5333,17037.98
4504365,10,2026-07-12,2026-07-26,2000113,10000209,1020,66340.0,2.1307,141349.97
4502640,10,2026-07-13,2026-07-26,2000103,10000105,1010,66880.0,1.2443,83220.79
4503732,10,2026-07-13,2026-07-30,2000110,10000205,1020,36540.0,0.944,34494.49
4504084,10,2026-07-13,2026-07-28,2000112,10000207,1020,31520.0,2.0854,65731.18
4504592,10,2026-07-13,2026-07-31,2000114,10000210,1020,73980.0,2.0527,151858.01
4501677,10,2026-07-14,2026-07-20,2000119,40000111,1020,60540.0,2.3061,139608.27
4504085,10,2026-07-14,2026-08-02,2000112,10000207,1020,31520.0,2.0276,63911.53
4504087,10,2026-07-14,2026-08-03,2000112,10000207,1020,31520.0,2.0925,65956.86
4504086,10,2026-07-15,2026-07-27,2000112,10000207,1020,31520.0,2.1373,67368.96
4500175,10,2026-07-16,2026-07-28,2000116,40000101,1020,31470.0,1.2523,39409.57
4501902,10,2026-07-16,2026-07-31,2000101,10000101,1010,260350.0,1.24,322823.59
4501905,10,2026-07-17,2026-07-24,2000101,10000101,1010,260350.0,1.2312,320542.92
4500174,10,2026-07-18,2026-08-02,2000116,40000101,1020,31470.0,1.3197,41531.59
4501095,10,2026-07-18,2026-07-24,2000115,40000108,1020,28420.0,1.1782,33485.01
4502456,10,2026-07-18,2026-07-28,2000104,10000104,1010,130390.0,1.5486,201924.56
4503547,10,2026-07-18,2026-07-24,2000109,10000204,1020,69130.0,1.051,72653.56
4503548,10,2026-07-18,2026-08-07,2000109,10000204,1020,69130.0,1.0853,75026.79
4500347,10,2026-07-19,2026-07-25,2000116,40000102,1020,30930.0,1.4335,44338.77
4502641,10,2026-07-19,2026-08-06,2000103,10000105,1010,66880.0,1.2342,82540.62
4503205,10,2026-07-19,2026-08-04,2000107,10000201,1020,73280.0,2.857,209363.16
4501448,10,2026-07-20,2026-08-08,2000115,40000110,1020,32480.0,1.3584,44119.21
4501675,10,2026-07-20,2026-07-25,2000119,40000111,1020,60540.0,2.3701,143485.25
4501903,10,2026-07-20,2026-08-08,2000101,10000101,1010,260350.0,1.2519,325926.96
4502457,10,2026-07-20,2026-07-31,2000104,10000104,1010,130390.0,1.567,204323.74
4504148,10,2026-07-20,2026-07-25,2000108,10000208,1020,370.0,0.6419,237.49
4502454,10,2026-07-21,2026-07-30,2000104,10000104,1010,130390.0,1.5497,202067.99
4502986,10,2026-07-21,2026-07-30,2000106,10000108,1010,1390.0,10.0466,13964.7
4500176,10,2026-07-22,2026-08-04,2000116,40000101,1020,31470.0,1.2205,38409.76
4500177,10,2026-07-22,2026-08-11,2000116,40000101,1020,31470.0,1.2325,38787.09
4500350,10,2026-07-22,2026-07-30,2000116,40000102,1020,30930.0,1.4516,44898.3
4500403,10,2026-07-22,2026-07-27,2000116,40000103,1020,17190.0,1.9694,33854.16
4502642,10,2026-07-23,2026-08-01,2000103,10000105,1010,66880.0,1.2608,84324.31
4503207,10,2026-07-23,2026-08-03,2000107,10000201,1020,73280.0,2.6953,197514.52
4503734,10,2026-07-23,2026-07-30,2000110,10000205,1020,36540.0,0.9446,34516.78
4500679,10,2026-07-24,2026-08-12,2000117,40000105,1020,29010.0,2.4783,71896.35
4504366,10,2026-07-24,2026-08-13,2000114,10000209,1020,66340.0,2.2213,147362.37
4504594,10,2026-07-24,2026-08-08,2000113,10000210,1020,73980.0,1.9622,145162.82
4502789,10,2026-07-25,2026-08-11,2000105,10000106,1010,32390.0,2.4253,78555.47
4500577,10,2026-07-26,2026-08-13,2000116,40000104,1020,39460.0,2.1763,85876.4
4503206,10,2026-07-26,2026-08-08,2000107,10000201,1020,73280.0,2.8309,207448.35
4504367,10,2026-07-26,2026-07-31,2000114,10000209,1020,66340.0,2.1733,144174.73
4500578,10,2026-07-27,2026-08-01,2000116,40000104,1020,39460.0,2.171,85668.45
4501904,10,2026-07-27,2026-08-06,2000101,10000101,1010,260350.0,1.2999,338426.36
4502043,10,2026-07-27,2026-08-12,2000101,10000102,1010,38270.0,2.3564,90179.43
4502792,10,2026-07-27,2026-08-09,2000105,10000106,1010,32390.0,2.341,75824.02
4503733,10,2026-07-27,2026-08-03,2000110,10000205,1020,36540.0,0.9138,33388.79
4500772,10,2026-08-01,2026-08-08,2000117,40000106,1020,35490.0,3.0389,107850.92
4500351,10,2026-08-02,2026-08-13,2000116,40000102,1020,34920.0,1.5013,52426.09
4500352,10,2026-08-02,2026-08-07,2000116,40000102,1020,34920.0,1.4456,50480.35
4501100,10,2026-08-02,2026-08-13,2000115,40000108,1020,36210.0,1.1453,41470.95
4502458,10,2026-08-02,2026-08-13,2000104,10000104,1010,108120.0,1.5986,172844.96
4502643,10,2026-08-03,2026-08-15,2000103,10000105,1010,51280.0,1.288,66048.13
4502796,10,2026-08-03,2026-08-18,2000105,10000106,1010,31290.0,2.5099,78535.71
4503875,10,2026-08-03,2026-08-10,2000111,10000206,1020,33100.0,0.5216,17263.3
4502793,10,2026-08-04,2026-08-09,2000105,10000106,1010,31290.0,2.5015,78272.56
4503553,10,2026-08-04,2026-08-09,2000109,10000204,1020,53150.0,1.0422,55395.59
4504090,10,2026-08-04,2026-08-21,2000112,10000207,1020,48830.0,2.075,101321.27
4504370,10,2026-08-04,2026-08-17,2000114,10000209,1020,45460.0,2.2388,101775.39
4502459,10,2026-08-05,2026-08-19,2000104,10000104,1010,108120.0,1.5705,169804.62
4501099,10,2026-08-06,2026-08-26,2000115,40000108,1020,36210.0,1.214,43957.13
4502795,10,2026-08-06,2026-08-21,2000105,10000106,1010,31290.0,2.4394,76329.45
4501907,10,2026-08-07,2026-08-22,2000101,10000101,1010,262450.0,1.2703,333382.36
4504369,10,2026-08-07,2026-08-14,2000114,10000209,1020,45460.0,2.2394,101804.03
4500178,10,2026-08-08,2026-08-27,2000116,40000101,1020,56550.0,1.2446,70382.13
4501681,10,2026-08-08,2026-08-21,2000119,40000111,1020,54490.0,2.2964,125131.38
4504598,10,2026-08-08,2026-08-15,2000113,10000210,1020,68290.0,2.0133,137487.57
4500179,10,2026-08-09,2026-08-17,2000116,40000101,1020,56550.0,1.279,72328.02
4501234,10,2026-08-09,2026-08-17,2000115,40000109,1020,39670.0,1.7178,68143.14
4502044,10,2026-08-09,2026-08-14,2000102,10000102,1010,36830.0,2.3948,88200.85
4504368,10,2026-08-09,2026-08-24,2000114,10000209,1020,45460.0,2.2148,100687.08
4504596,10,2026-08-09,2026-08-23,2000113,10000210,1020,68290.0,1.8964,129504.47
4502460,10,2026-08-10,2026-08-15,2000104,10000104,1010,108120.0,1.6224,175413.89
4502987,10,2026-08-10,2026-08-18,2000106,10000108,1010,1260.0,10.4798,13204.51
4502927,10,2026-08-12,2026-08-21,2000105,10000107,1010,32810.0,2.958,97051.32
4503874,10,2026-08-12,2026-08-24,2000111,10000206,1020,33100.0,0.5242,17351.35
4500774,10,2026-08-13,2026-08-26,2000117,40000106,1020,35490.0,3.0632,108711.19
4501101,10,2026-08-13,2026-08-21,2000115,40000108,1020,36210.0,1.144,41422.79
4502247,10,2026-08-13,2026-08-24,2000103,10000103,1010,27550.0,1.1348,31264.57
4503271,10,2026-08-13,2026-08-28,2000106,10000202,1020,120.0,14.4188,1730.25
4503328,10,2026-08-13,2026-08-26,2000108,10000203,1020,4770.0,0.1412,673.57
4501450,10,2026-08-14,2026-08-20,2000115,40000110,1020,83650.0,1.3323,111450.24
4502645,10,2026-08-14,2026-08-19,2000103,10000105,1010,51280.0,1.3235,67869.59
4500181,10,2026-08-15,2026-08-23,2000116,40000101,1020,56550.0,1.2299,69550.28
4501098,10,2026-08-15,2026-08-31,2000115,40000108,1020,36210.0,1.1753,42556.89
4503211,10,2026-08-15,2026-08-26,2000107,10000201,1020,70330.0,2.7972,196727.08
4503552,10,2026-08-16,2026-08-21,2000109,10000204,1020,53150.0,1.0455,55566.73
4503736,10,2026-08-16,2026-08-26,2000110,10000205,1020,36640.0,0.9288,34032.33
4504371,10,2026-08-16,2026-08-26,2000114,10000209,1020,45460.0,2.2776,103540.15
4500580,10,2026-08-17,2026-09-04,2000116,40000104,1020,29670.0,2.2665,67245.87
4500773,10,2026-08-18,2026-09-03,2000117,40000106,1020,35490.0,3.0966,109899.4
4501452,10,2026-08-18,2026-09-06,2000115,40000110,1020,83650.0,1.3527,113153.36
4501679,10,2026-08-18,2026-09-06,2000119,40000111,1020,54490.0,2.3852,129967.37
4501908,10,2026-08-18,2026-08-24,2000101,10000101,1010,262450.0,1.265,331994.0
4504149,10,2026-08-18,2026-08-27,2000108,10000208,1020,600.0,0.6533,391.97
4503873,10,2026-08-19,2026-08-25,2000111,10000206,1020,33100.0,0.5393,17851.82
4500581,10,2026-08-20,2026-09-01,2000116,40000104,1020,29670.0,2.2008,65296.85
4501678,10,2026-08-20,2026-08-25,2000119,40000111,1020,54490.0,2.3166,126229.35
4502461,10,2026-08-20,2026-08-28,2000104,10000104,1010,108120.0,1.5451,167052.97
4502644,10,2026-08-20,2026-08-25,2000103,10000105,1010,51280.0,1.2889,66093.77
4504088,10,2026-08-20,2026-09-07,2000112,10000207,1020,48830.0,2.074,101270.98
4504599,10,2026-08-20,2026-09-04,2000113,10000210,1020,68290.0,1.9389,132404.75
4502045,10,2026-08-21,2026-09-01,2000101,10000102,1010,36830.0,2.3379,86106.7
4503735,10,2026-08-21,2026-09-07,2000110,10000205,1020,36640.0,0.9688,35496.47
4501451,10,2026-08-22,2026-08-27,2000115,40000110,1020,83650.0,1.3233,110694.04
4501453,10,2026-08-22,2026-08-27,2000115,40000110,1020,83650.0,1.3445,112469.93
4502646,10,2026-08-22,2026-09-05,2000103,10000105,1010,51280.0,1.2908,66191.71
4504089,10,2026-08-22,2026-09-01,2000112,10000207,1020,48830.0,2.1178,103414.13
4504091,10,2026-08-22,2026-08-31,2000112,10000207,1020,48830.0,2.0798,101559.08
4502246,10,2026-08-23,2026-09-10,2000103,10000103,1010,27550.0,1.1048,30437.24
4503550,10,2026-08-23,2026-09-03,2000109,10000204,1020,53150.0,1.0331,54907.67
4501909,10,2026-08-24,2026-09-07,2000101,10000101,1010,262450.0,1.2856,337410.97
4503208,10,2026-08-24,2026-09-05,2000107,10000201,1020,70330.0,2.7857,195917.58
4504659,10,2026-08-24,2026-09-12,2000115,10000109,1010,2000.0,2.1178,4235.64
4500900,10,2026-08-25,2026-09-14,2000118,40000107,1020,36290.0,2.5104,91100.96
4502794,10,2026-08-25,2026-09-09,2000105,10000106,1010,31290.0,2.478,77537.87
4503551,10,2026-08-25,2026-08-31,2000109,10000204,1020,53150.0,1.0969,58298.64
4500180,10,2026-08-26,2026-09-13,2000116,40000101,1020,56550.0,1.2505,70718.04
4500582,10,2026-08-26,2026-09-13,2000116,40000104,1020,29670.0,2.2464,66650.39
4500775,10,2026-08-26,2026-09-08,2000117,40000106,1020,35490.0,3.1135,110496.7
4501906,10,2026-08-26,2026-09-05,2000101,10000101,1010,262450.0,1.3131,344620.47
4503210,10,2026-08-26,2026-08-31,2000107,10000201,1020,70330.0,2.8174,198149.15
4504597,10,2026-08-26,2026-09-08,2000114,10000210,1020,68290.0,2.0182,137822.2
4500899,10,2026-08-27,2026-09-04,2000118,40000107,1020,36290.0,2.5317,91876.84
4501680,10,2026-08-27,2026-09-10,2000119,40000111,1020,54490.0,2.3356,127265.75
4502928,10,2026-08-27,2026-09-15,2000105,10000107,1010,32810.0,3.0554,100248.33
4503209,10,2026-08-27,2026-09-06,2000107,10000201,1020,70330.0,2.8319,199168.93
4501682,10,2026-09-01,2026-09-19,2000119,40000111,1020,46130.0,2.3505,108428.1
4502046,10,2026-09-01,2026-09-10,2000102,10000102,1010,39440.0,2.3845,94045.47
4504373,10,2026-09-01,2026-09-14,2000113,10000209,1020,40540.0,2.2151,89798.94
4500682,10,2026-09-02,2026-09-17,2000117,40000105,1020,34870.0,2.5815,90015.86
4501454,10,2026-09-02,2026-09-12,2000115,40000110,1020,44950.0,1.3083,58809.43
4502798,10,2026-09-02,2026-09-16,2000105,10000106,1010,38140.0,2.4954,95175.7
4503329,10,2026-09-03,2026-09-22,2000108,10000203,1020,4790.0,0.1417,678.84
4504375,10,2026-09-03,2026-09-19,2000114,10000209,1020,40540.0,2.1834,88517.06
4501911,10,2026-09-04,2026-09-19,2000101,10000101,1010,286020.0,1.2606,360565.39
4504093,10,2026-09-04,2026-09-15,2000112,10000207,1020,35060.0,2.0398,71516.44
4500182,10,2026-09-05,2026-09-16,2000116,40000101,1020,29220.0,1.2419,36288.03
4500353,10,2026-09-05,2026-09-16,2000116,40000102,1020,32070.0,1.4683,47088.06
4500355,10,2026-09-05,2026-09-24,2000116,40000102,1020,32070.0,1.4487,46460.13
4502649,10,2026-09-05,2026-09-12,2000103,10000105,1010,39550.0,1.2971,51301.49
4502931,10,2026-09-05,2026-09-23,2000105,10000107,1010,34440.0,3.0021,103393.01
4500777,10,2026-09-06,2026-09-11,2000117,40000106,1020,37100.0,3.0996,114996.27
4500901,10,2026-09-06,2026-09-20,2000118,40000107,1020,34770.0,2.4932,86687.52
4501104,10,2026-09-06,2026-09-20,2000115,40000108,1020,54640.0,1.2171,66504.53
4501105,10,2026-09-06,2026-09-18,2000115,40000108,1020,54640.0,1.2231,66830.73
4501236,10,2026-09-06,2026-09-19,2000115,40000109,1020,25080.0,1.6591,41609.98
4502647,10,2026-09-06,2026-09-14,2000103,10000105,1010,39550.0,1.2719,50304.83
4503739,10,2026-09-06,2026-09-24,2000110,10000205,1020,35260.0,0.9276,32707.18
4500904,10,2026-09-07,2026-09-14,2000118,40000107,1020,34770.0,2.5201,87623.88
4502648,10,2026-09-07,2026-09-20,2000103,10000105,1010,39550.0,1.2843,50794.06
4502929,10,2026-09-07,2026-09-14,2000105,10000107,1010,34440.0,3.0638,105516.58
4504374,10,2026-09-07,2026-09-16,2000114,10000209,1020,40540.0,2.284,92592.95
4500356,10,2026-09-08,2026-09-18,2000116,40000102,1020,32070.0,1.4401,46182.72
4500585,10,2026-09-08,2026-09-28,2000116,40000104,1020,29010.0,2.2418,65035.49
4501910,10,2026-09-08,2026-09-26,2000101,10000101,1010,286020.0,1.2949,370358.72
4500584,10,2026-09-09,2026-09-23,2000116,40000104,1020,29010.0,2.2255,64561.17
4502047,10,2026-09-09,2026-09-27,2000101,10000102,1010,39440.0,2.3372,92179.56
4503212,10,2026-09-09,2026-09-27,2000107,10000201,1020,77900.0,2.8324,220643.96
4501457,10,2026-09-10,2026-09-19,2000115,40000110,1020,44950.0,1.3529,60812.86
4501684,10,2026-09-10,2026-09-15,2000119,40000111,1020,46130.0,2.336,107757.37
4502797,10,2026-09-10,2026-09-25,2000105,10000106,1010,38140.0,2.4714,94260.34
4501456,10,2026-09-11,2026-10-01,2000115,40000110,1020,44950.0,1.3699,61576.56
4502248,10,2026-09-12,2026-09-25,2000103,10000103,1010,38500.0,1.1014,42402.74
4502464,10,2026-09-12,2026-10-02,2000104,10000104,1010,77240.0,1.6469,127207.33
4502462,10,2026-09-13,2026-09-22,2000104,10000104,1010,77240.0,1.5454,119369.01
4504600,10,2026-09-13,2026-09-25,2000114,10000210,1020,78900.0,2.0679,163156.52
4501455,10,2026-09-14,2026-09-23,2000115,40000110,1020,44950.0,1.3051,58663.8
4502930,10,2026-09-14,2026-09-23,2000105,10000107,1010,34440.0,2.9358,101107.92
4503272,10,2026-09-14,2026-10-02,2000106,10000202,1020,120.0,13.3688,1604.25
4504150,10,2026-09-14,2026-10-01,2000108,10000208,1020,220.0,0.6441,141.71
4500680,10,2026-09-15,2026-09-20,2000117,40000105,1020,34870.0,2.497,87071.78
4501913,10,2026-09-15,2026-09-28,2000101,10000101,1010,286020.0,1.2839,367209.64
4500183,10,2026-09-16,2026-10-04,2000116,40000101,1020,29220.0,1.2412,36268.45
4501103,10,2026-09-16,2026-10-04,2000115,40000108,1020,54640.0,1.1737,64129.33
4501235,10,2026-09-16,2026-10-05,2000115,40000109,1020,25080.0,1.6772,42063.93
4500681,10,2026-09-17,2026-09-24,2000117,40000105,1020,34870.0,2.6428,92154.44
4502465,10,2026-09-17,2026-10-03,2000104,10000104,1010,77240.0,1.5864,122533.54
4503213,10,2026-09-17,2026-09-27,2000107,10000201,1020,77900.0,2.7681,215637.33
4503876,10,2026-09-17,2026-10-06,2000111,10000206,1020,39900.0,0.5186,20691.34
4500583,10,2026-09-18,2026-10-04,2000116,40000104,1020,29010.0,2.2459,65154.43
4504092,10,2026-09-18,2026-09-30,2000112,10000207,1020,35060.0,2.0717,72633.45
4501683,10,2026-09-19,2026-09-26,2000119,40000111,1020,46130.0,2.3962,110534.86
4501685,10,2026-09-19,2026-10-02,2000119,40000111,1020,46130.0,2.3338,107658.66
4502463,10,2026-09-19,2026-09-24,2000104,10000104,1010,77240.0,1.6542,127771.18
4503215,10,2026-09-19,2026-09-28,2000107,10000201,1020,77900.0,2.787,217105.74
4504660,10,2026-09-19,2026-09-29,2000115,10000109,1010,3100.0,2.2455,6961.05
4500903,10,2026-09-20,2026-09-25,2000118,40000107,1020,34770.0,2.4575,85447.28
4504603,10,2026-09-20,2026-10-02,2000113,10000210,1020,78900.0,2.0128,158805.98
4502799,10,2026-09-21,2026-09-29,2000105,10000106,1010,38140.0,2.4373,92959.0
4502988,10,2026-09-21,2026-10-02,2000106,10000108,1010,1260.0,10.462,13182.09
4503214,10,2026-09-21,2026-10-10,2000107,10000201,1020,77900.0,2.7922,217515.5
4503557,10,2026-09-21,2026-10-07,2000109,10000204,1020,60630.0,1.0247,62128.77
4503737,10,2026-09-21,2026-10-10,2000110,10000205,1020,35260.0,0.9159,32293.93
4500776,10,2026-09-22,2026-10-06,2000117,40000106,1020,37100.0,2.9653,110013.74
4501102,10,2026-09-22,2026-10-03,2000115,40000108,1020,54640.0,1.1569,63214.11
4503555,10,2026-09-22,2026-10-05,2000109,10000204,1020,60630.0,1.0598,64258.71
4504372,10,2026-09-23,2026-10-04,2000114,10000209,1020,40540.0,2.321,94094.56
4502249,10,2026-09-24,2026-10-01,2000103,10000103,1010,38500.0,1.1333,43633.2
4503738,10,2026-09-24,2026-10-10,2000110,10000205,1020,35260.0,0.9384,33089.75
4504601,10,2026-09-24,2026-10-14,2000113,10000210,1020,78900.0,2.0372,160739.02
4501912,10,2026-09-25,2026-10-11,2000101,10000101,1010,286020.0,1.272,363817.44
4504602,10,2026-09-25,2026-10-03,2000114,10000210,1020,78900.0,2.0518,161885.44
4500902,10,2026-09-26,2026-10-12,2000118,40000107,1020,34770.0,2.3758,82605.52
4500354,10,2026-09-27,2026-10-15,2000116,40000102,1020,32070.0,1.4516,46552.49
4502650,10,2026-09-27,2026-10-17,2000103,10000105,1010,39550.0,1.2883,50951.87
4503554,10,2026-09-27,2026-10-03,2000109,10000204,1020,60630.0,1.0573,64104.1
4503556,10,2026-09-27,2026-10-15,2000109,10000204,1020,60630.0,1.0393,63012.76
